ProteinId,Length,FullLength,TaxonID_org
A0M7I1,16,566,390182
A0M7J2,16,566,390187
A0M7K3,16,566,390230
A0M7L4,16,566,390232
A0M7M5,17,565,394783
A0M7N6,17,565,400338
A0M7P7,16,566,400293
A0M7Q8,17,566,400295
A0M7R9,17,566,400300
A0M7T0,17,566,400305
A0M7U1,16,566,400307
A0M7V2,16,566,400322
A0M7W3,16,568,400253
A0M7X4,16,567,400275
A0M7Y5,17,566,406847
A0M7Z6,17,566,406850
A0M807,17,566,406851
A0M818,17,566,406854
A0M829,17,566,406855
A0M840,17,566,406856
A0M851,17,566,406857
A0M862,17,566,406859
A0M873,16,566,411159
A0M884,16,566,411162
A0M895,17,566,370137
A0M8A6,16,566,383021
A0M8B7,16,566,383022
A0M8C8,16,566,383042
A0M8D9,16,566,383045
A0M8F0,17,565,383275
A0M8G1,16,566,390161
A0M8H2,16,566,390165
A0M8I3,16,566,390167
A0M8J4,16,566,390169
A0M8K5,16,566,390179
A0RSC5,16,566,370227
A0RSD6,17,566,378142
A0RSE7,17,565,394778
A0RSF8,17,566,400296
A0RSG9,16,566,400321
A0RSI0,16,566,400323
A0RSJ1,16,566,400278
A0RSK2,16,566,433427
A0RSL3,17,566,406848
A0RSM4,17,566,406849
A0RSN5,17,566,406853
A0RSP6,16,566,411160
A0RSQ7,16,566,411161
A0RSR8,16,566,411163
A0RSS9,16,566,411165
A0RSU0,16,566,411166
A0RSV1,16,566,411167
A0RSW2,16,566,411168
A0RSX3,16,566,411170
A0RSY4,16,566,411171
A0RSZ5,16,566,411173
A0RT06,16,566,411175
A0RT17,16,566,411176
A0RT28,16,566,411178
A0RT39,16,566,411179
A0RT50,16,566,411180
A0RT61,16,566,411187
A0RT72,16,566,411190
A0RT83,16,566,411193
A0RT94,16,566,411201
A0RTA5,16,566,411202
A0RTB6,16,566,411203
A0RTC7,16,566,411209
A0RTD8,16,566,411211
A0RTE9,16,566,411172
A0RTG4,16,568,414668
A0RTH5,16,568,414669
A0RTI6,16,568,414670
A1BK43,16,568,401567
A1BK51,16,568,401565
A1BK62,16,568,415313
A1BK73,16,568,415314
A1BK84,16,568,415315
A1BK98,16,568,415316
A1BKA5,15,562,370132
A1BKB6,16,564,370150
A1BKC7,16,566,370151
A1BKD8,17,566,370194
A1BKE9,17,566,385692
A1BKG0,17,564,370226
A1BKH1,16,564,370231
A1BKI2,17,566,370235
A1BKJ3,16,566,370237
A1BKK4,16,565,378159
A1BKL5,16,566,383315
A1BKM6,16,561,383317
A1BKN7,16,566,383321
A1BKP8,16,566,390203
A1BKQ9,16,566,400289
A1BKS0,17,566,400298
A1BKT1,16,566,400299
A1BKU2,17,566,400301
A1BKV3,16,566,401086
A1BKW4,16,565,401091
A1BKX5,17,564,401096
A1BKY6,16,566,401097
A1BKZ7,17,566,406852
A1BL08,17,566,406861
A1BL19,16,566,411164
A1BL30,16,566,411174
A1BL41,16,566,411177
A1BL52,16,566,411181
A1BL63,16,566,411182
A1BL74,16,566,411183
A1BL85,16,566,411191
A1BL96,16,566,411192
A1BLA7,16,566,411194
A1BLB8,16,566,411196
A1BLC9,16,566,411197
A1BLE0,16,566,411200
A1BLF1,16,566,411205
A1BLG2,16,566,411206
A1BLH3,16,566,370145
A1BLI4,16,566,370198
A1BLJ5,16,565,378157
A2CGC5,16,566,370154
A2CGD6,17,565,363113
A2CGE7,16,566,401101
A2CGF8,17,566,406858
A2CGG9,17,566,416712
A2CGI0,17,566,416716
A2CGJ1,16,566,416749
A2CGM4,16,566,416750
A2CGR8,16,566,416751
A2CGV1,16,566,416753
A2CGW2,16,566,416754
A2CGX3,17,565,416740
A3DRG3,17,566,368716
A3DRH4,16,566,411212
A3DRI5,17,566,416713
A3DRJ6,17,566,416717
A3DRK7,17,566,416720
A3DRL8,17,566,416721
A3DRM9,17,566,416728
A3DRP0,17,566,416730
A3DRQ1,17,566,416731
A3DRR2,16,566,416747
A3DRT4,16,566,416752
A3DRU5,16,566,416753
A3DRV6,16,566,416754
A3DRW7,16,566,416754
A3DRX8,16,566,416755
A3DRY9,17,566,416732
A3DS00,17,565,416739
A3DS11,17,565,416724
A3DS22,16,566,421972
A3DS33,16,566,421973
A3DS44,16,566,421974
A3DS55,16,566,421975
A3DS66,17,565,421951
A3DS77,16,566,421971
A3DS99,17,566,421955
A3DSB0,17,565,425553
A3DSC1,17,566,425554
A3DSD2,17,566,425571
A3EX94,20,1352,694007
A3EX95,19,91,694007
A3EXD0,21,1352,694008
A3EXD1,39,121,694008
A3EXG6,14,1274,694006
A3EXH1,16,185,694006
A3RM22,19,524,445790
A4D643,16,565,415988
A4D654,15,562,370139
A4D665,17,566,370142
A4D676,16,566,370203
A4D687,18,560,378155
A4D698,16,566,383319
A4D6A9,16,567,383320
A4D6C0,16,566,390221
A4D6D1,17,566,400302
A4D6E2,16,566,400303
A4D6F3,16,566,400282
A4D6G4,16,566,411169
A4D6H5,16,566,411184
A4D6I6,16,566,411185
A4D6J7,16,566,411186
A4D6K8,16,566,411188
A4D6L9,16,566,411189
A4D6N0,16,566,411195
A4D6P1,16,566,411208
A4D6Q2,16,566,411210
A4D6R3,17,566,416705
A4D6S4,17,566,416707
A4D6T5,17,566,415987
A4D6U6,17,566,416708
A4D6V7,17,566,415986
A4D6W8,17,566,415989
A4D6X9,17,566,416714
A4D6Z0,17,566,416715
A4D701,17,566,416718
A4D712,17,566,416725
A4D723,17,566,416726
A4D734,17,566,416727
A4D745,17,566,416729
A4D7A0,16,566,416748
A4D7H0,16,568,421469
A4D7L4,16,568,421474
A4D7M3,16,568,421475
A4D7N4,16,568,421476
A4D7P5,16,568,421477
A4D860,10,554,397550
A4GAN7,16,566,411207
A4GAP8,16,566,363026
A4GAQ9,16,566,383118
A4GAS0,17,565,417285
A4GAT1,16,566,390225
A4GAU2,16,566,400306
A4GAV3,16,566,400324
A4GAW4,16,566,411198
A4GAX5,16,566,411199
A4GAY6,16,566,411204
A4GB30,16,566,416752
A4GB52,16,566,416753
A4GBA7,16,566,416755
A4GBB8,17,565,416737
A4GBC9,17,565,416738
A4GBE0,17,565,421954
A4GBF1,17,566,393561
A4GBG2,17,566,425565
A4GBH3,17,566,384519
A4GBI4,17,566,425569
A4GBJ5,16,566,425545
A4GBK6,16,566,425546
A4GBL7,16,566,425533
A4GBM8,16,566,425548
A4GBN9,16,566,400279
A4GBQ0,17,566,416706
A4GBS2,17,566,416733
A4GBT3,17,565,416736
A4GBU4,17,565,421949
A4GBV5,17,565,421950
A4GBW6,17,566,425552
A4GBX7,17,566,393560
A4GBY8,16,566,425538
A4GBZ9,16,566,425543
A4GC10,15,562,425587
A4GC21,16,566,360260
A4GC32,16,566,360267
A4GC43,16,566,383262
A4GC54,16,568,400256
A4GC65,16,566,416752
A4GC76,16,566,416755
A4GC87,15,562,421958
A4GC98,15,562,421960
A4GCA9,15,562,421962
A4GCC0,15,562,421964
A4GCD1,15,562,421966
A4GCE2,15,562,421969
A4GCF3,17,565,421952
A4GCG4,17,565,421953
A4GCH5,17,566,380985
A4GCI6,17,566,425562
A4GCJ7,17,566,393562
A4GCK8,17,565,425563
A4GCL9,17,566,425570
A4GCN0,17,566,380212
A4GCP1,17,566,425575
A4GCQ2,16,566,425542
A4JYT0,16,566,370159
A4JYU1,16,564,370167
A4JYU5,16,566,370146
A4JYV6,16,564,370148
A4JYW7,16,566,370213
A4JYZ5,16,566,374438
A4JZ06,17,565,383099
A4JZ17,15,562,416745
A4JZ28,16,566,416746
A4JZ50,15,562,421961
A4JZ61,15,562,421963
A4JZ83,17,566,425572
A4JZ94,17,566,425574
A4JZA5,18,560,431918
A4JZB6,18,560,431915
A4JZC7,18,560,431917
A4JZD8,18,560,431916
A4JZE9,18,560,431914
A4JZG0,16,568,431923
A4JZH1,16,568,431927
A4JZI2,16,568,431921
A4JZK4,16,568,431924
A4JZL5,16,568,431922
A4JZP8,18,564,431913
A4JZQ9,16,568,431920
A4JZS0,16,568,431919
A4JZT1,16,568,431925
A4JZU2,16,566,370134
A4JZV3,16,564,370152
A4JZW4,16,564,385688
A4JZX5,16,566,370156
A4JZY6,16,564,370162
A4JZZ7,16,566,370164
A4K008,16,564,433362
A4K019,16,564,370170
A4K030,16,566,433428
A4K041,16,564,385689
A4K052,16,564,370176
A4K063,16,564,370177
A4K074,16,566,370178
A4K085,16,566,370179
A4K096,16,566,370208
A4K0A7,16,566,385693
A4K0B8,16,566,370214
A4K0C9,16,566,370217
A4K0E0,17,566,433426
A4K0F1,16,566,370220
A4K0G2,18,560,525817
A4K0H3,16,566,383252
A4K0I4,16,561,383309
A4K0J5,16,561,383310
A4K0K6,17,566,383313
A4K0L7,16,561,383318
A4K0M8,16,566,401084
A4K0N9,16,565,401080
A4K0Q0,16,565,401081
A4K0R1,16,566,333181
A4K0S2,16,565,401093
A4K0T3,16,566,333238
A4K0U4,16,564,401100
A4K0V5,16,566,370195
A4K0W6,16,566,401102
A4K0X7,17,566,416734
A4K0Y8,15,562,421959
A4K0Z9,15,562,421968
A4K110,17,566,425555
A4K121,17,566,425559
A4K143,17,566,425566
A4K154,16,566,425544
A4K165,15,562,425588
A4K176,16,566,425549
A4K187,16,566,425550
A4K198,16,566,425521
A4K1A9,16,566,425522
A4K1C0,16,566,425527
A4K1D1,16,566,425528
A4K1E2,15,562,416756
A4K1F3,16,565,433433
A4K1G4,16,565,416759
A4K1H5,16,565,416783
A4K1I6,16,566,416790
A4K1J7,16,565,416757
A4K1K8,16,565,416774
A4K1L9,16,565,433431
A4K1P1,16,566,416785
A4K1Q2,16,566,416798
A4K1R3,16,564,416793
A4K1S4,16,564,416771
A4K1T5,16,566,416760
A4K1U6,16,564,416775
A4K1V7,16,565,416799
A4K1W8,16,565,416770
A4K1X9,16,566,416796
A4K1Z0,16,566,416764
A4K201,16,566,416778
A4K212,16,566,416788
A4K223,17,564,433430
A4K234,17,564,433432
A4K245,16,566,416795
A4K256,16,566,416787
A4K278,16,564,416772
A4K289,16,566,416784
A4K2A0,16,564,416768
A4K2B1,18,560,433442
A4K2C2,18,560,433441
A4K2D3,16,568,431926
A4K2E4,16,564,433437
A4K2F5,16,568,433435
A4K2G6,16,564,393174
A4K2H7,18,564,433439
A4K2I8,18,560,433438
A4K2J9,18,560,433440
A4K2L0,16,566,370158
A4KX72,22,376,260797
A4KX75,17,474,260797
A4U5W1,16,566,370223
A4U5X2,16,565,416767
A4U5Y3,16,565,416780
A4U5Z4,16,566,416763
A4U605,16,566,416786
A4U616,16,565,416777
A4U627,16,566,416776
A4U638,18,560,434344
A4U649,18,560,433591
A4U660,18,560,434342
A4U671,18,560,434343
A4U682,16,568,434334
A4U693,16,565,434335
A4U6A4,18,564,434339
A4U6B5,18,560,434337
A4U6C6,18,560,434338
A4U6D7,18,564,434340
A4U6F9,16,566,360251
A4U6H0,16,565,378161
A4U6I1,18,560,378158
A4U6J2,17,565,383098
A4U6K3,18,560,383314
A4U6L4,16,565,401078
A4U6M5,16,565,433429
A4U6N6,16,565,401094
A4U6P7,16,565,401082
A4U6Q8,16,566,401099
A4U6R9,16,565,401083
A4U6T0,17,565,416735
A4U6U1,17,566,421956
A4U6V2,17,566,425551
A4U6W3,17,566,425557
A4U6X4,17,566,425567
A4U6Y5,17,566,425573
A4U6Z6,16,566,425532
A4U707,17,566,425584
A4U718,17,565,425585
A4U729,16,566,425536
A4U740,16,566,425539
A4U751,16,566,425541
A4U762,15,562,425589
A4U773,17,566,425578
A4U784,15,562,425592
A4U795,15,562,425593
A4U7A6,17,566,425580
A4U7B7,16,566,425524
A4U7C8,16,566,425525
A4U7D9,16,566,425530
A4UHQ1,19,524,453115
A4UHQ6,19,524,453116
A4Z3K0,16,566,370175
A4Z3L0,16,564,370204
A4Z3M0,16,566,370218
A4Z3N8,16,565,416773
A4Z3P9,16,566,416791
A4Z3R0,16,565,416762
A4Z3S1,17,564,437406
A4Z3U3,16,564,436672
A4Z3V4,17,566,421957
A4Z3W5,17,566,425576
A4Z3X6,16,566,425534
A4Z3Y7,16,566,425535
A4Z3Z8,15,562,425590
A4Z409,16,566,425523
A5GX30,16,566,425540
A5GX41,17,566,370124
A5GX52,16,566,383299
A5GX63,17,566,416719
A5GX95,15,562,421967
A5GXB7,15,562,425591
A5GXC8,17,566,425579
A5GXD9,17,566,437335
A5GXF0,17,566,437336
A5GXG1,17,566,437337
A5GXH2,17,566,437338
A5GXI3,17,566,437340
A5GXJ3,17,566,437341
A6M5I1,16,566,400280
A6M5J2,16,566,425531
A6M5K3,17,566,425581
A6M5L4,17,566,437342
A6M5M5,17,566,437345
A6M5N6,17,566,437346
A6M5P7,17,566,437347
A6M5Q8,17,566,437351
A6M5R9,17,566,437354
A6M5T0,17,565,444782
A6M5U1,17,565,444783
A6M5V2,17,565,444784
A6M5W3,17,565,444785
A6M5X4,16,566,444809
A6M5Y5,16,566,444813
A6M5Z6,16,566,444815
A6M607,16,566,444816
A6M673,16,566,390164
A6M684,16,566,400277
A6M695,17,566,437344
A6M6A6,17,566,437353
A6M6B7,17,566,437355
A6M6C8,17,566,437356
A6M6D9,17,566,437358
A6M6F0,16,566,354567
A6M6G1,17,566,441567
A6M6H1,17,566,441569
A6M6I1,17,566,380341
A6M6J1,17,566,441572
A6M6K2,17,566,441573
A6M6L3,17,566,441574
A6M6M4,17,566,441575
A6M6N5,17,566,441576
A6M6P6,17,566,441578
A6M6Q7,17,566,441579
A6M6R8,17,566,441580
A6M6S9,17,566,441582
A6M6U0,17,566,441585
A6M6V1,17,566,441586
A6M6W2,17,566,382856
A6M6X2,17,566,441587
A6M6Y3,17,566,441589
A6M6Z4,17,566,441590
A6M705,17,566,441592
A6M716,17,566,441596
A6M726,17,566,441597
A6M736,17,565,444789
A6M747,17,565,444790
A6M758,16,566,444791
A6M769,17,565,444793
A6M780,16,566,444796
A6M791,16,566,444804
A6M7A2,17,565,444807
A6M7B3,17,565,444808
A6M7C4,16,566,444810
A6M7D5,16,566,444811
A6M7E6,16,566,444814
A6M7F7,16,566,444818
A6M7G8,17,565,444821
A6M7J0,16,566,444823
A6M7K1,16,564,416768
A6M7L2,18,560,437391
A6M7M3,16,564,437395
A6M7N4,16,565,437396
A6M7P5,16,564,437398
A6M7Q6,16,564,393179
A6M7R7,18,564,437399
A6M7S8,18,564,437400
A6M7T9,18,564,437401
A6M7V0,18,560,338846
A6M7W1,18,562,437359
A6M7X2,18,562,437360
A6M7Y3,18,562,437362
A6M7Z4,18,562,437365
A6M805,16,566,437411
A6M816,16,566,437414
A6M827,16,566,437416
A6M838,16,566,437420
A6M849,18,560,437427
A6M860,18,560,437432
A6M871,18,552,437367
A6M882,18,552,437368
A6M893,18,552,437369
A6M8A4,18,552,437370
A6M8B5,18,552,437371
A6M8C6,18,552,437373
A6M8D7,18,552,437377
A6M8E8,18,552,437378
A6M8F9,18,552,437380
A6M8H0,18,552,437383
A6ZIZ0,17,566,452464
A7IQW6,16,566,425526
A7IQX7,16,566,425529
A7IQY8,17,566,441566
A7IQZ9,17,566,441568
A7IR09,17,566,441570
A7IR19,17,566,441577
A7IR30,17,566,387254
A7IR41,17,566,441588
A7IR52,16,566,444792
A7IR63,17,565,444794
A7IR74,17,565,444798
A7IR85,16,566,444799
A7IR96,16,566,444801
A7IRA7,16,566,444802
A7IRB8,16,566,444803
A7IRC9,16,566,444805
A7IRE0,16,566,444806
A7IRF1,16,566,444817
A7IRG2,16,566,444819
A7IRH3,18,560,437392
A7IRI4,16,564,437394
A7IRJ5,18,560,437402
A7IRK6,18,564,437404
A7IRL7,18,564,437405
A7IRM8,18,563,437361
A7IRN9,18,563,437363
A7IRQ0,16,566,437409
A7IRR1,16,566,437413
A7IRS2,16,566,437421
A7IRT3,18,560,437431
A7IRU4,18,552,437372
A7IRV5,18,552,437379
A7IRW6,18,552,437384
A7IRX7,18,552,437389
A7IRY8,18,564,445371
A7IRZ9,18,560,445375
A7IS10,18,560,445377
A7IS21,18,560,445378
A7IS32,18,560,445380
A7IS43,18,564,445384
A7KWZ4,17,156,11901
A7KWZ5,17,44,11901
A7KWZ6,32,515,11901
A7LJB1,16,566,454447
A7LJC1,17,566,454450
A7LJD2,17,566,454451
A7LJE2,17,566,454452
A7LJF3,17,566,454453
A7LJI3,17,566,454456
A7LJJ4,17,566,454457
A7LJK5,17,566,454458
A7LJL6,17,566,454459
A7LJM7,17,566,454460
A7LJP3,17,566,454449
A7LJQ4,17,566,454448
A7R9J8,17,566,416743
A7R9K8,17,566,437339
A7R9L9,17,566,437350
A7R9M0,17,566,437352
A7R9N1,17,566,437357
A7R9N6,17,566,441561
A7R9P7,17,566,441563
A7R9Q8,17,566,441564
A7R9R9,17,566,441565
A7R9T0,17,566,441581
A7R9U1,17,566,441591
A7R9V2,17,566,441593
A7R9W3,17,566,441595
A7R9X3,16,566,444786
A7R9Y4,17,565,444787
A7R9Z5,17,565,447172
A7RA06,16,566,444800
A7RA17,16,566,444812
A8ARV8,18,563,387194
A8ARW9,18,562,437364
A8ARY0,16,566,437415
A8ARZ1,16,565,437429
A8AS02,16,564,437430
A8AS13,18,560,445366
A8AS24,18,564,445368
A8AS35,18,564,445369
A8AS46,18,560,445370
A8AS57,18,564,445373
A8AS68,18,560,445376
A8AS79,18,560,445379
A8AS90,18,560,445381
A8ASA1,18,560,445382
A8ASB2,18,560,445383
A8ASC3,18,560,159201
A8ASD4,16,565,364415
A8BC14,18,535,456621
A8BC44,18,535,456711
A8BCU9,18,527,456716
A8BCZ5,14,531,456717
A8BD49,18,535,456718
A8BDT2,18,535,456722
A8BE53,18,535,456724
A8BET3,18,535,456728
A8BEZ1,18,535,456729
A8BFF2,18,535,456731
A8BFL1,18,535,456732
A8BFY4,18,535,456734
A8BGB3,18,535,456737
A8BH35,18,531,456741
A8BHR5,18,535,456745
A8BHX4,18,535,456746
A8BI40,18,535,456747
A8BI70,18,535,456748
A8BIB9,18,535,456749
A8BIH1,18,532,456750
A8BIS1,18,535,456751
A8BIU8,18,535,456752
A8BIZ3,18,535,456753
A8BJ44,18,535,456754
A8BJB9,18,535,456755
A8BJF6,18,535,456756
A8BJK8,18,531,456757
A8BJS4,18,535,456758
A8BJY3,18,535,456759
A8BK18,18,531,456760
A8BKE1,13,522,456761
A8BKL9,10,527,456762
A8BKQ5,18,535,456763
A8BKU7,18,500,456764
A8BKZ5,18,535,456765
A8BL60,15,532,456766
A8BL99,15,532,456767
A8BLE6,18,527,456768
A8BLJ6,18,535,456769
A8BLP5,18,535,456770
A8BLY9,18,535,456771
A8BM57,18,535,456772
A8BM85,18,523,456773
A8BMD4,18,508,456774
A8BMI9,18,535,456775
A8BMP1,18,535,456776
A8BMT3,18,535,456777
A8BMY0,8,525,456778
A8BN34,18,535,456779
A8BN82,18,535,456780
A8BNH1,18,535,456781
A8BNP1,18,535,456782
A8BNS6,18,535,456783
A8BNX8,18,524,456784
A8BP34,18,527,456785
A8BP79,18,488,456786
A8BPD0,18,527,456787
A8BPI2,18,446,456788
A8BPM0,18,535,456789
A8BPQ0,18,527,456790
A8BQ02,18,527,456791
A8BQ43,18,527,456792
A8BQ86,18,535,456793
A8BQD9,18,527,456794
A8BQH8,18,527,456795
A8BQM4,18,535,456796
A8BQN5,18,527,456797
A8BQS5,18,527,456798
A8BQX3,18,535,456799
A8BR02,18,535,456800
A8BR88,18,527,456801
A8BRC4,18,527,456802
A8BRF3,18,535,456803
A8BRI8,18,535,456804
A8BRM9,18,535,456805
A8BRR8,3,520,456806
A8BRV5,18,520,456807
A8BS01,18,535,456808
A8BS31,18,535,456809
A8BS69,18,535,456810
A8BSA8,18,535,456613
A8BSI8,18,535,456811
A8BSM4,18,535,456812
A8BSQ9,18,535,456813
A8BSV2,18,535,456814
A8BSZ2,18,535,456815
A8BT50,18,535,456816
A8BT86,18,535,456817
A8BTE5,18,535,456632
A8BTI5,18,535,456633
A8BWF1,18,535,456652
A8BWK3,18,535,456653
A8BX09,18,535,456656
A8BY42,18,535,456663
A8BYI9,18,535,456666
A8BYX7,18,535,456669
A8BZF0,18,535,456672
A8BZM1,18,535,456674
A8BZS4,18,535,456675
A8C033,18,535,456678
A8C064,18,535,456679
A8C0I2,18,535,456682
A8C0L3,18,535,456683
A8C0P4,18,535,456684
A8C0S4,18,535,456685
A8C0V4,18,535,456686
A8C0Y4,18,535,456687
A8C115,18,532,456688
A8C142,18,535,456689
A8C165,18,535,456690
A8C191,18,535,456619
A8C1C1,18,535,456691
A8C1E2,18,535,456692
A8C1J5,18,535,456694
A8C1R5,18,535,456696
A8C1V4,18,535,456697
A8C2M7,18,535,456704
A8C2Q5,18,535,456705
A8C2S1,18,535,456706
A8C2T2,18,535,456707
A8C2U5,18,535,456708
A8C2V8,18,535,456709
A8C2W9,18,535,456710
A8C300,17,566,437349
A8C321,17,565,450156
A8C344,17,565,450159
A8C365,17,565,450160
A8C379,17,565,450161
A8C390,17,565,450162
A8C3A1,17,566,441583
A8C3B2,17,565,453884
A8C3C3,17,565,453885
A8C3D4,16,566,453894
A8C3E5,17,565,453887
A8C3F6,17,565,453888
A8C3G7,17,565,453889
A8C3H8,17,565,455832
A8C3I9,17,565,455833
A8C3K0,17,565,455834
A8C3L1,17,565,455836
A8C3M2,16,566,453891
A8C3N3,16,566,453893
A8C3P4,17,565,453880
A8C3Q7,17,565,453881
A8C3S6,17,565,455840
A8C3U5,17,565,455842
A8C3W5,17,565,455846
A8C3Y5,17,565,455847
A8C405,17,565,455848
A8C425,16,566,456167
A8C446,16,566,456168
A8C467,17,565,455849
A8C487,17,565,455850
A8C4A8,17,565,455851
A8C4C9,17,565,455852
A8C4E9,17,565,455853
A8C4G6,17,565,455854
A8C4H8,16,566,456169
A8C4I9,16,566,456170
A8C4K0,17,565,455855
A8C4L1,16,566,456172
A8C4M3,17,565,455858
A8C4N4,17,565,455860
A8C4P5,17,565,455864
A8C4Q6,17,565,455866
A8C4R7,17,565,455868
A8C4S8,17,565,455869
A8C4T9,17,565,455871
A8C4V0,17,565,455872
A8C4X2,17,565,455876
A8C4Y8,17,565,455879
A8C511,17,565,455881
A8C522,16,566,456183
A8C533,16,566,456184
A8C547,17,565,455884
A8C568,17,565,455885
A8C580,17,565,455887
A8C592,16,566,456186
A8C5B3,17,565,455891
A8C5D0,17,565,455893
A8C5E1,17,565,455905
A8C5F2,17,565,455906
A8C5G4,17,565,455907
A8C5I1,17,565,455908
A8C5J6,17,565,455910
A8C5K7,16,566,456190
A8C5M0,16,566,456191
A8C5N3,16,566,456192
A8C5Q4,16,566,456193
A8C5S3,16,566,456194
A8C5W2,16,566,456195
A8C616,16,566,456198
A8C677,17,565,455936
A8C6E5,17,565,455945
A8C6H7,17,565,455949
A8C6J9,17,565,455950
A8C6M1,17,565,455951
A8C6P6,17,565,455956
A8C6S7,17,565,455957
A8C6V9,17,565,455962
A8C6Y7,17,565,455967
A8C714,16,566,456204
A8C739,16,566,456206
A8C753,16,566,456207
A8C766,16,566,456208
A8C777,16,566,456212
A8C789,16,566,456214
A8C7A0,16,566,456215
A8C7B1,17,565,455982
A8C7C2,16,566,456217
A8C7D3,16,566,456218
A8C7E4,17,565,455985
A8C7F5,17,565,455990
A8C7G6,16,566,456220
A8C7H8,17,565,455992
A8C7I9,17,565,455993
A8C7K0,17,565,455996
A8C7L1,17,565,456001
A8C7M2,17,565,456014
A8C7N3,17,565,456016
A8C7P4,17,565,456023
A8C7S4,17,565,456026
A8C7U4,17,565,456027
A8C7V6,17,565,456030
A8C7W7,16,566,456225
A8C7X9,16,566,456233
A8C7Z0,16,566,456238
A8C897,17,566,416742
A8C8A8,17,565,444788
A8C8B9,16,566,453890
A8C8D0,17,565,455835
A8C8E1,17,565,455843
A8C8F9,17,565,455844
A8C8H0,16,566,456174
A8C8I3,16,564,455874
A8C8J4,17,565,455880
A8C8K5,17,565,455890
A8C8L8,17,565,455904
A8C8N1,17,565,455958
A8C8P5,16,566,456205
A8C8Q6,16,566,456209
A8C8R7,16,566,456210
A8C8S8,17,565,455845
A8C8T9,16,566,456176
A8C8V0,17,566,383534
A8C8W3,17,566,382855
A8C8X4,17,566,458022
A8DNQ5,36,931,104388
A8E060,14,655,100673
A8E262,26,212,442493
A8E2D6,23,68,442493
A8E2P2,30,57,442493
A8E2Q8,23,49,442493
A8E2Q9,27,285,442493
A8HWZ5,12,564,468972
A8HX30,16,568,468974
A8HXC4,16,564,468951
A8HXM6,16,568,468954
A8HXQ2,16,568,468955
A8HXS6,12,564,468957
A8HXZ8,16,565,468956
A8HY40,16,357,468959
A8HY77,16,565,468960
A8HYB2,3,555,468961
A8HYE5,16,568,468964
A8HYI9,16,567,468962
A8HYJ3,16,357,468963
A8HYU7,16,568,468965
A8HYX8,16,562,468968
A8HZ10,16,568,468967
A8HZ42,12,564,468969
A8HZ85,16,549,468970
A8HZC2,16,550,468971
A8HZF7,16,560,468973
A8VPY5,16,566,199373
A8VQ20,16,565,475026
A8VQ57,16,566,475029
A8VQM4,16,564,232551
A8VQR0,16,564,475037
A8VR04,17,566,475035
A8W894,16,566,476425
A8W895,16,566,476383
A8W897,16,566,476311
A8W899,16,566,476308
A8W8A0,16,566,476310
A8W8A1,16,557,476318
A8W8A2,16,386,476354
A8W8A3,16,566,476368
A8W8A4,16,566,476369
A8W8A6,16,566,476395
A8W8A7,16,566,476396
A8W8A8,16,566,476355
A8W8A9,16,566,476332
A8W8B0,16,566,476333
A8W8B2,16,566,476373
A8W8B3,16,566,476374
A8W8B4,16,566,476411
A8W8B5,4,554,476412
A8W8B6,16,566,476325
A8W8B7,16,566,476326
A8W8B8,16,566,476360
A8W8C0,16,566,476363
A8W8C1,16,566,476364
A8W8C2,16,560,476344
A8W8C3,16,566,476356
A8W8C4,16,566,476349
A8W8C5,16,566,476379
A8W8C6,16,566,476406
A8W8C7,16,566,476407
A8W8C8,17,565,476371
A8W8C9,17,388,476393
A8W8D0,17,388,476357
A8W8D3,17,392,476347
A8W8D4,17,392,476295
A8W8D5,14,389,476417
A8W8D6,17,565,476358
A8W8D8,17,392,476319
A8W8D9,17,392,476377
A8W8E0,17,392,476402
A8W8E1,9,557,461811
A8W8E2,17,392,476345
A8W8E3,9,557,476337
A8W8E4,17,392,476330
A8W8E5,17,565,476384
A8W8E6,17,390,476420
A8W8E7,10,558,476392
A8W8F0,17,565,476330
A8W8F1,17,565,476419
A8W8F2,17,392,476391
A8W8F3,17,392,476394
A8W8F5,17,392,476422
A8W8F6,17,388,476343
A8W8F7,6,554,476317
A8W8F8,17,392,476418
A8W8G0,10,558,476336
A8W8G1,17,388,476421
A8W8G2,17,388,476376
A8W8G3,17,392,476297
A8W8G4,17,388,476321
A8W8G5,17,392,476423
A8W8G6,17,392,476362
A8W8G7,17,565,476335
A8W8H0,17,565,476397
A8W8H1,17,390,476372
A8W8H2,17,392,476323
A8W8H3,17,392,476341
A8W8H4,17,565,476346
A8W8H5,17,565,476378
A8W8H6,17,390,476296
A8W8H7,17,392,476320
A8W8H8,1,549,476366
A8W8H9,17,392,476322
A8W8I0,17,565,476398
A8W8I1,17,392,476339
A8W8I2,17,388,476331
A8W8I3,17,565,476353
A8W8I4,17,392,476338
A8W8I5,16,566,476314
A8W8I6,16,566,476399
A8W8I7,16,566,476416
A8W8I8,16,566,476415
A8W8I9,16,566,476400
A8W8J0,17,565,476305
A8W8J1,17,565,476302
A8W8J2,17,565,476359
A8W8J3,17,565,476301
A8W8J4,17,565,476303
A8W8J5,17,565,476389
A8W8J6,17,565,476304
A8W8J7,17,565,476375
A8W8J8,17,565,476301
A8W8J9,16,566,476340
A8W8K0,16,566,476352
A8W8K1,16,566,476382
A8W8K2,16,566,476386
A8W8K3,16,566,476327
A8W8K4,16,566,476413
A8W8K5,16,566,476404
A8W8K6,16,566,476388
A8W8K7,16,566,476405
A8W8K8,16,566,476294
A8W8K9,16,566,476408
A8W8L0,16,566,476329
A8W8L1,16,566,476348
A8W8L2,16,566,476410
A8W8L3,16,566,476328
A8W8L4,16,566,476385
A8W8L5,16,566,476315
A8W8L6,16,566,476300
A8W8L7,16,566,476401
A8W8L8,16,345,476403
A8W8L9,16,566,476387
A8W8M0,16,566,476351
A8W8M1,16,566,476426
A8W8M2,16,566,476350
A9C4E7,16,566,471711
A9C4F8,16,566,477973
A9C4G9,17,565,453883
A9C4I0,17,565,455839
A9C4J1,17,565,455863
A9C4K2,17,565,455865
A9C4L3,17,565,455867
A9C4M4,17,565,455873
A9C4N5,17,565,455886
A9C4P6,17,565,455943
A9C4Q7,17,565,455946
A9C4R8,17,565,455948
A9C4S9,17,565,455952
A9C4U0,17,565,455972
A9C4V1,17,566,425577
A9C4W2,17,566,437343
A9C4X3,17,566,383538
A9C4Y4,17,566,384501
A9C4Z5,17,566,458002
A9C506,17,566,458003
A9C517,17,566,458004
A9C528,17,566,458005
A9C539,17,566,458006
A9C550,17,566,458007
A9C561,17,566,458010
A9C572,17,565,453886
A9C583,17,565,455838
A9C594,17,565,455841
A9C5A5,17,565,455870
A9C5B6,17,565,455875
A9C5C7,17,565,455877
A9C5D8,17,565,455878
A9C5E9,16,566,456179
A9C5G0,17,565,455882
A9C5H1,17,565,455894
A9C5I2,17,565,455896
A9C5J3,17,565,455898
A9C5K4,17,565,455909
A9C5L5,16,566,456189
A9C5M6,17,565,455914
A9C5N7,17,565,455921
A9C5P8,17,565,455935
A9C5Q9,17,565,455939
A9C5S0,17,565,455940
A9C5T1,17,565,455941
A9C5U2,17,565,455944
A9C5V3,16,566,456202
A9C5W4,17,565,455954
A9C5X5,17,565,455959
A9C5Y6,17,565,455961
A9C5Z7,17,565,455963
A9C608,16,566,456203
A9C619,17,565,455965
A9C630,17,565,455968
A9C641,17,565,455974
A9C652,17,565,455978
A9C663,16,566,456213
A9C674,17,565,455980
A9C685,17,565,455981
A9C696,16,566,456216
A9C6A7,17,565,455984
A9C6B8,16,566,456219
A9C6C9,17,565,455987
A9C6E0,17,565,455988
A9C6F1,17,565,455989
A9C6G2,17,565,455997
A9C6H3,16,566,456221
A9C6I4,17,565,456010
A9C6J5,16,566,456222
A9C6K6,17,565,456011
A9C6L7,17,565,456015
A9C6M8,17,565,456017
A9C6N9,17,565,456018
A9C6Q0,16,566,456223
A9C6R1,17,565,456022
A9C6S2,17,565,456024
A9C6T3,17,565,456025
A9C6U4,17,565,456028
A9C6V5,16,566,456224
A9C6W6,17,565,456034
A9C6X7,17,565,456037
A9C6Y8,17,565,456043
A9C6Z9,17,565,456048
A9C710,17,565,456053
A9C721,17,565,456059
A9C732,17,565,456060
A9C743,17,565,456061
A9C754,17,565,456064
A9C765,17,565,456065
A9C776,17,565,456068
A9C787,17,565,456073
A9C798,17,565,456074
A9C7A9,17,565,456075
A9C7C0,17,565,456081
A9C7D1,17,565,456083
A9C7E2,17,565,456097
A9C7F3,17,565,456100
A9C7G4,16,566,456229
A9C7H5,17,565,456105
A9C7I6,17,565,456108
A9C7J7,17,565,456117
A9C7K8,16,566,456231
A9C7L9,17,565,456132
A9C7N0,16,566,456235
A9C7P1,17,565,456144
A9C7Q2,17,565,456145
A9C7R3,17,565,450157
A9C7S4,17,566,441594
A9C7T4,17,565,455862
A9C7U5,17,565,455901
A9C7V6,17,565,455911
A9C7W7,17,565,455913
A9C7X8,16,566,456199
A9C7Y9,17,565,455955
A9C800,17,565,455960
A9C811,17,565,455971
A9C822,17,565,455986
A9C833,17,565,456012
A9C844,17,565,456020
A9C855,17,565,456031
A9C866,17,565,456063
A9C877,17,565,456071
A9C888,17,565,456087
A9C899,17,565,456114
A9C8B0,17,566,383539
A9C8C1,17,566,458012
A9C8D2,17,566,458013
A9C8E3,17,565,455899
A9C8F4,17,565,455900
A9C8G5,17,565,455903
A9C8H6,17,565,455916
A9C8I7,17,565,455918
A9C8J8,17,565,455920
A9C8K9,17,565,455979
A9C8M0,17,565,456013
A9C8N1,17,565,456035
A9C8P2,17,565,456058
A9C8Q3,17,565,456088
A9C8R4,17,565,456091
A9C8S5,17,565,456093
A9C8T6,17,565,456094
A9C8U7,17,565,456095
A9C8V8,17,565,456096
A9C8W9,17,565,456107
A9C8Y0,17,565,456119
A9C8Z1,17,565,456121
A9C902,17,565,456123
A9C913,17,565,456159
A9C924,17,565,456161
A9C935,17,565,456162
A9C946,16,566,456230
A9C957,17,566,457999
A9C967,17,566,458016
A9C978,17,566,458019
A9C989,17,566,416710
A9C9A0,16,566,480704
A9C9B1,16,566,480705
A9C9C2,17,565,453882
A9C9D3,16,566,456182
A9C9E4,16,566,456187
A9C9F5,16,566,456188
A9C9G6,16,566,456196
A9C9H7,17,565,455953
A9C9I8,17,565,455966
A9C9J9,17,565,455970
A9C9L0,17,565,455973
A9C9M1,17,565,455977
A9C9N2,17,565,456021
A9C9P3,17,565,456045
A9C9Q4,17,565,456049
A9C9R5,17,565,456052
A9C9S6,17,565,456066
A9C9T7,17,565,456072
A9C9U8,16,566,456226
A9C9V9,17,565,456076
A9C9X0,17,565,456079
A9C9Y1,17,565,456089
A9C9Z2,16,566,456228
A9CA03,17,565,456103
A9CA14,17,565,456106
A9CA25,17,565,456112
A9CA36,17,565,456115
A9CA47,17,565,456118
A9CA58,17,565,456135
A9CA69,17,565,456139
A9CA80,17,565,456148
A9CA91,17,565,456150
A9CAA2,16,566,456236
A9CAB3,17,565,480697
A9CAC4,17,565,480699
A9CAD5,17,565,480694
A9CAE6,17,565,480695
A9CAF7,17,565,480701
A9CAG8,17,565,480696
A9CAH9,17,565,480702
A9CAJ0,17,565,480700
A9CAK1,16,566,480703
A9L7E3,17,565,450158
A9L7F4,17,565,455837
A9L7G5,17,565,455915
A9L7H6,17,565,455922
A9L7I7,17,565,455994
A9L7J8,17,565,456032
A9L7K9,15,563,456033
A9L7M0,17,565,482326
A9L7N1,17,565,456038
A9L7P2,17,565,456041
A9L7Q3,17,565,456044
A9L7R4,17,565,456047
A9L7S5,17,565,456062
A9L7T6,17,565,456067
A9L7U7,17,565,456069
A9L7V8,17,565,456078
A9L7W9,17,565,456080
A9L7Y0,17,565,456082
A9L7Z1,17,565,456086
A9L802,17,565,456090
A9L813,17,565,456101
A9L824,17,565,456102
A9L835,17,565,456120
A9L846,17,565,456124
A9L857,17,565,456125
A9L868,17,565,456126
A9L879,17,565,456128
A9L890,17,565,456129
A9L8A1,17,565,456130
A9L8B2,17,565,456134
A9L8C3,17,565,456137
A9L8D4,17,565,456138
A9L8E5,17,565,456141
A9L8F6,17,565,456149
A9L8G7,17,565,456151
A9L8H8,17,565,456152
A9L8I9,17,565,456160
A9L8K0,17,566,458001
A9L8L1,17,566,458014
A9L8M2,17,566,458023
A9L8N3,17,565,482325
A9L8P4,17,565,480698
A9L8Q5,17,565,482327
A9L8R6,17,565,482323
A9LI91,18,560,1346474
A9LIA1,19,565,455041
A9LIB1,18,560,1093527
A9R9Z5,16,564,437426
A9RA06,16,566,447174
A9RA17,16,564,447179
A9RA28,16,564,447182
A9RA39,16,566,447190
A9RA50,16,566,447191
A9RA61,16,566,447192
A9WZG7,17,565,455857
A9WZH8,16,566,456181
A9WZI9,17,565,455895
A9WZK0,17,565,455902
A9WZL1,17,565,455917
A9WZM2,17,565,455919
A9WZN3,17,565,455942
A9WZP4,17,565,456077
A9WZQ5,17,565,456084
A9WZR6,17,565,456111
A9WZS7,16,566,456232
A9WZT8,17,565,456133
A9WZU9,17,565,456136
A9WZW0,17,565,456142
A9WZX1,17,565,456146
A9WZY2,17,565,456153
A9WZZ3,17,565,456154
A9X004,17,566,458015
A9X015,17,566,458018
A9X026,16,566,488243
A9X037,17,565,482324
A9X048,17,565,488226
A9X059,17,565,488225
A9X070,16,566,488244
A9X081,18,552,437374
A9X092,18,552,437390
A9X0A3,18,552,444824
A9X0B4,18,552,444826
A9X0C5,18,552,444827
A9X0D6,18,552,444828
A9X0E7,18,552,444829
A9X0G0,18,552,444833
A9X0H1,18,552,444835
A9X0I2,18,552,444836
A9X0J3,18,552,444838
A9X0K4,18,552,444839
A9X0L5,18,552,444840
A9X0M6,18,552,444841
A9X0N7,18,552,444842
A9X0P8,18,552,444843
A9X0Q9,18,552,444844
A9X0S0,18,552,444845
A9X0T1,18,552,444846
A9X0U2,16,566,447187
A9X0V3,16,566,447189
A9X0W4,16,566,475505
A9X0X5,18,560,475511
A9X0Y6,18,560,475512
A9X0Z7,18,560,475518
A9X108,18,560,475519
A9X119,16,566,475568
A9X130,16,568,478989
A9X141,16,568,478992
A9X152,16,568,478993
B0KVD8,17,566,425558
B0KVE9,16,564,455897
B0KVG0,16,566,456200
B0KVH1,17,565,456029
B0KVI2,17,565,456042
B0KVJ3,14,562,456085
B0KVK4,17,565,456155
B0KVL5,17,566,457997
B0KVM5,17,566,457998
B0KVN6,16,565,475461
B0KVP7,16,565,475462
B0KVQ8,16,565,475464
B0KVR9,16,565,475466
B0KVT0,16,565,475467
B0KVU1,16,565,387222
B0KVV2,16,565,475468
B0KVW3,16,565,475469
B0KVX4,16,565,475470
B0KVY5,16,565,475471
B0KVZ6,16,565,475472
B0KW07,16,565,475473
B0KW18,16,565,475474
B0KW29,16,565,475475
B0KW40,16,565,475477
B0KW51,16,565,475481
B0KW66,16,564,499088
B0LY03,16,568,499545
B0LY04,16,568,499543
B0LY05,16,568,499544
B0VVH2,5,315,503190
B0VVH4,4,314,503192
B0VVH5,4,314,503193
B0VVH6,3,314,503194
B0VVH7,5,315,503195
B0VVH8,3,312,503196
B0VVH9,5,316,503197
B0VVI0,5,178,503198
B0VVI1,5,315,503199
B0VVI2,5,316,503200
B0VVI3,3,313,503201
B0VVI4,4,314,503202
B0VVI6,3,313,503204
B0VVI7,1,311,503205
B0VVI8,5,315,503206
B0VVI9,3,284,503207
B0VVJ0,4,314,503208
B0VVJ1,5,316,503209
B0VVJ2,5,315,503210
B0VVJ3,5,315,503211
B0VVJ4,6,316,503212
B0VVJ5,5,315,503213
B0VVJ6,4,314,503214
B0VVJ7,5,315,503215
B0VVJ9,5,315,503217
B0VVK0,3,313,503218
B0VVK1,1,311,503219
B0VVK3,4,314,503221
B0VVK4,3,312,503222
B0VVK5,4,314,503223
B0VVK6,4,314,503224
B0VVK7,5,315,503225
B0VVK8,5,288,503226
B0VVK9,6,315,503227
B0VVL0,6,316,503228
B0VVL1,1,310,503229
B0VVL2,3,313,503230
B0VVL3,4,315,503231
B0VVL4,5,281,503232
B0VVL5,1,310,503233
B0VVL6,5,314,503234
B0VVL7,4,313,503235
B0VVL8,4,314,503236
B0VVL9,6,315,503237
B0VVM0,3,312,503238
B0VVM3,5,314,503241
B0VVM4,3,312,503242
B0VVM5,18,552,437376
B0VVN6,14,563,437382
B0VVP7,18,552,437387
B0VVQ8,18,552,437388
B0VVR9,18,552,444837
B0VVT0,17,564,476646
B0VVU1,16,565,447176
B0VVV2,16,564,447185
B0VVW3,16,566,447193
B0VVX4,18,560,475508
B0VVY5,18,560,475516
B0VVZ6,16,565,475550
B0VW07,16,566,475573
B0VW18,16,568,478990
B0VW33,16,568,504445
B0VW44,16,568,504446
B0VW55,16,568,504447
B0VW66,16,568,504448
B0VW77,16,568,504449
B0VW88,16,568,504450
B0VW99,16,568,504451
B0VWF7,16,566,456171
B0VWG8,17,565,456098
B0VWH9,17,565,456127
B0VWJ0,16,565,475465
B0VWK1,16,565,488245
B0VWL2,16,565,475482
B0VWM3,16,565,387219
B0VWN4,16,565,475485
B0VWP5,16,565,475486
B0VWQ6,16,565,475487
B0VWR7,16,565,475488
B0VWS8,16,565,475489
B0VWT9,16,565,475490
B0VWV0,16,565,475491
B0VWW1,16,565,380339
B0VWX2,16,565,475497
B0VWY3,16,565,475498
B0VWZ4,16,565,475499
B0VX05,16,566,500657
B0VX16,16,566,500658
B0VX27,17,389,504907
B0VX29,17,390,504906
B0VX30,7,378,504908
B0VX32,17,389,504910
B0VX44,17,565,504904
B0VX46,17,565,504904
B0VX48,17,378,505428
B1GS55,20,112,424716
B1GS59,32,146,424716
B1MPH5,16,557,496767
B1MPH6,8,560,496743
B1MPH7,16,566,496764
B1MPH8,16,565,496765
B1MPH9,16,565,496766
B1MPI0,16,560,496735
B1MPI1,15,560,496788
B1MPI2,16,566,496768
B1MPI3,16,563,496789
B1MPI4,16,566,496769
B1MPI5,6,543,496801
B1MPI6,16,568,496790
B1MPI7,16,566,496770
B1MPI8,16,558,496740
B1MPI9,16,553,496741
B1MPJ0,16,553,496742
B1MPJ1,16,552,496736
B1MPJ2,16,565,496787
B1MPJ3,11,558,496794
B1MPJ4,16,566,496771
B1MPJ5,16,565,496791
B1MPJ6,5,542,496792
B1MPJ7,16,560,496798
B1MPJ8,6,557,496799
B1MPK0,16,546,496738
B1MPK2,16,564,496802
B1MPK3,16,568,496797
B1MPK4,16,558,496796
B1MPK5,5,555,496734
B1MPK6,13,562,496804
B1MPK8,16,568,496793
B1MPK9,16,568,496795
B1MPL0,16,568,496737
B1MPL1,16,568,496755
B1MPL2,16,567,496803
B1MPL3,12,564,496733
B1MPL4,16,565,496763
B1MPL5,16,566,496756
B1MPL6,16,555,496758
B1MPL7,16,555,496759
B1MPL8,16,565,496762
B1MPL9,16,566,496757
B1MPM0,16,567,496760
B1MPM1,16,567,496761
B1MPM2,16,565,496785
B1MPM3,16,565,496786
B1MPM4,16,546,496745
B1MPM5,16,565,496772
B1MPM6,16,565,496773
B1MPM7,16,560,496750
B1MPM8,16,565,496784
B1MPM9,16,560,496744
B1MPN0,2,546,496746
B1MPN1,2,554,496747
B1MPN2,16,560,496748
B1MPN3,16,567,496774
B1MPN4,16,567,496776
B1MPN5,16,567,496778
B1MPN6,16,567,496779
B1MPN7,16,567,496751
B1MPN8,16,567,496781
B1MPN9,16,567,496782
B1MPP0,16,567,496783
B1MPP1,16,567,496752
B1MPP2,16,567,496753
B1MPP3,16,567,496754
B1MPP4,16,567,496749
B1MPP5,16,567,496775
B1MPP6,16,567,496777
B1MPP7,16,567,496780
B1MRS8,12,377,504905
B1MSF7,17,565,455859
B1MSG8,17,566,458020
B1MSH9,16,565,475476
B1MSJ0,16,565,475492
B1MSK1,16,565,475493
B1MSZ4,17,393,511418
B1MSZ6,17,392,511417
B1MSZ8,17,392,511416
B1MT00,17,388,464495
B1MT01,17,393,511420
B1MT03,17,394,511421
B1MT05,17,388,511419
B1MT07,17,393,511422
B2B872,16,558,496018
B2B883,16,555,496019
B2B894,16,555,496020
B2B8A5,16,554,496021
B2B8B6,16,558,496022
B2B8C7,16,555,496023
B2B8D8,16,565,496024
B2B8E9,16,566,496025
B2B8G0,16,559,496026
B2B8H1,16,566,496027
B2B8I2,16,565,496028
B2B8J3,16,566,496029
B2B8K4,16,566,496030
B2B8L5,16,559,496031
B2B8M6,16,568,496032
B2B8N7,16,568,496033
B2B8P8,16,568,496034
B2B8Q9,16,563,496035
B2B8S0,16,567,496036
B2B8T1,16,567,496037
B2B8U2,16,565,496038
B2B8V3,16,565,496039
B2B8W4,16,565,496040
B2B8X5,16,565,496041
B2B8Y6,16,565,496042
B2B8Z7,16,567,496043
B2B908,16,565,496044
B2B919,16,565,496045
B2B930,16,560,496046
B2B941,16,560,496047
B2B952,16,564,496048
B2B963,16,564,496049
B2B974,16,563,496050
B2KGY6,18,552,444834
B2KGZ7,18,560,475510
B2KH08,16,564,496016
B2KH19,18,552,490462
B2KH30,18,552,490435
B2KH41,18,552,490436
B2KH52,18,552,490430
B2KH63,18,552,490407
B2KH74,18,552,490449
B2KH85,18,552,490451
B2KH96,18,552,490452
B2KHA7,18,552,490453
B2KHB8,18,552,490412
B2KHC9,18,552,490489
B2KHE0,17,565,456039
B2KHF1,17,565,456143
B2KHG2,17,565,456157
B2KHH3,16,564,475506
B2KHI4,18,560,475588
B2KHJ5,16,567,479007
B2KHK6,13,564,479008
B2KHL7,18,552,490420
B2KHM8,16,550,490432
B2KHN9,15,549,490433
B2KHQ0,16,550,490393
B2KHR1,16,550,490471
B2KHS2,18,552,490401
B2KHT3,18,552,490443
B2KHU4,18,552,490408
B2VLL9,18,560,526402
B2VLN0,18,560,526403
B2VLP8,17,350,526499
B2VLP9,17,350,526500
B2VLQ0,17,350,526501
B2VLQ1,17,350,526502
B2VLQ2,12,345,526503
B2VLQ3,17,350,526504
B2VLQ4,17,350,526505
B2VLQ5,17,350,526506
B2VLQ6,17,350,526507
B2VLQ7,17,350,526508
B2VLQ8,17,350,526509
B2VLQ9,17,350,526510
B2VLR0,17,350,526511
B2VLR1,17,350,526512
B2VLR2,17,350,526513
B2VLR3,17,350,526514
B2VLR4,17,350,526515
B2VLR5,17,353,526516
B2VLR6,17,356,526517
B2VLR7,9,355,526518
B2VLT4,17,394,438220
B2VLT7,17,399,526916
B2VLU0,17,394,438322
B2VLU3,17,565,381512
B2VLU6,17,396,438245
B2VLU9,17,390,464623
B2VLV2,17,388,526897
B2VLV5,17,394,526892
B2VLV8,17,389,526914
B2VLW1,17,388,526893
B2VLW4,17,388,526894
B2VLW7,17,390,526896
B2VLX0,17,393,526903
B2VLX3,17,393,526912
B2VLX6,17,380,526913
B2VLX9,17,390,526899
B2VLY2,17,390,526915
B2VLY5,17,383,526908
B2VLY8,17,394,526910
B2VLZ1,17,394,526902
B2VLZ4,17,393,526900
B2VLZ7,17,383,1229483
B2VM00,17,388,526907
B2VM03,17,313,526901
B2VM06,17,383,526905
B2VM09,17,369,526898
B2VM12,17,356,526906
B2VM15,17,394,526904
B2VM18,17,565,526911
B2VM21,17,363,526895
B2VM26,17,358,528425
B2VM27,17,353,528426
B2VM28,17,356,528429
B2VM29,17,356,528430
B2VM30,17,356,528437
B2VM31,17,356,528438
B2VM32,17,356,528439
B2VM33,17,356,528440
B2VM34,17,329,528441
B2VM35,17,356,528442
B2VM36,17,356,528443
B2VM37,17,356,528444
B2VM38,17,342,528445
B2VM39,17,356,528446
B2VM40,17,356,528447
B2VM41,17,356,528448
B2VM42,17,356,528449
B2VM43,17,356,528450
B2VM44,17,357,528451
B2VM45,17,350,528452
B2VM46,17,378,528453
B2VM47,17,349,528454
B2VM48,17,350,528455
B2VM49,17,350,528456
B2VM50,17,350,528457
B2VM51,17,342,528458
B2VM52,17,350,528459
B2VM53,17,350,528460
B2VM54,17,334,528461
B2VM55,17,348,528464
B2VM56,17,353,528465
B2VM57,17,376,528466
B2VM58,17,353,528467
B2VM59,17,379,528468
B2VM60,17,379,528469
B2VM61,17,375,528470
B2VM62,17,353,528471
B2VM63,17,379,528472
B2VM64,17,353,528473
B2VM65,17,353,528474
B2VM66,13,351,528475
B2VM67,17,353,528476
B2VM68,17,353,528477
B2VM69,17,353,528478
B2VM70,17,353,528479
B2VM71,17,333,528480
B2VM72,17,348,528481
B2VM73,17,348,528482
B2VM74,17,348,528483
B2VM75,17,348,528484
B2VM76,17,356,528492
B2VM77,17,356,528493
B2VM78,17,348,528509
B2VM79,17,350,528510
B2VM80,17,348,528516
B2VM81,17,348,528517
B2VM82,17,356,528523
B2VM83,17,356,528524
B2VM84,17,356,528525
B2VM85,17,348,528526
B2VM86,17,356,528541
B2VM87,17,358,528543
B2VM88,17,361,528544
B2VM89,17,340,528424
B2VM90,17,350,528427
B2VM91,17,350,528428
B2VM92,17,356,528431
B2VM93,17,350,528432
B2VM94,17,350,528433
B2VM95,17,350,528434
B2VM96,17,350,528435
B2VM97,17,350,528436
B2VM98,17,350,528462
B2VM99,17,350,528463
B2VMA0,17,342,528485
B2VMA1,17,353,528486
B2VMA2,17,350,528487
B2VMA3,17,350,528488
B2VMA4,17,350,528489
B2VMA5,17,350,528490
B2VMA6,17,350,528491
B2VMA7,17,350,528494
B2VMA8,17,350,528495
B2VMA9,17,350,528496
B2VMB0,17,350,528497
B2VMB1,17,350,528498
B2VMB2,17,350,528499
B2VMB3,17,350,528500
B2VMB4,17,350,528501
B2VMB5,17,350,528502
B2VMB6,17,350,528503
B2VMB7,17,350,528504
B2VMB8,17,350,528505
B2VMB9,17,356,528506
B2VMC0,17,350,528507
B2VMC1,17,350,528508
B2VMC2,17,350,528511
B2VMC3,17,350,528512
B2VMC4,17,350,528513
B2VMC5,17,350,528514
B2VMC6,17,350,528515
B2VMC7,17,356,528518
B2VMC8,17,356,528519
B2VMC9,17,356,528520
B2VMD0,17,362,528521
B2VMD1,17,350,528522
B2VMD2,17,350,528527
B2VMD3,17,350,528528
B2VMD4,17,350,528529
B2VMD5,17,346,528530
B2VMD6,17,350,528531
B2VMD7,17,350,528532
B2VMD8,17,350,528533
B2VMD9,17,350,528534
B2VME0,17,350,528535
B2VME1,17,350,528536
B2VME2,17,350,528537
B2VME3,17,350,528538
B2VME4,17,350,528539
B2VME5,17,350,528540
B2VME6,17,350,528542
B2VME7,17,356,528545
B2VME8,17,356,528546
B2VME9,17,329,528547
B2VMF0,17,333,528548
B2VMF1,17,342,528549
B2VMF2,17,342,528550
B2VMF3,17,350,528551
B2VMF4,17,350,528552
B2VMF5,17,350,528553
B2VMF6,17,356,528554
B2VMF7,17,356,528555
B2VMF8,17,356,528556
B2VMF9,17,350,528557
B2VMG0,17,350,528558
B2VMG1,17,350,528559
B2VMG2,17,350,528560
B2VMG3,17,350,528561
B2VMG4,17,350,528562
B2VMH5,16,565,475484
B2VMI6,17,565,456110
B2VMJ3,17,565,456116
B2VMJ8,16,566,519792
B2VMK9,16,566,519793
B2VMM0,17,565,519789
B2VMN1,15,562,488232
B2VMP2,15,562,506411
B2VMQ3,15,562,488241
B2VMR4,15,562,488234
B2VMS5,18,560,475527
B2VMT6,12,563,479012
B2VMU7,16,568,479018
B2VMV8,18,552,490396
B2VMW9,18,552,490395
B2VMY0,18,552,490473
B2VMZ1,18,552,490438
B2VN02,18,552,490439
B2VN13,18,552,490474
B2VN24,18,552,490400
B2VN35,18,552,490402
B2VN46,18,552,490404
B2VN57,18,552,490480
B2VN68,18,552,490487
B2VN79,18,552,490475
B2VN90,18,552,490485
B2VNA1,18,552,490457
B2VNB2,18,552,490417
B2VNC3,18,552,490460
B2VND4,18,552,490478
B2VNE5,18,552,490419
B2VNH8,6,344,352963
B2VNI7,4,343,514118
B2VNQ0,5,555,529791
B2VNR2,7,349,529796
B2ZV32,16,566,529058
B2ZV35,16,566,529058
B2ZV44,16,566,529052
B2ZV46,16,566,529067
B2ZV61,16,566,529044
B2ZV66,16,566,529056
B2ZV73,16,566,529068
B2ZV82,16,566,529054
B2ZV86,16,566,529042
B2ZV90,16,566,529053
B2ZV96,16,566,529065
B2ZV97,16,566,529066
B2ZV98,16,566,529055
B2ZVA7,16,566,529033
B2ZVB7,16,566,529051
B2ZVC3,16,566,529045
B2ZVD1,16,566,529059
B2ZVF0,16,566,529062
B2ZVF4,16,566,529063
B2ZVG5,16,566,529064
B2ZVI6,16,566,529057
B2ZVI8,17,565,529029
B2ZVJ5,17,565,529037
B2ZVK5,17,565,529030
B2ZVK7,17,565,529027
B2ZVL9,17,565,529046
B2ZVN1,17,565,529028
B2ZVN2,17,565,529050
B2ZVN3,17,565,505571
B2ZVP3,17,565,529048
B2ZVQ2,17,565,505492
B2ZVQ3,17,565,529036
B2ZVQ4,17,565,529039
B2ZVQ5,17,565,476306
B2ZVQ8,17,565,529031
B2ZVR4,17,565,505573
B2ZVS3,17,565,529032
B2ZVU1,17,565,529043
B2ZVU3,17,565,529060
B2ZVU8,17,565,529035
B2ZVV0,17,565,529034
B2ZVX7,17,565,529047
B2ZVY0,17,565,529032
B3EUP5,17,566,370135
B3EUQ6,17,566,383533
B3EUR7,16,565,385605
B3EUS8,16,565,475483
B3EUT9,15,562,488239
B3EUV0,15,562,488237
B3EUW1,15,562,488235
B3EUX2,15,562,488229
B3EUY3,13,560,488240
B3EUZ4,15,562,488231
B3EV05,15,562,488236
B3EV16,16,565,500659
B3EV27,16,565,500684
B3EV38,16,565,500679
B3EV49,16,565,500661
B3EV60,16,565,500671
B3EV71,16,565,500664
B3EV82,16,565,500665
B3EV93,16,565,500672
B3EVA4,16,565,500674
B3EVB5,16,565,500678
B3EVC6,16,565,500669
B3EVD7,16,565,500662
B3EVE8,16,565,500683
B3EVF9,16,565,500680
B3EVH0,16,565,500670
B3EVI1,16,565,500660
B3EVJ2,16,565,387234
B3EVK3,16,566,510641
B3EVL4,16,566,510644
B3EVM5,16,566,510646
B3EVN6,16,566,510652
B3EVP7,16,566,510636
B3EVQ8,16,566,510637
B3EVR9,16,566,510648
B3EVT0,16,566,510643
B3EVU1,16,566,510654
B3EVV2,16,566,510639
B3EVW3,16,566,510640
B3EVX4,16,566,510653
B3EVY5,16,566,510635
B3EVZ6,16,566,510647
B3EW07,16,566,510656
B3EW18,16,566,510651
B3GK99,16,568,527166
B3GT45,16,568,533297
B3H364,16,561,538989
B3H375,16,566,538987
B3H386,16,566,538993
B3H3A8,16,561,538992
B3H3B9,16,566,538994
B3H3D0,16,566,538991
B3H3E1,16,566,538995
B3H3F2,16,566,538990
B3H3G3,16,566,538986
B3RDB8,16,566,542814
B3RDC9,16,564,542812
B3RDE0,16,566,542817
B3RDF1,16,564,542818
B3RDG2,16,565,542815
B3RDH3,16,566,542813
B3RDI0,17,566,458009
B3RDJ1,16,565,475463
B3RDK2,16,565,500677
B3RDL3,16,565,500681
B3RDM4,16,566,502858
B3RDN5,16,566,502866
B3RDP6,16,566,506358
B3RDQ7,16,566,506359
B3RDR8,16,566,506362
B3RDS9,16,566,506363
B3RDU0,16,566,506364
B3RDV1,16,566,506365
B3RDW2,16,566,506366
B3RDX3,16,566,221004
B3RDY4,16,566,506368
B3RDZ5,16,566,220997
B3RE06,16,566,506371
B3RE17,16,566,506373
B3RE28,16,566,506374
B3RE39,16,566,506375
B3RE50,16,566,506376
B3RE61,16,566,506377
B3RE72,16,566,506378
B3RE83,16,566,506381
B3RE94,16,566,506382
B3REA5,16,566,506384
B3REB6,16,566,506390
B3REC7,16,566,510650
B3RED8,15,563,476640
B3REE9,18,560,447188
B3REG0,16,568,478994
B3REH1,16,567,479009
B3REI2,16,567,479017
B3REJ3,18,552,490437
B3REK4,18,552,490397
B3REL5,18,552,490398
B3REM6,18,552,490440
B3REN7,18,552,490481
B3REP8,18,552,490413
B3REQ9,18,552,490414
B3RES0,18,552,490410
B3RET1,18,552,490411
B3REU2,18,552,490482
B3REV3,18,552,490456
B3REW4,18,552,490476
B3REX5,18,552,490461
B3REY6,18,552,490418
B3REZ7,18,552,490426
B3SQR3,17,566,469645
B3SQS4,16,566,469643
B3SQT5,17,566,469644
B3SQT7,16,566,469646
B4UNA8,16,566,547381
B4UNB9,16,566,547377
B4UND0,15,562,547370
B4UNE1,16,566,547378
B4UNF2,16,566,547391
B4UNG3,16,566,547379
B4UNH4,16,566,547382
B4UNI5,18,560,547400
B4UNJ6,16,566,547392
B4UNK7,16,566,547393
B4UNL8,16,566,547396
B4UNM9,16,566,547394
B4UNP0,16,566,547395
B4UNQ1,16,566,547397
B4UNR2,16,566,547399
B4UNS3,16,564,547390
B4UNU1,16,566,456173
B4UNV2,17,565,519788
B4UNW3,15,562,384528
B4UNX4,16,565,500682
B4UP07,16,566,506351
B4UP18,16,566,506392
B4UP29,16,566,506393
B4UP40,16,566,506394
B4UP51,16,566,506398
B4UP62,16,566,506399
B4UP73,16,566,506400
B4UP84,16,566,506401
B4UP95,16,566,506402
B4UPA6,17,565,211044
B4UPC8,17,566,518924
B4UPF7,17,565,518922
B4UPH9,16,566,518976
B4UPJ0,16,566,518981
B4UPK1,16,566,518944
B4UPL3,17,566,380964
B4UPM0,1,541,547386
B4UPM4,1,541,539990
B4UPM9,11,556,547387
B4UPN3,11,554,539973
B4UPN8,11,555,539979
B4UPP0,11,554,539998
B4UPP3,11,549,539994
B4UPP4,11,559,539993
B4UPP8,11,549,539985
B4UPP9,11,558,539988
B4UPQ1,11,550,539987
B4UPQ2,11,548,540000
B4UPQ6,11,556,539964
B4UPQ9,12,557,539958
B4UPR1,11,554,539981
B4UPR7,11,552,702531
B4UPR9,11,554,547388
B4UPS0,12,561,539957
B4UPS3,11,558,539983
B4UPS4,12,557,539962
B4UPT0,8,556,539996
B4UPT1,12,557,539955
B4UPT2,10,550,539935
B4UPT3,11,551,547389
B4UPT7,7,552,539960
B4UPU0,12,558,657664
B4UPU5,11,549,657665
B4UPU7,7,552,539956
B4UPU8,11,558,539953
B4UPV3,12,561,657666
B4UPV8,9,559,676593
B4UPV9,12,552,539942
B4UPW2,11,551,539978
B4UPW4,11,549,539989
B4UPY1,9,557,657668
B4UPY4,12,562,539950
B4UPY5,12,552,657669
B4UPY6,11,551,539976
B4UPY8,9,563,539968
B4UQ03,12,559,539951
B4UQ14,13,561,657674
B4UQ15,11,549,539982
B4UQT8,15,562,488227
B4UQU9,16,566,506355
B4UQW0,16,566,506369
B4UQX1,16,566,506372
B4UQY2,16,566,506387
B4UQZ3,16,566,506389
B4UR04,16,566,506391
B4UR15,16,566,506403
B4UR26,15,562,382781
B4UR37,15,562,506405
B4UR48,15,562,506406
B4UR59,15,562,506407
B4UR70,15,562,506409
B4UR81,16,566,510638
B4UR92,16,566,510655
B4URC5,16,566,393902
B4URD6,17,565,518998
B4URE7,17,565,382835
B4URH3,17,566,538988
B4URI4,17,566,548823
B4URJ4,16,561,548822
B4URK4,16,564,548824
B4URL4,16,561,548821
B4URM3,16,566,548825
B4URM9,18,552,444825
B4URP0,16,568,478991
B4URQ1,16,568,478995
B4URR2,16,568,479001
B4URS3,16,568,479006
B4URT4,16,567,479014
B4URU5,18,552,490477
B4URV6,18,552,490394
B4URW7,16,550,490434
B4URX8,18,552,490391
B4URY9,18,552,490392
B4US00,18,552,490472
B4US11,18,552,490431
B4US22,18,552,490444
B4US33,18,552,490405
B4US44,18,552,490406
B4US55,18,552,490445
B4US66,18,552,490446
B4US77,18,552,490459
B4US88,18,552,490423
B4US99,18,552,506256
B4USB0,18,552,506257
B4USC1,18,552,506262
B4USD2,18,552,506264
B4USE3,18,552,506268
B4USF4,18,552,506269
B4USG5,18,552,506271
B4USH6,16,566,519791
B4USI7,16,566,519795
B5FVS0,17,356,556353
B5FVS1,17,356,556358
B5FVS2,17,350,556362
B5FVS3,17,350,556387
B5FVS4,17,350,556388
B5FVS5,17,350,556389
B5FVS6,17,350,556392
B5FVS7,13,344,556393
B5FVS8,17,350,556394
B5FVS9,17,350,556395
B5FVT0,17,350,556396
B5FVT1,17,350,556397
B5FVT2,17,356,556418
B5FVT3,17,356,556421
B5FVT4,17,356,556422
B5FVT5,17,353,556425
B5FVT6,17,350,556339
B5FVT7,17,350,556340
B5FVT8,17,350,556341
B5FVT9,17,350,556342
B5FVU0,17,350,556343
B5FVU1,17,350,556344
B5FVU2,17,350,556345
B5FVU3,17,350,556346
B5FVU4,17,350,556347
B5FVU5,17,350,556348
B5FVU6,17,356,556349
B5FVU7,17,356,556350
B5FVU8,17,356,556351
B5FVU9,17,356,556352
B5FVV0,17,370,556354
B5FVV1,17,350,556355
B5FVV2,17,350,556356
B5FVV3,17,350,556357
B5FVV4,17,350,556359
B5FVV5,17,350,556360
B5FVV6,17,350,556361
B5FVV7,17,350,556363
B5FVV8,17,350,556364
B5FVV9,17,350,556365
B5FVW0,17,356,556366
B5FVW1,17,356,556367
B5FVW2,17,356,556368
B5FVW3,17,356,556369
B5FVW4,17,356,556370
B5FVW5,17,356,556371
B5FVW6,17,356,556372
B5FVW7,17,356,556373
B5FVW8,17,356,556374
B5FVW9,17,356,556375
B5FVX0,17,356,556376
B5FVX1,17,356,556377
B5FVX2,17,356,556378
B5FVX3,17,350,556379
B5FVX4,17,356,556380
B5FVX5,17,356,556381
B5FVX6,17,356,556382
B5FVX7,17,356,556383
B5FVX8,17,356,556384
B5FVX9,17,356,556385
B5FVY0,17,350,556386
B5FVY1,17,350,556390
B5FVY2,17,350,556391
B5FVY3,17,357,556398
B5FVY4,17,356,556399
B5FVY5,17,356,556400
B5FVY6,17,356,556401
B5FVY7,17,356,556402
B5FVY8,17,356,556403
B5FVY9,17,356,556404
B5FVZ0,17,356,556405
B5FVZ1,17,356,556406
B5FVZ2,17,356,556407
B5FVZ3,17,356,556408
B5FVZ4,17,356,556409
B5FVZ5,13,352,556410
B5FVZ6,17,356,556411
B5FVZ7,17,356,556412
B5FVZ8,17,355,556413
B5FVZ9,17,356,556414
B5FW00,17,356,556415
B5FW01,17,356,556416
B5FW02,17,356,556417
B5FW03,17,350,556419
B5FW04,17,356,556420
B5FW05,17,356,556423
B5FW06,17,356,556424
B5FW07,17,356,556426
B5FW08,17,356,556427
B5FW09,17,356,556428
B5FW10,17,356,556429
B5FW11,17,356,556430
B5FW12,17,356,556431
B5FW13,17,356,556432
B5FW14,17,356,556433
B5FW15,17,356,556434
B5FW16,17,356,556435
B5FW17,17,356,556436
B5FW18,17,356,556437
B5FW19,17,356,556438
B5FW20,17,356,556439
B5FW21,17,356,556440
B5FW22,17,356,556441
B5FW23,17,356,556442
B5FW24,17,356,556443
B5FW25,17,356,556444
B5FW26,17,356,556445
B5FW27,17,356,556446
B5FW28,17,356,556447
B5FW29,12,351,556448
B5FW30,17,356,556449
B5FW31,17,356,556450
B5SMM0,16,567,511825
B5SMN1,16,567,511826
B5SMP2,16,567,511827
B5SMQ3,16,567,511828
B5SMR4,16,567,511829
B5SMS5,16,567,511830
B5SMT6,16,567,511831
B5SMV8,16,567,511833
B5SMW9,16,567,511834
B5SMY0,16,567,511835
B5SMZ1,16,567,511836
B5SN02,16,567,511837
B5SN13,16,567,511838
B5SN24,16,546,511839
B5SN35,16,557,511840
B5SN43,9,549,539975
B5SN44,11,554,539977
B5SN45,11,556,539999
B5SN47,12,559,539959
B5SN48,11,549,539986
B5SN51,10,555,539965
B5SN53,11,551,539992
B5SN55,11,548,539997
B5SN56,12,557,539937
B5SN57,12,557,539940
B5SN59,11,553,539980
B5SN60,12,562,539969
B5SN62,9,554,539936
B5SN63,12,561,539967
B5SN66,11,551,539972
B5SN67,11,551,547363
B5SN68,11,555,539970
B5SN71,11,559,539984
B5SN77,12,552,539941
B5SN78,7,552,539963
B5SN79,10,545,539939
B5SN80,8,543,539938
B5SN81,3,541,539974
B5SN84,9,553,539952
B5SN86,12,545,539933
B5SN90,9,559,752150
B5SN92,9,555,752151
B5SN94,11,557,752152
B5SN96,11,557,540004
B5SN98,12,552,657672
B5SNA0,12,558,539946
B5SNA1,13,562,547362
B5SNA2,16,564,556752
B5SNA4,16,564,556750
B5SNA6,16,564,556751
B5SNB2,16,567,558385
B5SNC3,16,567,558389
B5SND4,16,567,558387
B5SNE5,16,567,558386
B5SNF6,16,567,558388
B5SNG3,16,568,558390
B5SNG5,16,568,558391
B5SNG7,16,568,558394
B5SNG9,16,568,558392
B5SNH1,16,568,558393
B6A5N6,18,552,490486
B6A5P7,18,552,444830
B6A5Q6,16,564,447183
B6A5R7,18,560,475522
B6A5S8,16,564,475531
B6A5T9,16,568,479005
B6A5V0,16,567,479015
B6A5W1,18,552,490447
B6A5X2,18,552,506251
B6A5Y3,18,552,506259
B6A5Z4,18,552,506273
B6A605,18,552,506274
B6A616,18,552,506275
B6A627,18,552,506276
B6A638,18,552,506277
B6A649,18,552,506281
B6A660,18,552,506282
B6A671,18,552,506283
B6A682,18,552,506287
B6A693,18,552,506290
B6A6A4,18,552,506292
B6A6B5,18,552,506294
B6A6C6,18,552,506296
B6A6D7,18,552,506297
B6A6E8,18,552,506306
B6A6F9,15,562,488238
B6A6H0,16,565,500676
B6A6I1,16,566,506352
B6A6J2,16,566,506353
B6A6K3,16,566,506354
B6A6L4,16,566,506356
B6A6M5,16,566,506361
B6A6N6,16,566,506396
B6A6P7,15,562,506408
B6A6R9,16,566,518943
B6A6T0,16,565,518962
B6A6U1,16,566,476294
B6A6V2,17,566,518921
B6A6W3,16,566,538971
B6A6X4,16,566,538972
B6A6Y5,16,566,538973
B6A6Z6,16,566,538974
B6A707,17,566,458021
B6A717,15,562,488228
B6A728,16,566,510649
B6A739,16,566,510645
B6A750,16,566,510642
B6A761,16,566,518973
B6A772,17,565,518928
B6A783,17,565,518926
B6A794,16,566,518942
B6A7A5,16,565,518978
B6A7B6,16,566,551081
B6A7C7,16,566,551082
B6A7D8,16,566,551083
B6A7E9,16,566,551084
B6A7G0,16,566,551085
B6A7H1,16,566,551086
B6A7I2,16,566,537938
B6A7J3,16,566,537940
B6A7K4,16,566,537941
B6A7L5,16,566,537945
B6A7M6,16,566,537946
B6A7P1,16,568,568918
B6JR42,12,562,676590
B6JR43,12,558,547364
B6JR44,15,564,539945
B6JR45,13,562,657675
B6JR46,13,562,1366256
B6JR50,10,552,569261
B6JR55,5,553,569258
B6JR60,9,557,569250
B6JR65,10,555,569266
B6JR76,11,559,569265
B6JR92,13,563,569237
B6JR96,5,548,569267
B6JRA1,7,552,676585
B6JRB0,12,562,569233
B6JRB5,11,559,569256
B6JRC2,9,552,569196
B6JRC7,10,555,569199
B6JRD1,7,549,569268
B6JRD4,12,562,569240
B6JRE3,11,559,569262
B6JRF6,14,564,569239
B6JRG1,10,557,658067
B6JRH5,8,546,569254
B6JRI0,3,553,569241
B6JRI5,12,562,569246
B6JRJ0,10,558,569253
B6JRJ5,13,563,569245
B6JRK0,10,558,569252
B6JRK4,11,549,569257
B6JRK9,11,559,569259
B6JRL4,14,564,569248
B6JRL8,11,557,676595
B6JRM4,6,553,569270
B6JRM9,13,563,569242
B6JRN4,10,560,569243
B6JRN9,8,556,569264
B6JRP3,5,552,569271
B6JRR2,11,561,569231
B6JRR5,11,561,673421
B6JRR8,14,562,673422
B6JRS3,11,561,673423
B6JRU4,13,563,673428
B6JRV5,10,549,569251
B6JRW2,9,551,569285
B6JRW9,13,555,569330
B6JRX4,13,555,569349
B6JRX9,13,555,569300
B6JS05,13,555,569298
B6JS10,13,555,569322
B6JS21,13,555,569289
B6JS24,7,549,569296
B6JS30,13,555,569327
B6JS39,12,554,569317
B6JS42,13,555,569288
B6JS47,13,555,569293
B6JS52,9,551,569284
B6JS57,9,551,569342
B6JS62,12,554,569279
B6JS67,13,553,569333
B6JS72,13,555,569331
B6JS77,13,555,569340
B6JS82,13,555,569334
B6JS91,12,554,569290
B6JS96,12,554,569304
B6JSA1,12,554,569320
B6JSB0,12,548,569346
B6JSB5,12,552,569307
B6JSC4,12,546,569343
B6JSC9,12,546,569338
B6JSD4,12,541,569312
B6JSF3,12,546,569344
B6JSF8,12,546,569329
B6JSG3,9,543,569328
B6JSG8,12,546,569325
B6JSH3,12,546,569336
B6JSH8,9,538,569341
B6JSI3,9,543,569306
B6JSI8,9,543,569310
B6JSJ3,9,543,569315
B6JSJ8,9,551,569295
B6JSK7,9,543,569323
B6JSL2,9,543,569321
B6JSL7,9,543,569281
B6JSM2,11,545,569337
B6JSM7,9,538,569292
B6JSN2,12,546,569305
B6JSN7,12,544,569319
B6JSP2,12,546,569316
B6JSP7,9,543,569309
B6JSQ1,9,543,569278
B6JSQ6,9,538,569297
B6JSR1,12,554,569347
B6JSR6,9,551,569348
B6JSS1,9,543,569324
B6JSS6,9,551,569350
B6JSS9,9,551,657718
B6JST4,9,543,569335
B6JST9,9,543,569303
B6JSU3,12,546,569302
B6JSU8,9,543,569345
B6JSV3,9,543,569283
B6JSV8,9,543,569280
B6JSW2,9,543,657719
B6JSW7,9,543,569339
B6JSX0,12,546,569294
B6JSX5,12,546,569301
B6JSY0,9,543,569291
B6JSY5,9,543,569287
B6JSY9,9,543,657720
B6JSZ4,9,543,569311
B6JSZ9,9,543,569332
B6JT04,9,543,569313
B6JT09,9,543,569299
B6JT14,12,546,569277
B6JT19,16,564,568922
B6JT30,16,564,568924
B6JT41,16,566,568919
B6JT52,16,566,568923
B6JT63,16,566,568925
B6JT74,18,562,570902
B6JT85,18,560,570904
B6JT96,18,560,570903
B6JTA9,16,566,571283
B6JTC0,16,566,571284
B6JTD5,7,555,568920
B6JTE6,16,566,568921
B6JTF3,16,566,455983
B6JTG4,16,563,447173
B6JTH5,16,568,479004
B6JTI6,18,552,490455
B6JTJ7,18,552,490466
B6JTK8,18,552,506260
B6JTL9,18,552,506261
B6JTN0,18,552,506267
B6JTP1,18,552,506279
B6JTQ2,18,552,506280
B6JTR3,18,552,506288
B6JTS4,18,552,506289
B6JTT5,18,552,506293
B6JTU6,18,552,506298
B6JTV7,18,552,506300
B6JTW8,18,552,506301
B6JTX9,18,552,506302
B6JTZ0,18,552,506303
B6JU01,18,552,506304
B6JU12,16,564,506309
B6RED1,18,564,486114
B6RED2,18,564,486113
B6RED3,19,565,486115
O09636,14,370,380331
O09637,14,370,380352
O09638,17,437,380332
O09639,17,432,380351
O09640,17,360,380330
O09641,17,385,380344
O09642,14,531,380350
O09722,26,309,146500
O09800,23,91,10299
O10236,24,669,59380
O10282,17,657,262177
O10284,17,205,262177
O10286,18,52,262177
O10336,18,819,262177
O10337,19,55,262177
O10358,20,529,262177
O10360,16,70,262177
O10363,16,550,262177
O10364,16,324,262177
O10367,18,53,262177
O11283,16,566,380949
O11457,32,676,128947
O11458,32,364,128947
O12164,31,856,388812
O12292,19,354,217826
O12293,16,344,217825
O12294,16,353,217824
O12686,20,352,55551
O36551,26,228,37296
O39316,18,1140,69294
O39317,18,1140,69294
O39839,16,360,225086
O39840,16,362,107470
O39841,16,363,62432
O40623,18,332,61856
O40633,22,151,10384
O41803,31,849,388825
O55647,35,1135,3052585
O55654,22,91,10534
O55655,19,130,10534
O56140,16,568,130763
O56677,17,512,50713
O56822,25,275,10359
O56855,16,346,217822
O56856,16,357,217821
O56857,16,346,217820
O56858,16,346,217819
O57166,19,140,126794
O57254,17,317,126794
O57261,18,326,126794
O57295,25,565,302272
O64363,26,181,1604876
O70902,28,845,388826
O72737,16,314,265871
O73559,19,351,265871
O80297,19,460,10868
O89292,31,846,388814
O89342,26,546,928303
O89746,16,568,100834
O90304,20,1583,360393
O90369,16,1247,374989
O90371,16,1247,79899
O91086,23,842,388818
O91241,19,538,2560602
O91242,19,538,2560602
O91262,24,439,76583
O91466,20,333,654905
O91532,19,214,489457
O92277,33,258,103920
O92284,19,524,11294
O92367,23,431,231423
O92446,23,839,271108
O92918,29,212,489490
O92920,19,212,489490
P00587,25,560,10714
P00588,32,567,10703
P00589,25,560,10703
P01136,19,140,10254
P01546,26,316,12450
P03153,19,217,10406
P03154,19,305,489543
P03172,25,393,10313
P03173,27,479,10314
P03178,30,338,10306
P03180,25,170,10377
P03188,22,857,10377
P03196,32,102,10377
P03212,22,137,10377
P03218,17,248,10377
P03224,28,234,10377
P03231,17,706,10377
P03250,19,130,10515
P03315,15,1253,11033
P03316,16,1245,11034
P03374,98,688,11760
P03375,32,856,11678
P03377,32,861,11686
P03378,31,855,11685
P03379,106,982,11742
P03380,33,515,11907
P03381,20,488,11926
P03383,18,486,11909
P03385,33,665,928306
P03386,31,669,11791
P03388,32,640,11936
P03389,32,408,11821
P03390,34,675,11796
P03391,34,662,11774
P03392,34,534,11780
P03393,32,409,355329
P03394,32,409,355328
P03396,64,601,11888
P03399,35,582,11636
P03420,21,574,11259
P03435,16,567,392809
P03436,16,566,384505
P03437,16,566,387139
P03438,16,566,132504
P03439,16,566,385640
P03440,16,566,393563
P03442,16,566,385580
P03443,16,564,385638
P03444,17,106,383555
P03445,16,100,387211
P03446,17,564,385582
P03447,16,109,11462
P03448,16,566,383604
P03449,16,566,383586
P03450,15,108,382828
P03451,15,562,382814
P03452,17,565,211044
P03453,17,566,381516
P03454,17,565,381518
P03455,17,566,186460
P03456,16,565,311175
P03457,18,560,385620
P03458,18,560,385636
P03459,18,563,392810
P03460,15,584,518987
P03461,5,574,11537
P03462,8,575,427826
P03463,15,583,107417
P03464,15,583,11541
P03465,14,654,203224
P03517,28,1313,11587
P03518,16,1206,11588
P03522,16,511,11285
P03524,19,524,11295
P03619,23,74,10868
P03620,29,82,10867
P03621,36,82,2011081
P03661,18,424,2847073
P03663,19,434,10867
P04027,22,587,11942
P04135,17,262,11151
P04136,23,78,11151
P04488,20,550,10299
P04494,17,160,28285
P04505,16,1433,35304
P04577,19,858,11720
P04578,32,856,11706
P04579,32,865,11701
P04580,30,855,11708
P04581,31,853,11689
P04582,32,851,11684
P04583,30,859,11697
P04624,32,856,11707
P04659,16,100,387212
P04660,16,100,11369
P04661,16,565,383550
P04662,16,83,384509
P04849,19,529,11208
P04855,25,565,11198
P04856,25,565,11196
P04875,13,1441,11580
P04882,16,517,11283
P04883,16,511,11278
P04884,16,511,11284
P05135,18,1163,11121
P05137,22,57,11127
P05674,15,1254,11037
P05877,31,856,11696
P05878,31,856,11702
P05879,33,868,11687
P05880,31,847,11705
P05881,31,856,11692
P05882,31,863,11681
P05883,22,856,11719
P05884,19,881,11735
P05885,22,882,11733
P05886,20,865,11731
P05992,23,78,11150
P06024,22,479,31523
P06156,31,553,11178
P06436,29,903,10304
P06437,30,904,10306
P06445,32,640,11784
P06473,24,906,10360
P06475,27,480,10313
P06476,25,393,10305
P06477,20,838,10299
P06497,22,91,28285
P06498,18,132,28285
P06752,34,639,103919
P06763,22,904,10313
P06828,18,539,11217
P07238,23,365,10738
P07566,22,1063,11045
P07575,22,586,11855
P07646,23,350,10350
P07923,20,508,11291
P07946,16,1447,11151
P07966,1,642,11566
P07967,1,642,203231
P07968,1,642,11564
P07970,1,641,203229
P07971,1,642,11557
P07973,1,642,11556
P07974,1,642,11567
P07975,14,655,100673
P07976,16,564,385586
P08026,22,315,69932
P08072,19,85,31530
P08354,20,577,10350
P08355,40,913,31523
P08356,20,838,10303
P08359,34,642,11769
P08360,33,661,11792
P08441,19,80,10272
P08491,20,1254,11032
P08560,18,368,10360
P08563,23,1063,11043
P08564,22,1063,376264
P08665,30,904,10308
P08666,22,904,10315
P08667,19,524,103929
P08668,18,1135,11602
P08714,16,315,10251
P08768,15,1239,11021
P08810,19,881,11734
P09175,17,262,11150
P09258,17,354,10338
P09260,17,841,10338
P09261,21,340,10338
P09308,21,159,10338
P09343,18,563,402520
P09344,18,563,402525
P09345,16,564,402527
P09385,22,319,10730
P09386,19,89,10730
P09458,19,538,11172
P09592,15,1254,11038
P09612,13,1441,11577
P09613,17,1008,487099
P09727,17,215,10360
P09728,24,185,10360
P09729,27,247,10360
P09730,21,227,10360
P09731,17,225,10360
P09765,8,578,11538
P09766,8,576,230286
P09767,8,578,11547
P09990,18,540,3052729
P0C0V9,14,416,360393
P0C0W0,14,416,360394
P0C212,20,488,402046
P0C572,19,522,12538
P0C573,19,212,490133
P0C625,19,214,480116
P0C692,19,214,482134
P0C699,19,212,10413
P0C6G7,19,212,10412
P0C6G9,19,212,10415
P0C6H2,19,212,489472
P0C6H3,19,212,482133
P0C6H5,19,212,10409
P0C6I1,19,212,489488
P0C6I5,19,212,489503
P0C6J0,19,211,490134
P0C6J2,19,218,10430
P0C6J3,19,217,341946
P0C6J4,19,218,10431
P0C6J5,19,218,10432
P0C6J6,19,218,10433
P0C6J9,19,305,489542
P10033,19,1452,33734
P10149,22,315,12371
P10185,19,224,10299
P10211,30,904,10299
P10228,24,511,10299
P10259,98,688,11758
P10269,18,563,11764
P10448,8,575,230285
P10681,27,505,10388
P10757,15,583,11527
P10864,19,546,11243
P10865,31,553,11185
P11041,27,248,110829
P11132,16,566,387208
P11135,16,566,380285
P11209,21,574,11261
P11223,18,1162,11122
P11224,14,1324,11142
P11225,10,1235,11144
P11236,19,538,11171
P11261,34,662,103916
P11267,22,881,11736
P11268,31,665,11787
P11316,21,134,45659
P11318,22,91,45659
P11323,19,172,45659
P11364,28,321,11768
P12430,21,1437,11574
P12439,17,561,382838
P12440,7,353,11521
P12441,12,366,11534
P12442,11,363,11530
P12443,11,365,11545
P12449,21,846,11718
P12487,31,853,11683
P12488,30,852,11693
P12489,31,867,11694
P12490,31,421,11698
P12491,31,460,11680
P12492,23,885,11737
P12568,21,574,11250
P12569,135,662,11233
P12570,31,553,11190
P12571,31,553,11189
P12572,31,553,11177
P12574,19,546,11242
P12575,25,565,11195
P12581,17,561,11339
P12583,16,566,387207
P12590,17,344,380213
P12605,21,555,11210
P12640,67,932,10323
P12641,22,917,10296
P12647,17,526,11301
P12650,18,1162,11126
P12651,18,1162,11127
P12722,18,1154,11124
P12824,23,743,10360
P13101,18,565,385603
P13102,18,566,385593
P13103,18,566,384499
P13160,21,821,10334
P13180,21,530,11273
P13201,24,907,10363
P13289,23,545,10315
P13304,26,97,10665
P13374,25,373,10391
P13625,17,509,262177
P13843,22,574,11251
P13845,19,305,28300
P13890,20,1254,11031
P13897,15,1236,11039
P14075,20,488,11927
P14334,19,183,10360
P14378,21,521,10323
P14623,31,553,11182
P15073,32,636,11935
P15133,22,91,10515
P15134,22,91,10519
P15136,19,134,10519
P15199,19,524,11293
P15240,27,163,10715
P15415,19,434,10869
P15416,29,84,10869
P15423,15,1173,11137
P15658,16,565,387222
P15776,18,424,11132
P15777,17,1363,11132
P15831,23,859,11716
P15879,40,251,29342
P16060,16,565,380301
P16288,19,524,11300
P16492,16,717,10383
P16493,18,1134,11583
P16561,16,315,10253
P16721,31,275,10360
P16739,23,345,10360
P16740,25,201,10360
P16745,19,228,10360
P16750,30,466,10360
P16756,23,327,10360
P16757,26,230,10360
P16758,25,340,10360
P16778,22,487,10360
P16795,21,138,10360
P16808,25,171,10360
P16809,23,234,10360
P16832,30,278,10360
P16833,24,314,10360
P16845,20,103,10360
P16848,23,595,10360
P16853,18,1135,11601
P16899,107,990,11664
P16948,19,219,11010
P16994,16,565,387214
P16995,16,565,387217
P16996,16,565,387219
P16997,16,565,11408
P16998,16,565,387229
P16999,16,565,11414
P17000,16,565,11418
P17001,16,565,380339
P17002,16,565,387234
P17099,19,214,10410
P17146,25,152,10360
P17150,19,175,10360
P17175,21,148,10363
P17176,23,742,10363
P17190,19,305,10439
P17191,19,305,10440
P17281,30,854,402771
P17471,67,928,10324
P17472,28,919,10333
P17501,20,512,46015
P17504,15,585,11525
P17662,18,550,11125
P17755,24,851,11713
P17880,16,1133,11610
P18040,21,738,11717
P18050,86,980,10327
P18094,22,860,11714
P18450,16,1449,11150
P18535,32,489,10392
P18538,21,865,33707
P18551,86,980,10328
P18557,18,82,10498
P18558,18,124,10498
P18559,19,104,10498
P18569,18,506,46015
P18799,31,846,11695
P18875,17,566,384495
P18876,17,566,393557
P19063,17,258,10252
P19106,16,566,381517
P19347,22,37,10707
P19462,19,524,11296
P19503,22,889,11738
P19549,31,852,11690
P19550,31,847,11691
P19551,32,853,11704
P19694,16,564,385587
P19695,16,564,11338
P19696,16,564,385590
P19697,16,564,385592
P19698,16,564,402464
P19699,16,565,385605
P19700,16,564,380343
P19701,16,564,387250
P19702,16,564,383603
P19716,19,538,11173
P19725,22,1063,11044
P19739,21,133,11137
P19742,43,101,33734
P19743,17,206,33734
P20494,19,142,10249
P20747,55,283,10553
P20871,32,848,11688
P20872,24,859,11721
P20888,31,855,11699
P20978,16,315,10249
P21004,13,272,10249
P21005,17,77,10249
P21014,20,321,10249
P21058,14,176,10249
P21064,16,219,10249
P21077,21,353,10249
P21115,17,317,10249
P21116,18,30,10249
P21400,23,1148,1337063
P21401,16,1197,11589
P21412,19,575,11856
P21415,41,685,11840
P21436,33,666,11799
P21443,34,668,11922
P21444,34,273,11921
P21445,36,645,11779
P22056,14,1247,11028
P22092,15,585,1077587
P22167,25,574,11248
P22432,14,1376,12760
P22484,19,442,10329
P22485,30,338,10315
P22596,32,485,10333
P22650,27,501,10387
P22651,27,501,10389
P23052,20,1581,11156
P23058,19,302,46015
P23061,20,341,10288
P23064,20,488,11928
P23422,106,989,11743
P23423,106,991,11744
P23728,25,574,11249
P23998,19,351,10250
P24083,17,317,10252
P24084,17,317,10246
P24105,24,859,11715
P24284,17,92,10248
P24358,20,322,10254
P24380,23,552,10330
P24412,17,262,11148
P24413,16,1225,11148
P24430,22,855,10333
P24614,18,538,11264
P24766,16,219,10254
P24770,13,272,10254
P24771,17,77,10254
P24872,30,402,10328
P24904,26,883,10344
P24905,17,808,10383
P24916,22,151,10383
P24994,34,885,10316
P25057,33,515,11903
P25129,31,437,2011081
P25181,26,561,3052561
P25190,14,1363,11129
P25191,17,1363,11130
P25192,17,1363,11131
P25193,17,1363,11133
P25194,17,1363,11134
P25212,18,326,10254
P25213,19,351,10254
P25218,86,980,10330
P25467,23,551,2560525
P25504,33,515,11902
P25505,33,515,11904
P25506,33,515,11905
P25507,33,515,11906
P25783,16,323,46015
P25878,17,262,33734
P25943,16,325,10272
P25946,17,258,10272
P26031,26,529,11237
P26032,23,534,11239
P26094,18,570,217837
P26095,18,570,217835
P26096,18,570,217836
P26097,18,570,217834
P26098,18,570,475494
P26099,18,570,380340
P26100,18,570,217831
P26101,18,570,380337
P26102,18,570,217828
P26103,18,570,217829
P26134,16,566,385646
P26135,16,566,383553
P26136,17,568,352564
P26137,12,563,11433
P26138,16,566,384518
P26139,16,566,385645
P26140,17,566,384487
P26141,16,566,385644
P26562,17,566,352520
P26628,31,553,11188
P26629,23,551,11214
P26702,16,117,10499
P26703,16,119,10499
P26704,17,119,10499
P26705,20,121,10499
P26706,17,121,10499
P26707,18,124,10499
P26708,18,124,10499
P26709,20,137,10499
P26710,19,290,10499
P26803,34,676,11798
P26804,34,676,11797
P26814,16,97,2681611
P27171,36,928,10367
P27277,17,632,11307
P27284,15,1240,11022
P27285,16,1245,31699
P27286,23,551,11213
P27312,23,1148,39002
P27315,21,1142,3052492
P27415,26,883,10343
P27416,30,686,33703
P27427,20,521,11319
P27593,30,686,10350
P27599,25,842,10323
P27655,16,1225,33736
P27662,20,507,11288
P27757,16,768,11727
P27944,16,226,10498
P27945,16,329,10498
P27977,19,877,11730
P28278,16,224,10315
P28728,16,1133,31617
P28729,16,1134,31620
P28730,17,344,387156
P28731,17,344,380981
P28864,23,830,10370
P28886,10,537,11240
P28967,19,411,31520
P28968,25,797,31520
P28977,15,512,126796
P28980,27,100,31520
P28986,24,511,10306
P28992,28,227,299386
P28994,21,152,299386
P28995,18,255,299386
P29326,19,660,31767
P29791,25,572,11247
P29825,16,326,31530
P30005,56,651,10369
P30027,19,305,31510
P30215,18,424,31631
P30237,23,57,11122
P30238,22,57,31625
P30239,23,57,31630
P30240,23,57,31629
P30673,14,725,10367
P31613,18,424,11131
P31614,19,439,11145
P31615,20,428,11142
P31621,84,615,11746
P31626,83,966,11661
P31627,80,942,11662
P31789,28,584,11932
P31791,22,671,11766
P31793,32,356,31692
P31794,31,665,31689
P31796,35,567,11899
P31819,37,861,36375
P31872,31,856,31678
P32514,19,411,10329
P32515,25,383,10329
P32536,24,712,31681
P32550,19,524,31613
P32595,12,623,928297
P32596,14,586,928297
P32650,19,405,10333
P33426,19,660,33774
P33455,17,1133,12557
P33464,17,262,33736
P33465,23,101,33733
P33467,17,176,33733
P33468,18,421,11129
P33470,16,1449,33737
P33481,19,538,33729
P33500,27,501,33707
P33612,31,553,11187
P33613,31,553,11181
P33614,31,553,11184
P33615,31,553,11186
P33807,16,313,587200
P33852,25,216,587200
P33854,16,218,587200
P33865,20,322,587200
P34016,17,253,587200
P35253,18,681,33727
P35254,18,681,33728
P35771,19,166,343463
P35936,31,553,11180
P35949,21,537,296738
P35954,106,983,36374
P35961,31,843,362651
P35973,23,550,36408
P36291,35,1135,36413
P36299,17,262,36391
P36300,18,1451,36391
P36301,23,101,36391
P36302,15,213,36391
P36318,25,394,10301
P36319,23,830,10369
P36320,23,830,36351
P36329,15,1255,36382
P36330,15,1254,36383
P36331,15,1254,36384
P36332,15,1255,36385
P36334,14,1353,31631
P36336,17,813,33707
P36337,17,808,37108
P36342,17,395,10325
P36346,18,563,11384
P36705,21,91,28282
P36707,16,110,28282
P39230,22,97,10665
P40932,34,100,11973
P41265,23,1148,39000
P41266,23,1148,39001
P41356,19,546,36409
P41360,19,546,39007
P41416,18,53,46015
P41428,37,690,46015
P41444,16,181,46015
P41475,19,53,46015
P41672,15,530,46015
P41675,19,62,46015
P41684,17,551,46015
P41713,18,506,10449
P41715,16,324,208973
P41717,17,509,208973
P41721,16,323,271108
P42548,27,738,46014
P42549,26,238,46014
P51515,22,574,39068
P51519,33,515,11901
P51520,22,574,73490
P51728,17,186,1289570
P52352,22,822,57278
P52353,16,690,57278
P52366,24,86,57278
P52508,18,250,10370
P52509,21,246,57278
P52510,25,195,10388
P52511,16,156,31523
P52512,16,156,33703
P52513,17,274,69156
P52514,17,274,10367
P52526,18,250,36351
P52543,23,694,36351
P52547,26,84,36351
P52549,23,738,36351
P52584,20,133,10259
P52585,25,148,73495
P52638,22,503,928296
P57083,25,394,10308
P59594,13,1255,694009
P59635,15,122,694009
P59709,18,424,11133
P59710,18,424,11130
P59711,18,424,233262
P60170,32,364,128952
P60171,32,364,128951
P60172,32,372,128948
P60173,32,372,128949
P60528,19,183,10363
P68323,23,694,10369
P68324,23,694,10370
P68325,30,468,10330
P68326,22,424,10328
P68327,19,452,10330
P68328,23,550,10328
P68329,22,424,10330
P68330,21,848,10327
P68331,30,338,10299
P68332,30,338,10307
P68333,30,338,36345
P68334,31,343,10329
P68444,16,182,10254
P68445,16,182,10249
P68570,25,137,2932878
P68618,25,221,10249
P68619,25,221,10254
P68636,19,349,203173
P68637,19,349,203172
P68638,19,263,10254
P68639,19,263,10249
P68677,18,179,82832
P68678,18,179,82831
P68744,18,118,10498
P68745,18,118,10499
P68761,1,642,11568
P68762,14,655,11553
P68978,17,159,10515
P68979,17,159,10534
P68980,19,166,343462
P68981,19,166,10522
P69168,18,424,1977402
P69169,18,424,10863
P69178,20,89,12371
P69179,20,89,69932
P69338,29,270,10360
P69339,29,270,10363
P69353,23,550,11235
P69354,23,550,70146
P69355,23,550,11236
P69356,23,550,70147
P69357,23,550,70148
P69358,23,550,70149
P69539,23,73,2847073
P69540,23,73,10863
P69541,23,73,1977402
P69612,23,78,33736
P69613,23,78,11148
P84393,19,411,310273
P84449,27,100,310273
P87506,16,564,293055
P87666,32,676,128951
P87670,32,364,129000
P87671,32,676,129000
P87691,7,648,127958
P87698,29,771,110195
P89053,23,854,47929
P89946,27,1239,11020
P89951,19,212,489544
Q00139,17,370,766178
Q00320,20,321,31531
Q00574,19,759,12118
Q00660,30,686,10349
Q00716,16,310,10256
Q00901,40,244,12336
Q00996,19,121,10383
Q00PL2,16,565,401085
Q00PM3,16,567,400274
Q00PN4,16,567,400273
Q00PP5,16,567,400271
Q00PQ6,16,568,400262
Q00PR7,13,565,373513
Q00PS8,16,568,387904
Q00PT9,17,566,400297
Q00PV0,17,565,394788
Q00PW1,17,565,394785
Q00PX2,16,566,394780
Q00PY3,16,566,390226
Q00PZ4,16,566,390223
Q00Q05,17,565,383108
Q00Q16,17,566,382994
Q00Q27,17,566,370196
Q00Q38,16,568,400288
Q00Q49,16,568,400287
Q00Q60,16,568,400286
Q00Q71,16,568,400285
Q00Q82,16,568,400284
Q00Q93,16,568,400283
Q00QB5,16,567,400276
Q00QC6,16,567,400270
Q00QD7,16,567,400269
Q00QE8,16,567,400268
Q00QF9,16,567,400267
Q00QH0,16,567,400266
Q00QI1,16,567,400265
Q00QJ2,16,567,400264
Q00QK3,16,567,369763
Q00QL4,16,568,400261
Q00QM5,13,565,400258
Q00QN6,16,568,400257
Q00QP7,16,568,376709
Q00QQ8,16,568,388110
Q00QR9,16,568,375753
Q00QT0,16,566,400320
Q00QU1,16,566,400319
Q00QV2,16,566,400318
Q00QW3,16,566,400317
Q00QX4,16,566,400316
Q00QY5,17,566,400315
Q00QZ6,17,566,400314
Q00R07,16,566,400313
Q00R18,16,566,400312
Q00R29,17,565,400311
Q00R40,17,565,400310
Q00R51,17,565,400309
Q00R62,17,565,400308
Q00R73,17,566,400304
Q00R84,16,566,400294
Q00R95,16,566,400337
Q00RA6,17,565,400334
Q00RB7,16,566,400333
Q00RC8,16,566,400326
Q00RD9,16,566,370216
Q00RF0,16,564,370186
Q01016,20,360,10383
Q01031,19,141,10383
Q01049,21,90,10383
Q01218,16,314,10254
Q01227,17,317,10254
Q01232,14,176,10254
Q01977,16,1447,33738
Q02004,17,1551,766194
Q02077,1,436,103918
Q02385,14,1376,33735
Q02409,21,873,31521
Q02837,20,854,31684
Q03500,23,659,31768
Q03731,29,212,10407
Q03816,20,488,39016
Q03817,20,488,39015
Q03909,21,571,385585
Q04463,31,933,35243
Q04464,28,920,10353
Q04523,18,326,265872
Q04547,20,353,36348
Q04548,24,604,36348
Q04566,35,249,11049
Q04568,22,183,11049
Q04569,32,201,11049
Q04611,19,660,31769
Q04703,23,101,33732
Q04704,15,213,33732
Q05059,25,394,10304
Q05060,25,394,10306
Q05320,32,676,128952
Q05495,19,212,45410
Q05894,20,351,10290
Q06093,56,651,10370
Q06094,26,84,10370
Q06670,19,847,46015
Q06VC5,26,501,328615
Q06Y10,15,1355,277944
Q06Y16,15,1355,277944
Q07005,30,338,36346
Q07752,17,344,387149
Q07753,17,344,387183
Q07754,17,344,387185
Q07767,17,344,387141
Q07768,17,344,387142
Q07769,17,344,387145
Q07770,17,344,387146
Q07771,17,344,387151
Q07772,17,344,387152
Q07773,17,344,387153
Q07774,17,344,387154
Q07775,17,344,387165
Q07776,17,344,387169
Q07777,17,344,387180
Q07778,17,344,387173
Q07779,17,344,387171
Q07780,17,344,387184
Q07781,17,344,387187
Q07E63,16,566,400292
Q07E74,16,566,400291
Q07E85,16,566,400348
Q07E96,16,566,400347
Q07EA7,16,566,400345
Q07EB8,17,565,400344
Q07EC9,16,566,400336
Q07EE0,16,566,400332
Q07EF1,16,566,400331
Q07EG2,16,566,400329
Q07EH3,16,566,400328
Q07EI4,16,566,400327
Q07EJ5,16,566,400325
Q07EK6,16,566,390172
Q07EL7,16,566,390170
Q07EM8,16,566,385740
Q07EN9,16,566,417284
Q07EQ0,16,566,417283
Q07ER1,17,565,383277
Q07ES2,16,566,383270
Q07ET3,16,566,383265
Q07EU4,17,565,383143
Q07EV5,16,566,383047
Q07EW6,17,564,378160
Q07EX7,16,566,370236
Q07EY8,16,566,363033
Q07EZ9,16,566,370153
Q07F65,17,565,402937
Q07F66,17,565,402936
Q07F67,17,565,402935
Q07F68,17,565,402934
Q07F70,17,565,402938
Q07F71,17,565,402933
Q07F97,16,568,400260
Q07FA8,16,568,400259
Q07FB9,16,568,400254
Q07FD0,16,568,373035
Q07FE1,16,566,400346
Q07FF2,17,565,400340
Q07FG3,17,565,394795
Q07FH4,17,565,394794
Q07FI5,17,565,394786
Q07FJ6,17,565,394784
Q07FK7,16,566,383226
Q07FL8,16,566,383122
Q07FM9,17,565,383104
Q07FP0,18,560,378154
Q07FQ1,16,566,370215
Q07FR2,16,566,370202
Q07FS3,16,566,370200
Q07FT4,16,564,370166
Q07FU5,16,566,370155
Q07FV6,16,566,370144
Q07FW7,16,566,370138
Q08011,16,565,45413
Q08089,19,524,45418
Q08100,18,417,45407
Q08101,26,575,45407
Q08103,24,444,45407
Q09SZ7,22,493,406769
Q09YQ0,16,566,400349
Q09YR1,16,566,400343
Q09YS2,16,566,400342
Q09YT3,16,566,400341
Q09YU4,16,566,400339
Q09YV5,16,566,400335
Q09YW6,16,566,400330
Q09YX7,16,566,360266
Q09YY8,17,565,394793
Q09YZ9,16,566,390231
Q09Z10,16,566,390229
Q09Z21,16,566,390228
Q09Z32,16,566,390227
Q09Z43,16,566,390224
Q09Z54,16,566,390222
Q09Z65,16,566,390220
Q09Z76,16,566,390219
Q09Z87,16,566,390218
Q09Z98,16,566,390217
Q09ZA9,16,566,390216
Q09ZC0,16,566,390215
Q09ZD1,16,566,390214
Q09ZE2,16,566,390213
Q09ZF3,16,566,390212
Q09ZG4,16,566,390211
Q09ZH5,16,566,390210
Q09ZI6,16,566,390209
Q09ZJ7,16,566,390208
Q09ZK8,16,566,390207
Q09ZL9,16,566,390206
Q09ZN0,16,566,390205
Q09ZP1,16,566,390204
Q09ZQ2,16,566,390202
Q09ZR3,16,566,390201
Q09ZS4,16,566,390200
Q09ZT5,16,566,390199
Q09ZU6,16,566,390198
Q09ZV7,16,566,390197
Q09ZW8,16,566,390196
Q09ZX9,16,566,390195
Q09ZZ0,16,566,390194
Q0A001,16,566,390193
Q0A012,16,566,390192
Q0A023,16,566,390191
Q0A034,16,566,390190
Q0A045,16,566,390189
Q0A056,16,566,390186
Q0A067,16,566,390185
Q0A078,16,566,390184
Q0A089,16,566,390183
Q0A0A0,16,566,390181
Q0A0B1,16,566,390180
Q0A0C2,16,566,390177
Q0A0D3,16,566,390176
Q0A0E4,16,566,390174
Q0A0F5,16,566,390173
Q0A0G6,16,566,390171
Q0A0H7,16,566,390168
Q0A0I8,16,566,390163
Q0A0J9,16,566,390162
Q0A0L0,16,566,383305
Q0A0M1,16,566,383304
Q0A0N2,16,566,383296
Q0A0P3,16,566,383294
Q0A0Q4,16,566,383293
Q0A0R5,16,566,383288
Q0A0S6,16,566,383287
Q0A0T7,17,565,383285
Q0A0U8,16,566,383244
Q0A0V9,16,566,383241
Q0A0X0,16,566,383165
Q0A0Y1,16,566,383161
Q0A0Z2,16,566,383078
Q0A103,17,566,383035
Q0A114,17,566,378124
Q0A125,16,566,370521
Q0A136,16,566,370230
Q0A147,16,566,370229
Q0A158,16,566,370210
Q0A169,16,566,370189
Q0A181,16,564,370165
Q0A192,16,564,370161
Q0A1A3,16,566,370143
Q0A1B4,17,566,370136
Q0A242,17,566,402541
Q0A251,17,566,402539
Q0A257,17,566,1406570
Q0A261,19,565,402537
Q0A299,15,562,402532
Q0A2B0,16,566,402531
Q0A2C7,16,566,402529
Q0A2J8,18,562,402526
Q0A2P4,18,563,402522
Q0A2Q3,18,570,402521
Q0A2S1,18,564,402519
Q0A2T2,18,567,402518
Q0A2V1,18,563,402516
Q0A2W2,16,568,384510
Q0A2X3,15,562,382814
Q0A2Y4,17,566,402515
Q0A2Z4,16,566,402514
Q0A305,16,566,402513
Q0A316,16,566,402512
Q0A327,16,564,402511
Q0A338,16,564,402510
Q0A347,16,564,402509
Q0A366,16,566,402507
Q0A377,17,566,402506
Q0A383,18,552,342184
Q0A394,16,566,402504
Q0A3A5,16,566,402503
Q0A3B6,16,564,402502
Q0A3C6,16,566,402501
Q0A3D7,16,564,402500
Q0A3E8,16,564,402499
Q0A3H7,15,562,402496
Q0A3I8,15,562,402495
Q0A3K9,16,565,402493
Q0A3N8,18,560,402490
Q0A3P9,18,560,402489
Q0A3R9,16,566,402488
Q0A3V6,16,561,402481
Q0A3W5,17,566,402480
Q0A3X4,16,564,329182
Q0A3X8,16,564,402478
Q0A3X9,16,564,402477
Q0A3Y0,18,560,402476
Q0A3Y1,18,566,385597
Q0A3Y2,16,565,352514
Q0A3Y3,18,560,352515
Q0A3Y4,16,564,352046
Q0A3Z4,15,562,402475
Q0A405,16,566,387205
Q0A426,16,565,402474
Q0A448,17,561,382838
Q0A468,16,566,352517
Q0A485,16,561,352522
Q0A487,16,564,352034
Q0A489,16,564,402471
Q0A495,17,564,402468
Q0A498,16,566,402467
Q0A4A1,16,564,402466
Q0A4A6,17,566,383547
Q0A4B1,16,566,402463
Q0A4B3,16,566,402462
Q0A4B5,16,561,352540
Q0A4B8,16,566,352545
Q0A4B9,16,564,352547
Q0A4C1,18,560,215895
Q0A4C2,18,560,352555
Q0A4C5,15,562,215848
Q0A4C6,15,562,215847
Q0A4C7,16,566,402460
Q0A4D1,17,568,352564
Q0A4D2,18,566,402458
Q0A4D4,15,562,1598148
Q0A4D7,19,565,402457
Q0A4D8,17,564,402456
Q0A4E2,16,564,402454
Q0A4E4,16,565,402452
Q0A4F1,18,560,402447
Q0A4F6,17,566,402445
Q0A4G0,16,564,351909
Q0A4G1,16,564,402442
Q0A4H2,16,567,402440
Q0A4I5,16,564,352714
Q0A4I6,16,566,402434
Q0A4I9,15,562,1093329
Q0A4J1,15,562,352848
Q0A4K2,16,566,402438
Q0A4L2,16,564,370174
Q0E587,34,386,113370
Q0E590,20,252,113370
Q0GBX6,19,524,445792
Q0GBY1,19,524,445791
Q0HAC9,16,568,400830
Q0HAE0,16,568,400829
Q0HAF1,16,568,400828
Q0HAH3,16,568,400822
Q0HB33,16,568,400806
Q0HB54,16,568,400813
Q0HB65,16,568,400812
Q0HB76,16,568,400811
Q0HB87,16,568,400810
Q0HBP3,16,566,394776
Q0HBQ4,16,566,385736
Q0HBR5,16,566,385733
Q0HBS6,16,566,383308
Q0HBT7,16,566,383307
Q0HBU8,16,566,383306
Q0HBV9,16,566,383303
Q0HBX0,16,566,383302
Q0HBY1,16,566,383301
Q0HBZ2,16,566,393891
Q0HC03,16,566,417282
Q0HC14,16,566,383297
Q0HC25,16,566,383300
Q0HC36,16,566,383295
Q0HC47,16,566,383292
Q0HC58,16,566,383291
Q0HC69,16,566,383290
Q0HC80,16,566,383289
Q0HC91,16,566,383286
Q0HCA2,17,565,383279
Q0HCB3,16,566,383274
Q0HCC4,16,566,383273
Q0HCD5,16,566,383272
Q0HCE6,16,566,383271
Q0HCF7,16,566,383269
Q0HCG8,16,566,383268
Q0HCH9,16,566,383267
Q0HCJ0,16,566,383264
Q0HCK1,16,566,383263
Q0HCL2,16,566,383261
Q0HCM3,16,566,383233
Q0HCN4,16,566,383227
Q0HCP5,16,566,383129
Q0HCQ6,16,566,383119
Q0HCR7,16,566,383058
Q0HCS8,17,566,378147
Q0HCT9,17,566,375606
Q0HCV0,16,566,370207
Q0HCW1,17,565,394796
Q0HCX2,17,565,394792
Q0HCY3,17,565,394791
Q0HCZ4,17,565,394790
Q0HD05,17,565,394789
Q0HD16,17,565,394787
Q0HD27,16,566,383251
Q0HD38,16,566,383238
Q0HD49,17,566,378129
Q0HD60,17,566,383543
Q0P1C4,16,566,394781
Q0P1D5,16,566,394777
Q0P1E6,16,566,385743
Q0P1F7,16,566,385742
Q0P1G8,16,566,385741
Q0P1H9,16,566,385739
Q0P1J0,16,566,385738
Q0P1K1,16,566,385737
Q0P1L2,16,566,385735
Q0P1M3,16,566,385734
Q0P1N4,16,566,385732
Q0P1P5,16,566,385731
Q0P1Q6,16,566,385730
Q0P1R7,16,566,385729
Q0P1S8,16,566,385728
Q0P1T9,16,566,385727
Q0P1V0,16,566,385724
Q0P1W1,16,566,385720
Q0P1X2,16,566,385716
Q0P1Y3,16,566,385714
Q0P1Z4,16,566,385713
Q0P205,16,566,385712
Q0P216,16,566,385709
Q0P227,16,566,385708
Q0P238,16,566,385706
Q0P249,16,566,385697
Q0P260,16,564,383284
Q0P271,17,565,383283
Q0P282,17,565,383282
Q0P293,17,565,383281
Q0P2A4,17,565,383280
Q0P2B5,17,565,383278
Q0P2C6,16,566,383266
Q0P2D7,16,566,383260
Q0P2E8,16,566,383259
Q0P2F9,16,566,383257
Q0P2H0,16,566,383256
Q0P2I1,16,566,383250
Q0P2J2,16,566,383248
Q0P2K3,16,566,383246
Q0P2L4,16,566,383235
Q0P2M5,16,566,383234
Q0P2N6,16,566,383232
Q0P2P7,16,566,383224
Q0P2Q8,16,566,383214
Q0P2R9,16,566,383196
Q0P2T0,16,566,383177
Q0P2U1,16,566,383176
Q0P2V2,16,566,383127
Q0P2W3,16,566,383126
Q0P2X4,16,566,383125
Q0P2Y2,16,566,383124
Q0P2Z3,16,566,383113
Q0P304,16,566,383086
Q0P315,16,566,383085
Q0P326,16,566,383084
Q0P337,16,566,383083
Q0P348,16,566,383072
Q0P359,16,566,383029
Q0P370,16,566,383017
Q0P381,16,566,383001
Q0P392,17,566,382997
Q0P3A3,17,566,375635
Q0P3B4,17,566,375632
Q0P3C5,16,566,370224
Q0P3D6,16,566,370199
Q0P3E7,16,566,353462
Q0Q466,19,1371,693999
Q0Q469,15,121,389167
Q0Q470,15,122,389167
Q0Q475,15,1241,389167
Q0Q4F1,19,91,389230
Q0Q4F2,17,1350,389230
Q0R5Q9,20,491,402036
Q0R691,16,566,394779
Q0R6A2,16,566,390178
Q0R6B3,16,566,390175
Q0R6C4,16,566,385725
Q0R6D5,16,566,385723
Q0R6E6,16,566,385722
Q0R6F7,16,566,385721
Q0R6G8,16,566,385695
Q0R6H9,16,566,385694
Q0R6J0,16,566,383247
Q0R6K1,16,566,383245
Q0R6L2,16,566,383212
Q0R6M3,16,566,383207
Q0R6N4,16,566,383206
Q0R6P5,16,566,383202
Q0R6Q6,16,566,383198
Q0R6R7,16,566,383183
Q0R6S8,16,566,383175
Q0R6T9,16,566,383173
Q0R6V0,16,566,383159
Q0R6W1,16,566,383150
Q0R6X2,16,566,383128
Q0R6Y3,16,566,383123
Q0R6Z4,16,566,383120
Q0R705,17,565,383110
Q0R716,17,565,383105
Q0R727,16,566,383094
Q0R738,16,566,383091
Q0R749,16,566,383082
Q0R760,16,566,383081
Q0R771,16,566,383080
Q0R782,16,566,383079
Q0R793,16,566,383077
Q0R7A4,16,566,383076
Q0R7B5,16,566,383066
Q0R7C6,16,566,383065
Q0R7D7,16,566,383064
Q0R7E8,16,566,383059
Q0R7F9,16,566,383040
Q0R7H0,16,566,383031
Q0R7I1,16,566,383027
Q0R7J2,16,566,383024
Q0R7K3,16,566,383014
Q0R7L4,17,566,378132
Q0R7M5,17,566,378130
Q0R7N6,17,566,375639
Q0R7P7,17,566,375631
Q0R7Q8,17,566,375620
Q0R7R9,16,566,370475
Q0R7T0,17,564,370222
Q0R7U1,16,566,370197
Q0R7V2,17,566,370191
Q0R7W3,16,564,370169
Q0R7X4,16,564,370147
Q0R7Y5,17,566,370133
Q0R7Z6,16,566,394782
Q0R807,16,566,385726
Q0R818,16,566,385719
Q0R829,16,566,385718
Q0R840,16,566,385717
Q0R851,16,566,385715
Q0R862,16,566,385711
Q0R873,16,566,385710
Q0R884,16,566,385707
Q0R895,16,566,383258
Q0R8A6,16,566,383253
Q0R8B7,16,566,383242
Q0R8C8,16,566,383240
Q0R8D9,16,566,383239
Q0R8F0,16,566,383231
Q0R8G1,16,566,383230
Q0R8H2,16,566,383205
Q0R8I3,16,566,383204
Q0R8J4,16,566,383191
Q0R8K5,16,566,383162
Q0R8L6,16,566,383121
Q0R8M7,16,566,383116
Q0R8N8,16,566,383112
Q0R8P9,17,565,383106
Q0R8R0,17,565,383103
Q0R8S1,16,566,383090
Q0R8T2,16,566,383089
Q0R8U3,16,566,383088
Q0R8V4,16,566,383087
Q0R8W5,16,566,383055
Q0R8X6,16,566,383054
Q0R8Y7,16,566,383051
Q0R8Z8,16,566,383048
Q0R909,16,566,383046
Q0R920,16,566,383041
Q0R931,16,566,383032
Q0R942,16,566,383019
Q0R953,16,566,383009
Q0R964,16,566,383008
Q0R975,16,566,383007
Q0R986,16,566,383005
Q0R997,16,566,383004
Q0R9A8,16,566,383002
Q0R9B9,16,566,382996
Q0R9D0,17,566,378148
Q0R9E1,16,566,363049
Q0R9F2,16,566,383222
Q0R9G3,16,566,383221
Q0R9H4,16,566,383220
Q0R9I5,16,566,383219
Q0R9J6,16,566,383218
Q0R9K7,16,566,383217
Q0R9L8,16,566,383216
Q0R9M9,16,566,383215
Q0R9P0,16,566,383203
Q0R9Q1,16,566,383201
Q0R9R2,16,566,383200
Q0R9S3,16,566,383166
Q0R9T4,16,566,383158
Q0R9U5,16,566,383154
Q0R9V6,16,566,383153
Q0R9W7,17,565,383145
Q0R9X8,17,565,383101
Q0R9Y9,16,566,383075
Q0RA00,16,566,383071
Q0RA11,16,566,383070
Q0RA22,16,566,383063
Q0RA33,16,566,383023
Q0RA44,16,566,383018
Q0RA55,16,566,383016
Q0RA66,16,566,383011
Q0RA77,16,566,382998
Q0RA88,16,566,375628
Q0RA99,16,566,370518
Q0RAB0,16,566,370477
Q0RAD2,16,564,370182
Q0RAE3,17,566,370141
Q0Z7B1,17,343,385594
Q0Z7B2,17,343,385595
Q0Z7B3,17,344,385595
Q0Z7B4,17,344,385595
Q0Z7B5,17,344,385595
Q0ZME7,13,1351,443241
Q0ZME8,13,385,443241
Q10T81,16,566,385705
Q10T92,16,566,385704
Q10TA3,16,566,385703
Q10TB4,16,566,385702
Q10TC5,16,566,385701
Q10TD6,16,566,385700
Q10TE7,16,566,385699
Q10TF8,16,566,385698
Q10TG9,16,566,385696
Q10TI0,16,566,383228
Q10TJ1,16,566,480022
Q10TK2,16,566,383223
Q10TL3,16,566,383213
Q10TM4,16,566,383211
Q10TN5,16,566,383199
Q10TP6,16,566,383197
Q10TQ7,16,566,383182
Q10TR8,16,566,383181
Q10TS9,16,566,383180
Q10TU0,16,566,383179
Q10TV1,16,566,383174
Q10TW2,16,566,383170
Q10TX3,16,566,383169
Q10TY4,16,566,383168
Q10TZ5,16,566,383167
Q10U06,16,566,383157
Q10U17,16,566,383155
Q10U28,16,566,383149
Q10U39,16,566,383117
Q10U50,17,565,383111
Q10U61,16,566,383093
Q10U72,16,566,383069
Q10U83,16,566,383068
Q10U94,16,566,383067
Q10UA5,16,566,383062
Q10UB6,16,566,383061
Q10UC7,16,566,383060
Q10UD8,16,566,383057
Q10UE9,16,566,383056
Q10UG0,16,566,383053
Q10UH1,16,566,383052
Q10UI2,16,566,383050
Q10UJ3,16,566,383030
Q10UK4,16,566,383028
Q10UL5,13,563,383026
Q10UM6,16,566,383025
Q10UN7,16,566,375641
Q10UP8,16,566,375636
Q10UQ9,17,566,375619
Q10US0,17,566,375616
Q10UT1,17,565,363083
Q10UU2,17,565,363080
Q14EB0,13,1351,443240
Q14EB1,13,385,443240
Q15KM1,16,566,383210
Q15KN2,16,566,383209
Q15KP3,16,566,383208
Q15KQ4,16,566,383195
Q15KR5,16,566,383194
Q15KS6,16,566,383193
Q15KT7,16,566,383192
Q15KU8,16,566,383190
Q15KV9,16,566,383189
Q15KX0,16,566,480023
Q15KY1,16,566,383187
Q15KZ2,16,566,383186
Q15L03,16,566,383185
Q15L14,16,566,383184
Q15L25,16,566,383178
Q15L36,16,566,383164
Q15L47,16,566,383163
Q15L58,16,566,383160
Q15L69,16,566,383156
Q15L80,16,566,383152
Q15L91,17,565,383147
Q15LA2,17,565,383131
Q15LB3,16,566,383114
Q15LC4,17,565,383095
Q15LD5,16,566,383092
Q15LE6,16,566,383034
Q15LF7,16,566,383020
Q15LG8,16,566,383015
Q15LH9,16,566,383013
Q15LJ0,16,566,383012
Q15LK1,16,566,383010
Q15LL2,16,566,383006
Q15LM3,16,566,383003
Q15LN4,16,566,383000
Q15LP5,16,566,382999
Q15LQ6,16,566,382995
Q15LR7,16,566,378149
Q15LS8,16,566,378150
Q15LT9,16,566,375630
Q15LV0,16,566,375625
Q15LW1,16,566,375624
Q15LX2,16,566,375622
Q15LY3,16,566,375614
Q15LZ4,16,566,370497
Q15M05,16,566,370491
Q15M16,17,565,363126
Q15M27,16,566,383172
Q15M38,17,565,383144
Q15M49,16,566,383073
Q15M60,16,566,383049
Q15M71,16,566,383044
Q15M82,16,566,383043
Q15M93,16,566,383039
Q15MA4,16,566,383038
Q15MB5,16,566,383037
Q15MC6,16,566,383036
Q15MD7,16,566,383033
Q15ME8,17,566,378135
Q15MF9,17,566,378128
Q15MH0,17,566,378139
Q15MI1,16,566,378151
Q15MJ2,17,566,375638
Q15MK3,17,566,375634
Q15ML4,16,566,370480
Q15MM5,16,566,370478
Q1A243,25,835,388912
Q1A261,33,880,388911
Q1AQJ7,17,565,383148
Q1AQK8,17,565,383142
Q1AQL9,17,565,383141
Q1AQN0,17,565,383140
Q1AQP1,17,565,383139
Q1AQQ2,17,565,383138
Q1AQR3,17,565,383137
Q1AQS4,17,565,383136
Q1AQT5,17,565,383135
Q1AQU6,17,565,383134
Q1AQV7,17,565,383133
Q1AQW8,17,565,383132
Q1AQZ0,16,566,370522
Q1AR01,16,566,370519
Q1AR12,16,566,370128
Q1AR23,17,565,363164
Q1AR34,17,565,363144
Q1AR45,17,565,363130
Q1AR56,16,566,363056
Q1G7L8,17,566,375633
Q1G7M9,17,566,374443
Q1G7P0,16,566,374439
Q1I1F0,16,566,383115
Q1I1G1,17,565,383100
Q1I1H2,17,565,383097
Q1I1I3,17,565,383096
Q1I1J4,16,566,383074
Q1I1K5,17,566,378136
Q1I1L6,17,566,378137
Q1I1M7,17,566,378125
Q1I1N8,17,566,378133
Q1I1P9,17,566,378145
Q1I1R0,17,566,378134
Q1I1S1,17,566,378144
Q1I1T2,17,566,378141
Q1I1U3,17,566,378126
Q1I1V4,17,566,378138
Q1I1W5,17,566,378123
Q1I1X6,17,566,378146
Q1I1Y7,17,566,378131
Q1I1Z8,17,566,378143
Q1I209,17,566,378127
Q1I231,17,565,319857
Q1I242,17,566,375629
Q1I253,17,566,375642
Q1I264,17,566,375640
Q1I275,17,566,375627
Q1I286,16,566,375613
Q1I297,17,566,375604
Q1I2A8,16,566,370476
Q1I2B9,17,565,381518
Q1I2D0,17,565,363136
Q1I2E1,17,565,363122
Q1I2F2,17,565,363120
Q1I2G3,16,566,383588
Q1PD50,18,681,378830
Q1PDC7,18,681,378809
Q1PSY3,16,566,375637
Q1PSZ4,16,566,375626
Q1PT05,16,566,375623
Q1PT16,16,566,375621
Q1PT27,16,566,375618
Q1PT38,16,566,375615
Q1PT49,16,566,375612
Q1PT60,16,566,375609
Q1PT71,16,566,375608
Q1PT82,16,566,375603
Q1PT93,16,566,375602
Q1PTA4,16,566,375601
Q1PTB5,16,566,375600
Q1PTC6,16,566,375599
Q1PTD7,16,566,375598
Q1PTE8,16,566,375596
Q1PTF9,16,566,375593
Q1PTH0,16,566,375592
Q1PTI1,16,566,370498
Q1PTJ2,16,566,370492
Q1PTK3,17,566,374442
Q1PTL4,17,565,363142
Q1PTM5,16,566,363103
Q1PTN6,17,566,375617
Q1PTP7,17,566,375611
Q1PTQ8,17,566,375610
Q1PTR9,16,566,375607
Q1PTT0,17,566,375605
Q1PTU1,17,566,375597
Q1PTV2,17,566,375595
Q1PTW3,17,566,375594
Q1PTX4,17,565,363158
Q1PTY5,17,565,363157
Q1PTZ6,17,565,363152
Q1PU07,17,565,363151
Q1PU18,17,565,363150
Q1PU29,17,565,363149
Q1PU40,17,565,363147
Q1PU51,17,565,363145
Q1PU62,17,565,363140
Q1PU73,17,565,363131
Q1PU84,17,565,363112
Q1PU95,17,565,363097
Q1PUA6,17,565,363081
Q1PUB7,16,566,370490
Q1PUC8,16,566,370126
Q1PUD9,16,566,385624
Q1PUF0,16,566,363050
Q1WP20,17,566,368711
Q1WP31,17,565,363167
Q1WP42,17,565,363166
Q1WP53,17,565,363163
Q1WP64,17,565,363162
Q1WP75,17,565,363161
Q1WP86,17,565,363160
Q1WP97,17,565,363159
Q1WPA8,17,565,363154
Q1WPB9,17,565,363153
Q1WPD0,17,565,363146
Q1WPE1,17,565,363143
Q1WPF2,17,565,363141
Q1WPG3,17,565,363139
Q1WPH4,17,565,363138
Q1WPI5,17,565,363137
Q1WPJ6,17,565,363134
Q1WPK7,17,565,363133
Q1WPL8,17,565,363132
Q1WPM9,17,565,363129
Q1WPP0,17,565,363128
Q1WPQ1,17,565,363127
Q1WPR2,17,565,363125
Q1WPS3,17,565,363124
Q1WPT4,17,565,363123
Q1WPU5,17,565,363121
Q1WPV6,17,565,363119
Q1WPW7,17,565,363118
Q1WPX8,17,565,363090
Q1WPY9,17,565,363089
Q1WQ00,17,565,363084
Q1WQ11,17,565,363076
Q1WQ22,17,565,363072
Q1WQ33,17,565,363067
Q1WQ44,17,565,363061
Q1WQ55,16,566,353473
Q1WQ66,17,565,319852
Q1WQ77,16,566,370520
Q1WQ88,16,566,370516
Q1WQ99,16,566,370515
Q1WQB0,16,566,370514
Q1WQC1,16,566,370512
Q1WQD2,16,566,370511
Q1WQE3,16,566,370502
Q1WQF4,16,566,370487
Q1WQG5,16,566,370483
Q1WQH6,16,566,370482
Q1WQI7,16,566,364137
Q1WQJ8,17,565,363165
Q1WQK9,17,565,363156
Q1WQM0,17,565,363155
Q1WQN1,17,565,363148
Q1WQP2,16,566,363098
Q1WQQ3,17,565,363082
Q1WQR4,16,566,353451
Q1WQS5,16,566,353336
Q1WQT5,17,566,332747
Q20LB2,16,566,370513
Q20LC3,16,566,370504
Q20LD4,17,566,374441
Q20LE5,17,565,363135
Q20LF6,17,565,363117
Q20LG7,17,565,363116
Q20LH8,17,565,363114
Q20LI9,16,566,363110
Q20LK0,17,565,363095
Q20LL1,17,565,363094
Q20LM2,17,565,363093
Q20LN3,17,565,363091
Q20LP4,17,565,363088
Q20LQ5,17,565,363087
Q20LR6,17,565,363086
Q20LS7,17,565,363085
Q20LT8,17,565,363077
Q20LU9,17,565,363075
Q20LW0,17,565,363073
Q20LX1,17,565,363071
Q20LY2,16,566,370517
Q20LZ3,16,566,370510
Q20M04,16,566,370509
Q20M15,16,566,370508
Q20M26,16,566,370507
Q20M37,16,566,370506
Q20M48,16,566,370505
Q20M59,16,566,370501
Q20M70,16,566,370500
Q20M81,16,566,370496
Q20M92,16,566,370494
Q20MA3,16,566,370488
Q20MB4,16,566,370486
Q20MC5,16,566,370479
Q20MD6,16,566,385599
Q20ME6,17,566,370120
Q20MF7,17,566,368710
Q20MG8,17,566,367120
Q20MH9,17,566,381518
Q20MJ0,17,566,384527
Q20MK1,16,566,363109
Q20ML2,16,566,363107
Q20MM3,16,566,363105
Q20MN4,16,566,363101
Q20MP5,16,566,363099
Q20MQ6,17,565,363096
Q20MR7,17,565,363092
Q20MS8,17,565,363074
Q20MT9,16,566,370503
Q20MV0,16,566,370499
Q20MW1,16,566,370495
Q20MX2,16,566,370493
Q20MY3,16,566,370489
Q20MZ4,16,566,370485
Q20N05,16,566,370484
Q20N16,16,566,370481
Q20N27,17,566,191090
Q20N49,16,566,363111
Q20N60,16,566,363108
Q20N71,16,566,363106
Q20N82,16,566,363104
Q20N93,16,566,363102
Q20NA4,16,566,363100
Q20NB5,16,566,363048
Q20NB6,18,560,352511
Q20NB8,16,564,352045
Q20NC1,16,566,385580
Q20NC2,18,560,352523
Q20NC3,16,564,352525
Q20NC4,16,566,402470
Q20NC5,18,570,352532
Q20NC6,18,570,352533
Q20NC7,16,566,352349
Q20NC8,16,564,352543
Q20NC9,18,560,352544
Q20ND0,16,564,352548
Q20ND1,16,564,352000
Q20ND2,16,566,352551
Q20ND3,18,560,342215
Q20ND6,18,560,215907
Q20ND7,16,566,352557
Q20ND8,18,570,352560
Q20NE0,17,564,352569
Q20NE1,17,564,352571
Q20NE2,16,565,352574
Q20NE3,16,565,352575
Q20NE4,16,565,352578
Q20NE5,16,565,352781
Q20NE6,16,561,352585
Q20NE7,16,561,352586
Q20NE8,16,561,352587
Q20NE9,16,561,352589
Q20NF0,16,561,352782
Q20NF1,16,561,352783
Q20NF2,16,561,352784
Q20NF3,16,561,352786
Q20NF4,16,561,352593
Q20NF5,18,560,352595
Q20NF6,18,560,352598
Q20NF7,18,560,402450
Q20NF8,18,560,352600
Q20NF9,18,560,352601
Q20NG0,18,560,352602
Q20NG1,18,560,1093538
Q20NG2,18,560,352604
Q20NG3,18,560,352606
Q20NG4,18,560,352607
Q20NG5,16,561,402448
Q20NG6,18,560,352609
Q20NG7,18,560,352610
Q20NG8,18,566,1093324
Q20NG9,18,560,1346464
Q20NH0,16,566,352614
Q20NH1,18,560,352618
Q20NH2,18,560,222719
Q20NH3,18,560,351918
Q20NH4,18,560,352620
Q20NH5,17,566,352621
Q20NH6,17,566,142944
Q20NH7,17,566,385632
Q20NH8,16,564,352626
Q20NH9,16,564,352628
Q20NI0,16,564,351907
Q20NI1,16,564,351906
Q20NI2,16,564,351900
Q20NI3,16,564,352634
Q20NI4,16,564,352635
Q20NI5,16,564,352638
Q20NI6,16,564,352639
Q20NI9,16,564,352641
Q20NJ0,16,564,380343
Q20NJ1,16,564,352644
Q20NJ2,16,564,352645
Q20NJ3,16,564,352646
Q20NJ4,16,564,352647
Q20NJ5,16,564,352648
Q20NJ6,16,564,352649
Q20NJ7,16,564,351879
Q20NJ8,16,564,352651
Q20NJ9,16,564,351875
Q20NK0,16,564,352653
Q20NK1,16,564,351873
Q20NK2,16,564,351872
Q20NK3,16,566,352655
Q20NK4,16,566,352660
Q20NK5,16,566,352665
Q20NK6,16,566,352667
Q20NK7,16,566,352670
Q20NK8,16,566,352671
Q20NK9,16,566,352672
Q20NL0,16,566,352673
Q20NL1,16,566,352677
Q20NL2,18,560,352679
Q20NL3,19,565,1283469
Q20NL4,18,566,352693
Q20NL5,18,565,352791
Q20NL6,16,561,352695
Q20NL7,18,560,286264
Q20NL8,18,560,279395
Q20NL9,16,564,352700
Q20NM0,16,564,352701
Q20NM1,17,564,352704
Q20NM2,16,565,352706
Q20NM3,16,565,352707
Q20NM4,16,561,352708
Q20NM5,16,561,352709
Q20NM6,17,564,352710
Q20NM7,18,560,352711
Q20NM8,16,564,351808
Q20NM9,16,566,352716
Q20NN0,16,566,352738
Q20NN1,16,566,352740
Q20NN2,18,566,351035
Q20NS9,16,566,352510
Q20NV0,17,566,352512
Q20P32,15,562,402472
Q20P94,15,562,352526
Q20PC1,18,560,352530
Q20PD6,17,566,352531
Q20PJ8,16,566,352350
Q20PL3,16,564,402465
Q20PS1,18,560,221113
Q20PT1,18,560,402461
Q20PW9,16,566,352348
Q20Q00,16,564,342160
Q20Q42,15,562,352552
Q20Q53,15,562,352553
Q20QB9,15,562,352559
Q20RK1,16,566,352605
Q20S90,16,564,352629
Q20S98,16,564,352630
Q20SA9,16,564,282149
Q20SC9,16,564,352633
Q20SM1,16,564,351891
Q20T69,16,566,352656
Q20T83,16,566,352658
Q20TB4,16,566,352662
Q20TC5,16,566,352663
Q20TD3,16,566,402439
Q20TF4,18,560,352666
Q20TM7,17,566,352674
Q20TT4,15,562,352681
Q20TU5,17,566,1366254
Q20TV5,17,566,402436
Q20TW6,17,566,352683
Q20TX7,16,566,352684
Q20TY8,16,566,1283631
Q20TZ9,17,566,1366246
Q20U02,17,566,402435
Q20U11,17,566,352790
Q20U22,17,566,352688
Q20U33,17,566,352689
Q20U44,17,566,352690
Q20U55,17,566,352691
Q20U66,17,566,352692
Q20UB1,16,558,1093533
Q20UW4,16,566,352719
Q20UX5,16,566,352720
Q20UY6,16,566,196455
Q20UZ7,16,566,352722
Q20V08,16,566,352723
Q20V19,16,566,352724
Q20V30,16,566,352725
Q20V41,16,566,352726
Q20V52,16,566,352727
Q20V63,16,566,352728
Q20V74,16,566,352729
Q20V85,16,566,351790
Q20V96,16,566,352730
Q20VA7,16,566,352731
Q20VB8,16,566,342155
Q20VC9,16,566,351786
Q20VE0,16,566,352733
Q20VF1,16,566,342154
Q20VF7,16,566,352735
Q20VG4,16,566,352736
Q20VH5,16,566,352737
Q20VJ6,16,566,352739
Q20VM3,16,566,1261987
Q20VN6,16,566,352744
Q20VP6,16,566,352747
Q20VQ2,16,566,352748
Q20VQ8,16,566,352749
Q20VR7,16,566,402433
Q20VT4,16,566,352752
Q20VV0,16,566,352753
Q20VV5,16,566,352754
Q20VV6,16,566,352755
Q20VV7,16,566,352756
Q20VV8,16,566,352757
Q20VV9,16,566,342146
Q20VW0,16,566,352759
Q20W19,15,562,352760
Q20W30,15,562,352792
Q20W41,15,562,222730
Q20W52,15,562,1093331
Q20W63,15,562,282156
Q20W74,15,562,352764
Q20W85,15,562,352765
Q20W96,15,562,139295
Q20WB6,15,562,286263
Q20WC7,15,562,351037
Q20WD6,15,562,351036
Q20WG5,15,562,351034
Q20WH6,15,562,351033
Q20WI7,15,562,351032
Q20WJ8,15,562,99352
Q288Q9,16,566,374437
Q288R9,16,566,374436
Q288U1,17,566,370123
Q288V2,17,566,384525
Q288W3,17,566,385612
Q288X4,17,566,380964
Q288Y5,16,566,368704
Q289A7,17,566,368715
Q289B8,17,566,368714
Q289C8,17,566,384529
Q289D9,16,566,364131
Q289F0,16,566,364130
Q289G1,16,566,364128
Q289H2,16,566,364125
Q289I3,17,565,364116
Q289J4,17,565,363070
Q289K5,17,565,363069
Q289L6,16,564,363068
Q289M7,17,565,363066
Q289N8,17,565,363065
Q289P9,17,565,363064
Q289R0,17,565,363063
Q289S1,17,565,363062
Q289T2,16,566,363060
Q289U3,16,566,363059
Q289V4,16,566,363058
Q289W5,16,566,363057
Q289X6,16,566,363055
Q289Y7,16,566,363054
Q289Z8,16,566,363053
Q28A09,16,566,363052
Q28A20,16,566,363051
Q28A31,16,566,363042
Q28A42,16,566,363027
Q28A53,16,566,383574
Q28A64,16,566,360255
Q28A75,16,566,354577
Q28A86,16,566,353450
Q28A97,16,566,353445
Q28AA8,16,566,353442
Q28AB9,16,566,353296
Q28AD0,16,566,351279
Q28AE1,16,566,351260
Q28AF2,17,565,342540
Q28AG3,16,566,363045
Q28AH4,16,566,363039
Q28AI5,16,566,363032
Q28AJ6,16,566,363024
Q28AK7,16,566,363022
Q28AL8,16,566,353483
Q28AM9,16,566,353481
Q28AP0,16,566,353469
Q28AQ1,16,566,353468
Q28AR2,16,566,353467
Q28AS3,16,566,353466
Q28AT4,16,566,353465
Q28AU5,16,566,353464
Q28AV6,16,566,353460
Q28AW7,16,566,353456
Q28AX8,16,566,353455
Q28AY9,16,566,353448
Q28B00,16,566,353446
Q28B11,16,566,353440
Q28B22,16,566,353431
Q28B33,16,566,353428
Q28B44,16,566,353424
Q28B55,16,566,353423
Q28B66,16,566,353421
Q28B77,16,566,353395
Q28B88,16,566,353392
Q28B99,16,566,353391
Q28BB0,16,566,353390
Q28BC1,16,566,353383
Q28BD2,16,566,353381
Q28BE3,16,566,353380
Q28BF4,16,566,353379
Q28BG5,16,566,353378
Q28BI6,16,566,353334
Q28BJ7,16,566,353320
Q2F4V2,16,565,365089
Q2FCC5,16,566,353422
Q2FCC6,18,570,359921
Q2FCC9,18,560,215902
Q2FCD4,18,560,215909
Q2FCD5,16,564,215892
Q2FCD6,16,566,215872
Q2FCD7,16,566,215882
Q2FCD8,16,566,215864
Q2FCD9,16,566,215879
Q2FCE0,17,564,352572
Q2FCE2,16,564,286272
Q2FCT3,15,562,286265
Q2IBI1,17,565,385583
Q2IBJ2,16,566,364140
Q2IBK3,16,566,364139
Q2IBL4,16,566,364138
Q2IBM5,16,566,364136
Q2IBN6,16,566,364135
Q2IBP7,16,566,364134
Q2IBQ8,16,566,364133
Q2IBR9,16,566,364132
Q2IBT0,16,566,364127
Q2IBU1,16,566,364129
Q2IBV2,16,566,364126
Q2IBW3,16,566,364124
Q2IBX4,16,566,364123
Q2IBY5,16,566,364122
Q2IBZ6,16,566,364121
Q2IC07,16,566,363047
Q2IC18,16,566,363046
Q2IC29,16,566,363044
Q2IC40,16,566,363043
Q2IC51,16,566,363041
Q2IC62,16,566,363040
Q2IC73,16,566,363038
Q2IC84,16,566,363037
Q2IC95,16,566,363036
Q2ICA6,16,566,363035
Q2ICB7,16,566,363034
Q2ICC8,16,566,363031
Q2ICD9,16,566,363030
Q2ICF0,16,566,363029
Q2ICG1,16,566,363028
Q2ICH2,16,566,360273
Q2ICI3,16,566,360271
Q2ICJ4,16,566,360270
Q2ICK5,16,566,360269
Q2ICL6,16,566,360264
Q2ICM7,16,566,360257
Q2ICN8,16,566,360256
Q2ICP9,16,566,360254
Q2ICR0,16,566,383583
Q2ICS1,16,566,354580
Q2ICT2,16,566,354574
Q2ICU3,16,566,353484
Q2ICV4,16,566,353482
Q2ICW5,16,566,353479
Q2ICX6,16,566,353478
Q2ICY7,16,566,353477
Q2ICZ8,16,566,353476
Q2ID09,16,566,353475
Q2ID20,16,566,353474
Q2ID31,16,566,353472
Q2ID42,16,566,353463
Q2ID53,16,566,353461
Q2ID64,16,566,353457
Q2ID75,16,566,353449
Q2ID86,16,566,353314
Q2ID97,16,566,353313
Q2IDA8,16,566,355508
Q2IDB9,16,564,342539
Q2IDD0,16,566,335348
Q2IDE2,16,566,215852
Q2IDF3,16,566,352546
Q2LMW7,16,566,360261
Q2LMX8,16,566,360253
Q2LMY9,16,566,383573
Q2LMZ0,16,566,353339
Q2LN01,16,566,355473
Q2LN12,16,566,351269
Q2LN23,16,566,342536
Q2LN34,16,566,383598
Q2LN45,16,565,319917
Q2LN58,16,566,363023
Q2LN69,16,566,363021
Q2LN80,16,566,360259
Q2LN91,16,566,360258
Q2LNA2,16,566,353480
Q2LNB3,16,566,353459
Q2LNC4,16,566,353458
Q2LND5,16,566,353454
Q2LNE6,16,566,353453
Q2LNF7,16,566,353452
Q2LNG8,16,566,353447
Q2LNH9,16,566,353443
Q2LNJ0,16,566,353441
Q2LNK1,16,566,353418
Q2LNL2,16,566,353411
Q2LNM3,16,566,353400
Q2LNN4,16,566,353393
Q2LNP5,16,566,353388
Q2LNQ6,16,566,353365
Q2LNR7,16,566,353364
Q2LNS8,16,566,355494
Q2LNT9,16,566,351248
Q2LNV0,16,566,353444
Q2LNW1,16,566,353439
Q2LNX2,16,566,353432
Q2LNY3,16,566,353429
Q2LNZ4,16,566,353425
Q2LP05,16,566,353419
Q2LP16,16,566,353410
Q2LP27,16,566,353408
Q2LP38,16,566,353406
Q2LP49,16,566,353405
Q2LP60,16,566,353404
Q2LP71,16,566,353403
Q2LP82,16,566,353402
Q2LP93,16,566,353399
Q2LPA4,16,566,353398
Q2LPB5,16,566,353394
Q2LPC6,16,566,351275
Q2LPD7,16,566,353317
Q2LPE8,16,566,353303
Q2LPG5,15,562,286227
Q2RBT5,16,566,353438
Q2RBU5,16,566,353437
Q2RBV5,16,566,353436
Q2RBW5,16,566,353435
Q2RBX5,16,566,353434
Q2RBY5,16,566,353433
Q2RBZ5,16,566,353430
Q2RC05,16,566,353427
Q2RC15,16,566,353426
Q2RC25,16,566,353420
Q2RC35,16,566,353417
Q2RC45,16,566,353416
Q2RC55,16,566,353415
Q2RC65,16,566,353414
Q2RC75,16,566,353413
Q2RC85,16,566,353412
Q2RC95,16,566,353409
Q2RCA5,16,566,353407
Q2RCB5,16,566,353401
Q2RCC5,16,566,353397
Q2RCD5,16,566,353396
Q2RCE5,16,566,335364
Q2RCF5,16,566,327185
Q2RCG5,16,566,354576
Q2RCH5,16,566,383578
Q2RCI5,16,566,354573
Q2RCJ5,16,566,353389
Q2RCK5,16,566,353387
Q2RCL5,16,566,353386
Q2RCM5,16,566,353385
Q2RCN5,16,566,353384
Q2RCP5,16,566,353382
Q2RCQ5,16,566,353377
Q2RCR5,16,566,353376
Q2RCS5,16,566,353375
Q2RCT5,16,566,353374
Q2RCU5,16,566,353373
Q2RCV5,16,566,353372
Q2RCW5,16,566,353371
Q2RCX5,16,566,353370
Q2RCY5,16,566,353368
Q2RCZ5,16,566,353367
Q2RD05,16,566,353363
Q2RD15,17,565,353362
Q2RD25,16,566,353361
Q2RD35,16,566,353360
Q2RD45,16,566,353359
Q2RD55,16,566,353358
Q2RD65,16,566,353357
Q2RD75,16,566,353356
Q2RD85,16,566,353355
Q2RD95,16,566,353354
Q2RDA5,16,566,353353
Q2RDB5,16,566,353352
Q2RDC5,16,566,353351
Q2RDD5,16,566,353350
Q2RDE5,16,566,353349
Q2RDF5,16,566,353348
Q2RDG5,16,566,353347
Q2RDH5,16,566,353346
Q2RDI5,16,566,353345
Q2RDJ5,16,566,353344
Q2RDK5,16,566,353343
Q2RDL5,16,566,353342
Q2RDM5,16,566,353341
Q2RDN5,16,566,353340
Q2RDP5,16,566,353338
Q2RDQ5,16,566,353337
Q2RDR5,16,566,353332
Q2RDS5,16,566,353331
Q2RDT5,16,566,353330
Q2RDU5,16,566,353329
Q2RDV5,16,566,353328
Q2RDW5,16,566,353327
Q2RDX5,16,566,353326
Q2RDY5,16,566,353325
Q2RDZ5,16,566,353324
Q2RE05,16,566,353323
Q2RE15,16,566,353322
Q2RE25,16,566,353321
Q2RE35,16,566,353319
Q2RE45,16,566,353318
Q2RE55,16,566,353316
Q2RE65,16,566,353315
Q2RE75,16,566,353312
Q2RE85,16,566,353311
Q2RE95,16,566,353310
Q2REA5,16,566,353309
Q2REB5,16,566,353308
Q2REC5,16,566,353307
Q2RED5,16,566,353306
Q2REE5,16,566,353305
Q2REF5,16,566,353304
Q2REG5,16,566,353302
Q2REH5,16,566,353301
Q2REI5,16,566,353300
Q2REJ5,16,566,353299
Q2REK5,16,566,353298
Q2REL5,16,566,353297
Q2REM5,16,566,353295
Q2REN5,16,566,353294
Q2REP5,16,566,353293
Q2REQ5,16,566,353292
Q2RER5,16,566,353291
Q2RES5,16,566,353290
Q2RET5,16,566,353289
Q2REU5,16,566,353288
Q2REV5,16,566,353287
Q2REW5,16,566,353286
Q2REX5,16,566,353285
Q2REY5,16,566,353284
Q2REZ5,16,566,353283
Q2RF05,17,565,342544
Q2RF15,16,566,351262
Q2RF25,16,566,342524
Q2RF35,16,566,354575
Q2RF45,16,566,354566
Q2RF55,17,565,327169
Q2RF65,17,565,311777
Q2RF75,16,566,319839
Q2RF85,16,566,351267
Q2RF95,16,566,354571
Q2RFA5,16,566,383581
Q2RFB5,16,566,354565
Q2RFC5,16,566,354564
Q2RFD5,16,566,354562
Q2RFF2,16,566,355482
Q2RFG2,16,566,355480
Q2RFH2,16,566,355479
Q2RFI2,17,565,342482
Q2VN12,16,566,355503
Q2VN22,16,566,355495
Q2VN32,16,566,355476
Q2VN42,16,564,327202
Q2VN52,16,566,355501
Q2VN62,16,566,351271
Q2VN72,16,566,351268
Q2VN82,17,565,327164
Q2VN92,16,566,354570
Q2VNA2,16,566,354569
Q2VNB2,16,566,354568
Q2VNC2,16,566,354563
Q2VND2,16,566,383579
Q2VNE2,16,566,354572
Q2VNF2,16,566,383580
Q2VNG2,16,566,332720
Q2Y2S2,16,566,351273
Q2Y2T3,17,565,342550
Q2Y2U4,17,565,342549
Q2Y2V5,16,566,342500
Q2Y2W6,16,566,355512
Q2Y2X7,16,566,355511
Q2Y2Y8,16,566,355510
Q2Y2Z9,16,566,355509
Q2Y310,16,566,355507
Q2Y321,16,566,355506
Q2Y331,16,566,355505
Q2Y342,16,566,355504
Q2Y353,16,566,355500
Q2Y364,16,566,355499
Q2Y375,16,566,355498
Q2Y386,16,566,355497
Q2Y397,16,566,355496
Q2Y3A8,16,566,355493
Q2Y3B9,16,566,355492
Q2Y3D0,16,566,355491
Q2Y3E1,16,566,355490
Q2Y3F2,16,566,355489
Q2Y3G3,16,566,355488
Q2Y3H4,16,566,355487
Q2Y3I5,16,566,355486
Q2Y3J6,16,566,355484
Q2Y3K7,16,566,355481
Q2Y3L8,16,566,355478
Q2Y3M9,16,566,355472
Q2Y3P0,16,566,335317
Q2Y3Q1,16,564,327207
Q2Y3R2,17,565,319837
Q2Y3S3,17,565,342548
Q2Y3T4,17,565,342546
Q2Y3U5,17,565,342543
Q2Y3V6,17,565,342537
Q2Y3W7,16,566,342531
Q2Y3X8,16,566,342530
Q2Y3Y9,17,565,319914
Q2Y400,17,565,319861
Q2Y411,16,566,62488
Q2Y422,16,566,351277
Q2Y444,16,566,351272
Q2Y455,16,566,351265
Q2Y466,16,566,351263
Q2Y477,16,566,351261
Q2Y488,16,566,342526
Q2Y499,16,566,355483
Q2Y4B0,16,566,355477
Q2Y4C1,16,566,355474
Q2Y4D2,17,565,342509
Q306W5,21,1242,374596
Q306W7,21,1242,374597
Q30MY8,16,566,355485
Q30MZ9,16,566,355475
Q30N10,16,534,351281
Q30N21,16,566,351280
Q30N32,16,566,351270
Q30N43,17,565,342553
Q30N54,16,564,342547
Q30N65,16,566,342533
Q30N76,17,565,342511
Q30N87,16,566,335368
Q30N98,16,566,335365
Q30NA9,16,566,335362
Q30NC0,16,566,335361
Q30ND1,16,566,335354
Q30NE2,16,566,335352
Q30NF3,16,566,335304
Q30NG4,17,565,319843
Q30NI5,16,566,342534
Q30NJ6,16,566,342529
Q30NK7,16,566,342525
Q30NL8,16,566,342519
Q30NM9,16,566,342516
Q30NP0,16,566,351257
Q30NQ1,16,566,383596
Q30NQ2,16,566,351246
Q37935,19,60,2681611
Q38162,15,77,2695836
Q38211,23,65,10863
Q38SE8,16,566,342505
Q38SF9,16,566,342497
Q38SH0,16,566,342494
Q38SI1,16,566,342493
Q38SJ2,16,566,342488
Q38SK3,16,566,342487
Q38SL4,16,566,342485
Q38SM5,17,565,335371
Q38SP7,16,566,351274
Q38SQ8,16,566,387159
Q38SR9,16,566,351266
Q38ST0,16,566,351264
Q38SU1,16,566,351259
Q38SV2,17,565,342552
Q38SW3,17,565,342545
Q38SX4,17,565,342542
Q38SY5,16,566,342541
Q38SZ6,17,565,342538
Q38T07,16,566,342535
Q38T18,16,566,342532
Q38T29,16,566,342528
Q38T40,16,566,342527
Q38T51,16,566,342523
Q38T62,16,566,342522
Q38T73,16,566,342521
Q38T84,16,566,342520
Q38T95,16,566,342518
Q38TA6,16,566,342517
Q38TB7,16,566,342515
Q38TC8,16,566,342514
Q38TD9,16,566,342513
Q38TF0,16,566,342512
Q38TG1,16,566,351258
Q38TH2,16,566,351256
Q38TI3,16,566,351255
Q38TJ4,16,566,351254
Q38TK5,16,566,351253
Q38TL6,16,566,351252
Q38TM7,16,566,351251
Q38TN8,16,566,351250
Q38TP9,16,566,351247
Q38TR0,17,565,342510
Q38TS1,17,565,342507
Q38TT2,17,565,342506
Q38TU3,16,566,342504
Q38TV4,16,566,342495
Q38TW5,16,566,342490
Q38TX6,16,566,342486
Q38TY7,16,566,342472
Q38TZ8,16,566,335360
Q38U09,16,566,335359
Q38U20,17,565,319916
Q38U31,17,565,319915
Q38U42,17,565,319908
Q38U53,17,565,319907
Q38U64,17,565,319842
Q38U75,16,566,335338
Q38U86,16,566,335303
Q38U97,17,565,327204
Q38UA8,17,565,327200
Q38UB9,17,565,327167
Q38UD0,17,565,319906
Q38UE1,16,564,319851
Q3I5I8,15,121,349344
Q3I5J0,15,122,349344
Q3I5J5,15,1241,349344
Q3IAB1,17,565,342508
Q3IAC2,16,566,342503
Q3IAD3,16,566,342502
Q3IAE4,16,566,342501
Q3IAF5,16,566,342499
Q3IAG6,16,566,342498
Q3IAH7,16,566,342496
Q3IAI8,16,566,342492
Q3IAJ9,16,566,342491
Q3IAL0,16,566,342489
Q3IAM1,16,566,342484
Q3IAN2,16,566,342483
Q3IAP3,16,566,342481
Q3IAQ4,16,566,342480
Q3IAR5,16,566,342479
Q3IAS6,16,566,342478
Q3IAT7,16,566,342477
Q3IAU8,16,566,342476
Q3IAV9,16,566,342475
Q3IAX0,16,566,342474
Q3IAY8,16,566,342473
Q3IAZ2,16,566,342471
Q3IB03,16,566,342470
Q3IB14,16,566,342469
Q3IB25,16,566,342468
Q3IB36,16,566,342467
Q3IB47,16,566,342466
Q3IB57,16,566,335350
Q3IB68,16,566,383577
Q3IB79,16,566,335344
Q3IB90,16,566,335325
Q3IBA1,16,566,335313
Q3IBB2,16,566,335300
Q3IBC3,17,565,327199
Q3IBD4,17,565,319862
Q3IBE5,17,565,319860
Q3IBF6,16,564,319858
Q3IBG7,17,565,319849
Q3IBH8,17,565,319845
Q3LZX1,15,1242,442736
Q3LZX5,15,121,442736
Q3LZX7,15,122,442736
Q3M034,16,566,345306
Q3M045,16,566,345305
Q3M056,16,566,345304
Q3M067,16,566,345303
Q3M078,16,566,345302
Q3M089,16,566,345301
Q3M0A0,16,566,345300
Q3M0B1,16,566,345299
Q3M0B2,16,566,345298
Q3M0B3,16,566,345307
Q3M0C4,16,566,342465
Q3M0D5,17,565,335370
Q3M0E6,17,565,335366
Q3M0G8,16,566,335358
Q3M0H9,16,566,335356
Q3M0J0,16,566,335353
Q3M0K1,16,566,335346
Q3M0L2,16,566,332733
Q3M0M3,16,566,332746
Q3M0N4,16,566,335343
Q3M0P5,16,566,335312
Q3M0Q6,16,566,335301
Q3M0R7,16,566,335298
Q3M0S8,17,565,327205
Q3M0T9,17,565,327172
Q3M0V0,17,565,319847
Q3M0W1,17,565,319846
Q3S2D2,13,1255,344702
Q3SCP1,17,565,327170
Q3SCQ2,17,565,327165
Q3SCR3,17,565,319909
Q3SCS4,17,564,319856
Q3SCT5,17,565,319855
Q3SCU6,17,565,319854
Q3SCV7,17,565,319853
Q3SCW8,17,565,311776
Q3YPJ1,16,566,335351
Q3YPK2,16,566,335329
Q3YPL3,16,566,335326
Q3YPM4,16,566,335307
Q3YPN5,16,566,327197
Q3YPP6,17,565,319896
Q3YPQ7,16,566,319876
Q3YPR8,16,566,319868
Q3YPS9,16,566,319867
Q3YPU0,16,564,319850
Q3YPV1,17,565,319844
Q3YPW2,16,566,311774
Q3YPX3,16,566,311710
Q3YPY4,16,566,335357
Q3YQ06,16,566,335342
Q3YQ17,16,566,335339
Q3YQ28,16,566,335334
Q3YQ39,16,566,335333
Q3YQ50,16,566,335322
Q3YQ61,16,566,335316
Q3YQ72,16,566,335314
Q3YQ83,16,566,335311
Q3YQ94,16,566,335309
Q3YQA5,16,566,335302
Q3YQB6,16,566,335299
Q3YQC7,16,564,327203
Q3YQD8,17,565,327201
Q3YQE9,16,566,327189
Q3YQG0,16,566,327187
Q3YQH1,16,566,327184
Q3YQI2,17,565,327166
Q3YQJ3,17,565,327163
Q3YQK4,16,566,319887
Q3YQL5,16,566,319881
Q3YQM6,16,566,311731
Q462S8,16,566,311722
Q462T9,16,566,335369
Q462V0,16,566,335367
Q462W1,16,566,335355
Q462X2,16,566,335349
Q462Y3,16,566,332743
Q462Z4,16,566,335337
Q463A5,16,566,335332
Q463B6,16,566,335330
Q463C7,16,566,335324
Q463D8,16,566,335323
Q463E9,16,566,335321
Q463G0,16,566,335320
Q463H1,16,566,335319
Q463I2,16,566,335318
Q463J3,16,566,335315
Q463K4,16,566,335306
Q463L5,16,566,335305
Q463M6,16,566,327181
Q463N7,16,566,327176
Q463P8,17,565,319911
Q463Q9,16,566,319900
Q463S0,16,566,319898
Q463T1,16,566,319890
Q463U2,16,566,319870
Q463V3,16,566,332741
Q463W4,16,566,332738
Q463Y6,16,566,332727
Q463Z7,16,566,335363
Q464A8,16,566,335345
Q464B9,16,566,335341
Q464D0,16,566,335340
Q464E1,16,566,335336
Q464F2,16,566,335335
Q464G3,16,566,335331
Q464H4,16,566,335328
Q464I5,16,566,335327
Q464J6,16,566,335310
Q464K7,16,566,335308
Q464L8,16,566,327191
Q464M9,16,566,327190
Q464P0,16,566,327183
Q464Q1,16,566,319893
Q464R2,16,566,319875
Q464S3,17,565,311775
Q464T4,16,566,311697
Q4A212,37,91,654925
Q4A213,22,170,654925
Q4A214,18,196,654925
Q4A218,32,303,654925
Q4A222,34,68,654925
Q4A229,34,132,654925
Q4A232,18,301,654925
Q4A236,36,1211,654925
Q4A237,38,180,654925
Q4A246,18,113,654925
Q4A247,16,244,654925
Q4A257,19,319,654925
Q4A258,21,293,654925
Q4A264,26,258,654925
Q4A272,22,161,654925
Q4A283,40,136,654925
Q4A291,32,1240,654925
Q4A297,43,118,654925
Q4A2A3,25,166,654925
Q4A2A4,22,189,654925
Q4A2A5,32,105,654925
Q4A2A7,24,121,654925
Q4A2A8,31,257,654925
Q4A2A9,24,198,654925
Q4A2B3,19,230,654925
Q4A2B7,25,85,654925
Q4A2C1,23,158,654925
Q4A2D2,20,148,654925
Q4A2D8,39,163,654925
Q4A2D9,43,132,654925
Q4A2E4,49,192,654925
Q4A2E6,20,123,654925
Q4A2E7,29,131,654925
Q4A2F0,32,267,654925
Q4A2F3,27,211,654925
Q4A2F4,23,142,654925
Q4A2F7,28,442,654925
Q4A2F8,25,136,654925
Q4A2G0,18,137,654925
Q4A2G1,36,58,654925
Q4A2G4,17,118,654925
Q4A2G7,33,134,654925
Q4A2G9,37,148,654925
Q4A2H0,15,86,654925
Q4A2K2,49,99,654925
Q4A2K3,30,136,654925
Q4A2L1,25,100,654925
Q4A2L4,32,239,654925
Q4A2M3,39,169,654925
Q4A2M7,20,27,654925
Q4A2N2,21,105,654925
Q4A2N9,26,73,654925
Q4A2P2,23,92,654925
Q4A2Q0,24,182,654925
Q4A2Q3,41,124,654925
Q4A2Q5,20,225,654925
Q4A2R0,34,396,654925
Q4A2R8,22,185,654925
Q4A2S6,16,430,654925
Q4A2S7,28,98,654925
Q4A2S9,16,621,654925
Q4A2T1,22,76,654925
Q4A2T3,48,309,654925
Q4A2T4,25,227,654925
Q4A2T7,29,198,654925
Q4A2U0,17,281,654925
Q4A2U1,16,2873,654925
Q4A2U2,15,858,654925
Q4A2U3,42,106,654925
Q4A2U6,17,184,654925
Q4A2V4,36,84,654925
Q4A2W2,19,153,654925
Q4A2W4,25,329,654925
Q4A2X0,24,120,654925
Q4A2X3,28,573,654925
Q4A2X4,25,334,654925
Q4A2X5,24,103,654925
Q4A2Y5,19,307,654925
Q4A2Y8,23,251,654925
Q4A2Z1,18,170,654925
Q4A2Z7,17,516,654925
Q4A2Z9,41,105,654925
Q4A303,26,528,654925
Q4A304,18,139,654925
Q4A305,17,100,654925
Q4A316,26,534,654925
Q4A317,15,327,654925
Q4A319,31,113,654925
Q4A324,26,175,654925
Q4A331,33,198,654925
Q4A333,19,368,654925
Q4A334,17,443,654925
Q4A339,42,120,654925
Q4A344,20,192,654925
Q4A345,24,205,654925
Q4A351,21,175,654925
Q4A352,29,96,654925
Q4A353,48,89,654925
Q4A358,21,120,654925
Q4A370,16,129,654925
Q4A371,21,194,654925
Q4A373,15,1994,654925
Q4A374,26,137,654925
Q4A378,26,307,654925
Q4A379,14,131,654925
Q4A383,19,870,654925
Q4A387,23,175,654925
Q4A388,31,136,654925
Q4A393,32,197,654925
Q4A399,39,165,654925
Q4A3A0,23,190,654925
Q4A3A2,18,190,654925
Q4A3A4,27,404,654925
Q4A3B5,25,78,654925
Q4A3B8,49,155,654925
Q4A3C3,15,115,654925
Q4A3C4,34,114,654925
Q4A3C9,19,263,654925
Q4A3D0,27,210,654925
Q4JRD5,16,566,327198
Q4JRE5,16,566,327196
Q4JRF5,16,566,327195
Q4JRG5,16,566,327194
Q4JRH5,16,566,327193
Q4JRI5,16,566,327192
Q4JRJ5,16,566,327188
Q4JRK5,16,566,327186
Q4JRL5,16,566,327182
Q4JRM5,16,566,327180
Q4JRN5,16,566,327179
Q4JRP5,16,566,327178
Q4JRQ5,16,566,327177
Q4JRR5,16,566,327175
Q4JRS5,16,566,327174
Q4JRT5,16,566,327173
Q4JRU5,16,566,327171
Q4JRV5,16,566,327168
Q4JRW5,16,566,319905
Q4JRX5,16,566,319904
Q4JRY5,16,566,319903
Q4JRZ5,16,566,319897
Q4JS05,16,566,319895
Q4JS15,16,566,319894
Q4JS25,16,566,319892
Q4JS35,16,566,319891
Q4JS45,16,566,319889
Q4JS55,16,566,319888
Q4JS65,16,566,319886
Q4JS75,16,566,319873
Q4JS85,16,566,319871
Q4JS95,16,566,319864
Q4Q050,17,565,311652
Q4QXJ7,21,1242,374598
Q4R1S0,19,214,489459
Q4R1S8,19,214,489458
Q4TTZ2,16,566,331392
Q4U6Z6,16,566,319902
Q4U706,16,566,319901
Q4U716,16,566,319899
Q4U726,16,566,319885
Q4U736,16,566,319884
Q4U746,16,566,319883
Q4U756,16,566,319882
Q4U766,16,566,319880
Q4U776,16,566,319879
Q4U786,16,566,319877
Q4U796,16,566,319874
Q4U7A6,16,566,319872
Q4U7B6,16,566,319869
Q4U7C6,16,566,319848
Q4U7D6,16,566,319841
Q4U7E6,16,566,319840
Q4U7F6,16,566,311768
Q4U7G6,16,566,311767
Q4U7H6,16,566,311761
Q4U7I6,16,566,311712
Q4U7J6,16,566,311636
Q4U7K6,16,566,319863
Q4U7L7,16,566,319866
Q4U7M7,16,566,319865
Q4U7N7,16,566,319859
Q4U7P7,16,566,311773
Q4U7Q7,16,566,311766
Q4U7R7,16,566,311757
Q4U7S7,16,566,311735
Q4U7T7,16,566,311696
Q4U7U7,16,566,311651
Q4U7V7,16,566,311598
Q4U7W7,16,566,319878
Q4U7X7,16,566,319838
Q4U7Y7,16,566,311724
Q4U7Z7,16,566,311714
Q4U807,16,566,311771
Q4U817,16,566,311760
Q4U827,16,566,311756
Q4U837,16,566,311709
Q4U847,16,566,311644
Q4U857,16,566,311691
Q4U867,16,566,311685
Q4U877,16,566,311675
Q4U887,16,566,311671
Q4U897,16,566,311650
Q4U8A7,16,566,311615
Q4U8B7,16,566,311587
Q4U8C7,16,566,311711
Q4ZK07,16,566,311755
Q4ZK17,16,566,311737
Q4ZK27,16,566,311655
Q4ZK37,16,566,311770
Q4ZK47,16,566,311730
Q4ZK57,16,566,311707
Q4ZK67,16,566,311647
Q4ZK77,16,566,311643
Q4ZK87,16,566,311641
Q4ZK97,16,566,311634
Q4ZKA7,16,566,311694
Q4ZKC3,16,566,311677
Q4ZKD3,16,566,311754
Q4ZKE3,16,566,311668
Q4ZKF3,16,566,311772
Q4ZKG3,16,566,311649
Q4ZKH3,16,566,311680
Q4ZKI3,16,566,311721
Q4ZKJ3,16,566,311678
Q4ZKK3,16,566,311708
Q4ZKL3,16,566,311605
Q4ZKM3,16,566,311674
Q4ZKN3,16,566,311617
Q4ZKP3,16,566,311602
Q4ZKQ3,16,566,311672
Q4ZKR3,16,566,311662
Q4ZKS3,16,566,311629
Q4ZKS7,16,566,311596
Q4ZKT7,16,566,311595
Q4ZKU7,16,566,311586
Q4ZKV7,16,566,311585
Q4ZKW7,16,566,311584
Q4ZKX7,16,566,311579
Q4ZKY7,16,566,311751
Q4ZKZ7,16,566,311604
Q4ZL07,16,566,311613
Q52JM8,16,566,311769
Q52JN8,16,566,311762
Q52JP8,16,566,311738
Q52JQ8,16,566,311733
Q52JR8,16,566,311728
Q52JS8,16,566,311645
Q52JT8,16,566,311642
Q52JU8,16,566,311637
Q52JV8,16,566,311633
Q52JW8,16,566,311692
Q52JX8,16,566,311684
Q52JY8,16,566,311667
Q52JZ8,16,566,311640
Q52K08,16,566,311592
Q52K18,16,566,311591
Q52NW8,33,410,11901
Q565E8,16,566,311583
Q565F8,16,566,311581
Q565G8,16,566,311765
Q565I8,16,566,311759
Q565J8,16,566,311741
Q565K8,16,566,311726
Q565L8,16,566,311725
Q565M8,16,566,311717
Q565N8,16,566,311739
Q565P8,16,566,311690
Q565Q8,16,566,311624
Q565R8,16,566,311616
Q565S8,16,566,311603
Q565T8,16,566,311588
Q58AW0,16,566,311763
Q58AX0,16,566,311758
Q58AY0,16,566,311753
Q58AZ0,16,566,311752
Q58B00,16,566,311750
Q58B10,16,566,311749
Q58B20,16,566,311748
Q58B30,16,566,311747
Q58B40,16,566,311746
Q58B50,16,566,311745
Q58B60,16,566,311744
Q58B70,16,566,311743
Q58B80,16,566,311742
Q58B90,16,566,311740
Q58BA0,16,566,311736
Q58BB0,16,566,311734
Q58BC0,16,566,311732
Q58BD0,16,566,311729
Q58BE0,16,566,311723
Q58BF0,16,566,311720
Q58BG0,16,566,311716
Q58BH0,16,566,311701
Q58BH1,16,566,311698
Q58BJ0,16,566,311654
Q58BK0,16,566,311646
Q58BL0,16,566,311689
Q58BM0,16,566,311688
Q58BN0,16,566,311687
Q58BP0,16,566,311682
Q58BQ0,16,566,311607
Q58BR0,16,566,311589
Q58BS0,16,566,311582
Q58BT0,16,566,311681
Q58BU0,16,566,311679
Q58BV0,16,566,311648
Q58BW0,16,566,311580
Q58BX0,16,566,311719
Q58BY0,16,566,311718
Q58C00,16,566,311705
Q58C10,16,566,311703
Q58C20,16,566,311699
Q58C30,16,566,311676
Q58C40,16,566,311664
Q58C50,16,566,311663
Q58C60,16,566,311661
Q58C70,16,566,311659
Q58C80,16,566,311627
Q58C90,16,566,311609
Q58CA0,16,566,311600
Q58CB0,16,566,311599
Q58CC0,16,566,311593
Q58CD0,16,566,311704
Q58CE0,16,566,311700
Q58CF0,16,566,311695
Q58CG0,16,566,311670
Q58CH0,16,566,311611
Q5BHJ5,16,566,311706
Q5BHK5,16,566,311702
Q5BHL5,16,566,311666
Q5BHM5,16,566,311660
Q5BHN5,16,566,311656
Q5BHP5,16,566,311631
Q5BHQ5,16,566,311630
Q5BHR5,16,566,311597
Q5BUB0,15,565,336795
Q5DX62,16,566,311693
Q5DX72,16,566,311686
Q5DX82,16,566,311673
Q5DX92,16,566,311669
Q5DXA2,16,566,311665
Q5DXB2,16,566,311658
Q5DXC2,16,566,311601
Q5DXD2,16,566,311657
Q5DXE2,16,566,311622
Q5DXF2,16,566,311621
Q5DXG2,16,566,311620
Q5DXH2,16,566,311619
Q5DXI2,16,566,311618
Q5DXJ2,16,566,311594
Q5DXK2,16,566,311590
Q5DXL2,16,566,311683
Q5DXM2,16,566,311638
Q5DXN2,16,566,311632
Q5DXP2,16,566,311628
Q5DXQ2,16,566,311626
Q5DXR2,16,566,311625
Q5DXS2,16,566,311623
Q5DXT2,16,566,311614
Q5DXU2,16,566,311612
Q5DXV2,16,566,311610
Q5DXW2,16,566,311608
Q5DXX2,16,566,311606
Q5DXY2,16,566,311639
Q5GA86,22,588,2749935
Q5K2K4,20,523,290008
Q5K363,18,454,285023
Q5K364,18,454,285021
Q5K365,18,454,285020
Q5K366,18,454,285019
Q5K367,18,454,285018
Q5K368,18,454,147747
Q5K369,18,454,285017
Q5K370,18,454,285016
Q5K371,18,454,285015
Q5K372,18,454,285014
Q5K4E6,9,556,645449
Q5MQD0,13,1356,443239
Q5MQD1,13,386,443239
Q5PP77,31,366,10345
Q5PP78,17,400,33703
Q5PP79,20,498,10345
Q5PP98,20,312,10345
Q5PPA2,30,686,33703
Q5PPA3,16,156,33703
Q5PPB2,21,479,10345
Q5UNX0,18,206,212035
Q5UNY7,26,248,212035
Q5UP33,23,297,212035
Q5UPE0,21,355,212035
Q5UPJ1,21,356,212035
Q5UPK7,21,563,212035
Q5UPR5,24,203,212035
Q5UPU8,20,212,212035
Q5UQ37,20,261,212035
Q5UQE3,22,255,212035
Q5UQF7,30,221,212035
Q5UQG0,23,223,212035
Q5UQG7,19,1651,212035
Q5UQH9,20,414,212035
Q5UQR6,30,197,212035
Q5UQX7,16,195,212035
Q5UQZ1,26,438,212035
Q5UR02,19,579,212035
Q5UR11,19,490,212035
Q5UR16,24,525,212035
Q5UR19,22,492,212035
Q5UR42,19,137,212035
Q5UR81,25,199,212035
Q5URA7,18,169,212035
Q5VKN9,17,525,249584
Q5VKP3,19,524,249583
Q5W330,18,386,258962
Q5W331,18,384,1144268
Q5W332,18,384,1434884
Q5W333,18,388,278189
Q5W334,18,384,1144267
Q5WQY5,14,1248,371096
Q5XXP3,14,1248,371095
Q5Y388,19,1253,59300
Q5Y9C3,22,926,10310
Q5Y9D0,22,904,10310
Q5ZEW5,20,499,33703
Q64747,18,104,10553
Q64896,19,217,41952
Q65106,2,758,12123
Q65139,21,118,10498
Q65176,20,66,10498
Q65189,13,233,10498
Q65328,18,321,262177
Q65363,17,489,262177
Q65530,26,575,10320
Q65653,26,124,11901
Q65808,16,351,11099
Q65825,18,44,10469
Q65984,18,1453,33732
Q65ZG0,24,87,10338
Q66030,17,852,35246
Q66147,25,552,3052344
Q66165,18,424,230235
Q66185,6,535,11120
Q66186,6,538,11120
Q66187,6,537,11120
Q66188,5,535,11120
Q66798,32,676,128949
Q66799,33,677,386032
Q66800,33,367,386032
Q66810,32,676,128999
Q66811,32,365,128999
Q66814,32,676,128948
Q66917,33,642,11768
Q66930,17,532,10334
Q66931,18,384,10334
Q66951,28,1464,11135
Q66T62,19,524,445793
Q67005,17,385,379740
Q67007,17,566,380219
Q67008,17,420,380218
Q67010,17,565,382845
Q67014,26,329,382783
Q67015,26,329,382783
Q67018,15,562,387243
Q67028,26,329,382784
Q67029,26,329,382784
Q67033,26,329,382812
Q67034,26,329,382812
Q67035,26,329,382812
Q67042,17,566,292724
Q67043,17,566,292725
Q67054,17,344,379741
Q67088,17,358,393558
Q67089,17,357,380342
Q67090,17,357,260810
Q67091,17,357,260808
Q67096,17,344,387174
Q67100,17,344,387175
Q67101,17,344,387177
Q67102,15,565,39123
Q67103,15,565,39129
Q67104,15,565,38827
Q67105,15,565,39124
Q67106,15,565,475490
Q67107,15,565,475497
Q67109,17,344,387156
Q67114,17,344,387177
Q67121,17,344,387174
Q67122,17,344,387175
Q67124,17,344,387173
Q67127,17,344,387172
Q67129,17,344,387172
Q67130,17,344,387173
Q67143,15,562,488241
Q67178,26,329,382818
Q67282,15,562,384502
Q67324,26,329,382825
Q67333,15,562,382781
Q67335,17,354,384480
Q67369,15,360,416677
Q67370,15,360,291802
Q67371,15,360,416675
Q67372,15,362,291806
Q67373,15,360,291796
Q67374,15,360,291801
Q67375,15,360,408929
Q67376,15,360,291805
Q67377,15,362,291795
Q67378,15,360,291799
Q67379,15,360,291800
Q67380,15,360,291803
Q67381,15,362,291804
Q67387,7,648,127957
Q67456,34,676,11795
Q67628,22,414,10386
Q67795,17,1135,3052480
Q67796,17,1135,3052480
Q67876,19,212,489489
Q68666,30,278,69169
Q68667,30,278,73483
Q68668,30,278,69162
Q68669,30,278,69163
Q68670,30,278,69164
Q68671,30,278,69166
Q68672,30,278,69165
Q68673,30,278,69167
Q68674,30,278,69168
Q68983,22,23,10345
Q68985,19,660,512346
Q69024,34,901,103920
Q69081,25,394,10306
Q69082,25,394,10306
Q69091,25,394,10299
Q69286,30,403,10390
Q69287,18,355,10390
Q69288,18,497,10390
Q69391,22,23,10345
Q69392,22,23,10345
Q69393,22,23,10345
Q69394,12,13,10345
Q69395,22,23,10345
Q69396,18,19,10345
Q69464,22,901,10310
Q69465,22,901,10310
Q69466,27,480,10310
Q69472,30,338,10298
Q69553,21,293,10370
Q69555,15,422,10370
Q69557,20,202,10370
Q69558,17,236,10370
Q69569,18,153,10370
Q69577,26,143,10370
Q6DLD8,22,424,31520
Q6DLD9,19,452,31520
Q6DLH1,21,848,31520
Q6DLH8,86,980,31520
Q6DPZ9,16,565,284184
Q6DQ15,12,545,284215
Q6DQ18,8,559,284177
Q6DQ19,16,567,284214
Q6DQ20,16,567,284172
Q6DQ21,16,567,284169
Q6DQ22,14,555,284208
Q6E0W7,21,591,928305
Q6J8E7,16,566,279803
Q6J8F6,16,551,279794
Q6J8F7,23,660,512345
Q6JGW3,21,79,227507
Q6LDT3,20,89,12340
Q6LDT4,22,315,12340
Q6LEJ4,18,560,384493
Q6Q1S2,15,1356,277944
Q6RJQ3,36,338,295027
Q6RZT5,19,138,45417
Q6S6Q5,30,468,31520
Q6S6R5,31,343,31520
Q6S6T9,86,980,310273
Q6S6V7,23,550,31520
Q6S6W0,25,866,310273
Q6UY66,18,681,482820
Q6VTL7,18,324,74660
Q6WGP3,13,1255,230471
Q6X1D1,19,526,237716
Q6X1D5,19,526,211977
Q6X2U1,22,1063,376263
Q6X2U3,22,1063,376262
Q6XLU6,24,78,231992
Q6XLU7,30,532,231992
Q6XLU8,31,161,231992
Q6XLV2,42,202,231992
Q6XLV5,21,273,231992
Q6XLV8,18,68,231992
Q6XLW8,36,1711,231992
Q6XLX4,33,525,231992
Q6XLX8,22,81,231992
Q6XLZ3,21,254,231992
Q6XLZ9,26,200,231992
Q6XM06,41,666,231992
Q6XM23,24,68,231992
Q6XM24,37,114,231992
Q6XM39,22,373,231992
Q6XM40,22,308,231992
Q6XM43,29,179,231992
Q6XM47,18,133,231992
Q6XM62,40,111,231992
Q6XM72,22,439,231992
Q6XU51,15,340,488241
Q6XU52,15,340,384528
Q6XU53,15,340,380960
Q6XU54,15,340,1228676
Q6XU55,15,340,220978
Q6XU56,15,340,220979
Q6XU57,15,340,220975
Q6XU58,15,340,220983
Q6XU59,15,340,488227
Q6XU60,15,340,220977
Q6XU61,15,340,220984
Q6XU62,15,340,1228673
Q6XU63,15,340,220974
Q6XU64,15,340,220973
Q6XU65,15,340,220972
Q6XU66,15,340,221941
Q6XU67,15,340,220969
Q6XU68,15,340,220967
Q6XU69,15,340,220970
Q6XU70,15,340,220968
Q6XU71,15,340,381515
Q6XU72,15,340,220501
Q6XU73,15,340,221940
Q6XU74,15,340,1228677
Q6XU75,15,340,221939
Q6XU76,15,340,221938
Q6XU77,15,340,220964
Q6XU78,15,340,220961
Q6XU79,15,340,220960
Q6XU80,15,340,220963
Q6XU81,15,340,220962
Q6XU82,15,340,221937
Q6XU83,15,340,221936
Q6XU84,15,340,220959
Q6XU85,15,340,1239800
Q6XU86,15,340,221935
Q6XU87,15,340,382814
Q6XU88,15,340,221934
Q701T7,18,560,265121
Q701U0,18,560,265120
Q703F0,20,552,10304
Q70626,32,856,82834
Q70KP1,27,430,360395
Q71VM1,27,681,3052505
Q73372,28,853,401671
Q74126,22,857,73484
Q75008,31,851,388796
Q76638,26,857,388822
Q76SP1,16,344,41857
Q76SP2,16,344,41857
Q76SP3,16,344,41857
Q76SP4,16,344,41857
Q76VK3,23,469,380984
Q77377,32,863,327105
Q776B5,19,139,203172
Q778S6,18,1162,160235
Q779K3,20,89,138946
Q779K4,22,315,138946
Q77CE4,21,96,10323
Q77SK0,20,508,453457
Q79670,33,876,388816
Q7T6S6,15,213,441619
Q7T6S7,23,101,441619
Q7T6S9,17,262,441619
Q7T6T3,18,1453,441619
Q7T6X2,23,1657,212035
Q7T6Y2,25,1624,212035
Q7T9D9,32,676,386033
Q7T9E0,32,372,386033
Q7TAW4,18,560,200612
Q7TAW5,18,560,265122
Q7TAW6,18,560,200611
Q7TAW7,18,560,200610
Q7TAW8,18,560,352523
Q7TAW9,18,560,159217
Q7TAX0,18,560,200608
Q7TAX2,18,564,200398
Q7TAX3,18,564,200397
Q7TAX4,18,564,200396
Q7TAX5,18,564,200395
Q7TAX6,18,564,200394
Q7TAX7,18,564,200393
Q7TDW9,18,564,199442
Q7TE99,16,564,232435
Q7TEA1,16,564,232433
Q7TEA2,16,564,232432
Q7TEB5,16,564,232541
Q7TFA0,15,39,694009
Q7TFA3,18,564,198311
Q7TLR9,18,833,208973
Q7ZJT7,30,654,188539
Q7ZPC2,33,515,11901
Q80810,20,488,11908
Q80A22,5,556,196434
Q80A26,5,557,196430
Q80A28,5,548,222142
Q80A30,5,552,196426
Q80KH5,16,152,10484
Q80KH6,16,180,10484
Q80KH7,20,678,10484
Q80KH8,18,177,10484
Q80KH9,18,224,10484
Q80LP4,19,337,224399
Q80MJ8,17,344,157642
Q80PW5,25,403,10484
Q80S27,16,1258,11023
Q80S75,16,207,219164
Q81105,19,214,31514
Q81113,47,230,10407
Q81871,19,660,652674
Q82017,14,39,11259
Q82173,20,507,11287
Q82507,18,361,375738
Q82508,18,562,375734
Q82509,16,568,384510
Q82510,18,560,352544
Q82511,18,562,402526
Q82512,18,370,375737
Q82513,18,362,375740
Q82514,18,560,375735
Q82515,18,356,375744
Q82516,18,362,375741
Q82517,18,362,451802
Q82518,18,560,375733
Q82519,18,373,375742
Q82524,10,336,342160
Q82559,16,565,475467
Q82562,18,562,380988
Q82563,18,564,402523
Q82564,18,563,380986
Q82565,18,570,352561
Q82566,18,570,173715
Q82667,18,544,11120
Q82683,20,508,429314
Q82706,20,508,429315
Q82774,17,566,260815
Q82792,15,565,229043
Q82793,15,565,229044
Q82825,7,345,229038
Q82834,17,566,384486
Q83140,32,528,78219
Q83291,21,865,10390
Q83356,22,439,11144
Q83389,14,387,10291
Q83469,22,832,3052767
Q83543,19,522,12538
Q83653,19,538,2560602
Q83847,31,553,2560319
Q83849,31,553,2560319
Q83887,17,1140,44755
Q83986,16,564,385586
Q84076,11,366,11520
Q84081,9,364,11520
Q84102,15,378,11520
Q84175,17,273,39640
Q84193,22,539,11216
Q84850,20,574,11250
Q85213,18,529,11274
Q85230,20,312,33703
Q85296,18,263,10273
Q85423,19,524,11292
Q85518,34,642,11768
Q85522,33,642,11768
Q85525,33,642,11768
Q85611,20,544,11908
Q85630,33,637,11783
Q85646,98,688,11759
Q85733,32,397,11820
Q85735,31,644,44561
Q86607,19,140,31531
Q86925,13,1244,44158
Q87078,22,23,10345
Q87079,22,23,10345
Q87080,22,23,10345
Q87081,22,23,10345
Q87082,22,23,10345
Q87083,22,23,10345
Q87084,21,22,10345
Q87085,21,22,10345
Q87086,22,23,10345
Q87088,24,98,10345
Q88168,31,515,10456
Q88444,18,509,696863
Q88482,25,377,11084
Q88510,16,1449,11149
Q88514,16,262,11149
Q88964,17,252,10245
Q89182,16,315,126794
Q89473,35,469,379756
Q89569,33,367,129004
Q89607,24,852,388821
Q89660,24,192,10370
Q89669,22,660,31612
Q89730,27,480,10315
Q89738,17,290,10370
Q89853,33,677,129004
Q89863,28,109,10370
Q89904,24,609,31612
Q89920,22,904,10310
Q89927,25,524,11292
Q8AIH5,21,871,388910
Q8AMN9,33,515,11901
Q8B0H1,16,511,434489
Q8B0H6,16,511,434490
Q8B0I1,16,511,434488
Q8B6Y9,16,461,207822
Q8B6Z0,16,460,207821
Q8B6Z1,16,460,207820
Q8B6Z2,16,461,207823
Q8B6Z3,16,460,207819
Q8B6Z4,16,460,207818
Q8B6Z5,16,460,207817
Q8B9D5,16,323,654904
Q8BB25,17,1349,230237
Q8BB26,18,424,230237
Q8BDV6,25,522,38766
Q8JEM8,33,515,11901
Q8JJX0,16,1320,84589
Q8JMZ4,19,212,489541
Q8JSP8,17,1349,230236
Q8JSP9,18,424,230236
Q8JTH0,19,526,446562
Q8JUX5,14,1248,371094
Q8Q8A3,33,515,11901
Q8QKU5,22,132,654926
Q8QKU6,19,350,654926
Q8QKU7,19,170,654926
Q8QKU8,19,257,654926
Q8QKU9,19,1233,654926
Q8QKV0,22,393,654926
Q8QKV1,16,375,654926
Q8QKV2,16,695,654926
Q8QKV3,30,259,654926
Q8QKV4,24,583,654926
Q8QKV5,25,325,654926
Q8QKV6,33,124,654926
Q8QKV7,19,767,654926
Q8QKV8,35,156,654926
Q8QKV9,17,90,654926
Q8QKW0,25,106,654926
Q8QKW1,35,176,654926
Q8QKW2,35,66,654926
Q8QKW3,24,85,654926
Q8QKW4,27,88,654926
Q8QKW5,26,74,654926
Q8QKW6,24,573,654926
Q8QL30,19,510,157898
Q8QL52,16,1322,78540
Q8QLK1,16,337,207830
Q8QPL1,16,568,176674
Q8QZ72,15,1242,374990
Q8SDJ8,27,163,2992645
Q8UY95,10,399,402528
Q8UY96,10,399,380917
Q8UY97,2,389,178265
Q8UZK5,17,215,10363
Q8V307,19,139,203173
Q8V436,17,1363,233264
Q8V437,18,424,233264
Q8V5U0,25,367,28290
Q8VA10,22,1063,376267
Q90023,21,187,10506
Q90121,22,127,11009
Q90140,20,256,46241
Q90157,17,491,208973
Q90158,17,493,74660
Q90M12,33,515,11901
Q90VS8,29,857,11676
Q913A8,19,212,489469
Q913Y7,19,606,516993
Q918Q6,17,566,170503
Q918Q7,17,566,170502
Q918Q8,17,566,382820
Q91A26,17,1363,233262
Q91AV1,18,1383,229032
Q91BH1,18,337,46242
Q91C28,19,533,38767
Q91C37,19,214,489454
Q91CL9,16,324,161494
Q91DD7,33,367,129003
Q91DD8,33,677,129003
Q91DS0,18,509,696863
Q91GE3,18,323,70600
Q91GH8,18,826,70600
Q91MA7,16,566,506350
Q96800,32,477,11783
Q98157,20,94,868565
Q98166,18,460,52412
Q98332,16,226,53988
Q98VG3,22,697,103921
Q99IE6,22,1063,376265
Q9DHD0,20,111,132475
Q9DHG0,17,566,254398
Q9DHG9,18,267,132475
Q9DHH2,22,120,132475
Q9DHH7,16,351,132475
Q9DHH9,19,156,132475
Q9DHI3,19,186,132475
Q9DHI5,23,272,132475
Q9DHI7,28,223,132475
Q9DHK1,23,110,132475
Q9DHK7,25,53,132475
Q9DHL3,22,79,132475
Q9DHR1,22,222,132475
Q9DHS2,21,94,132475
Q9DHT2,16,215,132475
Q9DHU7,25,77,132475
Q9DHU8,19,136,132475
Q9DHV2,18,383,132475
Q9DHV3,22,226,132475
Q9DHW0,16,338,132475
Q9DIC6,25,551,928304
Q9DIE0,17,566,137576
Q9DR81,18,424,231422
Q9DSL8,30,856,11676
Q9DUD9,25,565,302271
Q9IDV2,21,836,388819
Q9IFF7,15,339,384498
Q9IH63,26,546,3052225
Q9IKB5,35,1135,267287
Q9IKB7,35,1135,267288
Q9IKD1,14,1360,33740
Q9IKD2,24,439,33740
Q9IPJ6,19,524,11298
Q9IVZ8,35,658,509627
Q9J524,48,125,928301
Q9J6K8,22,1063,376266
Q9J8B9,16,337,31506
Q9JF44,17,317,10253
Q9JFH4,19,140,10253
Q9JGK8,16,1253,59303
Q9JGT4,21,483,1985704
Q9PX54,15,1434,80935
Q9PYY5,28,346,51677
Q9PZG1,18,554,106491
Q9PZG2,18,557,106423
Q9Q0H6,18,553,97390
Q9Q0H7,18,492,97395
Q9Q0H8,18,402,97396
Q9Q0H9,18,402,1342400
Q9Q0I0,18,402,97358
Q9Q0I1,18,557,402461
Q9Q0I2,16,553,97356
Q9Q0I3,18,553,1342391
Q9Q0I4,18,557,97353
Q9Q0I5,18,543,97352
Q9Q0I6,18,513,1342412
Q9Q0I7,18,522,97350
Q9Q0I8,15,520,97349
Q9Q0I9,15,515,97348
Q9Q0J0,15,532,1342394
Q9Q0U5,18,402,97389
Q9Q0U6,16,568,93838
Q9Q6N4,15,344,560374
Q9Q6N5,15,344,217809
Q9Q6N6,15,344,217810
Q9Q6N7,15,344,217811
Q9Q6N8,15,344,217812
Q9Q6N9,15,344,217813
Q9Q6P0,15,344,217814
Q9Q6P1,15,344,217815
Q9Q6P2,15,344,560375
Q9Q714,28,859,388888
Q9Q9G3,14,416,67605
Q9QAQ8,17,1363,231432
Q9QAQ9,18,424,231432
Q9QAR5,17,1363,233261
Q9QAR6,18,424,233261
Q9QBY2,31,842,388906
Q9QBZ0,31,850,388823
Q9QBZ4,33,843,388815
Q9QBZ8,31,851,388907
Q9QJT6,25,512,103603
Q9QSP1,19,525,446561
Q9QSQ7,31,832,388813
Q9TTC0,35,659,394239
Q9WA91,16,360,225088
Q9WC60,28,848,388905
Q9WC69,28,850,388904
Q9WCD7,17,566,387253
Q9WCD8,17,566,383533
Q9WCD9,17,566,380342
Q9WCE0,17,566,352520
Q9WCE1,17,566,380349
Q9WCE2,17,566,402494
Q9WCE3,17,566,383547
Q9WCE4,17,566,1727172
Q9WCE5,17,566,380348
Q9WCE6,17,566,387254
Q9WCE7,17,566,88299
Q9WCE8,17,566,380347
Q9WFX3,17,566,88776
Q9WGE0,18,324,28288
Q9WIU3,21,865,11709
Q9WIU4,21,865,11709
Q9WIU5,21,865,11709
Q9WIU6,21,749,11709
Q9WIU7,21,865,11709
Q9WIU8,21,865,11709
Q9WIU9,29,879,11676
Q9WJB4,22,186,10245
Q9WJE3,29,212,10407
Q9WJE4,29,212,10407
Q9WJE5,29,212,10407
Q9WJE6,29,212,10407
Q9WJE7,29,66,10407
Q9WJE8,29,212,10407
Q9WJE9,19,212,489546
Q9WMB7,19,212,489467
Q9WNS3,29,212,10407
Q9XJJ7,19,61,10730
Q9YJK3,16,344,41857
Q9YJT4,18,218,10273
Q9YJU4,21,339,28322
Q9YJU6,16,344,41857
Q9YJU7,16,344,41857
Q9YJU8,16,344,41857
Q9YJU9,16,344,41857
Q9YJV1,16,362,225098
Q9YJV2,16,359,225097
Q9YJV3,16,360,500678
Q9YJV4,16,363,475490
Q9YJV5,16,359,661256
Q9YJV6,16,362,225093
Q9YJV7,16,343,387213
Q9YJV8,16,360,225091
Q9YJV9,16,362,225090
Q9YJW0,16,359,225089
Q9YJW4,29,212,10407
Q9YJW5,29,213,10407
Q9YJW8,19,538,2560602
Q9YJW9,10,528,3052342
Q9YKB2,29,876,11676
Q9YKB3,19,538,2560602
Q9YKB4,19,538,2560602
Q9YLQ9,23,660,509615
Q9YMP9,40,356,10449
Q9YWK4,21,331,74320
