ProteinId_input,Length_protein_UniProt,PrimaryAccession,SecondaryAccessions,Organism_class,Organism,TaxonID_org,ProteinDescription,Organism_host,TaxonID_org_host,Pos_sp_start_uniprot_1,Pos_sp_end_uniprot_1,Evidence_signal_peptide_1,Pos_tr_start_uniprot_1,Pos_tr_end_uniprot_1,Evidence_code_tr_1,Pos_tr_start_uniprot_2,Pos_tr_end_uniprot_2,Evidence_code_tr_2,Pos_tr_start_uniprot_3,Pos_tr_end_uniprot_3,Evidence_code_tr_3,Pos_tr_start_uniprot_4,Pos_tr_end_uniprot_4,Evidence_code_tr_4,Pos_tr_start_uniprot_5,Pos_tr_end_uniprot_5,Evidence_code_tr_5,Pos_tr_start_uniprot_6,Pos_tr_end_uniprot_6,Evidence_code_tr_6,Pos_tr_start_uniprot_7,Pos_tr_end_uniprot_7,Evidence_code_tr_7,Pos_tr_start_uniprot_8,Pos_tr_end_uniprot_8,Evidence_code_tr_8,Pos_tr_start_uniprot_9,Pos_tr_end_uniprot_9,Evidence_code_tr_9,Pos_tr_start_uniprot_10,Pos_tr_end_uniprot_10,Evidence_code_tr_10,Pos_tr_start_uniprot_11,Pos_tr_end_uniprot_11,Evidence_code_tr_11
A2AJB7,192,A2AJB7,"O88787, Q3TS05, Q3UW42, Q9R2C6",Eukaryota,Mus musculus,10090,Epididymal-specific lipocalin-5,,,1,26,ECO:0000269,,,,,,,,,,,,,,,,,,,,,,,,,,,,,,,,,
D4A540,148,D4A540,,Eukaryota,Rattus norvegicus,10116,Augurin,,,1,31,ECO:0000269,,,,,,,,,,,,,,,,,,,,,,,,,,,,,,,,,
F1N5C8,445,F1N5C8,,Eukaryota,Bos taurus,9913,Glycerophosphocholine choline phosphodiesterase ENPP6,,,1,22,ECO:0000269,,,,,,,,,,,,,,,,,,,,,,,,,,,,,,,,,
F1RRV3,2692,F1RRV3,D1KKB3,Eukaryota,Sus scrofa,9823,Thyroglobulin,,,1,19,ECO:0000269,,,,,,,,,,,,,,,,,,,,,,,,,,,,,,,,,
I3LGZ3,81,I3LGZ3,,Eukaryota,Sus scrofa,9823,Protein GPR15LG,,,1,24,ECO:0000269,,,,,,,,,,,,,,,,,,,,,,,,,,,,,,,,,
K9IMD0,708,K9IMD0,M0QRM3,Eukaryota,Desmodus rotundus,9430,Lactotransferrin,,,1,19,ECO:0000269,,,,,,,,,,,,,,,,,,,,,,,,,,,,,,,,,
O00175,119,O00175,B2R5K2,Eukaryota,Homo sapiens,9606,C-C motif chemokine 24,,,1,26,ECO:0000269,,,,,,,,,,,,,,,,,,,,,,,,,,,,,,,,,
O00206,839,O00206,"A8K1Y8, A9XLP9, A9XLQ0, A9XLQ1, B4E194, D1CS52, D1CS53, Q5VZI8, Q5VZI9, Q9UK78, Q9UM57",Eukaryota,Homo sapiens,9606,Toll-like receptor 4,,,1,23,ECO:0000269,632,652,ECO:0000255,,,,,,,,,,,,,,,,,,,,,,,,,,,,,,
O00300,401,O00300,"B2R9A8, O60236, Q53FX6, Q9UHP4",Eukaryota,Homo sapiens,9606,Tumor necrosis factor receptor superfamily member 11B,,,1,21,ECO:0000269,,,,,,,,,,,,,,,,,,,,,,,,,,,,,,,,,
O00478,584,O00478,"B4DWI7, E9PCP5",Eukaryota,Homo sapiens,9606,Butyrophilin subfamily 3 member A3,,,1,29,ECO:0000269,249,269,ECO:0000255,,,,,,,,,,,,,,,,,,,,,,,,,,,,,,
O00585,134,O00585,Q6ICR7,Eukaryota,Homo sapiens,9606,C-C motif chemokine 21,,,1,23,ECO:0000269,,,,,,,,,,,,,,,,,,,,,,,,,,,,,,,,,
O00602,326,O00602,"Q5VYV5, Q92596",Eukaryota,Homo sapiens,9606,Ficolin-1,,,1,29,ECO:0000269,,,,,,,,,,,,,,,,,,,,,,,,,,,,,,,,,
O00626,93,O00626,"A0N0Q6, B2R4W2",Eukaryota,Homo sapiens,9606,C-C motif chemokine 22,,,1,24,ECO:0000269,,,,,,,,,,,,,,,,,,,,,,,,,,,,,,,,,
O00748,559,O00748,"A0A024R6X1, A8K367, Q16859, Q5MAB8, Q7Z366, Q8IUP4, Q8TCP8",Eukaryota,Homo sapiens,9606,Cocaine esterase,,,1,26,ECO:0000269,,,,,,,,,,,,,,,,,,,,,,,,,,,,,,,,,
O00754,1011,O00754,"G5E928, O15330, Q16680, Q93094, Q9BW13",Eukaryota,Homo sapiens,9606,Lysosomal alpha-mannosidase,,,1,49,ECO:0000269,,,,,,,,,,,,,,,,,,,,,,,,,,,,,,,,,
O02839,363,O02839,,Eukaryota,Sus scrofa,9823,Membrane cofactor protein,,,1,44,ECO:0000269,330,350,ECO:0000255,,,,,,,,,,,,,,,,,,,,,,,,,,,,,,
O02853,191,O02853,"A2VDW5, A5PJE8",Eukaryota,Bos taurus,9913,Prostaglandin-H2 D-isomerase,,,1,28,ECO:0000269,,,,,,,,,,,,,,,,,,,,,,,,,,,,,,,,,
O08523,2155,O08523,E9QNR3,Eukaryota,Mus musculus,10090,Alpha-tectorin,,,1,24,ECO:0000269,,,,,,,,,,,,,,,,,,,,,,,,,,,,,,,,,
O08795,521,O08795,Q921X2,Eukaryota,Mus musculus,10090,Glucosidase 2 subunit beta,,,1,14,ECO:0000269,,,,,,,,,,,,,,,,,,,,,,,,,,,,,,,,,
O09049,174,O09049,,Eukaryota,Mus musculus,10090,Regenerating islet-derived protein 3-gamma,,,1,26,ECO:0000269,,,,,,,,,,,,,,,,,,,,,,,,,,,,,,,,,
O09165,405,O09165,,Eukaryota,Mus musculus,10090,Calsequestrin-1,,,1,34,ECO:0000269,,,,,,,,,,,,,,,,,,,,,,,,,,,,,,,,,
O14625,94,O14625,"Q53YA3, Q92840",Eukaryota,Homo sapiens,9606,C-X-C motif chemokine 11,,,1,21,ECO:0000269,,,,,,,,,,,,,,,,,,,,,,,,,,,,,,,,,
O14763,440,O14763,"O14720, O15508, O15517, O15531, Q6UXM8, Q7Z360, Q9BVE0",Eukaryota,Homo sapiens,9606,Tumor necrosis factor receptor superfamily member 10B,,,1,55,ECO:0000269,211,231,ECO:0000255,,,,,,,,,,,,,,,,,,,,,,,,,,,,,,
O14773,563,O14773,"Q53HT1, Q5JAK6, Q6UX56, Q71JP6, Q96C37",Eukaryota,Homo sapiens,9606,Tripeptidyl-peptidase 1,,,1,19,ECO:0000269,,,,,,,,,,,,,,,,,,,,,,,,,,,,,,,,,
O14786,923,O14786,"B0LPG9, O60461, Q5T7F1, Q5T7F2, Q5T7F3, Q86T59, Q96I90, Q96IH5",Eukaryota,Homo sapiens,9606,Neuropilin-1,,,1,21,ECO:0000269,857,879,ECO:0000255,,,,,,,,,,,,,,,,,,,,,,,,,,,,,,
O14791,398,O14791,"A5PLQ4, B4DU12, E9PF24, O60804, Q5R3P7, Q5R3P8, Q96AB8, Q96PM4, Q9BQ03",Eukaryota,Homo sapiens,9606,Apolipoprotein L1,,,1,27,ECO:0000269,,,,,,,,,,,,,,,,,,,,,,,,,,,,,,,,,
O14798,259,O14798,"O14755, Q08AS6, Q6FH98, Q6UXM5",Eukaryota,Homo sapiens,9606,Tumor necrosis factor receptor superfamily member 10C,,,1,25,ECO:0000269,,,,,,,,,,,,,,,,,,,,,,,,,,,,,,,,,
O15197,1021,O15197,"A4D2I7, A8CDT5, D3DXD3, Q2TB23, Q2TB24",Eukaryota,Homo sapiens,9606,Ephrin type-B receptor 6,,,1,31,ECO:0000269,595,615,ECO:0000255,,,,,,,,,,,,,,,,,,,,,,,,,,,,,,
O15455,904,O15455,"B2RAI7, B7Z7K0, E6Y0F0, E6Y0F1, E9PGH4, Q4VAL2, Q504W0",Eukaryota,Homo sapiens,9606,Toll-like receptor 3,,,1,23,ECO:0000269,705,725,ECO:0000255,,,,,,,,,,,,,,,,,,,,,,,,,,,,,,
O15467,120,O15467,Q4KKU0,Eukaryota,Homo sapiens,9606,C-C motif chemokine 16,,,1,23,ECO:0000269,,,,,,,,,,,,,,,,,,,,,,,,,,,,,,,,,
O18998,281,O18998,,Eukaryota,Oryctolagus cuniculus,9986,Deoxyribonuclease-1,,,1,21,ECO:0000269,,,,,,,,,,,,,,,,,,,,,,,,,,,,,,,,,
O35310,311,O35310,,Eukaryota,Mus musculus,10090,Heparan sulfate glucosamine 3-O-sulfotransferase 1,,,1,20,ECO:0000269,,,,,,,,,,,,,,,,,,,,,,,,,,,,,,,,,
O35314,675,O35314,"A1A5N9, Q9QVG8, Q9QVH1",Eukaryota,Rattus norvegicus,10116,Secretogranin-1,,,1,20,ECO:0000269,,,,,,,,,,,,,,,,,,,,,,,,,,,,,,,,,
O35701,481,O35701,"Q543Q2, Q9JHM0",Eukaryota,Mus musculus,10090,Matrilin-3,,,1,27,ECO:0000269,,,,,,,,,,,,,,,,,,,,,,,,,,,,,,,,,
O35744,398,O35744,"P70201, Q3U462, Q3UV87, Q61201",Eukaryota,Mus musculus,10090,Chitinase-like protein 3,,,1,21,ECO:0000269,,,,,,,,,,,,,,,,,,,,,,,,,,,,,,,,,
O43155,660,O43155,"A0AV84, B7ZLP3",Eukaryota,Homo sapiens,9606,Leucine-rich repeat transmembrane protein FLRT2,,,1,35,ECO:0000269,542,562,ECO:0000255,,,,,,,,,,,,,,,,,,,,,,,,,,,,,,
O43278,529,O43278,Q7Z7D2,Eukaryota,Homo sapiens,9606,Kunitz-type protease inhibitor 1,,,1,35,ECO:0000269,,,,,,,,,,,,,,,,,,,,,,,,,,,,,,,,,
O43291,252,O43291,"A8K667, B4DLU1, O00271, O14895, Q5TZQ3, Q969E0",Eukaryota,Homo sapiens,9606,Kunitz-type protease inhibitor 2,,,1,27,ECO:0000269,198,218,ECO:0000255,,,,,,,,,,,,,,,,,,,,,,,,,,,,,,
O43653,114,O43653,Q6UW92,Eukaryota,Homo sapiens,9606,Prostate stem cell antigen,,,1,11,ECO:0000269,,,,,,,,,,,,,,,,,,,,,,,,,,,,,,,,,
O43827,346,O43827,"B2R9B2, F1T0A6, Q4ZGK4",Eukaryota,Homo sapiens,9606,Angiopoietin-related protein 7,,,1,26,ECO:0000269,,,,,,,,,,,,,,,,,,,,,,,,,,,,,,,,,
O43852,315,O43852,"B3KPG9, D6QS48, D6QS49, D6QS50, D6QS51, D6QS52, D6QS53, D6QS54, D6QS55, D6QS56, D6QS57, D6QS58, D6QS59, F5H1Q9, F5H879, O60456, Q6FHB9, Q96RL3, Q9NR43",Eukaryota,Homo sapiens,9606,Calumenin,,,1,19,ECO:0000269,,,,,,,,,,,,,,,,,,,,,,,,,,,,,,,,,
O43866,347,O43866,"A8K7M5, Q6UX63",Eukaryota,Homo sapiens,9606,CD5 antigen-like,,,1,19,ECO:0000269,,,,,,,,,,,,,,,,,,,,,,,,,,,,,,,,,
O46432,1007,O46432,,Eukaryota,Felis catus,9685,Lysosomal alpha-mannosidase,,,1,50,ECO:0000269,,,,,,,,,,,,,,,,,,,,,,,,,,,,,,,,,
O54766,617,O54766,,Eukaryota,Rattus norvegicus,10116,Zona pellucida sperm-binding protein 1,,,1,20,ECO:0000269,589,609,ECO:0000255,,,,,,,,,,,,,,,,,,,,,,,,,,,,,,
O54767,695,O54767,,Eukaryota,Rattus norvegicus,10116,Zona pellucida sperm-binding protein 2,,,1,24,ECO:0000269,665,685,ECO:0000255,,,,,,,,,,,,,,,,,,,,,,,,,,,,,,
O54861,825,O54861,O35389,Eukaryota,Rattus norvegicus,10116,Sortilin,,,1,31,ECO:0000269,755,775,ECO:0000255,,,,,,,,,,,,,,,,,,,,,,,,,,,,,,
O55038,109,O55038,,Eukaryota,Mus musculus,10090,C-X-C motif chemokine 13,,,1,21,ECO:0000269,,,,,,,,,,,,,,,,,,,,,,,,,,,,,,,,,
O55232,130,O55232,,Eukaryota,Rattus norvegicus,10116,Hypocretin neuropeptide precursor,,,1,32,ECO:0000269,,,,,,,,,,,,,,,,,,,,,,,,,,,,,,,,,
O60449,1722,O60449,"O75913, Q53R46, Q53TF5, Q7Z575, Q7Z577",Eukaryota,Homo sapiens,9606,Lymphocyte antigen 75,,,1,27,ECO:0000269,1667,1691,ECO:0000255,,,,,,,,,,,,,,,,,,,,,,,,,,,,,,
O60565,184,O60565,"Q52LV3, Q8N914, Q8N936",Eukaryota,Homo sapiens,9606,Gremlin-1,,,1,24,ECO:0000269,,,,,,,,,,,,,,,,,,,,,,,,,,,,,,,,,
O60602,858,O60602,"B1AZ05, B3Y633, B9VJ63, D1CS80, D3DTB8, O15456, Q32MI2, Q32MI3",Eukaryota,Homo sapiens,9606,Toll-like receptor 5,,,1,20,ECO:0000269,640,660,ECO:0000255,,,,,,,,,,,,,,,,,,,,,,,,,,,,,,
O60609,400,O60609,"B2RA36, B4DMY9, Q6UW20, Q8IUZ2",Eukaryota,Homo sapiens,9606,GDNF family receptor alpha-3,,,1,31,ECO:0000269,,,,,,,,,,,,,,,,,,,,,,,,,,,,,,,,,
O60721,1099,O60721,"O43485, O75184, Q17RM9",Eukaryota,Homo sapiens,9606,Sodium/potassium/calcium exchanger 1,,,1,,ECO:0000269,453,473,ECO:0000255,498,518,ECO:0000255,523,543,ECO:0000255,564,584,ECO:0000255,586,606,ECO:0000255,908,928,ECO:0000255,936,956,ECO:0000255,972,992,ECO:0000255,1011,1031,ECO:0000255,1040,1060,ECO:0000255,1069,1089,ECO:0000255
O60844,167,O60844,"B2R4Z3, B9EK72",Eukaryota,Homo sapiens,9606,Zymogen granule membrane protein 16,,,1,16,ECO:0000269,,,,,,,,,,,,,,,,,,,,,,,,,,,,,,,,,
O60931,367,O60931,"D3DTJ5, Q8IZ01, Q9UNK6",Eukaryota,Homo sapiens,9606,Cystinosin,,,1,22,ECO:0000269,126,150,"ECO:0000269, ECO:0007744",160,179,"ECO:0000269, ECO:0007744",203,225,"ECO:0000269, ECO:0007744",235,257,"ECO:0000269, ECO:0007744",264,289,"ECO:0000269, ECO:0007744",299,308,"ECO:0000269, ECO:0007744",332,354,"ECO:0000269, ECO:0007744",,,,,,,,,,,,
O62680,123,O62680,"Q9TR76, Q9XT94",Eukaryota,Sus scrofa,9823,CD59 glycoprotein,,,1,25,ECO:0000269,,,,,,,,,,,,,,,,,,,,,,,,,,,,,,,,,
O70165,334,O70165,,Eukaryota,Mus musculus,10090,Ficolin-1,,,1,17,ECO:0000269,,,,,,,,,,,,,,,,,,,,,,,,,,,,,,,,,
O75462,422,O75462,Q9UHH5,Eukaryota,Homo sapiens,9606,Cytokine receptor-like factor 1,,,1,37,ECO:0000269,,,,,,,,,,,,,,,,,,,,,,,,,,,,,,,,,
O75556,95,O75556,,Eukaryota,Homo sapiens,9606,Mammaglobin-B,,,1,18,ECO:0000269,,,,,,,,,,,,,,,,,,,,,,,,,,,,,,,,,
O75629,220,O75629,"B2RDD4, Q8N9A3",Eukaryota,Homo sapiens,9606,Protein CREG1,,,1,31,ECO:0000269,,,,,,,,,,,,,,,,,,,,,,,,,,,,,,,,,
O75636,299,O75636,"Q6IBJ5, Q8WW86",Eukaryota,Homo sapiens,9606,Ficolin-3,,,1,23,ECO:0000269,,,,,,,,,,,,,,,,,,,,,,,,,,,,,,,,,
O76076,250,O76076,"B2R9N4, E1P612, Q6PEG3",Eukaryota,Homo sapiens,9606,CCN family member 5,,,1,23,ECO:0000269,,,,,,,,,,,,,,,,,,,,,,,,,,,,,,,,,
O77801,132,O77801,Q3T065,Eukaryota,Bos taurus,9913,Insulin-like 3,,,1,21,ECO:0000269,,,,,,,,,,,,,,,,,,,,,,,,,,,,,,,,,
O88188,162,O88188,"Q4VAF1, Q5D046",Eukaryota,Mus musculus,10090,Lymphocyte antigen 86,,,1,19,ECO:0000269,,,,,,,,,,,,,,,,,,,,,,,,,,,,,,,,,
O88917,1515,O88917,"O09026, O35818, O88916",Eukaryota,Rattus norvegicus,10116,Adhesion G protein-coupled receptor L1,,,1,24,ECO:0000269,858,878,ECO:0000255,893,913,ECO:0000255,920,940,ECO:0000255,965,985,ECO:0000255,1002,1022,ECO:0000255,1050,1070,ECO:0000255,1075,1095,ECO:0000255,,,,,,,,,,,,
O89093,97,O89093,Q9Z1X3,Eukaryota,Mus musculus,10090,C-C motif chemokine 20,,,1,27,ECO:0000269,,,,,,,,,,,,,,,,,,,,,,,,,,,,,,,,,
O94907,266,O94907,B2RC19,Eukaryota,Homo sapiens,9606,Dickkopf-related protein 1,,,1,31,ECO:0000269,,,,,,,,,,,,,,,,,,,,,,,,,,,,,,,,,
O94985,981,O94985,"A8K183, Q5SR52, Q5UE58, Q71MN0, Q8N4K9",Eukaryota,Homo sapiens,9606,Calsyntenin-1,,,1,28,ECO:0000269,860,880,ECO:0000255,,,,,,,,,,,,,,,,,,,,,,,,,,,,,,
O95407,300,O95407,,Eukaryota,Homo sapiens,9606,Tumor necrosis factor receptor superfamily member 6B,,,1,29,ECO:0000269,,,,,,,,,,,,,,,,,,,,,,,,,,,,,,,,,
O95633,263,O95633,A8K7E3,Eukaryota,Homo sapiens,9606,Follistatin-related protein 3,,,1,26,ECO:0000269,,,,,,,,,,,,,,,,,,,,,,,,,,,,,,,,,
O95711,162,O95711,Q9UQC4,Eukaryota,Homo sapiens,9606,Lymphocyte antigen 86,,,1,20,ECO:0000269,,,,,,,,,,,,,,,,,,,,,,,,,,,,,,,,,
O95715,111,O95715,"B3KQU8, Q6UW97, Q86U69, Q9BTR1, Q9NS21",Eukaryota,Homo sapiens,9606,C-X-C motif chemokine 14,,,1,34,ECO:0000269,,,,,,,,,,,,,,,,,,,,,,,,,,,,,,,,,
O95750,216,O95750,,Eukaryota,Homo sapiens,9606,Fibroblast growth factor 19,,,1,24,ECO:0000269,,,,,,,,,,,,,,,,,,,,,,,,,,,,,,,,,
O95813,267,O95813,"Q6ISJ1, Q6ISJ6, Q6ISQ2, Q6ISS1",Eukaryota,Homo sapiens,9606,Cerberus,,,1,17,ECO:0000269,,,,,,,,,,,,,,,,,,,,,,,,,,,,,,,,,
O95866,241,O95866,"A2BEZ1, A2BEZ2, A2BEZ3, A2BEZ4, A2BEZ5, B0UXC4, B0UXC7, B0UXC8, B0V024, B0V026, Q14CK2, Q96A86, Q96A87, Q96A88, Q96A89, Q96A90, Q96A91",Eukaryota,Homo sapiens,9606,Megakaryocyte and platelet inhibitory receptor G6b,,,1,17,ECO:0000269,143,163,ECO:0000255,,,,,,,,,,,,,,,,,,,,,,,,,,,,,,
O95881,172,O95881,"B3KQS0, Q5T1T4, Q96H50",Eukaryota,Homo sapiens,9606,Thioredoxin domain-containing protein 12,,,1,26,ECO:0000269,,,,,,,,,,,,,,,,,,,,,,,,,,,,,,,,,
O95967,443,O95967,"A8K7R4, B3KM31, B3KQT1, O75967",Eukaryota,Homo sapiens,9606,EGF-containing fibulin-like extracellular matrix protein 2,,,1,23,ECO:0000269,,,,,,,,,,,,,,,,,,,,,,,,,,,,,,,,,
O95968,90,O95968,,Eukaryota,Homo sapiens,9606,Secretoglobin family 1D member 1,,,1,21,ECO:0000269,,,,,,,,,,,,,,,,,,,,,,,,,,,,,,,,,
O95994,175,O95994,,Eukaryota,Homo sapiens,9606,Anterior gradient protein 2 homolog,,,1,20,ECO:0000269,,,,,,,,,,,,,,,,,,,,,,,,,,,,,,,,,
O95998,194,O95998,"B3KUZ0, B7WPK4, O95993, O96027, Q9NZA9, Q9UBR7",Eukaryota,Homo sapiens,9606,Interleukin-18-binding protein,,,1,30,ECO:0000269,,,,,,,,,,,,,,,,,,,,,,,,,,,,,,,,,
O97763,149,O97763,,Eukaryota,Sus scrofa,9823,NPC intracellular cholesterol transporter 2,,,1,19,ECO:0000269,,,,,,,,,,,,,,,,,,,,,,,,,,,,,,,,,
O97939,1142,O97939,,Eukaryota,Sus scrofa,9823,Enamelin,,,1,38,ECO:0000269,,,,,,,,,,,,,,,,,,,,,,,,,,,,,,,,,
P00450,1065,P00450,"Q14063, Q2PP18, Q9UKS4",Eukaryota,Homo sapiens,9606,Ceruloplasmin,,,1,19,ECO:0000269,,,,,,,,,,,,,,,,,,,,,,,,,,,,,,,,,
P00533,1210,P00533,"O00688, O00732, P06268, Q14225, Q68GS5, Q92795, Q9BZS2, Q9GZX1, Q9H2C9, Q9H3C9, Q9UMD7, Q9UMD8, Q9UMG5",Eukaryota,Homo sapiens,9606,Epidermal growth factor receptor,,,1,24,ECO:0000269,646,668,ECO:0000255,,,,,,,,,,,,,,,,,,,,,,,,,,,,,,
P00592,146,P00592,,Eukaryota,Sus scrofa,9823,"Phospholipase A2, major isoenzyme",,,1,15,ECO:0000269,,,,,,,,,,,,,,,,,,,,,,,,,,,,,,,,,
P00593,145,P00593,,Eukaryota,Bos taurus,9913,Phospholipase A2,,,1,15,ECO:0000269,,,,,,,,,,,,,,,,,,,,,,,,,,,,,,,,,
P00639,282,P00639,"A5PK44, Q8MJ27",Eukaryota,Bos taurus,9913,Deoxyribonuclease-1,,,1,22,ECO:0000269,,,,,,,,,,,,,,,,,,,,,,,,,,,,,,,,,
P00669,150,P00669,,Eukaryota,Bos taurus,9913,Seminal ribonuclease,,,1,26,ECO:0000269,,,,,,,,,,,,,,,,,,,,,,,,,,,,,,,,,
P00684,152,P00684,,Eukaryota,Rattus norvegicus,10116,Ribonuclease pancreatic beta-type,,,1,25,ECO:0000269,,,,,,,,,,,,,,,,,,,,,,,,,,,,,,,,,
P00687,511,P00687,Q921Y7,Eukaryota,Mus musculus,10090,Alpha-amylase 1,,,1,15,ECO:0000269,,,,,,,,,,,,,,,,,,,,,,,,,,,,,,,,,
P00688,508,P00688,"Q4VBW6, Q61295, Q61296, Q64301",Eukaryota,Mus musculus,10090,Pancreatic alpha-amylase 2a5,,,1,15,ECO:0000269,,,,,,,,,,,,,,,,,,,,,,,,,,,,,,,,,
P00690,511,P00690,Q9TUE4,Eukaryota,Sus scrofa,9823,Pancreatic alpha-amylase,,,1,15,ECO:0000269,,,,,,,,,,,,,,,,,,,,,,,,,,,,,,,,,
P00697,148,P00697,,Eukaryota,Rattus norvegicus,10116,Lysozyme C-1,,,1,18,ECO:0000269,,,,,,,,,,,,,,,,,,,,,,,,,,,,,,,,,
P00709,142,P00709,"Q6FGX0, Q9UDK4",Eukaryota,Homo sapiens,9606,Alpha-lactalbumin,,,1,19,ECO:0000269,,,,,,,,,,,,,,,,,,,,,,,,,,,,,,,,,
P00711,142,P00711,"Q3T111, Q95NE4",Eukaryota,Bos taurus,9913,Alpha-lactalbumin,,,1,19,ECO:0000269,,,,,,,,,,,,,,,,,,,,,,,,,,,,,,,,,
P00712,142,P00712,,Eukaryota,Capra hircus,9925,Alpha-lactalbumin,,,1,19,ECO:0000269,,,,,,,,,,,,,,,,,,,,,,,,,,,,,,,,,
P00713,142,P00713,,Eukaryota,Cavia porcellus,10141,Alpha-lactalbumin,,,1,19,ECO:0000269,,,,,,,,,,,,,,,,,,,,,,,,,,,,,,,,,
P00714,159,P00714,P00715,Eukaryota,Rattus norvegicus,10116,Alpha-lactalbumin,,,1,19,ECO:0000269,,,,,,,,,,,,,,,,,,,,,,,,,,,,,,,,,
P00716,141,P00716,Q9TQT7,Eukaryota,Oryctolagus cuniculus,9986,Alpha-lactalbumin,,,1,19,ECO:0000269,,,,,,,,,,,,,,,,,,,,,,,,,,,,,,,,,
P00730,419,P00730,,Eukaryota,Bos taurus,9913,Carboxypeptidase A1,,,1,16,ECO:0000269,,,,,,,,,,,,,,,,,,,,,,,,,,,,,,,,,
P00736,705,P00736,"A6NJQ8, Q68D77, Q8J012",Eukaryota,Homo sapiens,9606,Complement C1r subcomponent,,,1,17,ECO:0000269,,,,,,,,,,,,,,,,,,,,,,,,,,,,,,,,,
P00738,406,P00738,"B0AZL5, P00737, Q0VAC4, Q0VAC5, Q2PP15, Q3B7J0, Q6LBY9, Q9UC67",Eukaryota,Homo sapiens,9606,Haptoglobin,,,1,18,ECO:0000269,,,,,,,,,,,,,,,,,,,,,,,,,,,,,,,,,
P00739,348,P00739,"Q7LE20, Q92658, Q92659, Q9ULB0",Eukaryota,Homo sapiens,9606,Haptoglobin-related protein,,,1,18,ECO:0000269,,,,,,,,,,,,,,,,,,,,,,,,,,,,,,,,,
P00747,810,P00747,"Q15146, Q5TEH4, Q6PA00",Eukaryota,Homo sapiens,9606,Plasminogen,,,1,19,ECO:0000269,,,,,,,,,,,,,,,,,,,,,,,,,,,,,,,,,
P00748,615,P00748,P78339,Eukaryota,Homo sapiens,9606,Coagulation factor XII,,,1,19,ECO:0000269,,,,,,,,,,,,,,,,,,,,,,,,,,,,,,,,,
P00749,431,P00749,"B4DPZ2, Q15844, Q16618, Q53XS3, Q5SWW9, Q969W6",Eukaryota,Homo sapiens,9606,Urokinase-type plasminogen activator,,,1,20,ECO:0000269,,,,,,,,,,,,,,,,,,,,,,,,,,,,,,,,,
P00750,562,P00750,"A8K022, B2R8E8, Q15103, Q503B0, Q6PJA5, Q7Z7N2, Q86YK8, Q9BU99, Q9BZW1",Eukaryota,Homo sapiens,9606,Tissue-type plasminogen activator,,,1,22,ECO:0000269,,,,,,,,,,,,,,,,,,,,,,,,,,,,,,,,,
P00751,764,P00751,"B0QZQ6, O15006, Q29944, Q53F89, Q5JP67, Q5ST50, Q96HX6, Q9BTF5, Q9BX92",Eukaryota,Homo sapiens,9606,Complement factor B,,,1,25,ECO:0000269,,,,,,,,,,,,,,,,,,,,,,,,,,,,,,,,,
P00757,256,P00757,,Eukaryota,Mus musculus,10090,Kallikrein 1-related peptidase-like b4,,,1,17,ECO:0000269,,,,,,,,,,,,,,,,,,,,,,,,,,,,,,,,,
P00760,246,P00760,A6H6Y3,Eukaryota,Bos taurus,9913,Serine protease 1,,,1,17,ECO:0000269,,,,,,,,,,,,,,,,,,,,,,,,,,,,,,,,,
P00772,266,P00772,Q29625,Eukaryota,Sus scrofa,9823,Chymotrypsin-like elastase family member 1,,,1,16,ECO:0000269,,,,,,,,,,,,,,,,,,,,,,,,,,,,,,,,,
P00773,266,P00773,,Eukaryota,Rattus norvegicus,10116,Chymotrypsin-like elastase family member 1,,,1,16,ECO:0000269,,,,,,,,,,,,,,,,,,,,,,,,,,,,,,,,,
P00791,385,P00791,Q29080,Eukaryota,Sus scrofa,9823,Pepsin A,,,1,15,ECO:0000269,,,,,,,,,,,,,,,,,,,,,,,,,,,,,,,,,
P00794,381,P00794,A8RRP5,Eukaryota,Bos taurus,9913,Chymosin,,,1,16,ECO:0000269,,,,,,,,,,,,,,,,,,,,,,,,,,,,,,,,,
P00797,406,P00797,"Q6FI38, Q6T5C2",Eukaryota,Homo sapiens,9606,Renin,,,1,23,ECO:0000269,,,,,,,,,,,,,,,,,,,,,,,,,,,,,,,,,
P00995,79,P00995,,Eukaryota,Homo sapiens,9606,Serine protease inhibitor Kazal-type 1,,,1,23,ECO:0000269,,,,,,,,,,,,,,,,,,,,,,,,,,,,,,,,,
P01001,80,P01001,,Eukaryota,Bos taurus,9913,Serine protease inhibitor Kazal-type 6,,,1,23,ECO:0000269,,,,,,,,,,,,,,,,,,,,,,,,,,,,,,,,,
P01008,464,P01008,"B2R6P0, P78439, P78447, Q13815, Q5TC78, Q7KZ43, Q7KZ97, Q9UC78",Eukaryota,Homo sapiens,9606,Antithrombin-III,,,1,32,ECO:0000269,,,,,,,,,,,,,,,,,,,,,,,,,,,,,,,,,
P01009,418,P01009,"A6PX14, B2RDQ8, Q0PVP5, Q13672, Q53XB8, Q5U0M1, Q7M4R2, Q86U18, Q86U19, Q96BF9, Q96ES1, Q9P1P0, Q9UCE6, Q9UCM3",Eukaryota,Homo sapiens,9606,Alpha-1-antitrypsin,,,1,24,ECO:0000269,,,,,,,,,,,,,,,,,,,,,,,,,,,,,,,,,
P01011,423,P01011,"B3KVQ7, Q13703, Q2TU87, Q2TU88, Q59GP9, Q6LBY8, Q6LDT7, Q6NSC9, Q8N177, Q96DW8, Q9UC47, Q9UNU9",Eukaryota,Homo sapiens,9606,Alpha-1-antichymotrypsin,,,1,23,ECO:0000269,,,,,,,,,,,,,,,,,,,,,,,,,,,,,,,,,
P01015,477,P01015,,Eukaryota,Rattus norvegicus,10116,Angiotensinogen,,,1,24,ECO:0000269,,,,,,,,,,,,,,,,,,,,,,,,,,,,,,,,,
P01019,476,P01019,"Q16358, Q16359, Q96F91",Eukaryota,Homo sapiens,9606,Angiotensinogen,,,1,24,ECO:0000269,,,,,,,,,,,,,,,,,,,,,,,,,,,,,,,,,
P01023,1474,P01023,"Q13677, Q59F47, Q5QTS0, Q68DN2, Q6PIY3, Q6PN97",Eukaryota,Homo sapiens,9606,Alpha-2-macroglobulin,,,1,23,ECO:0000269,,,,,,,,,,,,,,,,,,,,,,,,,,,,,,,,,
P01024,1663,P01024,A7E236,Eukaryota,Homo sapiens,9606,Complement C3,,,1,22,ECO:0000269,,,,,,,,,,,,,,,,,,,,,,,,,,,,,,,,,
P01027,1663,P01027,"Q61370, Q80XP1",Eukaryota,Mus musculus,10090,Complement C3,,,1,24,ECO:0000269,,,,,,,,,,,,,,,,,,,,,,,,,,,,,,,,,
P01033,207,P01033,"Q14252, Q9UCU1",Eukaryota,Homo sapiens,9606,Metalloproteinase inhibitor 1,,,1,23,ECO:0000269,,,,,,,,,,,,,,,,,,,,,,,,,,,,,,,,,
P01034,146,P01034,"B2R5J9, D3DW42, Q6FGW9",Eukaryota,Homo sapiens,9606,Cystatin-C,,,1,26,ECO:0000269,,,,,,,,,,,,,,,,,,,,,,,,,,,,,,,,,
P01036,141,P01036,"Q9UBI5, Q9UCS9",Eukaryota,Homo sapiens,9606,Cystatin-S,,,1,20,ECO:0000269,,,,,,,,,,,,,,,,,,,,,,,,,,,,,,,,,
P01037,141,P01037,"Q96LE6, Q9UCQ6",Eukaryota,Homo sapiens,9606,Cystatin-SN,,,1,20,ECO:0000269,,,,,,,,,,,,,,,,,,,,,,,,,,,,,,,,,
P01042,644,P01042,"A8K474, B2RCR2, C9JEX1, P01043, Q53EQ0, Q6PAU9, Q7M4P1",Eukaryota,Homo sapiens,9606,Kininogen-1,,,1,18,ECO:0000269,,,,,,,,,,,,,,,,,,,,,,,,,,,,,,,,,
P01045,619,P01045,P01047,Eukaryota,Bos taurus,9913,Kininogen-2,,,1,18,ECO:0000269,,,,,,,,,,,,,,,,,,,,,,,,,,,,,,,,,
P01048,430,P01048,"P04081, Q6LDW3",Eukaryota,Rattus norvegicus,10116,T-kininogen 1,,,1,18,ECO:0000269,,,,,,,,,,,,,,,,,,,,,,,,,,,,,,,,,
P01131,845,P01131,F1MZ58,Eukaryota,Bos taurus,9913,Low-density lipoprotein receptor,,,1,21,ECO:0000269,775,795,ECO:0000255,,,,,,,,,,,,,,,,,,,,,,,,,,,,,,
P01137,390,P01137,"A8K792, Q9UCG4",Eukaryota,Homo sapiens,9606,Transforming growth factor beta-1 proprotein,,,1,29,ECO:0000269,,,,,,,,,,,,,,,,,,,,,,,,,,,,,,,,,
P01139,241,P01139,"Q63864, Q6LDB7",Eukaryota,Mus musculus,10090,Beta-nerve growth factor,,,1,18,ECO:0000269,,,,,,,,,,,,,,,,,,,,,,,,,,,,,,,,,
P01148,92,P01148,A0AVP0,Eukaryota,Homo sapiens,9606,Progonadoliberin-1,,,1,23,ECO:0000269,,,,,,,,,,,,,,,,,,,,,,,,,,,,,,,,,
P01161,152,P01161,,Eukaryota,Rattus norvegicus,10116,Natriuretic peptides A,,,1,24,ECO:0000269,,,,,,,,,,,,,,,,,,,,,,,,,,,,,,,,,
P01165,207,P01165,,Eukaryota,Sus scrofa,9823,Neuroendocrine protein 7B2,,,1,22,ECO:0000269,,,,,,,,,,,,,,,,,,,,,,,,,,,,,,,,,
P01168,116,P01168,Q6PLR2,Eukaryota,Sus scrofa,9823,Somatostatin,,,1,24,ECO:0000269,,,,,,,,,,,,,,,,,,,,,,,,,,,,,,,,,
P01175,125,P01175,"A5PJ78, P01188",Eukaryota,Bos taurus,9913,Oxytocin-neurophysin 1,,,1,19,ECO:0000269,,,,,,,,,,,,,,,,,,,,,,,,,,,,,,,,,
P01178,125,P01178,Q3MIG0,Eukaryota,Homo sapiens,9606,Oxytocin-neurophysin 1 proprotein,,,1,19,ECO:0000269,,,,,,,,,,,,,,,,,,,,,,,,,,,,,,,,,
P01179,125,P01179,Q53WU2,Eukaryota,Rattus norvegicus,10116,Oxytocin-neurophysin 1,,,1,19,ECO:0000269,,,,,,,,,,,,,,,,,,,,,,,,,,,,,,,,,
P01180,166,P01180,Q3SZF1,Eukaryota,Bos taurus,9913,Vasopressin-neurophysin 2-copeptin,,,1,19,ECO:0000269,,,,,,,,,,,,,,,,,,,,,,,,,,,,,,,,,
P01183,166,P01183,,Eukaryota,Sus scrofa,9823,Vasopressin-neurophysin 2-copeptin,,,1,19,ECO:0000269,,,,,,,,,,,,,,,,,,,,,,,,,,,,,,,,,
P01185,164,P01185,"A0AV35, O14935",Eukaryota,Homo sapiens,9606,Vasopressin-neurophysin 2-copeptin,,,1,19,ECO:0000269,,,,,,,,,,,,,,,,,,,,,,,,,,,,,,,,,
P01189,267,P01189,"P78442, Q53T23, Q9UD39, Q9UD40",Eukaryota,Homo sapiens,9606,Pro-opiomelanocortin,,,1,26,ECO:0000269,,,,,,,,,,,,,,,,,,,,,,,,,,,,,,,,,
P01215,116,P01215,,Eukaryota,Homo sapiens,9606,Glycoprotein hormones alpha chain,,,1,24,ECO:0000269,,,,,,,,,,,,,,,,,,,,,,,,,,,,,,,,,
P01218,120,P01218,,Eukaryota,Ovis aries,9940,Glycoprotein hormones alpha chain,,,1,24,ECO:0000269,,,,,,,,,,,,,,,,,,,,,,,,,,,,,,,,,
P01222,138,P01222,"B1AKP0, Q16163",Eukaryota,Homo sapiens,9606,Thyrotropin subunit beta,,,1,20,ECO:0000269,,,,,,,,,,,,,,,,,,,,,,,,,,,,,,,,,
P01223,138,P01223,,Eukaryota,Bos taurus,9913,Thyrotropin subunit beta,,,1,20,ECO:0000269,,,,,,,,,,,,,,,,,,,,,,,,,,,,,,,,,
P01225,129,P01225,"A2TF08, A5JVV3, Q14D61",Eukaryota,Homo sapiens,9606,Follitropin subunit beta,,,1,18,ECO:0000269,,,,,,,,,,,,,,,,,,,,,,,,,,,,,,,,,
P01229,141,P01229,Q9UDI0,Eukaryota,Homo sapiens,9606,Lutropin subunit beta,,,1,20,ECO:0000269,,,,,,,,,,,,,,,,,,,,,,,,,,,,,,,,,
P01231,141,P01231,,Eukaryota,Ovis aries,9940,Lutropin subunit beta,,,1,20,ECO:0000269,,,,,,,,,,,,,,,,,,,,,,,,,,,,,,,,,
P01236,227,P01236,"Q15199, Q92996",Eukaryota,Homo sapiens,9606,Prolactin,,,1,28,ECO:0000269,,,,,,,,,,,,,,,,,,,,,,,,,,,,,,,,,
P01237,226,P01237,P70520,Eukaryota,Rattus norvegicus,10116,Prolactin,,,1,29,ECO:0000269,,,,,,,,,,,,,,,,,,,,,,,,,,,,,,,,,
P01238,229,P01238,,Eukaryota,Sus scrofa,9823,Prolactin,,,1,30,ECO:0000269,,,,,,,,,,,,,,,,,,,,,,,,,,,,,,,,,
P01239,229,P01239,"A6QLX8, Q29417, Q95112",Eukaryota,Bos taurus,9913,Prolactin,,,1,30,ECO:0000269,,,,,,,,,,,,,,,,,,,,,,,,,,,,,,,,,
P01240,229,P01240,Q28587,Eukaryota,Ovis aries,9940,Prolactin,,,1,30,ECO:0000269,,,,,,,,,,,,,,,,,,,,,,,,,,,,,,,,,
P01241,217,P01241,"A6NEF6, Q14405, Q16631, Q5EB53, Q9HBZ1, Q9UMJ7, Q9UNL5",Eukaryota,Homo sapiens,9606,Somatotropin,,,1,26,ECO:0000269,,,,,,,,,,,,,,,,,,,,,,,,,,,,,,,,,
P01242,217,P01242,"B1A4H5, B1A4H7, O14643, O14644, P09587",Eukaryota,Homo sapiens,9606,Growth hormone variant,,,1,26,ECO:0000269,,,,,,,,,,,,,,,,,,,,,,,,,,,,,,,,,
P01246,217,P01246,"A4GX96, Q28117, Q3LS73",Eukaryota,Bos taurus,9913,Somatotropin,,,1,26,ECO:0000269,,,,,,,,,,,,,,,,,,,,,,,,,,,,,,,,,
P01268,115,P01268,,Eukaryota,Bos taurus,9913,Parathyroid hormone,,,1,25,ECO:0000269,,,,,,,,,,,,,,,,,,,,,,,,,,,,,,,,,
P01269,115,P01269,,Eukaryota,Sus scrofa,9823,Parathyroid hormone,,,1,25,ECO:0000269,,,,,,,,,,,,,,,,,,,,,,,,,,,,,,,,,
P01270,115,P01270,"Q4VB48, Q9UD38",Eukaryota,Homo sapiens,9606,Parathyroid hormone,,,1,25,ECO:0000269,,,,,,,,,,,,,,,,,,,,,,,,,,,,,,,,,
P01274,180,P01274,Q864V8,Eukaryota,Sus scrofa,9823,Pro-glucagon,,,1,20,ECO:0000269,,,,,,,,,,,,,,,,,,,,,,,,,,,,,,,,,
P01297,121,P01297,A0A4X1UK00,Eukaryota,Sus scrofa,9823,Neuromedin-B,,,1,24,ECO:0000269,,,,,,,,,,,,,,,,,,,,,,,,,,,,,,,,,
P01303,97,P01303,,Eukaryota,Homo sapiens,9606,Pro-neuropeptide Y,,,1,28,ECO:0000269,,,,,,,,,,,,,,,,,,,,,,,,,,,,,,,,,
P01308,110,P01308,Q5EEX2,Eukaryota,Homo sapiens,9606,Insulin,,,1,24,ECO:0000269,,,,,,,,,,,,,,,,,,,,,,,,,,,,,,,,,
P01315,108,P01315,Q9TSJ5,Eukaryota,Sus scrofa,9823,Insulin,,,1,24,ECO:0000269,,,,,,,,,,,,,,,,,,,,,,,,,,,,,,,,,
P01317,105,P01317,,Eukaryota,Bos taurus,9913,Insulin,,,1,24,ECO:0000269,,,,,,,,,,,,,,,,,,,,,,,,,,,,,,,,,
P01321,110,P01321,,Eukaryota,Canis lupus familiaris,9615,Insulin,,,1,24,ECO:0000269,,,,,,,,,,,,,,,,,,,,,,,,,,,,,,,,,
P01322,110,P01322,,Eukaryota,Rattus norvegicus,10116,Insulin-1,,,1,24,ECO:0000269,,,,,,,,,,,,,,,,,,,,,,,,,,,,,,,,,
P01323,110,P01323,,Eukaryota,Rattus norvegicus,10116,Insulin-2,,,1,24,ECO:0000269,,,,,,,,,,,,,,,,,,,,,,,,,,,,,,,,,
P01325,108,P01325,"Q545I7, Q9D907",Eukaryota,Mus musculus,10090,Insulin-1,,,1,24,ECO:0000269,,,,,,,,,,,,,,,,,,,,,,,,,,,,,,,,,
P01326,110,P01326,,Eukaryota,Mus musculus,10090,Insulin-2,,,1,24,ECO:0000269,,,,,,,,,,,,,,,,,,,,,,,,,,,,,,,,,
P01329,110,P01329,,Eukaryota,Cavia porcellus,10141,Insulin,,,1,24,ECO:0000269,,,,,,,,,,,,,,,,,,,,,,,,,,,,,,,,,
P01344,180,P01344,"B3KX48, B7WP08, C9JAF2, E3UN45, P78449, Q14299, Q1WM26, Q9UC68, Q9UC69",Eukaryota,Homo sapiens,9606,Insulin-like growth factor 2,,,1,24,ECO:0000269,,,,,,,,,,,,,,,,,,,,,,,,,,,,,,,,,
P01346,180,P01346,,Eukaryota,Rattus norvegicus,10116,Insulin-like growth factor 2,,,1,24,ECO:0000269,,,,,,,,,,,,,,,,,,,,,,,,,,,,,,,,,
P01347,186,P01347,Q78N50,Eukaryota,Rattus norvegicus,10116,Prorelaxin 1,,,1,22,ECO:0000269,,,,,,,,,,,,,,,,,,,,,,,,,,,,,,,,,
P01348,182,P01348,,Eukaryota,Sus scrofa,9823,Prorelaxin,,,1,24,ECO:0000269,,,,,,,,,,,,,,,,,,,,,,,,,,,,,,,,,
P01350,101,P01350,"P78463, P78464",Eukaryota,Homo sapiens,9606,Gastrin,,,1,21,ECO:0000269,,,,,,,,,,,,,,,,,,,,,,,,,,,,,,,,,
P01563,188,P01563,"H2DF54, H2DF55, P01564, Q14606, Q6DJX8, Q96KI6",Eukaryota,Homo sapiens,9606,Interferon alpha-2,,,1,23,ECO:0000269,,,,,,,,,,,,,,,,,,,,,,,,,,,,,,,,,
P01567,189,P01567,"Q14607, Q5VV14",Eukaryota,Homo sapiens,9606,Interferon alpha-7,,,1,23,ECO:0000269,,,,,,,,,,,,,,,,,,,,,,,,,,,,,,,,,
P01568,189,P01568,"Q14608, Q5VWD1, Q7M4Q4",Eukaryota,Homo sapiens,9606,Interferon alpha-21,,,1,23,ECO:0000269,,,,,,,,,,,,,,,,,,,,,,,,,,,,,,,,,
P01570,189,P01570,"Q5VZ56, Q7M4S1",Eukaryota,Homo sapiens,9606,Interferon alpha-14,,,1,23,ECO:0000269,,,,,,,,,,,,,,,,,,,,,,,,,,,,,,,,,
P01571,189,P01571,"Q14639, Q4KMT4, Q5VZ53, Q7M4Q4",Eukaryota,Homo sapiens,9606,Interferon alpha-17,,,1,23,ECO:0000269,,,,,,,,,,,,,,,,,,,,,,,,,,,,,,,,,
P01572,189,P01572,"Q7M0A3, Q810G7",Eukaryota,Mus musculus,10090,Interferon alpha-1,,,1,23,ECO:0000269,,,,,,,,,,,,,,,,,,,,,,,,,,,,,,,,,
P01579,166,P01579,"B5BU88, Q53ZV4",Eukaryota,Homo sapiens,9606,Interferon gamma,,,1,23,ECO:0000269,,,,,,,,,,,,,,,,,,,,,,,,,,,,,,,,,
P01588,193,P01588,"Q2M2L6, Q549U2, Q9UDZ0, Q9UEZ5, Q9UHA0",Eukaryota,Homo sapiens,9606,Erythropoietin,,,1,27,ECO:0000269,,,,,,,,,,,,,,,,,,,,,,,,,,,,,,,,,
P01591,159,P01591,,Eukaryota,Homo sapiens,9606,Immunoglobulin J chain,,,1,22,ECO:0000269,,,,,,,,,,,,,,,,,,,,,,,,,,,,,,,,,
P01593,117,P01593,"A0A0B4J1U0, P01595, P01605, P01607, P01608, P01609, P01613, P80362",Eukaryota,Homo sapiens,9606,Immunoglobulin kappa variable 1D-33,,,1,22,ECO:0000269,,,,,,,,,,,,,,,,,,,,,,,,,,,,,,,,,
P01594,117,P01594,"A0A087WZH9, P01603",Eukaryota,Homo sapiens,9606,Immunoglobulin kappa variable 1-33,,,1,22,ECO:0000269,,,,,,,,,,,,,,,,,,,,,,,,,,,,,,,,,
P01597,117,P01597,"A0A0B4J1Z7, A0A0C4DH57, A0A0U1RVJ5, P01600, P01606, P01612, P04431",Eukaryota,Homo sapiens,9606,Immunoglobulin kappa variable 1-39,,,1,22,ECO:0000269,,,,,,,,,,,,,,,,,,,,,,,,,,,,,,,,,
P01602,117,P01602,"A0A075B6S8, P01596, P01598, P01604",Eukaryota,Homo sapiens,9606,Immunoglobulin kappa variable 1-5,,,1,22,ECO:0000269,,,,,,,,,,,,,,,,,,,,,,,,,,,,,,,,,
P01615,120,P01615,"A0A0A0MTQ6, P01616, P01617, P06309",Eukaryota,Homo sapiens,9606,Immunoglobulin kappa variable 2D-28,,,1,19,ECO:0000269,,,,,,,,,,,,,,,,,,,,,,,,,,,,,,,,,
P01619,116,P01619,"A0A0B4J1Z6, P01620, P01621, P01622, P01623, P04206, P06311, P18135, P18136",Eukaryota,Homo sapiens,9606,Immunoglobulin kappa variable 3-20,,,1,20,ECO:0000269,,,,,,,,,,,,,,,,,,,,,,,,,,,,,,,,,
P01699,117,P01699,"A0A0B4J1U1, A0A0G2JQC2, A0A0U1RVH6, P06887",Eukaryota,Homo sapiens,9606,Immunoglobulin lambda variable 1-44,,,1,19,ECO:0000269,,,,,,,,,,,,,,,,,,,,,,,,,,,,,,,,,
P01700,117,P01700,"A0A075B6I8, P04208",Eukaryota,Homo sapiens,9606,Immunoglobulin lambda variable 1-47,,,1,19,ECO:0000269,,,,,,,,,,,,,,,,,,,,,,,,,,,,,,,,,
P01701,117,P01701,"A0A075B6I5, P01702, P06316, P06888",Eukaryota,Homo sapiens,9606,Immunoglobulin lambda variable 1-51,,,1,19,ECO:0000269,,,,,,,,,,,,,,,,,,,,,,,,,,,,,,,,,
P01704,120,P01704,"A0A075B6K1, P01711, P04209",Eukaryota,Homo sapiens,9606,Immunoglobulin lambda variable 2-14,,,1,19,ECO:0000269,,,,,,,,,,,,,,,,,,,,,,,,,,,,,,,,,
P01705,113,P01705,A0A075B6J5,Eukaryota,Homo sapiens,9606,Immunoglobulin lambda variable 2-23,,,1,19,ECO:0000269,,,,,,,,,,,,,,,,,,,,,,,,,,,,,,,,,
P01706,119,P01706,"A0A075B6K3, P01707, P01708, P01712, P01713, P80422",Eukaryota,Homo sapiens,9606,Immunoglobulin lambda variable 2-11,,,1,19,ECO:0000269,,,,,,,,,,,,,,,,,,,,,,,,,,,,,,,,,
P01709,118,P01709,"A0A087WZW9, P01710",Eukaryota,Homo sapiens,9606,Immunoglobulin lambda variable 2-8,,,1,19,ECO:0000269,,,,,,,,,,,,,,,,,,,,,,,,,,,,,,,,,
P01721,117,P01721,"A0A075B6I2, P01722, P06317, P06318, P06319",Eukaryota,Homo sapiens,9606,Immunoglobulin lambda variable 6-57,,,1,19,ECO:0000269,,,,,,,,,,,,,,,,,,,,,,,,,,,,,,,,,
P01730,458,P01730,"B2R737, D3DUS5, Q4ZGK2, Q5U066, Q9UDE5",Eukaryota,Homo sapiens,9606,T-cell surface glycoprotein CD4,,,1,25,ECO:0000269,397,418,ECO:0000255,,,,,,,,,,,,,,,,,,,,,,,,,,,,,,
P01742,117,P01742,"A0A0B4J1V5, P01760, P01761",Eukaryota,Homo sapiens,9606,Immunoglobulin heavy variable 1-69,,,1,19,ECO:0000269,,,,,,,,,,,,,,,,,,,,,,,,,,,,,,,,,
P01764,117,P01764,"A0A087WSX3, P01765, P01774, P01775, P01776, P01777, P01778, P01779",Eukaryota,Homo sapiens,9606,Immunoglobulin heavy variable 3-23,,,1,19,ECO:0000269,,,,,,,,,,,,,,,,,,,,,,,,,,,,,,,,,
P01768,117,P01768,"A0A0B4J2B7, P01769, P01770, P01773",Eukaryota,Homo sapiens,9606,Immunoglobulin heavy variable 3-30,,,1,19,ECO:0000269,,,,,,,,,,,,,,,,,,,,,,,,,,,,,,,,,
P01772,117,P01772,"A0A0B4J1V3, P01771",Eukaryota,Homo sapiens,9606,Immunoglobulin heavy variable 3-33,,,1,19,ECO:0000269,,,,,,,,,,,,,,,,,,,,,,,,,,,,,,,,,
P01780,117,P01780,"A0A0B4J1U8, P01781, P80419",Eukaryota,Homo sapiens,9606,Immunoglobulin heavy variable 3-7,,,1,19,ECO:0000269,,,,,,,,,,,,,,,,,,,,,,,,,,,,,,,,,
P01814,119,P01814,"A0A0B4J2H3, P01815, P01816, P04438",Eukaryota,Homo sapiens,9606,Immunoglobulin heavy variable 2-70,,,1,19,ECO:0000269,,,,,,,,,,,,,,,,,,,,,,,,,,,,,,,,,
P01817,119,P01817,"A0A0A0MS10, P01818",Eukaryota,Homo sapiens,9606,Immunoglobulin heavy variable 2-5,,,1,19,ECO:0000269,,,,,,,,,,,,,,,,,,,,,,,,,,,,,,,,,
P01825,116,P01825,"A0A0C4DH40, A0A0G2JPU1",Eukaryota,Homo sapiens,9606,Immunoglobulin heavy variable 4-59,,,1,19,ECO:0000269,,,,,,,,,,,,,,,,,,,,,,,,,,,,,,,,,
P01830,161,P01830,,Eukaryota,Rattus norvegicus,10116,Thy-1 membrane glycoprotein,,,1,19,ECO:0000269,,,,,,,,,,,,,,,,,,,,,,,,,,,,,,,,,
P01831,162,P01831,,Eukaryota,Mus musculus,10090,Thy-1 membrane glycoprotein,,,1,19,ECO:0000269,,,,,,,,,,,,,,,,,,,,,,,,,,,,,,,,,
P01833,764,P01833,"Q68D81, Q8IZY7",Eukaryota,Homo sapiens,9606,Polymeric immunoglobulin receptor,,,1,18,ECO:0000269,639,661,ECO:0000255,,,,,,,,,,,,,,,,,,,,,,,,,,,,,,
P01887,119,P01887,Q91XJ8,Eukaryota,Mus musculus,10090,Beta-2-microglobulin,,,1,20,ECO:0000269,,,,,,,,,,,,,,,,,,,,,,,,,,,,,,,,,
P01888,118,P01888,"Q148G6, Q56K05",Eukaryota,Bos taurus,9913,Beta-2-microglobulin,,,1,20,ECO:0000269,,,,,,,,,,,,,,,,,,,,,,,,,,,,,,,,,
P01889,362,P01889,"A0A2I6Q7B5, B0V0B8, G3GN01, O02862, O02956, O02957, O02960, O19555, O19556, O19595, O19615, O19624, O19625, O19627, O19641, O19651, O19675, O19692, O19758, O19779, O19783, O46702, O62897, O62901, O62915, O62917, O62919, O77933, O77959, O78053, O78138, O78160, O78163, O78172, O78173, O78180, O78217, O95730, O98140, P01890, P03989, P10317, P10318, P10319, P10320, P18463, P18464, P18465, P19373, P30460, P30461, P30462, P30463, P30464, P30465, P30466, P30467, P30468, P30469, P30470, P30471, P30472, P30473, P30474, P30475, P30476, P30477, P30478, P30479, P30480, P30481, P30482, P30483, P30484, P30485, P30486, P30487, P30488, P30489, P30490, P30491, P30492, P30493, P30494, P30495, P30496, P30497, P30498, P30513, P30685, P79489, P79490, P79496, P79504, P79523, P79524, P79542, P79555, Q04826, Q08136, Q29633, Q29636, Q29638, Q29661, Q29665, Q29678, Q29679, Q29681, Q29693, Q29695, Q29697, Q29718, Q29742, Q29749, Q29762, Q29764, Q29829, Q29836, Q29842, Q29845, Q29846, Q29847, Q29848, Q29850, Q29851, Q29852, Q29854, Q29855, Q29857, Q29858, Q29861, Q29924, Q29925, Q29933, Q29935, Q29936, Q29940, Q29953, Q29961, Q29982, Q30173, Q30198, Q31603, Q31610, Q31612, Q31613, Q546L8, Q546M4, Q5JP37, Q5QT24, Q5RIP1, Q5SRJ2, Q5TK76, Q5TK77, Q860I4, Q861B5, Q8HWF0, Q8MGQ3, Q8MHN4, Q8SNC5, Q95343, Q95344, Q95365, Q95369, Q95392, Q95HA3, Q95HA8, Q95HM9, Q95IA6, Q95IB8, Q95IH5, Q95J00, Q96IT9, Q9BCM6, Q9BCM7, Q9BCM8, Q9BD06, Q9BD38, Q9BD43, Q9GIL3, Q9GIM3, Q9GIX1, Q9GIY5, Q9GIZ0, Q9GIZ9, Q9GJ00, Q9GJ17, Q9GJ20, Q9GJ23, Q9GJ31, Q9GJF0, Q9GJM7, Q9MX21, Q9MY37, Q9MY42, Q9MY43, Q9MY61, Q9MY75, Q9MY78, Q9MY79, Q9MY84, Q9MY92, Q9MY93, Q9MY94, Q9MYB8, Q9MYC3, Q9MYC7, Q9MYF4, Q9MYG1, Q9TP35, Q9TP36, Q9TP37, Q9TP95, Q9TPQ7, Q9TPQ9, Q9TPR2, Q9TPR4, Q9TPS6, Q9TPT2, Q9TPT4, Q9TPT6, Q9TPV2, Q9TQG1, Q9TQH3, Q9TQH6, Q9TQH7, Q9TQH8, Q9TQH9, Q9TQM2, Q9TQN4, Q9TQN6, Q9UQS8, Q9UQT0",Eukaryota,Homo sapiens,9606,"HLA class I histocompatibility antigen, B alpha chain",,,1,24,ECO:0000269,310,333,ECO:0000255,,,,,,,,,,,,,,,,,,,,,,,,,,,,,,
P01899,362,P01899,,Eukaryota,Mus musculus,10090,"H-2 class I histocompatibility antigen, D-B alpha chain",,,1,24,ECO:0000269,310,331,ECO:0000255,,,,,,,,,,,,,,,,,,,,,,,,,,,,,,
P01901,369,P01901,,Eukaryota,Mus musculus,10090,"H-2 class I histocompatibility antigen, K-B alpha chain",,,1,21,ECO:0000269,306,328,ECO:0000255,,,,,,,,,,,,,,,,,,,,,,,,,,,,,,
P01902,368,P01902,,Eukaryota,Mus musculus,10090,"H-2 class I histocompatibility antigen, K-D alpha chain",,,1,21,ECO:0000269,306,328,ECO:0000255,,,,,,,,,,,,,,,,,,,,,,,,,,,,,,
P01903,254,P01903,"A2BET4, Q30160, Q6IAZ1, Q861I2, Q9TP70",Eukaryota,Homo sapiens,9606,"HLA class II histocompatibility antigen, DR alpha chain",,,1,25,ECO:0000269,217,239,ECO:0000255,,,,,,,,,,,,,,,,,,,,,,,,,,,,,,
P01909,254,P01909,"O19630, O19706, P01907, P01908, P04225, P04226, P05536, P79553, Q06751, Q29876, Q29994, Q2Q6Y6, Q2Q6Y7, Q2Q6Y8, Q2WCM3, Q30064, Q30067, Q30068, Q30070, Q30071, Q30072, Q30073, Q30086, Q30101, Q5Y7D5, Q5Y7F5, Q6ICU6, Q6PR46, Q6QDB1, Q860W2, Q860W4, Q9BD37, Q9TPM3, Q9UM31",Eukaryota,Homo sapiens,9606,"HLA class II histocompatibility antigen, DQ alpha 1 chain",,,1,23,ECO:0000269,217,239,ECO:0000255,,,,,,,,,,,,,,,,,,,,,,,,,,,,,,
P01911,266,P01911,"A0MWF2, A0N0W1, A2ICT1, A2TGX3, A4F5N0, A4ZXA5, A4ZXA6, A4ZY86, A5H000, A5HKN8, A7DZP9, A7LA26, A7UHG2, A7X5B1, A7X5B7, A7X5E0, A7X5E6, A7X5H8, A7X5J4, A7X5K7, A8K098, A8YQE9, A9JPG0, B0BK85, B0LUZ6, B0UYW1, B1GWE7, B2CR03, B2LVF9, B2NJ29, B2ZCY1, B3VTP8, B3VTQ3, B5A8Y2, B5A8Y3, B5B8U0, B5B9V5, B5B9V6, B5LZ25, B5QSK8, B6VCX2, B6VEL9, B7UDB2, B9VRA4, B9X248, C0LAB5, O02876, O02930, O19585, O19717, O19718, O19739, O19788, O46699, O46793, O46872, O62869, O62889, O77969, O78047, O78210, O98212, P01912, P01914, P04229, P13758, P13759, P13760, P13761, P20039, P79545, Q06662, Q0PGR5, Q0PQ39, Q14280, Q14QT2, Q155F7, Q19AF2, Q19K86, Q1AP33, Q1G0Z9, Q1JRP3, Q1KLJ6, Q27PR6, Q27PR7, Q29673, Q29720, Q29722, Q29734, Q29770, Q29771, Q29772, Q29790, Q29792, Q29800, Q29806, Q29833, Q29874, Q29875, Q29886, Q29968, Q29974, Q29975, Q2A120, Q2HZE5, Q2L9H4, Q2LE76, Q2MF40, Q2MJA6, Q2MZ92, Q2VQU1, Q2YHQ2, Q30006, Q30108, Q30112, Q30115, Q30116, Q30117, Q30120, Q30134, Q30142, Q30145, Q30149, Q30159, Q30166, Q30167, Q30200, Q307W5, Q31636, Q32MY7, Q3HUP9, Q3KTM1, Q3LA84, Q3LA87, Q3LA88, Q3LA89, Q3LA90, Q3LA91, Q3LA92, Q3LA93, Q3LA94, Q3LA95, Q3LA96, Q3LA97, Q3LA98, Q3LA99, Q3LAA0, Q3LAA1, Q3LAA2, Q3MQ60, Q3T919, Q4PRC3, Q4PRC5, Q4VZY7, Q53IG1, Q56FN9, Q56FP1, Q56FP2, Q56FP3, Q58F52, Q5BM92, Q5EER6, Q5K3W2, Q5NDB9, Q5U9W6, Q5UBA2, Q5UT58, Q5W3L4, Q5Y7A7, Q5Y7B0, Q5Y7B9, Q5Y7E9, Q5Y7G0, Q683P7, Q6REE2, Q6T865, Q6U387, Q701T1, Q70GL2, Q70Q85, Q768U2, Q768U4, Q7M2H4, Q7YNY9, Q7YP03, Q7YP04, Q7YQ26, Q7YQA3, Q7YQA5, Q860D8, Q860D9, Q860E5, Q860H8, Q860S0, Q860Z3, Q861G6, Q861H0, Q861H4, Q861H5, Q861H7, Q861H8, Q8HWQ6, Q8MH59, Q8MH60, Q8WLU3, Q8WMA0, Q95348, Q95383, Q95389, Q95461, Q95HK1, Q95HL0, Q95HL1, Q95IE3, Q95IG2, Q95IT6, Q96HZ9, Q9BCL7, Q9BCP0, Q9BCP1, Q9BCP2, Q9BCP5, Q9BD21, Q9BD33, Q9BD40, Q9GIK5, Q9GIL5, Q9GIL6, Q9GIP3, Q9GIX8, Q9GIX9, Q9GIY0, Q9GIY1, Q9GIY2, Q9GIY3, Q9GIY4, Q9GJ25, Q9GJ56, Q9GJ57, Q9GJ58, Q9GJ60, Q9GJF8, Q9GJF9, Q9GJG0, Q9MXZ0, Q9MXZ5, Q9MY13, Q9MY45, Q9MY56, Q9MYF5, Q9TPB6, Q9TPW1, Q9TPW3, Q9TPW9, Q9TPX4, Q9TQ37, Q9TQ91, Q9TQE0, Q9UBY1, Q9UIM9, Q9UIN0, Q9XRX1, Q9XRY4, Q9XRY5, Q9Y453, Q9Y4H7",Eukaryota,Homo sapiens,9606,"HLA class II histocompatibility antigen, DRB1 beta chain",,,1,29,ECO:0000269,228,248,ECO:0000255,,,,,,,,,,,,,,,,,,,,,,,,,,,,,,
P01920,261,P01920,"A1KR27, A2RPH3, A4Q9R4, A4USG2, A4USG5, A6N8I7, A9YQA0, B0S7Y7, B1A0K6, B1GXI3, B3VLT3, B5BLN7, B7VU69, C0MQ34, C0MQ35, C8ZL52, C8ZLJ8, C8ZLJ9, C9DRQ3, O19708, O19713, O19724, O62861, O78046, O78221, O78223, O98034, O98201, P01917, P01918, P01919, P03992, P05537, P79482, P79526, P79544, P79551, Q08GC8, Q09035, Q0E4V9, Q1M312, Q29731, Q29877, Q29884, Q29915, Q29966, Q2P9N3, Q2QK85, Q30061, Q30075, Q30076, Q30080, Q30081, Q30082, Q30083, Q30084, Q30089, Q30095, Q31633, Q38I47, Q45UE3, Q4QZB5, Q53I44, Q564J6, Q5G841, Q5ISH1, Q5ISH3, Q5W1E1, Q5Y7G8, Q643R4, Q6B9X1, Q70VH8, Q7YP69, Q8HWH0, Q8MH58, Q8SNB4, Q8SND1, Q8SP70, Q8WMA3, Q9BD17, Q9MYH2, Q9TPA9, Q9XRY6, Q9XRY7, Q9XRZ2",Eukaryota,Homo sapiens,9606,"HLA class II histocompatibility antigen, DQ beta 1 chain",,,1,32,ECO:0000269,231,251,ECO:0000255,,,,,,,,,,,,,,,,,,,,,,,,,,,,,,
P02462,1669,P02462,"A7E2W4, B1AM70, F5H5K0, Q1P9S9, Q5VWF6, Q86X41, Q8NF88, Q9NYC5",Eukaryota,Homo sapiens,9606,Collagen alpha-1(IV) chain,,,1,27,ECO:0000269,,,,,,,,,,,,,,,,,,,,,,,,,,,,,,,,,
P02466,1372,P02466,Q9R1E8,Eukaryota,Rattus norvegicus,10116,Collagen alpha-2(I) chain,,,1,22,ECO:0000269,,,,,,,,,,,,,,,,,,,,,,,,,,,,,,,,,
P02647,267,P02647,"A8K866, Q6LDN9, Q6Q785, Q9UCS8, Q9UCT8",Eukaryota,Homo sapiens,9606,Apolipoprotein A-I,,,1,18,ECO:0000269,,,,,,,,,,,,,,,,,,,,,,,,,,,,,,,,,
P02648,266,P02648,,Eukaryota,Canis lupus familiaris,9615,Apolipoprotein A-I,,,1,18,ECO:0000269,,,,,,,,,,,,,,,,,,,,,,,,,,,,,,,,,
P02649,317,P02649,"B2RC15, C0JYY5, Q9P2S4",Eukaryota,Homo sapiens,9606,Apolipoprotein E,,,1,18,ECO:0000269,,,,,,,,,,,,,,,,,,,,,,,,,,,,,,,,,
P02652,100,P02652,B2R524,Eukaryota,Homo sapiens,9606,Apolipoprotein A-II,,,1,18,ECO:0000269,,,,,,,,,,,,,,,,,,,,,,,,,,,,,,,,,
P02654,83,P02654,"B2R526, Q6IB97",Eukaryota,Homo sapiens,9606,Apolipoprotein C-I,,,1,26,ECO:0000269,,,,,,,,,,,,,,,,,,,,,,,,,,,,,,,,,
P02655,101,P02655,"C0JYY4, Q9BS39, Q9UDE3, Q9UNK3",Eukaryota,Homo sapiens,9606,Apolipoprotein C-II,,,1,22,ECO:0000269,,,,,,,,,,,,,,,,,,,,,,,,,,,,,,,,,
P02656,99,P02656,"Q08E83, Q6Q786",Eukaryota,Homo sapiens,9606,Apolipoprotein C-III,,,1,20,ECO:0000269,,,,,,,,,,,,,,,,,,,,,,,,,,,,,,,,,
P02662,214,P02662,"A5YK80, A8WCP1, A8WCP2, A8WCP3, A8WCP4, A8WCP5, A8WCP6, A8WCP7, A8WCP8, A8WCP9, A8WCQ0, A8WCQ1, A8WCQ2, A8WCQ3, A8WCQ4, A8WCQ5, A8WCQ6, A8WCQ7, A8WCQ8, A8WCQ9, A8WCR0, A8WCR1, A8WCR2, A8WCR3, A8WCR4, A8WCR5, A8WCR6, A8WCR7, A8WCR8, A8WCR9, A8WCS0, A8WCS1, Q28048, Q28069, Q32LE8, Q7M2U6, Q9TRH5",Eukaryota,Bos taurus,9913,Alpha-S1-casein,,,1,15,ECO:0000269,,,,,,,,,,,,,,,,,,,,,,,,,,,,,,,,,
P02663,222,P02663,"Q1RMQ6, Q9TR51",Eukaryota,Bos taurus,9913,Alpha-S2-casein,,,1,15,ECO:0000269,,,,,,,,,,,,,,,,,,,,,,,,,,,,,,,,,
P02666,224,P02666,"A1YQZ8, A6N8V0, Q2TA13, Q5EEQ6, Q5EEQ7, Q6UN63, Q9BDG5, Q9TSD5",Eukaryota,Bos taurus,9913,Beta-casein,,,1,15,ECO:0000269,,,,,,,,,,,,,,,,,,,,,,,,,,,,,,,,,
P02668,190,P02668,"O46566, Q597F3, Q6U205, Q9N271, Q9TRQ3, Q9TV96, Q9TV97",Eukaryota,Bos taurus,9913,Kappa-casein,,,1,21,ECO:0000269,,,,,,,,,,,,,,,,,,,,,,,,,,,,,,,,,
P02669,192,P02669,"Q69B24, Q6JZK3",Eukaryota,Ovis aries,9940,Kappa-casein,,,1,21,ECO:0000269,,,,,,,,,,,,,,,,,,,,,,,,,,,,,,,,,
P02670,192,P02670,"Q8SPM9, Q8SPN0, Q8SPV1, Q8SPW6, Q8SPW7, Q8SPW8, Q8WMV5, Q8WN74",Eukaryota,Capra hircus,9925,Kappa-casein,,,1,21,ECO:0000269,,,,,,,,,,,,,,,,,,,,,,,,,,,,,,,,,
P02671,866,P02671,"A8K3E4, D3DP14, D3DP15, Q4QQH7, Q9BX62, Q9UCH2",Eukaryota,Homo sapiens,9606,Fibrinogen alpha chain,,,1,19,ECO:0000269,,,,,,,,,,,,,,,,,,,,,,,,,,,,,,,,,
P02672,615,P02672,"O97642, Q3T049",Eukaryota,Bos taurus,9913,Fibrinogen alpha chain,,,1,19,ECO:0000269,,,,,,,,,,,,,,,,,,,,,,,,,,,,,,,,,
P02675,491,P02675,"A0JLR9, B2R7G3, Q32Q65, Q3KPF2",Eukaryota,Homo sapiens,9606,Fibrinogen beta chain,,,1,30,ECO:0000269,,,,,,,,,,,,,,,,,,,,,,,,,,,,,,,,,
P02679,453,P02679,"A8K057, P04469, P04470, Q53Y18, Q96A14, Q96KJ3, Q9UC62, Q9UC63, Q9UCF3",Eukaryota,Homo sapiens,9606,Fibrinogen gamma chain,,,1,26,ECO:0000269,,,,,,,,,,,,,,,,,,,,,,,,,,,,,,,,,
P02702,241,P02702,,Eukaryota,Bos taurus,9913,Folate receptor alpha,,,1,19,ECO:0000269,,,,,,,,,,,,,,,,,,,,,,,,,,,,,,,,,
P02703,112,P02703,"Q3I5G6, Q9N1T6",Eukaryota,Sus scrofa,9823,Colipase,,,1,17,ECO:0000269,,,,,,,,,,,,,,,,,,,,,,,,,,,,,,,,,
P02708,457,P02708,"B4DRV6, D3DPE8",Eukaryota,Homo sapiens,9606,Acetylcholine receptor subunit alpha,,,1,20,ECO:0000269,233,253,ECO:0000255,265,285,ECO:0000255,297,317,ECO:0000255,428,448,ECO:0000255,,,,,,,,,,,,,,,,,,,,,
P02724,150,P02724,"A0A0C4DFT7, A8K3E6, B8Q182, B8Q185, Q9BS51",Eukaryota,Homo sapiens,9606,Glycophorin-A,,,1,19,ECO:0000269,92,114,,,,,,,,,,,,,,,,,,,,,,,,,,,,,,,
P02741,224,P02741,"A8K078, D3DVD9, D3DVE0, Q08AK3, Q8WW75",Eukaryota,Homo sapiens,9606,C-reactive protein,,,1,18,ECO:0000269,,,,,,,,,,,,,,,,,,,,,,,,,,,,,,,,,
P02743,223,P02743,,Eukaryota,Homo sapiens,9606,Serum amyloid P-component,,,1,19,ECO:0000269,,,,,,,,,,,,,,,,,,,,,,,,,,,,,,,,,
P02745,245,P02745,"B2R4X2, Q5T963",Eukaryota,Homo sapiens,9606,Complement C1q subcomponent subunit A,,,1,22,ECO:0000269,,,,,,,,,,,,,,,,,,,,,,,,,,,,,,,,,
P02746,253,P02746,"Q5T959, Q96H17",Eukaryota,Homo sapiens,9606,Complement C1q subcomponent subunit B,,,1,27,ECO:0000269,,,,,,,,,,,,,,,,,,,,,,,,,,,,,,,,,
P02747,245,P02747,"Q7Z502, Q96DL2, Q96H05",Eukaryota,Homo sapiens,9606,Complement C1q subcomponent subunit C,,,1,28,ECO:0000269,,,,,,,,,,,,,,,,,,,,,,,,,,,,,,,,,
P02748,559,P02748,,Eukaryota,Homo sapiens,9606,Complement component C9,,,1,21,ECO:0000269,235,242,"ECO:0000269, ECO:0007744",265,272,"ECO:0000269, ECO:0007744",374,381,"ECO:0000269, ECO:0007744",382,390,"ECO:0000269, ECO:0007744",,,,,,,,,,,,,,,,,,,,,
P02749,345,P02749,"B2R9M3, Q9UCN7",Eukaryota,Homo sapiens,9606,Beta-2-glycoprotein 1,,,1,19,ECO:0000269,,,,,,,,,,,,,,,,,,,,,,,,,,,,,,,,,
P02750,347,P02750,"Q8N4F5, Q96QZ4",Eukaryota,Homo sapiens,9606,Leucine-rich alpha-2-glycoprotein,,,1,35,ECO:0000269,,,,,,,,,,,,,,,,,,,,,,,,,,,,,,,,,
P02751,2477,P02751,"B7ZLF0, E9PE77, E9PG29, O95609, O95610, Q14312, Q14325, Q14326, Q17RV7, Q53S27, Q564H7, Q585T2, Q59EH1, Q60FE4, Q68DP8, Q68DP9, Q68DT4, Q6LDP6, Q6MZS0, Q6MZU5, Q6N025, Q6N0A6, Q7Z391, Q86T27, Q8IVI8, Q96KP7, Q96KP8, Q96KP9, Q9H1B8, Q9HAP3, Q9UMK2",Eukaryota,Homo sapiens,9606,Fibronectin,,,1,31,ECO:0000269,,,,,,,,,,,,,,,,,,,,,,,,,,,,,,,,,
P02753,201,P02753,"D3DR38, O43478, O43479, Q5VY24, Q8WWA3, Q9P178",Eukaryota,Homo sapiens,9606,Retinol-binding protein 4,,,1,18,ECO:0000269,,,,,,,,,,,,,,,,,,,,,,,,,,,,,,,,,
P02754,178,P02754,Q32P89,Eukaryota,Bos taurus,9913,Beta-lactoglobulin,,,1,16,ECO:0000269,,,,,,,,,,,,,,,,,,,,,,,,,,,,,,,,,
P02760,352,P02760,"P00977, P02759, P78491, Q2TU33, Q5TBD7, Q9UC58, Q9UDI8",Eukaryota,Homo sapiens,9606,Protein AMBP,,,1,19,ECO:0000269,,,,,,,,,,,,,,,,,,,,,,,,,,,,,,,,,
P02761,181,P02761,Q54AE7,Eukaryota,Rattus norvegicus,10116,Major urinary protein,,,1,19,ECO:0000269,,,,,,,,,,,,,,,,,,,,,,,,,,,,,,,,,
P02763,201,P02763,"B7ZKQ5, Q5T539, Q5U067, Q8TC16",Eukaryota,Homo sapiens,9606,Alpha-1-acid glycoprotein 1,,,1,18,ECO:0000269,,,,,,,,,,,,,,,,,,,,,,,,,,,,,,,,,
P02765,367,P02765,"A8K9N6, B2R7G1, O14961, O14962, Q9P152",Eukaryota,Homo sapiens,9606,Alpha-2-HS-glycoprotein,,,1,18,ECO:0000269,,,,,,,,,,,,,,,,,,,,,,,,,,,,,,,,,
P02766,147,P02766,"Q549C7, Q6IB96, Q9UBZ6, Q9UCM9",Eukaryota,Homo sapiens,9606,Transthyretin,,,1,20,ECO:0000269,,,,,,,,,,,,,,,,,,,,,,,,,,,,,,,,,
P02767,147,P02767,Q547K9,Eukaryota,Rattus norvegicus,10116,Transthyretin,,,1,20,ECO:0000269,,,,,,,,,,,,,,,,,,,,,,,,,,,,,,,,,
P02769,607,P02769,"A5PJX3, O02787, P04277, Q3SZR2",Eukaryota,Bos taurus,9913,Albumin,,,1,18,ECO:0000269,,,,,,,,,,,,,,,,,,,,,,,,,,,,,,,,,
P02770,608,P02770,"P11382, Q5U3X3",Eukaryota,Rattus norvegicus,10116,Albumin,,,1,18,ECO:0000269,,,,,,,,,,,,,,,,,,,,,,,,,,,,,,,,,
P02771,609,P02771,B2RBU3,Eukaryota,Homo sapiens,9606,Alpha-fetoprotein,,,1,18,ECO:0000269,,,,,,,,,,,,,,,,,,,,,,,,,,,,,,,,,
P02774,474,P02774,"B4DPP2, D6RAK8, Q16309, Q16310, Q53F31, Q6GTG1",Eukaryota,Homo sapiens,9606,Vitamin D-binding protein,,,1,16,ECO:0000269,,,,,,,,,,,,,,,,,,,,,,,,,,,,,,,,,
P02775,128,P02775,"B2R5F3, Q6IBJ8",Eukaryota,Homo sapiens,9606,Platelet basic protein,,,1,34,ECO:0000269,,,,,,,,,,,,,,,,,,,,,,,,,,,,,,,,,
P02776,101,P02776,"Q53X61, Q9UC64, Q9UC65",Eukaryota,Homo sapiens,9606,Platelet factor 4,,,1,31,ECO:0000269,,,,,,,,,,,,,,,,,,,,,,,,,,,,,,,,,
P02778,98,P02778,Q96QJ5,Eukaryota,Homo sapiens,9606,C-X-C motif chemokine 10,,,1,21,ECO:0000269,,,,,,,,,,,,,,,,,,,,,,,,,,,,,,,,,
P02779,91,P02779,,Eukaryota,Oryctolagus cuniculus,9986,Uteroglobin,,,1,21,ECO:0000269,,,,,,,,,,,,,,,,,,,,,,,,,,,,,,,,,
P02784,134,P02784,,Eukaryota,Bos taurus,9913,Seminal plasma protein PDC-109,,,1,25,ECO:0000269,,,,,,,,,,,,,,,,,,,,,,,,,,,,,,,,,
P02787,698,P02787,"O43890, Q1HBA5, Q9NQB8, Q9UHV0",Eukaryota,Homo sapiens,9606,Serotransferrin,,,1,19,ECO:0000269,,,,,,,,,,,,,,,,,,,,,,,,,,,,,,,,,
P02788,710,P02788,"A8K9U8, B2MV13, B7Z4X2, E7EQH5, O00756, Q16780, Q16785, Q16786, Q16789, Q5DSM0, Q8IU92, Q8IZH6, Q8TCD2, Q96KZ4, Q96KZ5, Q9H1Z3, Q9UCY5",Eukaryota,Homo sapiens,9606,Lactotransferrin,,,1,19,ECO:0000269,,,,,,,,,,,,,,,,,,,,,,,,,,,,,,,,,
P02790,462,P02790,B2R957,Eukaryota,Homo sapiens,9606,Hemopexin,,,1,23,ECO:0000269,,,,,,,,,,,,,,,,,,,,,,,,,,,,,,,,,
P02808,62,P02808,"A6NKE9, B2R4F8",Eukaryota,Homo sapiens,9606,Statherin,,,1,19,ECO:0000269,,,,,,,,,,,,,,,,,,,,,,,,,,,,,,,,,
P02810,166,P02810,"A2VCM0, A3KN66, A5D902, B2RMW2, Q4VBP2, Q53XA2, Q6P2F6",Eukaryota,Homo sapiens,9606,Salivary acidic proline-rich phosphoprotein 1/2,,,1,16,ECO:0000269,,,,,,,,,,,,,,,,,,,,,,,,,,,,,,,,,
P02814,79,P02814,"B7ZMG7, Q9UBN0, Q9UCT0",Eukaryota,Homo sapiens,9606,Submaxillary gland androgen-regulated protein 3B,,,1,22,ECO:0000269,,,,,,,,,,,,,,,,,,,,,,,,,,,,,,,,,
P02817,213,P02817,,Eukaryota,Bos taurus,9913,"Amelogenin, X isoform",,,1,16,ECO:0000269,,,,,,,,,,,,,,,,,,,,,,,,,,,,,,,,,
P03950,147,P03950,"Q05CV1, Q53X86, Q6P5T2, Q8WXE7",Eukaryota,Homo sapiens,9606,Angiogenin,,,1,24,ECO:0000269,,,,,,,,,,,,,,,,,,,,,,,,,,,,,,,,,
P03954,388,P03954,,Eukaryota,Macaca fuscata fuscata,9543,Pepsin A-1,,,1,15,ECO:0000269,,,,,,,,,,,,,,,,,,,,,,,,,,,,,,,,,
P03971,560,P03971,"O75246, Q6GTN3",Eukaryota,Homo sapiens,9606,Anti-Muellerian hormone,,,1,24,ECO:0000269,,,,,,,,,,,,,,,,,,,,,,,,,,,,,,,,,
P03973,132,P03973,"B2R5H8, P07757",Eukaryota,Homo sapiens,9606,Antileukoproteinase,,,1,25,ECO:0000269,,,,,,,,,,,,,,,,,,,,,,,,,,,,,,,,,
P04003,597,P04003,Q5VVQ8,Eukaryota,Homo sapiens,9606,C4b-binding protein alpha chain,,,1,48,ECO:0000269,,,,,,,,,,,,,,,,,,,,,,,,,,,,,,,,,
P04004,478,P04004,"B2R7G0, P01141, Q9BSH7",Eukaryota,Homo sapiens,9606,Vitronectin,,,1,19,ECO:0000269,,,,,,,,,,,,,,,,,,,,,,,,,,,,,,,,,
P04054,148,P04054,"B2R4H5, Q3KPI1",Eukaryota,Homo sapiens,9606,Phospholipase A2,,,1,15,ECO:0000269,,,,,,,,,,,,,,,,,,,,,,,,,,,,,,,,,
P04062,536,P04062,"A8K796, B7Z5G2, B7Z6S1, J3KQG4, J3KQK9, Q16545, Q4VX22, Q6I9R6, Q9UMJ8",Eukaryota,Homo sapiens,9606,Lysosomal acid glucosylceramidase,,,1,39,ECO:0000269,,,,,,,,,,,,,,,,,,,,,,,,,,,,,,,,,
P04090,185,P04090,"A0AVM0, Q99936, Q9UCX3, Q9UQJ2",Eukaryota,Homo sapiens,9606,Prorelaxin H2,,,1,24,ECO:0000269,,,,,,,,,,,,,,,,,,,,,,,,,,,,,,,,,
P04155,84,P04155,,Eukaryota,Homo sapiens,9606,Trefoil factor 1,,,1,24,ECO:0000269,,,,,,,,,,,,,,,,,,,,,,,,,,,,,,,,,
P04180,440,P04180,Q53XQ3,Eukaryota,Homo sapiens,9606,Phosphatidylcholine-sterol acyltransferase,,,1,24,ECO:0000269,,,,,,,,,,,,,,,,,,,,,,,,,,,,,,,,,
P04196,525,P04196,"B9EK35, D3DNU7",Eukaryota,Homo sapiens,9606,Histidine-rich glycoprotein,,,1,18,ECO:0000269,,,,,,,,,,,,,,,,,,,,,,,,,,,,,,,,,
P04217,495,P04217,"A8K052, Q68CK0, Q8IYJ6, Q96P39",Eukaryota,Homo sapiens,9606,Alpha-1B-glycoprotein,,,1,21,ECO:0000269,,,,,,,,,,,,,,,,,,,,,,,,,,,,,,,,,
P04275,2813,P04275,"Q8TCE8, Q99806",Eukaryota,Homo sapiens,9606,von Willebrand factor,,,1,22,ECO:0000269,,,,,,,,,,,,,,,,,,,,,,,,,,,,,,,,,
P04276,476,P04276,,Eukaryota,Rattus norvegicus,10116,Vitamin D-binding protein,,,1,16,ECO:0000269,,,,,,,,,,,,,,,,,,,,,,,,,,,,,,,,,
P04278,402,P04278,"B0FWH4, B4DYU0, E9PGW1, F5H5Z8, I3L1N7, P14689, Q16616, Q3MIL0, Q6ISD2",Eukaryota,Homo sapiens,9606,Sex hormone-binding globulin,,,1,29,ECO:0000269,,,,,,,,,,,,,,,,,,,,,,,,,,,,,,,,,
P04280,392,P04280,"G5E9X6, Q08805, Q15186, Q15187, Q15214, Q15215, Q16038",Eukaryota,Homo sapiens,9606,Basic salivary proline-rich protein 1,,,1,16,ECO:0000269,,,,,,,,,,,,,,,,,,,,,,,,,,,,,,,,,
P04421,147,P04421,,Eukaryota,Bos taurus,9913,Lysozyme C,,,1,18,ECO:0000269,,,,,,,,,,,,,,,,,,,,,,,,,,,,,,,,,
P04439,365,P04439,"B1PKZ3, O02939, O02954, O02955, O02963, O19509, O19546, O19598, O19605, O19606, O19619, O19647, O19673, O19687, O19695, O19756, O19794, O19795, O43906, O43907, O46874, O62921, O62924, O77937, O77938, O77964, O78073, O78171, O98009, O98010, O98011, O98137, P01891, P01892, P05534, P06338, P10313, P10314, P10315, P10316, P13746, P16188, P16189, P16190, P18462, P30443, P30444, P30445, P30446, P30447, P30448, P30449, P30450, P30451, P30452, P30453, P30454, P30455, P30456, P30457, P30458, P30459, P30512, P30514, P79505, P79562, P79563, Q09160, Q29680, Q29747, Q29835, Q29837, Q29838, Q29899, Q29908, Q29909, Q29910, Q30208, Q31623, Q5S3G1, Q65A82, Q8MHM1, Q8MHN9, Q95352, Q95355, Q95362, Q95377, Q95380, Q95IZ5, Q9BCN0, Q9BD15, Q9BD19, Q9GJE6, Q9GJE7, Q9GJE8, Q9MW42, Q9MY89, Q9MYA3, Q9MYA5, Q9MYC4, Q9MYE6, Q9MYE9, Q9MYG4, Q9MYG5, Q9MYI5, Q9TP25, Q9TPQ3, Q9TPR8, Q9TPX8, Q9TPX9, Q9TPY0, Q9TQ24, Q9TQE8, Q9TQE9, Q9TQF1, Q9TQF5, Q9TQF8, Q9TQF9, Q9TQG0, Q9TQG5, Q9TQG7, Q9TQH5, Q9TQI3, Q9TQK5, Q9TQM6, Q9TQN5, Q9TQP5, Q9TQP6, Q9TQP7, Q9UIN1, Q9UIN2, Q9UIP7, Q9UQU3, Q9UQU6, Q9UQU7",Eukaryota,Homo sapiens,9606,"HLA class I histocompatibility antigen, A alpha chain",,,1,24,ECO:0000269,309,332,ECO:0000255,,,,,,,,,,,,,,,,,,,,,,,,,,,,,,
P04634,395,P04634,,Eukaryota,Rattus norvegicus,10116,Gastric triacylglycerol lipase,,,1,18,ECO:0000269,,,,,,,,,,,,,,,,,,,,,,,,,,,,,,,,,
P04639,259,P04639,"O08877, O09054, Q5EBB2",Eukaryota,Rattus norvegicus,10116,Apolipoprotein A-I,,,1,18,ECO:0000269,,,,,,,,,,,,,,,,,,,,,,,,,,,,,,,,,
P04653,214,P04653,"Q69B23, Q9TS03, Q9TS48",Eukaryota,Ovis aries,9940,Alpha-S1-casein,,,1,15,ECO:0000269,,,,,,,,,,,,,,,,,,,,,,,,,,,,,,,,,
P04785,509,P04785,P13700,Eukaryota,Rattus norvegicus,10116,Protein disulfide-isomerase,,,1,19,ECO:0000269,,,,,,,,,,,,,,,,,,,,,,,,,,,,,,,,,
P04844,631,P04844,"Q5JYR6, Q6IBA5, Q96E21, Q9BUQ3, Q9UBE1",Eukaryota,Homo sapiens,9606,Dolichyl-diphosphooligosaccharide--protein glycosyltransferase subunit 2,,,1,22,ECO:0000269,541,561,ECO:0000255,572,592,ECO:0000255,597,617,ECO:0000255,,,,,,,,,,,,,,,,,,,,,,,,
P04916,201,P04916,,Eukaryota,Rattus norvegicus,10116,Retinol-binding protein 4,,,1,18,ECO:0000269,,,,,,,,,,,,,,,,,,,,,,,,,,,,,,,,,
P04925,254,P04925,,Eukaryota,Mus musculus,10090,Major prion protein,,,1,22,ECO:0000269,,,,,,,,,,,,,,,,,,,,,,,,,,,,,,,,,
P04937,2477,P04937,Q6LDX9,Eukaryota,Rattus norvegicus,10116,Fibronectin,,,1,24,ECO:0000269,,,,,,,,,,,,,,,,,,,,,,,,,,,,,,,,,
P05000,195,P05000,"Q13168, Q5U802, Q5VWD0, Q7M4P5",Eukaryota,Homo sapiens,9606,Interferon omega-1,,,1,21,ECO:0000269,,,,,,,,,,,,,,,,,,,,,,,,,,,,,,,,,
P05014,189,P05014,"P13358, Q14CS4, Q5VV15",Eukaryota,Homo sapiens,9606,Interferon alpha-4,,,1,23,ECO:0000269,,,,,,,,,,,,,,,,,,,,,,,,,,,,,,,,,
P05059,449,P05059,"P79392, Q2KJ52",Eukaryota,Bos taurus,9913,Chromogranin-A,,,1,18,ECO:0000269,,,,,,,,,,,,,,,,,,,,,,,,,,,,,,,,,
P05060,677,P05060,"A8K021, Q59EU9, Q6IBS6, Q9BQV6, Q9UC25, Q9UJA6",Eukaryota,Homo sapiens,9606,Secretogranin-1,,,1,20,ECO:0000269,,,,,,,,,,,,,,,,,,,,,,,,,,,,,,,,,
P05067,770,P05067,"B2R5V1, B4DII8, D3DSD1, D3DSD2, D3DSD3, P09000, P78438, Q13764, Q13778, Q13793, Q16011, Q16014, Q16019, Q16020, Q6GSC0, Q8WZ99, Q9BT38, Q9UC33, Q9UCA9, Q9UCB6, Q9UCC8, Q9UCD1, Q9UQ58",Eukaryota,Homo sapiens,9606,Amyloid-beta precursor protein,,,1,17,ECO:0000269,702,722,ECO:0000305,,,,,,,,,,,,,,,,,,,,,,,,,,,,,,
P05090,189,P05090,"B2R579, D3DNW6, Q6IBG6",Eukaryota,Homo sapiens,9606,Apolipoprotein D,,,1,20,ECO:0000269,,,,,,,,,,,,,,,,,,,,,,,,,,,,,,,,,
P05113,134,P05113,Q13840,Eukaryota,Homo sapiens,9606,Interleukin-5,,,1,19,ECO:0000269,,,,,,,,,,,,,,,,,,,,,,,,,,,,,,,,,
P05154,406,P05154,"Q07616, Q9UG30",Eukaryota,Homo sapiens,9606,Plasma serine protease inhibitor,,,1,19,ECO:0000269,,,,,,,,,,,,,,,,,,,,,,,,,,,,,,,,,
P05155,500,P05155,"A6NMU0, A8KAI9, B2R6L5, B4E1F0, B4E1H2, Q16304, Q547W3, Q59EI5, Q7Z455, Q96FE0, Q9UC49, Q9UCF9",Eukaryota,Homo sapiens,9606,Plasma protease C1 inhibitor,,,1,22,ECO:0000269,,,,,,,,,,,,,,,,,,,,,,,,,,,,,,,,,
P05160,661,P05160,"A8K3E5, Q5VYL5",Eukaryota,Homo sapiens,9606,Coagulation factor XIII B chain,,,1,20,ECO:0000269,,,,,,,,,,,,,,,,,,,,,,,,,,,,,,,,,
P05164,745,P05164,"A1L4B8, Q14862, Q4PJH5, Q9UCL7",Eukaryota,Homo sapiens,9606,Myeloperoxidase,,,1,48,ECO:0000269,,,,,,,,,,,,,,,,,,,,,,,,,,,,,,,,,
P05186,524,P05186,"A1A4E7, B2RMP8, B7Z387, B7Z4Y6, O75090, Q2TAI7, Q59EJ7, Q5BKZ5, Q5VTG5, Q6NZI8, Q8WU32, Q9UBK0",Eukaryota,Homo sapiens,9606,"Alkaline phosphatase, tissue-nonspecific isozyme",,,1,17,ECO:0000269,,,,,,,,,,,,,,,,,,,,,,,,,,,,,,,,,
P05187,535,P05187,"P05188, P06861, Q53S78, Q96DB7",Eukaryota,Homo sapiens,9606,"Alkaline phosphatase, placental type",,,1,22,ECO:0000269,513,529,,,,,,,,,,,,,,,,,,,,,,,,,,,,,,,
P05231,212,P05231,"Q9UCU2, Q9UCU3, Q9UCU4",Eukaryota,Homo sapiens,9606,Interleukin-6,,,1,29,ECO:0000269,,,,,,,,,,,,,,,,,,,,,,,,,,,,,,,,,
P05305,212,P05305,Q96DA1,Eukaryota,Homo sapiens,9606,Endothelin-1,,,1,17,ECO:0000269,,,,,,,,,,,,,,,,,,,,,,,,,,,,,,,,,
P05307,510,P05307,,Eukaryota,Bos taurus,9913,Protein disulfide-isomerase,,,1,20,ECO:0000269,,,,,,,,,,,,,,,,,,,,,,,,,,,,,,,,,
P05371,447,P05371,,Eukaryota,Rattus norvegicus,10116,Clusterin,,,1,21,ECO:0000269,,,,,,,,,,,,,,,,,,,,,,,,,,,,,,,,,
P05408,212,P05408,"P01164, Q6FHD0, Q9BS38",Eukaryota,Homo sapiens,9606,Neuroendocrine protein 7B2,,,1,26,ECO:0000269,,,,,,,,,,,,,,,,,,,,,,,,,,,,,,,,,
P05451,166,P05451,"P11379, Q4ZG28",Eukaryota,Homo sapiens,9606,Lithostathine-1-alpha,,,1,22,ECO:0000269,,,,,,,,,,,,,,,,,,,,,,,,,,,,,,,,,
P05452,202,P05452,Q6FGX6,Eukaryota,Homo sapiens,9606,Tetranectin,,,1,21,ECO:0000269,,,,,,,,,,,,,,,,,,,,,,,,,,,,,,,,,
P05533,134,P05533,Q8BPD0,Eukaryota,Mus musculus,10090,Lymphocyte antigen 6A-2/6E-1,,,1,26,ECO:0000269,,,,,,,,,,,,,,,,,,,,,,,,,,,,,,,,,
P05543,415,P05543,D3DUX1,Eukaryota,Homo sapiens,9606,Thyroxine-binding globulin,,,1,20,ECO:0000269,,,,,,,,,,,,,,,,,,,,,,,,,,,,,,,,,
P05545,416,P05545,"P14281, Q64254, Q6P6G8",Eukaryota,Rattus norvegicus,10116,Serine protease inhibitor A3K,,,1,20,ECO:0000269,,,,,,,,,,,,,,,,,,,,,,,,,,,,,,,,,
P05546,499,P05546,"A0A7H0TJC6, B2RAI1, D3DX34, Q6IBZ5",Eukaryota,Homo sapiens,9606,Heparin cofactor 2,,,1,19,ECO:0000269,,,,,,,,,,,,,,,,,,,,,,,,,,,,,,,,,
P05555,1153,P05555,Q8CA73,Eukaryota,Mus musculus,10090,Integrin alpha-M,,,1,16,ECO:0000269,1106,1129,ECO:0000255,,,,,,,,,,,,,,,,,,,,,,,,,,,,,,
P05814,226,P05814,"Q4VAZ9, Q9UCM5",Eukaryota,Homo sapiens,9606,Beta-casein,,,1,15,ECO:0000269,,,,,,,,,,,,,,,,,,,,,,,,,,,,,,,,,
P06028,91,P06028,"B8Q174, E2QBW7, Q0VAF4, Q58HE9, Q58HF0, Q58HF1, Q9UCH7",Eukaryota,Homo sapiens,9606,Glycophorin-B,,,1,19,ECO:0000269,60,81,ECO:0000255,,,,,,,,,,,,,,,,,,,,,,,,,,,,,,
P06213,1382,P06213,"Q17RW0, Q59H98, Q9UCB7, Q9UCB8, Q9UCB9",Eukaryota,Homo sapiens,9606,Insulin receptor,,,1,27,ECO:0000269,957,979,ECO:0000255,,,,,,,,,,,,,,,,,,,,,,,,,,,,,,
P06276,602,P06276,A8K7P8,Eukaryota,Homo sapiens,9606,Cholinesterase,,,1,28,ECO:0000269,,,,,,,,,,,,,,,,,,,,,,,,,,,,,,,,,
P06281,402,P06281,"P97911, Q543E5, Q62153, Q62154",Eukaryota,Mus musculus,10090,Renin-1,,,1,21,ECO:0000269,,,,,,,,,,,,,,,,,,,,,,,,,,,,,,,,,
P06312,121,P06312,"P01625, P06313, P06314, P83593",Eukaryota,Homo sapiens,9606,Immunoglobulin kappa variable 4-1,,,1,20,ECO:0000269,,,,,,,,,,,,,,,,,,,,,,,,,,,,,,,,,
P06332,457,P06332,,Eukaryota,Mus musculus,10090,T-cell surface glycoprotein CD4,,,1,26,ECO:0000269,395,417,ECO:0000255,,,,,,,,,,,,,,,,,,,,,,,,,,,,,,
P06399,782,P06399,,Eukaryota,Rattus norvegicus,10116,Fibrinogen alpha chain,,,1,19,ECO:0000269,,,,,,,,,,,,,,,,,,,,,,,,,,,,,,,,,
P06681,752,P06681,"B4DPF3, B4DV20, E9PFN7, O19694, Q13904",Eukaryota,Homo sapiens,9606,Complement C2,,,1,20,ECO:0000269,,,,,,,,,,,,,,,,,,,,,,,,,,,,,,,,,
P06727,396,P06727,"A8MSL6, Q14CW8, Q6Q787",Eukaryota,Homo sapiens,9606,Apolipoprotein A-IV,,,1,20,ECO:0000269,,,,,,,,,,,,,,,,,,,,,,,,,,,,,,,,,
P06756,1048,P06756,"A0AV67, B0LPF4, B7Z883, B7ZLX0, D3DPG8, E7EWZ6, Q53SK4, Q59EB7, Q6LD15",Eukaryota,Homo sapiens,9606,Integrin alpha-V,,,1,30,ECO:0000269,993,1016,ECO:0000255,,,,,,,,,,,,,,,,,,,,,,,,,,,,,,
P06797,334,P06797,Q91UZ0,Eukaryota,Mus musculus,10090,Procathepsin L,,,1,17,ECO:0000269,,,,,,,,,,,,,,,,,,,,,,,,,,,,,,,,,
P06857,467,P06857,Q28287,Eukaryota,Canis lupus familiaris,9615,Inactive pancreatic lipase-related protein 1,,,1,17,ECO:0000269,,,,,,,,,,,,,,,,,,,,,,,,,,,,,,,,,
P06858,475,P06858,"B2R5T9, Q16282, Q16283, Q96FC4",Eukaryota,Homo sapiens,9606,Lipoprotein lipase,,,1,27,ECO:0000269,,,,,,,,,,,,,,,,,,,,,,,,,,,,,,,,,
P06865,529,P06865,"B4DKE7, E7ENH7, Q53HS8, Q6AI32",Eukaryota,Homo sapiens,9606,Beta-hexosaminidase subunit alpha,,,1,22,"ECO:0000269, ECO:0000305",,,,,,,,,,,,,,,,,,,,,,,,,,,,,,,,,
P06867,809,P06867,Q19AZ9,Eukaryota,Sus scrofa,9823,Plasminogen,,,1,19,ECO:0000269,,,,,,,,,,,,,,,,,,,,,,,,,,,,,,,,,
P06868,805,P06868,Q28162,Eukaryota,Bos taurus,9913,Plasminogen,,,1,19,ECO:0000269,,,,,,,,,,,,,,,,,,,,,,,,,,,,,,,,,
P07093,398,P07093,"B2R6A4, B4DIF2, Q53S15, Q5D0C4",Eukaryota,Homo sapiens,9606,Glia-derived nexin,,,1,19,ECO:0000269,,,,,,,,,,,,,,,,,,,,,,,,,,,,,,,,,
P07098,398,P07098,"B7Z723, F5H1P4, Q2M1P6, Q5VXI7, Q5VXI8, Q658L8",Eukaryota,Homo sapiens,9606,Gastric triacylglycerol lipase,,,1,19,ECO:0000269,,,,,,,,,,,,,,,,,,,,,,,,,,,,,,,,,
P07141,552,P07141,"Q3U395, Q8R3C8",Eukaryota,Mus musculus,10090,Macrophage colony-stimulating factor 1,,,1,32,ECO:0000269,493,515,ECO:0000255,,,,,,,,,,,,,,,,,,,,,,,,,,,,,,
P07151,119,P07151,,Eukaryota,Rattus norvegicus,10116,Beta-2-microglobulin,,,1,20,ECO:0000269,,,,,,,,,,,,,,,,,,,,,,,,,,,,,,,,,
P07154,334,P07154,Q9QV07,Eukaryota,Rattus norvegicus,10116,Procathepsin L,,,1,17,ECO:0000269,,,,,,,,,,,,,,,,,,,,,,,,,,,,,,,,,
P07204,575,P07204,"Q8IV29, Q9UC32",Eukaryota,Homo sapiens,9606,Thrombomodulin,,,1,18,ECO:0000269,516,539,ECO:0000255,,,,,,,,,,,,,,,,,,,,,,,,,,,,,,
P07214,302,P07214,,Eukaryota,Mus musculus,10090,SPARC,,,1,17,ECO:0000269,,,,,,,,,,,,,,,,,,,,,,,,,,,,,,,,,
P07221,395,P07221,,Eukaryota,Oryctolagus cuniculus,9986,Calsequestrin-1,,,1,28,ECO:0000269,,,,,,,,,,,,,,,,,,,,,,,,,,,,,,,,,
P07237,508,P07237,"B2RDQ2, P30037, P32079, Q15205, Q6LDE5",Eukaryota,Homo sapiens,9606,Protein disulfide-isomerase,,,1,17,"ECO:0000269, ECO:0007744",,,,,,,,,,,,,,,,,,,,,,,,,,,,,,,,,
P07288,261,P07288,"C9JXH3, G3V0H4, G3XAE3, Q15096, Q16272, Q86TG8, Q8IXI4",Eukaryota,Homo sapiens,9606,Prostate-specific antigen,,,1,17,ECO:0000269,,,,,,,,,,,,,,,,,,,,,,,,,,,,,,,,,
P07359,652,P07359,"E7ES66, Q14441, Q16469, Q8N1F3, Q8NG39, Q9HDC7, Q9UEK1, Q9UQS4",Eukaryota,Homo sapiens,9606,Platelet glycoprotein Ib alpha chain,,,1,16,ECO:0000269,532,552,ECO:0000255,,,,,,,,,,,,,,,,,,,,,,,,,,,,,,
P07456,179,P07456,"A0A5F2, Q2HJN0",Eukaryota,Bos taurus,9913,Insulin-like growth factor 2,,,1,24,ECO:0000269,,,,,,,,,,,,,,,,,,,,,,,,,,,,,,,,,
P07477,247,P07477,"A1A509, A6NJ71, B2R5I5, Q5NV57, Q7M4N3, Q7M4N4, Q92955, Q9HAN4, Q9HAN5, Q9HAN6, Q9HAN7",Eukaryota,Homo sapiens,9606,Serine protease 1,,,1,15,ECO:0000269,,,,,,,,,,,,,,,,,,,,,,,,,,,,,,,,,
P07478,247,P07478,,Eukaryota,Homo sapiens,9606,Trypsin-2,,,1,15,ECO:0000269,,,,,,,,,,,,,,,,,,,,,,,,,,,,,,,,,
P07507,103,P07507,Q54A30,Eukaryota,Bos taurus,9913,Matrix Gla protein,,,1,19,ECO:0000269,,,,,,,,,,,,,,,,,,,,,,,,,,,,,,,,,
P07602,524,P07602,"P07292, P15793, P78538, P78541, P78546, P78547, P78558, Q53Y86, Q6IBQ6, Q92739, Q92740, Q92741, Q92742",Eukaryota,Homo sapiens,9606,Prosaposin,,,1,16,"ECO:0000269, ECO:0007744",,,,,,,,,,,,,,,,,,,,,,,,,,,,,,,,,
P07634,131,P07634,,Eukaryota,Sus scrofa,9823,Natriuretic peptides B,,,1,25,ECO:0000269,,,,,,,,,,,,,,,,,,,,,,,,,,,,,,,,,
P07727,457,P07727,Q546L6,Eukaryota,Rattus norvegicus,10116,Glycine receptor subunit alpha-1,,,1,28,ECO:0000269,251,272,ECO:0000250,278,298,ECO:0000250,310,330,ECO:0000250,426,446,ECO:0000250,,,,,,,,,,,,,,,,,,,,,
P07759,418,P07759,"Q62257, Q8VCH3, Q91W80, Q91X80",Eukaryota,Mus musculus,10090,Serine protease inhibitor A3K,,,1,21,ECO:0000269,,,,,,,,,,,,,,,,,,,,,,,,,,,,,,,,,
P07808,98,P07808,,Eukaryota,Rattus norvegicus,10116,Pro-neuropeptide Y,,,1,29,ECO:0000269,,,,,,,,,,,,,,,,,,,,,,,,,,,,,,,,,
P07897,2124,P07897,,Eukaryota,Rattus norvegicus,10116,Aggrecan core protein,,,1,19,ECO:0000269,,,,,,,,,,,,,,,,,,,,,,,,,,,,,,,,,
P07994,360,P07994,Q2TBQ2,Eukaryota,Bos taurus,9913,Inhibin alpha chain,,,1,17,ECO:0000269,,,,,,,,,,,,,,,,,,,,,,,,,,,,,,,,,
P07998,156,P07998,"B2R589, D3DS06, Q16830, Q16869, Q1KHR2, Q6ICS5, Q9UCB4, Q9UCB5",Eukaryota,Homo sapiens,9606,Ribonuclease pancreatic,,,1,28,ECO:0000269,,,,,,,,,,,,,,,,,,,,,,,,,,,,,,,,,
P08001,415,P08001,"P08000, Q29015",Eukaryota,Sus scrofa,9823,Acrosin,,,1,16,ECO:0000269,,,,,,,,,,,,,,,,,,,,,,,,,,,,,,,,,
P08069,1367,P08069,"B1B5Y2, Q14CV2, Q9UCC0",Eukaryota,Homo sapiens,9606,Insulin-like growth factor 1 receptor,,,1,30,ECO:0000269,936,959,ECO:0000255,,,,,,,,,,,,,,,,,,,,,,,,,,,,,,
P08118,114,P08118,"B1API6, P11999, Q13125, Q6IAY9, Q9UC59",Eukaryota,Homo sapiens,9606,Beta-microseminoprotein,,,1,20,ECO:0000269,,,,,,,,,,,,,,,,,,,,,,,,,,,,,,,,,
P08174,381,P08174,"B1AP14, D3DT83, D3DT84, E7ER69, P09679, P78361, Q14UF2, Q14UF3, Q14UF4, Q14UF5, Q14UF6",Eukaryota,Homo sapiens,9606,Complement decay-accelerating factor,,,1,34,ECO:0000269,,,,,,,,,,,,,,,,,,,,,,,,,,,,,,,,,
P08185,405,P08185,"A8K456, Q7Z2Q9",Eukaryota,Homo sapiens,9606,Corticosteroid-binding globulin,,,1,22,ECO:0000269,,,,,,,,,,,,,,,,,,,,,,,,,,,,,,,,,
P08236,651,P08236,"B4E1F6, E9PCV0, Q549U0, Q96CL9",Eukaryota,Homo sapiens,9606,Beta-glucuronidase,,,1,22,ECO:0000269,,,,,,,,,,,,,,,,,,,,,,,,,,,,,,,,,
P08253,660,P08253,"B2R6U1, B4DWH3, E9PE45, Q9UCJ8",Eukaryota,Homo sapiens,9606,72 kDa type IV collagenase,,,1,29,ECO:0000269,,,,,,,,,,,,,,,,,,,,,,,,,,,,,,,,,
P08289,524,P08289,"P14055, P70707",Eukaryota,Rattus norvegicus,10116,"Alkaline phosphatase, tissue-nonspecific isozyme",,,1,17,ECO:0000269,,,,,,,,,,,,,,,,,,,,,,,,,,,,,,,,,
P08505,211,P08505,"Q3UCQ0, Q8BN26",Eukaryota,Mus musculus,10090,Interleukin-6,,,1,24,ECO:0000269,,,,,,,,,,,,,,,,,,,,,,,,,,,,,,,,,
P08514,1039,P08514,"B2RCY8, O95366, Q14443, Q17R67",Eukaryota,Homo sapiens,9606,Integrin alpha-IIb,,,1,31,ECO:0000269,994,1019,ECO:0000255,,,,,,,,,,,,,,,,,,,,,,,,,,,,,,
P08582,738,P08582,Q9BQE2,Eukaryota,Homo sapiens,9606,Melanotransferrin,,,1,19,ECO:0000269,,,,,,,,,,,,,,,,,,,,,,,,,,,,,,,,,
P08603,1231,P08603,"A5PL14, P78435, Q14570, Q2TAZ5, Q38G77, Q5TFM3, Q8N708, Q9NU86",Eukaryota,Homo sapiens,9606,Complement factor H,,,1,18,ECO:0000269,,,,,,,,,,,,,,,,,,,,,,,,,,,,,,,,,
P08648,1049,P08648,Q96HA5,Eukaryota,Homo sapiens,9606,Integrin alpha-5,,,1,41,ECO:0000269,996,1021,ECO:0000255,,,,,,,,,,,,,,,,,,,,,,,,,,,,,,
P08661,244,P08661,,Eukaryota,Rattus norvegicus,10116,Mannose-binding protein C,,,1,18,ECO:0000269,,,,,,,,,,,,,,,,,,,,,,,,,,,,,,,,,
P08697,491,P08697,"B4E1B7, Q8N5U7, Q9UCG2, Q9UCG3",Eukaryota,Homo sapiens,9606,Alpha-2-antiplasmin,,,1,27,ECO:0000269,,,,,,,,,,,,,,,,,,,,,,,,,,,,,,,,,
P08721,317,P08721,,Eukaryota,Rattus norvegicus,10116,Osteopontin,,,1,16,ECO:0000269,,,,,,,,,,,,,,,,,,,,,,,,,,,,,,,,,
P08751,169,P08751,P01234,Eukaryota,Equus caballus,9796,Lutropin/choriogonadotropin subunit beta,,,1,20,ECO:0000269,,,,,,,,,,,,,,,,,,,,,,,,,,,,,,,,,
P08833,259,P08833,"A4D2F4, D3DVL9, Q8IYP5",Eukaryota,Homo sapiens,9606,Insulin-like growth factor-binding protein 1,,,1,25,ECO:0000269,,,,,,,,,,,,,,,,,,,,,,,,,,,,,,,,,
P08842,583,P08842,B2RA47,Eukaryota,Homo sapiens,9606,Steryl-sulfatase,,,1,21,ECO:0000269,185,208,ECO:0000269,213,234,ECO:0000269,,,,,,,,,,,,,,,,,,,,,,,,,,,
P08887,468,P08887,"A8KAE8, B2R6V4, Q16202, Q53EQ7, Q5FWG2, Q5VZ23",Eukaryota,Homo sapiens,9606,Interleukin-6 receptor subunit alpha,,,1,19,ECO:0000269,366,386,ECO:0000255,,,,,,,,,,,,,,,,,,,,,,,,,,,,,,
P08904,154,P08904,"Q32L16, Q95324, Q9TUP9",Eukaryota,Bos taurus,9913,Ribonuclease K6,,,1,27,ECO:0000269,,,,,,,,,,,,,,,,,,,,,,,,,,,,,,,,,
P08905,148,P08905,"Q3TXG2, Q3U5Q2, Q3U690, Q8VE78",Eukaryota,Mus musculus,10090,Lysozyme C-2,,,1,18,ECO:0000269,,,,,,,,,,,,,,,,,,,,,,,,,,,,,,,,,
P08989,146,P08989,,Eukaryota,Canis lupus familiaris,9615,Gastrin-releasing peptide,,,1,23,ECO:0000269,,,,,,,,,,,,,,,,,,,,,,,,,,,,,,,,,
P09056,203,P09056,,Eukaryota,Mus musculus,10090,Leukemia inhibitory factor,,,1,23,ECO:0000269,,,,,,,,,,,,,,,,,,,,,,,,,,,,,,,,,
P09228,141,P09228,Q9UCQ7,Eukaryota,Homo sapiens,9606,Cystatin-SA,,,1,20,ECO:0000269,,,,,,,,,,,,,,,,,,,,,,,,,,,,,,,,,
P09237,267,P09237,Q9BTK9,Eukaryota,Homo sapiens,9606,Matrilysin,,,1,17,ECO:0000269,,,,,,,,,,,,,,,,,,,,,,,,,,,,,,,,,
P09341,107,P09341,Q9UCR7,Eukaryota,Homo sapiens,9606,Growth-regulated alpha protein,,,1,34,ECO:0000269,,,,,,,,,,,,,,,,,,,,,,,,,,,,,,,,,
P09466,180,P09466,"Q5T6T1, Q9UG92",Eukaryota,Homo sapiens,9606,Glycodelin,,,1,18,ECO:0000269,,,,,,,,,,,,,,,,,,,,,,,,,,,,,,,,,
P09470,1312,P09470,"P22967, Q6GTS2",Eukaryota,Mus musculus,10090,Angiotensin-converting enzyme,,,1,34,ECO:0000269,1265,1281,ECO:0000255,,,,,,,,,,,,,,,,,,,,,,,,,,,,,,
P09486,303,P09486,"D3DQH9, Q6IBK4",Eukaryota,Homo sapiens,9606,SPARC,,,1,17,ECO:0000269,,,,,,,,,,,,,,,,,,,,,,,,,,,,,,,,,
P09487,524,P09487,Q17QS5,Eukaryota,Bos taurus,9913,"Alkaline phosphatase, tissue-nonspecific isozyme",,,1,17,ECO:0000269,,,,,,,,,,,,,,,,,,,,,,,,,,,,,,,,,
P09603,554,P09603,"A8K6J5, Q13130, Q14086, Q14806, Q5VVF3, Q5VVF4, Q9UQR8",Eukaryota,Homo sapiens,9606,Macrophage colony-stimulating factor 1,,,1,32,ECO:0000269,497,517,ECO:0000255,,,,,,,,,,,,,,,,,,,,,,,,,,,,,,
P09619,1106,P09619,"B5A957, Q8N5L4",Eukaryota,Homo sapiens,9606,Platelet-derived growth factor receptor beta,,,1,32,ECO:0000269,533,553,ECO:0000255,,,,,,,,,,,,,,,,,,,,,,,,,,,,,,
P09655,79,P09655,P13072,Eukaryota,Rattus norvegicus,10116,Serine protease inhibitor Kazal-type 1,,,1,18,ECO:0000269,,,,,,,,,,,,,,,,,,,,,,,,,,,,,,,,,
P09871,688,P09871,"D3DUT4, Q9UCU7, Q9UCU8, Q9UCU9, Q9UCV0, Q9UCV1, Q9UCV2, Q9UCV3, Q9UCV4, Q9UCV5, Q9UM14",Eukaryota,Homo sapiens,9606,Complement C1s subcomponent,,,1,15,ECO:0000269,,,,,,,,,,,,,,,,,,,,,,,,,,,,,,,,,
P09923,528,P09923,"B2R7Y4, Q53S80, Q9UBV5, Q9UCL2",Eukaryota,Homo sapiens,9606,Intestinal-type alkaline phosphatase,,,1,19,ECO:0000269,,,,,,,,,,,,,,,,,,,,,,,,,,,,,,,,,
P0C2W5,472,P0C2W5,,Eukaryota,Bos taurus,9913,Gamma-aminobutyric acid receptor subunit beta-2,,,1,23,ECO:0000269,240,260,ECO:0000255,271,290,ECO:0000255,309,329,ECO:0000255,451,471,ECO:0000255,,,,,,,,,,,,,,,,,,,,,
P0DJD7,388,P0DJD7,"A8K749, B7ZW75, P00790, Q7M4R0, Q8N1E3",Eukaryota,Homo sapiens,9606,Pepsin A-4,,,1,15,ECO:0000269,,,,,,,,,,,,,,,,,,,,,,,,,,,,,,,,,
P0DJD8,388,P0DJD8,"A8K749, B2R7D6, B7ZW75, P00790, Q7M4R0, Q8N1E3",Eukaryota,Homo sapiens,9606,Pepsin A-3,,,1,15,ECO:0000269,,,,,,,,,,,,,,,,,,,,,,,,,,,,,,,,,
P0DJD9,388,P0DJD9,"A8K749, B7ZW62, B7ZW75, P00790, Q7M4R0, Q8N1E3",Eukaryota,Homo sapiens,9606,Pepsin A-5,,,1,15,ECO:0000269,,,,,,,,,,,,,,,,,,,,,,,,,,,,,,,,,
P0DJI8,122,P0DJI8,"E9PQD6, P02735, P02736, P02737, Q16730, Q16834, Q16835, Q16879, Q3KRB3, Q6FG67, Q96QN0, Q9UCK9, Q9UCL0",Eukaryota,Homo sapiens,9606,Serum amyloid A-1 protein,,,1,18,ECO:0000269,,,,,,,,,,,,,,,,,,,,,,,,,,,,,,,,,
P0DJI9,122,P0DJI9,"G3XAK9, P02735, P02736, P02737, Q16730, Q16834, Q16835, Q16879, Q3KRB3, Q6FG67, Q96QN0, Q9UCK9, Q9UCL0",Eukaryota,Homo sapiens,9606,Serum amyloid A-2 protein,,,1,18,ECO:0000269,,,,,,,,,,,,,,,,,,,,,,,,,,,,,,,,,
P0DML2,217,P0DML2,"P01243, Q0VDB1, Q14407",Eukaryota,Homo sapiens,9606,Chorionic somatomammotropin hormone 1,,,1,26,ECO:0000269,,,,,,,,,,,,,,,,,,,,,,,,,,,,,,,,,
P0DML3,217,P0DML3,"P01243, Q0VDB1, Q14407",Eukaryota,Homo sapiens,9606,Chorionic somatomammotropin hormone 2,,,1,26,ECO:0000269,,,,,,,,,,,,,,,,,,,,,,,,,,,,,,,,,
P0DN86,165,P0DN86,"A1A5E0, B9ZVP5, P01233, Q13991, Q14000, Q3KPI3, Q3SY41, Q8WTT5, Q8WXL1, Q8WXL2, Q8WXL3, Q8WXL4",Eukaryota,Homo sapiens,9606,Choriogonadotropin subunit beta 3,,,1,20,ECO:0000269,,,,,,,,,,,,,,,,,,,,,,,,,,,,,,,,,
P10082,97,P10082,"Q5U5Q6, Q6FGH8",Eukaryota,Homo sapiens,9606,Peptide YY,,,1,28,ECO:0000269,,,,,,,,,,,,,,,,,,,,,,,,,,,,,,,,,
P10124,158,P10124,"B2R4L7, Q5VW06",Eukaryota,Homo sapiens,9606,Serglycin,,,1,27,ECO:0000269,,,,,,,,,,,,,,,,,,,,,,,,,,,,,,,,,
P10144,247,P10144,"Q8N1D2, Q9UCC1",Eukaryota,Homo sapiens,9606,Granzyme B,,,1,18,ECO:0000269,,,,,,,,,,,,,,,,,,,,,,,,,,,,,,,,,
P10145,99,P10145,"B2R4L8, Q6FGF6, Q6LAE6, Q96RG6, Q9C077, Q9UCE1, Q9UCR8, Q9UCR9, Q9UCS0",Eukaryota,Homo sapiens,9606,Interleukin-8,,,1,20,ECO:0000269,,,,,,,,,,,,,,,,,,,,,,,,,,,,,,,,,
P10147,92,P10147,,Eukaryota,Homo sapiens,9606,C-C motif chemokine 3,,,1,23,ECO:0000269,,,,,,,,,,,,,,,,,,,,,,,,,,,,,,,,,
P10152,148,P10152,Q9GKP9,Eukaryota,Bos taurus,9913,Angiogenin-1,,,1,23,ECO:0000269,,,,,,,,,,,,,,,,,,,,,,,,,,,,,,,,,
P10153,161,P10153,"Q52M39, Q9H2B7, Q9UCG7",Eukaryota,Homo sapiens,9606,Non-secretory ribonuclease,,,1,27,ECO:0000269,,,,,,,,,,,,,,,,,,,,,,,,,,,,,,,,,
P10163,310,P10163,"A1L439, O00600, P02813, P10161, P10162, P81489",Eukaryota,Homo sapiens,9606,Basic salivary proline-rich protein 4,,,1,16,ECO:0000269,,,,,,,,,,,,,,,,,,,,,,,,,,,,,,,,,
P10279,264,P10279,"A1YVV9, Q01880, Q0VD57, Q5UJJ5, Q5UJM6, Q5UK69, Q5UK71, Q6UL03, Q6UL04, Q6UL05, Q6UL06, Q7YRN3, Q8MJI7",Eukaryota,Bos taurus,9913,Major prion protein,,,1,24,ECO:0000269,,,,,,,,,,,,,,,,,,,,,,,,,,,,,,,,,
P10354,466,P10354,,Eukaryota,Rattus norvegicus,10116,Chromogranin-A,,,1,18,ECO:0000269,,,,,,,,,,,,,,,,,,,,,,,,,,,,,,,,,
P10493,1245,P10493,"Q3TKX9, Q8BQI3, Q8C3U8, Q8C9P6",Eukaryota,Mus musculus,10090,Nidogen-1,,,1,28,ECO:0000269,,,,,,,,,,,,,,,,,,,,,,,,,,,,,,,,,
P10522,248,P10522,Q05B76,Eukaryota,Bos taurus,9913,Myelin protein P0,,,1,28,ECO:0000269,156,176,ECO:0000255,,,,,,,,,,,,,,,,,,,,,,,,,,,,,,
P10619,480,P10619,"B2R798, Q561W6, Q5JZH1, Q96KJ2, Q9BR08, Q9BW68",Eukaryota,Homo sapiens,9606,Lysosomal protective protein,,,1,28,"ECO:0000269, ECO:0007744",,,,,,,,,,,,,,,,,,,,,,,,,,,,,,,,,
P10645,457,P10645,"B2R9E9, Q53FA8, Q6NR84, Q96E84, Q96GL7, Q9BQB5",Eukaryota,Homo sapiens,9606,Chromogranin-A,,,1,18,ECO:0000269,,,,,,,,,,,,,,,,,,,,,,,,,,,,,,,,,
P10646,304,P10646,"O95103, Q53TS4",Eukaryota,Homo sapiens,9606,Tissue factor pathway inhibitor,,,1,28,ECO:0000269,,,,,,,,,,,,,,,,,,,,,,,,,,,,,,,,,
P10669,344,P10669,P10670,Eukaryota,Sus scrofa,9823,Follistatin,,,1,29,ECO:0000269,,,,,,,,,,,,,,,,,,,,,,,,,,,,,,,,,
P10720,104,P10720,A1L4S0,Eukaryota,Homo sapiens,9606,Platelet factor 4 variant,,,1,30,ECO:0000269,,,,,,,,,,,,,,,,,,,,,,,,,,,,,,,,,
P10745,1247,P10745,"Q0QD34, Q5VSR0, Q8IXN0",Eukaryota,Homo sapiens,9606,Retinol-binding protein 3,,,1,17,ECO:0000269,,,,,,,,,,,,,,,,,,,,,,,,,,,,,,,,,
P10758,165,P10758,,Eukaryota,Rattus norvegicus,10116,Lithostathine,,,1,21,ECO:0000269,,,,,,,,,,,,,,,,,,,,,,,,,,,,,,,,,
P10761,424,P10761,Q4FZI2,Eukaryota,Mus musculus,10090,Zona pellucida sperm-binding protein 3,,,1,22,ECO:0000269,388,408,ECO:0000255,,,,,,,,,,,,,,,,,,,,,,,,,,,,,,
P10764,179,P10764,,Eukaryota,Ovis aries,9940,Insulin-like growth factor 2,,,1,24,ECO:0000269,,,,,,,,,,,,,,,,,,,,,,,,,,,,,,,,,
P10820,554,P10820,,Eukaryota,Mus musculus,10090,Perforin-1,,,1,20,ECO:0000269,128,148,ECO:0000305,256,278,ECO:0000305,,,,,,,,,,,,,,,,,,,,,,,,,,,
P10855,92,P10855,P14096,Eukaryota,Mus musculus,10090,C-C motif chemokine 3,,,1,23,ECO:0000269,,,,,,,,,,,,,,,,,,,,,,,,,,,,,,,,,
P10889,100,P10889,,Eukaryota,Mus musculus,10090,C-X-C motif chemokine 2,,,1,27,ECO:0000269,,,,,,,,,,,,,,,,,,,,,,,,,,,,,,,,,
P10909,449,P10909,"B2R9Q1, B3KSE6, P11380, P11381, Q2TU75, Q5HYC1, Q7Z5B9",Eukaryota,Homo sapiens,9606,Clusterin,,,1,22,ECO:0000269,,,,,,,,,,,,,,,,,,,,,,,,,,,,,,,,,
P10959,549,P10959,"Q5I0K0, Q63106, Q64626",Eukaryota,Rattus norvegicus,10116,Carboxylesterase 1C,,,1,18,ECO:0000269,,,,,,,,,,,,,,,,,,,,,,,,,,,,,,,,,
P11021,654,P11021,"B0QZ61, Q2EF78, Q9NPF1, Q9UK02",Eukaryota,Homo sapiens,9606,Endoplasmic reticulum chaperone BiP,,,1,18,ECO:0000269,,,,,,,,,,,,,,,,,,,,,,,,,,,,,,,,,
P11150,499,P11150,"A2RUB4, A8K9B6, O43571, P78529, Q99465",Eukaryota,Homo sapiens,9606,Hepatic triacylglycerol lipase,,,1,22,ECO:0000269,,,,,,,,,,,,,,,,,,,,,,,,,,,,,,,,,
P11151,478,P11151,Q17R03,Eukaryota,Bos taurus,9913,Lipoprotein lipase,,,1,28,ECO:0000269,,,,,,,,,,,,,,,,,,,,,,,,,,,,,,,,,
P11215,1152,P11215,"Q4VAK0, Q4VAK1, Q4VAK2",Eukaryota,Homo sapiens,9606,Integrin alpha-M,,,1,16,ECO:0000269,1105,1128,ECO:0000255,,,,,,,,,,,,,,,,,,,,,,,,,,,,,,
P11226,248,P11226,"Q4VB12, Q4VB13, Q4VB14, Q5SQS3, Q86SI4, Q96KE4, Q96TF7, Q96TF8, Q96TF9",Eukaryota,Homo sapiens,9606,Mannose-binding protein C,,,1,20,ECO:0000269,,,,,,,,,,,,,,,,,,,,,,,,,,,,,,,,,
P11279,417,P11279,"B4DWL3, Q8WU33, Q96I40, Q9BRD2, Q9NP13",Eukaryota,Homo sapiens,9606,Lysosome-associated membrane glycoprotein 1,,,1,28,ECO:0000269,383,410,"ECO:0000255, ECO:0000305, ECO:0007744",,,,,,,,,,,,,,,,,,,,,,,,,,,,,,
P11438,406,P11438,Q62020,Eukaryota,Mus musculus,10090,Lysosome-associated membrane glycoprotein 1,,,1,24,ECO:0000269,371,394,ECO:0000255,,,,,,,,,,,,,,,,,,,,,,,,,,,,,,
P11590,178,P11590,,Eukaryota,Mus musculus,10090,Major urinary protein 4,,,1,16,ECO:0000269,,,,,,,,,,,,,,,,,,,,,,,,,,,,,,,,,
P11598,505,P11598,,Eukaryota,Rattus norvegicus,10116,Protein disulfide-isomerase A3,,,1,24,ECO:0000269,,,,,,,,,,,,,,,,,,,,,,,,,,,,,,,,,
P11654,1886,P11654,,Eukaryota,Rattus norvegicus,10116,Nuclear pore membrane glycoprotein 210,,,1,25,ECO:0000269,1806,1828,ECO:0000305,,,,,,,,,,,,,,,,,,,,,,,,,,,,,,
P11684,91,P11684,"B2R5F2, Q6FHH3, Q9UCM2, Q9UCM4",Eukaryota,Homo sapiens,9606,Uteroglobin,,,1,21,ECO:0000269,,,,,,,,,,,,,,,,,,,,,,,,,,,,,,,,,
P11717,2491,P11717,"Q7Z7G9, Q96PT5",Eukaryota,Homo sapiens,9606,Cation-independent mannose-6-phosphate receptor,,,1,40,ECO:0000269,2305,2327,ECO:0000255,,,,,,,,,,,,,,,,,,,,,,,,,,,,,,
P11911,220,P11911,Q6GTY0,Eukaryota,Mus musculus,10090,B-cell antigen receptor complex-associated protein alpha chain,,,1,28,ECO:0000269,138,159,ECO:0000255,,,,,,,,,,,,,,,,,,,,,,,,,,,,,,
P11912,226,P11912,"A0N775, Q53FB8",Eukaryota,Homo sapiens,9606,B-cell antigen receptor complex-associated protein alpha chain,,,1,32,ECO:0000269,144,165,ECO:0000255,,,,,,,,,,,,,,,,,,,,,,,,,,,,,,
P11936,284,P11936,Q95KK2,Eukaryota,Sus scrofa,9823,Deoxyribonuclease-1,,,1,22,ECO:0000269,,,,,,,,,,,,,,,,,,,,,,,,,,,,,,,,,
P12273,146,P12273,"A0A963, A0A9C3, A0A9F3, A4D2I1",Eukaryota,Homo sapiens,9606,Prolactin-inducible protein,,,1,28,ECO:0000269,,,,,,,,,,,,,,,,,,,,,,,,,,,,,,,,,
P12314,374,P12314,"P12315, Q5QNW7, Q92495, Q92663",Eukaryota,Homo sapiens,9606,High affinity immunoglobulin gamma Fc receptor I,,,1,15,ECO:0000269,293,313,ECO:0000255,,,,,,,,,,,,,,,,,,,,,,,,,,,,,,
P12318,317,P12318,"Q8WUN1, Q8WW64",Eukaryota,Homo sapiens,9606,Low affinity immunoglobulin gamma Fc region receptor II-a,,,1,33,ECO:0000269,218,240,ECO:0000255,,,,,,,,,,,,,,,,,,,,,,,,,,,,,,
P12319,257,P12319,,Eukaryota,Homo sapiens,9606,High affinity immunoglobulin epsilon receptor subunit alpha,,,1,25,ECO:0000269,206,224,ECO:0000255,,,,,,,,,,,,,,,,,,,,,,,,,,,,,,
P12346,698,P12346,"Q63602, Q64628, Q64630, Q7TNX0",Eukaryota,Rattus norvegicus,10116,Serotransferrin,,,1,19,ECO:0000269,,,,,,,,,,,,,,,,,,,,,,,,,,,,,,,,,
P12387,1666,P12387,,Eukaryota,Cavia porcellus,10141,Complement C3,,,1,22,ECO:0000269,,,,,,,,,,,,,,,,,,,,,,,,,,,,,,,,,
P12637,410,P12637,,Eukaryota,Canis lupus familiaris,9615,Calsequestrin-2,,,1,19,ECO:0000269,,,,,,,,,,,,,,,,,,,,,,,,,,,,,,,,,
P12724,160,P12724,"Q4VBC1, Q8WTP7, Q8WZ62, Q9GZN9",Eukaryota,Homo sapiens,9606,Eosinophil cationic protein,,,1,27,ECO:0000269,,,,,,,,,,,,,,,,,,,,,,,,,,,,,,,,,
P12763,359,P12763,A6QLF7,Eukaryota,Bos taurus,9913,Alpha-2-HS-glycoprotein,,,1,18,ECO:0000269,,,,,,,,,,,,,,,,,,,,,,,,,,,,,,,,,
P12820,1306,P12820,"F1MQJ0, Q0GA41",Eukaryota,Bos taurus,9913,Angiotensin-converting enzyme,,,1,28,ECO:0000269,1257,1277,ECO:0000255,,,,,,,,,,,,,,,,,,,,,,,,,,,,,,
P12821,1306,P12821,"B0LPF0, B4DXI3, E7EU16, P22966, Q53YX9, Q59GY8, Q7M4L4",Eukaryota,Homo sapiens,9606,Angiotensin-converting enzyme,,,1,29,ECO:0000269,1257,1277,ECO:0000255,,,,,,,,,,,,,,,,,,,,,,,,,,,,,,
P12822,1310,P12822,"O02852, P22968",Eukaryota,Oryctolagus cuniculus,9986,Angiotensin-converting enzyme,,,1,33,ECO:0000269,1261,1281,ECO:0000255,,,,,,,,,,,,,,,,,,,,,,,,,,,,,,
P12843,304,P12843,Q569C7,Eukaryota,Rattus norvegicus,10116,Insulin-like growth factor-binding protein 2,,,1,34,ECO:0000269,,,,,,,,,,,,,,,,,,,,,,,,,,,,,,,,,
P12961,212,P12961,"Q8CCZ3, Q9CYP0, Q9D2P6, Q9DB14",Eukaryota,Mus musculus,10090,Neuroendocrine protein 7B2,,,1,26,ECO:0000269,,,,,,,,,,,,,,,,,,,,,,,,,,,,,,,,,
P13204,129,P13204,F1MWE9,Eukaryota,Bos taurus,9913,Natriuretic peptides B,,,1,26,ECO:0000269,,,,,,,,,,,,,,,,,,,,,,,,,,,,,,,,,
P13205,121,P13205,,Eukaryota,Rattus norvegicus,10116,Natriuretic peptides B,,,1,26,ECO:0000269,,,,,,,,,,,,,,,,,,,,,,,,,,,,,,,,,
P13224,206,P13224,"Q14422, Q8NG40",Eukaryota,Homo sapiens,9606,Platelet glycoprotein Ib beta chain,,,1,25,ECO:0000269,148,172,ECO:0000255,,,,,,,,,,,,,,,,,,,,,,,,,,,,,,
P13385,188,P13385,Q8TCC1,Eukaryota,Homo sapiens,9606,Protein Cripto,,,1,30,ECO:0000269,,,,,,,,,,,,,,,,,,,,,,,,,,,,,,,,,
P13432,146,P13432,,Eukaryota,Rattus norvegicus,10116,SMR1 protein,,,1,22,ECO:0000269,,,,,,,,,,,,,,,,,,,,,,,,,,,,,,,,,
P13473,410,P13473,"A8K4X5, D3DTF0, Q16641, Q6Q3G8, Q96J30, Q99534, Q9UD93",Eukaryota,Homo sapiens,9606,Lysosome-associated membrane glycoprotein 2,,,1,28,ECO:0000269,376,399,ECO:0000255,,,,,,,,,,,,,,,,,,,,,,,,,,,,,,
P13500,99,P13500,"B2R4V3, Q9UDF3",Eukaryota,Homo sapiens,9606,C-C motif chemokine 2,,,1,23,ECO:0000269,,,,,,,,,,,,,,,,,,,,,,,,,,,,,,,,,
P13501,91,P13501,"O43646, Q0QVW8, Q4ZGJ1, Q9NYA2, Q9UBG2, Q9UC99",Eukaryota,Homo sapiens,9606,C-C motif chemokine 5,,,1,23,ECO:0000269,,,,,,,,,,,,,,,,,,,,,,,,,,,,,,,,,
P13504,576,P13504,,Eukaryota,Mus musculus,10090,Interleukin-1 receptor type 1,,,1,19,ECO:0000269,339,359,ECO:0000255,,,,,,,,,,,,,,,,,,,,,,,,,,,,,,
P13595,1115,P13595,"P13594, Q61949, Q61950, Q6LBU8, Q8BQ96, Q8C4B2, Q921P2, Q9R2A7",Eukaryota,Mus musculus,10090,Neural cell adhesion molecule 1,,,1,19,ECO:0000269,712,729,ECO:0000255,,,,,,,,,,,,,,,,,,,,,,,,,,,,,,
P13598,275,P13598,Q14600,Eukaryota,Homo sapiens,9606,Intercellular adhesion molecule 2,,,1,24,ECO:0000269,224,248,ECO:0000255,,,,,,,,,,,,,,,,,,,,,,,,,,,,,,
P13599,366,P13599,,Eukaryota,Rattus norvegicus,10116,IgG receptor FcRn large subunit p51,,,1,22,ECO:0000269,299,322,ECO:0000255,,,,,,,,,,,,,,,,,,,,,,,,,,,,,,
P13611,3396,P13611,"P20754, Q13010, Q13189, Q15123, Q9UCL9, Q9UNW5",Eukaryota,Homo sapiens,9606,Versican core protein,,,1,20,ECO:0000269,,,,,,,,,,,,,,,,,,,,,,,,,,,,,,,,,
P13612,1032,P13612,"D3DPG4, Q7Z4L6",Eukaryota,Homo sapiens,9606,Integrin alpha-4,,,1,33,ECO:0000269,978,1001,ECO:0000255,,,,,,,,,,,,,,,,,,,,,,,,,,,,,,
P13671,934,P13671,,Eukaryota,Homo sapiens,9606,Complement component C6,,,1,21,ECO:0000269,278,290,"ECO:0000269, ECO:0007744",402,415,"ECO:0000269, ECO:0007744",,,,,,,,,,,,,,,,,,,,,,,,,,,
P13686,325,P13686,"A8K3V2, Q2TAB1, Q6IAS6, Q9UCJ5, Q9UCJ6, Q9UCJ7",Eukaryota,Homo sapiens,9606,Tartrate-resistant acid phosphatase type 5,,,1,21,ECO:0000269,,,,,,,,,,,,,,,,,,,,,,,,,,,,,,,,,
P13725,252,P13725,"Q6FHP8, Q9UCP6",Eukaryota,Homo sapiens,9606,Oncostatin-M,,,1,25,ECO:0000269,,,,,,,,,,,,,,,,,,,,,,,,,,,,,,,,,
P13727,222,P13727,"A6XMW0, B2R5I1, P81448, Q14227, Q6ICT2",Eukaryota,Homo sapiens,9606,Bone marrow proteoglycan,,,1,16,ECO:0000269,,,,,,,,,,,,,,,,,,,,,,,,,,,,,,,,,
P13806,1106,P13806,,Eukaryota,Oryctolagus cuniculus,9986,Voltage-dependent calcium channel subunit alpha-2/delta-1,,,1,26,ECO:0000269,1077,1097,ECO:0000255,,,,,,,,,,,,,,,,,,,,,,,,,,,,,,
P13987,128,P13987,E9PR17,Eukaryota,Homo sapiens,9606,CD59 glycoprotein,,,1,25,"ECO:0000269, ECO:0007744",,,,,,,,,,,,,,,,,,,,,,,,,,,,,,,,,
P14091,396,P14091,"Q5TZ01, Q5TZ02, Q9NY58, Q9UCE3, Q9UCE4",Eukaryota,Homo sapiens,9606,Cathepsin E,,,1,19,ECO:0000269,,,,,,,,,,,,,,,,,,,,,,,,,,,,,,,,,
P14095,96,P14095,,Eukaryota,Rattus norvegicus,10116,Growth-regulated alpha protein,,,1,24,ECO:0000269,,,,,,,,,,,,,,,,,,,,,,,,,,,,,,,,,
P14209,185,P14209,"A6NIW1, O00518, Q6ICV7",Eukaryota,Homo sapiens,9606,CD99 antigen,,,1,22,ECO:0000269,123,147,ECO:0000255,,,,,,,,,,,,,,,,,,,,,,,,,,,,,,
P14210,728,P14210,"A1L3U6, Q02935, Q13494, Q14519, Q3KRB2, Q8TCE2, Q9BYL9, Q9BYM0, Q9UDU6",Eukaryota,Homo sapiens,9606,Hepatocyte growth factor,,,1,31,ECO:0000269,,,,,,,,,,,,,,,,,,,,,,,,,,,,,,,,,
P14211,416,P14211,Q3TVD2,Eukaryota,Mus musculus,10090,Calreticulin,,,1,17,ECO:0000269,,,,,,,,,,,,,,,,,,,,,,,,,,,,,,,,,
P14314,528,P14314,"A8K318, Q96BU9, Q96D06, Q9P0W9",Eukaryota,Homo sapiens,9606,Glucosidase 2 subunit beta,,,1,14,ECO:0000269,,,,,,,,,,,,,,,,,,,,,,,,,,,,,,,,,
P14384,443,P14384,"B2R800, Q9H2K9",Eukaryota,Homo sapiens,9606,Carboxypeptidase M,,,1,17,ECO:0000269,,,,,,,,,,,,,,,,,,,,,,,,,,,,,,,,,
P14423,146,P14423,,Eukaryota,Rattus norvegicus,10116,"Phospholipase A2, membrane associated",,,1,21,ECO:0000269,,,,,,,,,,,,,,,,,,,,,,,,,,,,,,,,,
P14555,144,P14555,"A8K5I7, Q6DN24, Q6IBD9, Q9UCD2",Eukaryota,Homo sapiens,9606,"Phospholipase A2, membrane associated",,,1,20,ECO:0000269,,,,,,,,,,,,,,,,,,,,,,,,,,,,,,,,,
P14562,407,P14562,P97620,Eukaryota,Rattus norvegicus,10116,Lysosome-associated membrane glycoprotein 1,,,1,21,ECO:0000269,372,395,ECO:0000255,,,,,,,,,,,,,,,,,,,,,,,,,,,,,,
P14625,803,P14625,Q96A97,Eukaryota,Homo sapiens,9606,Endoplasmin,,,1,21,"ECO:0000269, ECO:0007744",,,,,,,,,,,,,,,,,,,,,,,,,,,,,,,,,
P14630,190,P14630,"Q5EBB9, Q9QXI9",Eukaryota,Rattus norvegicus,10116,Apolipoprotein M,,,1,17,ECO:0000269,,,,,,,,,,,,,,,,,,,,,,,,,,,,,,,,,
P14632,704,P14632,Q29557,Eukaryota,Sus scrofa,9823,Lactotransferrin,,,1,19,ECO:0000269,,,,,,,,,,,,,,,,,,,,,,,,,,,,,,,,,
P14770,177,P14770,"Q14445, Q8N1D1, Q92525",Eukaryota,Homo sapiens,9606,Platelet glycoprotein IX,,,1,16,ECO:0000269,148,168,ECO:0000255,,,,,,,,,,,,,,,,,,,,,,,,,,,,,,
P14780,707,P14780,"B2R7V9, Q3LR70, Q8N725, Q9H4Z1, Q9UCJ9, Q9UCL1, Q9UDK2",Eukaryota,Homo sapiens,9606,Matrix metalloproteinase-9,,,1,19,ECO:0000269,,,,,,,,,,,,,,,,,,,,,,,,,,,,,,,,,
P14925,976,P14925,"P70710, Q64616, Q64668",Eukaryota,Rattus norvegicus,10116,Peptidylglycine alpha-amidating monooxygenase,,,1,25,ECO:0000269,867,890,ECO:0000255,,,,,,,,,,,,,,,,,,,,,,,,,,,,,,
P15018,202,P15018,"B2RCW7, B5MC23, Q52LZ2",Eukaryota,Homo sapiens,9606,Leukemia inhibitory factor,,,1,22,ECO:0000269,,,,,,,,,,,,,,,,,,,,,,,,,,,,,,,,,
P15085,419,P15085,"A4D1M1, Q53XU0, Q9BS67, Q9UCF2",Eukaryota,Homo sapiens,9606,Carboxypeptidase A1,,,1,16,ECO:0000269,,,,,,,,,,,,,,,,,,,,,,,,,,,,,,,,,
P15086,417,P15086,"O60834, Q53XJ0, Q96BQ8",Eukaryota,Homo sapiens,9606,Carboxypeptidase B,,,1,15,ECO:0000269,,,,,,,,,,,,,,,,,,,,,,,,,,,,,,,,,
P15169,458,P15169,B1AP59,Eukaryota,Homo sapiens,9606,Carboxypeptidase N catalytic chain,,,1,20,ECO:0000269,,,,,,,,,,,,,,,,,,,,,,,,,,,,,,,,,
P15247,144,P15247,,Eukaryota,Mus musculus,10090,Interleukin-9,,,1,18,ECO:0000269,,,,,,,,,,,,,,,,,,,,,,,,,,,,,,,,,
P15253,418,P15253,,Eukaryota,Oryctolagus cuniculus,9986,Calreticulin,,,1,17,ECO:0000269,,,,,,,,,,,,,,,,,,,,,,,,,,,,,,,,,
P15261,477,P15261,Q91Y85,Eukaryota,Mus musculus,10090,Interferon gamma receptor 1,,,1,25,ECO:0000269,255,275,ECO:0000255,,,,,,,,,,,,,,,,,,,,,,,,,,,,,,
P15289,507,P15289,"B2RCA6, B7XD04, F8WCC8, Q6ICI5, Q96CJ0",Eukaryota,Homo sapiens,9606,Arylsulfatase A,,,1,18,ECO:0000269,,,,,,,,,,,,,,,,,,,,,,,,,,,,,,,,,
P15309,386,P15309,"D3DNC6, Q5FBY0, Q96KY0, Q96QK9, Q96QM0",Eukaryota,Homo sapiens,9606,Prostatic acid phosphatase,,,1,32,ECO:0000269,382,404,ECO:0000303,,,,,,,,,,,,,,,,,,,,,,,,,,,,,,
P15473,292,P15473,,Eukaryota,Rattus norvegicus,10116,Insulin-like growth factor-binding protein 3,,,1,27,ECO:0000269,,,,,,,,,,,,,,,,,,,,,,,,,,,,,,,,,
P15497,265,P15497,"A5D7M9, Q3SZD9",Eukaryota,Bos taurus,9913,Apolipoprotein A-I,,,1,18,ECO:0000269,,,,,,,,,,,,,,,,,,,,,,,,,,,,,,,,,
P15515,57,P15515,,Eukaryota,Homo sapiens,9606,Histatin-1,,,1,19,ECO:0000269,,,,,,,,,,,,,,,,,,,,,,,,,,,,,,,,,
P15516,51,P15516,"Q16243, Q502Z1",Eukaryota,Homo sapiens,9606,Histatin-3,,,1,19,ECO:0000269,,,,,,,,,,,,,,,,,,,,,,,,,,,,,,,,,
P15529,392,P15529,"A0T1T0, A0T1T1, A0T1T2, Q15429, Q53GV9, Q5HY94, Q5VWS6, Q5VWS7, Q5VWS8, Q5VWS9, Q5VWT0, Q5VWT1, Q5VWT2, Q6N0A1, Q7Z3R5, Q9NNW2, Q9NNW3, Q9NNW4, Q9UCJ4",Eukaryota,Homo sapiens,9606,Membrane cofactor protein,,,1,34,ECO:0000269,344,366,ECO:0000255,,,,,,,,,,,,,,,,,,,,,,,,,,,,,,
P15589,577,P15589,,Eukaryota,Rattus norvegicus,10116,Steryl-sulfatase,,,1,19,ECO:0000269,184,207,ECO:0000250,212,233,ECO:0000250,,,,,,,,,,,,,,,,,,,,,,,,,,,
P15691,190,P15691,,Eukaryota,Bos taurus,9913,Vascular endothelial growth factor A,,,1,26,ECO:0000269,,,,,,,,,,,,,,,,,,,,,,,,,,,,,,,,,
P15693,540,P15693,,Eukaryota,Rattus norvegicus,10116,Intestinal-type alkaline phosphatase 1,,,1,20,ECO:0000269,,,,,,,,,,,,,,,,,,,,,,,,,,,,,,,,,
P15941,1255,P15941,"A5YRV1, A6ZID9, A6ZIE0, B1AVQ8, B1AVR0, B6ECA1, E7ESE5, E7EUG9, P13931, P15942, P17626, Q0VAP5, Q0VAP6, Q14128, Q14876, Q16437, Q16442, Q16615, Q6S4Y3, Q7Z547, Q7Z548, Q7Z550, Q7Z552, Q9BXA4, Q9UE75, Q9UE76, Q9UQL1, Q9Y4J2",Eukaryota,Homo sapiens,9606,Mucin-1,,,1,23,ECO:0000269,1159,1181,ECO:0000255,,,,,,,,,,,,,,,,,,,,,,,,,,,,,,
P16035,220,P16035,"Q16121, Q93006, Q9UDF7",Eukaryota,Homo sapiens,9606,Metalloproteinase inhibitor 2,,,1,26,ECO:0000269,,,,,,,,,,,,,,,,,,,,,,,,,,,,,,,,,
P16112,2530,P16112,"B9EK55, E7ENV9, E7EX88, H0YM81, H0YMF1, Q13650, Q9UCD3, Q9UCP4, Q9UCP5, Q9UDE0",Eukaryota,Homo sapiens,9606,Aggrecan core protein,,,1,16,ECO:0000269,,,,,,,,,,,,,,,,,,,,,,,,,,,,,,,,,
P16144,1822,P16144,"A0AVL6, O14690, O14691, O15339, O15340, O15341, Q0VF97, Q9UIQ4",Eukaryota,Homo sapiens,9606,Integrin beta-4,,,1,27,ECO:0000269,711,733,ECO:0000255,,,,,,,,,,,,,,,,,,,,,,,,,,,,,,
P16150,400,P16150,A8K9B1,Eukaryota,Homo sapiens,9606,Leukosialin,,,1,19,ECO:0000269,254,276,ECO:0000255,,,,,,,,,,,,,,,,,,,,,,,,,,,,,,
P16225,187,P16225,,Eukaryota,Sus scrofa,9823,Sodium/potassium ATPase inhibitor SPAI-2,,,1,21,ECO:0000269,,,,,,,,,,,,,,,,,,,,,,,,,,,,,,,,,
P16235,700,P16235,"P70646, Q63807, Q63808, Q63809, Q6LDI7",Eukaryota,Rattus norvegicus,10116,Lutropin-choriogonadotropic hormone receptor,,,1,26,ECO:0000269,363,390,ECO:0000255,400,422,ECO:0000255,444,466,ECO:0000255,487,509,ECO:0000255,530,551,ECO:0000255,575,598,ECO:0000255,610,631,ECO:0000255,,,,,,,,,,,,
P16303,565,P16303,"Q64574, Q6P785, Q91YG2, Q9QUX7, Q9R135",Eukaryota,Rattus norvegicus,10116,Carboxylesterase 1D,,,1,18,ECO:0000269,,,,,,,,,,,,,,,,,,,,,,,,,,,,,,,,,
P16368,220,P16368,"Q3SZU3, Q9TVB1",Eukaryota,Bos taurus,9913,Metalloproteinase inhibitor 2,,,1,26,ECO:0000269,,,,,,,,,,,,,,,,,,,,,,,,,,,,,,,,,
P16382,810,P16382,"O54690, Q60583, Q8CBW5",Eukaryota,Mus musculus,10090,Interleukin-4 receptor subunit alpha,,,1,25,ECO:0000269,234,257,ECO:0000255,,,,,,,,,,,,,,,,,,,,,,,,,,,,,,
P16444,411,P16444,"D3DX80, Q96AK2",Eukaryota,Homo sapiens,9606,Dipeptidase 1,,,1,16,ECO:0000269,,,,,,,,,,,,,,,,,,,,,,,,,,,,,,,,,
P16612,214,P16612,"Q541S6, Q91ZE1, Q9JKX7, Q9QXG6, Q9QXG7",Eukaryota,Rattus norvegicus,10116,Vascular endothelial growth factor A,,,1,26,ECO:0000269,,,,,,,,,,,,,,,,,,,,,,,,,,,,,,,,,
P16619,93,P16619,"A6NGK6, B2RUX4, Q3B7A8, Q53YA5, Q96I68",Eukaryota,Homo sapiens,9606,C-C motif chemokine 3-like 1,,,1,23,ECO:0000269,,,,,,,,,,,,,,,,,,,,,,,,,,,,,,,,,
P16636,411,P16636,,Eukaryota,Rattus norvegicus,10116,Protein-lysine 6-oxidase,,,1,21,ECO:0000269,,,,,,,,,,,,,,,,,,,,,,,,,,,,,,,,,
P16860,134,P16860,"B0ZBE9, Q6FGY0, Q9P2Q7",Eukaryota,Homo sapiens,9606,Natriuretic peptides B,,,1,26,ECO:0000269,,,,,,,,,,,,,,,,,,,,,,,,,,,,,,,,,
P16882,650,P16882,"P16590, Q61653, Q6DI66, Q80W86, Q8R1M5, Q920Z3, Q9R264",Eukaryota,Mus musculus,10090,Growth hormone receptor,,,1,24,ECO:0000269,274,297,ECO:0000255,,,,,,,,,,,,,,,,,,,,,,,,,,,,,,
P16975,301,P16975,"O08953, Q6GSZ4",Eukaryota,Rattus norvegicus,10116,SPARC,,,1,17,ECO:0000269,,,,,,,,,,,,,,,,,,,,,,,,,,,,,,,,,
P17046,411,P17046,"F1LLX8, Q6P6W1",Eukaryota,Rattus norvegicus,10116,Lysosome-associated membrane glycoprotein 2,,,1,26,ECO:0000269,377,400,ECO:0000255,,,,,,,,,,,,,,,,,,,,,,,,,,,,,,
P17050,411,P17050,,Eukaryota,Homo sapiens,9606,Alpha-N-acetylgalactosaminidase,,,1,17,ECO:0000269,,,,,,,,,,,,,,,,,,,,,,,,,,,,,,,,,
P17164,462,P17164,Q642C6,Eukaryota,Rattus norvegicus,10116,Tissue alpha-L-fucosidase,,,1,28,ECO:0000269,,,,,,,,,,,,,,,,,,,,,,,,,,,,,,,,,
P17213,487,P17213,"B2RCY2, Q1ZZU8, Q5JRW0, Q8IW58, Q9BYZ9, Q9H1L2, Q9H1M8, Q9H203, Q9UCT4, Q9UD65",Eukaryota,Homo sapiens,9606,Bactericidal permeability-increasing protein,,,1,31,ECO:0000269,,,,,,,,,,,,,,,,,,,,,,,,,,,,,,,,,
P17301,1181,P17301,Q14595,Eukaryota,Homo sapiens,9606,Integrin alpha-2,,,1,29,ECO:0000269,1133,1154,ECO:0000255,,,,,,,,,,,,,,,,,,,,,,,,,,,,,,
P17454,482,P17454,,Eukaryota,Oryctolagus cuniculus,9986,Lipopolysaccharide-binding protein,,,1,26,ECO:0000269,,,,,,,,,,,,,,,,,,,,,,,,,,,,,,,,,
P17475,411,P17475,Q6AYZ5,Eukaryota,Rattus norvegicus,10116,Alpha-1-antiproteinase,,,1,24,ECO:0000269,,,,,,,,,,,,,,,,,,,,,,,,,,,,,,,,,
P17697,439,P17697,"A5D983, Q148K1",Eukaryota,Bos taurus,9913,Clusterin,,,1,19,ECO:0000269,,,,,,,,,,,,,,,,,,,,,,,,,,,,,,,,,
P17715,109,P17715,,Eukaryota,Octodon degus,10160,Insulin,,,1,24,ECO:0000269,,,,,,,,,,,,,,,,,,,,,,,,,,,,,,,,,
P17813,658,P17813,"Q14248, Q14926, Q5T9C0",Eukaryota,Homo sapiens,9606,Endoglin,,,1,25,ECO:0000269,587,611,ECO:0000255,,,,,,,,,,,,,,,,,,,,,,,,,,,,,,
P17936,291,P17936,"A4D2F5, D3DVM0, Q2V509, Q6P1M6, Q9UCL4",Eukaryota,Homo sapiens,9606,Insulin-like growth factor-binding protein 3,,,1,27,ECO:0000269,,,,,,,,,,,,,,,,,,,,,,,,,,,,,,,,,
P17948,1338,P17948,"A3E342, A3E344, A8KA71, B0LPF1, B2BF46, B2BF47, B2BF48, B3FR89, B5A923, F5H5L6, O60722, P16057, Q12954",Eukaryota,Homo sapiens,9606,Vascular endothelial growth factor receptor 1,,,1,26,ECO:0000269,759,780,ECO:0000255,,,,,,,,,,,,,,,,,,,,,,,,,,,,,,
P18181,240,P18181,Q545K2,Eukaryota,Mus musculus,10090,CD48 antigen,,,1,22,ECO:0000269,,,,,,,,,,,,,,,,,,,,,,,,,,,,,,,,,
P18418,416,P18418,P10452,Eukaryota,Rattus norvegicus,10116,Calreticulin,,,1,17,ECO:0000269,,,,,,,,,,,,,,,,,,,,,,,,,,,,,,,,,
P18428,481,P18428,"B2R938, O43438, Q92672, Q9H403, Q9UD66",Eukaryota,Homo sapiens,9606,Lipopolysaccharide-binding protein,,,1,25,ECO:0000269,,,,,,,,,,,,,,,,,,,,,,,,,,,,,,,,,
P18510,177,P18510,"A8K4G1, Q14628, Q53SC2, Q7RTZ4, Q96GD6, Q9UPC0",Eukaryota,Homo sapiens,9606,Interleukin-1 receptor antagonist protein,,,1,25,ECO:0000269,,,,,,,,,,,,,,,,,,,,,,,,,,,,,,,,,
P18649,323,P18649,F1PJ74,Eukaryota,Canis lupus familiaris,9615,Apolipoprotein E,,,1,18,ECO:0000269,,,,,,,,,,,,,,,,,,,,,,,,,,,,,,,,,
P18650,317,P18650,O19099,Eukaryota,Sus scrofa,9823,Apolipoprotein E,,,1,18,ECO:0000269,,,,,,,,,,,,,,,,,,,,,,,,,,,,,,,,,
P18658,101,P18658,,Eukaryota,Macaca fascicularis,9541,Apolipoprotein C-II,,,1,22,ECO:0000269,,,,,,,,,,,,,,,,,,,,,,,,,,,,,,,,,
P18761,317,P18761,"B1ARR5, O88625",Eukaryota,Mus musculus,10090,Carbonic anhydrase 6,,,1,17,ECO:0000269,,,,,,,,,,,,,,,,,,,,,,,,,,,,,,,,,
P19069,1742,P19069,A0A286XA82,Eukaryota,Cavia porcellus,10141,Complement C4,,,1,19,ECO:0000269,,,,,,,,,,,,,,,,,,,,,,,,,,,,,,,,,
P19134,695,P19134,O46514,Eukaryota,Oryctolagus cuniculus,9986,Serotransferrin,,,1,19,ECO:0000269,,,,,,,,,,,,,,,,,,,,,,,,,,,,,,,,,
P19137,3083,P19137,F8VQ40,Eukaryota,Mus musculus,10090,Laminin subunit alpha-1,,,1,24,ECO:0000269,,,,,,,,,,,,,,,,,,,,,,,,,,,,,,,,,
P19313,141,P19313,,Eukaryota,Rattus norvegicus,10116,Cystatin-S,,,1,27,ECO:0000269,,,,,,,,,,,,,,,,,,,,,,,,,,,,,,,,,
P19320,739,P19320,"A8K6R7, B4DKS4, E9PDD1, Q6NUP8",Eukaryota,Homo sapiens,9606,Vascular cell adhesion protein 1,,,1,24,ECO:0000269,699,720,ECO:0000255,,,,,,,,,,,,,,,,,,,,,,,,,,,,,,
P19324,417,P19324,Q5U4D0,Eukaryota,Mus musculus,10090,Serpin H1,,,1,17,ECO:0000269,,,,,,,,,,,,,,,,,,,,,,,,,,,,,,,,,
P19427,201,P19427,Q29S18,Eukaryota,Bos taurus,9913,Dermatopontin,,,1,18,ECO:0000269,,,,,,,,,,,,,,,,,,,,,,,,,,,,,,,,,
P19438,455,P19438,"A8K4X3, B2RDE4, B3KPQ1, B4DQB7, B4E309, B5M0B5, D3DUR1, Q9UCA4",Eukaryota,Homo sapiens,9606,Tumor necrosis factor receptor superfamily member 1A,,,1,29,ECO:0000269,212,232,ECO:0000255,,,,,,,,,,,,,,,,,,,,,,,,,,,,,,
P19633,406,P19633,,Eukaryota,Rattus norvegicus,10116,Calsequestrin-1,,,1,34,"ECO:0000255, ECO:0000269",,,,,,,,,,,,,,,,,,,,,,,,,,,,,,,,,
P19801,751,P19801,"C9J690, Q16683, Q16684, Q56II4, Q6GU42",Eukaryota,Homo sapiens,9606,Diamine oxidase [copper-containing],,,1,19,ECO:0000269,,,,,,,,,,,,,,,,,,,,,,,,,,,,,,,,,
P19835,753,P19835,"Q16398, Q5T7U7, Q9UCH1, Q9UP41",Eukaryota,Homo sapiens,9606,Bile salt-activated lipase,,,1,20,ECO:0000269,,,,,,,,,,,,,,,,,,,,,,,,,,,,,,,,,
P19874,101,P19874,,Eukaryota,Oryctolagus cuniculus,9986,Interleukin-8,,,1,22,ECO:0000269,,,,,,,,,,,,,,,,,,,,,,,,,,,,,,,,,
P19876,107,P19876,Q4W5H9,Eukaryota,Homo sapiens,9606,C-X-C motif chemokine 3,,,1,34,ECO:0000269,,,,,,,,,,,,,,,,,,,,,,,,,,,,,,,,,
P19883,344,P19883,"B5BU94, Q9BTH0",Eukaryota,Homo sapiens,9606,Follistatin,,,1,29,ECO:0000269,,,,,,,,,,,,,,,,,,,,,,,,,,,,,,,,,
P19957,117,P19957,"E1P618, Q6FG74",Eukaryota,Homo sapiens,9606,Elafin,,,1,22,ECO:0000269,,,,,,,,,,,,,,,,,,,,,,,,,,,,,,,,,
P19999,238,P19999,,Eukaryota,Rattus norvegicus,10116,Mannose-binding protein A,,,1,17,ECO:0000269,,,,,,,,,,,,,,,,,,,,,,,,,,,,,,,,,
P20029,655,P20029,"O35642, Q3UFF2, Q61630",Eukaryota,Mus musculus,10090,Endoplasmic reticulum chaperone BiP,,,1,19,ECO:0000269,,,,,,,,,,,,,,,,,,,,,,,,,,,,,,,,,
P20058,460,P20058,,Eukaryota,Oryctolagus cuniculus,9986,Hemopexin,,,1,25,ECO:0000269,,,,,,,,,,,,,,,,,,,,,,,,,,,,,,,,,
P20062,427,P20062,"Q96FD4, Q9BVI8, Q9UCI5, Q9UCI6, Q9UDM0",Eukaryota,Homo sapiens,9606,Transcobalamin-2,,,1,18,ECO:0000269,,,,,,,,,,,,,,,,,,,,,,,,,,,,,,,,,
P20068,169,P20068,Q9QV80,Eukaryota,Rattus norvegicus,10116,Neurotensin/neuromedin N,,,1,22,ECO:0000269,,,,,,,,,,,,,,,,,,,,,,,,,,,,,,,,,
P20142,388,P20142,"B4DVZ3, Q5T3D7, Q5T3D8",Eukaryota,Homo sapiens,9606,Gastricsin,,,1,16,ECO:0000269,,,,,,,,,,,,,,,,,,,,,,,,,,,,,,,,,
P20155,84,P20155,Q6FGH2,Eukaryota,Homo sapiens,9606,Serine protease inhibitor Kazal-type 2,,,1,23,ECO:0000269,,,,,,,,,,,,,,,,,,,,,,,,,,,,,,,,,
P20160,251,P20160,"P80014, Q52LG4, Q9UCM1, Q9UCT5",Eukaryota,Homo sapiens,9606,Azurocidin,,,1,19,ECO:0000269,,,,,,,,,,,,,,,,,,,,,,,,,,,,,,,,,
P20239,713,P20239,,Eukaryota,Mus musculus,10090,Zona pellucida sperm-binding protein 2,,,1,34,ECO:0000269,684,703,ECO:0000255,,,,,,,,,,,,,,,,,,,,,,,,,,,,,,
P20333,461,P20333,"B1AJZ3, Q16042, Q6YI29, Q9UIH1",Eukaryota,Homo sapiens,9606,Tumor necrosis factor receptor superfamily member 1B,,,1,22,ECO:0000269,258,287,ECO:0000255,,,,,,,,,,,,,,,,,,,,,,,,,,,,,,
P20334,256,P20334,,Eukaryota,Mus musculus,10090,Tumor necrosis factor receptor superfamily member 9,,,1,23,ECO:0000269,188,208,ECO:0000255,,,,,,,,,,,,,,,,,,,,,,,,,,,,,,
P20702,1163,P20702,Q8IVA6,Eukaryota,Homo sapiens,9606,Integrin alpha-X,,,1,19,ECO:0000269,1108,1128,ECO:0000255,,,,,,,,,,,,,,,,,,,,,,,,,,,,,,
P20774,298,P20774,"Q6FIB0, Q9UF90, Q9UNK5",Eukaryota,Homo sapiens,9606,Mimecan,,,1,20,ECO:0000269,,,,,,,,,,,,,,,,,,,,,,,,,,,,,,,,,
P20826,273,P20826,"P97332, Q3TNJ7, Q62524, Q64222, Q921N5",Eukaryota,Mus musculus,10090,Kit ligand,,,1,25,ECO:0000269,215,237,ECO:0000255,,,,,,,,,,,,,,,,,,,,,,,,,,,,,,
P20827,205,P20827,"D3DV86, Q5SR60, Q5SR61, Q6I9T9, Q8N578",Eukaryota,Homo sapiens,9606,Ephrin-A1,,,1,18,ECO:0000269,,,,,,,,,,,,,,,,,,,,,,,,,,,,,,,,,
P20933,346,P20933,"B2R7H2, D3DP47, Q4W5Q2, Q6FHN6, Q9UCK6, Q9UCK7, Q9UCK8",Eukaryota,Homo sapiens,9606,N(4)-(beta-N-acetylglucosaminyl)-L-asparaginase,,,1,23,"ECO:0000269, ECO:0007744",,,,,,,,,,,,,,,,,,,,,,,,,,,,,,,,,
P20959,291,P20959,"A6QPI3, Q9GJV5",Eukaryota,Bos taurus,9913,Insulin-like growth factor-binding protein 3,,,1,27,ECO:0000269,,,,,,,,,,,,,,,,,,,,,,,,,,,,,,,,,
P21128,410,P21128,"B2RBJ3, B3KQS7, B7Z6E1, Q2NKJ4",Eukaryota,Homo sapiens,9606,Uridylate-specific endoribonuclease,,,1,18,ECO:0000269,,,,,,,,,,,,,,,,,,,,,,,,,,,,,,,,,
P21246,168,P21246,"Q5U0B0, Q6ICQ5, Q9UCC6",Eukaryota,Homo sapiens,9606,Pleiotrophin,,,1,32,ECO:0000269,,,,,,,,,,,,,,,,,,,,,,,,,,,,,,,,,
P21570,145,P21570,,Eukaryota,Mus musculus,10090,Angiogenin,,,1,24,ECO:0000269,,,,,,,,,,,,,,,,,,,,,,,,,,,,,,,,,
P21581,273,P21581,"Q9QWZ4, Q9Z2E7",Eukaryota,Rattus norvegicus,10116,Kit ligand,,,1,25,ECO:0000269,215,237,ECO:0000255,,,,,,,,,,,,,,,,,,,,,,,,,,,,,,
P21588,576,P21588,,Eukaryota,Rattus norvegicus,10116,5'-nucleotidase,,,1,28,ECO:0000269,,,,,,,,,,,,,,,,,,,,,,,,,,,,,,,,,
P21589,574,P21589,"B3KQI8, O75520, Q5W116",Eukaryota,Homo sapiens,9606,5'-nucleotidase,,,1,26,ECO:0000269,,,,,,,,,,,,,,,,,,,,,,,,,,,,,,,,,
P21614,476,P21614,"Q7TS97, Q91XG1, Q9CY31",Eukaryota,Mus musculus,10090,Vitamin D-binding protein,,,1,16,ECO:0000269,,,,,,,,,,,,,,,,,,,,,,,,,,,,,,,,,
P21741,143,P21741,"Q2LEK4, Q9UCC7",Eukaryota,Homo sapiens,9606,Midkine,,,1,20,ECO:0000269,,,,,,,,,,,,,,,,,,,,,,,,,,,,,,,,,
P21743,272,P21743,,Eukaryota,Rattus norvegicus,10116,Insulin-like growth factor-binding protein 1,,,1,25,ECO:0000269,,,,,,,,,,,,,,,,,,,,,,,,,,,,,,,,,
P21744,254,P21744,Q68J74,Eukaryota,Rattus norvegicus,10116,Insulin-like growth factor-binding protein 4,,,1,21,ECO:0000269,,,,,,,,,,,,,,,,,,,,,,,,,,,,,,,,,
P21754,424,P21754,"Q06633, Q29RW0",Eukaryota,Homo sapiens,9606,Zona pellucida sperm-binding protein 3,,,1,22,ECO:0000269,388,408,ECO:0000255,,,,,,,,,,,,,,,,,,,,,,,,,,,,,,
P21781,194,P21781,"H0YNY5, Q6FGV5, Q96FG5",Eukaryota,Homo sapiens,9606,Fibroblast growth factor 7,,,1,31,ECO:0000269,,,,,,,,,,,,,,,,,,,,,,,,,,,,,,,,,
P21782,168,P21782,"P20157, Q3SZU1",Eukaryota,Bos taurus,9913,Pleiotrophin,,,1,32,ECO:0000269,,,,,,,,,,,,,,,,,,,,,,,,,,,,,,,,,
P21956,463,P21956,"P97800, Q3TBN5, Q3U8S9, Q9R1X9, Q9WTS3",Eukaryota,Mus musculus,10090,Lactadherin,,,1,22,ECO:0000269,,,,,,,,,,,,,,,,,,,,,,,,,,,,,,,,,
P22057,189,P22057,,Eukaryota,Rattus norvegicus,10116,Prostaglandin-H2 D-isomerase,,,1,24,ECO:0000269,,,,,,,,,,,,,,,,,,,,,,,,,,,,,,,,,
P22063,1040,P22063,,Eukaryota,Rattus norvegicus,10116,Contactin-2,,,1,30,ECO:0000269,,,,,,,,,,,,,,,,,,,,,,,,,,,,,,,,,
P22301,178,P22301,,Eukaryota,Homo sapiens,9606,Interleukin-10,,,1,18,ECO:0000269,,,,,,,,,,,,,,,,,,,,,,,,,,,,,,,,,
P22362,96,P22362,"B2R5G9, Q2M309",Eukaryota,Homo sapiens,9606,C-C motif chemokine 1,,,1,23,ECO:0000269,,,,,,,,,,,,,,,,,,,,,,,,,,,,,,,,,
P22388,202,P22388,,Eukaryota,Rattus norvegicus,10116,Endothelin-1,,,1,25,ECO:0000269,,,,,,,,,,,,,,,,,,,,,,,,,,,,,,,,,
P22412,409,P22412,,Eukaryota,Sus scrofa,9823,Dipeptidase 1,,,1,16,ECO:0000269,,,,,,,,,,,,,,,,,,,,,,,,,,,,,,,,,
P22455,802,P22455,"G3JVM2, G3JVM5, G3JVM7, G3JVM9, O43785, Q14309, Q71TW8, Q8TDA0, Q96KE5",Eukaryota,Homo sapiens,9606,Fibroblast growth factor receptor 4,,,1,21,ECO:0000269,370,390,ECO:0000255,,,,,,,,,,,,,,,,,,,,,,,,,,,,,,
P22458,475,P22458,,Eukaryota,Oryctolagus cuniculus,9986,Vitronectin,,,1,19,ECO:0000269,,,,,,,,,,,,,,,,,,,,,,,,,,,,,,,,,
P22692,258,P22692,"A0N9W2, B4E351, Q5U012, Q9UCL6",Eukaryota,Homo sapiens,9606,Insulin-like growth factor-binding protein 4,,,1,21,ECO:0000269,,,,,,,,,,,,,,,,,,,,,,,,,,,,,,,,,
P22748,312,P22748,"B4DQA4, Q6FHI7",Eukaryota,Homo sapiens,9606,Carbonic anhydrase 4,,,1,18,ECO:0000269,,,,,,,,,,,,,,,,,,,,,,,,,,,,,,,,,
P22894,467,P22894,Q45F99,Eukaryota,Homo sapiens,9606,Neutrophil collagenase,,,1,20,ECO:0000269,,,,,,,,,,,,,,,,,,,,,,,,,,,,,,,,,
P23083,117,P23083,"A0A087WSX2, P01744",Eukaryota,Homo sapiens,9606,Immunoglobulin heavy variable 1-2,,,1,19,ECO:0000269,,,,,,,,,,,,,,,,,,,,,,,,,,,,,,,,,
P23141,567,P23141,"A6NIM1, A8K3K8, A8K844, E9PAU8, P82127, Q00015, Q13657, Q14062, Q16737, Q16788, Q549X7, Q549X8, Q86UK2, Q96EE8, Q9UC52, Q9UDG8, Q9UK77, Q9ULY2",Eukaryota,Homo sapiens,9606,Liver carboxylesterase 1,,,1,17,ECO:0000269,,,,,,,,,,,,,,,,,,,,,,,,,,,,,,,,,
P23142,703,P23142,"B0QY42, B1AHL4, P23143, P23144, P37888, Q5TIC4, Q8TBH8, Q9HBQ5, Q9UC21, Q9UGR4, Q9UH41",Eukaryota,Homo sapiens,9606,Fibulin-1,,,1,29,ECO:0000269,,,,,,,,,,,,,,,,,,,,,,,,,,,,,,,,,
P23229,1130,P23229,"B2RMU9, B4DG69, B4DKB8, C4AM96, G5E9H1, Q08443, Q0MRC7, Q14646, Q16508, Q53RX7, Q59HB7, Q86VL6, Q9UCT1, Q9UN03",Eukaryota,Homo sapiens,9606,Integrin alpha-6,,,1,23,ECO:0000269,1051,1076,ECO:0000255,,,,,,,,,,,,,,,,,,,,,,,,,,,,,,
P23284,216,P23284,"A8K534, Q6IBH5, Q9BVK5",Eukaryota,Homo sapiens,9606,Peptidyl-prolyl cis-trans isomerase B,,,1,33,ECO:0000269,,,,,,,,,,,,,,,,,,,,,,,,,,,,,,,,,
P23389,646,P23389,O02707,Eukaryota,Bos taurus,9913,Secretogranin-1,,,1,20,ECO:0000269,,,,,,,,,,,,,,,,,,,,,,,,,,,,,,,,,
P23515,440,P23515,E1P659,Eukaryota,Homo sapiens,9606,Oligodendrocyte-myelin glycoprotein,,,1,24,ECO:0000269,,,,,,,,,,,,,,,,,,,,,,,,,,,,,,,,,
P23805,371,P23805,"O97748, Q58CU7, Q9TRF6",Eukaryota,Bos taurus,9913,Conglutinin,,,1,20,ECO:0000269,,,,,,,,,,,,,,,,,,,,,,,,,,,,,,,,,
P24063,1162,P24063,"E9Q5M7, E9QNL8, Q3U159",Eukaryota,Mus musculus,10090,Integrin alpha-L,,,1,23,ECO:0000269,1089,1109,ECO:0000255,,,,,,,,,,,,,,,,,,,,,,,,,,,,,,
P24090,352,P24090,Q5BKD2,Eukaryota,Rattus norvegicus,10116,Alpha-2-HS-glycoprotein,,,1,18,ECO:0000269,,,,,,,,,,,,,,,,,,,,,,,,,,,,,,,,,
P24259,150,P24259,,Eukaryota,Sus scrofa,9823,Natriuretic peptides A,,,1,24,ECO:0000269,,,,,,,,,,,,,,,,,,,,,,,,,,,,,,,,,
P24627,708,P24627,"Q1JQC9, Q29629, Q6LEC7, Q9MZY3",Eukaryota,Bos taurus,9913,Lactotransferrin,,,1,19,ECO:0000269,,,,,,,,,,,,,,,,,,,,,,,,,,,,,,,,,
P24807,76,P24807,P26691,Eukaryota,Mus musculus,10090,Signal transducer CD24,,,1,26,ECO:0000269,,,,,,,,,,,,,,,,,,,,,,,,,,,,,,,,,
P24821,2201,P24821,"C9IYT7, C9J575, C9J6D9, C9J848, Q14583, Q15567, Q5T7S3",Eukaryota,Homo sapiens,9606,Tenascin,,,1,22,ECO:0000269,,,,,,,,,,,,,,,,,,,,,,,,,,,,,,,,,
P24855,282,P24855,"B4DV35, Q14UU9, Q14UV0",Eukaryota,Homo sapiens,9606,Deoxyribonuclease-1,,,1,22,ECO:0000269,,,,,,,,,,,,,,,,,,,,,,,,,,,,,,,,,
P25031,175,P25031,"Q64102, Q64231",Eukaryota,Rattus norvegicus,10116,Regenerating islet-derived protein 3-beta,,,1,26,ECO:0000269,,,,,,,,,,,,,,,,,,,,,,,,,,,,,,,,,
P25116,425,P25116,"Q53XV0, Q96RF7, Q9BUN4",Eukaryota,Homo sapiens,9606,Proteinase-activated receptor 1,,,1,21,ECO:0000269,103,128,ECO:0000255,138,157,ECO:0000255,177,198,ECO:0000255,219,239,ECO:0000255,269,288,ECO:0000255,312,334,ECO:0000255,351,374,ECO:0000255,,,,,,,,,,,,
P25236,385,P25236,,Eukaryota,Rattus norvegicus,10116,Selenoprotein P,,,1,19,ECO:0000269,,,,,,,,,,,,,,,,,,,,,,,,,,,,,,,,,
P25291,509,P25291,,Eukaryota,Canis lupus familiaris,9615,Pancreatic secretory granule membrane major glycoprotein GP2,,,1,21,ECO:0000269,,,,,,,,,,,,,,,,,,,,,,,,,,,,,,,,,
P25311,298,P25311,"D6W5T8, O60386, Q5XKQ4, Q8N4N0",Eukaryota,Homo sapiens,9606,Zinc-alpha-2-glycoprotein,,,1,20,ECO:0000269,,,,,,,,,,,,,,,,,,,,,,,,,,,,,,,,,
P25942,277,P25942,"E1P5S9, Q53GN5, Q5JY15, Q5U007, Q7M4Q8, Q86YK5, Q9BYU0",Eukaryota,Homo sapiens,9606,Tumor necrosis factor receptor superfamily member 5,,,1,20,ECO:0000269,194,215,ECO:0000255,,,,,,,,,,,,,,,,,,,,,,,,,,,,,,
P26006,1051,P26006,"A7E246, B7ZM80, B9EGQ1, D3DTX4, D3DTX5",Eukaryota,Homo sapiens,9606,Integrin alpha-3,,,1,32,ECO:0000269,992,1014,ECO:0000255,,,,,,,,,,,,,,,,,,,,,,,,,,,,,,
P26010,798,P26010,"Q9UCP7, Q9UCS7",Eukaryota,Homo sapiens,9606,Integrin beta-7,,,1,19,ECO:0000269,724,746,ECO:0000255,,,,,,,,,,,,,,,,,,,,,,,,,,,,,,
P26011,806,P26011,"Q3U2M1, Q64656",Eukaryota,Mus musculus,10090,Integrin beta-7,,,1,19,ECO:0000269,725,745,ECO:0000255,,,,,,,,,,,,,,,,,,,,,,,,,,,,,,
P26842,260,P26842,B2RDZ0,Eukaryota,Homo sapiens,9606,CD27 antigen,,,1,19,ECO:0000269,192,212,ECO:0000255,,,,,,,,,,,,,,,,,,,,,,,,,,,,,,
P26894,103,P26894,P22951,Eukaryota,Sus scrofa,9823,Interleukin-8,,,1,25,ECO:0000269,,,,,,,,,,,,,,,,,,,,,,,,,,,,,,,,,
P27274,126,P27274,,Eukaryota,Rattus norvegicus,10116,CD59 glycoprotein,,,1,22,ECO:0000269,,,,,,,,,,,,,,,,,,,,,,,,,,,,,,,,,
P27657,465,P27657,,Eukaryota,Rattus norvegicus,10116,Pancreatic triacylglycerol lipase,,,1,16,ECO:0000269,,,,,,,,,,,,,,,,,,,,,,,,,,,,,,,,,
P27773,505,P27773,"Q3TEI9, Q3TIL2, Q3UZK8, Q8C2F4, Q99LF6",Eukaryota,Mus musculus,10090,Protein disulfide-isomerase A3,,,1,24,ECO:0000269,,,,,,,,,,,,,,,,,,,,,,,,,,,,,,,,,
P27797,417,P27797,"Q6IAT4, Q9UDG2",Eukaryota,Homo sapiens,9606,Calreticulin,,,1,17,"ECO:0000269, ECO:0007744",,,,,,,,,,,,,,,,,,,,,,,,,,,,,,,,,
P28039,575,P28039,"A4D1Y5, B7Z490, Q53F13",Eukaryota,Homo sapiens,9606,Acyloxyacyl hydrolase,,,1,23,ECO:0000269,,,,,,,,,,,,,,,,,,,,,,,,,,,,,,,,,
P28053,469,P28053,,Eukaryota,Bos taurus,9913,Interstitial collagenase,,,1,18,ECO:0000269,,,,,,,,,,,,,,,,,,,,,,,,,,,,,,,,,
P28088,441,P28088,"Q0VCB3, Q9TSB9",Eukaryota,Bos taurus,9913,Endothelin receptor type B,,,1,26,ECO:0000269,101,125,ECO:0000255,137,162,ECO:0000255,175,196,ECO:0000255,218,242,ECO:0000255,271,295,ECO:0000255,324,349,ECO:0000255,362,388,ECO:0000255,,,,,,,,,,,,
P28325,142,P28325,"Q5JRF5, Q9UCA0",Eukaryota,Homo sapiens,9606,Cystatin-D,,,1,20,ECO:0000269,,,,,,,,,,,,,,,,,,,,,,,,,,,,,,,,,
P28335,458,P28335,"B1AMW4, Q5VUF8, Q9NP28",Eukaryota,Homo sapiens,9606,5-hydroxytryptamine receptor 2C,,,1,32,ECO:0000269,56,80,"ECO:0000269, ECO:0000312",87,111,"ECO:0000269, ECO:0000312",129,151,"ECO:0000269, ECO:0000312",168,189,"ECO:0000269, ECO:0000312",214,236,"ECO:0000269, ECO:0000312",312,336,"ECO:0000269, ECO:0000312",348,370,"ECO:0000269, ECO:0000312",,,,,,,,,,,,
P28491,417,P28491,D4N5N1,Eukaryota,Sus scrofa,9823,Calreticulin,,,1,17,ECO:0000269,,,,,,,,,,,,,,,,,,,,,,,,,,,,,,,,,
P28665,1476,P28665,"Q3UNE7, Q80XE6",Eukaryota,Mus musculus,10090,Murinoglobulin-1,,,1,27,ECO:0000269,,,,,,,,,,,,,,,,,,,,,,,,,,,,,,,,,
P28797,605,P28797,H0VD49,Eukaryota,Cavia porcellus,10141,Progranulin,,,1,17,ECO:0000269,,,,,,,,,,,,,,,,,,,,,,,,,,,,,,,,,
P28798,589,P28798,,Eukaryota,Mus musculus,10090,Progranulin,,,1,17,ECO:0000269,,,,,,,,,,,,,,,,,,,,,,,,,,,,,,,,,
P28800,492,P28800,,Eukaryota,Bos taurus,9913,Alpha-2-antiplasmin,,,1,22,ECO:0000269,,,,,,,,,,,,,,,,,,,,,,,,,,,,,,,,,
P28825,747,P28825,"B0V2P9, Q91WH9",Eukaryota,Mus musculus,10090,Meprin A subunit alpha,,,1,20,ECO:0000269,714,741,ECO:0000255,,,,,,,,,,,,,,,,,,,,,,,,,,,,,,
P28906,385,P28906,"A8K664, Q15970, Q15971, Q5JTA3, Q5JTA4, Q9UJB1",Eukaryota,Homo sapiens,9606,Hematopoietic progenitor cell antigen CD34,,,1,31,ECO:0000269,291,311,ECO:0000255,,,,,,,,,,,,,,,,,,,,,,,,,,,,,,
P29288,327,P29288,,Eukaryota,Rattus norvegicus,10116,Tartrate-resistant acid phosphatase type 5,,,1,22,ECO:0000269,,,,,,,,,,,,,,,,,,,,,,,,,,,,,,,,,
P29320,983,P29320,"Q9H2V3, Q9H2V4",Eukaryota,Homo sapiens,9606,Ephrin type-A receptor 3,,,1,20,ECO:0000269,542,565,ECO:0000255,,,,,,,,,,,,,,,,,,,,,,,,,,,,,,
P29457,417,P29457,,Eukaryota,Rattus norvegicus,10116,Serpin H1,,,1,17,ECO:0000269,,,,,,,,,,,,,,,,,,,,,,,,,,,,,,,,,
P29459,219,P29459,Q96QZ1,Eukaryota,Homo sapiens,9606,Interleukin-12 subunit alpha,,,1,22,ECO:0000269,,,,,,,,,,,,,,,,,,,,,,,,,,,,,,,,,
P29460,328,P29460,,Eukaryota,Homo sapiens,9606,Interleukin-12 subunit beta,,,1,22,ECO:0000269,,,,,,,,,,,,,,,,,,,,,,,,,,,,,,,,,
P29788,478,P29788,"Q5SYG4, Q8VII4, Q91X32, Q9D080",Eukaryota,Mus musculus,10090,Vitronectin,,,1,19,ECO:0000269,,,,,,,,,,,,,,,,,,,,,,,,,,,,,,,,,
P29794,180,P29794,Q95LG0,Eukaryota,Canis lupus familiaris,9615,Pro-glucagon,,,1,20,ECO:0000269,,,,,,,,,,,,,,,,,,,,,,,,,,,,,,,,,
P30040,261,P30040,"C9J183, Q3MJC3, Q6FHT4",Eukaryota,Homo sapiens,9606,Endoplasmic reticulum resident protein 29,,,1,32,"ECO:0000269, ECO:0007744",,,,,,,,,,,,,,,,,,,,,,,,,,,,,,,,,
P30101,505,P30101,"Q13453, Q14255, Q8IYF8, Q9UMU7",Eukaryota,Homo sapiens,9606,Protein disulfide-isomerase A3,,,1,24,"ECO:0000269, ECO:0007744",,,,,,,,,,,,,,,,,,,,,,,,,,,,,,,,,
P30120,217,P30120,"P70533, Q53YM7",Eukaryota,Rattus norvegicus,10116,Metalloproteinase inhibitor 1,,,1,23,ECO:0000269,,,,,,,,,,,,,,,,,,,,,,,,,,,,,,,,,
P30121,220,P30121,Q546J4,Eukaryota,Rattus norvegicus,10116,Metalloproteinase inhibitor 2,,,1,26,ECO:0000269,,,,,,,,,,,,,,,,,,,,,,,,,,,,,,,,,
P30122,597,P30122,,Eukaryota,Bos taurus,9913,Bile salt-activated lipase,,,1,18,ECO:0000269,,,,,,,,,,,,,,,,,,,,,,,,,,,,,,,,,
P30348,100,P30348,Q5WA60,Eukaryota,Rattus norvegicus,10116,C-X-C motif chemokine 2,,,1,31,ECO:0000269,,,,,,,,,,,,,,,,,,,,,,,,,,,,,,,,,
P30440,109,P30440,,Eukaryota,Felis catus,9685,Major allergen I polypeptide chain 2,,,1,17,ECO:0000269,,,,,,,,,,,,,,,,,,,,,,,,,,,,,,,,,
P30919,345,P30919,Q4G065,Eukaryota,Rattus norvegicus,10116,N(4)-(Beta-N-acetylglucosaminyl)-L-asparaginase,,,1,23,ECO:0000269,,,,,,,,,,,,,,,,,,,,,,,,,,,,,,,,,
P30922,383,P30922,"O18949, Q58CW2, Q7YSE8",Eukaryota,Bos taurus,9913,Chitinase-3-like protein 1,,,1,21,ECO:0000269,,,,,,,,,,,,,,,,,,,,,,,,,,,,,,,,,
P30988,474,P30988,"A0A0C4DG16, A4D1G6, F5H605, O14585, Q13941, Q5ZGL8, Q659U6, Q6DJU8, Q6T712",Eukaryota,Homo sapiens,9606,Calcitonin receptor,,,1,24,ECO:0000269,147,169,"ECO:0000269, ECO:0007744",182,202,"ECO:0000269, ECO:0007744",220,242,"ECO:0000269, ECO:0007744",260,280,"ECO:0000269, ECO:0007744",297,320,"ECO:0000269, ECO:0007744",341,359,"ECO:0000269, ECO:0007744",368,394,"ECO:0000269, ECO:0007744",,,,,,,,,,,,
P31025,176,P31025,Q5T8A1,Eukaryota,Homo sapiens,9606,Lipocalin-1,,,1,18,ECO:0000269,,,,,,,,,,,,,,,,,,,,,,,,,,,,,,,,,
P31096,278,P31096,"Q56NM9, Q8SPS6",Eukaryota,Bos taurus,9913,Osteopontin,,,1,16,ECO:0000269,,,,,,,,,,,,,,,,,,,,,,,,,,,,,,,,,
P31211,396,P31211,Q5M822,Eukaryota,Rattus norvegicus,10116,Corticosteroid-binding globulin,,,1,22,ECO:0000269,,,,,,,,,,,,,,,,,,,,,,,,,,,,,,,,,
P31346,147,P31346,"A0A287A0F3, Q1HDU1",Eukaryota,Sus scrofa,9823,Angiogenin,,,1,24,ECO:0000269,,,,,,,,,,,,,,,,,,,,,,,,,,,,,,,,,
P31347,149,P31347,W0UUZ5,Eukaryota,Oryctolagus cuniculus,9986,Angiogenin,,,1,24,ECO:0000269,,,,,,,,,,,,,,,,,,,,,,,,,,,,,,,,,
P31358,61,P31358,"Q5T138, Q9BW46",Eukaryota,Homo sapiens,9606,CAMPATH-1 antigen,,,1,24,ECO:0000269,,,,,,,,,,,,,,,,,,,,,,,,,,,,,,,,,
P31429,410,P31429,,Eukaryota,Oryctolagus cuniculus,9986,Dipeptidase 1,,,1,16,ECO:0000269,,,,,,,,,,,,,,,,,,,,,,,,,,,,,,,,,
P31720,245,P31720,Q5RJK1,Eukaryota,Rattus norvegicus,10116,Complement C1q subcomponent subunit A,,,1,22,ECO:0000269,,,,,,,,,,,,,,,,,,,,,,,,,,,,,,,,,
P31722,245,P31722,Q5RJZ8,Eukaryota,Rattus norvegicus,10116,Complement C1q subcomponent subunit C,,,1,28,ECO:0000269,,,,,,,,,,,,,,,,,,,,,,,,,,,,,,,,,
P31809,521,P31809,"Q61350, Q61353",Eukaryota,Mus musculus,10090,Cell adhesion molecule CEACAM1,,,1,34,ECO:0000269,429,447,ECO:0000255,,,,,,,,,,,,,,,,,,,,,,,,,,,,,,
P31836,853,P31836,,Eukaryota,Bos taurus,9913,Neural cell adhesion molecule 1,,,1,19,ECO:0000269,720,737,ECO:0000255,,,,,,,,,,,,,,,,,,,,,,,,,,,,,,
P32004,1257,P32004,"A0AV65, A4ZYW4, B2RMU7, G3XAF4, Q8TA87",Eukaryota,Homo sapiens,9606,Neural cell adhesion molecule L1,,,1,19,ECO:0000269,1121,1143,ECO:0000255,,,,,,,,,,,,,,,,,,,,,,,,,,,,,,
P32881,189,P32881,"P01565, P09236, Q5VWV7, Q5VYQ3",Eukaryota,Homo sapiens,9606,Interferon alpha-8,,,1,23,ECO:0000269,,,,,,,,,,,,,,,,,,,,,,,,,,,,,,,,,
P33436,662,P33436,"P97581, Q6GMM9",Eukaryota,Rattus norvegicus,10116,72 kDa type IV collagenase,,,1,29,ECO:0000269,,,,,,,,,,,,,,,,,,,,,,,,,,,,,,,,,
P33681,288,P33681,"Q5DTA9, Q5DTB0",Eukaryota,Homo sapiens,9606,T-lymphocyte activation antigen CD80,,,1,34,ECO:0000269,243,263,ECO:0000255,,,,,,,,,,,,,,,,,,,,,,,,,,,,,,
P34096,147,P34096,,Eukaryota,Homo sapiens,9606,Ribonuclease 4,,,1,28,ECO:0000269,,,,,,,,,,,,,,,,,,,,,,,,,,,,,,,,,
P34998,415,P34998,"B4DIE9, Q13008, Q4QRJ1, Q9UK64",Eukaryota,Homo sapiens,9606,Corticotropin-releasing hormone receptor 1,,,1,23,ECO:0000269,114,139,"ECO:0000269, ECO:0007744",153,176,"ECO:0000269, ECO:0007744",186,215,"ECO:0000269, ECO:0007744",228,249,"ECO:0000269, ECO:0007744",268,292,"ECO:0000269, ECO:0007744",312,329,"ECO:0000269, ECO:0007744",339,365,"ECO:0000269, ECO:0007744",,,,,,,,,,,,
P35052,558,P35052,"B3KTD1, Q53QM4",Eukaryota,Homo sapiens,9606,Glypican-1,,,1,23,ECO:0000269,,,,,,,,,,,,,,,,,,,,,,,,,,,,,,,,,
P35053,558,P35053,,Eukaryota,Rattus norvegicus,10116,Glypican-1,,,1,23,ECO:0000269,,,,,,,,,,,,,,,,,,,,,,,,,,,,,,,,,
P35248,374,P35248,,Eukaryota,Rattus norvegicus,10116,Pulmonary surfactant-associated protein D,,,1,19,ECO:0000269,,,,,,,,,,,,,,,,,,,,,,,,,,,,,,,,,
P35355,604,P35355,"Q64379, Q925V4",Eukaryota,Rattus norvegicus,10116,Prostaglandin G/H synthase 2,,,1,17,ECO:0000269,,,,,,,,,,,,,,,,,,,,,,,,,,,,,,,,,
P35441,1170,P35441,,Eukaryota,Mus musculus,10090,Thrombospondin-1,,,1,18,ECO:0000269,,,,,,,,,,,,,,,,,,,,,,,,,,,,,,,,,
P35495,133,P35495,,Eukaryota,Sus scrofa,9823,Major seminal plasma glycoprotein PSP-I,,,1,24,ECO:0000269,,,,,,,,,,,,,,,,,,,,,,,,,,,,,,,,,
P35555,2871,P35555,"B2RUU0, D2JYH6, Q15972, Q75N87",Eukaryota,Homo sapiens,9606,Fibrillin-1,,,1,24,ECO:0000269,,,,,,,,,,,,,,,,,,,,,,,,,,,,,,,,,
P35590,1138,P35590,"B5A949, B5A950",Eukaryota,Homo sapiens,9606,Tyrosine-protein kinase receptor Tie-1,,,1,21,ECO:0000269,760,784,ECO:0000255,,,,,,,,,,,,,,,,,,,,,,,,,,,,,,
P35625,211,P35625,"B2RBY9, Q5THV4, Q9UC74, Q9UGS2",Eukaryota,Homo sapiens,9606,Metalloproteinase inhibitor 3,,,1,23,ECO:0000269,,,,,,,,,,,,,,,,,,,,,,,,,,,,,,,,,
P35858,605,P35858,"B4DZY8, E9PGU3",Eukaryota,Homo sapiens,9606,Insulin-like growth factor-binding protein complex acid labile subunit,,,1,27,ECO:0000269,,,,,,,,,,,,,,,,,,,,,,,,,,,,,,,,,
P35859,603,P35859,,Eukaryota,Rattus norvegicus,10116,Insulin-like growth factor-binding protein complex acid labile subunit,,,1,23,ECO:0000269,,,,,,,,,,,,,,,,,,,,,,,,,,,,,,,,,
P35916,1363,P35916,"A8K6L4, B5A926, Q16067, Q86W07, Q86W08",Eukaryota,Homo sapiens,9606,Vascular endothelial growth factor receptor 3,,,1,24,ECO:0000269,776,796,ECO:0000255,,,,,,,,,,,,,,,,,,,,,,,,,,,,,,
P36222,383,P36222,"B2R7B0, P30923, Q8IVA4, Q96HI7",Eukaryota,Homo sapiens,9606,Chitinase-3-like protein 1,,,1,21,ECO:0000269,,,,,,,,,,,,,,,,,,,,,,,,,,,,,,,,,
P36368,261,P36368,P00754,Eukaryota,Mus musculus,10090,Epidermal growth factor-binding protein type B,,,1,16,ECO:0000269,,,,,,,,,,,,,,,,,,,,,,,,,,,,,,,,,
P36511,530,P36511,,Eukaryota,Rattus norvegicus,10116,UDP-glucuronosyltransferase 2B15,,,1,23,ECO:0000269,494,510,ECO:0000255,,,,,,,,,,,,,,,,,,,,,,,,,,,,,,
P36897,503,P36897,"Q6IR47, Q706C0, Q706C1",Eukaryota,Homo sapiens,9606,TGF-beta receptor type-1,,,1,33,ECO:0000269,127,147,ECO:0000255,,,,,,,,,,,,,,,,,,,,,,,,,,,,,,
P36980,270,P36980,"Q14310, Q5T9T1",Eukaryota,Homo sapiens,9606,Complement factor H-related protein 2,,,1,18,ECO:0000269,,,,,,,,,,,,,,,,,,,,,,,,,,,,,,,,,
P37173,567,P37173,"B4DTV5, Q15580, Q6DKT6, Q99474",Eukaryota,Homo sapiens,9606,TGF-beta receptor type-2,,,1,22,ECO:0000269,167,187,ECO:0000255,,,,,,,,,,,,,,,,,,,,,,,,,,,,,,
P37889,1221,P37889,"G5E8B3, Q9WUI2",Eukaryota,Mus musculus,10090,Fibulin-2,,,1,26,ECO:0000269,,,,,,,,,,,,,,,,,,,,,,,,,,,,,,,,,
P38570,1179,P38570,"Q17RS6, Q9NZU9",Eukaryota,Homo sapiens,9606,Integrin alpha-E,,,1,18,ECO:0000269,1127,1147,ECO:0000255,,,,,,,,,,,,,,,,,,,,,,,,,,,,,,
P38571,399,P38571,"B2RBH5, D3DR29, Q16529, Q53H21, Q5T074, Q5T771, Q96EJ0",Eukaryota,Homo sapiens,9606,Lysosomal acid lipase/cholesteryl ester hydrolase,,,1,27,ECO:0000269,,,,,,,,,,,,,,,,,,,,,,,,,,,,,,,,,
P38574,287,P38574,,Eukaryota,Bos taurus,9913,Uroplakin-3a,,,1,18,ECO:0000269,208,235,ECO:0000255,,,,,,,,,,,,,,,,,,,,,,,,,,,,,,
P39039,239,P39039,Q0P6H1,Eukaryota,Mus musculus,10090,Mannose-binding protein A,,,1,18,ECO:0000269,,,,,,,,,,,,,,,,,,,,,,,,,,,,,,,,,
P40199,344,P40199,"Q13774, Q14920, Q53XP7",Eukaryota,Homo sapiens,9606,Cell adhesion molecule CEACAM6,,,1,34,ECO:0000269,,,,,,,,,,,,,,,,,,,,,,,,,,,,,,,,,
P40259,229,P40259,"Q53FS2, Q9BU06",Eukaryota,Homo sapiens,9606,B-cell antigen receptor complex-associated protein beta chain,,,1,28,ECO:0000269,160,180,ECO:0000255,,,,,,,,,,,,,,,,,,,,,,,,,,,,,,
P40967,661,P40967,"B3KS57, B7Z6D7, Q12763, Q14448, Q14817, Q16565",Eukaryota,Homo sapiens,9606,Melanocyte protein PMEL,,,1,24,ECO:0000269,596,616,ECO:0000255,,,,,,,,,,,,,,,,,,,,,,,,,,,,,,
P41222,190,P41222,"B2R727, Q5SQ10, Q7M4P3, Q9UC22, Q9UCC9, Q9UCD9",Eukaryota,Homo sapiens,9606,Prostaglandin-H2 D-isomerase,,,1,22,ECO:0000269,,,,,,,,,,,,,,,,,,,,,,,,,,,,,,,,,
P41271,181,P41271,"A3KFI7, Q5TGZ2, Q5U0N4, Q96L68",Eukaryota,Homo sapiens,9606,Neuroblastoma suppressor of tumorigenicity 1,,,1,16,ECO:0000269,,,,,,,,,,,,,,,,,,,,,,,,,,,,,,,,,
P41361,465,P41361,Q3SZQ7,Eukaryota,Bos taurus,9913,Antithrombin-III,,,1,32,ECO:0000269,,,,,,,,,,,,,,,,,,,,,,,,,,,,,,,,,
P42098,421,P42098,,Eukaryota,Sus scrofa,9823,Zona pellucida sperm-binding protein 3,,,1,22,ECO:0000269,382,402,ECO:0000255,,,,,,,,,,,,,,,,,,,,,,,,,,,,,,
P42264,919,P42264,O35420,Eukaryota,Rattus norvegicus,10116,"Glutamate receptor ionotropic, kainate 3",,,1,31,ECO:0000269,564,584,ECO:0000255,637,657,ECO:0000255,821,841,ECO:0000255,,,,,,,,,,,,,,,,,,,,,,,,
P42830,114,P42830,Q96QE1,Eukaryota,Homo sapiens,9606,C-X-C motif chemokine 5,,,1,36,ECO:0000269,,,,,,,,,,,,,,,,,,,,,,,,,,,,,,,,,
P43121,646,P43121,"O95812, Q59E86, Q6PHR3, Q6ZTR2",Eukaryota,Homo sapiens,9606,Cell surface glycoprotein MUC18,,,1,23,ECO:0000269,560,583,ECO:0000255,,,,,,,,,,,,,,,,,,,,,,,,,,,,,,
P43307,286,P43307,"A8K685, Q53GX2, Q53H19, Q5TAM3, Q6IB43, Q8NBH9, Q96IA2, Q9TNQ8, Q9UN49",Eukaryota,Homo sapiens,9606,Translocon-associated protein subunit alpha,,,1,18,ECO:0000269,208,228,ECO:0000255,,,,,,,,,,,,,,,,,,,,,,,,,,,,,,
P43626,348,P43626,"O43470, Q32WE6, Q6H2H3, Q6IST4",Eukaryota,Homo sapiens,9606,Killer cell immunoglobulin-like receptor 2DL1,,,1,21,ECO:0000269,246,264,ECO:0000255,,,,,,,,,,,,,,,,,,,,,,,,,,,,,,
P43652,599,P43652,"A8K3E1, Q32MR3, Q4W5C5",Eukaryota,Homo sapiens,9606,Afamin,,,1,21,ECO:0000269,,,,,,,,,,,,,,,,,,,,,,,,,,,,,,,,,
P45452,471,P45452,"A8K846, B2RCZ3, Q6NWN6",Eukaryota,Homo sapiens,9606,Collagenase 3,,,1,19,ECO:0000269,,,,,,,,,,,,,,,,,,,,,,,,,,,,,,,,,
P45478,306,P45478,A7YWB2,Eukaryota,Bos taurus,9913,Palmitoyl-protein thioesterase 1,,,1,27,ECO:0000269,,,,,,,,,,,,,,,,,,,,,,,,,,,,,,,,,
P45561,189,P45561,,Eukaryota,Sus scrofa,9823,Amelogenin,,,1,16,ECO:0000269,,,,,,,,,,,,,,,,,,,,,,,,,,,,,,,,,
P47710,185,P47710,"A1A510, A1A511, E9PB60, Q4PNR5",Eukaryota,Homo sapiens,9606,Alpha-S1-casein,,,1,15,ECO:0000269,,,,,,,,,,,,,,,,,,,,,,,,,,,,,,,,,
P48307,235,P48307,"Q66ME8, Q8NAK6, Q9UC86",Eukaryota,Homo sapiens,9606,Tissue factor pathway inhibitor 2,,,1,22,ECO:0000269,,,,,,,,,,,,,,,,,,,,,,,,,,,,,,,,,
P48740,699,P48740,"A8K542, A8K6M1, B4E2L7, O95570, Q68D21, Q8IUV8, Q96RS4, Q9UF09",Eukaryota,Homo sapiens,9606,Mannan-binding lectin serine protease 1,,,1,19,ECO:0000269,,,,,,,,,,,,,,,,,,,,,,,,,,,,,,,,,
P48745,357,P48745,"B2R5X7, Q6I9S3, Q96BY5, Q9UDE4",Eukaryota,Homo sapiens,9606,CCN family member 3,,,1,31,ECO:0000269,,,,,,,,,,,,,,,,,,,,,,,,,,,,,,,,,
P48765,970,P48765,,Eukaryota,Bos taurus,9913,Sodium/calcium exchanger 1,,,1,32,ECO:0000269,72,92,ECO:0000255,134,154,ECO:0000255,168,188,ECO:0000255,202,222,ECO:0000255,229,249,ECO:0000255,798,818,ECO:0000255,822,842,ECO:0000255,872,892,ECO:0000255,904,924,ECO:0000255,942,962,ECO:0000255,,,
P48819,459,P48819,,Eukaryota,Sus scrofa,9823,Vitronectin,,,1,19,ECO:0000269,,,,,,,,,,,,,,,,,,,,,,,,,,,,,,,,,
P49182,478,P49182,,Eukaryota,Mus musculus,10090,Heparin cofactor 2,,,1,23,ECO:0000269,,,,,,,,,,,,,,,,,,,,,,,,,,,,,,,,,
P49256,356,P49256,,Eukaryota,Canis lupus familiaris,9615,Vesicular integral-membrane protein VIP36,,,1,44,ECO:0000269,323,345,ECO:0000255,,,,,,,,,,,,,,,,,,,,,,,,,,,,,,
P49257,510,P49257,"Q12895, Q8N5I7, Q9UQG1, Q9UQG2, Q9UQG3, Q9UQG4, Q9UQG5, Q9UQG6, Q9UQG7, Q9UQG8, Q9UQG9, Q9UQH0, Q9UQH1, Q9UQH2",Eukaryota,Homo sapiens,9606,Protein ERGIC-53,,,1,30,"ECO:0000269, ECO:0007744",478,498,ECO:0000255,,,,,,,,,,,,,,,,,,,,,,,,,,,,,,
P49259,1463,P49259,,Eukaryota,Bos taurus,9913,Secretory phospholipase A2 receptor,,,1,20,ECO:0000269,1393,1421,ECO:0000255,,,,,,,,,,,,,,,,,,,,,,,,,,,,,,
P49755,219,P49755,"A0A024R6I3, B2R605, B4DL12, G3V2K7, Q15602, Q16536, Q53GF9, Q86TC2, Q86TS5",Eukaryota,Homo sapiens,9606,Transmembrane emp24 domain-containing protein 10,,,1,31,"ECO:0000269, ECO:0007744",186,206,ECO:0000255,,,,,,,,,,,,,,,,,,,,,,,,,,,,,,
P49763,221,P49763,"Q07101, Q9BV78, Q9Y6S8",Eukaryota,Homo sapiens,9606,Placenta growth factor,,,1,18,ECO:0000269,,,,,,,,,,,,,,,,,,,,,,,,,,,,,,,,,
P49767,419,P49767,B2R9Q8,Eukaryota,Homo sapiens,9606,Vascular endothelial growth factor C,,,1,31,ECO:0000269,,,,,,,,,,,,,,,,,,,,,,,,,,,,,,,,,
P49862,253,P49862,"A8K0U5, Q8N5N9, Q8NFV7",Eukaryota,Homo sapiens,9606,Kallikrein-7,,,1,22,ECO:0000269,,,,,,,,,,,,,,,,,,,,,,,,,,,,,,,,,
P50228,132,P50228,Q8K3I3,Eukaryota,Mus musculus,10090,C-X-C motif chemokine 5,,,1,40,ECO:0000269,,,,,,,,,,,,,,,,,,,,,,,,,,,,,,,,,
P50229,92,P50229,A1EC87,Eukaryota,Rattus norvegicus,10116,C-C motif chemokine 3,,,1,23,ECO:0000269,,,,,,,,,,,,,,,,,,,,,,,,,,,,,,,,,
P50895,628,P50895,"A8MYF9, A9YWT5, A9YWT6, Q86VC7",Eukaryota,Homo sapiens,9606,Basal cell adhesion molecule,,,1,31,ECO:0000269,548,568,ECO:0000255,,,,,,,,,,,,,,,,,,,,,,,,,,,,,,
P51460,131,P51460,"B4DZ72, G3XAG0, Q3KPI5, Q3KPI6, Q6YNB5, Q9UEA2, Q9UPH6",Eukaryota,Homo sapiens,9606,Insulin-like 3,,,1,20,ECO:0000269,,,,,,,,,,,,,,,,,,,,,,,,,,,,,,,,,
P51654,580,P51654,"C9JLE3, G3V1R0, Q2L880, Q2L882",Eukaryota,Homo sapiens,9606,Glypican-3,,,1,24,ECO:0000269,,,,,,,,,,,,,,,,,,,,,,,,,,,,,,,,,
P51688,502,P51688,A8K5E2,Eukaryota,Homo sapiens,9606,N-sulphoglucosamine sulphohydrolase,,,1,20,ECO:0000269,,,,,,,,,,,,,,,,,,,,,,,,,,,,,,,,,
P51740,551,P51740,,Eukaryota,Rattus norvegicus,10116,Intestinal-type alkaline phosphatase 2,,,1,19,ECO:0000269,,,,,,,,,,,,,,,,,,,,,,,,,,,,,,,,,
P51868,413,P51868,"O09177, Q6IMX1",Eukaryota,Rattus norvegicus,10116,Calsequestrin-2,,,1,19,ECO:0000269,,,,,,,,,,,,,,,,,,,,,,,,,,,,,,,,,
P52193,417,P52193,"P28489, P42918, Q8SQ53",Eukaryota,Bos taurus,9913,Calreticulin,,,1,17,ECO:0000269,,,,,,,,,,,,,,,,,,,,,,,,,,,,,,,,,
P52798,201,P52798,"C9JHJ8, G3XAK2, O95457, Q5SR71, Q6FI57",Eukaryota,Homo sapiens,9606,Ephrin-A4,,,1,25,ECO:0000269,,,,,,,,,,,,,,,,,,,,,,,,,,,,,,,,,
P52823,247,P52823,"B4DN22, Q71UE5",Eukaryota,Homo sapiens,9606,Stanniocalcin-1,,,1,17,ECO:0000269,,,,,,,,,,,,,,,,,,,,,,,,,,,,,,,,,
P53366,188,P53366,,Eukaryota,Sus scrofa,9823,Pro-adrenomedullin,,,1,21,ECO:0000269,,,,,,,,,,,,,,,,,,,,,,,,,,,,,,,,,
P53634,463,P53634,"A8K7V2, B5MDD5, Q2HIY8, Q53G93, Q71E75, Q71E76, Q7M4N9, Q7Z3G7, Q7Z5U7, Q8WY99, Q8WYA7, Q8WYA8",Eukaryota,Homo sapiens,9606,Dipeptidyl peptidase 1,,,1,24,ECO:0000269,,,,,,,,,,,,,,,,,,,,,,,,,,,,,,,,,
P54107,249,P54107,"B5BU98, O00698, Q13248, Q14082, Q96SF6",Eukaryota,Homo sapiens,9606,Cysteine-rich secretory protein 1,,,1,21,ECO:0000269,,,,,,,,,,,,,,,,,,,,,,,,,,,,,,,,,
P54318,468,P54318,,Eukaryota,Rattus norvegicus,10116,Pancreatic lipase-related protein 2,,,1,16,ECO:0000269,,,,,,,,,,,,,,,,,,,,,,,,,,,,,,,,,
P54762,984,P54762,"A8K593, B3KTB2, B5A969, O43569, O95142, O95143, Q0VG87",Eukaryota,Homo sapiens,9606,Ephrin type-B receptor 1,,,1,17,ECO:0000269,541,563,ECO:0000255,,,,,,,,,,,,,,,,,,,,,,,,,,,,,,
P54803,685,P54803,"B4DKE8, B4DYN1, B4DZJ8, B7Z7Z2, J3KN25, J3KPP8, Q8J030",Eukaryota,Homo sapiens,9606,Galactocerebrosidase,,,1,42,ECO:0000269,,,,,,,,,,,,,,,,,,,,,,,,,,,,,,,,,
P54900,215,P54900,,Eukaryota,Rattus norvegicus,10116,Sodium channel regulatory subunit beta-2,,,1,29,ECO:0000269,158,179,ECO:0000250,,,,,,,,,,,,,,,,,,,,,,,,,,,,,,
P55000,103,P55000,"Q53YJ6, Q6PUA6, Q92483",Eukaryota,Homo sapiens,9606,Secreted Ly-6/uPAR-related protein 1,,,1,22,ECO:0000269,,,,,,,,,,,,,,,,,,,,,,,,,,,,,,,,,
P55058,493,P55058,"A8K006, B4DDD5, B4DRB4, E1P5N8, E7EV16, Q8WTT1, Q9BR07, Q9BSH8",Eukaryota,Homo sapiens,9606,Phospholipid transfer protein,,,1,17,ECO:0000269,,,,,,,,,,,,,,,,,,,,,,,,,,,,,,,,,
P55083,255,P55083,"A8KAJ1, A8MVM2, B4E317, Q6P680",Eukaryota,Homo sapiens,9606,Microfibril-associated glycoprotein 4,,,1,21,ECO:0000269,,,,,,,,,,,,,,,,,,,,,,,,,,,,,,,,,
P55145,182,P55145,"Q14CX4, Q86U67, Q96IS4",Eukaryota,Homo sapiens,9606,Mesencephalic astrocyte-derived neurotrophic factor,,,1,24,ECO:0000269,,,,,,,,,,,,,,,,,,,,,,,,,,,,,,,,,
P55203,1110,P55203,O02809,Eukaryota,Bos taurus,9913,Retinal guanylyl cyclase 1,,,1,56,ECO:0000269,468,492,ECO:0000255,,,,,,,,,,,,,,,,,,,,,,,,,,,,,,
P55773,120,P55773,"B7ZKQ3, O00174, O75950, Q52LD4",Eukaryota,Homo sapiens,9606,C-C motif chemokine 23,,,1,21,ECO:0000269,,,,,,,,,,,,,,,,,,,,,,,,,,,,,,,,,
P55774,89,P55774,"B5BUM2, Q53X71",Eukaryota,Homo sapiens,9606,C-C motif chemokine 18,,,1,20,ECO:0000269,,,,,,,,,,,,,,,,,,,,,,,,,,,,,,,,,
P55899,365,P55899,"Q5HYM5, Q9HBV7, Q9NZ19",Eukaryota,Homo sapiens,9606,IgG receptor FcRn large subunit p51,,,1,23,ECO:0000269,298,321,ECO:0000255,,,,,,,,,,,,,,,,,,,,,,,,,,,,,,
P56201,797,P56201,G1SE36,Eukaryota,Oryctolagus cuniculus,9986,GDH/6PGL endoplasmic bifunctional protein,,,1,24,ECO:0000269,,,,,,,,,,,,,,,,,,,,,,,,,,,,,,,,,
P56202,376,P56202,Q86VT4,Eukaryota,Homo sapiens,9606,Cathepsin W,,,1,21,ECO:0000269,,,,,,,,,,,,,,,,,,,,,,,,,,,,,,,,,
P56513,92,P56513,,Eukaryota,Canis lupus familiaris,9615,Phospholemman,,,1,20,ECO:0000269,36,56,ECO:0000255,,,,,,,,,,,,,,,,,,,,,,,,,,,,,,
P56722,979,P56722,Q0VD45,Eukaryota,Bos taurus,9913,Receptor-type tyrosine-protein phosphatase-like N,,,1,34,ECO:0000269,576,600,ECO:0000255,,,,,,,,,,,,,,,,,,,,,,,,,,,,,,
P57087,298,P57087,"B2R6T9, B4DGT9, Q6UXG6, Q6YNC1",Eukaryota,Homo sapiens,9606,Junctional adhesion molecule B,,,1,28,ECO:0000269,239,259,ECO:0000255,,,,,,,,,,,,,,,,,,,,,,,,,,,,,,
P59665,94,P59665,"P11479, Q14125, Q6EZF6",Eukaryota,Homo sapiens,9606,Neutrophil defensin 1,,,1,19,ECO:0000269,,,,,,,,,,,,,,,,,,,,,,,,,,,,,,,,,
P60042,116,P60042,P01167,Eukaryota,Rattus norvegicus,10116,Somatostatin,,,1,24,ECO:0000269,,,,,,,,,,,,,,,,,,,,,,,,,,,,,,,,,
P60568,153,P60568,P01585,Eukaryota,Homo sapiens,9606,Interleukin-2,,,1,20,ECO:0000269,,,,,,,,,,,,,,,,,,,,,,,,,,,,,,,,,
P61312,146,P61312,Q6L5N4,Eukaryota,Rattus norvegicus,10116,Protein ADM2,,,1,25,ECO:0000269,,,,,,,,,,,,,,,,,,,,,,,,,,,,,,,,,
P61626,148,P61626,"P00695, Q13170, Q9UCF8",Eukaryota,Homo sapiens,9606,Lysozyme C,,,1,18,ECO:0000269,,,,,,,,,,,,,,,,,,,,,,,,,,,,,,,,,
P61769,119,P61769,"P01884, Q540F8, Q6IAT8, Q9UCK0, Q9UD48, Q9UDF4",Eukaryota,Homo sapiens,9606,Beta-2-microglobulin,,,1,20,ECO:0000269,,,,,,,,,,,,,,,,,,,,,,,,,,,,,,,,,
P61823,150,P61823,"A6QPW8, P00656, Q9TSF2",Eukaryota,Bos taurus,9913,Ribonuclease pancreatic,,,1,26,ECO:0000269,,,,,,,,,,,,,,,,,,,,,,,,,,,,,,,,,
P61916,151,P61916,"B4DQV7, Q15668, Q29413",Eukaryota,Homo sapiens,9606,NPC intracellular cholesterol transporter 2,,,1,19,ECO:0000269,,,,,,,,,,,,,,,,,,,,,,,,,,,,,,,,,
P63090,168,P63090,P20935,Eukaryota,Rattus norvegicus,10116,Pleiotrophin,,,1,32,ECO:0000269,,,,,,,,,,,,,,,,,,,,,,,,,,,,,,,,,
P63153,146,P63153,"A0A287ANW4, P01294",Eukaryota,Sus scrofa,9823,Gastrin-releasing peptide,,,1,23,ECO:0000269,,,,,,,,,,,,,,,,,,,,,,,,,,,,,,,,,
P67930,217,P67930,"P01247, P07289, Q29404",Eukaryota,Ovis aries,9940,Somatotropin,,,1,27,ECO:0000269,,,,,,,,,,,,,,,,,,,,,,,,,,,,,,,,,
P78556,96,P78556,"Q53S51, Q99664",Eukaryota,Homo sapiens,9606,C-C motif chemokine 20,,,1,26,ECO:0000269,,,,,,,,,,,,,,,,,,,,,,,,,,,,,,,,,
P79208,603,P79208,,Eukaryota,Ovis aries,9940,Prostaglandin G/H synthase 2,,,1,16,ECO:0000269,,,,,,,,,,,,,,,,,,,,,,,,,,,,,,,,,
P79263,921,P79263,,Eukaryota,Sus scrofa,9823,Inter-alpha-trypsin inhibitor heavy chain H4,,,1,27,ECO:0000269,,,,,,,,,,,,,,,,,,,,,,,,,,,,,,,,,
P80035,398,P80035,O02857,Eukaryota,Canis lupus familiaris,9615,Gastric triacylglycerol lipase,,,1,19,ECO:0000269,,,,,,,,,,,,,,,,,,,,,,,,,,,,,,,,,
P80067,462,P80067,P80068,Eukaryota,Rattus norvegicus,10116,Dipeptidyl peptidase 1,,,1,24,ECO:0000269,,,,,,,,,,,,,,,,,,,,,,,,,,,,,,,,,
P80098,99,P80098,Q569J6,Eukaryota,Homo sapiens,9606,C-C motif chemokine 7,,,1,23,ECO:0000269,,,,,,,,,,,,,,,,,,,,,,,,,,,,,,,,,
P80108,840,P80108,"Q15127, Q15128, Q2M2F2, Q5T3Y0, Q7Z6T8, Q8TCV0, Q8WW82, Q96ID6, Q9H167, Q9H4M1, Q9UJC9",Eukaryota,Homo sapiens,9606,Phosphatidylinositol-glycan-specific phospholipase D,,,1,23,ECO:0000269,,,,,,,,,,,,,,,,,,,,,,,,,,,,,,,,,
P80109,839,P80109,,Eukaryota,Bos taurus,9913,Phosphatidylinositol-glycan-specific phospholipase D,,,1,23,ECO:0000269,,,,,,,,,,,,,,,,,,,,,,,,,,,,,,,,,
P80162,114,P80162,"B2R4X3, Q4W5D4",Eukaryota,Homo sapiens,9606,C-X-C motif chemokine 6,,,1,37,ECO:0000269,,,,,,,,,,,,,,,,,,,,,,,,,,,,,,,,,
P80188,198,P80188,"A6NII8, B4DWV4, B7ZAA2, P30150, Q5SYV9, Q5SYW0, Q6FGL5, Q92683",Eukaryota,Homo sapiens,9606,Neutrophil gelatinase-associated lipocalin,,,1,20,ECO:0000269,,,,,,,,,,,,,,,,,,,,,,,,,,,,,,,,,
P80221,112,P80221,"A5PJH0, Q9GKP5",Eukaryota,Bos taurus,9913,C-X-C motif chemokine 6,,,1,36,ECO:0000269,,,,,,,,,,,,,,,,,,,,,,,,,,,,,,,,,
P80311,216,P80311,Q5E9F4,Eukaryota,Bos taurus,9913,Peptidyl-prolyl cis-trans isomerase B,,,1,33,ECO:0000269,,,,,,,,,,,,,,,,,,,,,,,,,,,,,,,,,
P80325,96,P80325,,Eukaryota,Cavia porcellus,10141,Eotaxin,,,1,23,ECO:0000269,,,,,,,,,,,,,,,,,,,,,,,,,,,,,,,,,
P80370,383,P80370,"P15803, Q96DW5",Eukaryota,Homo sapiens,9606,Protein delta homolog 1,,,1,23,ECO:0000269,304,327,ECO:0000255,,,,,,,,,,,,,,,,,,,,,,,,,,,,,,
P80746,1048,P80746,"Q0PDN6, Q9GK48, Q9MZD6",Eukaryota,Bos taurus,9913,Integrin alpha-V,,,1,30,ECO:0000269,993,1016,ECO:0000255,,,,,,,,,,,,,,,,,,,,,,,,,,,,,,
P80747,800,P80747,A3KMX2,Eukaryota,Bos taurus,9913,Integrin beta-5,,,1,24,ECO:0000269,723,743,ECO:0000255,,,,,,,,,,,,,,,,,,,,,,,,,,,,,,
P80748,117,P80748,"A0A075B6J7, P01719, P01720",Eukaryota,Homo sapiens,9606,Immunoglobulin lambda variable 3-21,,,1,17,ECO:0000269,,,,,,,,,,,,,,,,,,,,,,,,,,,,,,,,,
P81534,67,P81534,"Q8NFG6, Q9NPF6",Eukaryota,Homo sapiens,9606,Beta-defensin 103,,,1,22,ECO:0000269,,,,,,,,,,,,,,,,,,,,,,,,,,,,,,,,,
P81605,110,P81605,"A5JHP2, A5JHP3, P58461, Q53YJ2",Eukaryota,Homo sapiens,9606,Dermcidin,,,1,19,ECO:0000269,64,108,ECO:0000305,,,,,,,,,,,,,,,,,,,,,,,,,,,,,,
P81608,191,P81608,Q9N0K0,Eukaryota,Sus scrofa,9823,Salivary lipocalin,,,1,16,ECO:0000269,,,,,,,,,,,,,,,,,,,,,,,,,,,,,,,,,
P81649,153,P81649,D0PSF9,Eukaryota,Sus scrofa,9823,Ribonuclease K3,,,1,26,ECO:0000269,,,,,,,,,,,,,,,,,,,,,,,,,,,,,,,,,
P97430,131,P97430,"O09081, O09082",Eukaryota,Mus musculus,10090,Antileukoproteinase,,,1,25,ECO:0000269,,,,,,,,,,,,,,,,,,,,,,,,,,,,,,,,,
P97710,509,P97710,"O08951, O70426, Q9QWI5",Eukaryota,Rattus norvegicus,10116,Tyrosine-protein phosphatase non-receptor type substrate 1,,,1,31,ECO:0000269,374,394,ECO:0000255,,,,,,,,,,,,,,,,,,,,,,,,,,,,,,
P97884,96,P97884,,Eukaryota,Rattus norvegicus,10116,C-C motif chemokine 20,,,1,26,ECO:0000269,,,,,,,,,,,,,,,,,,,,,,,,,,,,,,,,,
P98064,704,P98064,"A2RRH8, A2RRH9, Q8CD27, Q8CIR8, Q920S0",Eukaryota,Mus musculus,10090,Mannan-binding lectin serine protease 1,,,1,24,ECO:0000269,,,,,,,,,,,,,,,,,,,,,,,,,,,,,,,,,
P98066,277,P98066,"Q53TI7, Q8WWI9",Eukaryota,Homo sapiens,9606,Tumor necrosis factor-inducible gene 6 protein,,,1,17,ECO:0000269,,,,,,,,,,,,,,,,,,,,,,,,,,,,,,,,,
P98172,346,P98172,D3DVU0,Eukaryota,Homo sapiens,9606,Ephrin-B1,,,1,27,ECO:0000269,238,258,ECO:0000255,,,,,,,,,,,,,,,,,,,,,,,,,,,,,,
Q00193,540,Q00193,,Eukaryota,Oryctolagus cuniculus,9986,Zona pellucida sperm-binding protein 4,,,1,24,ECO:0000269,516,536,ECO:0000255,,,,,,,,,,,,,,,,,,,,,,,,,,,,,,
Q00657,2326,Q00657,,Eukaryota,Rattus norvegicus,10116,Chondroitin sulfate proteoglycan 4,,,1,29,ECO:0000269,2226,2250,ECO:0000255,,,,,,,,,,,,,,,,,,,,,,,,,,,,,,
Q00954,218,Q00954,Q505J0,Eukaryota,Rattus norvegicus,10116,Sodium channel regulatory subunit beta-1,,,1,18,ECO:0000269,158,179,ECO:0000250,,,,,,,,,,,,,,,,,,,,,,,,,,,,,,
Q01129,354,Q01129,,Eukaryota,Rattus norvegicus,10116,Decorin,,,1,16,ECO:0000269,,,,,,,,,,,,,,,,,,,,,,,,,,,,,,,,,
Q01151,205,Q01151,Q5THX9,Eukaryota,Homo sapiens,9606,CD83 antigen,,,1,19,ECO:0000269,145,166,ECO:0000255,,,,,,,,,,,,,,,,,,,,,,,,,,,,,,
Q01460,367,Q01460,,Eukaryota,Rattus norvegicus,10116,Di-N-acetylchitobiase,,,1,23,ECO:0000269,,,,,,,,,,,,,,,,,,,,,,,,,,,,,,,,,
Q01638,556,Q01638,"A8K6B3, B4E0I3, Q53TU7, Q8NEJ3, Q9ULV7, Q9UQ44",Eukaryota,Homo sapiens,9606,Interleukin-1 receptor-like 1,,,1,18,ECO:0000269,329,349,ECO:0000255,,,,,,,,,,,,,,,,,,,,,,,,,,,,,,
Q01965,654,Q01965,"Q9ES29, Q9ES35, Q9ES36",Eukaryota,Mus musculus,10090,T-lymphocyte surface antigen Ly-9,,,1,47,ECO:0000269,454,474,ECO:0000255,,,,,,,,,,,,,,,,,,,,,,,,,,,,,,
Q02083,359,Q02083,"Q5KTF2, Q96EY2, Q9BRA8",Eukaryota,Homo sapiens,9606,N-acylethanolamine-hydrolyzing acid amidase,,,1,28,ECO:0000269,,,,,,,,,,,,,,,,,,,,,,,,,,,,,,,,,
Q02246,1040,Q02246,"P78432, Q5T054",Eukaryota,Homo sapiens,9606,Contactin-2,,,1,30,ECO:0000269,,,,,,,,,,,,,,,,,,,,,,,,,,,,,,,,,
Q02596,151,Q02596,A6H6D0,Eukaryota,Mus musculus,10090,Glycosylation-dependent cell adhesion molecule 1,,,1,19,ECO:0000269,,,,,,,,,,,,,,,,,,,,,,,,,,,,,,,,,
Q02747,115,Q02747,,Eukaryota,Homo sapiens,9606,Guanylin,,,1,21,ECO:0000269,,,,,,,,,,,,,,,,,,,,,,,,,,,,,,,,,
Q02763,1124,Q02763,"A8K6W0, B4DH20, B4DHD3, D3DRK5, E7EWI2, Q5TCU2, Q8IV34",Eukaryota,Homo sapiens,9606,Angiopoietin-1 receptor,,,1,22,ECO:0000269,749,769,ECO:0000255,,,,,,,,,,,,,,,,,,,,,,,,,,,,,,
Q02809,727,Q02809,"B4DR87, Q96AV9, Q9H132",Eukaryota,Homo sapiens,9606,"Procollagen-lysine,2-oxoglutarate 5-dioxygenase 1",,,1,18,ECO:0000269,,,,,,,,,,,,,,,,,,,,,,,,,,,,,,,,,
Q03405,335,Q03405,"A8K409, Q12876, Q15845, Q16887, Q6IB52, Q9BWT0, Q9NYC8, Q9UD69, Q9UEA6, Q9UM92, Q9UMV0",Eukaryota,Homo sapiens,9606,Urokinase plasminogen activator surface receptor,,,1,22,ECO:0000269,,,,,,,,,,,,,,,,,,,,,,,,,,,,,,,,,
Q04756,655,Q04756,"Q14726, Q2M1W7, Q53X47",Eukaryota,Homo sapiens,9606,Hepatocyte growth factor activator serine protease,,,1,35,ECO:0000269,,,,,,,,,,,,,,,,,,,,,,,,,,,,,,,,,
Q05895,956,Q05895,"Q6LCE0, Q7TN15",Eukaryota,Mus musculus,10090,Thrombospondin-3,,,1,21,ECO:0000269,,,,,,,,,,,,,,,,,,,,,,,,,,,,,,,,,
Q05927,574,Q05927,Q24K05,Eukaryota,Bos taurus,9913,5'-nucleotidase,,,1,26,ECO:0000269,,,,,,,,,,,,,,,,,,,,,,,,,,,,,,,,,
Q05928,177,Q05928,,Eukaryota,Mus musculus,10090,Probetacellulin,,,1,31,ECO:0000269,119,139,ECO:0000255,,,,,,,,,,,,,,,,,,,,,,,,,,,,,,
Q07011,255,Q07011,,Eukaryota,Homo sapiens,9606,Tumor necrosis factor receptor superfamily member 9,,,1,23,ECO:0000269,187,213,ECO:0000255,,,,,,,,,,,,,,,,,,,,,,,,,,,,,,
Q07092,1604,Q07092,"Q16593, Q59F89, Q71RG9",Eukaryota,Homo sapiens,9606,Collagen alpha-1(XVI) chain,,,1,21,ECO:0000269,,,,,,,,,,,,,,,,,,,,,,,,,,,,,,,,,
Q07310,1578,Q07310,"Q07280, Q07311, Q07312, Q07313, Q07314",Eukaryota,Rattus norvegicus,10116,Neurexin-3,,,1,27,ECO:0000269,1504,1524,ECO:0000255,,,,,,,,,,,,,,,,,,,,,,,,,,,,,,
Q07325,125,Q07325,Q503B4,Eukaryota,Homo sapiens,9606,C-X-C motif chemokine 9,,,1,22,ECO:0000269,,,,,,,,,,,,,,,,,,,,,,,,,,,,,,,,,
Q07654,80,Q07654,"A0A0A6YYJ4, E9PBB5, Q96NX0, Q9UDA5",Eukaryota,Homo sapiens,9606,Trefoil factor 3,,,1,21,ECO:0000269,,,,,,,,,,,,,,,,,,,,,,,,,,,,,,,,,
Q08334,325,Q08334,Q9BUU4,Eukaryota,Homo sapiens,9606,Interleukin-10 receptor subunit beta,,,1,19,ECO:0000269,221,242,ECO:0000255,,,,,,,,,,,,,,,,,,,,,,,,,,,,,,
Q08380,585,Q08380,"A0A0S2Z3Y1, Q7M4S0, Q9UCH8, Q9UCH9, Q9UCI0",Eukaryota,Homo sapiens,9606,Galectin-3-binding protein,,,1,18,ECO:0000269,,,,,,,,,,,,,,,,,,,,,,,,,,,,,,,,,
Q08481,727,Q08481,"B1ARB1, B1ARB2, Q3TES6, Q922E0",Eukaryota,Mus musculus,10090,Platelet endothelial cell adhesion molecule,,,1,17,ECO:0000269,591,609,ECO:0000255,,,,,,,,,,,,,,,,,,,,,,,,,,,,,,
Q08830,312,Q08830,"A6NKU4, Q4PJH9, Q53YF1, Q8NG32, Q96KW6, Q96QM6",Eukaryota,Homo sapiens,9606,Fibrinogen-like protein 1,,,1,22,ECO:0000269,,,,,,,,,,,,,,,,,,,,,,,,,,,,,,,,,
Q08879,705,Q08879,"Q08878, Q8C3B1, Q91ZC9, Q922K8",Eukaryota,Mus musculus,10090,Fibulin-1,,,1,29,ECO:0000269,,,,,,,,,,,,,,,,,,,,,,,,,,,,,,,,,
Q09098,99,Q09098,"Q9D248, Q9R018",Eukaryota,Mus musculus,10090,Prostate and testis expressed protein 4,,,1,23,ECO:0000269,,,,,,,,,,,,,,,,,,,,,,,,,,,,,,,,,
Q10588,318,Q10588,"B2R6A2, Q1XII0, Q5U0K0, Q96EN3",Eukaryota,Homo sapiens,9606,ADP-ribosyl cyclase/cyclic ADP-ribose hydrolase 2,,,1,32,ECO:0000269,,,,,,,,,,,,,,,,,,,,,,,,,,,,,,,,,
Q10746,101,Q10746,"Q10747, Q5CZ55, Q9EP62",Eukaryota,Rattus norvegicus,10116,C-X-C motif chemokine 3,,,1,32,ECO:0000269,,,,,,,,,,,,,,,,,,,,,,,,,,,,,,,,,
Q12841,308,Q12841,"A8K523, B4DTT5, D3DN90, Q549Z0",Eukaryota,Homo sapiens,9606,Follistatin-related protein 1,,,1,20,ECO:0000269,,,,,,,,,,,,,,,,,,,,,,,,,,,,,,,,,
Q13007,206,Q13007,"Q2YHE5, Q53XZ7, Q5YLN8, Q96DB0, Q96KG4",Eukaryota,Homo sapiens,9606,Interleukin-24,,,1,51,ECO:0000269,,,,,,,,,,,,,,,,,,,,,,,,,,,,,,,,,
Q13145,260,Q13145,,Eukaryota,Homo sapiens,9606,BMP and activin membrane-bound inhibitor homolog,,,1,20,ECO:0000269,153,173,ECO:0000255,,,,,,,,,,,,,,,,,,,,,,,,,,,,,,
Q13162,271,Q13162,Q6FHT3,Eukaryota,Homo sapiens,9606,Peroxiredoxin-4,,,1,37,"ECO:0000269, ECO:0007744",,,,,,,,,,,,,,,,,,,,,,,,,,,,,,,,,
Q13231,466,Q13231,"B3KNW6, J3KN09, Q0VGG5, Q0VGG6, Q3ZAR1, Q6ISC2, Q9H3V8, Q9UDJ8",Eukaryota,Homo sapiens,9606,Chitotriosidase-1,,,1,21,ECO:0000269,,,,,,,,,,,,,,,,,,,,,,,,,,,,,,,,,
Q13421,622,Q13421,"D3DU65, Q14859, Q4VQD5, Q96GR6, Q96KJ5, Q9BR17, Q9BTR2, Q9UCB2, Q9UK57",Eukaryota,Homo sapiens,9606,Mesothelin,,,1,36,ECO:0000269,,,,,,,,,,,,,,,,,,,,,,,,,,,,,,,,,
Q13433,755,Q13433,"B4DR49, B4E224, Q8IXR3, Q96HP5",Eukaryota,Homo sapiens,9606,Zinc transporter ZIP6,,,1,28,ECO:0000269,326,346,ECO:0000255,356,376,ECO:0000255,424,444,ECO:0000255,658,678,ECO:0000255,687,707,ECO:0000255,725,745,ECO:0000255,,,,,,,,,,,,,,,
Q13445,227,Q13445,,Eukaryota,Homo sapiens,9606,Transmembrane emp24 domain-containing protein 1,,,1,23,"ECO:0000269, ECO:0007744",195,215,ECO:0000255,,,,,,,,,,,,,,,,,,,,,,,,,,,,,,
Q13478,541,Q13478,"B2R9Y5, Q52LC9",Eukaryota,Homo sapiens,9606,Interleukin-18 receptor 1,,,1,18,ECO:0000269,330,350,ECO:0000255,,,,,,,,,,,,,,,,,,,,,,,,,,,,,,
Q13651,578,Q13651,"A8K6I0, B0YJ27",Eukaryota,Homo sapiens,9606,Interleukin-10 receptor subunit alpha,,,1,21,ECO:0000269,236,256,ECO:0000255,,,,,,,,,,,,,,,,,,,,,,,,,,,,,,
Q13683,1181,Q13683,"B4E3U0, C9JMD3, C9JMZ6, O43197, Q86W93, Q9NY89, Q9UET0, Q9UEV2",Eukaryota,Homo sapiens,9606,Integrin alpha-7,,,1,33,ECO:0000269,1083,1103,ECO:0000255,,,,,,,,,,,,,,,,,,,,,,,,,,,,,,
Q14002,265,Q14002,"A8K848, O15148, O15149, Q0VAC1, Q13983, Q9UPJ2",Eukaryota,Homo sapiens,9606,Cell adhesion molecule CEACAM7,,,1,35,ECO:0000269,,,,,,,,,,,,,,,,,,,,,,,,,,,,,,,,,
Q14112,1375,Q14112,"A8K6I7, B4DU19, O43710",Eukaryota,Homo sapiens,9606,Nidogen-2,,,1,30,ECO:0000269,,,,,,,,,,,,,,,,,,,,,,,,,,,,,,,,,
Q14210,128,Q14210,"B2R5F1, D3DWJ0, O43783, Q6GTV9, Q8TBD4, Q92933",Eukaryota,Homo sapiens,9606,Lymphocyte antigen 6D,,,1,20,ECO:0000269,,,,,,,,,,,,,,,,,,,,,,,,,,,,,,,,,
Q14392,662,Q14392,Q86V06,Eukaryota,Homo sapiens,9606,Transforming growth factor beta activator LRRC32,,,1,19,ECO:0000269,628,648,ECO:0000255,,,,,,,,,,,,,,,,,,,,,,,,,,,,,,
Q14520,560,Q14520,"A8K467, B7Z8U5, F5H5M6, O00663",Eukaryota,Homo sapiens,9606,Factor VII-activating protease,,,1,23,ECO:0000269,,,,,,,,,,,,,,,,,,,,,,,,,,,,,,,,,
Q14624,930,Q14624,"B7Z545, E9PGN5, Q15135, Q9P190, Q9UQ54",Eukaryota,Homo sapiens,9606,Inter-alpha-trypsin inhibitor heavy chain H4,,,1,28,ECO:0000269,,,,,,,,,,,,,,,,,,,,,,,,,,,,,,,,,
Q14773,271,Q14773,"A0M8X2, Q14771, Q14772, Q16375, Q9BWR0",Eukaryota,Homo sapiens,9606,Intercellular adhesion molecule 4,,,1,30,ECO:0000269,241,261,ECO:0000255,,,,,,,,,,,,,,,,,,,,,,,,,,,,,,
Q14802,87,Q14802,"A6NDE0, C9JDU2, F5H174, F8WB34, Q13211, Q6IB59",Eukaryota,Homo sapiens,9606,FXYD domain-containing ion transport regulator 3,,,1,20,ECO:0000269,39,59,ECO:0000255,,,,,,,,,,,,,,,,,,,,,,,,,,,,,,
Q15084,440,Q15084,"B3KY95, B5MCQ5, B7Z254, B7Z4M8, F8WA83, Q53RC7, Q6ZSH5, Q99778",Eukaryota,Homo sapiens,9606,Protein disulfide-isomerase A6,,,1,19,"ECO:0000269, ECO:0007744",,,,,,,,,,,,,,,,,,,,,,,,,,,,,,,,,
Q15399,786,Q15399,"D1CS39, D1CS41, O15452, Q32MK3, Q32MK4, Q9UG90",Eukaryota,Homo sapiens,9606,Toll-like receptor 1,,,1,24,ECO:0000269,581,601,ECO:0000255,,,,,,,,,,,,,,,,,,,,,,,,,,,,,,
Q15465,462,Q15465,"A4D247, Q75MC9",Eukaryota,Homo sapiens,9606,Sonic hedgehog protein,,,1,23,ECO:0000269,,,,,,,,,,,,,,,,,,,,,,,,,,,,,,,,,
Q15582,683,Q15582,"D3DQB1, O14471, O14472, O14476, O43216, O43217, O43218, O43219, Q53XM1",Eukaryota,Homo sapiens,9606,Transforming growth factor-beta-induced protein ig-h3,,,1,23,ECO:0000269,,,,,,,,,,,,,,,,,,,,,,,,,,,,,,,,,
Q15762,336,Q15762,B2R818,Eukaryota,Homo sapiens,9606,CD226 antigen,,,1,18,ECO:0000269,255,275,ECO:0000255,,,,,,,,,,,,,,,,,,,,,,,,,,,,,,
Q15768,340,Q15768,"B2RBW2, D3DTQ6, O00680, Q8TBH7, Q92875",Eukaryota,Homo sapiens,9606,Ephrin-B3,,,1,27,ECO:0000269,227,247,ECO:0000255,,,,,,,,,,,,,,,,,,,,,,,,,,,,,,
Q15848,244,Q15848,Q58EX9,Eukaryota,Homo sapiens,9606,Adiponectin,,,1,18,ECO:0000269,,,,,,,,,,,,,,,,,,,,,,,,,,,,,,,,,
Q16270,282,Q16270,"B4E1N2, B7Z9W7, Q07822, Q53YE6, Q9UCA8",Eukaryota,Homo sapiens,9606,Insulin-like growth factor-binding protein 7,,,1,26,ECO:0000269,,,,,,,,,,,,,,,,,,,,,,,,,,,,,,,,,
Q16552,155,Q16552,Q5T2P0,Eukaryota,Homo sapiens,9606,Interleukin-17A,,,1,23,ECO:0000269,,,,,,,,,,,,,,,,,,,,,,,,,,,,,,,,,
Q16568,116,Q16568,Q6FG92,Eukaryota,Homo sapiens,9606,Cocaine- and amphetamine-regulated transcript protein,,,1,27,ECO:0000269,,,,,,,,,,,,,,,,,,,,,,,,,,,,,,,,,
Q16602,461,Q16602,"A8K6G5, A8KAD3, Q53S02, Q53TS5",Eukaryota,Homo sapiens,9606,Calcitonin gene-related peptide type 1 receptor,,,1,22,ECO:0000269,140,164,"ECO:0000269, ECO:0007744",176,198,"ECO:0000269, ECO:0007744",210,238,"ECO:0000269, ECO:0007744",253,273,"ECO:0000269, ECO:0007744",290,314,"ECO:0000269, ECO:0007744",330,351,"ECO:0000269, ECO:0007744",367,387,"ECO:0000269, ECO:0007744",,,,,,,,,,,,
Q16627,93,Q16627,"E1P649, E1P650, Q13954",Eukaryota,Homo sapiens,9606,C-C motif chemokine 14,,,1,19,ECO:0000269,,,,,,,,,,,,,,,,,,,,,,,,,,,,,,,,,
Q16663,113,Q16663,"B2RU34, E1P651, Q9UM74",Eukaryota,Homo sapiens,9606,C-C motif chemokine 15,,,1,21,ECO:0000269,,,,,,,,,,,,,,,,,,,,,,,,,,,,,,,,,
Q16674,131,Q16674,Q6FHV3,Eukaryota,Homo sapiens,9606,Melanoma-derived growth regulatory protein,,,1,24,ECO:0000269,,,,,,,,,,,,,,,,,,,,,,,,,,,,,,,,,
Q16790,459,Q16790,Q5T4R1,Eukaryota,Homo sapiens,9606,Carbonic anhydrase 9,,,1,37,ECO:0000269,415,435,ECO:0000255,,,,,,,,,,,,,,,,,,,,,,,,,,,,,,
Q28139,1216,Q28139,O46384,Eukaryota,Bos taurus,9913,Sodium/potassium/calcium exchanger 1,,,1,,ECO:0000269,447,467,ECO:0000255,492,512,ECO:0000255,519,539,ECO:0000255,558,578,ECO:0000255,580,600,ECO:0000255,1025,1045,ECO:0000255,1053,1073,ECO:0000255,1089,1109,ECO:0000255,1128,1148,ECO:0000255,1158,1178,ECO:0000255,1186,1206,ECO:0000255
Q28143,456,Q28143,Q28144,Eukaryota,Bos taurus,9913,Neurexin-3-beta,,,1,35,ECO:0000269,382,402,ECO:0000255,,,,,,,,,,,,,,,,,,,,,,,,,,,,,,
Q28173,416,Q28173,,Eukaryota,Bos taurus,9913,Advanced glycation end product-specific receptor,,,1,22,ECO:0000269,353,373,ECO:0000255,,,,,,,,,,,,,,,,,,,,,,,,,,,,,,
Q28270,389,Q28270,,Eukaryota,Canis lupus familiaris,9615,Hematopoietic progenitor cell antigen CD34,,,1,33,ECO:0000269,295,315,ECO:0000255,,,,,,,,,,,,,,,,,,,,,,,,,,,,,,
Q29011,2434,Q29011,"A0A287B863, O18833, Q7M2W7",Eukaryota,Sus scrofa,9823,Aggrecan core protein,,,1,16,ECO:0000269,,,,,,,,,,,,,,,,,,,,,,,,,,,,,,,,,
Q29411,383,Q29411,Q5UC99,Eukaryota,Sus scrofa,9823,Chitinase-3-like protein 1,,,1,21,ECO:0000269,,,,,,,,,,,,,,,,,,,,,,,,,,,,,,,,,
Q29486,524,Q29486,,Eukaryota,Felis catus,9685,"Alkaline phosphatase, tissue-nonspecific isozyme",,,1,17,ECO:0000269,,,,,,,,,,,,,,,,,,,,,,,,,,,,,,,,,
Q30154,266,Q30154,"B2RBV6, C7C4X3, O00157, O00283, O46700, Q29703, Q29787, Q29788, Q30126, Q30150, Q30199, Q6SJR2, Q7M2H9, Q8HWS7, Q8WLR5, Q9MY54, Q9XRX6",Eukaryota,Homo sapiens,9606,"HLA class II histocompatibility antigen, DR beta 5 chain",,,1,29,ECO:0000269,228,248,ECO:0000255,,,,,,,,,,,,,,,,,,,,,,,,,,,,,,
Q3V1G4,746,Q3V1G4,"Q3T9I5, Q8C106, Q8R3B2",Eukaryota,Mus musculus,10090,Olfactomedin-like protein 2B,,,1,20,ECO:0000269,,,,,,,,,,,,,,,,,,,,,,,,,,,,,,,,,
Q3Y5Z3,240,Q3Y5Z3,"A5D7A8, Q95MQ4",Eukaryota,Bos taurus,9913,Adiponectin,,,1,17,ECO:0000269,,,,,,,,,,,,,,,,,,,,,,,,,,,,,,,,,
Q5I0E7,235,Q5I0E7,,Eukaryota,Rattus norvegicus,10116,Transmembrane emp24 domain-containing protein 9,,,1,37,ECO:0000269,203,222,ECO:0000255,,,,,,,,,,,,,,,,,,,,,,,,,,,,,,
Q5U9S1,249,Q5U9S1,"A0SVI9, Q9TR19, Q9TT24",Eukaryota,Sus scrofa,9823,Mannose-binding protein A,,,1,20,ECO:0000269,,,,,,,,,,,,,,,,,,,,,,,,,,,,,,,,,
Q5UCC4,262,Q5UCC4,"Q5UCC6, Q69YT5, Q6UWP3, Q86YL4, Q8N541",Eukaryota,Homo sapiens,9606,ER membrane protein complex subunit 10,,,1,25,ECO:0000269,222,242,ECO:0000255,,,,,,,,,,,,,,,,,,,,,,,,,,,,,,
Q5ZPR3,534,Q5ZPR3,"Q6P5Y4, Q6UXI2, Q8NBI8, Q8NC34, Q8NCB6, Q9BXR1",Eukaryota,Homo sapiens,9606,CD276 antigen,,,1,28,ECO:0000269,467,487,ECO:0000255,,,,,,,,,,,,,,,,,,,,,,,,,,,,,,
Q60557,671,Q60557,Q60526,Eukaryota,Mesocricetus auratus,10036,Oviduct-specific glycoprotein,,,1,21,ECO:0000269,,,,,,,,,,,,,,,,,,,,,,,,,,,,,,,,,
Q60675,3118,Q60675,"F8VQ43, Q05003, Q64061",Eukaryota,Mus musculus,10090,Laminin subunit alpha-2,,,1,19,ECO:0000269,,,,,,,,,,,,,,,,,,,,,,,,,,,,,,,,,
Q60736,579,Q60736,,Eukaryota,Mus musculus,10090,Zona pellucida sperm-binding protein 3 receptor,,,1,32,ECO:0000269,,,,,,,,,,,,,,,,,,,,,,,,,,,,,,,,,
Q60994,247,Q60994,"Q62400, Q6GTX4, Q9DC68",Eukaryota,Mus musculus,10090,Adiponectin,,,1,17,ECO:0000269,,,,,,,,,,,,,,,,,,,,,,,,,,,,,,,,,
Q61001,3718,Q61001,"A2ABW7, Q9JHQ6",Eukaryota,Mus musculus,10090,Laminin subunit alpha-5,,,1,40,ECO:0000269,,,,,,,,,,,,,,,,,,,,,,,,,,,,,,,,,
Q61247,491,Q61247,,Eukaryota,Mus musculus,10090,Alpha-2-antiplasmin,,,1,27,ECO:0000269,,,,,,,,,,,,,,,,,,,,,,,,,,,,,,,,,
Q61400,265,Q61400,"Q99LD6, Q9D329",Eukaryota,Mus musculus,10090,Cell adhesion molecule CEACAM10,,,1,33,ECO:0000269,,,,,,,,,,,,,,,,,,,,,,,,,,,,,,,,,
Q61450,303,Q61450,Q549E3,Eukaryota,Mus musculus,10090,Leukocyte immunoglobulin-like receptor subfamily B member 4B,,,1,23,ECO:0000269,239,260,ECO:0000255,,,,,,,,,,,,,,,,,,,,,,,,,,,,,,
Q61508,559,Q61508,Q3U5Q5,Eukaryota,Mus musculus,10090,Extracellular matrix protein 1,,,1,19,ECO:0000269,,,,,,,,,,,,,,,,,,,,,,,,,,,,,,,,,
Q61738,1179,Q61738,"O88731, O88732, P70350, Q61737, Q61741",Eukaryota,Mus musculus,10090,Integrin alpha-7,,,1,33,ECO:0000269,1077,1102,ECO:0000255,,,,,,,,,,,,,,,,,,,,,,,,,,,,,,
Q61789,3330,Q61789,"E9PUR4, O08751, Q61788, Q61966, Q9JHQ7",Eukaryota,Mus musculus,10090,Laminin subunit alpha-3,,,1,31,ECO:0000269,,,,,,,,,,,,,,,,,,,,,,,,,,,,,,,,,
Q61835,88,Q61835,,Eukaryota,Mus musculus,10090,FXYD domain-containing ion transport regulator 3,,,1,20,ECO:0000269,39,59,ECO:0000255,,,,,,,,,,,,,,,,,,,,,,,,,,,,,,
Q61885,246,Q61885,"P70364, Q62003",Eukaryota,Mus musculus,10090,Myelin-oligodendrocyte glycoprotein,,,1,28,ECO:0000269,157,177,ECO:0000255,210,230,ECO:0000255,,,,,,,,,,,,,,,,,,,,,,,,,,,
Q62005,623,Q62005,Q62016,Eukaryota,Mus musculus,10090,Zona pellucida sperm-binding protein 1,,,1,20,ECO:0000269,591,611,ECO:0000255,,,,,,,,,,,,,,,,,,,,,,,,,,,,,,
Q62192,661,Q62192,Q8C251,Eukaryota,Mus musculus,10090,CD180 antigen,,,1,20,ECO:0000269,627,650,ECO:0000255,,,,,,,,,,,,,,,,,,,,,,,,,,,,,,
Q62598,687,Q62598,"P70578, Q9R057",Eukaryota,Rattus norvegicus,10116,Dentin sialophosphoprotein,,,1,17,ECO:0000269,,,,,,,,,,,,,,,,,,,,,,,,,,,,,,,,,
Q62718,344,Q62718,,Eukaryota,Rattus norvegicus,10116,Neurotrimin,,,1,32,ECO:0000269,,,,,,,,,,,,,,,,,,,,,,,,,,,,,,,,,
Q62813,338,Q62813,Q6VUH9,Eukaryota,Rattus norvegicus,10116,Limbic system-associated membrane protein,,,1,28,ECO:0000269,,,,,,,,,,,,,,,,,,,,,,,,,,,,,,,,,
Q62867,317,Q62867,,Eukaryota,Rattus norvegicus,10116,Gamma-glutamyl hydrolase,,,1,24,ECO:0000269,,,,,,,,,,,,,,,,,,,,,,,,,,,,,,,,,
Q62894,562,Q62894,Q5U2S9,Eukaryota,Rattus norvegicus,10116,Extracellular matrix protein 1,,,1,19,ECO:0000269,,,,,,,,,,,,,,,,,,,,,,,,,,,,,,,,,
Q63041,1500,Q63041,Q63332,Eukaryota,Rattus norvegicus,10116,Alpha-1-macroglobulin,,,1,24,ECO:0000269,,,,,,,,,,,,,,,,,,,,,,,,,,,,,,,,,
Q63180,789,Q63180,,Eukaryota,Rattus norvegicus,10116,Disintegrin and metalloproteinase domain-containing protein 7,,,1,25,ECO:0000269,669,689,ECO:0000255,,,,,,,,,,,,,,,,,,,,,,,,,,,,,,
Q63345,245,Q63345,,Eukaryota,Rattus norvegicus,10116,Myelin-oligodendrocyte glycoprotein,,,1,27,ECO:0000269,156,176,ECO:0000255,209,229,ECO:0000255,,,,,,,,,,,,,,,,,,,,,,,,,,,
Q63372,1530,Q63372,,Eukaryota,Rattus norvegicus,10116,Neurexin-1,,,1,30,ECO:0000269,1455,1475,ECO:0000255,,,,,,,,,,,,,,,,,,,,,,,,,,,,,,
Q63373,468,Q63373,,Eukaryota,Rattus norvegicus,10116,Neurexin-1-beta,,,1,46,ECO:0000269,392,414,ECO:0000255,,,,,,,,,,,,,,,,,,,,,,,,,,,,,,
Q63376,662,Q63376,,Eukaryota,Rattus norvegicus,10116,Neurexin-2-beta,,,1,46,ECO:0000269,587,607,ECO:0000255,,,,,,,,,,,,,,,,,,,,,,,,,,,,,,
Q63415,937,Q63415,,Eukaryota,Rattus norvegicus,10116,Proprotein convertase subtilisin/kexin type 6,,,1,45,ECO:0000269,,,,,,,,,,,,,,,,,,,,,,,,,,,,,,,,,
Q63617,999,Q63617,,Eukaryota,Rattus norvegicus,10116,Hypoxia up-regulated protein 1,,,1,32,ECO:0000269,,,,,,,,,,,,,,,,,,,,,,,,,,,,,,,,,
Q64277,311,Q64277,Q8BRY3,Eukaryota,Mus musculus,10090,ADP-ribosyl cyclase/cyclic ADP-ribose hydrolase 2,,,1,24,ECO:0000269,,,,,,,,,,,,,,,,,,,,,,,,,,,,,,,,,
Q64385,432,Q64385,"A2AMS4, Q6NSQ0",Eukaryota,Mus musculus,10090,Interleukin-11 receptor subunit alpha-1,,,1,23,ECO:0000269,373,393,ECO:0000255,,,,,,,,,,,,,,,,,,,,,,,,,,,,,,
Q64424,470,Q64424,,Eukaryota,Myocastor coypus,10157,Pancreatic lipase-related protein 2,,,1,18,ECO:0000269,,,,,,,,,,,,,,,,,,,,,,,,,,,,,,,,,
Q64550,535,Q64550,Q64635,Eukaryota,Rattus norvegicus,10116,UDP-glucuronosyltransferase 1A1,,,1,29,ECO:0000269,493,509,ECO:0000255,,,,,,,,,,,,,,,,,,,,,,,,,,,,,,
Q64610,887,Q64610,Q66HQ0,Eukaryota,Rattus norvegicus,10116,Autotaxin,,,1,27,ECO:0000269,,,,,,,,,,,,,,,,,,,,,,,,,,,,,,,,,
Q6E0U4,476,Q6E0U4,"A3EZ79, A3EZ80, A3EZ81, A3EZ82, A3EZ83, C9J4P6, C9J5N8, C9JAL3, Q32W58, Q32W62, Q32W63, Q32W64, Q32W65, Q32W66, Q32W67, Q6E0U5, Q6UXC7, Q96EW8, Q9BSY6",Eukaryota,Homo sapiens,9606,Dermokine,,,1,21,ECO:0000269,,,,,,,,,,,,,,,,,,,,,,,,,,,,,,,,,
Q6IUU3,750,Q6IUU3,"Q8K4M2, Q99J80",Eukaryota,Rattus norvegicus,10116,Sulfhydryl oxidase 1,,,1,32,ECO:0000269,710,730,ECO:0000255,,,,,,,,,,,,,,,,,,,,,,,,,,,,,,
Q6QD51,949,Q6QD51,"Q6IRG8, Q9JKW4",Eukaryota,Rattus norvegicus,10116,Coiled-coil domain-containing protein 80,,,1,27,ECO:0000269,,,,,,,,,,,,,,,,,,,,,,,,,,,,,,,,,
Q6UW15,175,Q6UW15,"A8K980, D6W5J6, Q3SYE4, Q3SYE6, Q6FH18",Eukaryota,Homo sapiens,9606,Regenerating islet-derived protein 3-gamma,,,1,26,ECO:0000269,,,,,,,,,,,,,,,,,,,,,,,,,,,,,,,,,
Q6UW56,229,Q6UW56,"A8C1S2, A8K779, Q96FF6, Q96RT2, Q9Y2R7, Q9Y5L7",Eukaryota,Homo sapiens,9606,All-trans retinoic acid-induced differentiation factor,,,1,30,ECO:0000269,200,220,ECO:0000255,,,,,,,,,,,,,,,,,,,,,,,,,,,,,,
Q6UW88,154,Q6UW88,"A1BMM3, A1BMM4, A1BMM5, A1BMM6, A1BMM7, A1BMM8, A8K090",Eukaryota,Homo sapiens,9606,Epigen,,,1,22,ECO:0000269,111,131,ECO:0000255,,,,,,,,,,,,,,,,,,,,,,,,,,,,,,
Q6UWI2,310,Q6UWI2,"B3KMQ9, Q96DV8, Q9Y4S1",Eukaryota,Homo sapiens,9606,Prostate androgen-regulated mucin-like protein 1,,,1,20,ECO:0000269,259,279,ECO:0000255,,,,,,,,,,,,,,,,,,,,,,,,,,,,,,
Q6UWK7,81,Q6UWK7,,Eukaryota,Homo sapiens,9606,Protein GPR15LG,,,1,24,ECO:0000269,,,,,,,,,,,,,,,,,,,,,,,,,,,,,,,,,
Q6UWL6,708,Q6UWL6,"C9JHF1, C9JJ76, F1T0I2, Q6P1R1, Q7Z5P1, Q7Z5P2, Q96IQ8, Q9H0T1",Eukaryota,Homo sapiens,9606,Kin of IRRE-like protein 2,,,1,20,ECO:0000269,511,531,ECO:0000255,,,,,,,,,,,,,,,,,,,,,,,,,,,,,,
Q6UWN5,251,Q6UWN5,"Q6PEX9, Q96DR2",Eukaryota,Homo sapiens,9606,Ly6/PLAUR domain-containing protein 5,,,1,25,ECO:0000269,,,,,,,,,,,,,,,,,,,,,,,,,,,,,,,,,
Q6UWV6,458,Q6UWV6,"Q6ZTS5, Q8IUS8",Eukaryota,Homo sapiens,9606,Ectonucleotide pyrophosphatase/phosphodiesterase family member 7,,,1,21,"ECO:0000255, ECO:0000269",434,454,ECO:0000255,,,,,,,,,,,,,,,,,,,,,,,,,,,,,,
Q6UWY2,283,Q6UWY2,B2RNW8,Eukaryota,Homo sapiens,9606,Serine protease 57,,,1,31,ECO:0000269,,,,,,,,,,,,,,,,,,,,,,,,,,,,,,,,,
Q6UX27,236,Q6UX27,"B6A8C6, D2DJS3, D2DJS4, Q496B6, Q496B7",Eukaryota,Homo sapiens,9606,V-set and transmembrane domain-containing protein 1,,,1,16,ECO:0000269,136,156,ECO:0000255,,,,,,,,,,,,,,,,,,,,,,,,,,,,,,
Q6UX39,209,Q6UX39,"Q0P503, Q0P506",Eukaryota,Homo sapiens,9606,Amelotin,,,1,16,ECO:0000269,,,,,,,,,,,,,,,,,,,,,,,,,,,,,,,,,
Q6UX41,500,Q6UX41,"A4QMZ8, A6NEX6, B7Z409, B7Z5B1, E9PEF6, E9PG07, F2Z2B2, F8W712, Q9H730",Eukaryota,Homo sapiens,9606,Butyrophilin-like protein 8,,,1,17,ECO:0000269,239,259,ECO:0000255,,,,,,,,,,,,,,,,,,,,,,,,,,,,,,
Q6UX46,152,Q6UX46,B5MC76,Eukaryota,Homo sapiens,9606,ALK and LTK ligand 2,,,1,24,"ECO:0000255, ECO:0000269",,,,,,,,,,,,,,,,,,,,,,,,,,,,,,,,,
Q6UXB2,119,Q6UXB2,A8KAC0,Eukaryota,Homo sapiens,9606,C-X-C motif chemokine 17,,,1,21,ECO:0000269,,,,,,,,,,,,,,,,,,,,,,,,,,,,,,,,,
Q6UXB8,463,Q6UXB8,"Q6ZVG9, Q8IYL8, Q8NBK0, Q8TCB8",Eukaryota,Homo sapiens,9606,Peptidase inhibitor 16,,,1,27,ECO:0000269,,,,,,,,,,,,,,,,,,,,,,,,,,,,,,,,,
Q6UXD5,910,Q6UXD5,"B7Z1N0, F5H293, H7BXQ6, Q9BW82, Q9UJ45, Q9UJ46, Q9UJ47",Eukaryota,Homo sapiens,9606,Seizure 6-like protein 2,,,1,27,ECO:0000269,845,865,ECO:0000255,,,,,,,,,,,,,,,,,,,,,,,,,,,,,,
Q6UXG3,332,Q6UXG3,"B4DNY5, F5H7P9, F8W9M3, Q8IX38, Q8IX39, Q8TA95",Eukaryota,Homo sapiens,9606,CMRF35-like molecule 9,,,1,18,ECO:0000269,248,268,ECO:0000255,,,,,,,,,,,,,,,,,,,,,,,,,,,,,,
Q6UXH1,353,Q6UXH1,"A5GZA2, A5GZA3, A5GZA4, A5GZA5, A5GZA6, Q4W0V0, Q86UC0, Q9BU47",Eukaryota,Homo sapiens,9606,Protein disulfide isomerase CRELD2,,,1,24,ECO:0000269,,,,,,,,,,,,,,,,,,,,,,,,,,,,,,,,,
Q6UXL0,311,Q6UXL0,"B4DL40, Q6P438, Q8IYY5, Q8TAJ7",Eukaryota,Homo sapiens,9606,Interleukin-20 receptor subunit beta,,,1,29,ECO:0000269,234,254,ECO:0000255,,,,,,,,,,,,,,,,,,,,,,,,,,,,,,
Q6WN34,429,Q6WN34,"A5PKU9, Q6WN30, Q6WN31, Q6WN32, Q7Z5J3",Eukaryota,Homo sapiens,9606,Chordin-like protein 2,,,1,25,ECO:0000269,,,,,,,,,,,,,,,,,,,,,,,,,,,,,,,,,
Q6X4U4,206,Q6X4U4,"A8MUA6, Q96HJ7, Q9Y3U3",Eukaryota,Homo sapiens,9606,Sclerostin domain-containing protein 1,,,1,23,ECO:0000269,,,,,,,,,,,,,,,,,,,,,,,,,,,,,,,,,
Q6ZSA7,298,Q6ZSA7,"A7E2U7, B2RN81",Eukaryota,Homo sapiens,9606,Leucine-rich repeat-containing protein 55,,,1,34,ECO:0000269,259,279,ECO:0000255,,,,,,,,,,,,,,,,,,,,,,,,,,,,,,
Q7L513,359,Q7L513,"A0N0M1, A6NC03, A6NL20, F5H720, F8W743, G3V1J2, Q5VXA1, Q5VXA2, Q5VXA3, Q5VXA4, Q5VXB0, Q5VXB1, Q8NEW4, Q8WXH3, Q96PC6, Q96PJ0, Q96PJ1, Q96PJ2, Q96PJ4, Q9BR57",Eukaryota,Homo sapiens,9606,Fc receptor-like A,,,1,27,ECO:0000269,,,,,,,,,,,,,,,,,,,,,,,,,,,,,,,,,
Q7TMF5,413,Q7TMF5,Q9CQ32,Eukaryota,Mus musculus,10090,Serpin A12,,,1,20,ECO:0000269,,,,,,,,,,,,,,,,,,,,,,,,,,,,,,,,,
Q7TQN3,571,Q7TQN3,Q5SUS5,Eukaryota,Mus musculus,10090,"WAP, Kazal, immunoglobulin, Kunitz and NTR domain-containing protein 2",,,1,29,ECO:0000269,,,,,,,,,,,,,,,,,,,,,,,,,,,,,,,,,
Q7Z5A7,132,Q7Z5A7,"A6NII9, B0QZ13, B0QZ14, B0QZ15, O95902, Q5H9C4, Q6UWC9, Q8IXR8",Eukaryota,Homo sapiens,9606,Chemokine-like protein TAFA-5,,,1,43,ECO:0000269,,,,,,,,,,,,,,,,,,,,,,,,,,,,,,,,,
Q86T13,490,Q86T13,"Q695G9, Q6PWT6, Q8N5V5",Eukaryota,Homo sapiens,9606,C-type lectin domain family 14 member A,,,1,21,ECO:0000269,398,418,ECO:0000255,,,,,,,,,,,,,,,,,,,,,,,,,,,,,,
Q86WA6,291,Q86WA6,"Q00306, Q13855, Q3KP51",Eukaryota,Homo sapiens,9606,Serine hydrolase BPHL,,,1,37,ECO:0000269,,,,,,,,,,,,,,,,,,,,,,,,,,,,,,,,,
Q86Y34,549,Q86Y34,"Q6ZMF4, Q86SL9, Q8IZF1",Eukaryota,Homo sapiens,9606,Adhesion G protein-coupled receptor G3,,,1,20,ECO:0000269,271,295,"ECO:0000269, ECO:0007744",305,326,"ECO:0000269, ECO:0007744",339,364,"ECO:0000269, ECO:0007744",379,400,"ECO:0000269, ECO:0007744",429,454,"ECO:0000269, ECO:0007744",475,495,"ECO:0000269, ECO:0007744",502,525,"ECO:0000269, ECO:0007744",,,,,,,,,,,,
Q86Y78,171,Q86Y78,"B3KWC0, Q4G121, Q53TR3, Q659B1",Eukaryota,Homo sapiens,9606,Ly6/PLAUR domain-containing protein 6,,,1,22,ECO:0000269,,,,,,,,,,,,,,,,,,,,,,,,,,,,,,,,,
Q86YD3,366,Q86YD3,"A8K8J4, B0YJA6, B0YJA7, B0YJA9, G5E9U4, Q6UW89, Q86UA7, Q8NBL5, Q96KA6, Q96MW9",Eukaryota,Homo sapiens,9606,Transmembrane protein 25,,,1,26,ECO:0000269,233,253,ECO:0000255,,,,,,,,,,,,,,,,,,,,,,,,,,,,,,
Q86YL7,162,Q86YL7,"A9Z1Y2, B2R6J8, E9PB68, F6QWX5, O60836, O95128, Q7L375, Q8NBQ8, Q8NBR3",Eukaryota,Homo sapiens,9606,Podoplanin,,,1,22,ECO:0000269,132,152,ECO:0000255,,,,,,,,,,,,,,,,,,,,,,,,,,,,,,
Q86YT9,394,Q86YT9,"B0YIV1, B0YIV2, Q496M1, Q5DTC6, Q7Z499, Q8N9I7, Q8NF70",Eukaryota,Homo sapiens,9606,Junctional adhesion molecule-like,,,1,19,ECO:0000269,276,296,ECO:0000255,,,,,,,,,,,,,,,,,,,,,,,,,,,,,,
Q8BHN3,944,Q8BHN3,"O08794, Q149A6, Q80U81, Q9CS53",Eukaryota,Mus musculus,10090,Neutral alpha-glucosidase AB,,,1,32,ECO:0000269,,,,,,,,,,,,,,,,,,,,,,,,,,,,,,,,,
Q8BHP7,681,Q8BHP7,,Eukaryota,Mus musculus,10090,Olfactomedin-like protein 2A,,,1,32,ECO:0000269,,,,,,,,,,,,,,,,,,,,,,,,,,,,,,,,,
Q8BK48,559,Q8BK48,"Q8BM97, Q8VC02",Eukaryota,Mus musculus,10090,Pyrethroid hydrolase Ces2e,,,1,26,ECO:0000269,,,,,,,,,,,,,,,,,,,,,,,,,,,,,,,,,
Q8BPM6,367,Q8BPM6,"Q6PCM7, Q8C4G2",Eukaryota,Mus musculus,10090,Protein RIC-3,,,1,31,ECO:0000269,96,116,ECO:0000255,,,,,,,,,,,,,,,,,,,,,,,,,,,,,,
Q8BSU2,246,Q8BSU2,"Q3UD70, Q5F2D5, Q8VE25, Q9EPB3",Eukaryota,Mus musculus,10090,C-X-C motif chemokine 16,,,1,26,ECO:0000269,202,222,ECO:0000255,,,,,,,,,,,,,,,,,,,,,,,,,,,,,,
Q8C1Q4,291,Q8C1Q4,"Q45G31, Q6P6N6, Q8CI64, Q922A8",Eukaryota,Mus musculus,10090,Meteorin,,,1,21,ECO:0000269,,,,,,,,,,,,,,,,,,,,,,,,,,,,,,,,,
Q8I034,545,Q8I034,,Eukaryota,Felis catus,9685,Carboxylesterase 5A,,,1,28,ECO:0000269,,,,,,,,,,,,,,,,,,,,,,,,,,,,,,,,,
Q8IUH8,684,Q8IUH8,"Q8TC67, Q8WVZ6",Eukaryota,Homo sapiens,9606,Signal peptide peptidase-like 2C,,,1,21,ECO:0000269,187,207,ECO:0000255,254,274,ECO:0000255,277,297,ECO:0000255,320,340,ECO:0000255,347,365,ECO:0000255,377,397,ECO:0000255,440,460,ECO:0000255,473,493,ECO:0000255,496,516,ECO:0000255,,,,,,
Q8IVL8,374,Q8IVL8,"Q2M277, Q7RTW7",Eukaryota,Homo sapiens,9606,Carboxypeptidase O,,,1,20,ECO:0000269,,,,,,,,,,,,,,,,,,,,,,,,,,,,,,,,,
Q8N0W4,816,Q8N0W4,"Q6UX10, Q9ULG0",Eukaryota,Homo sapiens,9606,"Neuroligin-4, X-linked",,,1,41,ECO:0000269,677,697,ECO:0000255,,,,,,,,,,,,,,,,,,,,,,,,,,,,,,
Q8N126,398,Q8N126,"Q8IZQ9, Q9NVJ5, Q9UJP1",Eukaryota,Homo sapiens,9606,Cell adhesion molecule 3,,,1,24,ECO:0000269,331,351,ECO:0000255,,,,,,,,,,,,,,,,,,,,,,,,,,,,,,
Q8N441,504,Q8N441,"B2RAU9, Q6PJN1, Q9BXN7, Q9H4D7",Eukaryota,Homo sapiens,9606,Fibroblast growth factor receptor-like 1,,,1,24,ECO:0000269,379,399,ECO:0000255,,,,,,,,,,,,,,,,,,,,,,,,,,,,,,
Q8N474,314,Q8N474,"O00546, O14779",Eukaryota,Homo sapiens,9606,Secreted frizzled-related protein 1,,,1,31,ECO:0000269,,,,,,,,,,,,,,,,,,,,,,,,,,,,,,,,,
Q8N4F0,458,Q8N4F0,"Q6UWN3, Q6ZME0, Q8NFQ7",Eukaryota,Homo sapiens,9606,BPI fold-containing family B member 2,,,1,20,ECO:0000269,,,,,,,,,,,,,,,,,,,,,,,,,,,,,,,,,
Q8N6C8,439,Q8N6C8,"J3KPM2, O15469, O15470, O75016, Q8N151, Q8N154, Q8NHJ1, Q8NHJ2, Q8NHJ3, Q8NHJ4",Eukaryota,Homo sapiens,9606,Leukocyte immunoglobulin-like receptor subfamily A member 3,,,1,23,ECO:0000269,,,,,,,,,,,,,,,,,,,,,,,,,,,,,,,,,
Q8N6Q3,437,Q8N6Q3,"Q711Q2, Q8NCV9, Q96QH1, Q9HDA5",Eukaryota,Homo sapiens,9606,CD177 antigen,,,1,21,ECO:0000269,,,,,,,,,,,,,,,,,,,,,,,,,,,,,,,,,
Q8N766,993,Q8N766,"A8K6F3, Q14700, Q5TG62, Q63HL0, Q63HL3, Q8NBH8",Eukaryota,Homo sapiens,9606,ER membrane protein complex subunit 1,,,1,22,ECO:0000269,963,983,ECO:0000269,,,,,,,,,,,,,,,,,,,,,,,,,,,,,,
Q8NAC3,791,Q8NAC3,"A8BWC1, A8BWC9, A8BWD5, E9PHG1, E9PHJ6, Q6UVY3, Q6UWD4, Q8NFS1, Q9BR97",Eukaryota,Homo sapiens,9606,Interleukin-17 receptor C,,,1,20,ECO:0000269,539,559,ECO:0000255,,,,,,,,,,,,,,,,,,,,,,,,,,,,,,
Q8NBI3,349,Q8NBI3,"B6EV15, Q5SNX0, Q6UWK8",Eukaryota,Homo sapiens,9606,Draxin,,,1,25,"ECO:0000255, ECO:0000269",,,,,,,,,,,,,,,,,,,,,,,,,,,,,,,,,
Q8NBJ9,832,Q8NBJ9,"Q8NBY7, Q9Y357",Eukaryota,Homo sapiens,9606,SID1 transmembrane family member 2,,,1,18,ECO:0000269,297,317,ECO:0000255,448,468,ECO:0000255,500,520,ECO:0000255,547,567,ECO:0000255,606,626,ECO:0000255,632,652,ECO:0000255,689,709,ECO:0000255,716,736,ECO:0000255,747,767,ECO:0000255,797,817,ECO:0000255,,,
Q8NBK3,374,Q8NBK3,"B4DXK5, B7XD05, E9PGL0, G5E9B0, Q0VAC6, Q0VAC7, Q2NL78, Q53ZE4, Q6UY39, Q96AK5, Q96DK8",Eukaryota,Homo sapiens,9606,Formylglycine-generating enzyme,,,1,33,ECO:0000269,,,,,,,,,,,,,,,,,,,,,,,,,,,,,,,,,
Q8NBL1,392,Q8NBL1,"B2RD13, Q53GJ4, Q8N2T1",Eukaryota,Homo sapiens,9606,Protein O-glucosyltransferase 1,,,1,23,ECO:0000269,,,,,,,,,,,,,,,,,,,,,,,,,,,,,,,,,
Q8NBP7,692,Q8NBP7,"A8T640, C0JYY9, Q5PSM5, Q5SZQ2",Eukaryota,Homo sapiens,9606,Proprotein convertase subtilisin/kexin type 9,,,1,30,ECO:0000269,,,,,,,,,,,,,,,,,,,,,,,,,,,,,,,,,
Q8NC67,525,Q8NC67,"J3KNF1, Q7Z381, Q8ND51, Q96SP4, Q9NVY8",Eukaryota,Homo sapiens,9606,Neuropilin and tolloid-like protein 2,,,1,22,ECO:0000269,348,368,ECO:0000255,,,,,,,,,,,,,,,,,,,,,,,,,,,,,,
Q8NCC3,412,Q8NCC3,"B3KMF3, B4DUD1, Q53GZ1, Q9NPQ6, Q9UG04, Q9Y2B3",Eukaryota,Homo sapiens,9606,Lysosomal phospholipase A and acyltransferase,,,1,33,ECO:0000269,,,,,,,,,,,,,,,,,,,,,,,,,,,,,,,,,
Q8NHP8,589,Q8NHP8,F5H5E2,Eukaryota,Homo sapiens,9606,Putative aminopeptidase PLBD2,,,1,41,ECO:0000269,,,,,,,,,,,,,,,,,,,,,,,,,,,,,,,,,
Q8NI17,732,Q8NI17,"A6NIF8, Q2TBA1, Q6EBC3, Q6EBC4, Q6EBC5, Q6EBC6, Q6UWL8, Q8WYJ0",Eukaryota,Homo sapiens,9606,Interleukin-31 receptor subunit alpha,,,1,19,ECO:0000269,520,540,ECO:0000255,,,,,,,,,,,,,,,,,,,,,,,,,,,,,,
Q8SPQ0,383,Q8SPQ0,,Eukaryota,Capra hircus,9925,Chitinase-3-like protein 1,,,1,21,ECO:0000269,,,,,,,,,,,,,,,,,,,,,,,,,,,,,,,,,
Q8TC27,787,Q8TC27,Q8TC42,Eukaryota,Homo sapiens,9606,Disintegrin and metalloproteinase domain-containing protein 32,,,1,16,ECO:0000269,683,703,ECO:0000255,,,,,,,,,,,,,,,,,,,,,,,,,,,,,,
Q8TCT7,592,Q8TCT7,"D6W609, O60365, Q567S3, Q8IUH9, Q9BUY6, Q9H3M4, Q9NPN2, Q9P1Z6",Eukaryota,Homo sapiens,9606,Signal peptide peptidase-like 2B,,,1,25,ECO:0000269,175,195,ECO:0000255,222,244,ECO:0000255,249,271,ECO:0000255,294,314,ECO:0000255,320,340,ECO:0000255,349,369,ECO:0000255,413,433,ECO:0000255,446,466,ECO:0000255,471,491,ECO:0000255,,,,,,
Q8TCT8,520,Q8TCT8,"B2RDS0, Q8TAW1, Q96SZ8",Eukaryota,Homo sapiens,9606,Signal peptide peptidase-like 2A,,,1,25,ECO:0000269,173,193,ECO:0000255,221,241,ECO:0000255,248,268,ECO:0000255,286,306,ECO:0000255,312,332,ECO:0000255,341,361,ECO:0000255,400,420,ECO:0000255,438,458,ECO:0000255,461,481,ECO:0000255,,,,,,
Q8TD06,166,Q8TD06,A4D120,Eukaryota,Homo sapiens,9606,Anterior gradient protein 3,,,1,21,ECO:0000269,,,,,,,,,,,,,,,,,,,,,,,,,,,,,,,,,
Q8TDQ1,290,Q8TDQ1,"B2RCL2, C9JDN3, Q3Y6P0, Q6UX24, Q7Z6A6, Q7Z7I4, Q7Z7I5, Q8N6D0, Q8NAF5",Eukaryota,Homo sapiens,9606,CMRF35-like molecule 1,,,1,19,ECO:0000269,157,177,ECO:0000255,,,,,,,,,,,,,,,,,,,,,,,,,,,,,,
Q8VCS0,530,Q8VCS0,"Q8K4I8, Q9QXZ1, Q9QXZ2",Eukaryota,Mus musculus,10090,N-acetylmuramoyl-L-alanine amidase,,,1,22,ECO:0000269,,,,,,,,,,,,,,,,,,,,,,,,,,,,,,,,,
Q8VCT4,565,Q8VCT4,"Q91ZV9, Q924V8, Q9ULY1",Eukaryota,Mus musculus,10090,Carboxylesterase 1D,,,1,18,ECO:0000269,,,,,,,,,,,,,,,,,,,,,,,,,,,,,,,,,
Q8WML4,580,Q8WML4,Q95L89,Eukaryota,Bos taurus,9913,Mucin-1,,,1,22,ECO:0000269,490,510,ECO:0000255,,,,,,,,,,,,,,,,,,,,,,,,,,,,,,
Q8WMP9,407,Q8WMP9,Q58CV9,Eukaryota,Bos taurus,9913,Lysosomal phospholipase A and acyltransferase,,,1,29,ECO:0000269,,,,,,,,,,,,,,,,,,,,,,,,,,,,,,,,,
Q8WUJ3,1361,Q8WUJ3,"Q6L9J5, Q9H1K5, Q9NPN9, Q9ULM1",Eukaryota,Homo sapiens,9606,Cell migration-inducing and hyaluronan-binding protein,,,1,30,ECO:0000269,,,,,,,,,,,,,,,,,,,,,,,,,,,,,,,,,
Q8WWA0,313,Q8WWA0,"Q5IWS4, Q5VYI4, Q6YDJ3, Q9NP67",Eukaryota,Homo sapiens,9606,Intelectin-1,,,1,18,ECO:0000269,,,,,,,,,,,,,,,,,,,,,,,,,,,,,,,,,
Q8WXF3,142,Q8WXF3,Q6UXW5,Eukaryota,Homo sapiens,9606,Relaxin-3,,,1,25,ECO:0000269,,,,,,,,,,,,,,,,,,,,,,,,,,,,,,,,,
Q91XA9,473,Q91XA9,"A0T468, B8K282, Q3TVE7, Q99PH2, Q9D803, Q9JLN1",Eukaryota,Mus musculus,10090,Acidic mammalian chitinase,,,1,21,ECO:0000269,,,,,,,,,,,,,,,,,,,,,,,,,,,,,,,,,
Q91XV6,94,Q91XV6,Q9JLR4,Eukaryota,Rattus norvegicus,10116,FXYD domain-containing ion transport regulator 6,,,1,17,ECO:0000269,35,57,ECO:0000250,,,,,,,,,,,,,,,,,,,,,,,,,,,,,,
Q91XZ2,779,Q91XZ2,,Eukaryota,Mus musculus,10090,Protocadherin beta-8,,,1,28,ECO:0000269,691,711,ECO:0000255,,,,,,,,,,,,,,,,,,,,,,,,,,,,,,
Q91XZ4,772,Q91XZ4,,Eukaryota,Mus musculus,10090,Protocadherin beta-6,,,1,28,ECO:0000269,691,711,ECO:0000255,,,,,,,,,,,,,,,,,,,,,,,,,,,,,,
Q91Z98,402,Q91Z98,"Q3V2C9, Q8VH43, Q8VHG1",Eukaryota,Mus musculus,10090,Chitinase-like protein 4,,,1,21,ECO:0000269,,,,,,,,,,,,,,,,,,,,,,,,,,,,,,,,,
Q924B5,250,Q924B5,,Eukaryota,Rattus norvegicus,10116,Testis-expressed protein 101,,,1,25,ECO:0000269,,,,,,,,,,,,,,,,,,,,,,,,,,,,,,,,,
Q92563,424,Q92563,"C9J767, Q6UW87",Eukaryota,Homo sapiens,9606,Testican-2,,,1,22,ECO:0000269,,,,,,,,,,,,,,,,,,,,,,,,,,,,,,,,,
Q92583,94,Q92583,"A0N0Q9, Q2M287",Eukaryota,Homo sapiens,9606,C-C motif chemokine 17,,,1,23,ECO:0000269,,,,,,,,,,,,,,,,,,,,,,,,,,,,,,,,,
Q92643,395,Q92643,"B2R7K3, B4E2M3, O14822, Q5TG77",Eukaryota,Homo sapiens,9606,GPI-anchor transamidase,,,1,27,"ECO:0000269, ECO:0007744",369,385,"ECO:0000269, ECO:0000312",,,,,,,,,,,,,,,,,,,,,,,,,,,,,,
Q92765,325,Q92765,"O00181, Q99686",Eukaryota,Homo sapiens,9606,Secreted frizzled-related protein 3,,,1,32,ECO:0000269,,,,,,,,,,,,,,,,,,,,,,,,,,,,,,,,,
Q92956,283,Q92956,"B3KW30, B9DI89, Q6IB95, Q8N634, Q8WXR1, Q96J31, Q9UM65",Eukaryota,Homo sapiens,9606,Tumor necrosis factor receptor superfamily member 14,,,1,38,ECO:0000269,203,223,ECO:0000255,,,,,,,,,,,,,,,,,,,,,,,,,,,,,,
Q95460,341,Q95460,"A8K2V9, B4E3B1, O97985, O97986, Q53GM1, Q95HB8, Q9MY23, Q9NPL2, Q9TQB3, Q9TQB9, Q9TQK3",Eukaryota,Homo sapiens,9606,Major histocompatibility complex class I-related protein 1,,,1,22,ECO:0000269,303,323,ECO:0000255,,,,,,,,,,,,,,,,,,,,,,,,,,,,,,
Q95JC9,676,Q95JC9,"P84505, P84506, Q95JD0, Q95JD1",Eukaryota,Sus scrofa,9823,Basic proline-rich protein,,,1,16,ECO:0000269,,,,,,,,,,,,,,,,,,,,,,,,,,,,,,,,,
Q95M17,472,Q95M17,Q3SZE1,Eukaryota,Bos taurus,9913,Acidic mammalian chitinase,,,1,21,ECO:0000269,,,,,,,,,,,,,,,,,,,,,,,,,,,,,,,,,
Q969H8,173,Q969H8,"D6W628, O75256, O75272, Q9BTK7, Q9NP69",Eukaryota,Homo sapiens,9606,Myeloid-derived growth factor,,,1,31,ECO:0000269,,,,,,,,,,,,,,,,,,,,,,,,,,,,,,,,,
Q969J5,263,Q969J5,"Q08AH7, Q6UWM1, Q96A41, Q96QR0",Eukaryota,Homo sapiens,9606,Interleukin-22 receptor subunit alpha-2,,,1,21,ECO:0000269,,,,,,,,,,,,,,,,,,,,,,,,,,,,,,,,,
Q969N2,578,Q969N2,"B2RND5, B7Z3N1, B7Z7I8, E1P622, G8JLF5, Q2NL69, Q7Z3N7, Q9BQY7, Q9BQY8, Q9UJG6, Q9Y2Z5",Eukaryota,Homo sapiens,9606,GPI-anchor transamidase component PIGT,,,1,21,ECO:0000269,526,548,"ECO:0000269, ECO:0007744",,,,,,,,,,,,,,,,,,,,,,,,,,,,,,
Q969P0,613,Q969P0,"Q8NG09, Q96DP4, Q9BTG9",Eukaryota,Homo sapiens,9606,Immunoglobulin superfamily member 8,,,1,27,ECO:0000269,580,600,ECO:0000255,,,,,,,,,,,,,,,,,,,,,,,,,,,,,,
Q969Z4,430,Q969Z4,"Q86V34, Q96JU1, Q9BUX7",Eukaryota,Homo sapiens,9606,Tumor necrosis factor receptor superfamily member 19L,,,1,25,ECO:0000269,163,183,ECO:0000255,,,,,,,,,,,,,,,,,,,,,,,,,,,,,,
Q96AP7,390,Q96AP7,"B4DVN8, Q96T50",Eukaryota,Homo sapiens,9606,Endothelial cell-selective adhesion molecule,,,1,29,ECO:0000269,249,269,ECO:0000255,,,,,,,,,,,,,,,,,,,,,,,,,,,,,,
Q96BF3,282,Q96BF3,Q6UW59,Eukaryota,Homo sapiens,9606,Transmembrane and immunoglobulin domain-containing protein 2,,,1,22,ECO:0000269,151,171,ECO:0000255,,,,,,,,,,,,,,,,,,,,,,,,,,,,,,
Q96BY9,339,Q96BY9,"B3KQQ4, B7Z9J1, D3DSU7, H9MHJ8, H9MHJ9, Q53HE8, Q9UNZ3, Q9Y683",Eukaryota,Homo sapiens,9606,Store-operated calcium entry-associated regulatory factor,,,1,30,ECO:0000269,174,194,ECO:0000255,,,,,,,,,,,,,,,,,,,,,,,,,,,,,,
Q96DR8,90,Q96DR8,"Q0VG95, Q32ZB5",Eukaryota,Homo sapiens,9606,Mucin-like protein 1,,,1,20,ECO:0000269,,,,,,,,,,,,,,,,,,,,,,,,,,,,,,,,,
Q96DU3,332,Q96DU3,"A6NMW2, B2R8X8, Q14CF0, Q5TAS4, Q5TAS6, Q5TAT3, Q96DV0",Eukaryota,Homo sapiens,9606,SLAM family member 6,,,1,21,ECO:0000269,227,247,ECO:0000255,,,,,,,,,,,,,,,,,,,,,,,,,,,,,,
Q96F46,866,Q96F46,"O43844, Q20WK1",Eukaryota,Homo sapiens,9606,Interleukin-17 receptor A,,,1,32,ECO:0000269,321,341,ECO:0000255,,,,,,,,,,,,,,,,,,,,,,,,,,,,,,
Q96FE7,263,Q96FE7,"B4DRR9, D1MEI0, O00318, Q49A94, Q86YW2, Q8NCJ9",Eukaryota,Homo sapiens,9606,Phosphoinositide-3-kinase-interacting protein 1,,,1,21,ECO:0000269,169,189,ECO:0000255,,,,,,,,,,,,,,,,,,,,,,,,,,,,,,
Q96HE7,468,Q96HE7,"A8K9X4, A8MYW1, Q7LD45, Q9P1Q9, Q9UKV6",Eukaryota,Homo sapiens,9606,ERO1-like protein alpha,,,1,23,ECO:0000269,,,,,,,,,,,,,,,,,,,,,,,,,,,,,,,,,
Q96HF1,295,Q96HF1,"B3KQR2, O14778, Q9HAP5",Eukaryota,Homo sapiens,9606,Secreted frizzled-related protein 2,,,1,24,ECO:0000269,,,,,,,,,,,,,,,,,,,,,,,,,,,,,,,,,
Q96LA5,508,Q96LA5,"A0N0M5, A1L307, A6NMS0, Q6NTA1, Q9BZI4, Q9BZI5, Q9BZI6",Eukaryota,Homo sapiens,9606,Fc receptor-like protein 2,,,1,19,ECO:0000269,402,422,ECO:0000255,,,,,,,,,,,,,,,,,,,,,,,,,,,,,,
Q96PD4,163,Q96PD4,"Q6NSI0, Q7Z6P4, Q96PI8, Q9NUE6",Eukaryota,Homo sapiens,9606,Interleukin-17F,,,1,30,ECO:0000269,,,,,,,,,,,,,,,,,,,,,,,,,,,,,,,,,
Q96PD5,576,Q96PD5,"A8K050, A8K8C7, B2RMZ2, B7ZM33, Q68CK1, Q96N74, Q9UC60",Eukaryota,Homo sapiens,9606,N-acetylmuramoyl-L-alanine amidase,,,1,21,ECO:0000269,,,,,,,,,,,,,,,,,,,,,,,,,,,,,,,,,
Q96RQ9,567,Q96RQ9,"Q1WMJ3, Q4GZN1, Q4GZN2, Q6P2Q3, Q8TEM5, Q96RQ8",Eukaryota,Homo sapiens,9606,L-amino-acid oxidase,,,1,21,ECO:0000269,,,,,,,,,,,,,,,,,,,,,,,,,,,,,,,,,
Q99217,191,Q99217,"Q96NW6, Q9UCA7",Eukaryota,Homo sapiens,9606,"Amelogenin, X isoform",,,1,16,ECO:0000269,,,,,,,,,,,,,,,,,,,,,,,,,,,,,,,,,
Q99372,870,Q99372,Q5RKH4,Eukaryota,Rattus norvegicus,10116,Elastin,,,1,27,ECO:0000269,,,,,,,,,,,,,,,,,,,,,,,,,,,,,,,,,
Q99435,816,Q99435,"B7Z2U7, B7Z5Q4, B7Z9J5, B7Z9U3, Q96JS2",Eukaryota,Homo sapiens,9606,Protein kinase C-binding protein NELL2,,,1,21,ECO:0000269,,,,,,,,,,,,,,,,,,,,,,,,,,,,,,,,,
Q99467,661,Q99467,"B2R7Z7, Q32MM5",Eukaryota,Homo sapiens,9606,CD180 antigen,,,1,23,ECO:0000269,627,650,ECO:0000255,,,,,,,,,,,,,,,,,,,,,,,,,,,,,,
Q99519,415,Q99519,,Eukaryota,Homo sapiens,9606,Sialidase-1,,,1,47,ECO:0000269,,,,,,,,,,,,,,,,,,,,,,,,,,,,,,,,,
Q99538,433,Q99538,"O00123, Q86TV2, Q86TV3, Q9BTY1",Eukaryota,Homo sapiens,9606,Legumain,,,1,17,ECO:0000269,,,,,,,,,,,,,,,,,,,,,,,,,,,,,,,,,
Q99616,98,Q99616,"O95689, Q6ICQ6",Eukaryota,Homo sapiens,9606,C-C motif chemokine 13,,,1,16,ECO:0000269,,,,,,,,,,,,,,,,,,,,,,,,,,,,,,,,,
Q99935,248,Q99935,"A8MZ07, P85047",Eukaryota,Homo sapiens,9606,Opiorphin prepropeptide,,,1,21,ECO:0000269,,,,,,,,,,,,,,,,,,,,,,,,,,,,,,,,,
Q99944,293,Q99944,"B0S884, G5E9Q0, Q5JP23, Q5SSX3, Q8IV30",Eukaryota,Homo sapiens,9606,Epidermal growth factor-like protein 8,,,1,25,ECO:0000269,,,,,,,,,,,,,,,,,,,,,,,,,,,,,,,,,
Q99969,163,Q99969,Q7LE02,Eukaryota,Homo sapiens,9606,Retinoic acid receptor responder protein 2,,,1,20,ECO:0000269,,,,,,,,,,,,,,,,,,,,,,,,,,,,,,,,,
Q99972,504,Q99972,"B2RD84, O00620, Q7Z6Q9",Eukaryota,Homo sapiens,9606,Myocilin,,,1,32,ECO:0000269,,,,,,,,,,,,,,,,,,,,,,,,,,,,,,,,,
Q99MA2,674,Q99MA2,,Eukaryota,Rattus norvegicus,10116,Xaa-Pro aminopeptidase 2,,,1,22,ECO:0000269,,,,,,,,,,,,,,,,,,,,,,,,,,,,,,,,,
Q99ML8,113,Q99ML8,F8WIL4,Eukaryota,Mus musculus,10090,Urocortin-2,,,1,23,ECO:0000269,,,,,,,,,,,,,,,,,,,,,,,,,,,,,,,,,
Q9BQ51,273,Q9BQ51,"Q14CN8, Q5T7Z6, Q6JXL8, Q6JXL9",Eukaryota,Homo sapiens,9606,Programmed cell death 1 ligand 2,,,1,19,ECO:0000269,221,241,ECO:0000255,,,,,,,,,,,,,,,,,,,,,,,,,,,,,,
Q9BQB4,213,Q9BQB4,Q495N9,Eukaryota,Homo sapiens,9606,Sclerostin,,,1,23,ECO:0000269,,,,,,,,,,,,,,,,,,,,,,,,,,,,,,,,,
Q9BWV1,1114,Q9BWV1,"A6NJ30, B2RMS8, D3DN70, Q6UXJ5, Q8N2P7, Q8NF26",Eukaryota,Homo sapiens,9606,Brother of CDO,,,1,30,ECO:0000269,856,876,ECO:0000255,,,,,,,,,,,,,,,,,,,,,,,,,,,,,,
Q9BX59,468,Q9BX59,Q9NWB8,Eukaryota,Homo sapiens,9606,Tapasin-related protein,,,1,18,ECO:0000269,406,426,ECO:0000255,,,,,,,,,,,,,,,,,,,,,,,,,,,,,,
Q9BX67,310,Q9BX67,"B3KWG9, Q8WWL8, Q96FL1",Eukaryota,Homo sapiens,9606,Junctional adhesion molecule C,,,1,31,ECO:0000269,242,262,ECO:0000255,,,,,,,,,,,,,,,,,,,,,,,,,,,,,,
Q9BX74,207,Q9BX74,A6NDA8,Eukaryota,Homo sapiens,9606,TM2 domain-containing protein 1,,,1,37,ECO:0000269,129,149,ECO:0000255,154,174,ECO:0000255,,,,,,,,,,,,,,,,,,,,,,,,,,,
Q9BXI9,278,Q9BXI9,"Q5H9G8, Q6ZRM7",Eukaryota,Homo sapiens,9606,Complement C1q tumor necrosis factor-related protein 6,,,1,46,ECO:0000269,,,,,,,,,,,,,,,,,,,,,,,,,,,,,,,,,
Q9BXJ0,243,Q9BXJ0,"A6NDD3, B0YJ35, Q335M2, Q8N6P2, Q9UFX4",Eukaryota,Homo sapiens,9606,Complement C1q tumor necrosis factor-related protein 5,,,1,15,ECO:0000269,,,,,,,,,,,,,,,,,,,,,,,,,,,,,,,,,
Q9BXJ3,329,Q9BXJ3,Q8IV25,Eukaryota,Homo sapiens,9606,Complement C1q tumor necrosis factor-related protein 4,,,1,16,ECO:0000269,,,,,,,,,,,,,,,,,,,,,,,,,,,,,,,,,
Q9BXJ7,453,Q9BXJ7,Q6UX83,Eukaryota,Homo sapiens,9606,Protein amnionless,,,1,19,ECO:0000269,358,378,ECO:0000255,,,,,,,,,,,,,,,,,,,,,,,,,,,,,,
Q9BYZ8,158,Q9BYZ8,"Q8NER6, Q8NER7",Eukaryota,Homo sapiens,9606,Regenerating islet-derived protein 4,,,1,22,ECO:0000269,,,,,,,,,,,,,,,,,,,,,,,,,,,,,,,,,
Q9BZM5,246,Q9BZM5,Q5VUN4,Eukaryota,Homo sapiens,9606,UL16-binding protein 2,,,1,25,ECO:0000269,,,,,,,,,,,,,,,,,,,,,,,,,,,,,,,,,
Q9BZR6,473,Q9BZR6,D3DX28,Eukaryota,Homo sapiens,9606,Reticulon-4 receptor,,,1,26,ECO:0000269,,,,,,,,,,,,,,,,,,,,,,,,,,,,,,,,,
Q9BZW8,370,Q9BZW8,"Q5VYI2, Q5VYI6, Q5VYI7, Q96T47, Q9NQD2, Q9NQD3, Q9Y288",Eukaryota,Homo sapiens,9606,Natural killer cell receptor 2B4,,,1,21,ECO:0000269,230,250,ECO:0000255,,,,,,,,,,,,,,,,,,,,,,,,,,,,,,
Q9D6Y1,273,Q9D6Y1,,Eukaryota,Mus musculus,10090,Coiled-coil domain-containing protein 3,,,1,21,ECO:0000269,,,,,,,,,,,,,,,,,,,,,,,,,,,,,,,,,
Q9EQX0,117,Q9EQX0,Q9WUZ1,Eukaryota,Mus musculus,10090,Appetite-regulating hormone,,,1,23,ECO:0000269,,,,,,,,,,,,,,,,,,,,,,,,,,,,,,,,,
Q9ERQ6,571,Q9ERQ6,Q62831,Eukaryota,Rattus norvegicus,10116,Chondroitin sulfate proteoglycan 5,,,1,30,ECO:0000269,429,449,ECO:0000255,,,,,,,,,,,,,,,,,,,,,,,,,,,,,,
Q9ES58,327,Q9ES58,Q6PS97,Eukaryota,Rattus norvegicus,10116,Cell surface glycoprotein CD200 receptor 1,,,1,23,ECO:0000269,240,260,ECO:0000255,,,,,,,,,,,,,,,,,,,,,,,,,,,,,,
Q9GKK3,241,Q9GKK3,,Eukaryota,Equus caballus,9796,Beta-casein,,,1,15,"ECO:0000255, ECO:0000269",,,,,,,,,,,,,,,,,,,,,,,,,,,,,,,,,
Q9GL30,545,Q9GL30,"A6QPQ7, F1MBV7",Eukaryota,Bos taurus,9913,Lysosomal leucine aminopeptidase,,,1,35,ECO:0000269,,,,,,,,,,,,,,,,,,,,,,,,,,,,,,,,,
Q9GZM7,467,Q9GZM7,"A8K9Q5, B4DPK6, D3DPN8, Q8TEJ9, Q8WZ23, Q96GZ4, Q96JW3",Eukaryota,Homo sapiens,9606,Tubulointerstitial nephritis antigen-like,,,1,21,ECO:0000269,,,,,,,,,,,,,,,,,,,,,,,,,,,,,,,,,
Q9GZV9,251,Q9GZV9,Q4V758,Eukaryota,Homo sapiens,9606,Fibroblast growth factor 23,,,1,24,ECO:0000269,,,,,,,,,,,,,,,,,,,,,,,,,,,,,,,,,
Q9GZX6,179,Q9GZX6,,Eukaryota,Homo sapiens,9606,Interleukin-22,,,1,33,ECO:0000269,,,,,,,,,,,,,,,,,,,,,,,,,,,,,,,,,
Q9GZZ8,138,Q9GZZ8,,Eukaryota,Homo sapiens,9606,Extracellular glycoprotein lacritin,,,1,19,ECO:0000269,,,,,,,,,,,,,,,,,,,,,,,,,,,,,,,,,
Q9H1E1,156,Q9H1E1,"P80927, P83685, Q546N3",Eukaryota,Homo sapiens,9606,Ribonuclease 7,,,1,28,ECO:0000269,,,,,,,,,,,,,,,,,,,,,,,,,,,,,,,,,
Q9H1M4,99,Q9H1M4,Q14DW7,Eukaryota,Homo sapiens,9606,Beta-defensin 127,,,1,20,ECO:0000269,,,,,,,,,,,,,,,,,,,,,,,,,,,,,,,,,
Q9H293,177,Q9H293,"Q2M3F0, Q8IZV3, Q8WXB0",Eukaryota,Homo sapiens,9606,Interleukin-25,,,1,32,ECO:0000269,,,,,,,,,,,,,,,,,,,,,,,,,,,,,,,,,
Q9H3T3,888,Q9H3T3,"A5PKU4, F6IB19, Q9NRK9",Eukaryota,Homo sapiens,9606,Semaphorin-6B,,,1,25,ECO:0000269,604,624,ECO:0000255,,,,,,,,,,,,,,,,,,,,,,,,,,,,,,
Q9H5V8,836,Q9H5V8,"Q49UB4, Q6NT71, Q6U9Y2, Q8WU91, Q96QU7, Q9H676, Q9H8C2",Eukaryota,Homo sapiens,9606,CUB domain-containing protein 1,,,1,29,ECO:0000269,668,688,ECO:0000255,,,,,,,,,,,,,,,,,,,,,,,,,,,,,,
Q9H6E4,229,Q9H6E4,,Eukaryota,Homo sapiens,9606,Coiled-coil domain-containing protein 134,,,1,22,ECO:0000269,,,,,,,,,,,,,,,,,,,,,,,,,,,,,,,,,
Q9H7M9,311,Q9H7M9,"A1L0X9, A4ZYV1, A8MVH5, Q6UXF3, Q8WUG3, Q8WYZ8",Eukaryota,Homo sapiens,9606,V-type immunoglobulin domain-containing suppressor of T-cell activation,,,1,32,ECO:0000269,195,215,ECO:0000255,,,,,,,,,,,,,,,,,,,,,,,,,,,,,,
Q9H9K5,563,Q9H9K5,"B3KTB4, Q0P5R3, Q6NWN0",Eukaryota,Homo sapiens,9606,Endogenous retroviral envelope protein HEMO,,,1,26,ECO:0000269,489,509,ECO:0000255,,,,,,,,,,,,,,,,,,,,,,,,,,,,,,
Q9HBE5,538,Q9HBE5,"A8K9E8, D3DWF7, Q96HZ1, Q9HB91",Eukaryota,Homo sapiens,9606,Interleukin-21 receptor,,,1,19,ECO:0000269,233,253,ECO:0000255,,,,,,,,,,,,,,,,,,,,,,,,,,,,,,
Q9HC23,129,Q9HC23,"Q53Z79, Q6ISR0",Eukaryota,Homo sapiens,9606,Prokineticin-2,,,1,27,ECO:0000269,,,,,,,,,,,,,,,,,,,,,,,,,,,,,,,,,
Q9JI59,298,Q9JI59,"A6X955, Q8C5K9, Q8CE95",Eukaryota,Mus musculus,10090,Junctional adhesion molecule B,,,1,28,ECO:0000269,237,257,ECO:0000255,,,,,,,,,,,,,,,,,,,,,,,,,,,,,,
Q9JJS8,685,Q9JJS8,"Q9JJP3, Q9QX83, Q9QX84, Q9QX85, Q9QX86, Q9QX87, Q9QX88, Q9QX89, Q9QX90, Q9QX91, Q9QXD4, Q9WUZ0",Eukaryota,Rattus norvegicus,10116,Mannan-binding lectin serine protease 2,,,1,19,ECO:0000269,,,,,,,,,,,,,,,,,,,,,,,,,,,,,,,,,
Q9JLA3,1551,Q9JLA3,,Eukaryota,Rattus norvegicus,10116,UDP-glucose:glycoprotein glucosyltransferase 1,,,1,42,ECO:0000269,,,,,,,,,,,,,,,,,,,,,,,,,,,,,,,,,
Q9JMI7,250,Q9JMI7,,Eukaryota,Mus musculus,10090,Testis-expressed protein 101,,,1,25,ECO:0000269,,,,,,,,,,,,,,,,,,,,,,,,,,,,,,,,,
Q9N2I2,404,Q9N2I2,A7E3W0,Eukaryota,Bos taurus,9913,Plasma serine protease inhibitor,,,1,19,ECO:0000269,,,,,,,,,,,,,,,,,,,,,,,,,,,,,,,,,
Q9NPA0,242,Q9NPA0,"B2RC00, Q96ED5",Eukaryota,Homo sapiens,9606,Endoplasmic reticulum membrane protein complex subunit 7,,,1,23,"ECO:0000269, ECO:0007744",160,180,ECO:0000255,,,,,,,,,,,,,,,,,,,,,,,,,,,,,,
Q9NPF0,282,Q9NPF0,"B2RDS5, D6W668, F5H6D3, Q53HF7",Eukaryota,Homo sapiens,9606,CD320 antigen,,,1,35,ECO:0000269,230,250,ECO:0000255,,,,,,,,,,,,,,,,,,,,,,,,,,,,,,
Q9NPG1,666,Q9NPG1,A8K615,Eukaryota,Homo sapiens,9606,Frizzled-3,,,1,22,ECO:0000269,206,226,ECO:0000255,238,258,ECO:0000255,289,309,ECO:0000255,329,349,ECO:0000255,375,395,ECO:0000255,421,441,ECO:0000255,478,498,ECO:0000255,,,,,,,,,,,,
Q9NPR2,837,Q9NPR2,"J3KNP4, Q6UXE3, Q8WVP9, Q96FK5, Q9C0B8, Q9H691, Q9NPM8, Q9NPN0",Eukaryota,Homo sapiens,9606,Semaphorin-4B,,,1,43,ECO:0000269,718,738,ECO:0000255,,,,,,,,,,,,,,,,,,,,,,,,,,,,,,
Q9NQ25,335,Q9NQ25,"A8K3U1, B4DPU4, B4DPY3, B4DWA3, Q8N6Y8, Q8ND32, Q9NY08, Q9NY23",Eukaryota,Homo sapiens,9606,SLAM family member 7,,,1,22,ECO:0000269,227,247,ECO:0000255,,,,,,,,,,,,,,,,,,,,,,,,,,,,,,
Q9NQ34,198,Q9NQ34,Q7Z649,Eukaryota,Homo sapiens,9606,Transmembrane protein 9B,,,1,33,ECO:0000269,105,125,ECO:0000255,,,,,,,,,,,,,,,,,,,,,,,,,,,,,,
Q9NR16,1453,Q9NR16,"B4E0G7, C9JHR7, E7EVK4, Q2M3B7, Q6UWC2",Eukaryota,Homo sapiens,9606,Scavenger receptor cysteine-rich type 1 protein M160,,,1,40,ECO:0000269,1360,1380,ECO:0000255,,,,,,,,,,,,,,,,,,,,,,,,,,,,,,
Q9NR61,685,Q9NR61,"Q3KP23, Q9NQT9",Eukaryota,Homo sapiens,9606,Delta-like protein 4,,,1,26,ECO:0000269,530,550,ECO:0000255,,,,,,,,,,,,,,,,,,,,,,,,,,,,,,
Q9NRM6,502,Q9NRM6,"Q9BPZ0, Q9NRL4, Q9NRM5",Eukaryota,Homo sapiens,9606,Interleukin-17 receptor B,,,1,17,ECO:0000269,293,313,ECO:0000255,,,,,,,,,,,,,,,,,,,,,,,,,,,,,,
Q9NS68,423,Q9NS68,"A8KA09, A8KA26, B1AM40, B1AM41, B4E2I6, Q9BXZ9, Q9BY00, Q9NZV2",Eukaryota,Homo sapiens,9606,Tumor necrosis factor receptor superfamily member 19,,,1,29,ECO:0000269,171,191,ECO:0000255,,,,,,,,,,,,,,,,,,,,,,,,,,,,,,
Q9NSA1,209,Q9NSA1,Q8N683,Eukaryota,Homo sapiens,9606,Fibroblast growth factor 21,,,1,28,ECO:0000269,,,,,,,,,,,,,,,,,,,,,,,,,,,,,,,,,
Q9NWM8,211,Q9NWM8,,Eukaryota,Homo sapiens,9606,Peptidyl-prolyl cis-trans isomerase FKBP14,,,1,19,ECO:0000269,,,,,,,,,,,,,,,,,,,,,,,,,,,,,,,,,
Q9NYY1,176,Q9NYY1,"Q17RB3, Q2THG6, Q96QZ6",Eukaryota,Homo sapiens,9606,Interleukin-20,,,1,24,ECO:0000269,,,,,,,,,,,,,,,,,,,,,,,,,,,,,,,,,
Q9NZ53,605,Q9NZ53,"Q6UVY4, Q8WUV6",Eukaryota,Homo sapiens,9606,Podocalyxin-like protein 2,,,1,32,ECO:0000269,501,521,ECO:0000255,,,,,,,,,,,,,,,,,,,,,,,,,,,,,,
Q9NZV1,1036,Q9NZV1,"Q2M2G4, Q59GH0, Q7LCQ5, Q9H318",Eukaryota,Homo sapiens,9606,Cysteine-rich motor neuron 1 protein,,,1,34,ECO:0000269,940,960,ECO:0000255,,,,,,,,,,,,,,,,,,,,,,,,,,,,,,
Q9P0V8,285,Q9P0V8,"Q32MC6, Q5VU15",Eukaryota,Homo sapiens,9606,SLAM family member 8,,,1,22,ECO:0000269,234,254,ECO:0000255,,,,,,,,,,,,,,,,,,,,,,,,,,,,,,
Q9P0W0,207,Q9P0W0,Q5T166,Eukaryota,Homo sapiens,9606,Interferon kappa,,,1,27,ECO:0000269,,,,,,,,,,,,,,,,,,,,,,,,,,,,,,,,,
Q9P121,344,Q9P121,"A0MTT2, Q6UXJ3, Q86VJ9",Eukaryota,Homo sapiens,9606,Neurotrimin,,,1,33,ECO:0000269,,,,,,,,,,,,,,,,,,,,,,,,,,,,,,,,,
Q9P246,746,Q9P246,"A6H8L7, B7ZVY0, Q96BF1, Q9BQH2, Q9H8R1",Eukaryota,Homo sapiens,9606,Stromal interaction molecule 2,,,1,14,ECO:0000269,219,235,ECO:0000255,,,,,,,,,,,,,,,,,,,,,,,,,,,,,,
Q9P2K2,825,Q9P2K2,"A5PKW9, A7E260, A7MD07, B9EH67, Q9H9W7",Eukaryota,Homo sapiens,9606,Thioredoxin domain-containing protein 16,,,1,27,"ECO:0000255, ECO:0000269",,,,,,,,,,,,,,,,,,,,,,,,,,,,,,,,,
Q9QXX3,151,Q9QXX3,Q9EQK6,Eukaryota,Mus musculus,10090,Group 10 secretory phospholipase A2,,,1,17,ECO:0000269,,,,,,,,,,,,,,,,,,,,,,,,,,,,,,,,,
Q9QYH7,117,Q9QYH7,Q9ET69,Eukaryota,Rattus norvegicus,10116,Appetite-regulating hormone,,,1,23,ECO:0000269,,,,,,,,,,,,,,,,,,,,,,,,,,,,,,,,,
Q9R100,827,Q9R100,,Eukaryota,Mus musculus,10090,Cadherin-17,,,1,25,ECO:0000269,787,807,ECO:0000255,,,,,,,,,,,,,,,,,,,,,,,,,,,,,,
Q9R1T7,200,Q9R1T7,Q9WVR9,Eukaryota,Rattus norvegicus,10116,Inducible T-cell costimulator,,,1,20,ECO:0000269,146,166,ECO:0000255,,,,,,,,,,,,,,,,,,,,,,,,,,,,,,
Q9TSN6,142,Q9TSN6,"A3FMK7, Q0PNI0, Q645J4, Q645J5, Q645J6, Q645J7, Q645J8",Eukaryota,Bubalus bubalis,89462,Alpha-lactalbumin,,,1,18,ECO:0000269,,,,,,,,,,,,,,,,,,,,,,,,,,,,,,,,,
Q9TTE1,411,Q9TTE1,"Q2KIQ9, Q3ZEJ7",Eukaryota,Bos taurus,9913,Serpin A3-1,,,1,24,ECO:0000269,,,,,,,,,,,,,,,,,,,,,,,,,,,,,,,,,
Q9UBD3,114,Q9UBD3,,Eukaryota,Homo sapiens,9606,Cytokine SCM-1 beta,,,1,21,ECO:0000269,,,,,,,,,,,,,,,,,,,,,,,,,,,,,,,,,
Q9UBN6,386,Q9UBN6,"B2R8W0, Q9Y6Q4",Eukaryota,Homo sapiens,9606,Tumor necrosis factor receptor superfamily member 10D,,,1,55,ECO:0000269,212,232,ECO:0000255,,,,,,,,,,,,,,,,,,,,,,,,,,,,,,
Q9UBP4,350,Q9UBP4,"A8K1I2, D3DQW1, Q9ULB7",Eukaryota,Homo sapiens,9606,Dickkopf-related protein 3,,,1,21,ECO:0000269,,,,,,,,,,,,,,,,,,,,,,,,,,,,,,,,,
Q9UBT3,224,Q9UBT3,"Q3KNX0, Q9Y4C3",Eukaryota,Homo sapiens,9606,Dickkopf-related protein 4,,,1,18,ECO:0000269,,,,,,,,,,,,,,,,,,,,,,,,,,,,,,,,,
Q9UBU3,117,Q9UBU3,"A8CF34, A8CF38, A8CF42, A8DN29, A8DN30, Q86YP8, Q8TAT9, Q9H3R3",Eukaryota,Homo sapiens,9606,Appetite-regulating hormone,,,1,23,ECO:0000269,,,,,,,,,,,,,,,,,,,,,,,,,,,,,,,,,
Q9UHD0,177,Q9UHD0,"B6VEV9, Q5VUT3, Q96QR4, Q9NUA0",Eukaryota,Homo sapiens,9606,Interleukin-19,,,1,24,ECO:0000269,,,,,,,,,,,,,,,,,,,,,,,,,,,,,,,,,
Q9UHF4,553,Q9UHF4,"B4DLR5, F5H675, Q14CW2, Q6UWA9, Q96SH8",Eukaryota,Homo sapiens,9606,Interleukin-20 receptor subunit alpha,,,1,29,ECO:0000269,251,271,ECO:0000255,,,,,,,,,,,,,,,,,,,,,,,,,,,,,,
Q9UIB8,345,Q9UIB8,"B2R8T1, B7Z3R8, O15430, O95266, O95660, Q5H9R1, Q6FHA8, Q8WLP1, Q8WWI8, Q9UF04, Q9UIB6, Q9UIB7, Q9UIT7",Eukaryota,Homo sapiens,9606,SLAM family member 5,,,1,21,ECO:0000269,226,246,ECO:0000255,,,,,,,,,,,,,,,,,,,,,,,,,,,,,,
Q9UIK5,374,Q9UIK5,"Q2FA44, Q4ZFW4, Q53H90, Q53RE1, Q8N2R5, Q9NR15, Q9NSS5, Q9P2Y9, Q9UK65",Eukaryota,Homo sapiens,9606,Tomoregulin-2,,,1,40,ECO:0000269,321,341,ECO:0000255,,,,,,,,,,,,,,,,,,,,,,,,,,,,,,
Q9UK23,515,Q9UK23,"B2RAS1, Q96EJ8",Eukaryota,Homo sapiens,9606,N-acetylglucosamine-1-phosphodiester alpha-N-acetylglucosaminidase,,,1,25,ECO:0000269,449,469,ECO:0000255,,,,,,,,,,,,,,,,,,,,,,,,,,,,,,
Q9UK55,444,Q9UK55,"A5Z2A5, Q6UWX9, Q86U20",Eukaryota,Homo sapiens,9606,Protein Z-dependent protease inhibitor,,,1,21,ECO:0000269,,,,,,,,,,,,,,,,,,,,,,,,,,,,,,,,,
Q9UKY0,176,Q9UKY0,"A7U7M5, Q9H311, Q9H312, Q9NTM4",Eukaryota,Homo sapiens,9606,Prion-like protein doppel,,,1,25,ECO:0000269,,,,,,,,,,,,,,,,,,,,,,,,,,,,,,,,,
Q9UKZ9,415,Q9UKZ9,"B2RCH9, D3DNG4, Q9BRH3",Eukaryota,Homo sapiens,9606,Procollagen C-endopeptidase enhancer 2,,,1,23,ECO:0000269,,,,,,,,,,,,,,,,,,,,,,,,,,,,,,,,,
Q9UNE0,448,Q9UNE0,"B2R9H2, B4DLC5, D3DX74, E9PC98, Q52LL5, Q9UND9",Eukaryota,Homo sapiens,9606,Tumor necrosis factor receptor superfamily member EDAR,,,1,26,ECO:0000269,188,208,ECO:0000255,,,,,,,,,,,,,,,,,,,,,,,,,,,,,,
Q9WVJ9,443,Q9WVJ9,,Eukaryota,Mus musculus,10090,EGF-containing fibulin-like extracellular matrix protein 2,,,1,27,ECO:0000269,,,,,,,,,,,,,,,,,,,,,,,,,,,,,,,,,
Q9XSW3,240,Q9XSW3,"A0SVI8, Q9TR20",Eukaryota,Sus scrofa,9823,Mannose-binding protein C,,,1,18,ECO:0000269,,,,,,,,,,,,,,,,,,,,,,,,,,,,,,,,,
Q9Y240,323,Q9Y240,B2RAD4,Eukaryota,Homo sapiens,9606,C-type lectin domain family 11 member A,,,1,21,ECO:0000269,,,,,,,,,,,,,,,,,,,,,,,,,,,,,,,,,
Q9Y251,543,Q9Y251,"A9JIG7, C7F7I3, C7F7I4, E9PCA9, E9PGR1, Q53GE5, Q9UL39",Eukaryota,Homo sapiens,9606,Heparanase,,,1,35,ECO:0000269,,,,,,,,,,,,,,,,,,,,,,,,,,,,,,,,,
Q9Y258,94,Q9Y258,"A0N0Q5, Q52LV8",Eukaryota,Homo sapiens,9606,C-C motif chemokine 26,,,1,23,ECO:0000269,,,,,,,,,,,,,,,,,,,,,,,,,,,,,,,,,
Q9Y279,399,Q9Y279,Q6UXI4,Eukaryota,Homo sapiens,9606,V-set and immunoglobulin domain-containing protein 4,,,1,19,ECO:0000269,284,304,ECO:0000255,,,,,,,,,,,,,,,,,,,,,,,,,,,,,,
Q9Y2E5,1009,Q9Y2E5,"Q66MP2, Q86T67",Eukaryota,Homo sapiens,9606,Epididymis-specific alpha-mannosidase,,,1,23,ECO:0000269,,,,,,,,,,,,,,,,,,,,,,,,,,,,,,,,,
Q9Y2I2,539,Q9Y2I2,"Q5VU86, Q5VU87, Q5VU89, Q5VU90, Q5VU91, Q7Z2Y3, Q8N633",Eukaryota,Homo sapiens,9606,Netrin-G1,,,1,28,ECO:0000269,,,,,,,,,,,,,,,,,,,,,,,,,,,,,,,,,
Q9Y4X3,112,Q9Y4X3,,Eukaryota,Homo sapiens,9606,C-C motif chemokine 27,,,1,24,ECO:0000269,,,,,,,,,,,,,,,,,,,,,,,,,,,,,,,,,
Q9Y5C1,460,Q9Y5C1,"A0JLS0, B1ALJ0, B2RCW1",Eukaryota,Homo sapiens,9606,Angiopoietin-related protein 3,,,1,16,ECO:0000269,,,,,,,,,,,,,,,,,,,,,,,,,,,,,,,,,
Q9Y5H9,948,Q9Y5H9,"O75287, Q9BTV3",Eukaryota,Homo sapiens,9606,Protocadherin alpha-2,,,1,22,ECO:0000269,698,718,ECO:0000255,,,,,,,,,,,,,,,,,,,,,,,,,,,,,,
Q9Y5Q6,135,Q9Y5Q6,"Q3MIY4, Q5VYD8",Eukaryota,Homo sapiens,9606,Insulin-like peptide INSL5,,,1,22,ECO:0000269,,,,,,,,,,,,,,,,,,,,,,,,,,,,,,,,,
Q9Y5U5,241,Q9Y5U5,"B1AME1, O95851, Q5U0I4, Q9NYJ9",Eukaryota,Homo sapiens,9606,Tumor necrosis factor receptor superfamily member 18,,,1,25,ECO:0000269,163,183,ECO:0000255,,,,,,,,,,,,,,,,,,,,,,,,,,,,,,
Q9Y624,299,Q9Y624,B7Z941,Eukaryota,Homo sapiens,9606,Junctional adhesion molecule A,,,1,27,"ECO:0000269, ECO:0007744",239,259,ECO:0000255,,,,,,,,,,,,,,,,,,,,,,,,,,,,,,
Q9Y653,693,Q9Y653,"A6NIT7, A6NJV9, B0M0K4, B4DR54, O95966, Q6ZMP1, Q8NGB3, Q96HB4",Eukaryota,Homo sapiens,9606,Adhesion G protein-coupled receptor G1,,,1,25,ECO:0000269,402,424,"ECO:0000269, ECO:0007744",438,460,"ECO:0000269, ECO:0007744",466,495,"ECO:0000269, ECO:0007744",511,533,"ECO:0000269, ECO:0007744",563,588,"ECO:0000269, ECO:0007744",603,624,"ECO:0000269, ECO:0007744",629,654,"ECO:0000269, ECO:0007744",,,,,,,,,,,,
Q9Y6C2,1016,Q9Y6C2,"A0A0C4DFX3, A5PL03, H0Y7A0, Q53SY9, Q96G58, Q96IH6, Q9UG76",Eukaryota,Homo sapiens,9606,EMILIN-1,,,1,21,ECO:0000269,,,,,,,,,,,,,,,,,,,,,,,,,,,,,,,,,
Q9Z0J8,348,Q9Z0J8,,Eukaryota,Rattus norvegicus,10116,Neuronal growth regulator 1,,,1,31,ECO:0000269,,,,,,,,,,,,,,,,,,,,,,,,,,,,,,,,,
Q9Z0K8,512,Q9Z0K8,"Q3TJI0, Q8VCT1, Q9DCH8",Eukaryota,Mus musculus,10090,Pantetheinase,,,1,23,ECO:0000269,,,,,,,,,,,,,,,,,,,,,,,,,,,,,,,,,
Q9Z0L3,485,Q9Z0L3,"Q9CZ60, Q9Z225",Eukaryota,Mus musculus,10090,Otoconin-90,,,1,17,ECO:0000269,,,,,,,,,,,,,,,,,,,,,,,,,,,,,,,,,
Q9Z1K9,827,Q9Z1K9,,Eukaryota,Rattus norvegicus,10116,Disintegrin and metalloproteinase domain-containing protein 17,,,1,17,ECO:0000269,672,692,ECO:0000255,,,,,,,,,,,,,,,,,,,,,,,,,,,,,,
F1N2K1,508,F1N2K1,A6QPR1,Eukaryota,Bos taurus,9913,Prenylcysteine oxidase 1,,,1,31,ECO:0000269,,,,,,,,,,,,,,,,,,,,,,,,,,,,,,,,,
G3MYZ3,604,G3MYZ3,,Eukaryota,Bos taurus,9913,Afamin,,,1,21,ECO:0000269,,,,,,,,,,,,,,,,,,,,,,,,,,,,,,,,,
M5AXY1,201,M5AXY1,M3WVN1,Eukaryota,Felis catus,9685,Retinol binding protein 4,,,1,18,ECO:0000269,,,,,,,,,,,,,,,,,,,,,,,,,,,,,,,,,
O02826,111,O02826,,Eukaryota,Sus scrofa,9823,Beta-microseminoprotein,,,1,20,ECO:0000269,,,,,,,,,,,,,,,,,,,,,,,,,,,,,,,,,
O11780,683,O11780,,Eukaryota,Sus scrofa,9823,Transforming growth factor-beta-induced protein ig-h3,,,1,23,ECO:0000269,,,,,,,,,,,,,,,,,,,,,,,,,,,,,,,,,
O18994,219,O18994,,Eukaryota,Sus scrofa,9823,Epididymal secretory glutathione peroxidase,,,1,21,ECO:0000269,,,,,,,,,,,,,,,,,,,,,,,,,,,,,,,,,
O35806,1764,O35806,,Eukaryota,Rattus norvegicus,10116,Latent-transforming growth factor beta-binding protein 2,,,1,35,ECO:0000269,,,,,,,,,,,,,,,,,,,,,,,,,,,,,,,,,
O46654,147,O46654,,Eukaryota,Sorex araneus,42254,Transthyretin,,,1,20,ECO:0000269,,,,,,,,,,,,,,,,,,,,,,,,,,,,,,,,,
O70280,212,O70280,,Eukaryota,Rattus norvegicus,10116,WAP four-disulfide core domain protein 1,,,1,26,ECO:0000269,,,,,,,,,,,,,,,,,,,,,,,,,,,,,,,,,
O75596,197,O75596,"B2R8C4, Q3SX91, Q6UXF5",Eukaryota,Homo sapiens,9606,C-type lectin domain family 3 member A,,,1,22,ECO:0000269,,,,,,,,,,,,,,,,,,,,,,,,,,,,,,,,,
O75711,98,O75711,,Eukaryota,Homo sapiens,9606,Scrapie-responsive protein 1,,,1,20,ECO:0000269,,,,,,,,,,,,,,,,,,,,,,,,,,,,,,,,,
O77541,124,O77541,,Eukaryota,Oryctolagus cuniculus,9986,CD59 glycoprotein,,,1,24,ECO:0000269,,,,,,,,,,,,,,,,,,,,,,,,,,,,,,,,,
P00683,149,P00683,,Eukaryota,Mus musculus,10090,Ribonuclease pancreatic,,,1,25,ECO:0000269,,,,,,,,,,,,,,,,,,,,,,,,,,,,,,,,,
P00996,79,P00996,Q56K02,Eukaryota,Bos taurus,9913,Serine protease inhibitor Kazal-type 1,,,1,23,ECO:0000269,,,,,,,,,,,,,,,,,,,,,,,,,,,,,,,,,
P01177,125,P01177,,Eukaryota,Sus scrofa,9823,Oxytocin-neurophysin 1,,,1,19,ECO:0000269,,,,,,,,,,,,,,,,,,,,,,,,,,,,,,,,,
P01217,120,P01217,,Eukaryota,Bos taurus,9913,Glycoprotein hormones alpha chain,,,1,24,ECO:0000269,,,,,,,,,,,,,,,,,,,,,,,,,,,,,,,,,
P01224,138,P01224,,Eukaryota,Sus scrofa,9823,Thyrotropin subunit beta,,,1,20,ECO:0000269,,,,,,,,,,,,,,,,,,,,,,,,,,,,,,,,,
P01227,129,P01227,,Eukaryota,Ovis aries,9940,Follitropin subunit beta,,,1,19,ECO:0000269,,,,,,,,,,,,,,,,,,,,,,,,,,,,,,,,,
P01228,129,P01228,Q3LRP6,Eukaryota,Sus scrofa,9823,Follitropin subunit beta,,,1,20,ECO:0000269,,,,,,,,,,,,,,,,,,,,,,,,,,,,,,,,,
P01232,141,P01232,Q7YRL0,Eukaryota,Sus scrofa,9823,Lutropin subunit beta,,,1,20,ECO:0000269,,,,,,,,,,,,,,,,,,,,,,,,,,,,,,,,,
P01245,216,P01245,,Eukaryota,Equus caballus,9796,Somatotropin,,,1,26,ECO:0000269,,,,,,,,,,,,,,,,,,,,,,,,,,,,,,,,,
P01248,216,P01248,"Q28958, Q29045",Eukaryota,Sus scrofa,9823,Somatotropin,,,1,26,ECO:0000269,,,,,,,,,,,,,,,,,,,,,,,,,,,,,,,,,
P01304,76,P01304,Q9N0M5,Eukaryota,Sus scrofa,9823,Pro-neuropeptide Y,,,1,9,ECO:0000269,,,,,,,,,,,,,,,,,,,,,,,,,,,,,,,,,
P01311,110,P01311,,Eukaryota,Oryctolagus cuniculus,9986,Insulin,,,1,24,ECO:0000269,,,,,,,,,,,,,,,,,,,,,,,,,,,,,,,,,
P01313,110,P01313,,Eukaryota,Cricetulus longicaudatus,10030,Insulin,,,1,24,ECO:0000269,,,,,,,,,,,,,,,,,,,,,,,,,,,,,,,,,
P01318,105,P01318,,Eukaryota,Ovis aries,9940,Insulin,,,1,24,ECO:0000269,,,,,,,,,,,,,,,,,,,,,,,,,,,,,,,,,
P01359,127,P01359,,Eukaryota,Sus scrofa,9823,Trefoil factor 2,,,1,21,ECO:0000269,,,,,,,,,,,,,,,,,,,,,,,,,,,,,,,,,
P01566,189,P01566,Q5VV13,Eukaryota,Homo sapiens,9606,Interferon alpha-10,,,1,23,ECO:0000269,,,,,,,,,,,,,,,,,,,,,,,,,,,,,,,,,
P01569,189,P01569,Q52LX3,Eukaryota,Homo sapiens,9606,Interferon alpha-5,,,1,21,ECO:0000269,,,,,,,,,,,,,,,,,,,,,,,,,,,,,,,,,
P01599,117,P01599,"A0A0B4J1Z4, P01610",Eukaryota,Homo sapiens,9606,Immunoglobulin kappa variable 1-17,,,1,22,ECO:0000269,,,,,,,,,,,,,,,,,,,,,,,,,,,,,,,,,
P01611,117,P01611,A0A0B4J2E7,Eukaryota,Homo sapiens,9606,Immunoglobulin kappa variable 1D-12,,,1,22,ECO:0000269,,,,,,,,,,,,,,,,,,,,,,,,,,,,,,,,,
P01614,121,P01614,A0A075B6R1,Eukaryota,Homo sapiens,9606,Immunoglobulin kappa variable 2D-40,,,1,19,ECO:0000269,,,,,,,,,,,,,,,,,,,,,,,,,,,,,,,,,
P01624,115,P01624,"A0A0B4J1T9, P04207",Eukaryota,Homo sapiens,9606,Immunoglobulin kappa variable 3-15,,,1,20,ECO:0000269,,,,,,,,,,,,,,,,,,,,,,,,,,,,,,,,,
P01703,118,P01703,A0A075B6J0,Eukaryota,Homo sapiens,9606,Immunoglobulin lambda variable 1-40,,,1,19,ECO:0000269,,,,,,,,,,,,,,,,,,,,,,,,,,,,,,,,,
P01714,112,P01714,A0A075B6J8,Eukaryota,Homo sapiens,9606,Immunoglobulin lambda variable 3-19,,,1,20,ECO:0000269,,,,,,,,,,,,,,,,,,,,,,,,,,,,,,,,,
P01715,115,P01715,"A0A075B6K7, P01716, P06889",Eukaryota,Homo sapiens,9606,Immunoglobulin lambda variable 3-1,,,1,20,ECO:0000269,,,,,,,,,,,,,,,,,,,,,,,,,,,,,,,,,
P01717,112,P01717,A0A075B6J4,Eukaryota,Homo sapiens,9606,Immunoglobulin lambda variable 3-25,,,1,19,ECO:0000269,,,,,,,,,,,,,,,,,,,,,,,,,,,,,,,,,
P01718,113,P01718,A0A075B6J3,Eukaryota,Homo sapiens,9606,Immunoglobulin lambda variable 3-27,,,1,20,ECO:0000269,,,,,,,,,,,,,,,,,,,,,,,,,,,,,,,,,
P01743,117,P01743,"A0A0B4J1V4, P06326, P80421",Eukaryota,Homo sapiens,9606,Immunoglobulin heavy variable 1-46,,,1,19,ECO:0000269,,,,,,,,,,,,,,,,,,,,,,,,,,,,,,,,,
P01762,117,P01762,A0A0B4J1U9,Eukaryota,Homo sapiens,9606,Immunoglobulin heavy variable 3-11,,,1,19,ECO:0000269,,,,,,,,,,,,,,,,,,,,,,,,,,,,,,,,,
P01763,117,P01763,A0A0C4DH37,Eukaryota,Homo sapiens,9606,Immunoglobulin heavy variable 3-48,,,1,19,ECO:0000269,,,,,,,,,,,,,,,,,,,,,,,,,,,,,,,,,
P01766,116,P01766,A0A0A0MS11,Eukaryota,Homo sapiens,9606,Immunoglobulin heavy variable 3-13,,,1,19,ECO:0000269,,,,,,,,,,,,,,,,,,,,,,,,,,,,,,,,,
P01767,116,P01767,A0A087WSX4,Eukaryota,Homo sapiens,9606,Immunoglobulin heavy variable 3-53,,,1,19,ECO:0000269,,,,,,,,,,,,,,,,,,,,,,,,,,,,,,,,,
P01782,118,P01782,,Eukaryota,Homo sapiens,9606,Immunoglobulin heavy variable 3-9,,,1,19,ECO:0000269,,,,,,,,,,,,,,,,,,,,,,,,,,,,,,,,,
P01824,125,P01824,A0A0A0MS13,Eukaryota,Homo sapiens,9606,Immunoglobulin heavy variable 4-39,,,1,26,ECO:0000269,,,,,,,,,,,,,,,,,,,,,,,,,,,,,,,,,
P01900,365,P01900,,Eukaryota,Mus musculus,10090,"H-2 class I histocompatibility antigen, D-D alpha chain",,,1,24,ECO:0000269,312,334,ECO:0000255,,,,,,,,,,,,,,,,,,,,,,,,,,,,,,
P02704,106,P02704,,Eukaryota,Equus caballus,9796,Colipase A,,,1,11,ECO:0000269,,,,,,,,,,,,,,,,,,,,,,,,,,,,,,,,,
P02705,108,P02705,,Eukaryota,Equus caballus,9796,Colipase B,,,1,13,ECO:0000269,,,,,,,,,,,,,,,,,,,,,,,,,,,,,,,,,
P02727,129,P02727,A7VLI4,Eukaryota,Canis lupus familiaris,9615,Glycophorin-A,,,1,17,ECO:0000269,83,103,ECO:0000255,,,,,,,,,,,,,,,,,,,,,,,,,,,,,,
P02742,225,P02742,,Eukaryota,Oryctolagus cuniculus,9986,C-reactive protein,,,1,20,ECO:0000269,,,,,,,,,,,,,,,,,,,,,,,,,,,,,,,,,
P02755,180,P02755,O62822,Eukaryota,Bubalus bubalis,89462,Beta-lactoglobulin,,,1,18,ECO:0000269,,,,,,,,,,,,,,,,,,,,,,,,,,,,,,,,,
P02756,180,P02756,,Eukaryota,Capra hircus,9925,Beta-lactoglobulin,,,1,18,ECO:0000269,,,,,,,,,,,,,,,,,,,,,,,,,,,,,,,,,
P02780,95,P02780,Q63463,Eukaryota,Rattus norvegicus,10116,Secretoglobin family 2A member 2,,,1,18,ECO:0000269,,,,,,,,,,,,,,,,,,,,,,,,,,,,,,,,,
P02781,112,P02781,,Eukaryota,Rattus norvegicus,10116,Prostatic steroid-binding protein C2,,,1,20,ECO:0000269,,,,,,,,,,,,,,,,,,,,,,,,,,,,,,,,,
P02783,112,P02783,Q64713,Eukaryota,Rattus norvegicus,10116,Seminal vesicle secretory protein 4,,,1,21,ECO:0000269,,,,,,,,,,,,,,,,,,,,,,,,,,,,,,,,,
P02809,61,P02809,,Eukaryota,Macaca fascicularis,9541,Statherin,,,1,19,ECO:0000269,,,,,,,,,,,,,,,,,,,,,,,,,,,,,,,,,
P03955,377,P03955,,Eukaryota,Macaca fuscata fuscata,9543,Gastricsin,,,1,5,ECO:0000269,,,,,,,,,,,,,,,,,,,,,,,,,,,,,,,,,
P04073,392,P04073,,Eukaryota,Rattus norvegicus,10116,Gastricsin,,,1,16,ECO:0000269,,,,,,,,,,,,,,,,,,,,,,,,,,,,,,,,,
P04119,178,P04119,Q53Z18,Eukaryota,Sus scrofa,9823,Beta-lactoglobulin-1A/1C,,,1,18,ECO:0000269,,,,,,,,,,,,,,,,,,,,,,,,,,,,,,,,,
P04430,117,P04430,A0A0A0MT74,Eukaryota,Homo sapiens,9606,Immunoglobulin kappa variable 1-16,,,1,22,ECO:0000269,,,,,,,,,,,,,,,,,,,,,,,,,,,,,,,,,
P04557,140,P04557,Q9TUE5,Eukaryota,Bos taurus,9913,Seminal plasma protein A3,,,1,25,ECO:0000269,,,,,,,,,,,,,,,,,,,,,,,,,,,,,,,,,
P04651,141,P04651,,Eukaryota,Bos taurus,9913,Lutropin subunit beta,,,1,20,ECO:0000269,,,,,,,,,,,,,,,,,,,,,,,,,,,,,,,,,
P05013,189,P05013,Q5VYQ1,Eukaryota,Homo sapiens,9606,Interferon alpha-6,,,1,20,ECO:0000269,,,,,,,,,,,,,,,,,,,,,,,,,,,,,,,,,
P05366,122,P05366,,Eukaryota,Mus musculus,10090,Serum amyloid A-1 protein,,,1,19,ECO:0000269,,,,,,,,,,,,,,,,,,,,,,,,,,,,,,,,,
P06306,110,P06306,Q8WNW6,Eukaryota,Felis catus,9685,Insulin,,,1,24,ECO:0000269,,,,,,,,,,,,,,,,,,,,,,,,,,,,,,,,,
P06908,248,P06908,,Eukaryota,Canis lupus familiaris,9615,Pulmonary surfactant-associated protein A,,,1,17,ECO:0000269,,,,,,,,,,,,,,,,,,,,,,,,,,,,,,,,,
P06911,188,P06911,,Eukaryota,Rattus norvegicus,10116,Epididymal-specific lipocalin-5,,,1,19,ECO:0000269,,,,,,,,,,,,,,,,,,,,,,,,,,,,,,,,,
P07474,120,P07474,Q9BGA0,Eukaryota,Oryctolagus cuniculus,9986,Glycoprotein hormones alpha chain,,,1,24,ECO:0000269,,,,,,,,,,,,,,,,,,,,,,,,,,,,,,,,,
P08541,530,P08541,,Eukaryota,Rattus norvegicus,10116,UDP-glucuronosyltransferase 2B2,,,1,23,ECO:0000269,494,510,ECO:0000255,,,,,,,,,,,,,,,,,,,,,,,,,,,,,,
P08937,172,P08937,,Eukaryota,Rattus norvegicus,10116,Odorant-binding protein,,,1,15,ECO:0000269,,,,,,,,,,,,,,,,,,,,,,,,,,,,,,,,,
P09462,142,P09462,Q9GKS5,Eukaryota,Ovis aries,9940,Alpha-lactalbumin,,,1,19,ECO:0000269,,,,,,,,,,,,,,,,,,,,,,,,,,,,,,,,,
P09465,167,P09465,,Eukaryota,Cricetus cricetus,10034,Aphrodisin,,,1,16,ECO:0000269,,,,,,,,,,,,,,,,,,,,,,,,,,,,,,,,,
P09586,222,P09586,,Eukaryota,Mus musculus,10090,Prolactin-3B1,,,1,31,ECO:0000269,,,,,,,,,,,,,,,,,,,,,,,,,,,,,,,,,
P09656,79,P09656,,Eukaryota,Rattus norvegicus,10116,Serine protease inhibitor Kazal-type 1-like,,,1,23,ECO:0000269,,,,,,,,,,,,,,,,,,,,,,,,,,,,,,,,,
P09954,419,P09954,Q9TV85,Eukaryota,Sus scrofa,9823,Carboxypeptidase A1,,,1,16,ECO:0000269,,,,,,,,,,,,,,,,,,,,,,,,,,,,,,,,,
P09955,416,P09955,Q9XSP3,Eukaryota,Sus scrofa,9823,Carboxypeptidase B,,,1,15,ECO:0000269,,,,,,,,,,,,,,,,,,,,,,,,,,,,,,,,,
P0DY56,189,P0DY56,"D4Q9M8, P01562, Q14605, Q2M1L8, Q52LB8, Q5VYQ2, Q7M4Q1, Q8WZ68, Q9UMJ3",Eukaryota,Homo sapiens,9606,Interferon alpha-1,,,1,23,ECO:0000269,,,,,,,,,,,,,,,,,,,,,,,,,,,,,,,,,
P10631,98,P10631,Q3C1E8,Eukaryota,Rattus norvegicus,10116,Peptide YY,,,1,28,ECO:0000269,,,,,,,,,,,,,,,,,,,,,,,,,,,,,,,,,
P10673,170,P10673,Q9TS28,Eukaryota,Canis lupus familiaris,9615,Neurotensin/neuromedin N,,,1,23,ECO:0000269,,,,,,,,,,,,,,,,,,,,,,,,,,,,,,,,,
P12068,146,P12068,,Eukaryota,Sus scrofa,9823,Lysozyme C-2,,,1,18,ECO:0000269,,,,,,,,,,,,,,,,,,,,,,,,,,,,,,,,,
P12069,148,P12069,,Eukaryota,Sus scrofa,9823,Lysozyme C-3,,,1,18,ECO:0000269,,,,,,,,,,,,,,,,,,,,,,,,,,,,,,,,,
P12337,565,P12337,O77540,Eukaryota,Oryctolagus cuniculus,9986,Liver carboxylesterase 1,,,1,18,ECO:0000269,,,,,,,,,,,,,,,,,,,,,,,,,,,,,,,,,
P12420,229,P12420,Q6UBP9,Eukaryota,Equus caballus,9796,Prolactin,,,1,30,ECO:0000269,,,,,,,,,,,,,,,,,,,,,,,,,,,,,,,,,
P12725,416,P12725,,Eukaryota,Ovis aries,9940,Alpha-1-antiproteinase,,,1,24,ECO:0000269,,,,,,,,,,,,,,,,,,,,,,,,,,,,,,,,,
P12799,444,P12799,,Eukaryota,Bos taurus,9913,Fibrinogen gamma-B chain,,,1,24,ECO:0000269,,,,,,,,,,,,,,,,,,,,,,,,,,,,,,,,,
P12872,115,P12872,"B7ZLR7, E9PDN2, J3KN51, Q2M1L2, Q5T975, Q6NSY7",Eukaryota,Homo sapiens,9606,Promotilin,,,1,25,ECO:0000269,,,,,,,,,,,,,,,,,,,,,,,,,,,,,,,,,
P13213,303,P13213,"A5D9C9, Q3B7N5",Eukaryota,Bos taurus,9913,SPARC,,,1,17,ECO:0000269,,,,,,,,,,,,,,,,,,,,,,,,,,,,,,,,,
P13384,317,P13384,O97599,Eukaryota,Bos taurus,9913,Insulin-like growth factor-binding protein 2,,,1,33,ECO:0000269,,,,,,,,,,,,,,,,,,,,,,,,,,,,,,,,,
P13389,125,P13389,P01188,Eukaryota,Ovis aries,9940,Oxytocin-neurophysin 1,,,1,19,ECO:0000269,,,,,,,,,,,,,,,,,,,,,,,,,,,,,,,,,
P13909,402,P13909,Q3ZBB9,Eukaryota,Bos taurus,9913,Plasminogen activator inhibitor 1,,,1,23,ECO:0000269,,,,,,,,,,,,,,,,,,,,,,,,,,,,,,,,,
P14765,97,P14765,"Q8SPF7, Q9TSI6",Eukaryota,Ovis aries,9940,Pro-neuropeptide Y,,,1,28,ECO:0000269,,,,,,,,,,,,,,,,,,,,,,,,,,,,,,,,,
P15156,695,P15156,,Eukaryota,Mesocricetus auratus,10036,Calcium-dependent serine proteinase,,,1,21,ECO:0000269,,,,,,,,,,,,,,,,,,,,,,,,,,,,,,,,,
P15196,398,P15196,"Q28663, Q28669",Eukaryota,Oryctolagus cuniculus,9986,Sex hormone-binding globulin,,,1,31,ECO:0000269,,,,,,,,,,,,,,,,,,,,,,,,,,,,,,,,,
P15242,333,P15242,P15243,Eukaryota,Rattus norvegicus,10116,Testin-2,,,1,17,ECO:0000269,,,,,,,,,,,,,,,,,,,,,,,,,,,,,,,,,
P15467,147,P15467,"F1N6N1, Q3T184, Q58DP6, Q9TV33",Eukaryota,Bos taurus,9913,Ribonuclease 4,,,1,28,ECO:0000269,,,,,,,,,,,,,,,,,,,,,,,,,,,,,,,,,
P15468,147,P15468,,Eukaryota,Sus scrofa,9823,Ribonuclease 4,,,1,28,ECO:0000269,,,,,,,,,,,,,,,,,,,,,,,,,,,,,,,,,
P15522,155,P15522,"Q9TTR3, Q9TUJ8",Eukaryota,Camelus dromedarius,9838,Glycosylation-dependent cell adhesion molecule 1,,,1,18,ECO:0000269,,,,,,,,,,,,,,,,,,,,,,,,,,,,,,,,,
P16611,293,P16611,"Q6S6K2, Q9TTI0",Eukaryota,Sus scrofa,9823,Insulin-like growth factor-binding protein 3,,,1,27,ECO:0000269,,,,,,,,,,,,,,,,,,,,,,,,,,,,,,,,,
P17690,345,P17690,"Q148G1, Q28052",Eukaryota,Bos taurus,9913,Beta-2-glycoprotein 1,,,1,19,ECO:0000269,,,,,,,,,,,,,,,,,,,,,,,,,,,,,,,,,
P18137,141,P18137,,Eukaryota,Sus scrofa,9823,Alpha-lactalbumin,,,1,19,ECO:0000269,,,,,,,,,,,,,,,,,,,,,,,,,,,,,,,,,
P18626,214,P18626,,Eukaryota,Capra hircus,9925,Alpha-S1-casein,,,1,15,ECO:0000269,,,,,,,,,,,,,,,,,,,,,,,,,,,,,,,,,
P18657,83,P18657,"A2V9Y4, G7PXV4",Eukaryota,Macaca fascicularis,9541,"Apolipoprotein C-I, basic form",,,1,26,ECO:0000269,,,,,,,,,,,,,,,,,,,,,,,,,,,,,,,,,
P18659,99,P18659,,Eukaryota,Macaca fascicularis,9541,Apolipoprotein C-III,,,1,20,ECO:0000269,,,,,,,,,,,,,,,,,,,,,,,,,,,,,,,,,
P18892,526,P18892,"O18955, O18959, O46535, Q6RUS3",Eukaryota,Bos taurus,9913,Butyrophilin subfamily 1 member A1,,,1,26,ECO:0000269,243,269,ECO:0000255,,,,,,,,,,,,,,,,,,,,,,,,,,,,,,
P18915,319,P18915,Q95322,Eukaryota,Bos taurus,9913,Carbonic anhydrase 6,,,1,14,ECO:0000269,,,,,,,,,,,,,,,,,,,,,,,,,,,,,,,,,
P19007,347,P19007,"Q8MKG3, Q9MYU3",Eukaryota,Oryctolagus cuniculus,9986,Haptoglobin,,,1,18,ECO:0000269,,,,,,,,,,,,,,,,,,,,,,,,,,,,,,,,,
P19034,101,P19034,"A6H771, Q71VH7",Eukaryota,Bos taurus,9913,Apolipoprotein C-II,,,1,22,ECO:0000269,,,,,,,,,,,,,,,,,,,,,,,,,,,,,,,,,
P19035,96,P19035,"Q2M2T0, Q75T83",Eukaryota,Bos taurus,9913,Apolipoprotein C-III,,,1,23,ECO:0000269,,,,,,,,,,,,,,,,,,,,,,,,,,,,,,,,,
P19111,533,P19111,Q28124,Eukaryota,Bos taurus,9913,Intestinal-type alkaline phosphatase,,,1,19,ECO:0000269,,,,,,,,,,,,,,,,,,,,,,,,,,,,,,,,,
P19707,129,P19707,M3X0G8,Eukaryota,Felis catus,9685,Serum amyloid A protein,,,1,18,ECO:0000269,,,,,,,,,,,,,,,,,,,,,,,,,,,,,,,,,
P19708,129,P19708,,Eukaryota,Canis lupus familiaris,9615,Serum amyloid A protein,,,1,18,ECO:0000269,,,,,,,,,,,,,,,,,,,,,,,,,,,,,,,,,
P20059,460,P20059,Q5BKB4,Eukaryota,Rattus norvegicus,10116,Hemopexin,,,1,23,ECO:0000269,,,,,,,,,,,,,,,,,,,,,,,,,,,,,,,,,
P20112,300,P20112,Q4Z8Q2,Eukaryota,Sus scrofa,9823,SPARC,,,1,17,ECO:0000269,,,,,,,,,,,,,,,,,,,,,,,,,,,,,,,,,
P20757,476,P20757,,Eukaryota,Ovis aries,9940,Angiotensinogen,,,1,24,ECO:0000269,,,,,,,,,,,,,,,,,,,,,,,,,,,,,,,,,
P22298,129,P22298,,Eukaryota,Sus scrofa,9823,Antileukoproteinase,,,1,22,ECO:0000269,,,,,,,,,,,,,,,,,,,,,,,,,,,,,,,,,
P22324,403,P22324,,Eukaryota,Cavia porcellus,10141,Alpha-1-antiproteinase F,,,1,22,ECO:0000269,,,,,,,,,,,,,,,,,,,,,,,,,,,,,,,,,
P22325,405,P22325,,Eukaryota,Cavia porcellus,10141,Alpha-1-antiproteinase S,,,1,24,ECO:0000269,,,,,,,,,,,,,,,,,,,,,,,,,,,,,,,,,
P22952,117,P22952,,Eukaryota,Sus scrofa,9823,Alveolar macrophage chemotactic factor 2,,,1,36,ECO:0000269,,,,,,,,,,,,,,,,,,,,,,,,,,,,,,,,,
P22969,182,P22969,Q28907,Eukaryota,Equus caballus,9796,Prorelaxin,,,1,25,ECO:0000269,,,,,,,,,,,,,,,,,,,,,,,,,,,,,,,,,
P23035,413,P23035,,Eukaryota,Oryctolagus cuniculus,9986,Alpha-1-antiproteinase F,,,1,24,ECO:0000269,,,,,,,,,,,,,,,,,,,,,,,,,,,,,,,,,
P25796,391,P25796,,Eukaryota,Cavia porcellus,10141,Cathepsin E,,,1,19,ECO:0000269,,,,,,,,,,,,,,,,,,,,,,,,,,,,,,,,,
P26776,153,P26776,Q712L0,Eukaryota,Sus scrofa,9823,Carbohydrate-binding protein AWN,,,1,20,ECO:0000269,,,,,,,,,,,,,,,,,,,,,,,,,,,,,,,,,
P27485,201,P27485,,Eukaryota,Sus scrofa,9823,Retinol-binding protein 4,,,1,18,ECO:0000269,,,,,,,,,,,,,,,,,,,,,,,,,,,,,,,,,
P30438,92,P30438,P30439,Eukaryota,Felis catus,9685,Major allergen I polypeptide chain 1,,,1,22,ECO:0000269,,,,,,,,,,,,,,,,,,,,,,,,,,,,,,,,,
P31235,409,P31235,,Eukaryota,Oryctolagus cuniculus,9986,Calsequestrin-2,,,1,19,ECO:0000269,,,,,,,,,,,,,,,,,,,,,,,,,,,,,,,,,
P31532,130,P31532,,Eukaryota,Mus musculus,10090,Serum amyloid A-4 protein,,,1,18,ECO:0000269,,,,,,,,,,,,,,,,,,,,,,,,,,,,,,,,,
P33093,217,P33093,,Eukaryota,Macaca mulatta,9544,Somatotropin,,,1,26,ECO:0000269,,,,,,,,,,,,,,,,,,,,,,,,,,,,,,,,,
P33579,238,P33579,,Eukaryota,Rattus norvegicus,10116,Prolactin-8A5,,,1,30,ECO:0000269,,,,,,,,,,,,,,,,,,,,,,,,,,,,,,,,,
P34207,223,P34207,Q4QRA7,Eukaryota,Rattus norvegicus,10116,Prolactin-3D4,,,1,28,ECO:0000269,,,,,,,,,,,,,,,,,,,,,,,,,,,,,,,,,
P35496,137,P35496,,Eukaryota,Sus scrofa,9823,Major seminal plasma glycoprotein PSP-II,,,1,21,ECO:0000269,,,,,,,,,,,,,,,,,,,,,,,,,,,,,,,,,
P35541,130,P35541,Q32L36,Eukaryota,Bos taurus,9913,Serum amyloid A protein,,,1,18,ECO:0000269,,,,,,,,,,,,,,,,,,,,,,,,,,,,,,,,,
P35572,226,P35572,Q499W1,Eukaryota,Rattus norvegicus,10116,Insulin-like growth factor-binding protein 6,,,1,25,ECO:0000269,,,,,,,,,,,,,,,,,,,,,,,,,,,,,,,,,
P38029,421,P38029,O46519,Eukaryota,Equus caballus,9796,Alpha-1-antiproteinase 2,,,1,24,ECO:0000269,,,,,,,,,,,,,,,,,,,,,,,,,,,,,,,,,
P38660,439,P38660,,Eukaryota,Mesocricetus auratus,10036,Protein disulfide-isomerase A6,,,1,19,ECO:0000269,,,,,,,,,,,,,,,,,,,,,,,,,,,,,,,,,
P42705,352,P42705,,Eukaryota,Canis lupus familiaris,9615,Thrombopoietin,,,1,23,ECO:0000269,,,,,,,,,,,,,,,,,,,,,,,,,,,,,,,,,
P46162,63,P46162,,Eukaryota,Bos taurus,9913,Beta-defensin 4,,,1,22,ECO:0000269,,,,,,,,,,,,,,,,,,,,,,,,,,,,,,,,,
P46163,64,P46163,O97533,Eukaryota,Bos taurus,9913,Beta-defensin 5,,,1,22,ECO:0000269,,,,,,,,,,,,,,,,,,,,,,,,,,,,,,,,,
P46165,62,P46165,Q32P80,Eukaryota,Bos taurus,9913,Beta-defensin 7,,,1,22,ECO:0000269,,,,,,,,,,,,,,,,,,,,,,,,,,,,,,,,,
P46168,62,P46168,Q5W5G8,Eukaryota,Bos taurus,9913,Beta-defensin 10,,,1,22,ECO:0000269,,,,,,,,,,,,,,,,,,,,,,,,,,,,,,,,,
P47853,369,P47853,,Eukaryota,Rattus norvegicus,10116,Biglycan,,,1,16,ECO:0000269,,,,,,,,,,,,,,,,,,,,,,,,,,,,,,,,,
P48747,557,P48747,,Eukaryota,Oryctolagus cuniculus,9986,Complement component C9,,,1,21,ECO:0000269,236,243,ECO:0000250,270,277,ECO:0000250,379,386,ECO:0000250,387,395,ECO:0000250,,,,,,,,,,,,,,,,,,,,,
P49141,149,P49141,,Eukaryota,Monodelphis domestica,13616,Transthyretin,,,1,20,ECO:0000269,,,,,,,,,,,,,,,,,,,,,,,,,,,,,,,,,
P49921,91,P49921,,Eukaryota,Sus scrofa,9823,Progonadoliberin-1,,,1,23,ECO:0000269,,,,,,,,,,,,,,,,,,,,,,,,,,,,,,,,,
P50448,468,P50448,,Eukaryota,Bos taurus,9913,Factor XIIa inhibitor,,,1,23,ECO:0000269,,,,,,,,,,,,,,,,,,,,,,,,,,,,,,,,,
P50828,459,P50828,,Eukaryota,Sus scrofa,9823,Hemopexin,,,1,28,ECO:0000269,,,,,,,,,,,,,,,,,,,,,,,,,,,,,,,,,
P55803,246,P55803,A5PKD0,Eukaryota,Bos taurus,9913,Myelin-oligodendrocyte glycoprotein,,,1,28,ECO:0000269,154,174,ECO:0000255,210,230,ECO:0000255,,,,,,,,,,,,,,,,,,,,,,,,,,,
P56595,88,P56595,,Eukaryota,Canis lupus familiaris,9615,Apolipoprotein C-I,,,1,26,ECO:0000269,,,,,,,,,,,,,,,,,,,,,,,,,,,,,,,,,
P56829,195,P56829,P08316,Eukaryota,Ovis aries,9940,Interferon tau-2,,,1,23,ECO:0000269,,,,,,,,,,,,,,,,,,,,,,,,,,,,,,,,,
P58294,105,P58294,"Q5VWD4, Q8TC69",Eukaryota,Homo sapiens,9606,Prokineticin-1,,,1,19,ECO:0000269,,,,,,,,,,,,,,,,,,,,,,,,,,,,,,,,,
P60153,205,P60153,"A2RQR8, A8QJS1, Q5GAN7, Q6KG53",Eukaryota,Homo sapiens,9606,Inactive ribonuclease-like protein 9,,,1,26,ECO:0000269,,,,,,,,,,,,,,,,,,,,,,,,,,,,,,,,,
P61629,148,P61629,"P00696, P79163, P79844",Eukaryota,Papio anubis,9555,Lysozyme C,,,1,18,ECO:0000269,,,,,,,,,,,,,,,,,,,,,,,,,,,,,,,,,
P61917,151,P61917,"Q15668, Q29413",Eukaryota,Pan troglodytes,9598,NPC intracellular cholesterol transporter 2,,,1,19,ECO:0000269,,,,,,,,,,,,,,,,,,,,,,,,,,,,,,,,,
P63152,143,P63152,"H0W595, P01294",Eukaryota,Cavia porcellus,10141,Gastrin-releasing peptide,,,1,23,ECO:0000269,,,,,,,,,,,,,,,,,,,,,,,,,,,,,,,,,
P67976,180,P67976,P02757,Eukaryota,Ovis aries,9940,Beta-lactoglobulin-1/B,,,1,18,ECO:0000269,,,,,,,,,,,,,,,,,,,,,,,,,,,,,,,,,
P67977,148,P67977,P07232,Eukaryota,Semnopithecus entellus,88029,Lysozyme C,,,1,18,ECO:0000269,,,,,,,,,,,,,,,,,,,,,,,,,,,,,,,,,
P80195,153,P80195,"P35451, Q32P62",Eukaryota,Bos taurus,9913,Glycosylation-dependent cell adhesion molecule 1,,,1,18,ECO:0000269,,,,,,,,,,,,,,,,,,,,,,,,,,,,,,,,,
P80513,179,P80513,A6QPB9,Eukaryota,Bos taurus,9913,Mesencephalic astrocyte-derived neurotrophic factor,,,1,21,ECO:0000269,,,,,,,,,,,,,,,,,,,,,,,,,,,,,,,,,
P81019,183,P81019,O97868,Eukaryota,Bos taurus,9913,Seminal plasma protein BSP-30 kDa,,,1,25,ECO:0000269,,,,,,,,,,,,,,,,,,,,,,,,,,,,,,,,,
P81264,98,P81264,,Eukaryota,Bos taurus,9913,Prolactin-releasing peptide,,,1,22,ECO:0000269,,,,,,,,,,,,,,,,,,,,,,,,,,,,,,,,,
P81447,154,P81447,Q9BDC6,Eukaryota,Capra hircus,9925,Glycosylation-dependent cell adhesion molecule 1,,,1,18,ECO:0000269,,,,,,,,,,,,,,,,,,,,,,,,,,,,,,,,,
P81497,387,P81497,Q9GMY9,Eukaryota,Suncus murinus,9378,Pepsin A,,,1,16,ECO:0000269,,,,,,,,,,,,,,,,,,,,,,,,,,,,,,,,,
P81498,389,P81498,Q9GMY5,Eukaryota,Suncus murinus,9378,Gastricsin,,,1,16,ECO:0000269,,,,,,,,,,,,,,,,,,,,,,,,,,,,,,,,,
P84039,477,P84039,Q5EAN9,Eukaryota,Rattus norvegicus,10116,Ectonucleotide pyrophosphatase/phosphodiesterase family member 5,,,1,24,ECO:0000269,432,452,ECO:0000305,,,,,,,,,,,,,,,,,,,,,,,,,,,,,,
P97535,456,P97535,,Eukaryota,Rattus norvegicus,10116,Phospholipase A1 member A,,,1,24,ECO:0000269,,,,,,,,,,,,,,,,,,,,,,,,,,,,,,,,,
P98140,612,P98140,Q0P5I3,Eukaryota,Bos taurus,9913,Coagulation factor XII,,,1,19,ECO:0000269,,,,,,,,,,,,,,,,,,,,,,,,,,,,,,,,,
Q02862,184,Q02862,,Eukaryota,Mus musculus,10090,Alpha-S2-casein-like A,,,1,15,ECO:0000269,,,,,,,,,,,,,,,,,,,,,,,,,,,,,,,,,
Q03044,410,Q03044,,Eukaryota,Didelphis virginiana,9267,Alpha-1-antiproteinase,,,1,21,ECO:0000269,,,,,,,,,,,,,,,,,,,,,,,,,,,,,,,,,
Q04962,603,Q04962,,Eukaryota,Cavia porcellus,10141,Coagulation factor XII,,,1,18,ECO:0000269,,,,,,,,,,,,,,,,,,,,,,,,,,,,,,,,,
Q05186,325,Q05186,Q3TVU3,Eukaryota,Mus musculus,10090,Reticulocalbin-1,,,1,23,ECO:0000269,,,,,,,,,,,,,,,,,,,,,,,,,,,,,,,,,
Q05443,342,Q05443,Q3T0T2,Eukaryota,Bos taurus,9913,Lumican,,,1,18,ECO:0000269,,,,,,,,,,,,,,,,,,,,,,,,,,,,,,,,,
Q0P569,474,Q0P569,,Eukaryota,Bos taurus,9913,Nucleobindin-1,,,1,24,ECO:0000269,,,,,,,,,,,,,,,,,,,,,,,,,,,,,,,,,
Q14641,139,Q14641,"A8K678, Q5W127",Eukaryota,Homo sapiens,9606,Early placenta insulin-like peptide,,,1,25,ECO:0000269,,,,,,,,,,,,,,,,,,,,,,,,,,,,,,,,,
Q27972,361,Q27972,,Eukaryota,Bos taurus,9913,Chondroadherin,,,1,24,ECO:0000269,,,,,,,,,,,,,,,,,,,,,,,,,,,,,,,,,
Q28042,537,Q28042,,Eukaryota,Bos taurus,9913,Oviduct-specific glycoprotein,,,1,18,ECO:0000269,,,,,,,,,,,,,,,,,,,,,,,,,,,,,,,,,
Q28862,310,Q28862,,Eukaryota,Bos taurus,9913,Integrin-binding sialoprotein,,,1,16,ECO:0000269,,,,,,,,,,,,,,,,,,,,,,,,,,,,,,,,,
Q28989,421,Q28989,,Eukaryota,Sus scrofa,9823,Ameloblastin,,,1,26,ECO:0000269,,,,,,,,,,,,,,,,,,,,,,,,,,,,,,,,,
Q29381,439,Q29381,Q9GL02,Eukaryota,Sus scrofa,9823,Dolichyl-diphosphooligosaccharide--protein glycosyltransferase 48 kDa subunit,,,1,25,ECO:0000269,411,430,ECO:0000255,,,,,,,,,,,,,,,,,,,,,,,,,,,,,,
Q29422,333,Q29422,,Eukaryota,Ovis aries,9940,T-cell surface glycoprotein CD1b-2,,,1,20,ECO:0000269,303,323,ECO:0000255,,,,,,,,,,,,,,,,,,,,,,,,,,,,,,
Q3UN54,99,Q3UN54,,Eukaryota,Mus musculus,10090,Prostate and testis expressed protein 14,,,1,21,ECO:0000269,,,,,,,,,,,,,,,,,,,,,,,,,,,,,,,,,
Q3YBN2,398,Q3YBN2,,Eukaryota,Mesocricetus auratus,10036,Tear acid lipase-like protein,,,1,19,ECO:0000269,,,,,,,,,,,,,,,,,,,,,,,,,,,,,,,,,
Q5DT21,86,Q5DT21,B2RPN9,Eukaryota,Homo sapiens,9606,Serine protease inhibitor Kazal-type 9,,,1,19,ECO:0000269,,,,,,,,,,,,,,,,,,,,,,,,,,,,,,,,,
Q5FWE3,981,Q5FWE3,"Q49AD0, Q6UXY6, Q8NBC9",Eukaryota,Homo sapiens,9606,Proline-rich transmembrane protein 3,,,1,27,ECO:0000269,475,495,ECO:0000255,502,522,ECO:0000255,543,563,ECO:0000255,571,591,ECO:0000255,599,619,ECO:0000255,639,659,ECO:0000255,680,700,ECO:0000255,,,,,,,,,,,,
Q60767,1723,Q60767,"B2RWW5, Q8C7T3, Q91XL8, Q9QUZ6",Eukaryota,Mus musculus,10090,Lymphocyte antigen 75,,,1,27,ECO:0000269,1668,1692,ECO:0000255,,,,,,,,,,,,,,,,,,,,,,,,,,,,,,
Q60GF7,252,Q60GF7,,Eukaryota,Rattus norvegicus,10116,"GPI alpha-1,4-mannosyltransferase I, stabilizing subunit",,,1,22,ECO:0000269,225,245,ECO:0000255,,,,,,,,,,,,,,,,,,,,,,,,,,,,,,
Q62632,306,Q62632,,Eukaryota,Rattus norvegicus,10116,Follistatin-related protein 1,,,1,18,ECO:0000269,,,,,,,,,,,,,,,,,,,,,,,,,,,,,,,,,
Q62703,320,Q62703,Q6P6X5,Eukaryota,Rattus norvegicus,10116,Reticulocalbin-2,,,1,25,ECO:0000269,,,,,,,,,,,,,,,,,,,,,,,,,,,,,,,,,
Q63010,561,Q63010,"Q6AYA3, Q9QUX6",Eukaryota,Rattus norvegicus,10116,Liver carboxylesterase B-1,,,1,18,ECO:0000269,,,,,,,,,,,,,,,,,,,,,,,,,,,,,,,,,
Q63191,1216,Q63191,,Eukaryota,Rattus norvegicus,10116,Apical endosomal glycoprotein,,,1,21,ECO:0000269,1156,1176,ECO:0000255,,,,,,,,,,,,,,,,,,,,,,,,,,,,,,
Q6UW32,110,Q6UW32,,Eukaryota,Homo sapiens,9606,Insulin growth factor-like family member 1,,,1,24,ECO:0000269,,,,,,,,,,,,,,,,,,,,,,,,,,,,,,,,,
Q6UWM5,242,Q6UWM5,Q96L06,Eukaryota,Homo sapiens,9606,GLIPR1-like protein 1,,,1,22,ECO:0000269,,,,,,,,,,,,,,,,,,,,,,,,,,,,,,,,,
Q6UWM7,567,Q6UWM7,B3KQY0,Eukaryota,Homo sapiens,9606,Lactase-like protein,,,1,21,ECO:0000269,542,562,ECO:0000255,,,,,,,,,,,,,,,,,,,,,,,,,,,,,,
Q6UWV2,235,Q6UWV2,"A8K025, B4DLD5, B4E2I8",Eukaryota,Homo sapiens,9606,Myelin protein zero-like protein 3,,,1,31,ECO:0000269,159,179,ECO:0000255,,,,,,,,,,,,,,,,,,,,,,,,,,,,,,
Q6UX52,265,Q6UX52,,Eukaryota,Homo sapiens,9606,Protein IL-40,,,1,20,ECO:0000269,,,,,,,,,,,,,,,,,,,,,,,,,,,,,,,,,
Q6UXK5,716,Q6UXK5,"Q3LID5, Q8IYV5, Q9H8V1, Q9P231",Eukaryota,Homo sapiens,9606,Leucine-rich repeat neuronal protein 1,,,1,25,ECO:0000269,632,652,ECO:0000255,,,,,,,,,,,,,,,,,,,,,,,,,,,,,,
Q8CEK3,90,Q8CEK3,,Eukaryota,Mus musculus,10090,"Serine protease inhibitor kazal-like protein, minor form",,,1,23,ECO:0000269,,,,,,,,,,,,,,,,,,,,,,,,,,,,,,,,,
Q8HY17,140,Q8HY17,A7YKU2,Eukaryota,Sus scrofa,9823,Relaxin-3,,,1,26,ECO:0000269,,,,,,,,,,,,,,,,,,,,,,,,,,,,,,,,,
Q8MI01,330,Q8MI01,Q8MI16,Eukaryota,Bos taurus,9913,Mucin-15,,,1,23,ECO:0000269,233,253,ECO:0000255,,,,,,,,,,,,,,,,,,,,,,,,,,,,,,
Q8NBM8,494,Q8NBM8,"Q7Z4S2, Q8NCY5, Q8NF69, Q9BTE8, Q9BWS3",Eukaryota,Homo sapiens,9606,Prenylcysteine oxidase 1-like,,,1,22,ECO:0000269,,,,,,,,,,,,,,,,,,,,,,,,,,,,,,,,,
Q8TAL6,211,Q8TAL6,,Eukaryota,Homo sapiens,9606,Fin bud initiation factor homolog,,,1,18,ECO:0000269,,,,,,,,,,,,,,,,,,,,,,,,,,,,,,,,,
Q95121,416,Q95121,Q2KIF6,Eukaryota,Bos taurus,9913,Pigment epithelium-derived factor,,,1,20,ECO:0000269,,,,,,,,,,,,,,,,,,,,,,,,,,,,,,,,,
Q96I82,304,Q96I82,"D3DR74, Q6ZMB1, Q9BQ73",Eukaryota,Homo sapiens,9606,Kazal-type serine protease inhibitor domain-containing protein 1,,,1,30,ECO:0000269,,,,,,,,,,,,,,,,,,,,,,,,,,,,,,,,,
Q96IQ7,327,Q96IQ7,"O95791, Q9NX42",Eukaryota,Homo sapiens,9606,V-set and immunoglobulin domain-containing protein 2,,,1,23,ECO:0000269,244,264,ECO:0000255,,,,,,,,,,,,,,,,,,,,,,,,,,,,,,
Q96PL1,93,Q96PL1,,Eukaryota,Homo sapiens,9606,Secretoglobin family 3A member 2,,,1,21,ECO:0000269,,,,,,,,,,,,,,,,,,,,,,,,,,,,,,,,,
Q96QR1,104,Q96QR1,Q96PL0,Eukaryota,Homo sapiens,9606,Secretoglobin family 3A member 1,,,1,20,ECO:0000269,,,,,,,,,,,,,,,,,,,,,,,,,,,,,,,,,
Q96S96,227,Q96S96,"Q5EVA1, Q8WW74",Eukaryota,Homo sapiens,9606,Phosphatidylethanolamine-binding protein 4,,,1,22,ECO:0000269,,,,,,,,,,,,,,,,,,,,,,,,,,,,,,,,,
Q9BX93,195,Q9BX93,"B7ZL23, Q52LB2, Q96Q99",Eukaryota,Homo sapiens,9606,Group XIIB secretory phospholipase A2-like protein,,,1,19,ECO:0000269,,,,,,,,,,,,,,,,,,,,,,,,,,,,,,,,,
Q9D3H2,163,Q9D3H2,P97336,Eukaryota,Mus musculus,10090,Odorant-binding protein 1a,,,1,16,ECO:0000269,,,,,,,,,,,,,,,,,,,,,,,,,,,,,,,,,
Q9GK12,193,Q9GK12,,Eukaryota,Camelus dromedarius,9838,Peptidoglycan recognition protein 1,,,1,21,ECO:0000269,,,,,,,,,,,,,,,,,,,,,,,,,,,,,,,,,
Q9H4G1,147,Q9H4G1,B2R5A1,Eukaryota,Homo sapiens,9606,Cystatin-9-like,,,1,28,ECO:0000269,,,,,,,,,,,,,,,,,,,,,,,,,,,,,,,,,
Q9HB40,452,Q9HB40,"Q96A94, Q9H3F0",Eukaryota,Homo sapiens,9606,Retinoid-inducible serine carboxypeptidase,,,1,26,ECO:0000269,,,,,,,,,,,,,,,,,,,,,,,,,,,,,,,,,
Q9MYV1,128,Q9MYV1,,Eukaryota,Canis lupus familiaris,9615,Calcitonin gene-related peptide 1,,,1,25,ECO:0000269,,,,,,,,,,,,,,,,,,,,,,,,,,,,,,,,,
Q9N2D2,381,Q9N2D2,,Eukaryota,Callithrix jacchus,9483,Chymosin,,,1,16,ECO:0000269,,,,,,,,,,,,,,,,,,,,,,,,,,,,,,,,,
Q9N2D3,388,Q9N2D3,,Eukaryota,Callithrix jacchus,9483,Gastricsin,,,1,16,ECO:0000269,,,,,,,,,,,,,,,,,,,,,,,,,,,,,,,,,
Q9N2D4,387,Q9N2D4,,Eukaryota,Callithrix jacchus,9483,Pepsin A,,,1,15,ECO:0000269,,,,,,,,,,,,,,,,,,,,,,,,,,,,,,,,,
Q9NRR1,136,Q9NRR1,,Eukaryota,Homo sapiens,9606,Cytokine-like protein 1,,,1,22,ECO:0000269,,,,,,,,,,,,,,,,,,,,,,,,,,,,,,,,,
Q9NTU7,201,Q9NTU7,A8K0S5,Eukaryota,Homo sapiens,9606,Cerebellin-4,,,1,27,ECO:0000269,,,,,,,,,,,,,,,,,,,,,,,,,,,,,,,,,
Q9QXU1,172,Q9QXU1,,Eukaryota,Mesocricetus auratus,10036,Male-specific submandibular salivary gland protein,,,1,15,ECO:0000269,,,,,,,,,,,,,,,,,,,,,,,,,,,,,,,,,
Q9TRM8,177,Q9TRM8,"Q9N0Z7, Q9TRM9",Eukaryota,Canis lupus familiaris,9615,Prorelaxin,,,1,25,ECO:0000269,,,,,,,,,,,,,,,,,,,,,,,,,,,,,,,,,
Q9UN67,800,Q9UN67,Q96T99,Eukaryota,Homo sapiens,9606,Protocadherin beta-10,,,1,26,ECO:0000269,693,713,ECO:0000255,,,,,,,,,,,,,,,,,,,,,,,,,,,,,,
Q9XSC9,432,Q9XSC9,"Q0V8P0, Q1RMV8, Q58CR7, Q58DL8, Q9TR25",Eukaryota,Bos taurus,9913,Transcobalamin-2,,,1,18,ECO:0000269,,,,,,,,,,,,,,,,,,,,,,,,,,,,,,,,,
A2AEP0,171,A2AEP0,P97337,Eukaryota,Mus musculus,10090,Odorant-binding protein 1b,,,1,19,ECO:0000269,,,,,,,,,,,,,,,,,,,,,,,,,,,,,,,,,
D3Z9M3,109,D3Z9M3,,Eukaryota,Rattus norvegicus,10116,Gliadoralin-A,,,1,16,ECO:0000269,,,,,,,,,,,,,,,,,,,,,,,,,,,,,,,,,
F0UZ12,170,F0UZ12,H0W0A8,Eukaryota,Cavia porcellus,10141,Lipocalin Cav p 3.0101,,,1,15,ECO:0000269,,,,,,,,,,,,,,,,,,,,,,,,,,,,,,,,,
O46655,132,O46655,O97559,Eukaryota,Sus scrofa,9823,Whey acidic protein,,,1,19,ECO:0000269,,,,,,,,,,,,,,,,,,,,,,,,,,,,,,,,,
O62644,151,O62644,Q3ZBQ8,Eukaryota,Bos taurus,9913,Leukocyte cell-derived chemotaxin-2,,,1,18,ECO:0000269,,,,,,,,,,,,,,,,,,,,,,,,,,,,,,,,,
O95157,252,O95157,"Q8NDC3, Q8TBF6, Q9ULR1",Eukaryota,Homo sapiens,9606,Neurexophilin-3,,,1,22,ECO:0000269,,,,,,,,,,,,,,,,,,,,,,,,,,,,,,,,,
P01174,137,P01174,,Eukaryota,Rattus norvegicus,10116,Whey acidic protein,,,1,19,ECO:0000269,,,,,,,,,,,,,,,,,,,,,,,,,,,,,,,,,
P01226,129,P01226,Q9TTJ9,Eukaryota,Equus caballus,9796,Follitropin subunit beta,,,1,18,ECO:0000269,,,,,,,,,,,,,,,,,,,,,,,,,,,,,,,,,
P01299,93,P01299,,Eukaryota,Canis lupus familiaris,9615,Pancreatic polypeptide prohormone,,,1,29,ECO:0000269,,,,,,,,,,,,,,,,,,,,,,,,,,,,,,,,,
P01302,131,P01302,,Eukaryota,Bos taurus,9913,Pancreatic polypeptide prohormone,,,1,29,ECO:0000269,,,,,,,,,,,,,,,,,,,,,,,,,,,,,,,,,
P01307,119,P01307,"A5X8W5, Q2I0F9",Eukaryota,Sus scrofa,9823,Promotilin,,,1,25,ECO:0000269,,,,,,,,,,,,,,,,,,,,,,,,,,,,,,,,,
P01633,149,P01633,,Eukaryota,Mus musculus,10090,Immunoglobulin kappa chain variable 6-17,,,1,29,ECO:0000269,,,,,,,,,,,,,,,,,,,,,,,,,,,,,,,,,
P01639,130,P01639,P01640,Eukaryota,Mus musculus,10090,Immunoglobulin kappa chain variable 9-120,,,1,22,ECO:0000269,,,,,,,,,,,,,,,,,,,,,,,,,,,,,,,,,
P02739,129,P02739,,Eukaryota,Neogale vison,452646,Serum amyloid A-2 protein,,,1,18,ECO:0000269,,,,,,,,,,,,,,,,,,,,,,,,,,,,,,,,,
P02758,180,P02758,Q28394,Eukaryota,Equus caballus,9796,Beta-lactoglobulin-1,,,1,18,ECO:0000269,,,,,,,,,,,,,,,,,,,,,,,,,,,,,,,,,
P02782,111,P02782,"P60808, Q499X0, Q63469",Eukaryota,Rattus norvegicus,10116,Prostatic steroid-binding protein C1,,,1,23,ECO:0000269,,,,,,,,,,,,,,,,,,,,,,,,,,,,,,,,,
P05367,122,P05367,,Eukaryota,Mus musculus,10090,Serum amyloid A-2 protein,,,1,19,ECO:0000269,,,,,,,,,,,,,,,,,,,,,,,,,,,,,,,,,
P06912,201,P06912,,Eukaryota,Oryctolagus cuniculus,9986,Retinol-binding protein 4,,,1,18,ECO:0000269,,,,,,,,,,,,,,,,,,,,,,,,,,,,,,,,,
P07380,181,P07380,"Q28395, Q549K0",Eukaryota,Equus caballus,9796,Beta-lactoglobulin-2,,,1,18,ECO:0000269,,,,,,,,,,,,,,,,,,,,,,,,,,,,,,,,,
P11839,222,P11839,Q69B25,Eukaryota,Ovis aries,9940,Beta-casein,,,1,15,ECO:0000269,,,,,,,,,,,,,,,,,,,,,,,,,,,,,,,,,
P13083,126,P13083,,Eukaryota,Cavia porcellus,10141,Pancreatic polypeptide prohormone,,,1,26,ECO:0000269,,,,,,,,,,,,,,,,,,,,,,,,,,,,,,,,,
P15399,177,P15399,Q53Z30,Eukaryota,Rattus norvegicus,10116,Probasin,,,1,17,ECO:0000269,,,,,,,,,,,,,,,,,,,,,,,,,,,,,,,,,
P20462,176,P20462,,Eukaryota,Notamacropus eugenii,9315,Late lactation protein A,,,1,18,ECO:0000269,,,,,,,,,,,,,,,,,,,,,,,,,,,,,,,,,
P21814,429,P21814,,Eukaryota,Ovis aries,9940,Uterine milk protein,,,1,25,ECO:0000269,,,,,,,,,,,,,,,,,,,,,,,,,,,,,,,,,
P22323,410,P22323,,Eukaryota,Cavia porcellus,10141,Serine proteinase inhibitor A3K,,,1,24,ECO:0000269,,,,,,,,,,,,,,,,,,,,,,,,,,,,,,,,,
P23438,183,P23438,,Eukaryota,Canis lupus familiaris,9615,Translocon-associated protein subunit beta,,,1,17,ECO:0000269,150,169,ECO:0000255,,,,,,,,,,,,,,,,,,,,,,,,,,,,,,
P24854,259,P24854,Q06AV6,Eukaryota,Sus scrofa,9823,Insulin-like growth factor-binding protein 4,,,1,22,ECO:0000269,,,,,,,,,,,,,,,,,,,,,,,,,,,,,,,,,
P25068,64,P25068,O97532,Eukaryota,Bos taurus,9913,Tracheal antimicrobial peptide,,,1,26,ECO:0000269,,,,,,,,,,,,,,,,,,,,,,,,,,,,,,,,,
P26202,137,P26202,,Eukaryota,Oryctolagus cuniculus,9986,15 kDa protein A,,,1,20,ECO:0000269,,,,,,,,,,,,,,,,,,,,,,,,,,,,,,,,,
P26203,137,P26203,,Eukaryota,Oryctolagus cuniculus,9986,15 kDa protein B,,,1,20,ECO:0000269,,,,,,,,,,,,,,,,,,,,,,,,,,,,,,,,,
P26461,97,P26461,,Eukaryota,Sus scrofa,9823,Sperm-associated acrosin inhibitor,,,1,26,ECO:0000269,,,,,,,,,,,,,,,,,,,,,,,,,,,,,,,,,
P29392,134,P29392,Q2YDJ6,Eukaryota,Bos taurus,9913,Spermadhesin-1,,,1,20,ECO:0000269,,,,,,,,,,,,,,,,,,,,,,,,,,,,,,,,,
P29701,364,P29701,,Eukaryota,Ovis aries,9940,Alpha-2-HS-glycoprotein,,,1,15,ECO:0000269,,,,,,,,,,,,,,,,,,,,,,,,,,,,,,,,,
P36233,273,P36233,Q9GLL0,Eukaryota,Oryctolagus cuniculus,9986,SPARC,,,1,17,ECO:0000269,,,,,,,,,,,,,,,,,,,,,,,,,,,,,,,,,
P37109,86,P37109,,Eukaryota,Sus scrofa,9823,Serine protease inhibitor Kazal-type 4,,,1,26,ECO:0000269,,,,,,,,,,,,,,,,,,,,,,,,,,,,,,,,,
P39037,232,P39037,,Eukaryota,Sus scrofa,9823,Beta-casein,,,1,15,ECO:0000269,,,,,,,,,,,,,,,,,,,,,,,,,,,,,,,,,
P39873,167,P39873,Q1RMP6,Eukaryota,Bos taurus,9913,Brain ribonuclease,,,1,26,ECO:0000269,,,,,,,,,,,,,,,,,,,,,,,,,,,,,,,,,
P41547,130,P41547,Q9MYV2,Eukaryota,Canis lupus familiaris,9615,Calcitonin,,,1,25,ECO:0000269,,,,,,,,,,,,,,,,,,,,,,,,,,,,,,,,,
P42889,111,P42889,,Eukaryota,Myocastor coypus,10157,Colipase,,,1,17,ECO:0000269,,,,,,,,,,,,,,,,,,,,,,,,,,,,,,,,,
P46169,60,P46169,Q5W5G7,Eukaryota,Bos taurus,9913,Beta-defensin 11,,,1,22,ECO:0000269,,,,,,,,,,,,,,,,,,,,,,,,,,,,,,,,,
P55057,124,P55057,,Eukaryota,Oryctolagus cuniculus,9986,Apolipoprotein C-IV,,,1,27,ECO:0000269,,,,,,,,,,,,,,,,,,,,,,,,,,,,,,,,,
P80964,130,P80964,O46615,Eukaryota,Sus scrofa,9823,Seminal plasma protein pB1,,,1,25,ECO:0000269,,,,,,,,,,,,,,,,,,,,,,,,,,,,,,,,,
P81623,258,P81623,Q17QC3,Eukaryota,Bos taurus,9913,Endoplasmic reticulum resident protein 29,,,1,29,ECO:0000269,,,,,,,,,,,,,,,,,,,,,,,,,,,,,,,,,
P81999,358,P81999,,Eukaryota,Canis lupus familiaris,9615,DnaJ homolog subfamily B member 11,,,1,22,ECO:0000269,,,,,,,,,,,,,,,,,,,,,,,,,,,,,,,,,
P82187,185,P82187,Q8SPR0,Eukaryota,Equus caballus,9796,Kappa-casein,,,1,20,ECO:0000269,,,,,,,,,,,,,,,,,,,,,,,,,,,,,,,,,
P82943,92,P82943,Q8MI76,Eukaryota,Bos taurus,9913,Regakine-1,,,1,21,ECO:0000269,,,,,,,,,,,,,,,,,,,,,,,,,,,,,,,,,
P83508,170,P83508,F0UZ11,Eukaryota,Cavia porcellus,10141,Lipocalin Cav p 2.0101,,,1,16,ECO:0000269,,,,,,,,,,,,,,,,,,,,,,,,,,,,,,,,,
P97515,348,P97515,,Eukaryota,Meriones unguiculatus,10047,Alpha-2-HS-glycoprotein,,,1,18,ECO:0000269,,,,,,,,,,,,,,,,,,,,,,,,,,,,,,,,,
Q03472,202,Q03472,,Eukaryota,Sus scrofa,9823,Apolipoprotein R,,,1,28,ECO:0000269,,,,,,,,,,,,,,,,,,,,,,,,,,,,,,,,,
Q06575,196,Q06575,,Eukaryota,Tamias sibiricus,64680,Hibernation-associated plasma protein HP-20,,,1,23,ECO:0000269,,,,,,,,,,,,,,,,,,,,,,,,,,,,,,,,,
Q06576,215,Q06576,,Eukaryota,Tamias sibiricus,64680,Hibernation-associated plasma protein HP-25,,,1,28,ECO:0000269,,,,,,,,,,,,,,,,,,,,,,,,,,,,,,,,,
Q06577,215,Q06577,,Eukaryota,Tamias sibiricus,64680,Hibernation-associated plasma protein HP-27,,,1,30,ECO:0000269,,,,,,,,,,,,,,,,,,,,,,,,,,,,,,,,,
Q27967,203,Q27967,Q3ZBZ5,Eukaryota,Bos taurus,9913,Secreted phosphoprotein 24,,,1,23,ECO:0000269,,,,,,,,,,,,,,,,,,,,,,,,,,,,,,,,,
Q28085,1236,Q28085,"Q3MHF3, Q9TQZ7",Eukaryota,Bos taurus,9913,Complement factor H,,,1,18,ECO:0000269,,,,,,,,,,,,,,,,,,,,,,,,,,,,,,,,,
Q28388,180,Q28388,,Eukaryota,Equus caballus,9796,Uterocalin,,,1,18,ECO:0000269,,,,,,,,,,,,,,,,,,,,,,,,,,,,,,,,,
Q28631,123,Q28631,,Eukaryota,Oryctolagus cuniculus,9986,WAP four-disulfide core domain protein 2,,,1,28,ECO:0000269,,,,,,,,,,,,,,,,,,,,,,,,,,,,,,,,,
Q29143,102,Q29143,,Eukaryota,Trichosurus vulpecula,9337,Early lactation protein,,,1,20,ECO:0000269,,,,,,,,,,,,,,,,,,,,,,,,,,,,,,,,,
Q29616,149,Q29616,Q9TRF3,Eukaryota,Macropus giganteus,9317,Transthyretin,,,1,22,ECO:0000269,,,,,,,,,,,,,,,,,,,,,,,,,,,,,,,,,
Q2KJF1,503,Q2KJF1,,Eukaryota,Bos taurus,9913,Alpha-1B-glycoprotein,,,1,21,ECO:0000269,,,,,,,,,,,,,,,,,,,,,,,,,,,,,,,,,
Q60477,244,Q60477,,Eukaryota,Cavia porcellus,10141,Cysteine-rich secretory protein 2,,,1,21,ECO:0000269,,,,,,,,,,,,,,,,,,,,,,,,,,,,,,,,,
Q6IY74,141,Q6IY74,Q7M3C7,Eukaryota,Oryctolagus cuniculus,9986,Lutropin subunit beta,,,1,18,ECO:0000269,,,,,,,,,,,,,,,,,,,,,,,,,,,,,,,,,
Q6UW01,205,Q6UW01,,Eukaryota,Homo sapiens,9606,Cerebellin-3,,,1,32,ECO:0000269,,,,,,,,,,,,,,,,,,,,,,,,,,,,,,,,,
Q6UW10,78,Q6UW10,"A2ABK7, A2ACH1, B7ZCJ7",Eukaryota,Homo sapiens,9606,Surfactant-associated protein 2,,,1,19,ECO:0000269,,,,,,,,,,,,,,,,,,,,,,,,,,,,,,,,,
Q6UWE3,100,Q6UWE3,"B0QZ45, Q5T9G3",Eukaryota,Homo sapiens,9606,Colipase-like protein 2,,,1,21,ECO:0000269,,,,,,,,,,,,,,,,,,,,,,,,,,,,,,,,,
Q6UWI4,295,Q6UWI4,"B9EH70, Q5W0G8",Eukaryota,Homo sapiens,9606,Protein shisa-2 homolog,,,1,33,ECO:0000269,111,131,ECO:0000255,,,,,,,,,,,,,,,,,,,,,,,,,,,,,,
Q6UWJ8,174,Q6UWJ8,"B2RPJ0, Q5JXD6",Eukaryota,Homo sapiens,9606,CD164 sialomucin-like 2 protein,,,1,29,ECO:0000269,142,162,ECO:0000255,,,,,,,,,,,,,,,,,,,,,,,,,,,,,,
Q6UWN8,80,Q6UWN8,"E0X656, Q8N5P0",Eukaryota,Homo sapiens,9606,Serine protease inhibitor Kazal-type 6,,,1,23,ECO:0000269,,,,,,,,,,,,,,,,,,,,,,,,,,,,,,,,,
Q6UWY5,402,Q6UWY5,"B4DP03, Q569G4",Eukaryota,Homo sapiens,9606,Olfactomedin-like protein 1,,,1,28,ECO:0000269,,,,,,,,,,,,,,,,,,,,,,,,,,,,,,,,,
Q6UXB1,125,Q6UXB1,,Eukaryota,Homo sapiens,9606,Insulin growth factor-like family member 3,,,1,24,ECO:0000269,,,,,,,,,,,,,,,,,,,,,,,,,,,,,,,,,
Q6XE38,83,Q6XE38,A1L4Q8,Eukaryota,Homo sapiens,9606,Secretoglobin family 1D member 4,,,1,21,ECO:0000269,,,,,,,,,,,,,,,,,,,,,,,,,,,,,,,,,
Q7Z5L0,202,Q7Z5L0,"C9JQ15, E9PAU9, E9PGP4, Q3SXP1, Q8IUY1",Eukaryota,Homo sapiens,9606,Vitelline membrane outer layer protein 1 homolog,,,1,24,ECO:0000269,,,,,,,,,,,,,,,,,,,,,,,,,,,,,,,,,
Q8HYA9,185,Q8HYA9,,Eukaryota,Sus scrofa,9823,Gastrokine-1,,,1,20,ECO:0000269,,,,,,,,,,,,,,,,,,,,,,,,,,,,,,,,,
Q8MI35,152,Q8MI35,,Eukaryota,Sus scrofa,9823,Neuropeptide W,,,1,32,ECO:0000269,,,,,,,,,,,,,,,,,,,,,,,,,,,,,,,,,
Q8MJV4,122,Q8MJV4,,Eukaryota,Bos taurus,9913,Neuropeptide B,,,1,24,ECO:0000269,,,,,,,,,,,,,,,,,,,,,,,,,,,,,,,,,
Q99MG7,172,Q99MG7,,Eukaryota,Mesocricetus auratus,10036,Female-specific lacrimal gland protein,,,1,16,ECO:0000269,,,,,,,,,,,,,,,,,,,,,,,,,,,,,,,,,
Q9NRC9,128,Q9NRC9,"D3DW22, Q3MIU6",Eukaryota,Homo sapiens,9606,Otoraplin,,,1,17,ECO:0000269,,,,,,,,,,,,,,,,,,,,,,,,,,,,,,,,,
Q9Z0M9,193,Q9Z0M9,"Q4FJR8, Q4FK87, Q9CV30, Q9QUH2, Q9Z0N0",Eukaryota,Mus musculus,10090,Interleukin-18-binding protein,,,1,28,ECO:0000269,,,,,,,,,,,,,,,,,,,,,,,,,,,,,,,,,
A3RJ36,64,A3RJ36,,Eukaryota,Bubalus bubalis,89462,Lingual antimicrobial peptide,,,1,24,ECO:0000269,,,,,,,,,,,,,,,,,,,,,,,,,,,,,,,,,
P01301,78,P01301,Q6T8R7,Eukaryota,Ovis aries,9940,Pancreatic polypeptide prohormone,,,1,19,ECO:0000269,,,,,,,,,,,,,,,,,,,,,,,,,,,,,,,,,
P01634,136,P01634,,Eukaryota,Mus musculus,10090,Ig kappa chain V-V region MOPC 21,,,1,29,ECO:0000269,,,,,,,,,,,,,,,,,,,,,,,,,,,,,,,,,
P01658,132,P01658,,Eukaryota,Mus musculus,10090,Ig kappa chain V-III region MOPC 321,,,1,20,ECO:0000269,,,,,,,,,,,,,,,,,,,,,,,,,,,,,,,,,
P01661,131,P01661,,Eukaryota,Mus musculus,10090,Ig kappa chain V-III region MOPC 63,,,1,20,ECO:0000269,,,,,,,,,,,,,,,,,,,,,,,,,,,,,,,,,
P01724,129,P01724,,Eukaryota,Mus musculus,10090,Ig lambda-1 chain V regions MOPC 104E/RPC20/J558/S104,,,1,19,ECO:0000269,,,,,,,,,,,,,,,,,,,,,,,,,,,,,,,,,
P01729,129,P01729,,Eukaryota,Mus musculus,10090,Ig lambda-2 chain V region MOPC 315,,,1,19,ECO:0000269,,,,,,,,,,,,,,,,,,,,,,,,,,,,,,,,,
P01795,144,P01795,,Eukaryota,Mus musculus,10090,Ig heavy chain V region M167,,,1,19,ECO:0000269,,,,,,,,,,,,,,,,,,,,,,,,,,,,,,,,,
P01822,137,P01822,,Eukaryota,Mus musculus,10090,Ig heavy chain V region MOPC 315,,,1,18,ECO:0000269,,,,,,,,,,,,,,,,,,,,,,,,,,,,,,,,,
P16531,132,P16531,,Eukaryota,Cavia porcellus,10141,Seminal vesicle protein SVP-2,,,1,14,ECO:0000269,,,,,,,,,,,,,,,,,,,,,,,,,,,,,,,,,
P51456,178,P51456,,Eukaryota,Oryctolagus cuniculus,9986,Relaxin-like protein SQ10,,,1,20,ECO:0000269,,,,,,,,,,,,,,,,,,,,,,,,,,,,,,,,,
P81827,101,P81827,Q53ZD7,Eukaryota,Rattus norvegicus,10116,Urinary protein 1,,,1,21,ECO:0000269,,,,,,,,,,,,,,,,,,,,,,,,,,,,,,,,,
P81828,101,P81828,,Eukaryota,Rattus norvegicus,10116,Urinary protein 2,,,1,21,ECO:0000269,,,,,,,,,,,,,,,,,,,,,,,,,,,,,,,,,
Q9TT95,120,Q9TT95,,Eukaryota,Sus scrofa,9823,Galanin-like peptide,,,1,22,ECO:0000269,,,,,,,,,,,,,,,,,,,,,,,,,,,,,,,,,
