ProteinId_input,Length_protein_UniProt,PrimaryAccession,SecondaryAccessions,Organism_class,Organism,TaxonID_org,ProteinDescription,Organism_host,TaxonID_org_host,Pos_sp_start_uniprot_1,Pos_sp_end_uniprot_1,Evidence_signal_peptide_1,Pos_sp_start_uniprot_2,Pos_sp_end_uniprot_2,Evidence_signal_peptide_2,Pos_tr_start_uniprot_1,Pos_tr_end_uniprot_1,Evidence_code_tr_1,Pos_tr_start_uniprot_2,Pos_tr_end_uniprot_2,Evidence_code_tr_2,Pos_tr_start_uniprot_3,Pos_tr_end_uniprot_3,Evidence_code_tr_3,Pos_tr_start_uniprot_4,Pos_tr_end_uniprot_4,Evidence_code_tr_4,Pos_tr_start_uniprot_5,Pos_tr_end_uniprot_5,Evidence_code_tr_5,Pos_tr_start_uniprot_6,Pos_tr_end_uniprot_6,Evidence_code_tr_6,Pos_tr_start_uniprot_7,Pos_tr_end_uniprot_7,Evidence_code_tr_7,Pos_tr_start_uniprot_8,Pos_tr_end_uniprot_8,Evidence_code_tr_8,Pos_tr_start_uniprot_9,Pos_tr_end_uniprot_9,Evidence_code_tr_9,Pos_tr_start_uniprot_10,Pos_tr_end_uniprot_10,Evidence_code_tr_10,Pos_tr_start_uniprot_11,Pos_tr_end_uniprot_11,Evidence_code_tr_11
A0A0B5A886,1073,A0A0B5A886,F1BA47,Viruses,SFTS phlebovirus (isolate SFTSV/Human/China/HB29/2010),992212,Envelopment polyprotein,"Haemaphysalis longicornis, Homo sapiens","44386, 9606",1,19,ECO:0000255,,,,454,474,ECO:0000255,1037,1057,ECO:0000255,,,,,,,,,,,,,,,,,,,,,,,,,,,
A2T3P5,326,A2T3P5,,Viruses,Rotavirus A (isolate RVA/Monkey/South Africa/SA11-H96/1958/G3P5B[2]),450149,Outer capsid glycoprotein VP7,Chlorocebus pygerythrus,60710,1,50,ECO:0000255,,,,,,,,,,,,,,,,,,,,,,,,,,,,,,,,,,,,
A3EX94,1352,A3EX94,,Viruses,Bat coronavirus HKU4,694007,Spike glycoprotein,Tylonycteris pachypus,258959,1,12,ECO:0000255,,,,1298,1318,ECO:0000255,,,,,,,,,,,,,,,,,,,,,,,,,,,,,,
A3EXD0,1352,A3EXD0,,Viruses,Bat coronavirus HKU5,694008,Spike glycoprotein,Pipistrellus abramus,105295,1,12,ECO:0000255,,,,1298,1318,ECO:0000255,,,,,,,,,,,,,,,,,,,,,,,,,,,,,,
A3EXG6,1274,A3EXG6,,Viruses,Bat coronavirus HKU9,694006,Spike glycoprotein,Rousettus leschenaultii,9408,1,11,ECO:0000255,,,,1213,1233,ECO:0000255,,,,,,,,,,,,,,,,,,,,,,,,,,,,,,
A6XIP3,1421,A6XIP3,,Viruses,Hazara virus (isolate JC280),11597,Envelopment polyprotein,Ixodes,6944,1,20,ECO:0000255,,,,480,500,ECO:0000255,611,631,ECO:0000255,644,664,ECO:0000255,709,729,ECO:0000255,1331,1351,ECO:0000255,,,,,,,,,,,,,,,,,,
F5HB81,845,F5HB81,,Viruses,Human herpesvirus 8 type P (isolate GK18),868565,Envelope glycoprotein B,Homo sapiens,9606,1,26,ECO:0000255,,,,733,753,ECO:0000255,,,,,,,,,,,,,,,,,,,,,,,,,,,,,,
H2AM12,1403,H2AM12,,Viruses,Bovine Schmallenberg virus (isolate Bovine/BH80/Germany/2011),1318464,Envelopment polyprotein,"Bos taurus, Ovis aries","9913, 9940",1,17,ECO:0000255,,,,210,230,ECO:0000255,315,335,ECO:0000255,362,382,ECO:0000255,449,469,ECO:0000255,1362,1382,ECO:0000255,,,,,,,,,,,,,,,,,,
J3WAX0,1076,J3WAX0,J3SPZ8,Viruses,Heartland virus,1216928,Envelopment polyprotein,"Alces americanus, Amblyomma americanum, Canis latrans, Didelphis virginiana, Equus caballus, Homo sapiens, Odocoileus virginianus, Procyon lotor","999462, 6943, 9614, 9267, 9796, 9606, 9874, 9654",1,18,ECO:0000255,,,,456,476,ECO:0000255,1041,1061,ECO:0000255,,,,,,,,,,,,,,,,,,,,,,,,,,,
K9N5Q8,1353,K9N5Q8,,Viruses,Middle East respiratory syndrome-related coronavirus (isolate United Kingdom/H123990006/2012),1263720,Spike glycoprotein,"Camelus dromedarius, Homo sapiens","9838, 9606",1,17,ECO:0000255,,,,1297,1317,ECO:0000255,,,,,,,,,,,,,,,,,,,,,,,,,,,,,,
O11457,676,O11457,Q913A3,Viruses,Zaire ebolavirus (strain Gabon-94),128947,Envelope glycoprotein,"Epomops franqueti, Homo sapiens, Myonycteris torquata","77231, 9606, 77243",1,32,ECO:0000255,,,,651,671,ECO:0000255,,,,,,,,,,,,,,,,,,,,,,,,,,,,,,
O12164,856,O12164,,Viruses,Human immunodeficiency virus type 1 group M subtype C (isolate 92BR025),388812,Envelope glycoprotein gp160,Homo sapiens,9606,1,31,ECO:0000255,,,,678,698,ECO:0000255,,,,,,,,,,,,,,,,,,,,,,,,,,,,,,
O36634,574,O36634,,Viruses,Human respiratory syncytial virus B (strain B1),79692,Fusion glycoprotein F0,Homo sapiens,9606,1,25,ECO:0000255,,,,525,550,ECO:0000250,,,,,,,,,,,,,,,,,,,,,,,,,,,,,,
O41803,849,O41803,,Viruses,Human immunodeficiency virus type 1 group M subtype G (isolate 92NG083),388825,Envelope glycoprotein gp160,Homo sapiens,9606,1,31,ECO:0000255,,,,671,691,ECO:0000255,,,,,,,,,,,,,,,,,,,,,,,,,,,,,,
O70902,845,O70902,,Viruses,Human immunodeficiency virus type 1 group M subtype H (isolate 90CF056),388826,Envelope glycoprotein gp160,Homo sapiens,9606,1,28,ECO:0000255,,,,674,694,ECO:0000255,,,,,,,,,,,,,,,,,,,,,,,,,,,,,,
O89292,846,O89292,,Viruses,Human immunodeficiency virus type 1 group M subtype F1 (isolate 93BR020),388814,Envelope glycoprotein gp160,Homo sapiens,9606,1,31,ECO:0000255,,,,675,695,ECO:0000255,,,,,,,,,,,,,,,,,,,,,,,,,,,,,,
O90304,1583,O90304,Q3T8J0,Viruses,Breda virus 1,360393,Spike glycoprotein,Bos taurus,9913,1,20,ECO:0000255,,,,1554,1574,ECO:0000255,,,,,,,,,,,,,,,,,,,,,,,,,,,,,,
O91086,842,O91086,,Viruses,Human immunodeficiency virus type 1 group N (isolate YBF30),388818,Envelope glycoprotein gp160,Homo sapiens,9606,1,23,ECO:0000255,,,,664,684,ECO:0000255,,,,,,,,,,,,,,,,,,,,,,,,,,,,,,
O91532,214,O91532,,Viruses,Hepatitis B virus genotype A2 (isolate Japan/11D11HCCW/1998),489457,External core antigen,"Homo sapiens, Pan troglodytes","9606, 9598",1,19,ECO:0000255,,,,,,,,,,,,,,,,,,,,,,,,,,,,,,,,,,,,
O92446,839,O92446,O57075,Viruses,Bombyx mori nuclear polyhedrosis virus,271108,Capsid-associated protein Vp91,Bombyx mori,7091,1,23,ECO:0000255,,,,,,,,,,,,,,,,,,,,,,,,,,,,,,,,,,,,
O92920,212,O92920,,Viruses,Hepatitis B virus genotype D (isolate Germany/1-91/1991),489490,External core antigen,"Homo sapiens, Pan troglodytes","9606, 9598",1,19,ECO:0000255,,,,,,,,,,,,,,,,,,,,,,,,,,,,,,,,,,,,
P00588,567,P00588,,Viruses,Corynephage beta,10703,Diphtheria toxin,Corynebacterium diphtheriae,1717,1,32,ECO:0000269,,,,,,,,,,,,,,,,,,,,,,,,,,,,,,,,,,,,
P01136,140,P01136,Q76ZJ8,Viruses,Vaccinia virus (strain Western Reserve),10254,Pro-Viral epidermal growth factor,Bos taurus,9913,1,18,ECO:0000255,,,,101,121,ECO:0000255,,,,,,,,,,,,,,,,,,,,,,,,,,,,,,
P03153,217,P03153,,Viruses,Ground squirrel hepatitis virus (strain 27),10406,External core antigen,Otospermophilus beecheyi,34862,1,20,ECO:0000255,,,,,,,,,,,,,,,,,,,,,,,,,,,,,,,,,,,,
P03172,393,P03172,A7U8A6,Viruses,Human herpesvirus 2 (strain 333),10313,Envelope glycoprotein D,Homo sapiens,9606,1,25,ECO:0000255,,,,340,363,ECO:0000255,,,,,,,,,,,,,,,,,,,,,,,,,,,,,,
P03188,857,P03188,Q777B0,Viruses,Epstein-Barr virus (strain B95-8),10377,Envelope glycoprotein B,Homo sapiens,9606,1,21,ECO:0000255,,,,733,753,ECO:0000255,,,,,,,,,,,,,,,,,,,,,,,,,,,,,,
P03231,706,P03231,"Q6LBU6, Q777C0",Viruses,Epstein-Barr virus (strain B95-8),10377,Envelope glycoprotein H,Homo sapiens,9606,1,18,ECO:0000255,,,,683,703,ECO:0000255,,,,,,,,,,,,,,,,,,,,,,,,,,,,,,
P03375,856,P03375,P03376,Viruses,Human immunodeficiency virus type 1 group M subtype B (isolate BH10),11678,Envelope glycoprotein gp160,Homo sapiens,9606,1,32,ECO:0000255,,,,685,705,ECO:0000255,,,,,,,,,,,,,,,,,,,,,,,,,,,,,,
P03377,861,P03377,Q85582,Viruses,Human immunodeficiency virus type 1 group M subtype B (isolate BRU/LAI),11686,Envelope glycoprotein gp160,Homo sapiens,9606,1,32,ECO:0000255,,,,690,710,ECO:0000255,,,,,,,,,,,,,,,,,,,,,,,,,,,,,,
P03378,855,P03378,,Viruses,Human immunodeficiency virus type 1 group M subtype B (isolate ARV2/SF2),11685,Envelope glycoprotein gp160,Homo sapiens,9606,1,31,ECO:0000255,,,,684,704,ECO:0000255,,,,,,,,,,,,,,,,,,,,,,,,,,,,,,
P03383,486,P03383,P03382,Viruses,Human T-cell leukemia virus 2,11909,Envelope glycoprotein gp63,Homo sapiens,9606,1,18,ECO:0000255,,,,439,459,ECO:0000255,,,,,,,,,,,,,,,,,,,,,,,,,,,,,,
P03385,665,P03385,Q77YG8,Viruses,Moloney murine leukemia virus (isolate Shinnick),928306,Envelope glycoprotein,Mus musculus,10090,1,33,ECO:0000255,,,,611,631,ECO:0000255,,,,,,,,,,,,,,,,,,,,,,,,,,,,,,
P03386,669,P03386,,Viruses,AKV murine leukemia virus,11791,Envelope glycoprotein,Mus musculus,10090,1,31,ECO:0000255,,,,612,632,ECO:0000255,,,,,,,,,,,,,,,,,,,,,,,,,,,,,,
P03390,675,P03390,,Viruses,Friend murine leukemia virus (isolate 57),11796,Envelope glycoprotein,Mus musculus,10090,1,34,ECO:0000255,,,,621,641,ECO:0000255,,,,,,,,,,,,,,,,,,,,,,,,,,,,,,
P03391,662,P03391,P21446,Viruses,Feline sarcoma virus (strain Gardner-Arnstein),11774,Envelope glycoprotein,Felidae,9681,1,34,ECO:0000255,,,,607,627,ECO:0000255,,,,,,,,,,,,,,,,,,,,,,,,,,,,,,
P03396,601,P03396,"Q64984, Q77YG9, Q86355",Viruses,Rous sarcoma virus subgroup C (strain Prague),11888,Envelope glycoprotein gp95,Gallus gallus,9031,1,62,ECO:0000305,,,,555,575,ECO:0000255,,,,,,,,,,,,,,,,,,,,,,,,,,,,,,
P03420,574,P03420,P88811,Viruses,Human respiratory syncytial virus A (strain A2),11259,Fusion glycoprotein F0,Homo sapiens,9606,1,25,ECO:0000255,,,,525,550,ECO:0000269,,,,,,,,,,,,,,,,,,,,,,,,,,,,,,
P03435,567,P03435,,Viruses,Influenza A virus (strain A/Victoria/3/1975 H3N2),392809,Hemagglutinin,"Aves, Cetacea, Homo sapiens, Phocidae, Sus scrofa","8782, 9721, 9606, 9709, 9823",1,16,ECO:0000255,,,,532,552,ECO:0000255,,,,,,,,,,,,,,,,,,,,,,,,,,,,,,
P03436,566,P03436,"Q67095, Q84107",Viruses,Influenza A virus (strain A/Northern Territory/60/1968 H3N2),384505,Hemagglutinin,"Aves, Cetacea, Homo sapiens, Phocidae, Sus scrofa","8782, 9721, 9606, 9709, 9823",1,16,ECO:0000255,,,,531,551,ECO:0000255,,,,,,,,,,,,,,,,,,,,,,,,,,,,,,
P03437,566,P03437,"A0PC85, Q67132",Viruses,Influenza A virus (strain A/Aichi/2/1968 H3N2),387139,Hemagglutinin,"Aves, Cetacea, Homo sapiens, Phocidae, Sus scrofa","8782, 9721, 9606, 9709, 9823",1,16,ECO:0000255,,,,531,551,ECO:0000255,,,,,,,,,,,,,,,,,,,,,,,,,,,,,,
P03451,562,P03451,,Viruses,Influenza A virus (strain A/Japan/305/1957 H2N2),382814,Hemagglutinin,"Aves, Homo sapiens","8782, 9606",1,15,ECO:0000255,,,,526,546,ECO:0000255,,,,,,,,,,,,,,,,,,,,,,,,,,,,,,
P03452,565,P03452,"A4GXH4, Q20N38, Q83964, Q8JUU5",Viruses,Influenza A virus (strain A/Puerto Rico/8/1934 H1N1),211044,Hemagglutinin,"Aves, Homo sapiens, Sus scrofa","8782, 9606, 9823",1,17,ECO:0000255,,,,529,549,ECO:0000255,,,,,,,,,,,,,,,,,,,,,,,,,,,,,,
P03454,565,P03454,,Viruses,Influenza A virus (strain A/Wilson-Smith/1933 H1N1),381518,Hemagglutinin,"Aves, Homo sapiens, Sus scrofa","8782, 9606, 9823",1,17,ECO:0000255,,,,529,549,ECO:0000255,,,,,,,,,,,,,,,,,,,,,,,,,,,,,,
P03459,563,P03459,Q67087,Viruses,Influenza A virus (strain A/Fowl plague virus/Rostock/8/1934 H7N1),392810,Hemagglutinin,Aves,8782,1,18,ECO:0000255,,,,530,550,ECO:0000255,,,,,,,,,,,,,,,,,,,,,,,,,,,,,,
P03517,1313,P03517,,Viruses,Punta toro phlebovirus,11587,Envelopment polyprotein,"Homo sapiens, Phlebotomus papatasi","9606, 29031",1,17,ECO:0000255,,,,713,733,ECO:0000255,1279,1299,ECO:0000255,,,,,,,,,,,,,,,,,,,,,,,,,,,
P03518,1206,P03518,"Q86494, Q86495",Viruses,Rift valley fever virus,11588,Envelopment polyprotein,"Aedes, Bos taurus, Bos taurus x Bison bison, Camelus bactrianus, Capra hircus, Homo sapiens, Ovis aries, Phlebotomus papatasi","7158, 9913, 297284, 9837, 9925, 9606, 9940, 29031",1,16,ECO:0000255,,,,583,603,ECO:0000255,1160,1180,ECO:0000255,,,,,,,,,,,,,,,,,,,,,,,,,,,
P03522,511,P03522,,Viruses,Vesicular stomatitis Indiana virus (strain San Juan),11285,Glycoprotein,"Aedes, Bos taurus, Culicoides, Equus asinus, Equus caballus, Homo sapiens, Lutzomyia, Musca domestica, Simuliidae, Sus scrofa","7158, 9913, 58271, 9793, 9796, 9606, 252607, 7370, 7190, 9823",1,16,,,,,468,488,ECO:0000255,,,,,,,,,,,,,,,,,,,,,,,,,,,,,,
P03533,326,P03533,,Viruses,Rotavirus A (strain RVA/SA11-Both/G3P5B[2]),37137,Outer capsid glycoprotein VP7,Macaca mulatta,9544,1,50,"ECO:0000255, ECO:0000269",,,,,,,,,,,,,,,,,,,,,,,,,,,,,,,,,,,,
P03661,424,P03661,,Viruses,Enterobacteria phage fd,2847073,Attachment protein G3P,Escherichia coli,562,1,18,ECO:0000269,,,,398,418,ECO:0000255,,,,,,,,,,,,,,,,,,,,,,,,,,,,,,
P04488,550,P04488,"B9VQK2, Q09I69",Viruses,Human herpesvirus 1 (strain 17),10299,Envelope glycoprotein E,Homo sapiens,9606,1,20,ECO:0000255,,,,420,440,ECO:0000255,,,,,,,,,,,,,,,,,,,,,,,,,,,,,,
P04577,858,P04577,,Viruses,Human immunodeficiency virus type 2 subtype A (isolate ROD),11720,Envelope glycoprotein gp160,Homo sapiens,9606,1,19,ECO:0000255,,,,680,700,ECO:0000255,,,,,,,,,,,,,,,,,,,,,,,,,,,,,,
P04578,856,P04578,O09779,Viruses,Human immunodeficiency virus type 1 group M subtype B (isolate HXB2),11706,Envelope glycoprotein gp160,Homo sapiens,9606,1,32,ECO:0000255,,,,685,705,ECO:0000255,,,,,,,,,,,,,,,,,,,,,,,,,,,,,,
P04579,865,P04579,,Viruses,Human immunodeficiency virus type 1 group M subtype B (isolate RF/HAT3),11701,Envelope glycoprotein gp160,Homo sapiens,9606,1,31,ECO:0000255,,,,694,714,ECO:0000255,,,,,,,,,,,,,,,,,,,,,,,,,,,,,,
P04580,855,P04580,,Viruses,Human immunodeficiency virus type 1 group M subtype D (isolate Z6),11708,Envelope glycoprotein gp160,Homo sapiens,9606,1,31,ECO:0000255,,,,684,704,ECO:0000255,,,,,,,,,,,,,,,,,,,,,,,,,,,,,,
P04581,853,P04581,,Viruses,Human immunodeficiency virus type 1 group M subtype D (isolate ELI),11689,Envelope glycoprotein gp160,Homo sapiens,9606,1,31,ECO:0000255,,,,682,702,ECO:0000255,,,,,,,,,,,,,,,,,,,,,,,,,,,,,,
P04582,851,P04582,,Viruses,Human immunodeficiency virus type 1 group M subtype B (isolate BH8),11684,Envelope glycoprotein gp160,Homo sapiens,9606,1,32,ECO:0000255,,,,680,700,ECO:0000255,,,,,,,,,,,,,,,,,,,,,,,,,,,,,,
P04583,859,P04583,,Viruses,Human immunodeficiency virus type 1 group M subtype A (isolate MAL),11697,Envelope glycoprotein gp160,Homo sapiens,9606,1,31,ECO:0000255,,,,687,707,ECO:0000255,,,,,,,,,,,,,,,,,,,,,,,,,,,,,,
P04624,856,P04624,,Viruses,Human immunodeficiency virus type 1 group M subtype B (isolate HXB3),11707,Envelope glycoprotein gp160,Homo sapiens,9606,1,32,ECO:0000255,,,,685,705,ECO:0000255,,,,,,,,,,,,,,,,,,,,,,,,,,,,,,
P04855,565,P04855,"P04854, P27564, Q6LC43, Q84202, Q84203, Q88251, Q88252, Q88253, Q88254, Q88255, Q88256, Q88257, Q88258, Q88259, Q88260, Q9YIY9, Q9YJP8, Q9YNH1, Q9YNH2, Q9YNH3, Q9YNH4, Q9YZ79",Viruses,Sendai virus (strain Z),11198,Fusion glycoprotein F0,"Cavia cutleri, Cricetidae sp., Mus musculus, Rattus norvegicus","10144, 36483, 10090, 10116",1,25,,,,,501,521,,,,,,,,,,,,,,,,,,,,,,,,,,,,,,,
P05877,856,P05877,,Viruses,Human immunodeficiency virus type 1 group M subtype B (isolate MN),11696,Envelope glycoprotein gp160,Homo sapiens,9606,1,31,ECO:0000255,,,,686,706,ECO:0000255,,,,,,,,,,,,,,,,,,,,,,,,,,,,,,
P05878,856,P05878,,Viruses,Human immunodeficiency virus type 1 group M subtype B (isolate SC),11702,Envelope glycoprotein gp160,Homo sapiens,9606,1,31,ECO:0000255,,,,685,705,ECO:0000255,,,,,,,,,,,,,,,,,,,,,,,,,,,,,,
P05879,868,P05879,,Viruses,Human immunodeficiency virus type 1 group M subtype B (isolate CDC-451),11687,Envelope glycoprotein gp160,Homo sapiens,9606,1,33,"ECO:0000255, ECO:0000269",,,,697,717,ECO:0000255,,,,,,,,,,,,,,,,,,,,,,,,,,,,,,
P05880,847,P05880,,Viruses,Human immunodeficiency virus type 1 group M subtype B (isolate WMJ22),11705,Envelope glycoprotein gp160,Homo sapiens,9606,1,31,ECO:0000255,,,,676,696,ECO:0000255,,,,,,,,,,,,,,,,,,,,,,,,,,,,,,
P05881,856,P05881,,Viruses,Human immunodeficiency virus type 1 group M subtype A (isolate Z321),11692,Envelope glycoprotein gp160,Homo sapiens,9606,1,31,ECO:0000255,,,,685,705,ECO:0000255,,,,,,,,,,,,,,,,,,,,,,,,,,,,,,
P05882,863,P05882,,Viruses,Human immunodeficiency virus type 1 group M subtype D (isolate Z84),11681,Envelope glycoprotein gp160,Homo sapiens,9606,1,31,ECO:0000255,,,,692,712,ECO:0000255,,,,,,,,,,,,,,,,,,,,,,,,,,,,,,
P05883,856,P05883,,Viruses,Human immunodeficiency virus type 2 subtype A (isolate NIH-Z),11719,Envelope glycoprotein gp160,Homo sapiens,9606,1,22,ECO:0000255,,,,671,691,ECO:0000255,,,,,,,,,,,,,,,,,,,,,,,,,,,,,,
P05884,881,P05884,Q5TYK1,Viruses,Simian immunodeficiency virus (isolate K6W),11735,Envelope glycoprotein gp160,Cercopithecidae,9527,1,19,ECO:0000255,,,,697,717,ECO:0000255,,,,,,,,,,,,,,,,,,,,,,,,,,,,,,
P05885,882,P05885,"Q85725, Q85726",Viruses,Simian immunodeficiency virus (isolate Mm142-83),11733,Envelope glycoprotein gp160,Cercopithecidae,9527,1,22,ECO:0000255,,,,698,718,ECO:0000255,,,,,,,,,,,,,,,,,,,,,,,,,,,,,,
P05886,865,P05886,,Viruses,Simian immunodeficiency virus agm.vervet (isolate AGM TYO-1),11731,Envelope glycoprotein gp160,Cercopithecidae,9527,1,20,ECO:0000255,,,,706,726,ECO:0000255,,,,,,,,,,,,,,,,,,,,,,,,,,,,,,
P06436,903,P06436,,Viruses,Human herpesvirus 1 (strain F),10304,Envelope glycoprotein B,Homo sapiens,9606,1,29,ECO:0000255,,,,774,794,ECO:0000255,,,,,,,,,,,,,,,,,,,,,,,,,,,,,,
P06437,904,P06437,,Viruses,Human herpesvirus 1 (strain KOS),10306,Envelope glycoprotein B,Homo sapiens,9606,1,30,ECO:0000255,,,,775,795,ECO:0000255,,,,,,,,,,,,,,,,,,,,,,,,,,,,,,
P06473,906,P06473,Q7M6M8,Viruses,Human cytomegalovirus (strain AD169),10360,Envelope glycoprotein B,Homo sapiens,9606,1,31,ECO:0000255,,,,751,771,ECO:0000255,,,,,,,,,,,,,,,,,,,,,,,,,,,,,,
P06752,639,P06752,,Viruses,Feline leukemia virus (strain C/Sarma),103919,Envelope glycoprotein,Felis catus,9685,1,34,ECO:0000255,,,,584,604,ECO:0000255,,,,,,,,,,,,,,,,,,,,,,,,,,,,,,
P07575,586,P07575,,Viruses,Mason-Pfizer monkey virus,11855,Envelope glycoprotein,Macaca mulatta,9544,1,22,ECO:0000255,,,,527,547,ECO:0000255,,,,,,,,,,,,,,,,,,,,,,,,,,,,,,
P07975,655,P07975,"Q5EI66, Q5JZY4",Viruses,Influenza C virus (strain C/Johannesburg/1/1966),100673,Hemagglutinin-esterase-fusion glycoprotein,"Homo sapiens, Sus scrofa","9606, 9823",1,14,ECO:0000255,,,,631,651,ECO:0000255,,,,,,,,,,,,,,,,,,,,,,,,,,,,,,
P08359,642,P08359,,Viruses,Feline leukemia virus (strain A/Glasgow-1),11769,Envelope glycoprotein,Felidae,9681,1,34,ECO:0000255,,,,587,607,ECO:0000255,,,,,,,,,,,,,,,,,,,,,,,,,,,,,,
P08360,661,P08360,,Viruses,Cas-Br-E murine leukemia virus,11792,Envelope glycoprotein,Mus musculus,10090,1,33,ECO:0000255,,,,607,627,ECO:0000255,,,,,,,,,,,,,,,,,,,,,,,,,,,,,,
P08667,524,P08667,,Viruses,Rabies virus (strain Pasteur vaccins / PV),103929,Glycoprotein,"Homo sapiens, Mammalia","9606, 40674",1,19,,,,,460,480,ECO:0000255,,,,,,,,,,,,,,,,,,,,,,,,,,,,,,
P08668,1135,P08668,,Viruses,Hantaan virus (strain 76-118),11602,Envelopment polyprotein,"Apodemus agrarius, Homo sapiens","39030, 9606",1,18,ECO:0000255,,,,486,506,ECO:0000255,628,648,ECO:0000255,1106,1126,ECO:0000255,,,,,,,,,,,,,,,,,,,,,,,,
P08810,881,P08810,,Viruses,Simian immunodeficiency virus (isolate Mm251),11734,Envelope glycoprotein gp160,Cercopithecidae,9527,1,19,ECO:0000255,,,,697,717,ECO:0000255,,,,,,,,,,,,,,,,,,,,,,,,,,,,,,
P09257,931,P09257,,Viruses,Varicella-zoster virus (strain Dumas),10338,Envelope glycoprotein B,Homo sapiens,9606,1,71,ECO:0000255,,,,787,807,ECO:0000255,,,,,,,,,,,,,,,,,,,,,,,,,,,,,,
P09259,623,P09259,,Viruses,Varicella-zoster virus (strain Dumas),10338,Envelope glycoprotein E,Homo sapiens,9606,1,30,ECO:0000255,,,,539,559,ECO:0000255,,,,,,,,,,,,,,,,,,,,,,,,,,,,,,
P09385,319,P09385,Q9R398,Viruses,Escherichia phage 933W,10730,Shiga-like toxin 2 subunit A,Escherichia coli O157:H7,83334,1,22,ECO:0000255,,,,,,,,,,,,,,,,,,,,,,,,,,,,,,,,,,,,
P09613,1008,P09613,,Viruses,Uukuniemi virus (strain S23),487099,Envelopment polyprotein,"Homo sapiens, Ixodes ricinus","9606, 34613",1,17,ECO:0000269,,,,395,415,ECO:0000255,978,998,ECO:0000255,,,,,,,,,,,,,,,,,,,,,,,,,,,
P09727,215,P09727,Q7M6I9,Viruses,Human cytomegalovirus (strain AD169),10360,Unique short US11 glycoprotein,Homo sapiens,9606,1,17,,,,,183,203,ECO:0000255,,,,,,,,,,,,,,,,,,,,,,,,,,,,,,
P0C0V9,416,P0C0V9,"O39517, Q3T8I8",Viruses,Breda virus 1,360393,Hemagglutinin-esterase,Bos taurus,9913,1,14,ECO:0000255,,,,394,414,ECO:0000255,,,,,,,,,,,,,,,,,,,,,,,,,,,,,,
P0C2X0,511,P0C2X0,Q88999,Viruses,Vesicular stomatitis Indiana virus (strain Mudd-Summers),11279,Glycoprotein G,"Aedes, Bos taurus, Culicoides, Equus asinus, Equus caballus, Homo sapiens, Lutzomyia, Musca domestica, Simuliidae, Sus scrofa","7158, 9913, 58271, 9793, 9796, 9606, 252607, 7370, 7190, 9823",1,16,ECO:0000255,,,,468,488,ECO:0000255,,,,,,,,,,,,,,,,,,,,,,,,,,,,,,
P0C573,212,P0C573,,Viruses,Hepatitis B virus genotype D subtype ayw (isolate France/Tiollais/1979),490133,External core antigen,"Homo sapiens, Pan troglodytes","9606, 9598",1,19,ECO:0000255,,,,,,,,,,,,,,,,,,,,,,,,,,,,,,,,,,,,
P0C625,214,P0C625,,Viruses,Hepatitis B virus genotype A2 subtype adw2 (strain Rutter 1979),480116,External core antigen,"Homo sapiens, Pan troglodytes","9606, 9598",1,19,ECO:0000255,,,,,,,,,,,,,,,,,,,,,,,,,,,,,,,,,,,,
P0C692,214,P0C692,,Viruses,Hepatitis B virus genotype A2 subtype adw (isolate Japan/Nishioka/1983),482134,External core antigen,"Homo sapiens, Pan troglodytes","9606, 9598",1,19,ECO:0000255,,,,,,,,,,,,,,,,,,,,,,,,,,,,,,,,,,,,
P0C699,212,P0C699,,Viruses,Hepatitis B virus genotype B1 subtype adw (isolate Japan/pJDW233/1988),10413,External core antigen,"Homo sapiens, Pan troglodytes","9606, 9598",1,19,ECO:0000255,,,,,,,,,,,,,,,,,,,,,,,,,,,,,,,,,,,,
P0C6G7,212,P0C6G7,,Viruses,Hepatitis B virus genotype B2 (isolate Indonesia/pIDW420/1988),10412,External core antigen,"Homo sapiens, Pan troglodytes","9606, 9598",1,19,ECO:0000255,,,,,,,,,,,,,,,,,,,,,,,,,,,,,,,,,,,,
P0C6G9,212,P0C6G9,,Viruses,Hepatitis B virus genotype B/C subtype adw (isolate Okinawa/pODW282/1998),10415,External core antigen,"Homo sapiens, Pan troglodytes","9606, 9598",1,19,ECO:0000255,,,,,,,,,,,,,,,,,,,,,,,,,,,,,,,,,,,,
P0C6H2,212,P0C6H2,Q9E6S7,Viruses,Hepatitis B virus genotype C (isolate Vietnam/3270/2000),489472,External core antigen,"Homo sapiens, Pan troglodytes","9606, 9598",1,19,ECO:0000255,,,,,,,,,,,,,,,,,,,,,,,,,,,,,,,,,,,,
P0C6H3,212,P0C6H3,,Viruses,Hepatitis B virus genotype C subtype adr (isolate Japan/Nishioka/1983),482133,External core antigen,Homo sapiens,9606,1,19,ECO:0000255,,,,,,,,,,,,,,,,,,,,,,,,,,,,,,,,,,,,
P0C6H5,212,P0C6H5,,Viruses,Hepatitis B virus genotype C subtype adr (strain Japan/adr4/1983),10409,External core antigen,"Homo sapiens, Pan troglodytes","9606, 9598",1,19,ECO:0000255,,,,,,,,,,,,,,,,,,,,,,,,,,,,,,,,,,,,
P0C6I5,212,P0C6I5,,Viruses,Hepatitis B virus genotype F2 subtype adw4q (isolate Senegal/9203),489503,External core antigen,"Homo sapiens, Pan troglodytes","9606, 9598",1,19,ECO:0000255,,,,,,,,,,,,,,,,,,,,,,,,,,,,,,,,,,,,
P0C6J2,218,P0C6J2,,Viruses,Woodchuck hepatitis B virus (isolate 1),10430,External core antigen,Marmota monax,9995,1,20,ECO:0000255,,,,,,,,,,,,,,,,,,,,,,,,,,,,,,,,,,,,
P0C6J3,217,P0C6J3,,Viruses,Woodchuck hepatitis B virus (isolate 2),341946,External core antigen,Marmota monax,9995,1,19,ECO:0000255,,,,,,,,,,,,,,,,,,,,,,,,,,,,,,,,,,,,
P0C6J4,218,P0C6J4,,Viruses,Woodchuck hepatitis B virus (isolate 59),10431,External core antigen,Marmota monax,9995,1,19,ECO:0000255,,,,,,,,,,,,,,,,,,,,,,,,,,,,,,,,,,,,
P0C6J5,218,P0C6J5,,Viruses,Woodchuck hepatitis B virus (isolate 7),10432,External core antigen,Marmota monax,9995,1,19,ECO:0000255,,,,,,,,,,,,,,,,,,,,,,,,,,,,,,,,,,,,
P0C6J6,218,P0C6J6,,Viruses,Woodchuck hepatitis B virus (isolate 8),10433,External core antigen,Marmota monax,9995,1,19,ECO:0000255,,,,,,,,,,,,,,,,,,,,,,,,,,,,,,,,,,,,
P0DTC2,1273,P0DTC2,,Viruses,Severe acute respiratory syndrome coronavirus 2,2697049,Spike glycoprotein,Homo sapiens,9606,1,13,ECO:0000269,,,,1214,1234,ECO:0000255,,,,,,,,,,,,,,,,,,,,,,,,,,,,,,
P0DTC7,121,P0DTC7,,Viruses,Severe acute respiratory syndrome coronavirus 2,2697049,ORF7a protein,Homo sapiens,9606,1,15,ECO:0000255,,,,96,116,ECO:0000255,,,,,,,,,,,,,,,,,,,,,,,,,,,,,,
P0DTC8,121,P0DTC8,,Viruses,Severe acute respiratory syndrome coronavirus 2,2697049,ORF8 protein,Homo sapiens,9606,1,15,ECO:0000255,,,,,,,,,,,,,,,,,,,,,,,,,,,,,,,,,,,,
P0DTJ0,1141,P0DTJ0,,Viruses,Black Creek Canal orthohantavirus,3052490,Envelopment polyprotein,"Homo sapiens, Sigmodon hispidus","9606, 42415",1,18,ECO:0000255,,,,484,506,ECO:0000255,634,654,ECO:0000255,1111,1131,ECO:0000255,,,,,,,,,,,,,,,,,,,,,,,,
P0DTJ1,1141,P0DTJ1,,Viruses,Tula orthohantavirus,3052503,Envelopment polyprotein,"Homo sapiens, Microtus arvalis, Microtus obscurus","9606, 47230, 523745",1,19,ECO:0000255,,,,490,510,ECO:0000255,633,653,ECO:0000255,1110,1130,ECO:0000255,,,,,,,,,,,,,,,,,,,,,,,,
P0DTM4,606,P0DTM4,"P03397, Q03803, Q85500",Viruses,Avian leukosis virus subgroup A (isolate RSA),363745,Envelope glycoprotein gp95,,,1,62,ECO:0000255,,,,553,573,ECO:0000255,,,,,,,,,,,,,,,,,,,,,,,,,,,,,,
P10185,224,P10185,"Q09ID2, Q76WT7",Viruses,Human herpesvirus 1 (strain 17),10299,Envelope glycoprotein L,Homo sapiens,9606,1,19,ECO:0000255,,,,,,,,,,,,,,,,,,,,,,,,,,,,,,,,,,,,
P10211,904,P10211,"B9VQF5, Q09IA6",Viruses,Human herpesvirus 1 (strain 17),10299,Envelope glycoprotein B,Homo sapiens,9606,1,30,ECO:0000255,,,,775,795,ECO:0000255,,,,,,,,,,,,,,,,,,,,,,,,,,,,,,
P11132,566,P11132,,Viruses,Influenza A virus (strain A/Duck/Ireland/113/1983 H5N8),387208,Hemagglutinin,Aves,8782,1,16,ECO:0000255,,,,530,550,ECO:0000255,,,,,,,,,,,,,,,,,,,,,,,,,,,,,,
P11209,574,P11209,,Viruses,Human respiratory syncytial virus A (strain RSS-2),11261,Fusion glycoprotein F0,Homo sapiens,9606,1,25,ECO:0000255,,,,525,550,ECO:0000250,,,,,,,,,,,,,,,,,,,,,,,,,,,,,,
P11223,1162,P11223,"P05134, Q4ZJS1",Viruses,Avian infectious bronchitis virus (strain Beaudette),11122,Spike glycoprotein,Gallus gallus,9031,1,18,ECO:0000255,,,,1096,1116,ECO:0000255,,,,,,,,,,,,,,,,,,,,,,,,,,,,,,
P11224,1324,P11224,O39227,Viruses,Murine coronavirus (strain A59),11142,Spike glycoprotein,Mus musculus,10090,1,13,ECO:0000255,,,,1266,1286,ECO:0000255,,,,,,,,,,,,,,,,,,,,,,,,,,,,,,
P11225,1235,P11225,,Viruses,Murine coronavirus (strain JHM),11144,Spike glycoprotein,Mus musculus,10090,1,13,ECO:0000255,,,,1177,1197,ECO:0000255,,,,,,,,,,,,,,,,,,,,,,,,,,,,,,
P11261,662,P11261,"Q85515, Q85516, Q85517",Viruses,Feline leukemia virus (strain B/lambda-B1),103916,Envelope glycoprotein,Felis catus,9685,1,34,ECO:0000255,,,,607,627,ECO:0000255,,,,,,,,,,,,,,,,,,,,,,,,,,,,,,
P11267,881,P11267,,Viruses,Simian immunodeficiency virus (isolate K78),11736,Envelope glycoprotein gp160,Cercopithecidae,9527,1,22,ECO:0000255,,,,697,717,ECO:0000255,,,,,,,,,,,,,,,,,,,,,,,,,,,,,,
P11268,665,P11268,,Viruses,Radiation murine leukemia virus,11787,Envelope glycoprotein,Mus musculus,10090,1,31,ECO:0000255,,,,606,626,ECO:0000255,,,,,,,,,,,,,,,,,,,,,,,,,,,,,,
P12449,846,P12449,,Viruses,Human immunodeficiency virus type 2 subtype A (isolate SBLISY),11718,Envelope glycoprotein gp160,Homo sapiens,9606,1,21,ECO:0000255,,,,672,692,ECO:0000255,,,,,,,,,,,,,,,,,,,,,,,,,,,,,,
P12476,326,P12476,"C3RX25, E7EDR5, P11855",Viruses,Rotavirus A (strain RVA/Monkey/United States/RRV/1975/G3P5B[3]),444185,Outer capsid glycoprotein VP7,Macaca mulatta,9544,1,50,ECO:0000255,,,,,,,,,,,,,,,,,,,,,,,,,,,,,,,,,,,,
P12487,853,P12487,,Viruses,Human immunodeficiency virus type 1 group M subtype D (isolate Z2/CDC-Z34),11683,Envelope glycoprotein gp160,Homo sapiens,9606,1,31,ECO:0000255,,,,682,702,ECO:0000255,,,,,,,,,,,,,,,,,,,,,,,,,,,,,,
P12488,852,P12488,,Viruses,Human immunodeficiency virus type 1 group M subtype B (isolate BRVA),11693,Envelope glycoprotein gp160,Homo sapiens,9606,1,32,ECO:0000255,,,,681,701,ECO:0000255,,,,,,,,,,,,,,,,,,,,,,,,,,,,,,
P12489,867,P12489,,Viruses,Human immunodeficiency virus type 1 group M subtype B (isolate JH32),11694,Envelope glycoprotein gp160,Homo sapiens,9606,1,31,ECO:0000255,,,,696,716,ECO:0000255,,,,,,,,,,,,,,,,,,,,,,,,,,,,,,
P12492,885,P12492,,Viruses,Simian immunodeficiency virus (isolate F236/smH4),11737,Envelope glycoprotein gp160,Cercopithecidae,9527,1,23,ECO:0000255,,,,701,721,ECO:0000255,,,,,,,,,,,,,,,,,,,,,,,,,,,,,,
P12568,574,P12568,Q4KRW4,Viruses,Human respiratory syncytial virus,11250,Fusion glycoprotein F0,Homo sapiens,9606,1,25,ECO:0000255,,,,525,550,ECO:0000250,,,,,,,,,,,,,,,,,,,,,,,,,,,,,,
P12651,1162,P12651,"Q0GNB8, Q5I5X9",Viruses,Avian infectious bronchitis virus (strain M41),11127,Spike glycoprotein,Gallus gallus,9031,1,18,ECO:0000255,,,,1096,1116,ECO:0000255,,,,,,,,,,,,,,,,,,,,,,,,,,,,,,
P13180,530,P13180,"Q5IX87, Q5IX88, Q5IX89, Q5IX90, Q5IX91, Q5IX92, Q5IX93, Q6TYA0",Viruses,Chandipura virus (strain I653514),11273,Glycoprotein,"Homo sapiens, Phlebotominae","9606, 7198",1,21,ECO:0000255,,,,474,494,ECO:0000255,,,,,,,,,,,,,,,,,,,,,,,,,,,,,,
P13304,97,P13304,,Viruses,Enterobacteria phage T4,10665,Antiholin,Escherichia coli,562,1,24,"ECO:0000255, ECO:0000269",,,,,,,,,,,,,,,,,,,,,,,,,,,,,,,,,,,,
P15073,636,P15073,,Viruses,Mink cell focus-forming murine leukemia virus,11935,Envelope glycoprotein,Mus musculus,10090,1,32,ECO:0000255,,,,582,602,ECO:0000255,,,,,,,,,,,,,,,,,,,,,,,,,,,,,,
P15423,1173,P15423,"P89342, P89343, P89344, Q66174, Q990M1, Q990M2, Q990M3, Q990M4",Viruses,Human coronavirus 229E,11137,Spike glycoprotein,Homo sapiens,9606,1,15,ECO:0000255,,,,1116,1135,ECO:0000255,,,,,,,,,,,,,,,,,,,,,,,,,,,,,,
P15658,565,P15658,"Q67097, Q67098, Q83987, Q83988",Viruses,Influenza A virus (strain A/Equine/Miami/1/1963 H3N8),387222,Hemagglutinin,"Aves, Equus caballus","8782, 9796",1,16,ECO:0000255,,,,530,550,ECO:0000255,,,,,,,,,,,,,,,,,,,,,,,,,,,,,,
P15776,424,P15776,,Viruses,Bovine coronavirus (strain Mebus),11132,Hemagglutinin-esterase,Bos taurus,9913,1,18,ECO:0000269,1,16,ECO:0000255,393,413,ECO:0000255,,,,,,,,,,,,,,,,,,,,,,,,,,,,,,
P15777,1363,P15777,,Viruses,Bovine coronavirus (strain Mebus),11132,Spike glycoprotein,Bos taurus,9913,1,13,ECO:0000255,,,,1308,1328,ECO:0000255,,,,,,,,,,,,,,,,,,,,,,,,,,,,,,
P15831,859,P15831,,Viruses,Human immunodeficiency virus type 2 subtype B (isolate D205),11716,Envelope glycoprotein gp160,Homo sapiens,9606,1,23,ECO:0000255,,,,679,699,ECO:0000255,,,,,,,,,,,,,,,,,,,,,,,,,,,,,,
P15879,251,P15879,,Viruses,Clostridium botulinum D phage,29342,Mono-ADP-ribosyltransferase C3,Clostridium botulinum,1491,1,40,ECO:0000269,,,,,,,,,,,,,,,,,,,,,,,,,,,,,,,,,,,,
P16493,1134,P16493,,Viruses,Hantaan virus (strain Hojo),11583,Envelopment polyprotein,"Apodemus agrarius, Homo sapiens","39030, 9606",1,18,ECO:0000255,,,,488,508,ECO:0000255,628,648,ECO:0000255,1105,1125,ECO:0000255,,,,,,,,,,,,,,,,,,,,,,,,
P16778,487,P16778,"P87887, Q7M6P6",Viruses,Human cytomegalovirus (strain AD169),10360,UL37 immediate early glycoprotein,Homo sapiens,9606,1,22,ECO:0000255,,,,433,459,ECO:0000255,,,,,,,,,,,,,,,,,,,,,,,,,,,,,,
P16853,1135,P16853,,Viruses,Hantaan virus (strain Lee),11601,Envelopment polyprotein,"Apodemus agrarius, Homo sapiens","39030, 9606",1,18,ECO:0000255,,,,486,506,ECO:0000255,628,648,ECO:0000255,1106,1126,ECO:0000255,,,,,,,,,,,,,,,,,,,,,,,,
P16995,565,P16995,"Q1G0M0, Q83992, Q83993",Viruses,Influenza A virus (strain A/Equine/Fontainebleau/1976 H3N8),387217,Hemagglutinin,"Aves, Equus caballus","8782, 9796",1,16,ECO:0000255,,,,530,550,ECO:0000255,,,,,,,,,,,,,,,,,,,,,,,,,,,,,,
P17099,214,P17099,,Viruses,Hepatitis B virus genotype A2 subtype adw2 (isolate Germany/991/1990),10410,External core antigen,"Homo sapiens, Pan troglodytes","9606, 9598",1,19,ECO:0000255,,,,,,,,,,,,,,,,,,,,,,,,,,,,,,,,,,,,
P17281,854,P17281,,Viruses,Simian immunodeficiency virus (isolate CPZ GAB1),402771,Envelope glycoprotein gp160,Pan,9596,1,31,ECO:0000255,,,,676,696,ECO:0000255,,,,,,,,,,,,,,,,,,,,,,,,,,,,,,
P17501,512,P17501,,Viruses,Autographa californica nuclear polyhedrosis virus,46015,Major envelope glycoprotein,Lepidoptera,7088,1,20,ECO:0000255,,,,482,504,ECO:0000255,,,,,,,,,,,,,,,,,,,,,,,,,,,,,,
P17519,639,P17519,,Viruses,Potato leafroll virus (strain Potato/Scotland/strain 1/1984),12046,Protein P1,Solanum tuberosum,4113,1,20,ECO:0000255,,,,121,141,ECO:0000255,144,164,ECO:0000255,172,192,ECO:0000255,,,,,,,,,,,,,,,,,,,,,,,,
P17755,851,P17755,,Viruses,Human immunodeficiency virus type 2 subtype A (isolate D194),11713,Envelope glycoprotein gp160,Homo sapiens,9606,1,24,ECO:0000255,,,,670,690,ECO:0000255,,,,,,,,,,,,,,,,,,,,,,,,,,,,,,
P17880,1133,P17880,,Viruses,Seoul virus (strain SR-11),11610,Envelopment polyprotein,"Homo sapiens, Rattus norvegicus, Rattus rattus","9606, 10116, 10117",1,16,ECO:0000269,,,,485,504,ECO:0000255,627,647,ECO:0000255,1106,1125,ECO:0000255,,,,,,,,,,,,,,,,,,,,,,,,
P18040,738,P18040,,Viruses,Human immunodeficiency virus type 2 subtype A (isolate Ghana-1),11717,Envelope glycoprotein gp160,Homo sapiens,9606,1,21,ECO:0000255,,,,671,691,ECO:0000255,,,,,,,,,,,,,,,,,,,,,,,,,,,,,,
P18094,860,P18094,,Viruses,Human immunodeficiency virus type 2 subtype A (isolate BEN),11714,Envelope glycoprotein gp160,Homo sapiens,9606,1,22,ECO:0000255,,,,679,699,ECO:0000255,,,,,,,,,,,,,,,,,,,,,,,,,,,,,,
P18799,846,P18799,,Viruses,Human immunodeficiency virus type 1 group M subtype D (isolate NDK),11695,Envelope glycoprotein gp160,Homo sapiens,9606,1,31,ECO:0000255,,,,675,695,ECO:0000255,,,,,,,,,,,,,,,,,,,,,,,,,,,,,,
P19503,889,P19503,,Viruses,Simian immunodeficiency virus (isolate PBj14/BCL-3),11738,Envelope glycoprotein gp160,Cercopithecidae,9527,1,22,ECO:0000255,,,,705,725,ECO:0000255,,,,,,,,,,,,,,,,,,,,,,,,,,,,,,
P19549,852,P19549,,Viruses,Human immunodeficiency virus type 1 group M subtype B (isolate SF33),11690,Envelope glycoprotein gp160,Homo sapiens,9606,1,31,ECO:0000255,,,,681,701,ECO:0000255,,,,,,,,,,,,,,,,,,,,,,,,,,,,,,
P19550,847,P19550,,Viruses,Human immunodeficiency virus type 1 group M subtype B (isolate SF162),11691,Envelope glycoprotein gp160,Homo sapiens,9606,1,31,ECO:0000255,,,,676,696,ECO:0000255,,,,,,,,,,,,,,,,,,,,,,,,,,,,,,
P19551,853,P19551,,Viruses,Human immunodeficiency virus type 1 group M subtype B (isolate MFA),11704,Envelope glycoprotein gp160,Homo sapiens,9606,1,32,ECO:0000255,,,,683,703,ECO:0000255,,,,,,,,,,,,,,,,,,,,,,,,,,,,,,
P19698,564,P19698,Q20PM3,Viruses,Influenza A virus (strain A/Grey teal/Australia/2/1979 H4N4),402464,Hemagglutinin,Aves,8782,1,16,ECO:0000255,,,,528,548,ECO:0000255,,,,,,,,,,,,,,,,,,,,,,,,,,,,,,
P20871,848,P20871,,Viruses,Human immunodeficiency virus type 1 group M subtype B (isolate JRCSF),11688,Envelope glycoprotein gp160,Homo sapiens,9606,1,31,ECO:0000255,,,,677,697,ECO:0000255,,,,,,,,,,,,,,,,,,,,,,,,,,,,,,
P20872,859,P20872,,Viruses,Human immunodeficiency virus type 2 subtype A (isolate ST),11721,Envelope glycoprotein gp160,Homo sapiens,9606,1,24,ECO:0000255,,,,674,694,ECO:0000255,,,,,,,,,,,,,,,,,,,,,,,,,,,,,,
P20888,855,P20888,,Viruses,Human immunodeficiency virus type 1 group M subtype B (isolate OYI),11699,Envelope glycoprotein gp160,Homo sapiens,9606,1,31,ECO:0000255,,,,684,704,ECO:0000255,,,,,,,,,,,,,,,,,,,,,,,,,,,,,,
P21400,1148,P21400,,Viruses,Puumala virus (strain Bank vole/Russia/CG1820/1984),1337063,Envelopment polyprotein,"Homo sapiens, Myodes glareolus","9606, 447135",1,23,ECO:0000255,,,,496,516,ECO:0000255,638,658,ECO:0000255,1115,1135,ECO:0000255,,,,,,,,,,,,,,,,,,,,,,,,
P21401,1197,P21401,A2T075,Viruses,Rift valley fever virus (strain ZH-548 M12),11589,Envelopment polyprotein,"Aedes, Bos taurus, Bos taurus x Bison bison, Camelus bactrianus, Capra hircus, Homo sapiens, Ovis aries, Phlebotomus papatasi","7158, 9913, 297284, 9837, 9925, 9606, 9940, 29031",1,16,ECO:0000255,,,,583,603,ECO:0000255,1160,1180,ECO:0000255,,,,,,,,,,,,,,,,,,,,,,,,,,,
P21415,685,P21415,Q9YWM3,Viruses,Gibbon ape leukemia virus,11840,Envelope glycoprotein,Hylobatidae,9577,1,41,ECO:0000255,,,,633,653,ECO:0000255,,,,,,,,,,,,,,,,,,,,,,,,,,,,,,
P21436,666,P21436,,Viruses,Hortulanus murine leukemia virus,11799,Envelope glycoprotein,Mus musculus,10090,1,33,ECO:0000255,,,,608,628,ECO:0000255,,,,,,,,,,,,,,,,,,,,,,,,,,,,,,
P21445,645,P21445,,Viruses,Feline sarcoma virus (strain SM),11779,Envelope glycoprotein,Felidae,9681,1,36,ECO:0000255,,,,590,610,ECO:0000255,,,,,,,,,,,,,,,,,,,,,,,,,,,,,,
P22432,1376,P22432,,Viruses,Murine coronavirus (strain 4),12760,Spike glycoprotein,Mus musculus,10090,1,13,ECO:0000255,,,,1318,1338,ECO:0000255,,,,,,,,,,,,,,,,,,,,,,,,,,,,,,
P23064,488,P23064,,Viruses,Human T-cell leukemia virus 1 (strain Japan MT-2 subtype A),11928,Envelope glycoprotein gp62,Homo sapiens,9606,1,20,ECO:0000255,,,,443,463,ECO:0000255,,,,,,,,,,,,,,,,,,,,,,,,,,,,,,
P24105,859,P24105,,Viruses,Human immunodeficiency virus type 2 subtype A (isolate CAM2),11715,Envelope glycoprotein gp160,Homo sapiens,9606,1,24,ECO:0000255,,,,681,701,ECO:0000255,,,,,,,,,,,,,,,,,,,,,,,,,,,,,,
P25190,1363,P25190,,Viruses,Bovine coronavirus (strain F15),11129,Spike glycoprotein,Bos taurus,9913,1,13,ECO:0000255,,,,1308,1328,ECO:0000255,,,,,,,,,,,,,,,,,,,,,,,,,,,,,,
P25191,1363,P25191,,Viruses,Bovine coronavirus (strain L9),11130,Spike glycoprotein,Bos taurus,9913,1,13,ECO:0000255,,,,1308,1328,ECO:0000255,,,,,,,,,,,,,,,,,,,,,,,,,,,,,,
P25192,1363,P25192,Q9QAS2,Viruses,Bovine coronavirus (strain LY-138),11131,Spike glycoprotein,Bos taurus,9913,1,13,ECO:0000255,,,,1308,1328,ECO:0000255,,,,,,,,,,,,,,,,,,,,,,,,,,,,,,
P25193,1363,P25193,Q77NC4,Viruses,Bovine coronavirus (strain Quebec),11133,Spike glycoprotein,Bos taurus,9913,1,13,ECO:0000255,,,,1308,1328,ECO:0000255,,,,,,,,,,,,,,,,,,,,,,,,,,,,,,
P25194,1363,P25194,,Viruses,Bovine coronavirus (strain vaccine),11134,Spike glycoprotein,Bos taurus,9913,1,13,ECO:0000255,,,,1308,1328,ECO:0000255,,,,,,,,,,,,,,,,,,,,,,,,,,,,,,
P26803,676,P26803,,Viruses,Friend murine leukemia virus (isolate PVC-211),11798,Envelope glycoprotein,Mus musculus,10090,1,34,ECO:0000255,,,,621,641,ECO:0000255,,,,,,,,,,,,,,,,,,,,,,,,,,,,,,
P26804,676,P26804,,Viruses,Friend murine leukemia virus (isolate FB29),11797,Envelope glycoprotein,Mus musculus,10090,1,34,ECO:0000255,,,,621,641,ECO:0000255,,,,,,,,,,,,,,,,,,,,,,,,,,,,,,
P27312,1148,P27312,I4EPA4,Viruses,Puumala virus (strain Sotkamo/V-2969/81),39002,Envelopment polyprotein,"Homo sapiens, Myodes glareolus","9606, 447135",1,23,ECO:0000255,,,,497,517,ECO:0000255,638,658,ECO:0000255,1116,1136,ECO:0000255,,,,,,,,,,,,,,,,,,,,,,,,
P27315,1142,P27315,,Viruses,Prospect Hill virus,3052492,Envelopment polyprotein,Microtus pennsylvanicus,10058,1,21,ECO:0000255,,,,490,510,ECO:0000255,634,654,ECO:0000255,1111,1131,ECO:0000255,,,,,,,,,,,,,,,,,,,,,,,,
P27757,768,P27757,,Viruses,Simian immunodeficiency virus agm.vervet (isolate AGM155),11727,Envelope glycoprotein gp160,Cercopithecidae,9527,1,16,ECO:0000255,,,,702,722,ECO:0000255,,,,,,,,,,,,,,,,,,,,,,,,,,,,,,
P27977,877,P27977,,Viruses,Simian immunodeficiency virus agm.vervet (isolate AGM3),11730,Envelope glycoprotein gp160,Cercopithecidae,9527,1,19,ECO:0000255,,,,708,728,ECO:0000255,,,,,,,,,,,,,,,,,,,,,,,,,,,,,,
P28728,1133,P28728,,Viruses,Hantaan virus (strain B-1),31617,Envelopment polyprotein,"Apodemus agrarius, Homo sapiens","39030, 9606",1,16,ECO:0000255,,,,486,506,ECO:0000255,627,647,ECO:0000255,1104,1124,ECO:0000255,,,,,,,,,,,,,,,,,,,,,,,,
P28729,1134,P28729,,Viruses,Seoul virus (strain R22),31620,Envelopment polyprotein,"Homo sapiens, Rattus norvegicus, Rattus rattus","9606, 10116, 10117",1,16,ECO:0000255,,,,485,504,ECO:0000255,627,647,ECO:0000255,1106,1125,ECO:0000255,,,,,,,,,,,,,,,,,,,,,,,,
P28993,163,P28993,,Viruses,Equine arteritis virus (strain Bucyrus),299386,Glycoprotein 3,Equidae,9788,1,26,ECO:0000255,,,,,,,,,,,,,,,,,,,,,,,,,,,,,,,,,,,,
P29154,1181,P29154,,Viruses,Pea enation mosaic virus-1 (strain WSG),693989,Protein P1-P2,"Cicer arietinum, Lathyrus odoratus, Lens culinaris, Medicago arabica, Pisum sativum, Trifolium incarnatum, Vicia faba, Vicia sativa","3827, 3859, 3864, 70936, 3888, 60916, 3906, 3908",1,33,ECO:0000255,,,,172,192,ECO:0000255,194,214,ECO:0000255,218,235,ECO:0000255,240,260,ECO:0000255,,,,,,,,,,,,,,,,,,,,,
P29326,660,P29326,,Viruses,Hepatitis E virus genotype 1 (isolate Human/Burma),31767,Pro-secreted protein ORF2,Homo sapiens,9606,1,19,ECO:0000255,,,,,,,,,,,,,,,,,,,,,,,,,,,,,,,,,,,,
P29791,572,P29791,"Q8V688, Q8V691",Viruses,Bovine respiratory syncytial virus (strain A51908),11247,Fusion glycoprotein F0,Bos taurus,9913,1,25,ECO:0000255,,,,523,548,ECO:0000250,,,,,,,,,,,,,,,,,,,,,,,,,,,,,,
P30215,424,P30215,Q6TNG0,Viruses,Human coronavirus OC43,31631,Hemagglutinin-esterase,Homo sapiens,9606,1,16,ECO:0000255,,,,393,413,ECO:0000255,,,,,,,,,,,,,,,,,,,,,,,,,,,,,,
P31614,439,P31614,O55252,Viruses,Murine coronavirus (strain S),11145,Hemagglutinin-esterase,Mus musculus,10090,1,22,ECO:0000255,,,,408,428,ECO:0000255,,,,,,,,,,,,,,,,,,,,,,,,,,,,,,
P31615,428,P31615,,Viruses,Murine coronavirus (strain A59),11142,Hemagglutinin-esterase,Mus musculus,10090,1,19,ECO:0000255,,,,405,425,ECO:0000255,,,,,,,,,,,,,,,,,,,,,,,,,,,,,,
P31794,665,P31794,,Viruses,Radiation murine leukemia virus (strain Kaplan),31689,Envelope glycoprotein,Mus musculus,10090,1,31,ECO:0000255,,,,606,626,ECO:0000255,,,,,,,,,,,,,,,,,,,,,,,,,,,,,,
P31819,861,P31819,,Viruses,Human immunodeficiency virus type 1 group M subtype B (isolate KB-1/ETR),36375,Envelope glycoprotein gp160,Homo sapiens,9606,1,37,ECO:0000255,,,,691,711,ECO:0000255,,,,,,,,,,,,,,,,,,,,,,,,,,,,,,
P31872,856,P31872,,Viruses,Human immunodeficiency virus type 1 group M subtype B (isolate WMJ1),31678,Envelope glycoprotein gp160,Homo sapiens,9606,1,31,ECO:0000255,,,,685,705,ECO:0000255,,,,,,,,,,,,,,,,,,,,,,,,,,,,,,
P32536,712,P32536,,Viruses,Human immunodeficiency virus type 2 subtype A (isolate ST/24.1C#2),31681,Envelope glycoprotein gp160,Homo sapiens,9606,1,24,ECO:0000255,,,,674,694,ECO:0000255,,,,,,,,,,,,,,,,,,,,,,,,,,,,,,
P33426,660,P33426,Q77EC8,Viruses,Hepatitis E virus genotype 1 (isolate Human/Pakistan/Sar-55),33774,Pro-secreted protein ORF2,Homo sapiens,9606,1,19,ECO:0000255,,,,,,,,,,,,,,,,,,,,,,,,,,,,,,,,,,,,
P33455,1133,P33455,,Viruses,Seoul virus (strain 80-39),12557,Envelopment polyprotein,"Homo sapiens, Rattus norvegicus, Rattus rattus","9606, 10116, 10117",1,17,ECO:0000255,,,,485,504,ECO:0000255,627,647,ECO:0000255,1105,1125,ECO:0000255,,,,,,,,,,,,,,,,,,,,,,,,
P35253,681,P35253,"Q38L42, Q6T6U0",Viruses,Lake Victoria marburgvirus (strain Musoke-80),33727,Envelope glycoprotein,"Chlorocebus aethiops, Homo sapiens, Rousettus aegyptiacus","9534, 9606, 9407",1,18,ECO:0000269,,,,649,669,ECO:0000255,,,,,,,,,,,,,,,,,,,,,,,,,,,,,,
P35961,843,P35961,,Viruses,Human immunodeficiency virus type 1 group M subtype B (isolate YU-2),362651,Envelope glycoprotein gp160,Homo sapiens,9606,1,31,ECO:0000255,,,,672,692,ECO:0000255,,,,,,,,,,,,,,,,,,,,,,,,,,,,,,
P36291,1135,P36291,,Viruses,Tomato spotted wilt virus (strain Brazilian Br-01),36413,Envelopment polyprotein,"Frankliniella occidentalis, Scirtothrips dorsalis, Solanum lycopersicum, Thrips tabaci","133901, 163899, 4081, 161014",1,35,ECO:0000255,,,,315,366,"ECO:0000255, ECO:0000303",1068,1088,ECO:0000255,,,,,,,,,,,,,,,,,,,,,,,,,,,
P36334,1353,P36334,"Q66199, Q66290, Q66291, Q696Q6, Q6TNF9, Q86623",Viruses,Human coronavirus OC43,31631,Spike glycoprotein,Homo sapiens,9606,1,13,ECO:0000255,,,,1298,1318,ECO:0000255,,,,,,,,,,,,,,,,,,,,,,,,,,,,,,
P41265,1148,P41265,,Viruses,Puumala virus (strain K27),39000,Envelopment polyprotein,"Homo sapiens, Myodes glareolus","9606, 447135",1,23,ECO:0000255,,,,496,516,ECO:0000255,638,658,ECO:0000255,1115,1135,ECO:0000255,,,,,,,,,,,,,,,,,,,,,,,,
P41266,1148,P41266,,Viruses,Puumala virus (strain P360),39001,Envelopment polyprotein,"Homo sapiens, Myodes glareolus","9606, 447135",1,23,ECO:0000255,,,,497,517,ECO:0000255,638,658,ECO:0000255,1116,1136,ECO:0000255,,,,,,,,,,,,,,,,,,,,,,,,
P51519,515,P51519,"Q85488, Q85489",Viruses,Bovine leukemia virus,11901,Envelope glycoprotein,Bos taurus,9913,1,33,ECO:0000255,,,,437,457,ECO:0000255,,,,,,,,,,,,,,,,,,,,,,,,,,,,,,
P57083,394,P57083,P03171,Viruses,Human herpesvirus 1 (strain Patton),10308,Envelope glycoprotein D,Homo sapiens,9606,1,25,ECO:0000255,,,,340,364,ECO:0000255,,,,,,,,,,,,,,,,,,,,,,,,,,,,,,
P59594,1255,P59594,"Q6QU82, Q7T696, Q7TA19, Q7TFA2, Q7TFB1, Q80BV6",Viruses,Severe acute respiratory syndrome coronavirus,694009,Spike glycoprotein,"Homo sapiens, Paguma larvata","9606, 9675",1,13,ECO:0000255,,,,1196,1216,ECO:0000255,,,,,,,,,,,,,,,,,,,,,,,,,,,,,,
P59635,122,P59635,"Q7TA11, Q7TA17",Viruses,Severe acute respiratory syndrome coronavirus,694009,ORF7a protein,"Homo sapiens, Paguma larvata","9606, 9675",1,15,,,,,97,117,ECO:0000255,,,,,,,,,,,,,,,,,,,,,,,,,,,,,,
P59709,424,P59709,"P24351, Q66166, Q66167, Q66168, Q77NC5, Q98VL2, Q9DGT1, Q9DGT9, Q9DR84, Q9DRF4, Q9DRF5",Viruses,Bovine coronavirus (strain Quebec),11133,Hemagglutinin-esterase,Bos taurus,9913,1,16,ECO:0000255,,,,393,413,ECO:0000255,,,,,,,,,,,,,,,,,,,,,,,,,,,,,,
P60170,364,P60170,"O12421, O12717, Q66801, Q66819, Q77LU4, Q8JS61, Q9YMG3",Viruses,Zaire ebolavirus (strain Mayinga-76),128952,Pre-small/secreted glycoprotein,"Epomops franqueti, Homo sapiens, Myonycteris torquata","77231, 9606, 77243",1,32,ECO:0000255,,,,,,,,,,,,,,,,,,,,,,,,,,,,,,,,,,,,
P68331,338,P68331,"B9VQI2, P10237, Q09I81",Viruses,Human herpesvirus 1 (strain 17),10299,Envelope glycoprotein K,Homo sapiens,9606,1,30,,,,,122,140,ECO:0000255,213,233,ECO:0000255,244,264,ECO:0000255,302,322,ECO:0000255,,,,,,,,,,,,,,,,,,,,,
P68978,159,P68978,P03251,Viruses,Human adenovirus C serotype 2,10515,Early E3 18.5 kDa glycoprotein,Homo sapiens,9606,1,17,ECO:0000269,,,,124,144,ECO:0000255,,,,,,,,,,,,,,,,,,,,,,,,,,,,,,
P69168,424,P69168,P03662,Viruses,Enterobacteria phage M13,1977402,Attachment protein G3P,Escherichia coli,562,1,18,ECO:0000250,,,,398,418,ECO:0000255,,,,,,,,,,,,,,,,,,,,,,,,,,,,,,
P69179,89,P69179,P08027,Viruses,Enterobacteria phage H19B,69932,Shiga-like toxin 1 subunit B,Escherichia coli,562,1,20,,,,,,,,,,,,,,,,,,,,,,,,,,,,,,,,,,,,,
P69539,73,P69539,P03617,Viruses,Enterobacteria phage fd,2847073,Capsid protein G8P,Escherichia coli,562,1,23,ECO:0000269,,,,44,62,ECO:0000269,,,,,,,,,,,,,,,,,,,,,,,,,,,,,,
P87666,676,P87666,Q6V1Q7,Viruses,Zaire ebolavirus (strain Kikwit-95),128951,Envelope glycoprotein,"Epomops franqueti, Homo sapiens, Myonycteris torquata","77231, 9606, 77243",1,32,ECO:0000255,,,,651,671,ECO:0000255,,,,,,,,,,,,,,,,,,,,,,,,,,,,,,
P87671,676,P87671,,Viruses,Zaire ebolavirus (strain Eckron-76),129000,Envelope glycoprotein,"Epomops franqueti, Homo sapiens, Myonycteris torquata","77231, 9606, 77243",1,32,ECO:0000255,,,,651,671,ECO:0000255,,,,,,,,,,,,,,,,,,,,,,,,,,,,,,
P89951,212,P89951,,Viruses,Gibbon hepatitis B virus subtype ayw3q (isolate Hope),489544,External core antigen,Hylobatidae,9577,1,19,ECO:0000255,,,,,,,,,,,,,,,,,,,,,,,,,,,,,,,,,,,,
Q00704,704,Q00704,P41451,Viruses,Autographa californica nuclear polyhedrosis virus,46015,Non-sulfated chondroitin lyase E66,Lepidoptera,7088,1,23,ECO:0000255,,,,,,,,,,,,,,,,,,,,,,,,,,,,,,,,,,,,
Q01227,317,Q01227,Q76ZL8,Viruses,Vaccinia virus (strain Western Reserve),10254,Protein OPG190,Bos taurus,9913,1,17,ECO:0000255,,,,280,300,ECO:0000255,,,,,,,,,,,,,,,,,,,,,,,,,,,,,,
Q02385,1376,Q02385,,Viruses,Murine coronavirus (strain JHMV / variant CL-2),33735,Spike glycoprotein,Mus musculus,10090,1,13,ECO:0000255,,,,1318,1338,ECO:0000255,,,,,,,,,,,,,,,,,,,,,,,,,,,,,,
Q02837,854,Q02837,,Viruses,Simian immunodeficiency virus agm.grivet (isolate AGM gr-1),31684,Envelope glycoprotein gp160,Cercopithecidae,9527,1,20,ECO:0000255,,,,706,726,ECO:0000255,,,,,,,,,,,,,,,,,,,,,,,,,,,,,,
Q05320,676,Q05320,"Q66818, Q77LU5, Q8B9S1, Q8JS62",Viruses,Zaire ebolavirus (strain Mayinga-76),128952,Envelope glycoprotein,"Epomops franqueti, Homo sapiens, Myonycteris torquata","77231, 9606, 77243",1,32,ECO:0000255,,,,651,671,ECO:0000255,,,,,,,,,,,,,,,,,,,,,,,,,,,,,,
Q05495,212,Q05495,,Viruses,Hepatitis B virus genotype F2 (isolate Brazil/w4B),45410,External core antigen,"Homo sapiens, Pan troglodytes","9606, 9598",1,19,ECO:0000255,,,,,,,,,,,,,,,,,,,,,,,,,,,,,,,,,,,,
Q0Q475,1241,Q0Q475,,Viruses,Bat coronavirus 279/2005,389167,Spike glycoprotein,Rhinolophus macrotis,196889,1,13,ECO:0000255,,,,1182,1202,ECO:0000255,,,,,,,,,,,,,,,,,,,,,,,,,,,,,,
Q0Q4F2,1350,Q0Q4F2,,Viruses,Bat coronavirus 133/2005,389230,Spike glycoprotein,Tylonycteris pachypus,258959,1,12,ECO:0000255,,,,1296,1316,ECO:0000255,,,,,,,,,,,,,,,,,,,,,,,,,,,,,,
Q0ZME7,1351,Q0ZME7,,Viruses,Human coronavirus HKU1 (isolate N5),443241,Spike glycoprotein,Homo sapiens,9606,1,12,ECO:0000255,,,,1296,1316,ECO:0000255,,,,,,,,,,,,,,,,,,,,,,,,,,,,,,
Q14EB0,1351,Q14EB0,,Viruses,Human coronavirus HKU1 (isolate N2),443240,Spike glycoprotein,Homo sapiens,9606,1,12,ECO:0000255,,,,1296,1316,ECO:0000255,,,,,,,,,,,,,,,,,,,,,,,,,,,,,,
Q1A243,835,Q1A243,,Viruses,Simian immunodeficiency virus (isolate EK505),388912,Envelope glycoprotein gp160,Pan troglodytes,9598,1,25,ECO:0000255,,,,657,677,ECO:0000255,,,,,,,,,,,,,,,,,,,,,,,,,,,,,,
Q1A261,880,Q1A261,,Viruses,Simian immunodeficiency virus (isolate MB66),388911,Envelope glycoprotein gp160,Pan troglodytes,9598,1,35,ECO:0000255,,,,702,722,ECO:0000255,,,,,,,,,,,,,,,,,,,,,,,,,,,,,,
Q27ID8,645,Q27ID8,A1Z653,Viruses,Xenotropic MuLV-related virus (isolate VP62),373193,Envelope glycoprotein,Homo sapiens,9606,1,33,ECO:0000255,,,,586,606,ECO:0000255,,,,,,,,,,,,,,,,,,,,,,,,,,,,,,
Q2F7I8,645,Q2F7I8,,Viruses,Xenotropic MuLV-related virus (isolate VP42),356664,Envelope glycoprotein,Homo sapiens,9606,1,33,ECO:0000255,,,,586,606,ECO:0000255,,,,,,,,,,,,,,,,,,,,,,,,,,,,,,
Q2F7J1,645,Q2F7J1,,Viruses,Xenotropic MuLV-related virus (isolate VP35),356663,Envelope glycoprotein,Homo sapiens,9606,1,33,ECO:0000255,,,,586,606,ECO:0000255,,,,,,,,,,,,,,,,,,,,,,,,,,,,,,
Q37935,60,Q37935,,Viruses,Escherichia phage lambda,2681611,"Spanin, outer lipoprotein subunit",Escherichia coli,562,1,19,ECO:0000269,,,,,,,,,,,,,,,,,,,,,,,,,,,,,,,,,,,,
Q3I5J5,1241,Q3I5J5,,Viruses,Bat coronavirus Rp3/2004,349344,Spike glycoprotein,"Rhinolophus ferrumequinum, Rhinolophus macrotis, Rhinolophus pearsonii, Rhinolophus sinicus","59479, 196889, 188571, 89399",1,13,ECO:0000255,,,,1182,1202,ECO:0000255,,,,,,,,,,,,,,,,,,,,,,,,,,,,,,
Q3LZX1,1242,Q3LZX1,,Viruses,Bat coronavirus HKU3,442736,Spike glycoprotein,Rhinolophus sinicus,89399,1,13,ECO:0000255,,,,1183,1203,ECO:0000255,,,,,,,,,,,,,,,,,,,,,,,,,,,,,,
Q4JR05,931,Q4JR05,"Q4JQU4, Q775J4",Viruses,Varicella-zoster virus (strain Oka vaccine),341980,Envelope glycoprotein B,Homo sapiens,9606,1,71,ECO:0000255,,,,787,807,ECO:0000255,,,,,,,,,,,,,,,,,,,,,,,,,,,,,,
Q4R1S0,214,Q4R1S0,,Viruses,Hepatitis B virus genotype A3 (isolate Cameroon/CMR711/1994),489459,External core antigen,"Homo sapiens, Pan troglodytes","9606, 9598",1,19,ECO:0000255,,,,,,,,,,,,,,,,,,,,,,,,,,,,,,,,,,,,
Q4R1S8,214,Q4R1S8,,Viruses,Hepatitis B virus genotype A3 (isolate Cameroon/CMR983/1994),489458,External core antigen,"Homo sapiens, Pan troglodytes","9606, 9598",1,19,ECO:0000255,,,,,,,,,,,,,,,,,,,,,,,,,,,,,,,,,,,,
Q5MQD0,1356,Q5MQD0,,Viruses,Human coronavirus HKU1 (isolate N1),443239,Spike glycoprotein,Homo sapiens,9606,1,12,ECO:0000255,,,,1301,1321,ECO:0000255,,,,,,,,,,,,,,,,,,,,,,,,,,,,,,
Q64896,217,Q64896,,Viruses,Arctic squirrel hepatitis virus,41952,External core antigen,Urocitellus parryii kennicottii,259022,1,20,ECO:0000255,,,,,,,,,,,,,,,,,,,,,,,,,,,,,,,,,,,,
Q66798,676,Q66798,,Viruses,Sudan ebolavirus (strain Maleo-79),128949,Envelope glycoprotein,"Epomops franqueti, Homo sapiens, Myonycteris torquata","77231, 9606, 77243",1,32,ECO:0000255,,,,651,671,ECO:0000255,,,,,,,,,,,,,,,,,,,,,,,,,,,,,,
Q66799,677,Q66799,"Q5UAK8, Q8JPX8",Viruses,Reston ebolavirus (strain Reston-89),386032,Envelope glycoprotein,"Epomops franqueti, Homo sapiens, Myonycteris torquata, Sus scrofa","77231, 9606, 77243, 9823",1,33,ECO:0000255,,,,652,672,ECO:0000255,,,,,,,,,,,,,,,,,,,,,,,,,,,,,,
Q66810,676,Q66810,,Viruses,Tai Forest ebolavirus (strain Cote d'Ivoire-94),128999,Envelope glycoprotein,"Epomops franqueti, Homo sapiens, Myonycteris torquata","77231, 9606, 77243",1,32,ECO:0000255,,,,651,671,ECO:0000255,,,,,,,,,,,,,,,,,,,,,,,,,,,,,,
Q66814,676,Q66814,,Viruses,Sudan ebolavirus (strain Boniface-76),128948,Envelope glycoprotein,"Epomops franqueti, Homo sapiens, Myonycteris torquata","77231, 9606, 77243",1,32,ECO:0000255,,,,651,671,ECO:0000255,,,,,,,,,,,,,,,,,,,,,,,,,,,,,,
Q67876,212,Q67876,,Viruses,Hepatitis B virus genotype D subtype ayw (isolate Italy/CI/1992),489489,External core antigen,"Homo sapiens, Pan troglodytes","9606, 9598",1,19,ECO:0000255,,,,,,,,,,,,,,,,,,,,,,,,,,,,,,,,,,,,
Q68985,660,Q68985,,Viruses,Hepatitis E virus genotype 1 (isolate Human/India/Hyderabad),512346,Pro-secreted protein ORF2,"Bandicota bengalensis, Callithrix, Cercopithecus hamlyni, Chlorocebus aethiops, Homo sapiens, Macaca, Mus musculus, Pan troglodytes, Saimiri, Sus scrofa","69079, 9481, 9536, 9534, 9606, 9539, 10090, 9598, 9520, 9823",1,19,ECO:0000255,,,,,,,,,,,,,,,,,,,,,,,,,,,,,,,,,,,,
Q69091,394,Q69091,"B9VQK0, O12544, O12833, P03171, Q09I71",Viruses,Human herpesvirus 1 (strain 17),10299,Envelope glycoprotein D,Homo sapiens,9606,1,25,ECO:0000255,,,,341,361,ECO:0000255,,,,,,,,,,,,,,,,,,,,,,,,,,,,,,
Q6J8F7,660,Q6J8F7,"O36613, Q6J8G3",Viruses,Hepatitis E virus genotype 3 (isolate Swine/United States/swUS1),512345,Pro-secreted protein ORF2,"Bandicota bengalensis, Callithrix, Cercopithecus hamlyni, Chlorocebus aethiops, Homo sapiens, Macaca, Mus musculus, Pan troglodytes, Saimiri, Sus scrofa","69079, 9481, 9536, 9534, 9606, 9539, 10090, 9598, 9520, 9823",1,23,ECO:0000255,,,,,,,,,,,,,,,,,,,,,,,,,,,,,,,,,,,,
Q6Q1S2,1356,Q6Q1S2,"Q5DIX7, Q5DIX8, Q5DIX9, Q5DIY0, Q6R1L7",Viruses,Human coronavirus NL63,277944,Spike glycoprotein,Homo sapiens,9606,1,18,ECO:0000255,,,,1297,1316,ECO:0000255,,,,,,,,,,,,,,,,,,,,,,,,,,,,,,
Q6RJQ3,338,Q6RJQ3,"Q56JA4, Q6E2A5, Q6E2A6, Q6E2A7, Q6E2B3, Q6E2B4, Q6RJP5, Q6RJP6, Q6RJP7, Q6RJP9, Q6RJQ0, Q6RJQ1, Q6SWK7, V9LMQ6",Viruses,Human cytomegalovirus (strain Merlin),295027,Protein UL141,Homo sapiens,9606,1,25,ECO:0000255,,,,279,299,ECO:0000255,,,,,,,,,,,,,,,,,,,,,,,,,,,,,,
Q6SW67,742,Q6SW67,D2K3N3,Viruses,Human cytomegalovirus (strain Merlin),295027,Envelope glycoprotein H,Homo sapiens,9606,1,23,ECO:0000255,,,,720,740,ECO:0000255,,,,,,,,,,,,,,,,,,,,,,,,,,,,,,
Q6UY66,681,Q6UY66,O36428,Viruses,Lake Victoria marburgvirus (strain Ozolin-75),482820,Envelope glycoprotein,"Chlorocebus aethiops, Homo sapiens, Rousettus aegyptiacus","9534, 9606, 9407",1,18,ECO:0000250,,,,649,669,ECO:0000255,,,,,,,,,,,,,,,,,,,,,,,,,,,,,,
Q70626,856,Q70626,,Viruses,Human immunodeficiency virus type 1 group M subtype B (isolate LW123),82834,Envelope glycoprotein gp160,Homo sapiens,9606,1,32,ECO:0000255,,,,685,705,ECO:0000255,,,,,,,,,,,,,,,,,,,,,,,,,,,,,,
Q73372,853,Q73372,,Viruses,Human immunodeficiency virus type 1 group M subtype B (strain 89.6),401671,Envelope glycoprotein gp160,Homo sapiens,9606,1,31,ECO:0000255,,,,682,702,ECO:0000255,,,,,,,,,,,,,,,,,,,,,,,,,,,,,,
Q74126,857,Q74126,,Viruses,Human immunodeficiency virus type 2 subtype A (isolate KR),73484,Envelope glycoprotein gp160,Homo sapiens,9606,1,22,ECO:0000255,,,,672,692,ECO:0000255,,,,,,,,,,,,,,,,,,,,,,,,,,,,,,
Q75008,851,Q75008,,Viruses,Human immunodeficiency virus type 1 group M subtype C (isolate ETH2220),388796,Envelope glycoprotein gp160,Homo sapiens,9606,1,31,ECO:0000255,,,,673,693,ECO:0000255,,,,,,,,,,,,,,,,,,,,,,,,,,,,,,
Q76638,857,Q76638,,Viruses,Human immunodeficiency virus type 2 subtype B (isolate UC1),388822,Envelope glycoprotein gp160,Homo sapiens,9606,1,26,ECO:0000255,,,,683,703,ECO:0000255,,,,,,,,,,,,,,,,,,,,,,,,,,,,,,
Q77377,863,Q77377,,Viruses,Human immunodeficiency virus type 1 group O (isolate ANT70),327105,Envelope glycoprotein gp160,Homo sapiens,9606,1,32,ECO:0000255,,,,685,705,ECO:0000255,,,,,,,,,,,,,,,,,,,,,,,,,,,,,,
Q77CE4,96,Q77CE4,,Viruses,Bovine herpesvirus 1.1 (strain Cooper),10323,Envelope glycoprotein N,Bos taurus,9913,1,21,ECO:0000255,,,,55,75,ECO:0000255,,,,,,,,,,,,,,,,,,,,,,,,,,,,,,
Q786F3,550,Q786F3,,Viruses,Measles virus (strain Ichinose-B95a),645098,Fusion glycoprotein F0,Homo sapiens,9606,1,23,ECO:0000255,,,,488,518,ECO:0000255,,,,,,,,,,,,,,,,,,,,,,,,,,,,,,
Q79670,876,Q79670,,Viruses,Human immunodeficiency virus type 1 group O (isolate MVP5180),388816,Envelope glycoprotein gp160,Homo sapiens,9606,1,33,ECO:0000255,,,,698,718,ECO:0000255,,,,,,,,,,,,,,,,,,,,,,,,,,,,,,
Q7T9D9,676,Q7T9D9,,Viruses,Sudan ebolavirus (strain Human/Uganda/Gulu/2000),386033,Envelope glycoprotein,"Epomops franqueti, Homo sapiens, Myonycteris torquata","77231, 9606, 77243",1,32,ECO:0000255,,,,651,671,ECO:0000255,,,,,,,,,,,,,,,,,,,,,,,,,,,,,,
Q806Y7,1135,Q806Y7,,Viruses,Dobrava-Belgrade orthohantavirus,3052477,Envelopment polyprotein,"Apodemus agrarius, Apodemus flavicollis, Apodemus ponticus, Homo sapiens","39030, 54292, 134909, 9606",1,18,ECO:0000255,,,,496,516,ECO:0000255,628,648,ECO:0000255,1106,1126,ECO:0000255,,,,,,,,,,,,,,,,,,,,,,,,
Q81105,214,Q81105,,Viruses,Hepatitis B virus genotype A1 subtype adw (isolate Philippines/pFDW294/1988),31514,External core antigen,"Homo sapiens, Pan troglodytes","9606, 9598",1,19,ECO:0000255,,,,,,,,,,,,,,,,,,,,,,,,,,,,,,,,,,,,
Q81871,660,Q81871,,Viruses,Hepatitis E virus genotype 1 (isolate Human/China/HeBei/1987),652674,Pro-secreted protein ORF2,Homo sapiens,9606,1,19,ECO:0000255,,,,,,,,,,,,,,,,,,,,,,,,,,,,,,,,,,,,
Q83887,1140,Q83887,"Q83886, Q83888",Viruses,New York virus,44755,Envelopment polyprotein,"Homo sapiens, Peromyscus leucopus","9606, 10041",1,17,ECO:0000255,,,,490,510,ECO:0000255,632,652,ECO:0000255,1109,1129,ECO:0000255,,,,,,,,,,,,,,,,,,,,,,,,
Q85646,688,Q85646,Q9IZT0,Viruses,Mouse mammary tumor virus (strain C3H),11759,Envelope glycoprotein gp70,Mus musculus,10090,1,98,ECO:0000269,,,,625,645,ECO:0000255,,,,,,,,,,,,,,,,,,,,,,,,,,,,,,
Q89501,402,Q89501,,Viruses,African swine fever virus (strain Badajoz 1971 Vero-adapted),10498,CD2 homolog,"Ornithodoros, Sus scrofa","6937, 9823",1,16,ECO:0000255,,,,205,225,ECO:0000255,,,,,,,,,,,,,,,,,,,,,,,,,,,,,,
Q89607,852,Q89607,,Viruses,Human immunodeficiency virus type 2 subtype B (isolate EHO),388821,Envelope glycoprotein gp160,Homo sapiens,9606,1,24,ECO:0000255,,,,678,698,ECO:0000255,,,,,,,,,,,,,,,,,,,,,,,,,,,,,,
Q89853,677,Q89853,,Viruses,Reston ebolavirus (strain Siena/Philippine-92),129004,Envelope glycoprotein,"Homo sapiens, Macaca fascicularis, Pteropodinae, Sus scrofa","9606, 9541, 77225, 9823",1,33,ECO:0000255,,,,652,672,ECO:0000255,,,,,,,,,,,,,,,,,,,,,,,,,,,,,,
Q89905,1140,Q89905,A0A059WG88,Viruses,Sin Nombre orthohantavirus,3052499,Envelopment polyprotein,"Homo sapiens, Peromyscus maniculatus","9606, 10042",1,17,ECO:0000255,,,,490,510,ECO:0000255,632,652,ECO:0000255,1109,1129,ECO:0000255,,,,,,,,,,,,,,,,,,,,,,,,
Q8AIH5,871,Q8AIH5,,Viruses,Simian immunodeficiency virus (isolate TAN1),388910,Envelope glycoprotein gp160,Pan troglodytes,9598,1,21,ECO:0000255,,,,685,705,ECO:0000255,,,,,,,,,,,,,,,,,,,,,,,,,,,,,,
Q8BB25,1349,Q8BB25,,Viruses,Porcine hemagglutinating encephalomyelitis virus (strain 67N),230237,Spike glycoprotein,Sus scrofa,9823,1,13,ECO:0000255,,,,1294,1314,ECO:0000255,,,,,,,,,,,,,,,,,,,,,,,,,,,,,,
Q8BB27,503,Q8BB27,Q88626,Viruses,Borna disease virus 1,1714621,Envelope glycoprotein p57,"Bos taurus, Bradypodidae, Capra hircus, Cervidae, Crocidura leucodon, Equidae, Felis catus, Hexaprotodon liberiensis, Lama glama, Oryctolagus cuniculus, Ovis aries, Struthio camelus, Varecia variegata, Vicugna pacos","9913, 9352, 9925, 9850, 109474, 9788, 9685, 56798, 9844, 9986, 9940, 8801, 9455, 30538",1,22,ECO:0000255,,,,468,488,ECO:0000255,,,,,,,,,,,,,,,,,,,,,,,,,,,,,,
Q8JSP8,1349,Q8JSP8,,Viruses,Porcine hemagglutinating encephalomyelitis virus (strain IAF-404),230236,Spike glycoprotein,Sus scrofa,9823,1,13,ECO:0000255,,,,1294,1314,ECO:0000255,,,,,,,,,,,,,,,,,,,,,,,,,,,,,,
Q8JSZ3,1684,Q8JSZ3,,Viruses,Crimean-Congo hemorrhagic fever virus (strain Nigeria/IbAr10200/1970),652961,Envelopment polyprotein,"Bos taurus, Capra hircus, Homo sapiens, Hyalomma, Ovis aries, Rhipicephalus microplus","9913, 9925, 9606, 34625, 9940, 6941",1,22,ECO:0000255,,,,699,719,ECO:0000255,822,842,ECO:0000255,860,880,ECO:0000255,973,994,ECO:0000255,1595,1615,ECO:0000255,,,,,,,,,,,,,,,,,,
Q8V436,1363,Q8V436,,Viruses,Bovine coronavirus (strain 98TXSF-110-LUN),233264,Spike glycoprotein,Bos taurus,9913,1,13,ECO:0000255,,,,1308,1328,ECO:0000255,,,,,,,,,,,,,,,,,,,,,,,,,,,,,,
Q913A8,212,Q913A8,,Viruses,Hepatitis B virus genotype C subtype ayw (isolate China/Tibet127/2002),489469,External core antigen,"Homo sapiens, Pan troglodytes","9606, 9598",1,19,ECO:0000255,,,,,,,,,,,,,,,,,,,,,,,,,,,,,,,,,,,,
Q91A26,1363,Q91A26,,Viruses,Bovine coronavirus (strain 98TXSF-110-ENT),233262,Spike glycoprotein,Bos taurus,9913,1,13,ECO:0000255,,,,1308,1328,ECO:0000255,,,,,,,,,,,,,,,,,,,,,,,,,,,,,,
Q91C37,214,Q91C37,,Viruses,Hepatitis B virus genotype A1 subtype adw2 (isolate South Africa/84/2001),489454,External core antigen,"Homo sapiens, Pan troglodytes","9606, 9598",1,19,ECO:0000255,,,,,,,,,,,,,,,,,,,,,,,,,,,,,,,,,,,,
Q91DD8,677,Q91DD8,,Viruses,Reston ebolavirus (strain Philippines-96),129003,Envelope glycoprotein,"Homo sapiens, Macaca fascicularis, Pteropodinae, Sus scrofa","9606, 9541, 77225, 9823",1,33,ECO:0000255,,,,652,672,ECO:0000255,,,,,,,,,,,,,,,,,,,,,,,,,,,,,,
Q9E006,1138,Q9E006,Q99BV0,Viruses,Andes orthohantavirus,1980456,Envelopment polyprotein,"Abrothrix longipilis, Homo sapiens, Loxodontomys micropus, Oligoryzomys chacoensis, Oligoryzomys flavescens, Oligoryzomys longicaudatus, Oligoryzomys sp.","29094, 9606, 89122, 37015, 218824, 137207, 37019",1,18,ECO:0000255,,,,488,508,ECO:0000255,631,651,ECO:0000255,1108,1128,ECO:0000255,,,,,,,,,,,,,,,,,,,,,,,,
Q9IDV2,836,Q9IDV2,,Viruses,Human immunodeficiency virus type 1 group N (isolate YBF106),388819,Envelope glycoprotein gp160,Homo sapiens,9606,1,21,ECO:0000255,,,,657,677,ECO:0000255,,,,,,,,,,,,,,,,,,,,,,,,,,,,,,
Q9IH63,546,Q9IH63,"Q5K4D9, Q8QU00",Viruses,Nipah virus,3052225,Fusion glycoprotein F0,"Cynopterus brachyotis, Eonycteris spelaea, Homo sapiens, Pteropus hypomelanus, Pteropus vampyrus, Scotophilus kuhlii, Sus scrofa","58060, 58065, 9606, 9405, 132908, 153297, 9823",1,26,ECO:0000255,,,,498,518,ECO:0000255,,,,,,,,,,,,,,,,,,,,,,,,,,,,,,
Q9IKD1,1360,Q9IKD1,,Viruses,Rat coronavirus (strain 681),33740,Spike glycoprotein,Rattus norvegicus,10116,1,13,ECO:0000255,,,,1302,1322,ECO:0000255,,,,,,,,,,,,,,,,,,,,,,,,,,,,,,
Q9IPJ6,524,Q9IPJ6,"Q75T09, Q787B5",Viruses,Rabies virus (strain Nishigahara RCEH),11298,Glycoprotein,"Homo sapiens, Mammalia","9606, 40674",1,19,ECO:0000255,,,,460,480,ECO:0000255,,,,,,,,,,,,,,,,,,,,,,,,,,,,,,
Q9IVZ8,658,Q9IVZ8,,Viruses,Hepatitis E virus genotype 4 (isolate Human/China/T1),509627,Pro-secreted protein ORF2,"Bandicota bengalensis, Callithrix, Cercopithecus hamlyni, Chlorocebus aethiops, Gallus gallus, Homo sapiens, Macaca, Mus musculus, Pan troglodytes, Saimiri, Sus scrofa","69079, 9481, 9536, 9534, 9031, 9606, 9539, 10090, 9598, 9520, 9823",1,19,ECO:0000255,,,,,,,,,,,,,,,,,,,,,,,,,,,,,,,,,,,,
Q9J3M8,623,Q9J3M8,,Viruses,Varicella-zoster virus (strain Oka vaccine),341980,Envelope glycoprotein E,Homo sapiens,9606,1,30,ECO:0000255,,,,539,559,ECO:0000255,,,,,,,,,,,,,,,,,,,,,,,,,,,,,,
Q9Q714,859,Q9Q714,,Viruses,Human immunodeficiency virus type 1 group M subtype H (isolate VI991),388888,Envelope glycoprotein gp160,Homo sapiens,9606,1,28,ECO:0000255,,,,688,708,ECO:0000255,,,,,,,,,,,,,,,,,,,,,,,,,,,,,,
Q9QAQ8,1363,Q9QAQ8,,Viruses,Bovine coronavirus (strain OK-0514),231432,Spike glycoprotein,Bos taurus,9913,1,13,ECO:0000255,,,,1308,1328,ECO:0000255,,,,,,,,,,,,,,,,,,,,,,,,,,,,,,
Q9QAR5,1363,Q9QAR5,,Viruses,Bovine coronavirus (strain LSU-94LSS-051),233261,Spike glycoprotein,Bos taurus,9913,1,13,ECO:0000255,,,,1308,1328,ECO:0000255,,,,,,,,,,,,,,,,,,,,,,,,,,,,,,
Q9QBY2,842,Q9QBY2,,Viruses,Human immunodeficiency virus type 1 group M subtype K (isolate 96CM-MP535),388906,Envelope glycoprotein gp160,Homo sapiens,9606,1,31,ECO:0000255,,,,671,691,ECO:0000255,,,,,,,,,,,,,,,,,,,,,,,,,,,,,,
Q9QBZ0,850,Q9QBZ0,,Viruses,Human immunodeficiency virus type 1 group M subtype F2 (isolate MP257),388823,Envelope glycoprotein gp160,Homo sapiens,9606,1,31,ECO:0000255,,,,679,699,ECO:0000255,,,,,,,,,,,,,,,,,,,,,,,,,,,,,,
Q9QBZ4,843,Q9QBZ4,,Viruses,Human immunodeficiency virus type 1 group M subtype F2 (isolate MP255),388815,Envelope glycoprotein gp160,Homo sapiens,9606,1,33,ECO:0000255,,,,672,692,ECO:0000255,,,,,,,,,,,,,,,,,,,,,,,,,,,,,,
Q9QBZ8,851,Q9QBZ8,,Viruses,Human immunodeficiency virus type 1 group M subtype K (isolate 97ZR-EQTB11),388907,Envelope glycoprotein gp160,Homo sapiens,9606,1,31,ECO:0000255,,,,680,700,ECO:0000255,,,,,,,,,,,,,,,,,,,,,,,,,,,,,,
Q9QSQ7,832,Q9QSQ7,,Viruses,Human immunodeficiency virus type 1 group M subtype F1 (isolate VI850),388813,Envelope glycoprotein gp160,Homo sapiens,9606,1,31,ECO:0000255,,,,661,681,ECO:0000255,,,,,,,,,,,,,,,,,,,,,,,,,,,,,,
Q9TTC0,659,Q9TTC0,,Viruses,Koala retrovirus,394239,Envelope glycoprotein,Phascolarctos cinereus,38626,1,35,ECO:0000255,,,,607,627,ECO:0000255,,,,,,,,,,,,,,,,,,,,,,,,,,,,,,
Q9WC60,848,Q9WC60,,Viruses,Human immunodeficiency virus type 1 group M subtype J (isolate SE9280),388905,Envelope glycoprotein gp160,Homo sapiens,9606,1,28,ECO:0000255,,,,677,697,ECO:0000255,,,,,,,,,,,,,,,,,,,,,,,,,,,,,,
Q9WC69,850,Q9WC69,,Viruses,Human immunodeficiency virus type 1 group M subtype J (isolate SE9173),388904,Envelope glycoprotein gp160,Homo sapiens,9606,1,28,ECO:0000255,,,,679,699,ECO:0000255,,,,,,,,,,,,,,,,,,,,,,,,,,,,,,
Q9WJE9,212,Q9WJE9,,Viruses,Gorilla hepatitis B virus (isolate Cameroon/gor97),489546,External core antigen,Gorilla gorilla,9593,1,19,ECO:0000255,,,,,,,,,,,,,,,,,,,,,,,,,,,,,,,,,,,,
Q9WMB7,212,Q9WMB7,,Viruses,Hepatitis B virus genotype C subtype ar (isolate Japan/S-207/1988),489467,External core antigen,"Homo sapiens, Pan troglodytes","9606, 9598",1,19,ECO:0000255,,,,,,,,,,,,,,,,,,,,,,,,,,,,,,,,,,,,
Q9YLQ9,660,Q9YLQ9,Q1AHU7,Viruses,Hepatitis E virus genotype 3 (isolate Human/United States/US2),509615,Pro-secreted protein ORF2,"Bandicota bengalensis, Callithrix, Cercopithecus hamlyni, Chlorocebus aethiops, Homo sapiens, Macaca, Mus musculus, Pan troglodytes, Saimiri, Sus scrofa","69079, 9481, 9536, 9534, 9606, 9539, 10090, 9598, 9520, 9823",1,23,ECO:0000255,,,,,,,,,,,,,,,,,,,,,,,,,,,,,,,,,,,,
R4V2Q5,1073,R4V2Q5,W8GRF8,Viruses,Dabie bandavirus,1003835,Envelopment polyprotein,,,1,19,ECO:0000255,,,,454,474,ECO:0000255,1037,1057,ECO:0000255,,,,,,,,,,,,,,,,,,,,,,,,,,,
A1Z0Q5,394,A1Z0Q5,"Q05060, Q69081, Q69082",Viruses,Human herpesvirus 1 (strain KOS),10306,Envelope glycoprotein D,Homo sapiens,9606,1,25,ECO:0000255,,,,341,361,ECO:0000255,,,,,,,,,,,,,,,,,,,,,,,,,,,,,,
A3DRP0,566,A3DRP0,,Viruses,Influenza A virus (strain A/USA:Memphis/10/1996 H1N1),416730,Hemagglutinin,"Aves, Homo sapiens, Sus scrofa","8782, 9606, 9823",1,17,ECO:0000255,,,,530,550,ECO:0000255,,,,,,,,,,,,,,,,,,,,,,,,,,,,,,
A3RM22,524,A3RM22,Q58FH1,Viruses,Rabies virus (strain India),445790,Glycoprotein,"Homo sapiens, Mammalia","9606, 40674",1,19,ECO:0000255,,,,460,480,ECO:0000255,,,,,,,,,,,,,,,,,,,,,,,,,,,,,,
A4GBX7,566,A4GBX7,,Viruses,Influenza A virus (strain A/Brazil/11/1978 H1N1),393560,Hemagglutinin,"Aves, Homo sapiens, Sus scrofa","8782, 9606, 9823",1,17,ECO:0000255,,,,530,550,ECO:0000255,,,,,,,,,,,,,,,,,,,,,,,,,,,,,,
A4GCH5,566,A4GCH5,,Viruses,Influenza A virus (strain A/Chile/1/1983 H1N1),380985,Hemagglutinin,"Aves, Homo sapiens, Sus scrofa","8782, 9606, 9823",1,17,ECO:0000255,,,,530,550,ECO:0000255,,,,,,,,,,,,,,,,,,,,,,,,,,,,,,
A4GCI6,566,A4GCI6,,Viruses,Influenza A virus (strain A/Henry/1936 H1N1),425562,Hemagglutinin,"Aves, Homo sapiens, Sus scrofa","8782, 9606, 9823",1,17,ECO:0000255,,,,530,550,ECO:0000255,,,,,,,,,,,,,,,,,,,,,,,,,,,,,,
A4GCJ7,566,A4GCJ7,,Viruses,Influenza A virus (strain A/India/6263/1980 H1N1),393562,Hemagglutinin,"Aves, Homo sapiens, Sus scrofa","8782, 9606, 9823",1,17,ECO:0000255,,,,530,550,ECO:0000255,,,,,,,,,,,,,,,,,,,,,,,,,,,,,,
A4GCK8,565,A4GCK8,,Viruses,Influenza A virus (strain A/USA:Iowa/1943 H1N1),425563,Hemagglutinin,"Aves, Homo sapiens, Sus scrofa","8782, 9606, 9823",1,17,ECO:0000255,,,,529,549,ECO:0000255,,,,,,,,,,,,,,,,,,,,,,,,,,,,,,
A4GCL9,566,A4GCL9,,Viruses,Influenza A virus (strain A/USA:Phila/1935 H1N1),425570,Hemagglutinin,"Aves, Homo sapiens, Sus scrofa","8782, 9606, 9823",1,17,ECO:0000255,,,,530,550,ECO:0000255,,,,,,,,,,,,,,,,,,,,,,,,,,,,,,
A4K143,566,A4K143,,Viruses,Influenza A virus (strain A/Malaysia:Malaya/302/1954 H1N1),425566,Hemagglutinin,"Aves, Homo sapiens, Sus scrofa","8782, 9606, 9823",1,17,ECO:0000255,,,,530,550,ECO:0000255,,,,,,,,,,,,,,,,,,,,,,,,,,,,,,
A4U6V2,566,A4U6V2,,Viruses,Influenza A virus (strain A/USA:Huston/AA/1945 H1N1),425551,Hemagglutinin,"Aves, Homo sapiens, Sus scrofa","8782, 9606, 9823",1,17,ECO:0000255,,,,530,550,ECO:0000255,,,,,,,,,,,,,,,,,,,,,,,,,,,,,,
A4U7A6,566,A4U7A6,,Viruses,Influenza A virus (strain A/USA:Albany/12/1951 H1N1),425580,Hemagglutinin,"Aves, Homo sapiens, Sus scrofa","8782, 9606, 9823",1,17,ECO:0000255,,,,530,550,ECO:0000255,,,,,,,,,,,,,,,,,,,,,,,,,,,,,,
A8C8J4,565,A8C8J4,,Viruses,Influenza A virus (strain A/USA:Texas/UR06-0195/2007 H1N1),455880,Hemagglutinin,"Aves, Homo sapiens, Sus scrofa","8782, 9606, 9823",1,17,ECO:0000255,,,,529,549,ECO:0000255,,,,,,,,,,,,,,,,,,,,,,,,,,,,,,
A8C8W3,566,A8C8W3,,Viruses,Influenza A virus (strain A/Swine/Wisconsin/1/1967 H1N1),382855,Hemagglutinin,"Aves, Homo sapiens, Sus scrofa","8782, 9606, 9823",1,17,ECO:0000255,,,,530,550,ECO:0000255,,,,,,,,,,,,,,,,,,,,,,,,,,,,,,
B4URD6,565,B4URD6,,Viruses,Influenza A virus (strain A/Russia:St.Petersburg/8/2006 H1N1),518998,Hemagglutinin,"Aves, Homo sapiens, Sus scrofa","8782, 9606, 9823",1,17,ECO:0000255,,,,529,549,ECO:0000255,,,,,,,,,,,,,,,,,,,,,,,,,,,,,,
B9VXD7,186,B9VXD7,,Viruses,Human cytomegalovirus (strain Towne),10363,Membrane glycoprotein US3,Homo sapiens,9606,1,20,ECO:0000255,,,,161,181,ECO:0000255,,,,,,,,,,,,,,,,,,,,,,,,,,,,,,
F5HAK9,730,F5HAK9,,Viruses,Human herpesvirus 8 type P (isolate GK18),868565,Envelope glycoprotein H,Homo sapiens,9606,1,21,ECO:0000255,,,,707,727,ECO:0000255,,,,,,,,,,,,,,,,,,,,,,,,,,,,,,
F5HB53,907,F5HB53,,Viruses,Human cytomegalovirus (strain Merlin),295027,Envelope glycoprotein B,Homo sapiens,9606,1,24,ECO:0000255,,,,752,772,ECO:0000255,,,,,,,,,,,,,,,,,,,,,,,,,,,,,,
F5HCH8,278,F5HCH8,,Viruses,Human cytomegalovirus (strain Merlin),295027,Envelope glycoprotein L,Homo sapiens,9606,1,30,ECO:0000255,,,,,,,,,,,,,,,,,,,,,,,,,,,,,,,,,,,,
F5HFQ0,110,F5HFQ0,,Viruses,Human herpesvirus 8 type P (isolate GK18),868565,Envelope glycoprotein N,Homo sapiens,9606,1,17,ECO:0000255,,,,81,101,ECO:0000255,,,,,,,,,,,,,,,,,,,,,,,,,,,,,,
F5HGP1,472,F5HGP1,,Viruses,Human cytomegalovirus (strain Merlin),295027,Envelope glycoprotein O,Homo sapiens,9606,1,31,ECO:0000255,,,,,,,,,,,,,,,,,,,,,,,,,,,,,,,,,,,,
L7V0S7,1070,L7V0S7,,Viruses,Bhanja virus,1213620,Envelopment polyprotein,"Amblyomma variegatum, Atelerix albiventris, Bos taurus, Capra hircus, Capreolus capreolus, Dermacentor marginatus, Haemaphysalis intermedia, Haemaphysalis punctata, Haemaphysalis sulcata, Homo sapiens, Hyalomma detritum, Hyalomma dromedarii, Hyalomma marginatum, Hyalomma truncatum, Ixodes ricinus, Ixodes vespertilionis, Ovis aries, Rhipicephalus annulatus, Rhipicephalus appendiculatus, Rhipicephalus bursa, Rhipicephalus decoloratus, Rhipicephalus geigyi, Rhipicephalus sanguineus, Sus scrofa, Xerus erythropus","34610, 9368, 9913, 9925, 9858, 49202, 1027255, 49204, 490559, 9606, 572043, 34626, 34627, 72855, 34613, 59656, 9940, 34611, 34631, 67831, 60189, 136141, 34632, 9823, 327507",1,17,ECO:0000255,,,,458,478,ECO:0000255,1024,1044,ECO:0000255,,,,,,,,,,,,,,,,,,,,,,,,,,,
O09800,91,O09800,B9VQH8,Viruses,Human herpesvirus 1 (strain 17),10299,Envelope glycoprotein N,Homo sapiens,9606,1,23,ECO:0000255,,,,56,76,ECO:0000255,,,,,,,,,,,,,,,,,,,,,,,,,,,,,,
O11283,566,O11283,"O40676, Q6DME6",Viruses,Influenza A virus (strain A/Beijing/353/1989 H3N2),380949,Hemagglutinin,"Aves, Cetacea, Homo sapiens, Phocidae, Sus scrofa","8782, 9721, 9606, 9709, 9823",1,16,ECO:0000255,,,,531,551,ECO:0000255,,,,,,,,,,,,,,,,,,,,,,,,,,,,,,
O36362,854,O36362,,Viruses,Alcelaphine herpesvirus 1 (strain C500),654901,Envelope glycoprotein B,Connochaetes taurinus,9927,1,22,ECO:0000255,,,,733,753,ECO:0000255,,,,,,,,,,,,,,,,,,,,,,,,,,,,,,
O55647,1135,O55647,,Viruses,Tomato spotted wilt virus,3052585,Envelopment polyprotein,"Frankliniella occidentalis, Scirtothrips dorsalis, Solanum lycopersicum, Thrips tabaci","133901, 163899, 4081, 161014",1,35,ECO:0000255,,,,315,366,ECO:0000250,1068,1088,ECO:0000255,,,,,,,,,,,,,,,,,,,,,,,,,,,
O56140,568,O56140,"O56262, Q9WAA0",Viruses,Influenza A virus (strain A/Hong Kong/156/1997 H5N1 genotype Gs/Gd),130763,Hemagglutinin,"Aves, Felis catus, Homo sapiens, Panthera pardus, Panthera tigris, Sus scrofa","8782, 9685, 9606, 9691, 9694, 9823",1,16,ECO:0000255,,,,532,552,ECO:0000255,,,,,,,,,,,,,,,,,,,,,,,,,,,,,,
O57295,565,O57295,Q88248,Viruses,Sendai virus (strain Ohita),302272,Fusion glycoprotein F0,"Cavia cutleri, Cricetidae sp., Mus musculus, Rattus norvegicus","10144, 36483, 10090, 10116",1,25,ECO:0000250,,,,501,521,ECO:0000250,,,,,,,,,,,,,,,,,,,,,,,,,,,,,,
O80297,460,O80297,,Viruses,Escherichia phage If1,10868,Attachment protein G3P,Escherichia coli,562,1,16,ECO:0000255,,,,434,454,ECO:0000255,,,,,,,,,,,,,,,,,,,,,,,,,,,,,,
O89342,546,O89342,Q66761,Viruses,Hendra virus (isolate Horse/Autralia/Hendra/1994),928303,Fusion glycoprotein F0,"Equus caballus, Homo sapiens, Pteropus alecto, Pteropus poliocephalus, Pteropus scapulatus","9796, 9606, 9402, 9403, 94117",1,26,ECO:0000255,,,,495,515,ECO:0000255,,,,,,,,,,,,,,,,,,,,,,,,,,,,,,
O89746,568,O89746,,Viruses,Influenza A virus (strain A/Chicken/Hong Kong/220/1997 H5N1 genotype Gs/Gd),100834,Hemagglutinin,"Aves, Felis catus, Homo sapiens, Panthera pardus, Panthera tigris, Sus scrofa","8782, 9685, 9606, 9691, 9694, 9823",1,16,ECO:0000255,,,,532,552,ECO:0000255,,,,,,,,,,,,,,,,,,,,,,,,,,,,,,
O91262,439,O91262,,Viruses,Puffinosis coronavirus,76583,Hemagglutinin-esterase,Puffinus puffinus,48688,1,22,ECO:0000255,,,,408,428,ECO:0000255,,,,,,,,,,,,,,,,,,,,,,,,,,,,,,
O92367,431,O92367,,Viruses,Murine coronavirus (strain DVIM),231423,Hemagglutinin-esterase,Mus,10088,1,21,ECO:0000255,,,,400,420,ECO:0000255,,,,,,,,,,,,,,,,,,,,,,,,,,,,,,
O92955,613,O92955,,Viruses,Rous sarcoma virus subgroup B (strain Schmidt-Ruppin),269447,Envelope glycoprotein gp95,Gallus gallus,9031,1,62,ECO:0000255,,,,560,580,ECO:0000255,,,,,,,,,,,,,,,,,,,,,,,,,,,,,,
P00587,560,P00587,,Viruses,Corynephage omega,10714,Diphtheria toxin,Corynebacterium diphtheriae,1717,1,25,,,,,,,,,,,,,,,,,,,,,,,,,,,,,,,,,,,,,
P03180,170,P03180,Q777H2,Viruses,Epstein-Barr virus (strain B95-8),10377,Viral interleukin-10 homolog,Homo sapiens,9606,1,23,ECO:0000255,,,,,,,,,,,,,,,,,,,,,,,,,,,,,,,,,,,,
P03212,137,P03212,Q777E0,Viruses,Epstein-Barr virus (strain B95-8),10377,Envelope glycoprotein L,Homo sapiens,9606,1,22,ECO:0000255,,,,,,,,,,,,,,,,,,,,,,,,,,,,,,,,,,,,
P03228,221,P03228,Q777A5,Viruses,Epstein-Barr virus (strain B95-8),10377,Secreted protein BARF1,Homo sapiens,9606,1,20,ECO:0000255,,,,,,,,,,,,,,,,,,,,,,,,,,,,,,,,,,,,
P03250,130,P03250,,Viruses,Human adenovirus C serotype 2,10515,Early 3 receptor internalization and degradation beta protein,Homo sapiens,9606,1,19,ECO:0000250,,,,53,77,ECO:0000255,,,,,,,,,,,,,,,,,,,,,,,,,,,,,,
P03374,688,P03374,,Viruses,Mouse mammary tumor virus (strain GR),11760,Envelope glycoprotein gp70,Mus musculus,10090,1,98,ECO:0000250,,,,625,645,ECO:0000255,,,,,,,,,,,,,,,,,,,,,,,,,,,,,,
P03379,982,P03379,,Viruses,Maedi visna virus (strain 1514),11742,Envelope glycoprotein gp160,Ovis aries,9940,1,106,ECO:0000255,,,,832,852,ECO:0000255,,,,,,,,,,,,,,,,,,,,,,,,,,,,,,
P03380,515,P03380,,Viruses,Bovine leukemia virus (isolate Japanese BLV-1),11907,Envelope glycoprotein,Bos taurus,9913,1,33,ECO:0000255,,,,436,456,ECO:0000255,,,,,,,,,,,,,,,,,,,,,,,,,,,,,,
P03381,488,P03381,,Viruses,Human T-cell leukemia virus 1 (strain Japan ATK-1 subtype A),11926,Envelope glycoprotein gp62,Homo sapiens,9606,1,20,ECO:0000255,,,,443,463,ECO:0000255,,,,,,,,,,,,,,,,,,,,,,,,,,,,,,
P03388,640,P03388,Q85501,Viruses,Mink cell focus-forming murine leukemia virus (isolate CI-3),11936,Envelope glycoprotein,Mus musculus,10090,1,32,ECO:0000255,,,,583,603,ECO:0000255,,,,,,,,,,,,,,,,,,,,,,,,,,,,,,
P03392,534,P03392,,Viruses,Feline sarcoma virus (strain Snyder-Theilen),11780,Envelope glycoprotein,Felidae,9681,1,34,ECO:0000255,,,,,,,,,,,,,,,,,,,,,,,,,,,,,,,,,,,,
P03393,409,P03393,,Viruses,Friend spleen focus-forming virus (isolate 502),355329,Glycoprotein 55,Mus musculus,10090,1,32,ECO:0000255,,,,385,405,ECO:0000255,,,,,,,,,,,,,,,,,,,,,,,,,,,,,,
P03399,582,P03399,,Viruses,Avian reticuloendotheliosis virus,11636,Envelope glycoprotein,Galliformes,8976,1,35,ECO:0000255,,,,520,540,ECO:0000255,,,,,,,,,,,,,,,,,,,,,,,,,,,,,,
P03438,566,P03438,Q0PDM6,Viruses,Influenza A virus (strain A/X-31 H3N2),132504,Hemagglutinin,"Aves, Cetacea, Homo sapiens, Phocidae, Sus scrofa","8782, 9721, 9606, 9709, 9823",1,16,ECO:0000255,,,,531,551,ECO:0000255,,,,,,,,,,,,,,,,,,,,,,,,,,,,,,
P03439,566,P03439,Q463X5,Viruses,Influenza A virus (strain A/Memphis/102/1972 H3N2),385640,Hemagglutinin,"Aves, Cetacea, Homo sapiens, Phocidae, Sus scrofa","8782, 9721, 9606, 9709, 9823",1,16,ECO:0000255,,,,531,551,ECO:0000255,,,,,,,,,,,,,,,,,,,,,,,,,,,,,,
P03440,566,P03440,,Viruses,Influenza A virus (strain A/England/321/1977 H3N2),393563,Hemagglutinin,"Aves, Homo sapiens, Mysticeti, Phocidae, Sus scrofa","8782, 9606, 9761, 9709, 9823",1,16,ECO:0000255,,,,531,551,ECO:0000255,,,,,,,,,,,,,,,,,,,,,,,,,,,,,,
P03442,566,P03442,,Viruses,Influenza A virus (strain A/Duck/Ukraine/1/1963 H3N8),385580,Hemagglutinin,"Aves, Equus caballus","8782, 9796",1,16,ECO:0000255,,,,531,551,ECO:0000255,,,,,,,,,,,,,,,,,,,,,,,,,,,,,,
P03443,564,P03443,,Viruses,Influenza A virus (strain A/Duck/Alberta/28/1976 H4N6),385638,Hemagglutinin,"Aves, Sus scrofa","8782, 9823",1,16,ECO:0000255,,,,528,548,ECO:0000255,,,,,,,,,,,,,,,,,,,,,,,,,,,,,,
P03444,106,P03444,,Viruses,Influenza A virus (strain A/Duck/Manitoba/1/1953 H10N7),383555,Hemagglutinin,"Anatidae, Gallus gallus","8830, 9031",1,17,ECO:0000255,,,,,,,,,,,,,,,,,,,,,,,,,,,,,,,,,,,,
P03445,100,P03445,,Viruses,Influenza A virus (strain A/Duck/Memphis/546/1976 H11N9),387211,Hemagglutinin,Aves,8782,1,16,ECO:0000255,,,,,,,,,,,,,,,,,,,,,,,,,,,,,,,,,,,,
P03446,564,P03446,,Viruses,Influenza A virus (strain A/Duck/Alberta/60/1976 H12N5),385582,Hemagglutinin,"Aves, Sus scrofa","8782, 9823",1,16,ECO:0000255,,,,531,551,ECO:0000255,,,,,,,,,,,,,,,,,,,,,,,,,,,,,,
P03447,109,P03447,,Viruses,Influenza A virus (strain A/Shearwater/Australia/1975 H5N3),11462,Hemagglutinin,Aves,8782,1,16,ECO:0000255,,,,,,,,,,,,,,,,,,,,,,,,,,,,,,,,,,,,
P03448,566,P03448,,Viruses,Influenza A virus (strain A/Shearwater/Australia/1972 H6N5),383604,Hemagglutinin,Aves,8782,1,16,ECO:0000255,,,,530,550,ECO:0000255,,,,,,,,,,,,,,,,,,,,,,,,,,,,,,
P03449,566,P03449,Q3YPZ5,Viruses,Influenza A virus (strain A/Memphis/1/1971 H3N2),383586,Hemagglutinin,"Aves, Cetacea, Homo sapiens, Phocidae, Sus scrofa","8782, 9721, 9606, 9709, 9823",1,16,ECO:0000255,,,,531,551,ECO:0000255,,,,,,,,,,,,,,,,,,,,,,,,,,,,,,
P03450,108,P03450,,Viruses,Influenza A virus (strain A/RI/5-/1957 H2N2),382828,Hemagglutinin,"Aves, Homo sapiens","8782, 9606",1,15,ECO:0000255,,,,,,,,,,,,,,,,,,,,,,,,,,,,,,,,,,,,
P03453,566,P03453,Q1WP09,Viruses,Influenza A virus (strain A/USSR/90/1977 H1N1),381516,Hemagglutinin,"Aves, Homo sapiens, Sus scrofa","8782, 9606, 9823",1,17,ECO:0000255,,,,530,550,ECO:0000255,,,,,,,,,,,,,,,,,,,,,,,,,,,,,,
P03455,566,P03455,,Viruses,Influenza A virus (strain A/Swine/New Jersey/11/1976 H1N1),186460,Hemagglutinin,"Aves, Homo sapiens, Sus scrofa","8782, 9606, 9823",1,17,ECO:0000255,,,,530,550,ECO:0000255,,,,,,,,,,,,,,,,,,,,,,,,,,,,,,
P03456,565,P03456,Q0A465,Viruses,Influenza A virus (strain A/Turkey/Ontario/6118/1968 H8N4),311175,Hemagglutinin,Aves,8782,1,15,ECO:0000255,,,,529,549,ECO:0000255,,,,,,,,,,,,,,,,,,,,,,,,,,,,,,
P03457,560,P03457,"Q0A459, Q3SBE7",Viruses,Influenza A virus (strain A/Turkey/Wisconsin/1/1966 H9N2),385620,Hemagglutinin,Aves,8782,1,18,ECO:0000255,,,,527,547,ECO:0000255,,,,,,,,,,,,,,,,,,,,,,,,,,,,,,
P03458,560,P03458,Q0PCG7,Viruses,Influenza A virus (strain A/Turkey/Oregon/1971 H7N3),385636,Hemagglutinin,Aves,8782,1,18,ECO:0000255,,,,524,544,ECO:0000255,,,,,,,,,,,,,,,,,,,,,,,,,,,,,,
P03460,584,P03460,,Viruses,Influenza B virus (strain B/Lee/1940),518987,Hemagglutinin,Homo sapiens,9606,1,15,ECO:0000255,,,,553,573,ECO:0000255,,,,,,,,,,,,,,,,,,,,,,,,,,,,,,
P03463,583,P03463,,Viruses,Influenza B virus (strain B/Singapore/222/1979),107417,Hemagglutinin,Homo sapiens,9606,1,15,ECO:0000255,,,,552,572,ECO:0000255,,,,,,,,,,,,,,,,,,,,,,,,,,,,,,
P03464,583,P03464,,Viruses,Influenza B virus (strain B/Oregon/5/1980),11541,Hemagglutinin,Homo sapiens,9606,1,15,ECO:0000255,,,,552,572,ECO:0000255,,,,,,,,,,,,,,,,,,,,,,,,,,,,,,
P03465,654,P03465,,Viruses,Influenza C virus (strain C/California/1978),203224,Hemagglutinin-esterase-fusion glycoprotein,"Homo sapiens, Sus scrofa","9606, 9823",1,14,ECO:0000255,,,,630,650,ECO:0000255,,,,,,,,,,,,,,,,,,,,,,,,,,,,,,
P03524,524,P03524,A3F5L8,Viruses,Rabies virus (strain ERA),11295,Glycoprotein,"Homo sapiens, Mammalia","9606, 40674",1,19,,,,,460,480,ECO:0000255,,,,,,,,,,,,,,,,,,,,,,,,,,,,,,
P03621,82,P03621,,Viruses,Pseudomonas phage Pf1,2011081,Capsid protein G8P,Pseudomonas aeruginosa,287,1,28,,,,,58,76,ECO:0000250,,,,,,,,,,,,,,,,,,,,,,,,,,,,,,
P03663,434,P03663,,Viruses,Salmonella phage IKe,10867,Attachment protein G3P,Escherichia coli,562,1,19,ECO:0000255,,,,408,429,ECO:0000255,,,,,,,,,,,,,,,,,,,,,,,,,,,,,,
P03666,426,P03666,Q96223,Viruses,Enterobacteria phage f1,10863,Virion export protein,Escherichia coli,562,1,21,ECO:0000255,,,,317,337,ECO:0000255,,,,,,,,,,,,,,,,,,,,,,,,,,,,,,
P04027,587,P04027,,Viruses,Simian retrovirus SRV-1,11942,Envelope glycoprotein,Macaca mulatta,9544,1,22,ECO:0000255,,,,528,548,ECO:0000255,,,,,,,,,,,,,,,,,,,,,,,,,,,,,,
P04494,160,P04494,,Viruses,Human adenovirus C serotype 5,28285,Early E3 18.5 kDa glycoprotein,Homo sapiens,9606,1,17,ECO:0000269,,,,125,145,ECO:0000255,,,,,,,,,,,,,,,,,,,,,,,,,,,,,,
P04505,1433,P04505,,Viruses,Bunyamwera virus,35304,Envelopment polyprotein,"Aedes aegypti, Homo sapiens","7159, 9606",1,16,,,,,204,224,ECO:0000255,309,329,ECO:0000255,370,390,ECO:0000255,457,477,ECO:0000255,1388,1408,ECO:0000255,,,,,,,,,,,,,,,,,,
P04659,100,P04659,,Viruses,Influenza A virus (strain A/Duck/Ukraine/1/1960 H11N9),387212,Hemagglutinin,Aves,8782,1,16,ECO:0000255,,,,,,,,,,,,,,,,,,,,,,,,,,,,,,,,,,,,
P04660,100,P04660,,Viruses,Influenza A virus (strain A/Duck/New York/12/1978 H11N6),11369,Hemagglutinin,Aves,8782,1,16,ECO:0000255,,,,,,,,,,,,,,,,,,,,,,,,,,,,,,,,,,,,
P04661,565,P04661,Q0A437,Viruses,Influenza A virus (strain A/Duck/England/1/1956 H11N6),383550,Hemagglutinin,Aves,8782,1,16,ECO:0000255,,,,532,552,ECO:0000255,,,,,,,,,,,,,,,,,,,,,,,,,,,,,,
P04662,83,P04662,,Viruses,Influenza A virus (strain A/Tern/Australia/G70C/1975 H11N9),384509,Hemagglutinin,Aves,8782,1,16,ECO:0000255,,,,,,,,,,,,,,,,,,,,,,,,,,,,,,,,,,,,
P04849,529,P04849,,Viruses,Parainfluenza virus 5 (strain W3),11208,Fusion glycoprotein F0,"Canis lupus familiaris, Homo sapiens","9615, 9606",1,19,ECO:0000255,,,,488,508,ECO:0000250,,,,,,,,,,,,,,,,,,,,,,,,,,,,,,
P04856,565,P04856,,Viruses,Sendai virus (strain Harris),11196,Fusion glycoprotein F0,"Cavia cutleri, Cricetidae sp., Mus musculus, Rattus norvegicus","10144, 36483, 10090, 10116",1,25,ECO:0000250,,,,501,521,ECO:0000250,,,,,,,,,,,,,,,,,,,,,,,,,,,,,,
P04875,1441,P04875,,Viruses,Bunyavirus snowshoe hare,11580,Envelopment polyprotein,"Aedes, Bos taurus, Canis lupus familiaris, Culex, Culiseta, Equus caballus, Gallus gallus, Homo sapiens, Lepus americanus","7158, 9913, 9615, 7174, 174825, 9796, 9031, 9606, 48086",1,13,,,,,201,221,ECO:0000255,306,326,ECO:0000255,366,386,ECO:0000255,453,473,ECO:0000255,1396,1416,ECO:0000255,,,,,,,,,,,,,,,,,,
P04882,517,P04882,,Viruses,Vesicular stomatitis New Jersey virus (strain Ogden subtype Concan),11283,Glycoprotein,"Aedes, Bos taurus, Culicoides, Equus asinus, Equus caballus, Homo sapiens, Lutzomyia, Musca domestica, Simuliidae, Sus scrofa","7158, 9913, 58271, 9793, 9796, 9606, 252607, 7370, 7190, 9823",1,16,,,,,475,495,ECO:0000255,,,,,,,,,,,,,,,,,,,,,,,,,,,,,,
P04884,511,P04884,,Viruses,Vesicular stomatitis Indiana virus (strain Orsay),11284,Glycoprotein,"Aedes, Bos taurus, Culicoides, Equus asinus, Equus caballus, Homo sapiens, Lutzomyia, Musca domestica, Simuliidae, Sus scrofa","7158, 9913, 58271, 9793, 9796, 9606, 252607, 7370, 7190, 9823",1,16,,,,,468,488,ECO:0000255,,,,,,,,,,,,,,,,,,,,,,,,,,,,,,
P05135,1163,P05135,,Viruses,Avian infectious bronchitis virus (strain 6/82),11121,Spike glycoprotein,Gallus gallus,9031,1,18,ECO:0000255,,,,1097,1117,ECO:0000255,,,,,,,,,,,,,,,,,,,,,,,,,,,,,,
P06024,479,P06024,,Viruses,Suid herpesvirus 1 (strain Indiana-Funkhauser / Becker),31523,Envelope glycoprotein C homolog,Sus scrofa,9823,1,22,,,,,452,472,ECO:0000255,,,,,,,,,,,,,,,,,,,,,,,,,,,,,,
P06445,640,P06445,"Q85628, Q85629, Q89529",Viruses,Rauscher mink cell focus-inducing virus,11784,Envelope glycoprotein,Mus musculus,10090,1,32,ECO:0000255,,,,585,605,ECO:0000255,,,,,,,,,,,,,,,,,,,,,,,,,,,,,,
P06477,838,P06477,"B9VQE9, Q09IB1",Viruses,Human herpesvirus 1 (strain 17),10299,Envelope glycoprotein H,Homo sapiens,9606,1,18,ECO:0000255,,,,804,824,ECO:0000255,,,,,,,,,,,,,,,,,,,,,,,,,,,,,,
P06487,390,P06487,"B9VQK1, Q09I70",Viruses,Human herpesvirus 1 (strain 17),10299,Envelope glycoprotein I,Homo sapiens,9606,1,20,ECO:0000255,,,,277,297,ECO:0000255,,,,,,,,,,,,,,,,,,,,,,,,,,,,,,
P06763,904,P06763,Q69095,Viruses,Human herpesvirus 2 (strain 333),10313,Envelope glycoprotein B,Homo sapiens,9606,1,22,ECO:0000255,,,,772,792,ECO:0000255,,,,,,,,,,,,,,,,,,,,,,,,,,,,,,
P06764,372,P06764,,Viruses,Human herpesvirus 2 (strain 333),10313,Envelope glycoprotein I,Homo sapiens,9606,1,20,ECO:0000255,,,,263,283,ECO:0000255,,,,,,,,,,,,,,,,,,,,,,,,,,,,,,
P07645,402,P07645,,Viruses,Suid herpesvirus 1 (strain Rice),10350,Envelope glycoprotein D,Sus scrofa,9823,1,17,ECO:0000255,,,,356,376,ECO:0000255,,,,,,,,,,,,,,,,,,,,,,,,,,,,,,
P07946,1447,P07946,"Q02167, Q9IW04",Viruses,Porcine transmissible gastroenteritis coronavirus (strain Purdue),11151,Spike glycoprotein,Sus scrofa,9823,1,28,ECO:0000255,,,,1389,1408,ECO:0000255,,,,,,,,,,,,,,,,,,,,,,,,,,,,,,
P07966,642,P07966,,Viruses,Influenza C virus (strain C/Pig/Beijing/439/1982),11566,Hemagglutinin-esterase-fusion glycoprotein,"Homo sapiens, Sus scrofa","9606, 9823",1,1,,,,,618,638,ECO:0000255,,,,,,,,,,,,,,,,,,,,,,,,,,,,,,
P07970,641,P07970,,Viruses,Influenza C virus (strain C/Mississippi/1980),203229,Hemagglutinin-esterase-fusion glycoprotein,"Homo sapiens, Sus scrofa","9606, 9823",1,1,,,,,617,637,ECO:0000255,,,,,,,,,,,,,,,,,,,,,,,,,,,,,,
P07971,642,P07971,,Viruses,Influenza C virus (strain C/Great lakes/1167/1954),11557,Hemagglutinin-esterase-fusion glycoprotein,"Homo sapiens, Sus scrofa","9606, 9823",1,1,,,,,618,638,ECO:0000255,,,,,,,,,,,,,,,,,,,,,,,,,,,,,,
P07973,642,P07973,,Viruses,Influenza C virus (strain C/England/892/1983),11556,Hemagglutinin-esterase-fusion glycoprotein,"Homo sapiens, Sus scrofa","9606, 9823",1,1,,,,,618,638,ECO:0000255,,,,,,,,,,,,,,,,,,,,,,,,,,,,,,
P07976,564,P07976,"Q0A2I7, Q84009, Q84010",Viruses,Influenza A virus (strain A/Chicken/Pennsylvania/1/1983 H5N2),385586,Hemagglutinin,Aves,8782,1,16,ECO:0000255,,,,528,548,ECO:0000255,,,,,,,,,,,,,,,,,,,,,,,,,,,,,,
P08026,315,P08026,,Viruses,Enterobacteria phage H19B,69932,Shiga-like toxin 1 subunit A,Escherichia coli,562,1,22,,,,,,,,,,,,,,,,,,,,,,,,,,,,,,,,,,,,,
P08355,913,P08355,,Viruses,Suid herpesvirus 1 (strain Indiana-Funkhauser / Becker),31523,Envelope glycoprotein B,Sus scrofa,9823,1,59,ECO:0000255,,,,798,818,ECO:0000255,,,,,,,,,,,,,,,,,,,,,,,,,,,,,,
P08560,368,P08560,Q7M6R5,Viruses,Human cytomegalovirus (strain AD169),10360,Glycoprotein UL18,Homo sapiens,9606,1,18,ECO:0000255,,,,321,342,ECO:0000255,,,,,,,,,,,,,,,,,,,,,,,,,,,,,,
P08665,904,P08665,,Viruses,Human herpesvirus 1 (strain Patton),10308,Envelope glycoprotein B,Homo sapiens,9606,1,30,ECO:0000255,,,,775,795,ECO:0000255,,,,,,,,,,,,,,,,,,,,,,,,,,,,,,
P08666,904,P08666,P89450,Viruses,Human herpesvirus 2 (strain HG52),10315,Envelope glycoprotein B,Homo sapiens,9606,1,22,ECO:0000255,,,,772,792,ECO:0000255,,,,,,,,,,,,,,,,,,,,,,,,,,,,,,
P09258,354,P09258,,Viruses,Varicella-zoster virus (strain Dumas),10338,Envelope glycoprotein I,Homo sapiens,9606,1,17,ECO:0000255,,,,296,312,ECO:0000255,,,,,,,,,,,,,,,,,,,,,,,,,,,,,,
P09343,563,P09343,,Viruses,Influenza A virus (strain A/Chicken/Victoria/1/1985 H7N7),402520,Hemagglutinin,"Aves, Equus caballus, Homo sapiens, Phocidae","8782, 9796, 9606, 9709",1,18,ECO:0000255,,,,527,547,ECO:0000255,,,,,,,,,,,,,,,,,,,,,,,,,,,,,,
P09344,563,P09344,,Viruses,Influenza A virus (strain A/Starling/Victoria/5156/1985 H7N7),402525,Hemagglutinin,"Aves, Equus caballus, Homo sapiens, Phocidae","8782, 9796, 9606, 9709",1,18,ECO:0000255,,,,527,547,ECO:0000255,,,,,,,,,,,,,,,,,,,,,,,,,,,,,,
P09345,564,P09345,Q0A2H6,Viruses,Influenza A virus (strain A/Chicken/Scotland/1959 H5N1),402527,Hemagglutinin,"Aves, Felis catus, Homo sapiens, Panthera pardus, Panthera tigris, Sus scrofa","8782, 9685, 9606, 9691, 9694, 9823",1,16,ECO:0000255,,,,528,548,ECO:0000255,,,,,,,,,,,,,,,,,,,,,,,,,,,,,,
P09386,89,P09386,Q96198,Viruses,Escherichia phage 933W,10730,Shiga-like toxin 2 subunit B,Escherichia coli O157:H7,83334,1,19,ECO:0000255,,,,,,,,,,,,,,,,,,,,,,,,,,,,,,,,,,,,
P09458,538,P09458,,Viruses,Mumps virus (strain RW),11172,Fusion glycoprotein F0,Homo sapiens,9606,1,19,ECO:0000269,,,,487,507,ECO:0000255,,,,,,,,,,,,,,,,,,,,,,,,,,,,,,
P09506,607,P09506,,Viruses,Turnip yellows virus (isolate FL-1),12043,Protein P1,"Beta vulgaris, Brassica napus subsp. rapifera, Brassica napus var. napus, Brassica nigra, Brassica oleracea var. botrytis, Brassica oleracea var. capitata, Brassica rapa subsp. rapa, Capsicum annuum, Cicer arietinum, Citrullus lanatus, Crambe hispanica subsp. abyssinica, Cucumis sativus, Cucurbita pepo, Glycine max, Helianthus annuus, Lactuca sativa, Phlox drummondii, Pisum sativum, Raphanus sativus, Solanum lycopersicum, Spinacia oleracea, Trifolium subterraneum, Vicia faba","161934, 3709, 138011, 3710, 3715, 3716, 51350, 4072, 3827, 3654, 3721, 3659, 3663, 3847, 4232, 4236, 103529, 3888, 3726, 4081, 3562, 3900, 3906",1,22,ECO:0000255,,,,115,135,ECO:0000255,137,157,ECO:0000255,167,187,ECO:0000255,,,,,,,,,,,,,,,,,,,,,,,,
P09507,1035,P09507,,Viruses,Turnip yellows virus (isolate FL-1),12043,Protein P1-P2,"Beta vulgaris, Brassica napus subsp. rapifera, Brassica napus var. napus, Brassica nigra, Brassica oleracea var. botrytis, Brassica oleracea var. capitata, Brassica rapa subsp. rapa, Capsicum annuum, Cicer arietinum, Citrullus lanatus, Crambe hispanica subsp. abyssinica, Cucumis sativus, Cucurbita pepo, Glycine max, Helianthus annuus, Lactuca sativa, Phlox drummondii, Pisum sativum, Raphanus sativus, Solanum lycopersicum, Spinacia oleracea, Trifolium subterraneum, Vicia faba","161934, 3709, 138011, 3710, 3715, 3716, 51350, 4072, 3827, 3654, 3721, 3659, 3663, 3847, 4232, 4236, 103529, 3888, 3726, 4081, 3562, 3900, 3906",1,22,ECO:0000255,,,,115,135,ECO:0000255,137,157,ECO:0000255,167,187,ECO:0000255,,,,,,,,,,,,,,,,,,,,,,,,
P09612,1441,P09612,,Viruses,Bunyavirus La Crosse,11577,Envelopment polyprotein,"Cervidae, Homo sapiens, Ochlerotatus triseriatus, Tamias","9850, 9606, 7162, 13712",1,13,ECO:0000255,,,,201,221,ECO:0000255,306,326,ECO:0000255,366,386,ECO:0000255,453,473,ECO:0000255,1396,1416,ECO:0000255,,,,,,,,,,,,,,,,,,
P09712,186,P09712,Q7M6H1,Viruses,Human cytomegalovirus (strain AD169),10360,Membrane glycoprotein US3,Homo sapiens,9606,1,,ECO:0000250,,,,161,181,ECO:0000255,,,,,,,,,,,,,,,,,,,,,,,,,,,,,,
P09713,199,P09713,Q7M6I0,Viruses,Human cytomegalovirus (strain AD169),10360,Unique short US2 glycoprotein,Homo sapiens,9606,1,,,,,,162,182,ECO:0000255,,,,,,,,,,,,,,,,,,,,,,,,,,,,,,
P09729,247,P09729,Q7M6G2,Viruses,Human cytomegalovirus (strain AD169),10360,Unique short US9 glycoprotein,Homo sapiens,9606,1,27,ECO:0000255,,,,193,213,ECO:0000255,,,,,,,,,,,,,,,,,,,,,,,,,,,,,,
P0C0W0,416,P0C0W0,O39517,Viruses,Breda virus 2,360394,Hemagglutinin-esterase,Bos taurus,9913,1,14,ECO:0000255,,,,394,414,ECO:0000255,,,,,,,,,,,,,,,,,,,,,,,,,,,,,,
P0C212,488,P0C212,,Viruses,Human T-cell leukemia virus 1 (isolate Melanesia mel5 subtype C),402046,Envelope glycoprotein gp62,Homo sapiens,9606,1,20,ECO:0000255,,,,443,463,ECO:0000255,,,,,,,,,,,,,,,,,,,,,,,,,,,,,,
P0C6I1,212,P0C6I1,,Viruses,Hepatitis B virus genotype D subtype ayw (isolate Australia/AustKW/1991),489488,External core antigen,"Homo sapiens, Pan troglodytes","9606, 9598",1,19,ECO:0000255,,,,,,,,,,,,,,,,,,,,,,,,,,,,,,,,,,,,
P0C6J0,211,P0C6J0,,Viruses,Woolly monkey hepatitis B virus (isolate Louisville),490134,External core antigen,Lagothrix lagotricha,9519,1,19,ECO:0000255,,,,,,,,,,,,,,,,,,,,,,,,,,,,,,,,,,,,
P0C762,857,P0C762,Q3KSP0,Viruses,Human herpesvirus 4 (strain GD1),3470597,Envelope glycoprotein B,Homo sapiens,9606,1,21,ECO:0000255,,,,733,753,ECO:0000255,,,,,,,,,,,,,,,,,,,,,,,,,,,,,,
P0C763,857,P0C763,Q3KSP0,Viruses,Epstein-Barr virus (strain AG876),82830,Envelope glycoprotein B,Homo sapiens,9606,1,21,ECO:0000255,,,,733,753,ECO:0000255,,,,,,,,,,,,,,,,,,,,,,,,,,,,,,
P0C767,212,P0C767,,Viruses,Hepatitis B virus genotype C subtype ayr (isolate Human/Japan/Okamoto/-),928302,External core antigen,"Homo sapiens, Pan troglodytes","9606, 9598",1,19,ECO:0000255,,,,,,,,,,,,,,,,,,,,,,,,,,,,,,,,,,,,
P0C788,271,P0C788,"P0C789, P88963, Q98149",Viruses,Human herpesvirus 8 type P (isolate GK18),868565,OX-2 membrane glycoprotein homolog,Homo sapiens,9606,1,24,ECO:0000255,,,,228,248,ECO:0000255,,,,,,,,,,,,,,,,,,,,,,,,,,,,,,
P0C9V6,381,P0C9V6,,Viruses,African swine fever virus (isolate Warthog/Namibia/Wart80/1980),561444,CD2 homolog,"Ornithodoros, Phacochoerus aethiopicus, Phacochoerus africanus, Potamochoerus larvatus, Sus scrofa","6937, 85517, 41426, 273792, 9823",1,16,ECO:0000255,,,,209,229,ECO:0000255,,,,,,,,,,,,,,,,,,,,,,,,,,,,,,
P0C9V7,392,P0C9V7,,Viruses,African swine fever virus (isolate Pig/Kenya/KEN-50/1950),561445,CD2 homolog,"Ornithodoros, Phacochoerus aethiopicus, Phacochoerus africanus, Potamochoerus larvatus, Sus scrofa","6937, 85517, 41426, 273792, 9823",1,16,ECO:0000255,,,,223,243,ECO:0000255,,,,,,,,,,,,,,,,,,,,,,,,,,,,,,
P0C9V8,404,P0C9V8,,Viruses,African swine fever virus (isolate Tick/South Africa/Pretoriuskop Pr4/1996),561443,CD2 homolog,"Ornithodoros, Phacochoerus aethiopicus, Phacochoerus africanus, Potamochoerus larvatus, Sus scrofa","6937, 85517, 41426, 273792, 9823",1,16,ECO:0000255,,,,226,246,ECO:0000255,,,,,,,,,,,,,,,,,,,,,,,,,,,,,,
P0C9V9,375,P0C9V9,,Viruses,African swine fever virus (isolate Tick/Malawi/Lil 20-1/1983),10500,CD2 homolog,"Ornithodoros, Phacochoerus aethiopicus, Phacochoerus africanus, Potamochoerus larvatus, Sus scrofa","6937, 85517, 41426, 273792, 9823",1,16,ECO:0000255,,,,208,228,ECO:0000255,,,,,,,,,,,,,,,,,,,,,,,,,,,,,,
P0DOE0,214,P0DOE0,,Viruses,Human herpesvirus 6A (strain Uganda-1102),10370,Glycoprotein Q2,Homo sapiens,9606,1,19,ECO:0000255,,,,,,,,,,,,,,,,,,,,,,,,,,,,,,,,,,,,
P0DOE2,43,P0DOE2,,Viruses,Bacillus phage phi3T,10736,Protein AimP,Bacillus subtilis,1423,1,30,ECO:0000255,,,,,,,,,,,,,,,,,,,,,,,,,,,,,,,,,,,,
P0DSV7,349,P0DSV7,"P34015, Q85407, Q89098, Q89118",Viruses,Variola virus (isolate Human/India/Ind3/1967),587200,Cytokine response-modifying protein B,Homo sapiens,9606,1,22,ECO:0000255,,,,,,,,,,,,,,,,,,,,,,,,,,,,,,,,,,,,
P0DSV8,349,P0DSV8,"P34015, Q85407, Q89098, Q89118",Viruses,Variola virus,10255,Cytokine response-modifying protein B,Homo sapiens,9606,1,22,ECO:0000255,,,,,,,,,,,,,,,,,,,,,,,,,,,,,,,,,,,,
P10033,1452,P10033,"Q4U5G0, Q52PA3",Viruses,Feline coronavirus (strain FIPV WSU-79/1146),33734,Spike glycoprotein,Felidae,9681,1,32,ECO:0000255,,,,1394,1413,ECO:0000255,,,,,,,,,,,,,,,,,,,,,,,,,,,,,,
P10149,315,P10149,,Viruses,Bacteriophage H30,12371,Shiga-like toxin 1 subunit A,Escherichia coli,562,1,22,,,,,,,,,,,,,,,,,,,,,,,,,,,,,,,,,,,,,
P10228,511,P10228,,Viruses,Human herpesvirus 1 (strain 17),10299,Envelope glycoprotein C,Homo sapiens,9606,1,24,ECO:0000255,,,,481,497,ECO:0000255,,,,,,,,,,,,,,,,,,,,,,,,,,,,,,
P10259,688,P10259,,Viruses,Mouse mammary tumor virus (strain BR6),11758,Envelope glycoprotein gp70,Mus musculus,10090,1,98,ECO:0000250,,,,625,645,ECO:0000255,,,,,,,,,,,,,,,,,,,,,,,,,,,,,,
P10269,563,P10269,,Viruses,Baboon endogenous virus (strain M7),11764,Envelope glycoprotein,"Papio, Theropithecus gelada","9554, 9565",1,18,ECO:0000255,,,,504,524,ECO:0000255,,,,,,,,,,,,,,,,,,,,,,,,,,,,,,
P10757,583,P10757,,Viruses,Influenza B virus (strain B/England/222/1982),11527,Hemagglutinin,Homo sapiens,9606,1,15,ECO:0000255,,,,552,572,ECO:0000255,,,,,,,,,,,,,,,,,,,,,,,,,,,,,,
P11135,566,P11135,Q0A2G5,Viruses,Influenza A virus (strain A/Turkey/Ireland/1378/1983 H5N8),380285,Hemagglutinin,Aves,8782,1,16,ECO:0000255,,,,530,550,ECO:0000255,,,,,,,,,,,,,,,,,,,,,,,,,,,,,,
P11236,538,P11236,Q783V9,Viruses,Mumps virus genotype B (strain Miyahara vaccine),11171,Fusion glycoprotein F0,Homo sapiens,9606,1,19,ECO:0000250,,,,487,507,ECO:0000255,,,,,,,,,,,,,,,,,,,,,,,,,,,,,,
P11622,639,P11622,,Viruses,Potato leafroll virus (strain Potato/Netherlands/Wageningen/1989),12048,Protein P1,Solanum tuberosum,4113,1,20,ECO:0000255,,,,121,141,ECO:0000255,144,164,ECO:0000255,172,192,ECO:0000255,,,,,,,,,,,,,,,,,,,,,,,,
P11623,1062,P11623,,Viruses,Potato leafroll virus (strain Potato/Netherlands/Wageningen/1989),12048,Protein P1-P2,Solanum tuberosum,4113,1,20,ECO:0000255,,,,121,141,ECO:0000255,144,164,ECO:0000255,172,192,ECO:0000255,,,,,,,,,,,,,,,,,,,,,,,,
P12430,1437,P12430,,Viruses,Bunyavirus germiston,11574,Envelopment polyprotein,Culex,53527,1,21,ECO:0000255,,,,208,228,ECO:0000255,313,333,ECO:0000255,374,394,ECO:0000255,461,481,ECO:0000255,1392,1412,ECO:0000255,,,,,,,,,,,,,,,,,,
P12439,561,P12439,Q0A448,Viruses,Influenza A virus (strain A/Duck/Germany/1949 H10N7),382838,Hemagglutinin,Aves,8782,1,16,ECO:0000255,,,,525,545,ECO:0000255,,,,,,,,,,,,,,,,,,,,,,,,,,,,,,
P12440,353,P12440,,Viruses,Influenza B virus (strain B/Ann Arbor/1/1986),11521,Hemagglutinin,Homo sapiens,9606,1,7,,,,,,,,,,,,,,,,,,,,,,,,,,,,,,,,,,,,,
P12441,366,P12441,,Viruses,Influenza B virus (strain B/ID/1986),11534,Hemagglutinin,Homo sapiens,9606,1,12,,,,,,,,,,,,,,,,,,,,,,,,,,,,,,,,,,,,,
P12442,363,P12442,,Viruses,Influenza B virus (strain B/GL/1954),11530,Hemagglutinin,Homo sapiens,9606,1,11,,,,,,,,,,,,,,,,,,,,,,,,,,,,,,,,,,,,,
P12443,365,P12443,,Viruses,Influenza B virus (strain B/Singapore/1964),11545,Hemagglutinin,Homo sapiens,9606,1,11,,,,,,,,,,,,,,,,,,,,,,,,,,,,,,,,,,,,,
P12569,662,P12569,Q65991,Viruses,Canine distemper virus (strain Onderstepoort),11233,Fusion glycoprotein F0,"Ailuropoda melanoleuca, Ailurus fulgens, Canis lupus familiaris, Mustela, Panthera leo, Procyon lotor, Zalophus californianus","9646, 9649, 9615, 9665, 9689, 9654, 9704",1,135,ECO:0000255,,,,609,629,ECO:0000255,,,,,,,,,,,,,,,,,,,,,,,,,,,,,,
P12572,553,P12572,,Viruses,Newcastle disease virus (strain Chicken/Australia-Victoria/32),11177,Fusion glycoprotein F0,Gallus gallus,9031,1,31,ECO:0000255,,,,501,521,ECO:0000250,,,,,,,,,,,,,,,,,,,,,,,,,,,,,,
P12575,565,P12575,Q88412,Viruses,Sendai virus (strain Fushimi),11195,Fusion glycoprotein F0,"Cavia cutleri, Cricetidae sp., Mus musculus, Rattus norvegicus","10144, 36483, 10090, 10116",1,25,ECO:0000250,,,,501,521,ECO:0000250,,,,,,,,,,,,,,,,,,,,,,,,,,,,,,
P12581,561,P12581,,Viruses,Influenza A virus (strain A/Chicken/Germany/n/1949 H10N7),11339,Hemagglutinin,Aves,8782,1,16,ECO:0000255,,,,525,545,ECO:0000255,,,,,,,,,,,,,,,,,,,,,,,,,,,,,,
P12583,566,P12583,"O90384, Q08IH2, Q84011",Viruses,Influenza A virus (strain A/Duck/Hokkaido/8/1980 H3N8),387207,Hemagglutinin,"Aves, Equus caballus","8782, 9796",1,16,ECO:0000255,,,,531,551,ECO:0000255,,,,,,,,,,,,,,,,,,,,,,,,,,,,,,
P12590,344,P12590,,Viruses,Influenza A virus (strain A/Taiwan/1/1986 H1N1),380213,Hemagglutinin,"Aves, Homo sapiens, Sus scrofa","8782, 9606, 9823",1,17,ECO:0000255,,,,,,,,,,,,,,,,,,,,,,,,,,,,,,,,,,,,
P12640,932,P12640,,Viruses,Bovine herpesvirus 1.1 (strain Cooper),10323,Envelope glycoprotein B,Bos taurus,9913,1,62,ECO:0000255,,,,807,827,ECO:0000255,,,,,,,,,,,,,,,,,,,,,,,,,,,,,,
P12650,1162,P12650,,Viruses,Avian infectious bronchitis virus (strain KB8523),11126,Spike glycoprotein,Gallus gallus,9031,1,18,ECO:0000255,,,,1096,1116,ECO:0000255,,,,,,,,,,,,,,,,,,,,,,,,,,,,,,
P12722,1154,P12722,"Q66176, Q66177",Viruses,Avian infectious bronchitis virus (strain D274),11124,Spike glycoprotein,Gallus gallus,9031,1,18,ECO:0000255,,,,1097,1117,ECO:0000255,,,,,,,,,,,,,,,,,,,,,,,,,,,,,,
P12824,743,P12824,Q7M6L7,Viruses,Human cytomegalovirus (strain AD169),10360,Envelope glycoprotein H,Homo sapiens,9606,1,23,ECO:0000255,,,,721,741,ECO:0000255,,,,,,,,,,,,,,,,,,,,,,,,,,,,,,
P13101,565,P13101,,Viruses,Influenza A virus (strain A/Gull/Astrakhan/227/1984 H13N6),385603,Hemagglutinin,Aves,8782,1,18,ECO:0000255,,,,532,552,ECO:0000255,,,,,,,,,,,,,,,,,,,,,,,,,,,,,,
P13102,566,P13102,,Viruses,Influenza A virus (strain A/Whale/Maine/328/1984 H13N2),385593,Hemagglutinin,"Aves, Cetacea","8782, 9721",1,18,ECO:0000255,,,,533,553,ECO:0000255,,,,,,,,,,,,,,,,,,,,,,,,,,,,,,
P13103,566,P13103,Q0A416,Viruses,Influenza A virus (strain A/Gull/Maryland/704/1977 H13N6),384499,Hemagglutinin,Aves,8782,1,18,ECO:0000255,,,,533,553,ECO:0000255,,,,,,,,,,,,,,,,,,,,,,,,,,,,,,
P13201,907,P13201,,Viruses,Human cytomegalovirus (strain Towne),10363,Envelope glycoprotein B,Homo sapiens,9606,1,22,ECO:0000255,,,,752,772,ECO:0000255,,,,,,,,,,,,,,,,,,,,,,,,,,,,,,
P13291,372,P13291,,Viruses,Human herpesvirus 2 (strain HG52),10315,Envelope glycoprotein I,Homo sapiens,9606,1,20,ECO:0000255,,,,263,283,ECO:0000255,,,,,,,,,,,,,,,,,,,,,,,,,,,,,,
P13843,574,P13843,,Viruses,Human respiratory syncytial virus B (strain 18537),11251,Fusion glycoprotein F0,Homo sapiens,9606,1,25,ECO:0000255,,,,525,550,ECO:0000250,,,,,,,,,,,,,,,,,,,,,,,,,,,,,,
P14075,488,P14075,Q77YG4,Viruses,Human T-cell leukemia virus 1 (isolate Caribbea HS-35 subtype A),11927,Envelope glycoprotein gp62,Homo sapiens,9606,1,20,ECO:0000255,,,,443,463,ECO:0000255,,,,,,,,,,,,,,,,,,,,,,,,,,,,,,
P14334,183,P14334,Q7M6G5,Viruses,Human cytomegalovirus (strain AD169),10360,Unique short US6 glycoprotein,Homo sapiens,9606,1,19,ECO:0000255,,,,145,165,ECO:0000255,,,,,,,,,,,,,,,,,,,,,,,,,,,,,,
P14378,521,P14378,,Viruses,Bovine herpesvirus 1.1 (strain Cooper),10323,Envelope glycoprotein C homolog,Bos taurus,9913,1,21,,,,,476,496,ECO:0000255,,,,,,,,,,,,,,,,,,,,,,,,,,,,,,
P14623,553,P14623,,Viruses,Newcastle disease virus (strain Italien/45),11182,Fusion glycoprotein F0,Gallus gallus,9031,1,31,ECO:0000255,,,,501,521,ECO:0000250,,,,,,,,,,,,,,,,,,,,,,,,,,,,,,
P16060,565,P16060,,Viruses,Influenza A virus (strain A/Turkey/Ontario/7732/1966 H5N9),380301,Hemagglutinin,Aves,8782,1,16,ECO:0000255,,,,529,549,ECO:0000255,,,,,,,,,,,,,,,,,,,,,,,,,,,,,,
P16288,524,P16288,"A3F5M3, A3F5N3, A3F5Q8, A3F5R3, A3F5R8, Q8QQA2",Viruses,Rabies virus (strain SAD B19),11300,Glycoprotein,"Homo sapiens, Mammalia","9606, 40674",1,19,,,,,460,480,ECO:0000255,,,,,,,,,,,,,,,,,,,,,,,,,,,,,,
P16795,138,P16795,Q7M6L9,Viruses,Human cytomegalovirus (strain AD169),10360,Envelope glycoprotein N,Homo sapiens,9606,1,21,ECO:0000255,,,,102,122,ECO:0000255,,,,,,,,,,,,,,,,,,,,,,,,,,,,,,
P16833,314,P16833,Q9PY28,Viruses,Human cytomegalovirus (strain AD169),10360,Uncharacterized protein UL116,Homo sapiens,9606,1,24,ECO:0000255,,,,,,,,,,,,,,,,,,,,,,,,,,,,,,,,,,,,
P16845,103,P16845,"Q910H5, Q910K8, Q910L5, Q910N2, Q910S8, Q910U1, Q918F6, Q918F7, Q918F8, Q918F9, Q918G0, Q918G1",Viruses,Human cytomegalovirus (strain AD169),10360,Glycoprotein UL22A,Homo sapiens,9606,1,20,ECO:0000255,,,,,,,,,,,,,,,,,,,,,,,,,,,,,,,,,,,,
P16848,595,P16848,Q7M6Q2,Viruses,Human cytomegalovirus (strain AD169),10360,Protein UL31,Homo sapiens,9606,1,23,ECO:0000255,,,,,,,,,,,,,,,,,,,,,,,,,,,,,,,,,,,,
P16899,990,P16899,,Viruses,Ovine maedi visna related virus (strain South Africa),11664,Envelope glycoprotein gp160,Ovis aries,9940,1,107,ECO:0000255,,,,839,859,ECO:0000255,,,,,,,,,,,,,,,,,,,,,,,,,,,,,,
P16948,219,P16948,"Q02118, Q02120, Q08941",Viruses,Ustilago maydis P6 virus,11010,KP6 killer toxin,Mycosarcoma maydis,5270,1,19,,,,,,,,,,,,,,,,,,,,,,,,,,,,,,,,,,,,,
P16994,565,P16994,"Q83990, Q83991",Viruses,Influenza A virus (strain A/Equine/Algiers/1972 H3N8),387214,Hemagglutinin,"Aves, Equus caballus","8782, 9796",1,16,ECO:0000255,,,,530,550,ECO:0000255,,,,,,,,,,,,,,,,,,,,,,,,,,,,,,
P16996,565,P16996,"Q83994, Q83995",Viruses,Influenza A virus (strain A/Equine/Kentucky/1/1987 H3N8),387219,Hemagglutinin,"Aves, Equus caballus","8782, 9796",1,16,ECO:0000255,,,,530,550,ECO:0000255,,,,,,,,,,,,,,,,,,,,,,,,,,,,,,
P16997,565,P16997,"Q83996, Q83997",Viruses,Influenza A virus (strain A/Equine/New Market/1976 H3N8),11408,Hemagglutinin,"Aves, Equus caballus","8782, 9796",1,16,ECO:0000255,,,,530,550,ECO:0000255,,,,,,,,,,,,,,,,,,,,,,,,,,,,,,
P16998,565,P16998,"Q83998, Q83999",Viruses,Influenza A virus (strain A/Equine/Romania/1980 H3N8),387229,Hemagglutinin,"Aves, Equus caballus","8782, 9796",1,16,ECO:0000255,,,,530,550,ECO:0000255,,,,,,,,,,,,,,,,,,,,,,,,,,,,,,
P16999,565,P16999,"Q6TXB8, Q84000, Q84001",Viruses,Influenza A virus (strain A/Equine/Santiago/1/1985 H3N8),11414,Hemagglutinin,"Aves, Equus caballus","8782, 9796",1,16,ECO:0000255,,,,530,550,ECO:0000255,,,,,,,,,,,,,,,,,,,,,,,,,,,,,,
P17000,565,P17000,"Q84002, Q84003",Viruses,Influenza A virus (strain A/Equine/Tokyo/1971 H3N2),11418,Hemagglutinin,"Aves, Cetacea, Equus caballus, Homo sapiens, Phocidae, Sus scrofa","8782, 9721, 9796, 9606, 9709, 9823",1,16,ECO:0000255,,,,530,550,ECO:0000255,,,,,,,,,,,,,,,,,,,,,,,,,,,,,,
P17001,565,P17001,"Q84004, Q84005",Viruses,Influenza A virus (strain A/Equine/Tennessee/5/1986 H3N8),380339,Hemagglutinin,"Aves, Equus caballus","8782, 9796",1,16,ECO:0000255,,,,530,550,ECO:0000255,,,,,,,,,,,,,,,,,,,,,,,,,,,,,,
P17002,565,P17002,"Q84006, Q84007",Viruses,Influenza A virus (strain A/Equine/Uruguay/1/1963 H3N8),387234,Hemagglutinin,"Aves, Equus caballus","8782, 9796",1,16,ECO:0000255,,,,530,550,ECO:0000255,,,,,,,,,,,,,,,,,,,,,,,,,,,,,,
P17150,175,P17150,"Q7M6T2, Q9J7C4",Viruses,Human cytomegalovirus (strain AD169),10360,Viral interleukin-10 homolog,Homo sapiens,9606,1,19,ECO:0000255,,,,,,,,,,,,,,,,,,,,,,,,,,,,,,,,,,,,
P17471,928,P17471,,Viruses,Bovine herpesvirus 1.1 (strain P8-2),10324,Envelope glycoprotein B,Bos taurus,9913,1,62,ECO:0000255,,,,804,824,ECO:0000255,,,,,,,,,,,,,,,,,,,,,,,,,,,,,,
P17472,919,P17472,,Viruses,Equine herpesvirus 4 (strain 1942),10333,Envelope glycoprotein B,Equus caballus,9796,1,28,ECO:0000255,,,,789,809,ECO:0000255,,,,,,,,,,,,,,,,,,,,,,,,,,,,,,
P17504,585,P17504,,Viruses,Influenza B virus (strain B/Beijing/1/1987),11525,Hemagglutinin,Homo sapiens,9606,1,15,ECO:0000255,,,,554,574,ECO:0000255,,,,,,,,,,,,,,,,,,,,,,,,,,,,,,
P17520,1062,P17520,,Viruses,Potato leafroll virus (strain Potato/Scotland/strain 1/1984),12046,Protein P1-P2,Solanum tuberosum,4113,1,20,ECO:0000255,,,,121,141,ECO:0000255,144,164,ECO:0000255,172,192,ECO:0000255,,,,,,,,,,,,,,,,,,,,,,,,
P17662,550,P17662,,Viruses,Avian infectious bronchitis virus (strain D3896),11125,Spike glycoprotein,Gallus gallus,9031,1,18,ECO:0000255,,,,,,,,,,,,,,,,,,,,,,,,,,,,,,,,,,,,
P18050,980,P18050,,Viruses,Equine herpesvirus 1 (strain HVS25A),10327,Envelope glycoprotein B,Equus caballus,9796,1,86,ECO:0000255,,,,850,870,ECO:0000255,,,,,,,,,,,,,,,,,,,,,,,,,,,,,,
P18450,1449,P18450,"Q85087, Q85088",Viruses,Porcine transmissible gastroenteritis coronavirus (strain FS772/70),11150,Spike glycoprotein,Sus scrofa,9823,1,28,ECO:0000255,,,,1391,1410,ECO:0000255,,,,,,,,,,,,,,,,,,,,,,,,,,,,,,
P18538,865,P18538,,Viruses,Gallid herpesvirus 2 (strain RB-1b),33707,Envelope glycoprotein B,Gallus gallus,9031,1,21,ECO:0000255,,,,732,752,ECO:0000255,,,,,,,,,,,,,,,,,,,,,,,,,,,,,,
P18551,980,P18551,,Viruses,Equine herpesvirus 1 (strain AB1),10328,Envelope glycoprotein B,Equus caballus,9796,1,86,ECO:0000255,,,,850,870,ECO:0000255,,,,,,,,,,,,,,,,,,,,,,,,,,,,,,
P18875,566,P18875,,Viruses,Influenza A virus (strain A/Kiev/59/1979 H1N1),384495,Hemagglutinin,"Aves, Homo sapiens, Sus scrofa","8782, 9606, 9823",1,17,ECO:0000255,,,,530,550,ECO:0000255,,,,,,,,,,,,,,,,,,,,,,,,,,,,,,
P18876,566,P18876,,Viruses,Influenza A virus (strain A/Leningrad/1/1954 H1N1),393557,Hemagglutinin,"Aves, Homo sapiens, Sus scrofa","8782, 9606, 9823",1,17,ECO:0000255,,,,530,550,ECO:0000255,,,,,,,,,,,,,,,,,,,,,,,,,,,,,,
P19106,566,P19106,"Q1K9E1, Q67022, Q67023",Viruses,Influenza A virus (strain A/Udorn/307/1972 H3N2),381517,Hemagglutinin,"Aves, Cetacea, Homo sapiens, Phocidae, Sus scrofa","8782, 9721, 9606, 9709, 9823",1,16,ECO:0000255,,,,531,551,ECO:0000255,,,,,,,,,,,,,,,,,,,,,,,,,,,,,,
P19694,564,P19694,,Viruses,Influenza A virus (strain A/Budgerigar/Hokkaido/1/1977 H4N6),385587,Hemagglutinin,"Aves, Sus scrofa","8782, 9823",1,16,ECO:0000255,,,,528,548,ECO:0000255,,,,,,,,,,,,,,,,,,,,,,,,,,,,,,
P19695,564,P19695,,Viruses,Influenza A virus (strain A/Chicken/Alabama/1/1975 H4N8),11338,Hemagglutinin,Aves,8782,1,16,ECO:0000255,,,,528,548,ECO:0000255,,,,,,,,,,,,,,,,,,,,,,,,,,,,,,
P19696,564,P19696,Q9EA20,Viruses,Influenza A virus (strain A/Duck/Czechoslovakia/1956 H4N6),385590,Hemagglutinin,"Aves, Sus scrofa","8782, 9823",1,16,ECO:0000255,,,,528,548,ECO:0000255,,,,,,,,,,,,,,,,,,,,,,,,,,,,,,
P19697,564,P19697,Q67117,Viruses,Influenza A virus (strain A/Duck/New Zealand/31/1976 H4N6),385592,Hemagglutinin,"Aves, Sus scrofa","8782, 9823",1,16,ECO:0000255,,,,528,548,ECO:0000255,,,,,,,,,,,,,,,,,,,,,,,,,,,,,,
P19699,565,P19699,Q9WA90,Viruses,Influenza A virus (strain A/Equine/Kentucky/2/1986 H3N8),385605,Hemagglutinin,"Aves, Equus caballus","8782, 9796",1,16,ECO:0000255,,,,530,550,ECO:0000255,,,,,,,,,,,,,,,,,,,,,,,,,,,,,,
P19700,564,P19700,,Viruses,Influenza A virus (strain A/Ruddy Turnstone/New Jersey/47/1985 H4N6),380343,Hemagglutinin,"Aves, Sus scrofa","8782, 9823",1,16,ECO:0000255,,,,528,548,ECO:0000255,,,,,,,,,,,,,,,,,,,,,,,,,,,,,,
P19701,564,P19701,,Viruses,Influenza A virus (strain A/Seal/Massachusetts/133/1982 H4N5),387250,Hemagglutinin,"Aves, Phocidae","8782, 9709",1,16,ECO:0000255,,,,528,548,ECO:0000255,,,,,,,,,,,,,,,,,,,,,,,,,,,,,,
P19702,564,P19702,Q0A3T9,Viruses,Influenza A virus (strain A/Turkey/Minnesota/833/1980 H4N2),383603,Hemagglutinin,Aves,8782,1,16,ECO:0000255,,,,528,548,ECO:0000255,,,,,,,,,,,,,,,,,,,,,,,,,,,,,,
P21412,575,P21412,,Viruses,Squirrel monkey retrovirus,11856,Envelope glycoprotein,Mammalia,40674,1,19,ECO:0000255,,,,518,538,ECO:0000255,,,,,,,,,,,,,,,,,,,,,,,,,,,,,,
P21443,668,P21443,,Viruses,Feline leukemia virus (isolate CFE-6),11922,Envelope glycoprotein,Felidae,9681,1,34,ECO:0000255,,,,606,626,ECO:0000255,,,,,,,,,,,,,,,,,,,,,,,,,,,,,,
P22092,585,P22092,,Viruses,Influenza B virus (strain B/Victoria/2/1987),1077587,Hemagglutinin,Homo sapiens,9606,1,15,ECO:0000255,,,,554,574,ECO:0000255,,,,,,,,,,,,,,,,,,,,,,,,,,,,,,
P22167,574,P22167,,Viruses,Bovine respiratory syncytial virus (strain Copenhagen),11248,Fusion glycoprotein F0,Bos taurus,9913,1,25,ECO:0000255,,,,525,550,ECO:0000250,,,,,,,,,,,,,,,,,,,,,,,,,,,,,,
P22596,485,P22596,,Viruses,Equine herpesvirus 4 (strain 1942),10333,Envelope glycoprotein C,Equus caballus,9796,1,32,,,,,445,468,,,,,,,,,,,,,,,,,,,,,,,,,,,,,,,
P23422,989,P23422,,Viruses,Maedi visna virus (strain 1514 / clone LV1-1KS1),11743,Envelope glycoprotein gp160,Ovis aries,9940,1,106,ECO:0000255,,,,839,859,ECO:0000255,,,,,,,,,,,,,,,,,,,,,,,,,,,,,,
P23423,991,P23423,,Viruses,Maedi visna virus (strain 1514 / clone LV1-1KS2),11744,Envelope glycoprotein gp160,Ovis aries,9940,1,106,ECO:0000255,,,,841,861,ECO:0000255,,,,,,,,,,,,,,,,,,,,,,,,,,,,,,
P23728,574,P23728,,Viruses,Bovine respiratory syncytial virus (strain Rb94),11249,Fusion glycoprotein F0,Bos taurus,9913,1,25,ECO:0000255,,,,525,550,ECO:0000250,,,,,,,,,,,,,,,,,,,,,,,,,,,,,,
P24413,1225,P24413,,Viruses,Porcine respiratory coronavirus (strain RM4),11148,Spike glycoprotein,Sus scrofa,9823,1,12,ECO:0000255,,,,1167,1186,ECO:0000255,,,,,,,,,,,,,,,,,,,,,,,,,,,,,,
P24614,538,P24614,,Viruses,Turkey rhinotracheitis virus,11264,Fusion glycoprotein F0,Meleagris gallopavo,9103,1,18,ECO:0000255,,,,490,510,ECO:0000255,,,,,,,,,,,,,,,,,,,,,,,,,,,,,,
P24770,272,P24770,Q76ZL5,Viruses,Vaccinia virus (strain Western Reserve),10254,Soluble interferon gamma receptor OPG193,Bos taurus,9913,1,13,ECO:0000255,,,,,,,,,,,,,,,,,,,,,,,,,,,,,,,,,,,,
P24904,883,P24904,,Viruses,Infectious laryngotracheitis virus (strain Thorne V882),10344,Envelope glycoprotein B,Gallus gallus,9031,1,31,ECO:0000255,,,,751,771,ECO:0000255,,,,,,,,,,,,,,,,,,,,,,,,,,,,,,
P24905,808,P24905,,Viruses,Saimiriine herpesvirus 2 (strain 11),10383,Envelope glycoprotein B,Saimiri sciureus,9521,1,19,ECO:0000255,,,,702,722,ECO:0000255,,,,,,,,,,,,,,,,,,,,,,,,,,,,,,
P24994,885,P24994,,Viruses,Herpes simplex virus type 2 (strain SA8),10316,Envelope glycoprotein B,Homo sapiens,9606,1,34,ECO:0000255,,,,760,780,ECO:0000255,,,,,,,,,,,,,,,,,,,,,,,,,,,,,,
P25057,515,P25057,,Viruses,Bovine leukemia virus (isolate Australian),11903,Envelope glycoprotein,Bos taurus,9913,1,33,ECO:0000255,,,,436,456,ECO:0000255,,,,,,,,,,,,,,,,,,,,,,,,,,,,,,
P25213,351,P25213,Q76ZK5,Viruses,Vaccinia virus (strain Western Reserve),10254,Soluble interferon alpha/beta receptor OPG204,Bos taurus,9913,1,19,ECO:0000255,,,,,,,,,,,,,,,,,,,,,,,,,,,,,,,,,,,,
P25218,980,P25218,P28922,Viruses,Equine herpesvirus 1 (strain Kentucky D),10330,Envelope glycoprotein B,Equus caballus,9796,1,86,ECO:0000255,,,,850,870,ECO:0000255,,,,,,,,,,,,,,,,,,,,,,,,,,,,,,
P25504,515,P25504,,Viruses,Bovine leukemia virus (isolate American FLK),11902,Envelope glycoprotein,Bos taurus,9913,1,33,ECO:0000255,,,,436,456,ECO:0000255,,,,,,,,,,,,,,,,,,,,,,,,,,,,,,
P25505,515,P25505,,Viruses,Bovine leukemia virus (isolate American VDM),11904,Envelope glycoprotein,Bos taurus,9913,1,33,ECO:0000255,,,,436,456,ECO:0000255,,,,,,,,,,,,,,,,,,,,,,,,,,,,,,
P25506,515,P25506,,Viruses,Bovine leukemia virus (isolate Belgium LB285),11905,Envelope glycoprotein,Bos taurus,9913,1,33,ECO:0000255,,,,436,456,ECO:0000255,,,,,,,,,,,,,,,,,,,,,,,,,,,,,,
P25507,515,P25507,,Viruses,Bovine leukemia virus (isolate Belgium LB59),11906,Envelope glycoprotein,Bos taurus,9913,1,33,ECO:0000255,,,,436,456,ECO:0000255,,,,,,,,,,,,,,,,,,,,,,,,,,,,,,
P25783,323,P25783,Q96589,Viruses,Autographa californica nuclear polyhedrosis virus,46015,Viral cathepsin,Lepidoptera,7088,1,16,ECO:0000255,,,,,,,,,,,,,,,,,,,,,,,,,,,,,,,,,,,,
P26031,529,P26031,Q83298,Viruses,Measles virus (strain IP-3-Ca),11237,Fusion glycoprotein F0,Homo sapiens,9606,1,26,ECO:0000255,,,,491,521,ECO:0000250,,,,,,,,,,,,,,,,,,,,,,,,,,,,,,
P26032,534,P26032,,Viruses,Measles virus (strain Yamagata-1),11239,Fusion glycoprotein F0,Homo sapiens,9606,1,23,ECO:0000255,,,,488,518,ECO:0000250,,,,,,,,,,,,,,,,,,,,,,,,,,,,,,
P26094,570,P26094,,Viruses,Influenza A virus (strain A/Equine/Cambridge/1/1963 H7N7),217837,Hemagglutinin,"Aves, Equus caballus, Homo sapiens, Phocidae","8782, 9796, 9606, 9709",1,18,ECO:0000255,,,,534,554,ECO:0000255,,,,,,,,,,,,,,,,,,,,,,,,,,,,,,
P26095,570,P26095,,Viruses,Influenza A virus (strain A/Equine/Cambridge/1/1973 H7N7),217835,Hemagglutinin,"Aves, Equus caballus, Homo sapiens, Phocidae","8782, 9796, 9606, 9709",1,18,ECO:0000255,,,,534,554,ECO:0000255,,,,,,,,,,,,,,,,,,,,,,,,,,,,,,
P26096,570,P26096,,Viruses,Influenza A virus (strain A/Equine/C.Detroit/1/1964 H7N7),217836,Hemagglutinin,"Aves, Equus caballus, Homo sapiens, Phocidae","8782, 9796, 9606, 9709",1,18,ECO:0000255,,,,534,554,ECO:0000255,,,,,,,,,,,,,,,,,,,,,,,,,,,,,,
P26097,570,P26097,,Viruses,Influenza A virus (strain A/Equine/Detroit/1/1964 H7N7),217834,Hemagglutinin,"Aves, Equus caballus, Homo sapiens, Phocidae","8782, 9796, 9606, 9709",1,18,ECO:0000255,,,,534,554,ECO:0000255,,,,,,,,,,,,,,,,,,,,,,,,,,,,,,
P26098,570,P26098,,Viruses,Influenza A virus (strain A/Equine/Lexington/1/1966 H7N7),475494,Hemagglutinin,"Aves, Equus caballus, Homo sapiens, Phocidae","8782, 9796, 9606, 9709",1,18,ECO:0000255,,,,534,554,ECO:0000255,,,,,,,,,,,,,,,,,,,,,,,,,,,,,,
P26099,570,P26099,Q67108,Viruses,Influenza A virus (strain A/Equine/London/1416/1973 H7N7),380340,Hemagglutinin,"Aves, Equus caballus, Homo sapiens, Phocidae","8782, 9796, 9606, 9709",1,18,ECO:0000255,,,,534,554,ECO:0000255,,,,,,,,,,,,,,,,,,,,,,,,,,,,,,
P26100,570,P26100,,Viruses,Influenza A virus (strain A/Equine/New Market/1/1977 H7N7),217831,Hemagglutinin,"Aves, Equus caballus, Homo sapiens, Phocidae","8782, 9796, 9606, 9709",1,18,ECO:0000255,,,,534,554,ECO:0000255,,,,,,,,,,,,,,,,,,,,,,,,,,,,,,
P26101,570,P26101,,Viruses,Influenza A virus (strain A/Equine/Prague/1/1956 H7N7),380337,Hemagglutinin,"Aves, Equus caballus, Homo sapiens, Phocidae","8782, 9796, 9606, 9709",1,18,ECO:0000255,,,,534,554,ECO:0000255,,,,,,,,,,,,,,,,,,,,,,,,,,,,,,
P26102,570,P26102,,Viruses,Influenza A virus (strain A/Equine/Sao Paulo/1/1976 H7N7),217828,Hemagglutinin,"Aves, Equus caballus, Homo sapiens, Phocidae","8782, 9796, 9606, 9709",1,18,ECO:0000255,,,,534,554,ECO:0000255,,,,,,,,,,,,,,,,,,,,,,,,,,,,,,
P26103,570,P26103,,Viruses,Influenza A virus (strain A/Equine/Switzerland/137/1972 H7N7),217829,Hemagglutinin,"Aves, Equus caballus, Homo sapiens, Phocidae","8782, 9796, 9606, 9709",1,18,ECO:0000255,,,,534,554,ECO:0000255,,,,,,,,,,,,,,,,,,,,,,,,,,,,,,
P26134,566,P26134,Q1G0M2,Viruses,Influenza A virus (strain A/Duck/Alberta/78/1976 H3N8),385646,Hemagglutinin,Aves,8782,1,16,ECO:0000255,,,,531,551,ECO:0000255,,,,,,,,,,,,,,,,,,,,,,,,,,,,,,
P26135,566,P26135,Q1G0M1,Viruses,Influenza A virus (strain A/Duck/Memphis/928/1974 H3N8),383553,Hemagglutinin,"Aves, Equus caballus","8782, 9796",1,16,ECO:0000255,,,,531,551,ECO:0000255,,,,,,,,,,,,,,,,,,,,,,,,,,,,,,
P26136,568,P26136,,Viruses,Influenza A virus (strain A/Mallard/Astrakhan/263/1982 H14N5),352564,Hemagglutinin,Aves,8782,1,17,ECO:0000255,,,,532,552,ECO:0000255,,,,,,,,,,,,,,,,,,,,,,,,,,,,,,
P26138,566,P26138,Q1G0L7,Viruses,Influenza A virus (strain A/Mallard/New York/6874/1978 H3N2),384518,Hemagglutinin,"Aves, Cetacea, Homo sapiens, Phocidae, Sus scrofa","8782, 9721, 9606, 9709, 9823",1,16,ECO:0000255,,,,531,551,ECO:0000255,,,,,,,,,,,,,,,,,,,,,,,,,,,,,,
P26139,566,P26139,"Q1G0L9, Q288Z6",Viruses,Influenza A virus (strain A/Swine/Colorado/1/1977 H3N2),385645,Hemagglutinin,"Aves, Cetacea, Homo sapiens, Phocidae, Sus scrofa","8782, 9721, 9606, 9709, 9823",1,16,ECO:0000255,,,,531,551,ECO:0000255,,,,,,,,,,,,,,,,,,,,,,,,,,,,,,
P26140,566,P26140,Q194S8,Viruses,Influenza A virus (strain A/Swine/Indiana/1726/1988 H1N1),384487,Hemagglutinin,"Aves, Homo sapiens, Sus scrofa","8782, 9606, 9823",1,17,ECO:0000255,,,,530,550,ECO:0000255,,,,,,,,,,,,,,,,,,,,,,,,,,,,,,
P26141,566,P26141,Q1G0L8,Viruses,Influenza A virus (strain A/Swine/Ukkel/1/1984 H3N2),385644,Hemagglutinin,"Aves, Cetacea, Homo sapiens, Phocidae, Sus scrofa","8782, 9721, 9606, 9709, 9823",1,16,ECO:0000255,,,,531,551,ECO:0000255,,,,,,,,,,,,,,,,,,,,,,,,,,,,,,
P26562,566,P26562,O09652,Viruses,Influenza A virus (strain A/Duck/Alberta/35/1976 H1N1),352520,Hemagglutinin,"Aves, Homo sapiens, Sus scrofa","8782, 9606, 9823",1,17,ECO:0000255,,,,530,550,ECO:0000255,,,,,,,,,,,,,,,,,,,,,,,,,,,,,,
P27171,928,P27171,,Viruses,Murid herpesvirus 1 (strain Smith),10367,Envelope glycoprotein B,Mus musculus,10090,1,37,ECO:0000255,,,,784,804,ECO:0000255,,,,,,,,,,,,,,,,,,,,,,,,,,,,,,
P27415,883,P27415,,Viruses,Infectious laryngotracheitis virus (strain SA-2),10343,Envelope glycoprotein B,Gallus gallus,9031,1,31,ECO:0000255,,,,751,771,ECO:0000255,,,,,,,,,,,,,,,,,,,,,,,,,,,,,,
P27655,1225,P27655,,Viruses,Porcine respiratory coronavirus (strain 86/137004 / isolate British),33736,Spike glycoprotein,Sus scrofa,9823,1,12,ECO:0000255,,,,1167,1186,ECO:0000255,,,,,,,,,,,,,,,,,,,,,,,,,,,,,,
P27945,329,P27945,,Viruses,African swine fever virus (strain Badajoz 1971 Vero-adapted),10498,Transmembrane protein I329L,"Ornithodoros, Sus scrofa","6937, 9823",1,31,ECO:0000250,,,,240,260,ECO:0000255,,,,,,,,,,,,,,,,,,,,,,,,,,,,,,
P28730,344,P28730,,Viruses,Influenza A virus (strain A/Harbin/1/1988 H1N2),387156,Hemagglutinin,"Aves, Sus scrofa","8782, 9823",1,17,ECO:0000255,,,,,,,,,,,,,,,,,,,,,,,,,,,,,,,,,,,,
P28731,344,P28731,,Viruses,Influenza A virus (strain A/Xianfeng/3/1989 H1N2),380981,Hemagglutinin,"Aves, Sus scrofa","8782, 9823",1,17,ECO:0000255,,,,,,,,,,,,,,,,,,,,,,,,,,,,,,,,,,,,
P28864,830,P28864,Q69067,Viruses,Human herpesvirus 6A (strain Uganda-1102),10370,Envelope glycoprotein B,Homo sapiens,9606,1,22,ECO:0000255,,,,689,709,ECO:0000255,,,,,,,,,,,,,,,,,,,,,,,,,,,,,,
P28986,511,P28986,Q68982,Viruses,Human herpesvirus 1 (strain KOS),10306,Envelope glycoprotein C,Homo sapiens,9606,1,24,ECO:0000255,,,,481,497,ECO:0000255,,,,,,,,,,,,,,,,,,,,,,,,,,,,,,
P28992,227,P28992,,Viruses,Equine arteritis virus (strain Bucyrus),299386,Glycoprotein 2b,Equidae,9788,1,28,ECO:0000255,,,,178,198,ECO:0000255,,,,,,,,,,,,,,,,,,,,,,,,,,,,,,
P28995,255,P28995,,Viruses,Equine arteritis virus (strain Bucyrus),299386,Glycoprotein 5,Equidae,9788,1,18,ECO:0000255,,,,118,138,ECO:0000255,151,171,ECO:0000255,,,,,,,,,,,,,,,,,,,,,,,,,,,
P30005,651,P30005,P30006,Viruses,Human herpesvirus 6A (strain GS),10369,120 kDa Glycoprotein O,Homo sapiens,9606,1,56,ECO:0000255,,,,,,,,,,,,,,,,,,,,,,,,,,,,,,,,,,,,
P31613,424,P31613,,Viruses,Bovine coronavirus (strain LY-138),11131,Hemagglutinin-esterase,Bos taurus,9913,1,16,ECO:0000255,,,,393,413,ECO:0000255,,,,,,,,,,,,,,,,,,,,,,,,,,,,,,
P31621,615,P31621,,Viruses,Sheep pulmonary adenomatosis virus,11746,Envelope glycoprotein,Ovis aries,9940,1,84,ECO:0000255,,,,379,402,ECO:0000255,,,,,,,,,,,,,,,,,,,,,,,,,,,,,,
P31627,942,P31627,,Viruses,Caprine arthritis encephalitis virus (strain 63),11662,Envelope glycoprotein,Capra hircus,9925,1,80,ECO:0000269,,,,800,820,ECO:0000255,,,,,,,,,,,,,,,,,,,,,,,,,,,,,,
P31789,584,P31789,,Viruses,Mouse intracisternal a-particle MIAE,11932,Envelope glycoprotein,Mus musculus,10090,1,28,ECO:0000255,,,,528,548,ECO:0000255,,,,,,,,,,,,,,,,,,,,,,,,,,,,,,
P31791,671,P31791,Q28416,Viruses,Feline endogenous virus ECE1,11766,Envelope glycoprotein,Felidae,9681,1,22,ECO:0000255,,,,612,632,ECO:0000255,,,,,,,,,,,,,,,,,,,,,,,,,,,,,,
P31793,356,P31793,,Viruses,Friend spleen focus-forming virus (strain BB6),31692,Glycoprotein 42,Mus musculus,10090,1,32,ECO:0000255,,,,332,352,ECO:0000255,,,,,,,,,,,,,,,,,,,,,,,,,,,,,,
P31796,567,P31796,,Viruses,Avian spleen necrosis virus,11899,Envelope glycoprotein,Galliformes,8976,1,35,ECO:0000255,,,,526,546,ECO:0000255,,,,,,,,,,,,,,,,,,,,,,,,,,,,,,
P33468,421,P33468,,Viruses,Bovine coronavirus (strain F15),11129,Hemagglutinin-esterase,Bos taurus,9913,1,16,ECO:0000255,,,,393,413,ECO:0000255,,,,,,,,,,,,,,,,,,,,,,,,,,,,,,
P33470,1449,P33470,,Viruses,Porcine transmissible gastroenteritis coronavirus (strain Miller),33737,Spike glycoprotein,Sus scrofa,9823,1,28,ECO:0000255,,,,1391,1410,ECO:0000255,,,,,,,,,,,,,,,,,,,,,,,,,,,,,,
P35254,681,P35254,,Viruses,Lake Victoria marburgvirus (strain Popp-67),33728,Envelope glycoprotein,"Chlorocebus aethiops, Homo sapiens, Rousettus aegyptiacus","9534, 9606, 9407",1,18,ECO:0000250,,,,649,669,ECO:0000255,,,,,,,,,,,,,,,,,,,,,,,,,,,,,,
P35936,553,P35936,,Viruses,Newcastle disease virus (strain D26/76),11180,Fusion glycoprotein F0,Gallus gallus,9031,1,31,ECO:0000255,,,,501,521,ECO:0000250,,,,,,,,,,,,,,,,,,,,,,,,,,,,,,
P35949,537,P35949,Q5MKM2,Viruses,Murine pneumonia virus (strain 15),296738,Fusion glycoprotein F0,Mus musculus,10090,1,21,ECO:0000255,,,,487,515,ECO:0000250,,,,,,,,,,,,,,,,,,,,,,,,,,,,,,
P35954,983,P35954,,Viruses,Maedi visna virus (strain KV1772),36374,Envelope glycoprotein gp160,Ovis aries,9940,1,106,ECO:0000255,,,,833,853,ECO:0000255,,,,,,,,,,,,,,,,,,,,,,,,,,,,,,
P35973,550,P35973,,Viruses,Measles virus (strain Edmonston-AIK-C vaccine),36408,Fusion glycoprotein F0,Homo sapiens,9606,1,23,ECO:0000255,,,,488,518,ECO:0000255,,,,,,,,,,,,,,,,,,,,,,,,,,,,,,
P36300,1451,P36300,,Viruses,Canine coronavirus (strain Insavc-1),36391,Spike glycoprotein,Canis lupus familiaris,9615,1,31,ECO:0000255,,,,1393,1412,ECO:0000255,,,,,,,,,,,,,,,,,,,,,,,,,,,,,,
P36319,830,P36319,,Viruses,Human herpesvirus 6A (strain GS),10369,Envelope glycoprotein B,Homo sapiens,9606,1,22,ECO:0000255,,,,689,709,ECO:0000255,,,,,,,,,,,,,,,,,,,,,,,,,,,,,,
P36320,830,P36320,Q9QJ31,Viruses,Human herpesvirus 6B (strain Z29),36351,Envelope glycoprotein B,Homo sapiens,9606,1,19,ECO:0000255,,,,689,709,ECO:0000255,,,,,,,,,,,,,,,,,,,,,,,,,,,,,,
P36346,563,P36346,Q67110,Viruses,Influenza A virus (strain A/Chicken/Weybridge H7N7),11384,Hemagglutinin,"Aves, Equus caballus, Homo sapiens, Phocidae","8782, 9796, 9606, 9709",1,18,ECO:0000255,,,,530,550,ECO:0000255,,,,,,,,,,,,,,,,,,,,,,,,,,,,,,
P41684,551,P41684,,Viruses,Autographa californica nuclear polyhedrosis virus,46015,Chitinase,Lepidoptera,7088,1,17,ECO:0000255,,,,,,,,,,,,,,,,,,,,,,,,,,,,,,,,,,,,
P51515,574,P51515,,Viruses,Simian retrovirus SRV-2,39068,Envelope glycoprotein,Macaca mulatta,9544,1,22,ECO:0000255,,,,515,535,ECO:0000255,,,,,,,,,,,,,,,,,,,,,,,,,,,,,,
P51520,574,P51520,,Viruses,Simian retrovirus SRV-2 (isolate 2R-18B1),73490,Envelope glycoprotein,Macaca mulatta,9544,1,22,ECO:0000255,,,,515,535,ECO:0000255,,,,,,,,,,,,,,,,,,,,,,,,,,,,,,
P52352,822,P52352,,Viruses,Human herpesvirus 7 (strain JI),57278,Envelope glycoprotein B,Homo sapiens,9606,1,22,ECO:0000255,,,,684,704,ECO:0000255,,,,,,,,,,,,,,,,,,,,,,,,,,,,,,
P52638,503,P52638,Q778R6,Viruses,Borna disease virus (strain V),928296,Envelope glycoprotein p57,"Bos taurus, Bradypodidae, Capra hircus, Cervidae, Crocidura leucodon, Equidae, Felis catus, Hexaprotodon liberiensis, Lama glama, Oryctolagus cuniculus, Ovis aries, Struthio camelus, Varecia variegata, Vicugna pacos","9913, 9352, 9925, 9850, 109474, 9788, 9685, 56798, 9844, 9986, 9940, 8801, 9455, 30538",1,22,ECO:0000255,,,,468,488,ECO:0000255,,,,,,,,,,,,,,,,,,,,,,,,,,,,,,
P59710,424,P59710,P24351,Viruses,Bovine coronavirus (strain L9),11130,Hemagglutinin-esterase,Bos taurus,9913,1,16,ECO:0000255,,,,393,413,ECO:0000255,,,,,,,,,,,,,,,,,,,,,,,,,,,,,,
P59711,424,P59711,Q98VL2,Viruses,Bovine coronavirus (strain 98TXSF-110-ENT),233262,Hemagglutinin-esterase,Bos taurus,9913,1,16,ECO:0000255,,,,393,413,ECO:0000255,,,,,,,,,,,,,,,,,,,,,,,,,,,,,,
P60171,364,P60171,"O12421, O12717, Q66801, Q66819, Q6V1Q6, Q9YMG3",Viruses,Zaire ebolavirus (strain Kikwit-95),128951,Pre-small/secreted glycoprotein,"Epomops franqueti, Homo sapiens, Myonycteris torquata","77231, 9606, 77243",1,32,ECO:0000255,,,,,,,,,,,,,,,,,,,,,,,,,,,,,,,,,,,,
P60172,372,P60172,Q89455,Viruses,Sudan ebolavirus (strain Boniface-76),128948,Pre-small/secreted glycoprotein,"Epomops franqueti, Homo sapiens, Myonycteris torquata","77231, 9606, 77243",1,32,ECO:0000255,,,,,,,,,,,,,,,,,,,,,,,,,,,,,,,,,,,,
P60173,372,P60173,Q89455,Viruses,Sudan ebolavirus (strain Maleo-79),128949,Pre-small/secreted glycoprotein,"Epomops franqueti, Homo sapiens, Myonycteris torquata","77231, 9606, 77243",1,32,ECO:0000255,,,,,,,,,,,,,,,,,,,,,,,,,,,,,,,,,,,,
P68638,263,P68638,"P10998, Q76ZY4",Viruses,Vaccinia virus (strain Western Reserve),10254,Complement control protein C3,Bos taurus,9913,1,19,ECO:0000269,,,,,,,,,,,,,,,,,,,,,,,,,,,,,,,,,,,,
P68639,263,P68639,P10998,Viruses,Vaccinia virus (strain Copenhagen),10249,Complement control protein C3,Homo sapiens,9606,1,19,ECO:0000250,,,,,,,,,,,,,,,,,,,,,,,,,,,,,,,,,,,,
P68761,642,P68761,P07969,Viruses,Influenza C virus (strain C/Yamagata/10/1981),11568,Hemagglutinin-esterase-fusion glycoprotein,"Homo sapiens, Sus scrofa","9606, 9823",1,1,,,,,618,638,ECO:0000255,,,,,,,,,,,,,,,,,,,,,,,,,,,,,,
P68762,655,P68762,"P07969, Q6I7C1",Viruses,Influenza C virus (strain C/Ann Arbor/1/1950),11553,Hemagglutinin-esterase-fusion glycoprotein,"Homo sapiens, Sus scrofa","9606, 9823",1,14,ECO:0000255,,,,631,651,ECO:0000255,,,,,,,,,,,,,,,,,,,,,,,,,,,,,,
P69169,424,P69169,P03662,Viruses,Enterobacteria phage f1,10863,Attachment protein G3P,Escherichia coli,562,1,18,ECO:0000250,,,,398,418,ECO:0000255,,,,,,,,,,,,,,,,,,,,,,,,,,,,,,
P69353,550,P69353,P08300,Viruses,Measles virus (strain Edmonston),11235,Fusion glycoprotein F0,Homo sapiens,9606,1,23,ECO:0000255,,,,488,518,ECO:0000255,,,,,,,,,,,,,,,,,,,,,,,,,,,,,,
P69354,550,P69354,P08300,Viruses,Measles virus (strain Edmonston B),70146,Fusion glycoprotein F0,Homo sapiens,9606,1,23,ECO:0000255,,,,488,518,ECO:0000255,,,,,,,,,,,,,,,,,,,,,,,,,,,,,,
P69355,550,P69355,P08300,Viruses,Measles virus (strain Halle),11236,Fusion glycoprotein F0,Homo sapiens,9606,1,23,ECO:0000255,,,,488,518,ECO:0000255,,,,,,,,,,,,,,,,,,,,,,,,,,,,,,
P69356,550,P69356,P08300,Viruses,Measles virus (strain Leningrad-16),70147,Fusion glycoprotein F0,Homo sapiens,9606,1,23,ECO:0000255,,,,488,518,ECO:0000255,,,,,,,,,,,,,,,,,,,,,,,,,,,,,,
P69357,550,P69357,P08300,Viruses,Measles virus (strain Philadelphia-26),70148,Fusion glycoprotein F0,Homo sapiens,9606,1,23,ECO:0000255,,,,488,518,ECO:0000255,,,,,,,,,,,,,,,,,,,,,,,,,,,,,,
P69358,550,P69358,P08300,Viruses,Measles virus (strain Edmonston-Zagreb vaccine),70149,Fusion glycoprotein F0,Homo sapiens,9606,1,23,ECO:0000255,,,,488,518,ECO:0000255,,,,,,,,,,,,,,,,,,,,,,,,,,,,,,
P87506,564,P87506,,Viruses,Influenza A virus (strain A/Mallard/Ohio/556/1987 H5N9),293055,Hemagglutinin,Aves,8782,1,16,ECO:0000255,,,,528,548,ECO:0000255,,,,,,,,,,,,,,,,,,,,,,,,,,,,,,
P87691,648,P87691,,Viruses,Influenza C virus (strain C/Yamagata/4/1988),127958,Hemagglutinin-esterase-fusion glycoprotein,"Homo sapiens, Sus scrofa","9606, 9823",1,7,ECO:0000250,,,,624,644,ECO:0000255,,,,,,,,,,,,,,,,,,,,,,,,,,,,,,
P89053,854,P89053,,Viruses,Rhesus cytomegalovirus (strain 68-1),47929,Envelope glycoprotein B,Macaca mulatta,9544,1,30,ECO:0000255,,,,724,744,ECO:0000255,,,,,,,,,,,,,,,,,,,,,,,,,,,,,,
P89445,838,P89445,,Viruses,Human herpesvirus 2 (strain HG52),10315,Envelope glycoprotein H,Homo sapiens,9606,1,18,ECO:0000255,,,,804,824,ECO:0000255,,,,,,,,,,,,,,,,,,,,,,,,,,,,,,
P89475,545,P89475,P13289,Viruses,Human herpesvirus 2 (strain HG52),10315,Envelope glycoprotein E,Homo sapiens,9606,1,20,ECO:0000255,,,,415,435,ECO:0000255,,,,,,,,,,,,,,,,,,,,,,,,,,,,,,
Q01218,314,Q01218,Q76ZM3,Viruses,Vaccinia virus (strain Western Reserve),10254,Protein OPG185,Bos taurus,9913,1,16,ECO:0000255,,,,279,302,ECO:0000255,,,,,,,,,,,,,,,,,,,,,,,,,,,,,,
Q01977,1447,Q01977,,Viruses,Porcine transmissible gastroenteritis coronavirus (strain NEB72-rt),33738,Spike glycoprotein,Sus scrofa,9823,1,28,ECO:0000255,,,,1389,1408,ECO:0000255,,,,,,,,,,,,,,,,,,,,,,,,,,,,,,
Q02004,1551,Q02004,,Viruses,Dugbe virus (isolate ArD44313),766194,Envelopment polyprotein,"Amblyomma variegatum, Homo sapiens, Hyalomma rufipes, Hyalomma truncatum, Rhipicephalus, Rhipicephalus annulatus, Rhipicephalus decoloratus, Rhipicephalus geigyi","34610, 9606, 72862, 72855, 34630, 34611, 60189, 136141",1,17,ECO:0000255,,,,547,567,ECO:0000255,676,696,ECO:0000255,705,725,ECO:0000255,824,844,ECO:0000255,1452,1472,ECO:0000255,,,,,,,,,,,,,,,,,,
Q02409,873,Q02409,,Viruses,Infectious laryngotracheitis virus (strain 632),31521,Envelope glycoprotein B,Gallus gallus,9031,1,21,ECO:0000255,,,,741,761,ECO:0000255,,,,,,,,,,,,,,,,,,,,,,,,,,,,,,
Q03500,659,Q03500,,Viruses,Hepatitis E virus genotype 2 (isolate Human/Mexico),31768,Pro-secreted protein ORF2,"Bandicota bengalensis, Callithrix, Cercopithecus hamlyni, Chlorocebus aethiops, Gallus gallus, Homo sapiens, Macaca, Mus musculus, Pan troglodytes, Saimiri, Sus scrofa","69079, 9481, 9536, 9534, 9031, 9606, 9539, 10090, 9598, 9520, 9823",1,23,ECO:0000255,,,,,,,,,,,,,,,,,,,,,,,,,,,,,,,,,,,,
Q03816,488,Q03816,,Viruses,Human T-cell leukemia virus 1 (isolate Caribbea CH subtype A),39016,Envelope glycoprotein gp62,Homo sapiens,9606,1,20,ECO:0000255,,,,443,463,ECO:0000255,,,,,,,,,,,,,,,,,,,,,,,,,,,,,,
Q03817,488,Q03817,,Viruses,Human T-cell leukemia virus 1 (isolate Zaire EL subtype B),39015,Envelope glycoprotein gp62,Homo sapiens,9606,1,20,ECO:0000255,,,,443,463,ECO:0000255,,,,,,,,,,,,,,,,,,,,,,,,,,,,,,
Q03909,571,Q03909,,Viruses,Influenza A virus (strain A/Equine/Jillin/1/1989 H3N8),385585,Hemagglutinin,"Aves, Equus caballus","8782, 9796",1,21,ECO:0000255,,,,536,556,ECO:0000255,,,,,,,,,,,,,,,,,,,,,,,,,,,,,,
Q04463,933,Q04463,,Viruses,Herpesvirus ateles type 1 (strain Lennette),35243,Envelope glycoprotein B,Ateles,9506,1,36,ECO:0000255,,,,798,818,ECO:0000255,,,,,,,,,,,,,,,,,,,,,,,,,,,,,,
Q04464,920,Q04464,,Viruses,Saimiriine herpesvirus 1 (strain MV-5-4-PSL),10353,Envelope glycoprotein B,"Callithrix, Saimiri","9481, 9520",1,39,ECO:0000255,,,,784,804,ECO:0000255,,,,,,,,,,,,,,,,,,,,,,,,,,,,,,
Q04569,201,Q04569,,Viruses,Porcine reproductive and respiratory syndrome virus (strain Lelystad),11049,Glycoprotein 5,Sus scrofa,9823,1,32,ECO:0000255,,,,64,84,ECO:0000255,109,129,ECO:0000255,,,,,,,,,,,,,,,,,,,,,,,,,,,
Q04611,660,Q04611,,Viruses,Hepatitis E virus genotype 1 (isolate Human/Myanmar/HEVNE8L),31769,Pro-secreted protein ORF2,Homo sapiens,9606,1,19,ECO:0000255,,,,,,,,,,,,,,,,,,,,,,,,,,,,,,,,,,,,
Q05059,394,Q05059,,Viruses,Human herpesvirus 1 (strain F),10304,Envelope glycoprotein D,Homo sapiens,9606,1,25,ECO:0000255,,,,341,361,ECO:0000255,,,,,,,,,,,,,,,,,,,,,,,,,,,,,,
Q07FI5,565,Q07FI5,,Viruses,Influenza A virus (strain A/China:Nanchang/11/1996 H1N1),394786,Hemagglutinin,"Aves, Homo sapiens, Sus scrofa","8782, 9606, 9823",1,17,ECO:0000255,,,,529,549,ECO:0000255,,,,,,,,,,,,,,,,,,,,,,,,,,,,,,
Q08011,565,Q08011,,Viruses,Influenza A virus (strain A/Equine/Suffolk/1989 H3N8),45413,Hemagglutinin,"Aves, Equus caballus","8782, 9796",1,16,ECO:0000255,,,,530,550,ECO:0000255,,,,,,,,,,,,,,,,,,,,,,,,,,,,,,
Q09SZ7,493,Q09SZ7,,Viruses,Human T-cell leukemia virus 3 (strain Pyl43),406769,Envelope glycoprotein gp63,Homo sapiens,9606,1,22,ECO:0000255,,,,447,467,ECO:0000255,,,,,,,,,,,,,,,,,,,,,,,,,,,,,,
Q0A3Y1,566,Q0A3Y1,,Viruses,Influenza A virus (strain A/Gull/Minnesota/945/1980 H13N6),385597,Hemagglutinin,Aves,8782,1,18,ECO:0000255,,,,533,553,ECO:0000255,,,,,,,,,,,,,,,,,,,,,,,,,,,,,,
Q0HD60,566,Q0HD60,,Viruses,Influenza A virus (strain A/Hickox/1940 H1N1),383543,Hemagglutinin,"Aves, Homo sapiens, Sus scrofa","8782, 9606, 9823",1,17,ECO:0000255,,,,530,550,ECO:0000255,,,,,,,,,,,,,,,,,,,,,,,,,,,,,,
Q0Q466,1371,Q0Q466,,Viruses,Bat coronavirus 512/2005,693999,Spike glycoprotein,Scotophilus kuhlii,153297,1,23,ECO:0000255,,,,1313,1332,ECO:0000255,,,,,,,,,,,,,,,,,,,,,,,,,,,,,,
Q0R5Q9,491,Q0R5Q9,,Viruses,Human T-cell leukemia virus 3 (strain 2026ND),402036,Envelope glycoprotein gp63,Homo sapiens,9606,1,20,ECO:0000255,,,,445,465,ECO:0000255,,,,,,,,,,,,,,,,,,,,,,,,,,,,,,
Q0ZME8,385,Q0ZME8,,Viruses,Human coronavirus HKU1 (isolate N5),443241,Hemagglutinin-esterase,Homo sapiens,9606,1,11,ECO:0000255,,,,362,382,ECO:0000255,,,,,,,,,,,,,,,,,,,,,,,,,,,,,,
Q14EB1,385,Q14EB1,,Viruses,Human coronavirus HKU1 (isolate N2),443240,Hemagglutinin-esterase,Homo sapiens,9606,1,11,ECO:0000255,,,,362,382,ECO:0000255,,,,,,,,,,,,,,,,,,,,,,,,,,,,,,
Q1PD50,681,Q1PD50,,Viruses,Lake Victoria marburgvirus (strain Angola/2005),378830,Envelope glycoprotein,"Chlorocebus aethiops, Homo sapiens, Rousettus aegyptiacus","9534, 9606, 9407",1,18,ECO:0000250,,,,649,669,ECO:0000255,,,,,,,,,,,,,,,,,,,,,,,,,,,,,,
Q1PDC7,681,Q1PDC7,O36429,Viruses,Lake Victoria marburgvirus (strain Ravn-87),378809,Envelope glycoprotein,"Chlorocebus aethiops, Homo sapiens, Rousettus aegyptiacus","9534, 9606, 9407",1,18,ECO:0000250,,,,649,669,ECO:0000255,,,,,,,,,,,,,,,,,,,,,,,,,,,,,,
Q1PUD9,566,Q1PUD9,Q9YS46,Viruses,Influenza A virus (strain A/Port Chalmers/1/1973 H3N2),385624,Hemagglutinin,"Aves, Cetacea, Homo sapiens, Phocidae, Sus scrofa","8782, 9721, 9606, 9709, 9823",1,16,ECO:0000255,,,,531,551,ECO:0000255,,,,,,,,,,,,,,,,,,,,,,,,,,,,,,
Q289M7,565,Q289M7,,Viruses,Influenza A virus (strain A/New Zealand:South Canterbury/35/2000 H1N1),363066,Hemagglutinin,"Aves, Homo sapiens, Sus scrofa","8782, 9606, 9823",1,17,ECO:0000255,,,,529,549,ECO:0000255,,,,,,,,,,,,,,,,,,,,,,,,,,,,,,
Q2F4V2,565,Q2F4V2,,Viruses,Influenza A virus (strain A/Goose/Guangxi/345/2005 H5N1 genotype G),365089,Hemagglutinin,"Aves, Felis catus, Homo sapiens, Panthera pardus, Panthera tigris, Sus scrofa","8782, 9685, 9606, 9691, 9694, 9823",1,16,ECO:0000255,,,,531,551,ECO:0000255,,,,,,,,,,,,,,,,,,,,,,,,,,,,,,
Q2ICR0,566,Q2ICR0,,Viruses,Influenza A virus (strain A/Memphis/101/1972 H3N2),383583,Hemagglutinin,"Aves, Cetacea, Homo sapiens, Phocidae, Sus scrofa","8782, 9721, 9606, 9709, 9823",1,16,ECO:0000255,,,,531,551,ECO:0000255,,,,,,,,,,,,,,,,,,,,,,,,,,,,,,
Q2RCH5,566,Q2RCH5,,Viruses,Influenza A virus (strain A/Memphis/4/1980 H3N2),383578,Hemagglutinin,"Aves, Cetacea, Homo sapiens, Phocidae, Sus scrofa","8782, 9721, 9606, 9709, 9823",1,16,ECO:0000255,,,,531,551,ECO:0000255,,,,,,,,,,,,,,,,,,,,,,,,,,,,,,
Q2RFA5,566,Q2RFA5,,Viruses,Influenza A virus (strain A/Memphis/110/1976 H3N2),383581,Hemagglutinin,"Aves, Cetacea, Homo sapiens, Phocidae, Sus scrofa","8782, 9721, 9606, 9709, 9823",1,16,ECO:0000255,,,,531,551,ECO:0000255,,,,,,,,,,,,,,,,,,,,,,,,,,,,,,
Q2VND2,566,Q2VND2,,Viruses,Influenza A virus (strain A/Memphis/18/1978 H3N2),383579,Hemagglutinin,"Aves, Cetacea, Homo sapiens, Phocidae, Sus scrofa","8782, 9721, 9606, 9709, 9823",1,16,ECO:0000255,,,,531,551,ECO:0000255,,,,,,,,,,,,,,,,,,,,,,,,,,,,,,
Q2VNF2,566,Q2VNF2,,Viruses,Influenza A virus (strain A/Memphis/2/1978 H3N2),383580,Hemagglutinin,"Aves, Cetacea, Homo sapiens, Phocidae, Sus scrofa","8782, 9721, 9606, 9709, 9823",1,16,ECO:0000255,,,,531,551,ECO:0000255,,,,,,,,,,,,,,,,,,,,,,,,,,,,,,
Q2Y2M3,537,Q2Y2M3,,Viruses,Avian metapneumovirus (isolate Canada goose/Minnesota/15a/2001),652954,Fusion glycoprotein F0,"Anser sp., Meleagris gallopavo","8847, 9103",1,18,ECO:0000255,,,,494,514,ECO:0000255,,,,,,,,,,,,,,,,,,,,,,,,,,,,,,
Q30NQ1,566,Q30NQ1,,Viruses,Influenza A virus (strain A/Beijing/39/1975 H3N2),383596,Hemagglutinin,"Aves, Cetacea, Homo sapiens, Phocidae, Sus scrofa","8782, 9721, 9606, 9709, 9823",1,16,ECO:0000255,,,,531,551,ECO:0000255,,,,,,,,,,,,,,,,,,,,,,,,,,,,,,
Q38SQ8,566,Q38SQ8,,Viruses,Influenza A virus (strain A/Hong Kong/5/1983 H3N2),387159,Hemagglutinin,"Aves, Cetacea, Homo sapiens, Phocidae, Sus scrofa","8782, 9721, 9606, 9709, 9823",1,16,ECO:0000255,,,,531,551,ECO:0000255,,,,,,,,,,,,,,,,,,,,,,,,,,,,,,
Q5MQD1,386,Q5MQD1,,Viruses,Human coronavirus HKU1 (isolate N1),443239,Hemagglutinin-esterase,Homo sapiens,9606,1,11,ECO:0000255,,,,360,380,ECO:0000255,,,,,,,,,,,,,,,,,,,,,,,,,,,,,,
Q5NDM9,1100,Q5NDM9,,Viruses,Poinsettia latent virus (isolate Euphorbia pulcherrima/Germany/Siepen/2005),686943,Protein P2-P3,Euphorbia pulcherrima,37495,1,25,ECO:0000255,,,,131,151,ECO:0000255,165,185,ECO:0000255,,,,,,,,,,,,,,,,,,,,,,,,,,,
Q5SC53,538,Q5SC53,,Viruses,Mumps virus genotype N (strain L-Zagreb vaccine),301186,Fusion glycoprotein F0,Homo sapiens,9606,1,19,ECO:0000250,,,,483,503,ECO:0000255,,,,,,,,,,,,,,,,,,,,,,,,,,,,,,
Q65984,1453,Q65984,,Viruses,Canine coronavirus (strain K378),33732,Spike glycoprotein,Canis lupus familiaris,9615,1,31,ECO:0000255,,,,1395,1414,ECO:0000255,,,,,,,,,,,,,,,,,,,,,,,,,,,,,,
Q66165,424,Q66165,,Viruses,Bovine coronavirus (strain G95),230235,Hemagglutinin-esterase,Bos taurus,9913,1,16,ECO:0000255,,,,393,413,ECO:0000255,,,,,,,,,,,,,,,,,,,,,,,,,,,,,,
Q66613,874,Q66613,,Viruses,Equine herpesvirus 2 (strain 86/87),82831,Envelope glycoprotein B,Equus caballus,9796,1,25,ECO:0000255,,,,728,748,ECO:0000255,,,,,,,,,,,,,,,,,,,,,,,,,,,,,,
Q66800,367,Q66800,"Q5UAK7, Q8JPX7",Viruses,Reston ebolavirus (strain Reston-89),386032,Pre-small/secreted glycoprotein,"Epomops franqueti, Homo sapiens, Myonycteris torquata, Sus scrofa","77231, 9606, 77243, 9823",1,33,ECO:0000255,,,,,,,,,,,,,,,,,,,,,,,,,,,,,,,,,,,,
Q66811,365,Q66811,,Viruses,Tai Forest ebolavirus (strain Cote d'Ivoire-94),128999,Pre-small/secreted glycoprotein,"Epomops franqueti, Homo sapiens, Myonycteris torquata","77231, 9606, 77243",1,32,ECO:0000255,,,,,,,,,,,,,,,,,,,,,,,,,,,,,,,,,,,,
Q67018,562,Q67018,,Viruses,Influenza A virus (strain A/Herring gull/DE/677/1988 H2N8),387243,Hemagglutinin,Aves,8782,1,15,ECO:0000255,,,,526,546,ECO:0000255,,,,,,,,,,,,,,,,,,,,,,,,,,,,,,
Q67143,562,Q67143,,Viruses,Influenza A virus (strain A/Korea/426/1968 H2N2),488241,Hemagglutinin,"Aves, Homo sapiens","8782, 9606",1,15,ECO:0000255,,,,526,546,ECO:0000255,,,,,,,,,,,,,,,,,,,,,,,,,,,,,,
Q67282,562,Q67282,,Viruses,Influenza A virus (strain A/Mallard/New York/6750/1978 H2N2),384502,Hemagglutinin,"Aves, Homo sapiens","8782, 9606",1,15,ECO:0000255,,,,526,546,ECO:0000255,,,,,,,,,,,,,,,,,,,,,,,,,,,,,,
Q67333,562,Q67333,,Viruses,Influenza A virus (strain A/Singapore/1/1957 H2N2),382781,Hemagglutinin,"Aves, Homo sapiens","8782, 9606",1,15,ECO:0000255,,,,526,546,ECO:0000255,,,,,,,,,,,,,,,,,,,,,,,,,,,,,,
Q67369,360,Q67369,,Viruses,Influenza B virus (strain B/Bangkok/163/1990),416677,Hemagglutinin,Homo sapiens,9606,1,15,ECO:0000255,,,,,,,,,,,,,,,,,,,,,,,,,,,,,,,,,,,,
Q67370,360,Q67370,,Viruses,Influenza B virus (strain B/Guangdong/55/1989),291802,Hemagglutinin,Homo sapiens,9606,1,15,ECO:0000255,,,,,,,,,,,,,,,,,,,,,,,,,,,,,,,,,,,,
Q67371,360,Q67371,,Viruses,Influenza B virus (strain B/Hong Kong/22/1989),416675,Hemagglutinin,Homo sapiens,9606,1,15,ECO:0000255,,,,,,,,,,,,,,,,,,,,,,,,,,,,,,,,,,,,
Q67372,362,Q67372,,Viruses,Influenza B virus (strain B/India/3/1989),291806,Hemagglutinin,Homo sapiens,9606,1,15,ECO:0000255,,,,,,,,,,,,,,,,,,,,,,,,,,,,,,,,,,,,
Q67373,360,Q67373,,Viruses,Influenza B virus (strain B/Hong Kong/9/1989),291796,Hemagglutinin,Homo sapiens,9606,1,15,ECO:0000255,,,,,,,,,,,,,,,,,,,,,,,,,,,,,,,,,,,,
Q67374,360,Q67374,,Viruses,Influenza B virus (strain B/New York/3/1990),291801,Hemagglutinin,Homo sapiens,9606,1,15,ECO:0000255,,,,,,,,,,,,,,,,,,,,,,,,,,,,,,,,,,,,
Q67375,360,Q67375,,Viruses,Influenza B virus (strain B/Panama/45/1990),408929,Hemagglutinin,Homo sapiens,9606,1,15,ECO:0000255,,,,,,,,,,,,,,,,,,,,,,,,,,,,,,,,,,,,
Q67376,360,Q67376,,Viruses,Influenza B virus (strain B/South Dakota/5/1989),291805,Hemagglutinin,Homo sapiens,9606,1,15,ECO:0000255,,,,,,,,,,,,,,,,,,,,,,,,,,,,,,,,,,,,
Q67377,362,Q67377,,Viruses,Influenza B virus (strain B/Paris/329/1990),291795,Hemagglutinin,Homo sapiens,9606,1,15,ECO:0000255,,,,,,,,,,,,,,,,,,,,,,,,,,,,,,,,,,,,
Q67378,360,Q67378,,Viruses,Influenza B virus (strain B/Texas/1/1991),291799,Hemagglutinin,Homo sapiens,9606,1,15,ECO:0000255,,,,,,,,,,,,,,,,,,,,,,,,,,,,,,,,,,,,
Q67379,360,Q67379,,Viruses,Influenza B virus (strain B/Texas/4/1990),291800,Hemagglutinin,Homo sapiens,9606,1,15,ECO:0000255,,,,,,,,,,,,,,,,,,,,,,,,,,,,,,,,,,,,
Q67380,360,Q67380,,Viruses,Influenza B virus (strain B/Victoria/103/1989),291803,Hemagglutinin,Homo sapiens,9606,1,15,ECO:0000255,,,,,,,,,,,,,,,,,,,,,,,,,,,,,,,,,,,,
Q67381,362,Q67381,,Viruses,Influenza B virus (strain B/Victoria/19/1989),291804,Hemagglutinin,Homo sapiens,9606,1,15,ECO:0000255,,,,,,,,,,,,,,,,,,,,,,,,,,,,,,,,,,,,
Q67387,648,Q67387,,Viruses,Influenza C virus (strain C/Nara/2/1985),127957,Hemagglutinin-esterase-fusion glycoprotein,"Homo sapiens, Sus scrofa","9606, 9823",1,7,ECO:0000250,,,,624,644,ECO:0000255,,,,,,,,,,,,,,,,,,,,,,,,,,,,,,
Q69024,901,Q69024,E9RH71,Viruses,Guinea pig cytomegalovirus (strain 22122),103920,Envelope glycoprotein B,Cavia porcellus,10141,1,34,ECO:0000255,,,,737,757,ECO:0000255,,,,,,,,,,,,,,,,,,,,,,,,,,,,,,
Q69572,656,Q69572,"Q69573, Q69574, Q69575, Q69576, Q76WN9",Viruses,Human herpesvirus 6A (strain Uganda-1102),10370,Glycoprotein Q1,Homo sapiens,9606,1,32,ECO:0000255,,,,,,,,,,,,,,,,,,,,,,,,,,,,,,,,,,,,
Q6DLH8,980,Q6DLH8,P28922,Viruses,Equine herpesvirus 1 (strain Ab4p),31520,Envelope glycoprotein B,Equus caballus,9796,1,86,ECO:0000255,,,,850,870,ECO:0000255,,,,,,,,,,,,,,,,,,,,,,,,,,,,,,
Q6DPZ9,565,Q6DPZ9,,Viruses,Influenza A virus (strain A/Chicken/Shantou/4231/2003 H5N1 genotype V),284184,Hemagglutinin,"Aves, Felis catus, Homo sapiens, Panthera pardus, Panthera tigris, Sus scrofa","8782, 9685, 9606, 9691, 9694, 9823",1,16,ECO:0000255,,,,532,552,ECO:0000255,,,,,,,,,,,,,,,,,,,,,,,,,,,,,,
Q6DQ19,567,Q6DQ19,,Viruses,Influenza A virus (strain A/Silky Chicken/Hong Kong/YU100/2002 H5N1 genotype X3),284214,Hemagglutinin,"Aves, Felis catus, Homo sapiens, Panthera pardus, Panthera tigris, Sus scrofa","8782, 9685, 9606, 9691, 9694, 9823",1,16,ECO:0000255,,,,532,552,ECO:0000255,,,,,,,,,,,,,,,,,,,,,,,,,,,,,,
Q6DQ20,567,Q6DQ20,,Viruses,Influenza A virus (strain A/Chicken/Hong Kong/37.4/2002 H5N1 genotype X2),284172,Hemagglutinin,"Aves, Felis catus, Homo sapiens, Panthera pardus, Panthera tigris, Sus scrofa","8782, 9685, 9606, 9691, 9694, 9823",1,16,ECO:0000255,,,,532,552,ECO:0000255,,,,,,,,,,,,,,,,,,,,,,,,,,,,,,
Q6DQ21,567,Q6DQ21,,Viruses,Influenza A virus (strain A/Chicken/Hong Kong/31.2/2002 H5N1 genotype X1),284169,Hemagglutinin,"Aves, Felis catus, Homo sapiens, Panthera pardus, Panthera tigris, Sus scrofa","8782, 9685, 9606, 9691, 9694, 9823",1,16,ECO:0000255,,,,532,552,ECO:0000255,,,,,,,,,,,,,,,,,,,,,,,,,,,,,,
Q6DQ22,555,Q6DQ22,,Viruses,Influenza A virus (strain A/Guinea fowl/Hong Kong/38/2002 H5N1 genotype X0),284208,Hemagglutinin,"Aves, Felis catus, Homo sapiens, Panthera pardus, Panthera tigris, Sus scrofa","8782, 9685, 9606, 9691, 9694, 9823",1,14,ECO:0000255,,,,530,550,ECO:0000255,,,,,,,,,,,,,,,,,,,,,,,,,,,,,,
Q6J8E7,566,Q6J8E7,,Viruses,Influenza A virus (strain A/Chicken/Hong Kong/96.1/2002 H5N1 genotype Y),279803,Hemagglutinin,"Aves, Felis catus, Homo sapiens, Panthera pardus, Panthera tigris, Sus scrofa","8782, 9685, 9606, 9691, 9694, 9823",1,16,ECO:0000255,,,,532,552,ECO:0000255,,,,,,,,,,,,,,,,,,,,,,,,,,,,,,
Q6J8F6,551,Q6J8F6,,Viruses,Influenza A virus (strain A/Hong Kong/212/2003 H5N1 genotype Z+),279794,Hemagglutinin,"Aves, Felis catus, Homo sapiens, Panthera pardus, Panthera tigris, Sus scrofa","8782, 9685, 9606, 9691, 9694, 9823",1,16,ECO:0000255,,,,531,551,ECO:0000255,,,,,,,,,,,,,,,,,,,,,,,,,,,,,,
Q6LEJ4,560,Q6LEJ4,Q2VC96,Viruses,Influenza A virus (strain A/Seal/Massachusetts/1/1980 H7N7),384493,Hemagglutinin,"Aves, Equus caballus, Homo sapiens, Phocidae","8782, 9796, 9606, 9709",1,18,ECO:0000255,,,,524,544,ECO:0000255,,,,,,,,,,,,,,,,,,,,,,,,,,,,,,
Q6S6T9,980,Q6S6T9,,Viruses,Equine herpesvirus 1 (strain V592),310273,Envelope glycoprotein B,Equus caballus,9796,1,86,ECO:0000255,,,,850,870,ECO:0000255,,,,,,,,,,,,,,,,,,,,,,,,,,,,,,
Q6SW94,488,Q6SW94,D2K3K5,Viruses,Human cytomegalovirus (strain Merlin),295027,UL37 immediate early glycoprotein,Homo sapiens,9606,1,22,ECO:0000255,,,,439,459,ECO:0000255,,,,,,,,,,,,,,,,,,,,,,,,,,,,,,
Q6SWB9,272,Q6SWB9,D2K3I1,Viruses,Human cytomegalovirus (strain Merlin),295027,Protein UL11,Homo sapiens,9606,1,31,ECO:0000255,,,,225,245,ECO:0000255,,,,,,,,,,,,,,,,,,,,,,,,,,,,,,
Q6WB98,539,Q6WB98,,Viruses,Human metapneumovirus (strain CAN97-83),694067,Fusion glycoprotein F0,Homo sapiens,9606,1,18,ECO:0000255,,,,492,512,ECO:0000255,,,,,,,,,,,,,,,,,,,,,,,,,,,,,,
Q6XQ97,133,Q6XQ97,,Viruses,Escherichia phage T1,2492962,U-spanin,Escherichia coli,562,1,21,ECO:0000255,,,,105,125,ECO:0000269,,,,,,,,,,,,,,,,,,,,,,,,,,,,,,
Q703F0,552,Q703F0,Q86624,Viruses,Human herpesvirus 1 (strain F),10304,Envelope glycoprotein E,Homo sapiens,9606,1,20,ECO:0000255,,,,422,442,ECO:0000255,,,,,,,,,,,,,,,,,,,,,,,,,,,,,,
Q70KP1,430,Q70KP1,,Viruses,Porcine torovirus (strain P10),360395,Hemagglutinin-esterase,Sus scrofa,9823,1,27,ECO:0000255,,,,405,425,ECO:0000255,,,,,,,,,,,,,,,,,,,,,,,,,,,,,,
Q77MS3,865,Q77MS3,,Viruses,Gallid herpesvirus 2 (strain Chicken/Md5/ATCC VR-987),10389,Envelope glycoprotein B,Gallus gallus,9031,1,21,ECO:0000255,,,,732,752,ECO:0000255,,,,,,,,,,,,,,,,,,,,,,,,,,,,,,
Q7T9E0,372,Q7T9E0,,Viruses,Sudan ebolavirus (strain Human/Uganda/Gulu/2000),386033,Pre-small/secreted glycoprotein,"Epomops franqueti, Homo sapiens, Myonycteris torquata","77231, 9606, 77243",1,32,ECO:0000255,,,,,,,,,,,,,,,,,,,,,,,,,,,,,,,,,,,,
Q80HY2,220,Q80HY2,,Viruses,Vaccinia virus (strain Western Reserve),10254,Early protein OPG038,Bos taurus,9913,1,17,ECO:0000255,,,,,,,,,,,,,,,,,,,,,,,,,,,,,,,,,,,,
Q82509,568,Q82509,,Viruses,Influenza A virus (strain A/Tern/South Africa/1961 H5N3),384510,Hemagglutinin,Aves,8782,1,16,ECO:0000255,,,,532,552,ECO:0000255,,,,,,,,,,,,,,,,,,,,,,,,,,,,,,
Q82559,565,Q82559,,Viruses,Influenza A virus (strain A/Equine/Kentucky/1/1981),475467,Hemagglutinin,"Aves, Equus caballus","8782, 9796",1,16,ECO:0000255,,,,530,550,ECO:0000255,,,,,,,,,,,,,,,,,,,,,,,,,,,,,,
Q83356,439,Q83356,Q83353,Viruses,Murine coronavirus (strain JHM),11144,Hemagglutinin-esterase,Mus musculus,10090,1,22,ECO:0000255,,,,408,428,ECO:0000255,,,,,,,,,,,,,,,,,,,,,,,,,,,,,,
Q84710,760,Q84710,,Viruses,Pea enation mosaic virus-1 (strain WSG),693989,Protein P1,"Cicer arietinum, Lathyrus odoratus, Lens culinaris, Medicago arabica, Pisum sativum, Trifolium incarnatum, Vicia faba, Vicia sativa","3827, 3859, 3864, 70936, 3888, 60916, 3906, 3908",1,33,ECO:0000255,,,,172,192,ECO:0000255,194,214,ECO:0000255,218,235,ECO:0000255,240,260,ECO:0000255,,,,,,,,,,,,,,,,,,,,,
Q86515,326,Q86515,,Viruses,Rotavirus A (strain RVA/Cow/France/RF/1975/G6P6[1]),10933,Outer capsid glycoprotein VP7,Bos taurus,9913,1,50,ECO:0000255,,,,,,,,,,,,,,,,,,,,,,,,,,,,,,,,,,,,
Q89569,367,Q89569,,Viruses,Reston ebolavirus (strain Siena/Philippine-92),129004,Pre-small/secreted glycoprotein,"Homo sapiens, Macaca fascicularis, Pteropodinae, Sus scrofa","9606, 9541, 77225, 9823",1,33,ECO:0000255,,,,,,,,,,,,,,,,,,,,,,,,,,,,,,,,,,,,
Q89730,480,Q89730,O12512,Viruses,Human herpesvirus 2 (strain HG52),10315,Envelope glycoprotein C,Homo sapiens,9606,1,27,ECO:0000255,,,,448,468,ECO:0000255,,,,,,,,,,,,,,,,,,,,,,,,,,,,,,
Q8B0H1,511,Q8B0H1,,Viruses,Vesicular stomatitis Indiana virus (strain 94GUB Central America),434489,Glycoprotein,"Aedes, Bos taurus, Culicoides, Equus asinus, Equus caballus, Homo sapiens, Lutzomyia, Musca domestica, Simuliidae, Sus scrofa","7158, 9913, 58271, 9793, 9796, 9606, 252607, 7370, 7190, 9823",1,16,ECO:0000255,,,,468,488,ECO:0000255,,,,,,,,,,,,,,,,,,,,,,,,,,,,,,
Q8B0H6,511,Q8B0H6,,Viruses,Vesicular stomatitis Indiana virus (strain 85CLB South America),434490,Glycoprotein,"Aedes, Bos taurus, Culicoides, Equus asinus, Equus caballus, Homo sapiens, Lutzomyia, Musca domestica, Simuliidae, Sus scrofa","7158, 9913, 58271, 9793, 9796, 9606, 252607, 7370, 7190, 9823",1,16,ECO:0000255,,,,468,488,ECO:0000255,,,,,,,,,,,,,,,,,,,,,,,,,,,,,,
Q8B0I1,511,Q8B0I1,,Viruses,Vesicular stomatitis Indiana virus (strain 98COE North America),434488,Glycoprotein,"Aedes, Bos taurus, Culicoides, Equus asinus, Equus caballus, Homo sapiens, Lutzomyia, Musca domestica, Simuliidae, Sus scrofa","7158, 9913, 58271, 9793, 9796, 9606, 252607, 7370, 7190, 9823",1,16,ECO:0000255,,,,468,488,ECO:0000255,,,,,,,,,,,,,,,,,,,,,,,,,,,,,,
Q8BB26,424,Q8BB26,,Viruses,Porcine hemagglutinating encephalomyelitis virus (strain 67N),230237,Hemagglutinin-esterase,Sus scrofa,9823,1,16,ECO:0000255,,,,393,413,ECO:0000255,,,,,,,,,,,,,,,,,,,,,,,,,,,,,,
Q8JMZ4,212,Q8JMZ4,,Viruses,Hepatitis B virus genotype H subtype adw4 (isolate Nicaragua/2928Nic/1997),489541,External core antigen,"Homo sapiens, Pan troglodytes","9606, 9598",1,19,ECO:0000255,,,,,,,,,,,,,,,,,,,,,,,,,,,,,,,,,,,,
Q8JSP9,424,Q8JSP9,,Viruses,Porcine hemagglutinating encephalomyelitis virus (strain IAF-404),230236,Hemagglutinin-esterase,Sus scrofa,9823,1,16,ECO:0000255,,,,393,413,ECO:0000255,,,,,,,,,,,,,,,,,,,,,,,,,,,,,,
Q8QPL1,568,Q8QPL1,,Viruses,Influenza A virus (strain A/Duck/Hong Kong/2986.1/2000 H5N1 genotype C),176674,Hemagglutinin,"Aves, Felis catus, Homo sapiens, Panthera pardus, Panthera tigris, Sus scrofa","8782, 9685, 9606, 9691, 9694, 9823",1,16,ECO:0000255,,,,532,552,ECO:0000255,,,,,,,,,,,,,,,,,,,,,,,,,,,,,,
Q8V3T9,444,Q8V3T9,,Viruses,Infectious salmon anemia virus (isolate Atlantic salmon/Norway/810/9/99),652965,Fusion glycoprotein F0,"Gadus morhua, Oncorhynchus kisutch, Oncorhynchus mykiss, Pollachius virens, Salmo salar, Salmo trutta","8049, 8019, 8022, 8060, 8030, 8032",1,17,ECO:0000255,,,,414,434,ECO:0000255,,,,,,,,,,,,,,,,,,,,,,,,,,,,,,
Q8V3U0,394,Q8V3U0,,Viruses,Infectious salmon anemia virus (isolate Atlantic salmon/Norway/810/9/99),652965,Hemagglutinin-esterase,"Gadus morhua, Oncorhynchus kisutch, Oncorhynchus mykiss, Pollachius virens, Salmo salar, Salmo trutta","8049, 8019, 8022, 8060, 8030, 8032",1,16,ECO:0000255,,,,348,368,ECO:0000255,,,,,,,,,,,,,,,,,,,,,,,,,,,,,,
Q8V437,424,Q8V437,,Viruses,Bovine coronavirus (strain 98TXSF-110-LUN),233264,Hemagglutinin-esterase,Bos taurus,9913,1,16,ECO:0000255,,,,393,413,ECO:0000255,,,,,,,,,,,,,,,,,,,,,,,,,,,,,,
Q90121,127,Q90121,,Viruses,Ustilago maydis P4 virus,11009,KP4 killer toxin,Mycosarcoma maydis,5270,1,22,ECO:0000269,,,,,,,,,,,,,,,,,,,,,,,,,,,,,,,,,,,,
Q913Y7,606,Q913Y7,,Viruses,Avian hepatitis E virus (isolate Chicken/California/Meng),516993,Pro-secreted protein ORF2,Gallus gallus,9031,1,19,ECO:0000255,,,,,,,,,,,,,,,,,,,,,,,,,,,,,,,,,,,,
Q91AV1,1383,Q91AV1,,Viruses,Porcine epidemic diarrhea virus (strain CV777),229032,Spike glycoprotein,Sus scrofa,9823,1,25,ECO:0000255,,,,1325,1344,ECO:0000255,,,,,,,,,,,,,,,,,,,,,,,,,,,,,,
Q91DD7,367,Q91DD7,,Viruses,Reston ebolavirus (strain Philippines-96),129003,Pre-small/secreted glycoprotein,"Homo sapiens, Macaca fascicularis, Pteropodinae, Sus scrofa","9606, 9541, 77225, 9823",1,33,ECO:0000255,,,,,,,,,,,,,,,,,,,,,,,,,,,,,,,,,,,,
Q91MA7,566,Q91MA7,Q910M5,Viruses,Influenza A virus (strain A/Hong Kong/1/1968 H3N2),506350,Hemagglutinin,"Aves, Cetacea, Homo sapiens, Phocidae, Sus scrofa","8782, 9721, 9606, 9709, 9823",1,16,ECO:0000255,,,,531,551,ECO:0000255,,,,,,,,,,,,,,,,,,,,,,,,,,,,,,
Q96912,224,Q96912,,Viruses,Human herpesvirus 1 (strain KOS),10306,Envelope glycoprotein L,Homo sapiens,9606,1,22,ECO:0000255,,,,,,,,,,,,,,,,,,,,,,,,,,,,,,,,,,,,
Q98157,94,Q98157,"D0UZM1, Q2HRC3",Viruses,Human herpesvirus 8 type P (isolate GK18),868565,Viral macrophage inflammatory protein 2,Homo sapiens,9606,1,20,,,,,,,,,,,,,,,,,,,,,,,,,,,,,,,,,,,,,
Q9DHD5,838,Q9DHD5,,Viruses,Human herpesvirus 1 (strain F),10304,Envelope glycoprotein H,Homo sapiens,9606,1,18,ECO:0000255,,,,804,824,ECO:0000255,,,,,,,,,,,,,,,,,,,,,,,,,,,,,,
Q9DR81,424,Q9DR81,Q98VL2,Viruses,Bovine coronavirus (strain Ontario),231422,Hemagglutinin-esterase,Bos taurus,9913,1,16,ECO:0000255,,,,393,413,ECO:0000255,,,,,,,,,,,,,,,,,,,,,,,,,,,,,,
Q9DUD9,565,Q9DUD9,Q88267,Viruses,Sendai virus (strain Hamamatsu),302271,Fusion glycoprotein F0,"Cavia cutleri, Cricetidae sp., Mus musculus, Rattus norvegicus","10144, 36483, 10090, 10116",1,25,ECO:0000250,,,,501,521,ECO:0000250,,,,,,,,,,,,,,,,,,,,,,,,,,,,,,
Q9IKB5,1135,Q9IKB5,,Viruses,Tomato spotted wilt virus (strain Regular2A),267287,Envelopment polyprotein,"Frankliniella occidentalis, Scirtothrips dorsalis, Solanum lycopersicum, Thrips tabaci","133901, 163899, 4081, 161014",1,35,ECO:0000255,,,,315,366,"ECO:0000250, ECO:0000255",1068,1088,ECO:0000255,,,,,,,,,,,,,,,,,,,,,,,,,,,
Q9IKB7,1135,Q9IKB7,,Viruses,Tomato spotted wilt virus (isolate D),267288,Envelopment polyprotein,"Frankliniella occidentalis, Scirtothrips dorsalis, Solanum lycopersicum, Thrips tabaci","133901, 163899, 4081, 161014",1,35,ECO:0000255,,,,315,366,ECO:0000250,1068,1088,ECO:0000255,,,,,,,,,,,,,,,,,,,,,,,,,,,
Q9IKD2,439,Q9IKD2,,Viruses,Rat coronavirus (strain 681),33740,Hemagglutinin-esterase,Rattus norvegicus,10116,1,22,ECO:0000255,,,,408,428,ECO:0000255,,,,,,,,,,,,,,,,,,,,,,,,,,,,,,
Q9Q0U6,568,Q9Q0U6,Q9WNX2,Viruses,Influenza A virus (strain A/Goose/Guangdong/1/1996 H5N1 genotype Gs/Gd),93838,Hemagglutinin,"Aves, Felis catus, Homo sapiens, Panthera pardus, Panthera tigris, Sus scrofa","8782, 9685, 9606, 9691, 9694, 9823",1,16,ECO:0000255,,,,532,552,ECO:0000255,,,,,,,,,,,,,,,,,,,,,,,,,,,,,,
Q9Q9G3,416,Q9Q9G3,,Viruses,Human torovirus,67605,Hemagglutinin-esterase,Homo sapiens,9606,1,14,ECO:0000255,,,,394,414,ECO:0000255,,,,,,,,,,,,,,,,,,,,,,,,,,,,,,
Q9QAQ9,424,Q9QAQ9,,Viruses,Bovine coronavirus (strain OK-0514),231432,Hemagglutinin-esterase,Bos taurus,9913,1,16,ECO:0000255,,,,393,413,ECO:0000255,,,,,,,,,,,,,,,,,,,,,,,,,,,,,,
Q9QAR6,424,Q9QAR6,,Viruses,Bovine coronavirus (strain LSU-94LSS-051),233261,Hemagglutinin-esterase,Bos taurus,9913,1,16,ECO:0000255,,,,393,413,ECO:0000255,,,,,,,,,,,,,,,,,,,,,,,,,,,,,,
Q9WCD8,566,Q9WCD8,B3EUQ6,Viruses,Influenza A virus (strain A/Swine/Wisconsin/1/1961 H1N1),383533,Hemagglutinin,"Aves, Homo sapiens, Sus scrofa","8782, 9606, 9823",1,17,ECO:0000255,,,,530,550,ECO:0000255,,,,,,,,,,,,,,,,,,,,,,,,,,,,,,
Q9WCD9,566,Q9WCD9,,Viruses,Influenza A virus (strain A/Swine/Iowa/15/1930 H1N1),380342,Hemagglutinin,"Aves, Homo sapiens, Sus scrofa","8782, 9606, 9823",1,17,ECO:0000255,,,,530,550,ECO:0000255,,,,,,,,,,,,,,,,,,,,,,,,,,,,,,
Q9WCE1,566,Q9WCE1,,Viruses,Influenza A virus (strain A/Turkey/Minnesota/1661/1981 H1N1),380349,Hemagglutinin,"Aves, Homo sapiens, Sus scrofa","8782, 9606, 9823",1,17,ECO:0000255,,,,530,550,ECO:0000255,,,,,,,,,,,,,,,,,,,,,,,,,,,,,,
Q9WCE3,566,Q9WCE3,O09651,Viruses,Influenza A virus (strain A/Duck/Australia/749/1980 H1N1),383547,Hemagglutinin,"Aves, Homo sapiens, Sus scrofa","8782, 9606, 9823",1,17,ECO:0000255,,,,530,550,ECO:0000255,,,,,,,,,,,,,,,,,,,,,,,,,,,,,,
Q9WCE8,566,Q9WCE8,,Viruses,Influenza A virus (strain A/Swine/Netherlands/12/1985 H1N1),380347,Hemagglutinin,"Aves, Homo sapiens, Sus scrofa","8782, 9606, 9823",1,17,ECO:0000255,,,,530,550,ECO:0000255,,,,,,,,,,,,,,,,,,,,,,,,,,,,,,
Q9WFX3,566,Q9WFX3,"O10424, O10425, O10426, Q9WFZ1",Viruses,Influenza A virus (strain A/Brevig Mission/1/1918 H1N1),88776,Hemagglutinin,"Aves, Homo sapiens, Sus scrofa","8782, 9606, 9823",1,17,ECO:0000255,,,,530,550,ECO:0000255,,,,,,,,,,,,,,,,,,,,,,,,,,,,,,
Q9WRL5,944,Q9WRL5,,Viruses,Tupaiid herpesvirus (strain 2),132678,Envelope glycoprotein B,Tupaia belangeri,37347,1,55,ECO:0000255,,,,786,806,ECO:0000255,,,,,,,,,,,,,,,,,,,,,,,,,,,,,,
A0A7H0DMZ6,142,A0A7H0DMZ6,,Viruses,Monkeypox virus,10244,Pro-Viral epidermal growth factor,"Cynomys gunnisoni, Cynomys leucurus, Cynomys ludovicianus, Cynomys mexicanus, Cynomys parvidens, Gliridae, Heliosciurus ruwenzorii, Homo sapiens, Mus musculus","45479, 99825, 45480, 99826, 99827, 30650, 226685, 9606, 10090",1,19,ECO:0000255,,,,105,125,ECO:0000255,,,,,,,,,,,,,,,,,,,,,,,,,,,,,,
A0A7H0DNG2,351,A0A7H0DNG2,,Viruses,Monkeypox virus,10244,Soluble interferon alpha/beta receptor OPG204,"Cynomys gunnisoni, Cynomys leucurus, Cynomys ludovicianus, Cynomys mexicanus, Cynomys parvidens, Gliridae, Heliosciurus ruwenzorii, Homo sapiens, Mus musculus","45479, 99825, 45480, 99826, 99827, 30650, 226685, 9606, 10090",1,23,ECO:0000255,,,,,,,,,,,,,,,,,,,,,,,,,,,,,,,,,,,,
A0MD30,249,A0MD30,,Viruses,Porcine reproductive and respiratory syndrome virus (isolate Pig/United States/SD 01-08/2001),857306,Glycoprotein 2a,Sus scrofa,9823,1,35,ECO:0000255,,,,208,228,ECO:0000255,,,,,,,,,,,,,,,,,,,,,,,,,,,,,,
A0MD33,183,A0MD33,,Viruses,Porcine reproductive and respiratory syndrome virus (isolate Pig/United States/SD 01-08/2001),857306,Glycoprotein 4,Sus scrofa,9823,1,22,ECO:0000255,,,,161,181,ECO:0000255,,,,,,,,,,,,,,,,,,,,,,,,,,,,,,
A0MD34,201,A0MD34,,Viruses,Porcine reproductive and respiratory syndrome virus (isolate Pig/United States/SD 01-08/2001),857306,Glycoprotein 5,Sus scrofa,9823,1,32,ECO:0000255,,,,64,84,ECO:0000255,109,129,ECO:0000255,,,,,,,,,,,,,,,,,,,,,,,,,,,
A2T3M3,326,A2T3M3,,Viruses,Rotavirus A (isolate RVA/Cow/South/Africa/Offal agent/1965/G8P6[1]),578837,Outer capsid glycoprotein VP7,Bos taurus,9913,1,50,ECO:0000255,,,,,,,,,,,,,,,,,,,,,,,,,,,,,,,,,,,,
A4KX75,474,A4KX75,,Viruses,Heliothis virescens ascovirus 3e,260797,Putative matrix metalloproteinase,Noctuidae,7100,1,17,ECO:0000255,,,,,,,,,,,,,,,,,,,,,,,,,,,,,,,,,,,,
A4UHQ6,524,A4UHQ6,"Q49IT8, Q49IT9, Q49IU1, Q49IU2, Q49LL3",Viruses,European bat lyssavirus 2 (strain Human/Scotland/RV1333/2002),453116,Glycoprotein,Mammalia,40674,1,19,ECO:0000255,,,,460,480,ECO:0000255,,,,,,,,,,,,,,,,,,,,,,,,,,,,,,
A7WNB3,561,A7WNB3,,Viruses,Drosophila melanogaster sigma virus (isolate Drosophila/USA/AP30/2005),666363,Glycoprotein,Drosophila melanogaster,7227,1,30,ECO:0000255,,,,496,530,ECO:0000255,,,,,,,,,,,,,,,,,,,,,,,,,,,,,,
A8D8S8,309,A8D8S8,,Viruses,Rotavirus A (strain RVA/Cow/Canada/C486/1977/G6P6[1]),10931,Outer capsid glycoprotein VP7,Bos taurus,9913,1,33,ECO:0000255,,,,,,,,,,,,,,,,,,,,,,,,,,,,,,,,,,,,
A9JM73,329,A9JM73,,Viruses,African swine fever virus (isolate Pig/Portugal/OURT88/1988),443878,Transmembrane protein I329L,"Ornithodoros, Sus scrofa","6937, 9823",1,31,ECO:0000255,,,,240,260,ECO:0000255,,,,,,,,,,,,,,,,,,,,,,,,,,,,,,
B3SRQ7,326,B3SRQ7,,Viruses,Rotavirus A (strain RVA/Human/Indonesia/69M/1980/G8P4[10]),10947,Outer capsid glycoprotein VP7,Homo sapiens,9606,1,50,ECO:0000255,,,,,,,,,,,,,,,,,,,,,,,,,,,,,,,,,,,,
B3SRX9,326,B3SRX9,Q6L5Y9,Viruses,Rotavirus A (isolate RVA/Human/United States/WI61/1983/G9P1A[8]),578830,Outer capsid glycoprotein VP7,Homo sapiens,9606,1,50,ECO:0000255,,,,,,,,,,,,,,,,,,,,,,,,,,,,,,,,,,,,
C1JJY3,518,C1JJY3,,Viruses,Halorubrum pleomorphic virus 1,634168,Envelope protein,Halorubrum sp. PV6,634157,1,31,ECO:0000269,,,,486,506,ECO:0000255,,,,,,,,,,,,,,,,,,,,,,,,,,,,,,
D8V075,662,D8V075,,Viruses,Tibrogargan virus (strain CS132),1559361,Glycoprotein,"Bos taurus, Culicoides brevitarsis","9913, 469753",1,16,ECO:0000255,,,,580,605,ECO:0000255,,,,,,,,,,,,,,,,,,,,,,,,,,,,,,
F5HAM0,176,F5HAM0,,Viruses,Human cytomegalovirus (strain Merlin),295027,Membrane glycoprotein UL144,Homo sapiens,9606,1,20,ECO:0000255,,,,134,154,ECO:0000255,,,,,,,,,,,,,,,,,,,,,,,,,,,,,,
F5HAQ7,308,F5HAQ7,,Viruses,Human cytomegalovirus (strain Merlin),295027,Protein UL135,Homo sapiens,9606,1,22,ECO:0000255,,,,,,,,,,,,,,,,,,,,,,,,,,,,,,,,,,,,
F5HB52,227,F5HB52,,Viruses,Human cytomegalovirus (strain Merlin),295027,Membrane glycoprotein US8,Homo sapiens,9606,1,21,ECO:0000255,,,,179,199,ECO:0000255,,,,,,,,,,,,,,,,,,,,,,,,,,,,,,
F5HC33,247,F5HC33,,Viruses,Human cytomegalovirus (strain Merlin),295027,Membrane glycoprotein US9,Homo sapiens,9606,1,27,ECO:0000255,,,,193,213,ECO:0000255,,,,,,,,,,,,,,,,,,,,,,,,,,,,,,
F5HC71,176,F5HC71,,Viruses,Human cytomegalovirus (strain Merlin),295027,Viral interleukin-10 homolog,Homo sapiens,9606,1,25,ECO:0000255,,,,,,,,,,,,,,,,,,,,,,,,,,,,,,,,,,,,
F5HCP3,214,F5HCP3,,Viruses,Human cytomegalovirus (strain Merlin),295027,Envelope glycoprotein UL130,Homo sapiens,9606,1,25,ECO:0000255,,,,,,,,,,,,,,,,,,,,,,,,,,,,,,,,,,,,
F5HDB7,167,F5HDB7,,Viruses,Human herpesvirus 8 type P (isolate GK18),868565,Envelope glycoprotein L,Homo sapiens,9606,1,20,ECO:0000255,,,,,,,,,,,,,,,,,,,,,,,,,,,,,,,,,,,,
F5HE05,199,F5HE05,,Viruses,Human cytomegalovirus (strain Merlin),295027,Unique short US2 glycoprotein,Homo sapiens,9606,1,,,,,,162,182,ECO:0000255,,,,,,,,,,,,,,,,,,,,,,,,,,,,,,
F5HET4,129,F5HET4,,Viruses,Human cytomegalovirus (strain Merlin),295027,Protein UL131A,Homo sapiens,9606,1,18,ECO:0000255,,,,,,,,,,,,,,,,,,,,,,,,,,,,,,,,,,,,
F5HET8,95,F5HET8,,Viruses,Human herpesvirus 8 type P (isolate GK18),868565,Protein K6,Homo sapiens,9606,1,24,ECO:0000255,,,,,,,,,,,,,,,,,,,,,,,,,,,,,,,,,,,,
F5HEU0,186,F5HEU0,,Viruses,Human cytomegalovirus (strain Merlin),295027,Membrane glycoprotein US3,Homo sapiens,9606,1,20,ECO:0000255,,,,161,181,ECO:0000255,,,,,,,,,,,,,,,,,,,,,,,,,,,,,,
F5HFJ7,185,F5HFJ7,,Viruses,Human cytomegalovirus (strain Merlin),295027,Membrane glycoprotein US10,Homo sapiens,9606,1,24,ECO:0000255,,,,150,170,ECO:0000255,,,,,,,,,,,,,,,,,,,,,,,,,,,,,,
F5HHH2,305,F5HHH2,,Viruses,Human cytomegalovirus (strain Merlin),295027,Membrane glycoprotein UL142,Homo sapiens,9606,1,19,ECO:0000255,,,,271,288,ECO:0000255,,,,,,,,,,,,,,,,,,,,,,,,,,,,,,
F5HHQ0,135,F5HHQ0,,Viruses,Human cytomegalovirus (strain Merlin),295027,Envelope glycoprotein N,Homo sapiens,9606,1,19,ECO:0000255,,,,99,119,ECO:0000255,,,,,,,,,,,,,,,,,,,,,,,,,,,,,,
K7XWG4,115,K7XWG4,,Viruses,Rat cytomegalovirus (isolate England),1261657,Viral Lymphotactin,Rattus norvegicus,10116,1,19,ECO:0000269,,,,,,,,,,,,,,,,,,,,,,,,,,,,,,,,,,,,
O10336,819,O10336,,Viruses,Orgyia pseudotsugata multicapsid polyhedrosis virus,262177,Capsid-associated protein Vp91,Orgyia pseudotsugata,33414,1,18,ECO:0000255,,,,,,,,,,,,,,,,,,,,,,,,,,,,,,,,,,,,
O10363,550,O10363,,Viruses,Orgyia pseudotsugata multicapsid polyhedrosis virus,262177,Probable endochitinase,Orgyia pseudotsugata,33414,1,16,ECO:0000255,,,,,,,,,,,,,,,,,,,,,,,,,,,,,,,,,,,,
O10364,324,O10364,,Viruses,Orgyia pseudotsugata multicapsid polyhedrosis virus,262177,Viral cathepsin,Orgyia pseudotsugata,33414,1,16,ECO:0000255,,,,,,,,,,,,,,,,,,,,,,,,,,,,,,,,,,,,
O10695,326,O10695,,Viruses,Rotavirus A (isolate RVA/Dog/United States/K9/1981/G3P5A[3]),557232,Outer capsid glycoprotein VP7,Canis lupus familiaris,9615,1,50,ECO:0000255,,,,,,,,,,,,,,,,,,,,,,,,,,,,,,,,,,,,
O11458,364,O11458,,Viruses,Zaire ebolavirus (strain Gabon-94),128947,Pre-small/secreted glycoprotein,"Epomops franqueti, Homo sapiens, Myonycteris torquata","77231, 9606, 77243",1,32,ECO:0000255,,,,,,,,,,,,,,,,,,,,,,,,,,,,,,,,,,,,
O36372,733,O36372,,Viruses,Alcelaphine herpesvirus 1 (strain C500),654901,Envelope glycoprotein H,Connochaetes taurinus,9927,1,14,ECO:0000255,,,,708,728,ECO:0000255,,,,,,,,,,,,,,,,,,,,,,,,,,,,,,
O36403,103,O36403,,Viruses,Alcelaphine herpesvirus 1 (strain C500),654901,Envelope glycoprotein N,Connochaetes taurinus,9927,1,25,ECO:0000255,,,,69,89,ECO:0000255,,,,,,,,,,,,,,,,,,,,,,,,,,,,,,
O39731,326,O39731,,Viruses,Rotavirus A (strain RVA/Human/Japan/MO/1982/G3P1A[8]),10956,Outer capsid glycoprotein VP7,Homo sapiens,9606,1,50,ECO:0000255,,,,,,,,,,,,,,,,,,,,,,,,,,,,,,,,,,,,
O39733,326,O39733,,Viruses,Rotavirus A (strain RVA/Human/Japan/YO/1977/G3P1A[8]),578832,Outer capsid glycoprotein VP7,Homo sapiens,9606,1,50,ECO:0000255,,,,,,,,,,,,,,,,,,,,,,,,,,,,,,,,,,,,
O42044,326,O42044,,Viruses,Rotavirus A (strain RVA/Human/Japan/AU-1/1982/G3P3[9]),39013,Outer capsid glycoprotein VP7,Homo sapiens,9606,1,50,ECO:0000255,,,,,,,,,,,,,,,,,,,,,,,,,,,,,,,,,,,,
O56677,512,O56677,,Viruses,Cocal virus,50713,Glycoprotein,"Bos taurus, Equus caballus, Insecta","9913, 9796, 50557",1,17,ECO:0000255,,,,469,489,ECO:0000255,,,,,,,,,,,,,,,,,,,,,,,,,,,,,,
O57166,140,O57166,,Viruses,Vaccinia virus (strain Ankara),126794,Pro-vaccinia growth factor,Homo sapiens,9606,1,18,ECO:0000255,,,,101,121,ECO:0000255,,,,,,,,,,,,,,,,,,,,,,,,,,,,,,
O57222,94,O57222,,Viruses,Vaccinia virus (strain Ankara),126794,Virion membrane protein OPG135,Homo sapiens,9606,1,22,ECO:0000255,,,,46,66,ECO:0000255,,,,,,,,,,,,,,,,,,,,,,,,,,,,,,
O57254,317,O57254,,Viruses,Vaccinia virus (strain Ankara),126794,Protein OPG190,Homo sapiens,9606,1,17,ECO:0000255,,,,280,300,ECO:0000255,,,,,,,,,,,,,,,,,,,,,,,,,,,,,,
O57261,326,O57261,,Viruses,Vaccinia virus (strain Ankara),126794,Interleukin-1-binding protein,Homo sapiens,9606,1,18,ECO:0000255,,,,,,,,,,,,,,,,,,,,,,,,,,,,,,,,,,,,
O72737,314,O72737,,Viruses,Cowpox virus (strain GRI-90 / Grishak),265871,Protein OPG185,"Bos taurus, Felis catus, Homo sapiens, Loxodonta africana, Microtus agrestis, Mus musculus, Myodes glareolus","9913, 9685, 9606, 9785, 29092, 10090, 447135",1,16,ECO:0000255,,,,279,302,ECO:0000255,,,,,,,,,,,,,,,,,,,,,,,,,,,,,,
O73559,351,O73559,P87602,Viruses,Cowpox virus (strain GRI-90 / Grishak),265871,Soluble TNF receptor II,"Bos taurus, Felis catus, Homo sapiens, Loxodonta africana, Microtus agrestis, Mus musculus, Myodes glareolus","9913, 9685, 9606, 9785, 29092, 10090, 447135",1,19,ECO:0000255,,,,,,,,,,,,,,,,,,,,,,,,,,,,,,,,,,,,
O91466,333,O91466,,Viruses,Cydia pomonella granulosis virus (isolate Mexico/1963),654905,Viral cathepsin,Cydia pomonella,82600,1,20,ECO:0000255,,,,,,,,,,,,,,,,,,,,,,,,,,,,,,,,,,,,
O92277,258,O92277,"B7TQ11, E9RHB4",Viruses,Guinea pig cytomegalovirus (strain 22122),103920,Envelope glycoprotein L,Cavia porcellus,10141,1,31,ECO:0000255,,,,,,,,,,,,,,,,,,,,,,,,,,,,,,,,,,,,
O92284,524,O92284,,Viruses,Rabies virus (strain CVS-11),11294,Glycoprotein,"Homo sapiens, Mammalia","9606, 40674",1,19,ECO:0000255,,,,460,480,ECO:0000255,,,,,,,,,,,,,,,,,,,,,,,,,,,,,,
P01546,316,P01546,,Viruses,Saccharomyces cerevisiae killer virus M1,12450,M1-1 protoxin,Saccharomyces cerevisiae,4932,1,26,,,,,72,92,ECO:0000255,112,132,ECO:0000255,,,,,,,,,,,,,,,,,,,,,,,,,,,
P03154,305,P03154,,Viruses,Duck hepatitis B virus (strain United States/DHBV-16),489543,External core antigen,Anas,8835,1,19,ECO:0000255,,,,,,,,,,,,,,,,,,,,,,,,,,,,,,,,,,,,
P03173,479,P03173,,Viruses,Human herpesvirus 2 (strain G),10314,Envelope glycoprotein C,Homo sapiens,9606,1,27,ECO:0000255,,,,447,467,ECO:0000255,,,,,,,,,,,,,,,,,,,,,,,,,,,,,,
P03178,338,P03178,,Viruses,Human herpesvirus 1 (strain KOS),10306,Envelope glycoprotein K,Homo sapiens,9606,1,30,,,,,122,140,ECO:0000255,213,233,ECO:0000255,244,264,ECO:0000255,302,322,ECO:0000255,,,,,,,,,,,,,,,,,,,,,
P03196,102,P03196,Q777F2,Viruses,Epstein-Barr virus (strain B95-8),10377,Envelope glycoprotein N,Homo sapiens,9606,1,32,ECO:0000255,,,,70,90,ECO:0000255,,,,,,,,,,,,,,,,,,,,,,,,,,,,,,
P03389,408,P03389,,Viruses,Rauscher spleen focus-forming virus,11821,Glycoprotein 55,Mus musculus,10090,1,32,ECO:0000255,,,,386,406,ECO:0000255,,,,,,,,,,,,,,,,,,,,,,,,,,,,,,
P03394,409,P03394,,Viruses,Friend spleen focus-forming virus (strain Lilly-Steeves),355328,Glycoprotein 55,Mus musculus,10090,1,32,ECO:0000255,,,,385,405,ECO:0000255,,,,,,,,,,,,,,,,,,,,,,,,,,,,,,
P03532,326,P03532,,Viruses,Rotavirus A (strain RVA/Human/United States/Wa/1974/G1P1A[8]),10962,Outer capsid glycoprotein VP7,Homo sapiens,9606,1,50,ECO:0000255,,,,,,,,,,,,,,,,,,,,,,,,,,,,,,,,,,,,
P03534,326,P03534,,Viruses,Rotavirus A (strain RVA/Cow/United Kingdom/UK/1975/G6P7[5]),10934,Outer capsid glycoprotein VP7,Bos taurus,9913,1,50,ECO:0000255,,,,,,,,,,,,,,,,,,,,,,,,,,,,,,,,,,,,
P03619,74,P03619,,Viruses,Escherichia phage If1,10868,Capsid protein G8P,Escherichia coli,562,1,23,ECO:0000269,,,,45,63,ECO:0000250,,,,,,,,,,,,,,,,,,,,,,,,,,,,,,
P03620,82,P03620,,Viruses,Salmonella phage IKe,10867,Capsid protein G8P,Escherichia coli,562,1,29,ECO:0000269,,,,53,71,ECO:0000250,,,,,,,,,,,,,,,,,,,,,,,,,,,,,,
P03624,483,P03624,,Viruses,Pseudomonas phage Pf3,10872,Attachment protein G3P,Pseudomonas aeruginosa,287,1,20,ECO:0000255,,,,460,480,ECO:0000255,,,,,,,,,,,,,,,,,,,,,,,,,,,,,,
P03665,426,P03665,,Viruses,Enterobacteria phage M13,1977402,Virion export protein,Escherichia coli,562,1,21,ECO:0000255,,,,317,337,ECO:0000255,,,,,,,,,,,,,,,,,,,,,,,,,,,,,,
P03667,437,P03667,,Viruses,Salmonella phage IKe,10867,Virion export protein,Escherichia coli,562,1,30,ECO:0000255,,,,328,348,ECO:0000255,,,,,,,,,,,,,,,,,,,,,,,,,,,,,,
P04136,78,P04136,Q779N2,Viruses,Porcine transmissible gastroenteritis coronavirus (strain Purdue),11151,Non-structural protein 7,Sus scrofa,9823,1,23,ECO:0000255,,,,58,78,ECO:0000303,,,,,,,,,,,,,,,,,,,,,,,,,,,,,,
P04328,326,P04328,,Viruses,Rotavirus A (isolate RVA/Human/Australia/Hu5/1977/G2P[X]),10948,Outer capsid glycoprotein VP7,Homo sapiens,9606,1,50,ECO:0000255,,,,,,,,,,,,,,,,,,,,,,,,,,,,,,,,,,,,
P04510,326,P04510,,Viruses,Rotavirus A (strain RVA/Human/Japan/S2/1980/G2P1B[4]),10959,Outer capsid glycoprotein VP7,Homo sapiens,9606,1,50,ECO:0000255,,,,,,,,,,,,,,,,,,,,,,,,,,,,,,,,,,,,
P04511,326,P04511,,Viruses,Rotavirus A (strain RVA/Cow/United States/NCDV-Lincoln/1969/G6P6[1]),36439,Outer capsid glycoprotein VP7,Bos taurus,9913,1,50,ECO:0000255,,,,,,,,,,,,,,,,,,,,,,,,,,,,,,,,,,,,
P04883,511,P04883,,Viruses,Vesicular stomatitis Indiana virus (strain Glasgow),11278,Glycoprotein,"Aedes, Bos taurus, Culicoides, Equus asinus, Equus caballus, Homo sapiens, Lutzomyia, Musca domestica, Simuliidae, Sus scrofa","7158, 9913, 58271, 9793, 9796, 9606, 252607, 7370, 7190, 9823",1,16,ECO:0000255,,,,468,488,ECO:0000255,,,,,,,,,,,,,,,,,,,,,,,,,,,,,,
P05992,78,P05992,,Viruses,Porcine transmissible gastroenteritis coronavirus (strain FS772/70),11150,Non-structural protein 7,Sus scrofa,9823,1,23,ECO:0000255,,,,58,78,ECO:0000250,,,,,,,,,,,,,,,,,,,,,,,,,,,,,,
P06156,553,P06156,,Viruses,Newcastle disease virus (strain Beaudette C/45),11178,Fusion glycoprotein F0,Gallus gallus,9031,1,31,ECO:0000255,,,,501,521,ECO:0000250,,,,,,,,,,,,,,,,,,,,,,,,,,,,,,
P06475,480,P06475,,Viruses,Human herpesvirus 2 (strain 333),10313,Envelope glycoprotein C,Homo sapiens,9606,1,27,ECO:0000255,,,,448,468,ECO:0000255,,,,,,,,,,,,,,,,,,,,,,,,,,,,,,
P06476,393,P06476,,Viruses,Human herpesvirus 1 (strain HZT),10305,Envelope glycoprotein D,Homo sapiens,9606,1,25,ECO:0000255,,,,339,363,ECO:0000255,,,,,,,,,,,,,,,,,,,,,,,,,,,,,,
P06480,92,P06480,Q771F7,Viruses,Human herpesvirus 1 (strain 17),10299,Envelope glycoprotein J,Homo sapiens,9606,1,21,ECO:0000255,,,,50,70,ECO:0000255,,,,,,,,,,,,,,,,,,,,,,,,,,,,,,
P06484,238,P06484,Q770H5,Viruses,Human herpesvirus 1 (strain 17),10299,Envelope glycoprotein G,Homo sapiens,9606,1,24,ECO:0000255,,,,190,210,ECO:0000255,,,,,,,,,,,,,,,,,,,,,,,,,,,,,,
P06498,132,P06498,,Viruses,Human adenovirus C serotype 5,28285,Early E3B 14.6 kDa protein,Homo sapiens,9606,1,18,ECO:0000269,,,,51,75,ECO:0000255,,,,,,,,,,,,,,,,,,,,,,,,,,,,,,
P06828,539,P06828,Q86987,Viruses,Human parainfluenza 3 virus (strain Wash/47885/57),11217,Fusion glycoprotein F0,Homo sapiens,9606,1,18,ECO:0000255,,,,494,514,ECO:0000250,,,,,,,,,,,,,,,,,,,,,,,,,,,,,,
P07562,498,P07562,,Viruses,Suid herpesvirus 1 (strain Rice),10350,Envelope glycoprotein G,Sus scrofa,9823,1,20,ECO:0000255,,,,463,483,ECO:0000255,,,,,,,,,,,,,,,,,,,,,,,,,,,,,,
P07646,350,P07646,,Viruses,Suid herpesvirus 1 (strain Rice),10350,Envelope glycoprotein I,Sus scrofa,9823,1,31,ECO:0000255,,,,286,308,ECO:0000255,,,,,,,,,,,,,,,,,,,,,,,,,,,,,,
P07923,508,P07923,,Viruses,Infectious hematopoietic necrosis virus (strain Round Butte),11291,Glycoprotein,Salmo,8028,1,20,,,,,462,482,ECO:0000255,,,,,,,,,,,,,,,,,,,,,,,,,,,,,,
P08072,85,P08072,,Viruses,Myxoma virus (strain Lausanne),31530,Growth factor,Oryctolagus cuniculus,9986,1,19,ECO:0000255,,,,,,,,,,,,,,,,,,,,,,,,,,,,,,,,,,,,
P08354,577,P08354,,Viruses,Suid herpesvirus 1 (strain Rice),10350,Envelope glycoprotein E,Sus scrofa,9823,1,20,ECO:0000255,,,,429,449,ECO:0000255,,,,,,,,,,,,,,,,,,,,,,,,,,,,,,
P08356,838,P08356,,Viruses,Human herpesvirus 1 (strain HFEM),10303,Envelope glycoprotein H,Homo sapiens,9606,1,18,ECO:0000255,,,,804,824,ECO:0000255,,,,,,,,,,,,,,,,,,,,,,,,,,,,,,
P08406,326,P08406,Q86213,Viruses,Rotavirus A (strain RVA/Pig/United States/OSU/1977/G5P9[7]),10915,Outer capsid glycoprotein VP7,Sus scrofa,9823,1,50,ECO:0000255,,,,,,,,,,,,,,,,,,,,,,,,,,,,,,,,,,,,
P08714,315,P08714,,Viruses,Vaccinia virus (strain IHD-J),10251,Protein OPG185,Homo sapiens,9606,1,16,,,,,280,303,ECO:0000255,,,,,,,,,,,,,,,,,,,,,,,,,,,,,,
P09260,841,P09260,,Viruses,Varicella-zoster virus (strain Dumas),10338,Envelope glycoprotein H,Homo sapiens,9606,1,17,ECO:0000255,,,,803,823,ECO:0000255,,,,,,,,,,,,,,,,,,,,,,,,,,,,,,
P09261,340,P09261,,Viruses,Varicella-zoster virus (strain Dumas),10338,Envelope glycoprotein K,Homo sapiens,9606,1,21,ECO:0000255,,,,115,135,ECO:0000255,212,232,ECO:0000255,249,269,ECO:0000255,299,319,ECO:0000255,,,,,,,,,,,,,,,,,,,,,
P09308,159,P09308,,Viruses,Varicella-zoster virus (strain Dumas),10338,Envelope glycoprotein L,Homo sapiens,9606,1,21,ECO:0000255,,,,,,,,,,,,,,,,,,,,,,,,,,,,,,,,,,,,
P09365,326,P09365,,Viruses,Rotavirus A (strain RVA/Pig/United States/Gottfried/1983/G4P2B[6]),10917,Outer capsid glycoprotein VP7,Sus scrofa,9823,1,50,ECO:0000255,,,,,,,,,,,,,,,,,,,,,,,,,,,,,,,,,,,,
P09728,185,P09728,Q7M6J0,Viruses,Human cytomegalovirus (strain AD169),10360,Unique short US10 glycoprotein,Homo sapiens,9606,1,24,ECO:0000255,,,,150,170,ECO:0000255,,,,,,,,,,,,,,,,,,,,,,,,,,,,,,
P09730,227,P09730,Q7M6G3,Viruses,Human cytomegalovirus (strain AD169),10360,Unique short US8 glycoprotein,Homo sapiens,9606,1,21,ECO:0000255,,,,179,199,ECO:0000255,,,,,,,,,,,,,,,,,,,,,,,,,,,,,,
P09731,225,P09731,Q7M6G4,Viruses,Human cytomegalovirus (strain AD169),10360,Unique short US7 glycoprotein,Homo sapiens,9606,1,17,ECO:0000255,,,,171,191,ECO:0000255,,,,,,,,,,,,,,,,,,,,,,,,,,,,,,
P09990,540,P09990,,Viruses,Bovine parainfluenza 3 virus,3052729,Fusion glycoprotein F0,Bos taurus,9913,1,18,ECO:0000255,,,,496,516,ECO:0000250,,,,,,,,,,,,,,,,,,,,,,,,,,,,,,
P0C572,522,P0C572,,Viruses,Mokola virus,12538,Glycoprotein,"Canis lupus familiaris, Chodsigoa caovansunga, Felis catus, Rodentia","9615, 269271, 9685, 9989",1,19,ECO:0000255,,,,456,476,ECO:0000255,,,,,,,,,,,,,,,,,,,,,,,,,,,,,,
P0C6J9,305,P0C6J9,,Viruses,Duck hepatitis B virus (strain Germany/DHBV-3),489542,External core antigen,Anas,8835,1,19,ECO:0000255,,,,,,,,,,,,,,,,,,,,,,,,,,,,,,,,,,,,
P0C6N0,221,P0C6N0,Q777A5,Viruses,Epstein-Barr virus (strain AG876),82830,Secreted protein BARF1,Homo sapiens,9606,1,20,ECO:0000255,,,,,,,,,,,,,,,,,,,,,,,,,,,,,,,,,,,,
P0C6Z3,102,P0C6Z3,Q777F2,Viruses,Epstein-Barr virus (strain AG876),82830,Envelope glycoprotein N,Homo sapiens,9606,1,32,ECO:0000255,,,,70,90,ECO:0000255,,,,,,,,,,,,,,,,,,,,,,,,,,,,,,
P0C6Z4,102,P0C6Z4,Q777F2,Viruses,Human herpesvirus 4 (strain GD1),3470597,Envelope glycoprotein N,Homo sapiens,9606,1,32,ECO:0000255,,,,70,90,ECO:0000255,,,,,,,,,,,,,,,,,,,,,,,,,,,,,,
P0C6Z6,170,P0C6Z6,Q777H2,Viruses,Epstein-Barr virus (strain AG876),82830,Viral interleukin-10 homolog,Homo sapiens,9606,1,23,ECO:0000255,,,,,,,,,,,,,,,,,,,,,,,,,,,,,,,,,,,,
P0C764,87,P0C764,,Viruses,Varicella-zoster virus (strain Oka vaccine),341980,Envelope glycoprotein N,Homo sapiens,9606,1,24,ECO:0000255,,,,49,69,ECO:0000255,,,,,,,,,,,,,,,,,,,,,,,,,,,,,,
P0CAE4,329,P0CAE4,,Viruses,African swine fever virus (isolate Tick/Malawi/Lil 20-1/1983),10500,Transmembrane protein I329L,"Ornithodoros, Phacochoerus aethiopicus, Phacochoerus africanus, Potamochoerus larvatus, Sus scrofa","6937, 85517, 41426, 273792, 9823",1,31,ECO:0000255,,,,240,260,ECO:0000255,,,,,,,,,,,,,,,,,,,,,,,,,,,,,,
P0CAE5,329,P0CAE5,,Viruses,African swine fever virus (isolate Tick/South Africa/Pretoriuskop Pr4/1996),561443,Transmembrane protein I329L,"Ornithodoros, Phacochoerus aethiopicus, Phacochoerus africanus, Potamochoerus larvatus, Sus scrofa","6937, 85517, 41426, 273792, 9823",1,16,ECO:0000255,,,,240,260,ECO:0000255,,,,,,,,,,,,,,,,,,,,,,,,,,,,,,
P0CAE6,333,P0CAE6,,Viruses,African swine fever virus (isolate Warthog/Namibia/Wart80/1980),561444,Transmembrane protein I329L,"Ornithodoros, Phacochoerus aethiopicus, Phacochoerus africanus, Potamochoerus larvatus, Sus scrofa","6937, 85517, 41426, 273792, 9823",1,31,ECO:0000255,,,,240,260,ECO:0000255,,,,,,,,,,,,,,,,,,,,,,,,,,,,,,
P0CAP9,170,P0CAP9,"P0C6Z7, Q777H2",Viruses,Human herpesvirus 4 (strain GD1),3470597,Viral interleukin-10 homolog,Homo sapiens,9606,1,23,ECO:0000255,,,,,,,,,,,,,,,,,,,,,,,,,,,,,,,,,,,,
P0CK29,417,P0CK29,P24906,Viruses,Bovine herpesvirus 1.1 (strain P8-2),10324,Envelope glycoprotein D,Bos taurus,9913,1,18,ECO:0000269,,,,361,389,ECO:0000255,,,,,,,,,,,,,,,,,,,,,,,,,,,,,,
P0CK30,417,P0CK30,P24906,Viruses,Bovine herpesvirus 1.1 (strain Cooper),10323,Envelope glycoprotein D,Bos taurus,9913,1,18,ECO:0000250,,,,361,389,ECO:0000255,,,,,,,,,,,,,,,,,,,,,,,,,,,,,,
P0CW72,221,P0CW72,Q777A5,Viruses,Human herpesvirus 4 (strain GD1),3470597,Secreted protein BARF1,Homo sapiens,9606,1,20,ECO:0000255,,,,,,,,,,,,,,,,,,,,,,,,,,,,,,,,,,,,
P0DOE1,182,P0DOE1,,Viruses,Human herpesvirus 6B (strain Z29),36351,Glycoprotein Q2,Homo sapiens,9606,1,20,ECO:0000255,,,,,,,,,,,,,,,,,,,,,,,,,,,,,,,,,,,,
P0DOK7,62,P0DOK7,,Viruses,Enterobacteria phage P21,10711,"Spanin, outer lipoprotein subunit",Escherichia coli,562,1,19,ECO:0000250,,,,,,,,,,,,,,,,,,,,,,,,,,,,,,,,,,,,
P0DOP9,140,P0DOP9,"P33804, Q76Q77, Q76UB3, Q89066, Q89756",Viruses,Variola virus (isolate Human/India/Ind3/1967),587200,Pro-variola growth factor,Homo sapiens,9606,1,18,ECO:0000255,,,,101,121,ECO:0000255,,,,,,,,,,,,,,,,,,,,,,,,,,,,,,
P0DOQ0,140,P0DOQ0,"P33804, Q76Q77, Q76UB3, Q89066, Q89756",Viruses,Variola virus,10255,Pro-variola growth factor,Homo sapiens,9606,1,18,ECO:0000255,,,,101,121,ECO:0000255,,,,,,,,,,,,,,,,,,,,,,,,,,,,,,
P0DST1,354,P0DST1,P33795,Viruses,Variola virus (isolate Human/India/Ind3/1967),587200,Soluble interferon alpha/beta receptor OPG204,Homo sapiens,9606,1,22,ECO:0000255,,,,,,,,,,,,,,,,,,,,,,,,,,,,,,,,,,,,
P0DST2,354,P0DST2,P33795,Viruses,Variola virus,10255,Soluble interferon alpha/beta receptor OPG204,Homo sapiens,9606,1,22,ECO:0000255,,,,,,,,,,,,,,,,,,,,,,,,,,,,,,,,,,,,
P0DTL7,113,P0DTL7,,Viruses,Escherichia phage Mu,2681603,"Spanin, outer lipoprotein subunit",Enterobacteriaceae,543,1,28,ECO:0000255,,,,,,,,,,,,,,,,,,,,,,,,,,,,,,,,,,,,
P0DTN0,349,P0DTN0,,Viruses,Monkeypox virus,10244,Soluble TNF receptor II,"Cynomys gunnisoni, Cynomys leucurus, Cynomys ludovicianus, Cynomys mexicanus, Cynomys parvidens, Gliridae, Heliosciurus ruwenzorii, Homo sapiens, Mus musculus","45479, 99825, 45480, 99826, 99827, 30650, 226685, 9606, 10090",1,19,ECO:0000255,,,,,,,,,,,,,,,,,,,,,,,,,,,,,,,,,,,,
P0DTN2,317,P0DTN2,,Viruses,Monkeypox virus,10244,Protein OPG190,"Cynomys gunnisoni, Cynomys leucurus, Cynomys ludovicianus, Cynomys mexicanus, Cynomys parvidens, Gliridae, Heliosciurus ruwenzorii, Homo sapiens, Mus musculus","45479, 99825, 45480, 99826, 99827, 30650, 226685, 9606, 10090",1,19,ECO:0000255,,,,280,300,ECO:0000255,,,,,,,,,,,,,,,,,,,,,,,,,,,,,,
P10501,326,P10501,B3SRX1,Viruses,Rotavirus A (strain RVA/Human/United Kingdom/ST3/1975/G4P2A[6]),10960,Outer capsid glycoprotein VP7,Homo sapiens,9606,1,50,ECO:0000255,,,,,,,,,,,,,,,,,,,,,,,,,,,,,,,,,,,,
P10681,505,P10681,,Viruses,Gallid herpesvirus 2 (strain GA),10388,Envelope glycoprotein C homolog,Gallus gallus,9031,1,27,ECO:0000255,,,,465,491,ECO:0000255,,,,,,,,,,,,,,,,,,,,,,,,,,,,,,
P10864,546,P10864,,Viruses,Rinderpest virus (strain L),11243,Fusion glycoprotein F0,"Bos indicus, Bos taurus, Bubalus bubalis, Capra hircus, Gazella, Giraffa camelopardalis, Hippopotamus, Ovis aries, Suidae","9915, 9913, 89462, 9925, 9933, 9894, 9832, 9940, 9821",1,19,ECO:0000255,,,,492,512,ECO:0000250,,,,,,,,,,,,,,,,,,,,,,,,,,,,,,
P10865,553,P10865,,Viruses,Newcastle disease virus (strain Miyadera/51),11185,Fusion glycoprotein F0,Gallus gallus,9031,1,31,ECO:0000255,,,,501,521,ECO:0000250,,,,,,,,,,,,,,,,,,,,,,,,,,,,,,
P11323,172,P11323,,Viruses,Human adenovirus B serotype 3,45659,Early E3 18.5 kDa glycoprotein,Homo sapiens,9606,1,19,ECO:0000255,,,,137,157,ECO:0000255,,,,,,,,,,,,,,,,,,,,,,,,,,,,,,
P11365,827,P11365,Q61577,Viruses,Mouse intracisternal a-particle MIA14,11753,Intracisternal A-particle Gag-related polyprotein,Mus musculus,10090,1,25,ECO:0000255,,,,,,,,,,,,,,,,,,,,,,,,,,,,,,,,,,,,
P11850,326,P11850,Q761X8,Viruses,Rotavirus A (strain RVA/Human/United States/DS-1/1976/G2P1B[4]),10950,Outer capsid glycoprotein VP7,Homo sapiens,9606,1,50,ECO:0000255,,,,,,,,,,,,,,,,,,,,,,,,,,,,,,,,,,,,
P11851,326,P11851,,Viruses,Rotavirus A (strain RVA/Human/Venezuela/HN126/1983/G2P[X]),10951,Outer capsid glycoprotein VP7,Homo sapiens,9606,1,50,ECO:0000255,,,,,,,,,,,,,,,,,,,,,,,,,,,,,,,,,,,,
P11852,326,P11852,,Viruses,Rotavirus A (strain RVA/Human/Venezuela/M37/1982/G1P2A[6]),10954,Outer capsid glycoprotein VP7,Homo sapiens,9606,1,50,ECO:0000255,,,,,,,,,,,,,,,,,,,,,,,,,,,,,,,,,,,,
P11853,326,P11853,"B3SRS3, Q761X9",Viruses,Rotavirus A (strain RVA/Human/United States/D/1974/G1P1A[8]),578831,Outer capsid glycoprotein VP7,Homo sapiens,9606,1,50,ECO:0000255,,,,,,,,,,,,,,,,,,,,,,,,,,,,,,,,,,,,
P11854,326,P11854,Q761X7,Viruses,Rotavirus A (strain RVA/Human/United States/P/1974/G3P1A[8]),10957,Outer capsid glycoprotein VP7,Homo sapiens,9606,1,50,ECO:0000255,,,,,,,,,,,,,,,,,,,,,,,,,,,,,,,,,,,,
P11856,326,P11856,,Viruses,Rotavirus A (isolate RVA/Human/Italy/VA70/1975/G4P1A[8]),10961,Outer capsid glycoprotein VP7,Homo sapiens,9606,1,50,ECO:0000255,,,,,,,,,,,,,,,,,,,,,,,,,,,,,,,,,,,,
P12570,553,P12570,,Viruses,Newcastle disease virus (strain Chicken/Northern Ireland/Ulster/67),11190,Fusion glycoprotein F0,Gallus gallus,9031,1,31,ECO:0000255,,,,501,521,ECO:0000250,,,,,,,,,,,,,,,,,,,,,,,,,,,,,,
P12571,553,P12571,,Viruses,Newcastle disease virus (strain Chicken/United States(TX)/GB/48),11189,Fusion glycoprotein F0,Gallus gallus,9031,1,31,ECO:0000255,,,,501,521,ECO:0000250,,,,,,,,,,,,,,,,,,,,,,,,,,,,,,
P12574,546,P12574,,Viruses,Rinderpest virus (strain Kabete O),11242,Fusion glycoprotein F0,"Bos indicus, Bos taurus, Bubalus bubalis, Capra hircus, Gazella, Giraffa camelopardalis, Hippopotamus, Ovis aries, Suidae","9915, 9913, 89462, 9925, 9933, 9894, 9832, 9940, 9821",1,19,ECO:0000255,,,,492,512,ECO:0000250,,,,,,,,,,,,,,,,,,,,,,,,,,,,,,
P12605,555,P12605,,Viruses,Human parainfluenza 1 virus (strain C39),11210,Fusion glycoprotein F0,Homo sapiens,9606,1,21,ECO:0000255,,,,497,517,ECO:0000250,,,,,,,,,,,,,,,,,,,,,,,,,,,,,,
P12641,917,P12641,,Viruses,Bovine herpesvirus 2 (strain BMV),10296,Envelope glycoprotein B,Bos taurus,9913,1,22,ECO:0000255,,,,793,813,ECO:0000255,,,,,,,,,,,,,,,,,,,,,,,,,,,,,,
P13160,821,P13160,Q86643,Viruses,Feline herpesvirus 1,10334,Envelope glycoprotein H,Felidae,9681,1,20,ECO:0000255,,,,784,804,ECO:0000255,,,,,,,,,,,,,,,,,,,,,,,,,,,,,,
P13290,699,P13290,,Viruses,Human herpesvirus 2 (strain HG52),10315,Envelope glycoprotein G,Homo sapiens,9606,1,22,ECO:0000255,,,,651,671,ECO:0000255,,,,,,,,,,,,,,,,,,,,,,,,,,,,,,
P13293,92,P13293,,Viruses,Human herpesvirus 2 (strain HG52),10315,Envelope glycoprotein J,Homo sapiens,9606,1,22,ECO:0000255,,,,50,70,ECO:0000255,,,,,,,,,,,,,,,,,,,,,,,,,,,,,,
P13625,509,P13625,,Viruses,Orgyia pseudotsugata multicapsid polyhedrosis virus,262177,Major envelope glycoprotein,Orgyia pseudotsugata,33414,1,17,,,,,480,502,ECO:0000255,,,,,,,,,,,,,,,,,,,,,,,,,,,,,,
P13845,305,P13845,,Viruses,Heron hepatitis B virus,28300,External core antigen,Ardeidae,8899,1,19,ECO:0000255,,,,,,,,,,,,,,,,,,,,,,,,,,,,,,,,,,,,
P15199,524,P15199,Q4F900,Viruses,Rabies virus (strain PM1503/AVO1),11293,Glycoprotein,"Homo sapiens, Mammalia","9606, 40674",1,19,,,,,460,480,ECO:0000255,,,,,,,,,,,,,,,,,,,,,,,,,,,,,,
P15415,434,P15415,,Viruses,Enterobacteria phage I2-2,10869,Attachment protein G3P,Escherichia coli,562,1,19,ECO:0000255,,,,408,429,ECO:0000255,,,,,,,,,,,,,,,,,,,,,,,,,,,,,,
P15416,84,P15416,,Viruses,Enterobacteria phage I2-2,10869,Capsid protein G8P,Escherichia coli,562,1,29,,,,,55,73,ECO:0000250,,,,,,,,,,,,,,,,,,,,,,,,,,,,,,
P16492,717,P16492,,Viruses,Saimiriine herpesvirus 2 (strain 11),10383,Envelope glycoprotein H,Saimiri sciureus,9521,1,18,ECO:0000255,,,,694,714,ECO:0000255,,,,,,,,,,,,,,,,,,,,,,,,,,,,,,
P16561,315,P16561,"Q89120, Q9JF47",Viruses,Vaccinia virus (strain Tian Tan),10253,Protein OPG185,Homo sapiens,9606,1,16,ECO:0000255,,,,280,303,ECO:0000255,,,,,,,,,,,,,,,,,,,,,,,,,,,,,,
P16721,275,P16721,Q7M6T3,Viruses,Human cytomegalovirus (strain AD169),10360,Protein UL11,Homo sapiens,9606,1,31,ECO:0000255,,,,228,248,ECO:0000255,,,,,,,,,,,,,,,,,,,,,,,,,,,,,,
P16739,345,P16739,"P16834, Q8QP99",Viruses,Human cytomegalovirus (strain AD169),10360,Viral Fc-gamma receptor-like protein UL119,Homo sapiens,9606,1,23,ECO:0000255,,,,295,317,ECO:0000255,,,,,,,,,,,,,,,,,,,,,,,,,,,,,,
P16750,466,P16750,Q7M6L8,Viruses,Human cytomegalovirus (strain AD169),10360,Glycoprotein O,Homo sapiens,9606,1,30,ECO:0000255,,,,,,,,,,,,,,,,,,,,,,,,,,,,,,,,,,,,
P16757,230,P16757,Q7M6R7,Viruses,Human cytomegalovirus (strain AD169),10360,Protein UL16,Homo sapiens,9606,1,26,ECO:0000255,,,,185,205,ECO:0000255,,,,,,,,,,,,,,,,,,,,,,,,,,,,,,
P16832,278,P16832,Q7M6S9,Viruses,Human cytomegalovirus (strain AD169),10360,Envelope glycoprotein L,Homo sapiens,9606,1,30,ECO:0000255,,,,,,,,,,,,,,,,,,,,,,,,,,,,,,,,,,,,
P17071,326,P17071,,Viruses,Rotavirus A (strain RVA/Human/Indonesia/B37/XXXX/G8P[X]),10949,Outer capsid glycoprotein VP7,Homo sapiens,9606,1,50,ECO:0000255,,,,,,,,,,,,,,,,,,,,,,,,,,,,,,,,,,,,
P17176,742,P17176,,Viruses,Human cytomegalovirus (strain Towne),10363,Envelope glycoprotein H,Homo sapiens,9606,1,29,ECO:0000255,,,,720,740,ECO:0000255,,,,,,,,,,,,,,,,,,,,,,,,,,,,,,
P17190,305,P17190,,Viruses,Duck hepatitis B virus (isolate brown Shanghai duck S5),10439,External core antigen,Anas,8835,1,19,ECO:0000255,,,,,,,,,,,,,,,,,,,,,,,,,,,,,,,,,,,,
P17191,305,P17191,,Viruses,Duck hepatitis B virus (isolate white Shanghai duck S31),10440,External core antigen,Anas,8835,1,19,ECO:0000255,,,,,,,,,,,,,,,,,,,,,,,,,,,,,,,,,,,,
P17466,326,P17466,,Viruses,Rotavirus A (strain RVA/Pig/Mexico/YM/1983/G11P9[7]),10919,Outer capsid glycoprotein VP7,Sus scrofa,9823,1,50,ECO:0000255,,,,,,,,,,,,,,,,,,,,,,,,,,,,,,,,,,,,
P17700,326,P17700,Q65702,Viruses,Rotavirus A (isolate RVA/Cow/United States/B223/1983/G10P8[11]),1835656,Outer capsid glycoprotein VP7,Bos taurus,9913,1,50,ECO:0000255,,,,,,,,,,,,,,,,,,,,,,,,,,,,,,,,,,,,
P17968,326,P17968,,Viruses,Rotavirus A (isolate RVA/Cow/Thailand/61A/1988/G10P7[5]),10929,Outer capsid glycoprotein VP7,Bos taurus,9913,1,50,ECO:0000255,,,,,,,,,,,,,,,,,,,,,,,,,,,,,,,,,,,,
P18384,369,P18384,Q76ZX8,Viruses,Vaccinia virus (strain Western Reserve),10254,Superinfection exclusion protein,Bos taurus,9913,1,15,ECO:0000255,,,,,,,,,,,,,,,,,,,,,,,,,,,,,,,,,,,,
P18558,124,P18558,,Viruses,African swine fever virus (strain Badajoz 1971 Vero-adapted),10498,Protein MGF 110-4L,"Ornithodoros, Sus scrofa","6937, 9823",1,28,ECO:0000250,,,,,,,,,,,,,,,,,,,,,,,,,,,,,,,,,,,,
P19063,258,P19063,,Viruses,Vaccinia virus (strain Lister),10252,Chemokine-binding protein,Homo sapiens,9606,1,17,ECO:0000255,,,,,,,,,,,,,,,,,,,,,,,,,,,,,,,,,,,,
P19462,524,P19462,Q8B6J6,Viruses,Rabies virus (strain HEP-Flury),11296,Glycoprotein,"Homo sapiens, Mammalia","9606, 40674",1,19,,,,,460,480,ECO:0000255,,,,,,,,,,,,,,,,,,,,,,,,,,,,,,
P19716,538,P19716,,Viruses,Mumps virus (strain SBL-1),11173,Fusion glycoprotein F0,Homo sapiens,9606,1,19,ECO:0000250,,,,487,507,ECO:0000255,,,,,,,,,,,,,,,,,,,,,,,,,,,,,,
P20494,142,P20494,,Viruses,Vaccinia virus (strain Copenhagen),10249,Pro-vaccinia growth factor,Homo sapiens,9606,1,18,ECO:0000255,,,,101,121,ECO:0000255,,,,,,,,,,,,,,,,,,,,,,,,,,,,,,
P20978,315,P20978,,Viruses,Vaccinia virus (strain Copenhagen),10249,Protein OPG185,Homo sapiens,9606,1,16,ECO:0000250,,,,280,303,ECO:0000255,,,,,,,,,,,,,,,,,,,,,,,,,,,,,,
P20987,99,P20987,,Viruses,Vaccinia virus (strain Copenhagen),10249,Virion membrane protein OPG135,Homo sapiens,9606,1,22,ECO:0000255,,,,46,66,ECO:0000255,,,,,,,,,,,,,,,,,,,,,,,,,,,,,,
P21062,403,P21062,,Viruses,Vaccinia virus (strain Copenhagen),10249,Semaphorin-like protein A39,Homo sapiens,9606,1,14,ECO:0000255,,,,,,,,,,,,,,,,,,,,,,,,,,,,,,,,,,,,
P21077,353,P21077,,Viruses,Vaccinia virus (strain Copenhagen),10249,Soluble interferon alpha/beta receptor OPG204,Homo sapiens,9606,1,21,ECO:0000255,,,,,,,,,,,,,,,,,,,,,,,,,,,,,,,,,,,,
P21115,317,P21115,,Viruses,Vaccinia virus (strain Copenhagen),10249,Protein OPG190,Homo sapiens,9606,1,17,ECO:0000255,,,,280,300,ECO:0000255,,,,,,,,,,,,,,,,,,,,,,,,,,,,,,
P21285,326,P21285,B3SRU7,Viruses,Rotavirus A (strain RVA/Human/Philippines/L26/1987/G12P1B[4]),10953,Outer capsid glycoprotein VP7,Homo sapiens,9606,1,50,ECO:0000255,,,,,,,,,,,,,,,,,,,,,,,,,,,,,,,,,,,,
P21444,273,P21444,,Viruses,Feline leukemia virus (isolate CFE-16),11921,Envelope glycoprotein,Felidae,9681,1,34,ECO:0000255,,,,,,,,,,,,,,,,,,,,,,,,,,,,,,,,,,,,
P22484,442,P22484,,Viruses,Equine herpesvirus 1 (strain Kentucky A),10329,Envelope glycoprotein D,Equus caballus,9796,1,19,ECO:0000255,,,,406,422,ECO:0000255,,,,,,,,,,,,,,,,,,,,,,,,,,,,,,
P22485,338,P22485,P89472,Viruses,Human herpesvirus 2 (strain HG52),10315,Envelope glycoprotein K,Homo sapiens,9606,1,30,ECO:0000250,,,,122,140,ECO:0000255,213,233,ECO:0000255,244,264,ECO:0000255,302,322,ECO:0000255,,,,,,,,,,,,,,,,,,,,,
P22650,501,P22650,,Viruses,Gallid herpesvirus 2 (strain bc-1),10387,Envelope glycoprotein C homolog,Gallus gallus,9031,1,27,ECO:0000255,,,,466,492,ECO:0000255,,,,,,,,,,,,,,,,,,,,,,,,,,,,,,
P22651,501,P22651,"Q6LAR3, Q77MR8",Viruses,Gallid herpesvirus 2 (strain Chicken/Md5/ATCC VR-987),10389,Envelope glycoprotein C homolog,Gallus gallus,9031,1,27,ECO:0000255,,,,466,492,ECO:0000255,,,,,,,,,,,,,,,,,,,,,,,,,,,,,,
P23052,1581,P23052,,Viruses,Berne virus,11156,Spike glycoprotein,Equus caballus,9796,1,20,ECO:0000255,,,,1552,1572,ECO:0000255,,,,,,,,,,,,,,,,,,,,,,,,,,,,,,
P23058,302,P23058,,Viruses,Autographa californica nuclear polyhedrosis virus,46015,Spheroidin-like protein,Lepidoptera,7088,1,19,ECO:0000255,,,,,,,,,,,,,,,,,,,,,,,,,,,,,,,,,,,,
P23061,341,P23061,,Viruses,Choristoneura biennis entomopoxvirus,10288,Spindolin,Choristoneura fumiferana,7141,1,20,ECO:0000269,,,,,,,,,,,,,,,,,,,,,,,,,,,,,,,,,,,,
P23998,351,P23998,,Viruses,Vaccinia virus (strain Dairen I),10250,Soluble interferon alpha/beta receptor OPG204,Homo sapiens,9606,1,19,ECO:0000255,,,,,,,,,,,,,,,,,,,,,,,,,,,,,,,,,,,,
P24083,317,P24083,,Viruses,Vaccinia virus (strain Lister),10252,Protein OPG190,Homo sapiens,9606,1,17,ECO:0000255,,,,280,300,ECO:0000255,,,,,,,,,,,,,,,,,,,,,,,,,,,,,,
P24084,317,P24084,,Viruses,Vaccinia virus (strain LC16m0),10246,Protein OPG190,Homo sapiens,9606,1,17,ECO:0000255,,,,280,300,ECO:0000255,,,,,,,,,,,,,,,,,,,,,,,,,,,,,,
P24358,322,P24358,Q76ZX0,Viruses,Vaccinia virus (strain Western Reserve),10254,Protein OPG049,Bos taurus,9913,1,20,ECO:0000255,,,,287,307,ECO:0000255,,,,,,,,,,,,,,,,,,,,,,,,,,,,,,
P24380,552,P24380,,Viruses,Equine herpesvirus 1 (strain Kentucky D),10330,Envelope glycoprotein E,Equus caballus,9796,1,23,ECO:0000255,,,,411,427,ECO:0000255,,,,,,,,,,,,,,,,,,,,,,,,,,,,,,
P24430,855,P24430,,Viruses,Equine herpesvirus 4 (strain 1942),10333,Envelope glycoprotein H,Equus caballus,9796,1,19,ECO:0000255,,,,816,836,ECO:0000255,,,,,,,,,,,,,,,,,,,,,,,,,,,,,,
P24872,402,P24872,,Viruses,Equine herpesvirus 1 (strain AB1),10328,Envelope glycoprotein D,Equus caballus,9796,1,30,ECO:0000255,,,,356,372,ECO:0000255,,,,,,,,,,,,,,,,,,,,,,,,,,,,,,
P25129,437,P25129,,Viruses,Pseudomonas phage Pf1,2011081,Attachment protein G3P,Pseudomonas aeruginosa,287,1,31,ECO:0000255,,,,415,435,ECO:0000255,,,,,,,,,,,,,,,,,,,,,,,,,,,,,,
P25175,326,P25175,,Viruses,Rotavirus A (strain RVA/Cow/United States/B641/XXXX/G6P7[5]),10928,Outer capsid glycoprotein VP7,Bos taurus,9913,1,50,ECO:0000255,,,,,,,,,,,,,,,,,,,,,,,,,,,,,,,,,,,,
P25176,326,P25176,,Viruses,Rotavirus A (isolate RVA/Equine/United Kingdom/L338/1988/G13P12[18]),36441,Outer capsid glycoprotein VP7,Equus caballus,9796,1,50,ECO:0000255,,,,,,,,,,,,,,,,,,,,,,,,,,,,,,,,,,,,
P25181,561,P25181,,Viruses,Simian virus 41,3052561,Fusion glycoprotein F0,Simiiformes,314293,1,26,ECO:0000255,,,,496,516,ECO:0000250,,,,,,,,,,,,,,,,,,,,,,,,,,,,,,
P25187,326,P25187,,Viruses,Rotavirus A (strain RVA/Human/Australia/RV-4/1977/G1P1A[8]),31570,Outer capsid glycoprotein VP7,Homo sapiens,9606,1,50,ECO:0000255,,,,,,,,,,,,,,,,,,,,,,,,,,,,,,,,,,,,
P25212,326,P25212,Q76ZK8,Viruses,Vaccinia virus (strain Western Reserve),10254,Interleukin-1-binding protein,Bos taurus,9913,1,18,ECO:0000255,,,,,,,,,,,,,,,,,,,,,,,,,,,,,,,,,,,,
P25467,551,P25467,,Viruses,Human parainfluenza 2 virus,2560525,Fusion glycoprotein F0,Homo sapiens,9606,1,23,ECO:0000255,,,,493,513,ECO:0000250,,,,,,,,,,,,,,,,,,,,,,,,,,,,,,
P26628,553,P26628,,Viruses,Newcastle disease virus (strain Texas),11188,Fusion glycoprotein F0,Gallus gallus,9031,1,31,ECO:0000255,,,,501,521,ECO:0000250,,,,,,,,,,,,,,,,,,,,,,,,,,,,,,
P26629,551,P26629,,Viruses,Human parainfluenza 2 virus (strain Toshiba),11214,Fusion glycoprotein F0,Homo sapiens,9606,1,23,ECO:0000255,,,,493,513,ECO:0000250,,,,,,,,,,,,,,,,,,,,,,,,,,,,,,
P26671,194,P26671,Q76ZN4,Viruses,Vaccinia virus (strain Western Reserve),10254,Protein A43,Bos taurus,9913,1,22,ECO:0000255,,,,166,186,ECO:0000255,,,,,,,,,,,,,,,,,,,,,,,,,,,,,,
P27286,551,P27286,,Viruses,Human parainfluenza 2 virus (strain Greer),11213,Fusion glycoprotein F0,Homo sapiens,9606,1,23,ECO:0000255,,,,493,513,ECO:0000250,,,,,,,,,,,,,,,,,,,,,,,,,,,,,,
P27416,686,P27416,,Viruses,Suid herpesvirus 1 (strain Kaplan),33703,Envelope glycoprotein H,Sus scrofa,9823,1,24,ECO:0000255,,,,647,667,ECO:0000255,,,,,,,,,,,,,,,,,,,,,,,,,,,,,,
P27423,326,P27423,,Viruses,Rotavirus A (strain RVA/Pig/Russia/K/1987),10918,Outer capsid glycoprotein VP7,Sus scrofa,9823,1,50,ECO:0000255,,,,,,,,,,,,,,,,,,,,,,,,,,,,,,,,,,,,
P27593,686,P27593,,Viruses,Suid herpesvirus 1 (strain Rice),10350,Envelope glycoprotein H,Sus scrofa,9823,1,24,ECO:0000255,,,,647,667,ECO:0000255,,,,,,,,,,,,,,,,,,,,,,,,,,,,,,
P27599,842,P27599,,Viruses,Bovine herpesvirus 1.1 (strain Cooper),10323,Envelope glycoprotein H,Bos taurus,9913,1,20,ECO:0000255,,,,803,823,ECO:0000255,,,,,,,,,,,,,,,,,,,,,,,,,,,,,,
P27662,507,P27662,,Viruses,Viral hemorrhagic septicemia virus (strain 07-71),11288,Spike glycoprotein,"Coregonus lavaretus, Esox lucius, Oncorhynchus kisutch, Oncorhynchus mykiss, Oncorhynchus tshawytscha, Salmo trutta, Salvelinus namaycush, Thymallus thymallus","59291, 8010, 8019, 8022, 74940, 8032, 8040, 36185",1,20,ECO:0000255,,,,462,482,ECO:0000255,,,,,,,,,,,,,,,,,,,,,,,,,,,,,,
P28278,224,P28278,,Viruses,Human herpesvirus 2 (strain HG52),10315,Envelope glycoprotein L,Homo sapiens,9606,1,16,ECO:0000255,,,,,,,,,,,,,,,,,,,,,,,,,,,,,,,,,,,,
P28886,537,P28886,,Viruses,Phocine distemper virus,11240,Fusion glycoprotein F0,Phocidae,9709,1,10,ECO:0000255,,,,484,504,ECO:0000255,,,,,,,,,,,,,,,,,,,,,,,,,,,,,,
P28967,411,P28967,Q6S6W1,Viruses,Equine herpesvirus 1 (strain Ab4p),31520,Envelope glycoprotein G,Equus caballus,9796,1,19,ECO:0000255,,,,363,379,ECO:0000255,,,,,,,,,,,,,,,,,,,,,,,,,,,,,,
P28968,797,P28968,"Q66VC3, Q6DLE0",Viruses,Equine herpesvirus 1 (strain Ab4p),31520,Glycoprotein gp2,Equus caballus,9796,1,25,ECO:0000255,,,,766,790,ECO:0000255,,,,,,,,,,,,,,,,,,,,,,,,,,,,,,
P28980,100,P28980,Q6S6R1,Viruses,Equine herpesvirus 1 (strain Ab4p),31520,Envelope glycoprotein N,Equus caballus,9796,1,27,ECO:0000255,,,,64,84,ECO:0000255,,,,,,,,,,,,,,,,,,,,,,,,,,,,,,
P28994,152,P28994,,Viruses,Equine arteritis virus (strain Bucyrus),299386,Glycoprotein 4,Equidae,9788,1,21,ECO:0000255,,,,121,141,ECO:0000255,,,,,,,,,,,,,,,,,,,,,,,,,,,,,,
P29821,329,P29821,,Viruses,Rotavirus A (strain RVA/Chicken/Ireland/Ch2/1979/G7P[X]),31589,Outer capsid glycoprotein VP7,Gallus gallus,9031,1,53,ECO:0000255,,,,,,,,,,,,,,,,,,,,,,,,,,,,,,,,,,,,
P30027,305,P30027,E2QBU6,Viruses,Duck hepatitis B virus (strain China),31510,External core antigen,Anas,8835,1,19,ECO:0000255,,,,,,,,,,,,,,,,,,,,,,,,,,,,,,,,,,,,
P30210,326,P30210,,Viruses,Rotavirus A (isolate RVA/Cow/Argentina/T449/1992/G1P[X]),31583,Outer capsid glycoprotein VP7,Bos taurus,9913,1,50,ECO:0000255,,,,,,,,,,,,,,,,,,,,,,,,,,,,,,,,,,,,
P30673,725,P30673,Q07745,Viruses,Murid herpesvirus 1 (strain Smith),10367,Envelope glycoprotein H,Mus musculus,10090,1,19,ECO:0000255,,,,701,721,ECO:0000255,,,,,,,,,,,,,,,,,,,,,,,,,,,,,,
P30816,539,P30816,Q8V722,Viruses,Cercopithecine herpesvirus 1 (strain E2490),260965,Envelope glycoprotein E,"Macaca fascicularis, Macaca mulatta, Macaca nemestrina","9541, 9544, 9545",1,24,ECO:0000255,,,,411,431,ECO:0000255,,,,,,,,,,,,,,,,,,,,,,,,,,,,,,
P31626,966,P31626,,Viruses,Caprine arthritis encephalitis virus (strain Cork),11661,Envelope glycoprotein,Capra hircus,9925,1,83,ECO:0000250,,,,802,822,ECO:0000255,,,,,,,,,,,,,,,,,,,,,,,,,,,,,,
P31632,326,P31632,,Viruses,Rotavirus A (isolate RVA/Cow/Japan/KN-4/1983/G6P8[11]),31587,Outer capsid glycoprotein VP7,Bos taurus,9913,1,50,ECO:0000255,,,,,,,,,,,,,,,,,,,,,,,,,,,,,,,,,,,,
P32515,383,P32515,,Viruses,Equine herpesvirus 1 (strain Kentucky A),10329,Glycoprotein gp2,Equus caballus,9796,1,25,ECO:0000255,,,,354,371,ECO:0000255,,,,,,,,,,,,,,,,,,,,,,,,,,,,,,
P32545,326,P32545,,Viruses,Rotavirus A (isolate RVA/Pig/Australia/AT/1976/G3P9[7]),31577,Outer capsid glycoprotein VP7,Sus scrofa,9823,1,50,ECO:0000255,,,,,,,,,,,,,,,,,,,,,,,,,,,,,,,,,,,,
P32546,326,P32546,,Viruses,Rotavirus A (isolate RVA/Pig/Australia/CRW-8/1987/G3P9[7]),31578,Outer capsid glycoprotein VP7,Sus scrofa,9823,1,50,ECO:0000255,,,,,,,,,,,,,,,,,,,,,,,,,,,,,,,,,,,,
P32547,326,P32547,,Viruses,Rotavirus A (isolate RVA/Pig/Australia/TFR-41/1987/G5P9[7]),31581,Outer capsid glycoprotein VP7,Sus scrofa,9823,1,50,ECO:0000255,,,,,,,,,,,,,,,,,,,,,,,,,,,,,,,,,,,,
P32548,326,P32548,,Viruses,Rotavirus A (isolate RVA/Pig/Australia/BEN144/1989/G4P2B[6]),31579,Outer capsid glycoprotein VP7,Sus scrofa,9823,1,50,ECO:0000255,,,,,,,,,,,,,,,,,,,,,,,,,,,,,,,,,,,,
P32549,326,P32549,,Viruses,Rotavirus A (isolate RVA/Pig/Australia/BMI-1/1989/G4P9[7]),31580,Outer capsid glycoprotein VP7,Sus scrofa,9823,1,50,ECO:0000255,,,,,,,,,,,,,,,,,,,,,,,,,,,,,,,,,,,,
P32550,524,P32550,,Viruses,Rabies virus (isolate Human/Algeria/1991),31613,Glycoprotein,"Homo sapiens, Mammalia","9606, 40674",1,19,,,,,460,480,ECO:0000255,,,,,,,,,,,,,,,,,,,,,,,,,,,,,,
P33481,538,P33481,,Viruses,Mumps virus (strain SBL),33729,Fusion glycoprotein F0,Homo sapiens,9606,1,19,ECO:0000250,,,,487,507,ECO:0000255,,,,,,,,,,,,,,,,,,,,,,,,,,,,,,
P33492,326,P33492,,Viruses,Rotavirus A (isolate RVA/Human/-/RK9/XXXX/GXP[X]),33722,Outer capsid glycoprotein VP7,Homo sapiens,9606,1,50,ECO:0000255,,,,,,,,,,,,,,,,,,,,,,,,,,,,,,,,,,,,
P33500,501,P33500,,Viruses,Gallid herpesvirus 2 (strain RB-1b),33707,Envelope glycoprotein C homolog,Gallus gallus,9031,1,27,ECO:0000255,,,,466,492,ECO:0000255,,,,,,,,,,,,,,,,,,,,,,,,,,,,,,
P33612,553,P33612,,Viruses,Newcastle disease virus (strain Her/33),11187,Fusion glycoprotein F0,Gallus gallus,9031,1,31,ECO:0000255,,,,501,521,ECO:0000250,,,,,,,,,,,,,,,,,,,,,,,,,,,,,,
P33613,553,P33613,,Viruses,Newcastle disease virus (strain B1-Hitchner/47),11181,Fusion glycoprotein F0,Gallus gallus,9031,1,31,ECO:0000255,,,,501,521,ECO:0000250,,,,,,,,,,,,,,,,,,,,,,,,,,,,,,
P33614,553,P33614,,Viruses,Newcastle disease virus (strain Chicken/United States/LaSota/46),11184,Fusion glycoprotein F0,Gallus gallus,9031,1,31,ECO:0000255,,,,501,521,ECO:0000250,,,,,,,,,,,,,,,,,,,,,,,,,,,,,,
P33615,553,P33615,,Viruses,Newcastle disease virus (strain Queensland/66),11186,Fusion glycoprotein F0,Gallus gallus,9031,1,31,ECO:0000255,,,,501,521,ECO:0000250,,,,,,,,,,,,,,,,,,,,,,,,,,,,,,
P33807,313,P33807,,Viruses,Variola virus (isolate Human/India/Ind3/1967),587200,Protein OPG185,Homo sapiens,9606,1,16,ECO:0000255,,,,278,301,ECO:0000255,,,,,,,,,,,,,,,,,,,,,,,,,,,,,,
P33835,95,P33835,,Viruses,Variola virus (isolate Human/India/Ind3/1967),587200,Virion membrane protein OPG135,Homo sapiens,9606,1,22,ECO:0000255,,,,46,66,ECO:0000255,,,,,,,,,,,,,,,,,,,,,,,,,,,,,,
P35771,166,P35771,,Viruses,Human adenovirus B serotype 11 (strain BC34),343463,Early E3 18.5 kDa glycoprotein,Homo sapiens,9606,1,19,ECO:0000255,,,,132,152,ECO:0000255,,,,,,,,,,,,,,,,,,,,,,,,,,,,,,
P36318,394,P36318,,Viruses,Human herpesvirus 1 (strain Angelotti),10301,Envelope glycoprotein D,Homo sapiens,9606,1,25,ECO:0000255,,,,340,364,ECO:0000255,,,,,,,,,,,,,,,,,,,,,,,,,,,,,,
P36336,813,P36336,,Viruses,Gallid herpesvirus 2 (strain RB-1b),33707,Envelope glycoprotein H,Gallus gallus,9031,1,18,ECO:0000255,,,,770,790,ECO:0000255,,,,,,,,,,,,,,,,,,,,,,,,,,,,,,
P36337,808,P36337,,Viruses,Meleagrid herpesvirus 1,37108,Envelope glycoprotein H,"Gallus gallus, Meleagris gallopavo","9031, 9103",1,17,ECO:0000255,,,,762,782,ECO:0000255,,,,,,,,,,,,,,,,,,,,,,,,,,,,,,
P36342,395,P36342,,Viruses,Cercopithecine herpesvirus 1,10325,Envelope glycoprotein D,"Homo sapiens, Macaca fascicularis, Macaca leonina, Macaca mulatta, Macaca nemestrina","9606, 9541, 90387, 9544, 9545",1,17,ECO:0000255,,,,343,362,ECO:0000255,,,,,,,,,,,,,,,,,,,,,,,,,,,,,,
P36344,117,P36344,,Viruses,Cercopithecine herpesvirus 1,10325,Envelope glycoprotein J,"Homo sapiens, Macaca fascicularis, Macaca leonina, Macaca mulatta, Macaca nemestrina","9606, 9541, 90387, 9544, 9545",1,26,ECO:0000255,,,,74,94,ECO:0000255,,,,,,,,,,,,,,,,,,,,,,,,,,,,,,
P36357,329,P36357,,Viruses,Rotavirus A (strain RVA/Turkey/Ireland/Ty-1/1978/G7P[17]),12584,Outer capsid glycoprotein VP7,Aves,8782,1,53,ECO:0000255,,,,,,,,,,,,,,,,,,,,,,,,,,,,,,,,,,,,
P39230,97,P39230,,Viruses,Enterobacteria phage T4,10665,Protein spackle,Escherichia coli,562,1,22,ECO:0000255,,,,,,,,,,,,,,,,,,,,,,,,,,,,,,,,,,,,
P41356,546,P41356,,Viruses,Rinderpest virus (strain RBOK),36409,Fusion glycoprotein F0,"Bos indicus, Bos taurus, Bubalus bubalis, Capra hircus, Gazella, Giraffa camelopardalis, Hippopotamus, Ovis aries, Suidae","9915, 9913, 89462, 9925, 9933, 9894, 9832, 9940, 9821",1,19,ECO:0000255,,,,492,512,ECO:0000250,,,,,,,,,,,,,,,,,,,,,,,,,,,,,,
P41360,546,P41360,,Viruses,Rinderpest virus (strain RBT1),39007,Fusion glycoprotein F0,"Bos indicus, Bos taurus, Bubalus bubalis, Capra hircus, Gazella, Giraffa camelopardalis, Hippopotamus, Ovis aries, Suidae","9915, 9913, 89462, 9925, 9933, 9894, 9832, 9940, 9821",1,19,ECO:0000255,,,,492,512,ECO:0000250,,,,,,,,,,,,,,,,,,,,,,,,,,,,,,
P41715,324,P41715,O41479,Viruses,Choristoneura fumiferana nuclear polyhedrosis virus,208973,Viral cathepsin,Choristoneura fumiferana,7141,1,16,ECO:0000255,,,,,,,,,,,,,,,,,,,,,,,,,,,,,,,,,,,,
P41717,509,P41717,,Viruses,Choristoneura fumiferana nuclear polyhedrosis virus,208973,Major envelope glycoprotein,Choristoneura fumiferana,7141,1,17,ECO:0000255,,,,480,502,ECO:0000255,,,,,,,,,,,,,,,,,,,,,,,,,,,,,,
P41721,323,P41721,Q80QU5,Viruses,Bombyx mori nuclear polyhedrosis virus,271108,Viral cathepsin,Bombyx mori,7091,1,16,ECO:0000255,,,,,,,,,,,,,,,,,,,,,,,,,,,,,,,,,,,,
P52353,690,P52353,,Viruses,Human herpesvirus 7 (strain JI),57278,Envelope glycoprotein H,Homo sapiens,9606,1,16,ECO:0000255,,,,668,688,ECO:0000255,,,,,,,,,,,,,,,,,,,,,,,,,,,,,,
P52366,86,P52366,,Viruses,Human herpesvirus 7 (strain JI),57278,Envelope glycoprotein N,Homo sapiens,9606,1,29,ECO:0000255,,,,48,68,ECO:0000255,,,,,,,,,,,,,,,,,,,,,,,,,,,,,,
P52508,250,P52508,,Viruses,Human herpesvirus 6A (strain Uganda-1102),10370,Envelope glycoprotein L,Homo sapiens,9606,1,18,ECO:0000255,,,,,,,,,,,,,,,,,,,,,,,,,,,,,,,,,,,,
P52509,246,P52509,,Viruses,Human herpesvirus 7 (strain JI),57278,Envelope glycoprotein L,Homo sapiens,9606,1,19,ECO:0000255,,,,,,,,,,,,,,,,,,,,,,,,,,,,,,,,,,,,
P52510,195,P52510,,Viruses,Gallid herpesvirus 2 (strain GA),10388,Envelope glycoprotein L,Gallus gallus,9031,1,25,ECO:0000255,,,,,,,,,,,,,,,,,,,,,,,,,,,,,,,,,,,,
P52511,156,P52511,Q69398,Viruses,Suid herpesvirus 1 (strain Indiana-Funkhauser / Becker),31523,Envelope glycoprotein L,Sus scrofa,9823,1,16,ECO:0000255,,,,,,,,,,,,,,,,,,,,,,,,,,,,,,,,,,,,
P52512,156,P52512,,Viruses,Suid herpesvirus 1 (strain Kaplan),33703,Envelope glycoprotein L,Sus scrofa,9823,1,16,ECO:0000255,,,,,,,,,,,,,,,,,,,,,,,,,,,,,,,,,,,,
P52513,274,P52513,,Viruses,Murid herpesvirus 1 (strain K181),69156,Envelope glycoprotein L,Mus musculus,10090,1,21,ECO:0000255,,,,,,,,,,,,,,,,,,,,,,,,,,,,,,,,,,,,
P52514,274,P52514,,Viruses,Murid herpesvirus 1 (strain Smith),10367,Envelope glycoprotein L,Mus musculus,10090,1,21,ECO:0000255,,,,,,,,,,,,,,,,,,,,,,,,,,,,,,,,,,,,
P52526,250,P52526,,Viruses,Human herpesvirus 6B (strain Z29),36351,Envelope glycoprotein L,Homo sapiens,9606,1,18,ECO:0000255,,,,,,,,,,,,,,,,,,,,,,,,,,,,,,,,,,,,
P52543,694,P52543,,Viruses,Human herpesvirus 6B (strain Z29),36351,Envelope glycoprotein H,Homo sapiens,9606,1,16,ECO:0000255,,,,672,692,ECO:0000255,,,,,,,,,,,,,,,,,,,,,,,,,,,,,,
P52547,84,P52547,,Viruses,Human herpesvirus 6B (strain Z29),36351,Envelope glycoprotein N,Homo sapiens,9606,1,26,ECO:0000255,,,,46,66,ECO:0000255,,,,,,,,,,,,,,,,,,,,,,,,,,,,,,
P52549,738,P52549,,Viruses,Human herpesvirus 6B (strain Z29),36351,130 kDa Glycoprotein O,Homo sapiens,9606,1,23,ECO:0000255,,,,,,,,,,,,,,,,,,,,,,,,,,,,,,,,,,,,
P52584,133,P52584,,Viruses,Orf virus (strain NZ2),10259,Vascular endothelial growth factor homolog,"Capra hircus, Homo sapiens, Ovis aries","9925, 9606, 9940",1,20,ECO:0000255,,,,,,,,,,,,,,,,,,,,,,,,,,,,,,,,,,,,
P52585,148,P52585,,Viruses,Orf virus (strain NZ7),73495,Vascular endothelial growth factor homolog,"Capra hircus, Homo sapiens, Ovis aries","9925, 9606, 9940",1,25,ECO:0000255,,,,,,,,,,,,,,,,,,,,,,,,,,,,,,,,,,,,
P60503,199,P60503,,Viruses,Human cytomegalovirus (strain Towne),10363,Unique short US2 glycoprotein,Homo sapiens,9606,1,,ECO:0000250,,,,162,182,ECO:0000255,,,,,,,,,,,,,,,,,,,,,,,,,,,,,,
P60528,183,P60528,,Viruses,Human cytomegalovirus (strain Towne),10363,Unique short US6 glycoprotein,Homo sapiens,9606,1,19,ECO:0000255,,,,145,165,ECO:0000255,,,,,,,,,,,,,,,,,,,,,,,,,,,,,,
P68323,694,P68323,P30001,Viruses,Human herpesvirus 6A (strain GS),10369,Envelope glycoprotein H,Homo sapiens,9606,1,16,ECO:0000255,,,,672,692,ECO:0000255,,,,,,,,,,,,,,,,,,,,,,,,,,,,,,
P68324,694,P68324,P30001,Viruses,Human herpesvirus 6A (strain Uganda-1102),10370,Envelope glycoprotein H,Homo sapiens,9606,1,16,ECO:0000255,,,,672,692,ECO:0000255,,,,,,,,,,,,,,,,,,,,,,,,,,,,,,
P68325,468,P68325,"P12889, P36321",Viruses,Equine herpesvirus 1 (strain Kentucky D),10330,Envelope glycoprotein C,Equus caballus,9796,1,30,ECO:0000255,,,,432,451,ECO:0000255,,,,,,,,,,,,,,,,,,,,,,,,,,,,,,
P68326,424,P68326,P18553,Viruses,Equine herpesvirus 1 (strain AB1),10328,Envelope glycoprotein I,Equus caballus,9796,1,22,ECO:0000255,,,,320,340,ECO:0000255,,,,,,,,,,,,,,,,,,,,,,,,,,,,,,
P68327,452,P68327,P24379,Viruses,Equine herpesvirus 1 (strain Kentucky D),10330,Envelope glycoprotein D,Equus caballus,9796,1,19,ECO:0000255,,,,406,422,ECO:0000255,,,,,,,,,,,,,,,,,,,,,,,,,,,,,,
P68328,550,P68328,P18552,Viruses,Equine herpesvirus 1 (strain AB1),10328,Envelope glycoprotein E,Equus caballus,9796,1,23,ECO:0000255,,,,409,425,ECO:0000255,,,,,,,,,,,,,,,,,,,,,,,,,,,,,,
P68329,424,P68329,P18553,Viruses,Equine herpesvirus 1 (strain Kentucky D),10330,Envelope glycoprotein I,Equus caballus,9796,1,22,ECO:0000255,,,,320,340,ECO:0000255,,,,,,,,,,,,,,,,,,,,,,,,,,,,,,
P68330,848,P68330,"P09101, Q66681",Viruses,Equine herpesvirus 1 (strain HVS25A),10327,Envelope glycoprotein H,Equus caballus,9796,1,24,ECO:0000255,,,,809,829,ECO:0000255,,,,,,,,,,,,,,,,,,,,,,,,,,,,,,
P68332,338,P68332,P10237,Viruses,Human herpesvirus 1 (strain MP),10307,Envelope glycoprotein K,Homo sapiens,9606,1,30,,,,,122,140,ECO:0000255,213,233,ECO:0000255,244,264,ECO:0000255,302,322,ECO:0000255,,,,,,,,,,,,,,,,,,,,,
P68333,338,P68333,P10237,Viruses,Human herpesvirus 1 (strain R15),36345,Envelope glycoprotein K,Homo sapiens,9606,1,30,,,,,122,140,ECO:0000255,213,233,ECO:0000255,244,264,ECO:0000255,302,322,ECO:0000255,,,,,,,,,,,,,,,,,,,,,
P68334,343,P68334,P28933,Viruses,Equine herpesvirus 1 (strain Kentucky A),10329,Envelope glycoprotein K,Equus caballus,9796,1,31,ECO:0000255,,,,119,139,ECO:0000255,214,234,ECO:0000255,252,272,ECO:0000255,304,324,ECO:0000255,,,,,,,,,,,,,,,,,,,,,
P68636,349,P68636,Q8UYA7,Viruses,Camelpox virus (strain M-96),203173,Soluble TNF receptor II,Camelus,9836,1,19,ECO:0000255,,,,,,,,,,,,,,,,,,,,,,,,,,,,,,,,,,,,
P68637,349,P68637,Q8UYA7,Viruses,Camelpox virus (strain CMS),203172,Soluble TNF receptor II,Camelus,9836,1,19,ECO:0000255,,,,,,,,,,,,,,,,,,,,,,,,,,,,,,,,,,,,
P68802,163,P68802,P00802,Viruses,Staphylococcus phage S phi-C,10721,Staphylokinase,Staphylococcus aureus,1280,1,27,,,,,,,,,,,,,,,,,,,,,,,,,,,,,,,,,,,,,
P68979,159,P68979,P03251,Viruses,Human adenovirus C serotype 6,10534,Early E3 18.5 kDa glycoprotein,Homo sapiens,9606,1,17,ECO:0000250,,,,124,144,ECO:0000255,,,,,,,,,,,,,,,,,,,,,,,,,,,,,,
P68980,166,P68980,"P15140, P35772",Viruses,Human adenovirus B serotype 11 (strain Slobiski),343462,Early E3 18.5 kDa glycoprotein,Homo sapiens,9606,1,19,ECO:0000255,,,,132,152,ECO:0000255,,,,,,,,,,,,,,,,,,,,,,,,,,,,,,
P68981,166,P68981,"P15140, P35772",Viruses,Human adenovirus B serotype 35,10522,Early E3 18.5 kDa glycoprotein,Homo sapiens,9606,1,19,ECO:0000255,,,,132,152,ECO:0000255,,,,,,,,,,,,,,,,,,,,,,,,,,,,,,
P69178,89,P69178,P08027,Viruses,Bacteriophage H30,12371,Shiga-like toxin 1 subunit B,Escherichia coli,562,1,20,ECO:0000250,,,,,,,,,,,,,,,,,,,,,,,,,,,,,,,,,,,,
P69540,73,P69540,P03617,Viruses,Enterobacteria phage f1,10863,Capsid protein G8P,Escherichia coli,562,1,23,ECO:0000269,,,,44,62,ECO:0000250,,,,,,,,,,,,,,,,,,,,,,,,,,,,,,
P69541,73,P69541,P03617,Viruses,Enterobacteria phage M13,1977402,Capsid protein G8P,Escherichia coli,562,1,23,,,,,44,62,ECO:0000250,,,,,,,,,,,,,,,,,,,,,,,,,,,,,,
P81780,697,P81780,"Q98VG3, Q9Q0B8",Viruses,Human herpesvirus 2 (strain B4327UR),103921,Envelope glycoprotein G,Homo sapiens,9606,1,22,ECO:0000269,,,,649,669,ECO:0000255,,,,,,,,,,,,,,,,,,,,,,,,,,,,,,
P84449,100,P84449,Q6S6R1,Viruses,Equine herpesvirus 1 (strain V592),310273,Envelope glycoprotein N,Equus caballus,9796,1,27,ECO:0000255,,,,64,84,ECO:0000255,,,,,,,,,,,,,,,,,,,,,,,,,,,,,,
P87670,364,P87670,,Viruses,Zaire ebolavirus (strain Eckron-76),129000,Pre-small/secreted glycoprotein,"Epomops franqueti, Homo sapiens, Myonycteris torquata","77231, 9606, 77243",1,32,ECO:0000255,,,,,,,,,,,,,,,,,,,,,,,,,,,,,,,,,,,,
P87730,723,P87730,E9RH81,Viruses,Guinea pig cytomegalovirus (strain 22122),103920,Envelope glycoprotein H,Cavia porcellus,10141,1,23,ECO:0000255,,,,701,721,ECO:0000255,,,,,,,,,,,,,,,,,,,,,,,,,,,,,,
Q00252,326,Q00252,,Viruses,Rotavirus A (isolate RVA/Cow/Thailand/A5/1988/G8P6[1]),36440,Outer capsid glycoprotein VP7,Bos taurus,9913,1,50,ECO:0000255,,,,,,,,,,,,,,,,,,,,,,,,,,,,,,,,,,,,
Q00253,326,Q00253,,Viruses,Rotavirus A (isolate RVA/Cow/Thailand/A44/1988/G10P8[11]),1835658,Outer capsid glycoprotein VP7,Bos taurus,9913,1,50,ECO:0000255,,,,,,,,,,,,,,,,,,,,,,,,,,,,,,,,,,,,
Q00254,326,Q00254,,Viruses,Rotavirus A (isolate RVA/Cow/Japan/KK3/1983/G10P8[11]),1835657,Outer capsid glycoprotein VP7,Bos taurus,9913,1,50,ECO:0000255,,,,,,,,,,,,,,,,,,,,,,,,,,,,,,,,,,,,
Q00660,686,Q00660,,Viruses,Suid herpesvirus 1 (strain NIA-3),10349,Envelope glycoprotein H,Sus scrofa,9823,1,24,ECO:0000255,,,,647,667,ECO:0000255,,,,,,,,,,,,,,,,,,,,,,,,,,,,,,
Q00716,310,Q00716,,Viruses,Raccoon poxvirus,10256,Protein A56,Procyon lotor,9654,1,16,ECO:0000255,,,,276,300,ECO:0000255,,,,,,,,,,,,,,,,,,,,,,,,,,,,,,
Q008X4,1220,Q008X4,,Viruses,White bream virus (isolate Blicca bjoerkna L./Germany/DF24/00),766180,Spike glycoprotein,Blicca bjoerkna,58317,1,15,ECO:0000255,,,,1182,1202,ECO:0000255,,,,,,,,,,,,,,,,,,,,,,,,,,,,,,
Q00901,244,Q00901,,Viruses,Clostridium botulinum C phage,12336,Mono-ADP-ribosyltransferase C3,Clostridium botulinum C,36828,1,40,ECO:0000269,,,,,,,,,,,,,,,,,,,,,,,,,,,,,,,,,,,,
Q01016,360,Q01016,,Viruses,Saimiriine herpesvirus 2 (strain 11),10383,Complement control protein homolog,Saimiri sciureus,9521,1,20,ECO:0000255,,,,328,350,ECO:0000255,,,,,,,,,,,,,,,,,,,,,,,,,,,,,,
Q01049,90,Q01049,,Viruses,Saimiriine herpesvirus 2 (strain 11),10383,Envelope glycoprotein N,Saimiri sciureus,9521,1,21,ECO:0000255,,,,56,76,ECO:0000255,,,,,,,,,,,,,,,,,,,,,,,,,,,,,,
Q02077,436,Q02077,,Viruses,Feline leukemia virus (strain C/FS246),103918,Envelope glycoprotein,Felis catus,9685,1,1,ECO:0000250,,,,,,,,,,,,,,,,,,,,,,,,,,,,,,,,,,,,
Q03874,326,Q03874,,Viruses,Rotavirus A (isolate RVA/Equine/United States/FI-23/1981/G14P4[12]),36443,Outer capsid glycoprotein VP7,Equus caballus,9796,1,50,ECO:0000255,,,,,,,,,,,,,,,,,,,,,,,,,,,,,,,,,,,,
Q04523,326,Q04523,Q77DR6,Viruses,Cowpox virus (strain Brighton Red),265872,Interleukin-1-binding protein,"Bos taurus, Felis catus, Homo sapiens, Loxodonta africana, Microtus agrestis, Mus musculus, Myodes glareolus","9913, 9685, 9606, 9785, 29092, 10090, 447135",1,18,ECO:0000255,,,,,,,,,,,,,,,,,,,,,,,,,,,,,,,,,,,,
Q04547,353,Q04547,,Viruses,Cercopithecine herpesvirus 9 (strain DHV),36348,Envelope glycoprotein I,Chlorocebus aethiops,9534,1,20,ECO:0000255,,,,275,293,ECO:0000255,,,,,,,,,,,,,,,,,,,,,,,,,,,,,,
Q04548,604,Q04548,,Viruses,Cercopithecine herpesvirus 9 (strain DHV),36348,Envelope glycoprotein E,Chlorocebus aethiops,9534,1,24,ECO:0000255,,,,527,544,ECO:0000255,,,,,,,,,,,,,,,,,,,,,,,,,,,,,,
Q04566,249,Q04566,,Viruses,Porcine reproductive and respiratory syndrome virus (strain Lelystad),11049,Glycoprotein 2a,Sus scrofa,9823,1,35,ECO:0000255,,,,208,228,ECO:0000255,,,,,,,,,,,,,,,,,,,,,,,,,,,,,,
Q04568,183,Q04568,,Viruses,Porcine reproductive and respiratory syndrome virus (strain Lelystad),11049,Glycoprotein 4,Sus scrofa,9823,1,22,ECO:0000255,,,,158,177,ECO:0000255,,,,,,,,,,,,,,,,,,,,,,,,,,,,,,
Q04840,326,Q04840,,Viruses,Rotavirus A (isolate RVA/Human/Australia/A91a/1991/G1P[X]),39011,Outer capsid glycoprotein VP7,Homo sapiens,9606,1,50,ECO:0000255,,,,,,,,,,,,,,,,,,,,,,,,,,,,,,,,,,,,
Q06093,651,Q06093,,Viruses,Human herpesvirus 6A (strain Uganda-1102),10370,120 kDa Glycoprotein O,Homo sapiens,9606,1,56,ECO:0000255,,,,,,,,,,,,,,,,,,,,,,,,,,,,,,,,,,,,
Q06094,84,Q06094,,Viruses,Human herpesvirus 6A (strain Uganda-1102),10370,Envelope glycoprotein N,Homo sapiens,9606,1,26,ECO:0000255,,,,48,68,ECO:0000255,,,,,,,,,,,,,,,,,,,,,,,,,,,,,,
Q06670,847,Q06670,,Viruses,Autographa californica nuclear polyhedrosis virus,46015,Capsid-associated protein AC83,Lepidoptera,7088,1,19,ECO:0000255,,,,,,,,,,,,,,,,,,,,,,,,,,,,,,,,,,,,
Q06VC5,501,Q06VC5,,Viruses,Trichoplusia ni ascovirus 2c,328615,Putative matrix metalloproteinase,Noctuidae,7100,1,26,ECO:0000255,,,,,,,,,,,,,,,,,,,,,,,,,,,,,,,,,,,,
Q07005,338,Q07005,,Viruses,Human herpesvirus 1 (strain R19),36346,Envelope glycoprotein K,Homo sapiens,9606,1,30,ECO:0000250,,,,122,140,ECO:0000255,213,233,ECO:0000255,244,264,ECO:0000255,302,322,ECO:0000255,,,,,,,,,,,,,,,,,,,,,
Q07156,326,Q07156,,Viruses,Rotavirus A (isolate RVA/Human/India/116E/1986/G9P8[11]),638299,Outer capsid glycoprotein VP7,Homo sapiens,9606,1,50,ECO:0000255,,,,,,,,,,,,,,,,,,,,,,,,,,,,,,,,,,,,
Q07272,326,Q07272,B3SRR5,Viruses,Rotavirus A (isolate RVA/Human/United Kingdom/A64/1987/G10P11[14]),578827,Outer capsid glycoprotein VP7,Homo sapiens,9606,1,50,ECO:0000255,,,,,,,,,,,,,,,,,,,,,,,,,,,,,,,,,,,,
Q08089,524,Q08089,,Viruses,Rabies virus (strain Vnukovo-32),45418,Glycoprotein,"Homo sapiens, Mammalia","9606, 40674",1,19,ECO:0000255,,,,460,480,ECO:0000255,,,,,,,,,,,,,,,,,,,,,,,,,,,,,,
Q08100,417,Q08100,,Viruses,Bovine herpesvirus 1.2 (strain ST),45407,Envelope glycoprotein D,Bos taurus,9913,1,18,ECO:0000250,,,,361,389,ECO:0000255,,,,,,,,,,,,,,,,,,,,,,,,,,,,,,
Q08101,575,Q08101,,Viruses,Bovine herpesvirus 1.2 (strain ST),45407,Envelope glycoprotein E,Bos taurus,9913,1,26,ECO:0000255,,,,424,444,ECO:0000255,,,,,,,,,,,,,,,,,,,,,,,,,,,,,,
Q08102,380,Q08102,,Viruses,Bovine herpesvirus 1.2 (strain ST),45407,Envelope glycoprotein I,Bos taurus,9913,1,20,ECO:0000255,,,,294,314,ECO:0000255,,,,,,,,,,,,,,,,,,,,,,,,,,,,,,
Q08779,326,Q08779,,Viruses,Rotavirus A (isolate RVA/Human/Thailand/Mc35/1992/G10P11[14]),37136,Outer capsid glycoprotein VP7,Homo sapiens,9606,1,50,ECO:0000255,,,,,,,,,,,,,,,,,,,,,,,,,,,,,,,,,,,,
Q0E587,386,Q0E587,,Viruses,Spodoptera frugiperda ascovirus 1a,113370,Putative matrix metalloproteinase,Spodoptera frugiperda,7108,1,34,ECO:0000255,,,,,,,,,,,,,,,,,,,,,,,,,,,,,,,,,,,,
Q0GBX6,524,Q0GBX6,,Viruses,Rabies virus (strain China/DRV),445792,Glycoprotein,"Homo sapiens, Mammalia","9606, 40674",1,19,ECO:0000255,,,,460,480,ECO:0000255,,,,,,,,,,,,,,,,,,,,,,,,,,,,,,
Q0GBY1,524,Q0GBY1,,Viruses,Rabies virus (strain China/MRV),445791,Glycoprotein,"Homo sapiens, Mammalia","9606, 40674",1,19,ECO:0000255,,,,460,480,ECO:0000255,,,,,,,,,,,,,,,,,,,,,,,,,,,,,,
Q0Q470,122,Q0Q470,,Viruses,Bat coronavirus 279/2005,389167,Protein 7a,Rhinolophus macrotis,196889,1,15,ECO:0000250,,,,97,117,ECO:0000255,,,,,,,,,,,,,,,,,,,,,,,,,,,,,,
Q18LE9,737,Q18LE9,,Viruses,Elephantid herpesvirus 1 (isolate Asian elephant/Berlin/Kiba/1998),654902,Envelope glycoprotein H,"Elephas maximus, Loxodonta africana, Loxodonta cyclotis","9783, 9785, 99490",1,25,ECO:0000255,,,,703,723,ECO:0000255,,,,,,,,,,,,,,,,,,,,,,,,,,,,,,
Q196W5,363,Q196W5,,Viruses,Invertebrate iridescent virus 3,345201,Probable matrix metalloproteinase 095L,"Aedes vexans, Culex territans, Culiseta annulata, Ochlerotatus sollicitans, Ochlerotatus taeniorhynchus, Psorophora ferox","7163, 42431, 332058, 310513, 329105, 7183",1,25,ECO:0000255,,,,,,,,,,,,,,,,,,,,,,,,,,,,,,,,,,,,
Q1HVD2,706,Q1HVD2,,Viruses,Epstein-Barr virus (strain AG876),82830,Envelope glycoprotein H,Homo sapiens,9606,1,18,ECO:0000255,,,,683,703,ECO:0000255,,,,,,,,,,,,,,,,,,,,,,,,,,,,,,
Q1HVF6,137,Q1HVF6,,Viruses,Epstein-Barr virus (strain AG876),82830,Envelope glycoprotein L,Homo sapiens,9606,1,25,ECO:0000255,,,,,,,,,,,,,,,,,,,,,,,,,,,,,,,,,,,,
Q2HRA1,194,Q2HRA1,,Viruses,Human herpesvirus 8 type P (isolate GK18),868565,Protein ORF31,Homo sapiens,9606,1,25,ECO:0000255,,,,,,,,,,,,,,,,,,,,,,,,,,,,,,,,,,,,
Q2HRC7,204,Q2HRC7,,Viruses,Human herpesvirus 8 type P (isolate GK18),868565,Viral interleukin-6 homolog,Homo sapiens,9606,1,22,ECO:0000255,,,,,,,,,,,,,,,,,,,,,,,,,,,,,,,,,,,,
Q2HRD4,550,Q2HRD4,D0UZL0,Viruses,Human herpesvirus 8 type P (isolate GK18),868565,Complement control protein,Homo sapiens,9606,1,19,ECO:0000255,,,,528,548,ECO:0000255,,,,,,,,,,,,,,,,,,,,,,,,,,,,,,
Q2HRD5,279,Q2HRD5,,Viruses,Human herpesvirus 8 type P (isolate GK18),868565,Protein K1,Homo sapiens,9606,1,18,ECO:0000255,,,,221,241,ECO:0000255,,,,,,,,,,,,,,,,,,,,,,,,,,,,,,
Q38162,77,Q38162,Q66LQ9,Viruses,Escherichia phage T5,2695836,Lytic conversion lipoprotein,Escherichia coli,562,1,15,,,,,,,,,,,,,,,,,,,,,,,,,,,,,,,,,,,,,
Q3I5J0,122,Q3I5J0,,Viruses,Bat coronavirus Rp3/2004,349344,Protein 7a,"Rhinolophus ferrumequinum, Rhinolophus macrotis, Rhinolophus pearsonii, Rhinolophus sinicus","59479, 196889, 188571, 89399",1,15,ECO:0000250,,,,97,117,ECO:0000255,,,,,,,,,,,,,,,,,,,,,,,,,,,,,,
Q3KSQ3,706,Q3KSQ3,,Viruses,Human herpesvirus 4 (strain GD1),3470597,Envelope glycoprotein H,Homo sapiens,9606,1,18,ECO:0000255,,,,683,703,ECO:0000255,,,,,,,,,,,,,,,,,,,,,,,,,,,,,,
Q3KSS3,137,Q3KSS3,,Viruses,Human herpesvirus 4 (strain GD1),3470597,Envelope glycoprotein L,Homo sapiens,9606,1,25,ECO:0000255,,,,,,,,,,,,,,,,,,,,,,,,,,,,,,,,,,,,
Q3LZX7,122,Q3LZX7,,Viruses,Bat coronavirus HKU3,442736,Protein 7a,Rhinolophus sinicus,89399,1,15,ECO:0000250,,,,97,117,ECO:0000255,,,,,,,,,,,,,,,,,,,,,,,,,,,,,,
Q3ZK60,326,Q3ZK60,,Viruses,Rotavirus A (isolate RVA/Human/Belgium/B4106/2000/G3P11[14]),578843,Outer capsid glycoprotein VP7,Homo sapiens,9606,1,50,ECO:0000255,,,,,,,,,,,,,,,,,,,,,,,,,,,,,,,,,,,,
Q4JQX0,340,Q4JQX0,,Viruses,Varicella-zoster virus (strain Oka vaccine),341980,Envelope glycoprotein K,Homo sapiens,9606,1,21,ECO:0000255,,,,115,135,ECO:0000255,212,232,ECO:0000255,249,269,ECO:0000255,299,319,ECO:0000255,,,,,,,,,,,,,,,,,,,,,
Q4VKV3,531,Q4VKV3,,Viruses,Tupaia virus (isolate Tupaia/Thailand/-/1986),1560034,Glycoprotein,Tupaia,9394,1,21,ECO:0000255,,,,493,513,ECO:0000255,,,,,,,,,,,,,,,,,,,,,,,,,,,,,,
Q4ZJY8,233,Q4ZJY8,,Viruses,Microplitis demolitor bracovirus (isolate Webb),654919,Protease inhibitor Egf1.0,Microplitis demolitor,69319,1,28,ECO:0000255,,,,,,,,,,,,,,,,,,,,,,,,,,,,,,,,,,,,
Q4ZJZ0,515,Q4ZJZ0,,Viruses,Microplitis demolitor bracovirus (isolate Webb),654919,Mucin-like protein Glc1.8a,Microplitis demolitor,69319,1,20,ECO:0000255,,,,468,488,ECO:0000255,,,,,,,,,,,,,,,,,,,,,,,,,,,,,,
Q5K2K4,523,Q5K2K4,,Viruses,Isfahan virus,290008,Glycoprotein,"Gerbillinae, Homo sapiens, Phlebotomus papatasi","10045, 9606, 29031",1,20,ECO:0000255,,,,476,496,ECO:0000255,,,,,,,,,,,,,,,,,,,,,,,,,,,,,,
Q5NDN0,660,Q5NDN0,,Viruses,Poinsettia latent virus (isolate Euphorbia pulcherrima/Germany/Siepen/2005),686943,Genome-linked protein precursor,Euphorbia pulcherrima,37495,1,25,ECO:0000255,,,,131,151,ECO:0000255,165,185,ECO:0000255,,,,,,,,,,,,,,,,,,,,,,,,,,,
Q5UQG7,1651,Q5UQG7,,Viruses,Acanthamoeba polyphaga mimivirus,212035,Putative serine/threonine-protein kinase/receptor R818,Acanthamoeba polyphaga,5757,1,19,ECO:0000255,,,,749,769,ECO:0000255,,,,,,,,,,,,,,,,,,,,,,,,,,,,,,
Q5VKN9,525,Q5VKN9,,Viruses,West Caucasian bat virus,249584,Glycoprotein,Miniopterus schreibersii,9433,1,17,ECO:0000255,,,,460,480,ECO:0000255,,,,,,,,,,,,,,,,,,,,,,,,,,,,,,
Q5VKP3,524,Q5VKP3,,Viruses,Irkut virus,249583,Glycoprotein,Murina leucogaster,187017,1,19,ECO:0000255,,,,460,480,ECO:0000255,,,,,,,,,,,,,,,,,,,,,,,,,,,,,,
Q65ZG0,87,Q65ZG0,,Viruses,Varicella-zoster virus (strain Dumas),10338,Envelope glycoprotein N,Homo sapiens,9606,1,24,ECO:0000255,,,,49,69,ECO:0000255,,,,,,,,,,,,,,,,,,,,,,,,,,,,,,
Q66625,763,Q66625,,Viruses,Equine herpesvirus 2 (strain 86/87),82831,Envelope glycoprotein H,Equus caballus,9796,1,22,ECO:0000255,,,,740,760,ECO:0000255,,,,,,,,,,,,,,,,,,,,,,,,,,,,,,
Q66655,89,Q66655,,Viruses,Equine herpesvirus 2 (strain 86/87),82831,Envelope glycoprotein N,Equus caballus,9796,1,24,ECO:0000255,,,,57,77,ECO:0000255,,,,,,,,,,,,,,,,,,,,,,,,,,,,,,
Q66T62,524,Q66T62,,Viruses,Rabies virus (strain silver-haired bat-associated),445793,Glycoprotein,"Homo sapiens, Mammalia","9606, 40674",1,19,ECO:0000255,,,,460,480,ECO:0000255,,,,,,,,,,,,,,,,,,,,,,,,,,,,,,
Q68396,176,Q68396,,Viruses,Human cytomegalovirus (strain Toledo),311339,Membrane glycoprotein UL144,Homo sapiens,9606,1,20,ECO:0000255,,,,134,154,ECO:0000255,,,,,,,,,,,,,,,,,,,,,,,,,,,,,,
Q68666,278,Q68666,,Viruses,Human cytomegalovirus (strain PT),69169,Envelope glycoprotein L,Homo sapiens,9606,1,30,ECO:0000255,,,,,,,,,,,,,,,,,,,,,,,,,,,,,,,,,,,,
Q68667,278,Q68667,,Viruses,Human cytomegalovirus (strain 119),73483,Envelope glycoprotein L,Homo sapiens,9606,1,32,ECO:0000255,,,,,,,,,,,,,,,,,,,,,,,,,,,,,,,,,,,,
Q68668,278,Q68668,,Viruses,Human cytomegalovirus (strain 1042),69162,Envelope glycoprotein L,Homo sapiens,9606,1,30,ECO:0000255,,,,,,,,,,,,,,,,,,,,,,,,,,,,,,,,,,,,
Q68669,278,Q68669,,Viruses,Human cytomegalovirus (strain 2387),69163,Envelope glycoprotein L,Homo sapiens,9606,1,30,ECO:0000255,,,,,,,,,,,,,,,,,,,,,,,,,,,,,,,,,,,,
Q68670,278,Q68670,,Viruses,Human cytomegalovirus (strain 4654),69164,Envelope glycoprotein L,Homo sapiens,9606,1,30,ECO:0000255,,,,,,,,,,,,,,,,,,,,,,,,,,,,,,,,,,,,
Q68671,278,Q68671,,Viruses,Human cytomegalovirus (strain 5035),69166,Envelope glycoprotein L,Homo sapiens,9606,1,30,ECO:0000255,,,,,,,,,,,,,,,,,,,,,,,,,,,,,,,,,,,,
Q68672,278,Q68672,,Viruses,Human cytomegalovirus (strain 5040),69165,Envelope glycoprotein L,Homo sapiens,9606,1,30,ECO:0000255,,,,,,,,,,,,,,,,,,,,,,,,,,,,,,,,,,,,
Q68673,278,Q68673,,Viruses,Human cytomegalovirus (strain 5160),69167,Envelope glycoprotein L,Homo sapiens,9606,1,30,ECO:0000255,,,,,,,,,,,,,,,,,,,,,,,,,,,,,,,,,,,,
Q68674,278,Q68674,,Viruses,Human cytomegalovirus (strain 5508),69168,Envelope glycoprotein L,Homo sapiens,9606,1,30,ECO:0000255,,,,,,,,,,,,,,,,,,,,,,,,,,,,,,,,,,,,
Q69467,393,Q69467,O12514,Viruses,Human herpesvirus 2 (strain HG52),10315,Envelope glycoprotein D,Homo sapiens,9606,1,25,ECO:0000255,,,,341,361,ECO:0000255,,,,,,,,,,,,,,,,,,,,,,,,,,,,,,
Q69555,422,Q69555,Q69044,Viruses,Human herpesvirus 6A (strain Uganda-1102),10370,Glycoprotein U20,Homo sapiens,9606,1,15,ECO:0000255,,,,322,342,ECO:0000255,,,,,,,,,,,,,,,,,,,,,,,,,,,,,,
Q6DLD8,424,Q6DLD8,P18553,Viruses,Equine herpesvirus 1 (strain Ab4p),31520,Envelope glycoprotein I,Equus caballus,9796,1,22,ECO:0000255,,,,320,340,ECO:0000255,,,,,,,,,,,,,,,,,,,,,,,,,,,,,,
Q6DLD9,452,Q6DLD9,P24379,Viruses,Equine herpesvirus 1 (strain Ab4p),31520,Envelope glycoprotein D,Equus caballus,9796,1,19,ECO:0000255,,,,406,422,ECO:0000255,,,,,,,,,,,,,,,,,,,,,,,,,,,,,,
Q6DLH1,848,Q6DLH1,"P09101, Q66681",Viruses,Equine herpesvirus 1 (strain Ab4p),31520,Envelope glycoprotein H,Equus caballus,9796,1,24,ECO:0000255,,,,809,829,ECO:0000255,,,,,,,,,,,,,,,,,,,,,,,,,,,,,,
Q6DQ15,545,Q6DQ15,,Viruses,Influenza A virus (strain A/Teal/China/2978.1/2002 H5N1 genotype W),284215,Hemagglutinin,"Aves, Felis catus, Homo sapiens, Panthera pardus, Panthera tigris, Sus scrofa","8782, 9685, 9606, 9691, 9694, 9823",1,12,ECO:0000255,,,,,,,,,,,,,,,,,,,,,,,,,,,,,,,,,,,,
Q6L5Y4,326,Q6L5Y4,,Viruses,Rotavirus A (strain RVA/Human/United States/M/1976/G3P[X]),578834,Outer capsid glycoprotein VP7,Homo sapiens,9606,1,50,ECO:0000255,,,,,,,,,,,,,,,,,,,,,,,,,,,,,,,,,,,,
Q6Q304,646,Q6Q304,,Viruses,European mountain ash ringspot-associated virus (isolate Sorbus aucuparia),1980426,Envelope glycoprotein,"Eriophyes pyri, Sorbus aucuparia","483436, 36599",1,25,ECO:0000255,,,,120,140,ECO:0000255,177,197,ECO:0000255,589,609,ECO:0000255,,,,,,,,,,,,,,,,,,,,,,,,
Q6RZT5,138,Q6RZT5,,Viruses,Rabbitpox virus (strain Utrecht),45417,Growth factor,Oryctolagus cuniculus,9986,1,19,ECO:0000255,,,,,,,,,,,,,,,,,,,,,,,,,,,,,,,,,,,,
Q6S6Q5,468,Q6S6Q5,"P12889, P36321",Viruses,Equine herpesvirus 1 (strain Ab4p),31520,Envelope glycoprotein C,Equus caballus,9796,1,30,ECO:0000255,,,,432,451,ECO:0000255,,,,,,,,,,,,,,,,,,,,,,,,,,,,,,
Q6S6R5,343,Q6S6R5,P28933,Viruses,Equine herpesvirus 1 (strain Ab4p),31520,Envelope glycoprotein K,Equus caballus,9796,1,31,ECO:0000255,,,,119,139,ECO:0000255,214,234,ECO:0000255,252,272,ECO:0000255,304,324,ECO:0000255,,,,,,,,,,,,,,,,,,,,,
Q6S6V7,550,Q6S6V7,P18552,Viruses,Equine herpesvirus 1 (strain Ab4p),31520,Envelope glycoprotein E,Equus caballus,9796,1,23,ECO:0000255,,,,409,425,ECO:0000255,,,,,,,,,,,,,,,,,,,,,,,,,,,,,,
Q6SVZ5,215,Q6SVZ5,D2K3V6,Viruses,Human cytomegalovirus (strain Merlin),295027,Membrane glycoprotein US11,Homo sapiens,9606,1,17,ECO:0000255,,,,183,203,ECO:0000255,,,,,,,,,,,,,,,,,,,,,,,,,,,,,,
Q6SW00,182,Q6SW00,D2K3V1,Viruses,Human cytomegalovirus (strain Merlin),295027,Unique short US6 glycoprotein,Homo sapiens,9606,1,19,ECO:0000255,,,,144,164,ECO:0000255,,,,,,,,,,,,,,,,,,,,,,,,,,,,,,
Q6UDF4,568,Q6UDF4,,Viruses,Psittacid herpesvirus 1 (isolate Amazon parrot/-/97-0001/1997),670426,Envelope glycoprotein E,Amazona oratrix,152276,1,20,ECO:0000255,,,,423,443,ECO:0000255,,,,,,,,,,,,,,,,,,,,,,,,,,,,,,
Q6UDF5,408,Q6UDF5,,Viruses,Psittacid herpesvirus 1 (isolate Amazon parrot/-/97-0001/1997),670426,Envelope glycoprotein I,Amazona oratrix,152276,1,23,ECO:0000255,,,,312,332,ECO:0000255,,,,,,,,,,,,,,,,,,,,,,,,,,,,,,
Q6UDF6,383,Q6UDF6,,Viruses,Psittacid herpesvirus 1 (isolate Amazon parrot/-/97-0001/1997),670426,Envelope glycoprotein D,Amazona oratrix,152276,1,30,ECO:0000255,,,,359,379,ECO:0000255,,,,,,,,,,,,,,,,,,,,,,,,,,,,,,
Q6UDG5,182,Q6UDG5,,Viruses,Psittacid herpesvirus 1 (isolate Amazon parrot/-/97-0001/1997),670426,Envelope glycoprotein L,Amazona oratrix,152276,1,39,ECO:0000255,,,,,,,,,,,,,,,,,,,,,,,,,,,,,,,,,,,,
Q6UDK4,911,Q6UDK4,,Viruses,Psittacid herpesvirus 1 (isolate Amazon parrot/-/97-0001/1997),670426,Envelope glycoprotein B,Amazona oratrix,152276,1,30,ECO:0000255,,,,779,799,ECO:0000255,,,,,,,,,,,,,,,,,,,,,,,,,,,,,,
Q6UDL0,806,Q6UDL0,,Viruses,Psittacid herpesvirus 1 (isolate Amazon parrot/-/97-0001/1997),670426,Envelope glycoprotein H,Amazona oratrix,152276,1,40,ECO:0000255,,,,765,785,ECO:0000255,,,,,,,,,,,,,,,,,,,,,,,,,,,,,,
Q6UDL9,115,Q6UDL9,,Viruses,Psittacid herpesvirus 1 (isolate Amazon parrot/-/97-0001/1997),670426,Envelope glycoprotein N,Amazona oratrix,152276,1,27,ECO:0000255,,,,78,98,ECO:0000255,,,,,,,,,,,,,,,,,,,,,,,,,,,,,,
Q6UDM3,358,Q6UDM3,,Viruses,Psittacid herpesvirus 1 (isolate Amazon parrot/-/97-0001/1997),670426,Envelope glycoprotein K,Amazona oratrix,152276,1,33,ECO:0000255,,,,142,162,ECO:0000255,236,256,ECO:0000255,274,294,ECO:0000255,324,344,ECO:0000255,,,,,,,,,,,,,,,,,,,,,
Q6VTL7,324,Q6VTL7,Q6LCB9,Viruses,Choristoneura fumiferana defective polyhedrosis virus,74660,Viral cathepsin,Lepidoptera,7088,1,18,ECO:0000255,,,,,,,,,,,,,,,,,,,,,,,,,,,,,,,,,,,,
Q6X1D1,526,Q6X1D1,,Viruses,Khujand virus,237716,Glycoprotein,Myotis mystacinus,109479,1,19,ECO:0000255,,,,460,480,ECO:0000255,,,,,,,,,,,,,,,,,,,,,,,,,,,,,,
Q6X1D5,526,Q6X1D5,,Viruses,Aravan virus,211977,Glycoprotein,Myotis blythii,109482,1,19,ECO:0000255,,,,460,480,ECO:0000255,,,,,,,,,,,,,,,,,,,,,,,,,,,,,,
Q76WK3,326,Q76WK3,"Q2MH33, Q2MH34",Viruses,Rotavirus A (strain RVA/Human/Japan/KU/1995/G1P1A[8]),10952,Outer capsid glycoprotein VP7,Homo sapiens,9606,1,50,ECO:0000255,,,,,,,,,,,,,,,,,,,,,,,,,,,,,,,,,,,,
Q775J3,841,Q775J3,,Viruses,Varicella-zoster virus (strain Oka vaccine),341980,Envelope glycoprotein H,Homo sapiens,9606,1,17,ECO:0000255,,,,803,823,ECO:0000255,,,,,,,,,,,,,,,,,,,,,,,,,,,,,,
Q776B5,139,Q776B5,,Viruses,Camelpox virus (strain CMS),203172,Growth factor,Camelus,9836,1,19,ECO:0000255,,,,,,,,,,,,,,,,,,,,,,,,,,,,,,,,,,,,
Q779K4,315,Q779K4,Q7B2T8,Viruses,Shigella phage 7888,138946,Shiga toxin subunit A,Shigella sonnei,624,1,22,ECO:0000255,,,,,,,,,,,,,,,,,,,,,,,,,,,,,,,,,,,,
Q77JN0,845,Q77JN0,,Viruses,Elephantid herpesvirus 1 (isolate Asian elephant/Berlin/Kiba/1998),654902,Envelope glycoprotein B,"Elephas maximus, Loxodonta africana, Loxodonta cyclotis","9783, 9785, 99490",1,41,ECO:0000255,,,,728,748,ECO:0000255,,,,,,,,,,,,,,,,,,,,,,,,,,,,,,
Q77MR4,95,Q77MR4,,Viruses,Gallid herpesvirus 2 (strain Chicken/Md5/ATCC VR-987),10389,Envelope glycoprotein N,Gallus gallus,9031,1,26,ECO:0000255,,,,56,76,ECO:0000255,,,,,,,,,,,,,,,,,,,,,,,,,,,,,,
Q77MS8,195,Q77MS8,,Viruses,Gallid herpesvirus 2 (strain Chicken/Md5/ATCC VR-987),10389,Envelope glycoprotein L,Gallus gallus,9031,1,25,ECO:0000255,,,,,,,,,,,,,,,,,,,,,,,,,,,,,,,,,,,,
Q77NN4,354,Q77NN4,,Viruses,Varicella-zoster virus (strain Oka vaccine),341980,Envelope glycoprotein I,Homo sapiens,9606,1,20,ECO:0000255,,,,275,295,ECO:0000255,,,,,,,,,,,,,,,,,,,,,,,,,,,,,,
Q77SK0,508,Q77SK0,"Q76G52, Q82020",Viruses,Hirame rhabdovirus (strain Korea/CA 9703/1997),453457,Glycoprotein,"Acanthopagrus schlegelii, Paralichthys olivaceus, Plecoglossus altivelis, Sebastes inermis","72011, 8255, 61084, 160818",1,20,ECO:0000255,,,,462,482,ECO:0000255,,,,,,,,,,,,,,,,,,,,,,,,,,,,,,
Q7T6T3,1453,Q7T6T3,,Viruses,Canine coronavirus (strain BGF10),441619,Spike glycoprotein,Canis lupus familiaris,9615,1,31,ECO:0000255,,,,1395,1414,ECO:0000255,,,,,,,,,,,,,,,,,,,,,,,,,,,,,,
Q7T6X2,1657,Q7T6X2,,Viruses,Acanthamoeba polyphaga mimivirus,212035,Putative serine/threonine-protein kinase/receptor R826,Acanthamoeba polyphaga,5757,1,23,ECO:0000255,,,,742,762,ECO:0000255,,,,,,,,,,,,,,,,,,,,,,,,,,,,,,
Q7T6Y2,1624,Q7T6Y2,,Viruses,Acanthamoeba polyphaga mimivirus,212035,Putative serine/threonine-protein kinase/receptor R831,Acanthamoeba polyphaga,5757,1,25,ECO:0000255,,,,747,767,ECO:0000255,,,,,,,,,,,,,,,,,,,,,,,,,,,,,,
Q7TLR9,833,Q7TLR9,,Viruses,Choristoneura fumiferana nuclear polyhedrosis virus,208973,Capsid-associated protein Vp91,Choristoneura fumiferana,7141,1,18,ECO:0000255,,,,,,,,,,,,,,,,,,,,,,,,,,,,,,,,,,,,
Q80IG9,329,Q80IG9,,Viruses,Rotavirus A (isolate RVA/Cow/Germany/993/1983/G18P[17]),45408,Outer capsid glycoprotein VP7,Bos taurus,9913,1,53,ECO:0000255,,,,,,,,,,,,,,,,,,,,,,,,,,,,,,,,,,,,
Q80LP4,337,Q80LP4,,Viruses,Adoxophyes honmai nucleopolyhedrovirus,224399,Viral cathepsin,Adoxophyes honmai,85585,1,19,ECO:0000255,,,,,,,,,,,,,,,,,,,,,,,,,,,,,,,,,,,,
Q82683,508,Q82683,,Viruses,Infectious hematopoietic necrosis virus (strain WRAC),429314,Glycoprotein,Salmo,8028,1,20,ECO:0000255,,,,462,482,ECO:0000255,,,,,,,,,,,,,,,,,,,,,,,,,,,,,,
Q82706,508,Q82706,,Viruses,Infectious hematopoietic necrosis virus (strain Oregon69),429315,Glycoprotein,Salmo,8028,1,20,ECO:0000255,,,,462,482,ECO:0000255,,,,,,,,,,,,,,,,,,,,,,,,,,,,,,
Q83441,326,Q83441,,Viruses,Rotavirus A (isolate RVA/Mouse/United States/Eb/1982/G16P10[16]),578842,Outer capsid glycoprotein VP7,Mus musculus musculus,39442,1,50,ECO:0000255,,,,,,,,,,,,,,,,,,,,,,,,,,,,,,,,,,,,
Q83446,326,Q83446,,Viruses,Rotavirus A (isolate RVA/Mouse/Brazil/EHP/1981/G16P[20]),578840,Outer capsid glycoprotein VP7,Mus musculus musculus,39442,1,50,ECO:0000255,,,,,,,,,,,,,,,,,,,,,,,,,,,,,,,,,,,,
Q85031,326,Q85031,,Viruses,Rotavirus A (isolate RVA/Pig/Venezuela/A46/1985/G5P13[13]),578841,Outer capsid glycoprotein VP7,Sus scrofa,9823,1,50,ECO:0000255,,,,,,,,,,,,,,,,,,,,,,,,,,,,,,,,,,,,
Q85213,529,Q85213,,Viruses,Piry virus,11274,Glycoprotein,Gracilinanus microtarsus,126289,1,18,ECO:0000255,,,,470,490,ECO:0000255,,,,,,,,,,,,,,,,,,,,,,,,,,,,,,
Q85230,312,Q85230,,Viruses,Suid herpesvirus 1 (strain Kaplan),33703,Envelope glycoprotein K,Sus scrofa,9823,1,20,ECO:0000255,,,,92,112,ECO:0000255,188,208,ECO:0000255,228,248,ECO:0000255,281,301,ECO:0000255,,,,,,,,,,,,,,,,,,,,,
Q85320,108,Q85320,,Viruses,Vaccinia virus (strain Western Reserve),10254,Virion membrane protein OPG135,Bos taurus,9913,1,22,ECO:0000255,,,,46,66,ECO:0000255,,,,,,,,,,,,,,,,,,,,,,,,,,,,,,
Q86207,326,Q86207,,Viruses,Rotavirus A (strain RVA/Human/Japan/K8/1977/G1P3A[9]),39012,Outer capsid glycoprotein VP7,Homo sapiens,9606,1,50,ECO:0000255,,,,,,,,,,,,,,,,,,,,,,,,,,,,,,,,,,,,
Q86539,87,Q86539,O12513,Viruses,Human herpesvirus 2 (strain HG52),10315,Envelope glycoprotein N,Homo sapiens,9606,1,25,ECO:0000255,,,,52,72,ECO:0000255,,,,,,,,,,,,,,,,,,,,,,,,,,,,,,
Q86607,140,Q86607,,Viruses,Vaccinia virus (strain L-IVP),31531,Pro-vaccinia growth factor,Homo sapiens,9606,1,18,ECO:0000255,,,,101,121,ECO:0000255,,,,,,,,,,,,,,,,,,,,,,,,,,,,,,
Q87088,98,Q87088,,Viruses,Suid herpesvirus 1,10345,Envelope glycoprotein N,,,1,24,ECO:0000255,,,,61,81,ECO:0000255,,,,,,,,,,,,,,,,,,,,,,,,,,,,,,
Q88938,1160,Q88938,,Viruses,Walleye dermal sarcoma virus,39720,Envelope glycoprotein,Sander vitreus,283036,1,22,ECO:0000255,,,,854,874,ECO:0000255,1049,1069,ECO:0000255,1128,1148,ECO:0000255,,,,,,,,,,,,,,,,,,,,,,,,
Q89182,315,Q89182,,Viruses,Vaccinia virus (strain Ankara),126794,Protein OPG185,Homo sapiens,9606,1,16,ECO:0000250,,,,280,303,ECO:0000255,,,,,,,,,,,,,,,,,,,,,,,,,,,,,,
Q89860,305,Q89860,,Viruses,Duck hepatitis B virus (isolate Shanghai/DHBVQCA34),644639,External core antigen,Anas,8835,1,19,ECO:0000255,,,,,,,,,,,,,,,,,,,,,,,,,,,,,,,,,,,,
Q8B9D5,323,Q8B9D5,,Viruses,Rachiplusia ou multiple nucleopolyhedrovirus (strain R1),654904,Viral cathepsin,"Helicoverpa zea, Lepidoptera, Ostrinia nubilalis","7113, 7088, 29057",1,16,ECO:0000255,,,,,,,,,,,,,,,,,,,,,,,,,,,,,,,,,,,,
Q8BEJ6,313,Q8BEJ6,,Viruses,Monkeypox virus,10244,Protein OPG185,"Cynomys gunnisoni, Cynomys leucurus, Cynomys ludovicianus, Cynomys mexicanus, Cynomys parvidens, Gliridae, Heliosciurus ruwenzorii, Homo sapiens, Mus musculus","45479, 99825, 45480, 99826, 99827, 30650, 226685, 9606, 10090",1,16,ECO:0000255,,,,275,295,ECO:0000255,,,,,,,,,,,,,,,,,,,,,,,,,,,,,,
Q8JL80,399,Q8JL80,,Viruses,Ectromelia virus (strain Moscow),265874,Semaphorin-like protein 139,Mus musculus,10090,1,14,ECO:0000255,,,,,,,,,,,,,,,,,,,,,,,,,,,,,,,,,,,,
Q8JNB3,326,Q8JNB3,,Viruses,Rotavirus A (strain RVA/Cow/United States/WC3/1981/G6P7[5]),578828,Outer capsid glycoprotein VP7,Bos taurus,9913,1,50,ECO:0000255,,,,,,,,,,,,,,,,,,,,,,,,,,,,,,,,,,,,
Q8JPR1,1441,Q8JPR1,,Viruses,Bunyavirus La Crosse (isolate Human/United States/L78/1978),796210,Envelopment polyprotein,"Cervidae, Homo sapiens, Ochlerotatus triseriatus, Tamias","9850, 9606, 7162, 13712",1,13,ECO:0000255,,,,201,221,ECO:0000255,306,326,ECO:0000255,362,382,ECO:0000255,451,471,ECO:0000255,1396,1416,ECO:0000255,,,,,,,,,,,,,,,,,,
Q8JTH0,526,Q8JTH0,,Viruses,Australian bat lyssavirus (isolate Human/AUS/1998),446562,Glycoprotein,"Homo sapiens, Pteropus alecto, Pteropus conspicillatus, Pteropus poliocephalus, Pteropus scapulatus, Saccolaimus","9606, 9402, 328804, 9403, 94117, 446909",1,19,ECO:0000255,,,,460,480,ECO:0000255,,,,,,,,,,,,,,,,,,,,,,,,,,,,,,
Q8QLK1,337,Q8QLK1,,Viruses,Mamestra configurata nucleopolyhedrovirus,207830,Viral cathepsin,Mamestra configurata,174822,1,16,ECO:0000255,,,,,,,,,,,,,,,,,,,,,,,,,,,,,,,,,,,,
Q8UZK5,215,Q8UZK5,,Viruses,Human cytomegalovirus (strain Towne),10363,Unique short US11 glycoprotein,Homo sapiens,9606,1,17,ECO:0000250,,,,183,203,ECO:0000255,,,,,,,,,,,,,,,,,,,,,,,,,,,,,,
Q8V307,139,Q8V307,,Viruses,Camelpox virus (strain M-96),203173,Growth factor,Camelus,9836,1,19,ECO:0000255,,,,,,,,,,,,,,,,,,,,,,,,,,,,,,,,,,,,
Q8V5U0,367,Q8V5U0,,Viruses,Heliothis zea nuclear polyhedrosis virus,28290,Viral cathepsin,Lepidoptera,7088,1,25,ECO:0000255,,,,,,,,,,,,,,,,,,,,,,,,,,,,,,,,,,,,
Q90023,187,Q90023,,Viruses,Paramecium bursaria Chlorella virus 1,10506,Superoxide dismutase [Cu-Zn],Chlorella,3071,1,21,ECO:0000255,,,,,,,,,,,,,,,,,,,,,,,,,,,,,,,,,,,,
Q91BH1,337,Q91BH1,,Viruses,Spodoptera litura multicapsid nucleopolyhedrovirus,46242,Viral cathepsin,Lepidoptera,7088,1,18,ECO:0000255,,,,,,,,,,,,,,,,,,,,,,,,,,,,,,,,,,,,
Q91C28,533,Q91C28,"Q49AV0, Q8QPE3, Q8QPE4, Q8QPE5",Viruses,Duvenhage virus,38767,Glycoprotein,"Homo sapiens, Mammalia","9606, 40674",1,19,ECO:0000255,,,,460,480,ECO:0000255,,,,,,,,,,,,,,,,,,,,,,,,,,,,,,
Q91CL9,324,Q91CL9,,Viruses,Antheraea pernyi nuclear polyhedrosis virus,161494,Viral cathepsin,Antheraea pernyi,7119,1,16,ECO:0000255,,,,,,,,,,,,,,,,,,,,,,,,,,,,,,,,,,,,
Q91DS0,509,Q91DS0,,Viruses,Spring viremia of carp virus,696863,Glycoprotein,Cyprinus carpio,7962,1,18,ECO:0000255,,,,462,482,ECO:0000255,,,,,,,,,,,,,,,,,,,,,,,,,,,,,,
Q91GE3,323,Q91GE3,,Viruses,Epiphyas postvittana nucleopolyhedrovirus,70600,Viral cathepsin,Lepidoptera,7088,1,18,ECO:0000255,,,,,,,,,,,,,,,,,,,,,,,,,,,,,,,,,,,,
Q96643,326,Q96643,,Viruses,Rotavirus A (isolate RVA/Cow/United States/VMRI/1988/G6P[5]),10935,Outer capsid glycoprotein VP7,Bos taurus,9913,1,50,ECO:0000255,,,,,,,,,,,,,,,,,,,,,,,,,,,,,,,,,,,,
Q98031,326,Q98031,,Viruses,Rotavirus A (strain RVA/Human/Japan/KUN/1980/G2P1B[4]),578829,Outer capsid glycoprotein VP7,Homo sapiens,9606,1,50,ECO:0000255,,,,,,,,,,,,,,,,,,,,,,,,,,,,,,,,,,,,
Q9DLD4,553,Q9DLD4,,Viruses,Newcastle disease virus (strain Chicken/United States/B1/48),652953,Fusion glycoprotein F0,Gallus gallus,9031,1,31,ECO:0000255,,,,501,521,ECO:0000255,,,,,,,,,,,,,,,,,,,,,,,,,,,,,,
Q9E6L5,355,Q9E6L5,,Viruses,Gallid herpesvirus 2 (strain Chicken/Md5/ATCC VR-987),10389,Envelope glycoprotein I,Gallus gallus,9031,1,18,ECO:0000255,,,,269,289,ECO:0000255,,,,,,,,,,,,,,,,,,,,,,,,,,,,,,
Q9E6L6,403,Q9E6L6,,Viruses,Gallid herpesvirus 2 (strain Chicken/Md5/ATCC VR-987),10389,Envelope glycoprotein D,Gallus gallus,9031,1,34,ECO:0000255,,,,358,378,ECO:0000255,,,,,,,,,,,,,,,,,,,,,,,,,,,,,,
Q9E6M3,354,Q9E6M3,,Viruses,Gallid herpesvirus 2 (strain Chicken/Md5/ATCC VR-987),10389,Envelope glycoprotein K,Gallus gallus,9031,1,31,ECO:0000255,,,,119,141,ECO:0000255,172,194,ECO:0000255,206,226,ECO:0000255,253,273,ECO:0000255,316,336,ECO:0000255,,,,,,,,,,,,,,,,,,
Q9E6P6,813,Q9E6P6,,Viruses,Gallid herpesvirus 2 (strain Chicken/Md5/ATCC VR-987),10389,Envelope glycoprotein H,Gallus gallus,9031,1,18,ECO:0000255,,,,770,790,ECO:0000255,,,,,,,,,,,,,,,,,,,,,,,,,,,,,,
Q9E779,326,Q9E779,,Viruses,Rotavirus A (isolate RVA/Cow/India/Hg18/2000/G15P[21]),141270,Outer capsid glycoprotein VP7,Bos taurus,9913,1,50,ECO:0000255,,,,,,,,,,,,,,,,,,,,,,,,,,,,,,,,,,,,
Q9IFF7,339,Q9IFF7,,Viruses,Influenza A virus (strain A/Ann Arbor/6/1960 H2N2),384498,Hemagglutinin,"Aves, Homo sapiens","8782, 9606",1,15,ECO:0000255,,,,,,,,,,,,,,,,,,,,,,,,,,,,,,,,,,,,
Q9IPD4,326,Q9IPD4,,Viruses,Rotavirus A (isolate RVA/Equine/Japan/HO-5/1980/G3P[X]),148357,Outer capsid glycoprotein VP7,Equus caballus,9796,1,50,ECO:0000255,,,,,,,,,,,,,,,,,,,,,,,,,,,,,,,,,,,,
Q9J3N1,160,Q9J3N1,,Viruses,Varicella-zoster virus (strain Oka vaccine),341980,Envelope glycoprotein L,Homo sapiens,9606,1,22,ECO:0000255,,,,,,,,,,,,,,,,,,,,,,,,,,,,,,,,,,,,
Q9J8B9,337,Q9J8B9,,Viruses,Spodoptera exigua nuclear polyhedrosis virus (strain US),31506,Viral cathepsin,Lepidoptera,7088,1,16,ECO:0000255,,,,,,,,,,,,,,,,,,,,,,,,,,,,,,,,,,,,
Q9JAE0,538,Q9JAE0,,Viruses,Mumps virus (strain Kilham),11169,Fusion glycoprotein F0,Homo sapiens,9606,1,19,ECO:0000305,,,,483,503,ECO:0000255,,,,,,,,,,,,,,,,,,,,,,,,,,,,,,
Q9JF44,317,Q9JF44,,Viruses,Vaccinia virus (strain Tian Tan),10253,Protein OPG190,Homo sapiens,9606,1,17,ECO:0000255,,,,280,300,ECO:0000255,,,,,,,,,,,,,,,,,,,,,,,,,,,,,,
Q9JFH4,140,Q9JFH4,,Viruses,Vaccinia virus (strain Tian Tan),10253,Pro-vaccinia growth factor,Homo sapiens,9606,1,18,ECO:0000255,,,,101,121,ECO:0000255,,,,,,,,,,,,,,,,,,,,,,,,,,,,,,
Q9PYY5,346,Q9PYY5,,Viruses,Xestia c-nigrum granulosis virus,51677,Viral cathepsin,Xestia,320016,1,28,ECO:0000255,,,,,,,,,,,,,,,,,,,,,,,,,,,,,,,,,,,,
Q9QJ11,616,Q9QJ11,,Viruses,Human herpesvirus 6B (strain Z29),36351,Glycoprotein Q1,Homo sapiens,9606,1,24,ECO:0000255,,,,,,,,,,,,,,,,,,,,,,,,,,,,,,,,,,,,
Q9QR69,489,Q9QR69,,Viruses,Human herpesvirus 8 type P (isolate GK18),868565,Protein K15,Homo sapiens,9606,1,26,ECO:0000255,,,,29,49,ECO:0000255,63,83,ECO:0000255,89,109,ECO:0000255,121,141,ECO:0000255,148,168,ECO:0000255,175,195,ECO:0000255,200,220,ECO:0000255,237,257,ECO:0000255,264,284,ECO:0000255,296,316,ECO:0000255,324,344,ECO:0000255
Q9QSP1,525,Q9QSP1,,Viruses,Australian bat lyssavirus (isolate Bat/AUS/1996),446561,Glycoprotein,"Homo sapiens, Pteropus alecto, Pteropus conspicillatus, Pteropus poliocephalus, Pteropus scapulatus, Saccolaimus","9606, 9402, 328804, 9403, 94117, 446909",1,19,ECO:0000255,,,,460,480,ECO:0000255,,,,,,,,,,,,,,,,,,,,,,,,,,,,,,
Q9WGE0,324,Q9WGE0,,Viruses,Hyphantria cunea nuclear polyhedrosis virus,28288,Viral cathepsin,Lepidoptera,7088,1,18,ECO:0000255,,,,,,,,,,,,,,,,,,,,,,,,,,,,,,,,,,,,
Q9YMJ7,676,Q9YMJ7,,Viruses,Lymantria dispar multicapsid nuclear polyhedrosis virus,10449,Envelope fusion protein,Lepidoptera,7088,1,16,ECO:0000255,,,,577,597,ECO:0000255,,,,,,,,,,,,,,,,,,,,,,,,,,,,,,
Q9YMP9,356,Q9YMP9,,Viruses,Lymantria dispar multicapsid nuclear polyhedrosis virus,10449,Viral cathepsin,Lepidoptera,7088,1,40,ECO:0000255,,,,,,,,,,,,,,,,,,,,,,,,,,,,,,,,,,,,
Q9YWK4,331,Q9YWK4,,Viruses,Buzura suppressaria nuclear polyhedrosis virus,74320,Viral cathepsin,Lepidoptera,7088,1,21,ECO:0000255,,,,,,,,,,,,,,,,,,,,,,,,,,,,,,,,,,,,
A0A7H0DMZ8,126,A0A7H0DMZ8,,Viruses,Monkeypox virus,10244,Interleukin-18-binding protein,"Cynomys gunnisoni, Cynomys leucurus, Cynomys ludovicianus, Cynomys mexicanus, Cynomys parvidens, Gliridae, Heliosciurus ruwenzorii, Homo sapiens, Mus musculus","45479, 99825, 45480, 99826, 99827, 30650, 226685, 9606, 10090",1,16,ECO:0000255,,,,,,,,,,,,,,,,,,,,,,,,,,,,,,,,,,,,
A0A7H0DN11,220,A0A7H0DN11,,Viruses,Monkeypox virus,10244,Early protein OPG038,"Cynomys gunnisoni, Cynomys leucurus, Cynomys ludovicianus, Cynomys mexicanus, Cynomys parvidens, Gliridae, Heliosciurus ruwenzorii, Homo sapiens, Mus musculus","45479, 99825, 45480, 99826, 99827, 30650, 226685, 9606, 10090",1,17,ECO:0000255,,,,,,,,,,,,,,,,,,,,,,,,,,,,,,,,,,,,
A0A7H0DN13,375,A0A7H0DN13,,Viruses,Monkeypox virus,10244,Superinfection exclusion protein,"Cynomys gunnisoni, Cynomys leucurus, Cynomys ludovicianus, Cynomys mexicanus, Cynomys parvidens, Gliridae, Heliosciurus ruwenzorii, Homo sapiens, Mus musculus","45479, 99825, 45480, 99826, 99827, 30650, 226685, 9606, 10090",1,15,ECO:0000255,,,,,,,,,,,,,,,,,,,,,,,,,,,,,,,,,,,,
A0A7H0DN22,318,A0A7H0DN22,,Viruses,Monkeypox virus,10244,Protein OPG049,"Cynomys gunnisoni, Cynomys leucurus, Cynomys ludovicianus, Cynomys mexicanus, Cynomys parvidens, Gliridae, Heliosciurus ruwenzorii, Homo sapiens, Mus musculus","45479, 99825, 45480, 99826, 99827, 30650, 226685, 9606, 10090",1,20,ECO:0000255,,,,282,302,ECO:0000255,,,,,,,,,,,,,,,,,,,,,,,,,,,,,,
A0A7H0DNA7,100,A0A7H0DNA7,,Viruses,Monkeypox virus,10244,Virion membrane protein OPG135,"Cynomys gunnisoni, Cynomys leucurus, Cynomys ludovicianus, Cynomys mexicanus, Cynomys parvidens, Gliridae, Heliosciurus ruwenzorii, Homo sapiens, Mus musculus","45479, 99825, 45480, 99826, 99827, 30650, 226685, 9606, 10090",1,22,ECO:0000255,,,,46,66,ECO:0000255,,,,,,,,,,,,,,,,,,,,,,,,,,,,,,
A0A7H0DND8,221,A0A7H0DND8,,Viruses,Monkeypox virus,10244,Protein OPG170,"Cynomys gunnisoni, Cynomys leucurus, Cynomys ludovicianus, Cynomys mexicanus, Cynomys parvidens, Gliridae, Heliosciurus ruwenzorii, Homo sapiens, Mus musculus","45479, 99825, 45480, 99826, 99827, 30650, 226685, 9606, 10090",1,17,ECO:0000255,,,,,,,,,,,,,,,,,,,,,,,,,,,,,,,,,,,,
A0A7H0DNE0,196,A0A7H0DNE0,,Viruses,Monkeypox virus,10244,Protein OPG172,"Cynomys gunnisoni, Cynomys leucurus, Cynomys ludovicianus, Cynomys mexicanus, Cynomys parvidens, Gliridae, Heliosciurus ruwenzorii, Homo sapiens, Mus musculus","45479, 99825, 45480, 99826, 99827, 30650, 226685, 9606, 10090",1,21,ECO:0000255,,,,168,188,ECO:0000255,,,,,,,,,,,,,,,,,,,,,,,,,,,,,,
A0A7H0DNF5,267,A0A7H0DNF5,,Viruses,Monkeypox virus,10244,Soluble interferon gamma receptor OPG193,"Cynomys gunnisoni, Cynomys leucurus, Cynomys ludovicianus, Cynomys mexicanus, Cynomys parvidens, Gliridae, Heliosciurus ruwenzorii, Homo sapiens, Mus musculus","45479, 99825, 45480, 99826, 99827, 30650, 226685, 9606, 10090",1,17,ECO:0000255,,,,,,,,,,,,,,,,,,,,,,,,,,,,,,,,,,,,
A0A7H0DNG1,180,A0A7H0DNG1,,Viruses,Monkeypox virus,10244,Interleukin-1-binding protein,"Cynomys gunnisoni, Cynomys leucurus, Cynomys ludovicianus, Cynomys mexicanus, Cynomys parvidens, Gliridae, Heliosciurus ruwenzorii, Homo sapiens, Mus musculus","45479, 99825, 45480, 99826, 99827, 30650, 226685, 9606, 10090",1,20,ECO:0000255,,,,,,,,,,,,,,,,,,,,,,,,,,,,,,,,,,,,
A4UHQ1,524,A4UHQ1,,Viruses,European bat lyssavirus 1 (strain Bat/Germany/RV9/1968),453115,Glycoprotein,Mammalia,40674,1,19,ECO:0000255,,,,460,480,ECO:0000255,,,,,,,,,,,,,,,,,,,,,,,,,,,,,,
A7WNB0,298,A7WNB0,,Viruses,Drosophila melanogaster sigma virus (isolate Drosophila/USA/AP30/2005),666363,Protein PP3,Drosophila melanogaster,7227,1,25,ECO:0000255,,,,,,,,,,,,,,,,,,,,,,,,,,,,,,,,,,,,
A8CGF6,61,A8CGF6,Q8LTE9,Viruses,Salmonella phage P22,10754,"Probable spanin, outer lipoprotein subunit",Salmonella typhimurium,90371,1,28,ECO:0000255,,,,,,,,,,,,,,,,,,,,,,,,,,,,,,,,,,,,
A9JLI2,270,A9JLI2,,Viruses,African swine fever virus (isolate Pig/Portugal/OURT88/1988),443878,Protein MGF 110-1L,"Ornithodoros, Sus scrofa","6937, 9823",1,26,ECO:0000269,,,,118,138,ECO:0000255,146,166,ECO:0000255,,,,,,,,,,,,,,,,,,,,,,,,,,,
A9JLI3,104,A9JLI3,,Viruses,African swine fever virus (isolate Pig/Portugal/OURT88/1988),443878,Protein MGF 110-2L,"Ornithodoros, Sus scrofa","6937, 9823",1,31,ECO:0000269,,,,,,,,,,,,,,,,,,,,,,,,,,,,,,,,,,,,
A9JLI5,124,A9JLI5,,Viruses,African swine fever virus (isolate Pig/Portugal/OURT88/1988),443878,Protein MGF 110-4L,"Ornithodoros, Sus scrofa","6937, 9823",1,28,ECO:0000269,,,,,,,,,,,,,,,,,,,,,,,,,,,,,,,,,,,,
A9JLI7,124,A9JLI7,,Viruses,African swine fever virus (isolate Pig/Portugal/OURT88/1988),443878,Protein MGF 110-5L,"Ornithodoros, Sus scrofa","6937, 9823",1,28,ECO:0000269,,,,,,,,,,,,,,,,,,,,,,,,,,,,,,,,,,,,
D0QX25,511,D0QX25,,Viruses,Quaranfil virus (isolate QrfV/Tick/Afghanistan/EG_T_377/1968),1559362,Envelope glycoprotein,Ixodidae,6939,1,16,ECO:0000255,,,,488,505,ECO:0000255,,,,,,,,,,,,,,,,,,,,,,,,,,,,,,
F5H8Q3,316,F5H8Q3,,Viruses,Human cytomegalovirus (strain Merlin),295027,Membrane protein UL148,Homo sapiens,9606,1,20,ECO:0000255,,,,286,308,ECO:0000255,,,,,,,,,,,,,,,,,,,,,,,,,,,,,,
F5H8R0,75,F5H8R0,,Viruses,Human cytomegalovirus (strain Merlin),295027,Uncharacterized protein UL147A,Homo sapiens,9606,1,25,ECO:0000255,,,,55,75,ECO:0000255,,,,,,,,,,,,,,,,,,,,,,,,,,,,,,
F5H9T4,233,F5H9T4,,Viruses,Human cytomegalovirus (strain Merlin),295027,Membrane glycoprotein UL9,Homo sapiens,9606,1,20,ECO:0000255,,,,194,214,ECO:0000255,,,,,,,,,,,,,,,,,,,,,,,,,,,,,,
F5HB98,228,F5HB98,,Viruses,Human herpesvirus 8 type P (isolate GK18),868565,Protein K8.1,Homo sapiens,9606,1,26,ECO:0000255,,,,197,217,ECO:0000255,,,,,,,,,,,,,,,,,,,,,,,,,,,,,,
F5HC14,345,F5HC14,,Viruses,Human cytomegalovirus (strain Merlin),295027,Viral Fc-gamma receptor-like protein UL119,Homo sapiens,9606,1,23,ECO:0000255,,,,294,314,ECO:0000255,,,,,,,,,,,,,,,,,,,,,,,,,,,,,,
F5HCJ2,114,F5HCJ2,,Viruses,Human herpesvirus 8 type P (isolate GK18),868565,Protein vCCL3,Homo sapiens,9606,1,26,ECO:0000255,,,,,,,,,,,,,,,,,,,,,,,,,,,,,,,,,,,,
F5HD27,180,F5HD27,,Viruses,Human cytomegalovirus (strain Merlin),295027,Membrane protein UL121,Homo sapiens,9606,1,27,ECO:0000255,,,,143,163,ECO:0000255,,,,,,,,,,,,,,,,,,,,,,,,,,,,,,
F5HDD3,225,F5HDD3,,Viruses,Human cytomegalovirus (strain Merlin),295027,Membrane glycoprotein US7,Homo sapiens,9606,1,17,ECO:0000255,,,,171,191,ECO:0000255,,,,,,,,,,,,,,,,,,,,,,,,,,,,,,
F5HF90,105,F5HF90,,Viruses,Human cytomegalovirus (strain Merlin),295027,Glycoprotein UL22A,Homo sapiens,9606,1,20,ECO:0000255,,,,,,,,,,,,,,,,,,,,,,,,,,,,,,,,,,,,
F5HFB4,368,F5HFB4,,Viruses,Human cytomegalovirus (strain Merlin),295027,Membrane glycoprotein UL18,Homo sapiens,9606,1,19,ECO:0000255,,,,326,346,ECO:0000255,,,,,,,,,,,,,,,,,,,,,,,,,,,,,,
F5HG68,230,F5HG68,,Viruses,Human cytomegalovirus (strain Merlin),295027,Protein UL16,Homo sapiens,9606,1,21,ECO:0000255,,,,185,205,ECO:0000255,,,,,,,,,,,,,,,,,,,,,,,,,,,,,,
F5HGU6,270,F5HGU6,,Viruses,Human cytomegalovirus (strain Merlin),295027,Envelope glycoprotein UL132,Homo sapiens,9606,1,27,ECO:0000255,,,,84,104,ECO:0000255,,,,,,,,,,,,,,,,,,,,,,,,,,,,,,
F5HHS3,150,F5HHS3,,Viruses,Human cytomegalovirus (strain Merlin),295027,Uncharacterized protein UL124,Homo sapiens,9606,1,20,ECO:0000255,,,,83,103,ECO:0000255,,,,,,,,,,,,,,,,,,,,,,,,,,,,,,
F5HI32,170,F5HI32,,Viruses,Human cytomegalovirus (strain Merlin),295027,Protein IRL10,Homo sapiens,9606,1,24,ECO:0000255,,,,79,99,ECO:0000255,,,,,,,,,,,,,,,,,,,,,,,,,,,,,,
K9N796,103,K9N796,,Viruses,Middle East respiratory syndrome-related coronavirus (isolate United Kingdom/H123990006/2012),1263720,Non-structural protein ORF3,"Camelus dromedarius, Homo sapiens","9838, 9606",1,23,ECO:0000255,,,,,,,,,,,,,,,,,,,,,,,,,,,,,,,,,,,,
O10236,669,O10236,,Viruses,Rice yellow stunt virus,59380,Glycoprotein,Oryza sativa,4530,1,24,ECO:0000255,,,,610,630,ECO:0000255,,,,,,,,,,,,,,,,,,,,,,,,,,,,,,
O10286,52,O10286,,Viruses,Orgyia pseudotsugata multicapsid polyhedrosis virus,262177,Conotoxin-like peptide 2,Orgyia pseudotsugata,33414,1,18,ECO:0000255,,,,,,,,,,,,,,,,,,,,,,,,,,,,,,,,,,,,
O10367,53,O10367,,Viruses,Orgyia pseudotsugata multicapsid polyhedrosis virus,262177,Conotoxin-like peptide 1,Orgyia pseudotsugata,33414,1,18,ECO:0000255,,,,,,,,,,,,,,,,,,,,,,,,,,,,,,,,,,,,
O36396,168,O36396,,Viruses,Alcelaphine herpesvirus 1 (strain C500),654901,Envelope glycoprotein L,Connochaetes taurinus,9927,1,22,ECO:0000255,,,,,,,,,,,,,,,,,,,,,,,,,,,,,,,,,,,,
O40633,151,O40633,,Viruses,Saimiriine herpesvirus 2 (strain 488),10384,Viral interleukin-17,Saimiri sciureus,9521,1,22,ECO:0000255,,,,,,,,,,,,,,,,,,,,,,,,,,,,,,,,,,,,
O55654,91,O55654,,Viruses,Human adenovirus C serotype 6,10534,Early E3B 10.4 kDa protein,Homo sapiens,9606,1,22,ECO:0000250,,,,35,60,ECO:0000255,,,,,,,,,,,,,,,,,,,,,,,,,,,,,,
O55655,130,O55655,,Viruses,Human adenovirus C serotype 6,10534,Early E3B 14.5 kDa protein,Homo sapiens,9606,1,19,ECO:0000250,,,,53,77,ECO:0000255,,,,,,,,,,,,,,,,,,,,,,,,,,,,,,
O64095,41,O64095,,Viruses,Bacillus phage SPbeta,2932878,Protein AimP,"Bacillus pumilus, Bacillus subtilis","1408, 1423",1,21,ECO:0000255,,,,,,,,,,,,,,,,,,,,,,,,,,,,,,,,,,,,
O80300,429,O80300,,Viruses,Escherichia phage If1,10868,Virion export protein,Escherichia coli,562,1,18,ECO:0000255,,,,320,340,ECO:0000255,,,,,,,,,,,,,,,,,,,,,,,,,,,,,,
P00589,560,P00589,,Viruses,Corynephage beta,10703,Diphtheria toxin homolog CRM228,Corynebacterium diphtheriae,1717,1,25,,,,,,,,,,,,,,,,,,,,,,,,,,,,,,,,,,,,,
P03218,248,P03218,Q777B4,Viruses,Epstein-Barr virus (strain B95-8),10377,Glycoprotein BILF2,Homo sapiens,9606,1,17,ECO:0000255,,,,210,230,ECO:0000255,,,,,,,,,,,,,,,,,,,,,,,,,,,,,,
P03224,234,P03224,Q777C5,Viruses,Epstein-Barr virus (strain B95-8),10377,Glycoprotein BDLF3,Homo sapiens,9606,1,28,ECO:0000255,,,,187,207,ECO:0000255,,,,,,,,,,,,,,,,,,,,,,,,,,,,,,
P03664,426,P03664,,Viruses,Enterobacteria phage fd,2847073,Virion export protein,Escherichia coli,562,1,21,ECO:0000255,,,,317,337,ECO:0000255,,,,,,,,,,,,,,,,,,,,,,,,,,,,,,
P03668,430,P03668,,Viruses,Pseudomonas phage Pf3,10872,Putative assembly protein ORF430,Pseudomonas aeruginosa,287,1,20,ECO:0000255,,,,226,245,ECO:0000255,,,,,,,,,,,,,,,,,,,,,,,,,,,,,,
P03701,206,P03701,,Viruses,Escherichia phage lambda,2681611,Outer membrane protein lom,Escherichia coli,562,1,,ECO:0000255,,,,,,,,,,,,,,,,,,,,,,,,,,,,,,,,,,,,
P03788,83,P03788,,Viruses,Escherichia phage T7,10760,"Spanin, outer lipoprotein subunit",Escherichia coli,562,1,50,ECO:0000255,,,,,,,,,,,,,,,,,,,,,,,,,,,,,,,,,,,,
P06497,91,P06497,,Viruses,Human adenovirus C serotype 5,28285,Early E3B 10.4 kDa protein,Homo sapiens,9606,1,22,ECO:0000250,,,,35,60,ECO:0000255,,,,,,,,,,,,,,,,,,,,,,,,,,,,,,
P07238,365,P07238,,Viruses,Enterobacteria phage PA-2,10738,Outer membrane porin protein LC,Escherichia coli,562,1,23,,,,,,,,,,,,,,,,,,,,,,,,,,,,,,,,,,,,,
P08441,80,P08441,Q77PC4,Viruses,Rabbit fibroma virus (strain Kasza),10272,Growth factor,Oryctolagus cuniculus,9986,1,19,ECO:0000255,,,,,,,,,,,,,,,,,,,,,,,,,,,,,,,,,,,,
P08795,148,P08795,C9DGR5,Viruses,Escherichia phage D108,665033,D108-specific protein,Escherichia coli,562,1,24,ECO:0000255,,,,,,,,,,,,,,,,,,,,,,,,,,,,,,,,,,,,
P0C770,332,P0C770,,Viruses,Reston ebolavirus (strain Philippines-96),129003,Super small secreted glycoprotein,"Homo sapiens, Macaca fascicularis, Pteropodinae, Sus scrofa","9606, 9541, 77225, 9823",1,33,ECO:0000255,,,,,,,,,,,,,,,,,,,,,,,,,,,,,,,,,,,,
P0C771,332,P0C771,,Viruses,Reston ebolavirus (strain Reston-89),386032,Super small secreted glycoprotein,"Epomops franqueti, Homo sapiens, Myonycteris torquata, Sus scrofa","77231, 9606, 77243, 9823",1,33,ECO:0000255,,,,,,,,,,,,,,,,,,,,,,,,,,,,,,,,,,,,
P0C772,319,P0C772,,Viruses,Sudan ebolavirus (strain Human/Uganda/Gulu/2000),386033,Super small secreted glycoprotein,"Epomops franqueti, Homo sapiens, Myonycteris torquata","77231, 9606, 77243",1,32,ECO:0000255,,,,,,,,,,,,,,,,,,,,,,,,,,,,,,,,,,,,
P0C773,298,P0C773,,Viruses,Zaire ebolavirus (strain Kikwit-95),128951,Super small secreted glycoprotein,"Epomops franqueti, Homo sapiens, Myonycteris torquata","77231, 9606, 77243",1,32,ECO:0000255,,,,,,,,,,,,,,,,,,,,,,,,,,,,,,,,,,,,
P0C9G1,269,P0C9G1,,Viruses,African swine fever virus (isolate Warthog/Namibia/Wart80/1980),561444,Protein MGF 110-1L,"Ornithodoros, Phacochoerus aethiopicus, Phacochoerus africanus, Potamochoerus larvatus, Sus scrofa","6937, 85517, 41426, 273792, 9823",1,26,ECO:0000250,,,,117,137,ECO:0000255,145,165,ECO:0000255,,,,,,,,,,,,,,,,,,,,,,,,,,,
P0C9G2,270,P0C9G2,,Viruses,African swine fever virus (isolate Pig/Kenya/KEN-50/1950),561445,Protein MGF 110-1L,"Ornithodoros, Phacochoerus aethiopicus, Phacochoerus africanus, Potamochoerus larvatus, Sus scrofa","6937, 85517, 41426, 273792, 9823",1,26,ECO:0000250,,,,118,138,ECO:0000255,146,166,ECO:0000255,,,,,,,,,,,,,,,,,,,,,,,,,,,
P0C9G3,269,P0C9G3,,Viruses,African swine fever virus (isolate Tick/Malawi/Lil 20-1/1983),10500,Protein MGF 110-1L,"Ornithodoros, Phacochoerus aethiopicus, Phacochoerus africanus, Potamochoerus larvatus, Sus scrofa","6937, 85517, 41426, 273792, 9823",1,26,ECO:0000250,,,,118,138,ECO:0000255,146,166,ECO:0000255,,,,,,,,,,,,,,,,,,,,,,,,,,,
P0C9H0,125,P0C9H0,,Viruses,African swine fever virus (isolate Warthog/Namibia/Wart80/1980),561444,Protein MGF 110-4L,"Ornithodoros, Phacochoerus aethiopicus, Phacochoerus africanus, Potamochoerus larvatus, Sus scrofa","6937, 85517, 41426, 273792, 9823",1,29,ECO:0000250,,,,,,,,,,,,,,,,,,,,,,,,,,,,,,,,,,,,
P0C9H1,124,P0C9H1,,Viruses,African swine fever virus (isolate Pig/Kenya/KEN-50/1950),561445,Protein MGF 110-4L,"Ornithodoros, Phacochoerus aethiopicus, Phacochoerus africanus, Potamochoerus larvatus, Sus scrofa","6937, 85517, 41426, 273792, 9823",1,28,ECO:0000250,,,,,,,,,,,,,,,,,,,,,,,,,,,,,,,,,,,,
P0C9H2,124,P0C9H2,,Viruses,African swine fever virus (isolate Tick/Malawi/Lil 20-1/1983),10500,Protein MGF 110-4L,"Ornithodoros, Phacochoerus aethiopicus, Phacochoerus africanus, Potamochoerus larvatus, Sus scrofa","6937, 85517, 41426, 273792, 9823",1,28,ECO:0000250,,,,,,,,,,,,,,,,,,,,,,,,,,,,,,,,,,,,
P0C9H3,124,P0C9H3,,Viruses,African swine fever virus (isolate Tick/South Africa/Pretoriuskop Pr4/1996),561443,Protein MGF 110-4L,"Ornithodoros, Phacochoerus aethiopicus, Phacochoerus africanus, Potamochoerus larvatus, Sus scrofa","6937, 85517, 41426, 273792, 9823",1,18,ECO:0000255,,,,,,,,,,,,,,,,,,,,,,,,,,,,,,,,,,,,
P0C9H4,121,P0C9H4,,Viruses,African swine fever virus (isolate Warthog/Namibia/Wart80/1980),561444,Protein MGF 110-5L,"Ornithodoros, Phacochoerus aethiopicus, Phacochoerus africanus, Potamochoerus larvatus, Sus scrofa","6937, 85517, 41426, 273792, 9823",1,28,ECO:0000250,,,,,,,,,,,,,,,,,,,,,,,,,,,,,,,,,,,,
P0C9H5,120,P0C9H5,,Viruses,African swine fever virus (isolate Tick/Malawi/Lil 20-1/1983),10500,Protein MGF 110-5L,"Ornithodoros, Phacochoerus aethiopicus, Phacochoerus africanus, Potamochoerus larvatus, Sus scrofa","6937, 85517, 41426, 273792, 9823",1,28,ECO:0000250,,,,,,,,,,,,,,,,,,,,,,,,,,,,,,,,,,,,
P0C9H6,121,P0C9H6,,Viruses,African swine fever virus (isolate Tick/South Africa/Pretoriuskop Pr4/1996),561443,Protein MGF 110-5L,"Ornithodoros, Phacochoerus aethiopicus, Phacochoerus africanus, Potamochoerus larvatus, Sus scrofa","6937, 85517, 41426, 273792, 9823",1,18,ECO:0000255,,,,,,,,,,,,,,,,,,,,,,,,,,,,,,,,,,,,
P0C9H7,118,P0C9H7,,Viruses,African swine fever virus (isolate Warthog/Namibia/Wart80/1980),561444,Protein MGF 110-6L,"Ornithodoros, Phacochoerus aethiopicus, Phacochoerus africanus, Potamochoerus larvatus, Sus scrofa","6937, 85517, 41426, 273792, 9823",1,18,ECO:0000255,,,,,,,,,,,,,,,,,,,,,,,,,,,,,,,,,,,,
P0C9H8,122,P0C9H8,,Viruses,African swine fever virus (isolate Pig/Kenya/KEN-50/1950),561445,Protein MGF 110-6L,"Ornithodoros, Phacochoerus aethiopicus, Phacochoerus africanus, Potamochoerus larvatus, Sus scrofa","6937, 85517, 41426, 273792, 9823",1,18,ECO:0000255,,,,,,,,,,,,,,,,,,,,,,,,,,,,,,,,,,,,
P0C9H9,118,P0C9H9,,Viruses,African swine fever virus (isolate Tick/Malawi/Lil 20-1/1983),10500,Protein MGF 110-6L,"Ornithodoros, Phacochoerus aethiopicus, Phacochoerus africanus, Potamochoerus larvatus, Sus scrofa","6937, 85517, 41426, 273792, 9823",1,18,ECO:0000255,,,,,,,,,,,,,,,,,,,,,,,,,,,,,,,,,,,,
P0C9I0,118,P0C9I0,,Viruses,African swine fever virus (isolate Tick/South Africa/Pretoriuskop Pr4/1996),561443,Protein MGF 110-6L,"Ornithodoros, Phacochoerus aethiopicus, Phacochoerus africanus, Potamochoerus larvatus, Sus scrofa","6937, 85517, 41426, 273792, 9823",1,18,ECO:0000255,,,,,,,,,,,,,,,,,,,,,,,,,,,,,,,,,,,,
P0CAA1,226,P0CAA1,,Viruses,African swine fever virus (isolate Pig/Kenya/KEN-50/1950),561445,Late protein I226R,"Ornithodoros, Phacochoerus aethiopicus, Phacochoerus africanus, Potamochoerus larvatus, Sus scrofa","6937, 85517, 41426, 273792, 9823",1,16,ECO:0000255,,,,,,,,,,,,,,,,,,,,,,,,,,,,,,,,,,,,
P0CAA2,226,P0CAA2,,Viruses,African swine fever virus (isolate Tick/South Africa/Pretoriuskop Pr4/1996),561443,Late protein I226R,"Ornithodoros, Phacochoerus aethiopicus, Phacochoerus africanus, Potamochoerus larvatus, Sus scrofa","6937, 85517, 41426, 273792, 9823",1,16,ECO:0000255,,,,,,,,,,,,,,,,,,,,,,,,,,,,,,,,,,,,
P0CAA3,226,P0CAA3,,Viruses,African swine fever virus (isolate Warthog/Namibia/Wart80/1980),561444,Late protein I226R,"Ornithodoros, Phacochoerus aethiopicus, Phacochoerus africanus, Potamochoerus larvatus, Sus scrofa","6937, 85517, 41426, 273792, 9823",1,16,ECO:0000255,,,,,,,,,,,,,,,,,,,,,,,,,,,,,,,,,,,,
P0CAE3,329,P0CAE3,,Viruses,African swine fever virus (isolate Pig/Kenya/KEN-50/1950),561445,Transmembrane protein I329L,"Ornithodoros, Phacochoerus aethiopicus, Phacochoerus africanus, Potamochoerus larvatus, Sus scrofa","6937, 85517, 41426, 273792, 9823",1,31,ECO:0000250,,,,240,260,ECO:0000255,,,,,,,,,,,,,,,,,,,,,,,,,,,,,,
P0CAM0,66,P0CAM0,,Viruses,African swine fever virus (isolate Pig/Kenya/KEN-50/1950),561445,Transmembrane protein B66L,"Ornithodoros, Phacochoerus aethiopicus, Phacochoerus africanus, Potamochoerus larvatus, Sus scrofa","6937, 85517, 41426, 273792, 9823",1,20,ECO:0000255,,,,41,61,ECO:0000255,,,,,,,,,,,,,,,,,,,,,,,,,,,,,,
P0CAM1,66,P0CAM1,,Viruses,African swine fever virus (isolate Tick/Malawi/Lil 20-1/1983),10500,Transmembrane protein B66L,"Ornithodoros, Phacochoerus aethiopicus, Phacochoerus africanus, Potamochoerus larvatus, Sus scrofa","6937, 85517, 41426, 273792, 9823",1,20,ECO:0000255,,,,41,61,ECO:0000255,,,,,,,,,,,,,,,,,,,,,,,,,,,,,,
P0CAM2,66,P0CAM2,,Viruses,African swine fever virus (isolate Tick/South Africa/Pretoriuskop Pr4/1996),561443,Transmembrane protein B66L,"Ornithodoros, Phacochoerus aethiopicus, Phacochoerus africanus, Potamochoerus larvatus, Sus scrofa","6937, 85517, 41426, 273792, 9823",1,20,ECO:0000255,,,,41,61,ECO:0000255,,,,,,,,,,,,,,,,,,,,,,,,,,,,,,
P0CAM3,66,P0CAM3,,Viruses,African swine fever virus (isolate Warthog/Namibia/Wart80/1980),561444,Transmembrane protein B66L,"Ornithodoros, Phacochoerus aethiopicus, Phacochoerus africanus, Potamochoerus larvatus, Sus scrofa","6937, 85517, 41426, 273792, 9823",1,20,ECO:0000255,,,,41,61,ECO:0000255,,,,,,,,,,,,,,,,,,,,,,,,,,,,,,
P0DJY8,251,P0DJY8,"P08095, P62560",Viruses,Streptococcus pyogenes phage T12,35344,Exotoxin type A,Streptococcus pyogenes,1314,1,30,ECO:0000255,,,,,,,,,,,,,,,,,,,,,,,,,,,,,,,,,,,,
P0DJZ3,89,P0DJZ3,,Viruses,Pseudomonas phage phiKMV,204270,"Probable spanin, outer lipoprotein subunit",Pseudomonas aeruginosa,287,1,47,ECO:0000255,,,,,,,,,,,,,,,,,,,,,,,,,,,,,,,,,,,,
P0DOL7,220,P0DOL7,P34017,Viruses,Variola virus (isolate Human/India/Ind3/1967),587200,Early protein OPG038,Homo sapiens,9606,1,17,ECO:0000255,,,,,,,,,,,,,,,,,,,,,,,,,,,,,,,,,,,,
P0DOL8,220,P0DOL8,P34017,Viruses,Variola virus,10255,Early protein OPG038,Homo sapiens,9606,1,17,ECO:0000255,,,,,,,,,,,,,,,,,,,,,,,,,,,,,,,,,,,,
P0DSY5,195,P0DSY5,P33855,Viruses,Variola virus (isolate Human/India/Ind3/1967),587200,Protein A43,Homo sapiens,9606,1,21,ECO:0000255,,,,167,187,ECO:0000255,,,,,,,,,,,,,,,,,,,,,,,,,,,,,,
P0DSY6,195,P0DSY6,P33855,Viruses,Variola virus,10255,Protein A43,Homo sapiens,9606,1,21,ECO:0000255,,,,167,187,ECO:0000255,,,,,,,,,,,,,,,,,,,,,,,,,,,,,,
P0DXM1,294,P0DXM1,"Q77PV4, Q9WT46",Viruses,Human herpesvirus 6B (strain Z29),36351,Putative immediate early glycoprotein,Homo sapiens,9606,1,21,ECO:0000255,,,,262,282,ECO:0000255,,,,,,,,,,,,,,,,,,,,,,,,,,,,,,
P0DXM2,294,P0DXM2,"Q77PV4, Q9WT46",Viruses,Human herpesvirus 6B,32604,Putative immediate early glycoprotein,Homo sapiens,9606,1,21,ECO:0000255,,,,262,282,ECO:0000255,,,,,,,,,,,,,,,,,,,,,,,,,,,,,,
P10302,83,P10302,,Viruses,Enterobacteria phage T3,10759,"Spanin, outer lipoprotein subunit",Escherichia coli,562,1,50,ECO:0000255,,,,,,,,,,,,,,,,,,,,,,,,,,,,,,,,,,,,
P11041,248,P11041,,Viruses,Bombyx mori cytoplasmic polyhedrosis virus,110829,Polyhedrin,Bombyx mori,7091,1,27,,,,,,,,,,,,,,,,,,,,,,,,,,,,,,,,,,,,,
P11316,134,P11316,,Viruses,Human adenovirus B serotype 3,45659,Early E3B 14.5 kDa protein,Homo sapiens,9606,1,21,ECO:0000255,,,,54,78,ECO:0000255,,,,,,,,,,,,,,,,,,,,,,,,,,,,,,
P11318,91,P11318,,Viruses,Human adenovirus B serotype 3,45659,Early E3B 10.4 kDa protein,Homo sapiens,9606,1,22,ECO:0000250,,,,35,60,ECO:0000255,,,,,,,,,,,,,,,,,,,,,,,,,,,,,,
P11364,321,P11364,,Viruses,Feline leukemia virus,11768,Viral T-cell receptor beta chain-like T17T-22,Felidae,9681,1,28,,,,,,,,,,,,,,,,,,,,,,,,,,,,,,,,,,,,,
P12490,421,P12490,,Viruses,Human immunodeficiency virus type 1 group M subtype B (isolate NY5),11698,Truncated surface protein,Homo sapiens,9606,1,31,ECO:0000250,,,,,,,,,,,,,,,,,,,,,,,,,,,,,,,,,,,,
P12491,460,P12491,,Viruses,Human immunodeficiency virus type 1 group M subtype U (isolate Z3),11680,Truncated surface protein,Homo sapiens,9606,1,31,ECO:0000250,,,,,,,,,,,,,,,,,,,,,,,,,,,,,,,,,,,,
P12647,526,P12647,,Viruses,Sigma virus,11301,Spike glycoprotein,Drosophila melanogaster,7227,1,17,ECO:0000255,,,,,,,,,,,,,,,,,,,,,,,,,,,,,,,,,,,,
P13374,373,P13374,,Viruses,Meleagrid herpesvirus 1 (strain FC126),10391,Envelope glycoprotein C homolog,"Gallus gallus, Meleagris gallopavo","9031, 9103",1,25,ECO:0000255,,,,,,,,,,,,,,,,,,,,,,,,,,,,,,,,,,,,
P15134,91,P15134,,Viruses,Human adenovirus B serotype 7,10519,Early E3B 10.4 kDa protein,Homo sapiens,9606,1,22,ECO:0000250,,,,35,60,ECO:0000255,,,,,,,,,,,,,,,,,,,,,,,,,,,,,,
P15136,134,P15136,,Viruses,Human adenovirus B serotype 7,10519,Early E3B 14.9 kDa protein,Homo sapiens,9606,1,19,ECO:0000255,,,,54,78,ECO:0000255,,,,,,,,,,,,,,,,,,,,,,,,,,,,,,
P15240,163,P15240,,Viruses,Staphylococcus phage 42D,10715,Staphylokinase,Staphylococcus aureus,1280,1,27,ECO:0000255,,,,,,,,,,,,,,,,,,,,,,,,,,,,,,,,,,,,
P15420,428,P15420,,Viruses,Enterobacteria phage I2-2,10869,Virion export protein,Escherichia coli,562,1,22,ECO:0000255,,,,319,339,ECO:0000255,,,,,,,,,,,,,,,,,,,,,,,,,,,,,,
P15900,78,P15900,,Viruses,Spiroplasma virus SpV1-R8A2 B,10854,Putative capsid protein ORF9,Spiroplasma citri,2133,1,29,ECO:0000255,,,,52,72,ECO:0000255,,,,,,,,,,,,,,,,,,,,,,,,,,,,,,
P16719,224,P16719,Q7M6T9,Viruses,Human cytomegalovirus (strain AD169),10360,Glycoprotein UL1,Homo sapiens,9606,1,25,ECO:0000255,,,,186,206,ECO:0000255,,,,,,,,,,,,,,,,,,,,,,,,,,,,,,
P16740,201,P16740,Q7M6S7,Viruses,Human cytomegalovirus (strain AD169),10360,Uncharacterized protein UL120,Homo sapiens,9606,1,25,ECO:0000255,,,,171,191,ECO:0000255,,,,,,,,,,,,,,,,,,,,,,,,,,,,,,
P16741,180,P16741,Q7M6S6,Viruses,Human cytomegalovirus (strain AD169),10360,Membrane protein UL121,Homo sapiens,9606,1,27,ECO:0000255,,,,143,163,ECO:0000255,,,,,,,,,,,,,,,,,,,,,,,,,,,,,,
P16742,152,P16742,Q7M6S3,Viruses,Human cytomegalovirus (strain AD169),10360,Uncharacterized protein UL124,Homo sapiens,9606,1,20,ECO:0000255,,,,85,105,ECO:0000255,,,,,,,,,,,,,,,,,,,,,,,,,,,,,,
P16745,228,P16745,Q7M6K1,Viruses,Human cytomegalovirus (strain AD169),10360,Uncharacterized protein UL9,Homo sapiens,9606,1,19,ECO:0000255,,,,189,209,ECO:0000255,,,,,,,,,,,,,,,,,,,,,,,,,,,,,,
P16756,327,P16756,Q7M6R8,Viruses,Human cytomegalovirus (strain AD169),10360,Uncharacterized protein UL14,Homo sapiens,9606,1,23,ECO:0000255,,,,,,,,,,,,,,,,,,,,,,,,,,,,,,,,,,,,
P16758,340,P16758,Q7M6R2,Viruses,Human cytomegalovirus (strain AD169),10360,Uncharacterized protein UL20,Homo sapiens,9606,1,25,ECO:0000255,,,,226,246,ECO:0000255,,,,,,,,,,,,,,,,,,,,,,,,,,,,,,
P16808,171,P16808,"Q69029, Q7M6G1, Q7M6U1",Viruses,Human cytomegalovirus (strain AD169),10360,Protein IRL10,Homo sapiens,9606,1,25,ECO:0000255,,,,80,100,ECO:0000255,,,,,,,,,,,,,,,,,,,,,,,,,,,,,,
P16809,234,P16809,Q7M572,Viruses,Human cytomegalovirus (strain AD169),10360,Viral Fc-gamma receptor-like protein IR11,Homo sapiens,9606,1,23,ECO:0000255,,,,183,203,ECO:0000255,,,,,,,,,,,,,,,,,,,,,,,,,,,,,,
P17146,152,P17146,Q7M6P4,Viruses,Human cytomegalovirus (strain AD169),10360,Early glycoprotein GP48,Homo sapiens,9606,1,25,ECO:0000255,,,,,,,,,,,,,,,,,,,,,,,,,,,,,,,,,,,,
P17175,148,P17175,,Viruses,Human cytomegalovirus (strain Towne),10363,Early glycoprotein GP48,Homo sapiens,9606,1,21,ECO:0000255,,,,,,,,,,,,,,,,,,,,,,,,,,,,,,,,,,,,
P17357,126,P17357,Q80HY7,Viruses,Vaccinia virus (strain Western Reserve),10254,Interleukin-18-binding protein,Bos taurus,9913,1,20,ECO:0000255,,,,,,,,,,,,,,,,,,,,,,,,,,,,,,,,,,,,
P18535,489,P18535,,Viruses,Meleagrid herpesvirus 1 (strain H2),10392,Envelope glycoprotein C homolog,"Gallus gallus, Meleagris gallopavo","9031, 9103",1,32,ECO:0000255,,,,456,486,ECO:0000255,,,,,,,,,,,,,,,,,,,,,,,,,,,,,,
P18557,82,P18557,,Viruses,African swine fever virus (strain Badajoz 1971 Vero-adapted),10498,Protein MGF 110-5L,"Ornithodoros, Sus scrofa","6937, 9823",1,28,ECO:0000250,,,,,,,,,,,,,,,,,,,,,,,,,,,,,,,,,,,,
P18560,270,P18560,,Viruses,African swine fever virus (strain Badajoz 1971 Vero-adapted),10498,Protein MGF 110-1L,"Ornithodoros, Sus scrofa","6937, 9823",1,26,ECO:0000250,,,,118,138,ECO:0000255,146,166,ECO:0000255,,,,,,,,,,,,,,,,,,,,,,,,,,,
P18569,506,P18569,,Viruses,Autographa californica nuclear polyhedrosis virus,46015,Ecdysteroid UDP-glucosyltransferase,Lepidoptera,7088,1,18,ECO:0000255,,,,,,,,,,,,,,,,,,,,,,,,,,,,,,,,,,,,
P18570,249,P18570,,Viruses,Rotavirus B (isolate RVB/Human/China/ADRV/1982),10942,Outer capsid glycoprotein VP7,Homo sapiens,9606,1,15,ECO:0000255,,,,,,,,,,,,,,,,,,,,,,,,,,,,,,,,,,,,
P19347,37,P19347,,Viruses,Escherichia phage Bf23,10707,Probable protein A1,"Escherichia coli, Salmonella typhimurium","562, 90371",1,22,ECO:0000305,,,,,,,,,,,,,,,,,,,,,,,,,,,,,,,,,,,,
P19739,133,P19739,Q01160,Viruses,Human coronavirus 229E,11137,Non-structural protein 4a,Homo sapiens,9606,1,21,ECO:0000255,,,,40,60,ECO:0000255,69,89,ECO:0000255,91,111,ECO:0000255,,,,,,,,,,,,,,,,,,,,,,,,
P19742,101,P19742,Q52PB0,Viruses,Feline coronavirus (strain FIPV WSU-79/1146),33734,Non-structural protein 7a,Felidae,9681,1,43,ECO:0000255,,,,76,96,ECO:0000255,,,,,,,,,,,,,,,,,,,,,,,,,,,,,,
P20532,369,P20532,,Viruses,Vaccinia virus (strain Copenhagen),10249,Superinfection exclusion protein,Homo sapiens,9606,1,15,ECO:0000255,,,,,,,,,,,,,,,,,,,,,,,,,,,,,,,,,,,,
P21004,272,P21004,,Viruses,Vaccinia virus (strain Copenhagen),10249,Soluble interferon gamma receptor OPG193,Homo sapiens,9606,1,13,ECO:0000255,,,,,,,,,,,,,,,,,,,,,,,,,,,,,,,,,,,,
P21014,321,P21014,,Viruses,Vaccinia virus (strain Copenhagen),10249,Protein OPG049,Homo sapiens,9606,1,20,ECO:0000255,,,,286,306,ECO:0000255,,,,,,,,,,,,,,,,,,,,,,,,,,,,,,
P21058,176,P21058,,Viruses,Vaccinia virus (strain Copenhagen),10249,Protein OPG163,Homo sapiens,9606,1,14,ECO:0000255,,,,,,,,,,,,,,,,,,,,,,,,,,,,,,,,,,,,
P21064,219,P21064,,Viruses,Vaccinia virus (strain Copenhagen),10249,Protein OPG170,Homo sapiens,9606,1,16,ECO:0000255,,,,,,,,,,,,,,,,,,,,,,,,,,,,,,,,,,,,
P21065,194,P21065,,Viruses,Vaccinia virus (strain Copenhagen),10249,Protein A43,Homo sapiens,9606,1,22,ECO:0000255,,,,166,186,ECO:0000255,,,,,,,,,,,,,,,,,,,,,,,,,,,,,,
P21092,220,P21092,,Viruses,Vaccinia virus (strain Copenhagen),10249,Early protein OPG038,Homo sapiens,9606,1,17,ECO:0000255,,,,,,,,,,,,,,,,,,,,,,,,,,,,,,,,,,,,
P24284,92,P24284,,Viruses,Vaccinia virus (strain LC16m8),10248,Truncated plaque-size/host range protein,Homo sapiens,9606,1,17,ECO:0000255,,,,,,,,,,,,,,,,,,,,,,,,,,,,,,,,,,,,
P24766,219,P24766,Q76ZN6,Viruses,Vaccinia virus (strain Western Reserve),10254,Protein OPG170,Bos taurus,9913,1,16,ECO:0000255,,,,,,,,,,,,,,,,,,,,,,,,,,,,,,,,,,,,
P24916,151,P24916,,Viruses,Saimiriine herpesvirus 2 (strain 11),10383,Viral interleukin-17,Saimiri sciureus,9521,1,22,ECO:0000255,,,,,,,,,,,,,,,,,,,,,,,,,,,,,,,,,,,,
P25943,325,P25943,Q77PB3,Viruses,Rabbit fibroma virus (strain Kasza),10272,Tumor necrosis factor soluble receptor,Oryctolagus cuniculus,9986,1,16,ECO:0000255,,,,,,,,,,,,,,,,,,,,,,,,,,,,,,,,,,,,
P26707,124,P26707,,Viruses,African swine fever virus (isolate Portugal/Lis 57/1957),10499,Protein MGF 110-4L,"Ornithodoros, Sus scrofa","6937, 9823",1,18,ECO:0000255,,,,,,,,,,,,,,,,,,,,,,,,,,,,,,,,,,,,
P26708,124,P26708,,Viruses,African swine fever virus (isolate Portugal/Lis 57/1957),10499,Protein MGF 110-4L-B,"Ornithodoros, Sus scrofa","6937, 9823",1,18,ECO:0000255,,,,,,,,,,,,,,,,,,,,,,,,,,,,,,,,,,,,
P26710,290,P26710,,Viruses,African swine fever virus (isolate Portugal/Lis 57/1957),10499,Protein MGF 110-9L,"Ornithodoros, Sus scrofa","6937, 9823",1,19,ECO:0000255,,,,128,148,ECO:0000255,163,183,ECO:0000255,,,,,,,,,,,,,,,,,,,,,,,,,,,
P26814,97,P26814,,Viruses,Escherichia phage lambda,2681611,Lipoprotein bor,Escherichia coli,562,1,16,ECO:0000255,,,,,,,,,,,,,,,,,,,,,,,,,,,,,,,,,,,,
P27277,632,P27277,,Viruses,Sonchus yellow net virus,11307,Spike glycoprotein,"Aphis, Bidens pilosa, Lactuca sativa, Sonchus oleraceus","80764, 42337, 4236, 50207",1,17,ECO:0000255,,,,560,578,ECO:0000255,,,,,,,,,,,,,,,,,,,,,,,,,,,,,,
P27427,521,P27427,,Viruses,Dhori virus (strain Indian/1313/61),11319,Envelope glycoprotein,"Homo sapiens, Ixodida","9606, 6935",1,20,ECO:0000255,,,,501,517,ECO:0000255,,,,,,,,,,,,,,,,,,,,,,,,,,,,,,
P27944,226,P27944,,Viruses,African swine fever virus (strain Badajoz 1971 Vero-adapted),10498,Late protein I226R,"Ornithodoros, Sus scrofa","6937, 9823",1,16,ECO:0000255,,,,,,,,,,,,,,,,,,,,,,,,,,,,,,,,,,,,
P28977,512,P28977,,Viruses,Thogoto virus (isolate SiAr 126),126796,Envelope glycoprotein,"Amblyomma variegatum, Cavia cutleri, Mungos mungo, Rhipicephalus appendiculatus, Rhipicephalus microplus","34610, 10144, 210652, 34631, 6941",1,15,ECO:0000255,,,,479,502,ECO:0000255,,,,,,,,,,,,,,,,,,,,,,,,,,,,,,
P29825,326,P29825,,Viruses,Myxoma virus (strain Lausanne),31530,Tumor necrosis factor soluble receptor,Oryctolagus cuniculus,9986,1,16,ECO:0000255,,,,,,,,,,,,,,,,,,,,,,,,,,,,,,,,,,,,
P30216,332,P30216,,Viruses,Rotavirus C (isolate RVC/Human/Japan/88-220/1988),31565,Outer capsid glycoprotein VP7,Homo sapiens,9606,1,49,ECO:0000255,,,,,,,,,,,,,,,,,,,,,,,,,,,,,,,,,,,,
P30217,332,P30217,,Viruses,Rotavirus C (strain RVC/Pig/United States/Cowden/1980),10916,Outer capsid glycoprotein VP7,Sus scrofa,9823,1,33,ECO:0000255,,,,,,,,,,,,,,,,,,,,,,,,,,,,,,,,,,,,
P30237,57,P30237,Q89429,Viruses,Avian infectious bronchitis virus (strain Beaudette),11122,Non-structural protein 3a,Gallus gallus,9031,1,23,ECO:0000255,,,,,,,,,,,,,,,,,,,,,,,,,,,,,,,,,,,,
P30889,246,P30889,,Viruses,Rotavirus B (isolate RVB/Rat/United States/IDIR/1984/G1P[X]),28877,Outer capsid glycoprotein VP7,"Homo sapiens, Rattus norvegicus","9606, 10116",1,16,ECO:0000255,,,,,,,,,,,,,,,,,,,,,,,,,,,,,,,,,,,,
P32514,411,P32514,,Viruses,Equine herpesvirus 1 (strain Kentucky A),10329,Envelope glycoprotein G,Equus caballus,9796,1,19,ECO:0000255,,,,364,384,ECO:0000255,,,,,,,,,,,,,,,,,,,,,,,,,,,,,,
P32595,623,P32595,Q77N36,Viruses,Bovine ephemeral fever virus (strain BB7721),928297,Glycoprotein,"Bos taurus, Bubalus bubalis, Culicoides, Syncerus caffer","9913, 89462, 58271, 9970",1,12,ECO:0000255,,,,540,554,ECO:0000255,,,,,,,,,,,,,,,,,,,,,,,,,,,,,,
P32596,586,P32596,Q77N35,Viruses,Bovine ephemeral fever virus (strain BB7721),928297,Non-structural glycoprotein GNS,"Bos taurus, Bubalus bubalis, Culicoides, Syncerus caffer","9913, 89462, 58271, 9970",1,14,ECO:0000255,,,,545,562,ECO:0000255,,,,,,,,,,,,,,,,,,,,,,,,,,,,,,
P32650,405,P32650,,Viruses,Equine herpesvirus 4 (strain 1942),10333,Envelope glycoprotein G,Equus caballus,9796,1,19,ECO:0000255,,,,389,405,ECO:0000255,,,,,,,,,,,,,,,,,,,,,,,,,,,,,,
P33465,101,P33465,,Viruses,Feline enteric coronavirus (strain 79-1683),33733,Non-structural 7a protein,Felidae,9681,1,23,ECO:0000255,,,,76,96,ECO:0000255,,,,,,,,,,,,,,,,,,,,,,,,,,,,,,
P33831,373,P33831,,Viruses,Variola virus (isolate Human/India/Ind3/1967),587200,Superinfection exclusion protein,Homo sapiens,9606,1,15,ECO:0000255,,,,,,,,,,,,,,,,,,,,,,,,,,,,,,,,,,,,
P33854,218,P33854,,Viruses,Variola virus (isolate Human/India/Ind3/1967),587200,Protein OPG170,Homo sapiens,9606,1,16,ECO:0000255,,,,,,,,,,,,,,,,,,,,,,,,,,,,,,,,,,,,
P33865,322,P33865,,Viruses,Variola virus (isolate Human/India/Ind3/1967),587200,Protein OPG049,Homo sapiens,9606,1,20,ECO:0000255,,,,287,307,ECO:0000255,,,,,,,,,,,,,,,,,,,,,,,,,,,,,,
P34016,253,P34016,,Viruses,Variola virus (isolate Human/India/Ind3/1967),587200,Chemokine-binding protein,Homo sapiens,9606,1,17,ECO:0000255,,,,,,,,,,,,,,,,,,,,,,,,,,,,,,,,,,,,
P36301,101,P36301,,Viruses,Canine coronavirus (strain Insavc-1),36391,Non-structural protein 7a,Canis lupus familiaris,9615,1,23,ECO:0000255,,,,81,101,ECO:0000255,,,,,,,,,,,,,,,,,,,,,,,,,,,,,,
P36705,91,P36705,,Viruses,Human adenovirus A serotype 12,28282,Early E3B 10.4 kDa protein,Homo sapiens,9606,1,21,ECO:0000250,,,,34,56,ECO:0000255,,,,,,,,,,,,,,,,,,,,,,,,,,,,,,
P36707,110,P36707,,Viruses,Human adenovirus A serotype 12,28282,Early E3B 12.7 kDa protein,Homo sapiens,9606,1,16,ECO:0000255,,,,37,57,ECO:0000255,,,,,,,,,,,,,,,,,,,,,,,,,,,,,,
P39503,99,P39503,Q9T0T4,Viruses,Enterobacteria phage T4,10665,"Spanin, outer lipoprotein subunit",Escherichia coli,562,1,16,ECO:0000255,,,,,,,,,,,,,,,,,,,,,,,,,,,,,,,,,,,,
P40932,100,P40932,,Viruses,Myeloproliferative leukemia virus,11973,Envelope glycoprotein,Mus musculus,10090,1,34,ECO:0000255,,,,,,,,,,,,,,,,,,,,,,,,,,,,,,,,,,,,
P41416,53,P41416,,Viruses,Autographa californica nuclear polyhedrosis virus,46015,Conotoxin-like peptide,Lepidoptera,7088,1,18,ECO:0000255,,,,,,,,,,,,,,,,,,,,,,,,,,,,,,,,,,,,
P41428,690,P41428,,Viruses,Autographa californica nuclear polyhedrosis virus,46015,Protein AC23,Lepidoptera,7088,1,37,ECO:0000255,,,,,,,,,,,,,,,,,,,,,,,,,,,,,,,,,,,,
P41656,173,P41656,,Viruses,Autographa californica nuclear polyhedrosis virus,46015,Per os infectivity factor 4,Lepidoptera,7088,1,21,ECO:0000255,,,,,,,,,,,,,,,,,,,,,,,,,,,,,,,,,,,,
P41672,530,P41672,,Viruses,Autographa californica nuclear polyhedrosis virus,46015,Per os infectivity factor 1,Lepidoptera,7088,1,15,ECO:0000255,,,,,,,,,,,,,,,,,,,,,,,,,,,,,,,,,,,,
P41713,506,P41713,Q9YMK2,Viruses,Lymantria dispar multicapsid nuclear polyhedrosis virus,10449,Ecdysteroid UDP-glucosyltransferase,Lepidoptera,7088,1,18,ECO:0000255,,,,,,,,,,,,,,,,,,,,,,,,,,,,,,,,,,,,
P52460,97,P52460,,Viruses,Human herpesvirus 6A (strain Uganda-1102),10370,Putative CC-type chemokine U83,Homo sapiens,9606,1,,ECO:0000255,,,,,,,,,,,,,,,,,,,,,,,,,,,,,,,,,,,,
P52461,97,P52461,,Viruses,Human herpesvirus 6B (strain Z29),36351,Putative CC-type chemokine U83,Homo sapiens,9606,1,,ECO:0000255,,,,,,,,,,,,,,,,,,,,,,,,,,,,,,,,,,,,
P68444,182,P68444,"P21003, Q76ZL6",Viruses,Vaccinia virus (strain Western Reserve),10254,Protein OPG192,Bos taurus,9913,1,16,ECO:0000255,,,,,,,,,,,,,,,,,,,,,,,,,,,,,,,,,,,,
P68570,137,P68570,"O31987, O64035",Viruses,Bacillus phage SPbeta,2932878,Disulfide bond formation protein A,"Bacillus pumilus, Bacillus subtilis","1408, 1423",1,25,ECO:0000255,,,,,,,,,,,,,,,,,,,,,,,,,,,,,,,,,,,,
P68677,179,P68677,Q89451,Viruses,Equine herpesvirus 2 (strain T400/3),82832,Viral interleukin-10 homolog,Equus caballus,9796,1,18,ECO:0000255,,,,,,,,,,,,,,,,,,,,,,,,,,,,,,,,,,,,
P68678,179,P68678,Q89451,Viruses,Equine herpesvirus 2 (strain 86/87),82831,Viral interleukin-10 homolog,Equus caballus,9796,1,18,ECO:0000255,,,,,,,,,,,,,,,,,,,,,,,,,,,,,,,,,,,,
P68744,118,P68744,P18556,Viruses,African swine fever virus (strain Badajoz 1971 Vero-adapted),10498,Protein MGF 110-6L,"Ornithodoros, Sus scrofa","6937, 9823",1,18,ECO:0000255,,,,,,,,,,,,,,,,,,,,,,,,,,,,,,,,,,,,
P68745,118,P68745,P18556,Viruses,African swine fever virus (isolate Portugal/Lis 57/1957),10499,Protein MGF 110-6L,"Ornithodoros, Sus scrofa","6937, 9823",1,18,ECO:0000255,,,,,,,,,,,,,,,,,,,,,,,,,,,,,,,,,,,,
P69338,270,P69338,"B8YEE4, P16774, Q7M6R9",Viruses,Human cytomegalovirus (strain AD169),10360,Envelope glycoprotein UL132,Homo sapiens,9606,1,29,ECO:0000255,,,,84,104,ECO:0000255,,,,,,,,,,,,,,,,,,,,,,,,,,,,,,
P69339,270,P69339,"P16774, Q7M6R9",Viruses,Human cytomegalovirus (strain Towne),10363,Envelope glycoprotein UL132,Homo sapiens,9606,1,29,ECO:0000255,,,,84,104,ECO:0000255,,,,,,,,,,,,,,,,,,,,,,,,,,,,,,
P69612,78,P69612,"P24416, P33466",Viruses,Porcine respiratory coronavirus (strain 86/137004 / isolate British),33736,Non-structural protein 7,Sus scrofa,9823,1,23,ECO:0000255,,,,56,76,ECO:0000255,,,,,,,,,,,,,,,,,,,,,,,,,,,,,,
P69613,78,P69613,"P24416, P33466",Viruses,Porcine respiratory coronavirus (strain RM4),11148,Non-structural protein 7,Sus scrofa,9823,1,23,ECO:0000255,,,,56,76,ECO:0000255,,,,,,,,,,,,,,,,,,,,,,,,,,,,,,
P84393,411,P84393,Q6S6W1,Viruses,Equine herpesvirus 1 (strain V592),310273,Envelope glycoprotein G,Equus caballus,9796,1,19,ECO:0000255,,,,364,384,ECO:0000255,,,,,,,,,,,,,,,,,,,,,,,,,,,,,,
Q00104,1355,Q00104,,Viruses,Ictalurid herpesvirus 1 (strain Auburn),766178,Probable major glycoprotein,Ictaluridae,7996,1,16,ECO:0000255,,,,1308,1328,ECO:0000255,,,,,,,,,,,,,,,,,,,,,,,,,,,,,,
Q00139,370,Q00139,,Viruses,Ictalurid herpesvirus 1 (strain Auburn),766178,Subtilisin-like protease,Ictaluridae,7996,1,17,ECO:0000255,,,,,,,,,,,,,,,,,,,,,,,,,,,,,,,,,,,,
Q00320,321,Q00320,,Viruses,Vaccinia virus (strain L-IVP),31531,Protein OPG049,Homo sapiens,9606,1,20,ECO:0000255,,,,286,306,ECO:0000255,,,,,,,,,,,,,,,,,,,,,,,,,,,,,,
Q00996,121,Q00996,,Viruses,Saimiriine herpesvirus 2 (strain 11),10383,Surface glycoprotein CD59 homolog,Saimiri sciureus,9521,1,19,ECO:0000255,,,,,,,,,,,,,,,,,,,,,,,,,,,,,,,,,,,,
Q01031,141,Q01031,,Viruses,Saimiriine herpesvirus 2 (strain 11),10383,Envelope glycoprotein L,Saimiri sciureus,9521,1,19,ECO:0000255,,,,,,,,,,,,,,,,,,,,,,,,,,,,,,,,,,,,
Q01232,176,Q01232,Q76ZP1,Viruses,Vaccinia virus (strain Western Reserve),10254,Protein OPG163,Bos taurus,9913,1,14,ECO:0000255,,,,,,,,,,,,,,,,,,,,,,,,,,,,,,,,,,,,
Q04703,101,Q04703,,Viruses,Canine coronavirus (strain K378),33732,Non-structural protein 7a,Canis lupus familiaris,9615,1,23,ECO:0000255,,,,81,101,ECO:0000255,,,,,,,,,,,,,,,,,,,,,,,,,,,,,,
Q05894,351,Q05894,,Viruses,Heliothis armigera entomopoxvirus,10290,Spindolin,Lepidoptera,7088,1,20,ECO:0000269,,,,,,,,,,,,,,,,,,,,,,,,,,,,,,,,,,,,
Q08103,444,Q08103,,Viruses,Bovine herpesvirus 1.2 (strain ST),45407,Glycoprotein GX,Bos taurus,9913,1,24,ECO:0000255,,,,390,414,ECO:0000255,,,,,,,,,,,,,,,,,,,,,,,,,,,,,,
Q4ZJY7,515,Q4ZJY7,,Viruses,Microplitis demolitor bracovirus (isolate Webb),654919,Mucin-like protein Glc1.8b,Microplitis demolitor,69319,1,20,ECO:0000255,,,,468,488,ECO:0000255,,,,,,,,,,,,,,,,,,,,,,,,,,,,,,
Q4ZJZ1,346,Q4ZJZ1,,Viruses,Microplitis demolitor bracovirus (isolate Webb),654919,Protease inhibitor Egf1.5b,Microplitis demolitor,69319,1,28,ECO:0000255,,,,,,,,,,,,,,,,,,,,,,,,,,,,,,,,,,,,
Q4ZJZ3,343,Q4ZJZ3,,Viruses,Microplitis demolitor bracovirus (isolate Webb),654919,Protease inhibitor Egf1.5a,Microplitis demolitor,69319,1,28,ECO:0000255,,,,,,,,,,,,,,,,,,,,,,,,,,,,,,,,,,,,
Q5GA86,588,Q5GA86,,Viruses,Taro vein chlorosis virus,2749935,Glycoprotein,Colocasia esculenta,4460,1,22,ECO:0000255,,,,548,568,ECO:0000255,,,,,,,,,,,,,,,,,,,,,,,,,,,,,,
Q5MAE6,248,Q5MAE6,,Viruses,Microplitis demolitor bracovirus (isolate Webb),654919,Putative BEN domain-containing protein B1,Microplitis demolitor,69319,1,22,ECO:0000255,,,,,,,,,,,,,,,,,,,,,,,,,,,,,,,,,,,,
Q5UPE0,355,Q5UPE0,,Viruses,Acanthamoeba polyphaga mimivirus,212035,Uncharacterized protein L65,Acanthamoeba polyphaga,5757,1,21,ECO:0000255,,,,332,352,ECO:0000255,,,,,,,,,,,,,,,,,,,,,,,,,,,,,,
Q5UPK7,563,Q5UPK7,,Viruses,Acanthamoeba polyphaga mimivirus,212035,Putative GMC-type oxidoreductase L128,Acanthamoeba polyphaga,5757,1,21,ECO:0000255,,,,,,,,,,,,,,,,,,,,,,,,,,,,,,,,,,,,
Q5UQG0,223,Q5UQG0,,Viruses,Acanthamoeba polyphaga mimivirus,212035,Putative PAN domain-containing protein R486,Acanthamoeba polyphaga,5757,1,23,ECO:0000255,,,,,,,,,,,,,,,,,,,,,,,,,,,,,,,,,,,,
Q5UQH9,414,Q5UQH9,,Viruses,Acanthamoeba polyphaga mimivirus,212035,Putative truncated GMC-type inactive oxidoreductase R832,Acanthamoeba polyphaga,5757,1,20,ECO:0000255,,,,,,,,,,,,,,,,,,,,,,,,,,,,,,,,,,,,
Q5UQZ1,438,Q5UQZ1,,Viruses,Acanthamoeba polyphaga mimivirus,212035,Putative truncated GMC-type inactive oxidoreductase L894,Acanthamoeba polyphaga,5757,1,26,ECO:0000255,,,,,,,,,,,,,,,,,,,,,,,,,,,,,,,,,,,,
Q5UR02,579,Q5UR02,,Viruses,Acanthamoeba polyphaga mimivirus,212035,Probable cholinesterase,Acanthamoeba polyphaga,5757,1,19,ECO:0000255,,,,,,,,,,,,,,,,,,,,,,,,,,,,,,,,,,,,
Q5UR16,525,Q5UR16,,Viruses,Acanthamoeba polyphaga mimivirus,212035,Putative EGF-like domain-containing protein R659,Acanthamoeba polyphaga,5757,1,24,ECO:0000255,,,,,,,,,,,,,,,,,,,,,,,,,,,,,,,,,,,,
Q5UR81,199,Q5UR81,,Viruses,Acanthamoeba polyphaga mimivirus,212035,Putative lectin L633,Acanthamoeba polyphaga,5757,1,25,ECO:0000255,,,,,,,,,,,,,,,,,,,,,,,,,,,,,,,,,,,,
Q5URA7,169,Q5URA7,,Viruses,Acanthamoeba polyphaga mimivirus,212035,Putative lipocalin R877,Acanthamoeba polyphaga,5757,1,18,ECO:0000255,,,,,,,,,,,,,,,,,,,,,,,,,,,,,,,,,,,,
Q65176,66,Q65176,,Viruses,African swine fever virus (strain Badajoz 1971 Vero-adapted),10498,Transmembrane protein B66L,"Ornithodoros, Sus scrofa","6937, 9823",1,20,ECO:0000255,,,,41,61,ECO:0000255,,,,,,,,,,,,,,,,,,,,,,,,,,,,,,
Q65250,226,Q65250,,Viruses,African swine fever virus (isolate Tick/Malawi/Lil 20-1/1983),10500,Late protein I226R,"Ornithodoros, Phacochoerus aethiopicus, Phacochoerus africanus, Potamochoerus larvatus, Sus scrofa","6937, 85517, 41426, 273792, 9823",1,16,ECO:0000255,,,,,,,,,,,,,,,,,,,,,,,,,,,,,,,,,,,,
Q65328,321,Q65328,"O12553, O12842",Viruses,Orgyia pseudotsugata multicapsid polyhedrosis virus,262177,Spheroidin-like protein,Orgyia pseudotsugata,33414,1,18,ECO:0000255,,,,,,,,,,,,,,,,,,,,,,,,,,,,,,,,,,,,
Q65363,489,Q65363,O10275,Viruses,Orgyia pseudotsugata multicapsid polyhedrosis virus,262177,Ecdysteroid UDP-glucosyltransferase,Orgyia pseudotsugata,33414,1,17,ECO:0000255,,,,,,,,,,,,,,,,,,,,,,,,,,,,,,,,,,,,
Q65527,332,Q65527,,Viruses,Rotavirus C (isolate RVC/Cow/Japan/Shintoku/1991/G2P[3]),33723,Outer capsid glycoprotein VP7,Bos taurus,9913,1,49,ECO:0000255,,,,,,,,,,,,,,,,,,,,,,,,,,,,,,,,,,,,
Q66262,185,Q66262,,Viruses,Colorado tick fever virus (strain USA/Florio N-7180),648168,Uncharacterized protein VP12,"Callospermophilus lateralis, Dermacentor andersoni, Erethizon dorsatum, Homo sapiens, Neotoma cinerea, Peromyscus maniculatus","76772, 34620, 34844, 9606, 105147, 10042",1,24,ECO:0000255,,,,50,70,ECO:0000255,,,,,,,,,,,,,,,,,,,,,,,,,,,,,,
Q66608,174,Q66608,,Viruses,Equine herpesvirus 2 (strain 86/87),82831,SUSHI domain-containing protein E3,Equus caballus,9796,1,20,ECO:0000255,,,,145,165,ECO:0000255,,,,,,,,,,,,,,,,,,,,,,,,,,,,,,
Q66649,164,Q66649,,Viruses,Equine herpesvirus 2 (strain 86/87),82831,Envelope glycoprotein L,Equus caballus,9796,1,24,ECO:0000255,,,,,,,,,,,,,,,,,,,,,,,,,,,,,,,,,,,,
Q66653,223,Q66653,,Viruses,Equine herpesvirus 2 (strain 86/87),82831,Putative C-type lectin protein 51,Equus caballus,9796,1,31,ECO:0000255,,,,,,,,,,,,,,,,,,,,,,,,,,,,,,,,,,,,
Q66676,205,Q66676,,Viruses,Equine herpesvirus 2 (strain 86/87),82831,Uncharacterized gene E9 protein,Equus caballus,9796,1,19,ECO:0000255,,,,147,167,ECO:0000255,,,,,,,,,,,,,,,,,,,,,,,,,,,,,,
Q69553,293,Q69553,Q69041,Viruses,Human herpesvirus 6A (strain Uganda-1102),10370,Putative immediate early glycoprotein,Homo sapiens,9606,1,21,ECO:0000255,,,,262,282,ECO:0000255,,,,,,,,,,,,,,,,,,,,,,,,,,,,,,
Q69557,202,Q69557,Q69046,Viruses,Human herpesvirus 6A (strain Uganda-1102),10370,Glycoprotein U22,Homo sapiens,9606,1,20,ECO:0000255,,,,172,192,ECO:0000255,,,,,,,,,,,,,,,,,,,,,,,,,,,,,,
Q69558,236,Q69558,Q69047,Viruses,Human herpesvirus 6A (strain Uganda-1102),10370,Glycoprotein U23,Homo sapiens,9606,1,17,ECO:0000255,,,,184,204,ECO:0000255,,,,,,,,,,,,,,,,,,,,,,,,,,,,,,
Q6E0W7,591,Q6E0W7,,Viruses,Maize mosaic virus (isolate Maize/United States/Reed/2005),928305,Glycoprotein,"Rottboellia, Setaria, Sorghum bicolor, Zea mays","300124, 4554, 4558, 4577",1,21,ECO:0000255,,,,553,573,ECO:0000255,,,,,,,,,,,,,,,,,,,,,,,,,,,,,,
Q6R7E1,748,Q6R7E1,,Viruses,Ostreid herpesvirus 1 (isolate France),654903,Putative transmembrane protein ORF88,"Magallana gigas, Pecten maximus","29159, 6579",1,20,ECO:0000255,,,,724,744,ECO:0000255,,,,,,,,,,,,,,,,,,,,,,,,,,,,,,
Q6R7G0,693,Q6R7G0,,Viruses,Ostreid herpesvirus 1 (isolate France),654903,Putative transmembrane protein ORF68,"Magallana gigas, Pecten maximus","29159, 6579",1,17,ECO:0000255,,,,667,687,ECO:0000255,,,,,,,,,,,,,,,,,,,,,,,,,,,,,,
Q6R7G6,1080,Q6R7G6,,Viruses,Ostreid herpesvirus 1 (isolate France),654903,Uncharacterized protein ORF59,"Magallana gigas, Pecten maximus","29159, 6579",1,17,ECO:0000255,,,,1043,1063,ECO:0000255,,,,,,,,,,,,,,,,,,,,,,,,,,,,,,
Q6R7H1,807,Q6R7H1,,Viruses,Ostreid herpesvirus 1 (isolate France),654903,Uncharacterized protein ORF54,"Magallana gigas, Pecten maximus","29159, 6579",1,18,ECO:0000255,,,,705,725,ECO:0000255,,,,,,,,,,,,,,,,,,,,,,,,,,,,,,
Q6R7I3,972,Q6R7I3,,Viruses,Ostreid herpesvirus 1 (isolate France),654903,Uncharacterized protein ORF41,"Magallana gigas, Pecten maximus","29159, 6579",1,21,ECO:0000255,,,,933,953,ECO:0000255,,,,,,,,,,,,,,,,,,,,,,,,,,,,,,
Q6R7J8,221,Q6R7J8,,Viruses,Ostreid herpesvirus 1 (isolate France),654903,Putative transmembrane protein ORF25,"Magallana gigas, Pecten maximus","29159, 6579",1,23,ECO:0000255,,,,192,212,ECO:0000255,,,,,,,,,,,,,,,,,,,,,,,,,,,,,,
Q6S6W0,866,Q6S6W0,,Viruses,Equine herpesvirus 1 (strain V592),310273,Glycoprotein gp2,Equus caballus,9796,1,25,ECO:0000255,,,,835,855,ECO:0000255,,,,,,,,,,,,,,,,,,,,,,,,,,,,,,
Q6SW14,138,Q6SW14,D2K3T7,Viruses,Human cytomegalovirus (strain Merlin),295027,Membrane glycoprotein UL139,Homo sapiens,9606,1,15,ECO:0000255,,,,64,84,ECO:0000255,,,,,,,,,,,,,,,,,,,,,,,,,,,,,,
Q6SW31,201,Q6SW31,D2K3R9,Viruses,Human cytomegalovirus (strain Merlin),295027,Membrane protein UL120,Homo sapiens,9606,1,25,ECO:0000255,,,,171,191,ECO:0000255,,,,,,,,,,,,,,,,,,,,,,,,,,,,,,
Q6SW34,313,Q6SW34,D2K3R6,Viruses,Human cytomegalovirus (strain Merlin),295027,Uncharacterized protein UL116,Homo sapiens,9606,1,24,ECO:0000255,,,,,,,,,,,,,,,,,,,,,,,,,,,,,,,,,,,,
Q6SW92,221,Q6SW92,D2K3K7,Viruses,Human cytomegalovirus (strain Merlin),295027,Protein UL40,Homo sapiens,9606,1,35,ECO:0000255,,,,,,,,,,,,,,,,,,,,,,,,,,,,,,,,,,,,
Q6SWA0,595,Q6SWA0,D2K3J9,Viruses,Human cytomegalovirus (strain Merlin),295027,Protein UL31,Homo sapiens,9606,1,40,ECO:0000255,,,,,,,,,,,,,,,,,,,,,,,,,,,,,,,,,,,,
Q6SWB8,473,Q6SWB8,D2K3I2,Viruses,Human cytomegalovirus (strain Merlin),295027,Uncharacterized protein UL13,Homo sapiens,9606,1,35,ECO:0000255,,,,,,,,,,,,,,,,,,,,,,,,,,,,,,,,,,,,
Q6SWC6,149,Q6SWC6,D2K3H4,Viruses,Human cytomegalovirus (strain Merlin),295027,Envelope glycoprotein UL4,Homo sapiens,9606,1,18,ECO:0000255,,,,,,,,,,,,,,,,,,,,,,,,,,,,,,,,,,,,
Q6SWC8,218,Q6SWC8,D2K3H2,Viruses,Human cytomegalovirus (strain Merlin),295027,Glycoprotein UL1,Homo sapiens,9606,1,27,ECO:0000255,,,,178,198,ECO:0000255,,,,,,,,,,,,,,,,,,,,,,,,,,,,,,
Q6SWC9,293,Q6SWC9,D2K3H1,Viruses,Human cytomegalovirus (strain Merlin),295027,Membrane protein RL13,Homo sapiens,9606,1,19,ECO:0000255,,,,245,265,ECO:0000255,,,,,,,,,,,,,,,,,,,,,,,,,,,,,,
Q6SWD1,234,Q6SWD1,D2K3G9,Viruses,Human cytomegalovirus (strain Merlin),295027,Membrane glycoprotein RL11,Homo sapiens,9606,1,23,ECO:0000255,,,,183,203,ECO:0000255,,,,,,,,,,,,,,,,,,,,,,,,,,,,,,
Q6SWM9,308,Q6SWM9,,Viruses,Human cytomegalovirus (strain Towne),10363,Protein UL135,Homo sapiens,9606,1,22,ECO:0000255,,,,,,,,,,,,,,,,,,,,,,,,,,,,,,,,,,,,
Q6UDF8,280,Q6UDF8,,Viruses,Psittacid herpesvirus 1 (isolate Amazon parrot/-/97-0001/1997),670426,Glycoprotein G,Amazona oratrix,152276,1,24,ECO:0000255,,,,,,,,,,,,,,,,,,,,,,,,,,,,,,,,,,,,
Q6UDI7,462,Q6UDI7,,Viruses,Psittacid herpesvirus 1 (isolate Amazon parrot/-/97-0001/1997),670426,Envelope glycoprotein C,Amazona oratrix,152276,1,23,ECO:0000255,,,,434,454,ECO:0000255,,,,,,,,,,,,,,,,,,,,,,,,,,,,,,
Q76TT7,78,Q76TT7,,Viruses,Spiroplasma virus SpV1-C74,185959,Putative capsid protein ORF9,Spiroplasma melliferum,2134,1,29,ECO:0000255,,,,52,72,ECO:0000255,,,,,,,,,,,,,,,,,,,,,,,,,,,,,,
Q779K3,89,Q779K3,Q7B2T7,Viruses,Shigella phage 7888,138946,Shiga toxin subunit B,Shigella sonnei,624,1,20,ECO:0000255,,,,,,,,,,,,,,,,,,,,,,,,,,,,,,,,,,,,
Q77MQ6,134,Q77MQ6,,Viruses,Gallid herpesvirus 2 (strain Chicken/Md5/ATCC VR-987),10389,Viral interleukin-8 homolog,Gallus gallus,9031,1,22,ECO:0000255,,,,,,,,,,,,,,,,,,,,,,,,,,,,,,,,,,,,
Q77MS9,756,Q77MS9,,Viruses,Gallid herpesvirus 2 (strain Chicken/Md5/ATCC VR-987),10389,Virulence factor MDV010,Gallus gallus,9031,1,30,ECO:0000255,,,,,,,,,,,,,,,,,,,,,,,,,,,,,,,,,,,,
Q7T6S7,101,Q7T6S7,,Viruses,Canine coronavirus (strain BGF10),441619,Non-structural protein 7a,Canis lupus familiaris,9615,1,23,ECO:0000255,,,,81,101,ECO:0000255,,,,,,,,,,,,,,,,,,,,,,,,,,,,,,
Q83140,528,Q83140,,Viruses,Mamestra brassicae nuclear polyhedrosis virus,78219,Ecdysteroid UDP-glucosyltransferase,Lepidoptera,7088,1,32,ECO:0000255,,,,,,,,,,,,,,,,,,,,,,,,,,,,,,,,,,,,
Q85339,369,Q85339,,Viruses,Vaccinia virus (strain Ankara),126794,Superinfection exclusion protein,Homo sapiens,9606,1,15,ECO:0000255,,,,,,,,,,,,,,,,,,,,,,,,,,,,,,,,,,,,
Q88168,515,Q88168,,Viruses,Spodoptera littoralis nuclear polyhedrosis virus,10456,Ecdysteroid UDP-glucosyltransferase,Lepidoptera,7088,1,31,ECO:0000255,,,,,,,,,,,,,,,,,,,,,,,,,,,,,,,,,,,,
Q89669,660,Q89669,,Viruses,Adelaide River virus,31612,Glycoprotein,"Bos taurus, Bubalus bubalis, Culicoides, Syncerus caffer","9913, 89462, 58271, 9970",1,22,ECO:0000255,,,,559,579,ECO:0000255,,,,,,,,,,,,,,,,,,,,,,,,,,,,,,
Q89738,290,Q89738,Q76UF8,Viruses,Human herpesvirus 6A (strain Uganda-1102),10370,Putative OX-2 membrane glycoprotein homolog,Homo sapiens,9606,1,17,ECO:0000255,,,,268,288,ECO:0000255,,,,,,,,,,,,,,,,,,,,,,,,,,,,,,
Q89865,332,Q89865,,Viruses,Rotavirus C (isolate RVC/Human/United Kingdom/Bristol/1989),31567,Outer capsid glycoprotein VP7,Homo sapiens,9606,1,49,ECO:0000255,,,,,,,,,,,,,,,,,,,,,,,,,,,,,,,,,,,,
Q89904,609,Q89904,,Viruses,Adelaide River virus,31612,Non-structural glycoprotein,"Bos taurus, Bubalus bubalis, Culicoides, Syncerus caffer","9913, 89462, 58271, 9970",1,24,ECO:0000255,,,,582,599,ECO:0000255,,,,,,,,,,,,,,,,,,,,,,,,,,,,,,
Q8BDV6,522,Q8BDV6,,Viruses,Lagos bat virus,38766,Glycoprotein,"Homo sapiens, Mammalia","9606, 40674",1,25,ECO:0000255,,,,456,476,ECO:0000255,,,,,,,,,,,,,,,,,,,,,,,,,,,,,,
Q8LTD0,96,Q8LTD0,,Viruses,Escherichia phage P2,2905681,"Probable spanin, outer lipoprotein subunit",Enterobacteriaceae,543,1,24,ECO:0000255,,,,,,,,,,,,,,,,,,,,,,,,,,,,,,,,,,,,
Q8QL30,510,Q8QL30,Q5TJ94,Viruses,Sulfolobus islandicus rod-shaped virus 1,157898,Uncharacterized protein 510,Saccharolobus islandicus,43080,1,19,ECO:0000255,,,,28,48,ECO:0000255,,,,,,,,,,,,,,,,,,,,,,,,,,,,,,
Q8SDJ8,163,Q8SDJ8,,Viruses,Staphylococcus phage phi13,2992645,Staphylokinase,Pseudomonas,286,1,27,ECO:0000250,,,,,,,,,,,,,,,,,,,,,,,,,,,,,,,,,,,,
Q90157,491,Q90157,,Viruses,Choristoneura fumiferana nuclear polyhedrosis virus,208973,Ecdysteroid UDP-glucosyltransferase,Choristoneura fumiferana,7141,1,17,ECO:0000255,,,,,,,,,,,,,,,,,,,,,,,,,,,,,,,,,,,,
Q90158,493,Q90158,,Viruses,Choristoneura fumiferana defective polyhedrosis virus,74660,Ecdysteroid UDP-glucosyltransferase,Lepidoptera,7088,1,17,ECO:0000255,,,,,,,,,,,,,,,,,,,,,,,,,,,,,,,,,,,,
Q91FT7,265,Q91FT7,,Viruses,Invertebrate iridescent virus 6,176652,Putative methyltransferase 235L,"Acheta domesticus, Chilo suppressalis, Gryllus bimaculatus, Gryllus campestris, Spodoptera frugiperda","6997, 168631, 6999, 58607, 7108",1,17,ECO:0000255,,,,,,,,,,,,,,,,,,,,,,,,,,,,,,,,,,,,
Q91GH8,826,Q91GH8,,Viruses,Epiphyas postvittana nucleopolyhedrovirus,70600,Capsid-associated protein Vp91,Lepidoptera,7088,1,18,ECO:0000255,,,,,,,,,,,,,,,,,,,,,,,,,,,,,,,,,,,,
Q98166,460,Q98166,,Viruses,Lacanobia oleracea granulosis virus,52412,Ecdysteroid UDP-glucosyltransferase,Lacanobia oleracea,79499,1,18,ECO:0000255,,,,,,,,,,,,,,,,,,,,,,,,,,,,,,,,,,,,
Q9DIC6,551,Q9DIC6,,Viruses,Lettuce necrotic yellows virus (isolate 318),928304,Glycoprotein,"Lactuca sativa, Reichardia tingitana, Sonchus hydrophilus, Sonchus oleraceus","4236, 43208, 255580, 50207",1,25,ECO:0000255,,,,504,524,ECO:0000255,,,,,,,,,,,,,,,,,,,,,,,,,,,,,,
Q9J524,125,Q9J524,,Viruses,Fowlpox virus (strain NVSL),928301,Probable growth factor FPV211,Vertebrata,7742,1,48,ECO:0000255,,,,,,,,,,,,,,,,,,,,,,,,,,,,,,,,,,,,
Q9J560,76,Q9J560,,Viruses,Fowlpox virus (strain NVSL),928301,Protein A9 homolog,Vertebrata,7742,1,21,ECO:0000255,,,,46,66,ECO:0000255,,,,,,,,,,,,,,,,,,,,,,,,,,,,,,
Q9JGT4,483,Q9JGT4,,Viruses,Northern cereal mosaic virus,1985704,Glycoprotein,Hordeum vulgare,4513,1,21,ECO:0000255,,,,443,463,ECO:0000255,,,,,,,,,,,,,,,,,,,,,,,,,,,,,,
Q9QJ17,292,Q9QJ17,,Viruses,Human herpesvirus 6B (strain Z29),36351,Putative OX-2 membrane glycoprotein homolog,Homo sapiens,9606,1,18,ECO:0000250,,,,263,283,ECO:0000255,,,,,,,,,,,,,,,,,,,,,,,,,,,,,,
Q9QJ46,434,Q9QJ46,,Viruses,Human herpesvirus 6B (strain Z29),36351,Glycoprotein U20,Homo sapiens,9606,1,15,ECO:0000255,,,,322,342,ECO:0000255,,,,,,,,,,,,,,,,,,,,,,,,,,,,,,
Q9QJT6,512,Q9QJT6,,Viruses,Snakehead rhabdovirus,103603,Glycoprotein,Gobiosoma bosc,203314,1,25,ECO:0000255,,,,464,486,ECO:0000255,,,,,,,,,,,,,,,,,,,,,,,,,,,,,,
Q9XJJ7,61,Q9XJJ7,,Viruses,Escherichia phage 933W,10730,"Spanin, outer membrane subunit",Escherichia coli O157:H7,83334,1,19,ECO:0000250,,,,,,,,,,,,,,,,,,,,,,,,,,,,,,,,,,,,
Q9YMG2,298,Q9YMG2,,Viruses,Zaire ebolavirus (strain Mayinga-76),128952,Super small secreted glycoprotein,"Epomops franqueti, Homo sapiens, Myonycteris torquata","77231, 9606, 77243",1,32,ECO:0000255,,,,,,,,,,,,,,,,,,,,,,,,,,,,,,,,,,,,
A3EX95,91,A3EX95,,Viruses,Bat coronavirus HKU4,694007,Non-structural protein 3a,Tylonycteris pachypus,258959,1,19,ECO:0000255,,,,,,,,,,,,,,,,,,,,,,,,,,,,,,,,,,,,
A3EXD1,121,A3EXD1,,Viruses,Bat coronavirus HKU5,694008,Non-structural protein 3a,Pipistrellus abramus,105295,1,39,ECO:0000255,,,,,,,,,,,,,,,,,,,,,,,,,,,,,,,,,,,,
A3EXH1,185,A3EXH1,,Viruses,Bat coronavirus HKU9,694006,Non-structural protein 7a,Rousettus leschenaultii,9408,1,16,ECO:0000255,,,,,,,,,,,,,,,,,,,,,,,,,,,,,,,,,,,,
A4KX72,376,A4KX72,,Viruses,Heliothis virescens ascovirus 3e,260797,Uncharacterized protein ORF17,Noctuidae,7100,1,22,ECO:0000255,,,,,,,,,,,,,,,,,,,,,,,,,,,,,,,,,,,,
A4ZUB1,95,A4ZUB1,,Viruses,Acidianus bottle-shaped virus (isolate Italy/Pozzuoli),654911,Uncharacterized protein ORF95,Acidianus convivator,269667,1,22,ECO:0000255,,,,53,69,ECO:0000255,,,,,,,,,,,,,,,,,,,,,,,,,,,,,,
A4ZUB9,59,A4ZUB9,,Viruses,Acidianus bottle-shaped virus (isolate Italy/Pozzuoli),654911,Uncharacterized protein ORF59,Acidianus convivator,269667,1,21,ECO:0000255,,,,25,45,ECO:0000255,,,,,,,,,,,,,,,,,,,,,,,,,,,,,,
A9CBA2,178,A9CBA2,,Viruses,Snake adenovirus serotype 1,189830,Protein 105R,Pantherophis guttatus,94885,1,18,ECO:0000255,,,,,,,,,,,,,,,,,,,,,,,,,,,,,,,,,,,,
C1JJY5,181,C1JJY5,,Viruses,Halorubrum pleomorphic virus 1,634168,Uncharacterized protein 6,Halorubrum sp. PV6,634157,1,22,ECO:0000255,,,,,,,,,,,,,,,,,,,,,,,,,,,,,,,,,,,,
F5HEF3,163,F5HEF3,,Viruses,Human cytomegalovirus (strain Merlin),295027,Protein US34,Homo sapiens,9606,1,22,ECO:0000255,,,,,,,,,,,,,,,,,,,,,,,,,,,,,,,,,,,,
O10282,657,O10282,,Viruses,Orgyia pseudotsugata multicapsid polyhedrosis virus,262177,Uncharacterized 73.1 kDa protein,Orgyia pseudotsugata,33414,1,17,ECO:0000255,,,,,,,,,,,,,,,,,,,,,,,,,,,,,,,,,,,,
O10284,205,O10284,,Viruses,Orgyia pseudotsugata multicapsid polyhedrosis virus,262177,Fibroblast growth factor homolog,Orgyia pseudotsugata,33414,1,17,ECO:0000255,,,,,,,,,,,,,,,,,,,,,,,,,,,,,,,,,,,,
O10337,55,O10337,,Viruses,Orgyia pseudotsugata multicapsid polyhedrosis virus,262177,Uncharacterized 6.1 kDa protein,Orgyia pseudotsugata,33414,1,19,ECO:0000255,,,,,,,,,,,,,,,,,,,,,,,,,,,,,,,,,,,,
O10358,529,O10358,,Viruses,Orgyia pseudotsugata multicapsid polyhedrosis virus,262177,Uncharacterized 59.0 kDa protein,Orgyia pseudotsugata,33414,1,20,ECO:0000255,,,,,,,,,,,,,,,,,,,,,,,,,,,,,,,,,,,,
O10360,70,O10360,,Viruses,Orgyia pseudotsugata multicapsid polyhedrosis virus,262177,Uncharacterized 7.6 kDa protein,Orgyia pseudotsugata,33414,1,16,ECO:0000255,,,,,,,,,,,,,,,,,,,,,,,,,,,,,,,,,,,,
O55706,179,O55706,,Viruses,Invertebrate iridescent virus 6,176652,Uncharacterized protein 062L,"Acheta domesticus, Chilo suppressalis, Gryllus bimaculatus, Gryllus campestris, Spodoptera frugiperda","6997, 168631, 6999, 58607, 7108",1,26,ECO:0000255,,,,,,,,,,,,,,,,,,,,,,,,,,,,,,,,,,,,
O55726,68,O55726,,Viruses,Invertebrate iridescent virus 6,176652,Uncharacterized protein 110R,"Acheta domesticus, Chilo suppressalis, Gryllus bimaculatus, Gryllus campestris, Spodoptera frugiperda","6997, 168631, 6999, 58607, 7108",1,27,ECO:0000255,,,,,,,,,,,,,,,,,,,,,,,,,,,,,,,,,,,,
O55727,175,O55727,,Viruses,Invertebrate iridescent virus 6,176652,Uncharacterized protein 111R,"Acheta domesticus, Chilo suppressalis, Gryllus bimaculatus, Gryllus campestris, Spodoptera frugiperda","6997, 168631, 6999, 58607, 7108",1,23,ECO:0000255,,,,,,,,,,,,,,,,,,,,,,,,,,,,,,,,,,,,
O55732,249,O55732,,Viruses,Invertebrate iridescent virus 6,176652,Uncharacterized protein 117L,"Acheta domesticus, Chilo suppressalis, Gryllus bimaculatus, Gryllus campestris, Spodoptera frugiperda","6997, 168631, 6999, 58607, 7108",1,20,ECO:0000255,,,,,,,,,,,,,,,,,,,,,,,,,,,,,,,,,,,,
O55734,120,O55734,,Viruses,Invertebrate iridescent virus 6,176652,Uncharacterized protein 120L,"Acheta domesticus, Chilo suppressalis, Gryllus bimaculatus, Gryllus campestris, Spodoptera frugiperda","6997, 168631, 6999, 58607, 7108",1,16,ECO:0000255,,,,,,,,,,,,,,,,,,,,,,,,,,,,,,,,,,,,
O55740,201,O55740,,Viruses,Invertebrate iridescent virus 6,176652,Uncharacterized protein 130R,"Acheta domesticus, Chilo suppressalis, Gryllus bimaculatus, Gryllus campestris, Spodoptera frugiperda","6997, 168631, 6999, 58607, 7108",1,19,ECO:0000255,,,,,,,,,,,,,,,,,,,,,,,,,,,,,,,,,,,,
O55743,57,O55743,,Viruses,Invertebrate iridescent virus 6,176652,Uncharacterized protein 137R,"Acheta domesticus, Chilo suppressalis, Gryllus bimaculatus, Gryllus campestris, Spodoptera frugiperda","6997, 168631, 6999, 58607, 7108",1,22,ECO:0000255,,,,,,,,,,,,,,,,,,,,,,,,,,,,,,,,,,,,
O55745,65,O55745,,Viruses,Invertebrate iridescent virus 6,176652,Uncharacterized protein 139L,"Acheta domesticus, Chilo suppressalis, Gryllus bimaculatus, Gryllus campestris, Spodoptera frugiperda","6997, 168631, 6999, 58607, 7108",1,22,ECO:0000255,,,,,,,,,,,,,,,,,,,,,,,,,,,,,,,,,,,,
O55758,53,O55758,,Viruses,Invertebrate iridescent virus 6,176652,Uncharacterized protein 160L,"Acheta domesticus, Chilo suppressalis, Gryllus bimaculatus, Gryllus campestris, Spodoptera frugiperda","6997, 168631, 6999, 58607, 7108",1,23,ECO:0000255,,,,,,,,,,,,,,,,,,,,,,,,,,,,,,,,,,,,
O55760,152,O55760,,Viruses,Invertebrate iridescent virus 6,176652,Uncharacterized protein 162R,"Acheta domesticus, Chilo suppressalis, Gryllus bimaculatus, Gryllus campestris, Spodoptera frugiperda","6997, 168631, 6999, 58607, 7108",1,24,ECO:0000255,,,,,,,,,,,,,,,,,,,,,,,,,,,,,,,,,,,,
O64363,181,O64363,,Viruses,Escherichia phage N15,1604876,Protein gp55,Escherichia coli,562,1,26,ECO:0000255,,,,,,,,,,,,,,,,,,,,,,,,,,,,,,,,,,,,
O71194,177,O71194,,Viruses,Grapevine leafroll-associated virus 3 (isolate United States/NY1),651354,Protein P20A,Vitis vinifera,29760,1,19,ECO:0000255,,,,,,,,,,,,,,,,,,,,,,,,,,,,,,,,,,,,
P03777,47,P03777,,Viruses,Escherichia phage T7,10760,Protein 0.5,Escherichia coli,562,1,23,ECO:0000255,,,,24,43,ECO:0000255,,,,,,,,,,,,,,,,,,,,,,,,,,,,,,
P03791,51,P03791,,Viruses,Escherichia phage T7,10760,Protein 1.4,Escherichia coli,562,1,23,ECO:0000255,,,,28,48,ECO:0000255,,,,,,,,,,,,,,,,,,,,,,,,,,,,,,
P03804,49,P03804,,Viruses,Escherichia phage T7,10760,Protein 19.5,Escherichia coli,562,1,23,ECO:0000255,,,,,,,,,,,,,,,,,,,,,,,,,,,,,,,,,,,,
P05137,57,P05137,"Q0GNB7, Q5I5X8",Viruses,Avian infectious bronchitis virus (strain M41),11127,Non-structural protein 3a,Gallus gallus,9031,1,22,ECO:0000255,,,,,,,,,,,,,,,,,,,,,,,,,,,,,,,,,,,,
P09709,163,P09709,Q7M6G7,Viruses,Human cytomegalovirus (strain AD169),10360,Protein US34,Homo sapiens,9606,1,22,ECO:0000255,,,,,,,,,,,,,,,,,,,,,,,,,,,,,,,,,,,,
P0C9G5,104,P0C9G5,,Viruses,African swine fever virus (isolate Warthog/Namibia/Wart80/1980),561444,Protein MGF 110-2L,"Ornithodoros, Phacochoerus aethiopicus, Phacochoerus africanus, Potamochoerus larvatus, Sus scrofa","6937, 85517, 41426, 273792, 9823",1,31,ECO:0000250,,,,,,,,,,,,,,,,,,,,,,,,,,,,,,,,,,,,
P0C9G6,113,P0C9G6,,Viruses,African swine fever virus (isolate Pig/Kenya/KEN-50/1950),561445,Protein MGF 110-2L,"Ornithodoros, Phacochoerus aethiopicus, Phacochoerus africanus, Potamochoerus larvatus, Sus scrofa","6937, 85517, 41426, 273792, 9823",1,31,ECO:0000250,,,,,,,,,,,,,,,,,,,,,,,,,,,,,,,,,,,,
P0C9G7,116,P0C9G7,,Viruses,African swine fever virus (isolate Tick/Malawi/Lil 20-1/1983),10500,Protein MGF 110-2L,"Ornithodoros, Phacochoerus aethiopicus, Phacochoerus africanus, Potamochoerus larvatus, Sus scrofa","6937, 85517, 41426, 273792, 9823",1,19,ECO:0000255,,,,,,,,,,,,,,,,,,,,,,,,,,,,,,,,,,,,
P0C9G8,104,P0C9G8,,Viruses,African swine fever virus (isolate Tick/South Africa/Pretoriuskop Pr4/1996),561443,Protein MGF 110-2L,"Ornithodoros, Phacochoerus aethiopicus, Phacochoerus africanus, Potamochoerus larvatus, Sus scrofa","6937, 85517, 41426, 273792, 9823",1,19,ECO:0000255,,,,,,,,,,,,,,,,,,,,,,,,,,,,,,,,,,,,
P0C9I1,137,P0C9I1,,Viruses,African swine fever virus (isolate Warthog/Namibia/Wart80/1980),561444,Protein MGF 110-7L,"Ornithodoros, Phacochoerus aethiopicus, Phacochoerus africanus, Potamochoerus larvatus, Sus scrofa","6937, 85517, 41426, 273792, 9823",1,20,ECO:0000255,,,,,,,,,,,,,,,,,,,,,,,,,,,,,,,,,,,,
P0C9I2,137,P0C9I2,,Viruses,African swine fever virus (isolate Pig/Kenya/KEN-50/1950),561445,Protein MGF 110-7L,"Ornithodoros, Phacochoerus aethiopicus, Phacochoerus africanus, Potamochoerus larvatus, Sus scrofa","6937, 85517, 41426, 273792, 9823",1,20,ECO:0000255,,,,,,,,,,,,,,,,,,,,,,,,,,,,,,,,,,,,
P0C9I3,125,P0C9I3,,Viruses,African swine fever virus (isolate Tick/Malawi/Lil 20-1/1983),10500,Protein MGF 110-7L,"Ornithodoros, Phacochoerus aethiopicus, Phacochoerus africanus, Potamochoerus larvatus, Sus scrofa","6937, 85517, 41426, 273792, 9823",1,20,ECO:0000255,,,,,,,,,,,,,,,,,,,,,,,,,,,,,,,,,,,,
P0C9I4,137,P0C9I4,,Viruses,African swine fever virus (isolate Tick/South Africa/Pretoriuskop Pr4/1996),561443,Protein MGF 110-7L,"Ornithodoros, Phacochoerus aethiopicus, Phacochoerus africanus, Potamochoerus larvatus, Sus scrofa","6937, 85517, 41426, 273792, 9823",1,20,ECO:0000255,,,,,,,,,,,,,,,,,,,,,,,,,,,,,,,,,,,,
P0C9I5,124,P0C9I5,,Viruses,African swine fever virus (isolate Warthog/Namibia/Wart80/1980),561444,Protein MGF 110-8L,"Ornithodoros, Phacochoerus aethiopicus, Phacochoerus africanus, Potamochoerus larvatus, Sus scrofa","6937, 85517, 41426, 273792, 9823",1,16,ECO:0000255,,,,,,,,,,,,,,,,,,,,,,,,,,,,,,,,,,,,
P0C9I6,124,P0C9I6,,Viruses,African swine fever virus (isolate Pig/Kenya/KEN-50/1950),561445,Protein MGF 110-8L,"Ornithodoros, Phacochoerus aethiopicus, Phacochoerus africanus, Potamochoerus larvatus, Sus scrofa","6937, 85517, 41426, 273792, 9823",1,16,ECO:0000255,,,,,,,,,,,,,,,,,,,,,,,,,,,,,,,,,,,,
P0C9I7,124,P0C9I7,,Viruses,African swine fever virus (isolate Tick/Malawi/Lil 20-1/1983),10500,Protein MGF 110-8L,"Ornithodoros, Phacochoerus aethiopicus, Phacochoerus africanus, Potamochoerus larvatus, Sus scrofa","6937, 85517, 41426, 273792, 9823",1,16,ECO:0000255,,,,,,,,,,,,,,,,,,,,,,,,,,,,,,,,,,,,
P0C9I8,124,P0C9I8,,Viruses,African swine fever virus (isolate Tick/South Africa/Pretoriuskop Pr4/1996),561443,Protein MGF 110-8L,"Ornithodoros, Phacochoerus aethiopicus, Phacochoerus africanus, Potamochoerus larvatus, Sus scrofa","6937, 85517, 41426, 273792, 9823",1,16,ECO:0000255,,,,,,,,,,,,,,,,,,,,,,,,,,,,,,,,,,,,
P0C9K2,120,P0C9K2,,Viruses,African swine fever virus (isolate Pig/Kenya/KEN-50/1950),561445,Protein MGF 110-14L,"Ornithodoros, Phacochoerus aethiopicus, Phacochoerus africanus, Potamochoerus larvatus, Sus scrofa","6937, 85517, 41426, 273792, 9823",1,17,ECO:0000255,,,,,,,,,,,,,,,,,,,,,,,,,,,,,,,,,,,,
P0C9K3,127,P0C9K3,,Viruses,African swine fever virus (isolate Tick/Malawi/Lil 20-1/1983),10500,Protein MGF 110-14L,"Ornithodoros, Phacochoerus aethiopicus, Phacochoerus africanus, Potamochoerus larvatus, Sus scrofa","6937, 85517, 41426, 273792, 9823",1,17,ECO:0000255,,,,,,,,,,,,,,,,,,,,,,,,,,,,,,,,,,,,
P0CA59,150,P0CA59,,Viruses,African swine fever virus (isolate Pig/Kenya/KEN-50/1950),561445,Uncharacterized protein EP152R,"Ornithodoros, Phacochoerus aethiopicus, Phacochoerus africanus, Potamochoerus larvatus, Sus scrofa","6937, 85517, 41426, 273792, 9823",1,23,ECO:0000255,,,,,,,,,,,,,,,,,,,,,,,,,,,,,,,,,,,,
P0CA60,151,P0CA60,,Viruses,African swine fever virus (isolate Tick/Malawi/Lil 20-1/1983),10500,Uncharacterized protein EP152R,"Ornithodoros, Phacochoerus aethiopicus, Phacochoerus africanus, Potamochoerus larvatus, Sus scrofa","6937, 85517, 41426, 273792, 9823",1,24,ECO:0000255,,,,,,,,,,,,,,,,,,,,,,,,,,,,,,,,,,,,
P0CA61,150,P0CA61,,Viruses,African swine fever virus (isolate Tick/South Africa/Pretoriuskop Pr4/1996),561443,Uncharacterized protein EP152R,"Ornithodoros, Phacochoerus aethiopicus, Phacochoerus africanus, Potamochoerus larvatus, Sus scrofa","6937, 85517, 41426, 273792, 9823",1,23,ECO:0000255,,,,,,,,,,,,,,,,,,,,,,,,,,,,,,,,,,,,
P0CA62,150,P0CA62,,Viruses,African swine fever virus (isolate Warthog/Namibia/Wart80/1980),561444,Uncharacterized protein EP152R,"Ornithodoros, Phacochoerus aethiopicus, Phacochoerus africanus, Potamochoerus larvatus, Sus scrofa","6937, 85517, 41426, 273792, 9823",1,23,ECO:0000255,,,,,,,,,,,,,,,,,,,,,,,,,,,,,,,,,,,,
P0CK26,37,P0CK26,,Viruses,Vaccinia virus (strain Western Reserve),10254,Uncharacterized protein VACWR204.5,Bos taurus,9913,1,23,ECO:0000255,,,,,,,,,,,,,,,,,,,,,,,,,,,,,,,,,,,,
P17364,177,P17364,Q76ZY8,Viruses,Vaccinia virus (strain Western Reserve),10254,Protein C8,Bos taurus,9913,1,21,ECO:0000255,,,,,,,,,,,,,,,,,,,,,,,,,,,,,,,,,,,,
P18559,104,P18559,,Viruses,African swine fever virus (strain Badajoz 1971 Vero-adapted),10498,Protein MGF 110-2L,"Ornithodoros, Sus scrofa","6937, 9823",1,31,ECO:0000250,,,,,,,,,,,,,,,,,,,,,,,,,,,,,,,,,,,,
P19743,206,P19743,Q52PA9,Viruses,Feline coronavirus (strain FIPV WSU-79/1146),33734,Non-structural protein 7b,Felidae,9681,1,17,ECO:0000255,,,,,,,,,,,,,,,,,,,,,,,,,,,,,,,,,,,,
P20747,283,P20747,,Viruses,Fowl adenovirus A serotype 1 (strain CELO / Phelps),10553,Putative Ig-like domain-containing protein ORF10,Galliformes,8976,1,55,ECO:0000255,,,,,,,,,,,,,,,,,,,,,,,,,,,,,,,,,,,,
P21005,77,P21005,,Viruses,Vaccinia virus (strain Copenhagen),10249,Protein OPG195,Homo sapiens,9606,1,17,ECO:0000255,,,,,,,,,,,,,,,,,,,,,,,,,,,,,,,,,,,,
P21041,184,P21041,,Viruses,Vaccinia virus (strain Copenhagen),10249,Protein C8,Homo sapiens,9606,1,21,ECO:0000255,,,,,,,,,,,,,,,,,,,,,,,,,,,,,,,,,,,,
P21116,30,P21116,,Viruses,Vaccinia virus (strain Copenhagen),10249,Truncated interleukin-1-binding protein,Homo sapiens,9606,1,18,ECO:0000255,,,,,,,,,,,,,,,,,,,,,,,,,,,,,,,,,,,,
P24771,77,P24771,Q76ZL4,Viruses,Vaccinia virus (strain Western Reserve),10254,Protein OPG195,Bos taurus,9913,1,17,ECO:0000255,,,,,,,,,,,,,,,,,,,,,,,,,,,,,,,,,,,,
P25946,258,P25946,Q77PB2,Viruses,Rabbit fibroma virus (strain Kasza),10272,Protein T1,Oryctolagus cuniculus,9986,1,17,ECO:0000255,,,,,,,,,,,,,,,,,,,,,,,,,,,,,,,,,,,,
P26702,117,P26702,,Viruses,African swine fever virus (isolate Portugal/Lis 57/1957),10499,Protein MGF 110-13L,"Ornithodoros, Sus scrofa","6937, 9823",1,16,ECO:0000255,,,,,,,,,,,,,,,,,,,,,,,,,,,,,,,,,,,,
P26703,119,P26703,,Viruses,African swine fever virus (isolate Portugal/Lis 57/1957),10499,Protein MGF 110-13L-B,"Ornithodoros, Sus scrofa","6937, 9823",1,16,ECO:0000255,,,,,,,,,,,,,,,,,,,,,,,,,,,,,,,,,,,,
P26704,119,P26704,,Viruses,African swine fever virus (isolate Portugal/Lis 57/1957),10499,Protein MGF 110-11L,"Ornithodoros, Sus scrofa","6937, 9823",1,17,ECO:0000255,,,,,,,,,,,,,,,,,,,,,,,,,,,,,,,,,,,,
P26705,121,P26705,,Viruses,African swine fever virus (isolate Portugal/Lis 57/1957),10499,Protein MGF 110-5L,"Ornithodoros, Sus scrofa","6937, 9823",1,20,ECO:0000255,,,,,,,,,,,,,,,,,,,,,,,,,,,,,,,,,,,,
P26706,121,P26706,,Viruses,African swine fever virus (isolate Portugal/Lis 57/1957),10499,Protein MGF 110-14L,"Ornithodoros, Sus scrofa","6937, 9823",1,17,ECO:0000255,,,,,,,,,,,,,,,,,,,,,,,,,,,,,,,,,,,,
P26709,137,P26709,,Viruses,African swine fever virus (isolate Portugal/Lis 57/1957),10499,Protein MGF 110-7L,"Ornithodoros, Sus scrofa","6937, 9823",1,20,ECO:0000255,,,,,,,,,,,,,,,,,,,,,,,,,,,,,,,,,,,,
P30238,57,P30238,,Viruses,Avian infectious bronchitis virus (strain Portugal/322/82),31625,Non-structural protein 3a,Gallus gallus,9031,1,22,ECO:0000255,,,,,,,,,,,,,,,,,,,,,,,,,,,,,,,,,,,,
P30239,57,P30239,,Viruses,Avian infectious bronchitis virus (strain UK/68/84),31630,Non-structural protein 3a,Gallus gallus,9031,1,23,ECO:0000255,,,,,,,,,,,,,,,,,,,,,,,,,,,,,,,,,,,,
P30240,57,P30240,,Viruses,Avian infectious bronchitis virus (strain UK/183/66),31629,Non-structural protein 3a,Gallus gallus,9031,1,23,ECO:0000255,,,,,,,,,,,,,,,,,,,,,,,,,,,,,,,,,,,,
P33467,176,P33467,,Viruses,Feline enteric coronavirus (strain 79-1683),33733,Non-structural protein 7b,Felidae,9681,1,17,ECO:0000255,,,,,,,,,,,,,,,,,,,,,,,,,,,,,,,,,,,,
P36302,213,P36302,,Viruses,Canine coronavirus (strain Insavc-1),36391,Non-structural protein 7b,Canis lupus familiaris,9615,1,15,ECO:0000255,,,,,,,,,,,,,,,,,,,,,,,,,,,,,,,,,,,,
P41444,181,P41444,,Viruses,Autographa californica nuclear polyhedrosis virus,46015,Fibroblast growth factor homolog,Lepidoptera,7088,1,16,ECO:0000255,,,,,,,,,,,,,,,,,,,,,,,,,,,,,,,,,,,,
P41475,53,P41475,,Viruses,Autographa californica nuclear polyhedrosis virus,46015,Uncharacterized 6.4 kDa protein in GP41-PNK intergenic region,Lepidoptera,7088,1,19,ECO:0000255,,,,,,,,,,,,,,,,,,,,,,,,,,,,,,,,,,,,
P41675,62,P41675,,Viruses,Autographa californica nuclear polyhedrosis virus,46015,Uncharacterized 7.2 kDa protein in HE65-PK2 intergenic region,Lepidoptera,7088,1,19,ECO:0000255,,,,,,,,,,,,,,,,,,,,,,,,,,,,,,,,,,,,
P42548,738,P42548,,Viruses,Acholeplasma phage L2,46014,Uncharacterized 81.3 kDa protein,Mycoplasma,2093,1,27,ECO:0000255,,,,612,632,ECO:0000255,712,732,ECO:0000255,,,,,,,,,,,,,,,,,,,,,,,,,,,
P42549,238,P42549,,Viruses,Acholeplasma phage L2,46014,Uncharacterized 26.1 kDa protein,Mycoplasma,2093,1,26,ECO:0000255,,,,,,,,,,,,,,,,,,,,,,,,,,,,,,,,,,,,
P68445,182,P68445,P21003,Viruses,Vaccinia virus (strain Copenhagen),10249,Protein OPG192,Homo sapiens,9606,1,16,ECO:0000255,,,,,,,,,,,,,,,,,,,,,,,,,,,,,,,,,,,,
Q04704,213,Q04704,,Viruses,Canine coronavirus (strain K378),33732,Non-structural protein 7b,Canis lupus familiaris,9615,1,15,ECO:0000255,,,,,,,,,,,,,,,,,,,,,,,,,,,,,,,,,,,,
Q0E590,252,Q0E590,,Viruses,Spodoptera frugiperda ascovirus 1a,113370,Uncharacterized protein ORF11,Spodoptera frugiperda,7108,1,20,ECO:0000255,,,,,,,,,,,,,,,,,,,,,,,,,,,,,,,,,,,,
Q0Q469,121,Q0Q469,,Viruses,Bat coronavirus 279/2005,389167,Non-structural protein 8,Rhinolophus macrotis,196889,1,15,ECO:0000255,,,,,,,,,,,,,,,,,,,,,,,,,,,,,,,,,,,,
Q0Q4F1,91,Q0Q4F1,,Viruses,Bat coronavirus 133/2005,389230,Non-structural protein 3a,Tylonycteris pachypus,258959,1,19,ECO:0000255,,,,,,,,,,,,,,,,,,,,,,,,,,,,,,,,,,,,
Q196T8,67,Q196T8,,Viruses,Invertebrate iridescent virus 3,345201,Uncharacterized protein 122R,"Aedes vexans, Culex territans, Culiseta annulata, Ochlerotatus sollicitans, Ochlerotatus taeniorhynchus, Psorophora ferox","7163, 42431, 332058, 310513, 329105, 7183",1,28,ECO:0000255,,,,,,,,,,,,,,,,,,,,,,,,,,,,,,,,,,,,
Q196U1,126,Q196U1,,Viruses,Invertebrate iridescent virus 3,345201,Uncharacterized protein 119R,"Aedes vexans, Culex territans, Culiseta annulata, Ochlerotatus sollicitans, Ochlerotatus taeniorhynchus, Psorophora ferox","7163, 42431, 332058, 310513, 329105, 7183",1,28,ECO:0000255,,,,,,,,,,,,,,,,,,,,,,,,,,,,,,,,,,,,
Q196U6,145,Q196U6,,Viruses,Invertebrate iridescent virus 3,345201,Uncharacterized protein 114L,"Aedes vexans, Culex territans, Culiseta annulata, Ochlerotatus sollicitans, Ochlerotatus taeniorhynchus, Psorophora ferox","7163, 42431, 332058, 310513, 329105, 7183",1,20,ECO:0000255,,,,,,,,,,,,,,,,,,,,,,,,,,,,,,,,,,,,
Q196V3,262,Q196V3,,Viruses,Invertebrate iridescent virus 3,345201,Uncharacterized protein 107R,"Aedes vexans, Culex territans, Culiseta annulata, Ochlerotatus sollicitans, Ochlerotatus taeniorhynchus, Psorophora ferox","7163, 42431, 332058, 310513, 329105, 7183",1,22,ECO:0000255,,,,,,,,,,,,,,,,,,,,,,,,,,,,,,,,,,,,
Q197A9,282,Q197A9,,Viruses,Invertebrate iridescent virus 3,345201,Uncharacterized protein 051L,"Aedes vexans, Culex territans, Culiseta annulata, Ochlerotatus sollicitans, Ochlerotatus taeniorhynchus, Psorophora ferox","7163, 42431, 332058, 310513, 329105, 7183",1,18,ECO:0000255,,,,,,,,,,,,,,,,,,,,,,,,,,,,,,,,,,,,
Q197B7,64,Q197B7,,Viruses,Invertebrate iridescent virus 3,345201,Uncharacterized protein 043R,"Aedes vexans, Culex territans, Culiseta annulata, Ochlerotatus sollicitans, Ochlerotatus taeniorhynchus, Psorophora ferox","7163, 42431, 332058, 310513, 329105, 7183",1,26,ECO:0000255,,,,33,53,ECO:0000255,,,,,,,,,,,,,,,,,,,,,,,,,,,,,,
Q197D5,178,Q197D5,,Viruses,Invertebrate iridescent virus 3,345201,Uncharacterized protein 025R,"Aedes vexans, Culex territans, Culiseta annulata, Ochlerotatus sollicitans, Ochlerotatus taeniorhynchus, Psorophora ferox","7163, 42431, 332058, 310513, 329105, 7183",1,23,ECO:0000255,,,,,,,,,,,,,,,,,,,,,,,,,,,,,,,,,,,,
Q197F5,217,Q197F5,,Viruses,Invertebrate iridescent virus 3,345201,Uncharacterized protein 005L,"Aedes vexans, Culex territans, Culiseta annulata, Ochlerotatus sollicitans, Ochlerotatus taeniorhynchus, Psorophora ferox","7163, 42431, 332058, 310513, 329105, 7183",1,24,ECO:0000255,,,,,,,,,,,,,,,,,,,,,,,,,,,,,,,,,,,,
Q1KZ56,537,Q1KZ56,,Viruses,Citrus leprosis virus C (isolate Citrus sinesis/Brazil/Cordeiropolis/2003),686950,Uncharacterized protein p61,Citrus sinensis,2711,1,15,ECO:0000255,,,,459,479,ECO:0000255,490,510,ECO:0000255,,,,,,,,,,,,,,,,,,,,,,,,,,,
Q25BH2,148,Q25BH2,,Viruses,His1 virus (isolate Australia/Victoria),654912,Putative transmembrane protein ORF23,Haloarcula hispanica,51589,1,18,ECO:0000255,,,,119,139,ECO:0000255,,,,,,,,,,,,,,,,,,,,,,,,,,,,,,
Q3I5I8,121,Q3I5I8,,Viruses,Bat coronavirus Rp3/2004,349344,Non-structural protein 8,"Rhinolophus ferrumequinum, Rhinolophus macrotis, Rhinolophus pearsonii, Rhinolophus sinicus","59479, 196889, 188571, 89399",1,15,ECO:0000255,,,,,,,,,,,,,,,,,,,,,,,,,,,,,,,,,,,,
Q3LZX5,121,Q3LZX5,,Viruses,Bat coronavirus HKU3,442736,Non-structural protein 8,Rhinolophus sinicus,89399,1,15,ECO:0000255,,,,,,,,,,,,,,,,,,,,,,,,,,,,,,,,,,,,
Q3V4Q5,710,Q3V4Q5,,Viruses,Acidianus two-tailed virus,315953,Putative transmembrane protein ORF710,Acidianus convivator,269667,1,33,ECO:0000255,,,,41,61,ECO:0000255,76,95,ECO:0000255,689,709,ECO:0000255,,,,,,,,,,,,,,,,,,,,,,,,
Q3V4W1,111,Q3V4W1,,Viruses,Acidianus two-tailed virus,315953,Uncharacterized protein ORF111,Acidianus convivator,269667,1,18,ECO:0000255,,,,,,,,,,,,,,,,,,,,,,,,,,,,,,,,,,,,
Q4ZJY9,103,Q4ZJY9,,Viruses,Microplitis demolitor bracovirus (isolate Webb),654919,Probable protease inhibitor Egf0.4b,Microplitis demolitor,69319,1,22,ECO:0000255,,,,,,,,,,,,,,,,,,,,,,,,,,,,,,,,,,,,
Q4ZJZ2,103,Q4ZJZ2,,Viruses,Microplitis demolitor bracovirus (isolate Webb),654919,Probable protease inhibitor Egf0.4a,Microplitis demolitor,69319,1,22,ECO:0000255,,,,,,,,,,,,,,,,,,,,,,,,,,,,,,,,,,,,
Q573C6,286,Q573C6,,Viruses,Acidianus filamentous virus 2 (isolate Italy/Pozzuoli),654910,Uncharacterized protein ORF286a,Acidianus sp. F28,315458,1,19,ECO:0000255,,,,,,,,,,,,,,,,,,,,,,,,,,,,,,,,,,,,
Q5UNX0,206,Q5UNX0,,Viruses,Acanthamoeba polyphaga mimivirus,212035,Uncharacterized protein L717,Acanthamoeba polyphaga,5757,1,18,ECO:0000255,,,,,,,,,,,,,,,,,,,,,,,,,,,,,,,,,,,,
Q5UNY7,248,Q5UNY7,,Viruses,Acanthamoeba polyphaga mimivirus,212035,Uncharacterized protein L737,Acanthamoeba polyphaga,5757,1,26,ECO:0000255,,,,,,,,,,,,,,,,,,,,,,,,,,,,,,,,,,,,
Q5UP33,297,Q5UP33,,Viruses,Acanthamoeba polyphaga mimivirus,212035,Uncharacterized protein R827,Acanthamoeba polyphaga,5757,1,23,ECO:0000255,,,,,,,,,,,,,,,,,,,,,,,,,,,,,,,,,,,,
Q5UPJ1,356,Q5UPJ1,,Viruses,Acanthamoeba polyphaga mimivirus,212035,Uncharacterized protein R118,Acanthamoeba polyphaga,5757,1,21,ECO:0000255,,,,,,,,,,,,,,,,,,,,,,,,,,,,,,,,,,,,
Q5UPR5,203,Q5UPR5,,Viruses,Acanthamoeba polyphaga mimivirus,212035,Putative PAN domain-containing protein L775,Acanthamoeba polyphaga,5757,1,24,ECO:0000255,,,,,,,,,,,,,,,,,,,,,,,,,,,,,,,,,,,,
Q5UPU8,212,Q5UPU8,,Viruses,Acanthamoeba polyphaga mimivirus,212035,Uncharacterized protein L274,Acanthamoeba polyphaga,5757,1,20,ECO:0000255,,,,,,,,,,,,,,,,,,,,,,,,,,,,,,,,,,,,
Q5UQ37,261,Q5UQ37,,Viruses,Acanthamoeba polyphaga mimivirus,212035,Uncharacterized protein L798,Acanthamoeba polyphaga,5757,1,20,ECO:0000255,,,,,,,,,,,,,,,,,,,,,,,,,,,,,,,,,,,,
Q5UQE3,255,Q5UQE3,,Viruses,Acanthamoeba polyphaga mimivirus,212035,Uncharacterized protein R473,Acanthamoeba polyphaga,5757,1,22,ECO:0000255,,,,,,,,,,,,,,,,,,,,,,,,,,,,,,,,,,,,
Q5UQF7,221,Q5UQF7,,Viruses,Acanthamoeba polyphaga mimivirus,212035,Uncharacterized protein R489,Acanthamoeba polyphaga,5757,1,30,ECO:0000255,,,,,,,,,,,,,,,,,,,,,,,,,,,,,,,,,,,,
Q5UQR6,197,Q5UQR6,,Viruses,Acanthamoeba polyphaga mimivirus,212035,Uncharacterized protein R325,Acanthamoeba polyphaga,5757,1,30,ECO:0000255,,,,,,,,,,,,,,,,,,,,,,,,,,,,,,,,,,,,
Q5UQX7,195,Q5UQX7,,Viruses,Acanthamoeba polyphaga mimivirus,212035,Uncharacterized protein L881,Acanthamoeba polyphaga,5757,1,16,ECO:0000255,,,,,,,,,,,,,,,,,,,,,,,,,,,,,,,,,,,,
Q5UR11,490,Q5UR11,,Viruses,Acanthamoeba polyphaga mimivirus,212035,Uncharacterized protein L142,Acanthamoeba polyphaga,5757,1,19,ECO:0000255,,,,,,,,,,,,,,,,,,,,,,,,,,,,,,,,,,,,
Q5UR19,492,Q5UR19,,Viruses,Acanthamoeba polyphaga mimivirus,212035,Uncharacterized protein R656,Acanthamoeba polyphaga,5757,1,22,ECO:0000255,,,,,,,,,,,,,,,,,,,,,,,,,,,,,,,,,,,,
Q5UR42,137,Q5UR42,,Viruses,Acanthamoeba polyphaga mimivirus,212035,Uncharacterized protein R564,Acanthamoeba polyphaga,5757,1,19,ECO:0000255,,,,,,,,,,,,,,,,,,,,,,,,,,,,,,,,,,,,
Q64747,104,Q64747,,Viruses,Fowl adenovirus A serotype 1 (strain CELO / Phelps),10553,Uncharacterized protein ORF3,Galliformes,8976,1,18,ECO:0000255,,,,,,,,,,,,,,,,,,,,,,,,,,,,,,,,,,,,
Q65149,152,Q65149,,Viruses,African swine fever virus (strain Badajoz 1971 Vero-adapted),10498,Uncharacterized protein EP152R,"Ornithodoros, Sus scrofa","6937, 9823",1,23,ECO:0000255,,,,,,,,,,,,,,,,,,,,,,,,,,,,,,,,,,,,
Q65YU5,101,Q65YU5,,Viruses,Cryphonectria parasitica mycoreovirus 1 (strain 9B21),230407,Uncharacterized protein VP11,Cryphonectria parasitica,5116,1,23,ECO:0000255,,,,38,58,ECO:0000255,,,,,,,,,,,,,,,,,,,,,,,,,,,,,,
Q66607,307,Q66607,,Viruses,Equine herpesvirus 2 (strain 86/87),82831,Uncharacterized gene E2 protein,Equus caballus,9796,1,18,ECO:0000255,,,,,,,,,,,,,,,,,,,,,,,,,,,,,,,,,,,,
Q66618,115,Q66618,,Viruses,Equine herpesvirus 2 (strain 86/87),82831,Protein E6A,Equus caballus,9796,1,25,ECO:0000255,,,,,,,,,,,,,,,,,,,,,,,,,,,,,,,,,,,,
Q69577,143,Q69577,Q69544,Viruses,Human herpesvirus 6A (strain Uganda-1102),10370,Protein RJ1,Homo sapiens,9606,1,26,ECO:0000255,,,,,,,,,,,,,,,,,,,,,,,,,,,,,,,,,,,,
Q6GZT6,182,Q6GZT6,,Viruses,Frog virus 3 (isolate Goorha),654924,Uncharacterized protein 040R,"Dryophytes versicolor, Lithobates pipiens, Lithobates sylvaticus, Notophthalmus viridescens","30343, 8404, 45438, 8316",1,26,ECO:0000255,,,,,,,,,,,,,,,,,,,,,,,,,,,,,,,,,,,,
Q6GZV1,365,Q6GZV1,,Viruses,Frog virus 3 (isolate Goorha),654924,Uncharacterized protein 024R,"Dryophytes versicolor, Lithobates pipiens, Lithobates sylvaticus, Notophthalmus viridescens","30343, 8404, 45438, 8316",1,21,ECO:0000255,,,,,,,,,,,,,,,,,,,,,,,,,,,,,,,,,,,,
Q6GZV7,78,Q6GZV7,,Viruses,Frog virus 3 (isolate Goorha),654924,Uncharacterized protein 018L,"Dryophytes versicolor, Lithobates pipiens, Lithobates sylvaticus, Notophthalmus viridescens","30343, 8404, 45438, 8316",1,27,ECO:0000255,,,,,,,,,,,,,,,,,,,,,,,,,,,,,,,,,,,,
Q6GZX2,438,Q6GZX2,,Viruses,Frog virus 3 (isolate Goorha),654924,Uncharacterized protein 3R,"Dryophytes versicolor, Lithobates pipiens, Lithobates sylvaticus, Notophthalmus viridescens","30343, 8404, 45438, 8316",1,32,ECO:0000255,,,,,,,,,,,,,,,,,,,,,,,,,,,,,,,,,,,,
Q6R799,76,Q6R799,,Viruses,Ostreid herpesvirus 1 (isolate France),654903,Uncharacterized protein ORF120,"Magallana gigas, Pecten maximus","29159, 6579",1,15,ECO:0000255,,,,,,,,,,,,,,,,,,,,,,,,,,,,,,,,,,,,
Q6R7E6,368,Q6R7E6,,Viruses,Ostreid herpesvirus 1 (isolate France),654903,Uncharacterized protein ORF83,"Magallana gigas, Pecten maximus","29159, 6579",1,19,ECO:0000255,,,,,,,,,,,,,,,,,,,,,,,,,,,,,,,,,,,,
Q6R7F2,1264,Q6R7F2,,Viruses,Ostreid herpesvirus 1 (isolate France),654903,Uncharacterized protein ORF77,"Magallana gigas, Pecten maximus","29159, 6579",1,18,ECO:0000255,,,,1215,1235,ECO:0000255,,,,,,,,,,,,,,,,,,,,,,,,,,,,,,
Q6R7F5,118,Q6R7F5,,Viruses,Ostreid herpesvirus 1 (isolate France),654903,Uncharacterized protein ORF74,"Magallana gigas, Pecten maximus","29159, 6579",1,18,ECO:0000255,,,,,,,,,,,,,,,,,,,,,,,,,,,,,,,,,,,,
Q6R7I5,194,Q6R7I5,,Viruses,Ostreid herpesvirus 1 (isolate France),654903,Uncharacterized protein ORF39,"Magallana gigas, Pecten maximus","29159, 6579",1,20,ECO:0000255,,,,,,,,,,,,,,,,,,,,,,,,,,,,,,,,,,,,
Q6R7K8,214,Q6R7K8,,Viruses,Ostreid herpesvirus 1 (isolate France),654903,Uncharacterized protein ORF15,"Magallana gigas, Pecten maximus","29159, 6579",1,18,ECO:0000255,,,,,,,,,,,,,,,,,,,,,,,,,,,,,,,,,,,,
Q6R7L0,105,Q6R7L0,,Viruses,Ostreid herpesvirus 1 (isolate France),654903,Uncharacterized protein ORF13,"Magallana gigas, Pecten maximus","29159, 6579",1,19,ECO:0000255,,,,,,,,,,,,,,,,,,,,,,,,,,,,,,,,,,,,
Q6SW05,639,Q6SW05,D2K3U6,Viruses,Human cytomegalovirus (strain Merlin),295027,Uncharacterized protein UL150,Homo sapiens,9606,1,16,ECO:0000255,,,,,,,,,,,,,,,,,,,,,,,,,,,,,,,,,,,,
Q6UDF7,991,Q6UDF7,,Viruses,Psittacid herpesvirus 1 (isolate Amazon parrot/-/97-0001/1997),670426,Uncharacterized protein sORF2,Amazona oratrix,152276,1,17,ECO:0000255,,,,,,,,,,,,,,,,,,,,,,,,,,,,,,,,,,,,
Q77MT6,219,Q77MT6,,Viruses,Gallid herpesvirus 2 (strain Chicken/Md5/ATCC VR-987),10389,Uncharacterized gene 1 protein,Gallus gallus,9031,1,26,ECO:0000255,,,,,,,,,,,,,,,,,,,,,,,,,,,,,,,,,,,,
Q7T6S6,213,Q7T6S6,,Viruses,Canine coronavirus (strain BGF10),441619,Non-structural protein 7b,Canis lupus familiaris,9615,1,15,ECO:0000255,,,,,,,,,,,,,,,,,,,,,,,,,,,,,,,,,,,,
Q7TFA0,39,Q7TFA0,Q7TLC8,Viruses,Severe acute respiratory syndrome coronavirus,694009,ORF8a protein,"Homo sapiens, Paguma larvata","9606, 9675",1,15,ECO:0000255,,,,,,,,,,,,,,,,,,,,,,,,,,,,,,,,,,,,
Q89660,192,Q89660,,Viruses,Human herpesvirus 6A (strain Uganda-1102),10370,Uncharacterized protein DR3,Homo sapiens,9606,1,24,ECO:0000255,,,,,,,,,,,,,,,,,,,,,,,,,,,,,,,,,,,,
Q89863,109,Q89863,Q76UF9,Viruses,Human herpesvirus 6A (strain Uganda-1102),10370,Uncharacterized protein U78,Homo sapiens,9606,1,28,ECO:0000255,,,,,,,,,,,,,,,,,,,,,,,,,,,,,,,,,,,,
Q914H6,591,Q914H6,,Viruses,Sulfolobus islandicus filamentous virus (isolate Iceland/Hveragerdi),654908,Uncharacterized protein 56,Saccharolobus islandicus,43080,1,24,ECO:0000255,,,,,,,,,,,,,,,,,,,,,,,,,,,,,,,,,,,,
Q914J3,89,Q914J3,,Viruses,Sulfolobus islandicus filamentous virus (isolate Iceland/Hveragerdi),654908,Uncharacterized protein 37,Saccharolobus islandicus,43080,1,19,ECO:0000255,,,,,,,,,,,,,,,,,,,,,,,,,,,,,,,,,,,,
Q91F69,294,Q91F69,,Viruses,Invertebrate iridescent virus 6,176652,Uncharacterized protein 457L,"Acheta domesticus, Chilo suppressalis, Gryllus bimaculatus, Gryllus campestris, Spodoptera frugiperda","6997, 168631, 6999, 58607, 7108",1,16,ECO:0000255,,,,,,,,,,,,,,,,,,,,,,,,,,,,,,,,,,,,
Q91FC5,43,Q91FC5,,Viruses,Invertebrate iridescent virus 6,176652,Uncharacterized protein 400R,"Acheta domesticus, Chilo suppressalis, Gryllus bimaculatus, Gryllus campestris, Spodoptera frugiperda","6997, 168631, 6999, 58607, 7108",1,16,ECO:0000255,,,,,,,,,,,,,,,,,,,,,,,,,,,,,,,,,,,,
Q91FF6,93,Q91FF6,,Viruses,Invertebrate iridescent virus 6,176652,Uncharacterized protein 368R,"Acheta domesticus, Chilo suppressalis, Gryllus bimaculatus, Gryllus campestris, Spodoptera frugiperda","6997, 168631, 6999, 58607, 7108",1,22,ECO:0000255,,,,,,,,,,,,,,,,,,,,,,,,,,,,,,,,,,,,
Q91FG7,164,Q91FG7,,Viruses,Invertebrate iridescent virus 6,176652,Uncharacterized protein 357R,"Acheta domesticus, Chilo suppressalis, Gryllus bimaculatus, Gryllus campestris, Spodoptera frugiperda","6997, 168631, 6999, 58607, 7108",1,18,ECO:0000255,,,,,,,,,,,,,,,,,,,,,,,,,,,,,,,,,,,,
Q91FL2,92,Q91FL2,,Viruses,Invertebrate iridescent virus 6,176652,Uncharacterized protein 312R,"Acheta domesticus, Chilo suppressalis, Gryllus bimaculatus, Gryllus campestris, Spodoptera frugiperda","6997, 168631, 6999, 58607, 7108",1,23,ECO:0000255,,,,,,,,,,,,,,,,,,,,,,,,,,,,,,,,,,,,
Q91FL6,73,Q91FL6,,Viruses,Invertebrate iridescent virus 6,176652,Uncharacterized protein 308L,"Acheta domesticus, Chilo suppressalis, Gryllus bimaculatus, Gryllus campestris, Spodoptera frugiperda","6997, 168631, 6999, 58607, 7108",1,23,ECO:0000255,,,,,,,,,,,,,,,,,,,,,,,,,,,,,,,,,,,,
Q91FS3,54,Q91FS3,,Viruses,Invertebrate iridescent virus 6,176652,Uncharacterized protein 249R,"Acheta domesticus, Chilo suppressalis, Gryllus bimaculatus, Gryllus campestris, Spodoptera frugiperda","6997, 168631, 6999, 58607, 7108",1,23,ECO:0000255,,,,,,,,,,,,,,,,,,,,,,,,,,,,,,,,,,,,
Q91FV5,160,Q91FV5,,Viruses,Invertebrate iridescent virus 6,176652,Uncharacterized protein 216R,"Acheta domesticus, Chilo suppressalis, Gryllus bimaculatus, Gryllus campestris, Spodoptera frugiperda","6997, 168631, 6999, 58607, 7108",1,25,ECO:0000255,,,,,,,,,,,,,,,,,,,,,,,,,,,,,,,,,,,,
Q91G85,85,Q91G85,,Viruses,Invertebrate iridescent virus 6,176652,Uncharacterized protein 009R,"Acheta domesticus, Chilo suppressalis, Gryllus bimaculatus, Gryllus campestris, Spodoptera frugiperda","6997, 168631, 6999, 58607, 7108",1,20,ECO:0000255,,,,,,,,,,,,,,,,,,,,,,,,,,,,,,,,,,,,
Q9PX32,200,Q9PX32,,Viruses,Human herpesvirus 6B (strain Z29),36351,Uncharacterized protein DR3,Homo sapiens,9606,1,24,ECO:0000255,,,,,,,,,,,,,,,,,,,,,,,,,,,,,,,,,,,,
Q9QJ10,106,Q9QJ10,,Viruses,Human herpesvirus 6B (strain Z29),36351,Protein B9,Homo sapiens,9606,1,18,ECO:0000255,,,,,,,,,,,,,,,,,,,,,,,,,,,,,,,,,,,,
Q9QJ29,459,Q9QJ29,,Viruses,Human herpesvirus 6B (strain Z29),36351,Protein U54,Homo sapiens,9606,1,20,ECO:0000255,,,,,,,,,,,,,,,,,,,,,,,,,,,,,,,,,,,,
Q9QJ43,299,Q9QJ43,,Viruses,Human herpesvirus 6B (strain Z29),36351,Protein U23,Homo sapiens,9606,1,27,ECO:0000255,,,,247,267,ECO:0000255,,,,,,,,,,,,,,,,,,,,,,,,,,,,,,
Q9QJ57,363,Q9QJ57,,Viruses,Human herpesvirus 6B (strain Z29),36351,Protein U2,Homo sapiens,9606,1,18,ECO:0000255,,,,,,,,,,,,,,,,,,,,,,,,,,,,,,,,,,,,
