ProteinId_input,Length_protein_UniProt,PrimaryAccession,SecondaryAccessions,Organism_class,Organism,TaxonID_org,ProteinDescription,Organism_host,TaxonID_org_host,Pos_tr_start_uniprot_1,Pos_tr_end_uniprot_1,Evidence_code_tr_1,Pos_tr_start_uniprot_2,Pos_tr_end_uniprot_2,Evidence_code_tr_2,Pos_tr_start_uniprot_3,Pos_tr_end_uniprot_3,Evidence_code_tr_3,Pos_tr_start_uniprot_4,Pos_tr_end_uniprot_4,Evidence_code_tr_4,Pos_tr_start_uniprot_5,Pos_tr_end_uniprot_5,Evidence_code_tr_5,Pos_tr_start_uniprot_6,Pos_tr_end_uniprot_6,Evidence_code_tr_6,Pos_tr_start_uniprot_7,Pos_tr_end_uniprot_7,Evidence_code_tr_7,Pos_tr_start_uniprot_8,Pos_tr_end_uniprot_8,Evidence_code_tr_8,Pos_tr_start_uniprot_9,Pos_tr_end_uniprot_9,Evidence_code_tr_9,Pos_tr_start_uniprot_10,Pos_tr_end_uniprot_10,Evidence_code_tr_10,Pos_tr_start_uniprot_11,Pos_tr_end_uniprot_11,Evidence_code_tr_11,Pos_tr_start_uniprot_12,Pos_tr_end_uniprot_12,Evidence_code_tr_12,Pos_tr_start_uniprot_13,Pos_tr_end_uniprot_13,Evidence_code_tr_13,Pos_tr_start_uniprot_14,Pos_tr_end_uniprot_14,Evidence_code_tr_14,Pos_tr_start_uniprot_15,Pos_tr_end_uniprot_15,Evidence_code_tr_15,Pos_tr_start_uniprot_16,Pos_tr_end_uniprot_16,Evidence_code_tr_16,Pos_tr_start_uniprot_17,Pos_tr_end_uniprot_17,Evidence_code_tr_17,Pos_tr_start_uniprot_18,Pos_tr_end_uniprot_18,Evidence_code_tr_18,Pos_tr_start_uniprot_19,Pos_tr_end_uniprot_19,Evidence_code_tr_19,Pos_tr_start_uniprot_20,Pos_tr_end_uniprot_20,Evidence_code_tr_20,Pos_tr_start_uniprot_21,Pos_tr_end_uniprot_21,Evidence_code_tr_21,Pos_tr_start_uniprot_22,Pos_tr_end_uniprot_22,Evidence_code_tr_22
A0A024B7W1,3423,A0A024B7W1,,Viruses,Zika virus (isolate ZIKV/Human/French Polynesia/10087PF/2013),2043570,Genome polyprotein,"Aedes aegypti, Aedes albopictus, Homo sapiens, Macaca mulatta","7159, 7160, 9606, 9544",105,125,ECO:0000255,250,269,ECO:0000255,275,290,ECO:0000305,746,767,ECO:0000255,774,794,ECO:0000255,1178,1198,ECO:0000255,1221,1241,ECO:0000255,1271,1291,ECO:0000255,1296,1316,ECO:0000255,1346,1366,ECO:0000255,1374,1394,ECO:0000255,1398,1418,ECO:0000255,2171,2191,ECO:0000255,2219,2239,ECO:0000255,2345,2365,ECO:0000255,2376,2396,ECO:0000255,2442,2462,ECO:0000255,,,,,,,,,,,,,,,
A0A075QAW4,2193,A0A075QAW4,,Viruses,Human enterovirus 71,39054,Genome polyprotein,Homo sapiens,9606,,,,,,,,,,,,,,,,,,,,,,,,,,,,,,,,,,,,,,,,,,,,,,,,,,,,,,,,,,,,,,,,,,
A0A0E3SXU7,2193,A0A0E3SXU7,,Viruses,Human enterovirus 71,39054,Genome polyprotein,Homo sapiens,9606,,,,,,,,,,,,,,,,,,,,,,,,,,,,,,,,,,,,,,,,,,,,,,,,,,,,,,,,,,,,,,,,,,
A0A0K0QSS3,2332,A0A0K0QSS3,,Viruses,Foot-and-mouth disease virus serotype O,12118,Genome polyprotein,"Bos taurus, Capra hircus, Cervidae, Erinaceidae, Loxodonta africana, Ovis aries, Rattus norvegicus, Sus scrofa","9913, 9925, 9850, 9363, 9785, 9940, 10116, 9823",,,,,,,,,,,,,,,,,,,,,,,,,,,,,,,,,,,,,,,,,,,,,,,,,,,,,,,,,,,,,,,,,,
A0A0U3FSM8,3423,A0A0U3FSM8,A0A3G1J6T1,Viruses,Zika virus,64320,Genome polyprotein,"Aedes aegypti, Aedes albopictus, Homo sapiens, Macaca mulatta","7159, 7160, 9606, 9544",746,767,ECO:0000256,773,798,ECO:0000256,1178,1197,ECO:0000256,1273,1290,ECO:0000256,1343,1366,ECO:0000256,1378,1394,ECO:0000256,1400,1417,ECO:0000256,1473,1496,ECO:0000256,2174,2192,ECO:0000256,2199,2216,ECO:0000256,2222,2241,ECO:0000256,2253,2275,ECO:0000256,2306,2327,ECO:0000256,2334,2353,ECO:0000256,2373,2392,ECO:0000256,2442,2462,ECO:0000256,,,,,,,,,,,,,,,,,,
A0A0U4DG08,3423,A0A0U4DG08,,Viruses,Zika virus,64320,Genome polyprotein,"Aedes aegypti, Aedes albopictus, Homo sapiens, Macaca mulatta","7159, 7160, 9606, 9544",746,767,ECO:0000256,773,798,ECO:0000256,1178,1197,ECO:0000256,1273,1290,ECO:0000256,1343,1366,ECO:0000256,1378,1394,ECO:0000256,1400,1417,ECO:0000256,1473,1496,ECO:0000256,2174,2192,ECO:0000256,2199,2216,ECO:0000256,2222,2241,ECO:0000256,2253,2275,ECO:0000256,2306,2327,ECO:0000256,2334,2353,ECO:0000256,2373,2392,ECO:0000256,2442,2462,ECO:0000256,,,,,,,,,,,,,,,,,,
A0A0U5KFN5,2299,A0A0U5KFN5,,Viruses,Chikungunya virus,37124,Polyprotein P1234,"Aedes aegypti, Aedes albopictus, Aedes furcifer, Aedes polynesiensis, Cercopithecus, Homo sapiens, Macaca, Pan troglodytes, Papio, Presbytis","7159, 7160, 299627, 188700, 9533, 9606, 9539, 9598, 9554, 9573",,,,,,,,,,,,,,,,,,,,,,,,,,,,,,,,,,,,,,,,,,,,,,,,,,,,,,,,,,,,,,,,,,
A0A0X8GJ44,3423,A0A0X8GJ44,,Viruses,Zika virus,64320,Genome polyprotein,"Aedes aegypti, Aedes albopictus, Homo sapiens, Macaca mulatta","7159, 7160, 9606, 9544",33,54,ECO:0000256,250,269,ECO:0000256,275,295,ECO:0000256,746,767,ECO:0000256,773,798,ECO:0000256,1178,1200,ECO:0000256,1273,1290,ECO:0000256,1343,1366,ECO:0000256,1378,1394,ECO:0000256,1400,1417,ECO:0000256,1473,1496,ECO:0000256,2174,2192,ECO:0000256,2199,2216,ECO:0000256,2222,2241,ECO:0000256,2253,2275,ECO:0000256,2306,2327,ECO:0000256,2334,2353,ECO:0000256,2373,2392,ECO:0000256,2442,2462,ECO:0000256,,,,,,,,,
A0A0X9QZM7,3423,A0A0X9QZM7,,Viruses,Zika virus,64320,Genome polyprotein,"Aedes aegypti, Aedes albopictus, Homo sapiens, Macaca mulatta","7159, 7160, 9606, 9544",746,767,ECO:0000256,773,798,ECO:0000256,1178,1197,ECO:0000256,1273,1290,ECO:0000256,1343,1366,ECO:0000256,1378,1394,ECO:0000256,1400,1417,ECO:0000256,1473,1496,ECO:0000256,2174,2192,ECO:0000256,2199,2216,ECO:0000256,2222,2241,ECO:0000256,2253,2275,ECO:0000256,2306,2327,ECO:0000256,2334,2353,ECO:0000256,2373,2392,ECO:0000256,2442,2462,ECO:0000256,,,,,,,,,,,,,,,,,,
A0A109PRQ3,3423,A0A109PRQ3,,Viruses,Zika virus,64320,Genome polyprotein,"Aedes aegypti, Aedes albopictus, Homo sapiens, Macaca mulatta","7159, 7160, 9606, 9544",746,767,ECO:0000256,773,798,ECO:0000256,1178,1197,ECO:0000256,1273,1290,ECO:0000256,1343,1366,ECO:0000256,1378,1394,ECO:0000256,1400,1417,ECO:0000256,1473,1496,ECO:0000256,2174,2192,ECO:0000256,2199,2216,ECO:0000256,2222,2241,ECO:0000256,2253,2275,ECO:0000256,2306,2327,ECO:0000256,2334,2353,ECO:0000256,2373,2392,ECO:0000256,2442,2462,ECO:0000256,,,,,,,,,,,,,,,,,,
A0A140DLX4,3423,A0A140DLX4,,Viruses,Zika virus,64320,Genome polyprotein,"Aedes aegypti, Aedes albopictus, Homo sapiens, Macaca mulatta","7159, 7160, 9606, 9544",746,767,ECO:0000256,773,798,ECO:0000256,1178,1197,ECO:0000256,1273,1290,ECO:0000256,1343,1366,ECO:0000256,1378,1394,ECO:0000256,1400,1417,ECO:0000256,1473,1496,ECO:0000256,2174,2192,ECO:0000256,2199,2216,ECO:0000256,2222,2241,ECO:0000256,2253,2275,ECO:0000256,2306,2327,ECO:0000256,2334,2353,ECO:0000256,2373,2392,ECO:0000256,2442,2462,ECO:0000256,,,,,,,,,,,,,,,,,,
A0A142DS37,3423,A0A142DS37,,Viruses,Zika virus,64320,Genome polyprotein,"Aedes aegypti, Aedes albopictus, Homo sapiens, Macaca mulatta","7159, 7160, 9606, 9544",33,54,ECO:0000256,250,269,ECO:0000256,275,295,ECO:0000256,746,767,ECO:0000256,773,798,ECO:0000256,1178,1200,ECO:0000256,1273,1290,ECO:0000256,1343,1366,ECO:0000256,1378,1394,ECO:0000256,1400,1417,ECO:0000256,1473,1496,ECO:0000256,2174,2192,ECO:0000256,2199,2216,ECO:0000256,2222,2241,ECO:0000256,2253,2275,ECO:0000256,2306,2327,ECO:0000256,2334,2353,ECO:0000256,2373,2392,ECO:0000256,2442,2462,ECO:0000256,,,,,,,,,
A0A142I5B9,3423,A0A142I5B9,H9A910,Viruses,Zika virus (isolate ZIKV/Human/Cambodia/FSS13025/2010),2316109,Genome polyprotein,Homo sapiens,9606,105,125,ECO:0000255,250,269,ECO:0000255,275,290,ECO:0000305,746,767,ECO:0000255,774,794,ECO:0000255,1178,1198,ECO:0000255,1221,1241,ECO:0000255,1271,1291,ECO:0000255,1296,1316,ECO:0000255,1346,1366,ECO:0000255,1374,1394,ECO:0000255,1398,1418,ECO:0000255,2171,2191,ECO:0000255,2219,2239,ECO:0000255,2345,2365,ECO:0000255,2376,2396,ECO:0000255,2442,2462,ECO:0000255,,,,,,,,,,,,,,,
A0A142IX72,3417,A0A142IX72,,Viruses,Zika virus,64320,Genome polyprotein,"Aedes aegypti, Aedes albopictus, Homo sapiens, Macaca mulatta","7159, 7160, 9606, 9544",108,126,ECO:0000256,250,269,ECO:0000256,276,292,ECO:0000256,740,761,ECO:0000256,768,788,ECO:0000256,1172,1191,ECO:0000256,1267,1284,ECO:0000256,1337,1360,ECO:0000256,1372,1388,ECO:0000256,1394,1411,ECO:0000256,1467,1490,ECO:0000256,2168,2186,ECO:0000256,2193,2210,ECO:0000256,2216,2233,ECO:0000256,2245,2263,ECO:0000256,2300,2321,ECO:0000256,2328,2347,ECO:0000256,2367,2386,ECO:0000256,2436,2456,ECO:0000256,,,,,,,,,
A0A146CJG7,3423,A0A146CJG7,"A0A1Z1XDE4, A0A384KUY3",Viruses,Zika virus,64320,Genome polyprotein,"Aedes aegypti, Aedes albopictus, Homo sapiens, Macaca mulatta","7159, 7160, 9606, 9544",746,767,ECO:0000256,773,798,ECO:0000256,1178,1197,ECO:0000256,1273,1290,ECO:0000256,1343,1366,ECO:0000256,1378,1394,ECO:0000256,1400,1417,ECO:0000256,1473,1496,ECO:0000256,2174,2192,ECO:0000256,2199,2216,ECO:0000256,2222,2241,ECO:0000256,2253,2275,ECO:0000256,2306,2327,ECO:0000256,2334,2353,ECO:0000256,2373,2392,ECO:0000256,2442,2462,ECO:0000256,,,,,,,,,,,,,,,,,,
A0A146CJH9,3423,A0A146CJH9,,Viruses,Zika virus,64320,Genome polyprotein,"Aedes aegypti, Aedes albopictus, Homo sapiens, Macaca mulatta","7159, 7160, 9606, 9544",746,767,ECO:0000256,773,798,ECO:0000256,1178,1197,ECO:0000256,1273,1290,ECO:0000256,1343,1366,ECO:0000256,1378,1394,ECO:0000256,1400,1417,ECO:0000256,1473,1496,ECO:0000256,2174,2192,ECO:0000256,2199,2216,ECO:0000256,2222,2241,ECO:0000256,2253,2275,ECO:0000256,2306,2327,ECO:0000256,2334,2353,ECO:0000256,2373,2392,ECO:0000256,2442,2462,ECO:0000256,,,,,,,,,,,,,,,,,,
A0A167V0D5,3423,A0A167V0D5,,Viruses,Zika virus,64320,Genome polyprotein,"Aedes aegypti, Aedes albopictus, Homo sapiens, Macaca mulatta","7159, 7160, 9606, 9544",746,767,ECO:0000256,773,798,ECO:0000256,1178,1197,ECO:0000256,1273,1290,ECO:0000256,1343,1366,ECO:0000256,1378,1394,ECO:0000256,1400,1417,ECO:0000256,1473,1496,ECO:0000256,2174,2192,ECO:0000256,2199,2216,ECO:0000256,2222,2241,ECO:0000256,2253,2275,ECO:0000256,2306,2327,ECO:0000256,2334,2353,ECO:0000256,2373,2392,ECO:0000256,2442,2462,ECO:0000256,,,,,,,,,,,,,,,,,,
A0A173AEF6,3423,A0A173AEF6,"A0A1D9C0W2, A0A1L5J486, A0A384KMW4",Viruses,Zika virus,64320,Genome polyprotein,"Aedes aegypti, Aedes albopictus, Homo sapiens, Macaca mulatta","7159, 7160, 9606, 9544",746,767,ECO:0000256,773,798,ECO:0000256,1178,1197,ECO:0000256,1273,1290,ECO:0000256,1343,1366,ECO:0000256,1378,1394,ECO:0000256,1400,1417,ECO:0000256,1473,1496,ECO:0000256,2174,2192,ECO:0000256,2199,2216,ECO:0000256,2222,2241,ECO:0000256,2253,2275,ECO:0000256,2306,2327,ECO:0000256,2334,2353,ECO:0000256,2373,2392,ECO:0000256,2442,2462,ECO:0000256,,,,,,,,,,,,,,,,,,
A0A192GPS0,3423,A0A192GPS0,A0A2S1Q2N4,Viruses,Zika virus,64320,Genome polyprotein,"Aedes aegypti, Aedes albopictus, Homo sapiens, Macaca mulatta","7159, 7160, 9606, 9544",746,767,ECO:0000256,773,798,ECO:0000256,1178,1197,ECO:0000256,1273,1290,ECO:0000256,1343,1366,ECO:0000256,1378,1394,ECO:0000256,1400,1417,ECO:0000256,1473,1496,ECO:0000256,2174,2192,ECO:0000256,2199,2216,ECO:0000256,2222,2241,ECO:0000256,2253,2275,ECO:0000256,2306,2327,ECO:0000256,2334,2353,ECO:0000256,2373,2392,ECO:0000256,2442,2462,ECO:0000256,,,,,,,,,,,,,,,,,,
A0A1B0XTC8,3423,A0A1B0XTC8,,Viruses,Zika virus,64320,Genome polyprotein,"Aedes aegypti, Aedes albopictus, Homo sapiens, Macaca mulatta","7159, 7160, 9606, 9544",746,767,ECO:0000256,773,798,ECO:0000256,1178,1197,ECO:0000256,1273,1290,ECO:0000256,1343,1366,ECO:0000256,1378,1394,ECO:0000256,1400,1417,ECO:0000256,1473,1496,ECO:0000256,2174,2192,ECO:0000256,2199,2216,ECO:0000256,2222,2241,ECO:0000256,2253,2275,ECO:0000256,2306,2327,ECO:0000256,2334,2353,ECO:0000256,2373,2392,ECO:0000256,2442,2462,ECO:0000256,,,,,,,,,,,,,,,,,,
A0A1B3ZSF4,3423,A0A1B3ZSF4,,Viruses,Zika virus,64320,Genome polyprotein,"Aedes aegypti, Aedes albopictus, Homo sapiens, Macaca mulatta","7159, 7160, 9606, 9544",746,767,ECO:0000256,773,798,ECO:0000256,1178,1197,ECO:0000256,1273,1290,ECO:0000256,1343,1366,ECO:0000256,1378,1394,ECO:0000256,1400,1417,ECO:0000256,1473,1496,ECO:0000256,2174,2192,ECO:0000256,2199,2216,ECO:0000256,2222,2241,ECO:0000256,2253,2275,ECO:0000256,2306,2327,ECO:0000256,2334,2353,ECO:0000256,2373,2392,ECO:0000256,2442,2462,ECO:0000256,,,,,,,,,,,,,,,,,,
A0A1S6LXE0,3423,A0A1S6LXE0,,Viruses,Zika virus,64320,Genome polyprotein,"Aedes aegypti, Aedes albopictus, Homo sapiens, Macaca mulatta","7159, 7160, 9606, 9544",746,767,ECO:0000256,773,798,ECO:0000256,1178,1197,ECO:0000256,1273,1290,ECO:0000256,1343,1366,ECO:0000256,1378,1394,ECO:0000256,1400,1417,ECO:0000256,1473,1496,ECO:0000256,2174,2192,ECO:0000256,2199,2216,ECO:0000256,2222,2241,ECO:0000256,2253,2275,ECO:0000256,2306,2327,ECO:0000256,2334,2353,ECO:0000256,2373,2392,ECO:0000256,2442,2462,ECO:0000256,,,,,,,,,,,,,,,,,,
A0A1V0E2H9,3423,A0A1V0E2H9,,Viruses,Zika virus,64320,Genome polyprotein,"Aedes aegypti, Aedes albopictus, Homo sapiens, Macaca mulatta","7159, 7160, 9606, 9544",746,767,ECO:0000256,773,798,ECO:0000256,1178,1197,ECO:0000256,1273,1290,ECO:0000256,1343,1366,ECO:0000256,1378,1394,ECO:0000256,1400,1417,ECO:0000256,1473,1496,ECO:0000256,2174,2192,ECO:0000256,2199,2216,ECO:0000256,2222,2241,ECO:0000256,2253,2275,ECO:0000256,2306,2327,ECO:0000256,2334,2353,ECO:0000256,2373,2392,ECO:0000256,2443,2462,ECO:0000256,,,,,,,,,,,,,,,,,,
A0A1V1FWA8,2332,A0A1V1FWA8,,Viruses,Foot-and-mouth disease virus serotype O,12118,Genome polyprotein,"Bos taurus, Capra hircus, Cervidae, Erinaceidae, Loxodonta africana, Ovis aries, Rattus norvegicus, Sus scrofa","9913, 9925, 9850, 9363, 9785, 9940, 10116, 9823",,,,,,,,,,,,,,,,,,,,,,,,,,,,,,,,,,,,,,,,,,,,,,,,,,,,,,,,,,,,,,,,,,
A0A2L1GIK5,2193,A0A2L1GIK5,,Viruses,Human enterovirus 71,39054,Genome polyprotein,Homo sapiens,9606,,,,,,,,,,,,,,,,,,,,,,,,,,,,,,,,,,,,,,,,,,,,,,,,,,,,,,,,,,,,,,,,,,
A0A2Z2ESG6,3423,A0A2Z2ESG6,,Viruses,Zika virus,64320,Genome polyprotein,"Aedes aegypti, Aedes albopictus, Homo sapiens, Macaca mulatta","7159, 7160, 9606, 9544",746,767,ECO:0000256,773,798,ECO:0000256,1178,1197,ECO:0000256,1273,1290,ECO:0000256,1343,1366,ECO:0000256,1378,1394,ECO:0000256,1400,1417,ECO:0000256,1473,1496,ECO:0000256,2174,2192,ECO:0000256,2199,2216,ECO:0000256,2222,2241,ECO:0000256,2253,2275,ECO:0000256,2306,2327,ECO:0000256,2334,2353,ECO:0000256,2373,2392,ECO:0000256,2442,2462,ECO:0000256,,,,,,,,,,,,,,,,,,
A0A6C1F1G5,7096,A0A6C1F1G5,,Viruses,Severe acute respiratory syndrome coronavirus 2,2697049,ORF1ab polyprotein,Homo sapiens,9606,2229,2253,ECO:0000256,2328,2351,ECO:0000256,2363,2387,ECO:0000256,2773,2790,ECO:0000256,3043,3065,ECO:0000256,3077,3098,ECO:0000256,3104,3124,ECO:0000256,3136,3154,ECO:0000256,3582,3605,ECO:0000256,3611,3629,ECO:0000256,3636,3657,ECO:0000256,3683,3701,ECO:0000256,3731,3755,ECO:0000256,3767,3789,ECO:0000256,,,,,,,,,,,,,,,,,,,,,,,,
A0A8B6R9L9,7096,A0A8B6R9L9,,Viruses,Severe acute respiratory syndrome coronavirus 2,2697049,ORF1ab polyprotein,Homo sapiens,9606,2231,2253,ECO:0000256,2328,2351,ECO:0000256,2363,2387,ECO:0000256,2773,2790,ECO:0000256,3043,3065,ECO:0000256,3077,3098,ECO:0000256,3104,3124,ECO:0000256,3136,3154,ECO:0000256,3582,3605,ECO:0000256,3611,3629,ECO:0000256,3636,3657,ECO:0000256,3683,3701,ECO:0000256,3731,3755,ECO:0000256,3767,3789,ECO:0000256,,,,,,,,,,,,,,,,,,,,,,,,
A0A8B6RLU5,7079,A0A8B6RLU5,,Viruses,Severe acute respiratory syndrome coronavirus 2,2697049,ORF1ab polyprotein,Homo sapiens,9606,2226,2252,ECO:0000256,2337,2359,ECO:0000256,2365,2387,ECO:0000256,2773,2790,ECO:0000256,3043,3065,ECO:0000256,3077,3098,ECO:0000256,3104,3124,ECO:0000256,3136,3154,ECO:0000256,3582,3605,ECO:0000256,3611,3629,ECO:0000256,3636,3657,ECO:0000256,3683,3701,ECO:0000256,3731,3755,ECO:0000256,3767,3789,ECO:0000256,,,,,,,,,,,,,,,,,,,,,,,,
A0A8B6RWT5,7096,A0A8B6RWT5,,Viruses,Severe acute respiratory syndrome coronavirus 2,2697049,ORF1ab polyprotein,Homo sapiens,9606,2229,2253,ECO:0000256,2328,2351,ECO:0000256,2363,2387,ECO:0000256,2773,2790,ECO:0000256,3043,3065,ECO:0000256,3077,3098,ECO:0000256,3104,3124,ECO:0000256,3136,3154,ECO:0000256,3582,3605,ECO:0000256,3611,3629,ECO:0000256,3636,3657,ECO:0000256,3683,3701,ECO:0000256,3731,3755,ECO:0000256,3767,3789,ECO:0000256,,,,,,,,,,,,,,,,,,,,,,,,
A0MD28,3838,A0MD28,"A0MD29, Q6U9W7, Q6U9W8",Viruses,Porcine reproductive and respiratory syndrome virus (isolate Pig/United States/SD 01-08/2001),857306,Replicase polyprotein 1ab,Sus scrofa,9823,1094,1114,ECO:0000255,1117,1137,ECO:0000255,1162,1182,ECO:0000255,1211,1231,ECO:0000255,1235,1255,ECO:0000255,1450,1470,ECO:0000255,1526,1546,ECO:0000255,1556,1576,ECO:0000255,1592,1612,ECO:0000255,1875,1895,ECO:0000255,1916,1936,ECO:0000255,1960,1980,ECO:0000255,2003,2023,ECO:0000255,2029,2048,ECO:0000255,,,,,,,,,,,,,,,,,,,,,,,,
A1Z651,1733,A1Z651,Q27IE0,Viruses,Xenotropic MuLV-related virus (isolate VP62),373193,Gag-Pol polyprotein,Homo sapiens,9606,,,,,,,,,,,,,,,,,,,,,,,,,,,,,,,,,,,,,,,,,,,,,,,,,,,,,,,,,,,,,,,,,,
A2T3T2,776,A2T3T2,,Viruses,Rotavirus A (isolate RVA/Monkey/South Africa/SA11-H96/1958/G3P5B[2]),450149,Outer capsid protein VP4,Chlorocebus pygerythrus,60710,,,,,,,,,,,,,,,,,,,,,,,,,,,,,,,,,,,,,,,,,,,,,,,,,,,,,,,,,,,,,,,,,,
A5HC98,2263,A5HC98,,Viruses,Bunyavirus La Crosse,11577,RNA-directed RNA polymerase L,"Cervidae, Homo sapiens, Ochlerotatus triseriatus, Tamias","9850, 9606, 7162, 13712",,,,,,,,,,,,,,,,,,,,,,,,,,,,,,,,,,,,,,,,,,,,,,,,,,,,,,,,,,,,,,,,,,
A6MH22,2474,A6MH22,,Viruses,Chikungunya virus,37124,Polyprotein P1234,"Aedes aegypti, Aedes albopictus, Aedes furcifer, Aedes polynesiensis, Cercopithecus, Homo sapiens, Macaca, Pan troglodytes, Papio, Presbytis","7159, 7160, 299627, 188700, 9533, 9606, 9539, 9598, 9554, 9573",,,,,,,,,,,,,,,,,,,,,,,,,,,,,,,,,,,,,,,,,,,,,,,,,,,,,,,,,,,,,,,,,,
A6YQT5,3931,A6YQT5,A6YQT6,Viruses,Porcine reproductive and respiratory syndrome virus,28344,Replicase polyprotein 1ab,Sus scrofa,9823,1221,1241,ECO:0000255,1266,1286,ECO:0000255,1339,1359,ECO:0000255,1554,1574,ECO:0000255,1607,1627,ECO:0000255,1629,1649,ECO:0000255,1659,1679,ECO:0000255,1695,1715,ECO:0000255,2006,2026,ECO:0000255,2030,2050,ECO:0000255,2064,2084,ECO:0000255,2107,2127,ECO:0000255,,,,,,,,,,,,,,,,,,,,,,,,,,,,,,
A7TZT4,3433,A7TZT4,,Viruses,West Nile virus,11082,Genome polyprotein,"Aedes, Alligator, Amblyomma variegatum, Aves, Culex, Equus caballus, Homo sapiens, Hyalomma marginatum, Mansonia uniformis, Mimomyia, Ovis aries, Rhipicephalus, Sciurus niger","7158, 8495, 34610, 8782, 53527, 9796, 9606, 34627, 308735, 308737, 9940, 34630, 34861",44,66,ECO:0000256,107,126,ECO:0000256,250,269,ECO:0000256,276,292,ECO:0000256,742,764,ECO:0000256,1179,1197,ECO:0000256,1217,1238,ECO:0000256,1245,1261,ECO:0000256,1281,1305,ECO:0000256,1342,1366,ECO:0000256,1402,1420,ECO:0000256,1472,1498,ECO:0000256,2174,2195,ECO:0000256,2204,2222,ECO:0000256,2228,2245,ECO:0000256,2257,2279,ECO:0000256,2312,2329,ECO:0000256,2350,2373,ECO:0000256,2379,2398,ECO:0000256,2446,2465,ECO:0000256,,,,,,
A8JKF9,2193,A8JKF9,,Viruses,Human enterovirus 71,39054,Genome polyprotein,Homo sapiens,9606,,,,,,,,,,,,,,,,,,,,,,,,,,,,,,,,,,,,,,,,,,,,,,,,,,,,,,,,,,,,,,,,,,
A9X4C2,2193,A9X4C2,,Viruses,Human enterovirus 71,39054,Genome polyprotein,Homo sapiens,9606,,,,,,,,,,,,,,,,,,,,,,,,,,,,,,,,,,,,,,,,,,,,,,,,,,,,,,,,,,,,,,,,,,
A9XG43,2193,A9XG43,,Viruses,Human enterovirus 71,39054,Genome polyprotein,Homo sapiens,9606,,,,,,,,,,,,,,,,,,,,,,,,,,,,,,,,,,,,,,,,,,,,,,,,,,,,,,,,,,,,,,,,,,
B2ZUN0,2193,B2ZUN0,,Viruses,Human enterovirus 71,39054,Genome polyprotein,Homo sapiens,9606,,,,,,,,,,,,,,,,,,,,,,,,,,,,,,,,,,,,,,,,,,,,,,,,,,,,,,,,,,,,,,,,,,
B6F2F5,2438,B6F2F5,,Viruses,Human enterovirus 71,39054,Genome polyprotein,Homo sapiens,9606,,,,,,,,,,,,,,,,,,,,,,,,,,,,,,,,,,,,,,,,,,,,,,,,,,,,,,,,,,,,,,,,,,
B9VUU3,2193,B9VUU3,,Viruses,Human enterovirus 71,39054,Genome polyprotein,Homo sapiens,9606,,,,,,,,,,,,,,,,,,,,,,,,,,,,,,,,,,,,,,,,,,,,,,,,,,,,,,,,,,,,,,,,,,
C0JJA4,2261,C0JJA4,"A0A0K0K580, Q77IS0, Q9J4L0",Viruses,Mumps virus genotype A (strain Jeryl-Lynn),11168,RNA-directed RNA polymerase L,Homo sapiens,9606,,,,,,,,,,,,,,,,,,,,,,,,,,,,,,,,,,,,,,,,,,,,,,,,,,,,,,,,,,,,,,,,,,
C0MHL9,2295,C0MHL9,,Viruses,Saffold virus,434309,Genome polyprotein,Homo sapiens,9606,,,,,,,,,,,,,,,,,,,,,,,,,,,,,,,,,,,,,,,,,,,,,,,,,,,,,,,,,,,,,,,,,,
C6KEF6,2370,C6KEF6,,Viruses,Human klassevirus 1,655603,Genome polyprotein,Homo sapiens,9606,1646,1666,ECO:0000255,,,,,,,,,,,,,,,,,,,,,,,,,,,,,,,,,,,,,,,,,,,,,,,,,,,,,,,,,,,,,,,
C7BG48,758,C7BG48,"A0A3S6A2I7, A0A7T8EHX9",Viruses,Human astrovirus VA1,645687,Capsid polyprotein VP86,Homo sapiens,9606,,,,,,,,,,,,,,,,,,,,,,,,,,,,,,,,,,,,,,,,,,,,,,,,,,,,,,,,,,,,,,,,,,
D3K0N8,2193,D3K0N8,,Viruses,Human enterovirus 71,39054,Genome polyprotein,Homo sapiens,9606,,,,,,,,,,,,,,,,,,,,,,,,,,,,,,,,,,,,,,,,,,,,,,,,,,,,,,,,,,,,,,,,,,
D3K5I7,245,D3K5I7,,Viruses,Rift valley fever virus,11588,Nucleoprotein,"Aedes, Bos taurus, Bos taurus x Bison bison, Camelus bactrianus, Capra hircus, Homo sapiens, Ovis aries, Phlebotomus papatasi","7158, 9913, 297284, 9837, 9925, 9606, 9940, 29031",,,,,,,,,,,,,,,,,,,,,,,,,,,,,,,,,,,,,,,,,,,,,,,,,,,,,,,,,,,,,,,,,,
D7RF80,3416,D7RF80,"B1PMU9, H8Y6L3, H8Y6L4, H8Y6L5, Q14F58",Viruses,Kyasanur forest disease virus,33743,Genome polyprotein,"Homo sapiens, Hyalomma dromedarii, Ornithodoros savignyi, Semnopithecus entellus","9606, 34626, 69826, 88029",100,120,ECO:0000255,244,261,ECO:0000305,263,281,ECO:0000305,729,749,ECO:0000255,757,777,ECO:0000255,1135,1155,ECO:0000255,1165,1185,ECO:0000255,1190,1210,ECO:0000255,1236,1256,ECO:0000255,1296,1316,ECO:0000255,1362,1379,ECO:0000255,1385,1405,ECO:0000255,2163,2183,ECO:0000255,2213,2233,ECO:0000255,2247,2267,ECO:0000255,2369,2389,ECO:0000255,2433,2453,ECO:0000255,2477,2497,ECO:0000255,,,,,,,,,,,,
E0WWC7,2193,E0WWC7,,Viruses,Human enterovirus 71,39054,Genome polyprotein,Homo sapiens,9606,,,,,,,,,,,,,,,,,,,,,,,,,,,,,,,,,,,,,,,,,,,,,,,,,,,,,,,,,,,,,,,,,,
E1ANT8,1023,E1ANT8,,Viruses,Simian immunodeficiency virus,11723,Gag-Pol polyprotein,"Cercopithecidae, Pan troglodytes","9527, 9598",,,,,,,,,,,,,,,,,,,,,,,,,,,,,,,,,,,,,,,,,,,,,,,,,,,,,,,,,,,,,,,,,,
E3TMG8,2295,E3TMG8,,Viruses,Saffold virus,434309,Genome polyprotein,Homo sapiens,9606,,,,,,,,,,,,,,,,,,,,,,,,,,,,,,,,,,,,,,,,,,,,,,,,,,,,,,,,,,,,,,,,,,
E4W502,2332,E4W502,,Viruses,Foot-and-mouth disease virus serotype O,12118,Genome polyprotein,"Bos taurus, Capra hircus, Cervidae, Erinaceidae, Loxodonta africana, Ovis aries, Rattus norvegicus, Sus scrofa","9913, 9925, 9850, 9363, 9785, 9940, 10116, 9823",,,,,,,,,,,,,,,,,,,,,,,,,,,,,,,,,,,,,,,,,,,,,,,,,,,,,,,,,,,,,,,,,,
E5D8F2,2153,E5D8F2,,Viruses,Human rhinovirus C (strain C15),1418033,Genome polyprotein,Homo sapiens,9606,,,,,,,,,,,,,,,,,,,,,,,,,,,,,,,,,,,,,,,,,,,,,,,,,,,,,,,,,,,,,,,,,,
E5RPG0,2193,E5RPG0,,Viruses,Human enterovirus 71,39054,Genome polyprotein,Homo sapiens,9606,,,,,,,,,,,,,,,,,,,,,,,,,,,,,,,,,,,,,,,,,,,,,,,,,,,,,,,,,,,,,,,,,,
E5RPG2,2193,E5RPG2,,Viruses,Human enterovirus 71,39054,Genome polyprotein,Homo sapiens,9606,,,,,,,,,,,,,,,,,,,,,,,,,,,,,,,,,,,,,,,,,,,,,,,,,,,,,,,,,,,,,,,,,,
E5RPG3,2193,E5RPG3,,Viruses,Human enterovirus 71,39054,Genome polyprotein,Homo sapiens,9606,,,,,,,,,,,,,,,,,,,,,,,,,,,,,,,,,,,,,,,,,,,,,,,,,,,,,,,,,,,,,,,,,,
E5RVX9,1006,E5RVX9,,Viruses,Human immunodeficiency virus type 1,11676,Gag-Pol polyprotein,Homo sapiens,9606,,,,,,,,,,,,,,,,,,,,,,,,,,,,,,,,,,,,,,,,,,,,,,,,,,,,,,,,,,,,,,,,,,
E9RGA0,2193,E9RGA0,,Viruses,Human enterovirus 71,39054,Genome polyprotein,Homo sapiens,9606,,,,,,,,,,,,,,,,,,,,,,,,,,,,,,,,,,,,,,,,,,,,,,,,,,,,,,,,,,,,,,,,,,
F6KTB0,2193,F6KTB0,,Viruses,Human enterovirus 71,39054,Genome polyprotein,Homo sapiens,9606,,,,,,,,,,,,,,,,,,,,,,,,,,,,,,,,,,,,,,,,,,,,,,,,,,,,,,,,,,,,,,,,,,
G1CRV4,3425,G1CRV4,T1YU46,Viruses,Tembusu virus,64293,Genome polyprotein,"Anas, Anser, Culex tritaeniorhynchus, Gallus, Homo sapiens, Melospiza, Passer, Passerella","8835, 8842, 7178, 9030, 9606, 44395, 9159, 44388",105,125,ECO:0000255,247,267,ECO:0000255,273,293,ECO:0000255,740,760,ECO:0000255,768,788,ECO:0000255,1138,1158,ECO:0000255,1169,1189,ECO:0000255,1214,1234,ECO:0000255,1290,1310,ECO:0000255,1337,1357,ECO:0000255,1369,1389,ECO:0000255,1395,1415,ECO:0000255,2169,2189,ECO:0000255,2194,2214,ECO:0000255,2216,2236,ECO:0000255,2252,2272,ECO:0000255,2306,2326,ECO:0000255,2334,2354,ECO:0000255,2371,2391,ECO:0000255,2441,2461,ECO:0000255,,,,,,
G3M8F4,2116,G3M8F4,,Viruses,Rubella virus,11041,Non-structural polyprotein p200,Homo sapiens,9606,,,,,,,,,,,,,,,,,,,,,,,,,,,,,,,,,,,,,,,,,,,,,,,,,,,,,,,,,,,,,,,,,,
G8JKC1,2332,G8JKC1,,Viruses,Foot-and-mouth disease virus serotype O,12118,Genome polyprotein,"Bos taurus, Capra hircus, Cervidae, Erinaceidae, Loxodonta africana, Ovis aries, Rattus norvegicus, Sus scrofa","9913, 9925, 9850, 9363, 9785, 9940, 10116, 9823",,,,,,,,,,,,,,,,,,,,,,,,,,,,,,,,,,,,,,,,,,,,,,,,,,,,,,,,,,,,,,,,,,
G9I191,2193,G9I191,,Viruses,Human enterovirus 71,39054,Genome polyprotein,Homo sapiens,9606,,,,,,,,,,,,,,,,,,,,,,,,,,,,,,,,,,,,,,,,,,,,,,,,,,,,,,,,,,,,,,,,,,
H8XX12,3417,H8XX12,,Viruses,Zika virus,64320,Genome polyprotein,"Aedes aegypti, Aedes albopictus, Homo sapiens, Macaca mulatta","7159, 7160, 9606, 9544",108,126,ECO:0000256,250,269,ECO:0000256,276,292,ECO:0000256,740,761,ECO:0000256,768,788,ECO:0000256,1172,1191,ECO:0000256,1267,1284,ECO:0000256,1337,1360,ECO:0000256,1372,1388,ECO:0000256,1394,1411,ECO:0000256,1467,1490,ECO:0000256,2168,2186,ECO:0000256,2193,2210,ECO:0000256,2216,2233,ECO:0000256,2245,2263,ECO:0000256,2300,2321,ECO:0000256,2328,2347,ECO:0000256,2367,2386,ECO:0000256,2436,2456,ECO:0000256,,,,,,,,,
I3UIB4,2193,I3UIB4,,Viruses,Human enterovirus 71,39054,Genome polyprotein,Homo sapiens,9606,,,,,,,,,,,,,,,,,,,,,,,,,,,,,,,,,,,,,,,,,,,,,,,,,,,,,,,,,,,,,,,,,,
J3TRD1,2084,J3TRD1,,Viruses,Heartland virus,1216928,RNA-directed RNA polymerase L,"Alces americanus, Amblyomma americanum, Canis latrans, Didelphis virginiana, Equus caballus, Homo sapiens, Odocoileus virginianus, Procyon lotor","999462, 6943, 9614, 9267, 9796, 9606, 9874, 9654",,,,,,,,,,,,,,,,,,,,,,,,,,,,,,,,,,,,,,,,,,,,,,,,,,,,,,,,,,,,,,,,,,
K9N638,4391,K9N638,,Viruses,Middle East respiratory syndrome-related coronavirus (isolate United Kingdom/H123990006/2012),1263720,Replicase polyprotein 1a,"Camelus dromedarius, Homo sapiens","9838, 9606",2105,2125,ECO:0000255,2177,2197,ECO:0000255,2281,2301,ECO:0000255,2305,2325,ECO:0000255,2330,2350,ECO:0000255,2757,2777,ECO:0000255,3028,3048,ECO:0000255,3062,3082,ECO:0000255,3104,3124,ECO:0000255,3125,3145,ECO:0000255,3559,3579,ECO:0000255,3593,3613,ECO:0000255,3618,3638,ECO:0000255,3664,3684,ECO:0000255,3691,3711,ECO:0000255,3740,3760,ECO:0000255,3765,3785,ECO:0000255,,,,,,,,,,,,,,,
K9N7C7,7078,K9N7C7,,Viruses,Middle East respiratory syndrome-related coronavirus (isolate United Kingdom/H123990006/2012),1263720,Replicase polyprotein 1ab,"Camelus dromedarius, Homo sapiens","9838, 9606",2105,2125,ECO:0000255,2177,2197,ECO:0000255,2281,2301,ECO:0000255,2305,2325,ECO:0000255,2330,2350,ECO:0000255,2757,2777,ECO:0000255,3028,3048,ECO:0000255,3062,3082,ECO:0000255,3104,3124,ECO:0000255,3125,3145,ECO:0000255,3559,3579,ECO:0000255,3593,3613,ECO:0000255,3618,3638,ECO:0000255,3664,3684,ECO:0000255,3691,3711,ECO:0000255,3740,3760,ECO:0000255,3765,3785,ECO:0000255,,,,,,,,,,,,,,,
M4QLY4,2193,M4QLY4,,Viruses,Human enterovirus 71,39054,Genome polyprotein,Homo sapiens,9606,,,,,,,,,,,,,,,,,,,,,,,,,,,,,,,,,,,,,,,,,,,,,,,,,,,,,,,,,,,,,,,,,,
M9XM90,2193,M9XM90,,Viruses,Human enterovirus 71,39054,Genome polyprotein,Homo sapiens,9606,,,,,,,,,,,,,,,,,,,,,,,,,,,,,,,,,,,,,,,,,,,,,,,,,,,,,,,,,,,,,,,,,,
O12158,1431,O12158,,Viruses,Human immunodeficiency virus type 1 group M subtype C (isolate 92BR025),388812,Gag-Pol polyprotein,Homo sapiens,9606,,,,,,,,,,,,,,,,,,,,,,,,,,,,,,,,,,,,,,,,,,,,,,,,,,,,,,,,,,,,,,,,,,
O12792,786,O12792,"O12498, Q67725, Q82452",Viruses,Human astrovirus-1,12456,Capsid polyprotein VP90,Homo sapiens,9606,,,,,,,,,,,,,,,,,,,,,,,,,,,,,,,,,,,,,,,,,,,,,,,,,,,,,,,,,,,,,,,,,,
O39928,3014,O39928,,Viruses,Hepatitis C virus genotype 5a (isolate EUH1480),356419,Genome polyprotein,Homo sapiens,9606,169,189,ECO:0000255,359,379,ECO:0000250,727,747,ECO:0000250,759,779,ECO:0000250,784,804,ECO:0000250,815,835,ECO:0000250,883,903,ECO:0000250,930,950,ECO:0000250,1659,1679,ECO:0000255,1807,1827,ECO:0000255,1830,1850,ECO:0000255,1852,1872,ECO:0000255,1883,1903,ECO:0000255,2994,3014,ECO:0000250,,,,,,,,,,,,,,,,,,,,,,,,
O39929,3008,O39929,,Viruses,Hepatitis C virus genotype 4a (isolate ED43),356418,Genome polyprotein,Homo sapiens,9606,169,189,ECO:0000255,359,379,ECO:0000250,726,746,ECO:0000250,758,778,ECO:0000250,783,803,ECO:0000250,814,834,ECO:0000250,882,902,ECO:0000250,929,949,ECO:0000250,1658,1678,ECO:0000255,1806,1826,ECO:0000255,1829,1849,ECO:0000255,1851,1871,ECO:0000255,1882,1902,ECO:0000255,2988,3008,ECO:0000250,,,,,,,,,,,,,,,,,,,,,,,,
O40955,2116,O40955,,Viruses,Rubella virus (strain RA27/3 vaccine),11044,Non-structural polyprotein p200,Homo sapiens,9606,,,,,,,,,,,,,,,,,,,,,,,,,,,,,,,,,,,,,,,,,,,,,,,,,,,,,,,,,,,,,,,,,,
O41174,2168,O41174,Q8QUZ8,Viruses,Porcine enterovirus 9 (strain UKG/410/73),64141,Genome polyprotein,Sus scrofa,9823,,,,,,,,,,,,,,,,,,,,,,,,,,,,,,,,,,,,,,,,,,,,,,,,,,,,,,,,,,,,,,,,,,
O56129,233,O56129,Q8BB11,Viruses,Porcine circovirus 2,85708,Capsid protein,Sus scrofa,9823,,,,,,,,,,,,,,,,,,,,,,,,,,,,,,,,,,,,,,,,,,,,,,,,,,,,,,,,,,,,,,,,,,
O89290,1430,O89290,,Viruses,Human immunodeficiency virus type 1 group M subtype F1 (isolate 93BR020),388814,Gag-Pol polyprotein,Homo sapiens,9606,,,,,,,,,,,,,,,,,,,,,,,,,,,,,,,,,,,,,,,,,,,,,,,,,,,,,,,,,,,,,,,,,,
O90368,2513,O90368,,Viruses,O'nyong-nyong virus (strain SG650),374989,Polyprotein P1234,"Anopheles, Homo sapiens","44482, 9606",,,,,,,,,,,,,,,,,,,,,,,,,,,,,,,,,,,,,,,,,,,,,,,,,,,,,,,,,,,,,,,,,,
O91079,512,O91079,,Viruses,Human immunodeficiency virus type 1 group N (isolate YBF30),388818,Gag polyprotein,Homo sapiens,9606,,,,,,,,,,,,,,,,,,,,,,,,,,,,,,,,,,,,,,,,,,,,,,,,,,,,,,,,,,,,,,,,,,
O91080,1449,O91080,,Viruses,Human immunodeficiency virus type 1 group N (isolate YBF30),388818,Gag-Pol polyprotein,Homo sapiens,9606,,,,,,,,,,,,,,,,,,,,,,,,,,,,,,,,,,,,,,,,,,,,,,,,,,,,,,,,,,,,,,,,,,
O91464,2432,O91464,Q91QP4,Viruses,Aichi virus (strain Human/A846/88/1989),650132,Genome polyprotein,Homo sapiens,9606,1712,1732,ECO:0000255,,,,,,,,,,,,,,,,,,,,,,,,,,,,,,,,,,,,,,,,,,,,,,,,,,,,,,,,,,,,,,,
O91734,2184,O91734,"Q66795, Q9YID6",Viruses,Echovirus 1 (strain Human/Egypt/Farouk/1951),103908,Genome polyprotein,Homo sapiens,9606,,,,,,,,,,,,,,,,,,,,,,,,,,,,,,,,,,,,,,,,,,,,,,,,,,,,,,,,,,,,,,,,,,
O91936,3014,O91936,,Viruses,Hepatitis C virus genotype 5a (isolate SA13),356390,Genome polyprotein,Homo sapiens,9606,169,189,ECO:0000255,359,379,ECO:0000250,727,747,ECO:0000250,759,779,ECO:0000250,784,804,ECO:0000250,815,835,ECO:0000250,883,903,ECO:0000250,930,950,ECO:0000250,1659,1679,ECO:0000255,1807,1827,ECO:0000255,1830,1850,ECO:0000255,1852,1872,ECO:0000255,1883,1903,ECO:0000255,2994,3014,ECO:0000250,,,,,,,,,,,,,,,,,,,,,,,,
O92972,3010,O92972,"O92969, O92970, O92971, Q02828",Viruses,Hepatitis C virus genotype 1b (strain HC-J4),420174,Genome polyprotein,Homo sapiens,9606,169,189,ECO:0000255,359,379,ECO:0000250,726,746,ECO:0000250,758,778,ECO:0000250,782,803,ECO:0000250,814,834,ECO:0000250,839,859,ECO:0000250,882,902,ECO:0000250,1658,1678,ECO:0000255,1806,1824,ECO:0000255,1829,1849,ECO:0000255,1851,1871,ECO:0000255,1882,1902,ECO:0000255,2990,3010,ECO:0000250,,,,,,,,,,,,,,,,,,,,,,,,
P03087,362,P03087,,Viruses,Simian virus 40,1891767,Major capsid protein VP1,Macaca,9539,,,,,,,,,,,,,,,,,,,,,,,,,,,,,,,,,,,,,,,,,,,,,,,,,,,,,,,,,,,,,,,,,,
P03089,354,P03089,,Viruses,JC polyomavirus,10632,Major capsid protein VP1,Homo sapiens,9606,,,,,,,,,,,,,,,,,,,,,,,,,,,,,,,,,,,,,,,,,,,,,,,,,,,,,,,,,,,,,,,,,,
P03093,352,P03093,,Viruses,Simian virus 40,1891767,Minor capsid protein VP2,Macaca,9539,290,310,ECO:0000255,,,,,,,,,,,,,,,,,,,,,,,,,,,,,,,,,,,,,,,,,,,,,,,,,,,,,,,,,,,,,,,
P03094,351,P03094,,Viruses,BK polyomavirus,1891762,Minor capsid protein VP2,Homo sapiens,9606,289,309,ECO:0000255,,,,,,,,,,,,,,,,,,,,,,,,,,,,,,,,,,,,,,,,,,,,,,,,,,,,,,,,,,,,,,,
P03096,319,P03096,Q85070,Viruses,Murine polyomavirus (strain A2),10636,Minor capsid protein VP2,Mus musculus,10090,287,307,ECO:0000255,,,,,,,,,,,,,,,,,,,,,,,,,,,,,,,,,,,,,,,,,,,,,,,,,,,,,,,,,,,,,,,
P03107,473,P03107,Q71BI1,Viruses,Human papillomavirus type 16,333760,Minor capsid protein L2,Homo sapiens,9606,,,,,,,,,,,,,,,,,,,,,,,,,,,,,,,,,,,,,,,,,,,,,,,,,,,,,,,,,,,,,,,,,,
P03146,183,P03146,,Viruses,Hepatitis B virus genotype D subtype ayw (isolate France/Tiollais/1979),490133,Capsid protein,"Homo sapiens, Pan troglodytes","9606, 9598",,,,,,,,,,,,,,,,,,,,,,,,,,,,,,,,,,,,,,,,,,,,,,,,,,,,,,,,,,,,,,,,,,
P03148,185,P03148,Q67868,Viruses,Hepatitis B virus genotype A2 subtype adw2 (strain Rutter 1979),480116,Capsid protein,"Homo sapiens, Pan troglodytes","9606, 9598",,,,,,,,,,,,,,,,,,,,,,,,,,,,,,,,,,,,,,,,,,,,,,,,,,,,,,,,,,,,,,,,,,
P03186,3149,P03186,Q777G4,Viruses,Epstein-Barr virus (strain B95-8),10377,Large tegument protein deneddylase,Homo sapiens,9606,,,,,,,,,,,,,,,,,,,,,,,,,,,,,,,,,,,,,,,,,,,,,,,,,,,,,,,,,,,,,,,,,,
P03234,605,P03234,"Q66541, Q777B6",Viruses,Epstein-Barr virus (strain B95-8),10377,Capsid scaffolding protein,Homo sapiens,9606,,,,,,,,,,,,,,,,,,,,,,,,,,,,,,,,,,,,,,,,,,,,,,,,,,,,,,,,,,,,,,,,,,
P03252,204,P03252,,Viruses,Human adenovirus C serotype 2,10515,Protease,Homo sapiens,9606,,,,,,,,,,,,,,,,,,,,,,,,,,,,,,,,,,,,,,,,,,,,,,,,,,,,,,,,,,,,,,,,,,
P03274,250,P03274,,Viruses,Human adenovirus C serotype 2,10515,Pre-protein VI,Homo sapiens,9606,,,,,,,,,,,,,,,,,,,,,,,,,,,,,,,,,,,,,,,,,,,,,,,,,,,,,,,,,,,,,,,,,,
P03300,2209,P03300,"A0A142KD04, P03299, Q84879, Q84880, Q89679",Viruses,Poliovirus type 1 (strain Mahoney),12081,Genome polyprotein,Homo sapiens,9606,,,,,,,,,,,,,,,,,,,,,,,,,,,,,,,,,,,,,,,,,,,,,,,,,,,,,,,,,,,,,,,,,,
P03301,2209,P03301,"Q84881, Q84882, Q84883, Q84884, Q84885, Q84886, Q84887, Q84888, Q84889, Q84890",Viruses,Poliovirus type 1 (strain Sabin),12082,Genome polyprotein,Homo sapiens,9606,,,,,,,,,,,,,,,,,,,,,,,,,,,,,,,,,,,,,,,,,,,,,,,,,,,,,,,,,,,,,,,,,,
P03302,2206,P03302,"Q84783, Q84784, Q84785, Q84786, Q84787, Q84788, Q84789, Q84790, Q98592, Q98593, Q98594",Viruses,Poliovirus type 3 (strains P3/Leon/37 and P3/Leon 12A[1]B),12088,Genome polyprotein,Homo sapiens,9606,,,,,,,,,,,,,,,,,,,,,,,,,,,,,,,,,,,,,,,,,,,,,,,,,,,,,,,,,,,,,,,,,,
P03303,2179,P03303,"Q82083, Q82123, Q84736, Q84737, Q84738, Q84739, Q84740, Q84741, Q84774, Q84775, Q84776, Q84777, Q84778, Q84779, Q89441, Q89649, Q89763, Q89883",Viruses,Human rhinovirus 14,12131,Genome polyprotein,Homo sapiens,9606,,,,,,,,,,,,,,,,,,,,,,,,,,,,,,,,,,,,,,,,,,,,,,,,,,,,,,,,,,,,,,,,,,
P03304,2290,P03304,Q66764,Viruses,Encephalomyocarditis virus,12104,Genome polyprotein,"Aotus trivirgatus, Callitrichinae sp., Homo sapiens, Macaca mulatta, Mandrillus, Mus musculus, Pan troglodytes, Rattus, Sigmodon hispidus, Sus scrofa","9505, 38020, 9606, 9544, 9567, 10090, 9598, 10114, 42415, 9823",,,,,,,,,,,,,,,,,,,,,,,,,,,,,,,,,,,,,,,,,,,,,,,,,,,,,,,,,,,,,,,,,,
P03305,2332,P03305,B2L5Y1,Viruses,Foot-and-mouth disease virus serotype O,12118,Genome polyprotein,"Bos taurus, Capra hircus, Cervidae, Erinaceidae, Loxodonta africana, Ovis aries, Rattus norvegicus, Sus scrofa","9913, 9925, 9850, 9363, 9785, 9940, 10116, 9823",,,,,,,,,,,,,,,,,,,,,,,,,,,,,,,,,,,,,,,,,,,,,,,,,,,,,,,,,,,,,,,,,,
P03306,2332,P03306,"Q64768, Q84750, Q84751, Q84752, Q84753, Q84754, Q84760, Q84761, Q84762, Q84763, Q84764, Q84765, Q84766, Q84767, Q84768, Q84769, Q89824",Viruses,Foot-and-mouth disease virus (strain A10/Holland/1961 serotype A),12112,Genome polyprotein,"Bos taurus, Capra hircus, Cervidae, Erinaceidae, Loxodonta africana, Ovis aries, Rattus norvegicus, Sus scrofa","9913, 9925, 9850, 9363, 9785, 9940, 10116, 9823",,,,,,,,,,,,,,,,,,,,,,,,,,,,,,,,,,,,,,,,,,,,,,,,,,,,,,,,,,,,,,,,,,
P03307,2332,P03307,Q6PN05,Viruses,Foot-and-mouth disease virus (isolate -/Germany/A5Westerwald/1951 serotype A),12113,Genome polyprotein,"Bos taurus, Capra hircus, Cervidae, Erinaceidae, Loxodonta africana, Ovis aries, Rattus norvegicus, Sus scrofa","9913, 9925, 9850, 9363, 9785, 9940, 10116, 9823",,,,,,,,,,,,,,,,,,,,,,,,,,,,,,,,,,,,,,,,,,,,,,,,,,,,,,,,,,,,,,,,,,
P03308,2333,P03308,"P03312, Q65038, Q65039, Q65040, Q65041, Q65042, Q65043, Q65044, Q65045, Q65046, Q65047, Q6PN34",Viruses,Foot-and-mouth disease virus (isolate Bovine/United Kingdom/A12Valle119/1932 serotype A),12114,Genome polyprotein,"Bos taurus, Capra hircus, Cervidae, Erinaceidae, Loxodonta africana, Ovis aries, Rattus norvegicus, Sus scrofa","9913, 9925, 9850, 9363, 9785, 9940, 10116, 9823",,,,,,,,,,,,,,,,,,,,,,,,,,,,,,,,,,,,,,,,,,,,,,,,,,,,,,,,,,,,,,,,,,
P03309,2333,P03309,"I0AZ17, Q6PN18, Q9Q2N6",Viruses,Foot-and-mouth disease virus (isolate Bovine/Brazil/A24Cruzeiro/1955 serotype A),12115,Genome polyprotein,"Bos taurus, Capra hircus, Cervidae, Erinaceidae, Loxodonta africana, Ovis aries, Rattus norvegicus, Sus scrofa","9913, 9925, 9850, 9363, 9785, 9940, 10116, 9823",,,,,,,,,,,,,,,,,,,,,,,,,,,,,,,,,,,,,,,,,,,,,,,,,,,,,,,,,,,,,,,,,,
P03311,2327,P03311,"Q84781, Q84782, Q9QCE2",Viruses,Foot-and-mouth disease virus (isolate -/Spain/S8c1SantaPau/1970 serotype C),12120,Genome polyprotein,"Bos taurus, Capra hircus, Cervidae, Erinaceidae, Loxodonta africana, Ovis aries, Rattus norvegicus, Sus scrofa","9913, 9925, 9850, 9363, 9785, 9940, 10116, 9823",,,,,,,,,,,,,,,,,,,,,,,,,,,,,,,,,,,,,,,,,,,,,,,,,,,,,,,,,,,,,,,,,,
P03313,2185,P03313,"J9WSZ6, Q66322, Q66323, Q66324, Q66325, Q66326, Q66327, Q66328, Q83744",Viruses,Coxsackievirus B3 (strain Nancy),103903,Genome polyprotein,Homo sapiens,9606,,,,,,,,,,,,,,,,,,,,,,,,,,,,,,,,,,,,,,,,,,,,,,,,,,,,,,,,,,,,,,,,,,
P03314,3411,P03314,"O42028, O91857, P19901, Q102J3, Q45RQ2, Q89275, Q89276, Q9W878, Q9YWN0, Q9YWN1, Q9YWN2",Viruses,Yellow fever virus (strain 17D vaccine),11090,Genome polyprotein,"Aedes aegypti, Aedes luteocephalus, Aedes simpsoni, Homo sapiens, Simiiformes","7159, 299629, 7161, 9606, 314293",105,125,ECO:0000255,245,265,ECO:0000255,271,285,ECO:0000255,731,751,ECO:0000255,758,778,ECO:0000255,1133,1153,ECO:0000255,1202,1222,ECO:0000255,1288,1308,ECO:0000255,1356,1376,ECO:0000255,1379,1399,ECO:0000255,2158,2178,ECO:0000255,2210,2230,ECO:0000255,2242,2262,ECO:0000255,2361,2381,ECO:0000255,2422,2442,ECO:0000255,2446,2466,ECO:0000255,,,,,,,,,,,,,,,,,,
P03315,1253,P03315,"B3TP01, Q809B6, Q8JMP5",Viruses,Semliki forest virus,11033,Structural polyprotein,"Aedes, Atelerix albiventris, Culex tritaeniorhynchus, Halcyon, Homo sapiens, Quelea, Rhipicephalus","7158, 9368, 7178, 170865, 9606, 158617, 34630",702,722,ECO:0000255,771,791,ECO:0000255,793,813,ECO:0000255,1231,1251,ECO:0000255,,,,,,,,,,,,,,,,,,,,,,,,,,,,,,,,,,,,,,,,,,,,,,,,,,,,,,
P03316,1245,P03316,"C4T9C2, P11259, Q88870, Q88871, Q88872, Q88873, Q88874",Viruses,Sindbis virus,11034,Structural polyprotein,"Acrocephalus scirpaceus, Aedes, Culex, Homo sapiens, Motacilla alba, Streptopelia turtur","48156, 7158, 53527, 9606, 45807, 177155",691,718,ECO:0000269,764,784,ECO:0000255,786,806,ECO:0000255,1215,1239,ECO:0000269,,,,,,,,,,,,,,,,,,,,,,,,,,,,,,,,,,,,,,,,,,,,,,,,,,,,,,
P03317,2513,P03317,Q87644,Viruses,Sindbis virus,11034,Polyprotein P1234,"Acrocephalus scirpaceus, Aedes, Culex, Homo sapiens, Motacilla alba, Streptopelia turtur","48156, 7158, 53527, 9606, 45807, 177155",,,,,,,,,,,,,,,,,,,,,,,,,,,,,,,,,,,,,,,,,,,,,,,,,,,,,,,,,,,,,,,,,,
P03332,538,P03332,Q9WJP4,Viruses,Moloney murine leukemia virus (isolate Shinnick),928306,Gag polyprotein,Mus musculus,10090,,,,,,,,,,,,,,,,,,,,,,,,,,,,,,,,,,,,,,,,,,,,,,,,,,,,,,,,,,,,,,,,,,
P03336,537,P03336,,Viruses,AKV murine leukemia virus,11791,Gag polyprotein,Mus musculus,10090,,,,,,,,,,,,,,,,,,,,,,,,,,,,,,,,,,,,,,,,,,,,,,,,,,,,,,,,,,,,,,,,,,
P03345,429,P03345,Q85589,Viruses,Human T-cell leukemia virus 1 (strain Japan ATK-1 subtype A),11926,Gag polyprotein,Homo sapiens,9606,,,,,,,,,,,,,,,,,,,,,,,,,,,,,,,,,,,,,,,,,,,,,,,,,,,,,,,,,,,,,,,,,,
P03346,433,P03346,,Viruses,Human T-cell leukemia virus 2,11909,Gag polyprotein,Homo sapiens,9606,,,,,,,,,,,,,,,,,,,,,,,,,,,,,,,,,,,,,,,,,,,,,,,,,,,,,,,,,,,,,,,,,,
P03347,512,P03347,P03350,Viruses,Human immunodeficiency virus type 1 group M subtype B (isolate BH10),11678,Gag polyprotein,Homo sapiens,9606,,,,,,,,,,,,,,,,,,,,,,,,,,,,,,,,,,,,,,,,,,,,,,,,,,,,,,,,,,,,,,,,,,
P03348,512,P03348,,Viruses,Human immunodeficiency virus type 1 group M subtype B (isolate BRU/LAI),11686,Gag polyprotein,Homo sapiens,9606,,,,,,,,,,,,,,,,,,,,,,,,,,,,,,,,,,,,,,,,,,,,,,,,,,,,,,,,,,,,,,,,,,
P03349,502,P03349,,Viruses,Human immunodeficiency virus type 1 group M subtype B (isolate ARV2/SF2),11685,Gag polyprotein,Homo sapiens,9606,,,,,,,,,,,,,,,,,,,,,,,,,,,,,,,,,,,,,,,,,,,,,,,,,,,,,,,,,,,,,,,,,,
P03353,602,P03353,,Viruses,Human T-cell leukemia virus 2,11909,Gag-Pro polyprotein,Homo sapiens,9606,,,,,,,,,,,,,,,,,,,,,,,,,,,,,,,,,,,,,,,,,,,,,,,,,,,,,,,,,,,,,,,,,,
P03355,1738,P03355,O92808,Viruses,Moloney murine leukemia virus (isolate Shinnick),928306,Gag-Pol polyprotein,Mus musculus,10090,,,,,,,,,,,,,,,,,,,,,,,,,,,,,,,,,,,,,,,,,,,,,,,,,,,,,,,,,,,,,,,,,,
P03362,1462,P03362,Q85590,Viruses,Human T-cell leukemia virus 1 (strain Japan ATK-1 subtype A),11926,Gag-Pro-Pol polyprotein,Homo sapiens,9606,,,,,,,,,,,,,,,,,,,,,,,,,,,,,,,,,,,,,,,,,,,,,,,,,,,,,,,,,,,,,,,,,,
P03363,1461,P03363,,Viruses,Human T-cell leukemia virus 2,11909,Gag-Pro-Pol polyprotein,Homo sapiens,9606,,,,,,,,,,,,,,,,,,,,,,,,,,,,,,,,,,,,,,,,,,,,,,,,,,,,,,,,,,,,,,,,,,
P03364,1880,P03364,,Viruses,Squirrel monkey retrovirus,11856,Gag-Pro-Pol polyprotein,Mammalia,40674,,,,,,,,,,,,,,,,,,,,,,,,,,,,,,,,,,,,,,,,,,,,,,,,,,,,,,,,,,,,,,,,,,
P03365,1755,P03365,,Viruses,Mouse mammary tumor virus (strain BR6),11758,Gag-Pro-Pol polyprotein,Mus musculus,10090,,,,,,,,,,,,,,,,,,,,,,,,,,,,,,,,,,,,,,,,,,,,,,,,,,,,,,,,,,,,,,,,,,
P03366,1447,P03366,P03368,Viruses,Human immunodeficiency virus type 1 group M subtype B (isolate BH10),11678,Gag-Pol polyprotein,Homo sapiens,9606,,,,,,,,,,,,,,,,,,,,,,,,,,,,,,,,,,,,,,,,,,,,,,,,,,,,,,,,,,,,,,,,,,
P03367,1447,P03367,,Viruses,Human immunodeficiency virus type 1 group M subtype B (isolate BRU/LAI),11686,Gag-Pol polyprotein,Homo sapiens,9606,,,,,,,,,,,,,,,,,,,,,,,,,,,,,,,,,,,,,,,,,,,,,,,,,,,,,,,,,,,,,,,,,,
P03369,1437,P03369,,Viruses,Human immunodeficiency virus type 1 group M subtype B (isolate ARV2/SF2),11685,Gag-Pol polyprotein,Homo sapiens,9606,,,,,,,,,,,,,,,,,,,,,,,,,,,,,,,,,,,,,,,,,,,,,,,,,,,,,,,,,,,,,,,,,,
P03370,1506,P03370,,Viruses,Maedi visna virus (strain 1514),11742,Gag-Pol polyprotein,Ovis aries,9940,,,,,,,,,,,,,,,,,,,,,,,,,,,,,,,,,,,,,,,,,,,,,,,,,,,,,,,,,,,,,,,,,,
P03418,391,P03418,P88810,Viruses,Human respiratory syncytial virus A (strain A2),11259,Nucleoprotein,Homo sapiens,9606,,,,,,,,,,,,,,,,,,,,,,,,,,,,,,,,,,,,,,,,,,,,,,,,,,,,,,,,,,,,,,,,,,
P03430,757,P03430,,Viruses,Influenza A virus (strain A/Wilson-Smith/1933 H1N1),381518,RNA-directed RNA polymerase catalytic subunit,"Aves, Homo sapiens, Sus scrofa","8782, 9606, 9823",,,,,,,,,,,,,,,,,,,,,,,,,,,,,,,,,,,,,,,,,,,,,,,,,,,,,,,,,,,,,,,,,,
P03431,757,P03431,"A4GXH1, Q20N30, Q8JUU7",Viruses,Influenza A virus (strain A/Puerto Rico/8/1934 H1N1),211044,RNA-directed RNA polymerase catalytic subunit,"Aves, Homo sapiens, Sus scrofa","8782, 9606, 9823",,,,,,,,,,,,,,,,,,,,,,,,,,,,,,,,,,,,,,,,,,,,,,,,,,,,,,,,,,,,,,,,,,
P03466,498,P03466,"Q20N34, Q58NB3, Q67228, Q80AB4",Viruses,Influenza A virus (strain A/Puerto Rico/8/1934 H1N1),211044,Nucleoprotein,"Aves, Homo sapiens, Sus scrofa","8782, 9606, 9823",,,,,,,,,,,,,,,,,,,,,,,,,,,,,,,,,,,,,,,,,,,,,,,,,,,,,,,,,,,,,,,,,,
P03521,422,P03521,,Viruses,Vesicular stomatitis Indiana virus (strain San Juan),11285,Nucleoprotein,"Aedes, Bos taurus, Culicoides, Equus asinus, Equus caballus, Homo sapiens, Lutzomyia, Musca domestica, Simuliidae, Sus scrofa","7158, 9913, 58271, 9793, 9796, 9606, 252607, 7370, 7190, 9823",,,,,,,,,,,,,,,,,,,,,,,,,,,,,,,,,,,,,,,,,,,,,,,,,,,,,,,,,,,,,,,,,,
P03523,2109,P03523,Q86125,Viruses,Vesicular stomatitis Indiana virus (strain San Juan),11285,RNA-directed RNA polymerase L,"Aedes, Bos taurus, Culicoides, Equus asinus, Equus caballus, Homo sapiens, Lutzomyia, Musca domestica, Simuliidae, Sus scrofa","7158, 9913, 58271, 9793, 9796, 9606, 252607, 7370, 7190, 9823",,,,,,,,,,,,,,,,,,,,,,,,,,,,,,,,,,,,,,,,,,,,,,,,,,,,,,,,,,,,,,,,,,
P03527,365,P03527,"A4ZY29, Q99AV2",Viruses,Reovirus type 3 (strain Dearing),10886,Outer capsid protein sigma-3,Mammalia,40674,,,,,,,,,,,,,,,,,,,,,,,,,,,,,,,,,,,,,,,,,,,,,,,,,,,,,,,,,,,,,,,,,,
P03528,455,P03528,"A4ZY26, Q85668",Viruses,Reovirus type 3 (strain Dearing),10886,Outer capsid protein sigma-1,Mammalia,40674,,,,,,,,,,,,,,,,,,,,,,,,,,,,,,,,,,,,,,,,,,,,,,,,,,,,,,,,,,,,,,,,,,
P04022,658,P04022,,Viruses,Simian retrovirus SRV-1,11942,Gag polyprotein,Macaca mulatta,9544,,,,,,,,,,,,,,,,,,,,,,,,,,,,,,,,,,,,,,,,,,,,,,,,,,,,,,,,,,,,,,,,,,
P04509,397,P04509,,Viruses,Rotavirus A (strain RVA/Cow/France/RF/1975/G6P6[1]),10933,Intermediate capsid protein VP6,Bos taurus,9913,,,,,,,,,,,,,,,,,,,,,,,,,,,,,,,,,,,,,,,,,,,,,,,,,,,,,,,,,,,,,,,,,,
P04584,1464,P04584,Q76629,Viruses,Human immunodeficiency virus type 2 subtype A (isolate ROD),11720,Gag-Pol polyprotein,Homo sapiens,9606,,,,,,,,,,,,,,,,,,,,,,,,,,,,,,,,,,,,,,,,,,,,,,,,,,,,,,,,,,,,,,,,,,
P04585,1435,P04585,"O09777, Q9WJC5",Viruses,Human immunodeficiency virus type 1 group M subtype B (isolate HXB2),11706,Gag-Pol polyprotein,Homo sapiens,9606,,,,,,,,,,,,,,,,,,,,,,,,,,,,,,,,,,,,,,,,,,,,,,,,,,,,,,,,,,,,,,,,,,
P04587,1447,P04587,,Viruses,Human immunodeficiency virus type 1 group M subtype B (isolate BH5),11682,Gag-Pol polyprotein,Homo sapiens,9606,,,,,,,,,,,,,,,,,,,,,,,,,,,,,,,,,,,,,,,,,,,,,,,,,,,,,,,,,,,,,,,,,,
P04588,1440,P04588,Q79582,Viruses,Human immunodeficiency virus type 1 group M subtype A (isolate MAL),11697,Gag-Pol polyprotein,Homo sapiens,9606,,,,,,,,,,,,,,,,,,,,,,,,,,,,,,,,,,,,,,,,,,,,,,,,,,,,,,,,,,,,,,,,,,
P04590,522,P04590,,Viruses,Human immunodeficiency virus type 2 subtype A (isolate ROD),11720,Gag polyprotein,Homo sapiens,9606,,,,,,,,,,,,,,,,,,,,,,,,,,,,,,,,,,,,,,,,,,,,,,,,,,,,,,,,,,,,,,,,,,
P04591,500,P04591,,Viruses,Human immunodeficiency virus type 1 group M subtype B (isolate HXB2),11706,Gag polyprotein,Homo sapiens,9606,,,,,,,,,,,,,,,,,,,,,,,,,,,,,,,,,,,,,,,,,,,,,,,,,,,,,,,,,,,,,,,,,,
P04851,525,P04851,,Viruses,Measles virus (strain Edmonston),11235,Nucleoprotein,Homo sapiens,9606,,,,,,,,,,,,,,,,,,,,,,,,,,,,,,,,,,,,,,,,,,,,,,,,,,,,,,,,,,,,,,,,,,
P04936,2150,P04936,,Viruses,Human rhinovirus 2,12130,Genome polyprotein,Homo sapiens,9606,,,,,,,,,,,,,,,,,,,,,,,,,,,,,,,,,,,,,,,,,,,,,,,,,,,,,,,,,,,,,,,,,,
P05133,429,P05133,,Viruses,Hantaan virus (strain 76-118),11602,Nucleoprotein,"Apodemus agrarius, Homo sapiens","39030, 9606",,,,,,,,,,,,,,,,,,,,,,,,,,,,,,,,,,,,,,,,,,,,,,,,,,,,,,,,,,,,,,,,,,
P05674,1254,P05674,,Viruses,Venezuelan equine encephalitis virus (strain TC-83),11037,Structural polyprotein,"Bos taurus, Didelphis marsupialis, Equus asinus, Equus caballus, Homo sapiens, Melanoconion, Philander opossum, Proechimys, Sigmodon hispidus","9913, 9268, 9793, 9796, 9606, 53535, 9272, 10162, 42415",702,722,ECO:0000255,773,793,ECO:0000255,796,816,ECO:0000255,1225,1245,ECO:0000255,,,,,,,,,,,,,,,,,,,,,,,,,,,,,,,,,,,,,,,,,,,,,,,,,,,,,,
P05769,3434,P05769,Q9Q9F7,Viruses,Murray valley encephalitis virus (strain MVE-1-51),301478,Genome polyprotein,"Culex annulirostris, Homo sapiens","162997, 9606",111,131,ECO:0000255,252,272,ECO:0000255,278,292,ECO:0000305,746,766,ECO:0000255,773,793,ECO:0000255,1219,1239,ECO:0000255,1250,1270,ECO:0000255,1287,1307,ECO:0000255,1309,1329,ECO:0000255,1341,1361,ECO:0000255,1374,1394,ECO:0000255,1398,1418,ECO:0000255,2173,2193,ECO:0000255,2221,2241,ECO:0000255,2257,2271,ECO:0000305,2367,2394,ECO:0000255,2447,2467,ECO:0000255,2499,2519,ECO:0000255,,,,,,,,,,,,
P05888,507,P05888,,Viruses,Human immunodeficiency virus type 1 group M subtype B (isolate MN),11696,Gag polyprotein,Homo sapiens,9606,,,,,,,,,,,,,,,,,,,,,,,,,,,,,,,,,,,,,,,,,,,,,,,,,,,,,,,,,,,,,,,,,,
P05889,389,P05889,,Viruses,Human immunodeficiency virus type 1 group M subtype B (isolate WMJ22),11705,Gag polyprotein,Homo sapiens,9606,,,,,,,,,,,,,,,,,,,,,,,,,,,,,,,,,,,,,,,,,,,,,,,,,,,,,,,,,,,,,,,,,,
P05893,506,P05893,,Viruses,Simian immunodeficiency virus (isolate Mm251),11734,Gag polyprotein,Cercopithecidae,9527,,,,,,,,,,,,,,,,,,,,,,,,,,,,,,,,,,,,,,,,,,,,,,,,,,,,,,,,,,,,,,,,,,
P05896,1448,P05896,,Viruses,Simian immunodeficiency virus (isolate Mm142-83),11733,Gag-Pol polyprotein,Cercopithecidae,9527,,,,,,,,,,,,,,,,,,,,,,,,,,,,,,,,,,,,,,,,,,,,,,,,,,,,,,,,,,,,,,,,,,
P05897,1448,P05897,,Viruses,Simian immunodeficiency virus (isolate Mm251),11734,Gag-Pol polyprotein,Cercopithecidae,9527,,,,,,,,,,,,,,,,,,,,,,,,,,,,,,,,,,,,,,,,,,,,,,,,,,,,,,,,,,,,,,,,,,
P05959,1436,P05959,,Viruses,Human immunodeficiency virus type 1 group M subtype B (isolate RF/HAT3),11701,Gag-Pol polyprotein,Homo sapiens,9606,,,,,,,,,,,,,,,,,,,,,,,,,,,,,,,,,,,,,,,,,,,,,,,,,,,,,,,,,,,,,,,,,,
P05961,1441,P05961,,Viruses,Human immunodeficiency virus type 1 group M subtype B (isolate MN),11696,Gag-Pol polyprotein,Homo sapiens,9606,,,,,,,,,,,,,,,,,,,,,,,,,,,,,,,,,,,,,,,,,,,,,,,,,,,,,,,,,,,,,,,,,,
P06159,515,P06159,Q81075,Viruses,Human parainfluenza 3 virus (strain Wash/47885/57),11217,Nucleoprotein,Homo sapiens,9606,,,,,,,,,,,,,,,,,,,,,,,,,,,,,,,,,,,,,,,,,,,,,,,,,,,,,,,,,,,,,,,,,,
P06210,2207,P06210,,Viruses,Poliovirus type 2 (strain Lansing),12084,Genome polyprotein,Homo sapiens,9606,,,,,,,,,,,,,,,,,,,,,,,,,,,,,,,,,,,,,,,,,,,,,,,,,,,,,,,,,,,,,,,,,,
P06447,2228,P06447,"P27566, Q84185, Q98705",Viruses,Sendai virus (strain Z),11198,RNA-directed RNA polymerase L,"Cavia cutleri, Cricetidae sp., Mus musculus, Rattus norvegicus","10144, 36483, 10090, 10116",,,,,,,,,,,,,,,,,,,,,,,,,,,,,,,,,,,,,,,,,,,,,,,,,,,,,,,,,,,,,,,,,,
P06935,3430,P06935,,Viruses,West Nile virus,11082,Genome polyprotein,"Aedes, Alligator, Amblyomma variegatum, Aves, Culex, Equus caballus, Homo sapiens, Hyalomma marginatum, Mansonia uniformis, Mimomyia, Ovis aries, Rhipicephalus, Sciurus niger","7158, 8495, 34610, 8782, 53527, 9796, 9606, 34627, 308735, 308737, 9940, 34630, 34861",106,126,ECO:0000255,249,269,ECO:0000255,276,290,ECO:0000305,740,760,ECO:0000255,767,787,ECO:0000255,1213,1233,ECO:0000255,1244,1264,ECO:0000255,1279,1299,ECO:0000255,1308,1328,ECO:0000255,1341,1361,ECO:0000255,1372,1392,ECO:0000255,1396,1416,ECO:0000255,2171,2191,ECO:0000255,2219,2239,ECO:0000255,2255,2275,ECO:0000255,2378,2398,ECO:0000255,2442,2462,ECO:0000255,2468,2488,ECO:0000255,,,,,,,,,,,,
P07210,2164,P07210,"Q82096, Q82097, Q82098, Q82099, Q82100, Q82101, Q82102, Q82103, Q82104, Q82105",Viruses,Human rhinovirus A serotype 89 (strain 41467-Gallo),650130,Genome polyprotein,Homo sapiens,9606,,,,,,,,,,,,,,,,,,,,,,,,,,,,,,,,,,,,,,,,,,,,,,,,,,,,,,,,,,,,,,,,,,
P07564,3391,P07564,"P07565, Q88642, Q88643, Q88644, Q88645",Viruses,Dengue virus type 2 (strain Jamaica/1409/1983),11064,Genome polyprotein,"Aedimorphus, Diceromyia, Erythrocebus patas, Homo sapiens, Stegomyia","53540, 53539, 9538, 9606, 53541",102,119,ECO:0000255,242,259,ECO:0000255,266,280,ECO:0000255,726,746,ECO:0000255,753,773,ECO:0000255,1196,1220,ECO:0000255,1227,1245,ECO:0000255,1270,1290,ECO:0000255,1292,1310,ECO:0000255,1318,1338,ECO:0000255,1347,1367,ECO:0000255,1371,1391,ECO:0000255,2148,2168,ECO:0000255,2193,2213,ECO:0000255,2229,2249,ECO:0000255,2348,2368,ECO:0000255,2414,2434,ECO:0000255,2460,2480,ECO:0000255,,,,,,,,,,,,
P07566,1063,P07566,,Viruses,Rubella virus (strain Therien),11045,Structural polyprotein,Homo sapiens,9606,535,555,ECO:0000250,1029,1049,ECO:0000250,,,,,,,,,,,,,,,,,,,,,,,,,,,,,,,,,,,,,,,,,,,,,,,,,,,,,,,,,,,,
P07567,657,P07567,O56225,Viruses,Mason-Pfizer monkey virus,11855,Gag polyprotein,Macaca mulatta,9544,,,,,,,,,,,,,,,,,,,,,,,,,,,,,,,,,,,,,,,,,,,,,,,,,,,,,,,,,,,,,,,,,,
P07570,911,P07570,O92810,Viruses,Mason-Pfizer monkey virus,11855,Gag-Pro polyprotein,Macaca mulatta,9544,,,,,,,,,,,,,,,,,,,,,,,,,,,,,,,,,,,,,,,,,,,,,,,,,,,,,,,,,,,,,,,,,,
P07572,1771,P07572,O56224,Viruses,Mason-Pfizer monkey virus,11855,Gag-Pro-Pol polyprotein,Macaca mulatta,9544,,,,,,,,,,,,,,,,,,,,,,,,,,,,,,,,,,,,,,,,,,,,,,,,,,,,,,,,,,,,,,,,,,
P07720,3412,P07720,"P07721, Q88475, Q88476, Q88477, Q88478, Q88479, Q88877, Q88878, Q88879",Viruses,Tick-borne encephalitis virus Far Eastern subtype (strain Sofjin),11087,Genome polyprotein,"Homo sapiens, Ixodes persulcatus, Ixodes ricinus","9606, 34615, 34613",99,119,ECO:0000255,243,260,ECO:0000255,262,280,ECO:0000255,728,748,ECO:0000255,756,776,ECO:0000305,1188,1208,ECO:0000255,1237,1257,"ECO:0000250, ECO:0000255",1294,1314,"ECO:0000250, ECO:0000255",1328,1348,"ECO:0000250, ECO:0000255",1360,1378,ECO:0000255,1383,1403,ECO:0000255,2161,2181,ECO:0000255,2212,2232,ECO:0000255,2245,2265,ECO:0000255,2369,2389,ECO:0000255,2431,2451,ECO:0000255,2477,2497,ECO:0000255,,,,,,,,,,,,,,,
P07939,365,P07939,,Viruses,Reovirus type 1 (strain Lang),10884,Outer capsid protein sigma-3,Mammalia,40674,,,,,,,,,,,,,,,,,,,,,,,,,,,,,,,,,,,,,,,,,,,,,,,,,,,,,,,,,,,,,,,,,,
P08291,2182,P08291,,Viruses,Coxsackievirus B1 (strain Japan),103902,Genome polyprotein,Homo sapiens,9606,,,,,,,,,,,,,,,,,,,,,,,,,,,,,,,,,,,,,,,,,,,,,,,,,,,,,,,,,,,,,,,,,,
P08292,2183,P08292,,Viruses,Coxsackievirus B4 (strain JVB / Benschoten / New York/51),103906,Genome polyprotein,Homo sapiens,9606,,,,,,,,,,,,,,,,,,,,,,,,,,,,,,,,,,,,,,,,,,,,,,,,,,,,,,,,,,,,,,,,,,
P08411,2432,P08411,"B3TP00, Q3LRQ3, Q3LRQ4, Q3LRQ6, Q3LRQ7, Q3LRQ9, Q3LRR0, Q3LRR1, Q3LRR2, Q8JMP6, Q9QBM1",Viruses,Semliki forest virus,11033,Polyprotein P1234,"Aedes, Atelerix albiventris, Culex tritaeniorhynchus, Halcyon, Homo sapiens, Quelea, Rhipicephalus","7158, 9368, 7178, 170865, 9606, 158617, 34630",,,,,,,,,,,,,,,,,,,,,,,,,,,,,,,,,,,,,,,,,,,,,,,,,,,,,,,,,,,,,,,,,,
P08491,1254,P08491,"Q88613, Q88614, Q88615, Q88616, Q88617, Q88728",Viruses,Ross river virus (strain T48),11032,Structural polyprotein,"Aedes, Culex annulirostris, Homo sapiens, Macropus sp.","7158, 162997, 9606, 9322",695,715,ECO:0000255,772,792,ECO:0000255,794,814,ECO:0000255,1232,1252,ECO:0000255,,,,,,,,,,,,,,,,,,,,,,,,,,,,,,,,,,,,,,,,,,,,,,,,,,,,,,
P08544,2303,P08544,"Q88583, Q88584, Q88585, Q88586, Q88587, Q88588, Q88589, Q88590, Q88591, Q88592",Viruses,Theiler's murine encephalomyelitis virus (strain BeAn 8386),12125,Genome polyprotein,Mus musculus,10090,,,,,,,,,,,,,,,,,,,,,,,,,,,,,,,,,,,,,,,,,,,,,,,,,,,,,,,,,,,,,,,,,,
P08545,2303,P08545,"Q88593, Q88594, Q88595",Viruses,Theiler's murine encephalomyelitis virus (strain GDVII),12127,Genome polyprotein,Mus musculus,10090,,,,,,,,,,,,,,,,,,,,,,,,,,,,,,,,,,,,,,,,,,,,,,,,,,,,,,,,,,,,,,,,,,
P08563,1063,P08563,"P21480, Q86373, Q86374, Q86375",Viruses,Rubella virus (strain M33),11043,Structural polyprotein,Homo sapiens,9606,535,555,ECO:0000269,1029,1049,ECO:0000269,,,,,,,,,,,,,,,,,,,,,,,,,,,,,,,,,,,,,,,,,,,,,,,,,,,,,,,,,,,,
P08617,2227,P08617,"P06443, P26580, P26581, P26582, Q81082, Q81094, Q8V405",Viruses,Human hepatitis A virus genotype IB (isolate HM175),12098,Genome polyprotein,"Cercopithecus hamlyni, Homo sapiens, Macaca, Pan troglodytes","9536, 9606, 9539, 9598",1011,1031,ECO:0000255,1462,1482,"ECO:0000255, ECO:0000269",,,,,,,,,,,,,,,,,,,,,,,,,,,,,,,,,,,,,,,,,,,,,,,,,,,,,,,,,,,,
P08768,1239,P08768,Q88678,Viruses,Eastern equine encephalitis virus,11021,Structural polyprotein,"Aedes, Homo sapiens, Passeriformes","7158, 9606, 9126",682,702,ECO:0000255,755,775,ECO:0000255,777,797,ECO:0000255,1216,1236,ECO:0000255,,,,,,,,,,,,,,,,,,,,,,,,,,,,,,,,,,,,,,,,,,,,,,,,,,,,,,
P09592,1254,P09592,"Q66593, Q66595, Q88691, Q88692, Q88693, Q88694, Q88695",Viruses,Venezuelan equine encephalitis virus (strain Trinidad donkey),11038,Structural polyprotein,"Bos taurus, Didelphis marsupialis, Equus asinus, Equus caballus, Homo sapiens, Melanoconion, Philander opossum, Proechimys, Sigmodon hispidus","9913, 9268, 9793, 9796, 9606, 53535, 9272, 10162, 42415",702,722,ECO:0000255,773,793,ECO:0000255,796,816,ECO:0000255,1225,1245,ECO:0000255,,,,,,,,,,,,,,,,,,,,,,,,,,,,,,,,,,,,,,,,,,,,,,,,,,,,,,
P09732,3412,P09732,"A3EZ58, Q88781, Q88782, Q88783, Q88784, Q88785, Q88786, Q88787, Q88788",Viruses,St. louis encephalitis virus (strain MS1-7),11081,Genome polyprotein,"Agelaius tricolor, Cardinalis cardinalis, Columba livia, Culex nigripalpus, Culex pipiens, Culex quinquefasciatus, Culex tarsalis, Cyanocitta cristata, Euphagus cyanocephalus, Haemorhous mexicanus, Homo sapiens, Mimus polyglottos, Passer domesticus, Turdus migratorius, Zenaida macroura","9191, 98964, 8932, 42429, 7175, 7176, 7177, 28727, 84817, 30427, 9606, 60713, 48849, 9188, 47245",109,129,ECO:0000255,248,268,ECO:0000255,274,288,ECO:0000305,742,762,ECO:0000255,769,789,ECO:0000255,1215,1235,ECO:0000255,1246,1266,ECO:0000255,1289,1303,ECO:0000255,1305,1325,ECO:0000255,1340,1360,ECO:0000255,1370,1390,ECO:0000255,1394,1414,ECO:0000255,2168,2188,ECO:0000255,2216,2236,ECO:0000255,2252,2266,ECO:0000255,2377,2397,ECO:0000255,2441,2461,ECO:0000255,2467,2487,ECO:0000255,,,,,,,,,,,,
P09866,3387,P09866,"Q88661, Q88662, Q88663, Q88664, Q88665, Q88666, Q88667, Q88668, Q88669, Q88670, Q88671, Q99BK4, Q9DKQ5, Q9DKQ6, Q9DKQ7",Viruses,Dengue virus type 4 (strain Dominica/814669/1981),408871,Genome polyprotein,"Aedes aegypti, Aedes albopictus, Aedes polynesiensis, Homo sapiens","7159, 7160, 188700, 9606",101,117,ECO:0000255,238,258,ECO:0000255,266,279,ECO:0000255,726,746,ECO:0000255,752,772,ECO:0000255,1195,1218,ECO:0000255,1225,1243,ECO:0000255,1268,1288,ECO:0000255,1290,1308,ECO:0000255,1317,1337,ECO:0000255,1346,1366,ECO:0000255,1370,1390,ECO:0000255,2144,2164,ECO:0000255,2192,2212,ECO:0000255,2226,2246,ECO:0000255,2344,2364,ECO:0000255,2410,2430,ECO:0000255,2456,2476,ECO:0000255,,,,,,,,,,,,
P09992,558,P09992,Q49K86,Viruses,Lymphocytic choriomeningitis virus (strain Armstrong),11624,Nucleoprotein,"Homo sapiens, Mesocricetus auratus, Mus musculus","9606, 10036, 10090",,,,,,,,,,,,,,,,,,,,,,,,,,,,,,,,,,,,,,,,,,,,,,,,,,,,,,,,,,,,,,,,,,
P0C210,651,P0C210,,Viruses,Human T-cell leukemia virus 1 (isolate Melanesia mel5 subtype C),402046,Gag-Pro polyprotein,Homo sapiens,9606,,,,,,,,,,,,,,,,,,,,,,,,,,,,,,,,,,,,,,,,,,,,,,,,,,,,,,,,,,,,,,,,,,
P0C211,1462,P0C211,,Viruses,Human T-cell leukemia virus 1 (isolate Melanesia mel5 subtype C),402046,Gag-Pro-Pol polyprotein,Homo sapiens,9606,,,,,,,,,,,,,,,,,,,,,,,,,,,,,,,,,,,,,,,,,,,,,,,,,,,,,,,,,,,,,,,,,,
P0C6F2,1435,P0C6F2,,Viruses,Human immunodeficiency virus type 1 group M subtype B (isolate LW123),82834,Gag-Pol polyprotein,Homo sapiens,9606,,,,,,,,,,,,,,,,,,,,,,,,,,,,,,,,,,,,,,,,,,,,,,,,,,,,,,,,,,,,,,,,,,
P0C6F3,4569,P0C6F3,P18458,Viruses,Berne virus,11156,Replicase polyprotein 1a,Equus caballus,9796,2303,2323,ECO:0000255,2330,2350,ECO:0000255,2385,2405,ECO:0000255,2535,2555,ECO:0000255,2639,2659,ECO:0000255,2664,2684,ECO:0000255,2889,2909,ECO:0000255,3057,3077,ECO:0000255,3106,3126,ECO:0000255,3142,3162,ECO:0000255,3556,3575,ECO:0000255,3580,3602,ECO:0000255,3611,3631,ECO:0000255,3640,3660,ECO:0000255,3663,3683,ECO:0000255,3698,3718,ECO:0000255,3723,3738,ECO:0000255,,,,,,,,,,,,,,,
P0C6T4,4434,P0C6T4,A3EX93,Viruses,Bat coronavirus HKU4,694007,Replicase polyprotein 1a,Tylonycteris pachypus,258959,2145,2165,ECO:0000255,2222,2242,ECO:0000255,2326,2346,ECO:0000255,2350,2370,ECO:0000255,2375,2395,ECO:0000255,2800,2820,ECO:0000255,3072,3092,ECO:0000255,3105,3125,ECO:0000255,3149,3169,ECO:0000255,3603,3623,ECO:0000255,3637,3657,ECO:0000255,3662,3682,ECO:0000255,3707,3727,ECO:0000255,3735,3755,ECO:0000255,3784,3804,ECO:0000255,3808,3828,ECO:0000255,,,,,,,,,,,,,,,,,,
P0C6U2,4085,P0C6U2,Q05002,Viruses,Human coronavirus 229E,11137,Replicase polyprotein 1a,Homo sapiens,9606,1998,2018,ECO:0000255,2068,2088,ECO:0000255,2095,2115,ECO:0000255,2491,2511,ECO:0000255,2755,2775,ECO:0000255,2782,2802,ECO:0000255,2809,2829,ECO:0000255,2834,2854,ECO:0000255,3281,3301,ECO:0000255,3304,3324,ECO:0000255,3328,3348,ECO:0000255,3367,3387,ECO:0000255,3401,3421,ECO:0000255,3422,3442,ECO:0000255,3467,3487,ECO:0000255,,,,,,,,,,,,,,,,,,,,,
P0C6U3,4471,P0C6U3,Q5MQD2,Viruses,Human coronavirus HKU1 (isolate N1),443239,Replicase polyprotein 1a,Homo sapiens,9606,2226,2246,ECO:0000255,2287,2307,ECO:0000255,2318,2338,ECO:0000255,2401,2421,ECO:0000255,2443,2463,ECO:0000255,2844,2864,ECO:0000255,3119,3139,ECO:0000255,3151,3171,ECO:0000255,3178,3198,ECO:0000255,3203,3223,ECO:0000255,3651,3671,ECO:0000255,3676,3696,ECO:0000255,3701,3721,ECO:0000255,3744,3764,ECO:0000255,3772,3792,ECO:0000255,3800,3820,ECO:0000255,3843,3863,ECO:0000255,,,,,,,,,,,,,,,
P0C6U6,4060,P0C6U6,Q6Q1S3,Viruses,Human coronavirus NL63,277944,Replicase polyprotein 1a,Homo sapiens,9606,1903,1923,ECO:0000255,1968,1988,ECO:0000255,2050,2070,ECO:0000255,2073,2093,ECO:0000255,2111,2131,ECO:0000255,2468,2488,ECO:0000255,2727,2747,ECO:0000255,2752,2769,ECO:0000255,2772,2792,ECO:0000255,2800,2820,ECO:0000255,3254,3274,ECO:0000255,3279,3299,ECO:0000255,3303,3323,ECO:0000255,3342,3362,ECO:0000255,3376,3396,ECO:0000255,3397,3417,ECO:0000255,3442,3462,ECO:0000255,,,,,,,,,,,,,,,
P0C6U7,4383,P0C6U7,Q9WAC3,Viruses,Human coronavirus OC43,31631,Replicase polyprotein 1a,Homo sapiens,9606,2138,2158,ECO:0000255,2199,2219,ECO:0000255,2221,2241,ECO:0000255,2313,2333,ECO:0000255,2343,2363,ECO:0000255,2365,2385,ECO:0000255,2752,2772,ECO:0000255,3031,3051,ECO:0000255,3063,3083,ECO:0000255,3090,3110,ECO:0000255,3115,3135,ECO:0000255,3558,3578,ECO:0000255,3588,3608,ECO:0000255,3615,3635,ECO:0000255,3657,3677,ECO:0000255,3684,3704,ECO:0000255,3711,3731,ECO:0000255,3755,3775,ECO:0000255,,,,,,,,,,,,
P0C6U8,4382,P0C6U8,P59641,Viruses,Severe acute respiratory syndrome coronavirus,694009,Replicase polyprotein 1a,"Homo sapiens, Paguma larvata","9606, 9675",2203,2223,ECO:0000305,2304,2324,ECO:0000305,2755,2775,ECO:0000305,3022,3042,ECO:0000305,3077,3097,ECO:0000305,3105,3125,ECO:0000305,3564,3584,ECO:0000305,3586,3606,ECO:0000305,3612,3632,ECO:0000305,3658,3678,ECO:0000305,3728,3748,ECO:0000305,3756,3776,ECO:0000305,,,,,,,,,,,,,,,,,,,,,,,,,,,,,,
P0C6V0,4468,P0C6V0,P16342,Viruses,Murine coronavirus (strain A59),11142,Replicase polyprotein 1a,Mus musculus,10090,2286,2306,ECO:0000255,2314,2334,ECO:0000255,2400,2420,ECO:0000255,2442,2462,ECO:0000255,2625,2645,ECO:0000255,2847,2867,ECO:0000255,3118,3138,ECO:0000255,3150,3170,ECO:0000255,3177,3197,ECO:0000255,3202,3222,ECO:0000255,3644,3664,ECO:0000255,3674,3694,ECO:0000255,3699,3719,ECO:0000255,3742,3762,ECO:0000255,3769,3789,ECO:0000255,3796,3816,ECO:0000255,3840,3860,ECO:0000255,,,,,,,,,,,,,,,
P0C6V1,4474,P0C6V1,P19751,Viruses,Murine coronavirus (strain JHM),11144,Replicase polyprotein 1a,Mus musculus,10090,2289,2309,ECO:0000255,2320,2340,ECO:0000255,2403,2423,ECO:0000255,2445,2465,ECO:0000255,2846,2866,ECO:0000255,3121,3141,ECO:0000255,3153,3173,ECO:0000255,3180,3200,ECO:0000255,3205,3225,ECO:0000255,3648,3668,ECO:0000255,3678,3698,ECO:0000255,3705,3725,ECO:0000255,3748,3768,ECO:0000255,3775,3795,ECO:0000255,3802,3822,ECO:0000255,3846,3866,ECO:0000255,,,,,,,,,,,,,,,,,,
P0C6V2,4017,P0C6V2,Q9IW06,Viruses,Porcine transmissible gastroenteritis coronavirus (strain Purdue),11151,Replicase polyprotein 1a,Sus scrofa,9823,1896,1916,ECO:0000255,1995,2015,ECO:0000255,2033,2053,ECO:0000255,2401,2420,ECO:0000255,2666,2686,ECO:0000255,2695,2715,ECO:0000255,2721,2741,ECO:0000255,2746,2766,ECO:0000255,3187,3207,ECO:0000255,3217,3237,ECO:0000255,3242,3262,ECO:0000255,3280,3300,ECO:0000255,3313,3333,ECO:0000255,3347,3367,ECO:0000255,3371,3391,ECO:0000255,3394,3414,ECO:0000255,,,,,,,,,,,,,,,,,,
P0C6V6,4117,P0C6V6,Q91AV2,Viruses,Porcine epidemic diarrhea virus (strain CV777),229032,Replicase polyprotein 1a,Sus scrofa,9823,1959,1979,ECO:0000255,2022,2042,ECO:0000255,2105,2125,ECO:0000255,2127,2147,ECO:0000255,2150,2170,ECO:0000255,2528,2548,ECO:0000255,2787,2807,ECO:0000255,2814,2834,ECO:0000255,2863,2883,ECO:0000255,3336,3356,ECO:0000255,3361,3381,ECO:0000255,3399,3419,ECO:0000255,3431,3451,ECO:0000255,3454,3474,ECO:0000255,3476,3496,ECO:0000255,3500,3520,ECO:0000255,,,,,,,,,,,,,,,,,,
P0C6V7,6857,P0C6V7,"P18458, Q1WFM5, Q65826, Q65827",Viruses,Berne virus,11156,Replicase polyprotein 1ab,Equus caballus,9796,2303,2323,ECO:0000255,2330,2350,ECO:0000255,2385,2405,ECO:0000255,2535,2555,ECO:0000255,2639,2659,ECO:0000255,2664,2684,ECO:0000255,2889,2909,ECO:0000255,3057,3077,ECO:0000255,3106,3126,ECO:0000255,3142,3162,ECO:0000255,3556,3575,ECO:0000255,3580,3602,ECO:0000255,3611,3631,ECO:0000255,3640,3660,ECO:0000255,3663,3683,ECO:0000255,3698,3718,ECO:0000255,3723,3738,ECO:0000255,,,,,,,,,,,,,,,
P0C6W3,7119,P0C6W3,A3EX93,Viruses,Bat coronavirus HKU4,694007,Replicase polyprotein 1ab,Tylonycteris pachypus,258959,2112,2132,ECO:0000255,2145,2165,ECO:0000255,2222,2242,ECO:0000255,2326,2346,ECO:0000255,2350,2370,ECO:0000255,2375,2395,ECO:0000255,2800,2820,ECO:0000255,3072,3092,ECO:0000255,3105,3125,ECO:0000255,3149,3169,ECO:0000255,3603,3623,ECO:0000255,3637,3657,ECO:0000255,3662,3682,ECO:0000255,3707,3727,ECO:0000255,3735,3755,ECO:0000255,3784,3804,ECO:0000255,3808,3828,ECO:0000255,,,,,,,,,,,,,,,
P0C6W5,6930,P0C6W5,A3EXG5,Viruses,Bat coronavirus HKU9,694006,Replicase polyprotein 1ab,Rousettus leschenaultii,9408,2015,2035,ECO:0000255,2040,2060,ECO:0000255,2081,2101,ECO:0000255,2162,2182,ECO:0000255,2183,2203,ECO:0000255,2218,2238,ECO:0000255,2621,2641,ECO:0000255,2887,2907,ECO:0000255,2916,2936,ECO:0000255,2946,2966,ECO:0000255,2970,2990,ECO:0000255,3423,3443,ECO:0000255,3449,3469,ECO:0000255,3474,3494,ECO:0000255,3517,3537,ECO:0000255,3569,3589,ECO:0000255,3592,3612,ECO:0000255,3620,3640,ECO:0000255,,,,,,,,,,,,
P0C6X1,6758,P0C6X1,"Q05002, Q9DLN0, Q9DLN1",Viruses,Human coronavirus 229E,11137,Replicase polyprotein 1ab,Homo sapiens,9606,1925,1945,ECO:0000255,1998,2018,ECO:0000255,2068,2088,ECO:0000255,2095,2115,ECO:0000255,2491,2511,ECO:0000255,2755,2775,ECO:0000255,2782,2802,ECO:0000255,2809,2829,ECO:0000255,2834,2854,ECO:0000255,3281,3301,ECO:0000255,3304,3324,ECO:0000255,3328,3348,ECO:0000255,3367,3387,ECO:0000255,3401,3421,ECO:0000255,3422,3442,ECO:0000255,3467,3487,ECO:0000255,,,,,,,,,,,,,,,,,,
P0C6X5,6729,P0C6X5,Q6Q1S3,Viruses,Human coronavirus NL63,277944,Replicase polyprotein 1ab,Homo sapiens,9606,1903,1923,ECO:0000255,1968,1988,ECO:0000255,2050,2070,ECO:0000255,2073,2093,ECO:0000255,2111,2131,ECO:0000255,2468,2488,ECO:0000255,2727,2747,ECO:0000255,2752,2769,ECO:0000255,2772,2792,ECO:0000255,2800,2820,ECO:0000255,3254,3274,ECO:0000255,3279,3299,ECO:0000255,3303,3323,ECO:0000255,3342,3362,ECO:0000255,3376,3396,ECO:0000255,3397,3417,ECO:0000255,3442,3462,ECO:0000255,,,,,,,,,,,,,,,
P0C6X6,7095,P0C6X6,"Q4VID8, Q4VIE7, Q696Q1, Q6TNG2, Q9WAC3",Viruses,Human coronavirus OC43,31631,Replicase polyprotein 1ab,Homo sapiens,9606,2138,2158,ECO:0000255,2199,2219,ECO:0000255,2221,2241,ECO:0000255,2313,2333,ECO:0000255,2343,2363,ECO:0000255,2365,2385,ECO:0000255,2752,2772,ECO:0000255,3031,3051,ECO:0000255,3063,3083,ECO:0000255,3090,3110,ECO:0000255,3115,3135,ECO:0000255,3558,3578,ECO:0000255,3588,3608,ECO:0000255,3615,3635,ECO:0000255,3657,3677,ECO:0000255,3684,3704,ECO:0000255,3711,3731,ECO:0000255,3755,3775,ECO:0000255,,,,,,,,,,,,
P0C6X7,7073,P0C6X7,"P59641, Q6WGN0, Q7T697, Q808C0, Q80BV7, Q80BV8, Q80E51",Viruses,Severe acute respiratory syndrome coronavirus,694009,Replicase polyprotein 1ab,"Homo sapiens, Paguma larvata","9606, 9675",2203,2223,ECO:0000305,2304,2324,ECO:0000305,2755,2775,ECO:0000305,3022,3042,ECO:0000305,3077,3097,ECO:0000305,3105,3125,ECO:0000305,3564,3584,ECO:0000305,3586,3606,ECO:0000305,3612,3632,ECO:0000305,3658,3678,ECO:0000305,3728,3748,ECO:0000305,3756,3776,ECO:0000305,,,,,,,,,,,,,,,,,,,,,,,,,,,,,,
P0C6X9,7176,P0C6X9,"O39225, O39226, P16342, P19750",Viruses,Murine coronavirus (strain A59),11142,Replicase polyprotein 1ab,Mus musculus,10090,2225,2245,ECO:0000255,2286,2306,ECO:0000255,2314,2334,ECO:0000255,2400,2420,ECO:0000255,2442,2462,ECO:0000255,2625,2645,ECO:0000255,2847,2867,ECO:0000255,3118,3138,ECO:0000255,3150,3170,ECO:0000255,3177,3197,ECO:0000255,3202,3222,ECO:0000255,3644,3664,ECO:0000255,3674,3694,ECO:0000255,3699,3719,ECO:0000255,3742,3762,ECO:0000255,3769,3789,ECO:0000255,3796,3816,ECO:0000255,3840,3860,ECO:0000255,,,,,,,,,,,,
P0C6Y0,7180,P0C6Y0,"P19751, P29982, Q66194, Q90045",Viruses,Murine coronavirus (strain JHM),11144,Replicase polyprotein 1ab,Mus musculus,10090,2228,2248,ECO:0000255,2289,2309,ECO:0000255,2320,2340,ECO:0000255,2403,2423,ECO:0000255,2445,2465,ECO:0000255,2846,2866,ECO:0000255,3121,3141,ECO:0000255,3153,3173,ECO:0000255,3180,3200,ECO:0000255,3205,3225,ECO:0000255,3648,3668,ECO:0000255,3678,3698,ECO:0000255,3705,3725,ECO:0000255,3748,3768,ECO:0000255,3775,3795,ECO:0000255,3802,3822,ECO:0000255,3846,3866,ECO:0000255,,,,,,,,,,,,,,,
P0C6Y4,6781,P0C6Y4,Q91AV2,Viruses,Porcine epidemic diarrhea virus (strain CV777),229032,Replicase polyprotein 1ab,Sus scrofa,9823,1959,1979,ECO:0000255,2022,2042,ECO:0000255,2105,2125,ECO:0000255,2127,2147,ECO:0000255,2150,2170,ECO:0000255,2528,2548,ECO:0000255,2787,2807,ECO:0000255,2814,2834,ECO:0000255,2863,2883,ECO:0000255,3336,3356,ECO:0000255,3361,3381,ECO:0000255,3399,3419,ECO:0000255,3431,3451,ECO:0000255,3454,3474,ECO:0000255,3476,3496,ECO:0000255,3500,3520,ECO:0000255,,,,,,,,,,,,,,,,,,
P0C6Y5,6684,P0C6Y5,"Q88508, Q9IW05, Q9IW06",Viruses,Porcine transmissible gastroenteritis coronavirus (strain Purdue),11151,Replicase polyprotein 1ab,Sus scrofa,9823,1896,1916,ECO:0000255,1995,2015,ECO:0000255,2033,2053,ECO:0000255,2401,2421,ECO:0000255,2666,2686,ECO:0000255,2695,2715,ECO:0000255,2721,2741,ECO:0000255,2746,2766,ECO:0000255,3187,3207,ECO:0000255,3217,3237,ECO:0000255,3242,3262,ECO:0000255,3280,3300,ECO:0000255,3313,3333,ECO:0000255,3347,3367,ECO:0000255,3371,3391,ECO:0000255,3394,3414,ECO:0000255,,,,,,,,,,,,,,,,,,
P0C797,370,P0C797,Q01552,Viruses,Borna disease virus (strain V),928296,Nucleoprotein,"Bos taurus, Bradypodidae, Capra hircus, Cervidae, Crocidura leucodon, Equidae, Felis catus, Hexaprotodon liberiensis, Lama glama, Oryctolagus cuniculus, Ovis aries, Struthio camelus, Varecia variegata, Vicugna pacos","9913, 9352, 9925, 9850, 109474, 9788, 9685, 56798, 9844, 9986, 9940, 8801, 9455, 30538",,,,,,,,,,,,,,,,,,,,,,,,,,,,,,,,,,,,,,,,,,,,,,,,,,,,,,,,,,,,,,,,,,
P0DJY0,1268,P0DJY0,,Viruses,Porcine reproductive and respiratory syndrome virus (isolate Pig/United States/SD 01-08/2001),857306,Truncated polyprotein 1aTF,Sus scrofa,9823,1119,1139,ECO:0000255,1153,1173,ECO:0000255,1194,1214,ECO:0000255,1233,1253,ECO:0000255,,,,,,,,,,,,,,,,,,,,,,,,,,,,,,,,,,,,,,,,,,,,,,,,,,,,,,
P0DJZ6,830,P0DJZ6,,Viruses,Semliki forest virus,11033,Frameshifted structural polyprotein,"Aedes, Atelerix albiventris, Culex tritaeniorhynchus, Halcyon, Homo sapiens, Quelea, Rhipicephalus","7158, 9368, 7178, 170865, 9606, 158617, 34630",702,722,ECO:0000255,771,791,ECO:0000255,793,813,ECO:0000255,,,,,,,,,,,,,,,,,,,,,,,,,,,,,,,,,,,,,,,,,,,,,,,,,,,,,,,,,
P0DOH8,1198,P0DOH8,,Viruses,Japanese encephalitis virus (strain Jaoars982),11075,Structural polyprotein,"Ardeidae, Bos taurus, Culex gelidus, Culex tritaeniorhynchus, Equus caballus, Homo sapiens, Sus scrofa","8899, 9913, 308713, 7178, 9796, 9606, 9823",110,130,ECO:0000255,254,274,ECO:0000255,280,294,ECO:0000305,747,767,ECO:0000255,774,794,ECO:0000255,,,,,,,,,,,,,,,,,,,,,,,,,,,,,,,,,,,,,,,,,,,,,,,,,,,
P0DOI1,571,P0DOI1,,Viruses,Bovine leukemia virus (isolate Australian),11903,Gag-Pro polyprotein,Bos taurus,9913,,,,,,,,,,,,,,,,,,,,,,,,,,,,,,,,,,,,,,,,,,,,,,,,,,,,,,,,,,,,,,,,,,
P0DOK0,821,P0DOK0,,Viruses,Sindbis virus,11034,Frameshifted structural polyprotein,"Acrocephalus scirpaceus, Aedes, Culex, Homo sapiens, Motacilla alba, Streptopelia turtur","48156, 7158, 53527, 9606, 45807, 177155",696,716,ECO:0000255,726,746,ECO:0000255,764,784,ECO:0000255,,,,,,,,,,,,,,,,,,,,,,,,,,,,,,,,,,,,,,,,,,,,,,,,,,,,,,,,,
P0DOK1,824,P0DOK1,,Viruses,Chikungunya virus (strain S27-African prototype),371094,Frameshifted structural polyprotein,"Aedes aegypti, Aedes albopictus, Aedes furcifer, Aedes polynesiensis, Cercopithecus, Homo sapiens, Macaca, Pan troglodytes, Papio, Presbytis","7159, 7160, 299627, 188700, 9533, 9606, 9539, 9598, 9554, 9573",693,713,ECO:0000255,764,784,ECO:0000255,,,,,,,,,,,,,,,,,,,,,,,,,,,,,,,,,,,,,,,,,,,,,,,,,,,,,,,,,,,,
P0DTC1,4405,P0DTC1,,Viruses,Severe acute respiratory syndrome coronavirus 2,2697049,Replicase polyprotein 1a,Homo sapiens,9606,2226,2246,ECO:0000255,2318,2338,ECO:0000255,2776,2796,ECO:0000255,3045,3065,ECO:0000255,3100,3120,ECO:0000255,3128,3148,ECO:0000255,3587,3607,ECO:0000255,3609,3629,ECO:0000255,3635,3655,ECO:0000255,3674,3694,ECO:0000255,3730,3750,ECO:0000255,3779,3799,ECO:0000255,,,,,,,,,,,,,,,,,,,,,,,,,,,,,,
P0DTD1,7096,P0DTD1,,Viruses,Severe acute respiratory syndrome coronavirus 2,2697049,Replicase polyprotein 1ab,Homo sapiens,9606,2226,2246,ECO:0000255,2318,2338,ECO:0000255,2776,2796,ECO:0000255,3045,3065,ECO:0000255,3100,3120,ECO:0000255,3128,3148,ECO:0000255,3587,3607,ECO:0000255,3609,3629,ECO:0000255,3635,3655,ECO:0000255,3674,3694,ECO:0000255,3730,3750,ECO:0000255,3779,3799,ECO:0000255,,,,,,,,,,,,,,,,,,,,,,,,,,,,,,
P0DW82,245,P0DW82,,Viruses,SFTS phlebovirus (isolate SFTSV/Human/China/HB29/2010),992212,Nucleoprotein,"Haemaphysalis longicornis, Homo sapiens","44386, 9606",,,,,,,,,,,,,,,,,,,,,,,,,,,,,,,,,,,,,,,,,,,,,,,,,,,,,,,,,,,,,,,,,,
P0DXN6,525,P0DXN6,"O92927, Q77M21, Q77M26, Q77M32, Q783Q8, Q83520, Q83523, Q83526, Q83726, Q89890, Q89933, Q91QN7, Q9IC39",Viruses,Measles virus (strain Edmonston B),70146,Nucleoprotein,Homo sapiens,9606,,,,,,,,,,,,,,,,,,,,,,,,,,,,,,,,,,,,,,,,,,,,,,,,,,,,,,,,,,,,,,,,,,
P10210,635,P10210,O09798,Viruses,Human herpesvirus 1 (strain 17),10299,Capsid scaffolding protein,Homo sapiens,9606,,,,,,,,,,,,,,,,,,,,,,,,,,,,,,,,,,,,,,,,,,,,,,,,,,,,,,,,,,,,,,,,,,
P10220,3164,P10220,"B9VQG4, Q09I97",Viruses,Human herpesvirus 1 (strain 17),10299,Large tegument protein deneddylase,Homo sapiens,9606,,,,,,,,,,,,,,,,,,,,,,,,,,,,,,,,,,,,,,,,,,,,,,,,,,,,,,,,,,,,,,,,,,
P10258,591,P10258,,Viruses,Mouse mammary tumor virus (strain BR6),11758,Gag polyprotein,Mus musculus,10090,,,,,,,,,,,,,,,,,,,,,,,,,,,,,,,,,,,,,,,,,,,,,,,,,,,,,,,,,,,,,,,,,,
P10271,860,P10271,,Viruses,Mouse mammary tumor virus (strain BR6),11758,Gag-Pro polyprotein,Mus musculus,10090,,,,,,,,,,,,,,,,,,,,,,,,,,,,,,,,,,,,,,,,,,,,,,,,,,,,,,,,,,,,,,,,,,
P10274,651,P10274,,Viruses,Human T-cell leukemia virus 1 (strain Japan ATK-1 subtype A),11926,Gag-Pro polyprotein,Homo sapiens,9606,,,,,,,,,,,,,,,,,,,,,,,,,,,,,,,,,,,,,,,,,,,,,,,,,,,,,,,,,,,,,,,,,,
P11077,708,P11077,"Q85657, Q8QR20",Viruses,Reovirus type 1 (strain Lang),10884,Outer capsid protein mu-1,Mammalia,40674,,,,,,,,,,,,,,,,,,,,,,,,,,,,,,,,,,,,,,,,,,,,,,,,,,,,,,,,,,,,,,,,,,
P11078,708,P11078,"A4ZY24, P17701",Viruses,Reovirus type 3 (strain Dearing),10886,Outer capsid protein mu-1,Mammalia,40674,,,,,,,,,,,,,,,,,,,,,,,,,,,,,,,,,,,,,,,,,,,,,,,,,,,,,,,,,,,,,,,,,,
P11079,1289,P11079,A4ZY21,Viruses,Reovirus type 3 (strain Dearing),10886,Outer capsid protein lambda-2,Mammalia,40674,,,,,,,,,,,,,,,,,,,,,,,,,,,,,,,,,,,,,,,,,,,,,,,,,,,,,,,,,,,,,,,,,,
P11193,775,P11193,"Q05334, Q86202",Viruses,Rotavirus A (strain RVA/Human/United States/Wa/1974/G1P1A[8]),10962,Outer capsid protein VP4,Homo sapiens,9606,,,,,,,,,,,,,,,,,,,,,,,,,,,,,,,,,,,,,,,,,,,,,,,,,,,,,,,,,,,,,,,,,,
P11204,1146,P11204,,Viruses,Equine infectious anemia virus (isolate 1369),11670,Pol polyprotein,"Equus asinus, Equus caballus","9793, 9796",,,,,,,,,,,,,,,,,,,,,,,,,,,,,,,,,,,,,,,,,,,,,,,,,,,,,,,,,,,,,,,,,,
P11269,537,P11269,,Viruses,Radiation murine leukemia virus,11787,Gag polyprotein,Mus musculus,10090,,,,,,,,,,,,,,,,,,,,,,,,,,,,,,,,,,,,,,,,,,,,,,,,,,,,,,,,,,,,,,,,,,
P11283,1755,P11283,Q9IZT3,Viruses,Mouse mammary tumor virus (strain C3H),11759,Gag-Pro-Pol polyprotein,Mus musculus,10090,,,,,,,,,,,,,,,,,,,,,,,,,,,,,,,,,,,,,,,,,,,,,,,,,,,,,,,,,,,,,,,,,,
P11284,591,P11284,Q9IZT1,Viruses,Mouse mammary tumor virus (strain C3H),11759,Gag polyprotein,Mus musculus,10090,,,,,,,,,,,,,,,,,,,,,,,,,,,,,,,,,,,,,,,,,,,,,,,,,,,,,,,,,,,,,,,,,,
P12296,2293,P12296,Q2V6G9,Viruses,Mengo encephalomyocarditis virus,12107,Genome polyprotein,"Homo sapiens, Macaca mulatta, Mus musculus","9606, 9544, 10090",,,,,,,,,,,,,,,,,,,,,,,,,,,,,,,,,,,,,,,,,,,,,,,,,,,,,,,,,,,,,,,,,,
P12473,776,P12473,"P11201, Q86214, Q86215, Q91HI9",Viruses,Rotavirus A (strain RVA/Monkey/United States/RRV/1975/G3P5B[3]),444185,Outer capsid protein VP4,Macaca mulatta,9544,,,,,,,,,,,,,,,,,,,,,,,,,,,,,,,,,,,,,,,,,,,,,,,,,,,,,,,,,,,,,,,,,,
P12493,500,P12493,,Viruses,Human immunodeficiency virus type 1 group M subtype B (isolate NY5),11698,Gag polyprotein,Homo sapiens,9606,,,,,,,,,,,,,,,,,,,,,,,,,,,,,,,,,,,,,,,,,,,,,,,,,,,,,,,,,,,,,,,,,,
P12495,501,P12495,,Viruses,Human immunodeficiency virus type 1 group M subtype D (isolate Z2/CDC-Z34),11683,Gag polyprotein,Homo sapiens,9606,,,,,,,,,,,,,,,,,,,,,,,,,,,,,,,,,,,,,,,,,,,,,,,,,,,,,,,,,,,,,,,,,,
P12497,1435,P12497,,Viruses,Human immunodeficiency virus type 1 group M subtype B (isolate NY5),11698,Gag-Pol polyprotein,Homo sapiens,9606,,,,,,,,,,,,,,,,,,,,,,,,,,,,,,,,,,,,,,,,,,,,,,,,,,,,,,,,,,,,,,,,,,
P12499,1436,P12499,,Viruses,Human immunodeficiency virus type 1 group M subtype D (isolate Z2/CDC-Z34),11683,Gag-Pol polyprotein,Homo sapiens,9606,,,,,,,,,,,,,,,,,,,,,,,,,,,,,,,,,,,,,,,,,,,,,,,,,,,,,,,,,,,,,,,,,,
P12576,2183,P12576,,Viruses,Measles virus (strain Edmonston),11235,RNA-directed RNA polymerase L,Homo sapiens,9606,,,,,,,,,,,,,,,,,,,,,,,,,,,,,,,,,,,,,,,,,,,,,,,,,,,,,,,,,,,,,,,,,,
P12823,3388,P12823,"Q88646, Q88647, Q88648, Q88649, Q88650, Q88651, Q88652, Q88653, Q88654, Q88655",Viruses,Dengue virus type 2 (strain Puerto Rico/PR159-S1/1969),11066,Genome polyprotein,"Aedimorphus, Diceromyia, Erythrocebus patas, Homo sapiens, Stegomyia","53540, 53539, 9538, 9606, 53541",102,122,ECO:0000255,239,259,ECO:0000255,266,280,ECO:0000255,726,746,ECO:0000255,753,773,ECO:0000255,1196,1220,ECO:0000255,1227,1245,ECO:0000255,1270,1290,ECO:0000255,1292,1310,ECO:0000255,1318,1338,ECO:0000255,1347,1367,ECO:0000255,1371,1391,ECO:0000255,2145,2165,ECO:0000255,2190,2210,ECO:0000255,2226,2246,ECO:0000255,2345,2365,ECO:0000255,2411,2431,ECO:0000255,2457,2477,ECO:0000255,,,,,,,,,,,,
P12908,319,P12908,,Viruses,Murine polyomavirus (strain Crawford small-plaque),10637,Minor capsid protein VP2,Mus musculus,10090,287,307,ECO:0000255,,,,,,,,,,,,,,,,,,,,,,,,,,,,,,,,,,,,,,,,,,,,,,,,,,,,,,,,,,,,,,,
P12915,2175,P12915,,Viruses,Bovine enterovirus (strain VG-5-27),12065,Genome polyprotein,Bos taurus,9913,,,,,,,,,,,,,,,,,,,,,,,,,,,,,,,,,,,,,,,,,,,,,,,,,,,,,,,,,,,,,,,,,,
P12916,2157,P12916,"Q82106, Q82107, Q82108, Q82109, Q82110, Q82111, Q82112, Q82113, Q82114, Q82115, Q89704",Viruses,Human rhinovirus 1B,2777147,Genome polyprotein,Homo sapiens,9606,,,,,,,,,,,,,,,,,,,,,,,,,,,,,,,,,,,,,,,,,,,,,,,,,,,,,,,,,,,,,,,,,,
P13699,569,P13699,,Viruses,Lassa virus (strain Mouse/Sierra Leone/Josiah/1976),11622,Nucleoprotein,"Homo sapiens, Mastomys natalensis","9606, 10112",,,,,,,,,,,,,,,,,,,,,,,,,,,,,,,,,,,,,,,,,,,,,,,,,,,,,,,,,,,,,,,,,,
P13888,2481,P13888,C9DZM0,Viruses,Ross river virus (strain T48),11032,Polyprotein nsP1234,"Aedes, Culex annulirostris, Homo sapiens, Macropus sp.","7158, 162997, 9606, 9322",,,,,,,,,,,,,,,,,,,,,,,,,,,,,,,,,,,,,,,,,,,,,,,,,,,,,,,,,,,,,,,,,,
P13897,1236,P13897,"Q88696, Q88697, Q88698, Q88699, Q88700",Viruses,Western equine encephalitis virus,11039,Structural polyprotein,"Aedes, Anopheles, Culex tarsalis, Haemorhous mexicanus, Homo sapiens, Lepus americanus, Lithobates pipiens, Passer domesticus, Thamnophis, Urocitellus richardsonii","7158, 7164, 7177, 30427, 9606, 48086, 8404, 48849, 34999, 37591",688,708,ECO:0000255,768,788,ECO:0000255,789,809,ECO:0000255,1206,1226,ECO:0000255,,,,,,,,,,,,,,,,,,,,,,,,,,,,,,,,,,,,,,,,,,,,,,,,,,,,,,
P13899,2301,P13899,"Q88564, Q88565, Q88566, Q88567, Q88568, Q88569, Q88570, Q88571, Q88572, Q88573, Q88574, Q89580, S4UVR9",Viruses,Theiler's murine encephalomyelitis virus (strain DA),12126,Genome polyprotein,Mus musculus,10090,,,,,,,,,,,,,,,,,,,,,,,,,,,,,,,,,,,,,,,,,,,,,,,,,,,,,,,,,,,,,,,,,,
P13900,2185,P13900,"Q84794, Q84795, Q84796, Q84797, Q84798, Q84799, Q84800, Q84801, Q84802, Q84803, Q84804",Viruses,Swine vesicular disease virus (strain UKG/27/72),12077,Genome polyprotein,Sus scrofa,9823,,,,,,,,,,,,,,,,,,,,,,,,,,,,,,,,,,,,,,,,,,,,,,,,,,,,,,,,,,,,,,,,,,
P13901,2227,P13901,"Q81083, Q81084, Q81085, Q81086, Q81087, Q81088, Q81089, Q81090, Q81091, Q81092, Q81093",Viruses,Human hepatitis A virus genotype IB (isolate MBB),12100,Genome polyprotein,"Cercopithecus hamlyni, Homo sapiens, Macaca, Pan troglodytes","9536, 9606, 9539, 9598",1010,1030,ECO:0000255,1462,1482,ECO:0000255,,,,,,,,,,,,,,,,,,,,,,,,,,,,,,,,,,,,,,,,,,,,,,,,,,,,,,,,,,,,
P14077,429,P14077,,Viruses,Human T-cell leukemia virus 1 (strain Japan MT-2 subtype A),11928,Gag polyprotein,Homo sapiens,9606,,,,,,,,,,,,,,,,,,,,,,,,,,,,,,,,,,,,,,,,,,,,,,,,,,,,,,,,,,,,,,,,,,
P14078,1462,P14078,O56228,Viruses,Human T-cell leukemia virus 1 (isolate Caribbea HS-35 subtype A),11927,Gag-Pro-Pol polyprotein,Homo sapiens,9606,,,,,,,,,,,,,,,,,,,,,,,,,,,,,,,,,,,,,,,,,,,,,,,,,,,,,,,,,,,,,,,,,,
P14240,2210,P14240,"Q27V69, Q49K84",Viruses,Lymphocytic choriomeningitis virus (strain Armstrong),11624,RNA-directed RNA polymerase L,"Homo sapiens, Mesocricetus auratus, Mus musculus","9606, 10036, 10090",,,,,,,,,,,,,,,,,,,,,,,,,,,,,,,,,,,,,,,,,,,,,,,,,,,,,,,,,,,,,,,,,,
P14335,3433,P14335,"Q7T4P4, Q7T4P5, Q82983",Viruses,Kunjin virus (strain MRM61C),11078,Genome polyprotein,"Ciconiiformes, Culex annulirostris, Equus caballus, Homo sapiens","8920, 162997, 9796, 9606",106,126,ECO:0000255,249,269,ECO:0000255,274,290,ECO:0000305,744,764,ECO:0000255,771,791,ECO:0000255,1217,1237,ECO:0000255,1248,1268,ECO:0000255,1289,1309,ECO:0000255,1317,1335,ECO:0000255,1346,1366,ECO:0000255,1376,1396,ECO:0000255,1400,1420,ECO:0000255,2175,2195,ECO:0000255,2223,2243,ECO:0000255,2259,2273,ECO:0000305,2381,2401,ECO:0000255,2445,2465,ECO:0000255,2471,2491,ECO:0000255,,,,,,,,,,,,
P14336,3414,P14336,Q88493,Viruses,Tick-borne encephalitis virus European subtype (strain Neudoerfl),11088,Genome polyprotein,"Homo sapiens, Ixodes persulcatus, Ixodes ricinus","9606, 34615, 34613",99,119,ECO:0000255,243,260,ECO:0000255,262,280,ECO:0000255,728,748,ECO:0000255,756,776,ECO:0000255,1133,1153,ECO:0000255,1159,1179,ECO:0000255,1188,1208,ECO:0000255,1294,1314,ECO:0000255,1328,1348,ECO:0000255,1360,1378,ECO:0000255,1383,1403,ECO:0000255,2161,2181,ECO:0000255,2212,2232,ECO:0000255,2245,2265,ECO:0000255,2369,2389,ECO:0000255,2433,2453,ECO:0000255,2478,2498,ECO:0000255,,,,,,,,,,,,
P14337,3391,P14337,Q20II6,Viruses,Dengue virus type 2 (isolate Thailand/0168/1979),413041,Genome polyprotein,"Aedimorphus, Diceromyia, Erythrocebus patas, Homo sapiens, Stegomyia","53540, 53539, 9538, 9606, 53541",102,122,ECO:0000255,239,259,ECO:0000305,266,280,ECO:0000305,726,746,ECO:0000305,753,773,ECO:0000305,1196,1220,ECO:0000255,1227,1245,ECO:0000255,1270,1290,ECO:0000255,1292,1310,ECO:0000255,1318,1338,ECO:0000255,1347,1367,ECO:0000255,1371,1391,ECO:0000255,2148,2168,ECO:0000255,2193,2213,ECO:0000255,2229,2249,ECO:0000255,2348,2368,ECO:0000255,2414,2434,ECO:0000255,2460,2480,ECO:0000255,,,,,,,,,,,,
P14340,3391,P14340,"Q66347, Q66348, Q66349, Q66350, Q66351, Q66352, Q66353, Q66354, Q66355, Q66356, Q89579",Viruses,Dengue virus type 2 (strain Thailand/NGS-C/1944),11065,Genome polyprotein,"Aedimorphus, Diceromyia, Erythrocebus patas, Homo sapiens, Stegomyia","53540, 53539, 9538, 9606, 53541",102,122,ECO:0000255,239,259,ECO:0000255,266,280,ECO:0000255,726,746,ECO:0000255,753,773,ECO:0000255,1196,1220,ECO:0000303,1227,1245,"ECO:0000255, ECO:0000303",1270,1290,"ECO:0000255, ECO:0000303",1292,1310,"ECO:0000255, ECO:0000303",1318,1338,"ECO:0000255, ECO:0000303",1347,1367,ECO:0000255,1371,1391,ECO:0000255,2148,2168,ECO:0000305,2193,2213,ECO:0000305,2229,2249,ECO:0000255,2348,2368,ECO:0000255,2414,2434,ECO:0000255,2460,2480,ECO:0000255,,,,,,,,,,,,
P14349,648,P14349,P89871,Viruses,Human spumaretrovirus,11963,Gag polyprotein,Homo sapiens,9606,,,,,,,,,,,,,,,,,,,,,,,,,,,,,,,,,,,,,,,,,,,,,,,,,,,,,,,,,,,,,,,,,,
P14350,1143,P14350,"O12528, O12817, Q76U32, Q98835",Viruses,Human spumaretrovirus,11963,Pro-Pol polyprotein,Homo sapiens,9606,,,,,,,,,,,,,,,,,,,,,,,,,,,,,,,,,,,,,,,,,,,,,,,,,,,,,,,,,,,,,,,,,,
P14403,1440,P14403,P08769,Viruses,Japanese encephalitis virus (strain Nakayama),11076,Genome polyprotein,"Ardeidae, Bos taurus, Culex gelidus, Culex tritaeniorhynchus, Equus caballus, Homo sapiens, Sus scrofa","8899, 9913, 308713, 7178, 9796, 9606, 9823",36,56,ECO:0000255,181,201,ECO:0000255,208,222,ECO:0000305,675,695,ECO:0000255,702,722,ECO:0000255,1148,1168,ECO:0000255,1179,1199,ECO:0000255,1201,1221,ECO:0000255,1238,1258,ECO:0000255,1270,1290,ECO:0000255,1303,1323,ECO:0000255,1327,1347,ECO:0000255,,,,,,,,,,,,,,,,,,,,,,,,,,,,,,
P15024,1275,P15024,"F1ARN3, Q9WAB0",Viruses,Reovirus type 3 (strain Dearing),10886,Inner capsid protein lambda-1,Mammalia,40674,,,,,,,,,,,,,,,,,,,,,,,,,,,,,,,,,,,,,,,,,,,,,,,,,,,,,,,,,,,,,,,,,,
P15072,2327,P15072,"Q6PMY1, Q84755, Q84756, Q84757, Q84758",Viruses,Foot-and-mouth disease virus (isolate -/Germany/C1Oberbayen/1960 serotype C),12121,Genome polyprotein,"Bos taurus, Capra hircus, Cervidae, Erinaceidae, Loxodonta africana, Ovis aries, Rattus norvegicus, Sus scrofa","9913, 9925, 9850, 9363, 9785, 9940, 10116, 9823",,,,,,,,,,,,,,,,,,,,,,,,,,,,,,,,,,,,,,,,,,,,,,,,,,,,,,,,,,,,,,,,,,
P16046,589,P16046,,Viruses,Simian cytomegalovirus (strain Colburn),50292,Capsid scaffolding protein,Macaca,9539,,,,,,,,,,,,,,,,,,,,,,,,,,,,,,,,,,,,,,,,,,,,,,,,,,,,,,,,,,,,,,,,,,
P16088,1124,P16088,,Viruses,Feline immunodeficiency virus (isolate Petaluma),11674,Pol polyprotein,Felidae,9681,,,,,,,,,,,,,,,,,,,,,,,,,,,,,,,,,,,,,,,,,,,,,,,,,,,,,,,,,,,,,,,,,,
P16289,2127,P16289,"A3F5M4, A3F5R9, Q6HA95",Viruses,Rabies virus (strain SAD B19),11300,Large structural protein,"Homo sapiens, Mammalia","9606, 40674",,,,,,,,,,,,,,,,,,,,,,,,,,,,,,,,,,,,,,,,,,,,,,,,,,,,,,,,,,,,,,,,,,
P16753,708,P16753,"Q69030, Q7M6L0, Q7M6L1",Viruses,Human cytomegalovirus (strain AD169),10360,Capsid scaffolding protein,Homo sapiens,9606,,,,,,,,,,,,,,,,,,,,,,,,,,,,,,,,,,,,,,,,,,,,,,,,,,,,,,,,,,,,,,,,,,
P17455,727,P17455,"P30129, Q6LDR5, Q84389",Viruses,Canine parvovirustype 2 (isolate Dog/United States/CPV-d/1988),10790,Capsid protein VP1,"Canis lupus familiaris, Felis catus","9615, 9685",,,,,,,,,,,,,,,,,,,,,,,,,,,,,,,,,,,,,,,,,,,,,,,,,,,,,,,,,,,,,,,,,,
P17763,3392,P17763,"P27910, P89313, P89314",Viruses,Dengue virus type 1 (strain Nauru/West Pac/1974),11059,Genome polyprotein,"Aedes aegypti, Aedes albopictus, Homo sapiens","7159, 7160, 9606",102,119,ECO:0000255,243,260,ECO:0000255,262,280,ECO:0000255,726,746,ECO:0000255,753,773,ECO:0000255,1196,1220,"ECO:0000255, ECO:0000303",1227,1245,"ECO:0000255, ECO:0000303",1270,1290,"ECO:0000255, ECO:0000303",1292,1310,"ECO:0000255, ECO:0000303",1316,1336,"ECO:0000255, ECO:0000303",1352,1370,ECO:0000269,1372,1391,ECO:0000269,2149,2169,ECO:0000269,2194,2214,ECO:0000269,2230,2244,"ECO:0000255, ECO:0000269, ECO:0000305",2350,2370,"ECO:0000255, ECO:0000305",2416,2436,"ECO:0000255, ECO:0000305",2462,2482,"ECO:0000255, ECO:0000305",,,,,,,,,,,,
P18041,522,P18041,,Viruses,Human immunodeficiency virus type 2 subtype A (isolate Ghana-1),11717,Gag polyprotein,Homo sapiens,9606,,,,,,,,,,,,,,,,,,,,,,,,,,,,,,,,,,,,,,,,,,,,,,,,,,,,,,,,,,,,,,,,,,
P18042,1464,P18042,,Viruses,Human immunodeficiency virus type 2 subtype A (isolate Ghana-1),11717,Gag-Pol polyprotein,Homo sapiens,9606,,,,,,,,,,,,,,,,,,,,,,,,,,,,,,,,,,,,,,,,,,,,,,,,,,,,,,,,,,,,,,,,,,
P18095,521,P18095,,Viruses,Human immunodeficiency virus type 2 subtype A (isolate BEN),11714,Gag polyprotein,Homo sapiens,9606,,,,,,,,,,,,,,,,,,,,,,,,,,,,,,,,,,,,,,,,,,,,,,,,,,,,,,,,,,,,,,,,,,
P18272,739,P18272,"Q773N6, Q8JS64, Q9DQD3, Q9YMG4",Viruses,Zaire ebolavirus (strain Mayinga-76),128952,Nucleoprotein,"Epomops franqueti, Homo sapiens, Myonycteris torquata","77231, 9606, 77243",,,,,,,,,,,,,,,,,,,,,,,,,,,,,,,,,,,,,,,,,,,,,,,,,,,,,,,,,,,,,,,,,,
P19505,1449,P19505,Q88140,Viruses,Simian immunodeficiency virus (isolate PBj14/BCL-3),11738,Gag-Pol polyprotein,Cercopithecidae,9527,,,,,,,,,,,,,,,,,,,,,,,,,,,,,,,,,,,,,,,,,,,,,,,,,,,,,,,,,,,,,,,,,,
P19558,476,P19558,"P19559, Q65590",Viruses,Bovine immunodeficiency virus (strain R29),417296,Gag polyprotein,Bos taurus,9913,,,,,,,,,,,,,,,,,,,,,,,,,,,,,,,,,,,,,,,,,,,,,,,,,,,,,,,,,,,,,,,,,,
P19560,1475,P19560,"P19561, Q65593",Viruses,Bovine immunodeficiency virus (strain R29),417296,Gag-Pol polyprotein,Bos taurus,9913,,,,,,,,,,,,,,,,,,,,,,,,,,,,,,,,,,,,,,,,,,,,,,,,,,,,,,,,,,,,,,,,,,
P19711,3988,P19711,,Viruses,Bovine viral diarrhea virus (isolate NADL),11100,Genome polyprotein,Bos taurus,9913,667,687,ECO:0000255,1036,1056,ECO:0000255,1079,1099,ECO:0000255,1108,1128,ECO:0000255,1144,1164,ECO:0000255,1189,1209,ECO:0000255,1217,1237,ECO:0000255,1247,1267,ECO:0000255,1281,1301,ECO:0000255,1360,1380,ECO:0000255,1658,1678,ECO:0000255,,,,,,,,,,,,,,,,,,,,,,,,,,,,,,,,,
P19811,3175,P19811,"Q88625, Q8QZQ5, Q91DM2",Viruses,Equine arteritis virus (strain Bucyrus),299386,Replicase polyprotein 1ab,Equidae,9788,530,550,ECO:0000255,551,571,ECO:0000255,625,645,ECO:0000255,829,849,ECO:0000255,903,923,ECO:0000255,935,955,ECO:0000255,977,997,ECO:0000255,1291,1311,ECO:0000255,1333,1353,ECO:0000255,1355,1375,ECO:0000255,1385,1405,ECO:0000255,,,,,,,,,,,,,,,,,,,,,,,,,,,,,,,,,
P20470,2238,P20470,,Viruses,Bunyamwera virus,35304,RNA-directed RNA polymerase L,"Aedes aegypti, Homo sapiens","7159, 9606",,,,,,,,,,,,,,,,,,,,,,,,,,,,,,,,,,,,,,,,,,,,,,,,,,,,,,,,,,,,,,,,,,
P20875,1439,P20875,,Viruses,Human immunodeficiency virus type 1 group M subtype B (isolate JRCSF),11688,Gag-Pol polyprotein,Homo sapiens,9606,,,,,,,,,,,,,,,,,,,,,,,,,,,,,,,,,,,,,,,,,,,,,,,,,,,,,,,,,,,,,,,,,,
P21404,2201,P21404,,Viruses,Coxsackievirus A9 (strain Griggs),12068,Genome polyprotein,Homo sapiens,9606,,,,,,,,,,,,,,,,,,,,,,,,,,,,,,,,,,,,,,,,,,,,,,,,,,,,,,,,,,,,,,,,,,
P21407,998,P21407,,Viruses,Squirrel monkey retrovirus,11856,Gag-Pro polyprotein,Mammalia,40674,,,,,,,,,,,,,,,,,,,,,,,,,,,,,,,,,,,,,,,,,,,,,,,,,,,,,,,,,,,,,,,,,,
P21530,3898,P21530,,Viruses,Classical swine fever virus (strain Brescia),11098,Genome polyprotein,Sus scrofa,9823,1031,1051,ECO:0000255,1070,1090,ECO:0000255,1104,1124,ECO:0000255,1140,1164,ECO:0000255,1189,1209,ECO:0000255,1217,1237,ECO:0000255,1247,1267,ECO:0000255,1281,1301,ECO:0000255,1360,1380,ECO:0000255,1568,1588,ECO:0000255,,,,,,,,,,,,,,,,,,,,,,,,,,,,,,,,,,,,
P21603,259,P21603,Q76ZW1,Viruses,Vaccinia virus (strain Western Reserve),10254,DNA-directed RNA polymerase 30 kDa polypeptide,Bos taurus,9913,,,,,,,,,,,,,,,,,,,,,,,,,,,,,,,,,,,,,,,,,,,,,,,,,,,,,,,,,,,,,,,,,,
P22055,2206,P22055,,Viruses,Coxsackievirus A21 (strain Coe),12070,Genome polyprotein,Homo sapiens,9606,,,,,,,,,,,,,,,,,,,,,,,,,,,,,,,,,,,,,,,,,,,,,,,,,,,,,,,,,,,,,,,,,,
P22056,1247,P22056,,Viruses,O'nyong-nyong virus (strain Gulu),11028,Structural polyprotein,"Anopheles, Homo sapiens","44482, 9606",692,712,ECO:0000255,720,740,ECO:0000255,763,783,ECO:0000255,1224,1244,ECO:0000255,,,,,,,,,,,,,,,,,,,,,,,,,,,,,,,,,,,,,,,,,,,,,,,,,,,,,,
P22338,3414,P22338,O10383,Viruses,Louping ill virus,11086,Genome polyprotein,"Bos taurus, Canis lupus familiaris, Cervinae, Equus caballus, Homo sapiens, Ixodes ricinus, Ovis aries, Sus scrofa","9913, 9615, 34878, 9796, 9606, 34613, 9940, 9823",98,118,ECO:0000255,243,260,ECO:0000255,262,280,ECO:0000255,728,748,ECO:0000255,756,776,ECO:0000305,1133,1153,ECO:0000255,1159,1179,ECO:0000255,1188,1208,ECO:0000255,1294,1314,ECO:0000255,1328,1348,ECO:0000255,1360,1378,ECO:0000255,1383,1403,ECO:0000255,2161,2181,ECO:0000255,2212,2232,ECO:0000255,2245,2265,ECO:0000255,2369,2389,ECO:0000255,2431,2451,ECO:0000255,2478,2498,ECO:0000255,,,,,,,,,,,,
P22677,391,P22677,"Q77KZ2, Q77L02",Viruses,Bovine respiratory syncytial virus (strain A51908),11247,Nucleoprotein,Bos taurus,9913,,,,,,,,,,,,,,,,,,,,,,,,,,,,,,,,,,,,,,,,,,,,,,,,,,,,,,,,,,,,,,,,,,
P23008,2157,P23008,B9V432,Viruses,Human rhinovirus 1A,12134,Genome polyprotein,Homo sapiens,9606,,,,,,,,,,,,,,,,,,,,,,,,,,,,,,,,,,,,,,,,,,,,,,,,,,,,,,,,,,,,,,,,,,
P23074,1149,P23074,,Viruses,Simian foamy virus type 1,338478,Pro-Pol polyprotein,"Homo sapiens, Macaca","9606, 9539",,,,,,,,,,,,,,,,,,,,,,,,,,,,,,,,,,,,,,,,,,,,,,,,,,,,,,,,,,,,,,,,,,
P23456,2151,P23456,,Viruses,Hantaan virus (strain 76-118),11602,RNA-directed RNA polymerase L,"Apodemus agrarius, Homo sapiens","39030, 9606",,,,,,,,,,,,,,,,,,,,,,,,,,,,,,,,,,,,,,,,,,,,,,,,,,,,,,,,,,,,,,,,,,
P24736,493,P24736,,Viruses,Human immunodeficiency virus type 1 group M subtype A (isolate U455),11703,Gag polyprotein,Homo sapiens,9606,,,,,,,,,,,,,,,,,,,,,,,,,,,,,,,,,,,,,,,,,,,,,,,,,,,,,,,,,,,,,,,,,,
P24740,1428,P24740,,Viruses,Human immunodeficiency virus type 1 group M subtype A (isolate U455),11703,Gag-Pol polyprotein,Homo sapiens,9606,,,,,,,,,,,,,,,,,,,,,,,,,,,,,,,,,,,,,,,,,,,,,,,,,,,,,,,,,,,,,,,,,,
P24936,227,P24936,,Viruses,Human adenovirus C serotype 5,28285,Pre-hexon-linking protein VIII,Homo sapiens,9606,,,,,,,,,,,,,,,,,,,,,,,,,,,,,,,,,,,,,,,,,,,,,,,,,,,,,,,,,,,,,,,,,,
P24937,250,P24937,,Viruses,Human adenovirus C serotype 5,28285,Pre-protein VI,Homo sapiens,9606,,,,,,,,,,,,,,,,,,,,,,,,,,,,,,,,,,,,,,,,,,,,,,,,,,,,,,,,,,,,,,,,,,
P25058,392,P25058,,Viruses,Bovine leukemia virus (isolate Australian),11903,Gag polyprotein,Bos taurus,9913,,,,,,,,,,,,,,,,,,,,,,,,,,,,,,,,,,,,,,,,,,,,,,,,,,,,,,,,,,,,,,,,,,
P25059,1416,P25059,,Viruses,Bovine leukemia virus (isolate Australian),11903,Gag-Pro-Pol polyprotein,Bos taurus,9913,,,,,,,,,,,,,,,,,,,,,,,,,,,,,,,,,,,,,,,,,,,,,,,,,,,,,,,,,,,,,,,,,,
P26660,3033,P26660,,Viruses,Hepatitis C virus genotype 2a (isolate HC-J6),11113,Genome polyprotein,Homo sapiens,9606,169,189,ECO:0000255,359,379,ECO:0000250,730,750,ECO:0000250,762,782,ECO:0000250,787,807,ECO:0000250,818,838,ECO:0000250,886,906,ECO:0000250,933,953,ECO:0000250,1662,1682,ECO:0000255,1810,1830,ECO:0000255,1833,1853,ECO:0000255,1855,1875,ECO:0000255,1886,1906,ECO:0000255,3013,3033,ECO:0000250,,,,,,,,,,,,,,,,,,,,,,,,
P26661,3033,P26661,,Viruses,Hepatitis C virus genotype 2b (isolate HC-J8),11115,Genome polyprotein,Homo sapiens,9606,169,189,ECO:0000255,359,379,ECO:0000250,730,750,ECO:0000250,762,782,ECO:0000250,787,807,ECO:0000250,818,838,ECO:0000250,886,906,ECO:0000250,933,953,ECO:0000250,1662,1682,ECO:0000255,1810,1830,ECO:0000255,1833,1853,ECO:0000255,1855,1875,ECO:0000255,1886,1906,ECO:0000255,3013,3033,ECO:0000250,,,,,,,,,,,,,,,,,,,,,,,,
P26662,3010,P26662,"P89966, Q81755",Viruses,Hepatitis C virus genotype 1b (isolate Japanese),11116,Genome polyprotein,Homo sapiens,9606,169,189,ECO:0000255,359,379,ECO:0000250,726,746,ECO:0000250,758,778,ECO:0000250,782,803,ECO:0000250,814,834,ECO:0000250,839,859,ECO:0000250,882,902,ECO:0000250,1658,1678,ECO:0000255,1806,1826,ECO:0000255,1829,1849,ECO:0000255,1851,1871,ECO:0000255,1882,1902,ECO:0000255,2990,3010,ECO:0000250,,,,,,,,,,,,,,,,,,,,,,,,
P26663,3010,P26663,,Viruses,Hepatitis C virus genotype 1b (isolate BK),11105,Genome polyprotein,Homo sapiens,9606,359,379,ECO:0000250,726,746,ECO:0000250,758,778,ECO:0000250,782,803,ECO:0000250,814,834,ECO:0000250,839,859,ECO:0000250,882,902,ECO:0000250,1658,1678,ECO:0000255,1806,1826,ECO:0000255,1829,1849,ECO:0000255,1851,1871,ECO:0000255,1882,1902,ECO:0000255,2990,3010,ECO:0000250,,,,,,,,,,,,,,,,,,,,,,,,,,,
P26664,3011,P26664,Q9IFE5,Viruses,Hepatitis C virus genotype 1a (isolate 1),11104,Genome polyprotein,Homo sapiens,9606,169,189,ECO:0000255,359,379,ECO:0000250,726,746,ECO:0000250,758,778,ECO:0000250,782,803,ECO:0000250,814,834,ECO:0000250,839,859,ECO:0000250,882,902,ECO:0000250,1658,1678,ECO:0000255,1806,1826,ECO:0000255,1829,1849,ECO:0000255,1851,1871,ECO:0000255,1882,1902,ECO:0000255,2991,3011,ECO:0000250,,,,,,,,,,,,,,,,,,,,,,,,
P26806,538,P26806,,Viruses,Friend murine leukemia virus (isolate FB29),11797,Gag polyprotein,Mus musculus,10090,,,,,,,,,,,,,,,,,,,,,,,,,,,,,,,,,,,,,,,,,,,,,,,,,,,,,,,,,,,,,,,,,,
P27282,2493,P27282,"A0A0M3T9D8, O90163, Q5XQC5, Q66592, Q66594",Viruses,Venezuelan equine encephalitis virus (strain Trinidad donkey),11038,Polyprotein P1234,"Bos taurus, Didelphis marsupialis, Equus asinus, Equus caballus, Homo sapiens, Melanoconion, Philander opossum, Proechimys, Sigmodon hispidus","9913, 9268, 9793, 9796, 9606, 53535, 9272, 10162, 42415",,,,,,,,,,,,,,,,,,,,,,,,,,,,,,,,,,,,,,,,,,,,,,,,,,,,,,,,,,,,,,,,,,
P27284,1240,P27284,,Viruses,Eastern equine encephalitis virus (strain va33[ten broeck]),11022,Structural polyprotein,"Aedes, Homo sapiens, Passeriformes","7158, 9606, 9126",683,703,ECO:0000255,759,779,ECO:0000255,781,801,ECO:0000255,1217,1237,ECO:0000255,,,,,,,,,,,,,,,,,,,,,,,,,,,,,,,,,,,,,,,,,,,,,,,,,,,,,,
P27285,1245,P27285,Q00349,Viruses,Sindbis virus subtype Ockelbo (strain Edsbyn 82-5),31699,Structural polyprotein,"Acrocephalus scirpaceus, Aedes, Culex, Homo sapiens, Motacilla alba, Streptopelia turtur","48156, 7158, 53527, 9606, 45807, 177155",691,718,ECO:0000250,764,784,ECO:0000255,786,806,ECO:0000255,1215,1239,ECO:0000250,,,,,,,,,,,,,,,,,,,,,,,,,,,,,,,,,,,,,,,,,,,,,,,,,,,,,,
P27316,2149,P27316,,Viruses,Rift valley fever virus (strain ZH-548 M12),11589,RNA-directed RNA polymerase L,"Aedes, Bos taurus, Bos taurus x Bison bison, Camelus bactrianus, Capra hircus, Homo sapiens, Ovis aries, Phlebotomus papatasi","7158, 9913, 297284, 9837, 9925, 9606, 9940, 29031",,,,,,,,,,,,,,,,,,,,,,,,,,,,,,,,,,,,,,,,,,,,,,,,,,,,,,,,,,,,,,,,,,
P27395,3432,P27395,"Q82920, Q82921, Q82922, Q82923, Q82924, Q82925, Q82926, Q82927, Q82928",Viruses,Japanese encephalitis virus (strain SA-14),11073,Genome polyprotein,"Ardeidae, Bos taurus, Culex gelidus, Culex tritaeniorhynchus, Equus caballus, Homo sapiens, Sus scrofa","8899, 9913, 308713, 7178, 9796, 9606, 9823",110,130,ECO:0000255,254,274,ECO:0000255,280,294,ECO:0000305,747,767,ECO:0000255,774,794,ECO:0000255,1220,1240,ECO:0000255,1251,1271,ECO:0000255,1273,1293,ECO:0000255,1310,1330,ECO:0000255,1342,1362,ECO:0000255,1375,1395,ECO:0000255,1399,1419,ECO:0000255,2174,2194,ECO:0000255,2222,2242,ECO:0000255,2258,2278,ECO:0000255,2369,2389,ECO:0000255,2445,2465,ECO:0000255,2470,2490,ECO:0000255,,,,,,,,,,,,
P27408,1763,P27408,Q66913,Viruses,Feline calicivirus (strain Japanese F4),11980,Genome polyprotein,Felidae,9681,,,,,,,,,,,,,,,,,,,,,,,,,,,,,,,,,,,,,,,,,,,,,,,,,,,,,,,,,,,,,,,,,,
P27409,1763,P27409,,Viruses,Feline calicivirus (strain F9),11981,Genome polyprotein,Felidae,9681,,,,,,,,,,,,,,,,,,,,,,,,,,,,,,,,,,,,,,,,,,,,,,,,,,,,,,,,,,,,,,,,,,
P27410,2344,P27410,,Viruses,Rabbit hemorrhagic disease virus (strain Rabbit/Germany/FRG/1989),314536,Genome polyprotein,Oryctolagus cuniculus,9986,,,,,,,,,,,,,,,,,,,,,,,,,,,,,,,,,,,,,,,,,,,,,,,,,,,,,,,,,,,,,,,,,,
P27411,2344,P27411,Q86114,Viruses,Rabbit hemorrhagic disease virus (strain V-351),11977,Genome polyprotein,Oryctolagus cuniculus,9986,,,,,,,,,,,,,,,,,,,,,,,,,,,,,,,,,,,,,,,,,,,,,,,,,,,,,,,,,,,,,,,,,,
P27909,3392,P27909,"P29983, Q8B648",Viruses,Dengue virus type 1 (strain Brazil/97-11/1997),408685,Genome polyprotein,"Aedes aegypti, Aedes albopictus, Homo sapiens","7159, 7160, 9606",102,119,ECO:0000255,243,260,ECO:0000255,262,280,ECO:0000255,1126,1146,ECO:0000255,1158,1178,ECO:0000255,1200,1220,ECO:0000255,1290,1310,ECO:0000255,1316,1336,ECO:0000255,1347,1367,ECO:0000255,1371,1391,ECO:0000255,2149,2169,ECO:0000255,2194,2214,ECO:0000255,2230,2250,ECO:0000255,2350,2370,ECO:0000255,2416,2436,ECO:0000255,2462,2482,ECO:0000255,,,,,,,,,,,,,,,,,,
P27914,1683,P27914,,Viruses,Dengue virus type 2 (strain Tonga/EKB194/1974),11067,Genome polyprotein,"Aedimorphus, Diceromyia, Erythrocebus patas, Homo sapiens, Stegomyia","53540, 53539, 9538, 9606, 53541",446,466,ECO:0000255,473,493,ECO:0000255,916,940,ECO:0000255,947,965,ECO:0000255,990,1010,ECO:0000255,1012,1030,ECO:0000255,1038,1058,ECO:0000255,,,,,,,,,,,,,,,,,,,,,,,,,,,,,,,,,,,,,,,,,,,,,
P27915,3390,P27915,,Viruses,Dengue virus type 3 (strain Philippines/H87/1956),408870,Genome polyprotein,"Aedimorphus, Diceromyia, Erythrocebus patas, Homo sapiens, Stegomyia","53540, 53539, 9538, 9606, 53541",101,118,ECO:0000255,244,264,ECO:0000255,266,280,ECO:0000255,724,744,ECO:0000255,751,771,ECO:0000255,1194,1218,ECO:0000255,1225,1243,ECO:0000255,1268,1288,ECO:0000255,1290,1308,ECO:0000255,1316,1336,ECO:0000255,1345,1365,ECO:0000255,1369,1389,ECO:0000255,2147,2167,ECO:0000255,2192,2212,ECO:0000255,2228,2248,ECO:0000255,2347,2367,ECO:0000255,2413,2433,ECO:0000255,2459,2479,ECO:0000255,,,,,,,,,,,,
P27958,3011,P27958,"O36579, O36608, O36609, O36610",Viruses,Hepatitis C virus genotype 1a (isolate H77),63746,Genome polyprotein,Homo sapiens,9606,169,189,ECO:0000255,359,379,ECO:0000305,726,746,ECO:0000305,758,778,ECO:0000305,782,803,ECO:0000305,814,834,ECO:0000250,839,859,ECO:0000250,882,902,ECO:0000250,1658,1678,ECO:0000255,1806,1824,ECO:0000255,1829,1849,ECO:0000255,1851,1871,ECO:0000255,1882,1902,ECO:0000255,2991,3011,ECO:0000269,,,,,,,,,,,,,,,,,,,,,,,,
P28887,2165,P28887,"O41355, O41356, P90197, Q82021",Viruses,Human respiratory syncytial virus A (strain A2),11259,RNA-directed RNA polymerase L,Homo sapiens,9606,,,,,,,,,,,,,,,,,,,,,,,,,,,,,,,,,,,,,,,,,,,,,,,,,,,,,,,,,,,,,,,,,,
P29324,1693,P29324,Q81873,Viruses,Hepatitis E virus genotype 1 (isolate Human/Burma),31767,Non-structural polyprotein pORF1,Homo sapiens,9606,,,,,,,,,,,,,,,,,,,,,,,,,,,,,,,,,,,,,,,,,,,,,,,,,,,,,,,,,,,,,,,,,,
P29813,2195,P29813,Q66785,Viruses,Echovirus 11 (strain Gregory),31705,Genome polyprotein,Homo sapiens,9606,,,,,,,,,,,,,,,,,,,,,,,,,,,,,,,,,,,,,,,,,,,,,,,,,,,,,,,,,,,,,,,,,,
P29837,3414,P29837,,Viruses,Langat virus (strain TP21),31638,Genome polyprotein,"Homo sapiens, Ixodida","9606, 6935",99,117,ECO:0000255,243,260,ECO:0000255,262,280,ECO:0000255,728,748,ECO:0000255,756,776,ECO:0000255,1188,1208,ECO:0000255,1233,1253,ECO:0000255,1268,1288,ECO:0000255,1301,1319,ECO:0000255,1326,1346,ECO:0000255,1360,1378,ECO:0000255,1383,1403,ECO:0000255,2161,2181,ECO:0000255,2211,2231,ECO:0000255,2239,2259,ECO:0000255,2369,2389,ECO:0000255,2433,2453,ECO:0000255,2478,2498,ECO:0000255,,,,,,,,,,,,
P29838,776,P29838,,Viruses,Langat virus (strain Yelantsev),31639,Genome polyprotein,"Homo sapiens, Ixodida","9606, 6935",99,117,ECO:0000255,243,260,ECO:0000255,262,280,ECO:0000255,,,,,,,,,,,,,,,,,,,,,,,,,,,,,,,,,,,,,,,,,,,,,,,,,,,,,,,,,
P29846,3010,P29846,A7YCU9,Viruses,Hepatitis C virus genotype 1b (isolate Taiwan),31645,Genome polyprotein,Homo sapiens,9606,169,189,ECO:0000255,359,379,ECO:0000250,726,746,ECO:0000250,758,778,ECO:0000250,782,803,ECO:0000250,814,834,ECO:0000250,839,859,ECO:0000250,882,902,ECO:0000250,1658,1678,ECO:0000255,1806,1824,ECO:0000255,1829,1849,ECO:0000255,1851,1871,ECO:0000255,1882,1902,ECO:0000255,2990,3010,ECO:0000250,,,,,,,,,,,,,,,,,,,,,,,,
P29990,3391,P29990,,Viruses,Dengue virus type 2 (strain Thailand/16681/1984),31634,Genome polyprotein,"Aedes aegypti, Aedes furcifer, Aedes taylori, Erythrocebus patas, Homo sapiens","7159, 299627, 299628, 9538, 9606",102,119,ECO:0000255,243,260,ECO:0000255,262,280,ECO:0000255,726,746,ECO:0000255,753,773,ECO:0000255,1196,1220,ECO:0000255,1227,1245,ECO:0000255,1270,1290,ECO:0000255,1292,1310,ECO:0000255,1318,1338,ECO:0000255,1347,1367,ECO:0000255,1371,1391,ECO:0000255,2148,2168,ECO:0000255,2193,2213,ECO:0000255,2229,2249,ECO:0000255,2348,2368,ECO:0000255,2414,2434,ECO:0000255,2460,2480,ECO:0000255,,,,,,,,,,,,
P29991,3391,P29991,,Viruses,Dengue virus type 2 (strain 16681-PDK53),31635,Genome polyprotein,"Aedes aegypti, Aedes furcifer, Aedes taylori, Erythrocebus patas, Homo sapiens","7159, 299627, 299628, 9538, 9606",102,122,ECO:0000255,243,260,ECO:0000255,262,280,ECO:0000255,728,748,ECO:0000255,753,773,ECO:0000255,1196,1220,ECO:0000255,1227,1245,ECO:0000255,1270,1290,ECO:0000255,1292,1310,ECO:0000255,1318,1338,ECO:0000255,1347,1367,ECO:0000255,1371,1391,ECO:0000255,2148,2168,ECO:0000255,2193,2213,ECO:0000255,2229,2249,ECO:0000255,2348,2368,ECO:0000255,2414,2434,ECO:0000255,2460,2480,ECO:0000255,,,,,,,,,,,,
P30929,2261,P30929,Q783V6,Viruses,Mumps virus genotype B (strain Miyahara vaccine),11171,RNA-directed RNA polymerase L,Homo sapiens,9606,,,,,,,,,,,,,,,,,,,,,,,,,,,,,,,,,,,,,,,,,,,,,,,,,,,,,,,,,,,,,,,,,,
P31352,2331,P31352,"Q38L39, Q6T6T7, Q6T6U4",Viruses,Lake Victoria marburgvirus (strain Musoke-80),33727,RNA-directed RNA polymerase L,"Chlorocebus aethiops, Homo sapiens, Rousettus aegyptiacus","9534, 9606, 9407",,,,,,,,,,,,,,,,,,,,,,,,,,,,,,,,,,,,,,,,,,,,,,,,,,,,,,,,,,,,,,,,,,
P31622,612,P31622,Q9WR75,Viruses,Sheep pulmonary adenomatosis virus,11746,Gag polyprotein,Ovis aries,9940,,,,,,,,,,,,,,,,,,,,,,,,,,,,,,,,,,,,,,,,,,,,,,,,,,,,,,,,,,,,,,,,,,
P32537,2194,P32537,,Viruses,Human enterovirus 70 (strain J670/71),31915,Genome polyprotein,Homo sapiens,9606,,,,,,,,,,,,,,,,,,,,,,,,,,,,,,,,,,,,,,,,,,,,,,,,,,,,,,,,,,,,,,,,,,
P32542,1146,P32542,,Viruses,Equine infectious anemia virus (isolate CL22),31675,Pol polyprotein,"Equus asinus, Equus caballus","9793, 9796",,,,,,,,,,,,,,,,,,,,,,,,,,,,,,,,,,,,,,,,,,,,,,,,,,,,,,,,,,,,,,,,,,
P32886,3432,P32886,P08769,Viruses,Japanese encephalitis virus (strain Jaoars982),11075,Genome polyprotein,"Ardeidae, Bos taurus, Culex gelidus, Culex tritaeniorhynchus, Equus caballus, Homo sapiens, Sus scrofa","8899, 9913, 308713, 7178, 9796, 9606, 9823",110,130,ECO:0000255,254,274,ECO:0000255,280,294,ECO:0000305,747,767,ECO:0000255,774,794,ECO:0000255,1220,1240,ECO:0000255,1251,1271,ECO:0000255,1273,1293,ECO:0000255,1310,1330,ECO:0000255,1342,1362,ECO:0000255,1375,1395,ECO:0000255,1399,1419,ECO:0000255,2174,2194,ECO:0000255,2222,2242,ECO:0000255,2258,2278,ECO:0000255,2369,2389,ECO:0000255,2445,2465,ECO:0000255,2470,2490,ECO:0000255,,,,,,,,,,,,
P33424,1693,P33424,Q8UYD6,Viruses,Hepatitis E virus genotype 1 (isolate Human/Pakistan/Sar-55),33774,Non-structural polyprotein pORF1,Homo sapiens,9606,,,,,,,,,,,,,,,,,,,,,,,,,,,,,,,,,,,,,,,,,,,,,,,,,,,,,,,,,,,,,,,,,,
P33478,3391,P33478,,Viruses,Dengue virus type 1 (strain Singapore/S275/1990),33741,Genome polyprotein,"Aedes aegypti, Aedes albopictus, Homo sapiens","7159, 7160, 9606",102,119,ECO:0000255,243,260,ECO:0000255,262,280,ECO:0000255,726,746,ECO:0000255,753,773,ECO:0000255,1199,1219,ECO:0000255,1226,1244,ECO:0000255,1269,1289,ECO:0000255,1291,1309,ECO:0000255,1315,1335,ECO:0000255,1346,1366,ECO:0000255,1370,1390,ECO:0000255,2148,2168,ECO:0000255,2193,2213,ECO:0000255,2229,2249,ECO:0000255,2349,2369,ECO:0000255,2415,2435,ECO:0000255,2461,2481,ECO:0000255,,,,,,,,,,,,
P35956,1506,P35956,,Viruses,Maedi visna virus (strain KV1772),36374,Gag-Pol polyprotein,Ovis aries,9940,,,,,,,,,,,,,,,,,,,,,,,,,,,,,,,,,,,,,,,,,,,,,,,,,,,,,,,,,,,,,,,,,,
P35962,500,P35962,,Viruses,Human immunodeficiency virus type 1 group M subtype B (isolate YU-2),362651,Gag polyprotein,Homo sapiens,9606,,,,,,,,,,,,,,,,,,,,,,,,,,,,,,,,,,,,,,,,,,,,,,,,,,,,,,,,,,,,,,,,,,
P35963,1435,P35963,,Viruses,Human immunodeficiency virus type 1 group M subtype B (isolate YU-2),362651,Gag-Pol polyprotein,Homo sapiens,9606,,,,,,,,,,,,,,,,,,,,,,,,,,,,,,,,,,,,,,,,,,,,,,,,,,,,,,,,,,,,,,,,,,
P36328,2493,P36328,"Q52QW0, Q8JJT2, Q8QKW7, Q8UYL4, Q911J8, Q91KW9",Viruses,Venezuelan equine encephalitis virus (strain P676),36385,Polyprotein P1234,"Bos taurus, Didelphis marsupialis, Equus asinus, Equus caballus, Homo sapiens, Melanoconion, Philander opossum, Proechimys, Sigmodon hispidus","9913, 9268, 9793, 9796, 9606, 53535, 9272, 10162, 42415",,,,,,,,,,,,,,,,,,,,,,,,,,,,,,,,,,,,,,,,,,,,,,,,,,,,,,,,,,,,,,,,,,
P36762,521,P36762,,Viruses,Human papillomavirus type 49,10616,Minor capsid protein L2,Homo sapiens,9606,,,,,,,,,,,,,,,,,,,,,,,,,,,,,,,,,,,,,,,,,,,,,,,,,,,,,,,,,,,,,,,,,,
P37800,2095,P37800,,Viruses,Toscana virus,11590,RNA-directed RNA polymerase L,"Homo sapiens, Phlebotomus perniciosus","9606, 13204",,,,,,,,,,,,,,,,,,,,,,,,,,,,,,,,,,,,,,,,,,,,,,,,,,,,,,,,,,,,,,,,,,
P49303,2336,P49303,Q65094,Viruses,Foot-and-mouth disease virus (isolate -/Azerbaijan/A22-550/1965 serotype A),73481,Genome polyprotein,"Bos taurus, Capra hircus, Cervidae, Erinaceidae, Loxodonta africana, Ovis aries, Rattus norvegicus, Sus scrofa","9913, 9925, 9850, 9363, 9785, 9940, 10116, 9823",,,,,,,,,,,,,,,,,,,,,,,,,,,,,,,,,,,,,,,,,,,,,,,,,,,,,,,,,,,,,,,,,,
P52639,1711,P52639,Q912Z6,Viruses,Borna disease virus (strain V),928296,RNA-directed RNA polymerase L,"Bos taurus, Bradypodidae, Capra hircus, Cervidae, Crocidura leucodon, Equidae, Felis catus, Hexaprotodon liberiensis, Lama glama, Oryctolagus cuniculus, Ovis aries, Struthio camelus, Varecia variegata, Vicugna pacos","9913, 9352, 9925, 9850, 109474, 9788, 9685, 56798, 9844, 9986, 9940, 8801, 9455, 30538",,,,,,,,,,,,,,,,,,,,,,,,,,,,,,,,,,,,,,,,,,,,,,,,,,,,,,,,,,,,,,,,,,
P54634,1699,P54634,,Viruses,Lordsdale virus (strain GII/Human/United Kingdom/Lordsdale/1993),82658,Genome polyprotein,Homo sapiens,9606,,,,,,,,,,,,,,,,,,,,,,,,,,,,,,,,,,,,,,,,,,,,,,,,,,,,,,,,,,,,,,,,,,
P69706,183,P69706,"P03150, P03151",Viruses,Hepatitis B virus genotype C subtype adr (strain Japan/adr4/1983),10409,Capsid protein,"Homo sapiens, Pan troglodytes","9606, 9598",,,,,,,,,,,,,,,,,,,,,,,,,,,,,,,,,,,,,,,,,,,,,,,,,,,,,,,,,,,,,,,,,,
P89522,482,P89522,,Viruses,Crimean-Congo hemorrhagic fever virus (strain Nigeria/IbAr10200/1970),652961,Nucleoprotein,"Bos taurus, Capra hircus, Homo sapiens, Hyalomma, Ovis aries, Rhipicephalus microplus","9913, 9925, 9606, 34625, 9940, 6941",,,,,,,,,,,,,,,,,,,,,,,,,,,,,,,,,,,,,,,,,,,,,,,,,,,,,,,,,,,,,,,,,,
P89946,1239,P89946,Q80S23,Viruses,Barmah forest virus,11020,Structural polyprotein,"Anopheles amictus, Culex annulirostris, Homo sapiens, Macropus","59117, 162997, 9606, 9312",687,707,ECO:0000255,757,777,ECO:0000255,780,800,ECO:0000255,1217,1237,ECO:0000255,,,,,,,,,,,,,,,,,,,,,,,,,,,,,,,,,,,,,,,,,,,,,,,,,,,,,,
Q01299,3414,Q01299,,Viruses,Tick-borne encephalitis virus (strain Hypr),70733,Genome polyprotein,"Homo sapiens, Ixodes persulcatus, Ixodes ricinus","9606, 34615, 34613",99,119,ECO:0000255,243,260,ECO:0000255,262,280,ECO:0000255,728,748,ECO:0000255,756,776,ECO:0000305,1133,1153,ECO:0000255,1159,1179,ECO:0000255,1188,1208,ECO:0000255,1294,1314,ECO:0000255,1328,1348,ECO:0000255,1360,1377,ECO:0000255,1383,1403,ECO:0000255,2161,2181,ECO:0000255,2212,2232,ECO:0000255,2245,2265,ECO:0000255,2369,2389,ECO:0000255,2433,2453,ECO:0000255,2478,2498,ECO:0000255,,,,,,,,,,,,
Q01403,520,Q01403,,Viruses,Hepatitis C virus (isolate HCV-KF),31644,Genome polyprotein,Homo sapiens,9606,169,189,ECO:0000255,359,379,ECO:0000250,,,,,,,,,,,,,,,,,,,,,,,,,,,,,,,,,,,,,,,,,,,,,,,,,,,,,,,,,,,,
Q01499,3898,Q01499,,Viruses,Bovine viral diarrhea virus (strain SD-1),31656,Genome polyprotein,Bos taurus,9913,667,687,ECO:0000255,1036,1056,ECO:0000255,1079,1099,ECO:0000255,1108,1128,ECO:0000255,1144,1164,ECO:0000255,1189,1209,ECO:0000255,1217,1237,ECO:0000255,1247,1267,ECO:0000255,1281,1301,ECO:0000255,1360,1380,ECO:0000255,1568,1588,ECO:0000255,,,,,,,,,,,,,,,,,,,,,,,,,,,,,,,,,
Q02843,513,Q02843,,Viruses,Simian immunodeficiency virus agm.grivet (isolate AGM gr-1),31684,Gag polyprotein,Cercopithecidae,9527,,,,,,,,,,,,,,,,,,,,,,,,,,,,,,,,,,,,,,,,,,,,,,,,,,,,,,,,,,,,,,,,,,
Q03053,2185,Q03053,,Viruses,Coxsackievirus B5 (strain Peterborough / 1954/UK/85),103907,Genome polyprotein,Homo sapiens,9606,,,,,,,,,,,,,,,,,,,,,,,,,,,,,,,,,,,,,,,,,,,,,,,,,,,,,,,,,,,,,,,,,,
Q03463,3011,Q03463,,Viruses,Hepatitis C virus genotype 1b (isolate HC-J1),421877,Genome polyprotein,Homo sapiens,9606,169,189,ECO:0000255,359,379,ECO:0000250,726,746,ECO:0000250,758,778,ECO:0000250,782,803,ECO:0000250,814,834,ECO:0000250,839,859,ECO:0000250,882,902,ECO:0000250,1658,1678,ECO:0000255,1806,1824,ECO:0000255,1829,1849,ECO:0000255,1851,1871,ECO:0000255,1882,1902,ECO:0000255,2991,3011,ECO:0000250,,,,,,,,,,,,,,,,,,,,,,,,
Q03556,216,Q03556,"A0A9W3HR45, Q65322",Viruses,Bovine adenovirus B serotype 3,10510,Pre-hexon-linking protein VIII,Bos taurus,9913,,,,,,,,,,,,,,,,,,,,,,,,,,,,,,,,,,,,,,,,,,,,,,,,,,,,,,,,,,,,,,,,,,
Q04538,3415,Q04538,,Viruses,Tick-borne powassan virus (strain LB),39008,Genome polyprotein,"Dermacentor andersoni, Homo sapiens, Ixodes cookei, Ixodes scapularis, Ixodes spinipalpis, Lepus americanus, Marmota monax","34620, 9606, 35565, 6945, 34614, 48086, 9995",97,117,ECO:0000255,244,260,ECO:0000255,262,278,ECO:0000255,727,747,ECO:0000255,755,775,ECO:0000255,1188,1208,"ECO:0000250, ECO:0000255",1234,1253,"ECO:0000250, ECO:0000255",1255,1275,"ECO:0000250, ECO:0000255",1293,1313,"ECO:0000250, ECO:0000255",1328,1348,"ECO:0000250, ECO:0000255",1360,1378,ECO:0000255,1383,1403,ECO:0000255,2164,2184,ECO:0000255,2212,2232,ECO:0000255,2244,2264,ECO:0000255,2370,2390,ECO:0000255,2434,2454,ECO:0000255,2480,2500,ECO:0000255,,,,,,,,,,,,
Q04544,1788,Q04544,,Viruses,Southampton virus (strain GI/Human/United Kingdom/Southampton/1991),37129,Genome polyprotein,Homo sapiens,9606,,,,,,,,,,,,,,,,,,,,,,,,,,,,,,,,,,,,,,,,,,,,,,,,,,,,,,,,,,,,,,,,,,
Q04561,3855,Q04561,,Viruses,Porcine reproductive and respiratory syndrome virus (strain Lelystad),11049,Replicase polyprotein 1ab,Sus scrofa,9823,1134,1154,ECO:0000255,1179,1199,ECO:0000255,1252,1272,ECO:0000255,1468,1488,ECO:0000255,1521,1541,ECO:0000255,1543,1563,ECO:0000255,1573,1593,ECO:0000255,1609,1629,ECO:0000255,1919,1939,ECO:0000255,1943,1963,ECO:0000255,1977,1997,ECO:0000255,2020,2040,ECO:0000255,,,,,,,,,,,,,,,,,,,,,,,,,,,,,,
Q04610,1693,Q04610,,Viruses,Hepatitis E virus genotype 1 (isolate Human/Myanmar/HEVNE8L),31769,Non-structural polyprotein pORF1,Homo sapiens,9606,,,,,,,,,,,,,,,,,,,,,,,,,,,,,,,,,,,,,,,,,,,,,,,,,,,,,,,,,,,,,,,,,,
Q05318,2212,Q05318,"O39794, Q773N0, Q8JS59, Q9DQD1",Viruses,Zaire ebolavirus (strain Mayinga-76),128952,RNA-directed RNA polymerase L,"Epomops franqueti, Homo sapiens, Myonycteris torquata","77231, 9606, 77243",,,,,,,,,,,,,,,,,,,,,,,,,,,,,,,,,,,,,,,,,,,,,,,,,,,,,,,,,,,,,,,,,,
Q06996,2228,Q06996,,Viruses,Sendai virus (strain Fushimi),11195,RNA-directed RNA polymerase L,"Cavia cutleri, Cricetidae sp., Mus musculus, Rattus norvegicus","10144, 36483, 10090, 10116",,,,,,,,,,,,,,,,,,,,,,,,,,,,,,,,,,,,,,,,,,,,,,,,,,,,,,,,,,,,,,,,,,
Q07097,524,Q07097,,Viruses,Sendai virus (strain Fushimi),11195,Nucleoprotein,"Cavia cutleri, Cricetidae sp., Mus musculus, Rattus norvegicus","10144, 36483, 10090, 10116",,,,,,,,,,,,,,,,,,,,,,,,,,,,,,,,,,,,,,,,,,,,,,,,,,,,,,,,,,,,,,,,,,
Q155Z9,2181,Q155Z9,,Viruses,Seneca Valley virus (isolate -/United States/SSV-001/2002),686944,Genome polyprotein,Sus scrofa,9823,,,,,,,,,,,,,,,,,,,,,,,,,,,,,,,,,,,,,,,,,,,,,,,,,,,,,,,,,,,,,,,,,,
Q1HVC7,605,Q1HVC7,Q1HVC6,Viruses,Epstein-Barr virus (strain AG876),82830,Capsid scaffolding protein,Homo sapiens,9606,,,,,,,,,,,,,,,,,,,,,,,,,,,,,,,,,,,,,,,,,,,,,,,,,,,,,,,,,,,,,,,,,,
Q1X881,3412,Q1X881,,Viruses,Yellow fever virus (isolate Angola/14FA/1971),407140,Genome polyprotein,"Aedes aegypti, Aedes luteocephalus, Aedes simpsoni, Homo sapiens, Simiiformes","7159, 299629, 7161, 9606, 314293",105,125,ECO:0000255,245,265,ECO:0000255,271,285,ECO:0000255,731,751,ECO:0000255,758,778,ECO:0000255,1133,1153,ECO:0000250,1202,1222,ECO:0000250,1288,1308,ECO:0000250,1356,1376,ECO:0000250,1379,1399,ECO:0000255,2158,2178,ECO:0000255,2210,2230,ECO:0000255,2242,2262,ECO:0000255,2361,2380,ECO:0000255,2422,2442,ECO:0000255,2446,2466,ECO:0000255,,,,,,,,,,,,,,,,,,
Q2F7J3,1733,Q2F7J3,,Viruses,Xenotropic MuLV-related virus (isolate VP35),356663,Gag-Pol polyprotein,Homo sapiens,9606,,,,,,,,,,,,,,,,,,,,,,,,,,,,,,,,,,,,,,,,,,,,,,,,,,,,,,,,,,,,,,,,,,
Q2HRB6,534,Q2HRB6,"D0UZM9, O36607, Q2HRB5",Viruses,Human herpesvirus 8 type P (isolate GK18),868565,Capsid scaffolding protein,Homo sapiens,9606,,,,,,,,,,,,,,,,,,,,,,,,,,,,,,,,,,,,,,,,,,,,,,,,,,,,,,,,,,,,,,,,,,
Q2YHF0,3387,Q2YHF0,,Viruses,Dengue virus type 4 (strain Thailand/0348/1991),408688,Genome polyprotein,"Aedes aegypti, Aedes albopictus, Aedes polynesiensis, Homo sapiens","7159, 7160, 188700, 9606",101,117,ECO:0000255,238,258,ECO:0000255,266,279,ECO:0000255,726,746,ECO:0000255,754,774,ECO:0000255,1195,1218,ECO:0000255,1225,1243,ECO:0000255,1268,1288,ECO:0000255,1290,1308,ECO:0000255,1317,1337,ECO:0000255,1346,1366,ECO:0000305,1370,1390,ECO:0000305,2144,2164,ECO:0000255,2192,2212,ECO:0000255,2226,2246,ECO:0000255,2344,2364,ECO:0000255,2410,2430,ECO:0000255,2456,2476,ECO:0000255,,,,,,,,,,,,
Q306W6,2471,Q306W6,,Viruses,Eastern equine encephalitis virus (strain PE-0.0155),374596,Polyprotein P1234,"Aedes, Homo sapiens, Passeriformes","7158, 9606, 9126",,,,,,,,,,,,,,,,,,,,,,,,,,,,,,,,,,,,,,,,,,,,,,,,,,,,,,,,,,,,,,,,,,
Q306W8,2474,Q306W8,,Viruses,Eastern equine encephalitis virus (strain PE-3.0815),374597,Polyprotein P1234,"Aedes, Homo sapiens, Passeriformes","7158, 9606, 9126",,,,,,,,,,,,,,,,,,,,,,,,,,,,,,,,,,,,,,,,,,,,,,,,,,,,,,,,,,,,,,,,,,
Q32ZD4,3425,Q32ZD4,,Viruses,Rocio virus,64315,Genome polyprotein,"Culex, Homo sapiens","7174, 9606",104,124,ECO:0000255,245,265,ECO:0000255,271,285,ECO:0000305,739,759,ECO:0000255,766,786,ECO:0000255,1171,1191,ECO:0000255,1214,1234,ECO:0000255,1264,1284,ECO:0000255,1302,1322,ECO:0000255,1334,1354,ECO:0000255,1368,1388,ECO:0000255,1393,1413,ECO:0000255,2167,2187,ECO:0000255,2215,2235,ECO:0000255,2251,2265,ECO:0000305,2346,2366,ECO:0000255,2374,2394,ECO:0000255,2442,2462,ECO:0000255,,,,,,,,,,,,
Q32ZD5,3410,Q32ZD5,,Viruses,Kokobera virus,44024,Genome polyprotein,"Culex annulirostris, Homo sapiens, Ochlerotatus camptorhynchus, Ochlerotatus vigilax","162997, 9606, 644619, 569589",104,124,ECO:0000255,246,266,ECO:0000255,272,286,ECO:0000305,740,760,ECO:0000255,767,787,ECO:0000255,1166,1186,ECO:0000255,1215,1235,ECO:0000255,1243,1263,ECO:0000255,1285,1305,ECO:0000255,1336,1356,ECO:0000255,1364,1384,ECO:0000255,1388,1408,ECO:0000255,2159,2179,ECO:0000255,2207,2227,ECO:0000255,2243,2257,ECO:0000305,2337,2357,ECO:0000255,2359,2379,ECO:0000255,2421,2441,ECO:0000255,,,,,,,,,,,,
Q32ZD7,3424,Q32ZD7,,Viruses,Ilheus virus,59563,Genome polyprotein,"Aedes sp., Aves, Culex, Haemagogus, Homo sapiens, Molothrus bonariensis, Ochlerotatus, Psorophora, Sabethes, Sporophila caerulescens, Trichoprosopon","37951, 8782, 7174, 7180, 9606, 84836, 190765, 7182, 53551, 256689, 704162",102,122,ECO:0000255,245,265,ECO:0000255,271,285,ECO:0000305,739,759,ECO:0000255,766,786,ECO:0000255,1171,1191,ECO:0000255,1214,1234,ECO:0000255,1277,1297,ECO:0000255,1303,1323,ECO:0000255,1334,1354,ECO:0000255,1368,1388,ECO:0000255,1392,1412,ECO:0000255,2168,2188,ECO:0000255,2214,2234,ECO:0000255,2250,2264,ECO:0000305,2343,2363,ECO:0000255,2372,2392,ECO:0000255,2440,2460,ECO:0000255,,,,,,,,,,,,
Q32ZE1,3419,Q32ZE1,,Viruses,Zika virus,64320,Genome polyprotein,"Aedes aegypti, Aedes albopictus, Homo sapiens, Macaca mulatta","7159, 7160, 9606, 9544",105,125,ECO:0000255,250,269,ECO:0000255,275,290,ECO:0000305,742,763,ECO:0000255,770,790,ECO:0000255,1174,1194,ECO:0000255,1217,1237,ECO:0000255,1267,1287,ECO:0000255,1292,1312,ECO:0000255,1342,1362,ECO:0000255,1370,1390,ECO:0000255,1394,1414,ECO:0000255,2167,2187,ECO:0000255,2215,2235,ECO:0000255,2341,2361,ECO:0000255,2372,2392,ECO:0000255,2438,2458,ECO:0000255,,,,,,,,,,,,,,,
Q3I100,3433,Q3I100,,Viruses,West Nile virus,11082,Genome polyprotein,"Aedes, Alligator, Amblyomma variegatum, Aves, Culex, Equus caballus, Homo sapiens, Hyalomma marginatum, Mansonia uniformis, Mimomyia, Ovis aries, Rhipicephalus, Sciurus niger","7158, 8495, 34610, 8782, 53527, 9796, 9606, 34627, 308735, 308737, 9940, 34630, 34861",44,66,ECO:0000256,107,126,ECO:0000256,250,269,ECO:0000256,276,292,ECO:0000256,743,764,ECO:0000256,1179,1197,ECO:0000256,1217,1238,ECO:0000256,1245,1261,ECO:0000256,1281,1305,ECO:0000256,1312,1330,ECO:0000256,1342,1366,ECO:0000256,1378,1396,ECO:0000256,1402,1420,ECO:0000256,1472,1498,ECO:0000256,2174,2195,ECO:0000256,2204,2222,ECO:0000256,2228,2245,ECO:0000256,2257,2279,ECO:0000256,2312,2329,ECO:0000256,2350,2373,ECO:0000256,2379,2398,ECO:0000256,2446,2465,ECO:0000256
Q3YPH4,671,Q3YPH4,"Q3YPH3, U5XGX2",Viruses,Primate bocaparvovirus 1 (strain Human bocavirus 1 type 1),689403,Minor capsid protein VP1,Homo sapiens,9606,,,,,,,,,,,,,,,,,,,,,,,,,,,,,,,,,,,,,,,,,,,,,,,,,,,,,,,,,,,,,,,,,,
Q4QXJ7,1242,Q4QXJ7,,Viruses,Eastern equine encephalitis virus (strain Florida 91-469),374598,Structural polyprotein,"Aedes, Homo sapiens, Passeriformes","7158, 9606, 9126",689,709,ECO:0000255,760,780,ECO:0000255,781,801,ECO:0000255,1219,1239,ECO:0000255,,,,,,,,,,,,,,,,,,,,,,,,,,,,,,,,,,,,,,,,,,,,,,,,,,,,,,
Q4QXJ8,2494,Q4QXJ8,"Q4QXK0, Q5XZF4",Viruses,Eastern equine encephalitis virus (strain Florida 91-469),374598,Polyprotein P1234,"Aedes, Homo sapiens, Passeriformes","7158, 9606, 9126",,,,,,,,,,,,,,,,,,,,,,,,,,,,,,,,,,,,,,,,,,,,,,,,,,,,,,,,,,,,,,,,,,
Q58HT7,3387,Q58HT7,,Viruses,Dengue virus type 4 (strain Philippines/H241/1956),408686,Genome polyprotein,"Aedes aegypti, Aedes albopictus, Aedes polynesiensis, Homo sapiens","7159, 7160, 188700, 9606",101,117,ECO:0000255,238,258,ECO:0000255,266,279,ECO:0000255,724,746,ECO:0000255,751,771,ECO:0000255,1195,1218,ECO:0000255,1225,1243,ECO:0000255,1268,1288,ECO:0000255,1290,1308,ECO:0000255,1317,1337,ECO:0000255,1346,1366,ECO:0000255,1370,1390,ECO:0000255,2147,2167,ECO:0000255,2192,2212,ECO:0000255,2226,2246,ECO:0000255,2344,2364,ECO:0000255,2410,2430,ECO:0000255,2456,2476,ECO:0000255,,,,,,,,,,,,
Q5DW45,2193,Q5DW45,,Viruses,Human enterovirus 71,39054,Genome polyprotein,Homo sapiens,9606,,,,,,,,,,,,,,,,,,,,,,,,,,,,,,,,,,,,,,,,,,,,,,,,,,,,,,,,,,,,,,,,,,
Q5EG65,829,Q5EG65,,Viruses,Hepatitis C virus (isolate Glasgow),329389,Genome polyprotein,Homo sapiens,9606,169,189,ECO:0000255,359,379,ECO:0000250,726,746,ECO:0000250,758,778,ECO:0000250,782,803,ECO:0000250,814,829,ECO:0000250,,,,,,,,,,,,,,,,,,,,,,,,,,,,,,,,,,,,,,,,,,,,,,,,
Q5SBG8,3433,Q5SBG8,,Viruses,West Nile virus,11082,Genome polyprotein,"Aedes, Alligator, Amblyomma variegatum, Aves, Culex, Equus caballus, Homo sapiens, Hyalomma marginatum, Mansonia uniformis, Mimomyia, Ovis aries, Rhipicephalus, Sciurus niger","7158, 8495, 34610, 8782, 53527, 9796, 9606, 34627, 308735, 308737, 9940, 34630, 34861",44,66,ECO:0000256,107,126,ECO:0000256,250,269,ECO:0000256,276,292,ECO:0000256,743,764,ECO:0000256,1179,1197,ECO:0000256,1217,1238,ECO:0000256,1245,1261,ECO:0000256,1281,1305,ECO:0000256,1312,1330,ECO:0000256,1342,1366,ECO:0000256,1378,1396,ECO:0000256,1402,1420,ECO:0000256,1472,1498,ECO:0000256,2174,2195,ECO:0000256,2204,2222,ECO:0000256,2228,2245,ECO:0000256,2257,2279,ECO:0000256,2312,2329,ECO:0000256,2350,2373,ECO:0000256,2379,2398,ECO:0000256,2446,2465,ECO:0000256
Q5UB51,3390,Q5UB51,,Viruses,Dengue virus type 3 (strain Singapore/8120/1995),408693,Genome polyprotein,"Aedimorphus, Diceromyia, Erythrocebus patas, Homo sapiens, Stegomyia","53540, 53539, 9538, 9606, 53541",101,118,ECO:0000255,244,264,ECO:0000255,266,280,ECO:0000255,724,744,ECO:0000255,751,771,ECO:0000255,1194,1218,ECO:0000255,1225,1243,ECO:0000255,1268,1288,ECO:0000255,1290,1308,ECO:0000255,1316,1336,ECO:0000255,1345,1365,ECO:0000255,1369,1389,ECO:0000255,2147,2167,ECO:0000255,2192,2212,ECO:0000255,2228,2248,ECO:0000255,2347,2367,ECO:0000255,2413,2433,ECO:0000255,2459,2479,ECO:0000255,,,,,,,,,,,,
Q5WPU5,3434,Q5WPU5,,Viruses,Usutu virus,64286,Genome polyprotein,"Aedes albopictus, Anopheles maculipennis, Coquillettidia aurites, Culex neavei, Culex perexiguus, Culex pipiens, Homo sapiens, Mansonia africana, Ochlerotatus caspius, Turdus merula","7160, 41429, 653291, 864528, 943103, 7175, 9606, 667564, 120870, 9187",107,126,ECO:0000255,249,273,ECO:0000255,279,293,ECO:0000305,746,766,ECO:0000255,773,793,ECO:0000255,1219,1239,ECO:0000255,1250,1270,ECO:0000255,1287,1307,ECO:0000255,1309,1329,ECO:0000255,1341,1361,ECO:0000255,1374,1394,ECO:0000255,1398,1418,ECO:0000255,2174,2194,ECO:0000255,2221,2241,ECO:0000255,2257,2277,ECO:0000255,2369,2389,ECO:0000255,2447,2467,ECO:0000255,2472,2492,ECO:0000255,,,,,,,,,,,,
Q5XX01,2210,Q5XX01,,Viruses,Sudan ebolavirus (strain Human/Uganda/Gulu/2000),386033,RNA-directed RNA polymerase L,"Epomops franqueti, Homo sapiens, Myonycteris torquata","77231, 9606, 77243",,,,,,,,,,,,,,,,,,,,,,,,,,,,,,,,,,,,,,,,,,,,,,,,,,,,,,,,,,,,,,,,,,
Q5XXP3,1248,Q5XXP3,,Viruses,Chikungunya virus (strain 37997),371095,Structural polyprotein,"Aedes aegypti, Aedes albopictus, Aedes furcifer, Aedes polynesiensis, Cercopithecus, Homo sapiens, Macaca, Pan troglodytes, Papio, Presbytis","7159, 7160, 299627, 188700, 9533, 9606, 9539, 9598, 9554, 9573",693,713,ECO:0000255,764,784,ECO:0000255,796,816,ECO:0000255,1225,1245,ECO:0000255,,,,,,,,,,,,,,,,,,,,,,,,,,,,,,,,,,,,,,,,,,,,,,,,,,,,,,
Q5XXP4,2474,Q5XXP4,,Viruses,Chikungunya virus (strain 37997),371095,Polyprotein P1234,"Aedes aegypti, Aedes albopictus, Aedes furcifer, Aedes polynesiensis, Cercopithecus, Homo sapiens, Macaca, Pan troglodytes, Papio, Presbytis","7159, 7160, 299627, 188700, 9533, 9606, 9539, 9598, 9554, 9573",,,,,,,,,,,,,,,,,,,,,,,,,,,,,,,,,,,,,,,,,,,,,,,,,,,,,,,,,,,,,,,,,,
Q5Y388,1253,Q5Y388,"A0A291S763, Q80S31",Viruses,Getah virus,59300,Structural polyprotein,"Aedes vexans, Culex tritaeniorhynchus, Equus caballus, Homo sapiens, Sus scrofa, Vulpes vulpes","7163, 7178, 9796, 9606, 9823, 9627",695,715,ECO:0000255,770,790,ECO:0000255,793,813,ECO:0000255,1228,1248,ECO:0000255,,,,,,,,,,,,,,,,,,,,,,,,,,,,,,,,,,,,,,,,,,,,,,,,,,,,,,
Q5Y389,2467,Q5Y389,,Viruses,Getah virus,59300,Polyprotein P1234,"Aedes vexans, Culex tritaeniorhynchus, Equus caballus, Homo sapiens, Sus scrofa, Vulpes vulpes","7163, 7178, 9796, 9606, 9823, 9627",,,,,,,,,,,,,,,,,,,,,,,,,,,,,,,,,,,,,,,,,,,,,,,,,,,,,,,,,,,,,,,,,,
Q65900,2193,Q65900,,Viruses,Coxsackievirus A16 (strain G-10),69159,Genome polyprotein,Homo sapiens,9606,,,,,,,,,,,,,,,,,,,,,,,,,,,,,,,,,,,,,,,,,,,,,,,,,,,,,,,,,,,,,,,,,,
Q66282,2185,Q66282,,Viruses,Coxsackievirus B3 (strain Woodruff),103904,Genome polyprotein,Homo sapiens,9606,,,,,,,,,,,,,,,,,,,,,,,,,,,,,,,,,,,,,,,,,,,,,,,,,,,,,,,,,,,,,,,,,,
Q66431,4036,Q66431,,Viruses,Dugbe virus (isolate ArD44313),766194,RNA-directed RNA polymerase L,"Amblyomma variegatum, Homo sapiens, Hyalomma rufipes, Hyalomma truncatum, Rhipicephalus, Rhipicephalus annulatus, Rhipicephalus decoloratus, Rhipicephalus geigyi","34610, 9606, 72862, 72855, 34630, 34611, 60189, 136141",,,,,,,,,,,,,,,,,,,,,,,,,,,,,,,,,,,,,,,,,,,,,,,,,,,,,,,,,,,,,,,,,,
Q66474,2191,Q66474,,Viruses,Echovirus 6 (strain Charles),103913,Genome polyprotein,Homo sapiens,9606,,,,,,,,,,,,,,,,,,,,,,,,,,,,,,,,,,,,,,,,,,,,,,,,,,,,,,,,,,,,,,,,,,
Q66478,2193,Q66478,,Viruses,Human enterovirus 71 (strain USA/BrCr/1970),69153,Genome polyprotein,Homo sapiens,9606,,,,,,,,,,,,,,,,,,,,,,,,,,,,,,,,,,,,,,,,,,,,,,,,,,,,,,,,,,,,,,,,,,
Q66479,2193,Q66479,,Viruses,Human enterovirus 71 (strain 7423/MS/87),103922,Genome polyprotein,Homo sapiens,9606,,,,,,,,,,,,,,,,,,,,,,,,,,,,,,,,,,,,,,,,,,,,,,,,,,,,,,,,,,,,,,,,,,
Q66575,2193,Q66575,Q66576,Viruses,Echovirus 12 (strain Travis),103909,Genome polyprotein,Homo sapiens,9606,,,,,,,,,,,,,,,,,,,,,,,,,,,,,,,,,,,,,,,,,,,,,,,,,,,,,,,,,,,,,,,,,,
Q66578,2180,Q66578,Q90062,Viruses,Human parechovirus 1 (strain Harris),103911,Genome polyprotein,"Homo sapiens, Macaca","9606, 9539",,,,,,,,,,,,,,,,,,,,,,,,,,,,,,,,,,,,,,,,,,,,,,,,,,,,,,,,,,,,,,,,,,
Q66765,2292,Q66765,,Viruses,Encephalomyocarditis virus (strain Rueckert),2870365,Genome polyprotein,"Homo sapiens, Mus musculus, Sigmodon hispidus, Sus scrofa","9606, 10090, 42415, 9823",,,,,,,,,,,,,,,,,,,,,,,,,,,,,,,,,,,,,,,,,,,,,,,,,,,,,,,,,,,,,,,,,,
Q66914,1763,Q66914,,Viruses,Feline calicivirus (strain Cat/United States/Urbana/1960),292349,Genome polyprotein,Felis catus,9685,,,,,,,,,,,,,,,,,,,,,,,,,,,,,,,,,,,,,,,,,,,,,,,,,,,,,,,,,,,,,,,,,,
Q673V0,1012,Q673V0,,Viruses,Human immunodeficiency virus type 1,11676,Gag-Pol polyprotein,Homo sapiens,9606,,,,,,,,,,,,,,,,,,,,,,,,,,,,,,,,,,,,,,,,,,,,,,,,,,,,,,,,,,,,,,,,,,
Q69014,2280,Q69014,,Viruses,Sapporo virus (strain Human/United Kingdom/Manchester/1993),82659,Genome polyprotein,Homo sapiens,9606,,,,,,,,,,,,,,,,,,,,,,,,,,,,,,,,,,,,,,,,,,,,,,,,,,,,,,,,,,,,,,,,,,
Q69422,2864,Q69422,"Q6QLR5, Q6QLR6, Q6QLR7, Q6QLR8, Q6QLR9, Q6QLS0, Q8JKE4, Q999T0, Q9QEW5",Viruses,Hepatitis GB virus B,2847087,Genome polyprotein,"Callithrix jacchus, Saguinus","9483, 9486",133,153,ECO:0000255,324,344,ECO:0000255,582,602,ECO:0000255,628,648,ECO:0000255,660,680,ECO:0000255,706,726,ECO:0000255,737,757,ECO:0000255,790,810,ECO:0000255,847,867,ECO:0000255,1565,1585,ECO:0000255,1653,1673,ECO:0000255,1678,1698,ECO:0000255,1722,1742,ECO:0000255,1783,1803,ECO:0000255,1864,1884,ECO:0000255,2844,2864,ECO:0000255,,,,,,,,,,,,,,,,,,
Q6DV88,3411,Q6DV88,Q89278,Viruses,Yellow fever virus (strain Ghana/Asibi/1927),407134,Genome polyprotein,"Aedes aegypti, Aedes luteocephalus, Aedes simpsoni, Homo sapiens, Simiiformes","7159, 299629, 7161, 9606, 314293",105,125,ECO:0000255,245,265,ECO:0000255,271,285,ECO:0000305,731,751,ECO:0000255,758,778,ECO:0000250,1133,1153,ECO:0000250,1202,1222,ECO:0000250,1288,1308,ECO:0000250,1356,1376,ECO:0000250,1379,1399,ECO:0000255,2158,2178,ECO:0000255,2210,2230,ECO:0000255,2242,2262,ECO:0000255,2361,2380,ECO:0000255,2422,2442,ECO:0000255,2446,2466,ECO:0000255,,,,,,,,,,,,,,,,,,
Q6PMW3,2332,Q6PMW3,,Viruses,Foot-and-mouth disease virus serotype O,12118,Genome polyprotein,"Bos taurus, Capra hircus, Cervidae, Erinaceidae, Loxodonta africana, Ovis aries, Rattus norvegicus, Sus scrofa","9913, 9925, 9850, 9363, 9785, 9940, 10116, 9823",,,,,,,,,,,,,,,,,,,,,,,,,,,,,,,,,,,,,,,,,,,,,,,,,,,,,,,,,,,,,,,,,,
Q6TQR6,3945,Q6TQR6,"Q6TFZ7, Q6TQF5",Viruses,Crimean-Congo hemorrhagic fever virus (strain Nigeria/IbAr10200/1970),652961,RNA-directed RNA polymerase L,"Bos taurus, Capra hircus, Homo sapiens, Hyalomma, Ovis aries, Rhipicephalus microplus","9913, 9925, 9606, 34625, 9940, 6941",,,,,,,,,,,,,,,,,,,,,,,,,,,,,,,,,,,,,,,,,,,,,,,,,,,,,,,,,,,,,,,,,,
Q6WB93,2005,Q6WB93,,Viruses,Human metapneumovirus (strain CAN97-83),694067,RNA-directed RNA polymerase L,Homo sapiens,9606,,,,,,,,,,,,,,,,,,,,,,,,,,,,,,,,,,,,,,,,,,,,,,,,,,,,,,,,,,,,,,,,,,
Q6XDK8,2278,Q6XDK8,,Viruses,Sapporo virus (isolate GII/Human/Thailand/Mc10/2000),234601,Genome polyprotein,Homo sapiens,9606,,,,,,,,,,,,,,,,,,,,,,,,,,,,,,,,,,,,,,,,,,,,,,,,,,,,,,,,,,,,,,,,,,
Q6YMS4,3390,Q6YMS4,Q6DLV0,Viruses,Dengue virus type 3 (strain Sri Lanka/1266/2000),408692,Genome polyprotein,"Aedimorphus, Diceromyia, Erythrocebus patas, Homo sapiens, Stegomyia","53540, 53539, 9538, 9606, 53541",101,120,ECO:0000255,244,264,ECO:0000255,266,280,ECO:0000255,724,744,ECO:0000255,751,771,ECO:0000255,1194,1218,ECO:0000255,1225,1243,ECO:0000255,1268,1288,ECO:0000255,1290,1308,ECO:0000255,1316,1336,ECO:0000255,1345,1365,ECO:0000255,1369,1389,ECO:0000255,2147,2167,ECO:0000255,2192,2212,ECO:0000255,2228,2248,ECO:0000255,2347,2367,ECO:0000255,2413,2433,ECO:0000255,2459,2479,ECO:0000255,,,,,,,,,,,,
Q6ZZ87,2332,Q6ZZ87,,Viruses,Foot-and-mouth disease virus serotype O,12118,Genome polyprotein,"Bos taurus, Capra hircus, Cervidae, Erinaceidae, Loxodonta africana, Ovis aries, Rattus norvegicus, Sus scrofa","9913, 9925, 9850, 9363, 9785, 9940, 10116, 9823",,,,,,,,,,,,,,,,,,,,,,,,,,,,,,,,,,,,,,,,,,,,,,,,,,,,,,,,,,,,,,,,,,
Q70622,500,Q70622,,Viruses,Human immunodeficiency virus type 1 group M subtype B (isolate LW123),82834,Gag polyprotein,Homo sapiens,9606,,,,,,,,,,,,,,,,,,,,,,,,,,,,,,,,,,,,,,,,,,,,,,,,,,,,,,,,,,,,,,,,,,
Q70XD7,1499,Q70XD7,,Viruses,Human immunodeficiency virus type 1,11676,Gag polyprotein,Homo sapiens,9606,,,,,,,,,,,,,,,,,,,,,,,,,,,,,,,,,,,,,,,,,,,,,,,,,,,,,,,,,,,,,,,,,,
Q72498,1003,Q72498,,Viruses,Human immunodeficiency virus type 1,11676,Gag-Pol polyprotein,Homo sapiens,9606,,,,,,,,,,,,,,,,,,,,,,,,,,,,,,,,,,,,,,,,,,,,,,,,,,,,,,,,,,,,,,,,,,
Q75002,1439,Q75002,,Viruses,Human immunodeficiency virus type 1 group M subtype C (isolate ETH2220),388796,Gag-Pol polyprotein,Homo sapiens,9606,,,,,,,,,,,,,,,,,,,,,,,,,,,,,,,,,,,,,,,,,,,,,,,,,,,,,,,,,,,,,,,,,,
Q76353,288,Q76353,,Viruses,Human immunodeficiency virus type 1,11676,Gag-Pol polyprotein,Homo sapiens,9606,,,,,,,,,,,,,,,,,,,,,,,,,,,,,,,,,,,,,,,,,,,,,,,,,,,,,,,,,,,,,,,,,,
Q76R61,183,Q76R61,,Viruses,Hepatitis B virus genotype C subtype ayr (isolate Human/Japan/Okamoto/-),928302,Capsid protein,"Homo sapiens, Pan troglodytes","9606, 9598",,,,,,,,,,,,,,,,,,,,,,,,,,,,,,,,,,,,,,,,,,,,,,,,,,,,,,,,,,,,,,,,,,
Q77M43,525,Q77M43,Q89794,Viruses,Measles virus (strain Edmonston-Moraten vaccine),132484,Nucleoprotein,Homo sapiens,9606,,,,,,,,,,,,,,,,,,,,,,,,,,,,,,,,,,,,,,,,,,,,,,,,,,,,,,,,,,,,,,,,,,
Q79665,498,Q79665,,Viruses,Human immunodeficiency virus type 1 group O (isolate MVP5180),388816,Gag polyprotein,Homo sapiens,9606,,,,,,,,,,,,,,,,,,,,,,,,,,,,,,,,,,,,,,,,,,,,,,,,,,,,,,,,,,,,,,,,,,
Q7T6D2,3414,Q7T6D2,Q6JJM0,Viruses,Omsk hemorrhagic fever virus,12542,Genome polyprotein,"Homo sapiens, Ondatra zibethicus","9606, 10060",99,119,ECO:0000255,243,260,ECO:0000305,262,280,ECO:0000305,728,748,ECO:0000255,756,776,ECO:0000305,1133,1153,ECO:0000255,1159,1179,ECO:0000255,1188,1208,ECO:0000255,1237,1257,ECO:0000255,1294,1314,ECO:0000255,1364,1381,ECO:0000255,1383,1403,ECO:0000255,2161,2181,ECO:0000255,2212,2232,ECO:0000255,2245,2265,ECO:0000255,2369,2389,ECO:0000255,2433,2453,ECO:0000255,2478,2498,ECO:0000255,,,,,,,,,,,,
Q7TD07,2332,Q7TD07,,Viruses,Foot-and-mouth disease virus serotype O,12118,Genome polyprotein,"Bos taurus, Capra hircus, Cervidae, Erinaceidae, Loxodonta africana, Ovis aries, Rattus norvegicus, Sus scrofa","9913, 9925, 9850, 9363, 9785, 9940, 10116, 9823",,,,,,,,,,,,,,,,,,,,,,,,,,,,,,,,,,,,,,,,,,,,,,,,,,,,,,,,,,,,,,,,,,
Q80B22,2332,Q80B22,,Viruses,Foot-and-mouth disease virus serotype O,12118,Genome polyprotein,"Bos taurus, Capra hircus, Cervidae, Erinaceidae, Loxodonta africana, Ovis aries, Rattus norvegicus, Sus scrofa","9913, 9925, 9850, 9363, 9785, 9940, 10116, 9823",,,,,,,,,,,,,,,,,,,,,,,,,,,,,,,,,,,,,,,,,,,,,,,,,,,,,,,,,,,,,,,,,,
Q81258,3021,Q81258,,Viruses,Hepatitis C virus genotype 3a (isolate NZL1),356415,Genome polyprotein,Homo sapiens,9606,169,189,ECO:0000255,359,379,ECO:0000250,732,752,ECO:0000250,764,784,ECO:0000250,788,809,ECO:0000250,820,840,ECO:0000250,845,864,ECO:0000250,888,908,ECO:0000250,1664,1684,ECO:0000255,1812,1830,ECO:0000255,1835,1855,ECO:0000255,1857,1877,ECO:0000255,1888,1908,ECO:0000255,3001,3021,ECO:0000250,,,,,,,,,,,,,,,,,,,,,,,,
Q81862,1693,Q81862,"Q81344, Q81863, Q81864, Q81865, Q81866, Q81867, Q81868, Q81869",Viruses,Hepatitis E virus genotype 1 (isolate Human/China/HeBei/1987),652674,Non-structural polyprotein pORF1,Homo sapiens,9606,,,,,,,,,,,,,,,,,,,,,,,,,,,,,,,,,,,,,,,,,,,,,,,,,,,,,,,,,,,,,,,,,,
Q82081,2178,Q82081,"A5GZD4, A7KC14",Viruses,Human rhinovirus 3,44130,Genome polyprotein,Homo sapiens,9606,,,,,,,,,,,,,,,,,,,,,,,,,,,,,,,,,,,,,,,,,,,,,,,,,,,,,,,,,,,,,,,,,,
Q82122,2153,Q82122,,Viruses,Human rhinovirus 16,31708,Genome polyprotein,Homo sapiens,9606,,,,,,,,,,,,,,,,,,,,,,,,,,,,,,,,,,,,,,,,,,,,,,,,,,,,,,,,,,,,,,,,,,
Q83017,3616,Q83017,"Q83018, Q83024, Q83025, Q86716",Viruses,Lactate dehydrogenase elevating virus (strain Plagemann),300016,Replicase polyprotein 1ab,Mus musculus domesticus,10092,942,962,ECO:0000255,977,997,ECO:0000255,1010,1030,ECO:0000255,1060,1080,ECO:0000255,1085,1105,ECO:0000255,1289,1309,ECO:0000255,1364,1384,ECO:0000255,1386,1406,ECO:0000255,1425,1445,ECO:0000255,1715,1735,ECO:0000255,1737,1757,ECO:0000255,1761,1781,ECO:0000255,1832,1852,ECO:0000255,,,,,,,,,,,,,,,,,,,,,,,,,,,
Q83883,1789,Q83883,,Viruses,Norovirus (strain Human/NoV/United States/Norwalk/1968/GI),524364,Genome polyprotein,Homo sapiens,9606,,,,,,,,,,,,,,,,,,,,,,,,,,,,,,,,,,,,,,,,,,,,,,,,,,,,,,,,,,,,,,,,,,
Q83884,530,Q83884,,Viruses,Norovirus (strain Human/NoV/United States/Norwalk/1968/GI),524364,Capsid protein VP1,Homo sapiens,9606,,,,,,,,,,,,,,,,,,,,,,,,,,,,,,,,,,,,,,,,,,,,,,,,,,,,,,,,,,,,,,,,,,
Q86119,2344,Q86119,"Q7THT7, Q86123, Q86124, Q9IBM0",Viruses,Rabbit hemorrhagic disease virus (strain AST89),314538,Genome polyprotein,Oryctolagus cuniculus,9986,,,,,,,,,,,,,,,,,,,,,,,,,,,,,,,,,,,,,,,,,,,,,,,,,,,,,,,,,,,,,,,,,,
Q86500,2116,Q86500,,Viruses,Rubella virus (strain M33),11043,Non-structural polyprotein p200,Homo sapiens,9606,,,,,,,,,,,,,,,,,,,,,,,,,,,,,,,,,,,,,,,,,,,,,,,,,,,,,,,,,,,,,,,,,,
Q86887,2183,Q86887,,Viruses,Coxsackievirus B4 (strain E2),103905,Genome polyprotein,Homo sapiens,9606,,,,,,,,,,,,,,,,,,,,,,,,,,,,,,,,,,,,,,,,,,,,,,,,,,,,,,,,,,,,,,,,,,
Q88434,2255,Q88434,,Viruses,Parainfluenza virus 5 (strain W3),11208,RNA-directed RNA polymerase L,"Canis lupus familiaris, Homo sapiens","9615, 9606",,,,,,,,,,,,,,,,,,,,,,,,,,,,,,,,,,,,,,,,,,,,,,,,,,,,,,,,,,,,,,,,,,
Q89273,2344,Q89273,,Viruses,Rabbit hemorrhagic disease virus (strain BS89),314537,Genome polyprotein,Oryctolagus cuniculus,9986,,,,,,,,,,,,,,,,,,,,,,,,,,,,,,,,,,,,,,,,,,,,,,,,,,,,,,,,,,,,,,,,,,
Q89709,2153,Q89709,A0A059WB91,Viruses,Sin Nombre orthohantavirus,3052499,RNA-directed RNA polymerase L,"Homo sapiens, Peromyscus maniculatus","9606, 10042",,,,,,,,,,,,,,,,,,,,,,,,,,,,,,,,,,,,,,,,,,,,,,,,,,,,,,,,,,,,,,,,,,
Q8B6J5,2127,Q8B6J5,,Viruses,Rabies virus (strain HEP-Flury),11296,Large structural protein,"Homo sapiens, Mammalia","9606, 40674",,,,,,,,,,,,,,,,,,,,,,,,,,,,,,,,,,,,,,,,,,,,,,,,,,,,,,,,,,,,,,,,,,
Q8JUX5,1248,Q8JUX5,"Q80S29, Q8QR21",Viruses,Chikungunya virus (strain S27-African prototype),371094,Structural polyprotein,"Aedes aegypti, Aedes albopictus, Aedes furcifer, Aedes polynesiensis, Cercopithecus, Homo sapiens, Macaca, Pan troglodytes, Papio, Presbytis","7159, 7160, 299627, 188700, 9533, 9606, 9539, 9598, 9554, 9573",693,713,ECO:0000255,764,784,ECO:0000255,796,816,ECO:0000255,1225,1245,ECO:0000255,,,,,,,,,,,,,,,,,,,,,,,,,,,,,,,,,,,,,,,,,,,,,,,,,,,,,,
Q8JUX6,2474,Q8JUX6,,Viruses,Chikungunya virus (strain S27-African prototype),371094,Polyprotein P1234,"Aedes aegypti, Aedes albopictus, Aedes furcifer, Aedes polynesiensis, Cercopithecus, Homo sapiens, Macaca, Pan troglodytes, Papio, Presbytis","7159, 7160, 299627, 188700, 9533, 9606, 9539, 9598, 9554, 9573",,,,,,,,,,,,,,,,,,,,,,,,,,,,,,,,,,,,,,,,,,,,,,,,,,,,,,,,,,,,,,,,,,
Q8JV21,2253,Q8JV21,,Viruses,Ljunganvirus 1,1001061,Genome polyprotein,"Homo sapiens, Microtus arvalis, Myodes glareolus","9606, 47230, 447135",1002,1022,ECO:0000255,,,,,,,,,,,,,,,,,,,,,,,,,,,,,,,,,,,,,,,,,,,,,,,,,,,,,,,,,,,,,,,
Q8QZ72,1242,Q8QZ72,Q80S35,Viruses,Mayaro virus (strain Brazil),374990,Structural polyprotein,"Aedes aegypti, Haemagogus, Homo sapiens","7159, 7180, 9606",691,711,ECO:0000255,762,782,ECO:0000255,786,806,ECO:0000255,1218,1238,ECO:0000255,,,,,,,,,,,,,,,,,,,,,,,,,,,,,,,,,,,,,,,,,,,,,,,,,,,,,,
Q8QZ73,2437,Q8QZ73,Q8QHM4,Viruses,Mayaro virus (strain Brazil),374990,Polyprotein P1234,"Aedes aegypti, Haemagogus, Homo sapiens","7159, 7180, 9606",,,,,,,,,,,,,,,,,,,,,,,,,,,,,,,,,,,,,,,,,,,,,,,,,,,,,,,,,,,,,,,,,,
Q8UN00,1738,Q8UN00,,Viruses,Moloney murine leukemia virus (strain neuropathogenic variant ts1-92b),882209,Gag-Pol polyprotein,Mus musculus,10090,,,,,,,,,,,,,,,,,,,,,,,,,,,,,,,,,,,,,,,,,,,,,,,,,,,,,,,,,,,,,,,,,,
Q8UZC1,2332,Q8UZC1,,Viruses,Foot-and-mouth disease virus serotype O,12118,Genome polyprotein,"Bos taurus, Capra hircus, Cervidae, Erinaceidae, Loxodonta africana, Ovis aries, Rattus norvegicus, Sus scrofa","9913, 9925, 9850, 9363, 9785, 9940, 10116, 9823",,,,,,,,,,,,,,,,,,,,,,,,,,,,,,,,,,,,,,,,,,,,,,,,,,,,,,,,,,,,,,,,,,
Q90VT5,1430,Q90VT5,,Viruses,Human immunodeficiency virus type 1,11676,Gag polyprotein,Homo sapiens,9606,,,,,,,,,,,,,,,,,,,,,,,,,,,,,,,,,,,,,,,,,,,,,,,,,,,,,,,,,,,,,,,,,,
Q913V3,3010,Q913V3,,Viruses,Hepatitis C virus genotype 1b (isolate HCR6),421879,Genome polyprotein,Homo sapiens,9606,169,189,ECO:0000255,359,379,ECO:0000250,726,746,ECO:0000250,758,778,ECO:0000250,782,803,ECO:0000250,814,834,ECO:0000250,839,859,ECO:0000250,882,902,ECO:0000250,1658,1678,ECO:0000255,1806,1824,ECO:0000255,1829,1849,ECO:0000255,1851,1871,ECO:0000255,1882,1902,ECO:0000255,2990,3010,ECO:0000250,,,,,,,,,,,,,,,,,,,,,,,,
Q91B85,3416,Q91B85,,Viruses,Alkhumra hemorrhagic fever virus,172148,Genome polyprotein,"Homo sapiens, Hyalomma dromedarii, Ornithodoros savignyi","9606, 34626, 69826",100,120,ECO:0000255,244,261,ECO:0000305,263,281,ECO:0000305,729,749,ECO:0000255,757,777,ECO:0000255,1135,1155,ECO:0000255,1163,1183,ECO:0000255,1190,1210,ECO:0000255,1236,1256,ECO:0000255,1296,1316,ECO:0000255,1362,1379,ECO:0000255,1385,1405,ECO:0000255,2163,2183,ECO:0000255,2213,2233,ECO:0000255,2247,2267,ECO:0000255,2369,2389,ECO:0000255,2433,2453,ECO:0000255,2477,2497,ECO:0000255,,,,,,,,,,,,
Q96662,3907,Q96662,,Viruses,Bovine viral diarrhea virus (strain CP7),268305,Genome polyprotein,Bos taurus,9913,667,687,ECO:0000255,1036,1056,ECO:0000255,1079,1099,ECO:0000255,1108,1128,ECO:0000255,1144,1164,ECO:0000255,1189,1209,ECO:0000255,1217,1237,ECO:0000255,1247,1267,ECO:0000255,1281,1301,ECO:0000255,1369,1389,ECO:0000255,1577,1597,ECO:0000255,,,,,,,,,,,,,,,,,,,,,,,,,,,,,,,,,
Q98776,2109,Q98776,,Viruses,Vesicular stomatitis Indiana virus (strain Mudd-Summers),11279,RNA-directed RNA polymerase L,"Aedes, Bos taurus, Culicoides, Equus asinus, Equus caballus, Homo sapiens, Lutzomyia, Musca domestica, Simuliidae, Sus scrofa","7158, 9913, 58271, 9793, 9796, 9606, 252607, 7370, 7190, 9823",,,,,,,,,,,,,,,,,,,,,,,,,,,,,,,,,,,,,,,,,,,,,,,,,,,,,,,,,,,,,,,,,,
Q98VG9,6709,Q98VG9,"Q4U5G1, Q4U5G2, Q52PA4",Viruses,Feline coronavirus (strain FIPV WSU-79/1146),33734,Replicase polyprotein 1ab,Felidae,9681,1860,1878,ECO:0000255,1921,1941,ECO:0000255,2006,2026,ECO:0000255,2043,2065,ECO:0000255,2426,2446,ECO:0000255,2691,2711,ECO:0000255,2720,2740,ECO:0000255,2771,2791,ECO:0000255,3212,3232,ECO:0000255,3242,3262,ECO:0000255,3267,3287,ECO:0000255,3306,3326,ECO:0000255,3339,3359,ECO:0000255,3396,3416,ECO:0000255,3419,3439,ECO:0000255,,,,,,,,,,,,,,,,,,,,,
Q997F0,2244,Q997F0,"Q5K4D7, Q914E5",Viruses,Nipah virus,3052225,RNA-directed RNA polymerase L,"Cynopterus brachyotis, Eonycteris spelaea, Homo sapiens, Pteropus hypomelanus, Pteropus vampyrus, Scotophilus kuhlii, Sus scrofa","58060, 58065, 9606, 9405, 132908, 153297, 9823",,,,,,,,,,,,,,,,,,,,,,,,,,,,,,,,,,,,,,,,,,,,,,,,,,,,,,,,,,,,,,,,,,
Q99IB8,3033,Q99IB8,,Viruses,Hepatitis C virus genotype 2a (isolate JFH-1),356411,Genome polyprotein,Homo sapiens,9606,169,189,ECO:0000255,359,379,ECO:0000250,730,750,ECO:0000250,762,782,ECO:0000250,786,807,ECO:0000250,818,838,ECO:0000250,843,863,ECO:0000250,886,906,ECO:0000250,1662,1682,ECO:0000255,1810,1830,ECO:0000255,1833,1853,ECO:0000255,1855,1875,ECO:0000255,1886,1906,ECO:0000255,3013,3033,ECO:0000250,,,,,,,,,,,,,,,,,,,,,,,,
Q9E005,2153,Q9E005,,Viruses,Andes orthohantavirus,1980456,RNA-directed RNA polymerase L,"Abrothrix longipilis, Homo sapiens, Loxodontomys micropus, Oligoryzomys chacoensis, Oligoryzomys flavescens, Oligoryzomys longicaudatus, Oligoryzomys sp.","29094, 9606, 89122, 37015, 218824, 137207, 37019",,,,,,,,,,,,,,,,,,,,,,,,,,,,,,,,,,,,,,,,,,,,,,,,,,,,,,,,,,,,,,,,,,
Q9IDV9,1449,Q9IDV9,,Viruses,Human immunodeficiency virus type 1 group N (isolate YBF106),388819,Gag-Pol polyprotein,Homo sapiens,9606,,,,,,,,,,,,,,,,,,,,,,,,,,,,,,,,,,,,,,,,,,,,,,,,,,,,,,,,,,,,,,,,,,
Q9IFX1,782,Q9IFX1,,Viruses,Human astrovirus-8,43358,Capsid polyprotein VP90,Homo sapiens,9606,,,,,,,,,,,,,,,,,,,,,,,,,,,,,,,,,,,,,,,,,,,,,,,,,,,,,,,,,,,,,,,,,,
Q9IK92,532,Q9IK92,"Q4KTA9, Q5K4E2, Q8QU03",Viruses,Nipah virus,3052225,Nucleoprotein,"Cynopterus brachyotis, Eonycteris spelaea, Homo sapiens, Pteropus hypomelanus, Pteropus vampyrus, Scotophilus kuhlii, Sus scrofa","58060, 58065, 9606, 9405, 132908, 153297, 9823",,,,,,,,,,,,,,,,,,,,,,,,,,,,,,,,,,,,,,,,,,,,,,,,,,,,,,,,,,,,,,,,,,
Q9IZT2,860,Q9IZT2,,Viruses,Mouse mammary tumor virus (strain C3H),11759,Gag-Pro polyprotein,Mus musculus,10090,,,,,,,,,,,,,,,,,,,,,,,,,,,,,,,,,,,,,,,,,,,,,,,,,,,,,,,,,,,,,,,,,,
Q9PZT0,781,Q9PZT0,"Q90201, Q9PZS9",Viruses,Human parvovirus B19 (strain HV),648237,Minor capsid protein VP1,Homo sapiens,9606,,,,,,,,,,,,,,,,,,,,,,,,,,,,,,,,,,,,,,,,,,,,,,,,,,,,,,,,,,,,,,,,,,
Q9Q2G4,99,Q9Q2G4,,Viruses,Human immunodeficiency virus type 1,11676,,Homo sapiens,9606,,,,,,,,,,,,,,,,,,,,,,,,,,,,,,,,,,,,,,,,,,,,,,,,,,,,,,,,,,,,,,,,,,
Q9Q6P4,3433,Q9Q6P4,,Viruses,West Nile virus (strain NY-99),1968826,Genome polyprotein,"Aedes, Alligator, Amblyomma variegatum, Aves, Culex, Equus caballus, Homo sapiens, Hyalomma marginatum, Mansonia uniformis, Mimomyia, Rhipicephalus, Sciurus niger","7158, 8495, 34610, 8782, 53527, 9796, 9606, 34627, 308735, 308737, 34630, 34861",109,129,ECO:0000255,249,269,ECO:0000255,276,290,ECO:0000305,744,764,ECO:0000255,771,791,ECO:0000255,1217,1237,ECO:0000255,1246,1268,ECO:0000255,1289,1309,ECO:0000255,1314,1331,ECO:0000255,1346,1366,ECO:0000255,1376,1396,ECO:0000255,1400,1420,ECO:0000255,2175,2195,ECO:0000255,2223,2243,ECO:0000255,2259,2279,ECO:0000255,2381,2401,ECO:0000255,2445,2465,ECO:0000255,2471,2491,ECO:0000255,,,,,,,,,,,,
Q9QEJ5,2254,Q9QEJ5,,Viruses,Porcine enteric sapovirus (isolate Swine/United States/Cowden/1980),523795,Genome polyprotein,Sus scrofa,9823,,,,,,,,,,,,,,,,,,,,,,,,,,,,,,,,,,,,,,,,,,,,,,,,,,,,,,,,,,,,,,,,,,
Q9QF31,2193,Q9QF31,,Viruses,Coxsackievirus A16 (strain Tainan/5079/98),231417,Genome polyprotein,Homo sapiens,9606,,,,,,,,,,,,,,,,,,,,,,,,,,,,,,,,,,,,,,,,,,,,,,,,,,,,,,,,,,,,,,,,,,
Q9QL88,2184,Q9QL88,"Q9QAH1, Q9YXE3",Viruses,Coxsackievirus B6 (strain Schmitt),231474,Genome polyprotein,Homo sapiens,9606,,,,,,,,,,,,,,,,,,,,,,,,,,,,,,,,,,,,,,,,,,,,,,,,,,,,,,,,,,,,,,,,,,
Q9WC28,1693,Q9WC28,O39221,Viruses,Hepatitis E virus genotype 1 (isolate Human/India/Hyderabad),512346,Non-structural polyprotein pORF1,"Bandicota bengalensis, Callithrix, Cercopithecus hamlyni, Chlorocebus aethiops, Homo sapiens, Macaca, Mus musculus, Pan troglodytes, Saimiri, Sus scrofa","69079, 9481, 9536, 9534, 9606, 9539, 10090, 9598, 9520, 9823",,,,,,,,,,,,,,,,,,,,,,,,,,,,,,,,,,,,,,,,,,,,,,,,,,,,,,,,,,,,,,,,,,
Q9WC62,497,Q9WC62,,Viruses,Human immunodeficiency virus type 1 group M subtype J (isolate SE9173),388904,Gag polyprotein,Homo sapiens,9606,,,,,,,,,,,,,,,,,,,,,,,,,,,,,,,,,,,,,,,,,,,,,,,,,,,,,,,,,,,,,,,,,,
Q9WDA6,3391,Q9WDA6,,Viruses,Dengue virus type 2 (strain Peru/IQT2913/1996),408694,Genome polyprotein,"Aedimorphus, Diceromyia, Erythrocebus patas, Homo sapiens, Stegomyia","53540, 53539, 9538, 9606, 53541",102,122,ECO:0000255,239,259,ECO:0000255,266,280,ECO:0000255,726,746,ECO:0000255,753,773,ECO:0000255,1196,1220,ECO:0000255,1227,1245,ECO:0000255,1270,1290,ECO:0000255,1292,1312,ECO:0000255,1318,1338,ECO:0000255,1347,1367,ECO:0000255,1371,1391,ECO:0000255,2148,2168,ECO:0000255,2193,2213,ECO:0000255,2229,2249,ECO:0000255,2348,2368,ECO:0000255,2414,2434,ECO:0000255,2460,2480,ECO:0000255,,,,,,,,,,,,
Q9WIJ1,1879,Q9WIJ1,,Viruses,Venezuelan equine encephalitis virus (strain Trinidad donkey),11038,Polyprotein P1234,"Bos taurus, Didelphis marsupialis, Equus asinus, Equus caballus, Homo sapiens, Melanoconion, Philander opossum, Proechimys, Sigmodon hispidus","9913, 9268, 9793, 9796, 9606, 53535, 9272, 10162, 42415",,,,,,,,,,,,,,,,,,,,,,,,,,,,,,,,,,,,,,,,,,,,,,,,,,,,,,,,,,,,,,,,,,
Q9WJB2,3960,Q9WJB2,"Q80KX0, Q80KX1, Q9WJB3",Viruses,Porcine reproductive and respiratory syndrome virus (strain VR-2332),300559,Replicase polyprotein 1ab,Sus scrofa,9823,1266,1286,ECO:0000255,1296,1316,ECO:0000255,1345,1365,ECO:0000255,1368,1388,ECO:0000255,1583,1603,ECO:0000255,1650,1670,ECO:0000255,1685,1705,ECO:0000255,1719,1739,ECO:0000255,2012,2032,ECO:0000255,2060,2080,ECO:0000255,2092,2112,ECO:0000255,2137,2157,ECO:0000255,2164,2184,ECO:0000255,,,,,,,,,,,,,,,,,,,,,,,,,,,
Q9WMB3,2183,Q9WMB3,,Viruses,Measles virus (strain Ichinose-B95a),645098,RNA-directed RNA polymerase L,Homo sapiens,9606,,,,,,,,,,,,,,,,,,,,,,,,,,,,,,,,,,,,,,,,,,,,,,,,,,,,,,,,,,,,,,,,,,
Q9WMB5,525,Q9WMB5,,Viruses,Measles virus (strain Ichinose-B95a),645098,Nucleoprotein,Homo sapiens,9606,,,,,,,,,,,,,,,,,,,,,,,,,,,,,,,,,,,,,,,,,,,,,,,,,,,,,,,,,,,,,,,,,,
Q9WMX2,3010,Q9WMX2,,Viruses,Hepatitis C virus genotype 1b (isolate Con1),333284,Genome polyprotein,Homo sapiens,9606,169,189,ECO:0000255,359,379,ECO:0000250,726,746,ECO:0000250,758,778,ECO:0000250,782,803,ECO:0000250,814,834,ECO:0000269,839,859,ECO:0000269,882,902,ECO:0000269,1658,1678,ECO:0000255,1806,1826,ECO:0000255,1829,1849,ECO:0000255,1851,1871,ECO:0000255,1882,1902,ECO:0000255,2990,3010,ECO:0000250,,,,,,,,,,,,,,,,,,,,,,,,
Q9WN78,2194,Q9WN78,,Viruses,Echovirus 30 (strain Bastianni),176284,Genome polyprotein,Homo sapiens,9606,,,,,,,,,,,,,,,,,,,,,,,,,,,,,,,,,,,,,,,,,,,,,,,,,,,,,,,,,,,,,,,,,,
Q9WPJ0,2193,Q9WPJ0,,Viruses,Human enterovirus 71,39054,Genome polyprotein,Homo sapiens,9606,,,,,,,,,,,,,,,,,,,,,,,,,,,,,,,,,,,,,,,,,,,,,,,,,,,,,,,,,,,,,,,,,,
Q9WQJ0,2193,Q9WQJ0,,Viruses,Human enterovirus 71,39054,Genome polyprotein,Homo sapiens,9606,,,,,,,,,,,,,,,,,,,,,,,,,,,,,,,,,,,,,,,,,,,,,,,,,,,,,,,,,,,,,,,,,,
Q9YLG5,2187,Q9YLG5,Q9QSN9,Viruses,Coxsackievirus B2 (strain Ohio-1),231473,Genome polyprotein,Homo sapiens,9606,,,,,,,,,,,,,,,,,,,,,,,,,,,,,,,,,,,,,,,,,,,,,,,,,,,,,,,,,,,,,,,,,,
Q9YN02,3961,Q9YN02,Q9YN01,Viruses,Porcine reproductive and respiratory syndrome virus (strain 16244B),300561,Replicase polyprotein 1ab,Sus scrofa,9823,1266,1286,ECO:0000255,1296,1316,ECO:0000255,1345,1365,ECO:0000255,1368,1388,ECO:0000255,1583,1603,ECO:0000255,1650,1670,ECO:0000255,1685,1705,ECO:0000255,1719,1739,ECO:0000255,2012,2032,ECO:0000255,2060,2080,ECO:0000255,2092,2112,ECO:0000255,2137,2157,ECO:0000255,2164,2184,ECO:0000255,,,,,,,,,,,,,,,,,,,,,,,,,,,
Q9YRV3,3411,Q9YRV3,,Viruses,Yellow fever virus (strain Trinidad/TRINID79A/1979),407137,Genome polyprotein,"Aedes aegypti, Aedes luteocephalus, Aedes simpsoni, Homo sapiens, Simiiformes","7159, 299629, 7161, 9606, 314293",105,125,ECO:0000255,245,265,ECO:0000255,271,285,ECO:0000255,731,751,ECO:0000255,758,778,ECO:0000255,1133,1153,ECO:0000250,1202,1222,ECO:0000250,1288,1308,ECO:0000250,1356,1376,ECO:0000250,1379,1399,ECO:0000255,2158,2178,ECO:0000255,2210,2230,ECO:0000255,2242,2256,ECO:0000305,2361,2380,ECO:0000255,2422,2442,ECO:0000255,2446,2466,ECO:0000255,,,,,,,,,,,,,,,,,,
Q9YV12,1003,Q9YV12,,Viruses,Human immunodeficiency virus type 1,11676,Gag-Pol polyprotein,Homo sapiens,9606,,,,,,,,,,,,,,,,,,,,,,,,,,,,,,,,,,,,,,,,,,,,,,,,,,,,,,,,,,,,,,,,,,
Q9YV20,1003,Q9YV20,,Viruses,Human immunodeficiency virus type 1,11676,Gag-Pol polyprotein,Homo sapiens,9606,,,,,,,,,,,,,,,,,,,,,,,,,,,,,,,,,,,,,,,,,,,,,,,,,,,,,,,,,,,,,,,,,,
S4VM80,2193,S4VM80,,Viruses,Human enterovirus 71,39054,Genome polyprotein,Homo sapiens,9606,,,,,,,,,,,,,,,,,,,,,,,,,,,,,,,,,,,,,,,,,,,,,,,,,,,,,,,,,,,,,,,,,,
S4YYB7,3434,S4YYB7,,Viruses,Usutu virus,64286,Genome polyprotein,"Aedes albopictus, Anopheles maculipennis, Coquillettidia aurites, Culex neavei, Culex perexiguus, Culex pipiens, Homo sapiens, Mansonia africana, Ochlerotatus caspius, Turdus merula","7160, 41429, 653291, 864528, 943103, 7175, 9606, 667564, 120870, 9187",44,66,ECO:0000256,111,129,ECO:0000256,745,766,ECO:0000256,773,793,ECO:0000256,1150,1169,ECO:0000256,1181,1199,ECO:0000256,1219,1240,ECO:0000256,1310,1329,ECO:0000256,1341,1364,ECO:0000256,1376,1394,ECO:0000256,1476,1496,ECO:0000256,2176,2194,ECO:0000256,2201,2219,ECO:0000256,2225,2243,ECO:0000256,2255,2277,ECO:0000256,,,,,,,,,,,,,,,,,,,,,
S5ZCI0,2193,S5ZCI0,,Viruses,Human enterovirus 71,39054,Genome polyprotein,Homo sapiens,9606,,,,,,,,,,,,,,,,,,,,,,,,,,,,,,,,,,,,,,,,,,,,,,,,,,,,,,,,,,,,,,,,,,
U3M6R3,6919,U3M6R3,,Viruses,Human coronavirus OC43,31631,ORF1ab polyprotein,Homo sapiens,9606,2194,2219,ECO:0000256,2317,2339,ECO:0000256,2351,2373,ECO:0000256,2755,2778,ECO:0000256,3026,3051,ECO:0000256,3063,3084,ECO:0000256,3090,3112,ECO:0000256,3124,3143,ECO:0000256,3555,3578,ECO:0000256,3590,3608,ECO:0000256,3615,3636,ECO:0000256,3656,3677,ECO:0000256,3684,3702,ECO:0000256,3722,3748,ECO:0000256,3755,3774,ECO:0000256,,,,,,,,,,,,,,,,,,,,,
U3M7V0,7095,U3M7V0,,Viruses,Human coronavirus OC43,31631,ORF1ab polyprotein,Homo sapiens,9606,2194,2219,ECO:0000256,2317,2339,ECO:0000256,2351,2373,ECO:0000256,2755,2778,ECO:0000256,3026,3051,ECO:0000256,3063,3084,ECO:0000256,3090,3112,ECO:0000256,3124,3143,ECO:0000256,3555,3578,ECO:0000256,3590,3608,ECO:0000256,3615,3636,ECO:0000256,3656,3677,ECO:0000256,3684,3702,ECO:0000256,3722,3748,ECO:0000256,3755,3774,ECO:0000256,,,,,,,,,,,,,,,,,,,,,
U3N841,7167,U3N841,,Viruses,Human coronavirus HKU1,290028,ORF1ab polyprotein,Homo sapiens,9606,2214,2231,ECO:0000256,2267,2288,ECO:0000256,2300,2321,ECO:0000256,2390,2412,ECO:0000256,2424,2446,ECO:0000256,2829,2848,ECO:0000256,3099,3123,ECO:0000256,3130,3150,ECO:0000256,3188,3216,ECO:0000256,3633,3656,ECO:0000256,3662,3681,ECO:0000256,3688,3708,ECO:0000256,3728,3750,ECO:0000256,3757,3778,ECO:0000256,3784,3813,ECO:0000256,3825,3846,ECO:0000256,,,,,,,,,,,,,,,,,,
A0A097F4L1,2218,A0A097F4L1,,Viruses,Mammarenavirus lassaense,3052310,RNA-directed RNA polymerase L,"Homo sapiens, Mastomys natalensis, Rattus","9606, 10112, 10114",,,,,,,,,,,,,,,,,,,,,,,,,,,,,,,,,,,,,,,,,,,,,,,,,,,,,,,,,,,,,,,,,,
A0A0H4CWF2,1202,A0A0H4CWF2,,Viruses,Chikungunya virus,37124,Structural polyprotein,"Aedes aegypti, Aedes albopictus, Aedes furcifer, Aedes polynesiensis, Cercopithecus, Homo sapiens, Macaca, Pan troglodytes, Papio, Presbytis","7159, 7160, 299627, 188700, 9533, 9606, 9539, 9598, 9554, 9573",687,715,ECO:0000256,727,746,ECO:0000256,766,787,ECO:0000256,794,810,ECO:0000256,,,,,,,,,,,,,,,,,,,,,,,,,,,,,,,,,,,,,,,,,,,,,,,,,,,,,,
A0A0M4LRT1,2210,A0A0M4LRT1,,Viruses,Junin mammarenavirus,2169991,RNA-directed RNA polymerase L,"Akodon azarae, Calomys laucha, Calomys musculinus, Homo sapiens, Necromys","29095, 56211, 56212, 9606, 399316",,,,,,,,,,,,,,,,,,,,,,,,,,,,,,,,,,,,,,,,,,,,,,,,,,,,,,,,,,,,,,,,,,
A0A1B2G2S7,212,A0A1B2G2S7,,Viruses,Hepatitis B virus,10407,Capsid protein,"Homo sapiens, Pan troglodytes","9606, 9598",,,,,,,,,,,,,,,,,,,,,,,,,,,,,,,,,,,,,,,,,,,,,,,,,,,,,,,,,,,,,,,,,,
A0A286S4J4,1248,A0A286S4J4,,Viruses,Chikungunya virus,37124,Structural polyprotein,"Aedes aegypti, Aedes albopictus, Aedes furcifer, Aedes polynesiensis, Cercopithecus, Homo sapiens, Macaca, Pan troglodytes, Papio, Presbytis","7159, 7160, 299627, 188700, 9533, 9606, 9539, 9598, 9554, 9573",687,715,ECO:0000256,727,746,ECO:0000256,766,787,ECO:0000256,794,810,ECO:0000256,1222,1245,ECO:0000256,,,,,,,,,,,,,,,,,,,,,,,,,,,,,,,,,,,,,,,,,,,,,,,,,,,
A0A3S8NV63,2217,A0A3S8NV63,,Viruses,Mammarenavirus lassaense,3052310,RNA-directed RNA polymerase L,"Homo sapiens, Mastomys natalensis, Rattus","9606, 10112, 10114",,,,,,,,,,,,,,,,,,,,,,,,,,,,,,,,,,,,,,,,,,,,,,,,,,,,,,,,,,,,,,,,,,
A0A6B9KBE1,1248,A0A6B9KBE1,,Viruses,Chikungunya virus,37124,Structural polyprotein,"Aedes aegypti, Aedes albopictus, Aedes furcifer, Aedes polynesiensis, Cercopithecus, Homo sapiens, Macaca, Pan troglodytes, Papio, Presbytis","7159, 7160, 299627, 188700, 9533, 9606, 9539, 9598, 9554, 9573",687,715,ECO:0000256,727,746,ECO:0000256,766,787,ECO:0000256,794,810,ECO:0000256,1222,1245,ECO:0000256,,,,,,,,,,,,,,,,,,,,,,,,,,,,,,,,,,,,,,,,,,,,,,,,,,,
A0A6M4EPN9,4405,A0A6M4EPN9,,Viruses,Severe acute respiratory syndrome coronavirus 2,2697049,,Homo sapiens,9606,2229,2252,ECO:0000256,2328,2351,ECO:0000256,2363,2394,ECO:0000256,2773,2790,ECO:0000256,3043,3065,ECO:0000256,3077,3098,ECO:0000256,3104,3124,ECO:0000256,3136,3154,ECO:0000256,3582,3605,ECO:0000256,3611,3629,ECO:0000256,3636,3657,ECO:0000256,3683,3701,ECO:0000256,3731,3755,ECO:0000256,3767,3789,ECO:0000256,,,,,,,,,,,,,,,,,,,,,,,,
A0A7D7J7F9,212,A0A7D7J7F9,,Viruses,Hepatitis B virus,10407,Capsid protein,"Homo sapiens, Pan troglodytes","9606, 9598",,,,,,,,,,,,,,,,,,,,,,,,,,,,,,,,,,,,,,,,,,,,,,,,,,,,,,,,,,,,,,,,,,
A0A7S7YHM2,1022,A0A7S7YHM2,,Viruses,Chikungunya virus,37124,p130,"Aedes aegypti, Aedes albopictus, Aedes furcifer, Aedes polynesiensis, Cercopithecus, Homo sapiens, Macaca, Pan troglodytes, Papio, Presbytis","7159, 7160, 299627, 188700, 9533, 9606, 9539, 9598, 9554, 9573",687,715,ECO:0000256,727,747,ECO:0000256,767,787,ECO:0000256,794,816,ECO:0000256,,,,,,,,,,,,,,,,,,,,,,,,,,,,,,,,,,,,,,,,,,,,,,,,,,,,,,
A0A7U3H5H9,4405,A0A7U3H5H9,,Viruses,Severe acute respiratory syndrome coronavirus 2,2697049,,Homo sapiens,9606,2229,2253,ECO:0000256,2328,2351,ECO:0000256,2363,2387,ECO:0000256,2773,2790,ECO:0000256,3043,3065,ECO:0000256,3077,3098,ECO:0000256,3104,3124,ECO:0000256,3136,3154,ECO:0000256,3582,3605,ECO:0000256,3611,3629,ECO:0000256,3636,3657,ECO:0000256,3683,3701,ECO:0000256,3731,3755,ECO:0000256,3767,3789,ECO:0000256,,,,,,,,,,,,,,,,,,,,,,,,
A0A859GWA9,4405,A0A859GWA9,,Viruses,Severe acute respiratory syndrome coronavirus 2,2697049,,Homo sapiens,9606,2229,2253,ECO:0000256,2328,2351,ECO:0000256,2363,2387,ECO:0000256,2773,2790,ECO:0000256,3043,3065,ECO:0000256,3077,3098,ECO:0000256,3104,3124,ECO:0000256,3136,3154,ECO:0000256,3582,3605,ECO:0000256,3611,3629,ECO:0000256,3636,3657,ECO:0000256,3683,3701,ECO:0000256,3731,3755,ECO:0000256,3767,3789,ECO:0000256,,,,,,,,,,,,,,,,,,,,,,,,
A0A8A4JNF6,1248,A0A8A4JNF6,,Viruses,Chikungunya virus,37124,Structural polyprotein,"Aedes aegypti, Aedes albopictus, Aedes furcifer, Aedes polynesiensis, Cercopithecus, Homo sapiens, Macaca, Pan troglodytes, Papio, Presbytis","7159, 7160, 299627, 188700, 9533, 9606, 9539, 9598, 9554, 9573",687,715,ECO:0000256,727,746,ECO:0000256,766,787,ECO:0000256,794,810,ECO:0000256,1222,1245,ECO:0000256,,,,,,,,,,,,,,,,,,,,,,,,,,,,,,,,,,,,,,,,,,,,,,,,,,,
A0A8B1JK87,4405,A0A8B1JK87,,Viruses,Severe acute respiratory syndrome coronavirus 2,2697049,,Homo sapiens,9606,2229,2253,ECO:0000256,2337,2359,ECO:0000256,2365,2387,ECO:0000256,2773,2790,ECO:0000256,3043,3065,ECO:0000256,3077,3098,ECO:0000256,3104,3124,ECO:0000256,3136,3154,ECO:0000256,3582,3605,ECO:0000256,3611,3629,ECO:0000256,3636,3657,ECO:0000256,3683,3701,ECO:0000256,3731,3755,ECO:0000256,3767,3789,ECO:0000256,,,,,,,,,,,,,,,,,,,,,,,,
A0A8B1JNT2,4405,A0A8B1JNT2,,Viruses,Severe acute respiratory syndrome coronavirus 2,2697049,,Homo sapiens,9606,2231,2253,ECO:0000256,2328,2351,ECO:0000256,2363,2387,ECO:0000256,2773,2790,ECO:0000256,3043,3065,ECO:0000256,3077,3098,ECO:0000256,3104,3124,ECO:0000256,3136,3154,ECO:0000256,3582,3605,ECO:0000256,3611,3629,ECO:0000256,3636,3657,ECO:0000256,3683,3701,ECO:0000256,3731,3755,ECO:0000256,3767,3789,ECO:0000256,,,,,,,,,,,,,,,,,,,,,,,,
A0A8B1K137,4405,A0A8B1K137,,Viruses,Severe acute respiratory syndrome coronavirus 2,2697049,,Homo sapiens,9606,2229,2253,ECO:0000256,2328,2351,ECO:0000256,2363,2387,ECO:0000256,2773,2790,ECO:0000256,3043,3065,ECO:0000256,3077,3098,ECO:0000256,3136,3154,ECO:0000256,3582,3605,ECO:0000256,3611,3629,ECO:0000256,3636,3657,ECO:0000256,3683,3701,ECO:0000256,,,,,,,,,,,,,,,,,,,,,,,,,,,,,,,,,
A0A9W3HR60,263,A0A9W3HR60,,Viruses,Bovine adenovirus B serotype 3,10510,Pre-protein VI,Bos taurus,9913,,,,,,,,,,,,,,,,,,,,,,,,,,,,,,,,,,,,,,,,,,,,,,,,,,,,,,,,,,,,,,,,,,
A4L7I5,1248,A4L7I5,,Viruses,Chikungunya virus,37124,Structural polyprotein,"Aedes aegypti, Aedes albopictus, Aedes furcifer, Aedes polynesiensis, Cercopithecus, Homo sapiens, Macaca, Pan troglodytes, Papio, Presbytis","7159, 7160, 299627, 188700, 9533, 9606, 9539, 9598, 9554, 9573",687,715,ECO:0000256,766,787,ECO:0000256,1226,1246,ECO:0000256,,,,,,,,,,,,,,,,,,,,,,,,,,,,,,,,,,,,,,,,,,,,,,,,,,,,,,,,,
A8D6S6,212,A8D6S6,,Viruses,Hepatitis B virus,10407,Capsid protein,"Homo sapiens, Pan troglodytes","9606, 9598",,,,,,,,,,,,,,,,,,,,,,,,,,,,,,,,,,,,,,,,,,,,,,,,,,,,,,,,,,,,,,,,,,
B2BN53,397,B2BN53,,Viruses,Rotavirus A (strain RVA/Monkey/United States/RRV/1975/G3P5B[3]),444185,Intermediate capsid protein VP6,Macaca mulatta,9544,,,,,,,,,,,,,,,,,,,,,,,,,,,,,,,,,,,,,,,,,,,,,,,,,,,,,,,,,,,,,,,,,,
B9A5B9,233,B9A5B9,,Viruses,Human adenovirus D serotype 8,31545,Pre-protein VI,Homo sapiens,9606,,,,,,,,,,,,,,,,,,,,,,,,,,,,,,,,,,,,,,,,,,,,,,,,,,,,,,,,,,,,,,,,,,
B9A5F5,233,B9A5F5,,Viruses,Human adenovirus D serotype 8,31545,Pre-protein VI,Homo sapiens,9606,,,,,,,,,,,,,,,,,,,,,,,,,,,,,,,,,,,,,,,,,,,,,,,,,,,,,,,,,,,,,,,,,,
C1IWT2,668,C1IWT2,C1IWT3,Viruses,Human bocavirus 3,638313,Minor capsid protein VP1,Homo sapiens,9606,,,,,,,,,,,,,,,,,,,,,,,,,,,,,,,,,,,,,,,,,,,,,,,,,,,,,,,,,,,,,,,,,,
C3RX20,776,C3RX20,,Viruses,Rotavirus A (strain RVA/Monkey/United States/RRV/1975/G3P5B[3]),444185,Outer capsid protein VP4,Macaca mulatta,9544,,,,,,,,,,,,,,,,,,,,,,,,,,,,,,,,,,,,,,,,,,,,,,,,,,,,,,,,,,,,,,,,,,
C5IY46,670,C5IY46,C5IY47,Viruses,Human bocavirus 4,1511883,Minor capsid protein VP1,Homo sapiens,9606,,,,,,,,,,,,,,,,,,,,,,,,,,,,,,,,,,,,,,,,,,,,,,,,,,,,,,,,,,,,,,,,,,
C8YZ73,1248,C8YZ73,,Viruses,Chikungunya virus,37124,Structural polyprotein,"Aedes aegypti, Aedes albopictus, Aedes furcifer, Aedes polynesiensis, Cercopithecus, Homo sapiens, Macaca, Pan troglodytes, Papio, Presbytis","7159, 7160, 299627, 188700, 9533, 9606, 9539, 9598, 9554, 9573",687,715,ECO:0000256,727,746,ECO:0000256,766,787,ECO:0000256,794,810,ECO:0000256,1222,1245,ECO:0000256,,,,,,,,,,,,,,,,,,,,,,,,,,,,,,,,,,,,,,,,,,,,,,,,,,,
D1GCB6,1248,D1GCB6,,Viruses,Chikungunya virus,37124,Structural polyprotein,"Aedes aegypti, Aedes albopictus, Aedes furcifer, Aedes polynesiensis, Cercopithecus, Homo sapiens, Macaca, Pan troglodytes, Papio, Presbytis","7159, 7160, 299627, 188700, 9533, 9606, 9539, 9598, 9554, 9573",687,715,ECO:0000256,727,746,ECO:0000256,766,787,ECO:0000256,794,810,ECO:0000256,1222,1245,ECO:0000256,,,,,,,,,,,,,,,,,,,,,,,,,,,,,,,,,,,,,,,,,,,,,,,,,,,
D2KBQ2,1248,D2KBQ2,,Viruses,Chikungunya virus,37124,Structural polyprotein,"Aedes aegypti, Aedes albopictus, Aedes furcifer, Aedes polynesiensis, Cercopithecus, Homo sapiens, Macaca, Pan troglodytes, Papio, Presbytis","7159, 7160, 299627, 188700, 9533, 9606, 9539, 9598, 9554, 9573",687,715,ECO:0000256,727,746,ECO:0000256,766,787,ECO:0000256,794,810,ECO:0000256,1222,1245,ECO:0000256,,,,,,,,,,,,,,,,,,,,,,,,,,,,,,,,,,,,,,,,,,,,,,,,,,,
D5LX59,2242,D5LX59,,Viruses,Human cytomegalovirus (strain Towne),10363,Large tegument protein deneddylase,Homo sapiens,9606,,,,,,,,,,,,,,,,,,,,,,,,,,,,,,,,,,,,,,,,,,,,,,,,,,,,,,,,,,,,,,,,,,
D7R9A2,1248,D7R9A2,,Viruses,Chikungunya virus,37124,Structural polyprotein,"Aedes aegypti, Aedes albopictus, Aedes furcifer, Aedes polynesiensis, Cercopithecus, Homo sapiens, Macaca, Pan troglodytes, Papio, Presbytis","7159, 7160, 299627, 188700, 9533, 9606, 9539, 9598, 9554, 9573",687,715,ECO:0000256,727,746,ECO:0000256,766,787,ECO:0000256,794,810,ECO:0000256,1222,1245,ECO:0000256,,,,,,,,,,,,,,,,,,,,,,,,,,,,,,,,,,,,,,,,,,,,,,,,,,,
E3TMG9,2295,E3TMG9,,Viruses,Saffold virus,434309,Genome polyprotein,Homo sapiens,9606,,,,,,,,,,,,,,,,,,,,,,,,,,,,,,,,,,,,,,,,,,,,,,,,,,,,,,,,,,,,,,,,,,
E5L2F2,149,E5L2F2,,Viruses,Human enterovirus 71,39054,Genome polyprotein,Homo sapiens,9606,,,,,,,,,,,,,,,,,,,,,,,,,,,,,,,,,,,,,,,,,,,,,,,,,,,,,,,,,,,,,,,,,,
F2WR39,288,F2WR39,,Viruses,Human immunodeficiency virus type 1,11676,Gag-Pol polyprotein,Homo sapiens,9606,,,,,,,,,,,,,,,,,,,,,,,,,,,,,,,,,,,,,,,,,,,,,,,,,,,,,,,,,,,,,,,,,,
F2WR52,288,F2WR52,,Viruses,Human immunodeficiency virus type 1,11676,Gag-Pol polyprotein,Homo sapiens,9606,,,,,,,,,,,,,,,,,,,,,,,,,,,,,,,,,,,,,,,,,,,,,,,,,,,,,,,,,,,,,,,,,,
F5BXG7,2344,F5BXG7,,Viruses,Rabbit hemorrhagic disease virus,11976,Genome polyprotein,Oryctolagus cuniculus,9986,373,393,ECO:0000256,405,426,ECO:0000256,,,,,,,,,,,,,,,,,,,,,,,,,,,,,,,,,,,,,,,,,,,,,,,,,,,,,,,,,,,,
G0YZG6,776,G0YZG6,,Viruses,Rotavirus A (strain RVA/Monkey/United States/RRV/1975/G3P5B[3]),444185,Outer capsid protein VP4,Macaca mulatta,9544,,,,,,,,,,,,,,,,,,,,,,,,,,,,,,,,,,,,,,,,,,,,,,,,,,,,,,,,,,,,,,,,,,
H9XIJ3,757,H9XIJ3,,Viruses,Influenza A virus (strain A/Victoria/3/1975 H3N2),392809,RNA-directed RNA polymerase catalytic subunit,"Aves, Cetacea, Homo sapiens, Phocidae, Sus scrofa","8782, 9721, 9606, 9709, 9823",,,,,,,,,,,,,,,,,,,,,,,,,,,,,,,,,,,,,,,,,,,,,,,,,,,,,,,,,,,,,,,,,,
L7R8Z1,212,L7R8Z1,,Viruses,Hepatitis B virus,10407,Capsid protein,"Homo sapiens, Pan troglodytes","9606, 9598",,,,,,,,,,,,,,,,,,,,,,,,,,,,,,,,,,,,,,,,,,,,,,,,,,,,,,,,,,,,,,,,,,
O40922,553,O40922,,Viruses,Human herpesvirus 8,37296,Capsid scaffolding protein,Homo sapiens,9606,,,,,,,,,,,,,,,,,,,,,,,,,,,,,,,,,,,,,,,,,,,,,,,,,,,,,,,,,,,,,,,,,,
O56860,514,O56860,,Viruses,Feline foamy virus,53182,Gag polyprotein,Felis catus,9685,,,,,,,,,,,,,,,,,,,,,,,,,,,,,,,,,,,,,,,,,,,,,,,,,,,,,,,,,,,,,,,,,,
O57187,259,O57187,,Viruses,Vaccinia virus (strain Ankara),126794,DNA-directed RNA polymerase 30 kDa polypeptide,Homo sapiens,9606,,,,,,,,,,,,,,,,,,,,,,,,,,,,,,,,,,,,,,,,,,,,,,,,,,,,,,,,,,,,,,,,,,
O57286,524,O57286,,Viruses,Sendai virus (strain Ohita),302272,Nucleoprotein,"Cavia cutleri, Cricetidae sp., Mus musculus, Rattus norvegicus","10144, 36483, 10090, 10116",,,,,,,,,,,,,,,,,,,,,,,,,,,,,,,,,,,,,,,,,,,,,,,,,,,,,,,,,,,,,,,,,,
P03088,362,P03088,Q84322,Viruses,BK polyomavirus,1891762,Major capsid protein VP1,Homo sapiens,9606,,,,,,,,,,,,,,,,,,,,,,,,,,,,,,,,,,,,,,,,,,,,,,,,,,,,,,,,,,,,,,,,,,
P03101,505,P03101,O00530,Viruses,Human papillomavirus type 16,333760,Major capsid protein L1,Homo sapiens,9606,,,,,,,,,,,,,,,,,,,,,,,,,,,,,,,,,,,,,,,,,,,,,,,,,,,,,,,,,,,,,,,,,,
P03135,735,P03135,"O56652, O56653, O92917",Viruses,Adeno-associated virus 2 (isolate Srivastava/1982),648242,Capsid protein VP1,Mammalia,40674,,,,,,,,,,,,,,,,,,,,,,,,,,,,,,,,,,,,,,,,,,,,,,,,,,,,,,,,,,,,,,,,,,
P03137,729,P03137,Q84366,Viruses,Murine minute virus (strain MVM prototype),648235,Capsid protein VP1,Mus musculus,10090,,,,,,,,,,,,,,,,,,,,,,,,,,,,,,,,,,,,,,,,,,,,,,,,,,,,,,,,,,,,,,,,,,
P03147,183,P03147,,Viruses,Hepatitis B virus genotype D subtype adw (isolate United Kingdom/adyw/1979),10419,Capsid protein,"Homo sapiens, Pan troglodytes","9606, 9598",,,,,,,,,,,,,,,,,,,,,,,,,,,,,,,,,,,,,,,,,,,,,,,,,,,,,,,,,,,,,,,,,,
P03149,185,P03149,,Viruses,Hepatitis B virus genotype A2 subtype adw (isolate Japan/Nishioka/1983),482134,Capsid protein,"Homo sapiens, Pan troglodytes","9606, 9598",,,,,,,,,,,,,,,,,,,,,,,,,,,,,,,,,,,,,,,,,,,,,,,,,,,,,,,,,,,,,,,,,,
P03275,582,P03275,,Viruses,Human adenovirus C serotype 2,10515,Fiber protein,Homo sapiens,9606,,,,,,,,,,,,,,,,,,,,,,,,,,,,,,,,,,,,,,,,,,,,,,,,,,,,,,,,,,,,,,,,,,
P03276,571,P03276,,Viruses,Human adenovirus C serotype 2,10515,Penton protein,Homo sapiens,9606,,,,,,,,,,,,,,,,,,,,,,,,,,,,,,,,,,,,,,,,,,,,,,,,,,,,,,,,,,,,,,,,,,
P03277,968,P03277,,Viruses,Human adenovirus C serotype 2,10515,Hexon protein,Homo sapiens,9606,,,,,,,,,,,,,,,,,,,,,,,,,,,,,,,,,,,,,,,,,,,,,,,,,,,,,,,,,,,,,,,,,,
P03278,911,P03278,A0A9W3HR49,Viruses,Bovine adenovirus B serotype 3,10510,Hexon protein,Bos taurus,9913,,,,,,,,,,,,,,,,,,,,,,,,,,,,,,,,,,,,,,,,,,,,,,,,,,,,,,,,,,,,,,,,,,
P03279,585,P03279,,Viruses,Human adenovirus C serotype 2,10515,Pre-hexon-linking protein IIIa,Homo sapiens,9606,,,,,,,,,,,,,,,,,,,,,,,,,,,,,,,,,,,,,,,,,,,,,,,,,,,,,,,,,,,,,,,,,,
P03282,140,P03282,,Viruses,Human adenovirus C serotype 2,10515,Hexon-interlacing protein IX,Homo sapiens,9606,,,,,,,,,,,,,,,,,,,,,,,,,,,,,,,,,,,,,,,,,,,,,,,,,,,,,,,,,,,,,,,,,,
P03334,538,P03334,,Viruses,Moloney murine sarcoma virus,11809,Gag polyprotein,Mus musculus,10090,,,,,,,,,,,,,,,,,,,,,,,,,,,,,,,,,,,,,,,,,,,,,,,,,,,,,,,,,,,,,,,,,,
P03344,392,P03344,,Viruses,Bovine leukemia virus (isolate Japanese BLV-1),11907,Gag polyprotein,Bos taurus,9913,,,,,,,,,,,,,,,,,,,,,,,,,,,,,,,,,,,,,,,,,,,,,,,,,,,,,,,,,,,,,,,,,,
P03352,442,P03352,,Viruses,Maedi visna virus (strain 1514),11742,Gag polyprotein,Ovis aries,9940,,,,,,,,,,,,,,,,,,,,,,,,,,,,,,,,,,,,,,,,,,,,,,,,,,,,,,,,,,,,,,,,,,
P03432,757,P03432,,Viruses,Influenza A virus (strain A/Northern Territory/60/1968 H3N2),384505,RNA-directed RNA polymerase catalytic subunit,"Aves, Cetacea, Homo sapiens, Phocidae, Sus scrofa","8782, 9721, 9606, 9709, 9823",,,,,,,,,,,,,,,,,,,,,,,,,,,,,,,,,,,,,,,,,,,,,,,,,,,,,,,,,,,,,,,,,,
P03467,498,P03467,,Viruses,Influenza A virus (strain A/Northern Territory/60/1968 H3N2),384505,Nucleoprotein,"Aves, Cetacea, Homo sapiens, Phocidae, Sus scrofa","8782, 9721, 9606, 9709, 9823",,,,,,,,,,,,,,,,,,,,,,,,,,,,,,,,,,,,,,,,,,,,,,,,,,,,,,,,,,,,,,,,,,
P04133,952,P04133,,Viruses,Human adenovirus C serotype 5,28285,Hexon protein,Homo sapiens,9606,,,,,,,,,,,,,,,,,,,,,,,,,,,,,,,,,,,,,,,,,,,,,,,,,,,,,,,,,,,,,,,,,,
P04501,319,P04501,,Viruses,Human adenovirus B serotype 3,45659,Fiber protein,Homo sapiens,9606,,,,,,,,,,,,,,,,,,,,,,,,,,,,,,,,,,,,,,,,,,,,,,,,,,,,,,,,,,,,,,,,,,
P04506,470,P04506,"A4ZY30, P07937",Viruses,Reovirus type 1 (strain Lang),10884,Outer capsid protein sigma-1,Mammalia,40674,,,,,,,,,,,,,,,,,,,,,,,,,,,,,,,,,,,,,,,,,,,,,,,,,,,,,,,,,,,,,,,,,,
P04665,560,P04665,,Viruses,Influenza B virus (strain B/Lee/1940),518987,Nucleoprotein,Homo sapiens,9606,,,,,,,,,,,,,,,,,,,,,,,,,,,,,,,,,,,,,,,,,,,,,,,,,,,,,,,,,,,,,,,,,,
P04858,517,P04858,"P27563, Q88268",Viruses,Sendai virus (strain Z),11198,Nucleoprotein,"Cavia cutleri, Cricetidae sp., Mus musculus, Rattus norvegicus","10144, 36483, 10090, 10116",,,,,,,,,,,,,,,,,,,,,,,,,,,,,,,,,,,,,,,,,,,,,,,,,,,,,,,,,,,,,,,,,,
P04864,727,P04864,Q65112,Viruses,Feline panleukopenia virus,10786,Capsid protein VP1,"Felidae, Nasua nasua, Procyon lotor","9681, 9651, 9654",,,,,,,,,,,,,,,,,,,,,,,,,,,,,,,,,,,,,,,,,,,,,,,,,,,,,,,,,,,,,,,,,,
P07299,781,P07299,,Viruses,Human parvovirus B19 (isolate AU),648238,Minor capsid protein VP1,Homo sapiens,9606,,,,,,,,,,,,,,,,,,,,,,,,,,,,,,,,,,,,,,,,,,,,,,,,,,,,,,,,,,,,,,,,,,
P09286,605,P09286,Q65ZF9,Viruses,Varicella-zoster virus (strain Dumas),10338,Capsid scaffolding protein,Homo sapiens,9606,,,,,,,,,,,,,,,,,,,,,,,,,,,,,,,,,,,,,,,,,,,,,,,,,,,,,,,,,,,,,,,,,,
P0C693,185,P0C693,,Viruses,Hepatitis B virus genotype A2 subtype adw2 (isolate Germany/991/1990),10410,Capsid protein,"Homo sapiens, Pan troglodytes","9606, 9598",,,,,,,,,,,,,,,,,,,,,,,,,,,,,,,,,,,,,,,,,,,,,,,,,,,,,,,,,,,,,,,,,,
P0C6Y8,776,P0C6Y8,,Viruses,Rotavirus A (isolate RVA/Pig/Australia/CRW-8/1987/G3P9[7]),31578,Outer capsid protein VP4,Sus scrofa,9823,,,,,,,,,,,,,,,,,,,,,,,,,,,,,,,,,,,,,,,,,,,,,,,,,,,,,,,,,,,,,,,,,,
P0C6Y9,776,P0C6Y9,,Viruses,Rotavirus A (strain RVA/SA11-4F/G3P6[1]),36436,Outer capsid protein VP4,Macaca mulatta,9544,,,,,,,,,,,,,,,,,,,,,,,,,,,,,,,,,,,,,,,,,,,,,,,,,,,,,,,,,,,,,,,,,,
P0C796,370,P0C796,Q01552,Viruses,Borna disease virus 1,1714621,Nucleoprotein,"Bos taurus, Bradypodidae, Capra hircus, Cervidae, Crocidura leucodon, Equidae, Felis catus, Hexaprotodon liberiensis, Lama glama, Oryctolagus cuniculus, Ovis aries, Struthio camelus, Varecia variegata, Vicugna pacos","9913, 9352, 9925, 9850, 109474, 9788, 9685, 56798, 9844, 9986, 9940, 8801, 9455, 30538",,,,,,,,,,,,,,,,,,,,,,,,,,,,,,,,,,,,,,,,,,,,,,,,,,,,,,,,,,,,,,,,,,
P0CK31,1267,P0CK31,"A4ZY20, P17376, P17378, Q85665",Viruses,Reovirus type 3 (strain Dearing),10886,RNA-directed RNA polymerase lambda-3,Mammalia,40674,,,,,,,,,,,,,,,,,,,,,,,,,,,,,,,,,,,,,,,,,,,,,,,,,,,,,,,,,,,,,,,,,,
P10050,525,P10050,,Viruses,Measles virus (strain Halle),11236,Nucleoprotein,Homo sapiens,9606,,,,,,,,,,,,,,,,,,,,,,,,,,,,,,,,,,,,,,,,,,,,,,,,,,,,,,,,,,,,,,,,,,
P11114,776,P11114,,Viruses,Rotavirus A (strain RVA/Pig/United States/OSU/1977/G5P9[7]),10915,Outer capsid protein VP4,Sus scrofa,9823,,,,,,,,,,,,,,,,,,,,,,,,,,,,,,,,,,,,,,,,,,,,,,,,,,,,,,,,,,,,,,,,,,
P11196,775,P11196,"B3SRS7, Q80P75",Viruses,Rotavirus A (strain RVA/Human/United States/DS-1/1976/G2P1B[4]),10950,Outer capsid protein VP4,Homo sapiens,9606,,,,,,,,,,,,,,,,,,,,,,,,,,,,,,,,,,,,,,,,,,,,,,,,,,,,,,,,,,,,,,,,,,
P12397,708,P12397,"Q85659, Q89834",Viruses,Reovirus type 2 (strain D5/Jones),10885,Outer capsid protein mu-1,Mammalia,40674,,,,,,,,,,,,,,,,,,,,,,,,,,,,,,,,,,,,,,,,,,,,,,,,,,,,,,,,,,,,,,,,,,
P12537,585,P12537,,Viruses,Human adenovirus C serotype 5,28285,Pre-hexon-linking protein IIIa,Homo sapiens,9606,,,,,,,,,,,,,,,,,,,,,,,,,,,,,,,,,,,,,,,,,,,,,,,,,,,,,,,,,,,,,,,,,,
P12538,571,P12538,,Viruses,Human adenovirus C serotype 5,28285,Penton protein,Homo sapiens,9606,,,,,,,,,,,,,,,,,,,,,,,,,,,,,,,,,,,,,,,,,,,,,,,,,,,,,,,,,,,,,,,,,,
P12871,399,P12871,Q9IMM2,Viruses,Nodamura virus (strain Mag115),914672,Capsid protein alpha,"Aedes, Lepidoptera, Sus scrofa","7158, 7088, 9823",,,,,,,,,,,,,,,,,,,,,,,,,,,,,,,,,,,,,,,,,,,,,,,,,,,,,,,,,,,,,,,,,,
P12901,183,P12901,,Viruses,Chimpanzee hepatitis B virus (isolate United Kingdom/LSH/1988),10414,Capsid protein,Pan troglodytes,9598,,,,,,,,,,,,,,,,,,,,,,,,,,,,,,,,,,,,,,,,,,,,,,,,,,,,,,,,,,,,,,,,,,
P12926,423,P12926,"Q6RHZ8, Q76ZU6",Viruses,Vaccinia virus (strain Western Reserve),10254,Core protease OPG083,Bos taurus,9913,,,,,,,,,,,,,,,,,,,,,,,,,,,,,,,,,,,,,,,,,,,,,,,,,,,,,,,,,,,,,,,,,,
P12976,776,P12976,,Viruses,Rotavirus A (strain RVA/SA11-Both/G3P5B[2]),37137,Outer capsid protein VP4,Macaca mulatta,9544,,,,,,,,,,,,,,,,,,,,,,,,,,,,,,,,,,,,,,,,,,,,,,,,,,,,,,,,,,,,,,,,,,
P13871,752,P13871,,Viruses,Influenza B virus (strain B/Ann Arbor/1/1966 [cold-adapted]),11522,RNA-directed RNA polymerase catalytic subunit,Homo sapiens,9606,,,,,,,,,,,,,,,,,,,,,,,,,,,,,,,,,,,,,,,,,,,,,,,,,,,,,,,,,,,,,,,,,,
P14239,564,P14239,,Viruses,Junin mammarenavirus,2169991,Nucleoprotein,"Akodon azarae, Calomys laucha, Calomys musculinus, Homo sapiens, Necromys","29095, 56211, 56212, 9606, 399316",,,,,,,,,,,,,,,,,,,,,,,,,,,,,,,,,,,,,,,,,,,,,,,,,,,,,,,,,,,,,,,,,,
P15682,498,P15682,,Viruses,Influenza A virus (strain A/Wilson-Smith/1933 H1N1),381518,Nucleoprotein,"Aves, Homo sapiens, Sus scrofa","8782, 9606, 9823",,,,,,,,,,,,,,,,,,,,,,,,,,,,,,,,,,,,,,,,,,,,,,,,,,,,,,,,,,,,,,,,,,
P16139,266,P16139,,Viruses,Human adenovirus F serotype 41,10524,Pre-protein VI,Homo sapiens,9606,,,,,,,,,,,,,,,,,,,,,,,,,,,,,,,,,,,,,,,,,,,,,,,,,,,,,,,,,,,,,,,,,,
P16285,450,P16285,"Q6HA98, Q7TBN9",Viruses,Rabies virus (strain SAD B19),11300,Nucleoprotein,"Homo sapiens, Mammalia","9606, 40674",,,,,,,,,,,,,,,,,,,,,,,,,,,,,,,,,,,,,,,,,,,,,,,,,,,,,,,,,,,,,,,,,,
P16495,233,P16495,,Viruses,Bunyamwera virus,35304,Nucleoprotein,"Aedes aegypti, Homo sapiens","7159, 9606",,,,,,,,,,,,,,,,,,,,,,,,,,,,,,,,,,,,,,,,,,,,,,,,,,,,,,,,,,,,,,,,,,
P16713,591,P16713,Q76ZU4,Viruses,Vaccinia virus (strain Western Reserve),10254,Metalloendopeptidase OPG085,Bos taurus,9913,,,,,,,,,,,,,,,,,,,,,,,,,,,,,,,,,,,,,,,,,,,,,,,,,,,,,,,,,,,,,,,,,,
P17391,183,P17391,,Viruses,Hepatitis B virus genotype B1 subtype adw (isolate Japan/pJDW233/1988),10413,Capsid protein,"Homo sapiens, Pan troglodytes","9606, 9598",,,,,,,,,,,,,,,,,,,,,,,,,,,,,,,,,,,,,,,,,,,,,,,,,,,,,,,,,,,,,,,,,,
P17462,881,P17462,,Viruses,Rotavirus A (strain RVA/Cow/United Kingdom/UK/1975/G6P7[5]),10934,Inner capsid protein VP2,Bos taurus,9913,,,,,,,,,,,,,,,,,,,,,,,,,,,,,,,,,,,,,,,,,,,,,,,,,,,,,,,,,,,,,,,,,,
P17463,776,P17463,P04508,Viruses,Rotavirus A (strain RVA/SA11-FEM/G3P6[1]),10925,Outer capsid protein VP4,Macaca mulatta,9544,,,,,,,,,,,,,,,,,,,,,,,,,,,,,,,,,,,,,,,,,,,,,,,,,,,,,,,,,,,,,,,,,,
P17881,429,P17881,,Viruses,Seoul virus (strain SR-11),11610,Nucleoprotein,"Homo sapiens, Rattus norvegicus, Rattus rattus","9606, 10116, 10117",,,,,,,,,,,,,,,,,,,,,,,,,,,,,,,,,,,,,,,,,,,,,,,,,,,,,,,,,,,,,,,,,,
P18140,570,P18140,,Viruses,Tacaribe virus (strain Franze-Fernandez),928313,Nucleoprotein,Artibeus,9416,,,,,,,,,,,,,,,,,,,,,,,,,,,,,,,,,,,,,,,,,,,,,,,,,,,,,,,,,,,,,,,,,,
P18610,397,P18610,,Viruses,Rotavirus A (strain RVA/Cow/United Kingdom/UK/1975/G6P7[5]),10934,Intermediate capsid protein VP6,Bos taurus,9913,,,,,,,,,,,,,,,,,,,,,,,,,,,,,,,,,,,,,,,,,,,,,,,,,,,,,,,,,,,,,,,,,,
P20430,2210,P20430,,Viruses,Tacaribe virus (strain Franze-Fernandez),928313,RNA-directed RNA polymerase L,Artibeus,9416,,,,,,,,,,,,,,,,,,,,,,,,,,,,,,,,,,,,,,,,,,,,,,,,,,,,,,,,,,,,,,,,,,
P21082,259,P21082,,Viruses,Vaccinia virus (strain Copenhagen),10249,DNA-directed RNA polymerase 30 kDa polypeptide,Homo sapiens,9606,,,,,,,,,,,,,,,,,,,,,,,,,,,,,,,,,,,,,,,,,,,,,,,,,,,,,,,,,,,,,,,,,,
P21411,740,P21411,,Viruses,Squirrel monkey retrovirus,11856,Gag polyprotein,Mammalia,40674,,,,,,,,,,,,,,,,,,,,,,,,,,,,,,,,,,,,,,,,,,,,,,,,,,,,,,,,,,,,,,,,,,
P21700,245,P21700,,Viruses,Rift valley fever virus (strain ZH-548 M12),11589,Nucleoprotein,"Aedes, Bos taurus, Bos taurus x Bison bison, Camelus bactrianus, Capra hircus, Homo sapiens, Ovis aries, Phlebotomus papatasi","7158, 9913, 297284, 9837, 9925, 9606, 9940, 29031",,,,,,,,,,,,,,,,,,,,,,,,,,,,,,,,,,,,,,,,,,,,,,,,,,,,,,,,,,,,,,,,,,
P21701,253,P21701,,Viruses,Toscana virus,11590,Nucleoprotein,"Homo sapiens, Phlebotomus perniciosus","9606, 13204",,,,,,,,,,,,,,,,,,,,,,,,,,,,,,,,,,,,,,,,,,,,,,,,,,,,,,,,,,,,,,,,,,
P24840,727,P24840,,Viruses,Feline panleukopenia virus (strain 193),10787,Capsid protein VP1,"Felidae, Nasua nasua, Procyon lotor","9681, 9651, 9654",,,,,,,,,,,,,,,,,,,,,,,,,,,,,,,,,,,,,,,,,,,,,,,,,,,,,,,,,,,,,,,,,,
P27313,433,P27313,I4EPA2,Viruses,Puumala virus (strain Sotkamo/V-2969/81),39002,Nucleoprotein,"Homo sapiens, Myodes glareolus","9606, 447135",,,,,,,,,,,,,,,,,,,,,,,,,,,,,,,,,,,,,,,,,,,,,,,,,,,,,,,,,,,,,,,,,,
P27406,671,P27406,,Viruses,Feline calicivirus (strain F9),11981,Capsid protein VP1,Felidae,9681,,,,,,,,,,,,,,,,,,,,,,,,,,,,,,,,,,,,,,,,,,,,,,,,,,,,,,,,,,,,,,,,,,
P27588,695,P27588,"Q38L45, Q6T6U3, Q6T6V0",Viruses,Lake Victoria marburgvirus (strain Musoke-80),33727,Nucleoprotein,"Chlorocebus aethiops, Homo sapiens, Rousettus aegyptiacus","9534, 9606, 9407",,,,,,,,,,,,,,,,,,,,,,,,,,,,,,,,,,,,,,,,,,,,,,,,,,,,,,,,,,,,,,,,,,
P32540,901,P32540,,Viruses,Mengo encephalomyocarditis virus (strain 37A),31702,Genome polyprotein,"Homo sapiens, Mus musculus","9606, 10090",,,,,,,,,,,,,,,,,,,,,,,,,,,,,,,,,,,,,,,,,,,,,,,,,,,,,,,,,,,,,,,,,,
P35746,772,P35746,,Viruses,Rotavirus A (isolate RVA/Cow/United States/B223/1983/G10P8[11]),1835656,Outer capsid protein VP4,Bos taurus,9913,,,,,,,,,,,,,,,,,,,,,,,,,,,,,,,,,,,,,,,,,,,,,,,,,,,,,,,,,,,,,,,,,,
P35988,265,P35988,,Viruses,Human adenovirus A serotype 12,28282,Pre-protein VI,Homo sapiens,9606,,,,,,,,,,,,,,,,,,,,,,,,,,,,,,,,,,,,,,,,,,,,,,,,,,,,,,,,,,,,,,,,,,
P69707,183,P69707,"P03150, P03151",Viruses,Hepatitis B virus genotype B2 (isolate Indonesia/pIDW420/1988),10412,Capsid protein,"Homo sapiens, Pan troglodytes","9606, 9598",,,,,,,,,,,,,,,,,,,,,,,,,,,,,,,,,,,,,,,,,,,,,,,,,,,,,,,,,,,,,,,,,,
P69730,486,P69730,P03351,Viruses,Equine infectious anemia virus (isolate 1369),11670,Gag polyprotein,"Equus asinus, Equus caballus","9793, 9796",,,,,,,,,,,,,,,,,,,,,,,,,,,,,,,,,,,,,,,,,,,,,,,,,,,,,,,,,,,,,,,,,,
P69732,486,P69732,P03351,Viruses,Equine infectious anemia virus (strain Wyoming),11672,Gag polyprotein,"Equus asinus, Equus caballus","9793, 9796",,,,,,,,,,,,,,,,,,,,,,,,,,,,,,,,,,,,,,,,,,,,,,,,,,,,,,,,,,,,,,,,,,
P89459,3122,P89459,,Viruses,Human herpesvirus 2 (strain HG52),10315,Large tegument protein deneddylase,Homo sapiens,9606,,,,,,,,,,,,,,,,,,,,,,,,,,,,,,,,,,,,,,,,,,,,,,,,,,,,,,,,,,,,,,,,,,
Q01641,775,Q01641,,Viruses,Rotavirus A (strain RVA/Human/Japan/K8/1977/G1P3A[9]),39012,Outer capsid protein VP4,Homo sapiens,9606,,,,,,,,,,,,,,,,,,,,,,,,,,,,,,,,,,,,,,,,,,,,,,,,,,,,,,,,,,,,,,,,,,
Q11213,727,Q11213,,Viruses,Canine parvovirus type 2 (isolate Dog/United States/CPV-b/1978),59284,Capsid protein VP1,"Canis lupus familiaris, Felis catus","9615, 9685",,,,,,,,,,,,,,,,,,,,,,,,,,,,,,,,,,,,,,,,,,,,,,,,,,,,,,,,,,,,,,,,,,
Q1A241,491,Q1A241,,Viruses,Simian immunodeficiency virus,11723,Gag polyprotein,"Cercopithecidae, Pan troglodytes","9527, 9598",,,,,,,,,,,,,,,,,,,,,,,,,,,,,,,,,,,,,,,,,,,,,,,,,,,,,,,,,,,,,,,,,,
Q1H8W5,1248,Q1H8W5,,Viruses,Chikungunya virus,37124,Structural polyprotein,"Aedes aegypti, Aedes albopictus, Aedes furcifer, Aedes polynesiensis, Cercopithecus, Homo sapiens, Macaca, Pan troglodytes, Papio, Presbytis","7159, 7160, 299627, 188700, 9533, 9606, 9539, 9598, 9554, 9573",687,715,ECO:0000256,727,746,ECO:0000256,766,787,ECO:0000256,794,810,ECO:0000256,1222,1245,ECO:0000256,,,,,,,,,,,,,,,,,,,,,,,,,,,,,,,,,,,,,,,,,,,,,,,,,,,
Q2HR64,2635,Q2HR64,,Viruses,Human herpesvirus 8 type P (isolate GK18),868565,Large tegument protein deneddylase,Homo sapiens,9606,,,,,,,,,,,,,,,,,,,,,,,,,,,,,,,,,,,,,,,,,,,,,,,,,,,,,,,,,,,,,,,,,,
Q2VNC5,758,Q2VNC5,,Viruses,Influenza A virus (strain A/Memphis/18/1978 H3N2),383579,RNA-directed RNA polymerase catalytic subunit,"Aves, Cetacea, Homo sapiens, Phocidae, Sus scrofa","8782, 9721, 9606, 9709, 9823",,,,,,,,,,,,,,,,,,,,,,,,,,,,,,,,,,,,,,,,,,,,,,,,,,,,,,,,,,,,,,,,,,
Q3HM40,757,Q3HM40,,Viruses,Influenza A virus (strain A/Brevig Mission/1/1918 H1N1),88776,RNA-directed RNA polymerase catalytic subunit,"Aves, Homo sapiens, Sus scrofa","8782, 9606, 9823",,,,,,,,,,,,,,,,,,,,,,,,,,,,,,,,,,,,,,,,,,,,,,,,,,,,,,,,,,,,,,,,,,
Q3HNQ2,2344,Q3HNQ2,,Viruses,Rabbit hemorrhagic disease virus,11976,Genome polyprotein,Oryctolagus cuniculus,9986,373,393,ECO:0000256,405,426,ECO:0000256,,,,,,,,,,,,,,,,,,,,,,,,,,,,,,,,,,,,,,,,,,,,,,,,,,,,,,,,,,,,
Q4JQX9,2763,Q4JQX9,Q4JQV3,Viruses,Varicella-zoster virus (strain Oka vaccine),341980,Large tegument protein deneddylase,Homo sapiens,9606,,,,,,,,,,,,,,,,,,,,,,,,,,,,,,,,,,,,,,,,,,,,,,,,,,,,,,,,,,,,,,,,,,
Q5EP37,757,Q5EP37,,Viruses,Influenza A virus (strain A/Vietnam/1203/2004 H5N1),284218,RNA-directed RNA polymerase catalytic subunit,"Aves, Homo sapiens, Mustela putorius furo","8782, 9606, 9669",,,,,,,,,,,,,,,,,,,,,,,,,,,,,,,,,,,,,,,,,,,,,,,,,,,,,,,,,,,,,,,,,,
Q66915,668,Q66915,,Viruses,Feline calicivirus (strain Cat/United States/Urbana/1960),292349,Capsid protein VP1,Felis catus,9685,,,,,,,,,,,,,,,,,,,,,,,,,,,,,,,,,,,,,,,,,,,,,,,,,,,,,,,,,,,,,,,,,,
Q67855,185,Q67855,,Viruses,Hepatitis B virus,10407,Capsid protein,"Homo sapiens, Pan troglodytes","9606, 9598",,,,,,,,,,,,,,,,,,,,,,,,,,,,,,,,,,,,,,,,,,,,,,,,,,,,,,,,,,,,,,,,,,
Q69527,638,Q69527,"A0A1U9ZDP7, A0A1U9ZDS4, A0A1U9ZGT1, A0A1U9ZID6, A0A1U9ZIY9, A0A1U9ZK44, A0A1U9ZK49, A0A1U9ZKU5",Viruses,Human herpesvirus 2,10310,Capsid scaffolding protein,Homo sapiens,9606,,,,,,,,,,,,,,,,,,,,,,,,,,,,,,,,,,,,,,,,,,,,,,,,,,,,,,,,,,,,,,,,,,
Q6GWS2,2220,Q6GWS2,,Viruses,Lassa virus (strain Mouse/Sierra Leone/Josiah/1976),11622,RNA-directed RNA polymerase L,"Homo sapiens, Mastomys natalensis","9606, 10112",,,,,,,,,,,,,,,,,,,,,,,,,,,,,,,,,,,,,,,,,,,,,,,,,,,,,,,,,,,,,,,,,,
Q6IUF8,2209,Q6IUF8,,Viruses,Machupo virus,3052317,RNA-directed RNA polymerase L,"Calomys callosus, Chlorocebus aethiops, Homo sapiens","56210, 9534, 9606",,,,,,,,,,,,,,,,,,,,,,,,,,,,,,,,,,,,,,,,,,,,,,,,,,,,,,,,,,,,,,,,,,
Q6IVU0,2209,Q6IVU0,,Viruses,Machupo virus,3052317,RNA-directed RNA polymerase L,"Calomys callosus, Chlorocebus aethiops, Homo sapiens","56210, 9534, 9606",,,,,,,,,,,,,,,,,,,,,,,,,,,,,,,,,,,,,,,,,,,,,,,,,,,,,,,,,,,,,,,,,,
Q6IVU2,564,Q6IVU2,,Viruses,Junin mammarenavirus,2169991,Nucleoprotein,"Akodon azarae, Calomys laucha, Calomys musculinus, Homo sapiens, Necromys","29095, 56211, 56212, 9606, 399316",,,,,,,,,,,,,,,,,,,,,,,,,,,,,,,,,,,,,,,,,,,,,,,,,,,,,,,,,,,,,,,,,,
Q6Y630,2220,Q6Y630,,Viruses,Mammarenavirus lassaense,3052310,RNA-directed RNA polymerase L,"Homo sapiens, Mastomys natalensis, Rattus","9606, 10112, 10114",,,,,,,,,,,,,,,,,,,,,,,,,,,,,,,,,,,,,,,,,,,,,,,,,,,,,,,,,,,,,,,,,,
Q72497,500,Q72497,,Viruses,Human immunodeficiency virus type 1,11676,Gag polyprotein,Homo sapiens,9606,,,,,,,,,,,,,,,,,,,,,,,,,,,,,,,,,,,,,,,,,,,,,,,,,,,,,,,,,,,,,,,,,,
Q74084,512,Q74084,,Viruses,Human immunodeficiency virus type 1,11676,Gag polyprotein,Homo sapiens,9606,,,,,,,,,,,,,,,,,,,,,,,,,,,,,,,,,,,,,,,,,,,,,,,,,,,,,,,,,,,,,,,,,,
Q77YG1,500,Q77YG1,A5JP19,Viruses,Human immunodeficiency virus type 1,11676,Gag polyprotein,Homo sapiens,9606,,,,,,,,,,,,,,,,,,,,,,,,,,,,,,,,,,,,,,,,,,,,,,,,,,,,,,,,,,,,,,,,,,
Q784Z8,183,Q784Z8,,Viruses,Hepatitis B virus,10407,Capsid protein,"Homo sapiens, Pan troglodytes","9606, 9598",,,,,,,,,,,,,,,,,,,,,,,,,,,,,,,,,,,,,,,,,,,,,,,,,,,,,,,,,,,,,,,,,,
Q79791,500,Q79791,,Viruses,Human immunodeficiency virus type 1 group M subtype B (isolate NY5),11698,Gag polyprotein,Homo sapiens,9606,,,,,,,,,,,,,,,,,,,,,,,,,,,,,,,,,,,,,,,,,,,,,,,,,,,,,,,,,,,,,,,,,,
Q81102,183,Q81102,,Viruses,Hepatitis B virus genotype C subtype adr (isolate Japan/Nishioka/1983),482133,Capsid protein,Homo sapiens,9606,,,,,,,,,,,,,,,,,,,,,,,,,,,,,,,,,,,,,,,,,,,,,,,,,,,,,,,,,,,,,,,,,,
Q82040,744,Q82040,,Viruses,Rotavirus C (isolate RVC/Human/United Kingdom/Bristol/1989),31567,Outer capsid protein VP4,Homo sapiens,9606,,,,,,,,,,,,,,,,,,,,,,,,,,,,,,,,,,,,,,,,,,,,,,,,,,,,,,,,,,,,,,,,,,
Q82446,796,Q82446,,Viruses,Human astrovirus-2,12701,Capsid polyprotein VP90,Homo sapiens,9606,,,,,,,,,,,,,,,,,,,,,,,,,,,,,,,,,,,,,,,,,,,,,,,,,,,,,,,,,,,,,,,,,,
Q83417,524,Q83417,,Viruses,Suid herpesvirus 1 (strain Kaplan),33703,Capsid scaffolding protein,Sus scrofa,9823,,,,,,,,,,,,,,,,,,,,,,,,,,,,,,,,,,,,,,,,,,,,,,,,,,,,,,,,,,,,,,,,,,
Q83453,223,Q83453,Q9YTR6,Viruses,Porcine adenovirus A serotype 3,35265,Pre-hexon-linking protein VIII,Sus scrofa,9823,,,,,,,,,,,,,,,,,,,,,,,,,,,,,,,,,,,,,,,,,,,,,,,,,,,,,,,,,,,,,,,,,,
Q88628,1248,Q88628,,Viruses,Chikungunya virus,37124,Structural polyprotein,"Aedes aegypti, Aedes albopictus, Aedes furcifer, Aedes polynesiensis, Cercopithecus, Homo sapiens, Macaca, Pan troglodytes, Papio, Presbytis","7159, 7160, 299627, 188700, 9533, 9606, 9539, 9598, 9554, 9573",687,715,ECO:0000256,766,787,ECO:0000256,1226,1246,ECO:0000256,,,,,,,,,,,,,,,,,,,,,,,,,,,,,,,,,,,,,,,,,,,,,,,,,,,,,,,,,
Q8BDE6,557,Q8BDE6,Q8BD29,Viruses,Latino mammarenavirus (isolate Rat/Bolivia/MARU 1924/1965),3052311,Nucleoprotein,Calomys callosus,56210,,,,,,,,,,,,,,,,,,,,,,,,,,,,,,,,,,,,,,,,,,,,,,,,,,,,,,,,,,,,,,,,,,
Q8JNB4,776,Q8JNB4,,Viruses,Rotavirus A (strain RVA/Cow/United States/WC3/1981/G6P7[5]),578828,Outer capsid protein VP4,Bos taurus,9913,,,,,,,,,,,,,,,,,,,,,,,,,,,,,,,,,,,,,,,,,,,,,,,,,,,,,,,,,,,,,,,,,,
Q8JPY1,739,Q8JPY1,Q5UAL1,Viruses,Reston ebolavirus (strain Reston-89),386032,Nucleoprotein,"Epomops franqueti, Homo sapiens, Myonycteris torquata, Sus scrofa","77231, 9606, 77243, 9823",,,,,,,,,,,,,,,,,,,,,,,,,,,,,,,,,,,,,,,,,,,,,,,,,,,,,,,,,,,,,,,,,,
Q910D6,757,Q910D6,,Viruses,Influenza A virus (strain A/Hong Kong/1/1968 H3N2),506350,RNA-directed RNA polymerase catalytic subunit,"Aves, Cetacea, Homo sapiens, Phocidae, Sus scrofa","8782, 9721, 9606, 9709, 9823",,,,,,,,,,,,,,,,,,,,,,,,,,,,,,,,,,,,,,,,,,,,,,,,,,,,,,,,,,,,,,,,,,
Q91PB2,562,Q91PB2,,Viruses,Whitewater Arroyo mammarenavirus (isolate Rat/United States/AV 9310135/1995),3052331,Nucleoprotein,Neotoma,42407,,,,,,,,,,,,,,,,,,,,,,,,,,,,,,,,,,,,,,,,,,,,,,,,,,,,,,,,,,,,,,,,,,
Q96802,776,Q96802,,Viruses,Rotavirus A (strain RVA/Cow/France/RF/1975/G6P6[1]),10933,Outer capsid protein VP4,Bos taurus,9913,,,,,,,,,,,,,,,,,,,,,,,,,,,,,,,,,,,,,,,,,,,,,,,,,,,,,,,,,,,,,,,,,,
Q9DGV7,493,Q9DGV7,,Viruses,Human immunodeficiency virus type 1,11676,Gag polyprotein,Homo sapiens,9606,,,,,,,,,,,,,,,,,,,,,,,,,,,,,,,,,,,,,,,,,,,,,,,,,,,,,,,,,,,,,,,,,,
Q9DQX7,569,Q9DQX7,,Viruses,Mammarenavirus lassaense,3052310,Nucleoprotein,"Homo sapiens, Mastomys natalensis, Rattus","9606, 10112, 10114",,,,,,,,,,,,,,,,,,,,,,,,,,,,,,,,,,,,,,,,,,,,,,,,,,,,,,,,,,,,,,,,,,
Q9IMM4,1043,Q9IMM4,,Viruses,Nodamura virus (strain Mag115),914672,RNA-directed RNA polymerase,"Aedes, Lepidoptera, Sus scrofa","7158, 7088, 9823",26,42,ECO:0000255,,,,,,,,,,,,,,,,,,,,,,,,,,,,,,,,,,,,,,,,,,,,,,,,,,,,,,,,,,,,,,,
Q9Q0V0,757,Q9Q0V0,,Viruses,Influenza A virus (strain A/Goose/Guangdong/1/1996 H5N1 genotype Gs/Gd),93838,RNA-directed RNA polymerase catalytic subunit,"Aves, Felis catus, Homo sapiens, Panthera pardus, Panthera tigris, Sus scrofa","8782, 9685, 9606, 9691, 9694, 9823",,,,,,,,,,,,,,,,,,,,,,,,,,,,,,,,,,,,,,,,,,,,,,,,,,,,,,,,,,,,,,,,,,
Q9QMH8,212,Q9QMH8,,Viruses,Hepatitis B virus,10407,Capsid protein,"Homo sapiens, Pan troglodytes","9606, 9598",,,,,,,,,,,,,,,,,,,,,,,,,,,,,,,,,,,,,,,,,,,,,,,,,,,,,,,,,,,,,,,,,,
Q9WAB2,1275,Q9WAB2,,Viruses,Reovirus type 1 (strain Lang),10884,Inner capsid protein lambda-1,Mammalia,40674,,,,,,,,,,,,,,,,,,,,,,,,,,,,,,,,,,,,,,,,,,,,,,,,,,,,,,,,,,,,,,,,,,
Q9WLS3,758,Q9WLS3,"Q9ICX8, Q9WA97",Viruses,Influenza A virus (strain A/Hong Kong/156/1997 H5N1 genotype Gs/Gd),130763,RNA-directed RNA polymerase catalytic subunit,"Aves, Felis catus, Homo sapiens, Panthera pardus, Panthera tigris, Sus scrofa","8782, 9685, 9606, 9691, 9694, 9823",,,,,,,,,,,,,,,,,,,,,,,,,,,,,,,,,,,,,,,,,,,,,,,,,,,,,,,,,,,,,,,,,,
R9YK28,150,R9YK28,,Viruses,Human enterovirus 71,39054,Genome polyprotein,Homo sapiens,9606,,,,,,,,,,,,,,,,,,,,,,,,,,,,,,,,,,,,,,,,,,,,,,,,,,,,,,,,,,,,,,,,,,
T2CI25,474,T2CI25,,Viruses,Human immunodeficiency virus type 1,11676,Gag polyprotein,Homo sapiens,9606,,,,,,,,,,,,,,,,,,,,,,,,,,,,,,,,,,,,,,,,,,,,,,,,,,,,,,,,,,,,,,,,,,
W8R5E4,1242,W8R5E4,,Viruses,Eastern equine encephalitis virus,11021,Structural polyprotein,"Aedes, Homo sapiens, Passeriformes","7158, 9606, 9126",689,711,ECO:0000256,782,802,ECO:0000256,1211,1239,ECO:0000256,,,,,,,,,,,,,,,,,,,,,,,,,,,,,,,,,,,,,,,,,,,,,,,,,,,,,,,,,
W8S146,1242,W8S146,,Viruses,Eastern equine encephalitis virus,11021,Structural polyprotein,"Aedes, Homo sapiens, Passeriformes","7158, 9606, 9126",689,711,ECO:0000256,782,802,ECO:0000256,1211,1239,ECO:0000256,,,,,,,,,,,,,,,,,,,,,,,,,,,,,,,,,,,,,,,,,,,,,,,,,,,,,,,,,
A0A0B5CYZ3,2344,A0A0B5CYZ3,,Viruses,Rabbit hemorrhagic disease virus,11976,Genome polyprotein,Oryctolagus cuniculus,9986,,,,,,,,,,,,,,,,,,,,,,,,,,,,,,,,,,,,,,,,,,,,,,,,,,,,,,,,,,,,,,,,,,
A0A0P0ALW1,2153,A0A0P0ALW1,,Viruses,Sin Nombre orthohantavirus,3052499,RNA-directed RNA polymerase L,"Homo sapiens, Peromyscus maniculatus","9606, 10042",,,,,,,,,,,,,,,,,,,,,,,,,,,,,,,,,,,,,,,,,,,,,,,,,,,,,,,,,,,,,,,,,,
A0A1S7D8Z7,510,A0A1S7D8Z7,,Viruses,Simian immunodeficiency virus,11723,Gag polyprotein,"Cercopithecidae, Pan troglodytes","9527, 9598",,,,,,,,,,,,,,,,,,,,,,,,,,,,,,,,,,,,,,,,,,,,,,,,,,,,,,,,,,,,,,,,,,
A0A3G1TVH2,644,A0A3G1TVH2,,Viruses,Hepatitis E virus,1678143,Pro-secreted protein ORF2,"Bandicota bengalensis, Callithrix, Cercopithecus hamlyni, Chlorocebus aethiops, Gallus gallus, Homo sapiens, Macaca, Mus musculus, Pan troglodytes, Saimiri, Sus scrofa","69079, 9481, 9536, 9534, 9031, 9606, 9539, 10090, 9598, 9520, 9823",,,,,,,,,,,,,,,,,,,,,,,,,,,,,,,,,,,,,,,,,,,,,,,,,,,,,,,,,,,,,,,,,,
A0A3G2BZ29,1217,A0A3G2BZ29,,Viruses,Sindbis virus,11034,Structural polyprotein,"Acrocephalus scirpaceus, Aedes, Culex, Homo sapiens, Motacilla alba, Streptopelia turtur","48156, 7158, 53527, 9606, 45807, 177155",665,690,ECO:0000256,741,774,ECO:0000256,1187,1212,ECO:0000256,,,,,,,,,,,,,,,,,,,,,,,,,,,,,,,,,,,,,,,,,,,,,,,,,,,,,,,,,
A0A3G6VE58,778,A0A3G6VE58,,Viruses,Human astrovirus-6,37130,Capsid polyprotein VP90,Homo sapiens,9606,,,,,,,,,,,,,,,,,,,,,,,,,,,,,,,,,,,,,,,,,,,,,,,,,,,,,,,,,,,,,,,,,,
A0A5J6NBQ1,1236,A0A5J6NBQ1,,Viruses,Western equine encephalitis virus,11039,Structural polyprotein,"Aedes, Anopheles, Culex tarsalis, Haemorhous mexicanus, Homo sapiens, Lepus americanus, Lithobates pipiens, Passer domesticus, Thamnophis, Urocitellus richardsonii","7158, 7164, 7177, 30427, 9606, 48086, 8404, 48849, 34999, 37591",684,709,ECO:0000256,759,786,ECO:0000256,1206,1232,ECO:0000256,,,,,,,,,,,,,,,,,,,,,,,,,,,,,,,,,,,,,,,,,,,,,,,,,,,,,,,,,
A0A5P9VSM8,2411,A0A5P9VSM8,,Viruses,Human respiratory syncytial virus,11250,Replicase,Homo sapiens,9606,,,,,,,,,,,,,,,,,,,,,,,,,,,,,,,,,,,,,,,,,,,,,,,,,,,,,,,,,,,,,,,,,,
A1E8J1,2473,A1E8J1,,Viruses,Porcine reproductive and respiratory syndrome virus,28344,,Sus scrofa,9823,1228,1256,ECO:0000256,1263,1279,ECO:0000256,1313,1332,ECO:0000256,1341,1359,ECO:0000256,1618,1642,ECO:0000256,1654,1682,ECO:0000256,1688,1717,ECO:0000256,1991,2017,ECO:0000256,2029,2050,ECO:0000256,2062,2082,ECO:0000256,2102,2127,ECO:0000256,2134,2152,ECO:0000256,,,,,,,,,,,,,,,,,,,,,,,,,,,,,,
A2T3R5,882,A2T3R5,,Viruses,Rotavirus A (isolate RVA/Monkey/South Africa/SA11-H96/1958/G3P5B[2]),450149,Inner capsid protein VP2,Chlorocebus pygerythrus,60710,,,,,,,,,,,,,,,,,,,,,,,,,,,,,,,,,,,,,,,,,,,,,,,,,,,,,,,,,,,,,,,,,,
A2T3S0,1088,A2T3S0,,Viruses,Rotavirus A (isolate RVA/Monkey/South Africa/SA11-H96/1958/G3P5B[2]),450149,RNA-directed RNA polymerase,Chlorocebus pygerythrus,60710,,,,,,,,,,,,,,,,,,,,,,,,,,,,,,,,,,,,,,,,,,,,,,,,,,,,,,,,,,,,,,,,,,
A2T3T0,397,A2T3T0,,Viruses,Rotavirus A (isolate RVA/Monkey/South Africa/SA11-H96/1958/G3P5B[2]),450149,Intermediate capsid protein VP6,Chlorocebus pygerythrus,60710,,,,,,,,,,,,,,,,,,,,,,,,,,,,,,,,,,,,,,,,,,,,,,,,,,,,,,,,,,,,,,,,,,
A5HBD5,369,A5HBD5,,Viruses,WU polyomavirus,440266,Major capsid protein VP1,Homo sapiens,9606,,,,,,,,,,,,,,,,,,,,,,,,,,,,,,,,,,,,,,,,,,,,,,,,,,,,,,,,,,,,,,,,,,
A7J3A1,397,A7J3A1,Q91N57,Viruses,Rotavirus A (strain RVA/Cow/United States/NCDV-Lincoln/1969/G6P6[1]),36439,Intermediate capsid protein VP6,Bos taurus,9913,,,,,,,,,,,,,,,,,,,,,,,,,,,,,,,,,,,,,,,,,,,,,,,,,,,,,,,,,,,,,,,,,,
A7KWZ1,1417,A7KWZ1,,Viruses,Bovine leukemia virus,11901,Gag-Pro-Pol polyprotein,Bos taurus,9913,,,,,,,,,,,,,,,,,,,,,,,,,,,,,,,,,,,,,,,,,,,,,,,,,,,,,,,,,,,,,,,,,,
A9Q1L0,826,A9Q1L0,,Viruses,Rotavirus X (isolate RVX/Human/Bangladesh/NADRV-B219/2002/GXP[X]),348136,Outer capsid protein VP4,Homo sapiens,9606,,,,,,,,,,,,,,,,,,,,,,,,,,,,,,,,,,,,,,,,,,,,,,,,,,,,,,,,,,,,,,,,,,
A9XFC5,568,A9XFC5,,Viruses,Human papillomavirus type 18,333761,Major capsid protein L1,Homo sapiens,9606,32,50,ECO:0000256,,,,,,,,,,,,,,,,,,,,,,,,,,,,,,,,,,,,,,,,,,,,,,,,,,,,,,,,,,,,,,,
B2ZAB4,2473,B2ZAB4,,Viruses,Porcine reproductive and respiratory syndrome virus,28344,,Sus scrofa,9823,1228,1256,ECO:0000256,1263,1279,ECO:0000256,1341,1359,ECO:0000256,1618,1642,ECO:0000256,1654,1682,ECO:0000256,1688,1717,ECO:0000256,1991,2017,ECO:0000256,2029,2050,ECO:0000256,2062,2082,ECO:0000256,2102,2127,ECO:0000256,2134,2152,ECO:0000256,,,,,,,,,,,,,,,,,,,,,,,,,,,,,,,,,
B6DRA0,403,B6DRA0,,Viruses,Human immunodeficiency virus type 1,11676,Gag polyprotein,Homo sapiens,9606,,,,,,,,,,,,,,,,,,,,,,,,,,,,,,,,,,,,,,,,,,,,,,,,,,,,,,,,,,,,,,,,,,
B6S6I4,374,B6S6I4,,Viruses,Human immunodeficiency virus type 1,11676,Gag polyprotein,Homo sapiens,9606,,,,,,,,,,,,,,,,,,,,,,,,,,,,,,,,,,,,,,,,,,,,,,,,,,,,,,,,,,,,,,,,,,
B6VGX5,2473,B6VGX5,,Viruses,Porcine reproductive and respiratory syndrome virus,28344,,Sus scrofa,9823,1228,1250,ECO:0000256,1262,1279,ECO:0000256,1341,1359,ECO:0000256,1618,1642,ECO:0000256,1654,1682,ECO:0000256,1688,1717,ECO:0000256,1991,2017,ECO:0000256,2023,2043,ECO:0000256,2064,2082,ECO:0000256,2102,2127,ECO:0000256,2134,2152,ECO:0000256,,,,,,,,,,,,,,,,,,,,,,,,,,,,,,,,,
C0RVT5,560,C0RVT5,,Viruses,Influenza B virus (strain B/Malaysia/2506/2004),464417,Nucleoprotein,Homo sapiens,9606,,,,,,,,,,,,,,,,,,,,,,,,,,,,,,,,,,,,,,,,,,,,,,,,,,,,,,,,,,,,,,,,,,
C1JB69,362,C1JB69,,Viruses,Human immunodeficiency virus type 1,11676,Gag polyprotein,Homo sapiens,9606,,,,,,,,,,,,,,,,,,,,,,,,,,,,,,,,,,,,,,,,,,,,,,,,,,,,,,,,,,,,,,,,,,
C4B4T9,673,C4B4T9,,Viruses,Hepatitis E virus,1678143,Pro-secreted protein ORF2,"Bandicota bengalensis, Callithrix, Cercopithecus hamlyni, Chlorocebus aethiops, Gallus gallus, Homo sapiens, Macaca, Mus musculus, Pan troglodytes, Saimiri, Sus scrofa","69079, 9481, 9536, 9534, 9031, 9606, 9539, 10090, 9598, 9520, 9823",,,,,,,,,,,,,,,,,,,,,,,,,,,,,,,,,,,,,,,,,,,,,,,,,,,,,,,,,,,,,,,,,,
C7EPF2,1236,C7EPF2,,Viruses,Western equine encephalitis virus,11039,Structural polyprotein,"Aedes, Anopheles, Culex tarsalis, Haemorhous mexicanus, Homo sapiens, Lepus americanus, Lithobates pipiens, Passer domesticus, Thamnophis, Urocitellus richardsonii","7158, 7164, 7177, 30427, 9606, 48086, 8404, 48849, 34999, 37591",684,709,ECO:0000256,759,786,ECO:0000256,1206,1232,ECO:0000256,,,,,,,,,,,,,,,,,,,,,,,,,,,,,,,,,,,,,,,,,,,,,,,,,,,,,,,,,
D2CSC7,1460,D2CSC7,,Viruses,Porcine reproductive and respiratory syndrome virus,28344,Replicase polyprotein 1ab,Sus scrofa,9823,,,,,,,,,,,,,,,,,,,,,,,,,,,,,,,,,,,,,,,,,,,,,,,,,,,,,,,,,,,,,,,,,,
D5LWW7,549,D5LWW7,,Viruses,Mumps virus (strain Enders),11167,Nucleoprotein,Homo sapiens,9606,,,,,,,,,,,,,,,,,,,,,,,,,,,,,,,,,,,,,,,,,,,,,,,,,,,,,,,,,,,,,,,,,,
E3V2B6,1460,E3V2B6,,Viruses,Porcine reproductive and respiratory syndrome virus,28344,Replicase polyprotein 1ab,Sus scrofa,9823,,,,,,,,,,,,,,,,,,,,,,,,,,,,,,,,,,,,,,,,,,,,,,,,,,,,,,,,,,,,,,,,,,
G4XX27,671,G4XX27,,Viruses,Hepatitis E virus,1678143,Pro-secreted protein ORF2,"Bandicota bengalensis, Callithrix, Cercopithecus hamlyni, Chlorocebus aethiops, Gallus gallus, Homo sapiens, Macaca, Mus musculus, Pan troglodytes, Saimiri, Sus scrofa","69079, 9481, 9536, 9534, 9031, 9606, 9539, 10090, 9598, 9520, 9823",,,,,,,,,,,,,,,,,,,,,,,,,,,,,,,,,,,,,,,,,,,,,,,,,,,,,,,,,,,,,,,,,,
I6TAH8,498,I6TAH8,,Viruses,Influenza A virus (strain A/Aichi/2/1968 H3N2),387139,Nucleoprotein,"Aves, Cetacea, Homo sapiens, Phocidae, Sus scrofa","8782, 9721, 9606, 9709, 9823",,,,,,,,,,,,,,,,,,,,,,,,,,,,,,,,,,,,,,,,,,,,,,,,,,,,,,,,,,,,,,,,,,
J9XNG9,1460,J9XNG9,,Viruses,Porcine reproductive and respiratory syndrome virus,28344,Replicase polyprotein 1ab,Sus scrofa,9823,,,,,,,,,,,,,,,,,,,,,,,,,,,,,,,,,,,,,,,,,,,,,,,,,,,,,,,,,,,,,,,,,,
L0PI28,1417,L0PI28,,Viruses,Bovine leukemia virus,11901,Gag-Pro-Pol polyprotein,Bos taurus,9913,,,,,,,,,,,,,,,,,,,,,,,,,,,,,,,,,,,,,,,,,,,,,,,,,,,,,,,,,,,,,,,,,,
L7R9I1,183,L7R9I1,,Viruses,Hepatitis B virus,10407,Capsid protein,"Homo sapiens, Pan troglodytes","9606, 9598",,,,,,,,,,,,,,,,,,,,,,,,,,,,,,,,,,,,,,,,,,,,,,,,,,,,,,,,,,,,,,,,,,
O36430,752,O36430,,Viruses,Influenza B virus (strain B/Panama/45/1990),408929,RNA-directed RNA polymerase catalytic subunit,Homo sapiens,9606,,,,,,,,,,,,,,,,,,,,,,,,,,,,,,,,,,,,,,,,,,,,,,,,,,,,,,,,,,,,,,,,,,
O37061,1088,O37061,,Viruses,Rotavirus A (strain RVA/SA11-Patton/G3P[X]),36434,RNA-directed RNA polymerase,Macaca mulatta,9544,,,,,,,,,,,,,,,,,,,,,,,,,,,,,,,,,,,,,,,,,,,,,,,,,,,,,,,,,,,,,,,,,,
O40942,2635,O40942,,Viruses,Human herpesvirus 8,37296,,Homo sapiens,9606,,,,,,,,,,,,,,,,,,,,,,,,,,,,,,,,,,,,,,,,,,,,,,,,,,,,,,,,,,,,,,,,,,
O55611,450,O55611,"Q75T12, Q85412",Viruses,Rabies virus (strain Nishigahara RCEH),11298,Nucleoprotein,"Homo sapiens, Mammalia","9606, 40674",,,,,,,,,,,,,,,,,,,,,,,,,,,,,,,,,,,,,,,,,,,,,,,,,,,,,,,,,,,,,,,,,,
O57204,1286,O57204,,Viruses,Vaccinia virus (strain Ankara),126794,DNA-directed RNA polymerase 147 kDa polypeptide,Homo sapiens,9606,,,,,,,,,,,,,,,,,,,,,,,,,,,,,,,,,,,,,,,,,,,,,,,,,,,,,,,,,,,,,,,,,,
O57233,305,O57233,Q80HU5,Viruses,Vaccinia virus (strain Ankara),126794,DNA-directed RNA polymerase 35 kDa subunit,Homo sapiens,9606,,,,,,,,,,,,,,,,,,,,,,,,,,,,,,,,,,,,,,,,,,,,,,,,,,,,,,,,,,,,,,,,,,
O72120,691,O72120,,Viruses,Canine calicivirus (strain 48),292348,Capsid protein VP1,Canis lupus familiaris,9615,,,,,,,,,,,,,,,,,,,,,,,,,,,,,,,,,,,,,,,,,,,,,,,,,,,,,,,,,,,,,,,,,,
O72142,739,O72142,Q6V1R0,Viruses,Zaire ebolavirus (strain Kikwit-95),128951,Nucleoprotein,"Epomops franqueti, Homo sapiens, Myonycteris torquata","77231, 9606, 77243",,,,,,,,,,,,,,,,,,,,,,,,,,,,,,,,,,,,,,,,,,,,,,,,,,,,,,,,,,,,,,,,,,
O89339,532,O89339,,Viruses,Hendra virus (isolate Horse/Autralia/Hendra/1994),928303,Nucleoprotein,"Equus caballus, Homo sapiens, Pteropus alecto, Pteropus poliocephalus, Pteropus scapulatus","9796, 9606, 9402, 9403, 94117",,,,,,,,,,,,,,,,,,,,,,,,,,,,,,,,,,,,,,,,,,,,,,,,,,,,,,,,,,,,,,,,,,
O92837,234,O92837,,Viruses,Simian virus 40,1891767,Minor capsid protein,Macaca,9539,,,,,,,,,,,,,,,,,,,,,,,,,,,,,,,,,,,,,,,,,,,,,,,,,,,,,,,,,,,,,,,,,,
P03136,734,P03136,,Viruses,Hamster parvovirus H1,10799,Capsid protein VP1,"Cricetidae sp., Rattus norvegicus","36483, 10116",,,,,,,,,,,,,,,,,,,,,,,,,,,,,,,,,,,,,,,,,,,,,,,,,,,,,,,,,,,,,,,,,,
P03280,227,P03280,,Viruses,Human adenovirus C serotype 2,10515,Pre-hexon-linking protein VIII,Homo sapiens,9606,,,,,,,,,,,,,,,,,,,,,,,,,,,,,,,,,,,,,,,,,,,,,,,,,,,,,,,,,,,,,,,,,,
P03281,140,P03281,,Viruses,Human adenovirus C serotype 5,28285,Hexon-interlacing protein IX,Homo sapiens,9606,,,,,,,,,,,,,,,,,,,,,,,,,,,,,,,,,,,,,,,,,,,,,,,,,,,,,,,,,,,,,,,,,,
P03525,418,P03525,Q6LEC8,Viruses,Reovirus type 3 (strain Dearing),10886,Inner capsid protein sigma-2,Mammalia,40674,,,,,,,,,,,,,,,,,,,,,,,,,,,,,,,,,,,,,,,,,,,,,,,,,,,,,,,,,,,,,,,,,,
P03541,561,P03541,,Viruses,Pichinde mammarenavirus,3052300,Nucleoprotein,"Cavia cutleri, Homo sapiens, Nephelomys albigularis","10144, 9606, 530178",,,,,,,,,,,,,,,,,,,,,,,,,,,,,,,,,,,,,,,,,,,,,,,,,,,,,,,,,,,,,,,,,,
P04010,368,P04010,,Viruses,B-lymphotropic polyomavirus,332091,Major capsid protein VP1,Chlorocebus aethiops,9534,,,,,,,,,,,,,,,,,,,,,,,,,,,,,,,,,,,,,,,,,,,,,,,,,,,,,,,,,,,,,,,,,,
P04013,455,P04013,,Viruses,Human papillomavirus 11,10580,Minor capsid protein L2,Homo sapiens,9606,,,,,,,,,,,,,,,,,,,,,,,,,,,,,,,,,,,,,,,,,,,,,,,,,,,,,,,,,,,,,,,,,,
P04310,161,P04310,,Viruses,Vaccinia virus (strain Western Reserve),10254,DNA-directed RNA polymerase 18 kDa subunit,Bos taurus,9913,,,,,,,,,,,,,,,,,,,,,,,,,,,,,,,,,,,,,,,,,,,,,,,,,,,,,,,,,,,,,,,,,,
P04666,560,P04666,,Viruses,Influenza B virus (strain B/Singapore/222/1979),107417,Nucleoprotein,Homo sapiens,9606,,,,,,,,,,,,,,,,,,,,,,,,,,,,,,,,,,,,,,,,,,,,,,,,,,,,,,,,,,,,,,,,,,
P04857,517,P04857,,Viruses,Sendai virus (strain Enders),11194,Nucleoprotein,"Cavia cutleri, Cricetidae sp., Mus musculus, Rattus norvegicus","10144, 36483, 10090, 10116",,,,,,,,,,,,,,,,,,,,,,,,,,,,,,,,,,,,,,,,,,,,,,,,,,,,,,,,,,,,,,,,,,
P04873,235,P04873,,Viruses,Bunyavirus La Crosse,11577,Nucleoprotein,"Cervidae, Homo sapiens, Ochlerotatus triseriatus, Tamias","9850, 9606, 7162, 13712",,,,,,,,,,,,,,,,,,,,,,,,,,,,,,,,,,,,,,,,,,,,,,,,,,,,,,,,,,,,,,,,,,
P04881,422,P04881,,Viruses,Vesicular stomatitis New Jersey virus (strain Ogden subtype Concan),11283,Nucleoprotein,"Aedes, Bos taurus, Culicoides, Equus asinus, Equus caballus, Homo sapiens, Lutzomyia, Musca domestica, Simuliidae, Sus scrofa","7158, 9913, 58271, 9793, 9796, 9606, 252607, 7370, 7190, 9823",,,,,,,,,,,,,,,,,,,,,,,,,,,,,,,,,,,,,,,,,,,,,,,,,,,,,,,,,,,,,,,,,,
P06491,1374,P06491,,Viruses,Human herpesvirus 1 (strain 17),10299,Major capsid protein,Homo sapiens,9606,,,,,,,,,,,,,,,,,,,,,,,,,,,,,,,,,,,,,,,,,,,,,,,,,,,,,,,,,,,,,,,,,,
P06793,462,P06793,,Viruses,Human papillomavirus type 18,333761,Minor capsid protein L2,Homo sapiens,9606,,,,,,,,,,,,,,,,,,,,,,,,,,,,,,,,,,,,,,,,,,,,,,,,,,,,,,,,,,,,,,,,,,
P07302,729,P07302,"Q9WMH2, Q9WMH3",Viruses,Murine minute virus (strain MVMi),10795,Capsid protein VP1,Mus musculus,10090,,,,,,,,,,,,,,,,,,,,,,,,,,,,,,,,,,,,,,,,,,,,,,,,,,,,,,,,,,,,,,,,,,
P07392,1287,P07392,"P07619, Q80HW6",Viruses,Vaccinia virus (strain Western Reserve),10254,DNA-directed RNA polymerase 147 kDa polypeptide,Bos taurus,9913,,,,,,,,,,,,,,,,,,,,,,,,,,,,,,,,,,,,,,,,,,,,,,,,,,,,,,,,,,,,,,,,,,
P09276,483,P09276,,Viruses,Varicella-zoster virus (strain Dumas),10338,Triplex capsid protein 1,Homo sapiens,9606,,,,,,,,,,,,,,,,,,,,,,,,,,,,,,,,,,,,,,,,,,,,,,,,,,,,,,,,,,,,,,,,,,
P09279,235,P09279,,Viruses,Varicella-zoster virus (strain Dumas),10338,Small capsomere-interacting protein,Homo sapiens,9606,,,,,,,,,,,,,,,,,,,,,,,,,,,,,,,,,,,,,,,,,,,,,,,,,,,,,,,,,,,,,,,,,,
P0DOF3,450,P0DOF3,Q7TBN9,Viruses,Rabies virus (strain ERA),11295,Nucleoprotein,"Homo sapiens, Mammalia","9606, 40674",,,,,,,,,,,,,,,,,,,,,,,,,,,,,,,,,,,,,,,,,,,,,,,,,,,,,,,,,,,,,,,,,,
P0DOI3,378,P0DOI3,"A3R4M8, A3R4N3, A3R4N8",Viruses,KI polyomavirus (isolate Stockholm 60),423446,Major capsid protein VP1,Homo sapiens,9606,,,,,,,,,,,,,,,,,,,,,,,,,,,,,,,,,,,,,,,,,,,,,,,,,,,,,,,,,,,,,,,,,,
P0DTP1,89,P0DTP1,"Q77PU9, Q9WT32",Viruses,Human herpesvirus 6B (strain Z29),36351,Small capsomere-interacting protein,Homo sapiens,9606,,,,,,,,,,,,,,,,,,,,,,,,,,,,,,,,,,,,,,,,,,,,,,,,,,,,,,,,,,,,,,,,,,
P10201,703,P10201,,Viruses,Human herpesvirus 1 (strain 17),10299,Capsid vertex component 1,Homo sapiens,9606,,,,,,,,,,,,,,,,,,,,,,,,,,,,,,,,,,,,,,,,,,,,,,,,,,,,,,,,,,,,,,,,,,
P10209,580,P10209,,Viruses,Human herpesvirus 1 (strain 17),10299,Capsid vertex component 2,Homo sapiens,9606,,,,,,,,,,,,,,,,,,,,,,,,,,,,,,,,,,,,,,,,,,,,,,,,,,,,,,,,,,,,,,,,,,
P10219,112,P10219,,Viruses,Human herpesvirus 1 (strain 17),10299,Small capsomere-interacting protein,Homo sapiens,9606,,,,,,,,,,,,,,,,,,,,,,,,,,,,,,,,,,,,,,,,,,,,,,,,,,,,,,,,,,,,,,,,,,
P11211,422,P11211,"Q5IX72, Q5IX76, Q5IX78, Q5IX82, Q5IX86",Viruses,Chandipura virus (strain I653514),11273,Nucleoprotein,"Homo sapiens, Phlebotominae","9606, 7198",,,,,,,,,,,,,,,,,,,,,,,,,,,,,,,,,,,,,,,,,,,,,,,,,,,,,,,,,,,,,,,,,,
P11818,581,P11818,,Viruses,Human adenovirus C serotype 5,28285,Fiber protein,Homo sapiens,9606,,,,,,,,,,,,,,,,,,,,,,,,,,,,,,,,,,,,,,,,,,,,,,,,,,,,,,,,,,,,,,,,,,
P11820,925,P11820,Q64880,Viruses,Human adenovirus F serotype 41,10524,Hexon protein,Homo sapiens,9606,,,,,,,,,,,,,,,,,,,,,,,,,,,,,,,,,,,,,,,,,,,,,,,,,,,,,,,,,,,,,,,,,,
P11822,233,P11822,,Viruses,Human adenovirus F serotype 41,10524,Pre-hexon-linking protein VIII,Homo sapiens,9606,,,,,,,,,,,,,,,,,,,,,,,,,,,,,,,,,,,,,,,,,,,,,,,,,,,,,,,,,,,,,,,,,,
P12418,736,P12418,"A4ZY23, Q71M35, Q8QT10",Viruses,Reovirus type 3 (strain Dearing),10886,Microtubule-associated protein mu-2,Mammalia,40674,,,,,,,,,,,,,,,,,,,,,,,,,,,,,,,,,,,,,,,,,,,,,,,,,,,,,,,,,,,,,,,,,,
P12472,880,P12472,Q86225,Viruses,Rotavirus A (strain RVA/Cow/France/RF/1975/G6P6[1]),10933,Inner capsid protein VP2,Bos taurus,9913,,,,,,,,,,,,,,,,,,,,,,,,,,,,,,,,,,,,,,,,,,,,,,,,,,,,,,,,,,,,,,,,,,
P13884,560,P13884,,Viruses,Influenza B virus (strain B/Ann Arbor/1/1966 [cold-adapted]),11522,Nucleoprotein,Homo sapiens,9606,,,,,,,,,,,,,,,,,,,,,,,,,,,,,,,,,,,,,,,,,,,,,,,,,,,,,,,,,,,,,,,,,,
P15141,343,P15141,,Viruses,Human adenovirus B serotype 7,10519,Fiber protein,Homo sapiens,9606,,,,,,,,,,,,,,,,,,,,,,,,,,,,,,,,,,,,,,,,,,,,,,,,,,,,,,,,,,,,,,,,,,
P16087,450,P16087,,Viruses,Feline immunodeficiency virus (isolate Petaluma),11674,Gag polyprotein,Felidae,9681,,,,,,,,,,,,,,,,,,,,,,,,,,,,,,,,,,,,,,,,,,,,,,,,,,,,,,,,,,,,,,,,,,
P16785,2241,P16785,Q7M6N7,Viruses,Human cytomegalovirus (strain AD169),10360,Large tegument protein deneddylase,Homo sapiens,9606,,,,,,,,,,,,,,,,,,,,,,,,,,,,,,,,,,,,,,,,,,,,,,,,,,,,,,,,,,,,,,,,,,
P17468,1088,P17468,,Viruses,Rotavirus A (strain RVA/Cow/France/RF/1975/G6P6[1]),10933,RNA-directed RNA polymerase,Bos taurus,9913,,,,,,,,,,,,,,,,,,,,,,,,,,,,,,,,,,,,,,,,,,,,,,,,,,,,,,,,,,,,,,,,,,
P18259,349,P18259,,Viruses,Bluetongue virus 1 (isolate South Africa),10905,Core protein VP7,"Antilocapra americana, Bos taurus, Capra hircus, Culicoides variipennis, Ovis aries","9891, 9913, 9925, 46212, 9940",,,,,,,,,,,,,,,,,,,,,,,,,,,,,,,,,,,,,,,,,,,,,,,,,,,,,,,,,,,,,,,,,,
P18546,729,P18546,"P22964, Q89816",Viruses,Porcine parvovirus (strain NADL-2),10797,Capsid protein VP1,Sus scrofa,9823,,,,,,,,,,,,,,,,,,,,,,,,,,,,,,,,,,,,,,,,,,,,,,,,,,,,,,,,,,,,,,,,,,
P19239,570,P19239,,Viruses,Mopeia virus,3052320,Nucleoprotein,Mastomys natalensis,10112,,,,,,,,,,,,,,,,,,,,,,,,,,,,,,,,,,,,,,,,,,,,,,,,,,,,,,,,,,,,,,,,,,
P21034,161,P21034,,Viruses,Vaccinia virus (strain Copenhagen),10249,DNA-directed RNA polymerase 18 kDa subunit,Homo sapiens,9606,,,,,,,,,,,,,,,,,,,,,,,,,,,,,,,,,,,,,,,,,,,,,,,,,,,,,,,,,,,,,,,,,,
P21737,542,P21737,,Viruses,Human parainfluenza 2 virus (strain Toshiba),11214,Nucleoprotein,Homo sapiens,9606,,,,,,,,,,,,,,,,,,,,,,,,,,,,,,,,,,,,,,,,,,,,,,,,,,,,,,,,,,,,,,,,,,
P22776,646,P22776,,Viruses,African swine fever virus (strain Badajoz 1971 Vero-adapted),10498,Hexon protein p72,"Ornithodoros, Sus scrofa","6937, 9823",,,,,,,,,,,,,,,,,,,,,,,,,,,,,,,,,,,,,,,,,,,,,,,,,,,,,,,,,,,,,,,,,,
P24029,690,P24029,G1E7B4,Viruses,Aleutian mink disease parvovirus (strain G),10783,Capsid protein VP1,Mustela,9665,,,,,,,,,,,,,,,,,,,,,,,,,,,,,,,,,,,,,,,,,,,,,,,,,,,,,,,,,,,,,,,,,,
P24757,305,P24757,,Viruses,Vaccinia virus (strain Western Reserve),10254,DNA-directed RNA polymerase 35 kDa subunit,Bos taurus,9913,,,,,,,,,,,,,,,,,,,,,,,,,,,,,,,,,,,,,,,,,,,,,,,,,,,,,,,,,,,,,,,,,,
P26072,498,P26072,Q6XTT4,Viruses,Influenza A virus (strain A/Singapore/1/1957 H2N2),382781,Nucleoprotein,"Aves, Homo sapiens","8782, 9606",,,,,,,,,,,,,,,,,,,,,,,,,,,,,,,,,,,,,,,,,,,,,,,,,,,,,,,,,,,,,,,,,,
P26079,498,P26079,,Viruses,Influenza A virus (strain A/Swine/Iowa/1946 H1N1),383537,Nucleoprotein,"Aves, Homo sapiens, Sus scrofa","8782, 9606, 9823",,,,,,,,,,,,,,,,,,,,,,,,,,,,,,,,,,,,,,,,,,,,,,,,,,,,,,,,,,,,,,,,,,
P26091,498,P26091,,Viruses,Influenza A virus (strain A/Swine/Hong Kong/126/1982 H3N2),382848,Nucleoprotein,"Aves, Cetacea, Homo sapiens, Phocidae, Sus scrofa","8782, 9721, 9606, 9709, 9823",,,,,,,,,,,,,,,,,,,,,,,,,,,,,,,,,,,,,,,,,,,,,,,,,,,,,,,,,,,,,,,,,,
P26144,161,P26144,,Viruses,Influenza A virus (strain A/Camel/Mongolia/1982 H1N1),387191,RNA-directed RNA polymerase catalytic subunit,"Aves, Homo sapiens, Sus scrofa","8782, 9606, 9823",,,,,,,,,,,,,,,,,,,,,,,,,,,,,,,,,,,,,,,,,,,,,,,,,,,,,,,,,,,,,,,,,,
P26535,524,P26535,,Viruses,Human papillomavirus 58,10598,Major capsid protein L1,Homo sapiens,9606,,,,,,,,,,,,,,,,,,,,,,,,,,,,,,,,,,,,,,,,,,,,,,,,,,,,,,,,,,,,,,,,,,
P26589,393,P26589,Q5MKM8,Viruses,Murine pneumonia virus (strain 15),296738,Nucleoprotein,Mus musculus,10090,,,,,,,,,,,,,,,,,,,,,,,,,,,,,,,,,,,,,,,,,,,,,,,,,,,,,,,,,,,,,,,,,,
P26590,524,P26590,,Viruses,Human parainfluenza 1 virus (strain Washington/1957),11211,Nucleoprotein,Homo sapiens,9606,,,,,,,,,,,,,,,,,,,,,,,,,,,,,,,,,,,,,,,,,,,,,,,,,,,,,,,,,,,,,,,,,,
P27405,668,P27405,,Viruses,Feline calicivirus (strain Japanese F4),11980,Capsid protein VP1,Felidae,9681,,,,,,,,,,,,,,,,,,,,,,,,,,,,,,,,,,,,,,,,,,,,,,,,,,,,,,,,,,,,,,,,,,
P28711,106,P28711,,Viruses,Feline calicivirus (strain F9),11981,Minor capsid protein VP2,Felidae,9681,,,,,,,,,,,,,,,,,,,,,,,,,,,,,,,,,,,,,,,,,,,,,,,,,,,,,,,,,,,,,,,,,,
P32539,133,P32539,,Viruses,Human adenovirus F serotype 41,10524,Hexon-interlacing protein IX,Homo sapiens,9606,,,,,,,,,,,,,,,,,,,,,,,,,,,,,,,,,,,,,,,,,,,,,,,,,,,,,,,,,,,,,,,,,,
P32888,465,P32888,P10222,Viruses,Human herpesvirus 1 (strain 17),10299,Triplex capsid protein 1,Homo sapiens,9606,,,,,,,,,,,,,,,,,,,,,,,,,,,,,,,,,,,,,,,,,,,,,,,,,,,,,,,,,,,,,,,,,,
P35774,325,P35774,,Viruses,Human adenovirus B serotype 11 (strain Slobiski),343462,Fiber protein,Homo sapiens,9606,,,,,,,,,,,,,,,,,,,,,,,,,,,,,,,,,,,,,,,,,,,,,,,,,,,,,,,,,,,,,,,,,,
P35955,442,P35955,,Viruses,Maedi visna virus (strain KV1772),36374,Gag polyprotein,Ovis aries,9940,,,,,,,,,,,,,,,,,,,,,,,,,,,,,,,,,,,,,,,,,,,,,,,,,,,,,,,,,,,,,,,,,,
P36285,703,P36285,,Viruses,San Miguel sea lion virus serotype 4,36407,Capsid protein VP1,Otariidae,9702,,,,,,,,,,,,,,,,,,,,,,,,,,,,,,,,,,,,,,,,,,,,,,,,,,,,,,,,,,,,,,,,,,
P36310,729,P36310,,Viruses,Parvovirus LuIII,35339,Capsid protein VP1,Rodentia,9989,,,,,,,,,,,,,,,,,,,,,,,,,,,,,,,,,,,,,,,,,,,,,,,,,,,,,,,,,,,,,,,,,,
P36711,587,P36711,,Viruses,Human adenovirus A serotype 12,28282,Fiber protein,Homo sapiens,9606,,,,,,,,,,,,,,,,,,,,,,,,,,,,,,,,,,,,,,,,,,,,,,,,,,,,,,,,,,,,,,,,,,
P36712,582,P36712,,Viruses,Human adenovirus A serotype 12,28282,Pre-hexon-linking protein IIIa,Homo sapiens,9606,,,,,,,,,,,,,,,,,,,,,,,,,,,,,,,,,,,,,,,,,,,,,,,,,,,,,,,,,,,,,,,,,,
P36713,233,P36713,,Viruses,Human adenovirus A serotype 12,28282,Pre-hexon-linking protein VIII,Homo sapiens,9606,,,,,,,,,,,,,,,,,,,,,,,,,,,,,,,,,,,,,,,,,,,,,,,,,,,,,,,,,,,,,,,,,,
P36849,944,P36849,,Viruses,Human adenovirus B serotype 3,45659,Hexon protein,Homo sapiens,9606,,,,,,,,,,,,,,,,,,,,,,,,,,,,,,,,,,,,,,,,,,,,,,,,,,,,,,,,,,,,,,,,,,
P42486,1450,P42486,,Viruses,African swine fever virus (strain Badajoz 1971 Vero-adapted),10498,DNA-directed RNA polymerase RPB1 homolog,"Ornithodoros, Sus scrofa","6937, 9823",,,,,,,,,,,,,,,,,,,,,,,,,,,,,,,,,,,,,,,,,,,,,,,,,,,,,,,,,,,,,,,,,,
P42487,1242,P42487,,Viruses,African swine fever virus (strain Badajoz 1971 Vero-adapted),10498,DNA-directed RNA polymerase RPB2 homolog,"Ornithodoros, Sus scrofa","6937, 9823",,,,,,,,,,,,,,,,,,,,,,,,,,,,,,,,,,,,,,,,,,,,,,,,,,,,,,,,,,,,,,,,,,
P49302,384,P49302,,Viruses,Murine polyomavirus (strain P16 small-plaque),47935,Capsid protein VP1,Mus musculus,10090,,,,,,,,,,,,,,,,,,,,,,,,,,,,,,,,,,,,,,,,,,,,,,,,,,,,,,,,,,,,,,,,,,
P68043,498,P68043,P26075,Viruses,Influenza A virus (strain A/Wisconsin/3523/1988 H1N1),380346,Nucleoprotein,"Aves, Homo sapiens, Sus scrofa","8782, 9606, 9823",,,,,,,,,,,,,,,,,,,,,,,,,,,,,,,,,,,,,,,,,,,,,,,,,,,,,,,,,,,,,,,,,,
P68314,63,P68314,"Q76ZU0, Q89560",Viruses,Vaccinia virus (strain Ankara),126794,DNA-directed RNA polymerase 7 kDa subunit,Homo sapiens,9606,,,,,,,,,,,,,,,,,,,,,,,,,,,,,,,,,,,,,,,,,,,,,,,,,,,,,,,,,,,,,,,,,,
P68315,63,P68315,Q89560,Viruses,Vaccinia virus (strain Copenhagen),10249,DNA-directed RNA polymerase 7 kDa subunit,Homo sapiens,9606,,,,,,,,,,,,,,,,,,,,,,,,,,,,,,,,,,,,,,,,,,,,,,,,,,,,,,,,,,,,,,,,,,
P68317,63,P68317,"Q76ZU0, Q89560",Viruses,Vaccinia virus (strain Western Reserve),10254,DNA-directed RNA polymerase 7 kDa subunit,Bos taurus,9913,,,,,,,,,,,,,,,,,,,,,,,,,,,,,,,,,,,,,,,,,,,,,,,,,,,,,,,,,,,,,,,,,,
P68609,185,P68609,"P07391, Q76ZT0",Viruses,Vaccinia virus (strain Western Reserve),10254,DNA-directed RNA polymerase 22 kDa subunit,Bos taurus,9913,,,,,,,,,,,,,,,,,,,,,,,,,,,,,,,,,,,,,,,,,,,,,,,,,,,,,,,,,,,,,,,,,,
P68610,164,P68610,P20984,Viruses,Vaccinia virus (strain Copenhagen),10249,DNA-directed RNA polymerase 19 kDa subunit,Homo sapiens,9606,,,,,,,,,,,,,,,,,,,,,,,,,,,,,,,,,,,,,,,,,,,,,,,,,,,,,,,,,,,,,,,,,,
P68611,164,P68611,P20984,Viruses,Vaccinia virus (strain Western Reserve),10254,DNA-directed RNA polymerase 19 kDa subunit,Bos taurus,9913,,,,,,,,,,,,,,,,,,,,,,,,,,,,,,,,,,,,,,,,,,,,,,,,,,,,,,,,,,,,,,,,,,
P68694,1164,P68694,P19798,Viruses,Vaccinia virus (strain Copenhagen),10249,DNA-directed RNA polymerase 133 kDa polypeptide,Homo sapiens,9606,,,,,,,,,,,,,,,,,,,,,,,,,,,,,,,,,,,,,,,,,,,,,,,,,,,,,,,,,,,,,,,,,,
P69296,498,P69296,"Q07539, Q08029",Viruses,Influenza A virus (strain A/Shanghai/16/1989 H3N2),383567,Nucleoprotein,"Aves, Cetacea, Homo sapiens, Phocidae, Sus scrofa","8782, 9721, 9606, 9709, 9823",,,,,,,,,,,,,,,,,,,,,,,,,,,,,,,,,,,,,,,,,,,,,,,,,,,,,,,,,,,,,,,,,,
P69361,349,P69361,P07886,Viruses,Bluetongue virus 10 (isolate USA),10900,Core protein VP7,"Antilocapra americana, Bos taurus, Capra hircus, Culicoides variipennis, Ovis aries","9891, 9913, 9925, 46212, 9940",,,,,,,,,,,,,,,,,,,,,,,,,,,,,,,,,,,,,,,,,,,,,,,,,,,,,,,,,,,,,,,,,,
Q00270,485,Q00270,,Viruses,Hepatitis E virus (isolate Rhesus/HT-4),31766,Capsid protein,"Callithrix, Cercopithecus hamlyni, Chlorocebus aethiops, Gallus gallus, Homo sapiens, Macaca, Mus musculus, Pan troglodytes, Saimiri, Sus scrofa","9481, 9536, 9534, 9031, 9606, 9539, 10090, 9598, 9520, 9823",,,,,,,,,,,,,,,,,,,,,,,,,,,,,,,,,,,,,,,,,,,,,,,,,,,,,,,,,,,,,,,,,,
Q00335,736,Q00335,Q8QT11,Viruses,Reovirus type 1 (strain Lang),10884,Microtubule-associated protein mu-2,Mammalia,40674,,,,,,,,,,,,,,,,,,,,,,,,,,,,,,,,,,,,,,,,,,,,,,,,,,,,,,,,,,,,,,,,,,
Q00946,273,Q00946,,Viruses,African swine fever virus (strain Badajoz 1971 Vero-adapted),10498,Cysteine protease S273R,"Ornithodoros, Sus scrofa","6937, 9823",,,,,,,,,,,,,,,,,,,,,,,,,,,,,,,,,,,,,,,,,,,,,,,,,,,,,,,,,,,,,,,,,,
Q03553,976,Q03553,,Viruses,Bovine adenovirus B serotype 3,10510,Fiber protein,Bos taurus,9913,,,,,,,,,,,,,,,,,,,,,,,,,,,,,,,,,,,,,,,,,,,,,,,,,,,,,,,,,,,,,,,,,,
Q04916,749,Q04916,,Viruses,Rotavirus B (isolate RVB/Human/China/ADRV/1982),10942,Outer capsid protein VP4,Homo sapiens,9606,,,,,,,,,,,,,,,,,,,,,,,,,,,,,,,,,,,,,,,,,,,,,,,,,,,,,,,,,,,,,,,,,,
Q07862,521,Q07862,,Viruses,Human papillomavirus 4,10617,Minor capsid protein L2,Homo sapiens,9606,,,,,,,,,,,,,,,,,,,,,,,,,,,,,,,,,,,,,,,,,,,,,,,,,,,,,,,,,,,,,,,,,,
Q07FI1,498,Q07FI1,,Viruses,Influenza A virus (strain A/China:Nanchang/11/1996 H1N1),394786,Nucleoprotein,"Aves, Homo sapiens, Sus scrofa","8782, 9606, 9823",,,,,,,,,,,,,,,,,,,,,,,,,,,,,,,,,,,,,,,,,,,,,,,,,,,,,,,,,,,,,,,,,,
Q08041,498,Q08041,Q2ICQ6,Viruses,Influenza A virus (strain A/Memphis/101/1972 H3N2),383583,Nucleoprotein,"Aves, Cetacea, Homo sapiens, Phocidae, Sus scrofa","8782, 9721, 9606, 9709, 9823",,,,,,,,,,,,,,,,,,,,,,,,,,,,,,,,,,,,,,,,,,,,,,,,,,,,,,,,,,,,,,,,,,
Q08823,525,Q08823,,Viruses,Peste-des-petits-ruminants virus,2593991,Nucleoprotein,"Capra hircus, Ovis aries","9925, 9940",,,,,,,,,,,,,,,,,,,,,,,,,,,,,,,,,,,,,,,,,,,,,,,,,,,,,,,,,,,,,,,,,,
Q09159,498,Q09159,,Viruses,Influenza A virus (strain A/Guangdong/38/1977 H3N2),383593,Nucleoprotein,"Aves, Homo sapiens, Mysticeti, Phocidae, Sus scrofa","8782, 9606, 9761, 9709, 9823",,,,,,,,,,,,,,,,,,,,,,,,,,,,,,,,,,,,,,,,,,,,,,,,,,,,,,,,,,,,,,,,,,
Q1AHV0,660,Q1AHV0,,Viruses,Hepatitis E virus,1678143,Pro-secreted protein ORF2,"Bandicota bengalensis, Callithrix, Cercopithecus hamlyni, Chlorocebus aethiops, Gallus gallus, Homo sapiens, Macaca, Mus musculus, Pan troglodytes, Saimiri, Sus scrofa","69079, 9481, 9536, 9534, 9031, 9606, 9539, 10090, 9598, 9520, 9823",,,,,,,,,,,,,,,,,,,,,,,,,,,,,,,,,,,,,,,,,,,,,,,,,,,,,,,,,,,,,,,,,,
Q1K9H2,498,Q1K9H2,"B4URF1, Q1I2B5",Viruses,Influenza A virus (strain A/Wilson-Smith/1933 H1N1),381518,Nucleoprotein,"Aves, Homo sapiens, Sus scrofa","8782, 9606, 9823",,,,,,,,,,,,,,,,,,,,,,,,,,,,,,,,,,,,,,,,,,,,,,,,,,,,,,,,,,,,,,,,,,
Q1W679,1236,Q1W679,,Viruses,Western equine encephalitis virus,11039,Structural polyprotein,"Aedes, Anopheles, Culex tarsalis, Haemorhous mexicanus, Homo sapiens, Lepus americanus, Lithobates pipiens, Passer domesticus, Thamnophis, Urocitellus richardsonii","7158, 7164, 7177, 30427, 9606, 48086, 8404, 48849, 34999, 37591",684,709,ECO:0000256,759,786,ECO:0000256,1206,1232,ECO:0000256,,,,,,,,,,,,,,,,,,,,,,,,,,,,,,,,,,,,,,,,,,,,,,,,,,,,,,,,,
Q1XE75,1019,Q1XE75,,Viruses,Simian immunodeficiency virus,11723,,"Cercopithecidae, Pan troglodytes","9527, 9598",,,,,,,,,,,,,,,,,,,,,,,,,,,,,,,,,,,,,,,,,,,,,,,,,,,,,,,,,,,,,,,,,,
Q2Y0H9,544,Q2Y0H9,,Viruses,Human adenovirus B serotype 3,45659,Penton protein,Homo sapiens,9606,,,,,,,,,,,,,,,,,,,,,,,,,,,,,,,,,,,,,,,,,,,,,,,,,,,,,,,,,,,,,,,,,,
Q3S8C4,963,Q3S8C4,,Viruses,Human adenovirus C serotype 6,10534,Hexon protein,Homo sapiens,9606,,,,,,,,,,,,,,,,,,,,,,,,,,,,,,,,,,,,,,,,,,,,,,,,,,,,,,,,,,,,,,,,,,
Q4KRW9,391,Q4KRW9,,Viruses,Human respiratory syncytial virus,11250,Nucleoprotein,Homo sapiens,9606,,,,,,,,,,,,,,,,,,,,,,,,,,,,,,,,,,,,,,,,,,,,,,,,,,,,,,,,,,,,,,,,,,
Q5EP28,498,Q5EP28,,Viruses,Influenza A virus (strain A/Vietnam/1203/2004 H5N1),284218,Nucleoprotein,"Aves, Homo sapiens, Mustela putorius furo","8782, 9606, 9669",,,,,,,,,,,,,,,,,,,,,,,,,,,,,,,,,,,,,,,,,,,,,,,,,,,,,,,,,,,,,,,,,,
Q5QFI5,510,Q5QFI5,,Viruses,Simian immunodeficiency virus,11723,Gag polyprotein,"Cercopithecidae, Pan troglodytes","9527, 9598",,,,,,,,,,,,,,,,,,,,,,,,,,,,,,,,,,,,,,,,,,,,,,,,,,,,,,,,,,,,,,,,,,
Q5QGH9,1060,Q5QGH9,,Viruses,Simian immunodeficiency virus,11723,,"Cercopithecidae, Pan troglodytes","9527, 9598",,,,,,,,,,,,,,,,,,,,,,,,,,,,,,,,,,,,,,,,,,,,,,,,,,,,,,,,,,,,,,,,,,
Q5SC49,549,Q5SC49,,Viruses,Mumps virus genotype N (strain L-Zagreb vaccine),301186,Nucleoprotein,Homo sapiens,9606,,,,,,,,,,,,,,,,,,,,,,,,,,,,,,,,,,,,,,,,,,,,,,,,,,,,,,,,,,,,,,,,,,
Q5XX08,738,Q5XX08,,Viruses,Sudan ebolavirus (strain Human/Uganda/Gulu/2000),386033,Nucleoprotein,"Epomops franqueti, Homo sapiens, Myonycteris torquata","77231, 9606, 77243",,,,,,,,,,,,,,,,,,,,,,,,,,,,,,,,,,,,,,,,,,,,,,,,,,,,,,,,,,,,,,,,,,
Q64845,125,Q64845,,Viruses,Bovine adenovirus B serotype 3,10510,Hexon-interlacing protein IX,Bos taurus,9913,,,,,,,,,,,,,,,,,,,,,,,,,,,,,,,,,,,,,,,,,,,,,,,,,,,,,,,,,,,,,,,,,,
Q67716,579,Q67716,,Viruses,Human adenovirus F serotype 41,10524,Pre-hexon-linking protein IIIa,Homo sapiens,9606,,,,,,,,,,,,,,,,,,,,,,,,,,,,,,,,,,,,,,,,,,,,,,,,,,,,,,,,,,,,,,,,,,
Q6QDR1,2503,Q6QDR1,,Viruses,Porcine reproductive and respiratory syndrome virus,28344,,Sus scrofa,9823,1258,1286,ECO:0000256,1293,1309,ECO:0000256,1371,1389,ECO:0000256,1648,1672,ECO:0000256,1684,1712,ECO:0000256,1718,1747,ECO:0000256,2021,2047,ECO:0000256,2059,2080,ECO:0000256,2092,2112,ECO:0000256,2132,2157,ECO:0000256,2164,2182,ECO:0000256,,,,,,,,,,,,,,,,,,,,,,,,,,,,,,,,,
Q6UY69,695,Q6UY69,,Viruses,Lake Victoria marburgvirus (strain Ozolin-75),482820,Nucleoprotein,"Chlorocebus aethiops, Homo sapiens, Rousettus aegyptiacus","9534, 9606, 9407",,,,,,,,,,,,,,,,,,,,,,,,,,,,,,,,,,,,,,,,,,,,,,,,,,,,,,,,,,,,,,,,,,
Q76ZP7,1164,Q76ZP7,P19798,Viruses,Vaccinia virus (strain Western Reserve),10254,DNA-directed RNA polymerase 133 kDa polypeptide,Bos taurus,9913,,,,,,,,,,,,,,,,,,,,,,,,,,,,,,,,,,,,,,,,,,,,,,,,,,,,,,,,,,,,,,,,,,
Q76ZQ8,164,Q76ZQ8,,Viruses,Vaccinia virus (strain Ankara),126794,DNA-directed RNA polymerase 19 kDa subunit,Homo sapiens,9606,,,,,,,,,,,,,,,,,,,,,,,,,,,,,,,,,,,,,,,,,,,,,,,,,,,,,,,,,,,,,,,,,,
Q76ZS0,161,Q76ZS0,,Viruses,Vaccinia virus (strain Ankara),126794,DNA-directed RNA polymerase 18 kDa subunit,Homo sapiens,9606,,,,,,,,,,,,,,,,,,,,,,,,,,,,,,,,,,,,,,,,,,,,,,,,,,,,,,,,,,,,,,,,,,
Q778I9,183,Q778I9,,Viruses,Hepatitis B virus,10407,Capsid protein,"Homo sapiens, Pan troglodytes","9606, 9598",,,,,,,,,,,,,,,,,,,,,,,,,,,,,,,,,,,,,,,,,,,,,,,,,,,,,,,,,,,,,,,,,,
Q77E03,422,Q77E03,,Viruses,Vesicular stomatitis Indiana virus (strain 98COE North America),434488,Nucleoprotein,"Aedes, Bos taurus, Culicoides, Equus asinus, Equus caballus, Homo sapiens, Lutzomyia, Musca domestica, Simuliidae, Sus scrofa","7158, 9913, 58271, 9793, 9796, 9606, 252607, 7370, 7190, 9823",,,,,,,,,,,,,,,,,,,,,,,,,,,,,,,,,,,,,,,,,,,,,,,,,,,,,,,,,,,,,,,,,,
Q77IS8,549,Q77IS8,,Viruses,Mumps virus genotype A (strain Jeryl-Lynn),11168,Nucleoprotein,Homo sapiens,9606,,,,,,,,,,,,,,,,,,,,,,,,,,,,,,,,,,,,,,,,,,,,,,,,,,,,,,,,,,,,,,,,,,
Q81971,508,Q81971,,Viruses,Human papillomavirus 59,37115,Major capsid protein L1,Homo sapiens,9606,,,,,,,,,,,,,,,,,,,,,,,,,,,,,,,,,,,,,,,,,,,,,,,,,,,,,,,,,,,,,,,,,,
Q86218,882,Q86218,,Viruses,Rotavirus A (strain RVA/SA11-Ramig/G3P[X]),36435,Inner capsid protein VP2,Macaca mulatta,9544,,,,,,,,,,,,,,,,,,,,,,,,,,,,,,,,,,,,,,,,,,,,,,,,,,,,,,,,,,,,,,,,,,
Q88016,1060,Q88016,,Viruses,Simian immunodeficiency virus,11723,,"Cercopithecidae, Pan troglodytes","9527, 9598",,,,,,,,,,,,,,,,,,,,,,,,,,,,,,,,,,,,,,,,,,,,,,,,,,,,,,,,,,,,,,,,,,
Q88435,509,Q88435,,Viruses,Parainfluenza virus 5 (strain W3),11208,Nucleoprotein,"Canis lupus familiaris, Homo sapiens","9615, 9606",,,,,,,,,,,,,,,,,,,,,,,,,,,,,,,,,,,,,,,,,,,,,,,,,,,,,,,,,,,,,,,,,,
Q8JXF6,450,Q8JXF6,"Q2V876, Q6LEP7",Viruses,Rabies virus (strain CVS-11),11294,Nucleoprotein,"Homo sapiens, Mammalia","9606, 40674",,,,,,,,,,,,,,,,,,,,,,,,,,,,,,,,,,,,,,,,,,,,,,,,,,,,,,,,,,,,,,,,,,
Q915A5,2190,Q915A5,,Viruses,Pichinde mammarenavirus,3052300,RNA-directed RNA polymerase L,"Cavia cutleri, Homo sapiens, Nephelomys albigularis","10144, 9606, 530178",,,,,,,,,,,,,,,,,,,,,,,,,,,,,,,,,,,,,,,,,,,,,,,,,,,,,,,,,,,,,,,,,,
Q91N61,397,Q91N61,,Viruses,Rotavirus A (strain RVA/Pig/United States/OSU/1977/G5P9[7]),10915,Intermediate capsid protein VP6,Sus scrofa,9823,,,,,,,,,,,,,,,,,,,,,,,,,,,,,,,,,,,,,,,,,,,,,,,,,,,,,,,,,,,,,,,,,,
Q91RA5,1289,Q91RA5,,Viruses,Reovirus type 1 (strain Lang),10884,Outer capsid protein lambda-2,Mammalia,40674,,,,,,,,,,,,,,,,,,,,,,,,,,,,,,,,,,,,,,,,,,,,,,,,,,,,,,,,,,,,,,,,,,
Q91RA6,1289,Q91RA6,,Viruses,Reovirus type 1 (strain Lang),10884,Outer capsid protein lambda-2,Mammalia,40674,,,,,,,,,,,,,,,,,,,,,,,,,,,,,,,,,,,,,,,,,,,,,,,,,,,,,,,,,,,,,,,,,,
Q91UL1,498,Q91UL1,,Viruses,Influenza A virus (strain A/X-31 H3N2),132504,Nucleoprotein,"Aves, Cetacea, Homo sapiens, Phocidae, Sus scrofa","8782, 9721, 9606, 9709, 9823",,,,,,,,,,,,,,,,,,,,,,,,,,,,,,,,,,,,,,,,,,,,,,,,,,,,,,,,,,,,,,,,,,
Q9IMP4,754,Q9IMP4,,Viruses,Influenza C virus (strain C/Johannesburg/1/1966),100673,RNA-directed RNA polymerase catalytic subunit,"Homo sapiens, Sus scrofa","9606, 9823",,,,,,,,,,,,,,,,,,,,,,,,,,,,,,,,,,,,,,,,,,,,,,,,,,,,,,,,,,,,,,,,,,
Q9Q0A3,512,Q9Q0A3,,Viruses,Simian immunodeficiency virus,11723,Gag polyprotein,"Cercopithecidae, Pan troglodytes","9527, 9598",,,,,,,,,,,,,,,,,,,,,,,,,,,,,,,,,,,,,,,,,,,,,,,,,,,,,,,,,,,,,,,,,,
Q9Q0U8,498,Q9Q0U8,,Viruses,Influenza A virus (strain A/Goose/Guangdong/1/1996 H5N1 genotype Gs/Gd),93838,Nucleoprotein,"Aves, Felis catus, Homo sapiens, Panthera pardus, Panthera tigris, Sus scrofa","8782, 9685, 9606, 9691, 9694, 9823",,,,,,,,,,,,,,,,,,,,,,,,,,,,,,,,,,,,,,,,,,,,,,,,,,,,,,,,,,,,,,,,,,
Q9QAC5,183,Q9QAC5,,Viruses,Hepatitis B virus,10407,Capsid protein,"Homo sapiens, Pan troglodytes","9606, 9598",,,,,,,,,,,,,,,,,,,,,,,,,,,,,,,,,,,,,,,,,,,,,,,,,,,,,,,,,,,,,,,,,,
Q9QP77,738,Q9QP77,,Viruses,Sudan ebolavirus (strain Boniface-76),128948,Nucleoprotein,"Epomops franqueti, Homo sapiens, Myonycteris torquata","77231, 9606, 77243",,,,,,,,,,,,,,,,,,,,,,,,,,,,,,,,,,,,,,,,,,,,,,,,,,,,,,,,,,,,,,,,,,
Q9WLG4,498,Q9WLG4,,Viruses,Influenza A virus (strain A/Victoria/3/1975 H3N2),392809,Nucleoprotein,"Aves, Cetacea, Homo sapiens, Phocidae, Sus scrofa","8782, 9721, 9606, 9709, 9823",,,,,,,,,,,,,,,,,,,,,,,,,,,,,,,,,,,,,,,,,,,,,,,,,,,,,,,,,,,,,,,,,,
Q9YP46,500,Q9YP46,,Viruses,Human immunodeficiency virus type 1,11676,Gag polyprotein,Homo sapiens,9606,,,,,,,,,,,,,,,,,,,,,,,,,,,,,,,,,,,,,,,,,,,,,,,,,,,,,,,,,,,,,,,,,,
W0NX70,2322,W0NX70,,Viruses,Porcine reproductive and respiratory syndrome virus,28344,,Sus scrofa,9823,1068,1095,ECO:0000256,1101,1118,ECO:0000256,1177,1199,ECO:0000256,1470,1488,ECO:0000256,1494,1518,ECO:0000256,1530,1557,ECO:0000256,1844,1865,ECO:0000256,1871,1891,ECO:0000256,1903,1922,ECO:0000256,1942,1966,ECO:0000256,,,,,,,,,,,,,,,,,,,,,,,,,,,,,,,,,,,,
W5X1V8,779,W5X1V8,,Viruses,Porcine astrovirus 1,1239567,Capsid polyprotein VP90,Sus scrofa,9823,,,,,,,,,,,,,,,,,,,,,,,,,,,,,,,,,,,,,,,,,,,,,,,,,,,,,,,,,,,,,,,,,,
A0A0X1KHD2,180,A0A0X1KHD2,,Viruses,Human enterovirus 71,39054,Genome polyprotein,Homo sapiens,9606,,,,,,,,,,,,,,,,,,,,,,,,,,,,,,,,,,,,,,,,,,,,,,,,,,,,,,,,,,,,,,,,,,
A0A1C6ZW60,734,A0A1C6ZW60,,Viruses,Foot-and-mouth disease virus serotype O,12118,Genome polyprotein,"Bos taurus, Capra hircus, Cervidae, Erinaceidae, Loxodonta africana, Ovis aries, Rattus norvegicus, Sus scrofa","9913, 9925, 9850, 9363, 9785, 9940, 10116, 9823",,,,,,,,,,,,,,,,,,,,,,,,,,,,,,,,,,,,,,,,,,,,,,,,,,,,,,,,,,,,,,,,,,
A0A1C6ZW66,734,A0A1C6ZW66,,Viruses,Foot-and-mouth disease virus serotype O,12118,Genome polyprotein,"Bos taurus, Capra hircus, Cervidae, Erinaceidae, Loxodonta africana, Ovis aries, Rattus norvegicus, Sus scrofa","9913, 9925, 9850, 9363, 9785, 9940, 10116, 9823",,,,,,,,,,,,,,,,,,,,,,,,,,,,,,,,,,,,,,,,,,,,,,,,,,,,,,,,,,,,,,,,,,
A0A1P8DYS7,213,A0A1P8DYS7,,Viruses,Foot-and-mouth disease virus serotype O,12118,Genome polyprotein,"Bos taurus, Capra hircus, Cervidae, Erinaceidae, Loxodonta africana, Ovis aries, Rattus norvegicus, Sus scrofa","9913, 9925, 9850, 9363, 9785, 9940, 10116, 9823",,,,,,,,,,,,,,,,,,,,,,,,,,,,,,,,,,,,,,,,,,,,,,,,,,,,,,,,,,,,,,,,,,
A0A1U9ZLV0,3122,A0A1U9ZLV0,,Viruses,Human herpesvirus 2,10310,,Homo sapiens,9606,,,,,,,,,,,,,,,,,,,,,,,,,,,,,,,,,,,,,,,,,,,,,,,,,,,,,,,,,,,,,,,,,,
A0A247D727,384,A0A247D727,,Viruses,Mus musculus polyomavirus 1,1891730,Capsid protein VP1,Mus musculus,10090,,,,,,,,,,,,,,,,,,,,,,,,,,,,,,,,,,,,,,,,,,,,,,,,,,,,,,,,,,,,,,,,,,
A0A9W3HR47,482,A0A9W3HR47,,Viruses,Bovine adenovirus B serotype 3,10510,Penton protein,Bos taurus,9913,,,,,,,,,,,,,,,,,,,,,,,,,,,,,,,,,,,,,,,,,,,,,,,,,,,,,,,,,,,,,,,,,,
A0F6C5,500,A0F6C5,,Viruses,Human immunodeficiency virus type 1,11676,,Homo sapiens,9606,,,,,,,,,,,,,,,,,,,,,,,,,,,,,,,,,,,,,,,,,,,,,,,,,,,,,,,,,,,,,,,,,,
A4GDF1,185,A4GDF1,,Viruses,Vaccinia virus (strain Lister),10252,DNA-directed RNA polymerase subunit,Homo sapiens,9606,,,,,,,,,,,,,,,,,,,,,,,,,,,,,,,,,,,,,,,,,,,,,,,,,,,,,,,,,,,,,,,,,,
A7VLA4,362,A7VLA4,,Viruses,BK polyomavirus,1891762,Capsid protein VP1,Homo sapiens,9606,,,,,,,,,,,,,,,,,,,,,,,,,,,,,,,,,,,,,,,,,,,,,,,,,,,,,,,,,,,,,,,,,,
A8T7C4,75,A8T7C4,,Viruses,Human cytomegalovirus,10359,Small capsomere-interacting protein,Homo sapiens,9606,,,,,,,,,,,,,,,,,,,,,,,,,,,,,,,,,,,,,,,,,,,,,,,,,,,,,,,,,,,,,,,,,,
A9PKC6,276,A9PKC6,,Viruses,Human immunodeficiency virus type 1,11676,,Homo sapiens,9606,,,,,,,,,,,,,,,,,,,,,,,,,,,,,,,,,,,,,,,,,,,,,,,,,,,,,,,,,,,,,,,,,,
A9XR09,420,A9XR09,,Viruses,Eastern equine encephalitis virus,11021,,"Aedes, Homo sapiens, Passeriformes","7158, 9606, 9126",365,387,ECO:0000256,,,,,,,,,,,,,,,,,,,,,,,,,,,,,,,,,,,,,,,,,,,,,,,,,,,,,,,,,,,,,,,
B2ZG07,584,B2ZG07,,Viruses,Canine parvovirus type 2,10788,,"Canis lupus familiaris, Felis catus","9615, 9685",,,,,,,,,,,,,,,,,,,,,,,,,,,,,,,,,,,,,,,,,,,,,,,,,,,,,,,,,,,,,,,,,,
B3F2X2,1088,B3F2X2,,Viruses,Rotavirus A (strain RVA/Monkey/United States/RRV/1975/G3P5B[3]),444185,RNA-directed RNA polymerase,Macaca mulatta,9544,,,,,,,,,,,,,,,,,,,,,,,,,,,,,,,,,,,,,,,,,,,,,,,,,,,,,,,,,,,,,,,,,,
B3F2X3,887,B3F2X3,,Viruses,Rotavirus A (strain RVA/Monkey/United States/RRV/1975/G3P5B[3]),444185,Inner capsid protein VP2,Macaca mulatta,9544,,,,,,,,,,,,,,,,,,,,,,,,,,,,,,,,,,,,,,,,,,,,,,,,,,,,,,,,,,,,,,,,,,
B8YLV8,183,B8YLV8,,Viruses,Human enterovirus 71,39054,Genome polyprotein,Homo sapiens,9606,,,,,,,,,,,,,,,,,,,,,,,,,,,,,,,,,,,,,,,,,,,,,,,,,,,,,,,,,,,,,,,,,,
B8YLV9,183,B8YLV9,,Viruses,Human enterovirus 71,39054,Genome polyprotein,Homo sapiens,9606,,,,,,,,,,,,,,,,,,,,,,,,,,,,,,,,,,,,,,,,,,,,,,,,,,,,,,,,,,,,,,,,,,
B8YLW0,183,B8YLW0,,Viruses,Human enterovirus 71,39054,Genome polyprotein,Homo sapiens,9606,,,,,,,,,,,,,,,,,,,,,,,,,,,,,,,,,,,,,,,,,,,,,,,,,,,,,,,,,,,,,,,,,,
D3XFN7,659,D3XFN7,,Viruses,Human immunodeficiency virus type 1,11676,,Homo sapiens,9606,,,,,,,,,,,,,,,,,,,,,,,,,,,,,,,,,,,,,,,,,,,,,,,,,,,,,,,,,,,,,,,,,,
D4QGA2,862,D4QGA2,,Viruses,Human enterovirus 71,39054,Genome polyprotein,Homo sapiens,9606,,,,,,,,,,,,,,,,,,,,,,,,,,,,,,,,,,,,,,,,,,,,,,,,,,,,,,,,,,,,,,,,,,
D4QGA3,862,D4QGA3,,Viruses,Human enterovirus 71,39054,Genome polyprotein,Homo sapiens,9606,,,,,,,,,,,,,,,,,,,,,,,,,,,,,,,,,,,,,,,,,,,,,,,,,,,,,,,,,,,,,,,,,,
D4QGA8,862,D4QGA8,,Viruses,Human enterovirus 71,39054,Genome polyprotein,Homo sapiens,9606,,,,,,,,,,,,,,,,,,,,,,,,,,,,,,,,,,,,,,,,,,,,,,,,,,,,,,,,,,,,,,,,,,
E0YFW1,434,E0YFW1,,Viruses,Human immunodeficiency virus type 1,11676,,Homo sapiens,9606,,,,,,,,,,,,,,,,,,,,,,,,,,,,,,,,,,,,,,,,,,,,,,,,,,,,,,,,,,,,,,,,,,
E7E815,183,E7E815,,Viruses,Human enterovirus 71,39054,Genome polyprotein,Homo sapiens,9606,,,,,,,,,,,,,,,,,,,,,,,,,,,,,,,,,,,,,,,,,,,,,,,,,,,,,,,,,,,,,,,,,,
E9MJX7,340,E9MJX7,,Viruses,Human immunodeficiency virus type 1,11676,Gag polyprotein,Homo sapiens,9606,,,,,,,,,,,,,,,,,,,,,,,,,,,,,,,,,,,,,,,,,,,,,,,,,,,,,,,,,,,,,,,,,,
F5A4Z4,236,F5A4Z4,,Viruses,Porcine circovirus 2,85708,,Sus scrofa,9823,,,,,,,,,,,,,,,,,,,,,,,,,,,,,,,,,,,,,,,,,,,,,,,,,,,,,,,,,,,,,,,,,,
F5H8Y5,331,F5H8Y5,,Viruses,Human herpesvirus 8 type P (isolate GK18),868565,Triplex capsid protein 1,Homo sapiens,9606,,,,,,,,,,,,,,,,,,,,,,,,,,,,,,,,,,,,,,,,,,,,,,,,,,,,,,,,,,,,,,,,,,
F5HB39,454,F5HB39,,Viruses,Human herpesvirus 8 type P (isolate GK18),868565,Capsid vertex component 1,Homo sapiens,9606,,,,,,,,,,,,,,,,,,,,,,,,,,,,,,,,,,,,,,,,,,,,,,,,,,,,,,,,,,,,,,,,,,
F5HGN8,305,F5HGN8,,Viruses,Human herpesvirus 8 type P (isolate GK18),868565,Triplex capsid protein 2,Homo sapiens,9606,,,,,,,,,,,,,,,,,,,,,,,,,,,,,,,,,,,,,,,,,,,,,,,,,,,,,,,,,,,,,,,,,,
F8UF79,213,F8UF79,,Viruses,Foot-and-mouth disease virus serotype O,12118,Genome polyprotein,"Bos taurus, Capra hircus, Cervidae, Erinaceidae, Loxodonta africana, Ovis aries, Rattus norvegicus, Sus scrofa","9913, 9925, 9850, 9363, 9785, 9940, 10116, 9823",,,,,,,,,,,,,,,,,,,,,,,,,,,,,,,,,,,,,,,,,,,,,,,,,,,,,,,,,,,,,,,,,,
G0Y2B2,233,G0Y2B2,,Viruses,Porcine circovirus 2,85708,,Sus scrofa,9823,,,,,,,,,,,,,,,,,,,,,,,,,,,,,,,,,,,,,,,,,,,,,,,,,,,,,,,,,,,,,,,,,,
G0ZPI6,233,G0ZPI6,,Viruses,Porcine circovirus 2,85708,,Sus scrofa,9823,,,,,,,,,,,,,,,,,,,,,,,,,,,,,,,,,,,,,,,,,,,,,,,,,,,,,,,,,,,,,,,,,,
G0ZPJ2,233,G0ZPJ2,,Viruses,Porcine circovirus 2,85708,,Sus scrofa,9823,,,,,,,,,,,,,,,,,,,,,,,,,,,,,,,,,,,,,,,,,,,,,,,,,,,,,,,,,,,,,,,,,,
G3G8Y0,3072,G3G8Y0,,Viruses,Suid herpesvirus 1 (strain Kaplan),33703,,Sus scrofa,9823,3023,3043,ECO:0000256,,,,,,,,,,,,,,,,,,,,,,,,,,,,,,,,,,,,,,,,,,,,,,,,,,,,,,,,,,,,,,,
G8HBF0,3139,G8HBF0,,Viruses,Human herpesvirus 1 (strain 17),10299,,Homo sapiens,9606,,,,,,,,,,,,,,,,,,,,,,,,,,,,,,,,,,,,,,,,,,,,,,,,,,,,,,,,,,,,,,,,,,
G9I257,112,G9I257,,Viruses,Human herpesvirus 2,10310,Small capsomere-interacting protein,Homo sapiens,9606,,,,,,,,,,,,,,,,,,,,,,,,,,,,,,,,,,,,,,,,,,,,,,,,,,,,,,,,,,,,,,,,,,
H0USR8,750,H0USR8,,Viruses,Rotavirus B (isolate RVB/Human/China/ADRV/1982),10942,Outer capsid protein VP4,Homo sapiens,9606,,,,,,,,,,,,,,,,,,,,,,,,,,,,,,,,,,,,,,,,,,,,,,,,,,,,,,,,,,,,,,,,,,
I1UYK0,3108,I1UYK0,,Viruses,Human herpesvirus 1,10298,,Homo sapiens,9606,,,,,,,,,,,,,,,,,,,,,,,,,,,,,,,,,,,,,,,,,,,,,,,,,,,,,,,,,,,,,,,,,,
I6W7A3,862,I6W7A3,,Viruses,Human enterovirus 71,39054,Genome polyprotein,Homo sapiens,9606,,,,,,,,,,,,,,,,,,,,,,,,,,,,,,,,,,,,,,,,,,,,,,,,,,,,,,,,,,,,,,,,,,
J3SRV0,531,J3SRV0,,Viruses,Human papillomavirus type 16,333760,Major capsid protein L1,Homo sapiens,9606,,,,,,,,,,,,,,,,,,,,,,,,,,,,,,,,,,,,,,,,,,,,,,,,,,,,,,,,,,,,,,,,,,
J9PGT1,948,J9PGT1,,Viruses,Foot-and-mouth disease virus serotype O,12118,Genome polyprotein,"Bos taurus, Capra hircus, Cervidae, Erinaceidae, Loxodonta africana, Ovis aries, Rattus norvegicus, Sus scrofa","9913, 9925, 9850, 9363, 9785, 9940, 10116, 9823",,,,,,,,,,,,,,,,,,,,,,,,,,,,,,,,,,,,,,,,,,,,,,,,,,,,,,,,,,,,,,,,,,
O41353,710,O41353,,Viruses,Thogoto virus (isolate SiAr 126),126796,RNA-directed RNA polymerase catalytic subunit,"Amblyomma variegatum, Cavia cutleri, Mungos mungo, Rhipicephalus appendiculatus, Rhipicephalus microplus","34610, 10144, 210652, 34631, 6941",,,,,,,,,,,,,,,,,,,,,,,,,,,,,,,,,,,,,,,,,,,,,,,,,,,,,,,,,,,,,,,,,,
P03103,495,P03103,,Viruses,Bovine papillomavirus type 1,337052,Major capsid protein L1,Bos taurus,9913,,,,,,,,,,,,,,,,,,,,,,,,,,,,,,,,,,,,,,,,,,,,,,,,,,,,,,,,,,,,,,,,,,
P03187,364,P03187,Q777G2,Viruses,Epstein-Barr virus (strain B95-8),10377,Triplex capsid protein 1,Homo sapiens,9606,,,,,,,,,,,,,,,,,,,,,,,,,,,,,,,,,,,,,,,,,,,,,,,,,,,,,,,,,,,,,,,,,,
P03222,507,P03222,Q777C7,Viruses,Epstein-Barr virus (strain B95-8),10377,Capsid vertex component 1,Homo sapiens,9606,,,,,,,,,,,,,,,,,,,,,,,,,,,,,,,,,,,,,,,,,,,,,,,,,,,,,,,,,,,,,,,,,,
P03226,1381,P03226,Q777C2,Viruses,Epstein-Barr virus (strain B95-8),10377,Major capsid protein,Homo sapiens,9606,,,,,,,,,,,,,,,,,,,,,,,,,,,,,,,,,,,,,,,,,,,,,,,,,,,,,,,,,,,,,,,,,,
P03233,570,P03233,Q777B7,Viruses,Epstein-Barr virus (strain B95-8),10377,Capsid vertex component 2,Homo sapiens,9606,,,,,,,,,,,,,,,,,,,,,,,,,,,,,,,,,,,,,,,,,,,,,,,,,,,,,,,,,,,,,,,,,,
P04012,501,P04012,,Viruses,Human papillomavirus 11,10580,Major capsid protein L1,Homo sapiens,9606,,,,,,,,,,,,,,,,,,,,,,,,,,,,,,,,,,,,,,,,,,,,,,,,,,,,,,,,,,,,,,,,,,
P06416,499,P06416,,Viruses,Human papillomavirus 33,10586,Major capsid protein L1,Homo sapiens,9606,,,,,,,,,,,,,,,,,,,,,,,,,,,,,,,,,,,,,,,,,,,,,,,,,,,,,,,,,,,,,,,,,,
P06794,568,P06794,Q84270,Viruses,Human papillomavirus type 18,333761,Major capsid protein L1,Homo sapiens,9606,,,,,,,,,,,,,,,,,,,,,,,,,,,,,,,,,,,,,,,,,,,,,,,,,,,,,,,,,,,,,,,,,,
P07132,644,P07132,,Viruses,Bluetongue virus 10 (isolate USA),10900,Core protein VP4,"Antilocapra americana, Bos taurus, Capra hircus, Culicoides variipennis, Ovis aries","9891, 9913, 9925, 46212, 9940",,,,,,,,,,,,,,,,,,,,,,,,,,,,,,,,,,,,,,,,,,,,,,,,,,,,,,,,,,,,,,,,,,
P09245,1396,P09245,,Viruses,Varicella-zoster virus (strain Dumas),10338,Major capsid protein,Homo sapiens,9606,,,,,,,,,,,,,,,,,,,,,,,,,,,,,,,,,,,,,,,,,,,,,,,,,,,,,,,,,,,,,,,,,,
P09291,316,P09291,,Viruses,Varicella-zoster virus (strain Dumas),10338,Triplex capsid protein 2,Homo sapiens,9606,,,,,,,,,,,,,,,,,,,,,,,,,,,,,,,,,,,,,,,,,,,,,,,,,,,,,,,,,,,,,,,,,,
P0C703,1381,P0C703,Q3KSQ5,Viruses,Epstein-Barr virus (strain AG876),82830,Major capsid protein,Homo sapiens,9606,,,,,,,,,,,,,,,,,,,,,,,,,,,,,,,,,,,,,,,,,,,,,,,,,,,,,,,,,,,,,,,,,,
P0C9B9,273,P0C9B9,,Viruses,African swine fever virus (isolate Pig/Kenya/KEN-50/1950),561445,SUMO-1 cysteine protease S273R,"Ornithodoros, Phacochoerus aethiopicus, Phacochoerus africanus, Potamochoerus larvatus, Sus scrofa","6937, 85517, 41426, 273792, 9823",,,,,,,,,,,,,,,,,,,,,,,,,,,,,,,,,,,,,,,,,,,,,,,,,,,,,,,,,,,,,,,,,,
P0DOL4,423,P0DOL4,P33003,Viruses,Variola virus,10255,Core protease OPG082,Homo sapiens,9606,,,,,,,,,,,,,,,,,,,,,,,,,,,,,,,,,,,,,,,,,,,,,,,,,,,,,,,,,,,,,,,,,,
P0DTP3,299,P0DTP3,"Q77PV0, Q9WT35",Viruses,Human herpesvirus 6B (strain Z29),36351,Triplex capsid protein 1,Homo sapiens,9606,,,,,,,,,,,,,,,,,,,,,,,,,,,,,,,,,,,,,,,,,,,,,,,,,,,,,,,,,,,,,,,,,,
P10202,318,P10202,,Viruses,Human herpesvirus 1 (strain 17),10299,Triplex capsid protein 2,Homo sapiens,9606,,,,,,,,,,,,,,,,,,,,,,,,,,,,,,,,,,,,,,,,,,,,,,,,,,,,,,,,,,,,,,,,,,
P11212,422,P11212,,Viruses,Vesicular stomatitis Indiana virus (strain Glasgow),11278,Nucleoprotein,"Aedes, Bos taurus, Culicoides, Equus asinus, Equus caballus, Homo sapiens, Lutzomyia, Musca domestica, Simuliidae, Sus scrofa","7158, 9913, 58271, 9793, 9796, 9606, 252607, 7370, 7190, 9823",,,,,,,,,,,,,,,,,,,,,,,,,,,,,,,,,,,,,,,,,,,,,,,,,,,,,,,,,,,,,,,,,,
P11314,418,P11314,,Viruses,Reovirus type 1 (strain Lang),10884,Inner capsid protein sigma-2,Mammalia,40674,,,,,,,,,,,,,,,,,,,,,,,,,,,,,,,,,,,,,,,,,,,,,,,,,,,,,,,,,,,,,,,,,,
P14348,176,P14348,Q777G5,Viruses,Epstein-Barr virus (strain B95-8),10377,Small capsomere-interacting protein,Homo sapiens,9606,,,,,,,,,,,,,,,,,,,,,,,,,,,,,,,,,,,,,,,,,,,,,,,,,,,,,,,,,,,,,,,,,,
P16726,642,P16726,Q7M6L5,Viruses,Human cytomegalovirus (strain AD169),10360,Capsid vertex component 2,Homo sapiens,9606,,,,,,,,,,,,,,,,,,,,,,,,,,,,,,,,,,,,,,,,,,,,,,,,,,,,,,,,,,,,,,,,,,
P16729,1370,P16729,Q7M6K5,Viruses,Human cytomegalovirus (strain AD169),10360,Major capsid protein,Homo sapiens,9606,,,,,,,,,,,,,,,,,,,,,,,,,,,,,,,,,,,,,,,,,,,,,,,,,,,,,,,,,,,,,,,,,,
P16883,387,P16883,,Viruses,Human adenovirus F serotype 41,10524,Fiber protein 2,Homo sapiens,9606,,,,,,,,,,,,,,,,,,,,,,,,,,,,,,,,,,,,,,,,,,,,,,,,,,,,,,,,,,,,,,,,,,
P20504,1286,P20504,,Viruses,Vaccinia virus (strain Copenhagen),10249,DNA-directed RNA polymerase 147 kDa polypeptide,Homo sapiens,9606,,,,,,,,,,,,,,,,,,,,,,,,,,,,,,,,,,,,,,,,,,,,,,,,,,,,,,,,,,,,,,,,,,
P21087,305,P21087,,Viruses,Vaccinia virus (strain Copenhagen),10249,DNA-directed RNA polymerase 35 kDa subunit,Homo sapiens,9606,,,,,,,,,,,,,,,,,,,,,,,,,,,,,,,,,,,,,,,,,,,,,,,,,,,,,,,,,,,,,,,,,,
P22486,466,P22486,,Viruses,Human herpesvirus 2 (strain G),10314,Triplex capsid protein 1,Homo sapiens,9606,,,,,,,,,,,,,,,,,,,,,,,,,,,,,,,,,,,,,,,,,,,,,,,,,,,,,,,,,,,,,,,,,,
P25214,301,P25214,Q777C3,Viruses,Epstein-Barr virus (strain B95-8),10377,Triplex capsid protein 2,Homo sapiens,9606,,,,,,,,,,,,,,,,,,,,,,,,,,,,,,,,,,,,,,,,,,,,,,,,,,,,,,,,,,,,,,,,,,
P27232,502,P27232,Q90077,Viruses,Human papillomavirus 35,10587,Major capsid protein L1,Homo sapiens,9606,,,,,,,,,,,,,,,,,,,,,,,,,,,,,,,,,,,,,,,,,,,,,,,,,,,,,,,,,,,,,,,,,,
P27404,668,P27404,,Viruses,Feline calicivirus (strain CFI/68 FIV),11979,Capsid protein VP1,Felidae,9681,,,,,,,,,,,,,,,,,,,,,,,,,,,,,,,,,,,,,,,,,,,,,,,,,,,,,,,,,,,,,,,,,,
P32508,961,P32508,,Viruses,Bluetongue virus 1 (isolate South Africa),10905,Outer capsid protein VP2,"Antilocapra americana, Bos taurus, Capra hircus, Culicoides variipennis, Ovis aries","9891, 9913, 9925, 46212, 9940",,,,,,,,,,,,,,,,,,,,,,,,,,,,,,,,,,,,,,,,,,,,,,,,,,,,,,,,,,,,,,,,,,
P33458,441,P33458,,Viruses,Caprine arthritis encephalitis virus (strain Cork),11661,Gag polyprotein,Capra hircus,9925,,,,,,,,,,,,,,,,,,,,,,,,,,,,,,,,,,,,,,,,,,,,,,,,,,,,,,,,,,,,,,,,,,
P36847,367,P36847,,Viruses,Human adenovirus D serotype 15,28276,Fiber protein,Homo sapiens,9606,,,,,,,,,,,,,,,,,,,,,,,,,,,,,,,,,,,,,,,,,,,,,,,,,,,,,,,,,,,,,,,,,,
P42484,147,P42484,,Viruses,African swine fever virus (strain Badajoz 1971 Vero-adapted),10498,DNA-directed RNA polymerase RPB6 homolog,"Ornithodoros, Sus scrofa","6937, 9823",,,,,,,,,,,,,,,,,,,,,,,,,,,,,,,,,,,,,,,,,,,,,,,,,,,,,,,,,,,,,,,,,,
P42488,80,P42488,,Viruses,African swine fever virus (strain Badajoz 1971 Vero-adapted),10498,DNA-directed RNA polymerase RPB10 homolog,"Ornithodoros, Sus scrofa","6937, 9823",,,,,,,,,,,,,,,,,,,,,,,,,,,,,,,,,,,,,,,,,,,,,,,,,,,,,,,,,,,,,,,,,,
P68608,185,P68608,P07391,Viruses,Vaccinia virus (strain Copenhagen),10249,DNA-directed RNA polymerase 22 kDa subunit,Homo sapiens,9606,,,,,,,,,,,,,,,,,,,,,,,,,,,,,,,,,,,,,,,,,,,,,,,,,,,,,,,,,,,,,,,,,,
P69898,500,P69898,P03100,Viruses,Human papillomavirus type 6a,37122,Major capsid protein L1,Homo sapiens,9606,,,,,,,,,,,,,,,,,,,,,,,,,,,,,,,,,,,,,,,,,,,,,,,,,,,,,,,,,,,,,,,,,,
P87677,736,P87677,,Viruses,Foot-and-mouth disease virus serotype O,12118,Genome polyprotein,"Bos taurus, Capra hircus, Cervidae, Erinaceidae, Loxodonta africana, Ovis aries, Rattus norvegicus, Sus scrofa","9913, 9925, 9850, 9363, 9785, 9940, 10116, 9823",,,,,,,,,,,,,,,,,,,,,,,,,,,,,,,,,,,,,,,,,,,,,,,,,,,,,,,,,,,,,,,,,,
P89216,454,P89216,,Viruses,Thogoto virus (isolate SiAr 126),126796,Nucleoprotein,"Amblyomma variegatum, Cavia cutleri, Mungos mungo, Rhipicephalus appendiculatus, Rhipicephalus microplus","34610, 10144, 210652, 34631, 6941",,,,,,,,,,,,,,,,,,,,,,,,,,,,,,,,,,,,,,,,,,,,,,,,,,,,,,,,,,,,,,,,,,
P89440,702,P89440,,Viruses,Human herpesvirus 2 (strain HG52),10315,Capsid vertex component 1,Homo sapiens,9606,,,,,,,,,,,,,,,,,,,,,,,,,,,,,,,,,,,,,,,,,,,,,,,,,,,,,,,,,,,,,,,,,,
P89441,318,P89441,,Viruses,Human herpesvirus 2 (strain HG52),10315,Triplex capsid protein 2,Homo sapiens,9606,,,,,,,,,,,,,,,,,,,,,,,,,,,,,,,,,,,,,,,,,,,,,,,,,,,,,,,,,,,,,,,,,,
P89442,1374,P89442,,Viruses,Human herpesvirus 2 (strain HG52),10315,Major capsid protein,Homo sapiens,9606,,,,,,,,,,,,,,,,,,,,,,,,,,,,,,,,,,,,,,,,,,,,,,,,,,,,,,,,,,,,,,,,,,
P89448,585,P89448,,Viruses,Human herpesvirus 2 (strain HG52),10315,Capsid vertex component 2,Homo sapiens,9606,,,,,,,,,,,,,,,,,,,,,,,,,,,,,,,,,,,,,,,,,,,,,,,,,,,,,,,,,,,,,,,,,,
P89458,112,P89458,,Viruses,Human herpesvirus 2 (strain HG52),10315,Small capsomere-interacting protein,Homo sapiens,9606,,,,,,,,,,,,,,,,,,,,,,,,,,,,,,,,,,,,,,,,,,,,,,,,,,,,,,,,,,,,,,,,,,
P90456,737,P90456,,Viruses,Feline panleukopenia virus,10786,Capsid protein VP1,"Felidae, Nasua nasua, Procyon lotor","9681, 9651, 9654",,,,,,,,,,,,,,,,,,,,,,,,,,,,,,,,,,,,,,,,,,,,,,,,,,,,,,,,,,,,,,,,,,
P90498,354,P90498,,Viruses,JC polyomavirus,10632,Capsid protein VP1,Homo sapiens,9606,,,,,,,,,,,,,,,,,,,,,,,,,,,,,,,,,,,,,,,,,,,,,,,,,,,,,,,,,,,,,,,,,,
Q000H7,404,Q000H7,,Viruses,Human immunodeficiency virus type 1,11676,,Homo sapiens,9606,,,,,,,,,,,,,,,,,,,,,,,,,,,,,,,,,,,,,,,,,,,,,,,,,,,,,,,,,,,,,,,,,,
Q03726,751,Q03726,,Viruses,Canine parvovirus type 2,10788,Capsid protein VP1,"Canis lupus familiaris, Felis catus","9615, 9685",,,,,,,,,,,,,,,,,,,,,,,,,,,,,,,,,,,,,,,,,,,,,,,,,,,,,,,,,,,,,,,,,,
Q05138,529,Q05138,,Viruses,Human papillomavirus 52,10618,Major capsid protein L1,Homo sapiens,9606,,,,,,,,,,,,,,,,,,,,,,,,,,,,,,,,,,,,,,,,,,,,,,,,,,,,,,,,,,,,,,,,,,
Q25BW6,112,Q25BW6,,Viruses,Human herpesvirus 1,10298,Small capsomere-interacting protein,Homo sapiens,9606,,,,,,,,,,,,,,,,,,,,,,,,,,,,,,,,,,,,,,,,,,,,,,,,,,,,,,,,,,,,,,,,,,
Q2HR63,170,Q2HR63,,Viruses,Human herpesvirus 8 type P (isolate GK18),868565,Small capsomere-interacting protein,Homo sapiens,9606,,,,,,,,,,,,,,,,,,,,,,,,,,,,,,,,,,,,,,,,,,,,,,,,,,,,,,,,,,,,,,,,,,
Q2HRA7,1376,Q2HRA7,,Viruses,Human herpesvirus 8 type P (isolate GK18),868565,Major capsid protein,Homo sapiens,9606,,,,,,,,,,,,,,,,,,,,,,,,,,,,,,,,,,,,,,,,,,,,,,,,,,,,,,,,,,,,,,,,,,
Q2HRB3,549,Q2HRB3,,Viruses,Human herpesvirus 8 type P (isolate GK18),868565,Capsid vertex component 2,Homo sapiens,9606,,,,,,,,,,,,,,,,,,,,,,,,,,,,,,,,,,,,,,,,,,,,,,,,,,,,,,,,,,,,,,,,,,
Q49PG1,305,Q49PG1,,Viruses,Vaccinia virus (strain LC16m0),10246,DNA-directed RNA polymerase 35 kDa subunit,Homo sapiens,9606,,,,,,,,,,,,,,,,,,,,,,,,,,,,,,,,,,,,,,,,,,,,,,,,,,,,,,,,,,,,,,,,,,
Q49PH2,1164,Q49PH2,,Viruses,Vaccinia virus (strain LC16m0),10246,DNA-directed RNA polymerase,Homo sapiens,9606,,,,,,,,,,,,,,,,,,,,,,,,,,,,,,,,,,,,,,,,,,,,,,,,,,,,,,,,,,,,,,,,,,
Q49PL6,161,Q49PL6,,Viruses,Vaccinia virus (strain LC16m0),10246,DNA-directed RNA polymerase 18 kDa subunit,Homo sapiens,9606,,,,,,,,,,,,,,,,,,,,,,,,,,,,,,,,,,,,,,,,,,,,,,,,,,,,,,,,,,,,,,,,,,
Q49QC8,164,Q49QC8,,Viruses,Vaccinia virus (strain LC16m8),10248,DNA-directed RNA polymerase 19 kDa subunit,Homo sapiens,9606,,,,,,,,,,,,,,,,,,,,,,,,,,,,,,,,,,,,,,,,,,,,,,,,,,,,,,,,,,,,,,,,,,
Q49QI2,63,Q49QI2,,Viruses,Vaccinia virus (strain LC16m8),10248,DNA-directed RNA polymerase 7 kDa subunit,Homo sapiens,9606,,,,,,,,,,,,,,,,,,,,,,,,,,,,,,,,,,,,,,,,,,,,,,,,,,,,,,,,,,,,,,,,,,
Q4JQV2,235,Q4JQV2,,Viruses,Varicella-zoster virus (strain Oka vaccine),341980,Small capsomere-interacting protein,Homo sapiens,9606,,,,,,,,,,,,,,,,,,,,,,,,,,,,,,,,,,,,,,,,,,,,,,,,,,,,,,,,,,,,,,,,,,
Q4VE97,328,Q4VE97,,Viruses,Human immunodeficiency virus type 1,11676,,Homo sapiens,9606,,,,,,,,,,,,,,,,,,,,,,,,,,,,,,,,,,,,,,,,,,,,,,,,,,,,,,,,,,,,,,,,,,
Q4VRQ2,531,Q4VRQ2,,Viruses,Human papillomavirus type 16,333760,Major capsid protein L1,Homo sapiens,9606,,,,,,,,,,,,,,,,,,,,,,,,,,,,,,,,,,,,,,,,,,,,,,,,,,,,,,,,,,,,,,,,,,
Q5D0H3,231,Q5D0H3,,Viruses,Human immunodeficiency virus type 1,11676,,Homo sapiens,9606,,,,,,,,,,,,,,,,,,,,,,,,,,,,,,,,,,,,,,,,,,,,,,,,,,,,,,,,,,,,,,,,,,
Q65181,205,Q65181,,Viruses,African swine fever virus (strain Badajoz 1971 Vero-adapted),10498,DNA-directed RNA polymerase RPB5 homolog,"Ornithodoros, Sus scrofa","6937, 9823",,,,,,,,,,,,,,,,,,,,,,,,,,,,,,,,,,,,,,,,,,,,,,,,,,,,,,,,,,,,,,,,,,
Q65184,359,Q65184,,Viruses,African swine fever virus (strain Badajoz 1971 Vero-adapted),10498,DNA-directed RNA polymerase RPB3-11 homolog,"Ornithodoros, Sus scrofa","6937, 9823",,,,,,,,,,,,,,,,,,,,,,,,,,,,,,,,,,,,,,,,,,,,,,,,,,,,,,,,,,,,,,,,,,
Q65613,362,Q65613,,Viruses,BK polyomavirus,1891762,Capsid protein VP1,Homo sapiens,9606,,,,,,,,,,,,,,,,,,,,,,,,,,,,,,,,,,,,,,,,,,,,,,,,,,,,,,,,,,,,,,,,,,
Q65914,542,Q65914,,Viruses,Canine adenovirus serotype 2 (strain Toronto A 26-61),69152,Fiber protein,Canis lupus familiaris,9615,,,,,,,,,,,,,,,,,,,,,,,,,,,,,,,,,,,,,,,,,,,,,,,,,,,,,,,,,,,,,,,,,,
Q66916,106,Q66916,,Viruses,Feline calicivirus (strain Cat/United States/Urbana/1960),292349,Minor capsid protein VP2,Felis catus,9685,,,,,,,,,,,,,,,,,,,,,,,,,,,,,,,,,,,,,,,,,,,,,,,,,,,,,,,,,,,,,,,,,,
Q6BB74,317,Q6BB74,,Viruses,Human immunodeficiency virus type 1,11676,,Homo sapiens,9606,,,,,,,,,,,,,,,,,,,,,,,,,,,,,,,,,,,,,,,,,,,,,,,,,,,,,,,,,,,,,,,,,,
Q6QCN2,235,Q6QCN2,,Viruses,Human herpesvirus 3,10335,Small capsomere-interacting protein,Homo sapiens,9606,,,,,,,,,,,,,,,,,,,,,,,,,,,,,,,,,,,,,,,,,,,,,,,,,,,,,,,,,,,,,,,,,,
Q71B32,231,Q71B32,,Viruses,Human immunodeficiency virus type 1,11676,,Homo sapiens,9606,,,,,,,,,,,,,,,,,,,,,,,,,,,,,,,,,,,,,,,,,,,,,,,,,,,,,,,,,,,,,,,,,,
Q71B91,231,Q71B91,,Viruses,Human immunodeficiency virus type 1,11676,,Homo sapiens,9606,,,,,,,,,,,,,,,,,,,,,,,,,,,,,,,,,,,,,,,,,,,,,,,,,,,,,,,,,,,,,,,,,,
Q72547,566,Q72547,,Viruses,Human immunodeficiency virus type 1,11676,,Homo sapiens,9606,,,,,,,,,,,,,,,,,,,,,,,,,,,,,,,,,,,,,,,,,,,,,,,,,,,,,,,,,,,,,,,,,,
Q75677,107,Q75677,,Viruses,Human immunodeficiency virus type 1,11676,,Homo sapiens,9606,,,,,,,,,,,,,,,,,,,,,,,,,,,,,,,,,,,,,,,,,,,,,,,,,,,,,,,,,,,,,,,,,,
Q76258,146,Q76258,,Viruses,Human immunodeficiency virus type 1,11676,,Homo sapiens,9606,,,,,,,,,,,,,,,,,,,,,,,,,,,,,,,,,,,,,,,,,,,,,,,,,,,,,,,,,,,,,,,,,,
Q76RF4,170,Q76RF4,,Viruses,Human herpesvirus 8,37296,Small capsomere-interacting protein,Homo sapiens,9606,,,,,,,,,,,,,,,,,,,,,,,,,,,,,,,,,,,,,,,,,,,,,,,,,,,,,,,,,,,,,,,,,,
Q7SMT3,358,Q7SMT3,,Viruses,Human immunodeficiency virus type 1,11676,,Homo sapiens,9606,,,,,,,,,,,,,,,,,,,,,,,,,,,,,,,,,,,,,,,,,,,,,,,,,,,,,,,,,,,,,,,,,,
Q7SSI0,99,Q7SSI0,,Viruses,Human immunodeficiency virus type 1,11676,,Homo sapiens,9606,,,,,,,,,,,,,,,,,,,,,,,,,,,,,,,,,,,,,,,,,,,,,,,,,,,,,,,,,,,,,,,,,,
Q805N7,233,Q805N7,,Viruses,Porcine circovirus 2,85708,,Sus scrofa,9823,,,,,,,,,,,,,,,,,,,,,,,,,,,,,,,,,,,,,,,,,,,,,,,,,,,,,,,,,,,,,,,,,,
Q84367,587,Q84367,,Viruses,Murine minute virus (strain MVM prototype),648235,,Mus musculus,10090,,,,,,,,,,,,,,,,,,,,,,,,,,,,,,,,,,,,,,,,,,,,,,,,,,,,,,,,,,,,,,,,,,
Q84771,720,Q84771,,Viruses,Foot-and-mouth disease virus serotype O,12118,Genome polyprotein,"Bos taurus, Capra hircus, Cervidae, Erinaceidae, Loxodonta africana, Ovis aries, Rattus norvegicus, Sus scrofa","9913, 9925, 9850, 9363, 9785, 9940, 10116, 9823",,,,,,,,,,,,,,,,,,,,,,,,,,,,,,,,,,,,,,,,,,,,,,,,,,,,,,,,,,,,,,,,,,
Q89907,339,Q89907,,Viruses,African swine fever virus (strain Badajoz 1971 Vero-adapted),10498,DNA-directed RNA polymerase RPB7 homolog,"Ornithodoros, Sus scrofa","6937, 9823",,,,,,,,,,,,,,,,,,,,,,,,,,,,,,,,,,,,,,,,,,,,,,,,,,,,,,,,,,,,,,,,,,
Q8B6J9,450,Q8B6J9,,Viruses,Rabies virus (strain HEP-Flury),11296,Nucleoprotein,"Homo sapiens, Mammalia","9606, 40674",,,,,,,,,,,,,,,,,,,,,,,,,,,,,,,,,,,,,,,,,,,,,,,,,,,,,,,,,,,,,,,,,,
Q8B980,233,Q8B980,,Viruses,Porcine circovirus 2,85708,,Sus scrofa,9823,,,,,,,,,,,,,,,,,,,,,,,,,,,,,,,,,,,,,,,,,,,,,,,,,,,,,,,,,,,,,,,,,,
Q8UZ11,3084,Q8UZ11,,Viruses,Suid herpesvirus 1 (strain Kaplan),33703,,Sus scrofa,9823,3035,3055,ECO:0000256,,,,,,,,,,,,,,,,,,,,,,,,,,,,,,,,,,,,,,,,,,,,,,,,,,,,,,,,,,,,,,,
Q90HG9,371,Q90HG9,,Viruses,Human immunodeficiency virus type 1,11676,,Homo sapiens,9606,,,,,,,,,,,,,,,,,,,,,,,,,,,,,,,,,,,,,,,,,,,,,,,,,,,,,,,,,,,,,,,,,,
Q90JJ9,403,Q90JJ9,,Viruses,Human immunodeficiency virus type 1,11676,,Homo sapiens,9606,,,,,,,,,,,,,,,,,,,,,,,,,,,,,,,,,,,,,,,,,,,,,,,,,,,,,,,,,,,,,,,,,,
Q90K99,400,Q90K99,,Viruses,Human immunodeficiency virus type 1,11676,,Homo sapiens,9606,,,,,,,,,,,,,,,,,,,,,,,,,,,,,,,,,,,,,,,,,,,,,,,,,,,,,,,,,,,,,,,,,,
Q90SN9,423,Q90SN9,,Viruses,Human immunodeficiency virus type 1,11676,,Homo sapiens,9606,,,,,,,,,,,,,,,,,,,,,,,,,,,,,,,,,,,,,,,,,,,,,,,,,,,,,,,,,,,,,,,,,,
Q98W00,213,Q98W00,,Viruses,Foot-and-mouth disease virus serotype O,12118,Genome polyprotein,"Bos taurus, Capra hircus, Cervidae, Erinaceidae, Loxodonta africana, Ovis aries, Rattus norvegicus, Sus scrofa","9913, 9925, 9850, 9363, 9785, 9940, 10116, 9823",,,,,,,,,,,,,,,,,,,,,,,,,,,,,,,,,,,,,,,,,,,,,,,,,,,,,,,,,,,,,,,,,,
Q994Q3,432,Q994Q3,,Viruses,Human immunodeficiency virus type 1,11676,,Homo sapiens,9606,,,,,,,,,,,,,,,,,,,,,,,,,,,,,,,,,,,,,,,,,,,,,,,,,,,,,,,,,,,,,,,,,,
Q9DU47,1785,Q9DU47,,Viruses,Chiba virus (strain GI/Human/Japan/Chiba 407/1987),99565,,Homo sapiens,9606,,,,,,,,,,,,,,,,,,,,,,,,,,,,,,,,,,,,,,,,,,,,,,,,,,,,,,,,,,,,,,,,,,
Q9IVM8,225,Q9IVM8,,Viruses,Human immunodeficiency virus type 1,11676,,Homo sapiens,9606,,,,,,,,,,,,,,,,,,,,,,,,,,,,,,,,,,,,,,,,,,,,,,,,,,,,,,,,,,,,,,,,,,
Q9QAH8,508,Q9QAH8,,Viruses,Human adenovirus F serotype 41,10524,Penton protein,Homo sapiens,9606,,,,,,,,,,,,,,,,,,,,,,,,,,,,,,,,,,,,,,,,,,,,,,,,,,,,,,,,,,,,,,,,,,
Q9QJ26,1345,Q9QJ26,,Viruses,Human herpesvirus 6B (strain Z29),36351,Major capsid protein,Homo sapiens,9606,,,,,,,,,,,,,,,,,,,,,,,,,,,,,,,,,,,,,,,,,,,,,,,,,,,,,,,,,,,,,,,,,,
Q9QJ27,296,Q9QJ27,,Viruses,Human herpesvirus 6B (strain Z29),36351,Triplex capsid protein 2,Homo sapiens,9606,,,,,,,,,,,,,,,,,,,,,,,,,,,,,,,,,,,,,,,,,,,,,,,,,,,,,,,,,,,,,,,,,,
Q9WFL7,347,Q9WFL7,,Viruses,Human immunodeficiency virus type 1,11676,,Homo sapiens,9606,,,,,,,,,,,,,,,,,,,,,,,,,,,,,,,,,,,,,,,,,,,,,,,,,,,,,,,,,,,,,,,,,,
R4WL38,339,R4WL38,,Viruses,Human immunodeficiency virus type 1,11676,,Homo sapiens,9606,,,,,,,,,,,,,,,,,,,,,,,,,,,,,,,,,,,,,,,,,,,,,,,,,,,,,,,,,,,,,,,,,,
S6C3M9,146,S6C3M9,,Viruses,Human enterovirus 71,39054,Genome polyprotein,Homo sapiens,9606,,,,,,,,,,,,,,,,,,,,,,,,,,,,,,,,,,,,,,,,,,,,,,,,,,,,,,,,,,,,,,,,,,
T2CJ20,373,T2CJ20,,Viruses,Human immunodeficiency virus type 1,11676,Gag polyprotein,Homo sapiens,9606,,,,,,,,,,,,,,,,,,,,,,,,,,,,,,,,,,,,,,,,,,,,,,,,,,,,,,,,,,,,,,,,,,
U5NQG6,235,U5NQG6,,Viruses,Human herpesvirus 3,10335,Small capsomere-interacting protein,Homo sapiens,9606,,,,,,,,,,,,,,,,,,,,,,,,,,,,,,,,,,,,,,,,,,,,,,,,,,,,,,,,,,,,,,,,,,
W8XVT2,862,W8XVT2,,Viruses,Human enterovirus 71,39054,Genome polyprotein,Homo sapiens,9606,,,,,,,,,,,,,,,,,,,,,,,,,,,,,,,,,,,,,,,,,,,,,,,,,,,,,,,,,,,,,,,,,,
A0A0E3U2U0,1374,A0A0E3U2U0,,Viruses,Human herpesvirus 2,10310,,Homo sapiens,9606,,,,,,,,,,,,,,,,,,,,,,,,,,,,,,,,,,,,,,,,,,,,,,,,,,,,,,,,,,,,,,,,,,
A0A1U8QPG3,1370,A0A1U8QPG3,,Viruses,Human cytomegalovirus,10359,,Homo sapiens,9606,,,,,,,,,,,,,,,,,,,,,,,,,,,,,,,,,,,,,,,,,,,,,,,,,,,,,,,,,,,,,,,,,,
A0A1U9ZFW1,466,A0A1U9ZFW1,,Viruses,Human herpesvirus 2,10310,,Homo sapiens,9606,,,,,,,,,,,,,,,,,,,,,,,,,,,,,,,,,,,,,,,,,,,,,,,,,,,,,,,,,,,,,,,,,,
A0A3G6XL22,2241,A0A3G6XL22,,Viruses,Human cytomegalovirus,10359,,Homo sapiens,9606,,,,,,,,,,,,,,,,,,,,,,,,,,,,,,,,,,,,,,,,,,,,,,,,,,,,,,,,,,,,,,,,,,
A0A4P8EW36,99,A0A4P8EW36,,Viruses,Human immunodeficiency virus type 1,11676,,Homo sapiens,9606,,,,,,,,,,,,,,,,,,,,,,,,,,,,,,,,,,,,,,,,,,,,,,,,,,,,,,,,,,,,,,,,,,
A0A6C0PR31,248,A0A6C0PR31,,Viruses,Hepatitis E virus,1678143,,"Bandicota bengalensis, Callithrix, Cercopithecus hamlyni, Chlorocebus aethiops, Gallus gallus, Homo sapiens, Macaca, Mus musculus, Pan troglodytes, Saimiri, Sus scrofa","69079, 9481, 9536, 9534, 9031, 9606, 9539, 10090, 9598, 9520, 9823",,,,,,,,,,,,,,,,,,,,,,,,,,,,,,,,,,,,,,,,,,,,,,,,,,,,,,,,,,,,,,,,,,
B9UYL6,538,B9UYL6,,Viruses,Human bocavirus 2,573977,,Homo sapiens,9606,,,,,,,,,,,,,,,,,,,,,,,,,,,,,,,,,,,,,,,,,,,,,,,,,,,,,,,,,,,,,,,,,,
C7E599,305,C7E599,Q2HRA6,Viruses,Human herpesvirus 8,37296,,Homo sapiens,9606,,,,,,,,,,,,,,,,,,,,,,,,,,,,,,,,,,,,,,,,,,,,,,,,,,,,,,,,,,,,,,,,,,
C7E5A9,305,C7E5A9,,Viruses,Human herpesvirus 8,37296,,Homo sapiens,9606,,,,,,,,,,,,,,,,,,,,,,,,,,,,,,,,,,,,,,,,,,,,,,,,,,,,,,,,,,,,,,,,,,
C8BD48,99,C8BD48,,Viruses,Human immunodeficiency virus type 1,11676,,Homo sapiens,9606,,,,,,,,,,,,,,,,,,,,,,,,,,,,,,,,,,,,,,,,,,,,,,,,,,,,,,,,,,,,,,,,,,
D0UZN7,1376,D0UZN7,,Viruses,Human herpesvirus 8,37296,,Homo sapiens,9606,,,,,,,,,,,,,,,,,,,,,,,,,,,,,,,,,,,,,,,,,,,,,,,,,,,,,,,,,,,,,,,,,,
D3VV84,240,D3VV84,,Viruses,Hepatitis E virus,1678143,,"Bandicota bengalensis, Callithrix, Cercopithecus hamlyni, Chlorocebus aethiops, Gallus gallus, Homo sapiens, Macaca, Mus musculus, Pan troglodytes, Saimiri, Sus scrofa","69079, 9481, 9536, 9534, 9031, 9606, 9539, 10090, 9598, 9520, 9823",,,,,,,,,,,,,,,,,,,,,,,,,,,,,,,,,,,,,,,,,,,,,,,,,,,,,,,,,,,,,,,,,,
D3YPI2,580,D3YPI2,,Viruses,Human herpesvirus 1,10298,,Homo sapiens,9606,,,,,,,,,,,,,,,,,,,,,,,,,,,,,,,,,,,,,,,,,,,,,,,,,,,,,,,,,,,,,,,,,,
D6PUY5,585,D6PUY5,,Viruses,Human herpesvirus 2,10310,,Homo sapiens,9606,,,,,,,,,,,,,,,,,,,,,,,,,,,,,,,,,,,,,,,,,,,,,,,,,,,,,,,,,,,,,,,,,,
F8REV0,703,F8REV0,,Viruses,Human herpesvirus 1,10298,,Homo sapiens,9606,,,,,,,,,,,,,,,,,,,,,,,,,,,,,,,,,,,,,,,,,,,,,,,,,,,,,,,,,,,,,,,,,,
F8REX2,465,F8REX2,,Viruses,Human herpesvirus 1,10298,,Homo sapiens,9606,,,,,,,,,,,,,,,,,,,,,,,,,,,,,,,,,,,,,,,,,,,,,,,,,,,,,,,,,,,,,,,,,,
F8RFA1,703,F8RFA1,,Viruses,Human herpesvirus 1,10298,,Homo sapiens,9606,,,,,,,,,,,,,,,,,,,,,,,,,,,,,,,,,,,,,,,,,,,,,,,,,,,,,,,,,,,,,,,,,,
G0X8E8,132,G0X8E8,,Viruses,Human immunodeficiency virus type 1,11676,,Homo sapiens,9606,,,,,,,,,,,,,,,,,,,,,,,,,,,,,,,,,,,,,,,,,,,,,,,,,,,,,,,,,,,,,,,,,,
G3E3P7,213,G3E3P7,,Viruses,Foot-and-mouth disease virus serotype O,12118,Genome polyprotein,"Bos taurus, Capra hircus, Cervidae, Erinaceidae, Loxodonta africana, Ovis aries, Rattus norvegicus, Sus scrofa","9913, 9925, 9850, 9363, 9785, 9940, 10116, 9823",,,,,,,,,,,,,,,,,,,,,,,,,,,,,,,,,,,,,,,,,,,,,,,,,,,,,,,,,,,,,,,,,,
G5CUH3,297,G5CUH3,,Viruses,Human enterovirus 71,39054,Genome polyprotein,Homo sapiens,9606,,,,,,,,,,,,,,,,,,,,,,,,,,,,,,,,,,,,,,,,,,,,,,,,,,,,,,,,,,,,,,,,,,
G8GWG8,536,G8GWG8,,Viruses,Bovine parvovirus 1,2839036,,Bos taurus,9913,,,,,,,,,,,,,,,,,,,,,,,,,,,,,,,,,,,,,,,,,,,,,,,,,,,,,,,,,,,,,,,,,,
G8H8D9,318,G8H8D9,,Viruses,Human herpesvirus 1,10298,,Homo sapiens,9606,,,,,,,,,,,,,,,,,,,,,,,,,,,,,,,,,,,,,,,,,,,,,,,,,,,,,,,,,,,,,,,,,,
G8HBD2,1374,G8HBD2,,Viruses,Human herpesvirus 1 (strain 17),10299,,Homo sapiens,9606,,,,,,,,,,,,,,,,,,,,,,,,,,,,,,,,,,,,,,,,,,,,,,,,,,,,,,,,,,,,,,,,,,
G8HBD8,580,G8HBD8,,Viruses,Human herpesvirus 1 (strain 17),10299,,Homo sapiens,9606,,,,,,,,,,,,,,,,,,,,,,,,,,,,,,,,,,,,,,,,,,,,,,,,,,,,,,,,,,,,,,,,,,
G9I238,702,G9I238,"A0A1U9ZEV8, A0A1U9ZHV1",Viruses,Human herpesvirus 2,10310,,Homo sapiens,9606,,,,,,,,,,,,,,,,,,,,,,,,,,,,,,,,,,,,,,,,,,,,,,,,,,,,,,,,,,,,,,,,,,
G9I239,318,G9I239,,Viruses,Human herpesvirus 2,10310,,Homo sapiens,9606,,,,,,,,,,,,,,,,,,,,,,,,,,,,,,,,,,,,,,,,,,,,,,,,,,,,,,,,,,,,,,,,,,
G9I240,1374,G9I240,,Viruses,Human herpesvirus 2,10310,,Homo sapiens,9606,,,,,,,,,,,,,,,,,,,,,,,,,,,,,,,,,,,,,,,,,,,,,,,,,,,,,,,,,,,,,,,,,,
G9I260,466,G9I260,,Viruses,Human herpesvirus 2,10310,,Homo sapiens,9606,,,,,,,,,,,,,,,,,,,,,,,,,,,,,,,,,,,,,,,,,,,,,,,,,,,,,,,,,,,,,,,,,,
H9C5X6,542,H9C5X6,,Viruses,Primate bocaparvovirus 1 (strain Human bocavirus 1 type 1),689403,,Homo sapiens,9606,,,,,,,,,,,,,,,,,,,,,,,,,,,,,,,,,,,,,,,,,,,,,,,,,,,,,,,,,,,,,,,,,,
H9E925,1374,H9E925,,Viruses,Human herpesvirus 1,10298,,Homo sapiens,9606,,,,,,,,,,,,,,,,,,,,,,,,,,,,,,,,,,,,,,,,,,,,,,,,,,,,,,,,,,,,,,,,,,
I7BFC3,99,I7BFC3,,Viruses,Human immunodeficiency virus type 1,11676,,Homo sapiens,9606,,,,,,,,,,,,,,,,,,,,,,,,,,,,,,,,,,,,,,,,,,,,,,,,,,,,,,,,,,,,,,,,,,
O09893,99,O09893,,Viruses,Human immunodeficiency virus type 1,11676,,Homo sapiens,9606,,,,,,,,,,,,,,,,,,,,,,,,,,,,,,,,,,,,,,,,,,,,,,,,,,,,,,,,,,,,,,,,,,
O38707,99,O38707,,Viruses,Human immunodeficiency virus type 1,11676,,Homo sapiens,9606,,,,,,,,,,,,,,,,,,,,,,,,,,,,,,,,,,,,,,,,,,,,,,,,,,,,,,,,,,,,,,,,,,
O38710,99,O38710,,Viruses,Human immunodeficiency virus type 1,11676,,Homo sapiens,9606,,,,,,,,,,,,,,,,,,,,,,,,,,,,,,,,,,,,,,,,,,,,,,,,,,,,,,,,,,,,,,,,,,
O38716,99,O38716,,Viruses,Human immunodeficiency virus type 1,11676,,Homo sapiens,9606,,,,,,,,,,,,,,,,,,,,,,,,,,,,,,,,,,,,,,,,,,,,,,,,,,,,,,,,,,,,,,,,,,
O38719,99,O38719,,Viruses,Human immunodeficiency virus type 1,11676,,Homo sapiens,9606,,,,,,,,,,,,,,,,,,,,,,,,,,,,,,,,,,,,,,,,,,,,,,,,,,,,,,,,,,,,,,,,,,
O38723,99,O38723,,Viruses,Human immunodeficiency virus type 1,11676,,Homo sapiens,9606,,,,,,,,,,,,,,,,,,,,,,,,,,,,,,,,,,,,,,,,,,,,,,,,,,,,,,,,,,,,,,,,,,
O38731,99,O38731,,Viruses,Human immunodeficiency virus type 1,11676,,Homo sapiens,9606,,,,,,,,,,,,,,,,,,,,,,,,,,,,,,,,,,,,,,,,,,,,,,,,,,,,,,,,,,,,,,,,,,
O38732,99,O38732,,Viruses,Human immunodeficiency virus type 1,11676,,Homo sapiens,9606,,,,,,,,,,,,,,,,,,,,,,,,,,,,,,,,,,,,,,,,,,,,,,,,,,,,,,,,,,,,,,,,,,
O38885,99,O38885,,Viruses,Human immunodeficiency virus type 1,11676,,Homo sapiens,9606,,,,,,,,,,,,,,,,,,,,,,,,,,,,,,,,,,,,,,,,,,,,,,,,,,,,,,,,,,,,,,,,,,
O38893,99,O38893,,Viruses,Human immunodeficiency virus type 1,11676,,Homo sapiens,9606,,,,,,,,,,,,,,,,,,,,,,,,,,,,,,,,,,,,,,,,,,,,,,,,,,,,,,,,,,,,,,,,,,
O38896,99,O38896,,Viruses,Human immunodeficiency virus type 1,11676,,Homo sapiens,9606,,,,,,,,,,,,,,,,,,,,,,,,,,,,,,,,,,,,,,,,,,,,,,,,,,,,,,,,,,,,,,,,,,
O40925,1376,O40925,,Viruses,Human herpesvirus 8,37296,,Homo sapiens,9606,,,,,,,,,,,,,,,,,,,,,,,,,,,,,,,,,,,,,,,,,,,,,,,,,,,,,,,,,,,,,,,,,,
O41938,516,O41938,,Viruses,Murid herpesvirus 4,33708,,Apodemus sylvaticus,10129,,,,,,,,,,,,,,,,,,,,,,,,,,,,,,,,,,,,,,,,,,,,,,,,,,,,,,,,,,,,,,,,,,
O41963,380,O41963,,Viruses,Murid herpesvirus 4,33708,,Apodemus sylvaticus,10129,,,,,,,,,,,,,,,,,,,,,,,,,,,,,,,,,,,,,,,,,,,,,,,,,,,,,,,,,,,,,,,,,,
O92103,99,O92103,,Viruses,Human immunodeficiency virus type 1,11676,,Homo sapiens,9606,,,,,,,,,,,,,,,,,,,,,,,,,,,,,,,,,,,,,,,,,,,,,,,,,,,,,,,,,,,,,,,,,,
O92139,99,O92139,,Viruses,Human immunodeficiency virus type 1,11676,,Homo sapiens,9606,,,,,,,,,,,,,,,,,,,,,,,,,,,,,,,,,,,,,,,,,,,,,,,,,,,,,,,,,,,,,,,,,,
Q06F55,218,Q06F55,,Viruses,Foot-and-mouth disease virus serotype O,12118,Genome polyprotein,"Bos taurus, Capra hircus, Cervidae, Erinaceidae, Loxodonta africana, Ovis aries, Rattus norvegicus, Sus scrofa","9913, 9925, 9850, 9363, 9785, 9940, 10116, 9823",,,,,,,,,,,,,,,,,,,,,,,,,,,,,,,,,,,,,,,,,,,,,,,,,,,,,,,,,,,,,,,,,,
Q06F56,218,Q06F56,,Viruses,Foot-and-mouth disease virus serotype O,12118,Genome polyprotein,"Bos taurus, Capra hircus, Cervidae, Erinaceidae, Loxodonta africana, Ovis aries, Rattus norvegicus, Sus scrofa","9913, 9925, 9850, 9363, 9785, 9940, 10116, 9823",,,,,,,,,,,,,,,,,,,,,,,,,,,,,,,,,,,,,,,,,,,,,,,,,,,,,,,,,,,,,,,,,,
Q0PQ60,99,Q0PQ60,,Viruses,Human immunodeficiency virus type 1,11676,,Homo sapiens,9606,,,,,,,,,,,,,,,,,,,,,,,,,,,,,,,,,,,,,,,,,,,,,,,,,,,,,,,,,,,,,,,,,,
Q1G1C3,99,Q1G1C3,,Viruses,Human immunodeficiency virus type 1,11676,,Homo sapiens,9606,,,,,,,,,,,,,,,,,,,,,,,,,,,,,,,,,,,,,,,,,,,,,,,,,,,,,,,,,,,,,,,,,,
Q1T724,465,Q1T724,,Viruses,Human herpesvirus 1,10298,,Homo sapiens,9606,,,,,,,,,,,,,,,,,,,,,,,,,,,,,,,,,,,,,,,,,,,,,,,,,,,,,,,,,,,,,,,,,,
Q2I600,266,Q2I600,,Viruses,Foot-and-mouth disease virus serotype O,12118,Genome polyprotein,"Bos taurus, Capra hircus, Cervidae, Erinaceidae, Loxodonta africana, Ovis aries, Rattus norvegicus, Sus scrofa","9913, 9925, 9850, 9363, 9785, 9940, 10116, 9823",,,,,,,,,,,,,,,,,,,,,,,,,,,,,,,,,,,,,,,,,,,,,,,,,,,,,,,,,,,,,,,,,,
Q4JQT2,676,Q4JQT2,,Viruses,Varicella-zoster virus (strain Oka vaccine),341980,,Homo sapiens,9606,,,,,,,,,,,,,,,,,,,,,,,,,,,,,,,,,,,,,,,,,,,,,,,,,,,,,,,,,,,,,,,,,,
Q4JQT4,316,Q4JQT4,,Viruses,Varicella-zoster virus (strain Oka vaccine),341980,,Homo sapiens,9606,,,,,,,,,,,,,,,,,,,,,,,,,,,,,,,,,,,,,,,,,,,,,,,,,,,,,,,,,,,,,,,,,,
Q4JQT5,1396,Q4JQT5,,Viruses,Varicella-zoster virus (strain Oka vaccine),341980,,Homo sapiens,9606,,,,,,,,,,,,,,,,,,,,,,,,,,,,,,,,,,,,,,,,,,,,,,,,,,,,,,,,,,,,,,,,,,
Q4JQU1,579,Q4JQU1,,Viruses,Varicella-zoster virus (strain Oka vaccine),341980,,Homo sapiens,9606,,,,,,,,,,,,,,,,,,,,,,,,,,,,,,,,,,,,,,,,,,,,,,,,,,,,,,,,,,,,,,,,,,
Q4JQV5,483,Q4JQV5,,Viruses,Varicella-zoster virus (strain Oka vaccine),341980,,Homo sapiens,9606,,,,,,,,,,,,,,,,,,,,,,,,,,,,,,,,,,,,,,,,,,,,,,,,,,,,,,,,,,,,,,,,,,
Q50BW9,99,Q50BW9,,Viruses,Human immunodeficiency virus type 1,11676,,Homo sapiens,9606,,,,,,,,,,,,,,,,,,,,,,,,,,,,,,,,,,,,,,,,,,,,,,,,,,,,,,,,,,,,,,,,,,
Q5IXV7,423,Q5IXV7,M1L4Z8,Viruses,Monkeypox virus,10244,,"Cynomys gunnisoni, Cynomys leucurus, Cynomys ludovicianus, Cynomys mexicanus, Cynomys parvidens, Gliridae, Heliosciurus ruwenzorii, Homo sapiens, Mus musculus","45479, 99825, 45480, 99826, 99827, 30650, 226685, 9606, 10090",,,,,,,,,,,,,,,,,,,,,,,,,,,,,,,,,,,,,,,,,,,,,,,,,,,,,,,,,,,,,,,,,,
Q5RTL1,99,Q5RTL1,,Viruses,Human immunodeficiency virus type 1,11676,,Homo sapiens,9606,,,,,,,,,,,,,,,,,,,,,,,,,,,,,,,,,,,,,,,,,,,,,,,,,,,,,,,,,,,,,,,,,,
Q5RZ08,99,Q5RZ08,,Viruses,Human immunodeficiency virus type 1,11676,,Homo sapiens,9606,,,,,,,,,,,,,,,,,,,,,,,,,,,,,,,,,,,,,,,,,,,,,,,,,,,,,,,,,,,,,,,,,,
Q5RZ09,99,Q5RZ09,,Viruses,Human immunodeficiency virus type 1,11676,,Homo sapiens,9606,,,,,,,,,,,,,,,,,,,,,,,,,,,,,,,,,,,,,,,,,,,,,,,,,,,,,,,,,,,,,,,,,,
Q67711,353,Q67711,,Viruses,Human adenovirus B serotype 16,31544,,Homo sapiens,9606,,,,,,,,,,,,,,,,,,,,,,,,,,,,,,,,,,,,,,,,,,,,,,,,,,,,,,,,,,,,,,,,,,
Q6B6C5,99,Q6B6C5,,Viruses,Human immunodeficiency virus type 1,11676,,Homo sapiens,9606,,,,,,,,,,,,,,,,,,,,,,,,,,,,,,,,,,,,,,,,,,,,,,,,,,,,,,,,,,,,,,,,,,
Q6Q004,99,Q6Q004,,Viruses,Human immunodeficiency virus type 1,11676,,Homo sapiens,9606,,,,,,,,,,,,,,,,,,,,,,,,,,,,,,,,,,,,,,,,,,,,,,,,,,,,,,,,,,,,,,,,,,
Q6QCL4,316,Q6QCL4,,Viruses,Human herpesvirus 3,10335,,Homo sapiens,9606,,,,,,,,,,,,,,,,,,,,,,,,,,,,,,,,,,,,,,,,,,,,,,,,,,,,,,,,,,,,,,,,,,
Q6QCL5,1396,Q6QCL5,,Viruses,Human herpesvirus 3,10335,,Homo sapiens,9606,,,,,,,,,,,,,,,,,,,,,,,,,,,,,,,,,,,,,,,,,,,,,,,,,,,,,,,,,,,,,,,,,,
Q6QCN5,483,Q6QCN5,,Viruses,Human herpesvirus 3,10335,,Homo sapiens,9606,,,,,,,,,,,,,,,,,,,,,,,,,,,,,,,,,,,,,,,,,,,,,,,,,,,,,,,,,,,,,,,,,,
Q6QK01,100,Q6QK01,,Viruses,Human immunodeficiency virus type 1,11676,,Homo sapiens,9606,,,,,,,,,,,,,,,,,,,,,,,,,,,,,,,,,,,,,,,,,,,,,,,,,,,,,,,,,,,,,,,,,,
Q6RCN1,781,Q6RCN1,,Viruses,Human parvovirus B19,10798,,Homo sapiens,9606,,,,,,,,,,,,,,,,,,,,,,,,,,,,,,,,,,,,,,,,,,,,,,,,,,,,,,,,,,,,,,,,,,
Q6RXF2,306,Q6RXF2,"D2K3P3, Q6SW57",Viruses,Human cytomegalovirus,10359,,Homo sapiens,9606,,,,,,,,,,,,,,,,,,,,,,,,,,,,,,,,,,,,,,,,,,,,,,,,,,,,,,,,,,,,,,,,,,
Q6RXH2,290,Q6RXH2,"A0A076JWN2, Q6SW86",Viruses,Human cytomegalovirus,10359,,Homo sapiens,9606,,,,,,,,,,,,,,,,,,,,,,,,,,,,,,,,,,,,,,,,,,,,,,,,,,,,,,,,,,,,,,,,,,
Q72874,99,Q72874,,Viruses,Human immunodeficiency virus type 1,11676,,Homo sapiens,9606,,,,,,,,,,,,,,,,,,,,,,,,,,,,,,,,,,,,,,,,,,,,,,,,,,,,,,,,,,,,,,,,,,
Q75U93,781,Q75U93,,Viruses,Human parvovirus B19,10798,,Homo sapiens,9606,,,,,,,,,,,,,,,,,,,,,,,,,,,,,,,,,,,,,,,,,,,,,,,,,,,,,,,,,,,,,,,,,,
Q76RF6,331,Q76RF6,Q2HR66,Viruses,Human herpesvirus 8,37296,,Homo sapiens,9606,,,,,,,,,,,,,,,,,,,,,,,,,,,,,,,,,,,,,,,,,,,,,,,,,,,,,,,,,,,,,,,,,,
Q772X2,325,Q772X2,,Viruses,Human adenovirus B serotype 11 (strain Slobiski),343462,,Homo sapiens,9606,,,,,,,,,,,,,,,,,,,,,,,,,,,,,,,,,,,,,,,,,,,,,,,,,,,,,,,,,,,,,,,,,,
Q77VV3,99,Q77VV3,,Viruses,Human immunodeficiency virus type 1,11676,,Homo sapiens,9606,,,,,,,,,,,,,,,,,,,,,,,,,,,,,,,,,,,,,,,,,,,,,,,,,,,,,,,,,,,,,,,,,,
Q7LYY8,138,Q7LYY8,,Viruses,Human immunodeficiency virus type 1,11676,,Homo sapiens,9606,,,,,,,,,,,,,,,,,,,,,,,,,,,,,,,,,,,,,,,,,,,,,,,,,,,,,,,,,,,,,,,,,,
Q7SPG9,99,Q7SPG9,,Viruses,Human immunodeficiency virus type 1,11676,,Homo sapiens,9606,,,,,,,,,,,,,,,,,,,,,,,,,,,,,,,,,,,,,,,,,,,,,,,,,,,,,,,,,,,,,,,,,,
Q7SRY5,99,Q7SRY5,,Viruses,Human immunodeficiency virus type 1,11676,,Homo sapiens,9606,,,,,,,,,,,,,,,,,,,,,,,,,,,,,,,,,,,,,,,,,,,,,,,,,,,,,,,,,,,,,,,,,,
Q7SSE3,99,Q7SSE3,,Viruses,Human immunodeficiency virus type 1,11676,,Homo sapiens,9606,,,,,,,,,,,,,,,,,,,,,,,,,,,,,,,,,,,,,,,,,,,,,,,,,,,,,,,,,,,,,,,,,,
Q7T416,581,Q7T416,,Viruses,Human adenovirus C serotype 5,28285,,Homo sapiens,9606,,,,,,,,,,,,,,,,,,,,,,,,,,,,,,,,,,,,,,,,,,,,,,,,,,,,,,,,,,,,,,,,,,
Q7T925,323,Q7T925,,Viruses,Human adenovirus B serotype 35,10522,,Homo sapiens,9606,,,,,,,,,,,,,,,,,,,,,,,,,,,,,,,,,,,,,,,,,,,,,,,,,,,,,,,,,,,,,,,,,,
Q7ZCI0,99,Q7ZCI0,,Viruses,Human immunodeficiency virus type 1,11676,,Homo sapiens,9606,,,,,,,,,,,,,,,,,,,,,,,,,,,,,,,,,,,,,,,,,,,,,,,,,,,,,,,,,,,,,,,,,,
Q7ZCL6,99,Q7ZCL6,,Viruses,Human immunodeficiency virus type 1,11676,,Homo sapiens,9606,,,,,,,,,,,,,,,,,,,,,,,,,,,,,,,,,,,,,,,,,,,,,,,,,,,,,,,,,,,,,,,,,,
Q7ZCR0,99,Q7ZCR0,,Viruses,Human immunodeficiency virus type 1,11676,,Homo sapiens,9606,,,,,,,,,,,,,,,,,,,,,,,,,,,,,,,,,,,,,,,,,,,,,,,,,,,,,,,,,,,,,,,,,,
Q8Q3H0,99,Q8Q3H0,,Viruses,Human immunodeficiency virus type 1,11676,,Homo sapiens,9606,,,,,,,,,,,,,,,,,,,,,,,,,,,,,,,,,,,,,,,,,,,,,,,,,,,,,,,,,,,,,,,,,,
Q8ULI2,99,Q8ULI2,,Viruses,Human immunodeficiency virus type 1,11676,,Homo sapiens,9606,,,,,,,,,,,,,,,,,,,,,,,,,,,,,,,,,,,,,,,,,,,,,,,,,,,,,,,,,,,,,,,,,,
Q8ULI9,99,Q8ULI9,,Viruses,Human immunodeficiency virus type 1,11676,,Homo sapiens,9606,,,,,,,,,,,,,,,,,,,,,,,,,,,,,,,,,,,,,,,,,,,,,,,,,,,,,,,,,,,,,,,,,,
Q8URG0,148,Q8URG0,,Viruses,Human immunodeficiency virus type 1,11676,,Homo sapiens,9606,,,,,,,,,,,,,,,,,,,,,,,,,,,,,,,,,,,,,,,,,,,,,,,,,,,,,,,,,,,,,,,,,,
Q8V512,423,Q8V512,,Viruses,Monkeypox virus (strain Zaire-96-I-16),619591,,"Cynomys gunnisoni, Cynomys leucurus, Cynomys ludovicianus, Cynomys mexicanus, Cynomys parvidens, Gliridae, Heliosciurus ruwenzorii, Homo sapiens, Mus musculus","45479, 99825, 45480, 99826, 99827, 30650, 226685, 9606, 10090",,,,,,,,,,,,,,,,,,,,,,,,,,,,,,,,,,,,,,,,,,,,,,,,,,,,,,,,,,,,,,,,,,
Q903J0,99,Q903J0,,Viruses,Human immunodeficiency virus type 1,11676,,Homo sapiens,9606,,,,,,,,,,,,,,,,,,,,,,,,,,,,,,,,,,,,,,,,,,,,,,,,,,,,,,,,,,,,,,,,,,
Q903N5,99,Q903N5,,Viruses,Human immunodeficiency virus type 1,11676,,Homo sapiens,9606,,,,,,,,,,,,,,,,,,,,,,,,,,,,,,,,,,,,,,,,,,,,,,,,,,,,,,,,,,,,,,,,,,
Q90EA1,99,Q90EA1,,Viruses,Human immunodeficiency virus type 1,11676,,Homo sapiens,9606,,,,,,,,,,,,,,,,,,,,,,,,,,,,,,,,,,,,,,,,,,,,,,,,,,,,,,,,,,,,,,,,,,
Q90EB9,99,Q90EB9,,Viruses,Human immunodeficiency virus type 1,11676,,Homo sapiens,9606,,,,,,,,,,,,,,,,,,,,,,,,,,,,,,,,,,,,,,,,,,,,,,,,,,,,,,,,,,,,,,,,,,
Q91D09,297,Q91D09,,Viruses,Human enterovirus 71,39054,Genome polyprotein,Homo sapiens,9606,,,,,,,,,,,,,,,,,,,,,,,,,,,,,,,,,,,,,,,,,,,,,,,,,,,,,,,,,,,,,,,,,,
Q997H2,535,Q997H2,,Viruses,Bovine adenovirus 4,70333,,Bos taurus,9913,,,,,,,,,,,,,,,,,,,,,,,,,,,,,,,,,,,,,,,,,,,,,,,,,,,,,,,,,,,,,,,,,,
Q9J006,99,Q9J006,,Viruses,Human immunodeficiency virus type 1,11676,,Homo sapiens,9606,,,,,,,,,,,,,,,,,,,,,,,,,,,,,,,,,,,,,,,,,,,,,,,,,,,,,,,,,,,,,,,,,,
Q9J2R0,99,Q9J2R0,,Viruses,Human immunodeficiency virus type 1,11676,,Homo sapiens,9606,,,,,,,,,,,,,,,,,,,,,,,,,,,,,,,,,,,,,,,,,,,,,,,,,,,,,,,,,,,,,,,,,,
Q9JAU9,99,Q9JAU9,,Viruses,Human immunodeficiency virus type 1,11676,,Homo sapiens,9606,,,,,,,,,,,,,,,,,,,,,,,,,,,,,,,,,,,,,,,,,,,,,,,,,,,,,,,,,,,,,,,,,,
Q9Q288,99,Q9Q288,,Viruses,Human immunodeficiency virus type 1,11676,,Homo sapiens,9606,,,,,,,,,,,,,,,,,,,,,,,,,,,,,,,,,,,,,,,,,,,,,,,,,,,,,,,,,,,,,,,,,,
Q9Q2G8,99,Q9Q2G8,,Viruses,Human immunodeficiency virus type 1,11676,,Homo sapiens,9606,,,,,,,,,,,,,,,,,,,,,,,,,,,,,,,,,,,,,,,,,,,,,,,,,,,,,,,,,,,,,,,,,,
Q9QM22,99,Q9QM22,,Viruses,Human immunodeficiency virus type 1,11676,,Homo sapiens,9606,,,,,,,,,,,,,,,,,,,,,,,,,,,,,,,,,,,,,,,,,,,,,,,,,,,,,,,,,,,,,,,,,,
Q9W9R3,99,Q9W9R3,,Viruses,Human immunodeficiency virus 2,11709,,Homo sapiens,9606,,,,,,,,,,,,,,,,,,,,,,,,,,,,,,,,,,,,,,,,,,,,,,,,,,,,,,,,,,,,,,,,,,
S5QA87,297,S5QA87,,Viruses,Human enterovirus 71,39054,Genome polyprotein,Homo sapiens,9606,,,,,,,,,,,,,,,,,,,,,,,,,,,,,,,,,,,,,,,,,,,,,,,,,,,,,,,,,,,,,,,,,,
V5YAB1,109,V5YAB1,,Viruses,Human immunodeficiency virus type 1,11676,,Homo sapiens,9606,,,,,,,,,,,,,,,,,,,,,,,,,,,,,,,,,,,,,,,,,,,,,,,,,,,,,,,,,,,,,,,,,,
