ProteinId_input,Length_protein_UniProt,PrimaryAccession,SecondaryAccessions,Organism_class,Organism,TaxonID_org,ProteinDescription,Organism_host,TaxonID_org_host,Pos_sp_start_uniprot_1,Pos_sp_end_uniprot_1,Evidence_signal_peptide_1,Pos_tr_start_uniprot_1,Pos_tr_end_uniprot_1,Evidence_code_tr_1,Pos_tr_start_uniprot_2,Pos_tr_end_uniprot_2,Evidence_code_tr_2,Pos_tr_start_uniprot_3,Pos_tr_end_uniprot_3,Evidence_code_tr_3,Pos_tr_start_uniprot_4,Pos_tr_end_uniprot_4,Evidence_code_tr_4,Pos_tr_start_uniprot_5,Pos_tr_end_uniprot_5,Evidence_code_tr_5,Pos_tr_start_uniprot_6,Pos_tr_end_uniprot_6,Evidence_code_tr_6,Pos_tr_start_uniprot_7,Pos_tr_end_uniprot_7,Evidence_code_tr_7,Pos_tr_start_uniprot_8,Pos_tr_end_uniprot_8,Evidence_code_tr_8,Pos_tr_start_uniprot_9,Pos_tr_end_uniprot_9,Evidence_code_tr_9,Pos_tr_start_uniprot_10,Pos_tr_end_uniprot_10,Evidence_code_tr_10,Pos_tr_start_uniprot_11,Pos_tr_end_uniprot_11,Evidence_code_tr_11,Pos_tr_start_uniprot_12,Pos_tr_end_uniprot_12,Evidence_code_tr_12,Pos_tr_start_uniprot_13,Pos_tr_end_uniprot_13,Evidence_code_tr_13,Pos_tr_start_uniprot_14,Pos_tr_end_uniprot_14,Evidence_code_tr_14,Pos_tr_start_uniprot_15,Pos_tr_end_uniprot_15,Evidence_code_tr_15,Pos_tr_start_uniprot_16,Pos_tr_end_uniprot_16,Evidence_code_tr_16,Pos_tr_start_uniprot_17,Pos_tr_end_uniprot_17,Evidence_code_tr_17,Pos_tr_start_uniprot_18,Pos_tr_end_uniprot_18,Evidence_code_tr_18,Pos_tr_start_uniprot_19,Pos_tr_end_uniprot_19,Evidence_code_tr_19,Pos_tr_start_uniprot_20,Pos_tr_end_uniprot_20,Evidence_code_tr_20,Pos_tr_start_uniprot_21,Pos_tr_end_uniprot_21,Evidence_code_tr_21,Pos_tr_start_uniprot_22,Pos_tr_end_uniprot_22,Evidence_code_tr_22
A0A0A1H8I4,262,A0A0A1H8I4,,Bacteria,Pseudomonas sp,306,Aconitate isomerase,,,1,22,ECO:0000269,,,,,,,,,,,,,,,,,,,,,,,,,,,,,,,,,,,,,,,,,,,,,,,,,,,,,,,,,,,,,,,,,,
A0A0H3K686,508,A0A0H3K686,,Bacteria,Staphylococcus aureus (strain Newman),426430,Immunoglobulin G-binding protein A,,,1,36,"ECO:0000255, ECO:0000269",,,,,,,,,,,,,,,,,,,,,,,,,,,,,,,,,,,,,,,,,,,,,,,,,,,,,,,,,,,,,,,,,,
A0A2S4N3N0,348,A0A2S4N3N0,"Q7UD17, Q83RX2",Bacteria,Shigella flexneri,623,Outer membrane protein A,,,1,21,"ECO:0000255, ECO:0000269",27,37,ECO:0000255,55,66,ECO:0000255,70,78,ECO:0000255,96,107,ECO:0000255,112,120,"ECO:0000250, ECO:0000255",146,155,ECO:0000255,160,167,ECO:0000255,186,194,ECO:0000255,,,,,,,,,,,,,,,,,,,,,,,,,,,,,,,,,,,,,,,,,,
A0QR29,211,A0QR29,"I7G4H6, Q9RLP7",Bacteria,Mycolicibacterium smegmatis (strain ATCC 700084 / mc(2)155),246196,Porin MspA,,,1,27,ECO:0000269,,,,,,,,,,,,,,,,,,,,,,,,,,,,,,,,,,,,,,,,,,,,,,,,,,,,,,,,,,,,,,,,,,
A1C3L3,2587,A1C3L3,Q9ZFF9,Bacteria,Streptococcus parasanguinis,1318,Fap1 adhesin,,,1,85,ECO:0000269,,,,,,,,,,,,,,,,,,,,,,,,,,,,,,,,,,,,,,,,,,,,,,,,,,,,,,,,,,,,,,,,,,
A3DH67,741,A3DH67,P38686,Bacteria,Acetivibrio thermocellus (strain ATCC 27405 / DSM 1237 / JCM 9322 / NBRC 103400 / NCIMB 10682 / NRRL B-4536 / VPI 7372),203119,"Cellulose 1,4-beta-cellobiosidase (reducing end) CelS",,,1,27,ECO:0000269,,,,,,,,,,,,,,,,,,,,,,,,,,,,,,,,,,,,,,,,,,,,,,,,,,,,,,,,,,,,,,,,,,
A6QIG7,149,A6QIG7,Q7WUJ0,Bacteria,Staphylococcus aureus (strain Newman),426430,Chemotaxis inhibitory protein,,,1,28,ECO:0000269,,,,,,,,,,,,,,,,,,,,,,,,,,,,,,,,,,,,,,,,,,,,,,,,,,,,,,,,,,,,,,,,,,
B2RIT0,684,B2RIT0,,Bacteria,Porphyromonas gingivalis (strain ATCC 33277 / DSM 20709 / CIP 103683 / JCM 12257 / NCTC 11834 / 2561),431947,Dipeptidyl-peptidase 5,,,1,24,ECO:0000269,,,,,,,,,,,,,,,,,,,,,,,,,,,,,,,,,,,,,,,,,,,,,,,,,,,,,,,,,,,,,,,,,,
B2RKV3,712,B2RKV3,,Bacteria,Porphyromonas gingivalis (strain ATCC 33277 / DSM 20709 / CIP 103683 / JCM 12257 / NCTC 11834 / 2561),431947,Dipeptidyl-peptidase 7,,,1,23,ECO:0000269,,,,,,,,,,,,,,,,,,,,,,,,,,,,,,,,,,,,,,,,,,,,,,,,,,,,,,,,,,,,,,,,,,
C5B120,601,C5B120,,Bacteria,Methylorubrum extorquens (strain ATCC 14718 / DSM 1338 / JCM 2805 / NCIMB 9133 / AM1),272630,Lanthanide-dependent methanol dehydrogenase,,,1,21,ECO:0000269,,,,,,,,,,,,,,,,,,,,,,,,,,,,,,,,,,,,,,,,,,,,,,,,,,,,,,,,,,,,,,,,,,
C5B164,133,C5B164,,Bacteria,Methylorubrum extorquens (strain ATCC 14718 / DSM 1338 / JCM 2805 / NCIMB 9133 / AM1),272630,Lanmodulin,,,1,21,ECO:0000269,,,,,,,,,,,,,,,,,,,,,,,,,,,,,,,,,,,,,,,,,,,,,,,,,,,,,,,,,,,,,,,,,,
C6XZB6,772,C6XZB6,Q46080,Bacteria,Pedobacter heparinus (strain ATCC 13125 / DSM 2366 / CIP 104194 / JCM 7457 / NBRC 12017 / NCIMB 9290 / NRRL B-14731 / HIM 762-3),485917,Heparin and heparin-sulfate lyase,,,1,25,ECO:0000269,,,,,,,,,,,,,,,,,,,,,,,,,,,,,,,,,,,,,,,,,,,,,,,,,,,,,,,,,,,,,,,,,,
D3RVD4,270,D3RVD4,,Bacteria,Allochromatium vinosum (strain ATCC 17899 / DSM 180 / NBRC 103801 / NCIMB 10441 / D),572477,Thiosulfate dehydrogenase,,,1,27,ECO:0000269,,,,,,,,,,,,,,,,,,,,,,,,,,,,,,,,,,,,,,,,,,,,,,,,,,,,,,,,,,,,,,,,,,
D7A6E5,275,D7A6E5,Q7BQR6,Bacteria,Ancylobacter novellus (strain ATCC 8093 / DSM 506 / JCM 20403 / CCM 1077 / IAM 12100 / NBRC 12443 / NCIMB 10456),639283,L-cysteine S-thiosulfotransferase subunit SoxA,,,1,25,ECO:0000269,,,,,,,,,,,,,,,,,,,,,,,,,,,,,,,,,,,,,,,,,,,,,,,,,,,,,,,,,,,,,,,,,,
E1XUJ2,397,E1XUJ2,W8X534,Bacteria,Castellaniella defragrans (strain DSM 12143 / CCUG 39792 / 65Phen),1437824,Linalool dehydratase/isomerase,,,1,26,ECO:0000269,,,,,,,,,,,,,,,,,,,,,,,,,,,,,,,,,,,,,,,,,,,,,,,,,,,,,,,,,,,,,,,,,,
F8WQK8,717,F8WQK8,,Bacteria,Porphyromonas endodontalis (strain ATCC 35406 / DSM 24491 / JCM 8526 / CCUG 16442 / BCRC 14492 / NCTC 13058 / HG 370),553175,Asp/Glu-specific dipeptidyl-peptidase,,,1,21,ECO:0000269,,,,,,,,,,,,,,,,,,,,,,,,,,,,,,,,,,,,,,,,,,,,,,,,,,,,,,,,,,,,,,,,,,
G1UBD1,414,G1UBD1,"O08059, Q49104, Q607G4",Bacteria,Methylococcus capsulatus (strain ATCC 33009 / NCIMB 11132 / Bath),243233,Particulate methane monooxygenase alpha subunit,,,1,32,ECO:0000269,186,206,ECO:0000255,235,255,ECO:0000255,,,,,,,,,,,,,,,,,,,,,,,,,,,,,,,,,,,,,,,,,,,,,,,,,,,,,,,,,,,,
G3XDA8,323,G3XDA8,"Q7DC39, Q9Z9M3",Bacteria,Pseudomonas aeruginosa (strain ATCC 15692 / DSM 22644 / CIP 104116 / JCM 14847 / LMG 12228 / 1C / PRS 101 / PAO1),208964,Phosphate-binding protein PstS,,,1,24,ECO:0000269,,,,,,,,,,,,,,,,,,,,,,,,,,,,,,,,,,,,,,,,,,,,,,,,,,,,,,,,,,,,,,,,,,
I0J1I6,409,I0J1I6,,Bacteria,Pseudomonas taetrolens,47884,Broad specificity amino-acid racemase,,,1,23,"ECO:0000255, ECO:0000269",,,,,,,,,,,,,,,,,,,,,,,,,,,,,,,,,,,,,,,,,,,,,,,,,,,,,,,,,,,,,,,,,,
L0DSL2,553,L0DSL2,Q5F2I3,Bacteria,Thioalkalivibrio nitratireducens (strain DSM 14787 / UNIQEM 213 / ALEN2),1255043,Cytochrome c-552,,,1,28,ECO:0000269,,,,,,,,,,,,,,,,,,,,,,,,,,,,,,,,,,,,,,,,,,,,,,,,,,,,,,,,,,,,,,,,,,
O05512,362,O05512,Q797D6,Bacteria,Bacillus subtilis (strain 168),224308,"Mannan endo-1,4-beta-mannosidase",,,1,26,ECO:0000269,,,,,,,,,,,,,,,,,,,,,,,,,,,,,,,,,,,,,,,,,,,,,,,,,,,,,,,,,,,,,,,,,,
O05542,757,O05542,Q5FS09,Bacteria,Gluconobacter oxydans (strain 621H),290633,"Alcohol dehydrogenase (quinone), dehydrogenase subunit",,,1,34,ECO:0000269,,,,,,,,,,,,,,,,,,,,,,,,,,,,,,,,,,,,,,,,,,,,,,,,,,,,,,,,,,,,,,,,,,
O07532,488,O07532,,Bacteria,Bacillus subtilis (strain 168),224308,Peptidoglycan endopeptidase LytF,,,1,26,ECO:0000269,,,,,,,,,,,,,,,,,,,,,,,,,,,,,,,,,,,,,,,,,,,,,,,,,,,,,,,,,,,,,,,,,,
O07834,723,O07834,,Bacteria,Pseudoxanthomonas mexicana,128785,Dipeptidyl aminopeptidase BI,,,1,23,ECO:0000269,,,,,,,,,,,,,,,,,,,,,,,,,,,,,,,,,,,,,,,,,,,,,,,,,,,,,,,,,,,,,,,,,,
O08498,249,O08498,,Bacteria,Elizabethkingia meningoseptica,238,Metallo-beta-lactamase type 2,,,1,22,ECO:0000269,,,,,,,,,,,,,,,,,,,,,,,,,,,,,,,,,,,,,,,,,,,,,,,,,,,,,,,,,,,,,,,,,,
O33434,290,O33434,,Bacteria,Paracoccus pantotrophus,82367,L-cysteine S-thiosulfotransferase subunit SoxA,,,1,26,ECO:0000269,,,,,,,,,,,,,,,,,,,,,,,,,,,,,,,,,,,,,,,,,,,,,,,,,,,,,,,,,,,,,,,,,,
O33599,316,O33599,Q2G197,Bacteria,Staphylococcus aureus (strain NCTC 8325 / PS 47),93061,Glycyl-glycine endopeptidase LytM,,,1,25,ECO:0000269,,,,,,,,,,,,,,,,,,,,,,,,,,,,,,,,,,,,,,,,,,,,,,,,,,,,,,,,,,,,,,,,,,
O34313,1462,O34313,Q79EX6,Bacteria,Bacillus subtilis (strain 168),224308,Trifunctional nucleotide phosphoesterase protein YfkN,,,1,35,ECO:0000269,,,,,,,,,,,,,,,,,,,,,,,,,,,,,,,,,,,,,,,,,,,,,,,,,,,,,,,,,,,,,,,,,,
O34344,203,O34344,,Bacteria,Bacillus subtilis (strain 168),224308,Sporulation delaying protein C,,,1,32,ECO:0000269,,,,,,,,,,,,,,,,,,,,,,,,,,,,,,,,,,,,,,,,,,,,,,,,,,,,,,,,,,,,,,,,,,
O53361,299,O53361,"F2GKY3, I6X6Y4, Q7D5Q7",Bacteria,Mycobacterium tuberculosis (strain ATCC 25618 / H37Rv),83332,Phosphatidylinositol-3-phosphatase,,,1,43,ECO:0000269,,,,,,,,,,,,,,,,,,,,,,,,,,,,,,,,,,,,,,,,,,,,,,,,,,,,,,,,,,,,,,,,,,
O68900,1295,O68900,D3H579,Bacteria,Escherichia coli O44:H18 (strain 042 / EAEC),216592,Serine protease pet autotransporter,,,1,52,ECO:0000269,,,,,,,,,,,,,,,,,,,,,,,,,,,,,,,,,,,,,,,,,,,,,,,,,,,,,,,,,,,,,,,,,,
O86308,223,O86308,,Bacteria,Micrococcus luteus,1270,Resuscitation-promoting factor Rpf,,,1,41,ECO:0000269,,,,,,,,,,,,,,,,,,,,,,,,,,,,,,,,,,,,,,,,,,,,,,,,,,,,,,,,,,,,,,,,,,
O88093,1377,O88093,,Bacteria,Escherichia coli,562,Hemoglobin-binding protease hbp autotransporter,,,1,52,ECO:0000269,,,,,,,,,,,,,,,,,,,,,,,,,,,,,,,,,,,,,,,,,,,,,,,,,,,,,,,,,,,,,,,,,,
P00282,148,P00282,,Bacteria,Pseudomonas aeruginosa (strain ATCC 15692 / DSM 22644 / CIP 104116 / JCM 14847 / LMG 12228 / 1C / PRS 101 / PAO1),208964,Azurin,,,1,20,ECO:0000269,,,,,,,,,,,,,,,,,,,,,,,,,,,,,,,,,,,,,,,,,,,,,,,,,,,,,,,,,,,,,,,,,,
P00372,186,P00372,"C5ATK7, Q60146",Bacteria,Methylorubrum extorquens (strain ATCC 14718 / DSM 1338 / JCM 2805 / NCIMB 9133 / AM1),272630,Methylamine dehydrogenase light chain,,,1,57,"ECO:0000255, ECO:0000269",,,,,,,,,,,,,,,,,,,,,,,,,,,,,,,,,,,,,,,,,,,,,,,,,,,,,,,,,,,,,,,,,,
P00733,255,P00733,,Bacteria,Streptomyces albus G,1962,Zinc D-Ala-D-Ala carboxypeptidase,,,1,42,ECO:0000269,,,,,,,,,,,,,,,,,,,,,,,,,,,,,,,,,,,,,,,,,,,,,,,,,,,,,,,,,,,,,,,,,,
P00805,348,P00805,Q2M9N6,Bacteria,Escherichia coli (strain K12),83333,L-asparaginase 2,,,1,22,ECO:0000269,,,,,,,,,,,,,,,,,,,,,,,,,,,,,,,,,,,,,,,,,,,,,,,,,,,,,,,,,,,,,,,,,,
P00811,377,P00811,Q2M6F2,Bacteria,Escherichia coli (strain K12),83333,Beta-lactamase,,,1,19,ECO:0000269,,,,,,,,,,,,,,,,,,,,,,,,,,,,,,,,,,,,,,,,,,,,,,,,,,,,,,,,,,,,,,,,,,
P01006,144,P01006,,Bacteria,Streptomyces albogriseolus,1887,Subtilisin inhibitor,,,1,31,ECO:0000269,,,,,,,,,,,,,,,,,,,,,,,,,,,,,,,,,,,,,,,,,,,,,,,,,,,,,,,,,,,,,,,,,,
P01555,258,P01555,"Q56634, Q9JPV1",Bacteria,Vibrio cholerae serotype O1 (strain ATCC 39315 / El Tor Inaba N16961),243277,Cholera enterotoxin subunit A,,,1,18,ECO:0000269,,,,,,,,,,,,,,,,,,,,,,,,,,,,,,,,,,,,,,,,,,,,,,,,,,,,,,,,,,,,,,,,,,
P01556,124,P01556,Q9JQ02,Bacteria,Vibrio cholerae serotype O1 (strain ATCC 39315 / El Tor Inaba N16961),243277,Cholera enterotoxin subunit B,,,1,21,ECO:0000269,,,,,,,,,,,,,,,,,,,,,,,,,,,,,,,,,,,,,,,,,,,,,,,,,,,,,,,,,,,,,,,,,,
P02925,296,P02925,Q2M869,Bacteria,Escherichia coli (strain K12),83333,Ribose import binding protein RbsB,,,1,25,ECO:0000269,,,,,,,,,,,,,,,,,,,,,,,,,,,,,,,,,,,,,,,,,,,,,,,,,,,,,,,,,,,,,,,,,,
P02930,493,P02930,Q2M9G5,Bacteria,Escherichia coli (strain K12),83333,Outer membrane protein TolC,,,1,22,ECO:0000269,63,74,"ECO:0000305, ECO:0007744",83,96,"ECO:0000305, ECO:0007744",269,279,"ECO:0000305, ECO:0007744",301,311,"ECO:0000305, ECO:0007744",,,,,,,,,,,,,,,,,,,,,,,,,,,,,,,,,,,,,,,,,,,,,,,,,,,,,,
P02931,362,P02931,,Bacteria,Escherichia coli (strain K12),83333,Outer membrane porin F,,,1,22,ECO:0000269,23,28,,30,45,,61,73,,76,88,,105,113,,116,122,,157,163,,172,181,,194,204,,206,217,,233,244,,246,257,,275,287,,290,303,,314,325,,328,337,,353,362,,,,,,,,,,,,,,,,
P02943,446,P02943,Q2M6R8,Bacteria,Escherichia coli (strain K12),83333,Maltoporin,,,1,25,ECO:0000269,27,40,,65,75,,82,93,,105,115,,123,130,,157,159,,162,173,,192,204,,209,222,,235,248,,251,263,,291,305,,308,323,,327,341,,345,359,,363,376,,387,399,,431,445,,,,,,,,,,,,,
P02976,516,P02976,Q2G1N8,Bacteria,Staphylococcus aureus (strain NCTC 8325 / PS 47),93061,Immunoglobulin G-binding protein A,,,1,36,ECO:0000269,,,,,,,,,,,,,,,,,,,,,,,,,,,,,,,,,,,,,,,,,,,,,,,,,,,,,,,,,,,,,,,,,,
P04189,381,P04189,"O07613, P70989",Bacteria,Bacillus subtilis (strain 168),224308,Subtilisin E,,,1,29,ECO:0000269,,,,,,,,,,,,,,,,,,,,,,,,,,,,,,,,,,,,,,,,,,,,,,,,,,,,,,,,,,,,,,,,,,
P04190,257,P04190,,Bacteria,Bacillus cereus,1396,Metallo-beta-lactamase type 2,,,1,30,ECO:0000269,,,,,,,,,,,,,,,,,,,,,,,,,,,,,,,,,,,,,,,,,,,,,,,,,,,,,,,,,,,,,,,,,,
P04635,641,P04635,,Bacteria,Staphylococcus hyicus,1284,Lipase,,,1,38,ECO:0000269,,,,,,,,,,,,,,,,,,,,,,,,,,,,,,,,,,,,,,,,,,,,,,,,,,,,,,,,,,,,,,,,,,
P06129,614,P06129,Q2M8R1,Bacteria,Escherichia coli (strain K12),83333,Vitamin B12 transporter BtuB,,,1,20,ECO:0000269,158,165,,169,178,,184,195,,217,227,,232,248,,263,277,,279,296,,309,325,,328,337,,353,369,,371,381,,385,400,,403,417,,434,443,,449,458,,473,490,,494,509,,517,529,,535,550,,558,572,,585,596,,602,614,
P06202,543,P06202,,Bacteria,Salmonella typhimurium (strain LT2 / SGSC1412 / ATCC 700720),99287,Periplasmic oligopeptide-binding protein OppA,,,1,26,ECO:0000269,,,,,,,,,,,,,,,,,,,,,,,,,,,,,,,,,,,,,,,,,,,,,,,,,,,,,,,,,,,,,,,,,,
P06278,512,P06278,"Q45283, Q84I71",Bacteria,Bacillus licheniformis,1402,Alpha-amylase,,,1,29,ECO:0000269,,,,,,,,,,,,,,,,,,,,,,,,,,,,,,,,,,,,,,,,,,,,,,,,,,,,,,,,,,,,,,,,,,
P06875,846,P06875,"Q47434, Q47435, Q47436, Q47437, Q60253",Bacteria,Escherichia coli,562,Penicillin G acylase,,,1,26,ECO:0000269,,,,,,,,,,,,,,,,,,,,,,,,,,,,,,,,,,,,,,,,,,,,,,,,,,,,,,,,,,,,,,,,,,
P06971,747,P06971,"P71280, P75665",Bacteria,Escherichia coli (strain K12),83333,Ferrichrome outer membrane transporter/phage receptor,,,1,33,ECO:0000269,193,201,,207,215,,223,231,,246,255,,260,268,,313,321,,327,335,,388,396,,405,413,,465,473,,478,486,,509,517,,523,531,,552,560,,566,574,,602,610,,614,622,,646,654,,662,670,,690,698,,706,714,,738,746,
P06996,367,P06996,,Bacteria,Escherichia coli (strain K12),83333,Outer membrane porin C,,,1,21,ECO:0000269,34,42,,54,63,,74,84,,92,101,,107,115,,142,154,,164,171,,201,207,,212,219,,242,248,,253,260,,270,286,,292,299,,319,326,,331,338,,359,366,,,,,,,,,,,,,,,,,,,
P07024,550,P07024,"P78274, Q2MBU7",Bacteria,Escherichia coli (strain K12),83333,Protein UshA,,,1,25,ECO:0000269,,,,,,,,,,,,,,,,,,,,,,,,,,,,,,,,,,,,,,,,,,,,,,,,,,,,,,,,,,,,,,,,,,
P07102,432,P07102,,Bacteria,Escherichia coli (strain K12),83333,Phytase AppA,,,1,22,ECO:0000269,,,,,,,,,,,,,,,,,,,,,,,,,,,,,,,,,,,,,,,,,,,,,,,,,,,,,,,,,,,,,,,,,,
P07662,720,P07662,Q84I62,Bacteria,Pseudomonas sp. (strain SY-77),269086,Glutaryl-7-aminocephalosporanic-acid acylase,,,1,29,ECO:0000269,,,,,,,,,,,,,,,,,,,,,,,,,,,,,,,,,,,,,,,,,,,,,,,,,,,,,,,,,,,,,,,,,,
P08191,300,P08191,Q2M5Z3,Bacteria,Escherichia coli (strain K12),83333,Type 1 fimbrin D-mannose specific adhesin,,,1,21,ECO:0000269,,,,,,,,,,,,,,,,,,,,,,,,,,,,,,,,,,,,,,,,,,,,,,,,,,,,,,,,,,,,,,,,,,
P08506,400,P08506,P77287,Bacteria,Escherichia coli (strain K12),83333,D-alanyl-D-alanine carboxypeptidase DacC,,,1,27,ECO:0000269,,,,,,,,,,,,,,,,,,,,,,,,,,,,,,,,,,,,,,,,,,,,,,,,,,,,,,,,,,,,,,,,,,
P08594,513,P08594,,Bacteria,Thermus aquaticus,271,Aqualysin-1,,,1,14,ECO:0000269,,,,,,,,,,,,,,,,,,,,,,,,,,,,,,,,,,,,,,,,,,,,,,,,,,,,,,,,,,,,,,,,,,
P09169,317,P09169,,Bacteria,Escherichia coli (strain K12),83333,Protease 7,,,1,20,ECO:0000269,32,41,ECO:0000255,70,78,ECO:0000255,84,92,ECO:0000255,131,140,ECO:0000255,146,156,ECO:0000255,198,209,ECO:0000255,212,221,ECO:0000255,251,261,ECO:0000255,265,274,ECO:0000255,307,316,ECO:0000255,,,,,,,,,,,,,,,,,,,,,,,,,,,,,,,,,,,,
P09394,358,P09394,,Bacteria,Escherichia coli (strain K12),83333,"Glycerophosphodiester phosphodiesterase, periplasmic",,,1,25,ECO:0000269,,,,,,,,,,,,,,,,,,,,,,,,,,,,,,,,,,,,,,,,,,,,,,,,,,,,,,,,,,,,,,,,,,
P09545,741,P09545,"O08197, O08290, Q56641, Q99290, Q9KMU9",Bacteria,Vibrio cholerae serotype O1 (strain ATCC 39315 / El Tor Inaba N16961),243277,Hemolysin,,,1,25,ECO:0000269,,,,,,,,,,,,,,,,,,,,,,,,,,,,,,,,,,,,,,,,,,,,,,,,,,,,,,,,,,,,,,,,,,
P09616,319,P09616,,Bacteria,Staphylococcus aureus,1280,Alpha-hemolysin,,,1,26,ECO:0000269,,,,,,,,,,,,,,,,,,,,,,,,,,,,,,,,,,,,,,,,,,,,,,,,,,,,,,,,,,,,,,,,,,
P0A0L2,257,P0A0L2,P13163,Bacteria,Staphylococcus aureus,1280,Enterotoxin type A,,,1,24,ECO:0000269,,,,,,,,,,,,,,,,,,,,,,,,,,,,,,,,,,,,,,,,,,,,,,,,,,,,,,,,,,,,,,,,,,
P0A386,163,P0A386,"P56150, Q9ETF4",Bacteria,Thermosynechococcus vestitus (strain NIES-2133 / IAM M-273 / BP-1),197221,Photosystem II extrinsic protein V,,,1,26,"ECO:0000255, ECO:0000269",,,,,,,,,,,,,,,,,,,,,,,,,,,,,,,,,,,,,,,,,,,,,,,,,,,,,,,,,,,,,,,,,,
P0A387,163,P0A387,"P56150, Q9ETF4",Bacteria,Thermostichus vulcanus,32053,Photosystem II extrinsic protein V,,,1,26,"ECO:0000255, ECO:0000269",,,,,,,,,,,,,,,,,,,,,,,,,,,,,,,,,,,,,,,,,,,,,,,,,,,,,,,,,,,,,,,,,,
P0A434,365,P0A434,"P13739, P16648",Bacteria,Brevundimonas diminuta,293,Parathion hydrolase,,,1,29,"ECO:0000255, ECO:0000269",,,,,,,,,,,,,,,,,,,,,,,,,,,,,,,,,,,,,,,,,,,,,,,,,,,,,,,,,,,,,,,,,,
P0A855,430,P0A855,P19935,Bacteria,Escherichia coli (strain K12),83333,Tol-Pal system protein TolB,,,1,21,"ECO:0000255, ECO:0000269",,,,,,,,,,,,,,,,,,,,,,,,,,,,,,,,,,,,,,,,,,,,,,,,,,,,,,,,,,,,,,,,,,
P0A910,346,P0A910,P02934,Bacteria,Escherichia coli (strain K12),83333,Outer membrane protein A,,,1,21,ECO:0000269,27,37,ECO:0000269,55,66,ECO:0000269,70,78,ECO:0000269,96,107,ECO:0000269,112,120,"ECO:0000269, ECO:0000305",142,151,"ECO:0000269, ECO:0000305",156,164,ECO:0000269,182,191,ECO:0000269,,,,,,,,,,,,,,,,,,,,,,,,,,,,,,,,,,,,,,,,,,
P0A921,289,P0A921,"P00631, Q2M8C6",Bacteria,Escherichia coli (strain K12),83333,Phospholipase A1,,,1,20,ECO:0000269,53,65,,85,99,,106,118,,129,148,,151,164,,174,186,,189,198,,217,223,,226,234,,242,250,,256,265,,275,286,,,,,,,,,,,,,,,,,,,,,,,,,,,,,,,
P0A940,810,P0A940,"P39170, P39181, P77465, Q548B8, Q8KR94, Q9R2E3",Bacteria,Escherichia coli (strain K12),83333,Outer membrane protein assembly factor BamA,,,1,20,"ECO:0000255, ECO:0000269",425,433,ECO:0000269,436,446,ECO:0000269,455,462,ECO:0000269,466,475,ECO:0000269,484,495,ECO:0000269,505,506,ECO:0000269,523,535,ECO:0000269,564,577,ECO:0000269,591,600,ECO:0000269,609,619,ECO:0000269,629,639,ECO:0000269,709,718,ECO:0000269,733,745,ECO:0000269,768,777,ECO:0000269,779,789,ECO:0000269,804,808,ECO:0000269,,,,,,,,,,,,,,,,,,
P0AAA9,141,P0AAA9,"P32682, Q2M8T9, Q8X6X2",Bacteria,Escherichia coli (strain K12),83333,Signaling pathway modulator ZraP,,,1,26,ECO:0000269,,,,,,,,,,,,,,,,,,,,,,,,,,,,,,,,,,,,,,,,,,,,,,,,,,,,,,,,,,,,,,,,,,
P0AAX8,306,P0AAX8,P75789,Bacteria,Escherichia coli (strain K12),83333,"Probable L,D-transpeptidase YbiS",,,1,24,ECO:0000269,,,,,,,,,,,,,,,,,,,,,,,,,,,,,,,,,,,,,,,,,,,,,,,,,,,,,,,,,,,,,,,,,,
P0ABK9,478,P0ABK9,"P32050, Q2M6N4",Bacteria,Escherichia coli (strain K12),83333,Cytochrome c-552,,,1,26,ECO:0000269,,,,,,,,,,,,,,,,,,,,,,,,,,,,,,,,,,,,,,,,,,,,,,,,,,,,,,,,,,,,,,,,,,
P0ABL3,149,P0ABL3,"P33933, P76453, Q2MAP0",Bacteria,Escherichia coli (strain K12),83333,"Periplasmic nitrate reductase, electron transfer subunit",,,1,27,ECO:0000269,,,,,,,,,,,,,,,,,,,,,,,,,,,,,,,,,,,,,,,,,,,,,,,,,,,,,,,,,,,,,,,,,,
P0ABZ6,428,P0ABZ6,"P21202, P75630, Q8KIP6, Q8KMY0",Bacteria,Escherichia coli (strain K12),83333,Chaperone SurA,,,1,20,ECO:0000269,,,,,,,,,,,,,,,,,,,,,,,,,,,,,,,,,,,,,,,,,,,,,,,,,,,,,,,,,,,,,,,,,,
P0AD59,157,P0AD59,"P45502, P77185",Bacteria,Escherichia coli (strain K12),83333,Inhibitor of vertebrate lysozyme,,,1,28,ECO:0000269,,,,,,,,,,,,,,,,,,,,,,,,,,,,,,,,,,,,,,,,,,,,,,,,,,,,,,,,,,,,,,,,,,
P0AD70,385,P0AD70,"P46127, P75701, Q2MC49",Bacteria,Escherichia coli (strain K12),83333,D-alanyl-D-alanine-carboxypeptidase/endopeptidase AmpH,,,1,21,ECO:0000269,,,,,,,,,,,,,,,,,,,,,,,,,,,,,,,,,,,,,,,,,,,,,,,,,,,,,,,,,,,,,,,,,,
P0ADA1,208,P0ADA1,"P29679, P37331, P77125, Q2MBT3",Bacteria,Escherichia coli (strain K12),83333,Thioesterase 1/protease 1/lysophospholipase L1,,,1,26,ECO:0000269,,,,,,,,,,,,,,,,,,,,,,,,,,,,,,,,,,,,,,,,,,,,,,,,,,,,,,,,,,,,,,,,,,
P0ADE4,577,P0ADE4,"P39320, Q2M685",Bacteria,Escherichia coli (strain K12),83333,Translocation and assembly module subunit TamA,,,1,21,ECO:0000269,265,276,ECO:0000269,279,288,ECO:0000269,297,306,ECO:0000269,309,317,ECO:0000269,327,336,ECO:0000269,347,356,ECO:0000269,361,370,ECO:0000269,387,395,ECO:0000269,406,415,ECO:0000269,428,437,ECO:0000269,444,453,ECO:0000269,500,508,ECO:0000269,514,523,ECO:0000269,536,545,ECO:0000269,549,557,ECO:0000269,568,577,ECO:0000269,,,,,,,,,,,,,,,,,,
P0ADV1,185,P0ADV1,"P38685, Q2M912",Bacteria,Escherichia coli (strain K12),83333,Lipopolysaccharide export system protein LptA,,,1,27,"ECO:0000255, ECO:0000269",,,,,,,,,,,,,,,,,,,,,,,,,,,,,,,,,,,,,,,,,,,,,,,,,,,,,,,,,,,,,,,,,,
P0AE22,237,P0AE22,"P32697, P76787, Q2M6P9, Q57085",Bacteria,Escherichia coli (strain K12),83333,Class B acid phosphatase,,,1,25,ECO:0000269,,,,,,,,,,,,,,,,,,,,,,,,,,,,,,,,,,,,,,,,,,,,,,,,,,,,,,,,,,,,,,,,,,
P0AEB2,403,P0AEB2,"P04287, P77106",Bacteria,Escherichia coli (strain K12),83333,D-alanyl-D-alanine carboxypeptidase DacA,,,1,29,ECO:0000269,,,,,,,,,,,,,,,,,,,,,,,,,,,,,,,,,,,,,,,,,,,,,,,,,,,,,,,,,,,,,,,,,,
P0AEE5,332,P0AEE5,"P02927, P17775, Q2MAS9",Bacteria,Escherichia coli (strain K12),83333,D-galactose/methyl-galactoside binding periplasmic protein MglB,,,1,23,ECO:0000269,,,,,,,,,,,,,,,,,,,,,,,,,,,,,,,,,,,,,,,,,,,,,,,,,,,,,,,,,,,,,,,,,,
P0AEG4,208,P0AEG4,"P24991, Q2M8F8, Q46951, Q46952",Bacteria,Escherichia coli (strain K12),83333,Thiol:disulfide interchange protein DsbA,,,1,19,ECO:0000269,,,,,,,,,,,,,,,,,,,,,,,,,,,,,,,,,,,,,,,,,,,,,,,,,,,,,,,,,,,,,,,,,,
P0AEG6,236,P0AEG6,"P21892, Q2M9U8",Bacteria,Escherichia coli (strain K12),83333,Thiol:disulfide interchange protein DsbC,,,1,20,ECO:0000269,,,,,,,,,,,,,,,,,,,,,,,,,,,,,,,,,,,,,,,,,,,,,,,,,,,,,,,,,,,,,,,,,,
P0AEM9,266,P0AEM9,P39174,Bacteria,Escherichia coli (strain K12),83333,L-cystine-binding protein TcyJ,,,1,29,ECO:0000269,,,,,,,,,,,,,,,,,,,,,,,,,,,,,,,,,,,,,,,,,,,,,,,,,,,,,,,,,,,,,,,,,,
P0AES9,110,P0AES9,"P26604, Q2M7H2",Bacteria,Escherichia coli (strain K12),83333,Acid stress chaperone HdeA,,,1,21,"ECO:0000255, ECO:0000269",,,,,,,,,,,,,,,,,,,,,,,,,,,,,,,,,,,,,,,,,,,,,,,,,,,,,,,,,,,,,,,,,,
P0AET2,108,P0AET2,"P26605, Q2M7H1",Bacteria,Escherichia coli (strain K12),83333,Acid stress chaperone HdeB,,,1,29,"ECO:0000255, ECO:0000269",,,,,,,,,,,,,,,,,,,,,,,,,,,,,,,,,,,,,,,,,,,,,,,,,,,,,,,,,,,,,,,,,,
P0AEU7,161,P0AEU7,P11457,Bacteria,Escherichia coli (strain K12),83333,Chaperone protein Skp,,,1,20,ECO:0000269,,,,,,,,,,,,,,,,,,,,,,,,,,,,,,,,,,,,,,,,,,,,,,,,,,,,,,,,,,,,,,,,,,
P0AEX9,396,P0AEX9,"P02928, Q2M6S0",Bacteria,Escherichia coli (strain K12),83333,Maltose/maltodextrin-binding periplasmic protein,,,1,26,ECO:0000269,,,,,,,,,,,,,,,,,,,,,,,,,,,,,,,,,,,,,,,,,,,,,,,,,,,,,,,,,,,,,,,,,,
P0AFI5,310,P0AFI5,"P33364, Q2MAU5",Bacteria,Escherichia coli (strain K12),83333,D-alanyl-D-alanine endopeptidase,,,1,25,ECO:0000269,,,,,,,,,,,,,,,,,,,,,,,,,,,,,,,,,,,,,,,,,,,,,,,,,,,,,,,,,,,,,,,,,,
P0AFL3,190,P0AFL3,"P20752, Q2M729",Bacteria,Escherichia coli (strain K12),83333,Peptidyl-prolyl cis-trans isomerase A,,,1,24,ECO:0000269,,,,,,,,,,,,,,,,,,,,,,,,,,,,,,,,,,,,,,,,,,,,,,,,,,,,,,,,,,,,,,,,,,
P0AFM2,330,P0AFM2,P14177,Bacteria,Escherichia coli (strain K12),83333,Glycine betaine/proline betaine-binding periplasmic protein,,,1,21,ECO:0000269,,,,,,,,,,,,,,,,,,,,,,,,,,,,,,,,,,,,,,,,,,,,,,,,,,,,,,,,,,,,,,,,,,
P0AGC3,645,P0AGC3,"P03810, P76820, Q2M5S5, Q8XB18",Bacteria,Escherichia coli (strain K12),83333,Soluble lytic murein transglycosylase,,,1,27,ECO:0000269,,,,,,,,,,,,,,,,,,,,,,,,,,,,,,,,,,,,,,,,,,,,,,,,,,,,,,,,,,,,,,,,,,
P0AGD1,173,P0AGD1,"P53635, P96756, Q2MB67",Bacteria,Escherichia coli (strain K12),83333,Superoxide dismutase [Cu-Zn],,,1,19,ECO:0000269,,,,,,,,,,,,,,,,,,,,,,,,,,,,,,,,,,,,,,,,,,,,,,,,,,,,,,,,,,,,,,,,,,
P0C0J0,398,P0C0J0,"P00788, P26296, P68883, Q54960, Q54961, Q54962, Q54963, Q54964, Q54965, Q54966, Q54967, Q54968, Q57024, Q57082, Q57202, Q57211, Q57212, Q9S680",Bacteria,Streptococcus pyogenes,1314,Streptopain,,,1,27,ECO:0000269,,,,,,,,,,,,,,,,,,,,,,,,,,,,,,,,,,,,,,,,,,,,,,,,,,,,,,,,,,,,,,,,,,
P0C0T5,274,P0C0T5,P14007,Bacteria,Escherichia coli (strain K12),83333,Penicillin-insensitive murein endopeptidase,,,1,19,ECO:0000269,,,,,,,,,,,,,,,,,,,,,,,,,,,,,,,,,,,,,,,,,,,,,,,,,,,,,,,,,,,,,,,,,,
P0C0V0,474,P0C0V0,"P09376, P15724",Bacteria,Escherichia coli (strain K12),83333,Periplasmic serine endoprotease DegP,,,1,26,ECO:0000269,,,,,,,,,,,,,,,,,,,,,,,,,,,,,,,,,,,,,,,,,,,,,,,,,,,,,,,,,,,,,,,,,,
P0C1A9,366,P0C1A9,"E0SAZ5, P07863",Bacteria,Dickeya dadantii (strain 3937),198628,Pectinesterase A,,,1,24,ECO:0000269,,,,,,,,,,,,,,,,,,,,,,,,,,,,,,,,,,,,,,,,,,,,,,,,,,,,,,,,,,,,,,,,,,
P0C2E9,500,P0C2E9,P19995,Bacteria,Clostridium perfringens (strain 13 / Type A),195102,Perfringolysin O,,,1,28,ECO:0000269,189,202,ECO:0000250,209,218,ECO:0000250,287,296,ECO:0000250,304,316,ECO:0000250,,,,,,,,,,,,,,,,,,,,,,,,,,,,,,,,,,,,,,,,,,,,,,,,,,,,,,
P0C2S5,741,P0C2S5,P38686,Bacteria,Acetivibrio thermocellus,1515,"Cellulose 1,4-beta-cellobiosidase (reducing end) CelS",,,1,27,ECO:0000269,,,,,,,,,,,,,,,,,,,,,,,,,,,,,,,,,,,,,,,,,,,,,,,,,,,,,,,,,,,,,,,,,,
P0C2T2,325,P0C2T2,"A0A1R3XZM1, P12942, X2BIS9",Bacteria,Mycobacterium bovis (strain ATCC BAA-935 / AF2122/97),233413,Diacylglycerol acyltransferase/mycolyltransferase Ag85B,,,1,40,ECO:0000269,,,,,,,,,,,,,,,,,,,,,,,,,,,,,,,,,,,,,,,,,,,,,,,,,,,,,,,,,,,,,,,,,,
P0CZ00,812,P0CZ00,"Q59634, Q6AAT4",Bacteria,Cutibacterium acnes,1747,Hyaluronate lyase HylB,,,1,32,ECO:0000269,,,,,,,,,,,,,,,,,,,,,,,,,,,,,,,,,,,,,,,,,,,,,,,,,,,,,,,,,,,,,,,,,,
P0DJM0,800,P0DJM0,"P25146, Q45GD5, Q45GD6, Q48748, Q48749, Q48750, Q48752, Q9EXG2",Bacteria,Listeria monocytogenes serovar 1/2a (strain ATCC BAA-679 / EGD-e),169963,Internalin A,,,1,35,ECO:0000269,,,,,,,,,,,,,,,,,,,,,,,,,,,,,,,,,,,,,,,,,,,,,,,,,,,,,,,,,,,,,,,,,,
P0DUB8,358,P0DUB8,Q05489,Bacteria,Burkholderia plantarii,41899,Triacylglycerol lipase,,,1,39,ECO:0000269,,,,,,,,,,,,,,,,,,,,,,,,,,,,,,,,,,,,,,,,,,,,,,,,,,,,,,,,,,,,,,,,,,
P0DX29,309,P0DX29,A0A9R0UCV5,Bacteria,Amycolatopsis mediterranei (strain S699),713604,Cutinase,,,1,47,"ECO:0000255, ECO:0000269",,,,,,,,,,,,,,,,,,,,,,,,,,,,,,,,,,,,,,,,,,,,,,,,,,,,,,,,,,,,,,,,,,
P0DXF5,250,P0DXF5,,Bacteria,Pseudomonas fluorescens,294,Functional amyloid subunit FapC,,,1,24,ECO:0000269,,,,,,,,,,,,,,,,,,,,,,,,,,,,,,,,,,,,,,,,,,,,,,,,,,,,,,,,,,,,,,,,,,
P10477,814,P10477,A3DDK3,Bacteria,Acetivibrio thermocellus (strain ATCC 27405 / DSM 1237 / JCM 9322 / NBRC 103400 / NCIMB 10682 / NRRL B-4536 / VPI 7372),203119,Cellulase/esterase CelE,,,1,34,ECO:0000269,,,,,,,,,,,,,,,,,,,,,,,,,,,,,,,,,,,,,,,,,,,,,,,,,,,,,,,,,,,,,,,,,,
P11311,1627,P11311,,Bacteria,Mycoplasmoides pneumoniae (strain ATCC 29342 / M129 / Subtype 1),272634,Adhesin P1,,,1,59,ECO:0000269,1527,1547,ECO:0000255,,,,,,,,,,,,,,,,,,,,,,,,,,,,,,,,,,,,,,,,,,,,,,,,,,,,,,,,,,,,,,,
P11439,638,P11439,Q9I4I7,Bacteria,Pseudomonas aeruginosa (strain ATCC 15692 / DSM 22644 / CIP 104116 / JCM 14847 / LMG 12228 / 1C / PRS 101 / PAO1),208964,Exotoxin A,,,1,25,ECO:0000269,,,,,,,,,,,,,,,,,,,,,,,,,,,,,,,,,,,,,,,,,,,,,,,,,,,,,,,,,,,,,,,,,,
P12293,631,P12293,,Bacteria,Paracoccus denitrificans,266,Methanol dehydrogenase [cytochrome c] subunit 1,,,1,32,ECO:0000269,,,,,,,,,,,,,,,,,,,,,,,,,,,,,,,,,,,,,,,,,,,,,,,,,,,,,,,,,,,,,,,,,,
P12376,126,P12376,,Bacteria,Pseudomonas syringae pv. tomato,323,Copper resistance protein C,,,1,24,ECO:0000269,,,,,,,,,,,,,,,,,,,,,,,,,,,,,,,,,,,,,,,,,,,,,,,,,,,,,,,,,,,,,,,,,,
P12676,546,P12676,,Bacteria,Streptomyces sp. (strain SA-COO),74576,Cholesterol oxidase,,,1,42,ECO:0000269,,,,,,,,,,,,,,,,,,,,,,,,,,,,,,,,,,,,,,,,,,,,,,,,,,,,,,,,,,,,,,,,,,
P12943,288,P12943,,Bacteria,Megalodesulfovibrio gigas,879,Periplasmic [NiFe] hydrogenase small subunit,,,1,23,ECO:0000269,,,,,,,,,,,,,,,,,,,,,,,,,,,,,,,,,,,,,,,,,,,,,,,,,,,,,,,,,,,,,,,,,,
P13036,774,P13036,Q2M624,Bacteria,Escherichia coli (strain K12),83333,Fe(3+) dicitrate transport protein FecA,,,1,33,ECO:0000269,,,,,,,,,,,,,,,,,,,,,,,,,,,,,,,,,,,,,,,,,,,,,,,,,,,,,,,,,,,,,,,,,,
P13482,565,P13482,,Bacteria,Escherichia coli (strain K12),83333,Periplasmic trehalase,,,1,30,"ECO:0000255, ECO:0000269",,,,,,,,,,,,,,,,,,,,,,,,,,,,,,,,,,,,,,,,,,,,,,,,,,,,,,,,,,,,,,,,,,
P13661,276,P13661,,Bacteria,Escherichia coli,562,Beta-lactamase OXA-1,,,1,25,ECO:0000269,,,,,,,,,,,,,,,,,,,,,,,,,,,,,,,,,,,,,,,,,,,,,,,,,,,,,,,,,,,,,,,,,,
P14532,346,P14532,Q51369,Bacteria,Pseudomonas aeruginosa (strain ATCC 15692 / DSM 22644 / CIP 104116 / JCM 14847 / LMG 12228 / 1C / PRS 101 / PAO1),208964,Cytochrome c551 peroxidase,,,1,23,ECO:0000269,,,,,,,,,,,,,,,,,,,,,,,,,,,,,,,,,,,,,,,,,,,,,,,,,,,,,,,,,,,,,,,,,,
P14756,498,P14756,,Bacteria,Pseudomonas aeruginosa (strain ATCC 15692 / DSM 22644 / CIP 104116 / JCM 14847 / LMG 12228 / 1C / PRS 101 / PAO1),208964,Elastase,,,1,23,ECO:0000269,,,,,,,,,,,,,,,,,,,,,,,,,,,,,,,,,,,,,,,,,,,,,,,,,,,,,,,,,,,,,,,,,,
P15917,809,P15917,"Q8KYJ6, Q933F6",Bacteria,Bacillus anthracis,1392,Lethal factor,,,1,33,ECO:0000269,,,,,,,,,,,,,,,,,,,,,,,,,,,,,,,,,,,,,,,,,,,,,,,,,,,,,,,,,,,,,,,,,,
P15926,1167,P15926,,Bacteria,Streptococcus pyogenes,1314,C5a peptidase,,,1,31,ECO:0000269,,,,,,,,,,,,,,,,,,,,,,,,,,,,,,,,,,,,,,,,,,,,,,,,,,,,,,,,,,,,,,,,,,
P16027,626,P16027,C5AQA9,Bacteria,Methylorubrum extorquens (strain ATCC 14718 / DSM 1338 / JCM 2805 / NCIMB 9133 / AM1),272630,Methanol dehydrogenase [cytochrome c] subunit 1,,,1,27,ECO:0000269,,,,,,,,,,,,,,,,,,,,,,,,,,,,,,,,,,,,,,,,,,,,,,,,,,,,,,,,,,,,,,,,,,
P16869,729,P16869,P77292,Bacteria,Escherichia coli (strain K12),83333,Hydroxamate siderophore receptor FhuE,,,1,36,ECO:0000269,,,,,,,,,,,,,,,,,,,,,,,,,,,,,,,,,,,,,,,,,,,,,,,,,,,,,,,,,,,,,,,,,,
P17792,121,P17792,,Bacteria,Agrobacterium fabrum (strain C58 / ATCC 33970),176299,Type IV secretion system pilin protein VirB2,,,1,47,"ECO:0000269, ECO:0000305",72,89,ECO:0000250,95,113,ECO:0000250,,,,,,,,,,,,,,,,,,,,,,,,,,,,,,,,,,,,,,,,,,,,,,,,,,,,,,,,,,,,
P18187,314,P18187,,Bacteria,Solidesulfovibrio fructosivorans,878,Periplasmic [NiFe] hydrogenase small subunit,,,1,49,"ECO:0000255, ECO:0000269",,,,,,,,,,,,,,,,,,,,,,,,,,,,,,,,,,,,,,,,,,,,,,,,,,,,,,,,,,,,,,,,,,
P18278,742,P18278,,Bacteria,Acetobacter aceti,435,"Alcohol dehydrogenase (quinone), dehydrogenase subunit",,,1,35,ECO:0000269,,,,,,,,,,,,,,,,,,,,,,,,,,,,,,,,,,,,,,,,,,,,,,,,,,,,,,,,,,,,,,,,,,
P18775,814,P18775,,Bacteria,Escherichia coli (strain K12),83333,Dimethyl sulfoxide reductase DmsA,,,1,45,"ECO:0000255, ECO:0000269",,,,,,,,,,,,,,,,,,,,,,,,,,,,,,,,,,,,,,,,,,,,,,,,,,,,,,,,,,,,,,,,,,
P18956,580,P18956,Q2M7B0,Bacteria,Escherichia coli (strain K12),83333,Glutathione hydrolase proenzyme,,,1,25,ECO:0000269,,,,,,,,,,,,,,,,,,,,,,,,,,,,,,,,,,,,,,,,,,,,,,,,,,,,,,,,,,,,,,,,,,
P19531,719,P19531,,Bacteria,Geobacillus stearothermophilus,1422,Maltogenic alpha-amylase,,,1,33,ECO:0000269,,,,,,,,,,,,,,,,,,,,,,,,,,,,,,,,,,,,,,,,,,,,,,,,,,,,,,,,,,,,,,,,,,
P19926,413,P19926,,Bacteria,Escherichia coli (strain K12),83333,Glucose-1-phosphatase,,,1,22,ECO:0000269,,,,,,,,,,,,,,,,,,,,,,,,,,,,,,,,,,,,,,,,,,,,,,,,,,,,,,,,,,,,,,,,,,
P20626,307,P20626,Q59314,Bacteria,Corynebacterium pseudotuberculosis,1719,Phospholipase D,,,1,24,ECO:0000269,,,,,,,,,,,,,,,,,,,,,,,,,,,,,,,,,,,,,,,,,,,,,,,,,,,,,,,,,,,,,,,,,,
P20796,1444,P20796,Q49286,Bacteria,Mycoplasmoides genitalium (strain ATCC 33530 / DSM 19775 / NCTC 10195 / G37),243273,Adhesin P140,,,1,58,ECO:0000269,1347,1376,ECO:0000305,,,,,,,,,,,,,,,,,,,,,,,,,,,,,,,,,,,,,,,,,,,,,,,,,,,,,,,,,,,,,,,
P21163,354,P21163,,Bacteria,Elizabethkingia miricola,172045,Peptide-N(4)-(N-acetyl-beta-D-glucosaminyl)asparagine amidase F,,,1,40,ECO:0000269,,,,,,,,,,,,,,,,,,,,,,,,,,,,,,,,,,,,,,,,,,,,,,,,,,,,,,,,,,,,,,,,,,
P21171,484,P21171,Q03493,Bacteria,Listeria monocytogenes serovar 1/2a (strain ATCC BAA-679 / EGD-e),169963,Probable endopeptidase p60,,,1,27,ECO:0000269,,,,,,,,,,,,,,,,,,,,,,,,,,,,,,,,,,,,,,,,,,,,,,,,,,,,,,,,,,,,,,,,,,
P21338,268,P21338,P77101,Bacteria,Escherichia coli (strain K12),83333,Ribonuclease I,,,1,23,ECO:0000269,,,,,,,,,,,,,,,,,,,,,,,,,,,,,,,,,,,,,,,,,,,,,,,,,,,,,,,,,,,,,,,,,,
P21950,358,P21950,,Bacteria,Azotobacter vinelandii,354,Uptake hydrogenase small subunit,,,1,45,"ECO:0000255, ECO:0000269",,,,,,,,,,,,,,,,,,,,,,,,,,,,,,,,,,,,,,,,,,,,,,,,,,,,,,,,,,,,,,,,,,
P22088,364,P22088,,Bacteria,Burkholderia cepacia,292,Triacylglycerol lipase,,,1,44,ECO:0000269,,,,,,,,,,,,,,,,,,,,,,,,,,,,,,,,,,,,,,,,,,,,,,,,,,,,,,,,,,,,,,,,,,
P22637,552,P22637,,Bacteria,Brevibacterium sterolicum,1702,Cholesterol oxidase,,,1,45,"ECO:0000255, ECO:0000269",,,,,,,,,,,,,,,,,,,,,,,,,,,,,,,,,,,,,,,,,,,,,,,,,,,,,,,,,,,,,,,,,,
P22641,188,P22641,Q56458,Bacteria,Paracoccus versutus,34007,Methylamine dehydrogenase light chain,,,1,57,ECO:0000269,,,,,,,,,,,,,,,,,,,,,,,,,,,,,,,,,,,,,,,,,,,,,,,,,,,,,,,,,,,,,,,,,,
P23827,162,P23827,,Bacteria,Escherichia coli (strain K12),83333,Ecotin,,,1,20,ECO:0000269,,,,,,,,,,,,,,,,,,,,,,,,,,,,,,,,,,,,,,,,,,,,,,,,,,,,,,,,,,,,,,,,,,
P23843,543,P23843,P76829,Bacteria,Escherichia coli (strain K12),83333,Periplasmic oligopeptide-binding protein OppA,,,1,26,ECO:0000269,,,,,,,,,,,,,,,,,,,,,,,,,,,,,,,,,,,,,,,,,,,,,,,,,,,,,,,,,,,,,,,,,,
P23847,535,P23847,Q2M7K6,Bacteria,Escherichia coli (strain K12),83333,Dipeptide-binding protein,,,1,28,ECO:0000269,,,,,,,,,,,,,,,,,,,,,,,,,,,,,,,,,,,,,,,,,,,,,,,,,,,,,,,,,,,,,,,,,,
P23857,104,P23857,,Bacteria,Escherichia coli (strain K12),83333,Thiosulfate sulfurtransferase PspE,,,1,19,ECO:0000269,,,,,,,,,,,,,,,,,,,,,,,,,,,,,,,,,,,,,,,,,,,,,,,,,,,,,,,,,,,,,,,,,,
P24228,477,P24228,Q2M930,Bacteria,Escherichia coli (strain K12),83333,D-alanyl-D-alanine carboxypeptidase DacB,,,1,20,ECO:0000269,,,,,,,,,,,,,,,,,,,,,,,,,,,,,,,,,,,,,,,,,,,,,,,,,,,,,,,,,,,,,,,,,,
P24474,568,P24474,,Bacteria,Pseudomonas aeruginosa (strain ATCC 15692 / DSM 22644 / CIP 104116 / JCM 14847 / LMG 12228 / 1C / PRS 101 / PAO1),208964,Nitrite reductase,,,1,25,ECO:0000269,,,,,,,,,,,,,,,,,,,,,,,,,,,,,,,,,,,,,,,,,,,,,,,,,,,,,,,,,,,,,,,,,,
P25006,378,P25006,,Bacteria,Achromobacter cycloclastes,223,Copper-containing nitrite reductase,,,1,38,"ECO:0000255, ECO:0000269",,,,,,,,,,,,,,,,,,,,,,,,,,,,,,,,,,,,,,,,,,,,,,,,,,,,,,,,,,,,,,,,,,
P25718,676,P25718,Q2M7N4,Bacteria,Escherichia coli (strain K12),83333,Periplasmic alpha-amylase,,,1,17,ECO:0000269,,,,,,,,,,,,,,,,,,,,,,,,,,,,,,,,,,,,,,,,,,,,,,,,,,,,,,,,,,,,,,,,,,
P26222,441,P26222,,Bacteria,Thermobifida fusca,2021,Endoglucanase E-2,,,1,31,"ECO:0000255, ECO:0000269",,,,,,,,,,,,,,,,,,,,,,,,,,,,,,,,,,,,,,,,,,,,,,,,,,,,,,,,,,,,,,,,,,
P26648,470,P26648,Q2M9I3,Bacteria,Escherichia coli (strain K12),83333,Cell division protein FtsP,,,1,27,"ECO:0000255, ECO:0000269",,,,,,,,,,,,,,,,,,,,,,,,,,,,,,,,,,,,,,,,,,,,,,,,,,,,,,,,,,,,,,,,,,
P26827,710,P26827,,Bacteria,Thermoanaerobacterium thermosulfurigenes,33950,Cyclomaltodextrin glucanotransferase,,,1,27,ECO:0000269,,,,,,,,,,,,,,,,,,,,,,,,,,,,,,,,,,,,,,,,,,,,,,,,,,,,,,,,,,,,,,,,,,
P26876,311,P26876,,Bacteria,Pseudomonas aeruginosa (strain ATCC 15692 / DSM 22644 / CIP 104116 / JCM 14847 / LMG 12228 / 1C / PRS 101 / PAO1),208964,Triacylglycerol lipase,,,1,26,ECO:0000269,,,,,,,,,,,,,,,,,,,,,,,,,,,,,,,,,,,,,,,,,,,,,,,,,,,,,,,,,,,,,,,,,,
P28585,291,P28585,,Bacteria,Escherichia coli,562,Beta-lactamase CTX-M-1,,,1,28,ECO:0000269,,,,,,,,,,,,,,,,,,,,,,,,,,,,,,,,,,,,,,,,,,,,,,,,,,,,,,,,,,,,,,,,,,
P29957,669,P29957,,Bacteria,Pseudoalteromonas haloplanktis,228,Alpha-amylase,,,1,24,ECO:0000269,,,,,,,,,,,,,,,,,,,,,,,,,,,,,,,,,,,,,,,,,,,,,,,,,,,,,,,,,,,,,,,,,,
P31133,370,P31133,P77289,Bacteria,Escherichia coli (strain K12),83333,Putrescine-binding periplasmic protein PotF,,,1,26,ECO:0000269,,,,,,,,,,,,,,,,,,,,,,,,,,,,,,,,,,,,,,,,,,,,,,,,,,,,,,,,,,,,,,,,,,
P31550,327,P31550,P75637,Bacteria,Escherichia coli (strain K12),83333,Thiamine-binding periplasmic protein,,,1,18,ECO:0000269,,,,,,,,,,,,,,,,,,,,,,,,,,,,,,,,,,,,,,,,,,,,,,,,,,,,,,,,,,,,,,,,,,
P31554,784,P31554,P75631,Bacteria,Escherichia coli (strain K12),83333,LPS-assembly protein LptD,,,1,24,"ECO:0000255, ECO:0000269",,,,,,,,,,,,,,,,,,,,,,,,,,,,,,,,,,,,,,,,,,,,,,,,,,,,,,,,,,,,,,,,,,
P31797,711,P31797,,Bacteria,Geobacillus stearothermophilus,1422,Cyclomaltodextrin glucanotransferase,,,1,31,ECO:0000269,,,,,,,,,,,,,,,,,,,,,,,,,,,,,,,,,,,,,,,,,,,,,,,,,,,,,,,,,,,,,,,,,,
P31892,360,P31892,,Bacteria,Cupriavidus necator (strain ATCC 17699 / DSM 428 / KCTC 22496 / NCIMB 10442 / H16 / Stanier 337),381666,Uptake hydrogenase small subunit,,,1,43,"ECO:0000255, ECO:0000269",,,,,,,,,,,,,,,,,,,,,,,,,,,,,,,,,,,,,,,,,,,,,,,,,,,,,,,,,,,,,,,,,,
P32717,661,P32717,Q2M6M1,Bacteria,Escherichia coli (strain K12),83333,Linear primary-alkylsulfatase,,,1,29,ECO:0000269,,,,,,,,,,,,,,,,,,,,,,,,,,,,,,,,,,,,,,,,,,,,,,,,,,,,,,,,,,,,,,,,,,
P32722,443,P32722,,Bacteria,Pseudomonas aeruginosa (strain ATCC 15692 / DSM 22644 / CIP 104116 / JCM 14847 / LMG 12228 / 1C / PRS 101 / PAO1),208964,Porin D,,,1,23,ECO:0000269,,,,,,,,,,,,,,,,,,,,,,,,,,,,,,,,,,,,,,,,,,,,,,,,,,,,,,,,,,,,,,,,,,
P33219,118,P33219,,Bacteria,Escherichia coli (strain K12),83333,Protein YebF,,,1,21,ECO:0000269,,,,,,,,,,,,,,,,,,,,,,,,,,,,,,,,,,,,,,,,,,,,,,,,,,,,,,,,,,,,,,,,,,
P33225,848,P33225,P78227,Bacteria,Escherichia coli (strain K12),83333,Trimethylamine-N-oxide reductase 1,,,1,39,"ECO:0000255, ECO:0000269",,,,,,,,,,,,,,,,,,,,,,,,,,,,,,,,,,,,,,,,,,,,,,,,,,,,,,,,,,,,,,,,,,
P33937,828,P33937,P78087,Bacteria,Escherichia coli (strain K12),83333,Periplasmic nitrate reductase,,,1,36,ECO:0000269,,,,,,,,,,,,,,,,,,,,,,,,,,,,,,,,,,,,,,,,,,,,,,,,,,,,,,,,,,,,,,,,,,
P34071,266,P34071,,Bacteria,Staphylococcus aureus,1280,Enterotoxin type C-2,,,1,27,ECO:0000269,,,,,,,,,,,,,,,,,,,,,,,,,,,,,,,,,,,,,,,,,,,,,,,,,,,,,,,,,,,,,,,,,,
P35482,368,P35482,O52768,Bacteria,Pseudomonas aeruginosa (strain ATCC 15692 / DSM 22644 / CIP 104116 / JCM 14847 / LMG 12228 / 1C / PRS 101 / PAO1),208964,Alkaline phosphatase L,,,1,23,ECO:0000269,,,,,,,,,,,,,,,,,,,,,,,,,,,,,,,,,,,,,,,,,,,,,,,,,,,,,,,,,,,,,,,,,,
P36649,516,P36649,"P75655, Q8KMZ0",Bacteria,Escherichia coli (strain K12),83333,Multicopper oxidase CueO,,,1,28,"ECO:0000255, ECO:0000269",,,,,,,,,,,,,,,,,,,,,,,,,,,,,,,,,,,,,,,,,,,,,,,,,,,,,,,,,,,,,,,,,,
P36655,565,P36655,"P76796, Q2M6G8",Bacteria,Escherichia coli (strain K12),83333,Thiol:disulfide interchange protein DsbD,,,1,19,ECO:0000269,163,183,ECO:0000255,208,228,ECO:0000255,243,263,ECO:0000255,296,316,ECO:0000255,323,343,ECO:0000255,357,377,ECO:0000255,384,404,ECO:0000255,418,438,ECO:0000255,,,,,,,,,,,,,,,,,,,,,,,,,,,,,,,,,,,,,,,,,,
P37028,266,P37028,P77436,Bacteria,Escherichia coli (strain K12),83333,Vitamin B12-binding protein,,,1,22,ECO:0000269,,,,,,,,,,,,,,,,,,,,,,,,,,,,,,,,,,,,,,,,,,,,,,,,,,,,,,,,,,,,,,,,,,
P37329,257,P37329,,Bacteria,Escherichia coli (strain K12),83333,Molybdate-binding protein ModA,,,1,24,ECO:0000269,,,,,,,,,,,,,,,,,,,,,,,,,,,,,,,,,,,,,,,,,,,,,,,,,,,,,,,,,,,,,,,,,,
P37902,302,P37902,"P41408, P77612, Q9R7T1, Q9R7T3",Bacteria,Escherichia coli (strain K12),83333,Glutamate/aspartate import solute-binding protein,,,1,22,ECO:0000269,,,,,,,,,,,,,,,,,,,,,,,,,,,,,,,,,,,,,,,,,,,,,,,,,,,,,,,,,,,,,,,,,,
P38501,376,P38501,,Bacteria,Alcaligenes faecalis,511,Copper-containing nitrite reductase,,,1,33,"ECO:0000255, ECO:0000269",,,,,,,,,,,,,,,,,,,,,,,,,,,,,,,,,,,,,,,,,,,,,,,,,,,,,,,,,,,,,,,,,,
P39042,291,P39042,,Bacteria,Streptomyces sp. (strain K15),1958,D-alanyl-D-alanine carboxypeptidase,,,1,29,ECO:0000269,,,,,,,,,,,,,,,,,,,,,,,,,,,,,,,,,,,,,,,,,,,,,,,,,,,,,,,,,,,,,,,,,,
P39045,538,P39045,,Bacteria,Actinomadura sp. (strain R39),72570,D-alanyl-D-alanine carboxypeptidase,,,1,49,ECO:0000269,,,,,,,,,,,,,,,,,,,,,,,,,,,,,,,,,,,,,,,,,,,,,,,,,,,,,,,,,,,,,,,,,,
P39099,455,P39099,Q2M8X9,Bacteria,Escherichia coli (strain K12),83333,Periplasmic pH-dependent serine endoprotease DegQ,,,1,27,ECO:0000269,,,,,,,,,,,,,,,,,,,,,,,,,,,,,,,,,,,,,,,,,,,,,,,,,,,,,,,,,,,,,,,,,,
P39116,420,P39116,,Bacteria,Bacillus subtilis (strain 168),224308,Pectate lyase,,,1,21,ECO:0000269,,,,,,,,,,,,,,,,,,,,,,,,,,,,,,,,,,,,,,,,,,,,,,,,,,,,,,,,,,,,,,,,,,
P39172,310,P39172,P76284,Bacteria,Escherichia coli (strain K12),83333,High-affinity zinc uptake system protein ZnuA,,,1,26,ECO:0000269,,,,,,,,,,,,,,,,,,,,,,,,,,,,,,,,,,,,,,,,,,,,,,,,,,,,,,,,,,,,,,,,,,
P39176,310,P39176,,Bacteria,Escherichia coli (strain K12),83333,"Probable L,D-transpeptidase ErfK/SrfK",,,1,21,ECO:0000269,,,,,,,,,,,,,,,,,,,,,,,,,,,,,,,,,,,,,,,,,,,,,,,,,,,,,,,,,,,,,,,,,,
P39180,1039,P39180,"P75614, P76360, P97241, Q46771",Bacteria,Escherichia coli (strain K12),83333,Antigen 43,,,1,52,ECO:0000269,,,,,,,,,,,,,,,,,,,,,,,,,,,,,,,,,,,,,,,,,,,,,,,,,,,,,,,,,,,,,,,,,,
P39185,831,P39185,Q7WXC3,Bacteria,Cupriavidus necator (strain ATCC 17699 / DSM 428 / KCTC 22496 / NCIMB 10442 / H16 / Stanier 337),381666,Periplasmic nitrate reductase,,,1,29,"ECO:0000255, ECO:0000269",,,,,,,,,,,,,,,,,,,,,,,,,,,,,,,,,,,,,,,,,,,,,,,,,,,,,,,,,,,,,,,,,,
P39844,491,P39844,,Bacteria,Bacillus subtilis (strain 168),224308,D-alanyl-D-alanine carboxypeptidase DacC,,,1,29,ECO:0000269,,,,,,,,,,,,,,,,,,,,,,,,,,,,,,,,,,,,,,,,,,,,,,,,,,,,,,,,,,,,,,,,,,
P39848,880,P39848,,Bacteria,Bacillus subtilis (strain 168),224308,Beta-N-acetylglucosaminidase,,,1,27,ECO:0000269,,,,,,,,,,,,,,,,,,,,,,,,,,,,,,,,,,,,,,,,,,,,,,,,,,,,,,,,,,,,,,,,,,
P40136,800,P40136,"Q937W4, Q937W5",Bacteria,Bacillus anthracis,1392,Calmodulin-sensitive adenylate cyclase,,,1,33,ECO:0000269,,,,,,,,,,,,,,,,,,,,,,,,,,,,,,,,,,,,,,,,,,,,,,,,,,,,,,,,,,,,,,,,,,
P42517,181,P42517,,Bacteria,Enterobacter agglomerans,549,Monofunctional chorismate mutase,,,1,20,ECO:0000269,,,,,,,,,,,,,,,,,,,,,,,,,,,,,,,,,,,,,,,,,,,,,,,,,,,,,,,,,,,,,,,,,,
P43379,713,P43379,,Bacteria,Niallia circulans,1397,Cyclomaltodextrin glucanotransferase,,,1,27,ECO:0000269,,,,,,,,,,,,,,,,,,,,,,,,,,,,,,,,,,,,,,,,,,,,,,,,,,,,,,,,,,,,,,,,,,
P45796,635,P45796,,Bacteria,Paenibacillus polymyxa,1406,Arabinoxylan arabinofuranohydrolase,,,1,26,ECO:0000269,,,,,,,,,,,,,,,,,,,,,,,,,,,,,,,,,,,,,,,,,,,,,,,,,,,,,,,,,,,,,,,,,,
P45996,359,P45996,,Bacteria,Haemophilus influenzae,727,Outer membrane protein P5,,,1,21,"ECO:0000255, ECO:0000269",27,37,ECO:0000255,64,75,ECO:0000255,83,91,ECO:0000255,110,121,ECO:0000255,126,134,ECO:0000255,164,173,ECO:0000255,178,185,ECO:0000255,211,219,ECO:0000255,,,,,,,,,,,,,,,,,,,,,,,,,,,,,,,,,,,,,,,,,,
P46883,757,P46883,"O53008, P78153",Bacteria,Escherichia coli (strain K12),83333,Primary amine oxidase,,,1,30,ECO:0000269,,,,,,,,,,,,,,,,,,,,,,,,,,,,,,,,,,,,,,,,,,,,,,,,,,,,,,,,,,,,,,,,,,
P52682,294,P52682,Q54488,Bacteria,Serratia marcescens,615,Beta-lactamase SME-1,,,1,27,ECO:0000269,,,,,,,,,,,,,,,,,,,,,,,,,,,,,,,,,,,,,,,,,,,,,,,,,,,,,,,,,,,,,,,,,,
P52699,246,P52699,,Bacteria,Serratia marcescens,615,Metallo-beta-lactamase IMP-1,,,1,18,ECO:0000269,,,,,,,,,,,,,,,,,,,,,,,,,,,,,,,,,,,,,,,,,,,,,,,,,,,,,,,,,,,,,,,,,,
P54421,334,P54421,O07574,Bacteria,Bacillus subtilis (strain 168),224308,Probable peptidoglycan endopeptidase LytE,,,1,25,ECO:0000269,,,,,,,,,,,,,,,,,,,,,,,,,,,,,,,,,,,,,,,,,,,,,,,,,,,,,,,,,,,,,,,,,,
P54423,894,P54423,O06726,Bacteria,Bacillus subtilis (strain 168),224308,Cell wall-associated protease,,,1,31,ECO:0000269,,,,,,,,,,,,,,,,,,,,,,,,,,,,,,,,,,,,,,,,,,,,,,,,,,,,,,,,,,,,,,,,,,
P54507,261,P54507,,Bacteria,Bacillus subtilis (strain 168),224308,Major biofilm matrix component,,,1,27,ECO:0000269,,,,,,,,,,,,,,,,,,,,,,,,,,,,,,,,,,,,,,,,,,,,,,,,,,,,,,,,,,,,,,,,,,
P59807,1021,P59807,D0V0C9,Bacteria,Proteus vulgaris,585,Chondroitin sulfate ABC endolyase,,,1,24,ECO:0000269,,,,,,,,,,,,,,,,,,,,,,,,,,,,,,,,,,,,,,,,,,,,,,,,,,,,,,,,,,,,,,,,,,
P61316,203,P61316,"P39178, Q8X5H8",Bacteria,Escherichia coli (strain K12),83333,Outer-membrane lipoprotein carrier protein,,,1,21,ECO:0000269,,,,,,,,,,,,,,,,,,,,,,,,,,,,,,,,,,,,,,,,,,,,,,,,,,,,,,,,,,,,,,,,,,
P62593,286,P62593,"P00810, Q47313",Bacteria,Escherichia coli,562,Beta-lactamase TEM,,,1,23,ECO:0000269,,,,,,,,,,,,,,,,,,,,,,,,,,,,,,,,,,,,,,,,,,,,,,,,,,,,,,,,,,,,,,,,,,
P64534,112,P64534,"P76426, Q2MAW9",Bacteria,Escherichia coli (strain K12),83333,Nickel/cobalt homeostasis protein RcnB,,,1,25,ECO:0000269,,,,,,,,,,,,,,,,,,,,,,,,,,,,,,,,,,,,,,,,,,,,,,,,,,,,,,,,,,,,,,,,,,
P69681,428,P69681,"P37905, Q2MBX5",Bacteria,Escherichia coli (strain K12),83333,Ammonium transporter AmtB,,,1,22,ECO:0000269,33,54,ECO:0000269,66,90,ECO:0000269,120,142,ECO:0000269,147,171,ECO:0000269,186,201,ECO:0000269,222,241,ECO:0000269,249,273,ECO:0000269,280,300,ECO:0000269,303,321,ECO:0000269,334,355,ECO:0000269,371,399,ECO:0000269,,,,,,,,,,,,,,,,,,,,,,,,,,,,,,,,,
P69739,372,P69739,P19928,Bacteria,Escherichia coli (strain K12),83333,Hydrogenase-1 small chain,,,1,45,"ECO:0000255, ECO:0000269",326,348,ECO:0000255,,,,,,,,,,,,,,,,,,,,,,,,,,,,,,,,,,,,,,,,,,,,,,,,,,,,,,,,,,,,,,,
P69741,372,P69741,"Q2M9J8, Q46847",Bacteria,Escherichia coli (strain K12),83333,Hydrogenase-2 small chain,,,1,37,"ECO:0000255, ECO:0000269",,,,,,,,,,,,,,,,,,,,,,,,,,,,,,,,,,,,,,,,,,,,,,,,,,,,,,,,,,,,,,,,,,
P69776,78,P69776,"P02937, Q53272",Bacteria,Escherichia coli (strain K12),83333,Major outer membrane lipoprotein Lpp,,,1,20,"ECO:0000255, ECO:0000269",,,,,,,,,,,,,,,,,,,,,,,,,,,,,,,,,,,,,,,,,,,,,,,,,,,,,,,,,,,,,,,,,,
P71451,297,P71451,"Q48787, Q799Z7",Bacteria,Listeria monocytogenes serotype 1/2a (strain EGD / Mackaness),1334565,Internalin C,,,1,34,ECO:0000269,,,,,,,,,,,,,,,,,,,,,,,,,,,,,,,,,,,,,,,,,,,,,,,,,,,,,,,,,,,,,,,,,,
P76045,301,P76045,Q2MBF5,Bacteria,Escherichia coli (strain K12),83333,Outer membrane porin G,,,1,21,ECO:0000269,27,35,ECO:0000255,47,57,ECO:0000255,64,72,ECO:0000255,89,98,ECO:0000255,104,112,ECO:0000255,129,136,ECO:0000255,149,158,ECO:0000255,172,182,ECO:0000255,186,195,ECO:0000255,201,209,ECO:0000255,213,222,ECO:0000255,230,238,ECO:0000255,240,248,ECO:0000255,254,265,ECO:0000255,269,279,ECO:0000255,289,300,ECO:0000255,,,,,,,,,,,,,,,,,,
P76341,137,P76341,Q2MAZ8,Bacteria,Escherichia coli (strain K12),83333,5-hydroxyisourate hydrolase,,,1,23,ECO:0000269,,,,,,,,,,,,,,,,,,,,,,,,,,,,,,,,,,,,,,,,,,,,,,,,,,,,,,,,,,,,,,,,,,
P76342,334,P76342,Q2MAZ7,Bacteria,Escherichia coli (strain K12),83333,Protein-methionine-sulfoxide reductase catalytic subunit MsrP,,,1,44,ECO:0000269,,,,,,,,,,,,,,,,,,,,,,,,,,,,,,,,,,,,,,,,,,,,,,,,,,,,,,,,,,,,,,,,,,
P76344,216,P76344,Q2MAZ5,Bacteria,Escherichia coli (strain K12),83333,Metal-binding protein ZinT,,,1,23,ECO:0000269,,,,,,,,,,,,,,,,,,,,,,,,,,,,,,,,,,,,,,,,,,,,,,,,,,,,,,,,,,,,,,,,,,
P77202,248,P77202,,Bacteria,Escherichia coli (strain K12),83333,Thiol:disulfide interchange protein DsbG,,,1,17,ECO:0000269,,,,,,,,,,,,,,,,,,,,,,,,,,,,,,,,,,,,,,,,,,,,,,,,,,,,,,,,,,,,,,,,,,
P77214,110,P77214,,Bacteria,Escherichia coli (strain K12),83333,Cation efflux system protein CusF,,,1,21,ECO:0000269,,,,,,,,,,,,,,,,,,,,,,,,,,,,,,,,,,,,,,,,,,,,,,,,,,,,,,,,,,,,,,,,,,
P77348,537,P77348,,Bacteria,Escherichia coli (strain K12),83333,Periplasmic murein peptide-binding protein MppA,,,1,22,ECO:0000269,,,,,,,,,,,,,,,,,,,,,,,,,,,,,,,,,,,,,,,,,,,,,,,,,,,,,,,,,,,,,,,,,,
P77754,161,P77754,,Bacteria,Escherichia coli (strain K12),83333,Periplasmic chaperone Spy,,,1,23,ECO:0000269,,,,,,,,,,,,,,,,,,,,,,,,,,,,,,,,,,,,,,,,,,,,,,,,,,,,,,,,,,,,,,,,,,
P80036,314,P80036,Q9F1K1,Bacteria,Flavobacterium sp. (strain SK1022),148444,Endo-beta-N-acetylglucosaminidase,,,1,47,ECO:0000269,,,,,,,,,,,,,,,,,,,,,,,,,,,,,,,,,,,,,,,,,,,,,,,,,,,,,,,,,,,,,,,,,,
P80069,325,P80069,A1KJS2,Bacteria,Mycobacterium bovis (strain BCG / Pasteur 1173P2),410289,Alanine and proline-rich secreted protein Apa,,,1,39,ECO:0000269,,,,,,,,,,,,,,,,,,,,,,,,,,,,,,,,,,,,,,,,,,,,,,,,,,,,,,,,,,,,,,,,,,
P80561,445,P80561,B1W291,Bacteria,Streptomyces griseus subsp. griseus (strain JCM 4626 / CBS 651.72 / NBRC 13350 / KCC S-0626 / ISP 5235),455632,Aminopeptidase S,,,1,45,ECO:0000269,,,,,,,,,,,,,,,,,,,,,,,,,,,,,,,,,,,,,,,,,,,,,,,,,,,,,,,,,,,,,,,,,,
P80695,752,P80695,G8WBD9,Bacteria,Klebsiella michiganensis (strain ATCC 8724 / DSM 4798 / JCM 20051 / NBRC 3318 / NRRL B-199 / KCTC 1686 / BUCSAV 143 / CCM 1901),1006551,Primary amine oxidase,,,1,27,"ECO:0000255, ECO:0000269",,,,,,,,,,,,,,,,,,,,,,,,,,,,,,,,,,,,,,,,,,,,,,,,,,,,,,,,,,,,,,,,,,
P81186,755,P81186,"B8IYC9, Q599G8",Bacteria,Desulfovibrio desulfuricans (strain ATCC 27774 / DSM 6949 / MB),525146,Periplasmic nitrate reductase,,,1,32,"ECO:0000255, ECO:0000269",,,,,,,,,,,,,,,,,,,,,,,,,,,,,,,,,,,,,,,,,,,,,,,,,,,,,,,,,,,,,,,,,,
P81715,438,P81715,,Bacteria,Streptomyces exfoliatus,1905,Leupeptin-inactivating enzyme 1,,,1,37,ECO:0000269,,,,,,,,,,,,,,,,,,,,,,,,,,,,,,,,,,,,,,,,,,,,,,,,,,,,,,,,,,,,,,,,,,
P83513,602,P83513,,Bacteria,Pseudobutyrivibrio xylanivorans,185007,Bifunctional xylanase/deacetylase,,,1,14,ECO:0000269,,,,,,,,,,,,,,,,,,,,,,,,,,,,,,,,,,,,,,,,,,,,,,,,,,,,,,,,,,,,,,,,,,
P83674,47,P83674,"P83676, P83677, Q8VLK0, Q9K381",Bacteria,Mediterraneibacter gnavus,33038,Ruminococcin-A,,,1,23,ECO:0000269,,,,,,,,,,,,,,,,,,,,,,,,,,,,,,,,,,,,,,,,,,,,,,,,,,,,,,,,,,,,,,,,,,
P84887,182,P84887,Q0VKG6,Bacteria,Alcaligenes faecalis,511,Aralkylamine dehydrogenase light chain,,,1,47,"ECO:0000255, ECO:0000269",,,,,,,,,,,,,,,,,,,,,,,,,,,,,,,,,,,,,,,,,,,,,,,,,,,,,,,,,,,,,,,,,,
P84888,390,P84888,Q0VKG7,Bacteria,Alcaligenes faecalis,511,Aralkylamine dehydrogenase heavy chain,,,1,25,ECO:0000269,,,,,,,,,,,,,,,,,,,,,,,,,,,,,,,,,,,,,,,,,,,,,,,,,,,,,,,,,,,,,,,,,,
P94522,323,P94522,"Q5MPF4, Q795W7",Bacteria,Bacillus subtilis (strain 168),224308,Extracellular endo-alpha-(1->5)-L-arabinanase 1,,,1,32,ECO:0000269,,,,,,,,,,,,,,,,,,,,,,,,,,,,,,,,,,,,,,,,,,,,,,,,,,,,,,,,,,,,,,,,,,
P95470,347,P95470,,Bacteria,Cellvibrio japonicus (strain Ueda107),498211,Extracellular exo-alpha-(1->5)-L-arabinofuranosidase ArbA,,,1,31,ECO:0000269,,,,,,,,,,,,,,,,,,,,,,,,,,,,,,,,,,,,,,,,,,,,,,,,,,,,,,,,,,,,,,,,,,
P96156,1046,P96156,,Bacteria,Vibrio furnissii,29494,Chitodextrinase,,,1,30,ECO:0000269,,,,,,,,,,,,,,,,,,,,,,,,,,,,,,,,,,,,,,,,,,,,,,,,,,,,,,,,,,,,,,,,,,
P96740,413,P96740,Q8L0S3,Bacteria,Bacillus subtilis (strain 168),224308,Gamma-DL-glutamyl hydrolase,,,1,32,ECO:0000269,,,,,,,,,,,,,,,,,,,,,,,,,,,,,,,,,,,,,,,,,,,,,,,,,,,,,,,,,,,,,,,,,,
P9WIB9,199,P9WIB9,"L0T9J1, O07746, Q7D7U7",Bacteria,Mycobacterium tuberculosis (strain ATCC 25618 / H37Rv),83332,Secreted chorismate mutase,,,1,33,ECO:0000269,,,,,,,,,,,,,,,,,,,,,,,,,,,,,,,,,,,,,,,,,,,,,,,,,,,,,,,,,,,,,,,,,,
P9WIR7,325,P9WIR7,"L0T9G7, O08062, Q50906",Bacteria,Mycobacterium tuberculosis (strain ATCC 25618 / H37Rv),83332,Alanine and proline-rich secreted protein Apa,,,1,39,ECO:0000269,,,,,,,,,,,,,,,,,,,,,,,,,,,,,,,,,,,,,,,,,,,,,,,,,,,,,,,,,,,,,,,,,,
P9WP43,217,P9WP43,"L0TB60, P63879, Q10837",Bacteria,Mycobacterium tuberculosis (strain ATCC 25618 / H37Rv),83332,Carboxylesterase Culp1,,,1,32,ECO:0000269,,,,,,,,,,,,,,,,,,,,,,,,,,,,,,,,,,,,,,,,,,,,,,,,,,,,,,,,,,,,,,,,,,
Q03035,916,Q03035,,Bacteria,Bordetella bronchiseptica (strain ATCC BAA-588 / NCTC 13252 / RB50),257310,Pertactin autotransporter,,,1,37,ECO:0000269,,,,,,,,,,,,,,,,,,,,,,,,,,,,,,,,,,,,,,,,,,,,,,,,,,,,,,,,,,,,,,,,,,
Q03155,1286,Q03155,,Bacteria,Escherichia coli,562,Autotransporter adhesin AIDA-I,,,1,49,ECO:0000269,1006,1012,"ECO:0000305, ECO:0007744",1030,1040,"ECO:0000305, ECO:0007744",1048,1058,"ECO:0000305, ECO:0007744",1080,1087,"ECO:0000305, ECO:0007744",1098,1108,"ECO:0000305, ECO:0007744",1127,1138,"ECO:0000305, ECO:0007744",1153,1164,"ECO:0000305, ECO:0007744",1187,1198,"ECO:0000305, ECO:0007744",1211,1221,"ECO:0000305, ECO:0007744",1243,1253,"ECO:0000305, ECO:0007744",1260,1267,"ECO:0000305, ECO:0007744",1276,1284,"ECO:0000305, ECO:0007744",,,,,,,,,,,,,,,,,,,,,,,,,,,,,,
Q03438,356,Q03438,,Bacteria,Bacillus sp. (strain PS3),2334,Cytochrome c oxidase subunit 2,,,1,23,"ECO:0000255, ECO:0000269",45,65,ECO:0000255,93,113,ECO:0000255,,,,,,,,,,,,,,,,,,,,,,,,,,,,,,,,,,,,,,,,,,,,,,,,,,,,,,,,,,,,
Q04441,342,Q04441,D3FU50,Bacteria,Alkalihalophilus pseudofirmus (strain ATCC BAA-2126 / JCM 17055 / OF4),398511,Cytochrome c oxidase subunit 2,,,1,22,"ECO:0000255, ECO:0000269",51,69,ECO:0000255,90,108,ECO:0000255,,,,,,,,,,,,,,,,,,,,,,,,,,,,,,,,,,,,,,,,,,,,,,,,,,,,,,,,,,,,
Q04508,420,Q04508,,Bacteria,Nitrosomonas europaea (strain ATCC 19718 / CIP 103999 / KCTC 2705 / NBRC 14298),228410,Ammonia monooxygenase beta subunit,,,1,25,ECO:0000269,193,213,ECO:0000255,240,260,ECO:0000255,,,,,,,,,,,,,,,,,,,,,,,,,,,,,,,,,,,,,,,,,,,,,,,,,,,,,,,,,,,,
Q05819,384,Q05819,,Bacteria,Pedobacter heparinus,984,Heparin lyase I,,,1,21,ECO:0000269,,,,,,,,,,,,,,,,,,,,,,,,,,,,,,,,,,,,,,,,,,,,,,,,,,,,,,,,,,,,,,,,,,
Q06749,367,Q06749,Q57292,Bacteria,Pseudomonas aeruginosa (strain ATCC 15692 / DSM 22644 / CIP 104116 / JCM 14847 / LMG 12228 / 1C / PRS 101 / PAO1),208964,Alginate lyase,,,1,27,ECO:0000269,,,,,,,,,,,,,,,,,,,,,,,,,,,,,,,,,,,,,,,,,,,,,,,,,,,,,,,,,,,,,,,,,,
Q07WU7,596,Q07WU7,"Q02469, Q9X969",Bacteria,Shewanella frigidimarina (strain NCIMB 400),318167,Fumarate reductase (cytochrome),,,1,25,ECO:0000269,,,,,,,,,,,,,,,,,,,,,,,,,,,,,,,,,,,,,,,,,,,,,,,,,,,,,,,,,,,,,,,,,,
Q08IS0,273,Q08IS0,,Bacteria,Hydrogenophilus thermoluteolus,297,L-cysteine S-thiosulfotransferase subunit SoxA,,,1,24,ECO:0000269,,,,,,,,,,,,,,,,,,,,,,,,,,,,,,,,,,,,,,,,,,,,,,,,,,,,,,,,,,,,,,,,,,
Q0PCD7,545,Q0PCD7,,Bacteria,Streptomyces galilaeus,33899,Aclacinomycin-N/aclacinomycin-A oxidase,,,1,43,"ECO:0000255, ECO:0000269",,,,,,,,,,,,,,,,,,,,,,,,,,,,,,,,,,,,,,,,,,,,,,,,,,,,,,,,,,,,,,,,,,
Q0TV31,398,Q0TV31,"P15310, P94658, Q46246, Q46279, Q46280, Q46281, Q46282, Q57317, Q59303, Q59304, Q59305, Q59313, Q60121",Bacteria,Clostridium perfringens (strain ATCC 13124 / DSM 756 / JCM 1290 / NCIMB 6125 / NCTC 8237 / Type A),195103,Phospholipase C,,,1,28,ECO:0000269,,,,,,,,,,,,,,,,,,,,,,,,,,,,,,,,,,,,,,,,,,,,,,,,,,,,,,,,,,,,,,,,,,
Q3ZAB8,554,Q3ZAB8,Q9KIP5,Bacteria,Dehalococcoides mccartyi (strain ATCC BAA-2266 / KCTC 15142 / 195),243164,Trichloroethene reductive dehalogenase,,,1,42,"ECO:0000255, ECO:0000269",,,,,,,,,,,,,,,,,,,,,,,,,,,,,,,,,,,,,,,,,,,,,,,,,,,,,,,,,,,,,,,,,,
Q45071,513,Q45071,,Bacteria,Bacillus subtilis (strain 168),224308,Arabinoxylan arabinofuranohydrolase,,,1,26,ECO:0000269,,,,,,,,,,,,,,,,,,,,,,,,,,,,,,,,,,,,,,,,,,,,,,,,,,,,,,,,,,,,,,,,,,
Q46444,708,Q46444,,Bacteria,Comamonas testosteroni,285,Quinohemoprotein alcohol dehydrogenase,,,1,31,ECO:0000269,,,,,,,,,,,,,,,,,,,,,,,,,,,,,,,,,,,,,,,,,,,,,,,,,,,,,,,,,,,,,,,,,,
Q47454,126,Q47454,,Bacteria,Escherichia coli,562,Copper resistance protein C,,,1,23,ECO:0000269,,,,,,,,,,,,,,,,,,,,,,,,,,,,,,,,,,,,,,,,,,,,,,,,,,,,,,,,,,,,,,,,,,
Q47692,1377,Q47692,"Q6QE02, Q83WR9",Bacteria,Escherichia coli,562,Temperature-sensitive hemagglutinin tsh autotransporter,,,1,52,ECO:0000269,,,,,,,,,,,,,,,,,,,,,,,,,,,,,,,,,,,,,,,,,,,,,,,,,,,,,,,,,,,,,,,,,,
Q47898,340,Q47898,,Bacteria,Elizabethkingia miricola,172045,N(4)-(Beta-N-acetylglucosaminyl)-L-asparaginase,,,1,45,ECO:0000269,,,,,,,,,,,,,,,,,,,,,,,,,,,,,,,,,,,,,,,,,,,,,,,,,,,,,,,,,,,,,,,,,,
Q47910,548,Q47910,,Bacteria,Myroides odoratus,256,Calcium-transporting ATPase,,,1,21,ECO:0000269,,,,,,,,,,,,,,,,,,,,,,,,,,,,,,,,,,,,,,,,,,,,,,,,,,,,,,,,,,,,,,,,,,
Q47945,478,Q47945,"O08083, Q5FS10",Bacteria,Gluconobacter oxydans (strain 621H),290633,"Alcohol dehydrogenase (quinone), cytochrome c subunit",,,1,36,ECO:0000269,,,,,,,,,,,,,,,,,,,,,,,,,,,,,,,,,,,,,,,,,,,,,,,,,,,,,,,,,,,,,,,,,,
Q4VYA5,136,Q4VYA5,O85301,Bacteria,Salmonella dublin,98360,5-hydroxyisourate hydrolase,,,1,22,ECO:0000269,,,,,,,,,,,,,,,,,,,,,,,,,,,,,,,,,,,,,,,,,,,,,,,,,,,,,,,,,,,,,,,,,,
Q4W6G0,718,Q4W6G0,,Bacteria,Pseudomonas putida,303,Quinohemoprotein alcohol dehydrogenase ADH-IIG,,,1,29,ECO:0000269,,,,,,,,,,,,,,,,,,,,,,,,,,,,,,,,,,,,,,,,,,,,,,,,,,,,,,,,,,,,,,,,,,
Q51371,543,Q51371,,Bacteria,Pseudomonas aeruginosa (strain ATCC 15692 / DSM 22644 / CIP 104116 / JCM 14847 / LMG 12228 / 1C / PRS 101 / PAO1),208964,Mannuronan C5-epimerase,,,1,35,ECO:0000269,,,,,,,,,,,,,,,,,,,,,,,,,,,,,,,,,,,,,,,,,,,,,,,,,,,,,,,,,,,,,,,,,,
Q51372,474,Q51372,Q9HY68,Bacteria,Pseudomonas aeruginosa (strain ATCC 15692 / DSM 22644 / CIP 104116 / JCM 14847 / LMG 12228 / 1C / PRS 101 / PAO1),208964,Alginate biosynthesis protein AlgX,,,1,26,ECO:0000269,,,,,,,,,,,,,,,,,,,,,,,,,,,,,,,,,,,,,,,,,,,,,,,,,,,,,,,,,,,,,,,,,,
Q51705,652,Q51705,,Bacteria,Paracoccus denitrificans,266,Nitrous-oxide reductase,,,1,57,ECO:0000269,,,,,,,,,,,,,,,,,,,,,,,,,,,,,,,,,,,,,,,,,,,,,,,,,,,,,,,,,,,,,,,,,,
Q52675,823,Q52675,P72249,Bacteria,Rhodobacter capsulatus,1061,Dimethyl sulfoxide/trimethylamine N-oxide reductase,,,1,42,"ECO:0000255, ECO:0000269",,,,,,,,,,,,,,,,,,,,,,,,,,,,,,,,,,,,,,,,,,,,,,,,,,,,,,,,,,,,,,,,,,
Q52VH2,402,Q52VH2,,Bacteria,Sphingosinicella xenopeptidilytica,364098,Beta-peptidyl aminopeptidase BapA,,,1,29,ECO:0000269,,,,,,,,,,,,,,,,,,,,,,,,,,,,,,,,,,,,,,,,,,,,,,,,,,,,,,,,,,,,,,,,,,
Q540U1,237,Q540U1,Q5MB24,Bacteria,Salmonella typhimurium,90371,Class B acid phosphatase,,,1,23,ECO:0000269,,,,,,,,,,,,,,,,,,,,,,,,,,,,,,,,,,,,,,,,,,,,,,,,,,,,,,,,,,,,,,,,,,
Q55013,160,Q55013,Q55333,Bacteria,Synechocystis sp. (strain ATCC 27184 / PCC 6803 / Kazusa),1111708,Photosystem II extrinsic protein V,,,1,25,"ECO:0000255, ECO:0000269",,,,,,,,,,,,,,,,,,,,,,,,,,,,,,,,,,,,,,,,,,,,,,,,,,,,,,,,,,,,,,,,,,
Q57366,822,Q57366,Q53077,Bacteria,Cereibacter sphaeroides,1063,Dimethyl sulfoxide/trimethylamine N-oxide reductase,,,1,42,"ECO:0000255, ECO:0000269",,,,,,,,,,,,,,,,,,,,,,,,,,,,,,,,,,,,,,,,,,,,,,,,,,,,,,,,,,,,,,,,,,
Q5LT66,333,Q5LT66,,Bacteria,Ruegeria pomeroyi (strain ATCC 700808 / DSM 15171 / DSS-3),246200,Trimethylamine N-oxide-binding protein,,,1,42,ECO:0000269,,,,,,,,,,,,,,,,,,,,,,,,,,,,,,,,,,,,,,,,,,,,,,,,,,,,,,,,,,,,,,,,,,
Q5SK82,361,Q5SK82,,Bacteria,Thermus thermophilus (strain ATCC 27634 / DSM 579 / HB8),300852,Lactate-binding periplasmic protein TTHA0766,,,1,22,"ECO:0000255, ECO:0000269",,,,,,,,,,,,,,,,,,,,,,,,,,,,,,,,,,,,,,,,,,,,,,,,,,,,,,,,,,,,,,,,,,
Q5Y818,846,Q5Y818,,Bacteria,Chrysiogenes arsenatis,309797,Arsenate respiratory reductase molybdopterin-containing subunit ArrA,,,1,29,"ECO:0000255, ECO:0000269",,,,,,,,,,,,,,,,,,,,,,,,,,,,,,,,,,,,,,,,,,,,,,,,,,,,,,,,,,,,,,,,,,
Q6F3I7,745,Q6F3I7,,Bacteria,Pseudoxanthomonas mexicana,128785,Dipeptidyl aminopeptidase 4,,,1,22,ECO:0000269,,,,,,,,,,,,,,,,,,,,,,,,,,,,,,,,,,,,,,,,,,,,,,,,,,,,,,,,,,,,,,,,,,
Q6F4N4,433,Q6F4N4,,Bacteria,Microbulbifer thermotolerans,252514,Beta-agarase AgaA,,,1,20,ECO:0000269,,,,,,,,,,,,,,,,,,,,,,,,,,,,,,,,,,,,,,,,,,,,,,,,,,,,,,,,,,,,,,,,,,
Q727P3,1012,Q727P3,,Bacteria,Nitratidesulfovibrio vulgaris (strain ATCC 29579 / DSM 644 / CCUG 34227 / NCIMB 8303 / VKM B-1760 / Hildenborough),882,Formate dehydrogenase 2 subunit alpha (cytochrome c-553),,,1,33,"ECO:0000255, ECO:0000269",,,,,,,,,,,,,,,,,,,,,,,,,,,,,,,,,,,,,,,,,,,,,,,,,,,,,,,,,,,,,,,,,,
Q727P6,144,Q727P6,,Bacteria,Nitratidesulfovibrio vulgaris (strain ATCC 29579 / DSM 644 / CCUG 34227 / NCIMB 8303 / VKM B-1760 / Hildenborough),882,Cytochrome c3,,,1,24,ECO:0000269,,,,,,,,,,,,,,,,,,,,,,,,,,,,,,,,,,,,,,,,,,,,,,,,,,,,,,,,,,,,,,,,,,
Q72EC8,297,Q72EC8,,Bacteria,Nitratidesulfovibrio vulgaris (strain ATCC 29579 / DSM 644 / CCUG 34227 / NCIMB 8303 / VKM B-1760 / Hildenborough),882,Sirohydrochlorin cobaltochelatase CbiKP,,,1,28,"ECO:0000255, ECO:0000269",,,,,,,,,,,,,,,,,,,,,,,,,,,,,,,,,,,,,,,,,,,,,,,,,,,,,,,,,,,,,,,,,,
Q79F14,210,Q79F14,Q796Z3,Bacteria,Bacillus subtilis (strain 168),224308,Extracellular esterase EstB,,,1,28,ECO:0000269,,,,,,,,,,,,,,,,,,,,,,,,,,,,,,,,,,,,,,,,,,,,,,,,,,,,,,,,,,,,,,,,,,
Q7BCK4,1102,Q7BCK4,"Q52298, Q6WE27, Q99Q93",Bacteria,Shigella flexneri,623,Outer membrane autotransporter IcsA,,,1,52,ECO:0000269,808,816,ECO:0000305,819,827,ECO:0000305,846,854,ECO:0000305,863,871,ECO:0000305,912,920,ECO:0000305,925,933,ECO:0000305,942,950,ECO:0000305,955,963,ECO:0000305,969,977,ECO:0000305,982,990,ECO:0000305,1003,1011,ECO:0000305,1027,1035,ECO:0000305,1060,1068,ECO:0000305,1072,1080,ECO:0000305,1094,1102,ECO:0000305,,,,,,,,,,,,,,,,,,,,,
Q7BS42,1372,Q7BS42,D3GV21,Bacteria,Escherichia coli O44:H18 (strain 042 / EAEC),216592,Serine protease pic autotransporter,,,1,55,ECO:0000269,,,,,,,,,,,,,,,,,,,,,,,,,,,,,,,,,,,,,,,,,,,,,,,,,,,,,,,,,,,,,,,,,,
Q7BSW5,1300,Q7BSW5,"O32555, Q9S6R3",Bacteria,Escherichia coli O157:H7,83334,Serine protease EspP,,,1,55,ECO:0000269,,,,,,,,,,,,,,,,,,,,,,,,,,,,,,,,,,,,,,,,,,,,,,,,,,,,,,,,,,,,,,,,,,
Q7MSJ8,702,Q7MSJ8,,Bacteria,Wolinella succinogenes (strain ATCC 29543 / DSM 1740 / CCUG 13145 / JCM 31913 / LMG 7466 / NCTC 11488 / FDC 602W),273121,Dissimilatory sulfite reductase MccA,,,1,39,ECO:0000269,,,,,,,,,,,,,,,,,,,,,,,,,,,,,,,,,,,,,,,,,,,,,,,,,,,,,,,,,,,,,,,,,,
Q83EK8,252,Q83EK8,"Q841J3, Q841J4, Q8KQK0",Bacteria,Coxiella burnetii (strain RSA 493 / Nine Mile phase I),227377,Outer membrane protein P1,,,1,23,ECO:0000269,,,,,,,,,,,,,,,,,,,,,,,,,,,,,,,,,,,,,,,,,,,,,,,,,,,,,,,,,,,,,,,,,,
Q848J2,551,Q848J2,,Bacteria,Desulfitobacterium hafniense,49338,Tetrachloroethene reductive dehalogenase,,,1,39,"ECO:0000255, ECO:0000269",,,,,,,,,,,,,,,,,,,,,,,,,,,,,,,,,,,,,,,,,,,,,,,,,,,,,,,,,,,,,,,,,,
Q8DG60,134,Q8DG60,,Bacteria,Thermosynechococcus vestitus (strain NIES-2133 / IAM M-273 / BP-1),197221,Photosystem II assembly factor lipoprotein Psb27,,,1,21,"ECO:0000255, ECO:0000269",,,,,,,,,,,,,,,,,,,,,,,,,,,,,,,,,,,,,,,,,,,,,,,,,,,,,,,,,,,,,,,,,,
Q8FDW4,1295,Q8FDW4,"Q6KD43, Q9F6T1",Bacteria,Escherichia coli O6:H1 (strain CFT073 / ATCC 700928 / UPEC),199310,Serine protease sat autotransporter,,,1,49,ECO:0000269,,,,,,,,,,,,,,,,,,,,,,,,,,,,,,,,,,,,,,,,,,,,,,,,,,,,,,,,,,,,,,,,,,
Q8GFE2,327,Q8GFE2,,Bacteria,Desulfitobacterium hafniense,49338,Chlorophenol reductase,,,1,24,ECO:0000269,,,,,,,,,,,,,,,,,,,,,,,,,,,,,,,,,,,,,,,,,,,,,,,,,,,,,,,,,,,,,,,,,,
Q8GJ27,551,Q8GJ27,,Bacteria,Dehalobacter restrictus (strain DSM 9455 / PER-K23),871738,Tetrachloroethene reductive dehalogenase,,,1,39,"ECO:0000255, ECO:0000269",,,,,,,,,,,,,,,,,,,,,,,,,,,,,,,,,,,,,,,,,,,,,,,,,,,,,,,,,,,,,,,,,,
Q8GPG4,910,Q8GPG4,,Bacteria,Rhodovulum sulfidophilum,35806,Dimethylsulfide dehydrogenase subunit alpha,,,1,28,"ECO:0000255, ECO:0000269",,,,,,,,,,,,,,,,,,,,,,,,,,,,,,,,,,,,,,,,,,,,,,,,,,,,,,,,,,,,,,,,,,
Q8GR64,690,Q8GR64,,Bacteria,Pseudomonas putida,303,Quinohemoprotein alcohol dehydrogenase ADH IIB,,,1,22,ECO:0000269,,,,,,,,,,,,,,,,,,,,,,,,,,,,,,,,,,,,,,,,,,,,,,,,,,,,,,,,,,,,,,,,,,
Q8KDM7,286,Q8KDM7,,Bacteria,Chlorobaculum tepidum (strain ATCC 49652 / DSM 12025 / NBRC 103806 / TLS),194439,L-cysteine S-thiosulfotransferase subunit SoxA,,,1,27,ECO:0000269,,,,,,,,,,,,,,,,,,,,,,,,,,,,,,,,,,,,,,,,,,,,,,,,,,,,,,,,,,,,,,,,,,
Q8KRU5,556,Q8KRU5,,Bacteria,Streptomyces chromofuscus,42881,Phospholipase D,,,1,46,"ECO:0000255, ECO:0000269",,,,,,,,,,,,,,,,,,,,,,,,,,,,,,,,,,,,,,,,,,,,,,,,,,,,,,,,,,,,,,,,,,
Q8L172,551,Q8L172,,Bacteria,Desulfitobacterium hafniense (strain Y51),138119,Tetrachloroethene reductive dehalogenase,,,1,39,"ECO:0000255, ECO:0000269",,,,,,,,,,,,,,,,,,,,,,,,,,,,,,,,,,,,,,,,,,,,,,,,,,,,,,,,,,,,,,,,,,
Q8NNK2,359,Q8NNK2,"Q6M3N8, Q93HZ4",Bacteria,Corynebacterium glutamicum (strain ATCC 13032 / DSM 20300 / JCM 1318 / BCRC 11384 / CCUG 27702 / LMG 3730 / NBRC 12168 / NCIMB 10025 / NRRL B-2784 / 534),196627,Cytochrome c oxidase subunit 2,,,1,28,ECO:0000269,64,84,ECO:0000255,107,127,ECO:0000255,,,,,,,,,,,,,,,,,,,,,,,,,,,,,,,,,,,,,,,,,,,,,,,,,,,,,,,,,,,,
Q8RLX0,286,Q8RLX0,,Bacteria,Chlorobaculum thiosulfatiphilum,115852,L-cysteine S-thiosulfotransferase subunit SoxA,,,1,28,ECO:0000269,,,,,,,,,,,,,,,,,,,,,,,,,,,,,,,,,,,,,,,,,,,,,,,,,,,,,,,,,,,,,,,,,,
Q8RMH6,162,Q8RMH6,"A9WIX7, Q3DWS6, Q7M1C1",Bacteria,Chloroflexus aurantiacus (strain ATCC 29366 / DSM 635 / J-10-fl),324602,Auracyanin-A,,,1,22,"ECO:0000255, ECO:0000269",,,,,,,,,,,,,,,,,,,,,,,,,,,,,,,,,,,,,,,,,,,,,,,,,,,,,,,,,,,,,,,,,,
Q8RS40,469,Q8RS40,,Bacteria,Alcaligenes sp,512,"Beta-1,3-xylanase",,,1,22,ECO:0000269,,,,,,,,,,,,,,,,,,,,,,,,,,,,,,,,,,,,,,,,,,,,,,,,,,,,,,,,,,,,,,,,,,
Q8VPD4,534,Q8VPD4,,Bacteria,Rhodococcus opacus,37919,L-amino acid oxidase,,,1,45,ECO:0000269,,,,,,,,,,,,,,,,,,,,,,,,,,,,,,,,,,,,,,,,,,,,,,,,,,,,,,,,,,,,,,,,,,
Q8VSL2,1364,Q8VSL2,"Q54165, Q99QC6",Bacteria,Shigella flexneri,623,Serine protease SepA autotransporter,,,1,56,ECO:0000269,,,,,,,,,,,,,,,,,,,,,,,,,,,,,,,,,,,,,,,,,,,,,,,,,,,,,,,,,,,,,,,,,,
Q939U1,287,Q939U1,,Bacteria,Rhodovulum sulfidophilum,35806,L-cysteine S-thiosulfotransferase subunit SoxA,,,1,26,ECO:0000269,,,,,,,,,,,,,,,,,,,,,,,,,,,,,,,,,,,,,,,,,,,,,,,,,,,,,,,,,,,,,,,,,,
Q93MW7,268,Q93MW7,,Bacteria,Streptomyces rimosus,1927,Lipase,,,1,34,ECO:0000269,,,,,,,,,,,,,,,,,,,,,,,,,,,,,,,,,,,,,,,,,,,,,,,,,,,,,,,,,,,,,,,,,,
Q9AD92,77,Q9AD92,,Bacteria,Streptomyces coelicolor (strain ATCC BAA-471 / A3(2) / M145),100226,Chaplin-H,,,1,25,ECO:0000269,,,,,,,,,,,,,,,,,,,,,,,,,,,,,,,,,,,,,,,,,,,,,,,,,,,,,,,,,,,,,,,,,,
Q9AF95,691,Q9AF95,,Bacteria,Thauera butanivorans (strain ATCC 43655 / DSM 2080 / JCM 20651 / CCUG 51053 / NBRC 103042 / IAM 12574 / Bu B1211),1219356,1-butanol dehydrogenase (cytochrome c),,,1,38,"ECO:0000269, ECO:0000305",,,,,,,,,,,,,,,,,,,,,,,,,,,,,,,,,,,,,,,,,,,,,,,,,,,,,,,,,,,,,,,,,,
Q9AQS0,930,Q9AQS0,,Bacteria,Bacillus sp. (strain GL1),84635,Xanthan lyase,,,1,25,ECO:0000269,,,,,,,,,,,,,,,,,,,,,,,,,,,,,,,,,,,,,,,,,,,,,,,,,,,,,,,,,,,,,,,,,,
Q9EZE7,1305,Q9EZE7,"B7UH71, P77070",Bacteria,Escherichia coli O127:H6 (strain E2348/69 / EPEC),574521,Serine protease EspC,,,1,53,ECO:0000269,,,,,,,,,,,,,,,,,,,,,,,,,,,,,,,,,,,,,,,,,,,,,,,,,,,,,,,,,,,,,,,,,,
Q9HU05,185,Q9HU05,"G3XCM9, Q7BCC7",Bacteria,Pseudomonas aeruginosa (strain ATCC 15692 / DSM 22644 / CIP 104116 / JCM 14847 / LMG 12228 / 1C / PRS 101 / PAO1),208964,Monofunctional chorismate mutase,,,1,23,ECO:0000269,,,,,,,,,,,,,,,,,,,,,,,,,,,,,,,,,,,,,,,,,,,,,,,,,,,,,,,,,,,,,,,,,,
Q9HVD1,173,Q9HVD1,,Bacteria,Pseudomonas aeruginosa (strain ATCC 15692 / DSM 22644 / CIP 104116 / JCM 14847 / LMG 12228 / 1C / PRS 101 / PAO1),208964,Lipid A deacylase PagL,,,1,23,"ECO:0000255, ECO:0000269",29,32,ECO:0000269,34,49,ECO:0000269,57,71,ECO:0000269,74,89,ECO:0000269,91,93,ECO:0000269,96,98,ECO:0000269,101,115,ECO:0000269,118,128,ECO:0000269,139,148,ECO:0000269,,,,,,,,,,,,,,,,,,,,,,,,,,,,,,,,,,,,,,,
Q9HZQ8,536,Q9HZQ8,,Bacteria,Pseudomonas aeruginosa (strain ATCC 15692 / DSM 22644 / CIP 104116 / JCM 14847 / LMG 12228 / 1C / PRS 101 / PAO1),208964,Aminopeptidase,,,1,24,ECO:0000269,,,,,,,,,,,,,,,,,,,,,,,,,,,,,,,,,,,,,,,,,,,,,,,,,,,,,,,,,,,,,,,,,,
Q9I194,762,Q9I194,,Bacteria,Pseudomonas aeruginosa (strain ATCC 15692 / DSM 22644 / CIP 104116 / JCM 14847 / LMG 12228 / 1C / PRS 101 / PAO1),208964,Acyl-homoserine lactone acylase PvdQ,,,1,23,ECO:0000269,,,,,,,,,,,,,,,,,,,,,,,,,,,,,,,,,,,,,,,,,,,,,,,,,,,,,,,,,,,,,,,,,,
Q9I596,670,Q9I596,"Q7AY51, Q9RHQ0",Bacteria,Pseudomonas aeruginosa (strain ATCC 15692 / DSM 22644 / CIP 104116 / JCM 14847 / LMG 12228 / 1C / PRS 101 / PAO1),208964,Neutral ceramidase,,,1,24,ECO:0000269,,,,,,,,,,,,,,,,,,,,,,,,,,,,,,,,,,,,,,,,,,,,,,,,,,,,,,,,,,,,,,,,,,
Q9KYG7,88,Q9KYG7,,Bacteria,Streptomyces coelicolor (strain ATCC BAA-471 / A3(2) / M145),100226,Chaplin-F,,,1,36,ECO:0000269,,,,,,,,,,,,,,,,,,,,,,,,,,,,,,,,,,,,,,,,,,,,,,,,,,,,,,,,,,,,,,,,,,
Q9L5A4,624,Q9L5A4,,Bacteria,Aeromonas sobria,646,Aeromonas extracellular serine protease,,,1,24,ECO:0000269,,,,,,,,,,,,,,,,,,,,,,,,,,,,,,,,,,,,,,,,,,,,,,,,,,,,,,,,,,,,,,,,,,
Q9L9Z9,687,Q9L9Z9,,Bacteria,Vibrio vulnificus,672,Ferric vulnibactin receptor VuuA,,,1,37,"ECO:0000255, ECO:0000269",,,,,,,,,,,,,,,,,,,,,,,,,,,,,,,,,,,,,,,,,,,,,,,,,,,,,,,,,,,,,,,,,,
Q9LCB9,460,Q9LCB9,,Bacteria,Vibrio sp,678,"Beta-1,3-xylanase TXYA",,,1,22,ECO:0000269,,,,,,,,,,,,,,,,,,,,,,,,,,,,,,,,,,,,,,,,,,,,,,,,,,,,,,,,,,,,,,,,,,
Q9S1E5,507,Q9S1E5,,Bacteria,Wolinella succinogenes (strain ATCC 29543 / DSM 1740 / CCUG 13145 / JCM 31913 / LMG 7466 / NCTC 11488 / FDC 602W),273121,Cytochrome c-552,,,1,22,ECO:0000269,,,,,,,,,,,,,,,,,,,,,,,,,,,,,,,,,,,,,,,,,,,,,,,,,,,,,,,,,,,,,,,,,,
Q9S1G7,239,Q9S1G7,,Bacteria,Thauera selenatis,33058,Selenate reductase subunit gamma,,,1,28,ECO:0000269,,,,,,,,,,,,,,,,,,,,,,,,,,,,,,,,,,,,,,,,,,,,,,,,,,,,,,,,,,,,,,,,,,
Q9S1H0,918,Q9S1H0,,Bacteria,Thauera selenatis,33058,Selenate reductase subunit alpha,,,1,36,"ECO:0000255, ECO:0000269",,,,,,,,,,,,,,,,,,,,,,,,,,,,,,,,,,,,,,,,,,,,,,,,,,,,,,,,,,,,,,,,,,
Q9X6B0,737,Q9X6B0,Q0WBX3,Bacteria,Yersinia pestis,632,Catalase-peroxidase,,,1,23,"ECO:0000255, ECO:0000269",,,,,,,,,,,,,,,,,,,,,,,,,,,,,,,,,,,,,,,,,,,,,,,,,,,,,,,,,,,,,,,,,,
Q9XD84,989,Q9XD84,E3PBM3,Bacteria,Escherichia coli O78:H11 (strain H10407 / ETEC),316401,Autotransporter adhesin/invasin TibA,,,1,54,ECO:0000269,,,,,,,,,,,,,,,,,,,,,,,,,,,,,,,,,,,,,,,,,,,,,,,,,,,,,,,,,,,,,,,,,,
Q9Z4J7,623,Q9Z4J7,,Bacteria,Pseudomonas aeruginosa (strain ATCC 15692 / DSM 22644 / CIP 104116 / JCM 14847 / LMG 12228 / 1C / PRS 101 / PAO1),208964,Quinoprotein ethanol dehydrogenase,,,1,34,"ECO:0000269, ECO:0000305",,,,,,,,,,,,,,,,,,,,,,,,,,,,,,,,,,,,,,,,,,,,,,,,,,,,,,,,,,,,,,,,,,
Q9Z4P0,588,Q9Z4P0,Q07ZY8,Bacteria,Shewanella frigidimarina (strain NCIMB 400),318167,Probable fumarate reductase Ifc3,,,1,22,ECO:0000269,,,,,,,,,,,,,,,,,,,,,,,,,,,,,,,,,,,,,,,,,,,,,,,,,,,,,,,,,,,,,,,,,,
V5YM14,722,V5YM14,,Bacteria,Pseudoxanthomonas mexicana,128785,Dipeptidyl aminopeptidase BII,,,1,24,ECO:0000269,,,,,,,,,,,,,,,,,,,,,,,,,,,,,,,,,,,,,,,,,,,,,,,,,,,,,,,,,,,,,,,,,,
W8FLH9,165,W8FLH9,,Bacteria,Rubrivivax gelatinosus,28068,Copper-resistant cuproprotein CopI,,,1,23,ECO:0000269,,,,,,,,,,,,,,,,,,,,,,,,,,,,,,,,,,,,,,,,,,,,,,,,,,,,,,,,,,,,,,,,,,
A0A160PB22,264,A0A160PB22,,Bacteria,Acinetobacter sp. (strain Tol 5),710648,Trimeric autotransporter adhesin- and peptidoglycan-associated protein A,,,1,23,ECO:0000269,,,,,,,,,,,,,,,,,,,,,,,,,,,,,,,,,,,,,,,,,,,,,,,,,,,,,,,,,,,,,,,,,,
A0A291P0C1,435,A0A291P0C1,,Bacteria,Hyphomicrobium sp,82,Methanethiol oxidase,,,1,24,ECO:0000269,,,,,,,,,,,,,,,,,,,,,,,,,,,,,,,,,,,,,,,,,,,,,,,,,,,,,,,,,,,,,,,,,,
A0A2S4MYF8,373,A0A2S4MYF8,"Q7C0S7, Q83QU7",Bacteria,Shigella flexneri,623,Outer membrane protein C,,,1,21,ECO:0000269,34,42,ECO:0000250,54,63,ECO:0000250,74,84,ECO:0000250,92,101,ECO:0000250,107,115,ECO:0000250,142,154,ECO:0000250,164,171,ECO:0000250,197,203,ECO:0000250,208,215,ECO:0000250,244,250,ECO:0000250,255,262,ECO:0000250,272,288,ECO:0000250,294,301,ECO:0000250,325,332,ECO:0000250,337,344,ECO:0000250,365,372,ECO:0000250,,,,,,,,,,,,,,,,,,
A0P8X0,1290,A0P8X0,,Bacteria,Niallia circulans,1397,Alpha-amylase,,,1,31,ECO:0000269,,,,,,,,,,,,,,,,,,,,,,,,,,,,,,,,,,,,,,,,,,,,,,,,,,,,,,,,,,,,,,,,,,
A5F7A4,781,A5F7A4,"C3M1H8, P37060, Q9KR59",Bacteria,Vibrio cholerae serotype O1 (strain ATCC 39541 / Classical Ogawa 395 / O395),345073,Sialidase,,,1,24,ECO:0000269,,,,,,,,,,,,,,,,,,,,,,,,,,,,,,,,,,,,,,,,,,,,,,,,,,,,,,,,,,,,,,,,,,
A9Q0M7,70,A9Q0M7,,Bacteria,Streptococcus uberis,1349,Bacteriocin ubericin-A,,,1,21,ECO:0000269,,,,,,,,,,,,,,,,,,,,,,,,,,,,,,,,,,,,,,,,,,,,,,,,,,,,,,,,,,,,,,,,,,
B0B815,547,B0B815,"P18586, P21354",Bacteria,Chlamydia trachomatis serovar L2 (strain ATCC VR-902B / DSM 19102 / 434/Bu),471472,Large cysteine-rich periplasmic protein OmcB,,,1,22,ECO:0000269,,,,,,,,,,,,,,,,,,,,,,,,,,,,,,,,,,,,,,,,,,,,,,,,,,,,,,,,,,,,,,,,,,
B7J3C9,499,B7J3C9,Q0KK37,Bacteria,Acidithiobacillus ferrooxidans (strain ATCC 23270 / DSM 14882 / CIP 104768 / NCIMB 8455),243159,Tetrathionate hydrolase,,,1,32,ECO:0000269,,,,,,,,,,,,,,,,,,,,,,,,,,,,,,,,,,,,,,,,,,,,,,,,,,,,,,,,,,,,,,,,,,
C7G1H4,64,C7G1H4,,Bacteria,Lactiplantibacillus plantarum,1590,Bacteriocin plantaricin ASM1,,,1,21,ECO:0000269,,,,,,,,,,,,,,,,,,,,,,,,,,,,,,,,,,,,,,,,,,,,,,,,,,,,,,,,,,,,,,,,,,
E0TW67,321,E0TW67,,Bacteria,Bacillus spizizenii (strain ATCC 23059 / NRRL B-14472 / W23),655816,Quinol oxidase subunit 2,,,1,25,"ECO:0000255, ECO:0000269",49,69,ECO:0000255,90,110,ECO:0000255,,,,,,,,,,,,,,,,,,,,,,,,,,,,,,,,,,,,,,,,,,,,,,,,,,,,,,,,,,,,
E1VBK1,341,E1VBK1,Q8VPB3,Bacteria,Halomonas elongata (strain ATCC 33173 / DSM 2581 / NBRC 15536 / NCIMB 2198 / 1H9),768066,Ectoine-binding periplasmic protein TeaA,,,1,25,ECO:0000269,,,,,,,,,,,,,,,,,,,,,,,,,,,,,,,,,,,,,,,,,,,,,,,,,,,,,,,,,,,,,,,,,,
E9K9Z1,64,E9K9Z1,,Bacteria,Lactiplantibacillus plantarum,1590,Bacteriocin glycocin F,,,1,21,ECO:0000269,,,,,,,,,,,,,,,,,,,,,,,,,,,,,,,,,,,,,,,,,,,,,,,,,,,,,,,,,,,,,,,,,,
K4LAH1,392,K4LAH1,B0YMX4,Bacteria,Pseudomonas aeruginosa,287,Alkaline phosphatase L,,,1,23,ECO:0000269,,,,,,,,,,,,,,,,,,,,,,,,,,,,,,,,,,,,,,,,,,,,,,,,,,,,,,,,,,,,,,,,,,
K4PZA7,544,K4PZA7,,Bacteria,Burkholderia sp. (strain HME13),1151743,Ergothionase,,,1,22,ECO:0000269,,,,,,,,,,,,,,,,,,,,,,,,,,,,,,,,,,,,,,,,,,,,,,,,,,,,,,,,,,,,,,,,,,
O05465,401,O05465,,Bacteria,Psychrobacter immobilis,498,Beta-lactamase,,,1,39,ECO:0000269,,,,,,,,,,,,,,,,,,,,,,,,,,,,,,,,,,,,,,,,,,,,,,,,,,,,,,,,,,,,,,,,,,
O05527,494,O05527,,Bacteria,Delftia acidovorans,80866,Poly(3-hydroxybutyrate) depolymerase,,,1,25,ECO:0000269,,,,,,,,,,,,,,,,,,,,,,,,,,,,,,,,,,,,,,,,,,,,,,,,,,,,,,,,,,,,,,,,,,
O30434,71,O30434,Q0GFE0,Bacteria,Enterococcus faecium,1352,Bacteriocin enterocin-P,,,1,27,ECO:0000269,,,,,,,,,,,,,,,,,,,,,,,,,,,,,,,,,,,,,,,,,,,,,,,,,,,,,,,,,,,,,,,,,,
O32591,1300,O32591,,Bacteria,Escherichia coli,562,Serine protease EspP,,,1,55,ECO:0000269,,,,,,,,,,,,,,,,,,,,,,,,,,,,,,,,,,,,,,,,,,,,,,,,,,,,,,,,,,,,,,,,,,
O33405,367,O33405,"F8C128, Q6LB91",Bacteria,Afipia carboxidovorans (strain ATCC 49405 / DSM 1227 / KCTC 32145 / OM5),504832,Uptake hydrogenase small subunit,,,1,45,"ECO:0000255, ECO:0000269",,,,,,,,,,,,,,,,,,,,,,,,,,,,,,,,,,,,,,,,,,,,,,,,,,,,,,,,,,,,,,,,,,
O33731,111,O33731,Q084G0,Bacteria,Shewanella frigidimarina (strain NCIMB 400),318167,Tetraheme c-type cytochrome,,,1,25,ECO:0000269,,,,,,,,,,,,,,,,,,,,,,,,,,,,,,,,,,,,,,,,,,,,,,,,,,,,,,,,,,,,,,,,,,
O34214,615,O34214,,Bacteria,Pantoea cypripedii,55209,Gluconate 2-dehydrogenase flavoprotein,,,1,22,ECO:0000269,,,,,,,,,,,,,,,,,,,,,,,,,,,,,,,,,,,,,,,,,,,,,,,,,,,,,,,,,,,,,,,,,,
O34215,441,O34215,,Bacteria,Pantoea cypripedii,55209,Gluconate 2-dehydrogenase cytochrome c subunit,,,1,19,ECO:0000269,,,,,,,,,,,,,,,,,,,,,,,,,,,,,,,,,,,,,,,,,,,,,,,,,,,,,,,,,,,,,,,,,,
O68897,362,O68897,,Bacteria,Pseudomonas fluorescens biotype A,32035,Glutaminase-asparaginase,,,1,25,ECO:0000269,,,,,,,,,,,,,,,,,,,,,,,,,,,,,,,,,,,,,,,,,,,,,,,,,,,,,,,,,,,,,,,,,,
O82833,2475,O82833,,Bacteria,Bacillus sp,1409,Gellan lyase,,,1,35,ECO:0000269,,,,,,,,,,,,,,,,,,,,,,,,,,,,,,,,,,,,,,,,,,,,,,,,,,,,,,,,,,,,,,,,,,
O85465,400,O85465,,Bacteria,Salipaludibacillus agaradhaerens,76935,Endoglucanase 5A,,,1,26,ECO:0000269,,,,,,,,,,,,,,,,,,,,,,,,,,,,,,,,,,,,,,,,,,,,,,,,,,,,,,,,,,,,,,,,,,
O87948,829,O87948,,Bacteria,Shewanella massilia,76854,Trimethylamine-N-oxide reductase,,,1,31,"ECO:0000255, ECO:0000269",,,,,,,,,,,,,,,,,,,,,,,,,,,,,,,,,,,,,,,,,,,,,,,,,,,,,,,,,,,,,,,,,,
P00083,127,P00083,,Bacteria,Blastochloris viridis,1079,Cytochrome c2,,,1,20,ECO:0000269,,,,,,,,,,,,,,,,,,,,,,,,,,,,,,,,,,,,,,,,,,,,,,,,,,,,,,,,,,,,,,,,,,
P00094,137,P00094,D5ASA6,Bacteria,Rhodobacter capsulatus (strain ATCC BAA-309 / NBRC 16581 / SB1003),272942,Cytochrome c2,,,1,21,ECO:0000269,,,,,,,,,,,,,,,,,,,,,,,,,,,,,,,,,,,,,,,,,,,,,,,,,,,,,,,,,,,,,,,,,,
P00099,104,P00099,,Bacteria,Pseudomonas aeruginosa (strain ATCC 15692 / DSM 22644 / CIP 104116 / JCM 14847 / LMG 12228 / 1C / PRS 101 / PAO1),208964,Cytochrome c-551,,,1,22,ECO:0000269,,,,,,,,,,,,,,,,,,,,,,,,,,,,,,,,,,,,,,,,,,,,,,,,,,,,,,,,,,,,,,,,,,
P00101,104,P00101,P24036,Bacteria,Stutzerimonas stutzeri,316,Cytochrome c-551,,,1,22,ECO:0000269,,,,,,,,,,,,,,,,,,,,,,,,,,,,,,,,,,,,,,,,,,,,,,,,,,,,,,,,,,,,,,,,,,
P00115,112,P00115,K9RUR7,Bacteria,Synechococcus sp. (strain ATCC 27167 / PCC 6312),195253,Cytochrome c6,,,1,25,"ECO:0000255, ECO:0000269",,,,,,,,,,,,,,,,,,,,,,,,,,,,,,,,,,,,,,,,,,,,,,,,,,,,,,,,,,,,,,,,,,
P00149,146,P00149,,Bacteria,Rhodopseudomonas palustris (strain ATCC BAA-98 / CGA009),258594,Cytochrome c',,,1,21,ECO:0000269,,,,,,,,,,,,,,,,,,,,,,,,,,,,,,,,,,,,,,,,,,,,,,,,,,,,,,,,,,,,,,,,,,
P00150,149,P00150,,Bacteria,Rhodopseudomonas palustris (strain ATCC BAA-98 / CGA009),258594,Cytochrome c-556,,,1,20,ECO:0000269,,,,,,,,,,,,,,,,,,,,,,,,,,,,,,,,,,,,,,,,,,,,,,,,,,,,,,,,,,,,,,,,,,
P00154,154,P00154,D3RQ63,Bacteria,Allochromatium vinosum (strain ATCC 17899 / DSM 180 / NBRC 103801 / NCIMB 10441 / D),572477,Cytochrome c',,,1,23,ECO:0000269,,,,,,,,,,,,,,,,,,,,,,,,,,,,,,,,,,,,,,,,,,,,,,,,,,,,,,,,,,,,,,,,,,
P00446,173,P00446,,Bacteria,Photobacterium leiognathi,553611,Superoxide dismutase [Cu-Zn],,,1,22,ECO:0000269,,,,,,,,,,,,,,,,,,,,,,,,,,,,,,,,,,,,,,,,,,,,,,,,,,,,,,,,,,,,,,,,,,
P00692,514,P00692,,Bacteria,Bacillus amyloliquefaciens,1390,Alpha-amylase,,,1,31,ECO:0000269,,,,,,,,,,,,,,,,,,,,,,,,,,,,,,,,,,,,,,,,,,,,,,,,,,,,,,,,,,,,,,,,,,
P01552,266,P01552,,Bacteria,Staphylococcus aureus,1280,Enterotoxin type B,,,1,27,ECO:0000269,,,,,,,,,,,,,,,,,,,,,,,,,,,,,,,,,,,,,,,,,,,,,,,,,,,,,,,,,,,,,,,,,,
P02910,260,P02910,,Bacteria,Salmonella typhimurium (strain LT2 / SGSC1412 / ATCC 700720),99287,Histidine-binding periplasmic protein,,,1,22,ECO:0000269,,,,,,,,,,,,,,,,,,,,,,,,,,,,,,,,,,,,,,,,,,,,,,,,,,,,,,,,,,,,,,,,,,
P02924,329,P02924,,Bacteria,Escherichia coli (strain K12),83333,L-arabinose-binding periplasmic protein,,,1,23,ECO:0000269,,,,,,,,,,,,,,,,,,,,,,,,,,,,,,,,,,,,,,,,,,,,,,,,,,,,,,,,,,,,,,,,,,
P04032,103,P04032,,Bacteria,Nitratidesulfovibrio vulgaris (strain ATCC 29579 / DSM 644 / CCUG 34227 / NCIMB 8303 / VKM B-1760 / Hildenborough),882,Cytochrome c-553,,,1,24,ECO:0000269,,,,,,,,,,,,,,,,,,,,,,,,,,,,,,,,,,,,,,,,,,,,,,,,,,,,,,,,,,,,,,,,,,
P04067,313,P04067,,Bacteria,Streptomyces plicatus,1922,Endo-beta-N-acetylglucosaminidase H,,,1,42,ECO:0000269,,,,,,,,,,,,,,,,,,,,,,,,,,,,,,,,,,,,,,,,,,,,,,,,,,,,,,,,,,,,,,,,,,
P04816,369,P04816,"Q2M7C1, Q47343",Bacteria,Escherichia coli (strain K12),83333,Leucine-specific-binding protein,,,1,23,ECO:0000269,,,,,,,,,,,,,,,,,,,,,,,,,,,,,,,,,,,,,,,,,,,,,,,,,,,,,,,,,,,,,,,,,,
P04957,242,P04957,,Bacteria,Bacillus subtilis (strain 168),224308,Beta-glucanase,,,1,28,ECO:0000269,,,,,,,,,,,,,,,,,,,,,,,,,,,,,,,,,,,,,,,,,,,,,,,,,,,,,,,,,,,,,,,,,,
P05149,381,P05149,,Bacteria,Acinetobacter calcoaceticus,471,Aldose 1-epimerase,,,1,20,ECO:0000269,,,,,,,,,,,,,,,,,,,,,,,,,,,,,,,,,,,,,,,,,,,,,,,,,,,,,,,,,,,,,,,,,,
P06279,549,P06279,Q45519,Bacteria,Geobacillus stearothermophilus,1422,Alpha-amylase,,,1,34,ECO:0000269,,,,,,,,,,,,,,,,,,,,,,,,,,,,,,,,,,,,,,,,,,,,,,,,,,,,,,,,,,,,,,,,,,
P07497,111,P07497,Q5N5Y8,Bacteria,Synechococcus sp. (strain ATCC 27144 / PCC 6301 / SAUG 1402/1),269084,Cytochrome c6,,,1,24,ECO:0000269,,,,,,,,,,,,,,,,,,,,,,,,,,,,,,,,,,,,,,,,,,,,,,,,,,,,,,,,,,,,,,,,,,
P07603,123,P07603,,Bacteria,Nitratidesulfovibrio vulgaris (strain ATCC 29579 / DSM 644 / CCUG 34227 / NCIMB 8303 / VKM B-1760 / Hildenborough),882,Periplasmic [Fe] hydrogenase small subunit,,,1,34,"ECO:0000255, ECO:0000269",,,,,,,,,,,,,,,,,,,,,,,,,,,,,,,,,,,,,,,,,,,,,,,,,,,,,,,,,,,,,,,,,,
P08331,647,P08331,Q2M692,Bacteria,Escherichia coli (strain K12),83333,"2',3'-cyclic-nucleotide 2'-phosphodiesterase/3'-nucleotidase",,,1,19,ECO:0000269,,,,,,,,,,,,,,,,,,,,,,,,,,,,,,,,,,,,,,,,,,,,,,,,,,,,,,,,,,,,,,,,,,
P08750,443,P08750,,Bacteria,Bacillus subtilis (strain 168),224308,D-alanyl-D-alanine carboxypeptidase DacA,,,1,31,ECO:0000269,,,,,,,,,,,,,,,,,,,,,,,,,,,,,,,,,,,,,,,,,,,,,,,,,,,,,,,,,,,,,,,,,,
P09121,712,P09121,,Bacteria,Bacillus sp. (strain 38-2),1412,Cyclomaltodextrin glucanotransferase,,,1,27,ECO:0000269,,,,,,,,,,,,,,,,,,,,,,,,,,,,,,,,,,,,,,,,,,,,,,,,,,,,,,,,,,,,,,,,,,
P09551,260,P09551,P77476,Bacteria,Escherichia coli (strain K12),83333,Lysine/arginine/ornithine-binding periplasmic protein,,,1,22,ECO:0000269,,,,,,,,,,,,,,,,,,,,,,,,,,,,,,,,,,,,,,,,,,,,,,,,,,,,,,,,,,,,,,,,,,
P09787,113,P09787,"Q59698, Q59707",Bacteria,Pseudomonas putida,303,4-cresol dehydrogenase [hydroxylating] cytochrome c subunit,,,1,33,ECO:0000269,,,,,,,,,,,,,,,,,,,,,,,,,,,,,,,,,,,,,,,,,,,,,,,,,,,,,,,,,,,,,,,,,,
P09888,270,P09888,,Bacteria,Neisseria gonorrhoeae,485,Outer membrane protein P.IIC,,,1,25,ECO:0000269,36,44,ECO:0000255,77,85,ECO:0000255,90,96,ECO:0000255,143,157,ECO:0000255,163,173,ECO:0000255,222,234,ECO:0000255,238,246,ECO:0000255,262,270,ECO:0000255,,,,,,,,,,,,,,,,,,,,,,,,,,,,,,,,,,,,,,,,,,
P0A074,309,P0A074,"P31714, Q07225, Q53689, Q53690",Bacteria,Staphylococcus aureus,1280,Gamma-hemolysin component A,,,1,29,ECO:0000269,,,,,,,,,,,,,,,,,,,,,,,,,,,,,,,,,,,,,,,,,,,,,,,,,,,,,,,,,,,,,,,,,,
P0A1V8,275,P0A1V8,"P05191, Q57015",Bacteria,Salmonella typhimurium,90371,Beta-lactamase OXA-2,,,1,21,ECO:0000269,,,,,,,,,,,,,,,,,,,,,,,,,,,,,,,,,,,,,,,,,,,,,,,,,,,,,,,,,,,,,,,,,,
P0A3V1,259,P0A3V1,P70874,Bacteria,Bacillus cereus,1396,Spore cortex-lytic enzyme,,,1,32,ECO:0000269,,,,,,,,,,,,,,,,,,,,,,,,,,,,,,,,,,,,,,,,,,,,,,,,,,,,,,,,,,,,,,,,,,
P0A431,272,P0A431,"P55221, Q54074",Bacteria,Thermosynechococcus vestitus (strain NIES-2133 / IAM M-273 / BP-1),197221,Photosystem II extrinsic protein O,,,1,26,ECO:0000269,,,,,,,,,,,,,,,,,,,,,,,,,,,,,,,,,,,,,,,,,,,,,,,,,,,,,,,,,,,,,,,,,,
P0A433,365,P0A433,"P13739, P16648",Bacteria,Sphingobium fuliginis (strain ATCC 27551),336203,Parathion hydrolase,,,1,29,"ECO:0000255, ECO:0000269",,,,,,,,,,,,,,,,,,,,,,,,,,,,,,,,,,,,,,,,,,,,,,,,,,,,,,,,,,,,,,,,,,
P0A908,248,P0A908,"O07962, P77486",Bacteria,Escherichia coli (strain K12),83333,MltA-interacting protein,,,1,22,ECO:0000269,,,,,,,,,,,,,,,,,,,,,,,,,,,,,,,,,,,,,,,,,,,,,,,,,,,,,,,,,,,,,,,,,,
P0ABE7,128,P0ABE7,"P00192, P76805, Q8XCE3",Bacteria,Escherichia coli,562,Soluble cytochrome b562,,,1,22,ECO:0000269,,,,,,,,,,,,,,,,,,,,,,,,,,,,,,,,,,,,,,,,,,,,,,,,,,,,,,,,,,,,,,,,,,
P0AD96,367,P0AD96,"P02917, P76698, Q2M7C3, Q8CVL7, Q8X6S2",Bacteria,Escherichia coli (strain K12),83333,Leu/Ile/Val-binding protein,,,1,23,ECO:0000269,,,,,,,,,,,,,,,,,,,,,,,,,,,,,,,,,,,,,,,,,,,,,,,,,,,,,,,,,,,,,,,,,,
P0AEQ3,248,P0AEQ3,P10344,Bacteria,Escherichia coli (strain K12),83333,Glutamine-binding periplasmic protein,,,1,22,ECO:0000269,,,,,,,,,,,,,,,,,,,,,,,,,,,,,,,,,,,,,,,,,,,,,,,,,,,,,,,,,,,,,,,,,,
P0AEU0,260,P0AEU0,"P39182, P77763",Bacteria,Escherichia coli (strain K12),83333,Histidine-binding periplasmic protein,,,1,22,ECO:0000269,,,,,,,,,,,,,,,,,,,,,,,,,,,,,,,,,,,,,,,,,,,,,,,,,,,,,,,,,,,,,,,,,,
P0AFK9,348,P0AFK9,P23861,Bacteria,Escherichia coli (strain K12),83333,Spermidine/putrescine-binding periplasmic protein,,,1,23,ECO:0000269,,,,,,,,,,,,,,,,,,,,,,,,,,,,,,,,,,,,,,,,,,,,,,,,,,,,,,,,,,,,,,,,,,
P0AG78,329,P0AG78,"P06997, Q2M8L3",Bacteria,Escherichia coli (strain K12),83333,Sulfate-binding protein,,,1,19,ECO:0000269,,,,,,,,,,,,,,,,,,,,,,,,,,,,,,,,,,,,,,,,,,,,,,,,,,,,,,,,,,,,,,,,,,
P0AG82,346,P0AG82,"P06128, P76744, Q2M846",Bacteria,Escherichia coli (strain K12),83333,Phosphate-binding protein PstS,,,1,25,ECO:0000269,,,,,,,,,,,,,,,,,,,,,,,,,,,,,,,,,,,,,,,,,,,,,,,,,,,,,,,,,,,,,,,,,,
P0C1C0,374,P0C1C0,"P11430, P16529, Q06113, Q47468",Bacteria,Pectobacterium carotovorum,554,Pectate lyase 1,,,1,22,ECO:0000269,,,,,,,,,,,,,,,,,,,,,,,,,,,,,,,,,,,,,,,,,,,,,,,,,,,,,,,,,,,,,,,,,,
P0C2S1,895,P0C2S1,"O68438, Q10748, Q4CGG7",Bacteria,Acetivibrio thermocellus,1515,"Cellulose 1,4-beta-cellobiosidase",,,1,27,ECO:0000269,,,,,,,,,,,,,,,,,,,,,,,,,,,,,,,,,,,,,,,,,,,,,,,,,,,,,,,,,,,,,,,,,,
P0CK94,124,P0CK94,P13811,Bacteria,Escherichia coli,562,Heat-labile enterotoxin B chain,,,1,21,ECO:0000269,,,,,,,,,,,,,,,,,,,,,,,,,,,,,,,,,,,,,,,,,,,,,,,,,,,,,,,,,,,,,,,,,,
P0DXF3,152,P0DXF3,,Bacteria,Pseudomonas fluorescens,294,Functional amyloid chaperone FapA,,,1,28,ECO:0000269,,,,,,,,,,,,,,,,,,,,,,,,,,,,,,,,,,,,,,,,,,,,,,,,,,,,,,,,,,,,,,,,,,
P0DXF4,182,P0DXF4,,Bacteria,Pseudomonas fluorescens,294,Functional amyloid subunit FapB,,,1,18,ECO:0000269,,,,,,,,,,,,,,,,,,,,,,,,,,,,,,,,,,,,,,,,,,,,,,,,,,,,,,,,,,,,,,,,,,
P0DXF6,226,P0DXF6,,Bacteria,Pseudomonas fluorescens,294,Probable functional amyloid protease FapD,,,1,18,ECO:0000269,,,,,,,,,,,,,,,,,,,,,,,,,,,,,,,,,,,,,,,,,,,,,,,,,,,,,,,,,,,,,,,,,,
P10384,446,P10384,P77697,Bacteria,Escherichia coli (strain K12),83333,Long-chain fatty acid transport protein,,,1,25,ECO:0000269,,,,,,,,,,,,,,,,,,,,,,,,,,,,,,,,,,,,,,,,,,,,,,,,,,,,,,,,,,,,,,,,,,
P10425,257,P10425,,Bacteria,Bacillus sp. (strain 170),74566,Metallo-beta-lactamase type 2,,,1,30,ECO:0000269,,,,,,,,,,,,,,,,,,,,,,,,,,,,,,,,,,,,,,,,,,,,,,,,,,,,,,,,,,,,,,,,,,
P10549,274,P10549,,Bacteria,Synechocystis sp. (strain ATCC 27184 / PCC 6803 / Kazusa),1111708,Photosystem II extrinsic protein O,,,1,28,ECO:0000269,,,,,,,,,,,,,,,,,,,,,,,,,,,,,,,,,,,,,,,,,,,,,,,,,,,,,,,,,,,,,,,,,,
P11889,333,P11889,,Bacteria,Bacillus cereus,1396,Sphingomyelinase C,,,1,27,ECO:0000269,,,,,,,,,,,,,,,,,,,,,,,,,,,,,,,,,,,,,,,,,,,,,,,,,,,,,,,,,,,,,,,,,,
P12374,609,P12374,,Bacteria,Pseudomonas syringae pv. tomato,323,Copper resistance protein A,,,1,32,"ECO:0000255, ECO:0000269",,,,,,,,,,,,,,,,,,,,,,,,,,,,,,,,,,,,,,,,,,,,,,,,,,,,,,,,,,,,,,,,,,
P12993,257,P12993,,Bacteria,Staphylococcus aureus,1280,Enterotoxin type E,,,1,27,ECO:0000269,,,,,,,,,,,,,,,,,,,,,,,,,,,,,,,,,,,,,,,,,,,,,,,,,,,,,,,,,,,,,,,,,,
P13061,315,P13061,B8IZL9,Bacteria,Desulfovibrio desulfuricans (strain ATCC 27774 / DSM 6949 / MB),525146,Periplasmic [NiFe] hydrogenase small subunit,,,1,49,"ECO:0000255, ECO:0000269",,,,,,,,,,,,,,,,,,,,,,,,,,,,,,,,,,,,,,,,,,,,,,,,,,,,,,,,,,,,,,,,,,
P13063,315,P13063,,Bacteria,Desulfomicrobium baculatum,899,Periplasmic [NiFeSe] hydrogenase small subunit,,,1,32,"ECO:0000255, ECO:0000269",,,,,,,,,,,,,,,,,,,,,,,,,,,,,,,,,,,,,,,,,,,,,,,,,,,,,,,,,,,,,,,,,,
P13430,163,P13430,Q0TL48,Bacteria,Escherichia coli O6:K15:H31 (strain 536 / UPEC),362663,S-fimbrial adhesin protein SfaS,,,1,22,ECO:0000269,,,,,,,,,,,,,,,,,,,,,,,,,,,,,,,,,,,,,,,,,,,,,,,,,,,,,,,,,,,,,,,,,,
P13720,335,P13720,,Bacteria,Escherichia coli,562,Fimbrial adhesin PapGI,,,1,21,ECO:0000269,,,,,,,,,,,,,,,,,,,,,,,,,,,,,,,,,,,,,,,,,,,,,,,,,,,,,,,,,,,,,,,,,,
P13794,350,P13794,,Bacteria,Pseudomonas aeruginosa (strain ATCC 15692 / DSM 22644 / CIP 104116 / JCM 14847 / LMG 12228 / 1C / PRS 101 / PAO1),208964,Outer membrane porin F,,,1,24,ECO:0000269,,,,,,,,,,,,,,,,,,,,,,,,,,,,,,,,,,,,,,,,,,,,,,,,,,,,,,,,,,,,,,,,,,
P14090,1101,P14090,F4H737,Bacteria,Cellulomonas fimi (strain ATCC 484 / DSM 20113 / JCM 1341 / CCUG 24087 / LMG 16345 / NBRC 15513 / NCIMB 8980 / NCTC 7547 / NRS-133),590998,Endoglucanase C,,,1,32,ECO:0000269,,,,,,,,,,,,,,,,,,,,,,,,,,,,,,,,,,,,,,,,,,,,,,,,,,,,,,,,,,,,,,,,,,
P15279,626,P15279,,Bacteria,Methylobacterium organophilum,410,Methanol dehydrogenase [cytochrome c] subunit 1,,,1,27,ECO:0000269,,,,,,,,,,,,,,,,,,,,,,,,,,,,,,,,,,,,,,,,,,,,,,,,,,,,,,,,,,,,,,,,,,
P15321,557,P15321,,Bacteria,Serratia marcescens,615,Hemolysin transporter protein ShlB,,,1,18,ECO:0000269,,,,,,,,,,,,,,,,,,,,,,,,,,,,,,,,,,,,,,,,,,,,,,,,,,,,,,,,,,,,,,,,,,
P15453,173,P15453,Q578I8,Bacteria,Brucella abortus biovar 1 (strain 9-941),262698,Superoxide dismutase [Cu-Zn],,,1,19,ECO:0000269,,,,,,,,,,,,,,,,,,,,,,,,,,,,,,,,,,,,,,,,,,,,,,,,,,,,,,,,,,,,,,,,,,
P15644,660,P15644,,Bacteria,Klebsiella pneumoniae,573,Secretin PulD,,,1,27,ECO:0000269,,,,,,,,,,,,,,,,,,,,,,,,,,,,,,,,,,,,,,,,,,,,,,,,,,,,,,,,,,,,,,,,,,
P15698,404,P15698,,Bacteria,Paraclostridium sordellii,1505,Sialidase,,,1,27,"ECO:0000255, ECO:0000269",,,,,,,,,,,,,,,,,,,,,,,,,,,,,,,,,,,,,,,,,,,,,,,,,,,,,,,,,,,,,,,,,,
P16700,338,P16700,,Bacteria,Escherichia coli (strain K12),83333,Thiosulfate-binding protein,,,1,25,ECO:0000269,,,,,,,,,,,,,,,,,,,,,,,,,,,,,,,,,,,,,,,,,,,,,,,,,,,,,,,,,,,,,,,,,,
P17315,663,P17315,Q2MAS4,Bacteria,Escherichia coli (strain K12),83333,Colicin I receptor,,,1,25,ECO:0000269,,,,,,,,,,,,,,,,,,,,,,,,,,,,,,,,,,,,,,,,,,,,,,,,,,,,,,,,,,,,,,,,,,
P17692,713,P17692,,Bacteria,Bacillus sp. (strain B1018),1417,Cyclomaltodextrin glucanotransferase,,,1,27,ECO:0000269,,,,,,,,,,,,,,,,,,,,,,,,,,,,,,,,,,,,,,,,,,,,,,,,,,,,,,,,,,,,,,,,,,
P17901,475,P17901,B8HZV8,Bacteria,Ruminiclostridium cellulolyticum (strain ATCC 35319 / DSM 5812 / JCM 6584 / H10),394503,Endoglucanase A,,,1,26,ECO:0000269,,,,,,,,,,,,,,,,,,,,,,,,,,,,,,,,,,,,,,,,,,,,,,,,,,,,,,,,,,,,,,,,,,
P18126,511,P18126,B3PI35,Bacteria,Cellvibrio japonicus (strain Ueda107),498211,Endoglucanase B,,,1,29,ECO:0000269,,,,,,,,,,,,,,,,,,,,,,,,,,,,,,,,,,,,,,,,,,,,,,,,,,,,,,,,,,,,,,,,,,
P19250,189,P19250,"P07624, Q9RIH5",Bacteria,Vibrio parahaemolyticus serotype O3:K6 (strain RIMD 2210633),223926,Thermostable direct hemolysin 2,,,1,24,ECO:0000269,,,,,,,,,,,,,,,,,,,,,,,,,,,,,,,,,,,,,,,,,,,,,,,,,,,,,,,,,,,,,,,,,,
P19401,564,P19401,Q6LCZ1,Bacteria,Streptococcus pyogenes,1314,"M protein, serotype 12",,,1,41,ECO:0000269,,,,,,,,,,,,,,,,,,,,,,,,,,,,,,,,,,,,,,,,,,,,,,,,,,,,,,,,,,,,,,,,,,
P19571,518,P19571,,Bacteria,Bacillus sp. (strain 707),1416,"Glucan 1,4-alpha-maltohexaosidase",,,1,33,ECO:0000269,,,,,,,,,,,,,,,,,,,,,,,,,,,,,,,,,,,,,,,,,,,,,,,,,,,,,,,,,,,,,,,,,,
P20041,529,P20041,,Bacteria,Ralstonia solanacearum,305,Polygalacturonase,,,1,21,ECO:0000269,,,,,,,,,,,,,,,,,,,,,,,,,,,,,,,,,,,,,,,,,,,,,,,,,,,,,,,,,,,,,,,,,,
P21175,373,P21175,,Bacteria,Pseudomonas aeruginosa (strain ATCC 15692 / DSM 22644 / CIP 104116 / JCM 14847 / LMG 12228 / 1C / PRS 101 / PAO1),208964,"Leucine-, isoleucine-, valine-, threonine-, and alanine-binding protein",,,1,26,ECO:0000269,,,,,,,,,,,,,,,,,,,,,,,,,,,,,,,,,,,,,,,,,,,,,,,,,,,,,,,,,,,,,,,,,,
P22222,548,P22222,,Bacteria,Cellulosimicrobium cellulans,1710,"Glucan endo-1,3-beta-glucosidase",,,1,36,"ECO:0000255, ECO:0000269",,,,,,,,,,,,,,,,,,,,,,,,,,,,,,,,,,,,,,,,,,,,,,,,,,,,,,,,,,,,,,,,,,
P22340,505,P22340,,Bacteria,Salmonella typhimurium,90371,Sucrose porin,,,1,22,ECO:0000269,,,,,,,,,,,,,,,,,,,,,,,,,,,,,,,,,,,,,,,,,,,,,,,,,,,,,,,,,,,,,,,,,,
P22365,132,P22365,,Bacteria,Paracoccus versutus,34007,Amicyanin,,,1,26,ECO:0000269,,,,,,,,,,,,,,,,,,,,,,,,,,,,,,,,,,,,,,,,,,,,,,,,,,,,,,,,,,,,,,,,,,
P22751,749,P22751,,Bacteria,Dickeya chrysanthemi,556,Pectate disaccharide-lyase,,,1,26,ECO:0000269,,,,,,,,,,,,,,,,,,,,,,,,,,,,,,,,,,,,,,,,,,,,,,,,,,,,,,,,,,,,,,,,,,
P23030,599,P23030,B3PEH8,Bacteria,Cellvibrio japonicus (strain Ueda107),498211,"Endo-1,4-beta-xylanase B",,,1,37,ECO:0000269,,,,,,,,,,,,,,,,,,,,,,,,,,,,,,,,,,,,,,,,,,,,,,,,,,,,,,,,,,,,,,,,,,
P23031,619,P23031,B3PEH9,Bacteria,Cellvibrio japonicus (strain Ueda107),498211,Alpha-L-arabinofuranosidase C,,,1,37,ECO:0000269,,,,,,,,,,,,,,,,,,,,,,,,,,,,,,,,,,,,,,,,,,,,,,,,,,,,,,,,,,,,,,,,,,
P23504,1562,P23504,,Bacteria,Streptococcus mutans serotype c (strain ATCC 700610 / UA159),210007,Cell surface antigen I/II,,,1,38,ECO:0000269,,,,,,,,,,,,,,,,,,,,,,,,,,,,,,,,,,,,,,,,,,,,,,,,,,,,,,,,,,,,,,,,,,
P23564,501,P23564,,Bacteria,Paenibacillus alvei,44250,Alveolysin,,,1,32,ECO:0000269,191,204,ECO:0000250,211,220,ECO:0000250,289,298,ECO:0000250,306,318,ECO:0000250,,,,,,,,,,,,,,,,,,,,,,,,,,,,,,,,,,,,,,,,,,,,,,,,,,,,,,
P24059,104,P24059,P30965,Bacteria,Bradyrhizobium diazoefficiens (strain JCM 10833 / BCRC 13528 / IAM 13628 / NBRC 14792 / USDA 110),224911,Cytochrome c-552,,,1,23,ECO:0000269,,,,,,,,,,,,,,,,,,,,,,,,,,,,,,,,,,,,,,,,,,,,,,,,,,,,,,,,,,,,,,,,,,
P24735,397,P24735,,Bacteria,Pseudomonas aeruginosa (strain ATCC 15692 / DSM 22644 / CIP 104116 / JCM 14847 / LMG 12228 / 1C / PRS 101 / PAO1),208964,Beta-lactamase,,,1,26,ECO:0000269,,,,,,,,,,,,,,,,,,,,,,,,,,,,,,,,,,,,,,,,,,,,,,,,,,,,,,,,,,,,,,,,,,
P26220,240,P26220,,Bacteria,Streptomyces lividans,1916,"Endo-1,4-beta-xylanase C",,,1,49,"ECO:0000255, ECO:0000269",,,,,,,,,,,,,,,,,,,,,,,,,,,,,,,,,,,,,,,,,,,,,,,,,,,,,,,,,,,,,,,,,,
P26514,477,P26514,P96464,Bacteria,Streptomyces lividans,1916,"Endo-1,4-beta-xylanase A",,,1,41,ECO:0000269,,,,,,,,,,,,,,,,,,,,,,,,,,,,,,,,,,,,,,,,,,,,,,,,,,,,,,,,,,,,,,,,,,
P26515,335,P26515,,Bacteria,Streptomyces lividans,1916,"Endo-1,4-beta-xylanase B",,,1,41,ECO:0000269,,,,,,,,,,,,,,,,,,,,,,,,,,,,,,,,,,,,,,,,,,,,,,,,,,,,,,,,,,,,,,,,,,
P26877,311,P26877,,Bacteria,Pseudomonas sp. (strain 109),72584,Triacylglycerol lipase,,,1,26,ECO:0000269,,,,,,,,,,,,,,,,,,,,,,,,,,,,,,,,,,,,,,,,,,,,,,,,,,,,,,,,,,,,,,,,,,
P28307,151,P28307,,Bacteria,Escherichia coli (strain K12),83333,Major curlin subunit,,,1,20,ECO:0000269,,,,,,,,,,,,,,,,,,,,,,,,,,,,,,,,,,,,,,,,,,,,,,,,,,,,,,,,,,,,,,,,,,
P28623,515,P28623,D9SUH3,Bacteria,Clostridium cellulovorans (strain ATCC 35296 / DSM 3052 / OCM 3 / 743B),573061,Endoglucanase D,,,1,31,ECO:0000269,,,,,,,,,,,,,,,,,,,,,,,,,,,,,,,,,,,,,,,,,,,,,,,,,,,,,,,,,,,,,,,,,,
P30860,243,P30860,P77547,Bacteria,Escherichia coli (strain K12),83333,ABC transporter arginine-binding protein 1,,,1,19,ECO:0000269,,,,,,,,,,,,,,,,,,,,,,,,,,,,,,,,,,,,,,,,,,,,,,,,,,,,,,,,,,,,,,,,,,
P30921,713,P30921,,Bacteria,Bacillus sp. (strain 17-1),72572,Cyclomaltodextrin glucanotransferase,,,1,27,ECO:0000269,,,,,,,,,,,,,,,,,,,,,,,,,,,,,,,,,,,,,,,,,,,,,,,,,,,,,,,,,,,,,,,,,,
P31697,241,P31697,"P71220, Q2M5Z7",Bacteria,Escherichia coli (strain K12),83333,Chaperone protein FimC,,,1,36,ECO:0000269,,,,,,,,,,,,,,,,,,,,,,,,,,,,,,,,,,,,,,,,,,,,,,,,,,,,,,,,,,,,,,,,,,
P31746,703,P31746,,Bacteria,Bacillus sp. (strain 1-1),29334,Cyclomaltodextrin glucanotransferase,,,1,29,ECO:0000269,,,,,,,,,,,,,,,,,,,,,,,,,,,,,,,,,,,,,,,,,,,,,,,,,,,,,,,,,,,,,,,,,,
P31835,713,P31835,,Bacteria,Paenibacillus macerans,44252,Cyclomaltodextrin glucanotransferase,,,1,27,ECO:0000269,,,,,,,,,,,,,,,,,,,,,,,,,,,,,,,,,,,,,,,,,,,,,,,,,,,,,,,,,,,,,,,,,,
P31884,354,P31884,,Bacteria,Wolinella succinogenes (strain ATCC 29543 / DSM 1740 / CCUG 13145 / JCM 31913 / LMG 7466 / NCTC 11488 / FDC 602W),273121,Quinone-reactive Ni/Fe-hydrogenase small chain,,,1,36,"ECO:0000255, ECO:0000269",,,,,,,,,,,,,,,,,,,,,,,,,,,,,,,,,,,,,,,,,,,,,,,,,,,,,,,,,,,,,,,,,,
P31956,802,P31956,,Bacteria,Rhizobium viscosum,1673,Penicillin G acylase,,,1,26,ECO:0000269,,,,,,,,,,,,,,,,,,,,,,,,,,,,,,,,,,,,,,,,,,,,,,,,,,,,,,,,,,,,,,,,,,
P32823,820,P32823,,Bacteria,Pseudoalteromonas piscicida,43662,Chitinase A,,,1,21,ECO:0000269,,,,,,,,,,,,,,,,,,,,,,,,,,,,,,,,,,,,,,,,,,,,,,,,,,,,,,,,,,,,,,,,,,
P32890,124,P32890,"P01557, P13768",Bacteria,Escherichia coli,562,Heat-labile enterotoxin B chain,,,1,21,ECO:0000269,,,,,,,,,,,,,,,,,,,,,,,,,,,,,,,,,,,,,,,,,,,,,,,,,,,,,,,,,,,,,,,,,,
P33129,865,P33129,Q2MCG3,Bacteria,Escherichia coli (strain K12),83333,Outer membrane usher protein HtrE,,,1,29,ECO:0000269,,,,,,,,,,,,,,,,,,,,,,,,,,,,,,,,,,,,,,,,,,,,,,,,,,,,,,,,,,,,,,,,,,
P33665,278,P33665,,Bacteria,Streptomyces sp. (strain N174),69019,Chitosanase,,,1,40,ECO:0000269,,,,,,,,,,,,,,,,,,,,,,,,,,,,,,,,,,,,,,,,,,,,,,,,,,,,,,,,,,,,,,,,,,
P35150,382,P35150,,Bacteria,Bacillus subtilis (strain 168),224308,D-alanyl-D-alanine carboxypeptidase DacB,,,1,27,ECO:0000269,,,,,,,,,,,,,,,,,,,,,,,,,,,,,,,,,,,,,,,,,,,,,,,,,,,,,,,,,,,,,,,,,,
P35483,476,P35483,Q9HYU7,Bacteria,Pseudomonas aeruginosa (strain ATCC 15692 / DSM 22644 / CIP 104116 / JCM 14847 / LMG 12228 / 1C / PRS 101 / PAO1),208964,Alkaline phosphatase H,,,1,26,ECO:0000269,,,,,,,,,,,,,,,,,,,,,,,,,,,,,,,,,,,,,,,,,,,,,,,,,,,,,,,,,,,,,,,,,,
P35755,332,P35755,Q53439,Bacteria,Haemophilus influenzae (strain ATCC 51907 / DSM 11121 / KW20 / Rd),71421,Iron-utilization periplasmic protein,,,1,23,ECO:0000269,,,,,,,,,,,,,,,,,,,,,,,,,,,,,,,,,,,,,,,,,,,,,,,,,,,,,,,,,,,,,,,,,,
P35804,201,P35804,,Bacteria,Streptomyces clavuligerus,1901,Beta-lactamase inhibitory protein,,,1,36,ECO:0000269,,,,,,,,,,,,,,,,,,,,,,,,,,,,,,,,,,,,,,,,,,,,,,,,,,,,,,,,,,,,,,,,,,
P36560,102,P36560,P77267,Bacteria,Escherichia coli (strain K12),83333,Acid shock protein,,,1,21,ECO:0000269,,,,,,,,,,,,,,,,,,,,,,,,,,,,,,,,,,,,,,,,,,,,,,,,,,,,,,,,,,,,,,,,,,
P36911,339,P36911,,Bacteria,Elizabethkingia meningoseptica,238,Endo-beta-N-acetylglucosaminidase F1,,,1,50,ECO:0000269,,,,,,,,,,,,,,,,,,,,,,,,,,,,,,,,,,,,,,,,,,,,,,,,,,,,,,,,,,,,,,,,,,
P36917,1157,P36917,,Bacteria,Thermoanaerobacterium saccharolyticum,28896,"Endo-1,4-beta-xylanase A",,,1,33,ECO:0000269,,,,,,,,,,,,,,,,,,,,,,,,,,,,,,,,,,,,,,,,,,,,,,,,,,,,,,,,,,,,,,,,,,
P37387,330,P37387,Q2M7M9,Bacteria,Escherichia coli (strain K12),83333,D-xylose-binding periplasmic protein,,,1,23,ECO:0000269,,,,,,,,,,,,,,,,,,,,,,,,,,,,,,,,,,,,,,,,,,,,,,,,,,,,,,,,,,,,,,,,,,
P37699,460,P37699,B8I7V2,Bacteria,Ruminiclostridium cellulolyticum (strain ATCC 35319 / DSM 5812 / JCM 6584 / H10),394503,Endoglucanase C,,,1,32,ECO:0000269,,,,,,,,,,,,,,,,,,,,,,,,,,,,,,,,,,,,,,,,,,,,,,,,,,,,,,,,,,,,,,,,,,
P38399,353,P38399,Q66CF0,Bacteria,Yersinia pseudotuberculosis serotype I (strain IP32953),273123,Outer membrane protein A,,,1,21,"ECO:0000255, ECO:0000269",27,37,ECO:0000255,56,67,ECO:0000255,71,79,ECO:0000255,97,108,ECO:0000255,113,121,ECO:0000255,148,157,ECO:0000255,162,169,ECO:0000255,188,196,ECO:0000255,,,,,,,,,,,,,,,,,,,,,,,,,,,,,,,,,,,,,,,,,,
P38540,91,P38540,Q59541,Bacteria,Methylophilus methylotrophus,17,Methanol dehydrogenase [cytochrome c] subunit 2,,,1,22,ECO:0000269,,,,,,,,,,,,,,,,,,,,,,,,,,,,,,,,,,,,,,,,,,,,,,,,,,,,,,,,,,,,,,,,,,
P39046,666,P39046,I6TA70,Bacteria,Enterococcus hirae (strain ATCC 9790 / DSM 20160 / JCM 8729 / LMG 6399 / NBRC 3181 / NCIMB 6459 / NCDO 1258 / NCTC 12367 / WDCM 00089 / R),768486,Muramidase-2,,,1,49,ECO:0000269,,,,,,,,,,,,,,,,,,,,,,,,,,,,,,,,,,,,,,,,,,,,,,,,,,,,,,,,,,,,,,,,,,
P39186,169,P39186,,Bacteria,Cupriavidus necator (strain ATCC 17699 / DSM 428 / KCTC 22496 / NCIMB 10442 / H16 / Stanier 337),381666,"Periplasmic nitrate reductase, electron transfer subunit",,,1,35,ECO:0000269,,,,,,,,,,,,,,,,,,,,,,,,,,,,,,,,,,,,,,,,,,,,,,,,,,,,,,,,,,,,,,,,,,
P39325,318,P39325,Q2M678,Bacteria,Escherichia coli (strain K12),83333,Galactofuranose-binding protein YtfQ,,,1,21,ECO:0000269,,,,,,,,,,,,,,,,,,,,,,,,,,,,,,,,,,,,,,,,,,,,,,,,,,,,,,,,,,,,,,,,,,
P39653,1337,P39653,,Bacteria,Streptococcus downei,1317,Dextranase,,,1,30,ECO:0000269,,,,,,,,,,,,,,,,,,,,,,,,,,,,,,,,,,,,,,,,,,,,,,,,,,,,,,,,,,,,,,,,,,
P40120,551,P40120,"P46134, P76098, P77631",Bacteria,Escherichia coli (strain K12),83333,Glucans biosynthesis protein D,,,1,32,ECO:0000269,,,,,,,,,,,,,,,,,,,,,,,,,,,,,,,,,,,,,,,,,,,,,,,,,,,,,,,,,,,,,,,,,,
P43478,397,P43478,,Bacteria,Pseudoalteromonas carrageenovora,227,Kappa-carrageenase,,,1,25,ECO:0000269,,,,,,,,,,,,,,,,,,,,,,,,,,,,,,,,,,,,,,,,,,,,,,,,,,,,,,,,,,,,,,,,,,
P44569,603,P44569,,Bacteria,Haemophilus influenzae (strain ATCC 51907 / DSM 11121 / KW20 / Rd),71421,NAD 5'-nucleotidase,,,1,25,ECO:0000269,,,,,,,,,,,,,,,,,,,,,,,,,,,,,,,,,,,,,,,,,,,,,,,,,,,,,,,,,,,,,,,,,,
P44654,150,P44654,,Bacteria,Haemophilus influenzae (strain ATCC 51907 / DSM 11121 / KW20 / Rd),71421,"Periplasmic nitrate reductase, electron transfer subunit",,,1,26,ECO:0000269,,,,,,,,,,,,,,,,,,,,,,,,,,,,,,,,,,,,,,,,,,,,,,,,,,,,,,,,,,,,,,,,,,
P45523,270,P45523,"P39175, Q2M712",Bacteria,Escherichia coli (strain K12),83333,FKBP-type peptidyl-prolyl cis-trans isomerase FkpA,,,1,25,ECO:0000269,,,,,,,,,,,,,,,,,,,,,,,,,,,,,,,,,,,,,,,,,,,,,,,,,,,,,,,,,,,,,,,,,,
P45741,409,P45741,,Bacteria,Paenibacillus thiaminolyticus,49283,Thiaminase-1,,,1,29,ECO:0000269,,,,,,,,,,,,,,,,,,,,,,,,,,,,,,,,,,,,,,,,,,,,,,,,,,,,,,,,,,,,,,,,,,
P46923,809,P46923,"P76292, P97187",Bacteria,Escherichia coli (strain K12),83333,Trimethylamine-N-oxide reductase 2,,,1,31,"ECO:0000255, ECO:0000269",,,,,,,,,,,,,,,,,,,,,,,,,,,,,,,,,,,,,,,,,,,,,,,,,,,,,,,,,,,,,,,,,,
P49250,755,P49250,,Bacteria,Klebsiella aerogenes,548,Primary amine oxidase,,,1,30,ECO:0000269,,,,,,,,,,,,,,,,,,,,,,,,,,,,,,,,,,,,,,,,,,,,,,,,,,,,,,,,,,,,,,,,,,
P50401,872,P50401,F4GZL1,Bacteria,Cellulomonas fimi (strain ATCC 484 / DSM 20113 / JCM 1341 / CCUG 24087 / LMG 16345 / NBRC 15513 / NCIMB 8980 / NCTC 7547 / NRS-133),590998,Exoglucanase A,,,1,40,ECO:0000269,,,,,,,,,,,,,,,,,,,,,,,,,,,,,,,,,,,,,,,,,,,,,,,,,,,,,,,,,,,,,,,,,,
P50500,90,P50500,,Bacteria,Acidithiobacillus ferrooxidans,920,Iron oxidase,,,1,37,"ECO:0000255, ECO:0000269",,,,,,,,,,,,,,,,,,,,,,,,,,,,,,,,,,,,,,,,,,,,,,,,,,,,,,,,,,,,,,,,,,
P52663,292,P52663,,Bacteria,Enterobacter cloacae,550,Imipenem-hydrolyzing beta-lactamase,,,1,27,ECO:0000269,,,,,,,,,,,,,,,,,,,,,,,,,,,,,,,,,,,,,,,,,,,,,,,,,,,,,,,,,,,,,,,,,,
P61153,144,P61153,"P28591, Q9R644",Bacteria,Streptomyces lividans,1916,Protease inhibitor,,,1,35,ECO:0000269,,,,,,,,,,,,,,,,,,,,,,,,,,,,,,,,,,,,,,,,,,,,,,,,,,,,,,,,,,,,,,,,,,
P74917,230,P74917,,Bacteria,Acidithiobacillus ferridurans,1232575,Cytochrome c-552,,,1,47,ECO:0000269,,,,,,,,,,,,,,,,,,,,,,,,,,,,,,,,,,,,,,,,,,,,,,,,,,,,,,,,,,,,,,,,,,
P76773,230,P76773,Q2M8H2,Bacteria,Escherichia coli (strain K12),83333,Porin OmpL,,,1,20,ECO:0000269,,,,,,,,,,,,,,,,,,,,,,,,,,,,,,,,,,,,,,,,,,,,,,,,,,,,,,,,,,,,,,,,,,
P77747,377,P77747,P76854,Bacteria,Escherichia coli (strain K12),83333,Outer membrane porin N,,,1,21,ECO:0000269,,,,,,,,,,,,,,,,,,,,,,,,,,,,,,,,,,,,,,,,,,,,,,,,,,,,,,,,,,,,,,,,,,
P81040,279,P81040,"B8J401, Q84I46",Bacteria,Desulfovibrio desulfuricans (strain ATCC 27774 / DSM 6949 / MB),525146,Split-Soret cytochrome c,,,1,32,"ECO:0000255, ECO:0000269",,,,,,,,,,,,,,,,,,,,,,,,,,,,,,,,,,,,,,,,,,,,,,,,,,,,,,,,,,,,,,,,,,
P81238,129,P81238,Q3J4W2,Bacteria,Cereibacter sphaeroides (strain ATCC 17023 / DSM 158 / JCM 6121 / CCUG 31486 / LMG 2827 / NBRC 12203 / NCIMB 8253 / ATH 2.4.1.),272943,Cytochrome c-type protein SHP,,,1,17,ECO:0000269,,,,,,,,,,,,,,,,,,,,,,,,,,,,,,,,,,,,,,,,,,,,,,,,,,,,,,,,,,,,,,,,,,
P81594,445,P81594,"B8FW15, Q8RPI9",Bacteria,Desulfitobacterium hafniense (strain DSM 10664 / DCB-2),272564,3-chloro-4-hydroxyphenylacetate reductive dehalogenase,,,1,42,"ECO:0000255, ECO:0000269",,,,,,,,,,,,,,,,,,,,,,,,,,,,,,,,,,,,,,,,,,,,,,,,,,,,,,,,,,,,,,,,,,
P82593,825,P82593,,Bacteria,Streptomyces chartreusis,1969,Extracellular exo-alpha-L-arabinofuranosidase,,,1,29,ECO:0000269,,,,,,,,,,,,,,,,,,,,,,,,,,,,,,,,,,,,,,,,,,,,,,,,,,,,,,,,,,,,,,,,,,
P82594,328,P82594,,Bacteria,Streptomyces chartreusis,1969,Extracellular exo-alpha-(1->5)-L-arabinofuranosidase,,,1,43,ECO:0000269,,,,,,,,,,,,,,,,,,,,,,,,,,,,,,,,,,,,,,,,,,,,,,,,,,,,,,,,,,,,,,,,,,
P86242,143,P86242,N1NV49,Bacteria,Streptomyces mobaraensis,35621,Papain inhibitor,,,1,33,ECO:0000269,,,,,,,,,,,,,,,,,,,,,,,,,,,,,,,,,,,,,,,,,,,,,,,,,,,,,,,,,,,,,,,,,,
P94127,642,P94127,O68477,Bacteria,Achromobacter cycloclastes,223,Nitrous-oxide reductase,,,1,46,ECO:0000269,,,,,,,,,,,,,,,,,,,,,,,,,,,,,,,,,,,,,,,,,,,,,,,,,,,,,,,,,,,,,,,,,,
P94449,345,P94449,,Bacteria,Bacillus subtilis,1423,Pectin lyase,,,1,24,ECO:0000269,,,,,,,,,,,,,,,,,,,,,,,,,,,,,,,,,,,,,,,,,,,,,,,,,,,,,,,,,,,,,,,,,,
P94691,140,P94691,Q9R4E8,Bacteria,Desulfocurvibacter africanus,873,Basic cytochrome c3,,,1,23,ECO:0000269,,,,,,,,,,,,,,,,,,,,,,,,,,,,,,,,,,,,,,,,,,,,,,,,,,,,,,,,,,,,,,,,,,
P9WP41,230,P9WP41,"L0TAS9, P63881, Q50664",Bacteria,Mycobacterium tuberculosis (strain ATCC 25618 / H37Rv),83332,Probable carboxylesterase Culp2,,,1,43,ECO:0000269,,,,,,,,,,,,,,,,,,,,,,,,,,,,,,,,,,,,,,,,,,,,,,,,,,,,,,,,,,,,,,,,,,
Q01269,268,Q01269,Q9HYD3,Bacteria,Pseudomonas aeruginosa (strain ATCC 15692 / DSM 22644 / CIP 104116 / JCM 14847 / LMG 12228 / 1C / PRS 101 / PAO1),208964,Cyclohexadienyl dehydratase,,,1,25,ECO:0000269,,,,,,,,,,,,,,,,,,,,,,,,,,,,,,,,,,,,,,,,,,,,,,,,,,,,,,,,,,,,,,,,,,
Q01578,356,Q01578,Q5NLY7,Bacteria,Zymomonas mobilis subsp. mobilis (strain ATCC 31821 / ZM4 / CP4),264203,Gluconolactonase,,,1,35,"ECO:0000255, ECO:0000269",,,,,,,,,,,,,,,,,,,,,,,,,,,,,,,,,,,,,,,,,,,,,,,,,,,,,,,,,,,,,,,,,,
Q02114,496,Q02114,,Bacteria,Bacillus subtilis (strain 168),224308,N-acetylmuramoyl-L-alanine amidase LytC,,,1,24,ECO:0000269,,,,,,,,,,,,,,,,,,,,,,,,,,,,,,,,,,,,,,,,,,,,,,,,,,,,,,,,,,,,,,,,,,
Q02834,647,Q02834,,Bacteria,Micromonospora viridifaciens,1881,Sialidase,,,1,37,ECO:0000269,,,,,,,,,,,,,,,,,,,,,,,,,,,,,,,,,,,,,,,,,,,,,,,,,,,,,,,,,,,,,,,,,,
Q02934,887,Q02934,A3DBF2,Bacteria,Acetivibrio thermocellus (strain ATCC 27405 / DSM 1237 / JCM 9322 / NBRC 103400 / NCIMB 10682 / NRRL B-4536 / VPI 7372),203119,Endoglucanase 1,,,1,55,ECO:0000269,,,,,,,,,,,,,,,,,,,,,,,,,,,,,,,,,,,,,,,,,,,,,,,,,,,,,,,,,,,,,,,,,,
Q05884,919,Q05884,,Bacteria,Streptomyces lividans,1916,Alpha-amylase,,,1,33,ECO:0000269,,,,,,,,,,,,,,,,,,,,,,,,,,,,,,,,,,,,,,,,,,,,,,,,,,,,,,,,,,,,,,,,,,
Q05JY7,942,Q05JY7,,Bacteria,Pseudoalteromonas sp,53249,Lambda-carrageenase,,,1,25,ECO:0000269,,,,,,,,,,,,,,,,,,,,,,,,,,,,,,,,,,,,,,,,,,,,,,,,,,,,,,,,,,,,,,,,,,
Q06006,363,Q06006,,Bacteria,Pseudomonas chlororaphis,333,Copper-containing nitrite reductase,,,1,24,ECO:0000269,,,,,,,,,,,,,,,,,,,,,,,,,,,,,,,,,,,,,,,,,,,,,,,,,,,,,,,,,,,,,,,,,,
Q06529,199,Q06529,D3RRX8,Bacteria,Allochromatium vinosum (strain ATCC 17899 / DSM 180 / NBRC 103801 / NCIMB 10441 / D),572477,Cytochrome subunit of sulfide dehydrogenase,,,1,25,ECO:0000269,,,,,,,,,,,,,,,,,,,,,,,,,,,,,,,,,,,,,,,,,,,,,,,,,,,,,,,,,,,,,,,,,,
Q06530,431,Q06530,"D3RRX7, O31157",Bacteria,Allochromatium vinosum (strain ATCC 17899 / DSM 180 / NBRC 103801 / NCIMB 10441 / D),572477,Sulfide dehydrogenase [flavocytochrome c] flavoprotein chain,,,1,30,"ECO:0000255, ECO:0000269",,,,,,,,,,,,,,,,,,,,,,,,,,,,,,,,,,,,,,,,,,,,,,,,,,,,,,,,,,,,,,,,,,
Q06851,1853,Q06851,A3DJZ4,Bacteria,Acetivibrio thermocellus (strain ATCC 27405 / DSM 1237 / JCM 9322 / NBRC 103400 / NCIMB 10682 / NRRL B-4536 / VPI 7372),203119,Cellulosomal-scaffolding protein A,,,1,28,ECO:0000269,,,,,,,,,,,,,,,,,,,,,,,,,,,,,,,,,,,,,,,,,,,,,,,,,,,,,,,,,,,,,,,,,,
Q06988,599,Q06988,,Bacteria,Neisseria meningitidis serogroup B,491,Transferrin-binding protein B,,,1,20,ECO:0000269,,,,,,,,,,,,,,,,,,,,,,,,,,,,,,,,,,,,,,,,,,,,,,,,,,,,,,,,,,,,,,,,,,
Q07792,200,Q07792,,Bacteria,Vibrio mimicus,674,Arylesterase,,,1,19,ECO:0000269,,,,,,,,,,,,,,,,,,,,,,,,,,,,,,,,,,,,,,,,,,,,,,,,,,,,,,,,,,,,,,,,,,
Q07982,433,Q07982,"P75002, Q5NPP7",Bacteria,Zymomonas mobilis subsp. mobilis (strain ATCC 31821 / ZM4 / CP4),264203,Glucose--fructose oxidoreductase,,,1,52,"ECO:0000255, ECO:0000269",,,,,,,,,,,,,,,,,,,,,,,,,,,,,,,,,,,,,,,,,,,,,,,,,,,,,,,,,,,,,,,,,,
Q2FXC3,240,Q2FXC3,Q9KH50,Bacteria,Staphylococcus aureus (strain NCTC 8325 / PS 47),93061,Serine protease SplB,,,1,36,ECO:0000269,,,,,,,,,,,,,,,,,,,,,,,,,,,,,,,,,,,,,,,,,,,,,,,,,,,,,,,,,,,,,,,,,,
Q2FZL3,393,Q2FZL3,"Q70UQ8, Q70UQ9, Q9EYW7",Bacteria,Staphylococcus aureus (strain NCTC 8325 / PS 47),93061,Staphopain B,,,1,36,ECO:0000269,,,,,,,,,,,,,,,,,,,,,,,,,,,,,,,,,,,,,,,,,,,,,,,,,,,,,,,,,,,,,,,,,,
Q45340,1010,Q45340,,Bacteria,Bordetella pertussis (strain Tohama I / ATCC BAA-589 / NCTC 13251),257313,BrkA autotransporter,,,1,42,ECO:0000269,,,,,,,,,,,,,,,,,,,,,,,,,,,,,,,,,,,,,,,,,,,,,,,,,,,,,,,,,,,,,,,,,,
Q46971,89,Q46971,C3VUZ5,Bacteria,Escherichia coli,562,Microcin N,,,1,15,ECO:0000269,,,,,,,,,,,,,,,,,,,,,,,,,,,,,,,,,,,,,,,,,,,,,,,,,,,,,,,,,,,,,,,,,,
Q53728,556,Q53728,,Bacteria,Streptomyces antibioticus,1890,Phospholipase D,,,1,47,ECO:0000269,,,,,,,,,,,,,,,,,,,,,,,,,,,,,,,,,,,,,,,,,,,,,,,,,,,,,,,,,,,,,,,,,,
Q55025,339,Q55025,Q8KUU0,Bacteria,Synechococcus elongatus (strain ATCC 33912 / PCC 7942 / FACHB-805),1140,Catalase-related peroxidase,,,1,31,ECO:0000269,,,,,,,,,,,,,,,,,,,,,,,,,,,,,,,,,,,,,,,,,,,,,,,,,,,,,,,,,,,,,,,,,,
Q55210,170,Q55210,B1XLG7,Bacteria,Picosynechococcus sp. (strain ATCC 27264 / PCC 7002 / PR-6),32049,Photosystem II extrinsic protein V,,,1,34,"ECO:0000255, ECO:0000269",,,,,,,,,,,,,,,,,,,,,,,,,,,,,,,,,,,,,,,,,,,,,,,,,,,,,,,,,,,,,,,,,,
Q588Z1,654,Q588Z1,,Bacteria,Sphingopyxis sp. (strain 113P3),292913,Polyvinylalcohol dehydrogenase,,,1,32,ECO:0000269,,,,,,,,,,,,,,,,,,,,,,,,,,,,,,,,,,,,,,,,,,,,,,,,,,,,,,,,,,,,,,,,,,
Q588Z2,364,Q588Z2,,Bacteria,Sphingopyxis sp. (strain 113P3),292913,Oxidized polyvinyl alcohol hydrolase,,,1,34,ECO:0000269,,,,,,,,,,,,,,,,,,,,,,,,,,,,,,,,,,,,,,,,,,,,,,,,,,,,,,,,,,,,,,,,,,
Q59289,659,Q59289,C6XUY0,Bacteria,Pedobacter heparinus (strain ATCC 13125 / DSM 2366 / CIP 104194 / JCM 7457 / NBRC 12017 / NCIMB 9290 / NRRL B-14731 / HIM 762-3),485917,Heparin-sulfate lyase,,,1,24,ECO:0000269,,,,,,,,,,,,,,,,,,,,,,,,,,,,,,,,,,,,,,,,,,,,,,,,,,,,,,,,,,,,,,,,,,
Q59544,236,Q59544,,Bacteria,Morganella morganii,582,Class B acid phosphatase,,,1,23,ECO:0000269,,,,,,,,,,,,,,,,,,,,,,,,,,,,,,,,,,,,,,,,,,,,,,,,,,,,,,,,,,,,,,,,,,
Q5NGV7,741,Q5NGV7,,Bacteria,Francisella tularensis subsp. tularensis (strain SCHU S4 / Schu 4),177416,Catalase-peroxidase,,,1,23,"ECO:0000255, ECO:0000269",,,,,,,,,,,,,,,,,,,,,,,,,,,,,,,,,,,,,,,,,,,,,,,,,,,,,,,,,,,,,,,,,,
Q5ZXE0,233,Q5ZXE0,P20380,Bacteria,Legionella pneumophila subsp. pneumophila (strain Philadelphia 1 / ATCC 33152 / DSM 7513),272624,Outer membrane protein MIP,,,1,20,ECO:0000269,,,,,,,,,,,,,,,,,,,,,,,,,,,,,,,,,,,,,,,,,,,,,,,,,,,,,,,,,,,,,,,,,,
Q69GM4,519,Q69GM4,D2BJ91,Bacteria,Dehalococcoides mccartyi (strain VS),311424,Chloroethene reductive dehalogenase,,,1,43,"ECO:0000255, ECO:0000269",,,,,,,,,,,,,,,,,,,,,,,,,,,,,,,,,,,,,,,,,,,,,,,,,,,,,,,,,,,,,,,,,,
Q6CZT4,374,Q6CZT4,"P11430, P16529, Q06113, Q47468",Bacteria,Pectobacterium atrosepticum (strain SCRI 1043 / ATCC BAA-672),218491,Pectate lyase 1,,,1,22,ECO:0000269,,,,,,,,,,,,,,,,,,,,,,,,,,,,,,,,,,,,,,,,,,,,,,,,,,,,,,,,,,,,,,,,,,
Q7AY50,131,Q7AY50,Q9L1J8,Bacteria,Streptomyces coelicolor (strain ATCC BAA-471 / A3(2) / M145),100226,Rodlin protein RdlA,,,1,28,ECO:0000269,,,,,,,,,,,,,,,,,,,,,,,,,,,,,,,,,,,,,,,,,,,,,,,,,,,,,,,,,,,,,,,,,,
Q81HT3,291,Q81HT3,,Bacteria,Bacillus cereus (strain ATCC 14579 / DSM 31 / CCUG 7414 / JCM 2152 / NBRC 15305 / NCIMB 9373 / NCTC 2599 / NRRL B-3711),226900,Quinol oxidase subunit 2,,,1,28,ECO:0000269,49,69,ECO:0000255,91,111,ECO:0000255,,,,,,,,,,,,,,,,,,,,,,,,,,,,,,,,,,,,,,,,,,,,,,,,,,,,,,,,,,,,
Q82S91,117,Q82S91,,Bacteria,Nitrosomonas europaea (strain ATCC 19718 / CIP 103999 / KCTC 2705 / NBRC 14298),228410,Metal-binding protein SmbP,,,1,24,ECO:0000269,,,,,,,,,,,,,,,,,,,,,,,,,,,,,,,,,,,,,,,,,,,,,,,,,,,,,,,,,,,,,,,,,,
Q8KIL1,740,Q8KIL1,,Bacteria,Gluconobacter thailandicus,257438,Glycerol dehydrogenase large subunit,,,1,29,ECO:0000269,,,,,,,,,,,,,,,,,,,,,,,,,,,,,,,,,,,,,,,,,,,,,,,,,,,,,,,,,,,,,,,,,,
Q8RQU9,1284,Q8RQU9,,Bacteria,Sporosarcina globispora,1459,"1,6-alpha-glucosyltransferase",,,1,35,ECO:0000269,,,,,,,,,,,,,,,,,,,,,,,,,,,,,,,,,,,,,,,,,,,,,,,,,,,,,,,,,,,,,,,,,,
Q8RQV0,1093,Q8RQV0,,Bacteria,Sporosarcina globispora,1459,Isomaltosyltransferase,,,1,29,ECO:0000269,,,,,,,,,,,,,,,,,,,,,,,,,,,,,,,,,,,,,,,,,,,,,,,,,,,,,,,,,,,,,,,,,,
Q934F8,133,Q934F8,Q9L1J7,Bacteria,Streptomyces coelicolor (strain ATCC BAA-471 / A3(2) / M145),100226,Rodlin protein RdlB,,,1,28,ECO:0000269,,,,,,,,,,,,,,,,,,,,,,,,,,,,,,,,,,,,,,,,,,,,,,,,,,,,,,,,,,,,,,,,,,
Q934G3,236,Q934G3,E0SDD0,Bacteria,Dickeya dadantii (strain 3937),198628,Oligogalacturonate-specific porin KdgM,,,1,20,ECO:0000269,,,,,,,,,,,,,,,,,,,,,,,,,,,,,,,,,,,,,,,,,,,,,,,,,,,,,,,,,,,,,,,,,,
Q93LJ4,181,Q93LJ4,Q7CQP9,Bacteria,Salmonella typhimurium,90371,Monofunctional chorismate mutase,,,1,20,ECO:0000269,,,,,,,,,,,,,,,,,,,,,,,,,,,,,,,,,,,,,,,,,,,,,,,,,,,,,,,,,,,,,,,,,,
Q99003,344,Q99003,O30927,Bacteria,Escherichia coli,562,F17a-G fimbrial adhesin,,,1,22,ECO:0000269,,,,,,,,,,,,,,,,,,,,,,,,,,,,,,,,,,,,,,,,,,,,,,,,,,,,,,,,,,,,,,,,,,
Q99289,418,Q99289,,Bacteria,Vibrio parahaemolyticus serotype O3:K6 (strain RIMD 2210633),223926,Thermolabile hemolysin,,,1,19,ECO:0000269,,,,,,,,,,,,,,,,,,,,,,,,,,,,,,,,,,,,,,,,,,,,,,,,,,,,,,,,,,,,,,,,,,
Q99PX1,427,Q99PX1,,Bacteria,Vibrio alginolyticus,663,Chitin disaccharide deacetylase,,,1,22,ECO:0000269,,,,,,,,,,,,,,,,,,,,,,,,,,,,,,,,,,,,,,,,,,,,,,,,,,,,,,,,,,,,,,,,,,
Q9F1L5,134,Q9F1L5,,Bacteria,Thermosynechococcus vestitus (strain NIES-2133 / IAM M-273 / BP-1),197221,Photosystem II extrinsic protein U,,,1,30,"ECO:0000255, ECO:0000269",,,,,,,,,,,,,,,,,,,,,,,,,,,,,,,,,,,,,,,,,,,,,,,,,,,,,,,,,,,,,,,,,,
Q9F437,285,Q9F437,,Bacteria,Ideonella dechloratans,36863,Chlorite dismutase,,,1,38,ECO:0000269,,,,,,,,,,,,,,,,,,,,,,,,,,,,,,,,,,,,,,,,,,,,,,,,,,,,,,,,,,,,,,,,,,
Q9F646,148,Q9F646,,Bacteria,Pseudomonas putida,303,Azurin,,,1,20,ECO:0000269,,,,,,,,,,,,,,,,,,,,,,,,,,,,,,,,,,,,,,,,,,,,,,,,,,,,,,,,,,,,,,,,,,
Q9I2C5,145,Q9I2C5,Q7B310,Bacteria,Pseudomonas aeruginosa (strain ATCC 15692 / DSM 22644 / CIP 104116 / JCM 14847 / LMG 12228 / 1C / PRS 101 / PAO1),208964,Cytochrome c550,,,1,24,ECO:0000269,,,,,,,,,,,,,,,,,,,,,,,,,,,,,,,,,,,,,,,,,,,,,,,,,,,,,,,,,,,,,,,,,,
Q9I589,389,Q9I589,Q9RMI4,Bacteria,Pseudomonas aeruginosa (strain ATCC 15692 / DSM 22644 / CIP 104116 / JCM 14847 / LMG 12228 / 1C / PRS 101 / PAO1),208964,Chitin-binding protein CbpD,,,1,25,ECO:0000269,,,,,,,,,,,,,,,,,,,,,,,,,,,,,,,,,,,,,,,,,,,,,,,,,,,,,,,,,,,,,,,,,,
Q9KYH3,90,Q9KYH3,,Bacteria,Streptomyces coelicolor (strain ATCC BAA-471 / A3(2) / M145),100226,Chaplin-G,,,1,27,ECO:0000269,,,,,,,,,,,,,,,,,,,,,,,,,,,,,,,,,,,,,,,,,,,,,,,,,,,,,,,,,,,,,,,,,,
Q9L1J9,75,Q9L1J9,,Bacteria,Streptomyces coelicolor (strain ATCC BAA-471 / A3(2) / M145),100226,Chaplin-D,,,1,23,ECO:0000269,,,,,,,,,,,,,,,,,,,,,,,,,,,,,,,,,,,,,,,,,,,,,,,,,,,,,,,,,,,,,,,,,,
Q9L7P2,378,Q9L7P2,,Bacteria,Pseudomonas syringae pv. syringae,321,Alginate lyase,,,1,28,ECO:0000269,,,,,,,,,,,,,,,,,,,,,,,,,,,,,,,,,,,,,,,,,,,,,,,,,,,,,,,,,,,,,,,,,,
Q9LAP7,1429,Q9LAP7,,Bacteria,Alteromonas agarilytica,105692,Alpha-agarase,,,1,26,ECO:0000269,,,,,,,,,,,,,,,,,,,,,,,,,,,,,,,,,,,,,,,,,,,,,,,,,,,,,,,,,,,,,,,,,,
Q9RQB9,144,Q9RQB9,Q9R555,Bacteria,Methylophilus methylotrophus,17,Cytochrome c'',,,1,20,ECO:0000269,,,,,,,,,,,,,,,,,,,,,,,,,,,,,,,,,,,,,,,,,,,,,,,,,,,,,,,,,,,,,,,,,,
Q9S3R8,380,Q9S3R8,,Bacteria,Porphyromonas gingivalis (strain ATCC BAA-308 / W83),242619,Outer membrane protein 40,,,1,21,ECO:0000269,,,,,,,,,,,,,,,,,,,,,,,,,,,,,,,,,,,,,,,,,,,,,,,,,,,,,,,,,,,,,,,,,,
Q9S3R9,391,Q9S3R9,,Bacteria,Porphyromonas gingivalis (strain ATCC BAA-308 / W83),242619,Outer membrane protein 41,,,1,20,ECO:0000269,,,,,,,,,,,,,,,,,,,,,,,,,,,,,,,,,,,,,,,,,,,,,,,,,,,,,,,,,,,,,,,,,,
Q9X9Z2,82,Q9X9Z2,,Bacteria,Streptomyces coelicolor (strain ATCC BAA-471 / A3(2) / M145),100226,Chaplin-E,,,1,27,ECO:0000269,,,,,,,,,,,,,,,,,,,,,,,,,,,,,,,,,,,,,,,,,,,,,,,,,,,,,,,,,,,,,,,,,,
Q9XDP2,598,Q9XDP2,,Bacteria,Lelliottia amnigena,61646,Arylsulfate sulfotransferase AssT,,,1,27,ECO:0000269,,,,,,,,,,,,,,,,,,,,,,,,,,,,,,,,,,,,,,,,,,,,,,,,,,,,,,,,,,,,,,,,,,
Q9Z4N4,99,Q9Z4N4,P82962,Bacteria,Klebsiella pneumoniae,573,Microcin E492,,,1,15,ECO:0000269,,,,,,,,,,,,,,,,,,,,,,,,,,,,,,,,,,,,,,,,,,,,,,,,,,,,,,,,,,,,,,,,,,
A0A1Z4F647,999,A0A1Z4F647,,Bacteria,Alteromonas sp,232,"Ulvan lyase, long isoform",,,1,21,ECO:0000269,,,,,,,,,,,,,,,,,,,,,,,,,,,,,,,,,,,,,,,,,,,,,,,,,,,,,,,,,,,,,,,,,,
A0RZH5,383,A0RZH5,,Bacteria,Erwinia amylovora,552,Outer membrane protein Omp-EA,,,1,21,ECO:0000269,31,45,ECO:0000255,59,70,ECO:0000255,75,86,ECO:0000255,101,109,ECO:0000255,113,122,ECO:0000255,156,164,ECO:0000255,172,178,ECO:0000255,199,206,ECO:0000255,210,219,ECO:0000255,244,252,ECO:0000255,259,268,ECO:0000255,297,307,ECO:0000255,311,319,ECO:0000255,336,346,ECO:0000255,352,361,ECO:0000255,373,383,ECO:0000255,,,,,,,,,,,,,,,,,,
A4QD57,278,A4QD57,,Bacteria,Corynebacterium glutamicum (strain R),340322,Uncharacterized peptidase cgR_1176,,,1,32,ECO:0000269,,,,,,,,,,,,,,,,,,,,,,,,,,,,,,,,,,,,,,,,,,,,,,,,,,,,,,,,,,,,,,,,,,
A4QFQ3,211,A4QFQ3,,Bacteria,Corynebacterium glutamicum (strain R),340322,Probable endopeptidase cgR_2070,,,1,35,ECO:0000269,,,,,,,,,,,,,,,,,,,,,,,,,,,,,,,,,,,,,,,,,,,,,,,,,,,,,,,,,,,,,,,,,,
A9ZM27,366,A9ZM27,,Bacteria,Halomonas sp,1486246,Monosaccharide porin,,,1,21,ECO:0000269,,,,,,,,,,,,,,,,,,,,,,,,,,,,,,,,,,,,,,,,,,,,,,,,,,,,,,,,,,,,,,,,,,
B2FNJ0,169,B2FNJ0,,Bacteria,Stenotrophomonas maltophilia (strain K279a),522373,Major fimbrial subunit SMF-1,,,1,11,ECO:0000269,,,,,,,,,,,,,,,,,,,,,,,,,,,,,,,,,,,,,,,,,,,,,,,,,,,,,,,,,,,,,,,,,,
B7JAQ0,187,B7JAQ0,"P24930, P74919, Q56297, Q56298",Bacteria,Acidithiobacillus ferrooxidans (strain ATCC 23270 / DSM 14882 / CIP 104768 / NCIMB 8455),243159,Rusticyanin,,,1,32,ECO:0000269,,,,,,,,,,,,,,,,,,,,,,,,,,,,,,,,,,,,,,,,,,,,,,,,,,,,,,,,,,,,,,,,,,
D5QVH0,132,D5QVH0,A0A2D2D576,Bacteria,Methylosinus trichosporium (strain ATCC 35070 / NCIMB 11131 / ACM 3311 / UNIQEM 75 / OB3b),595536,Cytochrome c-554,,,1,24,ECO:0000269,,,,,,,,,,,,,,,,,,,,,,,,,,,,,,,,,,,,,,,,,,,,,,,,,,,,,,,,,,,,,,,,,,
E3PPC4,170,E3PPC4,P02971,Bacteria,Escherichia coli O78:H11 (strain H10407 / ETEC),316401,CFA/I fimbrial subunit B,,,1,23,ECO:0000269,,,,,,,,,,,,,,,,,,,,,,,,,,,,,,,,,,,,,,,,,,,,,,,,,,,,,,,,,,,,,,,,,,
O05544,133,O05544,Q5FSW4,Bacteria,Gluconobacter oxydans (strain 621H),290633,"Alcohol dehydrogenase, 15 kDa subunit",,,1,24,"ECO:0000269, ECO:0000305",,,,,,,,,,,,,,,,,,,,,,,,,,,,,,,,,,,,,,,,,,,,,,,,,,,,,,,,,,,,,,,,,,
O07921,277,O07921,,Bacteria,Bacillus subtilis (strain 168),224308,Chitosanase,,,1,35,ECO:0000269,,,,,,,,,,,,,,,,,,,,,,,,,,,,,,,,,,,,,,,,,,,,,,,,,,,,,,,,,,,,,,,,,,
O25825,96,O25825,,Bacteria,Helicobacter pylori (strain ATCC 700392 / 26695),85962,Cytochrome c-553,,,1,19,ECO:0000269,,,,,,,,,,,,,,,,,,,,,,,,,,,,,,,,,,,,,,,,,,,,,,,,,,,,,,,,,,,,,,,,,,
O31127,165,O31127,,Bacteria,Mastigocladus laminosus,83541,Photosystem I reaction center subunit III,,,1,23,ECO:0000269,83,103,ECO:0000255,,,,,,,,,,,,,,,,,,,,,,,,,,,,,,,,,,,,,,,,,,,,,,,,,,,,,,,,,,,,,,,
O34213,220,O34213,,Bacteria,Pantoea cypripedii,55209,Gluconate 2-dehydrogenase subunit 3,,,1,42,"ECO:0000255, ECO:0000269",,,,,,,,,,,,,,,,,,,,,,,,,,,,,,,,,,,,,,,,,,,,,,,,,,,,,,,,,,,,,,,,,,
O50319,72,O50319,,Bacteria,Yersinia enterocolitica,630,Heat-stable enterotoxin C,,,1,19,ECO:0000269,,,,,,,,,,,,,,,,,,,,,,,,,,,,,,,,,,,,,,,,,,,,,,,,,,,,,,,,,,,,,,,,,,
O52055,102,O52055,D3RSV3,Bacteria,Allochromatium vinosum (strain ATCC 17899 / DSM 180 / NBRC 103801 / NCIMB 10441 / D),572477,Sulfur globule protein CV3,,,1,25,ECO:0000269,,,,,,,,,,,,,,,,,,,,,,,,,,,,,,,,,,,,,,,,,,,,,,,,,,,,,,,,,,,,,,,,,,
O52057,127,O52057,D3RUH0,Bacteria,Allochromatium vinosum (strain ATCC 17899 / DSM 180 / NBRC 103801 / NCIMB 10441 / D),572477,Sulfur globule protein CV1,,,1,25,ECO:0000269,,,,,,,,,,,,,,,,,,,,,,,,,,,,,,,,,,,,,,,,,,,,,,,,,,,,,,,,,,,,,,,,,,
O52179,124,O52179,D3RN35,Bacteria,Allochromatium vinosum (strain ATCC 17899 / DSM 180 / NBRC 103801 / NCIMB 10441 / D),572477,Sulfur globule protein CV2,,,1,22,ECO:0000269,,,,,,,,,,,,,,,,,,,,,,,,,,,,,,,,,,,,,,,,,,,,,,,,,,,,,,,,,,,,,,,,,,
O54081,314,O54081,,Bacteria,Staphylococcus aureus,1280,Leucotoxin LukE,,,1,28,ECO:0000269,,,,,,,,,,,,,,,,,,,,,,,,,,,,,,,,,,,,,,,,,,,,,,,,,,,,,,,,,,,,,,,,,,
O54082,327,O54082,,Bacteria,Staphylococcus aureus,1280,Leucotoxin LukD,,,1,26,ECO:0000269,,,,,,,,,,,,,,,,,,,,,,,,,,,,,,,,,,,,,,,,,,,,,,,,,,,,,,,,,,,,,,,,,,
O66515,423,O66515,,Bacteria,Aquifex aeolicus (strain VF5),224324,Ammonium transporter,,,1,20,ECO:0000269,31,51,ECO:0000255,64,84,ECO:0000255,123,143,ECO:0000255,150,170,ECO:0000255,183,203,ECO:0000255,217,237,ECO:0000255,246,266,ECO:0000255,278,298,ECO:0000255,301,321,ECO:0000255,331,351,ECO:0000255,374,394,ECO:0000255,,,,,,,,,,,,,,,,,,,,,,,,,,,,,,,,,
P00082,125,P00082,E3I2Y7,Bacteria,Rhodomicrobium vannielii (strain ATCC 17100 / DSM 162 / LMG 4299 / NCIMB 10020 / ATH 3.1.1),648757,Cytochrome c2,,,1,21,ECO:0000269,,,,,,,,,,,,,,,,,,,,,,,,,,,,,,,,,,,,,,,,,,,,,,,,,,,,,,,,,,,,,,,,,,
P00091,139,P00091,,Bacteria,Rhodopseudomonas palustris (strain ATCC BAA-98 / CGA009),258594,Cytochrome c2,,,1,25,ECO:0000269,,,,,,,,,,,,,,,,,,,,,,,,,,,,,,,,,,,,,,,,,,,,,,,,,,,,,,,,,,,,,,,,,,
P00096,155,P00096,,Bacteria,Paracoccus denitrificans,266,Cytochrome c-550,,,1,20,ECO:0000269,,,,,,,,,,,,,,,,,,,,,,,,,,,,,,,,,,,,,,,,,,,,,,,,,,,,,,,,,,,,,,,,,,
P00106,201,P00106,,Bacteria,Pseudomonas aeruginosa (strain ATCC 15692 / DSM 22644 / CIP 104116 / JCM 14847 / LMG 12228 / 1C / PRS 101 / PAO1),208964,Cytochrome c4,,,1,20,ECO:0000269,,,,,,,,,,,,,,,,,,,,,,,,,,,,,,,,,,,,,,,,,,,,,,,,,,,,,,,,,,,,,,,,,,
P00120,102,P00120,B8DKR6,Bacteria,Nitratidesulfovibrio vulgaris (strain DSM 19637 / Miyazaki F),883,Cytochrome c-553,,,1,23,ECO:0000269,,,,,,,,,,,,,,,,,,,,,,,,,,,,,,,,,,,,,,,,,,,,,,,,,,,,,,,,,,,,,,,,,,
P00131,129,P00131,P81150,Bacteria,Nitratidesulfovibrio vulgaris (strain ATCC 29579 / DSM 644 / CCUG 34227 / NCIMB 8303 / VKM B-1760 / Hildenborough),882,Cytochrome c3,,,1,22,ECO:0000269,,,,,,,,,,,,,,,,,,,,,,,,,,,,,,,,,,,,,,,,,,,,,,,,,,,,,,,,,,,,,,,,,,
P00132,130,P00132,"B8DMZ9, Q46607",Bacteria,Nitratidesulfovibrio vulgaris (strain DSM 19637 / Miyazaki F),883,Cytochrome c3,,,1,23,ECO:0000269,,,,,,,,,,,,,,,,,,,,,,,,,,,,,,,,,,,,,,,,,,,,,,,,,,,,,,,,,,,,,,,,,,
P00144,147,P00144,Q2RS39,Bacteria,Rhodospirillum rubrum (strain ATCC 11170 / ATH 1.1.1 / DSM 467 / LMG 4362 / NCIMB 8255 / S1),269796,Cytochrome c',,,1,21,ECO:0000269,,,,,,,,,,,,,,,,,,,,,,,,,,,,,,,,,,,,,,,,,,,,,,,,,,,,,,,,,,,,,,,,,,
P00148,149,P00148,Q3J0N8,Bacteria,Cereibacter sphaeroides (strain ATCC 17023 / DSM 158 / JCM 6121 / CCUG 31486 / LMG 2827 / NBRC 12203 / NCIMB 8253 / ATH 2.4.1.),272943,Cytochrome c',,,1,19,ECO:0000269,,,,,,,,,,,,,,,,,,,,,,,,,,,,,,,,,,,,,,,,,,,,,,,,,,,,,,,,,,,,,,,,,,
P00260,122,P00260,"D3RMQ3, P96753, Q9R4K3",Bacteria,Allochromatium vinosum (strain ATCC 17899 / DSM 180 / NBRC 103801 / NCIMB 10441 / D),572477,High-potential iron-sulfur protein,,,1,37,ECO:0000269,,,,,,,,,,,,,,,,,,,,,,,,,,,,,,,,,,,,,,,,,,,,,,,,,,,,,,,,,,,,,,,,,,
P00280,149,P00280,,Bacteria,Achromobacter denitrificans,32002,Azurin,,,1,20,ECO:0000269,,,,,,,,,,,,,,,,,,,,,,,,,,,,,,,,,,,,,,,,,,,,,,,,,,,,,,,,,,,,,,,,,,
P00807,281,P00807,,Bacteria,Staphylococcus aureus,1280,Beta-lactamase,,,1,24,"ECO:0000255, ECO:0000269",,,,,,,,,,,,,,,,,,,,,,,,,,,,,,,,,,,,,,,,,,,,,,,,,,,,,,,,,,,,,,,,,,
P01077,131,P01077,,Bacteria,Streptomyces nigrescens,1920,Metalloproteinase inhibitor,,,1,29,ECO:0000269,,,,,,,,,,,,,,,,,,,,,,,,,,,,,,,,,,,,,,,,,,,,,,,,,,,,,,,,,,,,,,,,,,
P01549,144,P01549,,Bacteria,Streptomyces macromomyceticus,1917,Macromomycin,,,1,32,ECO:0000269,,,,,,,,,,,,,,,,,,,,,,,,,,,,,,,,,,,,,,,,,,,,,,,,,,,,,,,,,,,,,,,,,,
P01551,143,P01551,,Bacteria,Streptomyces globisporus,1908,Actinoxanthin,,,1,33,ECO:0000269,,,,,,,,,,,,,,,,,,,,,,,,,,,,,,,,,,,,,,,,,,,,,,,,,,,,,,,,,,,,,,,,,,
P01553,266,P01553,,Bacteria,Staphylococcus aureus,1280,Enterotoxin type C-1,,,1,27,ECO:0000269,,,,,,,,,,,,,,,,,,,,,,,,,,,,,,,,,,,,,,,,,,,,,,,,,,,,,,,,,,,,,,,,,,
P02906,329,P02906,,Bacteria,Salmonella typhimurium (strain LT2 / SGSC1412 / ATCC 700720),99287,Sulfate-binding protein,,,1,19,ECO:0000269,,,,,,,,,,,,,,,,,,,,,,,,,,,,,,,,,,,,,,,,,,,,,,,,,,,,,,,,,,,,,,,,,,
P02970,285,P02970,,Bacteria,Escherichia coli,562,K88 fimbrial protein AB,,,1,21,ECO:0000269,,,,,,,,,,,,,,,,,,,,,,,,,,,,,,,,,,,,,,,,,,,,,,,,,,,,,,,,,,,,,,,,,,
P02977,492,P02977,,Bacteria,Streptococcus pyogenes serotype M5,301449,"M protein, serotype 5",,,1,42,ECO:0000269,,,,,,,,,,,,,,,,,,,,,,,,,,,,,,,,,,,,,,,,,,,,,,,,,,,,,,,,,,,,,,,,,,
P04171,148,P04171,C5AWF0,Bacteria,Methylorubrum extorquens (strain ATCC 14718 / DSM 1338 / JCM 2805 / NCIMB 9133 / AM1),272630,Pseudoazurin,,,1,25,ECO:0000269,,,,,,,,,,,,,,,,,,,,,,,,,,,,,,,,,,,,,,,,,,,,,,,,,,,,,,,,,,,,,,,,,,
P04172,119,P04172,C5ATK8,Bacteria,Methylorubrum extorquens (strain ATCC 14718 / DSM 1338 / JCM 2805 / NCIMB 9133 / AM1),272630,Amicyanin-alpha,,,1,20,ECO:0000269,,,,,,,,,,,,,,,,,,,,,,,,,,,,,,,,,,,,,,,,,,,,,,,,,,,,,,,,,,,,,,,,,,
P04369,123,P04369,Q604C8,Bacteria,Methylococcus capsulatus (strain ATCC 33009 / NCIMB 11132 / Bath),243233,Cytochrome c-555,,,1,27,ECO:0000269,,,,,,,,,,,,,,,,,,,,,,,,,,,,,,,,,,,,,,,,,,,,,,,,,,,,,,,,,,,,,,,,,,
P04377,146,P04377,,Bacteria,Alcaligenes faecalis,511,Pseudoazurin,,,1,23,ECO:0000269,,,,,,,,,,,,,,,,,,,,,,,,,,,,,,,,,,,,,,,,,,,,,,,,,,,,,,,,,,,,,,,,,,
P05695,440,P05695,,Bacteria,Pseudomonas aeruginosa (strain ATCC 15692 / DSM 22644 / CIP 104116 / JCM 14847 / LMG 12228 / 1C / PRS 101 / PAO1),208964,Porin P,,,1,29,ECO:0000269,,,,,,,,,,,,,,,,,,,,,,,,,,,,,,,,,,,,,,,,,,,,,,,,,,,,,,,,,,,,,,,,,,
P06597,394,P06597,"B0B8Q7, Q20KU8",Bacteria,Chlamydia trachomatis serovar L2 (strain ATCC VR-902B / DSM 19102 / 434/Bu),471472,Major outer membrane porin,,,1,22,ECO:0000269,,,,,,,,,,,,,,,,,,,,,,,,,,,,,,,,,,,,,,,,,,,,,,,,,,,,,,,,,,,,,,,,,,
P06654,448,P06654,,Bacteria,Streptococcus sp. group G,1320,Immunoglobulin G-binding protein G,,,1,33,ECO:0000269,,,,,,,,,,,,,,,,,,,,,,,,,,,,,,,,,,,,,,,,,,,,,,,,,,,,,,,,,,,,,,,,,,
P06886,234,P06886,,Bacteria,Staphylococcus aureus,1280,Toxic shock syndrome toxin-1,,,1,40,ECO:0000269,,,,,,,,,,,,,,,,,,,,,,,,,,,,,,,,,,,,,,,,,,,,,,,,,,,,,,,,,,,,,,,,,,
P07254,563,P07254,Q54275,Bacteria,Serratia marcescens,615,Chitinase A,,,1,23,ECO:0000269,,,,,,,,,,,,,,,,,,,,,,,,,,,,,,,,,,,,,,,,,,,,,,,,,,,,,,,,,,,,,,,,,,
P07528,396,P07528,Q9JPV5,Bacteria,Halalkalibacterium halodurans (strain ATCC BAA-125 / DSM 18197 / FERM 7344 / JCM 9153 / C-125),272558,"Endo-1,4-beta-xylanase A",,,1,28,ECO:0000269,,,,,,,,,,,,,,,,,,,,,,,,,,,,,,,,,,,,,,,,,,,,,,,,,,,,,,,,,,,,,,,,,,
P07625,139,P07625,Q16DT2,Bacteria,Roseobacter denitrificans (strain ATCC 33942 / OCh 114),375451,Cytochrome c-551,,,1,20,ECO:0000269,,,,,,,,,,,,,,,,,,,,,,,,,,,,,,,,,,,,,,,,,,,,,,,,,,,,,,,,,,,,,,,,,,
P07767,658,P07767,,Bacteria,Staphylococcus aureus,1280,Staphylocoagulase,,,1,26,ECO:0000269,,,,,,,,,,,,,,,,,,,,,,,,,,,,,,,,,,,,,,,,,,,,,,,,,,,,,,,,,,,,,,,,,,
P07883,309,P07883,,Bacteria,Streptomyces coelicolor (strain ATCC BAA-471 / A3(2) / M145),100226,Extracellular agarase,,,1,30,"ECO:0000255, ECO:0000269",,,,,,,,,,,,,,,,,,,,,,,,,,,,,,,,,,,,,,,,,,,,,,,,,,,,,,,,,,,,,,,,,,
P09489,1045,P09489,,Bacteria,Serratia marcescens,615,Extracellular serine protease,,,1,27,ECO:0000269,,,,,,,,,,,,,,,,,,,,,,,,,,,,,,,,,,,,,,,,,,,,,,,,,,,,,,,,,,,,,,,,,,
P0A0Y3,331,P0A0Y3,"A1IQP8, P17940",Bacteria,Neisseria meningitidis serogroup A / serotype 4A (strain DSM 15465 / Z2491),122587,Major ferric iron-binding protein,,,1,22,ECO:0000269,,,,,,,,,,,,,,,,,,,,,,,,,,,,,,,,,,,,,,,,,,,,,,,,,,,,,,,,,,,,,,,,,,
P0A1E7,151,P0A1E7,P55225,Bacteria,Salmonella enteritidis,149539,Major curlin subunit,,,1,20,ECO:0000269,,,,,,,,,,,,,,,,,,,,,,,,,,,,,,,,,,,,,,,,,,,,,,,,,,,,,,,,,,,,,,,,,,
P0A1Z2,161,P0A1Z2,P16974,Bacteria,Salmonella typhimurium (strain LT2 / SGSC1412 / ATCC 700720),99287,Chaperone protein Skp,,,1,20,ECO:0000269,,,,,,,,,,,,,,,,,,,,,,,,,,,,,,,,,,,,,,,,,,,,,,,,,,,,,,,,,,,,,,,,,,
P0A3R9,147,P0A3R9,P01550,Bacteria,Streptomyces carzinostaticus,1897,Neocarzinostatin,,,1,34,ECO:0000269,,,,,,,,,,,,,,,,,,,,,,,,,,,,,,,,,,,,,,,,,,,,,,,,,,,,,,,,,,,,,,,,,,
P0A432,272,P0A432,"P55221, Q54074",Bacteria,Synechococcus elongatus,32046,Photosystem II extrinsic protein O,,,1,26,ECO:0000269,,,,,,,,,,,,,,,,,,,,,,,,,,,,,,,,,,,,,,,,,,,,,,,,,,,,,,,,,,,,,,,,,,
P0A915,212,P0A915,"P21364, P97217, P97220",Bacteria,Escherichia coli (strain K12),83333,Outer membrane protein W,,,1,21,ECO:0000269,,,,,,,,,,,,,,,,,,,,,,,,,,,,,,,,,,,,,,,,,,,,,,,,,,,,,,,,,,,,,,,,,,
P0A917,171,P0A917,P36546,Bacteria,Escherichia coli (strain K12),83333,Outer membrane protein X,,,1,23,ECO:0000269,26,35,,45,54,,60,69,,86,95,,100,109,,130,139,,144,153,,161,170,,,,,,,,,,,,,,,,,,,,,,,,,,,,,,,,,,,,,,,,,,,
P0A9Z7,286,P0A9Z7,P14558,Bacteria,Escherichia coli,562,Beta-lactamase SHV-2,,,1,21,ECO:0000269,,,,,,,,,,,,,,,,,,,,,,,,,,,,,,,,,,,,,,,,,,,,,,,,,,,,,,,,,,,,,,,,,,
P0ABW7,171,P0ABW7,P25730,Bacteria,Escherichia coli,562,CS1 fimbrial subunit A,,,1,23,ECO:0000269,,,,,,,,,,,,,,,,,,,,,,,,,,,,,,,,,,,,,,,,,,,,,,,,,,,,,,,,,,,,,,,,,,
P0AD63,286,P0AD63,"O07941, P14557, P23982",Bacteria,Escherichia coli,562,Beta-lactamase SHV-1,,,1,21,ECO:0000269,,,,,,,,,,,,,,,,,,,,,,,,,,,,,,,,,,,,,,,,,,,,,,,,,,,,,,,,,,,,,,,,,,
P0ADU5,130,P0ADU5,"P52083, Q2M9H6",Bacteria,Escherichia coli (strain K12),83333,Protein YgiW,,,1,20,ECO:0000269,,,,,,,,,,,,,,,,,,,,,,,,,,,,,,,,,,,,,,,,,,,,,,,,,,,,,,,,,,,,,,,,,,
P0C8Z8,195,P0C8Z8,"D5CVK0, D7RNS2, Q9AME1",Bacteria,Escherichia coli O18:K1:H7 (strain IHE3034 / ExPEC),714962,Common pilus major fimbrillin subunit EcpA,,,1,22,ECO:0000269,,,,,,,,,,,,,,,,,,,,,,,,,,,,,,,,,,,,,,,,,,,,,,,,,,,,,,,,,,,,,,,,,,
P0DMR4,323,P0DMR4,"Q7DC39, Q9Z9M3",Bacteria,Pseudomonas aeruginosa,287,Phosphate-binding protein PstS,,,1,24,ECO:0000269,,,,,,,,,,,,,,,,,,,,,,,,,,,,,,,,,,,,,,,,,,,,,,,,,,,,,,,,,,,,,,,,,,
P10424,306,P10424,,Bacteria,Bacillus cereus,1396,Beta-lactamase 1,,,1,43,ECO:0000269,,,,,,,,,,,,,,,,,,,,,,,,,,,,,,,,,,,,,,,,,,,,,,,,,,,,,,,,,,,,,,,,,,
P10475,499,P10475,,Bacteria,Bacillus subtilis (strain 168),224308,Endoglucanase,,,1,29,ECO:0000269,,,,,,,,,,,,,,,,,,,,,,,,,,,,,,,,,,,,,,,,,,,,,,,,,,,,,,,,,,,,,,,,,,
P11220,610,P11220,,Bacteria,Streptomyces plicatus,1922,Chitinase 63,,,1,30,ECO:0000269,,,,,,,,,,,,,,,,,,,,,,,,,,,,,,,,,,,,,,,,,,,,,,,,,,,,,,,,,,,,,,,,,,
P11657,1565,P11657,,Bacteria,Streptococcus mutans,1309,Major cell-surface adhesin PAc,,,1,38,ECO:0000269,,,,,,,,,,,,,,,,,,,,,,,,,,,,,,,,,,,,,,,,,,,,,,,,,,,,,,,,,,,,,,,,,,
P12334,149,P12334,,Bacteria,Methylomonas sp. (strain J),32038,Azurin iso-1,,,1,21,ECO:0000269,,,,,,,,,,,,,,,,,,,,,,,,,,,,,,,,,,,,,,,,,,,,,,,,,,,,,,,,,,,,,,,,,,
P12375,328,P12375,,Bacteria,Pseudomonas syringae pv. tomato,323,Copper resistance protein B,,,1,27,ECO:0000269,,,,,,,,,,,,,,,,,,,,,,,,,,,,,,,,,,,,,,,,,,,,,,,,,,,,,,,,,,,,,,,,,,
P13113,91,P13113,,Bacteria,Serratia marcescens,615,Mercuric transport protein periplasmic component,,,1,19,ECO:0000269,,,,,,,,,,,,,,,,,,,,,,,,,,,,,,,,,,,,,,,,,,,,,,,,,,,,,,,,,,,,,,,,,,
P13421,174,P13421,,Bacteria,Serratia marcescens,615,Fimbria A protein,,,1,22,ECO:0000269,,,,,,,,,,,,,,,,,,,,,,,,,,,,,,,,,,,,,,,,,,,,,,,,,,,,,,,,,,,,,,,,,,
P14212,213,P14212,,Bacteria,Haemophilus influenzae,727,Major fimbrial subunit,,,1,20,ECO:0000269,,,,,,,,,,,,,,,,,,,,,,,,,,,,,,,,,,,,,,,,,,,,,,,,,,,,,,,,,,,,,,,,,,
P14529,326,P14529,A4F8N3,Bacteria,Saccharopolyspora erythraea (strain ATCC 11635 / DSM 40517 / JCM 4748 / NBRC 13426 / NCIMB 8594 / NRRL 2338),405948,Chitinase,,,1,35,ECO:0000269,,,,,,,,,,,,,,,,,,,,,,,,,,,,,,,,,,,,,,,,,,,,,,,,,,,,,,,,,,,,,,,,,,
P15320,1608,P15320,,Bacteria,Serratia marcescens,615,Hemolysin,,,1,30,ECO:0000269,,,,,,,,,,,,,,,,,,,,,,,,,,,,,,,,,,,,,,,,,,,,,,,,,,,,,,,,,,,,,,,,,,
P15363,403,P15363,,Bacteria,Mesomycoplasma hyorhinis,2100,High affinity transport system protein p37,,,1,23,"ECO:0000255, ECO:0000269",,,,,,,,,,,,,,,,,,,,,,,,,,,,,,,,,,,,,,,,,,,,,,,,,,,,,,,,,,,,,,,,,,
P15452,98,P15452,"D3DHZ4, E3EUH7",Bacteria,Hydrogenobacter thermophilus (strain DSM 6534 / IAM 12695 / TK-6),608538,Cytochrome c-552,,,1,18,ECO:0000269,,,,,,,,,,,,,,,,,,,,,,,,,,,,,,,,,,,,,,,,,,,,,,,,,,,,,,,,,,,,,,,,,,
P15922,602,P15922,,Bacteria,Dickeya chrysanthemi,556,Exo-poly-alpha-D-galacturonosidase,,,1,27,ECO:0000269,,,,,,,,,,,,,,,,,,,,,,,,,,,,,,,,,,,,,,,,,,,,,,,,,,,,,,,,,,,,,,,,,,
P16216,406,P16216,,Bacteria,Ruminococcus albus,1264,Endoglucanase 1,,,1,43,ECO:0000269,,,,,,,,,,,,,,,,,,,,,,,,,,,,,,,,,,,,,,,,,,,,,,,,,,,,,,,,,,,,,,,,,,
P16466,1577,P16466,,Bacteria,Proteus mirabilis,584,Hemolysin,,,1,29,ECO:0000269,,,,,,,,,,,,,,,,,,,,,,,,,,,,,,,,,,,,,,,,,,,,,,,,,,,,,,,,,,,,,,,,,,
P16699,513,P16699,,Bacteria,Caldalkalibacillus mannanilyticus (strain DSM 16130 / CIP 109019 / JCM 10596 / AM-001),1236954,"Mannan endo-1,4-beta-mannosidase A and B",,,1,26,ECO:0000269,,,,,,,,,,,,,,,,,,,,,,,,,,,,,,,,,,,,,,,,,,,,,,,,,,,,,,,,,,,,,,,,,,
P16947,389,P16947,P97165,Bacteria,Streptococcus pyogenes serotype M49,301452,"M protein, serotype 49",,,1,41,ECO:0000269,,,,,,,,,,,,,,,,,,,,,,,,,,,,,,,,,,,,,,,,,,,,,,,,,,,,,,,,,,,,,,,,,,
P16950,1475,P16950,,Bacteria,Thermoanaerobacter thermohydrosulfuricus,1516,Amylopullulanase,,,1,31,ECO:0000269,,,,,,,,,,,,,,,,,,,,,,,,,,,,,,,,,,,,,,,,,,,,,,,,,,,,,,,,,,,,,,,,,,
P17259,330,P17259,,Bacteria,Neisseria gonorrhoeae,485,Major ferric iron-binding protein,,,1,22,ECO:0000269,,,,,,,,,,,,,,,,,,,,,,,,,,,,,,,,,,,,,,,,,,,,,,,,,,,,,,,,,,,,,,,,,,
P17953,1296,P17953,,Bacteria,Enterococcus faecalis (strain ATCC 700802 / V583),226185,Aggregation substance,,,1,43,ECO:0000269,,,,,,,,,,,,,,,,,,,,,,,,,,,,,,,,,,,,,,,,,,,,,,,,,,,,,,,,,,,,,,,,,,
P17989,349,P17989,"C9RPK9, D9S550",Bacteria,Fibrobacter succinogenes (strain ATCC 19169 / S85),59374,Beta-glucanase,,,1,27,ECO:0000269,,,,,,,,,,,,,,,,,,,,,,,,,,,,,,,,,,,,,,,,,,,,,,,,,,,,,,,,,,,,,,,,,,
P18336,359,P18336,,Bacteria,Cellulomonas uda,1714,Endoglucanase,,,1,23,ECO:0000269,,,,,,,,,,,,,,,,,,,,,,,,,,,,,,,,,,,,,,,,,,,,,,,,,,,,,,,,,,,,,,,,,,
P18477,533,P18477,,Bacteria,Actinomyces viscosus,1656,Fimbrial subunit type 1,,,1,30,ECO:0000269,,,,,,,,,,,,,,,,,,,,,,,,,,,,,,,,,,,,,,,,,,,,,,,,,,,,,,,,,,,,,,,,,,
P18895,490,P18895,,Bacteria,Pseudomonas aeruginosa (strain ATCC 15692 / DSM 22644 / CIP 104116 / JCM 14847 / LMG 12228 / 1C / PRS 101 / PAO1),208964,Alginate production protein AlgE,,,1,32,ECO:0000269,,,,,,,,,,,,,,,,,,,,,,,,,,,,,,,,,,,,,,,,,,,,,,,,,,,,,,,,,,,,,,,,,,
P18958,120,P18958,Q47301,Bacteria,Dickeya chrysanthemi,556,Proteinase inhibitor,,,1,19,ECO:0000269,,,,,,,,,,,,,,,,,,,,,,,,,,,,,,,,,,,,,,,,,,,,,,,,,,,,,,,,,,,,,,,,,,
P19369,70,P19369,,Bacteria,Aeromonas hydrophila,644,Flexible pilin,,,1,24,ECO:0000269,,,,,,,,,,,,,,,,,,,,,,,,,,,,,,,,,,,,,,,,,,,,,,,,,,,,,,,,,,,,,,,,,,
P19405,462,P19405,O05498,Bacteria,Bacillus subtilis (strain 168),224308,Alkaline phosphatase 3,,,1,32,ECO:0000269,,,,,,,,,,,,,,,,,,,,,,,,,,,,,,,,,,,,,,,,,,,,,,,,,,,,,,,,,,,,,,,,,,
P19406,461,P19406,,Bacteria,Bacillus subtilis (strain 168),224308,Alkaline phosphatase 4,,,1,41,ECO:0000269,,,,,,,,,,,,,,,,,,,,,,,,,,,,,,,,,,,,,,,,,,,,,,,,,,,,,,,,,,,,,,,,,,
P19487,484,P19487,,Bacteria,Xanthomonas campestris pv. campestris (strain ATCC 33913 / DSM 3586 / NCPPB 528 / LMG 568 / P 25),190485,Major extracellular endoglucanase,,,1,25,ECO:0000269,,,,,,,,,,,,,,,,,,,,,,,,,,,,,,,,,,,,,,,,,,,,,,,,,,,,,,,,,,,,,,,,,,
P19567,152,P19567,Q43929,Bacteria,Achromobacter cycloclastes,223,Pseudoazurin,,,1,28,ECO:0000269,,,,,,,,,,,,,,,,,,,,,,,,,,,,,,,,,,,,,,,,,,,,,,,,,,,,,,,,,,,,,,,,,,
P19584,551,P19584,,Bacteria,Thermoanaerobacterium thermosulfurigenes,33950,Thermophilic beta-amylase,,,1,32,ECO:0000269,,,,,,,,,,,,,,,,,,,,,,,,,,,,,,,,,,,,,,,,,,,,,,,,,,,,,,,,,,,,,,,,,,
P20713,464,P20713,,Bacteria,Klebsiella aerogenes,548,Arylsulfatase,,,1,20,ECO:0000269,,,,,,,,,,,,,,,,,,,,,,,,,,,,,,,,,,,,,,,,,,,,,,,,,,,,,,,,,,,,,,,,,,
P21697,126,P21697,,Bacteria,Synechocystis sp. (strain ATCC 27184 / PCC 6803 / Kazusa),1111708,Plastocyanin,,,1,28,ECO:0000269,,,,,,,,,,,,,,,,,,,,,,,,,,,,,,,,,,,,,,,,,,,,,,,,,,,,,,,,,,,,,,,,,,
P21982,337,P21982,,Bacteria,Spirochaeta aurantia,147,Flagellar filament outer layer protein,,,1,21,ECO:0000269,,,,,,,,,,,,,,,,,,,,,,,,,,,,,,,,,,,,,,,,,,,,,,,,,,,,,,,,,,,,,,,,,,
P22266,345,P22266,,Bacteria,Streptomyces scabiei,1930,Esterase,,,1,39,ECO:0000269,,,,,,,,,,,,,,,,,,,,,,,,,,,,,,,,,,,,,,,,,,,,,,,,,,,,,,,,,,,,,,,,,,
P22364,131,P22364,,Bacteria,Paracoccus denitrificans,266,Amicyanin,,,1,26,ECO:0000269,,,,,,,,,,,,,,,,,,,,,,,,,,,,,,,,,,,,,,,,,,,,,,,,,,,,,,,,,,,,,,,,,,
P22390,294,P22390,,Bacteria,Citrobacter koseri,545,Beta-lactamase,,,1,27,ECO:0000269,,,,,,,,,,,,,,,,,,,,,,,,,,,,,,,,,,,,,,,,,,,,,,,,,,,,,,,,,,,,,,,,,,
P22541,429,P22541,,Bacteria,Butyrivibrio fibrisolvens,831,Endoglucanase A,,,1,34,ECO:0000269,,,,,,,,,,,,,,,,,,,,,,,,,,,,,,,,,,,,,,,,,,,,,,,,,,,,,,,,,,,,,,,,,,
P22629,183,P22629,,Bacteria,Streptomyces avidinii,1895,Streptavidin,,,1,24,ECO:0000269,,,,,,,,,,,,,,,,,,,,,,,,,,,,,,,,,,,,,,,,,,,,,,,,,,,,,,,,,,,,,,,,,,
P22940,524,P22940,,Bacteria,Orientia tsutsugamushi,784,56 kDa type-specific antigen,,,1,22,ECO:0000269,67,87,ECO:0000255,472,492,ECO:0000255,,,,,,,,,,,,,,,,,,,,,,,,,,,,,,,,,,,,,,,,,,,,,,,,,,,,,,,,,,,,
P23135,272,P23135,,Bacteria,Rhodospirillum rubrum,1085,Cytochrome c1,,,1,24,ECO:0000269,244,261,ECO:0000255,,,,,,,,,,,,,,,,,,,,,,,,,,,,,,,,,,,,,,,,,,,,,,,,,,,,,,,,,,,,,,,
P23659,986,P23659,,Bacteria,Thermoclostridium stercorarium,1510,Endoglucanase Z,,,1,25,ECO:0000269,,,,,,,,,,,,,,,,,,,,,,,,,,,,,,,,,,,,,,,,,,,,,,,,,,,,,,,,,,,,,,,,,,
P23903,682,P23903,,Bacteria,Niallia circulans,1397,"Glucan endo-1,3-beta-glucosidase A1",,,1,38,ECO:0000269,,,,,,,,,,,,,,,,,,,,,,,,,,,,,,,,,,,,,,,,,,,,,,,,,,,,,,,,,,,,,,,,,,
P23954,290,P23954,P71418,Bacteria,Klebsiella oxytoca,571,Beta-lactamase OXY-2,,,1,27,ECO:0000269,,,,,,,,,,,,,,,,,,,,,,,,,,,,,,,,,,,,,,,,,,,,,,,,,,,,,,,,,,,,,,,,,,
P24037,291,P24037,,Bacteria,Stutzerimonas stutzeri,316,Cytochrome c-552,,,1,23,ECO:0000269,,,,,,,,,,,,,,,,,,,,,,,,,,,,,,,,,,,,,,,,,,,,,,,,,,,,,,,,,,,,,,,,,,
P24093,160,P24093,,Bacteria,Escherichia coli,562,Dr hemagglutinin structural subunit,,,1,21,ECO:0000269,,,,,,,,,,,,,,,,,,,,,,,,,,,,,,,,,,,,,,,,,,,,,,,,,,,,,,,,,,,,,,,,,,
P24121,247,P24121,,Bacteria,Staphylococcus aureus,1280,Epidermal cell differentiation inhibitor,,,1,35,ECO:0000269,,,,,,,,,,,,,,,,,,,,,,,,,,,,,,,,,,,,,,,,,,,,,,,,,,,,,,,,,,,,,,,,,,
P25275,364,P25275,,Bacteria,Pseudomonas sp. (strain KWI-56),311,Triacylglycerol lipase,,,1,44,ECO:0000269,,,,,,,,,,,,,,,,,,,,,,,,,,,,,,,,,,,,,,,,,,,,,,,,,,,,,,,,,,,,,,,,,,
P26221,880,P26221,Q08167,Bacteria,Thermobifida fusca,2021,Endoglucanase E-4,,,1,46,ECO:0000269,,,,,,,,,,,,,,,,,,,,,,,,,,,,,,,,,,,,,,,,,,,,,,,,,,,,,,,,,,,,,,,,,,
P26501,776,P26501,,Bacteria,Pseudomonas sp. (strain SMP1),72588,Isoamylase,,,1,26,ECO:0000269,,,,,,,,,,,,,,,,,,,,,,,,,,,,,,,,,,,,,,,,,,,,,,,,,,,,,,,,,,,,,,,,,,
P27032,332,P27032,E0SES8,Bacteria,Dickeya dadantii (strain 3937),198628,Minor endoglucanase Y,,,1,23,ECO:0000269,,,,,,,,,,,,,,,,,,,,,,,,,,,,,,,,,,,,,,,,,,,,,,,,,,,,,,,,,,,,,,,,,,
P27033,747,P27033,B3PDK2,Bacteria,Cellvibrio japonicus (strain Ueda107),498211,Endoglucanase C,,,1,37,ECO:0000269,,,,,,,,,,,,,,,,,,,,,,,,,,,,,,,,,,,,,,,,,,,,,,,,,,,,,,,,,,,,,,,,,,
P27035,459,P27035,,Bacteria,Streptomyces lividans,1916,Endoglucanase CelA,,,1,27,ECO:0000269,,,,,,,,,,,,,,,,,,,,,,,,,,,,,,,,,,,,,,,,,,,,,,,,,,,,,,,,,,,,,,,,,,
P27050,524,P27050,,Bacteria,Niallia circulans,1397,Chitinase D,,,1,30,ECO:0000269,,,,,,,,,,,,,,,,,,,,,,,,,,,,,,,,,,,,,,,,,,,,,,,,,,,,,,,,,,,,,,,,,,
P27477,320,P27477,Q31MK0,Bacteria,Synechococcus elongatus (strain ATCC 33912 / PCC 7942 / FACHB-805),1140,Putative thiosulfate sulfurtransferase,,,1,37,ECO:0000269,,,,,,,,,,,,,,,,,,,,,,,,,,,,,,,,,,,,,,,,,,,,,,,,,,,,,,,,,,,,,,,,,,
P28581,249,P28581,,Bacteria,Morganella morganii,582,Major phosphate-irrepressible acid phosphatase,,,1,20,ECO:0000269,,,,,,,,,,,,,,,,,,,,,,,,,,,,,,,,,,,,,,,,,,,,,,,,,,,,,,,,,,,,,,,,,,
P29399,63,P29399,Q9WWQ5,Bacteria,Alteromonas sp. (strain B-10-31),29456,Marinostatin-L,,,1,29,ECO:0000269,,,,,,,,,,,,,,,,,,,,,,,,,,,,,,,,,,,,,,,,,,,,,,,,,,,,,,,,,,,,,,,,,,
P29739,326,P29739,,Bacteria,Photobacterium profundum (strain SS9),298386,Porin-like protein H,,,1,19,ECO:0000269,,,,,,,,,,,,,,,,,,,,,,,,,,,,,,,,,,,,,,,,,,,,,,,,,,,,,,,,,,,,,,,,,,
P29822,422,P29822,,Bacteria,Agrobacterium radiobacter,362,Lactose-binding protein,,,1,28,ECO:0000269,,,,,,,,,,,,,,,,,,,,,,,,,,,,,,,,,,,,,,,,,,,,,,,,,,,,,,,,,,,,,,,,,,
P30130,878,P30130,Q2M5Z6,Bacteria,Escherichia coli (strain K12),83333,Outer membrane usher protein FimD,,,1,45,ECO:0000269,,,,,,,,,,,,,,,,,,,,,,,,,,,,,,,,,,,,,,,,,,,,,,,,,,,,,,,,,,,,,,,,,,
P30859,243,P30859,P77640,Bacteria,Escherichia coli (strain K12),83333,Putative ABC transporter arginine-binding protein 2,,,1,19,ECO:0000269,,,,,,,,,,,,,,,,,,,,,,,,,,,,,,,,,,,,,,,,,,,,,,,,,,,,,,,,,,,,,,,,,,
P31715,323,P31715,,Bacteria,Staphylococcus aureus,1280,Leukocidin-F subunit,,,1,25,ECO:0000269,,,,,,,,,,,,,,,,,,,,,,,,,,,,,,,,,,,,,,,,,,,,,,,,,,,,,,,,,,,,,,,,,,
P31716,315,P31716,,Bacteria,Staphylococcus aureus,1280,Leukocidin-S subunit,,,1,29,ECO:0000269,,,,,,,,,,,,,,,,,,,,,,,,,,,,,,,,,,,,,,,,,,,,,,,,,,,,,,,,,,,,,,,,,,
P32520,320,P32520,P80157,Bacteria,Brachyspira hyodysenteriae,159,Flagellar filament outer layer protein flaA1,,,1,19,ECO:0000269,,,,,,,,,,,,,,,,,,,,,,,,,,,,,,,,,,,,,,,,,,,,,,,,,,,,,,,,,,,,,,,,,,
P33136,511,P33136,,Bacteria,Escherichia coli (strain K12),83333,Glucans biosynthesis protein G,,,1,22,ECO:0000269,,,,,,,,,,,,,,,,,,,,,,,,,,,,,,,,,,,,,,,,,,,,,,,,,,,,,,,,,,,,,,,,,,
P33379,639,P33379,,Bacteria,Listeria monocytogenes serovar 1/2a (strain ATCC BAA-679 / EGD-e),169963,Actin assembly-inducing protein,,,1,29,ECO:0000269,613,633,ECO:0000255,,,,,,,,,,,,,,,,,,,,,,,,,,,,,,,,,,,,,,,,,,,,,,,,,,,,,,,,,,,,,,,
P33406,159,P33406,,Bacteria,Yersinia enterocolitica,630,Fimbrial protein MyfA,,,1,29,ECO:0000269,,,,,,,,,,,,,,,,,,,,,,,,,,,,,,,,,,,,,,,,,,,,,,,,,,,,,,,,,,,,,,,,,,
P33682,321,P33682,,Bacteria,Streptomyces halstedii,1944,Endoglucanase 1,,,1,27,ECO:0000269,,,,,,,,,,,,,,,,,,,,,,,,,,,,,,,,,,,,,,,,,,,,,,,,,,,,,,,,,,,,,,,,,,
P34210,315,P34210,,Bacteria,Escherichia coli (strain K12),83333,Outer membrane protease OmpP,,,1,23,ECO:0000269,,,,,,,,,,,,,,,,,,,,,,,,,,,,,,,,,,,,,,,,,,,,,,,,,,,,,,,,,,,,,,,,,,
P35706,144,P35706,,Bacteria,Streptomyces longisporus,1948,Trypsin inhibitor STI2,,,1,34,ECO:0000269,,,,,,,,,,,,,,,,,,,,,,,,,,,,,,,,,,,,,,,,,,,,,,,,,,,,,,,,,,,,,,,,,,
P35811,608,P35811,"C9RKP6, D9S812",Bacteria,Fibrobacter succinogenes (strain ATCC 19169 / S85),59374,"Endo-1,4-beta-xylanase C",,,1,25,ECO:0000269,,,,,,,,,,,,,,,,,,,,,,,,,,,,,,,,,,,,,,,,,,,,,,,,,,,,,,,,,,,,,,,,,,
P35823,502,P35823,,Bacteria,Aeromonas salmonicida,645,S-layer protein,,,1,21,ECO:0000269,,,,,,,,,,,,,,,,,,,,,,,,,,,,,,,,,,,,,,,,,,,,,,,,,,,,,,,,,,,,,,,,,,
P37648,498,P37648,Q2M7I9,Bacteria,Escherichia coli (strain K12),83333,Protein YhjJ,,,1,24,ECO:0000269,,,,,,,,,,,,,,,,,,,,,,,,,,,,,,,,,,,,,,,,,,,,,,,,,,,,,,,,,,,,,,,,,,
P37696,342,P37696,,Bacteria,Novacetimonas hansenii,436,Probable endoglucanase,,,1,20,ECO:0000269,,,,,,,,,,,,,,,,,,,,,,,,,,,,,,,,,,,,,,,,,,,,,,,,,,,,,,,,,,,,,,,,,,
P37726,326,P37726,,Bacteria,Pseudomonas fluorescens,294,Outer membrane porin F,,,1,24,ECO:0000269,,,,,,,,,,,,,,,,,,,,,,,,,,,,,,,,,,,,,,,,,,,,,,,,,,,,,,,,,,,,,,,,,,
P37735,333,P37735,,Bacteria,Rhodobacter capsulatus,1061,C4-dicarboxylate-binding periplasmic protein DctP,,,1,26,ECO:0000269,,,,,,,,,,,,,,,,,,,,,,,,,,,,,,,,,,,,,,,,,,,,,,,,,,,,,,,,,,,,,,,,,,
P37921,185,P37921,,Bacteria,Salmonella typhimurium (strain LT2 / SGSC1412 / ATCC 700720),99287,"Type-1 fimbrial protein, A chain",,,1,22,ECO:0000269,,,,,,,,,,,,,,,,,,,,,,,,,,,,,,,,,,,,,,,,,,,,,,,,,,,,,,,,,,,,,,,,,,
P38008,1034,P38008,O84878,Bacteria,Chlamydia trachomatis serovar D (strain ATCC VR-885 / DSM 19411 / UW-3/Cx),272561,Probable outer membrane protein PmpF,,,1,25,ECO:0000269,,,,,,,,,,,,,,,,,,,,,,,,,,,,,,,,,,,,,,,,,,,,,,,,,,,,,,,,,,,,,,,,,,
P38059,439,P38059,,Bacteria,Lactobacillus helveticus,1587,S-layer protein,,,1,30,ECO:0000269,,,,,,,,,,,,,,,,,,,,,,,,,,,,,,,,,,,,,,,,,,,,,,,,,,,,,,,,,,,,,,,,,,
P38368,353,P38368,,Bacteria,Haemophilus influenzae,727,Outer membrane protein P5,,,1,21,"ECO:0000255, ECO:0000269",27,37,ECO:0000255,58,69,ECO:0000255,77,85,ECO:0000255,104,115,ECO:0000255,120,128,ECO:0000255,158,167,ECO:0000255,172,179,ECO:0000255,205,213,ECO:0000255,,,,,,,,,,,,,,,,,,,,,,,,,,,,,,,,,,,,,,,,,,
P38577,61,P38577,,Bacteria,Leuconostoc mesenteroides,1245,Bacteriocin mesentericin Y105,,,1,24,ECO:0000269,,,,,,,,,,,,,,,,,,,,,,,,,,,,,,,,,,,,,,,,,,,,,,,,,,,,,,,,,,,,,,,,,,
P38683,342,P38683,P75888,Bacteria,Escherichia coli (strain K12),83333,Periplasmic protein TorT,,,1,18,ECO:0000269,,,,,,,,,,,,,,,,,,,,,,,,,,,,,,,,,,,,,,,,,,,,,,,,,,,,,,,,,,,,,,,,,,
P39824,306,P39824,O34848,Bacteria,Bacillus subtilis (strain 168),224308,Beta-lactamase,,,1,36,ECO:0000269,,,,,,,,,,,,,,,,,,,,,,,,,,,,,,,,,,,,,,,,,,,,,,,,,,,,,,,,,,,,,,,,,,
P40601,645,P40601,,Bacteria,Photorhabdus luminescens,29488,Lipase 1,,,1,24,ECO:0000269,,,,,,,,,,,,,,,,,,,,,,,,,,,,,,,,,,,,,,,,,,,,,,,,,,,,,,,,,,,,,,,,,,
P40943,407,P40943,Q09LX3,Bacteria,Geobacillus stearothermophilus,1422,"Endo-1,4-beta-xylanase",,,1,28,ECO:0000269,,,,,,,,,,,,,,,,,,,,,,,,,,,,,,,,,,,,,,,,,,,,,,,,,,,,,,,,,,,,,,,,,,
P42111,410,P42111,"O32290, P42110",Bacteria,Bacillus subtilis (strain 168),224308,Uncharacterized protein YxaL,,,1,41,ECO:0000269,,,,,,,,,,,,,,,,,,,,,,,,,,,,,,,,,,,,,,,,,,,,,,,,,,,,,,,,,,,,,,,,,,
P42251,583,P42251,,Bacteria,Bacillus subtilis (strain 168),224308,Alkaline phosphatase D,,,1,56,ECO:0000269,,,,,,,,,,,,,,,,,,,,,,,,,,,,,,,,,,,,,,,,,,,,,,,,,,,,,,,,,,,,,,,,,,
P42512,720,P42512,,Bacteria,Pseudomonas aeruginosa (strain ATCC 15692 / DSM 22644 / CIP 104116 / JCM 14847 / LMG 12228 / 1C / PRS 101 / PAO1),208964,Fe(3+)-pyochelin receptor,,,1,38,ECO:0000269,,,,,,,,,,,,,,,,,,,,,,,,,,,,,,,,,,,,,,,,,,,,,,,,,,,,,,,,,,,,,,,,,,
P43131,326,P43131,,Bacteria,Brevibacillus choshinensis,54911,Protease inhibitor,,,1,24,ECO:0000269,,,,,,,,,,,,,,,,,,,,,,,,,,,,,,,,,,,,,,,,,,,,,,,,,,,,,,,,,,,,,,,,,,
P43302,210,P43302,,Bacteria,Azotobacter vinelandii,354,Cytochrome c4,,,1,20,ECO:0000269,,,,,,,,,,,,,,,,,,,,,,,,,,,,,,,,,,,,,,,,,,,,,,,,,,,,,,,,,,,,,,,,,,
P43843,349,P43843,,Bacteria,Haemophilus influenzae (strain ATCC 51907 / DSM 11121 / KW20 / Rd),71421,Probable L-asparaginase periplasmic,,,1,21,ECO:0000269,,,,,,,,,,,,,,,,,,,,,,,,,,,,,,,,,,,,,,,,,,,,,,,,,,,,,,,,,,,,,,,,,,
P44526,337,P44526,,Bacteria,Haemophilus influenzae (strain ATCC 51907 / DSM 11121 / KW20 / Rd),71421,High-affinity zinc uptake system protein ZnuA,,,1,23,ECO:0000269,,,,,,,,,,,,,,,,,,,,,,,,,,,,,,,,,,,,,,,,,,,,,,,,,,,,,,,,,,,,,,,,,,
P44544,375,P44544,,Bacteria,Haemophilus influenzae (strain ATCC 51907 / DSM 11121 / KW20 / Rd),71421,N-acetylneuraminate epimerase,,,1,22,ECO:0000269,,,,,,,,,,,,,,,,,,,,,,,,,,,,,,,,,,,,,,,,,,,,,,,,,,,,,,,,,,,,,,,,,,
P44883,331,P44883,,Bacteria,Haemophilus influenzae (strain ATCC 51907 / DSM 11121 / KW20 / Rd),71421,D-galactose/methyl-galactoside binding periplasmic protein MglB,,,1,24,ECO:0000269,,,,,,,,,,,,,,,,,,,,,,,,,,,,,,,,,,,,,,,,,,,,,,,,,,,,,,,,,,,,,,,,,,
P45323,254,P45323,,Bacteria,Haemophilus influenzae (strain ATCC 51907 / DSM 11121 / KW20 / Rd),71421,Molybdate-binding protein ModA,,,1,24,ECO:0000269,,,,,,,,,,,,,,,,,,,,,,,,,,,,,,,,,,,,,,,,,,,,,,,,,,,,,,,,,,,,,,,,,,
P45354,928,P45354,,Bacteria,Haemophilus influenzae,727,Heme/hemopexin-binding protein,,,1,21,ECO:0000269,,,,,,,,,,,,,,,,,,,,,,,,,,,,,,,,,,,,,,,,,,,,,,,,,,,,,,,,,,,,,,,,,,
P46445,120,P46445,,Bacteria,Synechocystis sp. (strain ATCC 27184 / PCC 6803 / Kazusa),1111708,Cytochrome c6,,,1,35,ECO:0000269,,,,,,,,,,,,,,,,,,,,,,,,,,,,,,,,,,,,,,,,,,,,,,,,,,,,,,,,,,,,,,,,,,
P48823,598,P48823,,Bacteria,Pseudoalteromonas piscicida,43662,Beta-hexosaminidase A,,,1,11,ECO:0000269,,,,,,,,,,,,,,,,,,,,,,,,,,,,,,,,,,,,,,,,,,,,,,,,,,,,,,,,,,,,,,,,,,
P48982,598,P48982,,Bacteria,Xanthomonas manihotis,43353,Beta-galactosidase,,,1,21,ECO:0000269,,,,,,,,,,,,,,,,,,,,,,,,,,,,,,,,,,,,,,,,,,,,,,,,,,,,,,,,,,,,,,,,,,
P49051,814,P49051,"Q6I2R3, Q6KWJ4",Bacteria,Bacillus anthracis,1392,S-layer protein sap,,,1,29,ECO:0000269,,,,,,,,,,,,,,,,,,,,,,,,,,,,,,,,,,,,,,,,,,,,,,,,,,,,,,,,,,,,,,,,,,
P51529,383,P51529,,Bacteria,Streptomyces lividans,1916,"Mannan endo-1,4-beta-mannosidase",,,1,35,ECO:0000269,,,,,,,,,,,,,,,,,,,,,,,,,,,,,,,,,,,,,,,,,,,,,,,,,,,,,,,,,,,,,,,,,,
P51752,230,P51752,,Bacteria,Coxiella burnetii (strain RSA 493 / Nine Mile phase I),227377,Peptidyl-prolyl cis-trans isomerase Mip,,,1,21,ECO:0000269,,,,,,,,,,,,,,,,,,,,,,,,,,,,,,,,,,,,,,,,,,,,,,,,,,,,,,,,,,,,,,,,,,
P54700,245,P54700,,Bacteria,Salmonella typhimurium (strain LT2 / SGSC1412 / ATCC 700720),99287,Flagellar biosynthetic protein FliP,,,1,21,ECO:0000269,45,65,ECO:0000255,88,108,ECO:0000255,185,205,ECO:0000255,209,229,ECO:0000255,,,,,,,,,,,,,,,,,,,,,,,,,,,,,,,,,,,,,,,,,,,,,,,,,,,,,,
P55929,334,P55929,,Bacteria,Nitrosomonas europaea (strain ATCC 19718 / CIP 103999 / KCTC 2705 / NBRC 14298),228410,Cytochrome c551 peroxidase,,,1,26,ECO:0000269,,,,,,,,,,,,,,,,,,,,,,,,,,,,,,,,,,,,,,,,,,,,,,,,,,,,,,,,,,,,,,,,,,
P59206,702,P59206,Q9Z4P7,Bacteria,Streptococcus pneumoniae (strain ATCC BAA-255 / R6),171101,Putative endo-beta-N-acetylglucosaminidase,,,1,23,ECO:0000269,,,,,,,,,,,,,,,,,,,,,,,,,,,,,,,,,,,,,,,,,,,,,,,,,,,,,,,,,,,,,,,,,,
P60158,233,P60158,"Q9LAB6, Q9LBE4",Bacteria,Staphylococcus aureus,1280,Probable transglycosylase IsaA,,,1,29,ECO:0000269,,,,,,,,,,,,,,,,,,,,,,,,,,,,,,,,,,,,,,,,,,,,,,,,,,,,,,,,,,,,,,,,,,
P77269,327,P77269,P76994,Bacteria,Escherichia coli (strain K12),83333,ABC transporter periplasmic-binding protein YphF,,,1,26,ECO:0000269,,,,,,,,,,,,,,,,,,,,,,,,,,,,,,,,,,,,,,,,,,,,,,,,,,,,,,,,,,,,,,,,,,
P80172,375,P80172,,Bacteria,Bacillus cereus,1396,Hemolysin BL-binding component,,,1,31,ECO:0000269,232,252,ECO:0000255,,,,,,,,,,,,,,,,,,,,,,,,,,,,,,,,,,,,,,,,,,,,,,,,,,,,,,,,,,,,,,,
P80401,145,P80401,,Bacteria,Paracoccus pantotrophus,82367,Pseudoazurin,,,1,22,ECO:0000269,,,,,,,,,,,,,,,,,,,,,,,,,,,,,,,,,,,,,,,,,,,,,,,,,,,,,,,,,,,,,,,,,,
P80549,94,P80549,D3RTW7,Bacteria,Allochromatium vinosum (strain ATCC 17899 / DSM 180 / NBRC 103801 / NCIMB 10441 / D),572477,Cytochrome c-551,,,1,14,ECO:0000269,,,,,,,,,,,,,,,,,,,,,,,,,,,,,,,,,,,,,,,,,,,,,,,,,,,,,,,,,,,,,,,,,,
P80672,424,P80672,"Q0P8Z7, Q9PN38",Bacteria,Campylobacter jejuni subsp. jejuni serotype O:2 (strain ATCC 700819 / NCTC 11168),192222,Major outer membrane protein,,,1,22,ECO:0000269,,,,,,,,,,,,,,,,,,,,,,,,,,,,,,,,,,,,,,,,,,,,,,,,,,,,,,,,,,,,,,,,,,
P81549,743,P81549,,Bacteria,Bordetella pertussis (strain Tohama I / ATCC BAA-589 / NCTC 13251),257313,Probable TonB-dependent receptor BfrD,,,1,30,ECO:0000269,,,,,,,,,,,,,,,,,,,,,,,,,,,,,,,,,,,,,,,,,,,,,,,,,,,,,,,,,,,,,,,,,,
P81894,90,P81894,Q39RK4,Bacteria,Geobacter metallireducens (strain ATCC 53774 / DSM 7210 / GS-15),269799,Cytochrome c7,,,1,20,ECO:0000269,,,,,,,,,,,,,,,,,,,,,,,,,,,,,,,,,,,,,,,,,,,,,,,,,,,,,,,,,,,,,,,,,,
P83544,148,P83544,N1NVD6,Bacteria,Streptomyces mobaraensis,35621,Transglutaminase-activating metalloprotease inhibitor,,,1,38,ECO:0000269,,,,,,,,,,,,,,,,,,,,,,,,,,,,,,,,,,,,,,,,,,,,,,,,,,,,,,,,,,,,,,,,,,
P9WG65,173,P9WG65,"L0TAX0, P0A618, Q10804",Bacteria,Mycobacterium tuberculosis (strain ATCC 25618 / H37Rv),83332,Soluble secreted antigen MPT53,,,1,38,ECO:0000269,,,,,,,,,,,,,,,,,,,,,,,,,,,,,,,,,,,,,,,,,,,,,,,,,,,,,,,,,,,,,,,,,,
P9WIN9,228,P9WIN9,"L0TB55, P0A5Q4, P19996",Bacteria,Mycobacterium tuberculosis (strain ATCC 25618 / H37Rv),83332,Immunogenic protein MPT64,,,1,23,ECO:0000269,,,,,,,,,,,,,,,,,,,,,,,,,,,,,,,,,,,,,,,,,,,,,,,,,,,,,,,,,,,,,,,,,,
Q02113,705,Q02113,,Bacteria,Bacillus subtilis (strain 168),224308,Amidase enhancer,,,1,25,ECO:0000269,,,,,,,,,,,,,,,,,,,,,,,,,,,,,,,,,,,,,,,,,,,,,,,,,,,,,,,,,,,,,,,,,,
Q03011,175,Q03011,B4EUJ9,Bacteria,Proteus mirabilis (strain HI4320),529507,Major MR/P fimbria protein,,,1,23,ECO:0000269,,,,,,,,,,,,,,,,,,,,,,,,,,,,,,,,,,,,,,,,,,,,,,,,,,,,,,,,,,,,,,,,,,
Q04064,385,Q04064,,Bacteria,Bordetella pertussis (strain Tohama I / ATCC BAA-589 / NCTC 13251),257313,Outer membrane porin protein BP0840,,,1,20,ECO:0000269,,,,,,,,,,,,,,,,,,,,,,,,,,,,,,,,,,,,,,,,,,,,,,,,,,,,,,,,,,,,,,,,,,
Q04681,184,Q04681,B4F036,Bacteria,Proteus mirabilis (strain HI4320),529507,Major fimbrial subunit,,,1,22,ECO:0000269,,,,,,,,,,,,,,,,,,,,,,,,,,,,,,,,,,,,,,,,,,,,,,,,,,,,,,,,,,,,,,,,,,
Q05156,746,Q05156,,Bacteria,Streptomyces reticuli,1926,Cellulase 1,,,1,29,ECO:0000269,,,,,,,,,,,,,,,,,,,,,,,,,,,,,,,,,,,,,,,,,,,,,,,,,,,,,,,,,,,,,,,,,,
Q05202,758,Q05202,,Bacteria,Yersinia enterocolitica,630,Ferrichrome receptor FcuA,,,1,36,ECO:0000269,,,,,,,,,,,,,,,,,,,,,,,,,,,,,,,,,,,,,,,,,,,,,,,,,,,,,,,,,,,,,,,,,,
Q05811,366,Q05811,,Bacteria,Rhizobium leguminosarum bv. viciae,387,Outer membrane protein IIIA,,,1,22,ECO:0000269,,,,,,,,,,,,,,,,,,,,,,,,,,,,,,,,,,,,,,,,,,,,,,,,,,,,,,,,,,,,,,,,,,
Q05918,294,Q05918,,Bacteria,Nostoc commune,1178,Tyrosine-protein phosphatase,,,1,24,ECO:0000269,,,,,,,,,,,,,,,,,,,,,,,,,,,,,,,,,,,,,,,,,,,,,,,,,,,,,,,,,,,,,,,,,,
Q06110,143,Q06110,,Bacteria,Streptomyces globisporus,1908,Antitumor antibiotic C-1027 apoprotein,,,1,33,ECO:0000269,,,,,,,,,,,,,,,,,,,,,,,,,,,,,,,,,,,,,,,,,,,,,,,,,,,,,,,,,,,,,,,,,,
Q06987,908,Q06987,,Bacteria,Neisseria meningitidis serogroup B,491,Transferrin-binding protein A,,,1,24,ECO:0000269,,,,,,,,,,,,,,,,,,,,,,,,,,,,,,,,,,,,,,,,,,,,,,,,,,,,,,,,,,,,,,,,,,
Q09056,911,Q09056,,Bacteria,Neisseria meningitidis serogroup B,491,Transferrin-binding protein A,,,1,24,ECO:0000269,,,,,,,,,,,,,,,,,,,,,,,,,,,,,,,,,,,,,,,,,,,,,,,,,,,,,,,,,,,,,,,,,,
Q0JRK4,942,Q0JRK4,,Bacteria,Pseudoalteromonas carrageenovora,227,Lambda-carrageenase,,,1,25,ECO:0000269,,,,,,,,,,,,,,,,,,,,,,,,,,,,,,,,,,,,,,,,,,,,,,,,,,,,,,,,,,,,,,,,,,
Q0P9X8,259,Q0P9X8,P45678,Bacteria,Campylobacter jejuni subsp. jejuni serotype O:2 (strain ATCC 700819 / NCTC 11168),192222,Major cell-binding factor,,,1,26,ECO:0000269,,,,,,,,,,,,,,,,,,,,,,,,,,,,,,,,,,,,,,,,,,,,,,,,,,,,,,,,,,,,,,,,,,
Q0TUS0,500,Q0TUS0,P19995,Bacteria,Clostridium perfringens (strain ATCC 13124 / DSM 756 / JCM 1290 / NCIMB 6125 / NCTC 8237 / Type A),195103,Perfringolysin O,,,1,28,ECO:0000269,189,202,ECO:0000250,209,218,ECO:0000250,287,296,ECO:0000250,304,316,ECO:0000250,,,,,,,,,,,,,,,,,,,,,,,,,,,,,,,,,,,,,,,,,,,,,,,,,,,,,,
Q0Z8B6,74,Q0Z8B6,,Bacteria,Enterococcus hirae,1354,Bacteriocin hiracin-JM79,,,1,30,ECO:0000269,,,,,,,,,,,,,,,,,,,,,,,,,,,,,,,,,,,,,,,,,,,,,,,,,,,,,,,,,,,,,,,,,,
Q2FV52,233,Q2FV52,,Bacteria,Staphylococcus aureus (strain NCTC 8325 / PS 47),93061,Probable transglycosylase IsaA,,,1,29,ECO:0000269,,,,,,,,,,,,,,,,,,,,,,,,,,,,,,,,,,,,,,,,,,,,,,,,,,,,,,,,,,,,,,,,,,
Q2FXC2,235,Q2FXC2,Q9KH51,Bacteria,Staphylococcus aureus (strain NCTC 8325 / PS 47),93061,Serine protease SplA,,,1,35,ECO:0000269,,,,,,,,,,,,,,,,,,,,,,,,,,,,,,,,,,,,,,,,,,,,,,,,,,,,,,,,,,,,,,,,,,
Q2FXC4,239,Q2FXC4,Q9KH49,Bacteria,Staphylococcus aureus (strain NCTC 8325 / PS 47),93061,Serine protease SplC,,,1,36,ECO:0000269,,,,,,,,,,,,,,,,,,,,,,,,,,,,,,,,,,,,,,,,,,,,,,,,,,,,,,,,,,,,,,,,,,
Q2FXC8,239,Q2FXC8,Q9KH46,Bacteria,Staphylococcus aureus (strain NCTC 8325 / PS 47),93061,Serine protease SplF,,,1,36,ECO:0000269,,,,,,,,,,,,,,,,,,,,,,,,,,,,,,,,,,,,,,,,,,,,,,,,,,,,,,,,,,,,,,,,,,
Q3J164,145,Q3J164,"P00095, Q93V25",Bacteria,Cereibacter sphaeroides (strain ATCC 17023 / DSM 158 / JCM 6121 / CCUG 31486 / LMG 2827 / NBRC 12203 / NCIMB 8253 / ATH 2.4.1.),272943,Cytochrome c2,,,1,21,ECO:0000269,,,,,,,,,,,,,,,,,,,,,,,,,,,,,,,,,,,,,,,,,,,,,,,,,,,,,,,,,,,,,,,,,,
Q3MUH7,1027,Q3MUH7,,Bacteria,Paenibacillus sp,58172,Xyloglucanase,,,1,32,ECO:0000269,,,,,,,,,,,,,,,,,,,,,,,,,,,,,,,,,,,,,,,,,,,,,,,,,,,,,,,,,,,,,,,,,,
Q44856,118,Q44856,,Bacteria,Brevibacillus choshinensis,54911,Disulfide bond formation protein,,,1,27,ECO:0000269,,,,,,,,,,,,,,,,,,,,,,,,,,,,,,,,,,,,,,,,,,,,,,,,,,,,,,,,,,,,,,,,,,
Q46203,402,Q46203,F0T5L2,Bacteria,Chlamydophila psittaci (strain ATCC VR-125 / 6BC),331636,Major outer membrane porin,,,1,22,ECO:0000269,,,,,,,,,,,,,,,,,,,,,,,,,,,,,,,,,,,,,,,,,,,,,,,,,,,,,,,,,,,,,,,,,,
Q47223,184,Q47223,P94764,Bacteria,Escherichia coli,562,"Type-1 fimbrial protein, A chain",,,1,23,ECO:0000269,,,,,,,,,,,,,,,,,,,,,,,,,,,,,,,,,,,,,,,,,,,,,,,,,,,,,,,,,,,,,,,,,,
Q47459,144,Q47459,,Bacteria,Escherichia coli,562,Probable copper-binding protein PcoE,,,1,20,ECO:0000269,,,,,,,,,,,,,,,,,,,,,,,,,,,,,,,,,,,,,,,,,,,,,,,,,,,,,,,,,,,,,,,,,,
Q47706,421,Q47706,"P76178, Q2MB74",Bacteria,Escherichia coli (strain K12),83333,Membrane-associated protein UidC,,,1,23,ECO:0000269,,,,,,,,,,,,,,,,,,,,,,,,,,,,,,,,,,,,,,,,,,,,,,,,,,,,,,,,,,,,,,,,,,
Q47952,972,Q47952,Q47957,Bacteria,Haemophilus ducreyi (strain 35000HP / ATCC 700724),233412,Hemoglobin and hemoglobin-haptoglobin-binding protein,,,1,22,"ECO:0000269, ECO:0000303",,,,,,,,,,,,,,,,,,,,,,,,,,,,,,,,,,,,,,,,,,,,,,,,,,,,,,,,,,,,,,,,,,
Q48245,1287,Q48245,Q9R5K9,Bacteria,Helicobacter pylori,210,Vacuolating cytotoxin autotransporter,,,1,33,ECO:0000269,,,,,,,,,,,,,,,,,,,,,,,,,,,,,,,,,,,,,,,,,,,,,,,,,,,,,,,,,,,,,,,,,,
Q51485,454,Q51485,Q9R4Z9,Bacteria,Pseudomonas aeruginosa (strain ATCC 15692 / DSM 22644 / CIP 104116 / JCM 14847 / LMG 12228 / 1C / PRS 101 / PAO1),208964,Porin B,,,1,31,ECO:0000269,,,,,,,,,,,,,,,,,,,,,,,,,,,,,,,,,,,,,,,,,,,,,,,,,,,,,,,,,,,,,,,,,,
Q57483,197,Q57483,"Q9S690, Q9S691, Q9S692, Q9S699",Bacteria,Haemophilus influenzae (strain ATCC 51907 / DSM 11121 / KW20 / Rd),71421,Outer membrane protein 26,,,1,23,ECO:0000269,,,,,,,,,,,,,,,,,,,,,,,,,,,,,,,,,,,,,,,,,,,,,,,,,,,,,,,,,,,,,,,,,,
Q58AD3,94,Q58AD3,,Bacteria,Cupriavidus metallidurans (strain ATCC 43123 / DSM 2839 / NBRC 102507 / CH34),266264,Copper resistance protein K,,,1,20,ECO:0000269,,,,,,,,,,,,,,,,,,,,,,,,,,,,,,,,,,,,,,,,,,,,,,,,,,,,,,,,,,,,,,,,,,
Q59478,307,Q59478,,Bacteria,Klebsiella pneumoniae,573,Alginate lyase,,,1,20,ECO:0000269,,,,,,,,,,,,,,,,,,,,,,,,,,,,,,,,,,,,,,,,,,,,,,,,,,,,,,,,,,,,,,,,,,
Q5HEA4,231,Q5HEA4,,Bacteria,Staphylococcus aureus (strain COL),93062,Probable transglycosylase SceD,,,1,27,ECO:0000269,,,,,,,,,,,,,,,,,,,,,,,,,,,,,,,,,,,,,,,,,,,,,,,,,,,,,,,,,,,,,,,,,,
Q5N0R0,357,Q5N0R0,O06850,Bacteria,Synechococcus sp. (strain ATCC 27144 / PCC 6301 / SAUG 1402/1),269084,Iron deficiency-induced protein A,,,1,36,"ECO:0000255, ECO:0000269",,,,,,,,,,,,,,,,,,,,,,,,,,,,,,,,,,,,,,,,,,,,,,,,,,,,,,,,,,,,,,,,,,
Q5SME3,148,Q5SME3,,Bacteria,Thermus thermophilus (strain ATCC 27634 / DSM 579 / HB8),300852,Cytochrome c-552,,,1,17,ECO:0000269,,,,,,,,,,,,,,,,,,,,,,,,,,,,,,,,,,,,,,,,,,,,,,,,,,,,,,,,,,,,,,,,,,
Q6RUF5,800,Q6RUF5,,Bacteria,Clostridium perfringens,1502,"Blood-group-substance endo-1,4-beta-galactosidase",,,1,35,ECO:0000269,,,,,,,,,,,,,,,,,,,,,,,,,,,,,,,,,,,,,,,,,,,,,,,,,,,,,,,,,,,,,,,,,,
Q70YI1,233,Q70YI1,"P20380, P69059, Q549M0",Bacteria,Legionella pneumophila,446,Outer membrane protein MIP,,,1,20,ECO:0000269,,,,,,,,,,,,,,,,,,,,,,,,,,,,,,,,,,,,,,,,,,,,,,,,,,,,,,,,,,,,,,,,,,
Q8DJE2,175,Q8DJE2,Q7DI24,Bacteria,Thermosynechococcus vestitus (strain NIES-2133 / IAM M-273 / BP-1),197221,Cytochrome c-550-like protein,,,1,34,ECO:0000269,,,,,,,,,,,,,,,,,,,,,,,,,,,,,,,,,,,,,,,,,,,,,,,,,,,,,,,,,,,,,,,,,,
Q8GPG1,265,Q8GPG1,,Bacteria,Rhodovulum sulfidophilum,35806,Dimethylsulfide dehydrogenase subunit gamma,,,1,25,ECO:0000269,,,,,,,,,,,,,,,,,,,,,,,,,,,,,,,,,,,,,,,,,,,,,,,,,,,,,,,,,,,,,,,,,,
Q8NKX2,235,Q8NKX2,P13380,Bacteria,Streptococcus pyogenes serotype M18 (strain MGAS8232),186103,Exotoxin type C,,,1,27,ECO:0000269,,,,,,,,,,,,,,,,,,,,,,,,,,,,,,,,,,,,,,,,,,,,,,,,,,,,,,,,,,,,,,,,,,
Q8RJP2,578,Q8RJP2,E0SBN8,Bacteria,Dickeya dadantii (strain 3937),198628,Rhamnogalacturonate lyase,,,1,27,ECO:0000269,,,,,,,,,,,,,,,,,,,,,,,,,,,,,,,,,,,,,,,,,,,,,,,,,,,,,,,,,,,,,,,,,,
Q9KK91,366,Q9KK91,,Bacteria,Vibrio furnissii,29494,Chitoporin,,,1,23,ECO:0000269,,,,,,,,,,,,,,,,,,,,,,,,,,,,,,,,,,,,,,,,,,,,,,,,,,,,,,,,,,,,,,,,,,
Q9X7I4,183,Q9X7I4,,Bacteria,Prochlorococcus marinus (strain SARG / CCMP1375 / SS120),167539,Photosystem I reaction center subunit III,,,1,23,ECO:0000269,102,122,ECO:0000255,,,,,,,,,,,,,,,,,,,,,,,,,,,,,,,,,,,,,,,,,,,,,,,,,,,,,,,,,,,,,,,
Q9ZG90,422,Q9ZG90,,Bacteria,Sphingobacterium multivorum,28454,"Keratan-sulfate endo-1,4-beta-galactosidase",,,1,46,ECO:0000269,,,,,,,,,,,,,,,,,,,,,,,,,,,,,,,,,,,,,,,,,,,,,,,,,,,,,,,,,,,,,,,,,,
W5JXD7,152,W5JXD7,,Bacteria,Aeromonas sobria,646,ASP external chaperone,,,1,22,ECO:0000269,,,,,,,,,,,,,,,,,,,,,,,,,,,,,,,,,,,,,,,,,,,,,,,,,,,,,,,,,,,,,,,,,,
A2TJI4,120,A2TJI4,,Bacteria,Escherichia coli,562,Protein CexE,,,1,19,ECO:0000269,,,,,,,,,,,,,,,,,,,,,,,,,,,,,,,,,,,,,,,,,,,,,,,,,,,,,,,,,,,,,,,,,,
E1V825,366,E1V825,,Bacteria,Halomonas elongata (strain ATCC 33173 / DSM 2581 / NBRC 15536 / NCIMB 2198 / 1H9),768066,Major outer membrane protein,,,1,21,ECO:0000269,,,,,,,,,,,,,,,,,,,,,,,,,,,,,,,,,,,,,,,,,,,,,,,,,,,,,,,,,,,,,,,,,,
O31737,161,O31737,,Bacteria,Bacillus subtilis (strain 168),224308,Uncharacterized protein YlqB,,,1,27,ECO:0000269,,,,,,,,,,,,,,,,,,,,,,,,,,,,,,,,,,,,,,,,,,,,,,,,,,,,,,,,,,,,,,,,,,
O31803,250,O31803,,Bacteria,Bacillus subtilis (strain 168),224308,Uncharacterized protein YncM,,,1,47,ECO:0000269,,,,,,,,,,,,,,,,,,,,,,,,,,,,,,,,,,,,,,,,,,,,,,,,,,,,,,,,,,,,,,,,,,
P00779,440,P00779,,Bacteria,Streptococcus dysgalactiae subsp. equisimilis,119602,Streptokinase C,,,1,26,ECO:0000269,,,,,,,,,,,,,,,,,,,,,,,,,,,,,,,,,,,,,,,,,,,,,,,,,,,,,,,,,,,,,,,,,,
P01092,104,P01092,,Bacteria,Streptomyces tendae,1932,Alpha-amylase inhibitor HOE-467A,,,1,30,ECO:0000269,,,,,,,,,,,,,,,,,,,,,,,,,,,,,,,,,,,,,,,,,,,,,,,,,,,,,,,,,,,,,,,,,,
P06111,257,P06111,Q9JQ04,Bacteria,Vibrio cholerae serotype O1 (strain ATCC 39315 / El Tor Inaba N16961),243277,Outer membrane protein OmpV,,,1,19,ECO:0000269,,,,,,,,,,,,,,,,,,,,,,,,,,,,,,,,,,,,,,,,,,,,,,,,,,,,,,,,,,,,,,,,,,
P09333,1004,P09333,C0Z743,Bacteria,Brevibacillus brevis (strain 47 / JCM 6285 / NBRC 100599),358681,Outer cell wall protein,,,1,24,ECO:0000269,,,,,,,,,,,,,,,,,,,,,,,,,,,,,,,,,,,,,,,,,,,,,,,,,,,,,,,,,,,,,,,,,,
P0A1N4,130,P0A1N4,P40728,Bacteria,Salmonella typhimurium (strain LT2 / SGSC1412 / ATCC 700720),99287,Flagellar protein FlhE,,,1,16,ECO:0000269,,,,,,,,,,,,,,,,,,,,,,,,,,,,,,,,,,,,,,,,,,,,,,,,,,,,,,,,,,,,,,,,,,
P0A2C5,296,P0A2C5,P02926,Bacteria,Salmonella typhimurium (strain LT2 / SGSC1412 / ATCC 700720),99287,Ribose import binding protein RbsB,,,1,25,ECO:0000269,,,,,,,,,,,,,,,,,,,,,,,,,,,,,,,,,,,,,,,,,,,,,,,,,,,,,,,,,,,,,,,,,,
P0A321,150,P0A321,P00278,Bacteria,Bordetella bronchiseptica (strain ATCC BAA-588 / NCTC 13252 / RB50),257310,Azurin,,,1,21,ECO:0000269,,,,,,,,,,,,,,,,,,,,,,,,,,,,,,,,,,,,,,,,,,,,,,,,,,,,,,,,,,,,,,,,,,
P0A402,164,P0A402,P25899,Bacteria,Synechococcus elongatus,32046,Photosystem I reaction center subunit III,,,1,23,ECO:0000269,,,,,,,,,,,,,,,,,,,,,,,,,,,,,,,,,,,,,,,,,,,,,,,,,,,,,,,,,,,,,,,,,,
P0A5Q5,228,P0A5Q5,"A0A1R3Y097, P19996, X2BJ68",Bacteria,Mycobacterium bovis (strain ATCC BAA-935 / AF2122/97),233413,Immunogenic protein MPB64,,,1,23,ECO:0000269,,,,,,,,,,,,,,,,,,,,,,,,,,,,,,,,,,,,,,,,,,,,,,,,,,,,,,,,,,,,,,,,,,
P0A8X2,191,P0A8X2,P37904,Bacteria,Escherichia coli (strain K12),83333,Protein YceI,,,1,22,ECO:0000269,,,,,,,,,,,,,,,,,,,,,,,,,,,,,,,,,,,,,,,,,,,,,,,,,,,,,,,,,,,,,,,,,,
P0AFH8,201,P0AFH8,"P27291, Q2M5U2",Bacteria,Escherichia coli (strain K12),83333,Osmotically-inducible protein Y,,,1,28,ECO:0000269,,,,,,,,,,,,,,,,,,,,,,,,,,,,,,,,,,,,,,,,,,,,,,,,,,,,,,,,,,,,,,,,,,
P12061,165,P12061,,Bacteria,Salmonella enteritidis,149539,Fimbrial protein,,,1,21,ECO:0000269,,,,,,,,,,,,,,,,,,,,,,,,,,,,,,,,,,,,,,,,,,,,,,,,,,,,,,,,,,,,,,,,,,
P12266,182,P12266,,Bacteria,Klebsiella pneumoniae,573,Fimbrial subunit type 1,,,1,23,ECO:0000269,,,,,,,,,,,,,,,,,,,,,,,,,,,,,,,,,,,,,,,,,,,,,,,,,,,,,,,,,,,,,,,,,,
P12690,154,P12690,Q9RJS7,Bacteria,Streptomyces coelicolor (strain ATCC BAA-471 / A3(2) / M145),100226,Spore-associated protein A,,,1,33,ECO:0000269,,,,,,,,,,,,,,,,,,,,,,,,,,,,,,,,,,,,,,,,,,,,,,,,,,,,,,,,,,,,,,,,,,
P12903,182,P12903,,Bacteria,Klebsiella pneumoniae,573,Fimbrial subunit type 1,,,1,23,ECO:0000269,,,,,,,,,,,,,,,,,,,,,,,,,,,,,,,,,,,,,,,,,,,,,,,,,,,,,,,,,,,,,,,,,,
P15488,168,P15488,,Bacteria,Escherichia coli,562,CS3 fimbrial subunit A,,,1,22,ECO:0000269,,,,,,,,,,,,,,,,,,,,,,,,,,,,,,,,,,,,,,,,,,,,,,,,,,,,,,,,,,,,,,,,,,
P16454,178,P16454,Q9FCY3,Bacteria,Yersinia enterocolitica,630,Attachment invasion locus protein,,,1,23,ECO:0000269,,,,,,,,,,,,,,,,,,,,,,,,,,,,,,,,,,,,,,,,,,,,,,,,,,,,,,,,,,,,,,,,,,
P17201,773,P17201,,Bacteria,Gluconacetobacter polyoxogenes,439,Membrane-bound aldehyde dehydrogenase [pyrroloquinoline-quinone],,,1,44,"ECO:0000255, ECO:0000269",,,,,,,,,,,,,,,,,,,,,,,,,,,,,,,,,,,,,,,,,,,,,,,,,,,,,,,,,,,,,,,,,,
P17323,46,P17323,,Bacteria,Pseudomonas aeruginosa (strain ATCC 15692 / DSM 22644 / CIP 104116 / JCM 14847 / LMG 12228 / 1C / PRS 101 / PAO1),208964,Lipopeptide,,,1,20,"ECO:0000255, ECO:0000269",,,,,,,,,,,,,,,,,,,,,,,,,,,,,,,,,,,,,,,,,,,,,,,,,,,,,,,,,,,,,,,,,,
P22865,461,P22865,A2RP24,Bacteria,Lactococcus lactis subsp. cremoris (strain MG1363),416870,Secreted 45 kDa protein,,,1,27,ECO:0000269,,,,,,,,,,,,,,,,,,,,,,,,,,,,,,,,,,,,,,,,,,,,,,,,,,,,,,,,,,,,,,,,,,
P25253,172,P25253,,Bacteria,Enterobacter cloacae,550,Outer membrane protein X,,,1,23,ECO:0000269,26,35,ECO:0000250,45,55,ECO:0000250,60,69,ECO:0000250,84,94,ECO:0000250,99,108,ECO:0000250,131,140,ECO:0000250,145,154,ECO:0000250,162,171,ECO:0000250,,,,,,,,,,,,,,,,,,,,,,,,,,,,,,,,,,,,,,,,,,
P27951,1164,P27951,,Bacteria,Streptococcus agalactiae,1311,IgA FC receptor,,,1,37,ECO:0000269,,,,,,,,,,,,,,,,,,,,,,,,,,,,,,,,,,,,,,,,,,,,,,,,,,,,,,,,,,,,,,,,,,
P31083,159,P31083,Q5N5C8,Bacteria,Synechococcus sp. (strain ATCC 27144 / PCC 6301 / SAUG 1402/1),269084,Photosystem I reaction center subunit III,,,1,23,ECO:0000269,,,,,,,,,,,,,,,,,,,,,,,,,,,,,,,,,,,,,,,,,,,,,,,,,,,,,,,,,,,,,,,,,,
P33781,203,P33781,,Bacteria,Escherichia coli,562,CS5 fimbrial subunit,,,1,22,ECO:0000269,,,,,,,,,,,,,,,,,,,,,,,,,,,,,,,,,,,,,,,,,,,,,,,,,,,,,,,,,,,,,,,,,,
P38538,1116,P38538,,Bacteria,Brevibacillus choshinensis,54911,Surface layer protein,,,1,53,ECO:0000269,,,,,,,,,,,,,,,,,,,,,,,,,,,,,,,,,,,,,,,,,,,,,,,,,,,,,,,,,,,,,,,,,,
P39049,285,P39049,,Bacteria,Photobacterium sp. (strain ATCC 43367),379097,Alginate lyase,,,1,20,ECO:0000269,,,,,,,,,,,,,,,,,,,,,,,,,,,,,,,,,,,,,,,,,,,,,,,,,,,,,,,,,,,,,,,,,,
P39187,184,P39187,Q2M689,Bacteria,Escherichia coli (strain K12),83333,Uncharacterized protein YtfJ,,,1,20,ECO:0000269,,,,,,,,,,,,,,,,,,,,,,,,,,,,,,,,,,,,,,,,,,,,,,,,,,,,,,,,,,,,,,,,,,
P44737,292,P44737,,Bacteria,Haemophilus influenzae (strain ATCC 51907 / DSM 11121 / KW20 / Rd),71421,Ribose import binding protein RbsB,,,1,23,ECO:0000269,,,,,,,,,,,,,,,,,,,,,,,,,,,,,,,,,,,,,,,,,,,,,,,,,,,,,,,,,,,,,,,,,,
P45091,239,P45091,,Bacteria,Haemophilus influenzae (strain ATCC 51907 / DSM 11121 / KW20 / Rd),71421,ABC transporter arginine-binding protein,,,1,19,ECO:0000269,,,,,,,,,,,,,,,,,,,,,,,,,,,,,,,,,,,,,,,,,,,,,,,,,,,,,,,,,,,,,,,,,,
P46739,184,P46739,,Bacteria,Escherichia coli,562,Non-fimbrial adhesin 1,,,1,28,ECO:0000269,,,,,,,,,,,,,,,,,,,,,,,,,,,,,,,,,,,,,,,,,,,,,,,,,,,,,,,,,,,,,,,,,,
P50470,376,P50470,,Bacteria,Streptococcus pyogenes serotype M1,301447,Immunoglobulin G-binding protein H,,,1,41,ECO:0000269,,,,,,,,,,,,,,,,,,,,,,,,,,,,,,,,,,,,,,,,,,,,,,,,,,,,,,,,,,,,,,,,,,
P54484,142,P54484,,Bacteria,Bacillus subtilis (strain 168),224308,Cell wall-binding protein YqgA,,,1,28,ECO:0000269,,,,,,,,,,,,,,,,,,,,,,,,,,,,,,,,,,,,,,,,,,,,,,,,,,,,,,,,,,,,,,,,,,
P76172,101,P76172,Q2MB77,Bacteria,Escherichia coli (strain K12),83333,Uncharacterized protein YnfD,,,1,21,ECO:0000269,,,,,,,,,,,,,,,,,,,,,,,,,,,,,,,,,,,,,,,,,,,,,,,,,,,,,,,,,,,,,,,,,,
P76520,211,P76520,Q2MAK1,Bacteria,Escherichia coli (strain K12),83333,Protein YfdX,,,1,21,ECO:0000269,,,,,,,,,,,,,,,,,,,,,,,,,,,,,,,,,,,,,,,,,,,,,,,,,,,,,,,,,,,,,,,,,,
P80603,428,P80603,Q9CLY0,Bacteria,Pasteurella multocida (strain Pm70),272843,47 kDa outer membrane protein,,,1,25,ECO:0000269,,,,,,,,,,,,,,,,,,,,,,,,,,,,,,,,,,,,,,,,,,,,,,,,,,,,,,,,,,,,,,,,,,
P80604,257,P80604,Q9CM45,Bacteria,Pasteurella multocida (strain Pm70),272843,24 kDa outer membrane protein,,,1,21,ECO:0000269,,,,,,,,,,,,,,,,,,,,,,,,,,,,,,,,,,,,,,,,,,,,,,,,,,,,,,,,,,,,,,,,,,
P84838,378,P84838,"A9HL67, B5ZCD6",Bacteria,Gluconacetobacter diazotrophicus (strain ATCC 49037 / DSM 5601 / CCUG 37298 / CIP 103539 / LMG 7603 / PAl5),272568,Outer membrane protein,,,1,22,ECO:0000269,,,,,,,,,,,,,,,,,,,,,,,,,,,,,,,,,,,,,,,,,,,,,,,,,,,,,,,,,,,,,,,,,,
P84908,374,P84908,N1NV52,Bacteria,Streptomyces mobaraensis,35621,Dispase autolysis-inducing protein,,,1,26,ECO:0000269,,,,,,,,,,,,,,,,,,,,,,,,,,,,,,,,,,,,,,,,,,,,,,,,,,,,,,,,,,,,,,,,,,
P94356,180,P94356,Q794X5,Bacteria,Bacillus subtilis (strain 168),224308,Uncharacterized protein YxkC,,,1,30,ECO:0000269,,,,,,,,,,,,,,,,,,,,,,,,,,,,,,,,,,,,,,,,,,,,,,,,,,,,,,,,,,,,,,,,,,
P96729,178,P96729,Q795C6,Bacteria,Bacillus subtilis (strain 168),224308,Cell wall-binding protein YwsB,,,1,30,ECO:0000269,,,,,,,,,,,,,,,,,,,,,,,,,,,,,,,,,,,,,,,,,,,,,,,,,,,,,,,,,,,,,,,,,,
P9WIP1,159,P9WIP1,"L0T8A1, O08224, P0A5Q2, P97175",Bacteria,Mycobacterium tuberculosis (strain ATCC 25618 / H37Rv),83332,Immunogenic protein MPT63,,,1,29,ECO:0000269,,,,,,,,,,,,,,,,,,,,,,,,,,,,,,,,,,,,,,,,,,,,,,,,,,,,,,,,,,,,,,,,,,
Q05044,465,Q05044,,Bacteria,Levilactobacillus brevis,1580,S-layer protein,,,1,30,ECO:0000269,,,,,,,,,,,,,,,,,,,,,,,,,,,,,,,,,,,,,,,,,,,,,,,,,,,,,,,,,,,,,,,,,,
Q07408,282,Q07408,,Bacteria,Anaplasma marginale,770,Major surface antigen 4,,,1,29,"ECO:0000255, ECO:0000269",,,,,,,,,,,,,,,,,,,,,,,,,,,,,,,,,,,,,,,,,,,,,,,,,,,,,,,,,,,,,,,,,,
Q2YK18,114,Q2YK18,,Bacteria,Brucella abortus (strain 2308),359391,Probable acid stress chaperone HdeA,,,1,26,"ECO:0000255, ECO:0000269",,,,,,,,,,,,,,,,,,,,,,,,,,,,,,,,,,,,,,,,,,,,,,,,,,,,,,,,,,,,,,,,,,
Q44642,250,Q44642,B2S6U1,Bacteria,Brucella abortus (strain S19),430066,26 kDa periplasmic immunogenic protein,,,1,28,ECO:0000269,,,,,,,,,,,,,,,,,,,,,,,,,,,,,,,,,,,,,,,,,,,,,,,,,,,,,,,,,,,,,,,,,,
Q53599,689,Q53599,,Bacteria,Staphylococcus aureus,1280,Serine protease inhibitor Eap,,,1,30,ECO:0000269,,,,,,,,,,,,,,,,,,,,,,,,,,,,,,,,,,,,,,,,,,,,,,,,,,,,,,,,,,,,,,,,,,
Q57449,293,Q57449,O05018,Bacteria,Haemophilus influenzae (strain ATCC 51907 / DSM 11121 / KW20 / Rd),71421,Putative metal-binding protein HI_0362,,,1,22,ECO:0000269,,,,,,,,,,,,,,,,,,,,,,,,,,,,,,,,,,,,,,,,,,,,,,,,,,,,,,,,,,,,,,,,,,
Q59639,233,Q59639,,Bacteria,Pseudomonas alginovora,37638,Alginate lyase,,,1,23,ECO:0000269,,,,,,,,,,,,,,,,,,,,,,,,,,,,,,,,,,,,,,,,,,,,,,,,,,,,,,,,,,,,,,,,,,
Q5HCY1,233,Q5HCY1,,Bacteria,Staphylococcus aureus (strain COL),93062,Probable transglycosylase IsaA,,,1,29,ECO:0000269,,,,,,,,,,,,,,,,,,,,,,,,,,,,,,,,,,,,,,,,,,,,,,,,,,,,,,,,,,,,,,,,,,
Q7M1T6,233,Q7M1T6,P81957,Bacteria,Onion yellows phytoplasma (strain OY-M),262768,Antigenic membrane protein,,,1,32,ECO:0000269,206,226,ECO:0000255,,,,,,,,,,,,,,,,,,,,,,,,,,,,,,,,,,,,,,,,,,,,,,,,,,,,,,,,,,,,,,,
Q9LAB5,175,Q9LAB5,,Bacteria,Staphylococcus aureus,1280,Immunodominant staphylococcal antigen B,,,1,36,ECO:0000269,,,,,,,,,,,,,,,,,,,,,,,,,,,,,,,,,,,,,,,,,,,,,,,,,,,,,,,,,,,,,,,,,,
Q9RU24,594,Q9RU24,,Bacteria,Deinococcus radiodurans (strain ATCC 13939 / DSM 20539 / JCM 16871 / CCUG 27074 / LMG 4051 / NBRC 15346 / NCIMB 9279 / VKM B-1422 / R1),243230,Probable ABC transporter-binding protein DR_1571,,,1,18,ECO:0000269,,,,,,,,,,,,,,,,,,,,,,,,,,,,,,,,,,,,,,,,,,,,,,,,,,,,,,,,,,,,,,,,,,
Q9RUE8,420,Q9RUE8,,Bacteria,Deinococcus radiodurans (strain ATCC 13939 / DSM 20539 / JCM 16871 / CCUG 27074 / LMG 4051 / NBRC 15346 / NCIMB 9279 / VKM B-1422 / R1),243230,Probable ABC transporter-binding protein DR_1438,,,1,24,"ECO:0000255, ECO:0000269",,,,,,,,,,,,,,,,,,,,,,,,,,,,,,,,,,,,,,,,,,,,,,,,,,,,,,,,,,,,,,,,,,
Q9Z4I3,575,Q9Z4I3,,Bacteria,Treponema maltophilum,51160,Major outer membrane protein MspA,,,1,19,ECO:0000269,,,,,,,,,,,,,,,,,,,,,,,,,,,,,,,,,,,,,,,,,,,,,,,,,,,,,,,,,,,,,,,,,,
Q9Z4N3,143,Q9Z4N3,,Bacteria,Salmonella typhimurium,90371,Silver-binding protein SilE,,,1,20,ECO:0000269,,,,,,,,,,,,,,,,,,,,,,,,,,,,,,,,,,,,,,,,,,,,,,,,,,,,,,,,,,,,,,,,,,
P43972,148,P43972,,Bacteria,Haemophilus influenzae (strain ATCC 51907 / DSM 11121 / KW20 / Rd),71421,Uncharacterized protein HI_0246,,,1,20,ECO:0000269,,,,,,,,,,,,,,,,,,,,,,,,,,,,,,,,,,,,,,,,,,,,,,,,,,,,,,,,,,,,,,,,,,
P44276,227,P44276,,Bacteria,Haemophilus influenzae (strain ATCC 51907 / DSM 11121 / KW20 / Rd),71421,Uncharacterized protein HI_1624,,,1,21,ECO:0000269,,,,,,,,,,,,,,,,,,,,,,,,,,,,,,,,,,,,,,,,,,,,,,,,,,,,,,,,,,,,,,,,,,
