ProteinId_input,Length_protein_UniProt,PrimaryAccession,SecondaryAccessions,Organism_class,Organism,TaxonID_org,Organism_host,TaxonID_org_host,Pos_sp_start_uniprot_1,Pos_sp_end_uniprot_1,Evidence_signal_peptide_1,Pos_tr_start_uniprot_1,Pos_tr_end_uniprot_1,Evidence_code_tr_1,Pos_tr_start_uniprot_2,Pos_tr_end_uniprot_2,Evidence_code_tr_2,Pos_tr_start_uniprot_3,Pos_tr_end_uniprot_3,Evidence_code_tr_3,Pos_tr_start_uniprot_4,Pos_tr_end_uniprot_4,Evidence_code_tr_4,Pos_tr_start_uniprot_5,Pos_tr_end_uniprot_5,Evidence_code_tr_5,Pos_tr_start_uniprot_6,Pos_tr_end_uniprot_6,Evidence_code_tr_6,Pos_tr_start_uniprot_7,Pos_tr_end_uniprot_7,Evidence_code_tr_7,Pos_tr_start_uniprot_8,Pos_tr_end_uniprot_8,Evidence_code_tr_8,Pos_tr_start_uniprot_9,Pos_tr_end_uniprot_9,Evidence_code_tr_9,Pos_tr_start_uniprot_10,Pos_tr_end_uniprot_10,Evidence_code_tr_10
P01892,365,P04439,"B1PKZ3, O02939, O02954, O02955, O02963, O19509, O19546, O19598, O19605, O19606, O19619, O19647, O19673, O19687, O19695, O19756, O19794, O19795, O43906, O43907, O46874, O62921, O62924, O77937, O77938, O77964, O78073, O78171, O98009, O98010, O98011, O98137, P01891, P01892, P05534, P06338, P10313, P10314, P10315, P10316, P13746, P16188, P16189, P16190, P18462, P30443, P30444, P30445, P30446, P30447, P30448, P30449, P30450, P30451, P30452, P30453, P30454, P30455, P30456, P30457, P30458, P30459, P30512, P30514, P79505, P79562, P79563, Q09160, Q29680, Q29747, Q29835, Q29837, Q29838, Q29899, Q29908, Q29909, Q29910, Q30208, Q31623, Q5S3G1, Q65A82, Q8MHM1, Q8MHN9, Q95352, Q95355, Q95362, Q95377, Q95380, Q95IZ5, Q9BCN0, Q9BD15, Q9BD19, Q9GJE6, Q9GJE7, Q9GJE8, Q9MW42, Q9MY89, Q9MYA3, Q9MYA5, Q9MYC4, Q9MYE6, Q9MYE9, Q9MYG4, Q9MYG5, Q9MYI5, Q9TP25, Q9TPQ3, Q9TPR8, Q9TPX8, Q9TPX9, Q9TPY0, Q9TQ24, Q9TQE8, Q9TQE9, Q9TQF1, Q9TQF5, Q9TQF8, Q9TQF9, Q9TQG0, Q9TQG5, Q9TQG7, Q9TQH5, Q9TQI3, Q9TQK5, Q9TQM6, Q9TQN5, Q9TQP5, Q9TQP6, Q9TQP7, Q9UIN1, Q9UIN2, Q9UIP7, Q9UQU3, Q9UQU6, Q9UQU7",Eukaryota,Homo sapiens,9606,,,1,24,ECO:0000269,309,332,ECO:0000255,,,,,,,,,,,,,,,,,,,,,,,,,,,
P30453,365,P04439,"B1PKZ3, O02939, O02954, O02955, O02963, O19509, O19546, O19598, O19605, O19606, O19619, O19647, O19673, O19687, O19695, O19756, O19794, O19795, O43906, O43907, O46874, O62921, O62924, O77937, O77938, O77964, O78073, O78171, O98009, O98010, O98011, O98137, P01891, P01892, P05534, P06338, P10313, P10314, P10315, P10316, P13746, P16188, P16189, P16190, P18462, P30443, P30444, P30445, P30446, P30447, P30448, P30449, P30450, P30451, P30452, P30453, P30454, P30455, P30456, P30457, P30458, P30459, P30512, P30514, P79505, P79562, P79563, Q09160, Q29680, Q29747, Q29835, Q29837, Q29838, Q29899, Q29908, Q29909, Q29910, Q30208, Q31623, Q5S3G1, Q65A82, Q8MHM1, Q8MHN9, Q95352, Q95355, Q95362, Q95377, Q95380, Q95IZ5, Q9BCN0, Q9BD15, Q9BD19, Q9GJE6, Q9GJE7, Q9GJE8, Q9MW42, Q9MY89, Q9MYA3, Q9MYA5, Q9MYC4, Q9MYE6, Q9MYE9, Q9MYG4, Q9MYG5, Q9MYI5, Q9TP25, Q9TPQ3, Q9TPR8, Q9TPX8, Q9TPX9, Q9TPY0, Q9TQ24, Q9TQE8, Q9TQE9, Q9TQF1, Q9TQF5, Q9TQF8, Q9TQF9, Q9TQG0, Q9TQG5, Q9TQG7, Q9TQH5, Q9TQI3, Q9TQK5, Q9TQM6, Q9TQN5, Q9TQP5, Q9TQP6, Q9TQP7, Q9UIN1, Q9UIN2, Q9UIP7, Q9UQU3, Q9UQU6, Q9UQU7",Eukaryota,Homo sapiens,9606,,,1,24,ECO:0000269,309,332,ECO:0000255,,,,,,,,,,,,,,,,,,,,,,,,,,,
P30483,362,P01889,"A0A2I6Q7B5, B0V0B8, G3GN01, O02862, O02956, O02957, O02960, O19555, O19556, O19595, O19615, O19624, O19625, O19627, O19641, O19651, O19675, O19692, O19758, O19779, O19783, O46702, O62897, O62901, O62915, O62917, O62919, O77933, O77959, O78053, O78138, O78160, O78163, O78172, O78173, O78180, O78217, O95730, O98140, P01890, P03989, P10317, P10318, P10319, P10320, P18463, P18464, P18465, P19373, P30460, P30461, P30462, P30463, P30464, P30465, P30466, P30467, P30468, P30469, P30470, P30471, P30472, P30473, P30474, P30475, P30476, P30477, P30478, P30479, P30480, P30481, P30482, P30483, P30484, P30485, P30486, P30487, P30488, P30489, P30490, P30491, P30492, P30493, P30494, P30495, P30496, P30497, P30498, P30513, P30685, P79489, P79490, P79496, P79504, P79523, P79524, P79542, P79555, Q04826, Q08136, Q29633, Q29636, Q29638, Q29661, Q29665, Q29678, Q29679, Q29681, Q29693, Q29695, Q29697, Q29718, Q29742, Q29749, Q29762, Q29764, Q29829, Q29836, Q29842, Q29845, Q29846, Q29847, Q29848, Q29850, Q29851, Q29852, Q29854, Q29855, Q29857, Q29858, Q29861, Q29924, Q29925, Q29933, Q29935, Q29936, Q29940, Q29953, Q29961, Q29982, Q30173, Q30198, Q31603, Q31610, Q31612, Q31613, Q546L8, Q546M4, Q5JP37, Q5QT24, Q5RIP1, Q5SRJ2, Q5TK76, Q5TK77, Q860I4, Q861B5, Q8HWF0, Q8MGQ3, Q8MHN4, Q8SNC5, Q95343, Q95344, Q95365, Q95369, Q95392, Q95HA3, Q95HA8, Q95HM9, Q95IA6, Q95IB8, Q95IH5, Q95J00, Q96IT9, Q9BCM6, Q9BCM7, Q9BCM8, Q9BD06, Q9BD38, Q9BD43, Q9GIL3, Q9GIM3, Q9GIX1, Q9GIY5, Q9GIZ0, Q9GIZ9, Q9GJ00, Q9GJ17, Q9GJ20, Q9GJ23, Q9GJ31, Q9GJF0, Q9GJM7, Q9MX21, Q9MY37, Q9MY42, Q9MY43, Q9MY61, Q9MY75, Q9MY78, Q9MY79, Q9MY84, Q9MY92, Q9MY93, Q9MY94, Q9MYB8, Q9MYC3, Q9MYC7, Q9MYF4, Q9MYG1, Q9TP35, Q9TP36, Q9TP37, Q9TP95, Q9TPQ7, Q9TPQ9, Q9TPR2, Q9TPR4, Q9TPS6, Q9TPT2, Q9TPT4, Q9TPT6, Q9TPV2, Q9TQG1, Q9TQH3, Q9TQH6, Q9TQH7, Q9TQH8, Q9TQH9, Q9TQM2, Q9TQN4, Q9TQN6, Q9UQS8, Q9UQT0",Eukaryota,Homo sapiens,9606,,,1,24,ECO:0000269,310,333,ECO:0000255,,,,,,,,,,,,,,,,,,,,,,,,,,,
Q9TNN7,366,P10321,"O02863, O02864, O02865, O02866, O02958, O19505, O19652, O19676, O62879, O62882, O62883, O62888, O78060, O78061, O78062, O78063, O78067, O78068, O78069, O78072, O78083, O78090, O78091, O78149, O78165, O78166, O78178, O78202, O78203, O78211, O78214, P04222, P30499, P30500, P30501, P30502, P30503, P30504, P30505, P30506, P30507, P30508, P30509, P30510, P79498, Q07000, Q29631, Q29641, Q29643, Q29652, Q29743, Q29768, Q29862, Q29864, Q29865, Q29867, Q29921, Q29959, Q29960, Q29963, Q29986, Q29989, Q29990, Q29991, Q29992, Q29993, Q30192, Q31605, Q31627, Q860R1, Q860R2, Q95463, Q95603, Q95604, Q99528, Q9BD28, Q9GIK4, Q9GIK8, Q9GJ33, Q9MY30, Q9MY31, Q9MY35, Q9MY49, Q9MY74, Q9MYI3, Q9TNN7, Q9TNZ8, Q9TPS4, Q9TPV8, Q9TPX2, Q9TQB4, Q9TQJ5, Q9TQP9, Q9UM32, Q9UM33, Q9UM42, Q9UQS9",Eukaryota,Homo sapiens,9606,,,1,24,ECO:0000255,309,333,ECO:0000255,,,,,,,,,,,,,,,,,,,,,,,,,,,
P02750,347,P02750,"Q8N4F5, Q96QZ4",Eukaryota,Homo sapiens,9606,,,1,35,ECO:0000269,,,,,,,,,,,,,,,,,,,,,,,,,,,,,,
P23795,613,P23795,"O97579, Q08D79",Eukaryota,Bos taurus,9913,,,1,30,,,,,,,,,,,,,,,,,,,,,,,,,,,,,,,
P02708,457,P02708,"B4DRV6, D3DPE8",Eukaryota,Homo sapiens,9606,,,1,20,ECO:0000269,233,253,ECO:0000255,265,285,ECO:0000255,297,317,ECO:0000255,428,448,ECO:0000255,,,,,,,,,,,,,,,,,,
P00688,508,P00688,"Q4VBW6, Q61295, Q61296, Q64301",Eukaryota,Mus musculus,10090,,,1,15,ECO:0000269,,,,,,,,,,,,,,,,,,,,,,,,,,,,,,
P13205,121,P13205,,Eukaryota,Rattus norvegicus,10116,,,1,26,ECO:0000269,,,,,,,,,,,,,,,,,,,,,,,,,,,,,,
P18910,1057,P18910,A1A5N8,Eukaryota,Rattus norvegicus,10116,,,1,28,,470,490,ECO:0000255,,,,,,,,,,,,,,,,,,,,,,,,,,,
Q29437,762,Q29437,,Eukaryota,Bos taurus,9913,,,1,16,ECO:0000255,,,,,,,,,,,,,,,,,,,,,,,,,,,,,,
P04114,4563,P04114,"O00502, P78479, P78480, P78481, Q13779, Q13785, Q13786, Q13787, Q13788, Q4ZG63, Q53QC8, Q7Z600, Q9UMN0",Eukaryota,Homo sapiens,9606,,,1,27,,,,,,,,,,,,,,,,,,,,,,,,,,,,,,,
Q64277,311,Q64277,Q8BRY3,Eukaryota,Mus musculus,10090,,,1,24,ECO:0000269,,,,,,,,,,,,,,,,,,,,,,,,,,,,,,
Q02105,246,Q02105,Q6DI63,Eukaryota,Mus musculus,10090,,,1,29,ECO:0000250,,,,,,,,,,,,,,,,,,,,,,,,,,,,,,
P01256,128,P01256,,Eukaryota,Rattus norvegicus,10116,,,1,25,,,,,,,,,,,,,,,,,,,,,,,,,,,,,,,
O97943,230,O97943,,Eukaryota,Camelus dromedarius,9838,,,1,15,,,,,,,,,,,,,,,,,,,,,,,,,,,,,,,
P25796,391,P25796,,Eukaryota,Cavia porcellus,10141,,,1,19,ECO:0000269,,,,,,,,,,,,,,,,,,,,,,,,,,,,,,
P08185,405,P08185,"A8K456, Q7Z2Q9",Eukaryota,Homo sapiens,9606,,,1,22,ECO:0000269,,,,,,,,,,,,,,,,,,,,,,,,,,,,,,
P11609,336,P11609,Q91XK9,Eukaryota,Mus musculus,10090,,,1,21,ECO:0000255,306,326,ECO:0000255,,,,,,,,,,,,,,,,,,,,,,,,,,,
P11597,493,P11597,"Q13987, Q13988, Q53YZ1",Eukaryota,Homo sapiens,9606,,,1,17,,,,,,,,,,,,,,,,,,,,,,,,,,,,,,,
P05156,583,P05156,O60442,Eukaryota,Homo sapiens,9606,,,1,18,,,,,,,,,,,,,,,,,,,,,,,,,,,,,,,
P00794,381,P00794,A8RRP5,Eukaryota,Bos taurus,9913,,,1,16,ECO:0000269,,,,,,,,,,,,,,,,,,,,,,,,,,,,,,
P05059,449,P05059,"P79392, Q2KJ52",Eukaryota,Bos taurus,9913,,,1,18,ECO:0000269,,,,,,,,,,,,,,,,,,,,,,,,,,,,,,
P23206,674,P23206,,Eukaryota,Bos taurus,9913,,,1,18,,,,,,,,,,,,,,,,,,,,,,,,,,,,,,,
Q9NZV1,1036,Q9NZV1,"Q2M2G4, Q59GH0, Q7LCQ5, Q9H318",Eukaryota,Homo sapiens,9606,,,1,34,ECO:0000269,940,960,ECO:0000255,,,,,,,,,,,,,,,,,,,,,,,,,,,
P28325,142,P28325,"Q5JRF5, Q9UCA0",Eukaryota,Homo sapiens,9606,,,1,20,ECO:0000269,,,,,,,,,,,,,,,,,,,,,,,,,,,,,,
Q9NR61,685,Q9NR61,"Q3KP23, Q9NQT9",Eukaryota,Homo sapiens,9606,,,1,26,ECO:0000269,530,550,ECO:0000255,,,,,,,,,,,,,,,,,,,,,,,,,,,
P16444,411,P16444,"D3DX80, Q96AK2",Eukaryota,Homo sapiens,9606,,,1,16,ECO:0000269,,,,,,,,,,,,,,,,,,,,,,,,,,,,,,
Q6UWV6,458,Q6UWV6,"Q6ZTS5, Q8IUS8",Eukaryota,Homo sapiens,9606,,,1,21,"ECO:0000255, ECO:0000269",434,454,ECO:0000255,,,,,,,,,,,,,,,,,,,,,,,,,,,
P54803,685,P54803,"B4DKE8, B4DYN1, B4DZJ8, B7Z7Z2, J3KN25, J3KPP8, Q8J030",Eukaryota,Homo sapiens,9606,,,1,42,ECO:0000269,,,,,,,,,,,,,,,,,,,,,,,,,,,,,,
P06396,782,P06396,"A2A418, A8MUD1, A8MYN7, B7Z373, B7Z5V1, F5H1A8, Q5T0I2, Q8WVV7",Eukaryota,Homo sapiens,9606,,,1,27,,,,,,,,,,,,,,,,,,,,,,,,,,,,,,,
Q9EQX0,117,Q9EQX0,Q9WUZ1,Eukaryota,Mus musculus,10090,,,1,23,ECO:0000269,,,,,,,,,,,,,,,,,,,,,,,,,,,,,,
P07359,652,P07359,"E7ES66, Q14441, Q16469, Q8N1F3, Q8NG39, Q9HDC7, Q9UEK1, Q9UQS4",Eukaryota,Homo sapiens,9606,,,1,16,ECO:0000269,532,552,ECO:0000255,,,,,,,,,,,,,,,,,,,,,,,,,,,
P10144,247,P10144,"Q8N1D2, Q9UCC1",Eukaryota,Homo sapiens,9606,,,1,18,ECO:0000269,,,,,,,,,,,,,,,,,,,,,,,,,,,,,,
P04228,256,P04228,,Eukaryota,Mus musculus,10090,,,1,23,,219,244,ECO:0000255,,,,,,,,,,,,,,,,,,,,,,,,,,,
P15464,258,P15464,,Eukaryota,Spalax ehrenbergi,30637,,,1,29,,226,246,ECO:0000255,,,,,,,,,,,,,,,,,,,,,,,,,,,
P18531,116,P18531,,Eukaryota,Mus musculus,10090,,,1,18,,,,,,,,,,,,,,,,,,,,,,,,,,,,,,,
Q63617,999,Q63617,,Eukaryota,Rattus norvegicus,10116,,,1,32,ECO:0000269,,,,,,,,,,,,,,,,,,,,,,,,,,,,,,
P20959,291,P20959,"A6QPI3, Q9GJV5",Eukaryota,Bos taurus,9913,,,1,27,ECO:0000269,,,,,,,,,,,,,,,,,,,,,,,,,,,,,,
P05155,500,P05155,"A6NMU0, A8KAI9, B2R6L5, B4E1F0, B4E1H2, Q16304, Q547W3, Q59EI5, Q7Z455, Q96FE0, Q9UC49, Q9UCF9",Eukaryota,Homo sapiens,9606,,,1,22,ECO:0000269,,,,,,,,,,,,,,,,,,,,,,,,,,,,,,
P05006,184,P05006,,Eukaryota,Equus caballus,9796,,,1,23,,,,,,,,,,,,,,,,,,,,,,,,,,,,,,,
P22301,178,P22301,,Eukaryota,Homo sapiens,9606,,,1,18,ECO:0000269,,,,,,,,,,,,,,,,,,,,,,,,,,,,,,
P29459,219,P29459,Q96QZ1,Eukaryota,Homo sapiens,9606,,,1,22,ECO:0000269,,,,,,,,,,,,,,,,,,,,,,,,,,,,,,
P12342,275,P12342,,Eukaryota,Bos taurus,9913,,,1,21,,244,262,ECO:0000255,,,,,,,,,,,,,,,,,,,,,,,,,,,
P16382,810,P16382,"O54690, Q60583, Q8CBW5",Eukaryota,Mus musculus,10090,,,1,25,ECO:0000269,234,257,ECO:0000255,,,,,,,,,,,,,,,,,,,,,,,,,,,
Q01638,556,Q01638,"A8K6B3, B4E0I3, Q53TU7, Q8NEJ3, Q9ULV7, Q9UQ44",Eukaryota,Homo sapiens,9606,,,1,18,ECO:0000269,329,349,ECO:0000255,,,,,,,,,,,,,,,,,,,,,,,,,,,
Q14641,139,Q14641,"A8K678, Q5W127",Eukaryota,Homo sapiens,9606,,,1,25,ECO:0000269,,,,,,,,,,,,,,,,,,,,,,,,,,,,,,
P06213,1382,P06213,"Q17RW0, Q59H98, Q9UCB7, Q9UCB8, Q9UCB9",Eukaryota,Homo sapiens,9606,,,1,27,ECO:0000269,957,979,ECO:0000255,,,,,,,,,,,,,,,,,,,,,,,,,,,
P09655,79,P09655,P13072,Eukaryota,Rattus norvegicus,10116,,,1,18,ECO:0000269,,,,,,,,,,,,,,,,,,,,,,,,,,,,,,
Q9Y624,299,Q9Y624,B7Z941,Eukaryota,Homo sapiens,9606,,,1,27,"ECO:0000269, ECO:0007744",239,259,ECO:0000255,,,,,,,,,,,,,,,,,,,,,,,,,,,
P43626,348,P43626,"O43470, Q32WE6, Q6H2H3, Q6IST4",Eukaryota,Homo sapiens,9606,,,1,21,ECO:0000269,246,264,ECO:0000255,,,,,,,,,,,,,,,,,,,,,,,,,,,
P08932,430,P08932,Q5M894,Eukaryota,Rattus norvegicus,10116,,,1,18,,,,,,,,,,,,,,,,,,,,,,,,,,,,,,,
P01658,132,P01658,,Eukaryota,Mus musculus,10090,,,1,20,ECO:0000269,,,,,,,,,,,,,,,,,,,,,,,,,,,,,,
P01639,130,P01639,P01640,Eukaryota,Mus musculus,10090,,,1,22,ECO:0000269,,,,,,,,,,,,,,,,,,,,,,,,,,,,,,
P18627,525,P18627,"A8K7T9, Q7Z643",Eukaryota,Homo sapiens,9606,,,1,22,ECO:0000255,451,471,ECO:0000255,,,,,,,,,,,,,,,,,,,,,,,,,,,
P09056,203,P09056,,Eukaryota,Mus musculus,10090,,,1,23,ECO:0000269,,,,,,,,,,,,,,,,,,,,,,,,,,,,,,
Q8NCC3,412,Q8NCC3,"B3KMF3, B4DUD1, Q53GZ1, Q9NPQ6, Q9UG04, Q9Y2B3",Eukaryota,Homo sapiens,9606,,,1,33,ECO:0000269,,,,,,,,,,,,,,,,,,,,,,,,,,,,,,
P22894,467,P22894,Q45F99,Eukaryota,Homo sapiens,9606,,,1,20,ECO:0000269,,,,,,,,,,,,,,,,,,,,,,,,,,,,,,
P24668,278,P24668,,Eukaryota,Mus musculus,10090,,,1,21,,187,211,ECO:0000255,,,,,,,,,,,,,,,,,,,,,,,,,,,
Q28143,456,Q28143,Q28144,Eukaryota,Bos taurus,9913,,,1,35,ECO:0000269,382,402,ECO:0000255,,,,,,,,,,,,,,,,,,,,,,,,,,,
Q9Y2I2,539,Q9Y2I2,"Q5VU86, Q5VU87, Q5VU89, Q5VU90, Q5VU91, Q7Z2Y3, Q8N633",Eukaryota,Homo sapiens,9606,,,1,28,ECO:0000269,,,,,,,,,,,,,,,,,,,,,,,,,,,,,,
P08937,172,P08937,,Eukaryota,Rattus norvegicus,10116,,,1,15,ECO:0000269,,,,,,,,,,,,,,,,,,,,,,,,,,,,,,
P14423,146,P14423,,Eukaryota,Rattus norvegicus,10116,,,1,21,ECO:0000269,,,,,,,,,,,,,,,,,,,,,,,,,,,,,,
P81497,387,P81497,Q9GMY9,Eukaryota,Suncus murinus,9378,,,1,16,ECO:0000269,,,,,,,,,,,,,,,,,,,,,,,,,,,,,,
P20611,423,P20611,Q642D2,Eukaryota,Rattus norvegicus,10116,,,1,30,,381,401,ECO:0000255,,,,,,,,,,,,,,,,,,,,,,,,,,,
P07224,675,P07224,,Eukaryota,Bos taurus,9913,,,1,24,,,,,,,,,,,,,,,,,,,,,,,,,,,,,,,
P10082,97,P10082,"Q5U5Q6, Q6FGH8",Eukaryota,Homo sapiens,9606,,,1,28,ECO:0000269,,,,,,,,,,,,,,,,,,,,,,,,,,,,,,
Q05186,325,Q05186,Q3TVU3,Eukaryota,Mus musculus,10090,,,1,23,ECO:0000269,,,,,,,,,,,,,,,,,,,,,,,,,,,,,,
P02739,129,P02739,,Eukaryota,Neogale vison,452646,,,1,18,ECO:0000269,,,,,,,,,,,,,,,,,,,,,,,,,,,,,,
P07602,524,P07602,"P07292, P15793, P78538, P78541, P78546, P78547, P78558, Q53Y86, Q6IBQ6, Q92739, Q92740, Q92741, Q92742",Eukaryota,Homo sapiens,9606,,,1,16,"ECO:0000269, ECO:0007744",,,,,,,,,,,,,,,,,,,,,,,,,,,,,,
Q8IWL2,248,Q8IWL2,"A8K3T8, B7ZW50, E3VLD8, E3VLD9, E3VLE0, E3VLE1, G5E9J3, P07714, Q14DV4, Q5RIR5, Q5RIR7, Q6PIT0, Q8TC19",Eukaryota,Homo sapiens,9606,,,1,20,,,,,,,,,,,,,,,,,,,,,,,,,,,,,,,
O95968,90,O95968,,Eukaryota,Homo sapiens,9606,,,1,21,ECO:0000269,,,,,,,,,,,,,,,,,,,,,,,,,,,,,,
P15196,398,P15196,"Q28663, Q28669",Eukaryota,Oryctolagus cuniculus,9986,,,1,31,ECO:0000269,,,,,,,,,,,,,,,,,,,,,,,,,,,,,,
P23327,699,P23327,Q504Y6,Eukaryota,Homo sapiens,9606,,,1,28,,,,,,,,,,,,,,,,,,,,,,,,,,,,,,,
P20061,433,P20061,"A8KAC5, Q8WV77",Eukaryota,Homo sapiens,9606,,,1,23,,,,,,,,,,,,,,,,,,,,,,,,,,,,,,,
P24055,292,P24055,,Eukaryota,Oryctolagus cuniculus,9986,,,1,32,,251,271,ECO:0000255,,,,,,,,,,,,,,,,,,,,,,,,,,,
P01266,2768,P01266,"O15274, O43899, Q15593, Q15948, Q9NYR1, Q9NYR2, Q9UMZ0, Q9UNY3",Eukaryota,Homo sapiens,9606,,,1,19,ECO:0000250,,,,,,,,,,,,,,,,,,,,,,,,,,,,,,
P10154,197,P10154,,Eukaryota,Oryctolagus cuniculus,9986,,,1,26,,,,,,,,,,,,,,,,,,,,,,,,,,,,,,,
P21845,276,P21845,Q61962,Eukaryota,Mus musculus,10090,,,1,21,,,,,,,,,,,,,,,,,,,,,,,,,,,,,,,
P04652,138,P04652,Q6GTA8,Eukaryota,Rattus norvegicus,10116,,,1,20,,,,,,,,,,,,,,,,,,,,,,,,,,,,,,,
P07996,1170,P07996,"A8K6H4, B4E3J7, B9EGH6, Q15667, Q59E99",Eukaryota,Homo sapiens,9606,,,1,18,,,,,,,,,,,,,,,,,,,,,,,,,,,,,,,
P12303,147,P12303,,Eukaryota,Ovis aries,9940,,,1,20,,,,,,,,,,,,,,,,,,,,,,,,,,,,,,,
Q03405,335,Q03405,"A8K409, Q12876, Q15845, Q16887, Q6IB52, Q9BWT0, Q9NYC8, Q9UD69, Q9UEA6, Q9UM92, Q9UMV0",Eukaryota,Homo sapiens,9606,,,1,22,ECO:0000269,,,,,,,,,,,,,,,,,,,,,,,,,,,,,,
P11684,91,P11684,"B2R5F2, Q6FHH3, Q9UCM2, Q9UCM4",Eukaryota,Homo sapiens,9606,,,1,21,ECO:0000269,,,,,,,,,,,,,,,,,,,,,,,,,,,,,,
Q9UBD3,114,Q9UBD3,,Eukaryota,Homo sapiens,9606,,,1,21,ECO:0000269,,,,,,,,,,,,,,,,,,,,,,,,,,,,,,
P10761,424,P10761,Q4FZI2,Eukaryota,Mus musculus,10090,,,1,22,ECO:0000269,388,408,ECO:0000255,,,,,,,,,,,,,,,,,,,,,,,,,,,
Q09160,365,P04439,"B1PKZ3, O02939, O02954, O02955, O02963, O19509, O19546, O19598, O19605, O19606, O19619, O19647, O19673, O19687, O19695, O19756, O19794, O19795, O43906, O43907, O46874, O62921, O62924, O77937, O77938, O77964, O78073, O78171, O98009, O98010, O98011, O98137, P01891, P01892, P05534, P06338, P10313, P10314, P10315, P10316, P13746, P16188, P16189, P16190, P18462, P30443, P30444, P30445, P30446, P30447, P30448, P30449, P30450, P30451, P30452, P30453, P30454, P30455, P30456, P30457, P30458, P30459, P30512, P30514, P79505, P79562, P79563, Q09160, Q29680, Q29747, Q29835, Q29837, Q29838, Q29899, Q29908, Q29909, Q29910, Q30208, Q31623, Q5S3G1, Q65A82, Q8MHM1, Q8MHN9, Q95352, Q95355, Q95362, Q95377, Q95380, Q95IZ5, Q9BCN0, Q9BD15, Q9BD19, Q9GJE6, Q9GJE7, Q9GJE8, Q9MW42, Q9MY89, Q9MYA3, Q9MYA5, Q9MYC4, Q9MYE6, Q9MYE9, Q9MYG4, Q9MYG5, Q9MYI5, Q9TP25, Q9TPQ3, Q9TPR8, Q9TPX8, Q9TPX9, Q9TPY0, Q9TQ24, Q9TQE8, Q9TQE9, Q9TQF1, Q9TQF5, Q9TQF8, Q9TQF9, Q9TQG0, Q9TQG5, Q9TQG7, Q9TQH5, Q9TQI3, Q9TQK5, Q9TQM6, Q9TQN5, Q9TQP5, Q9TQP6, Q9TQP7, Q9UIN1, Q9UIN2, Q9UIP7, Q9UQU3, Q9UQU6, Q9UQU7",Eukaryota,Homo sapiens,9606,,,1,24,ECO:0000269,309,332,ECO:0000255,,,,,,,,,,,,,,,,,,,,,,,,,,,
P30490,362,P01889,"A0A2I6Q7B5, B0V0B8, G3GN01, O02862, O02956, O02957, O02960, O19555, O19556, O19595, O19615, O19624, O19625, O19627, O19641, O19651, O19675, O19692, O19758, O19779, O19783, O46702, O62897, O62901, O62915, O62917, O62919, O77933, O77959, O78053, O78138, O78160, O78163, O78172, O78173, O78180, O78217, O95730, O98140, P01890, P03989, P10317, P10318, P10319, P10320, P18463, P18464, P18465, P19373, P30460, P30461, P30462, P30463, P30464, P30465, P30466, P30467, P30468, P30469, P30470, P30471, P30472, P30473, P30474, P30475, P30476, P30477, P30478, P30479, P30480, P30481, P30482, P30483, P30484, P30485, P30486, P30487, P30488, P30489, P30490, P30491, P30492, P30493, P30494, P30495, P30496, P30497, P30498, P30513, P30685, P79489, P79490, P79496, P79504, P79523, P79524, P79542, P79555, Q04826, Q08136, Q29633, Q29636, Q29638, Q29661, Q29665, Q29678, Q29679, Q29681, Q29693, Q29695, Q29697, Q29718, Q29742, Q29749, Q29762, Q29764, Q29829, Q29836, Q29842, Q29845, Q29846, Q29847, Q29848, Q29850, Q29851, Q29852, Q29854, Q29855, Q29857, Q29858, Q29861, Q29924, Q29925, Q29933, Q29935, Q29936, Q29940, Q29953, Q29961, Q29982, Q30173, Q30198, Q31603, Q31610, Q31612, Q31613, Q546L8, Q546M4, Q5JP37, Q5QT24, Q5RIP1, Q5SRJ2, Q5TK76, Q5TK77, Q860I4, Q861B5, Q8HWF0, Q8MGQ3, Q8MHN4, Q8SNC5, Q95343, Q95344, Q95365, Q95369, Q95392, Q95HA3, Q95HA8, Q95HM9, Q95IA6, Q95IB8, Q95IH5, Q95J00, Q96IT9, Q9BCM6, Q9BCM7, Q9BCM8, Q9BD06, Q9BD38, Q9BD43, Q9GIL3, Q9GIM3, Q9GIX1, Q9GIY5, Q9GIZ0, Q9GIZ9, Q9GJ00, Q9GJ17, Q9GJ20, Q9GJ23, Q9GJ31, Q9GJF0, Q9GJM7, Q9MX21, Q9MY37, Q9MY42, Q9MY43, Q9MY61, Q9MY75, Q9MY78, Q9MY79, Q9MY84, Q9MY92, Q9MY93, Q9MY94, Q9MYB8, Q9MYC3, Q9MYC7, Q9MYF4, Q9MYG1, Q9TP35, Q9TP36, Q9TP37, Q9TP95, Q9TPQ7, Q9TPQ9, Q9TPR2, Q9TPR4, Q9TPS6, Q9TPT2, Q9TPT4, Q9TPT6, Q9TPV2, Q9TQG1, Q9TQH3, Q9TQH6, Q9TQH7, Q9TQH8, Q9TQH9, Q9TQM2, Q9TQN4, Q9TQN6, Q9UQS8, Q9UQT0",Eukaryota,Homo sapiens,9606,,,1,24,ECO:0000269,310,333,ECO:0000255,,,,,,,,,,,,,,,,,,,,,,,,,,,
Q29960,366,P10321,"O02863, O02864, O02865, O02866, O02958, O19505, O19652, O19676, O62879, O62882, O62883, O62888, O78060, O78061, O78062, O78063, O78067, O78068, O78069, O78072, O78083, O78090, O78091, O78149, O78165, O78166, O78178, O78202, O78203, O78211, O78214, P04222, P30499, P30500, P30501, P30502, P30503, P30504, P30505, P30506, P30507, P30508, P30509, P30510, P79498, Q07000, Q29631, Q29641, Q29643, Q29652, Q29743, Q29768, Q29862, Q29864, Q29865, Q29867, Q29921, Q29959, Q29960, Q29963, Q29986, Q29989, Q29990, Q29991, Q29992, Q29993, Q30192, Q31605, Q31627, Q860R1, Q860R2, Q95463, Q95603, Q95604, Q99528, Q9BD28, Q9GIK4, Q9GIK8, Q9GJ33, Q9MY30, Q9MY31, Q9MY35, Q9MY49, Q9MY74, Q9MYI3, Q9TNN7, Q9TNZ8, Q9TPS4, Q9TPV8, Q9TPX2, Q9TQB4, Q9TQJ5, Q9TQP9, Q9UM32, Q9UM33, Q9UM42, Q9UQS9",Eukaryota,Homo sapiens,9606,,,1,24,ECO:0000255,309,333,ECO:0000255,,,,,,,,,,,,,,,,,,,,,,,,,,,
P14046,1477,P14046,"Q4G042, Q63266, Q6LDP2, Q6LDR8",Eukaryota,Rattus norvegicus,10116,,,1,24,,,,,,,,,,,,,,,,,,,,,,,,,,,,,,,
P34929,83,P34929,,Eukaryota,Papio hamadryas,9557,,,1,26,,,,,,,,,,,,,,,,,,,,,,,,,,,,,,,
P23593,189,P23593,,Eukaryota,Rattus norvegicus,10116,,,1,20,,,,,,,,,,,,,,,,,,,,,,,,,,,,,,,
O14791,398,O14791,"A5PLQ4, B4DU12, E9PF24, O60804, Q5R3P7, Q5R3P8, Q96AB8, Q96PM4, Q9BQ03",Eukaryota,Homo sapiens,9606,,,1,27,ECO:0000269,,,,,,,,,,,,,,,,,,,,,,,,,,,,,,
P30988,474,P30988,"A0A0C4DG16, A4D1G6, F5H605, O14585, Q13941, Q5ZGL8, Q659U6, Q6DJU8, Q6T712",Eukaryota,Homo sapiens,9606,,,1,24,ECO:0000269,147,169,"ECO:0000269, ECO:0007744",182,202,"ECO:0000269, ECO:0007744",220,242,"ECO:0000269, ECO:0007744",260,280,"ECO:0000269, ECO:0007744",297,320,"ECO:0000269, ECO:0007744",341,359,"ECO:0000269, ECO:0007744",368,394,"ECO:0000269, ECO:0007744",,,,,,,,,
Q16568,116,Q16568,Q6FG92,Eukaryota,Homo sapiens,9606,,,1,27,ECO:0000269,,,,,,,,,,,,,,,,,,,,,,,,,,,,,,
Q16627,93,Q16627,"E1P649, E1P650, Q13954",Eukaryota,Homo sapiens,9606,,,1,19,ECO:0000269,,,,,,,,,,,,,,,,,,,,,,,,,,,,,,
P13236,92,P13236,"P22617, Q13704, Q3SXL8, Q6FGI8",Eukaryota,Homo sapiens,9606,,,1,23,,,,,,,,,,,,,,,,,,,,,,,,,,,,,,,
Q99467,661,Q99467,"B2R7Z7, Q32MM5",Eukaryota,Homo sapiens,9606,,,1,23,ECO:0000269,627,650,ECO:0000255,,,,,,,,,,,,,,,,,,,,,,,,,,,
P07766,207,P07766,A8K997,Eukaryota,Homo sapiens,9606,,,1,22,,127,152,ECO:0000255,,,,,,,,,,,,,,,,,,,,,,,,,,,
Q14002,265,Q14002,"A8K848, O15148, O15149, Q0VAC1, Q13983, Q9UPJ2",Eukaryota,Homo sapiens,9606,,,1,35,ECO:0000269,,,,,,,,,,,,,,,,,,,,,,,,,,,,,,
P16303,565,P16303,"Q64574, Q6P785, Q91YG2, Q9QUX7, Q9R135",Eukaryota,Rattus norvegicus,10116,,,1,18,ECO:0000269,,,,,,,,,,,,,,,,,,,,,,,,,,,,,,
Q6UXG3,332,Q6UXG3,"B4DNY5, F5H7P9, F8W9M3, Q8IX38, Q8IX39, Q8TA95",Eukaryota,Homo sapiens,9606,,,1,18,ECO:0000269,248,268,ECO:0000255,,,,,,,,,,,,,,,,,,,,,,,,,,,
P01029,1738,P01029,"E9QKK7, O70346, Q31201, Q3TYY1, Q3TZC9, Q61372, Q61859, Q62353, Q6NWV8",Eukaryota,Mus musculus,10090,,,1,19,,,,,,,,,,,,,,,,,,,,,,,,,,,,,,,
P13671,934,P13671,,Eukaryota,Homo sapiens,9606,,,1,21,ECO:0000269,278,290,"ECO:0000269, ECO:0007744",402,415,"ECO:0000269, ECO:0007744",,,,,,,,,,,,,,,,,,,,,,,,
Q9NRR1,136,Q9NRR1,,Eukaryota,Homo sapiens,9606,,,1,22,ECO:0000269,,,,,,,,,,,,,,,,,,,,,,,,,,,,,,
P81605,110,P81605,"A5JHP2, A5JHP3, P58461, Q53YJ2",Eukaryota,Homo sapiens,9606,,,1,19,ECO:0000269,64,108,ECO:0000305,,,,,,,,,,,,,,,,,,,,,,,,,,,
P00639,282,P00639,"A5PK44, Q8MJ27",Eukaryota,Bos taurus,9913,,,1,22,ECO:0000269,,,,,,,,,,,,,,,,,,,,,,,,,,,,,,
O97939,1142,O97939,,Eukaryota,Sus scrofa,9823,,,1,38,ECO:0000269,,,,,,,,,,,,,,,,,,,,,,,,,,,,,,
P54762,984,P54762,"A8K593, B3KTB2, B5A969, O43569, O95142, O95143, Q0VG87",Eukaryota,Homo sapiens,9606,,,1,17,ECO:0000269,541,563,ECO:0000255,,,,,,,,,,,,,,,,,,,,,,,,,,,
Q8I034,545,Q8I034,,Eukaryota,Felis catus,9685,,,1,28,ECO:0000269,,,,,,,,,,,,,,,,,,,,,,,,,,,,,,
P24090,352,P24090,Q5BKD2,Eukaryota,Rattus norvegicus,10116,,,1,18,ECO:0000269,,,,,,,,,,,,,,,,,,,,,,,,,,,,,,
P31514,337,P31514,,Eukaryota,Ovis aries,9940,,,1,22,,,,,,,,,,,,,,,,,,,,,,,,,,,,,,,
O60609,400,O60609,"B2RA36, B4DMY9, Q6UW20, Q8IUZ2",Eukaryota,Homo sapiens,9606,,,1,31,ECO:0000269,,,,,,,,,,,,,,,,,,,,,,,,,,,,,,
P80195,153,P80195,"P35451, Q32P62",Eukaryota,Bos taurus,9913,,,1,18,ECO:0000269,,,,,,,,,,,,,,,,,,,,,,,,,,,,,,
P01216,120,P01216,"P11963, Q5M8P4",Eukaryota,Mus musculus,10090,,,1,24,,,,,,,,,,,,,,,,,,,,,,,,,,,,,,,
P06028,91,P06028,"B8Q174, E2QBW7, Q0VAF4, Q58HE9, Q58HF0, Q58HF1, Q9UCH7",Eukaryota,Homo sapiens,9606,,,1,19,ECO:0000269,60,81,ECO:0000255,,,,,,,,,,,,,,,,,,,,,,,,,,,
P49921,91,P49921,,Eukaryota,Sus scrofa,9823,,,1,23,ECO:0000269,,,,,,,,,,,,,,,,,,,,,,,,,,,,,,
P08568,246,P08568,,Eukaryota,Rattus norvegicus,10116,,,1,18,,,,,,,,,,,,,,,,,,,,,,,,,,,,,,,
P01904,255,P01904,Q31157,Eukaryota,Mus musculus,10090,,,1,25,,217,242,ECO:0000255,,,,,,,,,,,,,,,,,,,,,,,,,,,
P03992,261,P01920,"A1KR27, A2RPH3, A4Q9R4, A4USG2, A4USG5, A6N8I7, A9YQA0, B0S7Y7, B1A0K6, B1GXI3, B3VLT3, B5BLN7, B7VU69, C0MQ34, C0MQ35, C8ZL52, C8ZLJ8, C8ZLJ9, C9DRQ3, O19708, O19713, O19724, O62861, O78046, O78221, O78223, O98034, O98201, P01917, P01918, P01919, P03992, P05537, P79482, P79526, P79544, P79551, Q08GC8, Q09035, Q0E4V9, Q1M312, Q29731, Q29877, Q29884, Q29915, Q29966, Q2P9N3, Q2QK85, Q30061, Q30075, Q30076, Q30080, Q30081, Q30082, Q30083, Q30084, Q30089, Q30095, Q31633, Q38I47, Q45UE3, Q4QZB5, Q53I44, Q564J6, Q5G841, Q5ISH1, Q5ISH3, Q5W1E1, Q5Y7G8, Q643R4, Q6B9X1, Q70VH8, Q7YP69, Q8HWH0, Q8MH58, Q8SNB4, Q8SND1, Q8SP70, Q8WMA3, Q9BD17, Q9MYH2, Q9TPA9, Q9XRY6, Q9XRY7, Q9XRZ2",Eukaryota,Homo sapiens,9606,,,1,32,ECO:0000269,231,251,ECO:0000255,,,,,,,,,,,,,,,,,,,,,,,,,,,
P23083,117,P23083,"A0A087WSX2, P01744",Eukaryota,Homo sapiens,9606,,,1,19,ECO:0000269,,,,,,,,,,,,,,,,,,,,,,,,,,,,,,
P01750,117,P01750,,Eukaryota,Mus musculus,10090,,,1,19,,,,,,,,,,,,,,,,,,,,,,,,,,,,,,,
P01567,189,P01567,"Q14607, Q5VV14",Eukaryota,Homo sapiens,9606,,,1,23,ECO:0000269,,,,,,,,,,,,,,,,,,,,,,,,,,,,,,
P01346,180,P01346,,Eukaryota,Rattus norvegicus,10116,,,1,24,ECO:0000269,,,,,,,,,,,,,,,,,,,,,,,,,,,,,,
P13504,576,P13504,,Eukaryota,Mus musculus,10090,,,1,19,ECO:0000269,339,359,ECO:0000255,,,,,,,,,,,,,,,,,,,,,,,,,,,
Q9N2I2,404,Q9N2I2,A7E3W0,Eukaryota,Bos taurus,9913,,,1,19,ECO:0000269,,,,,,,,,,,,,,,,,,,,,,,,,,,,,,
P38570,1179,P38570,"Q17RS6, Q9NZU9",Eukaryota,Homo sapiens,9606,,,1,18,ECO:0000269,1127,1147,ECO:0000255,,,,,,,,,,,,,,,,,,,,,,,,,,,
P11835,771,P11835,Q64482,Eukaryota,Mus musculus,10090,,,1,23,,703,725,ECO:0000255,,,,,,,,,,,,,,,,,,,,,,,,,,,
P08934,639,P08934,P08933,Eukaryota,Rattus norvegicus,10116,,,1,18,,,,,,,,,,,,,,,,,,,,,,,,,,,,,,,
P02758,180,P02758,Q28394,Eukaryota,Equus caballus,9796,,,1,18,ECO:0000269,,,,,,,,,,,,,,,,,,,,,,,,,,,,,,
Q29145,140,Q29145,,Eukaryota,Trichosurus vulpecula,9337,,,1,19,,,,,,,,,,,,,,,,,,,,,,,,,,,,,,,
P27657,465,P27657,,Eukaryota,Rattus norvegicus,10116,,,1,16,ECO:0000269,,,,,,,,,,,,,,,,,,,,,,,,,,,,,,
Q62813,338,Q62813,Q6VUH9,Eukaryota,Rattus norvegicus,10116,,,1,28,ECO:0000269,,,,,,,,,,,,,,,,,,,,,,,,,,,,,,
P18337,372,P18337,,Eukaryota,Mus musculus,10090,,,1,28,,333,355,ECO:0000255,,,,,,,,,,,,,,,,,,,,,,,,,,,
Q08431,387,Q08431,"B2R6M7, F5GZN3, Q53FU9, Q7Z3D2, Q9BTL9",Eukaryota,Homo sapiens,9606,,,1,23,,,,,,,,,,,,,,,,,,,,,,,,,,,,,,,
Q9ES58,327,Q9ES58,Q6PS97,Eukaryota,Rattus norvegicus,10116,,,1,23,ECO:0000269,240,260,ECO:0000255,,,,,,,,,,,,,,,,,,,,,,,,,,,
Q9BZM5,246,Q9BZM5,Q5VUN4,Eukaryota,Homo sapiens,9606,,,1,25,ECO:0000269,,,,,,,,,,,,,,,,,,,,,,,,,,,,,,
P17982,275,P17982,,Eukaryota,Rattus norvegicus,10116,,,1,20,,,,,,,,,,,,,,,,,,,,,,,,,,,,,,,
P00593,145,P00593,,Eukaryota,Bos taurus,9913,,,1,15,ECO:0000269,,,,,,,,,,,,,,,,,,,,,,,,,,,,,,
Q6UWI2,310,Q6UWI2,"B3KMQ9, Q96DV8, Q9Y4S1",Eukaryota,Homo sapiens,9606,,,1,20,ECO:0000269,259,279,ECO:0000255,,,,,,,,,,,,,,,,,,,,,,,,,,,
Q62849,783,Q62849,,Eukaryota,Rattus norvegicus,10116,,,1,36,,667,687,ECO:0000255,,,,,,,,,,,,,,,,,,,,,,,,,,,
P14222,555,P14222,"B2R6X4, Q59F57, Q86WX7",Eukaryota,Homo sapiens,9606,,,1,21,ECO:0000250,129,149,ECO:0000250,257,279,ECO:0000250,,,,,,,,,,,,,,,,,,,,,,,,
P07897,2124,P07897,,Eukaryota,Rattus norvegicus,10116,,,1,19,ECO:0000269,,,,,,,,,,,,,,,,,,,,,,,,,,,,,,
P80109,839,P80109,,Eukaryota,Bos taurus,9913,,,1,23,ECO:0000269,,,,,,,,,,,,,,,,,,,,,,,,,,,,,,
P15309,386,P15309,"D3DNC6, Q5FBY0, Q96KY0, Q96QK9, Q96QM0",Eukaryota,Homo sapiens,9606,,,1,32,ECO:0000269,382,404,ECO:0000303,,,,,,,,,,,,,,,,,,,,,,,,,,,
P09923,528,P09923,"B2R7Y4, Q53S80, Q9UBV5, Q9UCL2",Eukaryota,Homo sapiens,9606,,,1,19,ECO:0000269,,,,,,,,,,,,,,,,,,,,,,,,,,,,,,
P10163,310,P10163,"A1L439, O00600, P02813, P10161, P10162, P81489",Eukaryota,Homo sapiens,9606,,,1,16,ECO:0000269,,,,,,,,,,,,,,,,,,,,,,,,,,,,,,
P16471,622,P16471,"B2R882, D1MDP1, Q16354, Q8TD75, Q8TD78, Q96P35, Q96P36, Q9BX87, Q9UHJ5",Eukaryota,Homo sapiens,9606,,,1,24,,235,258,ECO:0000255,,,,,,,,,,,,,,,,,,,,,,,,,,,
P35495,133,P35495,,Eukaryota,Sus scrofa,9823,,,1,24,ECO:0000269,,,,,,,,,,,,,,,,,,,,,,,,,,,,,,
P00669,150,P00669,,Eukaryota,Bos taurus,9913,,,1,26,ECO:0000269,,,,,,,,,,,,,,,,,,,,,,,,,,,,,,
P35542,130,P35542,Q6FHJ4,Eukaryota,Homo sapiens,9606,,,1,18,,,,,,,,,,,,,,,,,,,,,,,,,,,,,,,
P23680,228,P23680,Q63539,Eukaryota,Rattus norvegicus,10116,,,1,20,,,,,,,,,,,,,,,,,,,,,,,,,,,,,,,
P23389,646,P23389,O02707,Eukaryota,Bos taurus,9913,,,1,20,ECO:0000269,,,,,,,,,,,,,,,,,,,,,,,,,,,,,,
O75556,95,O75556,,Eukaryota,Homo sapiens,9606,,,1,18,ECO:0000269,,,,,,,,,,,,,,,,,,,,,,,,,,,,,,
Q9NQ25,335,Q9NQ25,"A8K3U1, B4DPU4, B4DPY3, B4DWA3, Q8N6Y8, Q8ND32, Q9NY08, Q9NY23",Eukaryota,Homo sapiens,9606,,,1,22,ECO:0000269,227,247,ECO:0000255,,,,,,,,,,,,,,,,,,,,,,,,,,,
P04437,119,P04437,A0JD25,Eukaryota,Homo sapiens,9606,,,1,21,ECO:0000255,,,,,,,,,,,,,,,,,,,,,,,,,,,,,,
P17559,96,P17559,,Eukaryota,Rattus norvegicus,10116,,,1,19,,,,,,,,,,,,,,,,,,,,,,,,,,,,,,,
Q96IQ7,327,Q96IQ7,"O95791, Q9NX42",Eukaryota,Homo sapiens,9606,,,1,23,ECO:0000269,244,264,ECO:0000255,,,,,,,,,,,,,,,,,,,,,,,,,,,
P22458,475,P22458,,Eukaryota,Oryctolagus cuniculus,9986,,,1,19,ECO:0000269,,,,,,,,,,,,,,,,,,,,,,,,,,,,,,
P30447,365,P04439,"B1PKZ3, O02939, O02954, O02955, O02963, O19509, O19546, O19598, O19605, O19606, O19619, O19647, O19673, O19687, O19695, O19756, O19794, O19795, O43906, O43907, O46874, O62921, O62924, O77937, O77938, O77964, O78073, O78171, O98009, O98010, O98011, O98137, P01891, P01892, P05534, P06338, P10313, P10314, P10315, P10316, P13746, P16188, P16189, P16190, P18462, P30443, P30444, P30445, P30446, P30447, P30448, P30449, P30450, P30451, P30452, P30453, P30454, P30455, P30456, P30457, P30458, P30459, P30512, P30514, P79505, P79562, P79563, Q09160, Q29680, Q29747, Q29835, Q29837, Q29838, Q29899, Q29908, Q29909, Q29910, Q30208, Q31623, Q5S3G1, Q65A82, Q8MHM1, Q8MHN9, Q95352, Q95355, Q95362, Q95377, Q95380, Q95IZ5, Q9BCN0, Q9BD15, Q9BD19, Q9GJE6, Q9GJE7, Q9GJE8, Q9MW42, Q9MY89, Q9MYA3, Q9MYA5, Q9MYC4, Q9MYE6, Q9MYE9, Q9MYG4, Q9MYG5, Q9MYI5, Q9TP25, Q9TPQ3, Q9TPR8, Q9TPX8, Q9TPX9, Q9TPY0, Q9TQ24, Q9TQE8, Q9TQE9, Q9TQF1, Q9TQF5, Q9TQF8, Q9TQF9, Q9TQG0, Q9TQG5, Q9TQG7, Q9TQH5, Q9TQI3, Q9TQK5, Q9TQM6, Q9TQN5, Q9TQP5, Q9TQP6, Q9TQP7, Q9UIN1, Q9UIN2, Q9UIP7, Q9UQU3, Q9UQU6, Q9UQU7",Eukaryota,Homo sapiens,9606,,,1,24,ECO:0000269,309,332,ECO:0000255,,,,,,,,,,,,,,,,,,,,,,,,,,,
P03989,362,P01889,"A0A2I6Q7B5, B0V0B8, G3GN01, O02862, O02956, O02957, O02960, O19555, O19556, O19595, O19615, O19624, O19625, O19627, O19641, O19651, O19675, O19692, O19758, O19779, O19783, O46702, O62897, O62901, O62915, O62917, O62919, O77933, O77959, O78053, O78138, O78160, O78163, O78172, O78173, O78180, O78217, O95730, O98140, P01890, P03989, P10317, P10318, P10319, P10320, P18463, P18464, P18465, P19373, P30460, P30461, P30462, P30463, P30464, P30465, P30466, P30467, P30468, P30469, P30470, P30471, P30472, P30473, P30474, P30475, P30476, P30477, P30478, P30479, P30480, P30481, P30482, P30483, P30484, P30485, P30486, P30487, P30488, P30489, P30490, P30491, P30492, P30493, P30494, P30495, P30496, P30497, P30498, P30513, P30685, P79489, P79490, P79496, P79504, P79523, P79524, P79542, P79555, Q04826, Q08136, Q29633, Q29636, Q29638, Q29661, Q29665, Q29678, Q29679, Q29681, Q29693, Q29695, Q29697, Q29718, Q29742, Q29749, Q29762, Q29764, Q29829, Q29836, Q29842, Q29845, Q29846, Q29847, Q29848, Q29850, Q29851, Q29852, Q29854, Q29855, Q29857, Q29858, Q29861, Q29924, Q29925, Q29933, Q29935, Q29936, Q29940, Q29953, Q29961, Q29982, Q30173, Q30198, Q31603, Q31610, Q31612, Q31613, Q546L8, Q546M4, Q5JP37, Q5QT24, Q5RIP1, Q5SRJ2, Q5TK76, Q5TK77, Q860I4, Q861B5, Q8HWF0, Q8MGQ3, Q8MHN4, Q8SNC5, Q95343, Q95344, Q95365, Q95369, Q95392, Q95HA3, Q95HA8, Q95HM9, Q95IA6, Q95IB8, Q95IH5, Q95J00, Q96IT9, Q9BCM6, Q9BCM7, Q9BCM8, Q9BD06, Q9BD38, Q9BD43, Q9GIL3, Q9GIM3, Q9GIX1, Q9GIY5, Q9GIZ0, Q9GIZ9, Q9GJ00, Q9GJ17, Q9GJ20, Q9GJ23, Q9GJ31, Q9GJF0, Q9GJM7, Q9MX21, Q9MY37, Q9MY42, Q9MY43, Q9MY61, Q9MY75, Q9MY78, Q9MY79, Q9MY84, Q9MY92, Q9MY93, Q9MY94, Q9MYB8, Q9MYC3, Q9MYC7, Q9MYF4, Q9MYG1, Q9TP35, Q9TP36, Q9TP37, Q9TP95, Q9TPQ7, Q9TPQ9, Q9TPR2, Q9TPR4, Q9TPS6, Q9TPT2, Q9TPT4, Q9TPT6, Q9TPV2, Q9TQG1, Q9TQH3, Q9TQH6, Q9TQH7, Q9TQH8, Q9TQH9, Q9TQM2, Q9TQN4, Q9TQN6, Q9UQS8, Q9UQT0",Eukaryota,Homo sapiens,9606,,,1,24,ECO:0000269,310,333,ECO:0000255,,,,,,,,,,,,,,,,,,,,,,,,,,,
P30499,366,P10321,"O02863, O02864, O02865, O02866, O02958, O19505, O19652, O19676, O62879, O62882, O62883, O62888, O78060, O78061, O78062, O78063, O78067, O78068, O78069, O78072, O78083, O78090, O78091, O78149, O78165, O78166, O78178, O78202, O78203, O78211, O78214, P04222, P30499, P30500, P30501, P30502, P30503, P30504, P30505, P30506, P30507, P30508, P30509, P30510, P79498, Q07000, Q29631, Q29641, Q29643, Q29652, Q29743, Q29768, Q29862, Q29864, Q29865, Q29867, Q29921, Q29959, Q29960, Q29963, Q29986, Q29989, Q29990, Q29991, Q29992, Q29993, Q30192, Q31605, Q31627, Q860R1, Q860R2, Q95463, Q95603, Q95604, Q99528, Q9BD28, Q9GIK4, Q9GIK8, Q9GJ33, Q9MY30, Q9MY31, Q9MY35, Q9MY49, Q9MY74, Q9MYI3, Q9TNN7, Q9TNZ8, Q9TPS4, Q9TPV8, Q9TPX2, Q9TQB4, Q9TQJ5, Q9TQP9, Q9UM32, Q9UM33, Q9UM42, Q9UQS9",Eukaryota,Homo sapiens,9606,,,1,24,ECO:0000255,309,333,ECO:0000255,,,,,,,,,,,,,,,,,,,,,,,,,,,
P21352,207,P21352,,Eukaryota,Mus caroli,10089,,,1,18,,,,,,,,,,,,,,,,,,,,,,,,,,,,,,,
P22968,1310,P12822,"O02852, P22968",Eukaryota,Oryctolagus cuniculus,9986,,,1,33,ECO:0000269,1261,1281,ECO:0000255,,,,,,,,,,,,,,,,,,,,,,,,,,,
O95994,175,O95994,,Eukaryota,Homo sapiens,9606,,,1,20,ECO:0000269,,,,,,,,,,,,,,,,,,,,,,,,,,,,,,
P02770,608,P02770,"P11382, Q5U3X3",Eukaryota,Rattus norvegicus,10116,,,1,18,ECO:0000269,,,,,,,,,,,,,,,,,,,,,,,,,,,,,,
P35858,605,P35858,"B4DZY8, E9PGU3",Eukaryota,Homo sapiens,9606,,,1,27,ECO:0000269,,,,,,,,,,,,,,,,,,,,,,,,,,,,,,
P03950,147,P03950,"Q05CV1, Q53X86, Q6P5T2, Q8WXE7",Eukaryota,Homo sapiens,9606,,,1,24,ECO:0000269,,,,,,,,,,,,,,,,,,,,,,,,,,,,,,
P01019,476,P01019,"Q16358, Q16359, Q96F91",Eukaryota,Homo sapiens,9606,,,1,24,ECO:0000269,,,,,,,,,,,,,,,,,,,,,,,,,,,,,,
P15497,265,P15497,"A5D7M9, Q3SZD9",Eukaryota,Bos taurus,9913,,,1,18,ECO:0000269,,,,,,,,,,,,,,,,,,,,,,,,,,,,,,
P02656,99,P02656,"Q08E83, Q6Q786",Eukaryota,Homo sapiens,9606,,,1,20,ECO:0000269,,,,,,,,,,,,,,,,,,,,,,,,,,,,,,
Q8N4F0,458,Q8N4F0,"Q6UWN3, Q6ZME0, Q8NFQ7",Eukaryota,Homo sapiens,9606,,,1,20,ECO:0000269,,,,,,,,,,,,,,,,,,,,,,,,,,,,,,
Q05928,177,Q05928,,Eukaryota,Mus musculus,10090,,,1,31,ECO:0000269,119,139,ECO:0000255,,,,,,,,,,,,,,,,,,,,,,,,,,,
Q9NR16,1453,Q9NR16,"B4E0G7, C9JHR7, E7EVK4, Q2M3B7, Q6UWC2",Eukaryota,Homo sapiens,9606,,,1,40,ECO:0000269,1360,1380,ECO:0000255,,,,,,,,,,,,,,,,,,,,,,,,,,,
Q9GKK3,241,Q9GKK3,,Eukaryota,Equus caballus,9796,,,1,15,"ECO:0000255, ECO:0000269",,,,,,,,,,,,,,,,,,,,,,,,,,,,,,
P07339,412,P07339,Q6IB57,Eukaryota,Homo sapiens,9606,,,1,20,ECO:0000255,,,,,,,,,,,,,,,,,,,,,,,,,,,,,,
P08920,344,P08920,Q61394,Eukaryota,Mus musculus,10090,,,1,22,,204,229,ECO:0000255,,,,,,,,,,,,,,,,,,,,,,,,,,,
P20963,164,P20963,"B1AK49, Q5VX13, Q8TAX4",Eukaryota,Homo sapiens,9606,,,1,21,,31,51,ECO:0000255,,,,,,,,,,,,,,,,,,,,,,,,,,,
P09564,240,P09564,,Eukaryota,Homo sapiens,9606,,,1,25,,181,201,ECO:0000305,,,,,,,,,,,,,,,,,,,,,,,,,,,
P16619,93,P16619,"A6NGK6, B2RUX4, Q3B7A8, Q53YA5, Q96I68",Eukaryota,Homo sapiens,9606,,,1,23,ECO:0000269,,,,,,,,,,,,,,,,,,,,,,,,,,,,,,
Q8TDQ1,290,Q8TDQ1,"B2RCL2, C9JDN3, Q3Y6P0, Q6UX24, Q7Z6A6, Q7Z7I4, Q7Z7I5, Q8N6D0, Q8NAF5",Eukaryota,Homo sapiens,9606,,,1,19,ECO:0000269,157,177,ECO:0000255,,,,,,,,,,,,,,,,,,,,,,,,,,,
P05371,447,P05371,,Eukaryota,Rattus norvegicus,10116,,,1,21,ECO:0000269,,,,,,,,,,,,,,,,,,,,,,,,,,,,,,
P05208,271,P05208,,Eukaryota,Mus musculus,10090,,,1,16,,,,,,,,,,,,,,,,,,,,,,,,,,,,,,,
O43155,660,O43155,"A0AV84, B7ZLP3",Eukaryota,Homo sapiens,9606,,,1,35,ECO:0000269,542,562,ECO:0000255,,,,,,,,,,,,,,,,,,,,,,,,,,,
Q9TT95,120,Q9TT95,,Eukaryota,Sus scrofa,9823,,,1,22,ECO:0000269,,,,,,,,,,,,,,,,,,,,,,,,,,,,,,
P01909,254,P01909,"O19630, O19706, P01907, P01908, P04225, P04226, P05536, P79553, Q06751, Q29876, Q29994, Q2Q6Y6, Q2Q6Y7, Q2Q6Y8, Q2WCM3, Q30064, Q30067, Q30068, Q30070, Q30071, Q30072, Q30073, Q30086, Q30101, Q5Y7D5, Q5Y7F5, Q6ICU6, Q6PR46, Q6QDB1, Q860W2, Q860W4, Q9BD37, Q9TPM3, Q9UM31",Eukaryota,Homo sapiens,9606,,,1,23,ECO:0000269,217,239,ECO:0000255,,,,,,,,,,,,,,,,,,,,,,,,,,,
P13762,266,P13762,"B0S863, O78042, P79664, Q29889, Q30163, Q6TLK6, Q860N4, Q861F3, Q8WLT9, Q9BS54",Eukaryota,Homo sapiens,9606,,,1,29,,228,250,ECO:0000255,,,,,,,,,,,,,,,,,,,,,,,,,,,
P04438,119,P01814,"A0A0B4J2H3, P01815, P01816, P04438",Eukaryota,Homo sapiens,9606,,,1,19,ECO:0000269,,,,,,,,,,,,,,,,,,,,,,,,,,,,,,
P23613,529,P23613,,Eukaryota,Cavia porcellus,10141,,,1,35,,,,,,,,,,,,,,,,,,,,,,,,,,,,,,,
O95998,194,O95998,"B3KUZ0, B7WPK4, O95993, O96027, Q9NZA9, Q9UBR7",Eukaryota,Homo sapiens,9606,,,1,30,ECO:0000269,,,,,,,,,,,,,,,,,,,,,,,,,,,,,,
P13384,317,P13384,O97599,Eukaryota,Bos taurus,9913,,,1,33,ECO:0000269,,,,,,,,,,,,,,,,,,,,,,,,,,,,,,
Q16270,282,Q16270,"B4E1N2, B7Z9W7, Q07822, Q53YE6, Q9UCA8",Eukaryota,Homo sapiens,9606,,,1,26,ECO:0000269,,,,,,,,,,,,,,,,,,,,,,,,,,,,,,
P01321,110,P01321,,Eukaryota,Canis lupus familiaris,9615,,,1,24,ECO:0000269,,,,,,,,,,,,,,,,,,,,,,,,,,,,,,
P08648,1049,P08648,Q96HA5,Eukaryota,Homo sapiens,9606,,,1,41,ECO:0000269,996,1021,ECO:0000255,,,,,,,,,,,,,,,,,,,,,,,,,,,
P04434,,,,,,,,,,,,,,,,,,,,,,,,,,,,,,,,,,,,,,,,,
P07380,181,P07380,"Q28395, Q549K0",Eukaryota,Equus caballus,9796,,,1,18,ECO:0000269,,,,,,,,,,,,,,,,,,,,,,,,,,,,,,
P00712,142,P00712,,Eukaryota,Capra hircus,9925,,,1,19,ECO:0000269,,,,,,,,,,,,,,,,,,,,,,,,,,,,,,
P50895,628,P50895,"A8MYF9, A9YWT5, A9YWT6, Q86VC7",Eukaryota,Homo sapiens,9606,,,1,31,ECO:0000269,548,568,ECO:0000255,,,,,,,,,,,,,,,,,,,,,,,,,,,
P01729,129,P01729,,Eukaryota,Mus musculus,10090,,,1,19,ECO:0000269,,,,,,,,,,,,,,,,,,,,,,,,,,,,,,
O95711,162,O95711,Q9UQC4,Eukaryota,Homo sapiens,9606,,,1,20,ECO:0000269,,,,,,,,,,,,,,,,,,,,,,,,,,,,,,
P16109,830,P16109,"Q5R344, Q8IVD1",Eukaryota,Homo sapiens,9606,,,1,41,,772,795,ECO:0000255,,,,,,,,,,,,,,,,,,,,,,,,,,,
P12068,146,P12068,,Eukaryota,Sus scrofa,9823,,,1,18,ECO:0000269,,,,,,,,,,,,,,,,,,,,,,,,,,,,,,
P98064,704,P98064,"A2RRH8, A2RRH9, Q8CD27, Q8CIR8, Q920S0",Eukaryota,Mus musculus,10090,,,1,24,ECO:0000269,,,,,,,,,,,,,,,,,,,,,,,,,,,,,,
Q8WML4,580,Q8WML4,Q95L89,Eukaryota,Bos taurus,9913,,,1,22,ECO:0000269,490,510,ECO:0000255,,,,,,,,,,,,,,,,,,,,,,,,,,,
P02820,100,P02820,A7YEW1,Eukaryota,Bos taurus,9913,,,1,23,,,,,,,,,,,,,,,,,,,,,,,,,,,,,,,
P26202,137,P26202,,Eukaryota,Oryctolagus cuniculus,9986,,,1,20,ECO:0000269,,,,,,,,,,,,,,,,,,,,,,,,,,,,,,
Q08481,727,Q08481,"B1ARB1, B1ARB2, Q3TES6, Q922E0",Eukaryota,Mus musculus,10090,,,1,17,ECO:0000269,591,609,ECO:0000255,,,,,,,,,,,,,,,,,,,,,,,,,,,
Q9N2D4,387,Q9N2D4,,Eukaryota,Callithrix jacchus,9483,,,1,15,ECO:0000269,,,,,,,,,,,,,,,,,,,,,,,,,,,,,,
P11247,718,P11247,Q5NCP1,Eukaryota,Mus musculus,10090,,,1,15,ECO:0000250,,,,,,,,,,,,,,,,,,,,,,,,,,,,,,
P61823,150,P61823,"A6QPW8, P00656, Q9TSF2",Eukaryota,Bos taurus,9913,,,1,26,ECO:0000269,,,,,,,,,,,,,,,,,,,,,,,,,,,,,,
P97710,509,P97710,"O08951, O70426, Q9QWI5",Eukaryota,Rattus norvegicus,10116,,,1,31,ECO:0000269,374,394,ECO:0000255,,,,,,,,,,,,,,,,,,,,,,,,,,,
P28908,595,P28908,"B1AN79, B9EGD9, D3YTD8, Q6P4D9",Eukaryota,Homo sapiens,9606,,,1,18,,386,406,ECO:0000255,,,,,,,,,,,,,,,,,,,,,,,,,,,
P49141,149,P49141,,Eukaryota,Monodelphis domestica,13616,,,1,20,ECO:0000269,,,,,,,,,,,,,,,,,,,,,,,,,,,,,,
P01740,135,P01740,,Eukaryota,Mus musculus,10090,,,1,18,,,,,,,,,,,,,,,,,,,,,,,,,,,,,,,
Q9JMI7,250,Q9JMI7,,Eukaryota,Mus musculus,10090,,,1,25,ECO:0000269,,,,,,,,,,,,,,,,,,,,,,,,,,,,,,
P07911,640,P07911,"B3KP48, B3KRN9, E9PEA4, Q540J6, Q6ZS84, Q8IYG0",Eukaryota,Homo sapiens,9606,,,1,24,,,,,,,,,,,,,,,,,,,,,,,,,,,,,,,
P16612,214,P16612,"Q541S6, Q91ZE1, Q9JKX7, Q9QXG6, Q9QXG7",Eukaryota,Rattus norvegicus,10116,,,1,26,ECO:0000269,,,,,,,,,,,,,,,,,,,,,,,,,,,,,,
Q60736,579,Q60736,,Eukaryota,Mus musculus,10090,,,1,32,ECO:0000269,,,,,,,,,,,,,,,,,,,,,,,,,,,,,,
P16190,365,P04439,"B1PKZ3, O02939, O02954, O02955, O02963, O19509, O19546, O19598, O19605, O19606, O19619, O19647, O19673, O19687, O19695, O19756, O19794, O19795, O43906, O43907, O46874, O62921, O62924, O77937, O77938, O77964, O78073, O78171, O98009, O98010, O98011, O98137, P01891, P01892, P05534, P06338, P10313, P10314, P10315, P10316, P13746, P16188, P16189, P16190, P18462, P30443, P30444, P30445, P30446, P30447, P30448, P30449, P30450, P30451, P30452, P30453, P30454, P30455, P30456, P30457, P30458, P30459, P30512, P30514, P79505, P79562, P79563, Q09160, Q29680, Q29747, Q29835, Q29837, Q29838, Q29899, Q29908, Q29909, Q29910, Q30208, Q31623, Q5S3G1, Q65A82, Q8MHM1, Q8MHN9, Q95352, Q95355, Q95362, Q95377, Q95380, Q95IZ5, Q9BCN0, Q9BD15, Q9BD19, Q9GJE6, Q9GJE7, Q9GJE8, Q9MW42, Q9MY89, Q9MYA3, Q9MYA5, Q9MYC4, Q9MYE6, Q9MYE9, Q9MYG4, Q9MYG5, Q9MYI5, Q9TP25, Q9TPQ3, Q9TPR8, Q9TPX8, Q9TPX9, Q9TPY0, Q9TQ24, Q9TQE8, Q9TQE9, Q9TQF1, Q9TQF5, Q9TQF8, Q9TQF9, Q9TQG0, Q9TQG5, Q9TQG7, Q9TQH5, Q9TQI3, Q9TQK5, Q9TQM6, Q9TQN5, Q9TQP5, Q9TQP6, Q9TQP7, Q9UIN1, Q9UIN2, Q9UIP7, Q9UQU3, Q9UQU6, Q9UQU7",Eukaryota,Homo sapiens,9606,,,1,24,ECO:0000269,309,332,ECO:0000255,,,,,,,,,,,,,,,,,,,,,,,,,,,
P30481,362,P01889,"A0A2I6Q7B5, B0V0B8, G3GN01, O02862, O02956, O02957, O02960, O19555, O19556, O19595, O19615, O19624, O19625, O19627, O19641, O19651, O19675, O19692, O19758, O19779, O19783, O46702, O62897, O62901, O62915, O62917, O62919, O77933, O77959, O78053, O78138, O78160, O78163, O78172, O78173, O78180, O78217, O95730, O98140, P01890, P03989, P10317, P10318, P10319, P10320, P18463, P18464, P18465, P19373, P30460, P30461, P30462, P30463, P30464, P30465, P30466, P30467, P30468, P30469, P30470, P30471, P30472, P30473, P30474, P30475, P30476, P30477, P30478, P30479, P30480, P30481, P30482, P30483, P30484, P30485, P30486, P30487, P30488, P30489, P30490, P30491, P30492, P30493, P30494, P30495, P30496, P30497, P30498, P30513, P30685, P79489, P79490, P79496, P79504, P79523, P79524, P79542, P79555, Q04826, Q08136, Q29633, Q29636, Q29638, Q29661, Q29665, Q29678, Q29679, Q29681, Q29693, Q29695, Q29697, Q29718, Q29742, Q29749, Q29762, Q29764, Q29829, Q29836, Q29842, Q29845, Q29846, Q29847, Q29848, Q29850, Q29851, Q29852, Q29854, Q29855, Q29857, Q29858, Q29861, Q29924, Q29925, Q29933, Q29935, Q29936, Q29940, Q29953, Q29961, Q29982, Q30173, Q30198, Q31603, Q31610, Q31612, Q31613, Q546L8, Q546M4, Q5JP37, Q5QT24, Q5RIP1, Q5SRJ2, Q5TK76, Q5TK77, Q860I4, Q861B5, Q8HWF0, Q8MGQ3, Q8MHN4, Q8SNC5, Q95343, Q95344, Q95365, Q95369, Q95392, Q95HA3, Q95HA8, Q95HM9, Q95IA6, Q95IB8, Q95IH5, Q95J00, Q96IT9, Q9BCM6, Q9BCM7, Q9BCM8, Q9BD06, Q9BD38, Q9BD43, Q9GIL3, Q9GIM3, Q9GIX1, Q9GIY5, Q9GIZ0, Q9GIZ9, Q9GJ00, Q9GJ17, Q9GJ20, Q9GJ23, Q9GJ31, Q9GJF0, Q9GJM7, Q9MX21, Q9MY37, Q9MY42, Q9MY43, Q9MY61, Q9MY75, Q9MY78, Q9MY79, Q9MY84, Q9MY92, Q9MY93, Q9MY94, Q9MYB8, Q9MYC3, Q9MYC7, Q9MYF4, Q9MYG1, Q9TP35, Q9TP36, Q9TP37, Q9TP95, Q9TPQ7, Q9TPQ9, Q9TPR2, Q9TPR4, Q9TPS6, Q9TPT2, Q9TPT4, Q9TPT6, Q9TPV2, Q9TQG1, Q9TQH3, Q9TQH6, Q9TQH7, Q9TQH8, Q9TQH9, Q9TQM2, Q9TQN4, Q9TQN6, Q9UQS8, Q9UQT0",Eukaryota,Homo sapiens,9606,,,1,24,ECO:0000269,310,333,ECO:0000255,,,,,,,,,,,,,,,,,,,,,,,,,,,
P30504,366,P10321,"O02863, O02864, O02865, O02866, O02958, O19505, O19652, O19676, O62879, O62882, O62883, O62888, O78060, O78061, O78062, O78063, O78067, O78068, O78069, O78072, O78083, O78090, O78091, O78149, O78165, O78166, O78178, O78202, O78203, O78211, O78214, P04222, P30499, P30500, P30501, P30502, P30503, P30504, P30505, P30506, P30507, P30508, P30509, P30510, P79498, Q07000, Q29631, Q29641, Q29643, Q29652, Q29743, Q29768, Q29862, Q29864, Q29865, Q29867, Q29921, Q29959, Q29960, Q29963, Q29986, Q29989, Q29990, Q29991, Q29992, Q29993, Q30192, Q31605, Q31627, Q860R1, Q860R2, Q95463, Q95603, Q95604, Q99528, Q9BD28, Q9GIK4, Q9GIK8, Q9GJ33, Q9MY30, Q9MY31, Q9MY35, Q9MY49, Q9MY74, Q9MYI3, Q9TNN7, Q9TNZ8, Q9TPS4, Q9TPV8, Q9TPX2, Q9TQB4, Q9TQJ5, Q9TQP9, Q9UM32, Q9UM33, Q9UM42, Q9UQS9",Eukaryota,Homo sapiens,9606,,,1,24,ECO:0000255,309,333,ECO:0000255,,,,,,,,,,,,,,,,,,,,,,,,,,,
P09470,1312,P09470,"P22967, Q6GTS2",Eukaryota,Mus musculus,10090,,,1,34,ECO:0000269,1265,1281,ECO:0000255,,,,,,,,,,,,,,,,,,,,,,,,,,,
Q8TC27,787,Q8TC27,Q8TC42,Eukaryota,Homo sapiens,9606,,,1,16,ECO:0000269,683,703,ECO:0000255,,,,,,,,,,,,,,,,,,,,,,,,,,,
P04746,511,P04746,"B9EJG1, Q9UBH3",Eukaryota,Homo sapiens,9606,,,1,15,,,,,,,,,,,,,,,,,,,,,,,,,,,,,,,
P07634,131,P07634,,Eukaryota,Sus scrofa,9823,,,1,25,ECO:0000269,,,,,,,,,,,,,,,,,,,,,,,,,,,,,,
P18293,1057,P18293,,Eukaryota,Mus musculus,10090,,,1,28,,470,490,ECO:0000255,,,,,,,,,,,,,,,,,,,,,,,,,,,
P55057,124,P55057,,Eukaryota,Oryctolagus cuniculus,9986,,,1,27,ECO:0000269,,,,,,,,,,,,,,,,,,,,,,,,,,,,,,
Q13145,260,Q13145,,Eukaryota,Homo sapiens,9606,,,1,20,ECO:0000269,153,173,ECO:0000255,,,,,,,,,,,,,,,,,,,,,,,,,,,
P02747,245,P02747,"Q7Z502, Q96DL2, Q96H05",Eukaryota,Homo sapiens,9606,,,1,28,ECO:0000269,,,,,,,,,,,,,,,,,,,,,,,,,,,,,,
P11839,222,P11839,Q69B25,Eukaryota,Ovis aries,9940,,,1,15,ECO:0000269,,,,,,,,,,,,,,,,,,,,,,,,,,,,,,
Q9NTU7,201,Q9NTU7,A8K0S5,Eukaryota,Homo sapiens,9606,,,1,27,ECO:0000269,,,,,,,,,,,,,,,,,,,,,,,,,,,,,,
P00730,419,P00730,,Eukaryota,Bos taurus,9913,,,1,16,ECO:0000269,,,,,,,,,,,,,,,,,,,,,,,,,,,,,,
P51671,97,P51671,"P50877, Q92490, Q92491",Eukaryota,Homo sapiens,9606,,,1,23,ECO:0000255,,,,,,,,,,,,,,,,,,,,,,,,,,,,,,
P55773,120,P55773,"B7ZKQ3, O00174, O75950, Q52LD4",Eukaryota,Homo sapiens,9606,,,1,21,ECO:0000269,,,,,,,,,,,,,,,,,,,,,,,,,,,,,,
P10147,92,P10147,,Eukaryota,Homo sapiens,9606,,,1,23,ECO:0000269,,,,,,,,,,,,,,,,,,,,,,,,,,,,,,
P04235,173,P04235,,Eukaryota,Mus musculus,10090,,,1,21,,106,126,ECO:0000255,,,,,,,,,,,,,,,,,,,,,,,,,,,
P31809,521,P31809,"Q61350, Q61353",Eukaryota,Mus musculus,10090,,,1,34,ECO:0000269,429,447,ECO:0000255,,,,,,,,,,,,,,,,,,,,,,,,,,,
Q9Y240,323,Q9Y240,B2RAD4,Eukaryota,Homo sapiens,9606,,,1,21,ECO:0000269,,,,,,,,,,,,,,,,,,,,,,,,,,,,,,
Q02246,1040,Q02246,"P78432, Q5T054",Eukaryota,Homo sapiens,9606,,,1,30,ECO:0000269,,,,,,,,,,,,,,,,,,,,,,,,,,,,,,
P17538,263,P17538,,Eukaryota,Homo sapiens,9606,,,1,18,,,,,,,,,,,,,,,,,,,,,,,,,,,,,,,
P09228,141,P09228,Q9UCQ7,Eukaryota,Homo sapiens,9606,,,1,20,ECO:0000269,,,,,,,,,,,,,,,,,,,,,,,,,,,,,,
P07321,192,P07321,,Eukaryota,Mus musculus,10090,,,1,26,,,,,,,,,,,,,,,,,,,,,,,,,,,,,,,
Q08879,705,Q08879,"Q08878, Q8C3B1, Q91ZC9, Q922K8",Eukaryota,Mus musculus,10090,,,1,29,ECO:0000269,,,,,,,,,,,,,,,,,,,,,,,,,,,,,,
P12314,374,P12314,"P12315, Q5QNW7, Q92495, Q92663",Eukaryota,Homo sapiens,9606,,,1,15,ECO:0000269,293,313,ECO:0000255,,,,,,,,,,,,,,,,,,,,,,,,,,,
P12763,359,P12763,A6QLF7,Eukaryota,Bos taurus,9913,,,1,18,ECO:0000269,,,,,,,,,,,,,,,,,,,,,,,,,,,,,,
Q9UBU3,117,Q9UBU3,"A8CF34, A8CF38, A8CF42, A8DN29, A8DN30, Q86YP8, Q8TAT9, Q9H3R3",Eukaryota,Homo sapiens,9606,,,1,23,ECO:0000269,,,,,,,,,,,,,,,,,,,,,,,,,,,,,,
P01148,92,P01148,A0AVP0,Eukaryota,Homo sapiens,9606,,,1,23,ECO:0000269,,,,,,,,,,,,,,,,,,,,,,,,,,,,,,
Q99795,319,Q99795,Q5VZP6,Eukaryota,Homo sapiens,9606,,,1,21,,236,256,ECO:0000255,,,,,,,,,,,,,,,,,,,,,,,,,,,
P01897,362,P01897,"Q31195, Q31196, Q31197",Eukaryota,Mus musculus,10090,,,1,24,,310,331,ECO:0000255,,,,,,,,,,,,,,,,,,,,,,,,,,,
P15980,254,P15980,,Eukaryota,Sus scrofa,9823,,,1,23,,217,239,ECO:0000255,,,,,,,,,,,,,,,,,,,,,,,,,,,
P04230,264,P04230,O78226,Eukaryota,Mus musculus,10090,,,1,26,,226,246,ECO:0000255,,,,,,,,,,,,,,,,,,,,,,,,,,,
P06345,263,P06345,,Eukaryota,Mus musculus,10090,,,1,27,,225,245,ECO:0000255,,,,,,,,,,,,,,,,,,,,,,,,,,,
P18530,117,P18530,,Eukaryota,Mus musculus,10090,,,1,19,,,,,,,,,,,,,,,,,,,,,,,,,,,,,,,
Q9UHF4,553,Q9UHF4,"B4DLR5, F5H675, Q14CW2, Q6UWA9, Q96SH8",Eukaryota,Homo sapiens,9606,,,1,29,ECO:0000269,251,271,ECO:0000255,,,,,,,,,,,,,,,,,,,,,,,,,,,
P05005,184,P05005,,Eukaryota,Equus caballus,9796,,,1,23,,,,,,,,,,,,,,,,,,,,,,,,,,,,,,,
P01574,187,P01574,Q5VWC9,Eukaryota,Homo sapiens,9606,,,1,21,ECO:0000255,,,,,,,,,,,,,,,,,,,,,,,,,,,,,,
P21183,415,P21183,,Eukaryota,Mus musculus,10090,,,1,17,,340,361,ECO:0000255,,,,,,,,,,,,,,,,,,,,,,,,,,,
P01313,110,P01313,,Eukaryota,Cricetulus longicaudatus,10030,,,1,24,ECO:0000269,,,,,,,,,,,,,,,,,,,,,,,,,,,,,,
P01048,430,P01048,"P04081, Q6LDW3",Eukaryota,Rattus norvegicus,10116,,,1,18,ECO:0000269,,,,,,,,,,,,,,,,,,,,,,,,,,,,,,
P01638,115,P01638,,Eukaryota,Mus musculus,10090,,,1,20,,,,,,,,,,,,,,,,,,,,,,,,,,,,,,,
P11627,1260,P11627,,Eukaryota,Mus musculus,10090,,,1,19,,1124,1146,ECO:0000255,,,,,,,,,,,,,,,,,,,,,,,,,,,
P29752,143,P29752,,Eukaryota,Mus musculus,10090,,,1,20,,,,,,,,,,,,,,,,,,,,,,,,,,,,,,,
P01130,860,P01130,"B4DII3, B4DJZ8, B4DR00, B4DTQ3, C0JYY8, H0YLU8, H0YNT7, Q53ZD9, Q59FQ1, Q9UDH7",Eukaryota,Homo sapiens,9606,,,1,21,ECO:0000250,789,810,ECO:0000255,,,,,,,,,,,,,,,,,,,,,,,,,,,
P13838,378,P13838,,Eukaryota,Rattus norvegicus,10116,,,1,7,,232,254,ECO:0000255,,,,,,,,,,,,,,,,,,,,,,,,,,,
P15018,202,P15018,"B2RCW7, B5MC23, Q52LZ2",Eukaryota,Homo sapiens,9606,,,1,22,ECO:0000269,,,,,,,,,,,,,,,,,,,,,,,,,,,,,,
P01232,141,P01232,Q7YRL0,Eukaryota,Sus scrofa,9823,,,1,20,ECO:0000269,,,,,,,,,,,,,,,,,,,,,,,,,,,,,,
P06316,117,P01701,"A0A075B6I5, P01702, P06316, P06888",Eukaryota,Homo sapiens,9606,,,1,19,ECO:0000269,,,,,,,,,,,,,,,,,,,,,,,,,,,,,,
P05533,134,P05533,Q8BPD0,Eukaryota,Mus musculus,10090,,,1,26,ECO:0000269,,,,,,,,,,,,,,,,,,,,,,,,,,,,,,
O35701,481,O35701,"Q543Q2, Q9JHM0",Eukaryota,Mus musculus,10090,,,1,27,ECO:0000269,,,,,,,,,,,,,,,,,,,,,,,,,,,,,,
P20645,277,P20645,"A8K528, D3DUV5",Eukaryota,Homo sapiens,9606,,,1,26,,186,210,ECO:0000255,,,,,,,,,,,,,,,,,,,,,,,,,,,
O02826,111,O02826,,Eukaryota,Sus scrofa,9823,,,1,20,ECO:0000269,,,,,,,,,,,,,,,,,,,,,,,,,,,,,,
Q07310,1578,Q07310,"Q07280, Q07311, Q07312, Q07313, Q07314",Eukaryota,Rattus norvegicus,10116,,,1,27,ECO:0000269,1504,1524,ECO:0000255,,,,,,,,,,,,,,,,,,,,,,,,,,,
Q96RQ9,567,Q96RQ9,"Q1WMJ3, Q4GZN1, Q4GZN2, Q6P2Q3, Q8TEM5, Q96RQ8",Eukaryota,Homo sapiens,9606,,,1,21,ECO:0000269,,,,,,,,,,,,,,,,,,,,,,,,,,,,,,
P00592,146,P00592,,Eukaryota,Sus scrofa,9823,,,1,15,ECO:0000269,,,,,,,,,,,,,,,,,,,,,,,,,,,,,,
P01833,764,P01833,"Q68D81, Q8IZY7",Eukaryota,Homo sapiens,9606,,,1,18,ECO:0000269,639,661,ECO:0000255,,,,,,,,,,,,,,,,,,,,,,,,,,,
Q60GF7,252,Q60GF7,,Eukaryota,Rattus norvegicus,10116,,,1,22,ECO:0000269,225,245,ECO:0000255,,,,,,,,,,,,,,,,,,,,,,,,,,,
Q02809,727,Q02809,"B4DR87, Q96AV9, Q9H132",Eukaryota,Homo sapiens,9606,,,1,18,ECO:0000269,,,,,,,,,,,,,,,,,,,,,,,,,,,,,,
P05187,535,P05187,"P05188, P06861, Q53S78, Q96DB7",Eukaryota,Homo sapiens,9606,,,1,22,ECO:0000269,513,529,,,,,,,,,,,,,,,,,,,,,,,,,,,,
Q6IUU3,750,Q6IUU3,"Q8K4M2, Q99J80",Eukaryota,Rattus norvegicus,10116,,,1,32,ECO:0000269,710,730,ECO:0000255,,,,,,,,,,,,,,,,,,,,,,,,,,,
P05367,122,P05367,,Eukaryota,Mus musculus,10090,,,1,19,ECO:0000269,,,,,,,,,,,,,,,,,,,,,,,,,,,,,,
Q6UWI4,295,Q6UWI4,"B9EH70, Q5W0G8",Eukaryota,Homo sapiens,9606,,,1,33,ECO:0000269,111,131,ECO:0000255,,,,,,,,,,,,,,,,,,,,,,,,,,,
P22298,129,P22298,,Eukaryota,Sus scrofa,9823,,,1,22,ECO:0000269,,,,,,,,,,,,,,,,,,,,,,,,,,,,,,
P43307,286,P43307,"A8K685, Q53GX2, Q53H19, Q5TAM3, Q6IB43, Q8NBH9, Q96IA2, Q9TNQ8, Q9UN49",Eukaryota,Homo sapiens,9606,,,1,18,ECO:0000269,208,228,ECO:0000255,,,,,,,,,,,,,,,,,,,,,,,,,,,
P01359,127,P01359,,Eukaryota,Sus scrofa,9823,,,1,21,ECO:0000269,,,,,,,,,,,,,,,,,,,,,,,,,,,,,,
P20352,294,P20352,,Eukaryota,Mus musculus,10090,,,1,28,,252,274,ECO:0000255,,,,,,,,,,,,,,,,,,,,,,,,,,,
P01267,2769,P01267,"O18976, Q28196, Q95478",Eukaryota,Bos taurus,9913,,,1,19,ECO:0000250,,,,,,,,,,,,,,,,,,,,,,,,,,,,,,
Q06807,1125,Q06807,,Eukaryota,Bos taurus,9913,,,1,22,ECO:0000250,749,769,ECO:0000255,,,,,,,,,,,,,,,,,,,,,,,,,,,
P20414,207,P20414,"Q3T098, Q53ZP2, Q9TVB0",Eukaryota,Bos taurus,9913,,,1,23,,,,,,,,,,,,,,,,,,,,,,,,,,,,,,,
P26445,204,P26445,A5D9N9,Eukaryota,Sus scrofa,9823,,,1,33,,,,,,,,,,,,,,,,,,,,,,,,,,,,,,,
P06872,247,P06872,,Eukaryota,Canis lupus familiaris,9615,,,1,15,,,,,,,,,,,,,,,,,,,,,,,,,,,,,,,
P01224,138,P01224,,Eukaryota,Sus scrofa,9823,,,1,20,ECO:0000269,,,,,,,,,,,,,,,,,,,,,,,,,,,,,,
P02767,147,P02767,Q547K9,Eukaryota,Rattus norvegicus,10116,,,1,20,ECO:0000269,,,,,,,,,,,,,,,,,,,,,,,,,,,,,,
Q9Z0K8,512,Q9Z0K8,"Q3TJI0, Q8VCT1, Q9DCH8",Eukaryota,Mus musculus,10090,,,1,23,ECO:0000269,,,,,,,,,,,,,,,,,,,,,,,,,,,,,,
P78423,397,P78423,O00672,Eukaryota,Homo sapiens,9606,,,1,24,,342,362,ECO:0000255,,,,,,,,,,,,,,,,,,,,,,,,,,,
P13746,365,P04439,"B1PKZ3, O02939, O02954, O02955, O02963, O19509, O19546, O19598, O19605, O19606, O19619, O19647, O19673, O19687, O19695, O19756, O19794, O19795, O43906, O43907, O46874, O62921, O62924, O77937, O77938, O77964, O78073, O78171, O98009, O98010, O98011, O98137, P01891, P01892, P05534, P06338, P10313, P10314, P10315, P10316, P13746, P16188, P16189, P16190, P18462, P30443, P30444, P30445, P30446, P30447, P30448, P30449, P30450, P30451, P30452, P30453, P30454, P30455, P30456, P30457, P30458, P30459, P30512, P30514, P79505, P79562, P79563, Q09160, Q29680, Q29747, Q29835, Q29837, Q29838, Q29899, Q29908, Q29909, Q29910, Q30208, Q31623, Q5S3G1, Q65A82, Q8MHM1, Q8MHN9, Q95352, Q95355, Q95362, Q95377, Q95380, Q95IZ5, Q9BCN0, Q9BD15, Q9BD19, Q9GJE6, Q9GJE7, Q9GJE8, Q9MW42, Q9MY89, Q9MYA3, Q9MYA5, Q9MYC4, Q9MYE6, Q9MYE9, Q9MYG4, Q9MYG5, Q9MYI5, Q9TP25, Q9TPQ3, Q9TPR8, Q9TPX8, Q9TPX9, Q9TPY0, Q9TQ24, Q9TQE8, Q9TQE9, Q9TQF1, Q9TQF5, Q9TQF8, Q9TQF9, Q9TQG0, Q9TQG5, Q9TQG7, Q9TQH5, Q9TQI3, Q9TQK5, Q9TQM6, Q9TQN5, Q9TQP5, Q9TQP6, Q9TQP7, Q9UIN1, Q9UIN2, Q9UIP7, Q9UQU3, Q9UQU6, Q9UQU7",Eukaryota,Homo sapiens,9606,,,1,24,ECO:0000269,309,332,ECO:0000255,,,,,,,,,,,,,,,,,,,,,,,,,,,
P10319,362,P01889,"A0A2I6Q7B5, B0V0B8, G3GN01, O02862, O02956, O02957, O02960, O19555, O19556, O19595, O19615, O19624, O19625, O19627, O19641, O19651, O19675, O19692, O19758, O19779, O19783, O46702, O62897, O62901, O62915, O62917, O62919, O77933, O77959, O78053, O78138, O78160, O78163, O78172, O78173, O78180, O78217, O95730, O98140, P01890, P03989, P10317, P10318, P10319, P10320, P18463, P18464, P18465, P19373, P30460, P30461, P30462, P30463, P30464, P30465, P30466, P30467, P30468, P30469, P30470, P30471, P30472, P30473, P30474, P30475, P30476, P30477, P30478, P30479, P30480, P30481, P30482, P30483, P30484, P30485, P30486, P30487, P30488, P30489, P30490, P30491, P30492, P30493, P30494, P30495, P30496, P30497, P30498, P30513, P30685, P79489, P79490, P79496, P79504, P79523, P79524, P79542, P79555, Q04826, Q08136, Q29633, Q29636, Q29638, Q29661, Q29665, Q29678, Q29679, Q29681, Q29693, Q29695, Q29697, Q29718, Q29742, Q29749, Q29762, Q29764, Q29829, Q29836, Q29842, Q29845, Q29846, Q29847, Q29848, Q29850, Q29851, Q29852, Q29854, Q29855, Q29857, Q29858, Q29861, Q29924, Q29925, Q29933, Q29935, Q29936, Q29940, Q29953, Q29961, Q29982, Q30173, Q30198, Q31603, Q31610, Q31612, Q31613, Q546L8, Q546M4, Q5JP37, Q5QT24, Q5RIP1, Q5SRJ2, Q5TK76, Q5TK77, Q860I4, Q861B5, Q8HWF0, Q8MGQ3, Q8MHN4, Q8SNC5, Q95343, Q95344, Q95365, Q95369, Q95392, Q95HA3, Q95HA8, Q95HM9, Q95IA6, Q95IB8, Q95IH5, Q95J00, Q96IT9, Q9BCM6, Q9BCM7, Q9BCM8, Q9BD06, Q9BD38, Q9BD43, Q9GIL3, Q9GIM3, Q9GIX1, Q9GIY5, Q9GIZ0, Q9GIZ9, Q9GJ00, Q9GJ17, Q9GJ20, Q9GJ23, Q9GJ31, Q9GJF0, Q9GJM7, Q9MX21, Q9MY37, Q9MY42, Q9MY43, Q9MY61, Q9MY75, Q9MY78, Q9MY79, Q9MY84, Q9MY92, Q9MY93, Q9MY94, Q9MYB8, Q9MYC3, Q9MYC7, Q9MYF4, Q9MYG1, Q9TP35, Q9TP36, Q9TP37, Q9TP95, Q9TPQ7, Q9TPQ9, Q9TPR2, Q9TPR4, Q9TPS6, Q9TPT2, Q9TPT4, Q9TPT6, Q9TPV2, Q9TQG1, Q9TQH3, Q9TQH6, Q9TQH7, Q9TQH8, Q9TQH9, Q9TQM2, Q9TQN4, Q9TQN6, Q9UQS8, Q9UQT0",Eukaryota,Homo sapiens,9606,,,1,24,ECO:0000269,310,333,ECO:0000255,,,,,,,,,,,,,,,,,,,,,,,,,,,
Q30167,266,P01911,"A0MWF2, A0N0W1, A2ICT1, A2TGX3, A4F5N0, A4ZXA5, A4ZXA6, A4ZY86, A5H000, A5HKN8, A7DZP9, A7LA26, A7UHG2, A7X5B1, A7X5B7, A7X5E0, A7X5E6, A7X5H8, A7X5J4, A7X5K7, A8K098, A8YQE9, A9JPG0, B0BK85, B0LUZ6, B0UYW1, B1GWE7, B2CR03, B2LVF9, B2NJ29, B2ZCY1, B3VTP8, B3VTQ3, B5A8Y2, B5A8Y3, B5B8U0, B5B9V5, B5B9V6, B5LZ25, B5QSK8, B6VCX2, B6VEL9, B7UDB2, B9VRA4, B9X248, C0LAB5, O02876, O02930, O19585, O19717, O19718, O19739, O19788, O46699, O46793, O46872, O62869, O62889, O77969, O78047, O78210, O98212, P01912, P01914, P04229, P13758, P13759, P13760, P13761, P20039, P79545, Q06662, Q0PGR5, Q0PQ39, Q14280, Q14QT2, Q155F7, Q19AF2, Q19K86, Q1AP33, Q1G0Z9, Q1JRP3, Q1KLJ6, Q27PR6, Q27PR7, Q29673, Q29720, Q29722, Q29734, Q29770, Q29771, Q29772, Q29790, Q29792, Q29800, Q29806, Q29833, Q29874, Q29875, Q29886, Q29968, Q29974, Q29975, Q2A120, Q2HZE5, Q2L9H4, Q2LE76, Q2MF40, Q2MJA6, Q2MZ92, Q2VQU1, Q2YHQ2, Q30006, Q30108, Q30112, Q30115, Q30116, Q30117, Q30120, Q30134, Q30142, Q30145, Q30149, Q30159, Q30166, Q30167, Q30200, Q307W5, Q31636, Q32MY7, Q3HUP9, Q3KTM1, Q3LA84, Q3LA87, Q3LA88, Q3LA89, Q3LA90, Q3LA91, Q3LA92, Q3LA93, Q3LA94, Q3LA95, Q3LA96, Q3LA97, Q3LA98, Q3LA99, Q3LAA0, Q3LAA1, Q3LAA2, Q3MQ60, Q3T919, Q4PRC3, Q4PRC5, Q4VZY7, Q53IG1, Q56FN9, Q56FP1, Q56FP2, Q56FP3, Q58F52, Q5BM92, Q5EER6, Q5K3W2, Q5NDB9, Q5U9W6, Q5UBA2, Q5UT58, Q5W3L4, Q5Y7A7, Q5Y7B0, Q5Y7B9, Q5Y7E9, Q5Y7G0, Q683P7, Q6REE2, Q6T865, Q6U387, Q701T1, Q70GL2, Q70Q85, Q768U2, Q768U4, Q7M2H4, Q7YNY9, Q7YP03, Q7YP04, Q7YQ26, Q7YQA3, Q7YQA5, Q860D8, Q860D9, Q860E5, Q860H8, Q860S0, Q860Z3, Q861G6, Q861H0, Q861H4, Q861H5, Q861H7, Q861H8, Q8HWQ6, Q8MH59, Q8MH60, Q8WLU3, Q8WMA0, Q95348, Q95383, Q95389, Q95461, Q95HK1, Q95HL0, Q95HL1, Q95IE3, Q95IG2, Q95IT6, Q96HZ9, Q9BCL7, Q9BCP0, Q9BCP1, Q9BCP2, Q9BCP5, Q9BD21, Q9BD33, Q9BD40, Q9GIK5, Q9GIL5, Q9GIL6, Q9GIP3, Q9GIX8, Q9GIX9, Q9GIY0, Q9GIY1, Q9GIY2, Q9GIY3, Q9GIY4, Q9GJ25, Q9GJ56, Q9GJ57, Q9GJ58, Q9GJ60, Q9GJF8, Q9GJF9, Q9GJG0, Q9MXZ0, Q9MXZ5, Q9MY13, Q9MY45, Q9MY56, Q9MYF5, Q9TPB6, Q9TPW1, Q9TPW3, Q9TPW9, Q9TPX4, Q9TQ37, Q9TQ91, Q9TQE0, Q9UBY1, Q9UIM9, Q9UIN0, Q9XRX1, Q9XRY4, Q9XRY5, Q9Y453, Q9Y4H7",Eukaryota,Homo sapiens,9606,,,1,29,ECO:0000269,228,248,ECO:0000255,,,,,,,,,,,,,,,,,,,,,,,,,,,
P22324,403,P22324,,Eukaryota,Cavia porcellus,10141,,,1,22,ECO:0000269,,,,,,,,,,,,,,,,,,,,,,,,,,,,,,
Q03044,410,Q03044,,Eukaryota,Didelphis virginiana,9267,,,1,21,ECO:0000269,,,,,,,,,,,,,,,,,,,,,,,,,,,,,,
P21836,614,P21836,,Eukaryota,Mus musculus,10090,,,1,31,,,,,,,,,,,,,,,,,,,,,,,,,,,,,,,
P02817,213,P02817,,Eukaryota,Bos taurus,9913,,,1,16,ECO:0000269,,,,,,,,,,,,,,,,,,,,,,,,,,,,,,
P27916,100,P27916,,Eukaryota,Cavia porcellus,10141,,,1,25,ECO:0000255,,,,,,,,,,,,,,,,,,,,,,,,,,,,,,
P02649,317,P02649,"B2RC15, C0JYY5, Q9P2S4",Eukaryota,Homo sapiens,9606,,,1,18,ECO:0000269,,,,,,,,,,,,,,,,,,,,,,,,,,,,,,
O95445,188,O95445,"B0UX98, Q5SRP4, Q9P046, Q9UMP6",Eukaryota,Homo sapiens,9606,,,1,22,,,,,,,,,,,,,,,,,,,,,,,,,,,,,,,
Q6UX41,500,Q6UX41,"A4QMZ8, A6NEX6, B7Z409, B7Z5B1, E9PEF6, E9PG07, F2Z2B2, F8W712, Q9H730",Eukaryota,Homo sapiens,9606,,,1,17,ECO:0000269,239,259,ECO:0000255,,,,,,,,,,,,,,,,,,,,,,,,,,,
P06797,334,P06797,Q91UZ0,Eukaryota,Mus musculus,10090,,,1,17,ECO:0000269,,,,,,,,,,,,,,,,,,,,,,,,,,,,,,
P25918,547,P25918,Q542B2,Eukaryota,Mus musculus,10090,,,1,16,,288,311,ECO:0000255,,,,,,,,,,,,,,,,,,,,,,,,,,,
P16003,458,P16003,Q29617,Eukaryota,Macaca mulatta,9544,,,1,25,,397,418,ECO:0000255,,,,,,,,,,,,,,,,,,,,,,,,,,,
P01732,235,P01732,"B4DT80, D6W5M8, Q13970, Q4ZG17",Eukaryota,Homo sapiens,9606,,,1,21,,183,203,ECO:0000255,,,,,,,,,,,,,,,,,,,,,,,,,,,
P30922,383,P30922,"O18949, Q58CW2, Q7YSE8",Eukaryota,Bos taurus,9913,,,1,21,ECO:0000269,,,,,,,,,,,,,,,,,,,,,,,,,,,,,,
P23946,247,P23946,"B5BUM8, Q16018, Q3SY36, Q3SY37, Q9UDH5",Eukaryota,Homo sapiens,9606,,,1,19,,,,,,,,,,,,,,,,,,,,,,,,,,,,,,,
P19159,238,P19159,,Eukaryota,Bos taurus,9913,,,1,36,,,,,,,,,,,,,,,,,,,,,,,,,,,,,,,
P30348,100,P30348,Q5WA60,Eukaryota,Rattus norvegicus,10116,,,1,31,ECO:0000269,,,,,,,,,,,,,,,,,,,,,,,,,,,,,,
Q01460,367,Q01460,,Eukaryota,Rattus norvegicus,10116,,,1,23,ECO:0000269,,,,,,,,,,,,,,,,,,,,,,,,,,,,,,
P14753,507,P14753,Q63852,Eukaryota,Mus musculus,10090,,,1,24,ECO:0000255,250,272,ECO:0000255,,,,,,,,,,,,,,,,,,,,,,,,,,,
P22933,449,P22933,,Eukaryota,Mus musculus,10090,,,1,24,ECO:0000255,252,271,ECO:0000250,276,298,ECO:0000250,309,331,ECO:0000250,424,446,ECO:0000250,,,,,,,,,,,,,,,,,,
P07474,120,P07474,Q9BGA0,Eukaryota,Oryctolagus cuniculus,9986,,,1,24,ECO:0000269,,,,,,,,,,,,,,,,,,,,,,,,,,,,,,
P02724,150,P02724,"A0A0C4DFT7, A8K3E6, B8Q182, B8Q185, Q9BS51",Eukaryota,Homo sapiens,9606,,,1,19,ECO:0000269,92,114,,,,,,,,,,,,,,,,,,,,,,,,,,,,
P29794,180,P29794,Q95LG0,Eukaryota,Canis lupus familiaris,9615,,,1,20,ECO:0000269,,,,,,,,,,,,,,,,,,,,,,,,,,,,,,
P15982,261,P15982,,Eukaryota,Sus scrofa,9823,,,1,31,,231,251,ECO:0000255,,,,,,,,,,,,,,,,,,,,,,,,,,,
P20059,460,P20059,Q5BKB4,Eukaryota,Rattus norvegicus,10116,,,1,23,ECO:0000269,,,,,,,,,,,,,,,,,,,,,,,,,,,,,,
P49182,478,P49182,,Eukaryota,Mus musculus,10090,,,1,23,ECO:0000269,,,,,,,,,,,,,,,,,,,,,,,,,,,,,,
P19007,347,P19007,"Q8MKG3, Q9MYU3",Eukaryota,Oryctolagus cuniculus,9986,,,1,18,ECO:0000269,,,,,,,,,,,,,,,,,,,,,,,,,,,,,,
P01819,144,P01819,,Eukaryota,Mus musculus,10090,,,1,19,,,,,,,,,,,,,,,,,,,,,,,,,,,,,,,
P05015,189,P05015,Q5VV12,Eukaryota,Homo sapiens,9606,,,1,23,,,,,,,,,,,,,,,,,,,,,,,,,,,,,,,
P05001,195,P05001,,Eukaryota,Equus caballus,9796,,,1,23,,,,,,,,,,,,,,,,,,,,,,,,,,,,,,,
Q16552,155,Q16552,Q5T2P0,Eukaryota,Homo sapiens,9606,,,1,23,ECO:0000269,,,,,,,,,,,,,,,,,,,,,,,,,,,,,,
P01318,105,P01318,,Eukaryota,Ovis aries,9940,,,1,24,ECO:0000269,,,,,,,,,,,,,,,,,,,,,,,,,,,,,,
P26006,1051,P26006,"A7E246, B7ZM80, B9EGQ1, D3DTX4, D3DTX5",Eukaryota,Homo sapiens,9606,,,1,32,ECO:0000269,992,1014,ECO:0000255,,,,,,,,,,,,,,,,,,,,,,,,,,,
P11215,1152,P11215,"Q4VAK0, Q4VAK1, Q4VAK2",Eukaryota,Homo sapiens,9606,,,1,16,ECO:0000269,1105,1128,ECO:0000255,,,,,,,,,,,,,,,,,,,,,,,,,,,
Q60675,3118,Q60675,"F8VQ43, Q05003, Q64061",Eukaryota,Mus musculus,10090,,,1,19,ECO:0000269,,,,,,,,,,,,,,,,,,,,,,,,,,,,,,
A2AJB7,192,A2AJB7,"O88787, Q3TS05, Q3UW42, Q9R2C6",Eukaryota,Mus musculus,10090,,,1,26,ECO:0000269,,,,,,,,,,,,,,,,,,,,,,,,,,,,,,
P10758,165,P10758,,Eukaryota,Rattus norvegicus,10116,,,1,21,ECO:0000269,,,,,,,,,,,,,,,,,,,,,,,,,,,,,,
P09848,1927,P09848,Q4ZG58,Eukaryota,Homo sapiens,9606,,,1,19,ECO:0000255,1883,1901,ECO:0000255,,,,,,,,,,,,,,,,,,,,,,,,,,,
P16235,700,P16235,"P70646, Q63807, Q63808, Q63809, Q6LDI7",Eukaryota,Rattus norvegicus,10116,,,1,26,ECO:0000269,363,390,ECO:0000255,400,422,ECO:0000255,444,466,ECO:0000255,487,509,ECO:0000255,530,551,ECO:0000255,575,598,ECO:0000255,610,631,ECO:0000255,,,,,,,,,
Q6UWN5,251,Q6UWN5,"Q6PEX9, Q96DR2",Eukaryota,Homo sapiens,9606,,,1,25,ECO:0000269,,,,,,,,,,,,,,,,,,,,,,,,,,,,,,
P00697,148,P00697,,Eukaryota,Rattus norvegicus,10116,,,1,18,ECO:0000269,,,,,,,,,,,,,,,,,,,,,,,,,,,,,,
P07722,626,P07722,"P02685, P07723",Eukaryota,Rattus norvegicus,10116,,,1,19,,517,536,ECO:0000255,,,,,,,,,,,,,,,,,,,,,,,,,,,
P02761,181,P02761,Q54AE7,Eukaryota,Rattus norvegicus,10116,,,1,19,ECO:0000269,,,,,,,,,,,,,,,,,,,,,,,,,,,,,,
P31836,853,P31836,,Eukaryota,Bos taurus,9913,,,1,19,ECO:0000269,720,737,ECO:0000255,,,,,,,,,,,,,,,,,,,,,,,,,,,
P10673,170,P10673,Q9TS28,Eukaryota,Canis lupus familiaris,9615,,,1,23,ECO:0000269,,,,,,,,,,,,,,,,,,,,,,,,,,,,,,
P13674,534,P13674,"C9JL12, Q15082, Q15083, Q5VSQ5",Eukaryota,Homo sapiens,9606,,,1,17,ECO:0007744,,,,,,,,,,,,,,,,,,,,,,,,,,,,,,
Q8NBP7,692,Q8NBP7,"A8T640, C0JYY9, Q5PSM5, Q5SZQ2",Eukaryota,Homo sapiens,9606,,,1,30,ECO:0000269,,,,,,,,,,,,,,,,,,,,,,,,,,,,,,
Q96S96,227,Q96S96,"Q5EVA1, Q8WW74",Eukaryota,Homo sapiens,9606,,,1,22,ECO:0000269,,,,,,,,,,,,,,,,,,,,,,,,,,,,,,
P36955,418,P36955,"F1T092, Q13236, Q2TU83, Q96CT1, Q96R01, Q9BWA4",Eukaryota,Homo sapiens,9606,,,1,19,,,,,,,,,,,,,,,,,,,,,,,,,,,,,,,
P13686,325,P13686,"A8K3V2, Q2TAB1, Q6IAS6, Q9UCJ5, Q9UCJ6, Q9UCJ7",Eukaryota,Homo sapiens,9606,,,1,21,ECO:0000269,,,,,,,,,,,,,,,,,,,,,,,,,,,,,,
P09487,524,P09487,Q17QS5,Eukaryota,Bos taurus,9913,,,1,17,ECO:0000269,,,,,,,,,,,,,,,,,,,,,,,,,,,,,,
P09586,222,P09586,,Eukaryota,Mus musculus,10090,,,1,31,ECO:0000269,,,,,,,,,,,,,,,,,,,,,,,,,,,,,,
P06879,226,P06879,Q544X8,Eukaryota,Mus musculus,10090,,,1,29,,,,,,,,,,,,,,,,,,,,,,,,,,,,,,,
P02810,166,P02810,"A2VCM0, A3KN66, A5D902, B2RMW2, Q4VBP2, Q53XA2, Q6P2F6",Eukaryota,Homo sapiens,9606,,,1,16,ECO:0000269,,,,,,,,,,,,,,,,,,,,,,,,,,,,,,
P02781,112,P02781,,Eukaryota,Rattus norvegicus,10116,,,1,20,ECO:0000269,,,,,,,,,,,,,,,,,,,,,,,,,,,,,,
O02853,191,O02853,"A2VDW5, A5PJE8",Eukaryota,Bos taurus,9913,,,1,28,ECO:0000269,,,,,,,,,,,,,,,,,,,,,,,,,,,,,,
P04089,115,P04089,Q63473,Eukaryota,Rattus norvegicus,10116,,,1,25,,,,,,,,,,,,,,,,,,,,,,,,,,,,,,,
P01347,186,P01347,Q78N50,Eukaryota,Rattus norvegicus,10116,,,1,22,ECO:0000269,,,,,,,,,,,,,,,,,,,,,,,,,,,,,,
P22969,182,P22969,Q28907,Eukaryota,Equus caballus,9796,,,1,25,ECO:0000269,,,,,,,,,,,,,,,,,,,,,,,,,,,,,,
P25235,631,P25235,Q6P9X0,Eukaryota,Rattus norvegicus,10116,,,1,22,,541,561,ECO:0000255,572,592,ECO:0000255,597,617,ECO:0000255,,,,,,,,,,,,,,,,,,,,,
P29457,417,P29457,,Eukaryota,Rattus norvegicus,10116,,,1,17,ECO:0000269,,,,,,,,,,,,,,,,,,,,,,,,,,,,,,
P09486,303,P09486,"D3DQH9, Q6IBK4",Eukaryota,Homo sapiens,9606,,,1,17,ECO:0000269,,,,,,,,,,,,,,,,,,,,,,,,,,,,,,
P12788,247,P12788,,Eukaryota,Rattus norvegicus,10116,,,1,15,,,,,,,,,,,,,,,,,,,,,,,,,,,,,,,
P04435,115,P04435,A0A1B0GX54,Eukaryota,Homo sapiens,9606,,,1,21,ECO:0000255,,,,,,,,,,,,,,,,,,,,,,,,,,,,,,
P07147,537,P07147,,Eukaryota,Mus musculus,10090,,,1,24,,478,501,ECO:0000255,,,,,,,,,,,,,,,,,,,,,,,,,,,
P16189,365,P04439,"B1PKZ3, O02939, O02954, O02955, O02963, O19509, O19546, O19598, O19605, O19606, O19619, O19647, O19673, O19687, O19695, O19756, O19794, O19795, O43906, O43907, O46874, O62921, O62924, O77937, O77938, O77964, O78073, O78171, O98009, O98010, O98011, O98137, P01891, P01892, P05534, P06338, P10313, P10314, P10315, P10316, P13746, P16188, P16189, P16190, P18462, P30443, P30444, P30445, P30446, P30447, P30448, P30449, P30450, P30451, P30452, P30453, P30454, P30455, P30456, P30457, P30458, P30459, P30512, P30514, P79505, P79562, P79563, Q09160, Q29680, Q29747, Q29835, Q29837, Q29838, Q29899, Q29908, Q29909, Q29910, Q30208, Q31623, Q5S3G1, Q65A82, Q8MHM1, Q8MHN9, Q95352, Q95355, Q95362, Q95377, Q95380, Q95IZ5, Q9BCN0, Q9BD15, Q9BD19, Q9GJE6, Q9GJE7, Q9GJE8, Q9MW42, Q9MY89, Q9MYA3, Q9MYA5, Q9MYC4, Q9MYE6, Q9MYE9, Q9MYG4, Q9MYG5, Q9MYI5, Q9TP25, Q9TPQ3, Q9TPR8, Q9TPX8, Q9TPX9, Q9TPY0, Q9TQ24, Q9TQE8, Q9TQE9, Q9TQF1, Q9TQF5, Q9TQF8, Q9TQF9, Q9TQG0, Q9TQG5, Q9TQG7, Q9TQH5, Q9TQI3, Q9TQK5, Q9TQM6, Q9TQN5, Q9TQP5, Q9TQP6, Q9TQP7, Q9UIN1, Q9UIN2, Q9UIP7, Q9UQU3, Q9UQU6, Q9UQU7",Eukaryota,Homo sapiens,9606,,,1,24,ECO:0000269,309,332,ECO:0000255,,,,,,,,,,,,,,,,,,,,,,,,,,,
P30479,362,P01889,"A0A2I6Q7B5, B0V0B8, G3GN01, O02862, O02956, O02957, O02960, O19555, O19556, O19595, O19615, O19624, O19625, O19627, O19641, O19651, O19675, O19692, O19758, O19779, O19783, O46702, O62897, O62901, O62915, O62917, O62919, O77933, O77959, O78053, O78138, O78160, O78163, O78172, O78173, O78180, O78217, O95730, O98140, P01890, P03989, P10317, P10318, P10319, P10320, P18463, P18464, P18465, P19373, P30460, P30461, P30462, P30463, P30464, P30465, P30466, P30467, P30468, P30469, P30470, P30471, P30472, P30473, P30474, P30475, P30476, P30477, P30478, P30479, P30480, P30481, P30482, P30483, P30484, P30485, P30486, P30487, P30488, P30489, P30490, P30491, P30492, P30493, P30494, P30495, P30496, P30497, P30498, P30513, P30685, P79489, P79490, P79496, P79504, P79523, P79524, P79542, P79555, Q04826, Q08136, Q29633, Q29636, Q29638, Q29661, Q29665, Q29678, Q29679, Q29681, Q29693, Q29695, Q29697, Q29718, Q29742, Q29749, Q29762, Q29764, Q29829, Q29836, Q29842, Q29845, Q29846, Q29847, Q29848, Q29850, Q29851, Q29852, Q29854, Q29855, Q29857, Q29858, Q29861, Q29924, Q29925, Q29933, Q29935, Q29936, Q29940, Q29953, Q29961, Q29982, Q30173, Q30198, Q31603, Q31610, Q31612, Q31613, Q546L8, Q546M4, Q5JP37, Q5QT24, Q5RIP1, Q5SRJ2, Q5TK76, Q5TK77, Q860I4, Q861B5, Q8HWF0, Q8MGQ3, Q8MHN4, Q8SNC5, Q95343, Q95344, Q95365, Q95369, Q95392, Q95HA3, Q95HA8, Q95HM9, Q95IA6, Q95IB8, Q95IH5, Q95J00, Q96IT9, Q9BCM6, Q9BCM7, Q9BCM8, Q9BD06, Q9BD38, Q9BD43, Q9GIL3, Q9GIM3, Q9GIX1, Q9GIY5, Q9GIZ0, Q9GIZ9, Q9GJ00, Q9GJ17, Q9GJ20, Q9GJ23, Q9GJ31, Q9GJF0, Q9GJM7, Q9MX21, Q9MY37, Q9MY42, Q9MY43, Q9MY61, Q9MY75, Q9MY78, Q9MY79, Q9MY84, Q9MY92, Q9MY93, Q9MY94, Q9MYB8, Q9MYC3, Q9MYC7, Q9MYF4, Q9MYG1, Q9TP35, Q9TP36, Q9TP37, Q9TP95, Q9TPQ7, Q9TPQ9, Q9TPR2, Q9TPR4, Q9TPS6, Q9TPT2, Q9TPT4, Q9TPT6, Q9TPV2, Q9TQG1, Q9TQH3, Q9TQH6, Q9TQH7, Q9TQH8, Q9TQH9, Q9TQM2, Q9TQN4, Q9TQN6, Q9UQS8, Q9UQT0",Eukaryota,Homo sapiens,9606,,,1,24,ECO:0000269,310,333,ECO:0000255,,,,,,,,,,,,,,,,,,,,,,,,,,,
P04222,366,P10321,"O02863, O02864, O02865, O02866, O02958, O19505, O19652, O19676, O62879, O62882, O62883, O62888, O78060, O78061, O78062, O78063, O78067, O78068, O78069, O78072, O78083, O78090, O78091, O78149, O78165, O78166, O78178, O78202, O78203, O78211, O78214, P04222, P30499, P30500, P30501, P30502, P30503, P30504, P30505, P30506, P30507, P30508, P30509, P30510, P79498, Q07000, Q29631, Q29641, Q29643, Q29652, Q29743, Q29768, Q29862, Q29864, Q29865, Q29867, Q29921, Q29959, Q29960, Q29963, Q29986, Q29989, Q29990, Q29991, Q29992, Q29993, Q30192, Q31605, Q31627, Q860R1, Q860R2, Q95463, Q95603, Q95604, Q99528, Q9BD28, Q9GIK4, Q9GIK8, Q9GJ33, Q9MY30, Q9MY31, Q9MY35, Q9MY49, Q9MY74, Q9MYI3, Q9TNN7, Q9TNZ8, Q9TPS4, Q9TPV8, Q9TPX2, Q9TQB4, Q9TQJ5, Q9TQP9, Q9UM32, Q9UM33, Q9UM42, Q9UQS9",Eukaryota,Homo sapiens,9606,,,1,24,ECO:0000255,309,333,ECO:0000255,,,,,,,,,,,,,,,,,,,,,,,,,,,
P18467,273,P18467,,Eukaryota,Pan troglodytes,9598,,,1,26,,225,245,ECO:0000255,,,,,,,,,,,,,,,,,,,,,,,,,,,
P08697,491,P08697,"B4E1B7, Q8N5U7, Q9UCG2, Q9UCG3",Eukaryota,Homo sapiens,9606,,,1,27,ECO:0000269,,,,,,,,,,,,,,,,,,,,,,,,,,,,,,
P12821,1306,P12821,"B0LPF0, B4DXI3, E7EU16, P22966, Q53YX9, Q59GY8, Q7M4L4",Eukaryota,Homo sapiens,9606,,,1,29,ECO:0000269,1257,1277,ECO:0000255,,,,,,,,,,,,,,,,,,,,,,,,,,,
P02647,267,P02647,"A8K866, Q6LDN9, Q6Q785, Q9UCS8, Q9UCT8",Eukaryota,Homo sapiens,9606,,,1,18,ECO:0000269,,,,,,,,,,,,,,,,,,,,,,,,,,,,,,
P08519,2040,P08519,"Q5VTD7, Q9UD88",Eukaryota,Homo sapiens,9606,,,1,19,ECO:0000255,,,,,,,,,,,,,,,,,,,,,,,,,,,,,,
P17453,482,P17453,Q3T0P4,Eukaryota,Bos taurus,9913,,,1,26,ECO:0000255,,,,,,,,,,,,,,,,,,,,,,,,,,,,,,
Q6UWJ8,174,Q6UWJ8,"B2RPJ0, Q5JXD6",Eukaryota,Homo sapiens,9606,,,1,29,ECO:0000269,142,162,ECO:0000255,,,,,,,,,,,,,,,,,,,,,,,,,,,
P14106,253,P14106,Q3U793,Eukaryota,Mus musculus,10090,,,1,25,ECO:0000250,,,,,,,,,,,,,,,,,,,,,,,,,,,,,,
P14211,416,P14211,Q3TVD2,Eukaryota,Mus musculus,10090,,,1,17,ECO:0000269,,,,,,,,,,,,,,,,,,,,,,,,,,,,,,
P02670,192,P02670,"Q8SPM9, Q8SPN0, Q8SPV1, Q8SPW6, Q8SPW7, Q8SPW8, Q8WMV5, Q8WN74",Eukaryota,Capra hircus,9925,,,1,21,ECO:0000269,,,,,,,,,,,,,,,,,,,,,,,,,,,,,,
P02669,192,P02669,"Q69B24, Q6JZK3",Eukaryota,Ovis aries,9940,,,1,21,ECO:0000269,,,,,,,,,,,,,,,,,,,,,,,,,,,,,,
Q6UW01,205,Q6UW01,,Eukaryota,Homo sapiens,9606,,,1,32,ECO:0000269,,,,,,,,,,,,,,,,,,,,,,,,,,,,,,
P80325,96,P80325,,Eukaryota,Cavia porcellus,10141,,,1,23,ECO:0000269,,,,,,,,,,,,,,,,,,,,,,,,,,,,,,
O00626,93,O00626,"A0N0Q6, B2R4W2",Eukaryota,Homo sapiens,9606,,,1,24,ECO:0000269,,,,,,,,,,,,,,,,,,,,,,,,,,,,,,
Q9NPF0,282,Q9NPF0,"B2RDS5, D6W668, F5H6D3, Q53HF7",Eukaryota,Homo sapiens,9606,,,1,35,ECO:0000269,230,250,ECO:0000255,,,,,,,,,,,,,,,,,,,,,,,,,,,
P04234,171,P04234,A8MVP6,Eukaryota,Homo sapiens,9606,,,1,21,,106,126,ECO:0000255,,,,,,,,,,,,,,,,,,,,,,,,,,,
P13379,494,P13379,,Eukaryota,Mus musculus,10090,,,1,23,,372,401,ECO:0000255,,,,,,,,,,,,,,,,,,,,,,,,,,,
P14209,185,P14209,"A6NIW1, O00518, Q6ICV7",Eukaryota,Homo sapiens,9606,,,1,22,ECO:0000269,123,147,ECO:0000255,,,,,,,,,,,,,,,,,,,,,,,,,,,
Q6UWE3,100,Q6UWE3,"B0QZ45, Q5T9G3",Eukaryota,Homo sapiens,9606,,,1,21,ECO:0000269,,,,,,,,,,,,,,,,,,,,,,,,,,,,,,
Q28085,1236,Q28085,"Q3MHF3, Q9TQZ7",Eukaryota,Bos taurus,9913,,,1,18,ECO:0000269,,,,,,,,,,,,,,,,,,,,,,,,,,,,,,
P12020,246,P12020,,Eukaryota,Rattus norvegicus,10116,,,1,19,,,,,,,,,,,,,,,,,,,,,,,,,,,,,,,
P18340,126,P18340,"Q8C9J0, Q99J60",Eukaryota,Mus musculus,10090,,,1,21,,,,,,,,,,,,,,,,,,,,,,,,,,,,,,,
P01036,141,P01036,"Q9UBI5, Q9UCS9",Eukaryota,Homo sapiens,9606,,,1,20,ECO:0000269,,,,,,,,,,,,,,,,,,,,,,,,,,,,,,
P46165,62,P46165,Q32P80,Eukaryota,Bos taurus,9913,,,1,22,ECO:0000269,,,,,,,,,,,,,,,,,,,,,,,,,,,,,,
P52555,260,P52555,"P80749, Q5BKC2",Eukaryota,Rattus norvegicus,10116,,,1,32,,,,,,,,,,,,,,,,,,,,,,,,,,,,,,,
P03951,625,P03951,"D3DP64, Q4W5C2, Q9Y495",Eukaryota,Homo sapiens,9606,,,1,18,,,,,,,,,,,,,,,,,,,,,,,,,,,,,,,
P01350,101,P01350,"P78463, P78464",Eukaryota,Homo sapiens,9606,,,1,21,ECO:0000269,,,,,,,,,,,,,,,,,,,,,,,,,,,,,,
P0C2W5,472,P0C2W5,,Eukaryota,Bos taurus,9913,,,1,23,ECO:0000269,240,260,ECO:0000255,271,290,ECO:0000255,309,329,ECO:0000255,451,471,ECO:0000255,,,,,,,,,,,,,,,,,,
P12544,262,P12544,"A4PHN1, Q6IB36",Eukaryota,Homo sapiens,9606,,,1,26,ECO:0000255,,,,,,,,,,,,,,,,,,,,,,,,,,,,,,
P06342,265,P06342,O19469,Eukaryota,Mus musculus,10090,,,1,27,,228,247,ECO:0000255,,,,,,,,,,,,,,,,,,,,,,,,,,,
P15516,51,P15516,"Q16243, Q502Z1",Eukaryota,Homo sapiens,9606,,,1,19,ECO:0000269,,,,,,,,,,,,,,,,,,,,,,,,,,,,,,
P01893,362,P01893,,Eukaryota,Homo sapiens,9606,,,1,24,ECO:0000255,309,332,ECO:0000255,,,,,,,,,,,,,,,,,,,,,,,,,,,
Q9N2J0,186,Q9N2J0,,Eukaryota,Felis catus,9685,,,1,21,ECO:0000255,,,,,,,,,,,,,,,,,,,,,,,,,,,,,,
P56829,195,P56829,P08316,Eukaryota,Ovis aries,9940,,,1,23,ECO:0000269,,,,,,,,,,,,,,,,,,,,,,,,,,,,,,
P00995,79,P00995,,Eukaryota,Homo sapiens,9606,,,1,23,ECO:0000269,,,,,,,,,,,,,,,,,,,,,,,,,,,,,,
Q13683,1181,Q13683,"B4E3U0, C9JMD3, C9JMZ6, O43197, Q86W93, Q9NY89, Q9UET0, Q9UEV2",Eukaryota,Homo sapiens,9606,,,1,33,ECO:0000269,1083,1103,ECO:0000255,,,,,,,,,,,,,,,,,,,,,,,,,,,
P05556,798,P05556,"A8K6N2, D3DRX9, D3DRY3, D3DRY4, D3DRY5, P78466, P78467, Q13089, Q13090, Q13091, Q13212, Q14622, Q14647, Q29RW2, Q7Z3V1, Q8WUM6",Eukaryota,Homo sapiens,9606,,,1,20,,729,751,ECO:0000255,,,,,,,,,,,,,,,,,,,,,,,,,,,
P26010,798,P26010,"Q9UCP7, Q9UCS7",Eukaryota,Homo sapiens,9606,,,1,19,ECO:0000269,724,746,ECO:0000255,,,,,,,,,,,,,,,,,,,,,,,,,,,
Q6UWL6,708,Q6UWL6,"C9JHF1, C9JJ76, F1T0I2, Q6P1R1, Q7Z5P1, Q7Z5P2, Q96IQ8, Q9H0T1",Eukaryota,Homo sapiens,9606,,,1,20,ECO:0000269,511,531,ECO:0000255,,,,,,,,,,,,,,,,,,,,,,,,,,,
P16150,400,P16150,A8K9B1,Eukaryota,Homo sapiens,9606,,,1,19,ECO:0000269,254,276,ECO:0000255,,,,,,,,,,,,,,,,,,,,,,,,,,,
P61626,148,P61626,"P00695, Q13170, Q9UCF8",Eukaryota,Homo sapiens,9606,,,1,18,ECO:0000269,,,,,,,,,,,,,,,,,,,,,,,,,,,,,,
Q28949,995,Q28949,,Eukaryota,Sus scrofa,9823,,,1,21,,,,,,,,,,,,,,,,,,,,,,,,,,,,,,,
P19999,238,P19999,,Eukaryota,Rattus norvegicus,10116,,,1,17,ECO:0000269,,,,,,,,,,,,,,,,,,,,,,,,,,,,,,
O02839,363,O02839,,Eukaryota,Sus scrofa,9823,,,1,44,ECO:0000269,330,350,ECO:0000255,,,,,,,,,,,,,,,,,,,,,,,,,,,
P09237,267,P09237,Q9BTK9,Eukaryota,Homo sapiens,9606,,,1,17,ECO:0000269,,,,,,,,,,,,,,,,,,,,,,,,,,,,,,
P01178,125,P01178,Q3MIG0,Eukaryota,Homo sapiens,9606,,,1,19,ECO:0000269,,,,,,,,,,,,,,,,,,,,,,,,,,,,,,
P79345,149,P79345,"Q3T091, Q58DR4",Eukaryota,Bos taurus,9913,,,1,19,,,,,,,,,,,,,,,,,,,,,,,,,,,,,,,
P01303,97,P01303,,Eukaryota,Homo sapiens,9606,,,1,28,ECO:0000269,,,,,,,,,,,,,,,,,,,,,,,,,,,,,,
Q63376,662,Q63376,,Eukaryota,Rattus norvegicus,10116,,,1,46,ECO:0000269,587,607,ECO:0000255,,,,,,,,,,,,,,,,,,,,,,,,,,,
Q60557,671,Q60557,Q60526,Eukaryota,Mesocricetus auratus,10036,,,1,21,ECO:0000269,,,,,,,,,,,,,,,,,,,,,,,,,,,,,,
P14555,144,P14555,"A8K5I7, Q6DN24, Q6IBD9, Q9UCD2",Eukaryota,Homo sapiens,9606,,,1,20,ECO:0000269,,,,,,,,,,,,,,,,,,,,,,,,,,,,,,
P13083,126,P13083,,Eukaryota,Cavia porcellus,10141,,,1,26,ECO:0000269,,,,,,,,,,,,,,,,,,,,,,,,,,,,,,
P00791,385,P00791,Q29080,Eukaryota,Sus scrofa,9823,,,1,15,ECO:0000269,,,,,,,,,,,,,,,,,,,,,,,,,,,,,,
Q9BX93,195,Q9BX93,"B7ZL23, Q52LB2, Q96Q99",Eukaryota,Homo sapiens,9606,,,1,19,ECO:0000269,,,,,,,,,,,,,,,,,,,,,,,,,,,,,,
P40967,661,P40967,"B3KS57, B7Z6D7, Q12763, Q14448, Q14817, Q16565",Eukaryota,Homo sapiens,9606,,,1,24,ECO:0000269,596,616,ECO:0000255,,,,,,,,,,,,,,,,,,,,,,,,,,,
P22891,400,P22891,"A6NMB4, Q15213, Q5JVF5, Q5JVF6",Eukaryota,Homo sapiens,9606,,,1,23,,,,,,,,,,,,,,,,,,,,,,,,,,,,,,,
P81264,98,P81264,,Eukaryota,Bos taurus,9913,,,1,22,ECO:0000269,,,,,,,,,,,,,,,,,,,,,,,,,,,,,,
Q6UW15,175,Q6UW15,"A8K980, D6W5J6, Q3SYE4, Q3SYE6, Q6FH18",Eukaryota,Homo sapiens,9606,,,1,26,ECO:0000269,,,,,,,,,,,,,,,,,,,,,,,,,,,,,,
P00683,149,P00683,,Eukaryota,Mus musculus,10090,,,1,25,ECO:0000269,,,,,,,,,,,,,,,,,,,,,,,,,,,,,,
P04278,402,P04278,"B0FWH4, B4DYU0, E9PGW1, F5H5Z8, I3L1N7, P14689, Q16616, Q3MIL0, Q6ISD2",Eukaryota,Homo sapiens,9606,,,1,29,ECO:0000269,,,,,,,,,,,,,,,,,,,,,,,,,,,,,,
Q8NBJ9,832,Q8NBJ9,"Q8NBY7, Q9Y357",Eukaryota,Homo sapiens,9606,,,1,18,ECO:0000269,297,317,ECO:0000255,448,468,ECO:0000255,500,520,ECO:0000255,547,567,ECO:0000255,606,626,ECO:0000255,632,652,ECO:0000255,689,709,ECO:0000255,716,736,ECO:0000255,747,767,ECO:0000255,797,817,ECO:0000255
P03973,132,P03973,"B2R5H8, P07757",Eukaryota,Homo sapiens,9606,,,1,25,ECO:0000269,,,,,,,,,,,,,,,,,,,,,,,,,,,,,,
P01248,216,P01248,"Q28958, Q29045",Eukaryota,Sus scrofa,9823,,,1,26,ECO:0000269,,,,,,,,,,,,,,,,,,,,,,,,,,,,,,
P29392,134,P29392,Q2YDJ6,Eukaryota,Bos taurus,9913,,,1,20,ECO:0000269,,,,,,,,,,,,,,,,,,,,,,,,,,,,,,
P51688,502,P51688,A8K5E2,Eukaryota,Homo sapiens,9606,,,1,20,ECO:0000269,,,,,,,,,,,,,,,,,,,,,,,,,,,,,,
Q9UIK5,374,Q9UIK5,"Q2FA44, Q4ZFW4, Q53H90, Q53RE1, Q8N2R5, Q9NR15, Q9NSS5, Q9P2Y9, Q9UK65",Eukaryota,Homo sapiens,9606,,,1,40,ECO:0000269,321,341,ECO:0000255,,,,,,,,,,,,,,,,,,,,,,,,,,,
P35590,1138,P35590,"B5A949, B5A950",Eukaryota,Homo sapiens,9606,,,1,21,ECO:0000269,760,784,ECO:0000255,,,,,,,,,,,,,,,,,,,,,,,,,,,
P09225,202,P09225,,Eukaryota,Mus musculus,10090,,,1,33,,,,,,,,,,,,,,,,,,,,,,,,,,,,,,,
P19438,455,P19438,"A8K4X3, B2RDE4, B3KPQ1, B4DQB7, B4E309, B5M0B5, D3DUR1, Q9UCA4",Eukaryota,Homo sapiens,9606,,,1,29,ECO:0000269,212,232,ECO:0000255,,,,,,,,,,,,,,,,,,,,,,,,,,,
P25942,277,P25942,"E1P5S9, Q53GN5, Q5JY15, Q5U007, Q7M4Q8, Q86YK5, Q9BYU0",Eukaryota,Homo sapiens,9606,,,1,20,ECO:0000269,194,215,ECO:0000255,,,,,,,,,,,,,,,,,,,,,,,,,,,
P00750,562,P00750,"A8K022, B2R8E8, Q15103, Q503B0, Q6PJA5, Q7Z7N2, Q86YK8, Q9BU99, Q9BZW1",Eukaryota,Homo sapiens,9606,,,1,22,ECO:0000269,,,,,,,,,,,,,,,,,,,,,,,,,,,,,,
P24627,708,P24627,"Q1JQC9, Q29629, Q6LEC7, Q9MZY3",Eukaryota,Bos taurus,9913,,,1,19,ECO:0000269,,,,,,,,,,,,,,,,,,,,,,,,,,,,,,
O19103,523,O19103,,Eukaryota,Oryctolagus cuniculus,9986,,,1,16,,487,503,ECO:0000255,,,,,,,,,,,,,,,,,,,,,,,,,,,
O95399,124,O95399,"Q5H8X7, Q6UXF6, Q9UKP7",Eukaryota,Homo sapiens,9606,,,1,20,,,,,,,,,,,,,,,,,,,,,,,,,,,,,,,
P30460,362,P01889,"A0A2I6Q7B5, B0V0B8, G3GN01, O02862, O02956, O02957, O02960, O19555, O19556, O19595, O19615, O19624, O19625, O19627, O19641, O19651, O19675, O19692, O19758, O19779, O19783, O46702, O62897, O62901, O62915, O62917, O62919, O77933, O77959, O78053, O78138, O78160, O78163, O78172, O78173, O78180, O78217, O95730, O98140, P01890, P03989, P10317, P10318, P10319, P10320, P18463, P18464, P18465, P19373, P30460, P30461, P30462, P30463, P30464, P30465, P30466, P30467, P30468, P30469, P30470, P30471, P30472, P30473, P30474, P30475, P30476, P30477, P30478, P30479, P30480, P30481, P30482, P30483, P30484, P30485, P30486, P30487, P30488, P30489, P30490, P30491, P30492, P30493, P30494, P30495, P30496, P30497, P30498, P30513, P30685, P79489, P79490, P79496, P79504, P79523, P79524, P79542, P79555, Q04826, Q08136, Q29633, Q29636, Q29638, Q29661, Q29665, Q29678, Q29679, Q29681, Q29693, Q29695, Q29697, Q29718, Q29742, Q29749, Q29762, Q29764, Q29829, Q29836, Q29842, Q29845, Q29846, Q29847, Q29848, Q29850, Q29851, Q29852, Q29854, Q29855, Q29857, Q29858, Q29861, Q29924, Q29925, Q29933, Q29935, Q29936, Q29940, Q29953, Q29961, Q29982, Q30173, Q30198, Q31603, Q31610, Q31612, Q31613, Q546L8, Q546M4, Q5JP37, Q5QT24, Q5RIP1, Q5SRJ2, Q5TK76, Q5TK77, Q860I4, Q861B5, Q8HWF0, Q8MGQ3, Q8MHN4, Q8SNC5, Q95343, Q95344, Q95365, Q95369, Q95392, Q95HA3, Q95HA8, Q95HM9, Q95IA6, Q95IB8, Q95IH5, Q95J00, Q96IT9, Q9BCM6, Q9BCM7, Q9BCM8, Q9BD06, Q9BD38, Q9BD43, Q9GIL3, Q9GIM3, Q9GIX1, Q9GIY5, Q9GIZ0, Q9GIZ9, Q9GJ00, Q9GJ17, Q9GJ20, Q9GJ23, Q9GJ31, Q9GJF0, Q9GJM7, Q9MX21, Q9MY37, Q9MY42, Q9MY43, Q9MY61, Q9MY75, Q9MY78, Q9MY79, Q9MY84, Q9MY92, Q9MY93, Q9MY94, Q9MYB8, Q9MYC3, Q9MYC7, Q9MYF4, Q9MYG1, Q9TP35, Q9TP36, Q9TP37, Q9TP95, Q9TPQ7, Q9TPQ9, Q9TPR2, Q9TPR4, Q9TPS6, Q9TPT2, Q9TPT4, Q9TPT6, Q9TPV2, Q9TQG1, Q9TQH3, Q9TQH6, Q9TQH7, Q9TQH8, Q9TQH9, Q9TQM2, Q9TQN4, Q9TQN6, Q9UQS8, Q9UQT0",Eukaryota,Homo sapiens,9606,,,1,24,ECO:0000269,310,333,ECO:0000255,,,,,,,,,,,,,,,,,,,,,,,,,,,
Q31612,362,P01889,"A0A2I6Q7B5, B0V0B8, G3GN01, O02862, O02956, O02957, O02960, O19555, O19556, O19595, O19615, O19624, O19625, O19627, O19641, O19651, O19675, O19692, O19758, O19779, O19783, O46702, O62897, O62901, O62915, O62917, O62919, O77933, O77959, O78053, O78138, O78160, O78163, O78172, O78173, O78180, O78217, O95730, O98140, P01890, P03989, P10317, P10318, P10319, P10320, P18463, P18464, P18465, P19373, P30460, P30461, P30462, P30463, P30464, P30465, P30466, P30467, P30468, P30469, P30470, P30471, P30472, P30473, P30474, P30475, P30476, P30477, P30478, P30479, P30480, P30481, P30482, P30483, P30484, P30485, P30486, P30487, P30488, P30489, P30490, P30491, P30492, P30493, P30494, P30495, P30496, P30497, P30498, P30513, P30685, P79489, P79490, P79496, P79504, P79523, P79524, P79542, P79555, Q04826, Q08136, Q29633, Q29636, Q29638, Q29661, Q29665, Q29678, Q29679, Q29681, Q29693, Q29695, Q29697, Q29718, Q29742, Q29749, Q29762, Q29764, Q29829, Q29836, Q29842, Q29845, Q29846, Q29847, Q29848, Q29850, Q29851, Q29852, Q29854, Q29855, Q29857, Q29858, Q29861, Q29924, Q29925, Q29933, Q29935, Q29936, Q29940, Q29953, Q29961, Q29982, Q30173, Q30198, Q31603, Q31610, Q31612, Q31613, Q546L8, Q546M4, Q5JP37, Q5QT24, Q5RIP1, Q5SRJ2, Q5TK76, Q5TK77, Q860I4, Q861B5, Q8HWF0, Q8MGQ3, Q8MHN4, Q8SNC5, Q95343, Q95344, Q95365, Q95369, Q95392, Q95HA3, Q95HA8, Q95HM9, Q95IA6, Q95IB8, Q95IH5, Q95J00, Q96IT9, Q9BCM6, Q9BCM7, Q9BCM8, Q9BD06, Q9BD38, Q9BD43, Q9GIL3, Q9GIM3, Q9GIX1, Q9GIY5, Q9GIZ0, Q9GIZ9, Q9GJ00, Q9GJ17, Q9GJ20, Q9GJ23, Q9GJ31, Q9GJF0, Q9GJM7, Q9MX21, Q9MY37, Q9MY42, Q9MY43, Q9MY61, Q9MY75, Q9MY78, Q9MY79, Q9MY84, Q9MY92, Q9MY93, Q9MY94, Q9MYB8, Q9MYC3, Q9MYC7, Q9MYF4, Q9MYG1, Q9TP35, Q9TP36, Q9TP37, Q9TP95, Q9TPQ7, Q9TPQ9, Q9TPR2, Q9TPR4, Q9TPS6, Q9TPT2, Q9TPT4, Q9TPT6, Q9TPV2, Q9TQG1, Q9TQH3, Q9TQH6, Q9TQH7, Q9TQH8, Q9TQH9, Q9TQM2, Q9TQN4, Q9TQN6, Q9UQS8, Q9UQT0",Eukaryota,Homo sapiens,9606,,,1,24,ECO:0000269,310,333,ECO:0000255,,,,,,,,,,,,,,,,,,,,,,,,,,,
P79483,266,P79483,"A0ZXY9, A7MA46, B5AU12, B5AU13, B5AU14, B8YAC6, C6H115, C6H116, O02875, O19590, O46701, O46794, O78049, O78162, P01913, P79663, Q29721, Q29809, Q2PPD0, Q30144, Q507L8, Q5SP44, Q5STE0, Q6YJU6, Q70M87, Q7YQ62, Q860I9, Q8SP69, Q8WLT7, Q8WLT8, Q95359, Q95HM8, Q95IE5, Q96H16, Q9BCP3, Q9BD18, Q9MYA4, Q9MYH3, Q9MYH4, Q9TP01, Q9TP02, Q9TPB5, Q9TQ21, Q9UIN3, Q9UIN5",Eukaryota,Homo sapiens,9606,,,1,29,ECO:0000255,228,248,ECO:0000255,,,,,,,,,,,,,,,,,,,,,,,,,,,
P21588,576,P21588,,Eukaryota,Rattus norvegicus,10116,,,1,28,ECO:0000269,,,,,,,,,,,,,,,,,,,,,,,,,,,,,,
P05067,770,P05067,"B2R5V1, B4DII8, D3DSD1, D3DSD2, D3DSD3, P09000, P78438, Q13764, Q13778, Q13793, Q16011, Q16014, Q16019, Q16020, Q6GSC0, Q8WZ99, Q9BT38, Q9UC33, Q9UCA9, Q9UCB6, Q9UCC8, Q9UCD1, Q9UQ58",Eukaryota,Homo sapiens,9606,,,1,17,ECO:0000269,702,722,ECO:0000305,,,,,,,,,,,,,,,,,,,,,,,,,,,
P06280,429,P06280,Q6LER7,Eukaryota,Homo sapiens,9606,,,1,31,,,,,,,,,,,,,,,,,,,,,,,,,,,,,,,
Q6UX39,209,Q6UX39,"Q0P503, Q0P506",Eukaryota,Homo sapiens,9606,,,1,16,ECO:0000269,,,,,,,,,,,,,,,,,,,,,,,,,,,,,,
P01008,464,P01008,"B2R6P0, P78439, P78447, Q13815, Q5TC78, Q7KZ43, Q7KZ97, Q9UC78",Eukaryota,Homo sapiens,9606,,,1,32,ECO:0000269,,,,,,,,,,,,,,,,,,,,,,,,,,,,,,
P04638,102,P04638,,Eukaryota,Rattus norvegicus,10116,,,1,18,,,,,,,,,,,,,,,,,,,,,,,,,,,,,,,
P01888,118,P01888,"Q148G6, Q56K05",Eukaryota,Bos taurus,9913,,,1,20,ECO:0000269,,,,,,,,,,,,,,,,,,,,,,,,,,,,,,
Q86WA6,291,Q86WA6,"Q00306, Q13855, Q3KP51",Eukaryota,Homo sapiens,9606,,,1,37,ECO:0000269,,,,,,,,,,,,,,,,,,,,,,,,,,,,,,
P02745,245,P02745,"B2R4X2, Q5T963",Eukaryota,Homo sapiens,9606,,,1,22,ECO:0000269,,,,,,,,,,,,,,,,,,,,,,,,,,,,,,
Q8NBI3,349,Q8NBI3,"B6EV15, Q5SNX0, Q6UWK8",Eukaryota,Homo sapiens,9606,,,1,25,"ECO:0000255, ECO:0000269",,,,,,,,,,,,,,,,,,,,,,,,,,,,,,
P18915,319,P18915,Q95322,Eukaryota,Bos taurus,9913,,,1,14,ECO:0000269,,,,,,,,,,,,,,,,,,,,,,,,,,,,,,
P31235,409,P31235,,Eukaryota,Oryctolagus cuniculus,9986,,,1,19,ECO:0000269,,,,,,,,,,,,,,,,,,,,,,,,,,,,,,
P07154,334,P07154,Q9QV07,Eukaryota,Rattus norvegicus,10116,,,1,17,ECO:0000269,,,,,,,,,,,,,,,,,,,,,,,,,,,,,,
Q99731,98,Q99731,"O00697, O00736",Eukaryota,Homo sapiens,9606,,,1,21,,,,,,,,,,,,,,,,,,,,,,,,,,,,,,,
P08571,375,P08571,"Q53XT5, Q96FR6, Q96L99, Q9UNS3",Eukaryota,Homo sapiens,9606,,,1,19,,,,,,,,,,,,,,,,,,,,,,,,,,,,,,,
P11942,182,P11942,,Eukaryota,Mus musculus,10090,,,1,22,,117,137,ECO:0000255,,,,,,,,,,,,,,,,,,,,,,,,,,,
Q9H5V8,836,Q9H5V8,"Q49UB4, Q6NT71, Q6U9Y2, Q8WU91, Q96QU7, Q9H676, Q9H8C2",Eukaryota,Homo sapiens,9606,,,1,29,ECO:0000269,668,688,ECO:0000255,,,,,,,,,,,,,,,,,,,,,,,,,,,
P01233,165,P0DN86,"A1A5E0, B9ZVP5, P01233, Q13991, Q14000, Q3KPI3, Q3SY41, Q8WTT5, Q8WXL1, Q8WXL2, Q8WXL3, Q8WXL4",Eukaryota,Homo sapiens,9606,,,1,20,ECO:0000269,,,,,,,,,,,,,,,,,,,,,,,,,,,,,,
P36222,383,P36222,"B2R7B0, P30923, Q8IVA4, Q96HI7",Eukaryota,Homo sapiens,9606,,,1,21,ECO:0000269,,,,,,,,,,,,,,,,,,,,,,,,,,,,,,
P10909,449,P10909,"B2R9Q1, B3KSE6, P11380, P11381, Q2TU75, Q5HYC1, Q7Z5B9",Eukaryota,Homo sapiens,9606,,,1,22,ECO:0000269,,,,,,,,,,,,,,,,,,,,,,,,,,,,,,
P02705,108,P02705,,Eukaryota,Equus caballus,9796,,,1,13,ECO:0000269,,,,,,,,,,,,,,,,,,,,,,,,,,,,,,
Q02862,184,Q02862,,Eukaryota,Mus musculus,10090,,,1,15,ECO:0000269,,,,,,,,,,,,,,,,,,,,,,,,,,,,,,
O94985,981,O94985,"A8K183, Q5SR52, Q5UE58, Q71MN0, Q8N4K9",Eukaryota,Homo sapiens,9606,,,1,28,ECO:0000269,860,880,ECO:0000255,,,,,,,,,,,,,,,,,,,,,,,,,,,
Q10746,101,Q10746,"Q10747, Q5CZ55, Q9EP62",Eukaryota,Rattus norvegicus,10116,,,1,32,ECO:0000269,,,,,,,,,,,,,,,,,,,,,,,,,,,,,,
P46162,63,P46162,,Eukaryota,Bos taurus,9913,,,1,22,ECO:0000269,,,,,,,,,,,,,,,,,,,,,,,,,,,,,,
Q6E0U4,476,Q6E0U4,"A3EZ79, A3EZ80, A3EZ81, A3EZ82, A3EZ83, C9J4P6, C9J5N8, C9JAL3, Q32W58, Q32W62, Q32W63, Q32W64, Q32W65, Q32W66, Q32W67, Q6E0U5, Q6UXC7, Q96EW8, Q9BSY6",Eukaryota,Homo sapiens,9606,,,1,21,ECO:0000269,,,,,,,,,,,,,,,,,,,,,,,,,,,,,,
P21704,284,P21704,Q5FVU6,Eukaryota,Rattus norvegicus,10116,,,1,22,ECO:0000250,,,,,,,,,,,,,,,,,,,,,,,,,,,,,,
Q01107,893,Q01107,Q28095,Eukaryota,Bos taurus,9913,,,1,29,,693,715,ECO:0000255,,,,,,,,,,,,,,,,,,,,,,,,,,,
P00772,266,P00772,Q29625,Eukaryota,Sus scrofa,9823,,,1,16,ECO:0000269,,,,,,,,,,,,,,,,,,,,,,,,,,,,,,
Q96AP7,390,Q96AP7,"B4DVN8, Q96T50",Eukaryota,Homo sapiens,9606,,,1,29,ECO:0000269,249,269,ECO:0000255,,,,,,,,,,,,,,,,,,,,,,,,,,,
Q08830,312,Q08830,"A6NKU4, Q4PJH9, Q53YF1, Q8NG32, Q96KW6, Q96QM6",Eukaryota,Homo sapiens,9606,,,1,22,ECO:0000269,,,,,,,,,,,,,,,,,,,,,,,,,,,,,,
P16882,650,P16882,"P16590, Q61653, Q6DI66, Q80W86, Q8R1M5, Q920Z3, Q9R264",Eukaryota,Mus musculus,10090,,,1,24,ECO:0000269,274,297,ECO:0000255,,,,,,,,,,,,,,,,,,,,,,,,,,,
P07823,654,P07823,,Eukaryota,Mesocricetus auratus,10036,,,1,18,,,,,,,,,,,,,,,,,,,,,,,,,,,,,,,
P15983,258,P15983,,Eukaryota,Sus scrofa,9823,,,1,31,,228,248,ECO:0000255,,,,,,,,,,,,,,,,,,,,,,,,,,,
Q95460,341,Q95460,"A8K2V9, B4E3B1, O97985, O97986, Q53GM1, Q95HB8, Q9MY23, Q9NPL2, Q9TQB3, Q9TQB9, Q9TQK3",Eukaryota,Homo sapiens,9606,,,1,22,ECO:0000269,303,323,ECO:0000255,,,,,,,,,,,,,,,,,,,,,,,,,,,
P01783,,,,,,,,,,,,,,,,,,,,,,,,,,,,,,,,,,,,,,,,,
P01822,137,P01822,,Eukaryota,Mus musculus,10090,,,1,18,ECO:0000269,,,,,,,,,,,,,,,,,,,,,,,,,,,,,,
P07348,189,P07348,,Eukaryota,Bos taurus,9913,,,1,23,,,,,,,,,,,,,,,,,,,,,,,,,,,,,,,
P05010,189,P05010,,Eukaryota,Bos taurus,9913,,,1,23,,,,,,,,,,,,,,,,,,,,,,,,,,,,,,,
P18510,177,P18510,"A8K4G1, Q14628, Q53SC2, Q7RTZ4, Q96GD6, Q9UPC0",Eukaryota,Homo sapiens,9606,,,1,25,ECO:0000269,,,,,,,,,,,,,,,,,,,,,,,,,,,,,,
P22272,460,P22272,,Eukaryota,Mus musculus,10090,,,1,19,,365,385,ECO:0000255,,,,,,,,,,,,,,,,,,,,,,,,,,,
P15261,477,P15261,Q91Y85,Eukaryota,Mus musculus,10090,,,1,25,ECO:0000269,255,275,ECO:0000255,,,,,,,,,,,,,,,,,,,,,,,,,,,
P13612,1032,P13612,"D3DPG4, Q7Z4L6",Eukaryota,Homo sapiens,9606,,,1,33,ECO:0000269,978,1001,ECO:0000255,,,,,,,,,,,,,,,,,,,,,,,,,,,
P80747,800,P80747,A3KMX2,Eukaryota,Bos taurus,9913,,,1,24,ECO:0000269,723,743,ECO:0000255,,,,,,,,,,,,,,,,,,,,,,,,,,,
P43121,646,P43121,"O95812, Q59E86, Q6PHR3, Q6ZTR2",Eukaryota,Homo sapiens,9606,,,1,23,ECO:0000269,560,583,ECO:0000255,,,,,,,,,,,,,,,,,,,,,,,,,,,
P41271,181,P41271,"A3KFI7, Q5TGZ2, Q5U0N4, Q96L68",Eukaryota,Homo sapiens,9606,,,1,16,ECO:0000269,,,,,,,,,,,,,,,,,,,,,,,,,,,,,,
P13595,1115,P13595,"P13594, Q61949, Q61950, Q6LBU8, Q8BQ96, Q8C4B2, Q921P2, Q9R2A7",Eukaryota,Mus musculus,10090,,,1,19,ECO:0000269,712,729,ECO:0000255,,,,,,,,,,,,,,,,,,,,,,,,,,,
P18291,248,P18291,,Eukaryota,Rattus norvegicus,10116,,,1,18,ECO:0000255,,,,,,,,,,,,,,,,,,,,,,,,,,,,,,
Q9P121,344,Q9P121,"A0MTT2, Q6UXJ3, Q86VJ9",Eukaryota,Homo sapiens,9606,,,1,33,ECO:0000269,,,,,,,,,,,,,,,,,,,,,,,,,,,,,,
P01301,78,P01301,Q6T8R7,Eukaryota,Ovis aries,9940,,,1,19,ECO:0000269,,,,,,,,,,,,,,,,,,,,,,,,,,,,,,
P04785,509,P04785,P13700,Eukaryota,Rattus norvegicus,10116,,,1,19,ECO:0000269,,,,,,,,,,,,,,,,,,,,,,,,,,,,,,
P49763,221,P49763,"Q07101, Q9BV78, Q9Y6S8",Eukaryota,Homo sapiens,9606,,,1,18,ECO:0000269,,,,,,,,,,,,,,,,,,,,,,,,,,,,,,
P09889,340,P09889,,Eukaryota,Sus scrofa,9823,,,1,20,,,,,,,,,,,,,,,,,,,,,,,,,,,,,,,
P05186,524,P05186,"A1A4E7, B2RMP8, B7Z387, B7Z4Y6, O75090, Q2TAI7, Q59EJ7, Q5BKZ5, Q5VTG5, Q6NZI8, Q8WU32, Q9UBK0",Eukaryota,Homo sapiens,9606,,,1,17,ECO:0000269,,,,,,,,,,,,,,,,,,,,,,,,,,,,,,
P04925,254,P04925,,Eukaryota,Mus musculus,10090,,,1,22,ECO:0000269,,,,,,,,,,,,,,,,,,,,,,,,,,,,,,
P58294,105,P58294,"Q5VWD4, Q8TC69",Eukaryota,Homo sapiens,9606,,,1,19,ECO:0000269,,,,,,,,,,,,,,,,,,,,,,,,,,,,,,
Q8WXF3,142,Q8WXF3,Q6UXW5,Eukaryota,Homo sapiens,9606,,,1,25,ECO:0000269,,,,,,,,,,,,,,,,,,,,,,,,,,,,,,
P35541,130,P35541,Q32L36,Eukaryota,Bos taurus,9913,,,1,18,ECO:0000269,,,,,,,,,,,,,,,,,,,,,,,,,,,,,,
P02784,134,P02784,,Eukaryota,Bos taurus,9913,,,1,25,ECO:0000269,,,,,,,,,,,,,,,,,,,,,,,,,,,,,,
O43278,529,O43278,Q7Z7D2,Eukaryota,Homo sapiens,9606,,,1,35,ECO:0000269,,,,,,,,,,,,,,,,,,,,,,,,,,,,,,
P20112,300,P20112,Q4Z8Q2,Eukaryota,Sus scrofa,9823,,,1,17,ECO:0000269,,,,,,,,,,,,,,,,,,,,,,,,,,,,,,
P52823,247,P52823,"B4DN22, Q71UE5",Eukaryota,Homo sapiens,9606,,,1,17,ECO:0000269,,,,,,,,,,,,,,,,,,,,,,,,,,,,,,
O35775,134,O35775,,Eukaryota,Rattus norvegicus,10116,,,1,21,,,,,,,,,,,,,,,,,,,,,,,,,,,,,,,
Q86YD3,366,Q86YD3,"A8K8J4, B0YJA6, B0YJA7, B0YJA9, G5E9U4, Q6UW89, Q86UA7, Q8NBL5, Q96KA6, Q96MW9",Eukaryota,Homo sapiens,9606,,,1,26,ECO:0000269,233,253,ECO:0000255,,,,,,,,,,,,,,,,,,,,,,,,,,,
Q9MYN8,145,Q9MYN8,,Eukaryota,Erinaceus europaeus,9365,,,1,20,,,,,,,,,,,,,,,,,,,,,,,,,,,,,,,
P04212,136,P04212,,Eukaryota,Mus musculus,10090,,,1,21,,,,,,,,,,,,,,,,,,,,,,,,,,,,,,,
P20239,713,P20239,,Eukaryota,Mus musculus,10090,,,1,34,ECO:0000269,684,703,ECO:0000255,,,,,,,,,,,,,,,,,,,,,,,,,,,
P30459,365,P04439,"B1PKZ3, O02939, O02954, O02955, O02963, O19509, O19546, O19598, O19605, O19606, O19619, O19647, O19673, O19687, O19695, O19756, O19794, O19795, O43906, O43907, O46874, O62921, O62924, O77937, O77938, O77964, O78073, O78171, O98009, O98010, O98011, O98137, P01891, P01892, P05534, P06338, P10313, P10314, P10315, P10316, P13746, P16188, P16189, P16190, P18462, P30443, P30444, P30445, P30446, P30447, P30448, P30449, P30450, P30451, P30452, P30453, P30454, P30455, P30456, P30457, P30458, P30459, P30512, P30514, P79505, P79562, P79563, Q09160, Q29680, Q29747, Q29835, Q29837, Q29838, Q29899, Q29908, Q29909, Q29910, Q30208, Q31623, Q5S3G1, Q65A82, Q8MHM1, Q8MHN9, Q95352, Q95355, Q95362, Q95377, Q95380, Q95IZ5, Q9BCN0, Q9BD15, Q9BD19, Q9GJE6, Q9GJE7, Q9GJE8, Q9MW42, Q9MY89, Q9MYA3, Q9MYA5, Q9MYC4, Q9MYE6, Q9MYE9, Q9MYG4, Q9MYG5, Q9MYI5, Q9TP25, Q9TPQ3, Q9TPR8, Q9TPX8, Q9TPX9, Q9TPY0, Q9TQ24, Q9TQE8, Q9TQE9, Q9TQF1, Q9TQF5, Q9TQF8, Q9TQF9, Q9TQG0, Q9TQG5, Q9TQG7, Q9TQH5, Q9TQI3, Q9TQK5, Q9TQM6, Q9TQN5, Q9TQP5, Q9TQP6, Q9TQP7, Q9UIN1, Q9UIN2, Q9UIP7, Q9UQU3, Q9UQU6, Q9UQU7",Eukaryota,Homo sapiens,9606,,,1,24,ECO:0000269,309,332,ECO:0000255,,,,,,,,,,,,,,,,,,,,,,,,,,,
P18464,362,P01889,"A0A2I6Q7B5, B0V0B8, G3GN01, O02862, O02956, O02957, O02960, O19555, O19556, O19595, O19615, O19624, O19625, O19627, O19641, O19651, O19675, O19692, O19758, O19779, O19783, O46702, O62897, O62901, O62915, O62917, O62919, O77933, O77959, O78053, O78138, O78160, O78163, O78172, O78173, O78180, O78217, O95730, O98140, P01890, P03989, P10317, P10318, P10319, P10320, P18463, P18464, P18465, P19373, P30460, P30461, P30462, P30463, P30464, P30465, P30466, P30467, P30468, P30469, P30470, P30471, P30472, P30473, P30474, P30475, P30476, P30477, P30478, P30479, P30480, P30481, P30482, P30483, P30484, P30485, P30486, P30487, P30488, P30489, P30490, P30491, P30492, P30493, P30494, P30495, P30496, P30497, P30498, P30513, P30685, P79489, P79490, P79496, P79504, P79523, P79524, P79542, P79555, Q04826, Q08136, Q29633, Q29636, Q29638, Q29661, Q29665, Q29678, Q29679, Q29681, Q29693, Q29695, Q29697, Q29718, Q29742, Q29749, Q29762, Q29764, Q29829, Q29836, Q29842, Q29845, Q29846, Q29847, Q29848, Q29850, Q29851, Q29852, Q29854, Q29855, Q29857, Q29858, Q29861, Q29924, Q29925, Q29933, Q29935, Q29936, Q29940, Q29953, Q29961, Q29982, Q30173, Q30198, Q31603, Q31610, Q31612, Q31613, Q546L8, Q546M4, Q5JP37, Q5QT24, Q5RIP1, Q5SRJ2, Q5TK76, Q5TK77, Q860I4, Q861B5, Q8HWF0, Q8MGQ3, Q8MHN4, Q8SNC5, Q95343, Q95344, Q95365, Q95369, Q95392, Q95HA3, Q95HA8, Q95HM9, Q95IA6, Q95IB8, Q95IH5, Q95J00, Q96IT9, Q9BCM6, Q9BCM7, Q9BCM8, Q9BD06, Q9BD38, Q9BD43, Q9GIL3, Q9GIM3, Q9GIX1, Q9GIY5, Q9GIZ0, Q9GIZ9, Q9GJ00, Q9GJ17, Q9GJ20, Q9GJ23, Q9GJ31, Q9GJF0, Q9GJM7, Q9MX21, Q9MY37, Q9MY42, Q9MY43, Q9MY61, Q9MY75, Q9MY78, Q9MY79, Q9MY84, Q9MY92, Q9MY93, Q9MY94, Q9MYB8, Q9MYC3, Q9MYC7, Q9MYF4, Q9MYG1, Q9TP35, Q9TP36, Q9TP37, Q9TP95, Q9TPQ7, Q9TPQ9, Q9TPR2, Q9TPR4, Q9TPS6, Q9TPT2, Q9TPT4, Q9TPT6, Q9TPV2, Q9TQG1, Q9TQH3, Q9TQH6, Q9TQH7, Q9TQH8, Q9TQH9, Q9TQM2, Q9TQN4, Q9TQN6, Q9UQS8, Q9UQT0",Eukaryota,Homo sapiens,9606,,,1,24,ECO:0000269,310,333,ECO:0000255,,,,,,,,,,,,,,,,,,,,,,,,,,,
Q07000,366,P10321,"O02863, O02864, O02865, O02866, O02958, O19505, O19652, O19676, O62879, O62882, O62883, O62888, O78060, O78061, O78062, O78063, O78067, O78068, O78069, O78072, O78083, O78090, O78091, O78149, O78165, O78166, O78178, O78202, O78203, O78211, O78214, P04222, P30499, P30500, P30501, P30502, P30503, P30504, P30505, P30506, P30507, P30508, P30509, P30510, P79498, Q07000, Q29631, Q29641, Q29643, Q29652, Q29743, Q29768, Q29862, Q29864, Q29865, Q29867, Q29921, Q29959, Q29960, Q29963, Q29986, Q29989, Q29990, Q29991, Q29992, Q29993, Q30192, Q31605, Q31627, Q860R1, Q860R2, Q95463, Q95603, Q95604, Q99528, Q9BD28, Q9GIK4, Q9GIK8, Q9GJ33, Q9MY30, Q9MY31, Q9MY35, Q9MY49, Q9MY74, Q9MYI3, Q9TNN7, Q9TNZ8, Q9TPS4, Q9TPV8, Q9TPX2, Q9TQB4, Q9TQJ5, Q9TQP9, Q9UM32, Q9UM33, Q9UM42, Q9UQS9",Eukaryota,Homo sapiens,9606,,,1,24,ECO:0000255,309,333,ECO:0000255,,,,,,,,,,,,,,,,,,,,,,,,,,,
Q63180,789,Q63180,,Eukaryota,Rattus norvegicus,10116,,,1,25,ECO:0000269,669,689,ECO:0000255,,,,,,,,,,,,,,,,,,,,,,,,,,,
Q16602,461,Q16602,"A8K6G5, A8KAD3, Q53S02, Q53TS5",Eukaryota,Homo sapiens,9606,,,1,22,ECO:0000269,140,164,"ECO:0000269, ECO:0007744",176,198,"ECO:0000269, ECO:0007744",210,238,"ECO:0000269, ECO:0007744",253,273,"ECO:0000269, ECO:0007744",290,314,"ECO:0000269, ECO:0007744",330,351,"ECO:0000269, ECO:0007744",367,387,"ECO:0000269, ECO:0007744",,,,,,,,,
P31211,396,P31211,Q5M822,Eukaryota,Rattus norvegicus,10116,,,1,22,ECO:0000269,,,,,,,,,,,,,,,,,,,,,,,,,,,,,,
Q99616,98,Q99616,"O95689, Q6ICQ6",Eukaryota,Homo sapiens,9606,,,1,16,ECO:0000269,,,,,,,,,,,,,,,,,,,,,,,,,,,,,,
Q8N6Q3,437,Q8N6Q3,"Q711Q2, Q8NCV9, Q96QH1, Q9HDA5",Eukaryota,Homo sapiens,9606,,,1,21,ECO:0000269,,,,,,,,,,,,,,,,,,,,,,,,,,,,,,
Q01151,205,Q01151,Q5THX9,Eukaryota,Homo sapiens,9606,,,1,19,ECO:0000269,145,166,ECO:0000255,,,,,,,,,,,,,,,,,,,,,,,,,,,
P40199,344,P40199,"Q13774, Q14920, Q53XP7",Eukaryota,Homo sapiens,9606,,,1,34,ECO:0000269,,,,,,,,,,,,,,,,,,,,,,,,,,,,,,
Q8VCT4,565,Q8VCT4,"Q91ZV9, Q924V8, Q9ULY1",Eukaryota,Mus musculus,10090,,,1,18,ECO:0000269,,,,,,,,,,,,,,,,,,,,,,,,,,,,,,
P01027,1663,P01027,"Q61370, Q80XP1",Eukaryota,Mus musculus,10090,,,1,24,ECO:0000269,,,,,,,,,,,,,,,,,,,,,,,,,,,,,,
P0C0L5,1744,P0C0L5,"A2BHY4, P01028, P78445, Q13160, Q13906, Q14033, Q14835, Q6U2E9, Q6U2G1, Q6U2I5, Q6U2L1, Q6U2L7, Q6U2L9, Q6U2M5, Q6VCV8, Q96SA7, Q9NPK5, Q9UIP5",Eukaryota,Homo sapiens,9606,,,1,19,ECO:0000250,,,,,,,,,,,,,,,,,,,,,,,,,,,,,,
P20849,921,P20849,"Q13699, Q13700, Q5TF52, Q6P467, Q96BM8, Q99225, Q9H151, Q9H152, Q9Y6P2, Q9Y6P3",Eukaryota,Homo sapiens,9606,,,1,23,,,,,,,,,,,,,,,,,,,,,,,,,,,,,,,
P04118,112,P04118,"Q5T9G7, Q5U809",Eukaryota,Homo sapiens,9606,,,1,17,,,,,,,,,,,,,,,,,,,,,,,,,,,,,,,
P15509,400,P15509,"A7J003, A8KAM1, B4DW68, J3JS76, J3JS77, O00207, Q14429, Q14430, Q14431, Q16564",Eukaryota,Homo sapiens,9606,,,1,22,,321,346,ECO:0000255,,,,,,,,,,,,,,,,,,,,,,,,,,,
P81534,67,P81534,"Q8NFG6, Q9NPF6",Eukaryota,Homo sapiens,9606,,,1,22,ECO:0000269,,,,,,,,,,,,,,,,,,,,,,,,,,,,,,
P46168,62,P46168,Q5W5G8,Eukaryota,Bos taurus,9913,,,1,22,ECO:0000269,,,,,,,,,,,,,,,,,,,,,,,,,,,,,,
Q96HE7,468,Q96HE7,"A8K9X4, A8MYW1, Q7LD45, Q9P1Q9, Q9UKV6",Eukaryota,Homo sapiens,9606,,,1,23,ECO:0000269,,,,,,,,,,,,,,,,,,,,,,,,,,,,,,
P58499,235,P58499,,Eukaryota,Homo sapiens,9606,,,1,29,,,,,,,,,,,,,,,,,,,,,,,,,,,,,,,
Q9NWM8,211,Q9NWM8,,Eukaryota,Homo sapiens,9606,,,1,19,ECO:0000269,,,,,,,,,,,,,,,,,,,,,,,,,,,,,,
O18994,219,O18994,,Eukaryota,Sus scrofa,9823,,,1,21,ECO:0000269,,,,,,,,,,,,,,,,,,,,,,,,,,,,,,
P01908,254,P01909,"O19630, O19706, P01907, P01908, P04225, P04226, P05536, P79553, Q06751, Q29876, Q29994, Q2Q6Y6, Q2Q6Y7, Q2Q6Y8, Q2WCM3, Q30064, Q30067, Q30068, Q30070, Q30071, Q30072, Q30073, Q30086, Q30101, Q5Y7D5, Q5Y7F5, Q6ICU6, Q6PR46, Q6QDB1, Q860W2, Q860W4, Q9BD37, Q9TPM3, Q9UM31",Eukaryota,Homo sapiens,9606,,,1,23,ECO:0000269,217,239,ECO:0000255,,,,,,,,,,,,,,,,,,,,,,,,,,,
P20036,260,P20036,"A9YWH7, B9UKH4, O19722, O46883, P01905, P79554, Q2Q060, Q2Q061, Q5EY03, Q5STP1, Q6DQK4, Q9BCQ1, Q9TPX3, Q9XS10",Eukaryota,Homo sapiens,9606,,,1,28,,223,245,ECO:0000255,,,,,,,,,,,,,,,,,,,,,,,,,,,
P20040,264,P20040,,Eukaryota,Mus musculus,10090,,,1,26,,226,246,ECO:0000255,,,,,,,,,,,,,,,,,,,,,,,,,,,
P02790,462,P02790,B2R957,Eukaryota,Homo sapiens,9606,,,1,23,ECO:0000269,,,,,,,,,,,,,,,,,,,,,,,,,,,,,,
P01743,117,P01743,"A0A0B4J1V4, P06326, P80421",Eukaryota,Homo sapiens,9606,,,1,19,ECO:0000269,,,,,,,,,,,,,,,,,,,,,,,,,,,,,,
P01749,117,P01749,,Eukaryota,Mus musculus,10090,,,1,19,,,,,,,,,,,,,,,,,,,,,,,,,,,,,,,
P01806,116,P01806,,Eukaryota,Mus musculus,10090,,,1,18,,,,,,,,,,,,,,,,,,,,,,,,,,,,,,,
P22692,258,P22692,"A0N9W2, B4E351, Q5U012, Q9UCL6",Eukaryota,Homo sapiens,9606,,,1,21,ECO:0000269,,,,,,,,,,,,,,,,,,,,,,,,,,,,,,
P14778,569,P14778,Q587I7,Eukaryota,Homo sapiens,9606,,,1,17,,337,356,ECO:0000255,,,,,,,,,,,,,,,,,,,,,,,,,,,
P05113,134,P05113,Q13840,Eukaryota,Homo sapiens,9606,,,1,19,ECO:0000269,,,,,,,,,,,,,,,,,,,,,,,,,,,,,,
P05107,769,P05107,"B3KTS8, D3DSM1, Q16418, Q53HS5, Q9UD72",Eukaryota,Homo sapiens,9606,,,1,22,,701,723,ECO:0000255,,,,,,,,,,,,,,,,,,,,,,,,,,,
P01627,120,P01627,,Eukaryota,Mus musculus,10090,,,1,20,,,,,,,,,,,,,,,,,,,,,,,,,,,,,,,
P02756,180,P02756,,Eukaryota,Capra hircus,9925,,,1,18,ECO:0000269,,,,,,,,,,,,,,,,,,,,,,,,,,,,,,
P49256,356,P49256,,Eukaryota,Canis lupus familiaris,9615,,,1,44,ECO:0000269,323,345,ECO:0000255,,,,,,,,,,,,,,,,,,,,,,,,,,,
P01727,129,P01727,,Eukaryota,Mus musculus,10090,,,1,19,,,,,,,,,,,,,,,,,,,,,,,,,,,,,,,
P19788,104,P19788,"Q6LD77, Q8JZW0",Eukaryota,Mus musculus,10090,,,1,19,,,,,,,,,,,,,,,,,,,,,,,,,,,,,,,
P12872,115,P12872,"B7ZLR7, E9PDN2, J3KN51, Q2M1L2, Q5T975, Q6NSY7",Eukaryota,Homo sapiens,9606,,,1,25,ECO:0000269,,,,,,,,,,,,,,,,,,,,,,,,,,,,,,
P04939,184,P04939,"P97897, Q8VCG6",Eukaryota,Mus musculus,10090,,,1,22,,,,,,,,,,,,,,,,,,,,,,,,,,,,,,,
P17981,287,P17981,"O35278, Q0VB79, Q64173",Eukaryota,Mus musculus,10090,,,1,20,,,,,,,,,,,,,,,,,,,,,,,,,,,,,,,
P31096,278,P31096,"Q56NM9, Q8SPS6",Eukaryota,Bos taurus,9913,,,1,16,ECO:0000269,,,,,,,,,,,,,,,,,,,,,,,,,,,,,,
P01298,95,P01298,,Eukaryota,Homo sapiens,9606,,,1,29,,,,,,,,,,,,,,,,,,,,,,,,,,,,,,,
P04073,392,P04073,,Eukaryota,Rattus norvegicus,10116,,,1,16,ECO:0000269,,,,,,,,,,,,,,,,,,,,,,,,,,,,,,
P22437,602,P22437,,Eukaryota,Mus musculus,10090,,,1,26,,,,,,,,,,,,,,,,,,,,,,,,,,,,,,,
P02776,101,P02776,"Q53X61, Q9UC64, Q9UC65",Eukaryota,Homo sapiens,9606,,,1,31,ECO:0000269,,,,,,,,,,,,,,,,,,,,,,,,,,,,,,
P20918,812,P20918,"Q8CIS2, Q91WJ5",Eukaryota,Mus musculus,10090,,,1,19,ECO:0000250,,,,,,,,,,,,,,,,,,,,,,,,,,,,,,
P19111,533,P19111,Q28124,Eukaryota,Bos taurus,9913,,,1,19,ECO:0000269,,,,,,,,,,,,,,,,,,,,,,,,,,,,,,
P45478,306,P45478,A7YWB2,Eukaryota,Bos taurus,9913,,,1,27,ECO:0000269,,,,,,,,,,,,,,,,,,,,,,,,,,,,,,
P13727,222,P13727,"A6XMW0, B2R5I1, P81448, Q14227, Q6ICT2",Eukaryota,Homo sapiens,9606,,,1,16,ECO:0000269,,,,,,,,,,,,,,,,,,,,,,,,,,,,,,
Q5FWE3,981,Q5FWE3,"Q49AD0, Q6UXY6, Q8NBC9",Eukaryota,Homo sapiens,9606,,,1,27,ECO:0000269,475,495,ECO:0000255,502,522,ECO:0000255,543,563,ECO:0000255,571,591,ECO:0000255,599,619,ECO:0000255,639,659,ECO:0000255,680,700,ECO:0000255,,,,,,,,,
P10745,1247,P10745,"Q0QD34, Q5VSR0, Q8IXN0",Eukaryota,Homo sapiens,9606,,,1,17,ECO:0000269,,,,,,,,,,,,,,,,,,,,,,,,,,,,,,
P01242,217,P01242,"B1A4H5, B1A4H7, O14643, O14644, P09587",Eukaryota,Homo sapiens,9606,,,1,26,ECO:0000269,,,,,,,,,,,,,,,,,,,,,,,,,,,,,,
P23438,183,P23438,,Eukaryota,Canis lupus familiaris,9615,,,1,17,ECO:0000269,150,169,ECO:0000255,,,,,,,,,,,,,,,,,,,,,,,,,,,
P16531,132,P16531,,Eukaryota,Cavia porcellus,10141,,,1,14,ECO:0000269,,,,,,,,,,,,,,,,,,,,,,,,,,,,,,
P06322,134,P06322,,Eukaryota,Oryctolagus cuniculus,9986,,,1,20,,,,,,,,,,,,,,,,,,,,,,,,,,,,,,,
Q64550,535,Q64550,Q64635,Eukaryota,Rattus norvegicus,10116,,,1,29,ECO:0000269,493,509,ECO:0000255,,,,,,,,,,,,,,,,,,,,,,,,,,,
P02779,91,P02779,,Eukaryota,Oryctolagus cuniculus,9986,,,1,21,ECO:0000269,,,,,,,,,,,,,,,,,,,,,,,,,,,,,,
P48819,459,P48819,,Eukaryota,Sus scrofa,9823,,,1,19,ECO:0000269,,,,,,,,,,,,,,,,,,,,,,,,,,,,,,
O46655,132,O46655,O97559,Eukaryota,Sus scrofa,9823,,,1,19,ECO:0000269,,,,,,,,,,,,,,,,,,,,,,,,,,,,,,
P30456,365,P04439,"B1PKZ3, O02939, O02954, O02955, O02963, O19509, O19546, O19598, O19605, O19606, O19619, O19647, O19673, O19687, O19695, O19756, O19794, O19795, O43906, O43907, O46874, O62921, O62924, O77937, O77938, O77964, O78073, O78171, O98009, O98010, O98011, O98137, P01891, P01892, P05534, P06338, P10313, P10314, P10315, P10316, P13746, P16188, P16189, P16190, P18462, P30443, P30444, P30445, P30446, P30447, P30448, P30449, P30450, P30451, P30452, P30453, P30454, P30455, P30456, P30457, P30458, P30459, P30512, P30514, P79505, P79562, P79563, Q09160, Q29680, Q29747, Q29835, Q29837, Q29838, Q29899, Q29908, Q29909, Q29910, Q30208, Q31623, Q5S3G1, Q65A82, Q8MHM1, Q8MHN9, Q95352, Q95355, Q95362, Q95377, Q95380, Q95IZ5, Q9BCN0, Q9BD15, Q9BD19, Q9GJE6, Q9GJE7, Q9GJE8, Q9MW42, Q9MY89, Q9MYA3, Q9MYA5, Q9MYC4, Q9MYE6, Q9MYE9, Q9MYG4, Q9MYG5, Q9MYI5, Q9TP25, Q9TPQ3, Q9TPR8, Q9TPX8, Q9TPX9, Q9TPY0, Q9TQ24, Q9TQE8, Q9TQE9, Q9TQF1, Q9TQF5, Q9TQF8, Q9TQF9, Q9TQG0, Q9TQG5, Q9TQG7, Q9TQH5, Q9TQI3, Q9TQK5, Q9TQM6, Q9TQN5, Q9TQP5, Q9TQP6, Q9TQP7, Q9UIN1, Q9UIN2, Q9UIP7, Q9UQU3, Q9UQU6, Q9UQU7",Eukaryota,Homo sapiens,9606,,,1,24,ECO:0000269,309,332,ECO:0000255,,,,,,,,,,,,,,,,,,,,,,,,,,,
P30485,362,P01889,"A0A2I6Q7B5, B0V0B8, G3GN01, O02862, O02956, O02957, O02960, O19555, O19556, O19595, O19615, O19624, O19625, O19627, O19641, O19651, O19675, O19692, O19758, O19779, O19783, O46702, O62897, O62901, O62915, O62917, O62919, O77933, O77959, O78053, O78138, O78160, O78163, O78172, O78173, O78180, O78217, O95730, O98140, P01890, P03989, P10317, P10318, P10319, P10320, P18463, P18464, P18465, P19373, P30460, P30461, P30462, P30463, P30464, P30465, P30466, P30467, P30468, P30469, P30470, P30471, P30472, P30473, P30474, P30475, P30476, P30477, P30478, P30479, P30480, P30481, P30482, P30483, P30484, P30485, P30486, P30487, P30488, P30489, P30490, P30491, P30492, P30493, P30494, P30495, P30496, P30497, P30498, P30513, P30685, P79489, P79490, P79496, P79504, P79523, P79524, P79542, P79555, Q04826, Q08136, Q29633, Q29636, Q29638, Q29661, Q29665, Q29678, Q29679, Q29681, Q29693, Q29695, Q29697, Q29718, Q29742, Q29749, Q29762, Q29764, Q29829, Q29836, Q29842, Q29845, Q29846, Q29847, Q29848, Q29850, Q29851, Q29852, Q29854, Q29855, Q29857, Q29858, Q29861, Q29924, Q29925, Q29933, Q29935, Q29936, Q29940, Q29953, Q29961, Q29982, Q30173, Q30198, Q31603, Q31610, Q31612, Q31613, Q546L8, Q546M4, Q5JP37, Q5QT24, Q5RIP1, Q5SRJ2, Q5TK76, Q5TK77, Q860I4, Q861B5, Q8HWF0, Q8MGQ3, Q8MHN4, Q8SNC5, Q95343, Q95344, Q95365, Q95369, Q95392, Q95HA3, Q95HA8, Q95HM9, Q95IA6, Q95IB8, Q95IH5, Q95J00, Q96IT9, Q9BCM6, Q9BCM7, Q9BCM8, Q9BD06, Q9BD38, Q9BD43, Q9GIL3, Q9GIM3, Q9GIX1, Q9GIY5, Q9GIZ0, Q9GIZ9, Q9GJ00, Q9GJ17, Q9GJ20, Q9GJ23, Q9GJ31, Q9GJF0, Q9GJM7, Q9MX21, Q9MY37, Q9MY42, Q9MY43, Q9MY61, Q9MY75, Q9MY78, Q9MY79, Q9MY84, Q9MY92, Q9MY93, Q9MY94, Q9MYB8, Q9MYC3, Q9MYC7, Q9MYF4, Q9MYG1, Q9TP35, Q9TP36, Q9TP37, Q9TP95, Q9TPQ7, Q9TPQ9, Q9TPR2, Q9TPR4, Q9TPS6, Q9TPT2, Q9TPT4, Q9TPT6, Q9TPV2, Q9TQG1, Q9TQH3, Q9TQH6, Q9TQH7, Q9TQH8, Q9TQH9, Q9TQM2, Q9TQN4, Q9TQN6, Q9UQS8, Q9UQT0",Eukaryota,Homo sapiens,9606,,,1,24,ECO:0000269,310,333,ECO:0000255,,,,,,,,,,,,,,,,,,,,,,,,,,,
P10321,366,P10321,"O02863, O02864, O02865, O02866, O02958, O19505, O19652, O19676, O62879, O62882, O62883, O62888, O78060, O78061, O78062, O78063, O78067, O78068, O78069, O78072, O78083, O78090, O78091, O78149, O78165, O78166, O78178, O78202, O78203, O78211, O78214, P04222, P30499, P30500, P30501, P30502, P30503, P30504, P30505, P30506, P30507, P30508, P30509, P30510, P79498, Q07000, Q29631, Q29641, Q29643, Q29652, Q29743, Q29768, Q29862, Q29864, Q29865, Q29867, Q29921, Q29959, Q29960, Q29963, Q29986, Q29989, Q29990, Q29991, Q29992, Q29993, Q30192, Q31605, Q31627, Q860R1, Q860R2, Q95463, Q95603, Q95604, Q99528, Q9BD28, Q9GIK4, Q9GIK8, Q9GJ33, Q9MY30, Q9MY31, Q9MY35, Q9MY49, Q9MY74, Q9MYI3, Q9TNN7, Q9TNZ8, Q9TPS4, Q9TPV8, Q9TPX2, Q9TQB4, Q9TQJ5, Q9TQP9, Q9UM32, Q9UM33, Q9UM42, Q9UQS9",Eukaryota,Homo sapiens,9606,,,1,24,ECO:0000255,309,333,ECO:0000255,,,,,,,,,,,,,,,,,,,,,,,,,,,
P12961,212,P12961,"Q8CCZ3, Q9CYP0, Q9D2P6, Q9DB14",Eukaryota,Mus musculus,10090,,,1,26,ECO:0000269,,,,,,,,,,,,,,,,,,,,,,,,,,,,,,
P00689,508,P00689,,Eukaryota,Rattus norvegicus,10116,,,1,15,,,,,,,,,,,,,,,,,,,,,,,,,,,,,,,
P10152,148,P10152,Q9GKP9,Eukaryota,Bos taurus,9913,,,1,23,ECO:0000269,,,,,,,,,,,,,,,,,,,,,,,,,,,,,,
P14091,396,P14091,"Q5TZ01, Q5TZ02, Q9NY58, Q9UCE3, Q9UCE4",Eukaryota,Homo sapiens,9606,,,1,19,ECO:0000269,,,,,,,,,,,,,,,,,,,,,,,,,,,,,,
P15085,419,P15085,"A4D1M1, Q53XU0, Q9BS67, Q9UCF2",Eukaryota,Homo sapiens,9606,,,1,16,ECO:0000269,,,,,,,,,,,,,,,,,,,,,,,,,,,,,,
O00175,119,O00175,B2R5K2,Eukaryota,Homo sapiens,9606,,,1,26,ECO:0000269,,,,,,,,,,,,,,,,,,,,,,,,,,,,,,
Q28270,389,Q28270,,Eukaryota,Canis lupus familiaris,9615,,,1,33,ECO:0000269,295,315,ECO:0000255,,,,,,,,,,,,,,,,,,,,,,,,,,,
P18438,167,P18438,,Eukaryota,Ovis aries,9940,,,1,21,,101,121,ECO:0000255,,,,,,,,,,,,,,,,,,,,,,,,,,,
Q86T13,490,Q86T13,"Q695G9, Q6PWT6, Q8N5V5",Eukaryota,Homo sapiens,9606,,,1,21,ECO:0000269,398,418,ECO:0000255,,,,,,,,,,,,,,,,,,,,,,,,,,,
P10645,457,P10645,"B2R9E9, Q53FA8, Q6NR84, Q96E84, Q96GL7, Q9BQB5",Eukaryota,Homo sapiens,9606,,,1,18,ECO:0000269,,,,,,,,,,,,,,,,,,,,,,,,,,,,,,
P12387,1666,P12387,,Eukaryota,Cavia porcellus,10141,,,1,22,ECO:0000269,,,,,,,,,,,,,,,,,,,,,,,,,,,,,,
P07360,202,P07360,"Q14CT8, Q14CU0, Q5SQ07",Eukaryota,Homo sapiens,9606,,,1,20,,,,,,,,,,,,,,,,,,,,,,,,,,,,,,,
P09603,554,P09603,"A8K6J5, Q13130, Q14086, Q14806, Q5VVF3, Q5VVF4, Q9UQR8",Eukaryota,Homo sapiens,9606,,,1,32,ECO:0000269,497,517,ECO:0000255,,,,,,,,,,,,,,,,,,,,,,,,,,,
P13611,3396,P13611,"P20754, Q13010, Q13189, Q15123, Q9UCL9, Q9UNW5",Eukaryota,Homo sapiens,9606,,,1,20,ECO:0000269,,,,,,,,,,,,,,,,,,,,,,,,,,,,,,
P07338,263,P07338,,Eukaryota,Rattus norvegicus,10116,,,1,18,,,,,,,,,,,,,,,,,,,,,,,,,,,,,,,
P08174,381,P08174,"B1AP14, D3DT83, D3DT84, E7ER69, P09679, P78361, Q14UF2, Q14UF3, Q14UF4, Q14UF5, Q14UF6",Eukaryota,Homo sapiens,9606,,,1,34,ECO:0000269,,,,,,,,,,,,,,,,,,,,,,,,,,,,,,
P22412,409,P22412,,Eukaryota,Sus scrofa,9823,,,1,16,ECO:0000269,,,,,,,,,,,,,,,,,,,,,,,,,,,,,,
Q63010,561,Q63010,"Q6AYA3, Q9QUX6",Eukaryota,Rattus norvegicus,10116,,,1,18,ECO:0000269,,,,,,,,,,,,,,,,,,,,,,,,,,,,,,
P20489,250,P20489,E9QLR4,Eukaryota,Mus musculus,10090,,,1,23,,205,223,ECO:0000255,,,,,,,,,,,,,,,,,,,,,,,,,,,
P97515,348,P97515,,Eukaryota,Meriones unguiculatus,10047,,,1,18,ECO:0000269,,,,,,,,,,,,,,,,,,,,,,,,,,,,,,
P22455,802,P22455,"G3JVM2, G3JVM5, G3JVM7, G3JVM9, O43785, Q14309, Q71TW8, Q8TDA0, Q96KE5",Eukaryota,Homo sapiens,9606,,,1,21,ECO:0000269,370,390,ECO:0000255,,,,,,,,,,,,,,,,,,,,,,,,,,,
P02672,615,P02672,"O97642, Q3T049",Eukaryota,Bos taurus,9913,,,1,19,ECO:0000269,,,,,,,,,,,,,,,,,,,,,,,,,,,,,,
P07093,398,P07093,"B2R6A4, B4DIF2, Q53S15, Q5D0C4",Eukaryota,Homo sapiens,9606,,,1,19,ECO:0000269,,,,,,,,,,,,,,,,,,,,,,,,,,,,,,
P13224,206,P13224,"Q14422, Q8NG40",Eukaryota,Homo sapiens,9606,,,1,25,ECO:0000269,148,172,ECO:0000255,,,,,,,,,,,,,,,,,,,,,,,,,,,
Q92643,395,Q92643,"B2R7K3, B4E2M3, O14822, Q5TG77",Eukaryota,Homo sapiens,9606,,,1,27,"ECO:0000269, ECO:0007744",369,385,"ECO:0000269, ECO:0000312",,,,,,,,,,,,,,,,,,,,,,,,,,,
P01915,264,P01915,,Eukaryota,Mus musculus,10090,,,1,31,,226,248,ECO:0000255,,,,,,,,,,,,,,,,,,,,,,,,,,,
P05538,268,P05538,"A6NIA5, Q29826, Q29870, Q29871, Q29872, Q29873, Q5SR06",Eukaryota,Homo sapiens,9606,,,1,32,,230,250,ECO:0000255,,,,,,,,,,,,,,,,,,,,,,,,,,,
P15515,57,P15515,,Eukaryota,Homo sapiens,9606,,,1,19,ECO:0000269,,,,,,,,,,,,,,,,,,,,,,,,,,,,,,
P18533,117,P18533,,Eukaryota,Mus musculus,10090,,,1,18,ECO:0000255,,,,,,,,,,,,,,,,,,,,,,,,,,,,,,
P08069,1367,P08069,"B1B5Y2, Q14CV2, Q9UCC0",Eukaryota,Homo sapiens,9606,,,1,30,ECO:0000269,936,959,ECO:0000255,,,,,,,,,,,,,,,,,,,,,,,,,,,
P01344,180,P01344,"B3KX48, B7WP08, C9JAF2, E3UN45, P78449, Q14299, Q1WM26, Q9UC68, Q9UC69",Eukaryota,Homo sapiens,9606,,,1,24,ECO:0000269,,,,,,,,,,,,,,,,,,,,,,,,,,,,,,
Q9UHD0,177,Q9UHD0,"B6VEV9, Q5VUT3, Q96QR4, Q9NUA0",Eukaryota,Homo sapiens,9606,,,1,24,ECO:0000269,,,,,,,,,,,,,,,,,,,,,,,,,,,,,,
P05231,212,P05231,"Q9UCU2, Q9UCU3, Q9UCU4",Eukaryota,Homo sapiens,9606,,,1,29,ECO:0000269,,,,,,,,,,,,,,,,,,,,,,,,,,,,,,
P07995,425,P07995,A0JN81,Eukaryota,Bos taurus,9913,,,1,20,,,,,,,,,,,,,,,,,,,,,,,,,,,,,,,
P15208,1372,P15208,F8VPU4,Eukaryota,Mus musculus,10090,,,1,27,,947,967,ECO:0000255,,,,,,,,,,,,,,,,,,,,,,,,,,,
Q14624,930,Q14624,"B7Z545, E9PGN5, Q15135, Q9P190, Q9UQ54",Eukaryota,Homo sapiens,9606,,,1,28,ECO:0000269,,,,,,,,,,,,,,,,,,,,,,,,,,,,,,
P03952,638,P03952,"A6NH96, B2R8H9, Q17RE8, Q17RE9, Q4W5C3",Eukaryota,Homo sapiens,9606,,,1,19,,,,,,,,,,,,,,,,,,,,,,,,,,,,,,,
P01601,117,P01601,A0A0B4J1Z3,Eukaryota,Homo sapiens,9606,,,1,22,ECO:0000255,,,,,,,,,,,,,,,,,,,,,,,,,,,,,,
P01642,115,P01642,,Eukaryota,Mus musculus,10090,,,1,20,,,,,,,,,,,,,,,,,,,,,,,,,,,,,,,
P18137,141,P18137,,Eukaryota,Sus scrofa,9823,,,1,19,ECO:0000269,,,,,,,,,,,,,,,,,,,,,,,,,,,,,,
P11047,1609,P11047,Q5VYE7,Eukaryota,Homo sapiens,9606,,,1,33,,,,,,,,,,,,,,,,,,,,,,,,,,,,,,,
P17777,202,P17777,,Eukaryota,Rattus norvegicus,10116,,,1,22,ECO:0000250,,,,,,,,,,,,,,,,,,,,,,,,,,,,,,
P29183,461,P29183,,Eukaryota,Equus caballus,9796,,,1,12,,,,,,,,,,,,,,,,,,,,,,,,,,,,,,,
P01723,117,P01723,,Eukaryota,Mus musculus,10090,,,1,20,,,,,,,,,,,,,,,,,,,,,,,,,,,,,,,
P11226,248,P11226,"Q4VB12, Q4VB13, Q4VB14, Q5SQS3, Q86SI4, Q96KE4, Q96TF7, Q96TF8, Q96TF9",Eukaryota,Homo sapiens,9606,,,1,20,ECO:0000269,,,,,,,,,,,,,,,,,,,,,,,,,,,,,,
P11588,180,P11588,Q61921,Eukaryota,Mus musculus,10090,,,1,18,,,,,,,,,,,,,,,,,,,,,,,,,,,,,,,
P01177,125,P01177,,Eukaryota,Sus scrofa,9823,,,1,19,ECO:0000269,,,,,,,,,,,,,,,,,,,,,,,,,,,,,,
P80964,130,P80964,O46615,Eukaryota,Sus scrofa,9823,,,1,25,ECO:0000269,,,,,,,,,,,,,,,,,,,,,,,,,,,,,,
P22005,268,P22005,Q68G73,Eukaryota,Mus musculus,10090,,,1,24,,,,,,,,,,,,,,,,,,,,,,,,,,,,,,,
P01832,773,P01832,,Eukaryota,Oryctolagus cuniculus,9986,,,1,18,,648,670,ECO:0000255,,,,,,,,,,,,,,,,,,,,,,,,,,,
P23907,256,P23907,"Q5ECG0, Q6V638, Q6V654, Q712V9, Q712W2, Q712W3, Q7JGT4",Eukaryota,Ovis aries,9940,,,1,24,,,,,,,,,,,,,,,,,,,,,,,,,,,,,,,
P01236,227,P01236,"Q15199, Q92996",Eukaryota,Homo sapiens,9606,,,1,28,ECO:0000269,,,,,,,,,,,,,,,,,,,,,,,,,,,,,,
P00684,152,P00684,,Eukaryota,Rattus norvegicus,10116,,,1,25,ECO:0000269,,,,,,,,,,,,,,,,,,,,,,,,,,,,,,
P81608,191,P81608,Q9N0K0,Eukaryota,Sus scrofa,9823,,,1,16,ECO:0000269,,,,,,,,,,,,,,,,,,,,,,,,,,,,,,
P20826,273,P20826,"P97332, Q3TNJ7, Q62524, Q64222, Q921N5",Eukaryota,Mus musculus,10090,,,1,25,ECO:0000269,215,237,ECO:0000255,,,,,,,,,,,,,,,,,,,,,,,,,,,
Q6XE38,83,Q6XE38,A1L4Q8,Eukaryota,Homo sapiens,9606,,,1,21,ECO:0000269,,,,,,,,,,,,,,,,,,,,,,,,,,,,,,
P05995,396,P05995,,Eukaryota,Cavia porcellus,10141,,,1,21,,,,,,,,,,,,,,,,,,,,,,,,,,,,,,,
Q9XSC9,432,Q9XSC9,"Q0V8P0, Q1RMV8, Q58CR7, Q58DL8, Q9TR25",Eukaryota,Bos taurus,9913,,,1,18,ECO:0000269,,,,,,,,,,,,,,,,,,,,,,,,,,,,,,
Q07654,80,Q07654,"A0A0A6YYJ4, E9PBB5, Q96NX0, Q9UDA5",Eukaryota,Homo sapiens,9606,,,1,21,ECO:0000269,,,,,,,,,,,,,,,,,,,,,,,,,,,,,,
P01033,207,P01033,"Q14252, Q9UCU1",Eukaryota,Homo sapiens,9606,,,1,23,ECO:0000269,,,,,,,,,,,,,,,,,,,,,,,,,,,,,,
O15455,904,O15455,"B2RAI7, B7Z7K0, E6Y0F0, E6Y0F1, E9PGH4, Q4VAL2, Q504W0",Eukaryota,Homo sapiens,9606,,,1,23,ECO:0000269,705,725,ECO:0000255,,,,,,,,,,,,,,,,,,,,,,,,,,,
P25119,474,P25119,"O88734, P97893",Eukaryota,Mus musculus,10090,,,1,22,,259,288,ECO:0000255,,,,,,,,,,,,,,,,,,,,,,,,,,,
P02788,710,P02788,"A8K9U8, B2MV13, B7Z4X2, E7EQH5, O00756, Q16780, Q16785, Q16786, Q16789, Q5DSM0, Q8IU92, Q8IZH6, Q8TCD2, Q96KZ4, Q96KZ5, Q9H1Z3, Q9UCY5",Eukaryota,Homo sapiens,9606,,,1,19,ECO:0000269,,,,,,,,,,,,,,,,,,,,,,,,,,,,,,
P07146,246,P07146,,Eukaryota,Mus musculus,10090,,,1,15,,,,,,,,,,,,,,,,,,,,,,,,,,,,,,,
P98066,277,P98066,"Q53TI7, Q8WWI9",Eukaryota,Homo sapiens,9606,,,1,17,ECO:0000269,,,,,,,,,,,,,,,,,,,,,,,,,,,,,,
P81827,101,P81827,Q53ZD7,Eukaryota,Rattus norvegicus,10116,,,1,21,ECO:0000269,,,,,,,,,,,,,,,,,,,,,,,,,,,,,,
P17948,1338,P17948,"A3E342, A3E344, A8KA71, B0LPF1, B2BF46, B2BF47, B2BF48, B3FR89, B5A923, F5H5L6, O60722, P16057, Q12954",Eukaryota,Homo sapiens,9606,,,1,26,ECO:0000269,759,780,ECO:0000255,,,,,,,,,,,,,,,,,,,,,,,,,,,
P01891,365,P04439,"B1PKZ3, O02939, O02954, O02955, O02963, O19509, O19546, O19598, O19605, O19606, O19619, O19647, O19673, O19687, O19695, O19756, O19794, O19795, O43906, O43907, O46874, O62921, O62924, O77937, O77938, O77964, O78073, O78171, O98009, O98010, O98011, O98137, P01891, P01892, P05534, P06338, P10313, P10314, P10315, P10316, P13746, P16188, P16189, P16190, P18462, P30443, P30444, P30445, P30446, P30447, P30448, P30449, P30450, P30451, P30452, P30453, P30454, P30455, P30456, P30457, P30458, P30459, P30512, P30514, P79505, P79562, P79563, Q09160, Q29680, Q29747, Q29835, Q29837, Q29838, Q29899, Q29908, Q29909, Q29910, Q30208, Q31623, Q5S3G1, Q65A82, Q8MHM1, Q8MHN9, Q95352, Q95355, Q95362, Q95377, Q95380, Q95IZ5, Q9BCN0, Q9BD15, Q9BD19, Q9GJE6, Q9GJE7, Q9GJE8, Q9MW42, Q9MY89, Q9MYA3, Q9MYA5, Q9MYC4, Q9MYE6, Q9MYE9, Q9MYG4, Q9MYG5, Q9MYI5, Q9TP25, Q9TPQ3, Q9TPR8, Q9TPX8, Q9TPX9, Q9TPY0, Q9TQ24, Q9TQE8, Q9TQE9, Q9TQF1, Q9TQF5, Q9TQF8, Q9TQF9, Q9TQG0, Q9TQG5, Q9TQG7, Q9TQH5, Q9TQI3, Q9TQK5, Q9TQM6, Q9TQN5, Q9TQP5, Q9TQP6, Q9TQP7, Q9UIN1, Q9UIN2, Q9UIP7, Q9UQU3, Q9UQU6, Q9UQU7",Eukaryota,Homo sapiens,9606,,,1,24,ECO:0000269,309,332,ECO:0000255,,,,,,,,,,,,,,,,,,,,,,,,,,,
P30487,362,P01889,"A0A2I6Q7B5, B0V0B8, G3GN01, O02862, O02956, O02957, O02960, O19555, O19556, O19595, O19615, O19624, O19625, O19627, O19641, O19651, O19675, O19692, O19758, O19779, O19783, O46702, O62897, O62901, O62915, O62917, O62919, O77933, O77959, O78053, O78138, O78160, O78163, O78172, O78173, O78180, O78217, O95730, O98140, P01890, P03989, P10317, P10318, P10319, P10320, P18463, P18464, P18465, P19373, P30460, P30461, P30462, P30463, P30464, P30465, P30466, P30467, P30468, P30469, P30470, P30471, P30472, P30473, P30474, P30475, P30476, P30477, P30478, P30479, P30480, P30481, P30482, P30483, P30484, P30485, P30486, P30487, P30488, P30489, P30490, P30491, P30492, P30493, P30494, P30495, P30496, P30497, P30498, P30513, P30685, P79489, P79490, P79496, P79504, P79523, P79524, P79542, P79555, Q04826, Q08136, Q29633, Q29636, Q29638, Q29661, Q29665, Q29678, Q29679, Q29681, Q29693, Q29695, Q29697, Q29718, Q29742, Q29749, Q29762, Q29764, Q29829, Q29836, Q29842, Q29845, Q29846, Q29847, Q29848, Q29850, Q29851, Q29852, Q29854, Q29855, Q29857, Q29858, Q29861, Q29924, Q29925, Q29933, Q29935, Q29936, Q29940, Q29953, Q29961, Q29982, Q30173, Q30198, Q31603, Q31610, Q31612, Q31613, Q546L8, Q546M4, Q5JP37, Q5QT24, Q5RIP1, Q5SRJ2, Q5TK76, Q5TK77, Q860I4, Q861B5, Q8HWF0, Q8MGQ3, Q8MHN4, Q8SNC5, Q95343, Q95344, Q95365, Q95369, Q95392, Q95HA3, Q95HA8, Q95HM9, Q95IA6, Q95IB8, Q95IH5, Q95J00, Q96IT9, Q9BCM6, Q9BCM7, Q9BCM8, Q9BD06, Q9BD38, Q9BD43, Q9GIL3, Q9GIM3, Q9GIX1, Q9GIY5, Q9GIZ0, Q9GIZ9, Q9GJ00, Q9GJ17, Q9GJ20, Q9GJ23, Q9GJ31, Q9GJF0, Q9GJM7, Q9MX21, Q9MY37, Q9MY42, Q9MY43, Q9MY61, Q9MY75, Q9MY78, Q9MY79, Q9MY84, Q9MY92, Q9MY93, Q9MY94, Q9MYB8, Q9MYC3, Q9MYC7, Q9MYF4, Q9MYG1, Q9TP35, Q9TP36, Q9TP37, Q9TP95, Q9TPQ7, Q9TPQ9, Q9TPR2, Q9TPR4, Q9TPS6, Q9TPT2, Q9TPT4, Q9TPT6, Q9TPV2, Q9TQG1, Q9TQH3, Q9TQH6, Q9TQH7, Q9TQH8, Q9TQH9, Q9TQM2, Q9TQN4, Q9TQN6, Q9UQS8, Q9UQT0",Eukaryota,Homo sapiens,9606,,,1,24,ECO:0000269,310,333,ECO:0000255,,,,,,,,,,,,,,,,,,,,,,,,,,,
P30508,366,P10321,"O02863, O02864, O02865, O02866, O02958, O19505, O19652, O19676, O62879, O62882, O62883, O62888, O78060, O78061, O78062, O78063, O78067, O78068, O78069, O78072, O78083, O78090, O78091, O78149, O78165, O78166, O78178, O78202, O78203, O78211, O78214, P04222, P30499, P30500, P30501, P30502, P30503, P30504, P30505, P30506, P30507, P30508, P30509, P30510, P79498, Q07000, Q29631, Q29641, Q29643, Q29652, Q29743, Q29768, Q29862, Q29864, Q29865, Q29867, Q29921, Q29959, Q29960, Q29963, Q29986, Q29989, Q29990, Q29991, Q29992, Q29993, Q30192, Q31605, Q31627, Q860R1, Q860R2, Q95463, Q95603, Q95604, Q99528, Q9BD28, Q9GIK4, Q9GIK8, Q9GJ33, Q9MY30, Q9MY31, Q9MY35, Q9MY49, Q9MY74, Q9MYI3, Q9TNN7, Q9TNZ8, Q9TPS4, Q9TPV8, Q9TPX2, Q9TQB4, Q9TQJ5, Q9TQP9, Q9UM32, Q9UM33, Q9UM42, Q9UQS9",Eukaryota,Homo sapiens,9606,,,1,24,ECO:0000255,309,333,ECO:0000255,,,,,,,,,,,,,,,,,,,,,,,,,,,
P01165,207,P01165,,Eukaryota,Sus scrofa,9823,,,1,22,ECO:0000269,,,,,,,,,,,,,,,,,,,,,,,,,,,,,,
P00687,511,P00687,Q921Y7,Eukaryota,Mus musculus,10090,,,1,15,ECO:0000269,,,,,,,,,,,,,,,,,,,,,,,,,,,,,,
P04639,259,P04639,"O08877, O09054, Q5EBB2",Eukaryota,Rattus norvegicus,10116,,,1,18,ECO:0000269,,,,,,,,,,,,,,,,,,,,,,,,,,,,,,
P02654,83,P02654,"B2R526, Q6IB97",Eukaryota,Homo sapiens,9606,,,1,26,ECO:0000269,,,,,,,,,,,,,,,,,,,,,,,,,,,,,,
Q01339,345,Q01339,,Eukaryota,Mus musculus,10090,,,1,19,,,,,,,,,,,,,,,,,,,,,,,,,,,,,,,
P53634,463,P53634,"A8K7V2, B5MDD5, Q2HIY8, Q53G93, Q71E75, Q71E76, Q7M4N9, Q7Z3G7, Q7Z5U7, Q8WY99, Q8WYA7, Q8WYA8",Eukaryota,Homo sapiens,9606,,,1,24,ECO:0000269,,,,,,,,,,,,,,,,,,,,,,,,,,,,,,
P09954,419,P09954,Q9TV85,Eukaryota,Sus scrofa,9823,,,1,16,ECO:0000269,,,,,,,,,,,,,,,,,,,,,,,,,,,,,,
P10252,240,P10252,,Eukaryota,Rattus norvegicus,10116,,,1,22,,,,,,,,,,,,,,,,,,,,,,,,,,,,,,,
P04404,446,P04404,,Eukaryota,Sus scrofa,9823,,,1,16,,,,,,,,,,,,,,,,,,,,,,,,,,,,,,,
P01024,1663,P01024,A7E236,Eukaryota,Homo sapiens,9606,,,1,22,ECO:0000269,,,,,,,,,,,,,,,,,,,,,,,,,,,,,,
P19090,112,P19090,,Eukaryota,Canis lupus familiaris,9615,,,1,17,,,,,,,,,,,,,,,,,,,,,,,,,,,,,,,
P31430,410,P31430,Q6IN35,Eukaryota,Rattus norvegicus,10116,,,1,16,ECO:0000250,,,,,,,,,,,,,,,,,,,,,,,,,,,,,,
Q9UNE0,448,Q9UNE0,"B2R9H2, B4DLC5, D3DX74, E9PC98, Q52LL5, Q9UND9",Eukaryota,Homo sapiens,9606,,,1,26,ECO:0000269,188,208,ECO:0000255,,,,,,,,,,,,,,,,,,,,,,,,,,,
P98172,346,P98172,D3DVU0,Eukaryota,Homo sapiens,9606,,,1,27,ECO:0000269,238,258,ECO:0000255,,,,,,,,,,,,,,,,,,,,,,,,,,,
Q29143,102,Q29143,,Eukaryota,Trichosurus vulpecula,9337,,,1,20,ECO:0000269,,,,,,,,,,,,,,,,,,,,,,,,,,,,,,
Q04962,603,Q04962,,Eukaryota,Cavia porcellus,10141,,,1,18,ECO:0000269,,,,,,,,,,,,,,,,,,,,,,,,,,,,,,
O70165,334,O70165,,Eukaryota,Mus musculus,10090,,,1,17,ECO:0000269,,,,,,,,,,,,,,,,,,,,,,,,,,,,,,
P36980,270,P36980,"Q14310, Q5T9T1",Eukaryota,Homo sapiens,9606,,,1,18,ECO:0000269,,,,,,,,,,,,,,,,,,,,,,,,,,,,,,
P02675,491,P02675,"A0JLR9, B2R7G3, Q32Q65, Q3KPF2",Eukaryota,Homo sapiens,9606,,,1,30,ECO:0000269,,,,,,,,,,,,,,,,,,,,,,,,,,,,,,
P02751,2477,P02751,"B7ZLF0, E9PE77, E9PG29, O95609, O95610, Q14312, Q14325, Q14326, Q17RV7, Q53S27, Q564H7, Q585T2, Q59EH1, Q60FE4, Q68DP8, Q68DP9, Q68DT4, Q6LDP6, Q6MZS0, Q6MZU5, Q6N025, Q6N0A6, Q7Z391, Q86T27, Q8IVI8, Q96KP7, Q96KP8, Q96KP9, Q9H1B8, Q9HAP3, Q9UMK2",Eukaryota,Homo sapiens,9606,,,1,31,ECO:0000269,,,,,,,,,,,,,,,,,,,,,,,,,,,,,,
P01228,129,P01228,Q3LRP6,Eukaryota,Sus scrofa,9823,,,1,20,ECO:0000269,,,,,,,,,,,,,,,,,,,,,,,,,,,,,,
Q62867,317,Q62867,,Eukaryota,Rattus norvegicus,10116,,,1,24,ECO:0000269,,,,,,,,,,,,,,,,,,,,,,,,,,,,,,
O08795,521,O08795,Q921X2,Eukaryota,Mus musculus,10090,,,1,14,ECO:0000269,,,,,,,,,,,,,,,,,,,,,,,,,,,,,,
P01805,142,P01805,,Eukaryota,Rattus norvegicus,10116,,,1,19,,,,,,,,,,,,,,,,,,,,,,,,,,,,,,,
P15473,292,P15473,,Eukaryota,Rattus norvegicus,10116,,,1,27,ECO:0000269,,,,,,,,,,,,,,,,,,,,,,,,,,,,,,
P34953,81,P34953,,Eukaryota,Macaca fascicularis,9541,,,1,21,,,,,,,,,,,,,,,,,,,,,,,,,,,,,,,
P08514,1039,P08514,"B2RCY8, O95366, Q14443, Q17R67",Eukaryota,Homo sapiens,9606,,,1,31,ECO:0000269,994,1019,ECO:0000255,,,,,,,,,,,,,,,,,,,,,,,,,,,
Q9JI59,298,Q9JI59,"A6X955, Q8C5K9, Q8CE95",Eukaryota,Mus musculus,10090,,,1,28,ECO:0000269,237,257,ECO:0000255,,,,,,,,,,,,,,,,,,,,,,,,,,,
P15948,259,P15948,,Eukaryota,Mus musculus,10090,,,1,17,,,,,,,,,,,,,,,,,,,,,,,,,,,,,,,
P14272,638,P14272,,Eukaryota,Rattus norvegicus,10116,,,1,19,,,,,,,,,,,,,,,,,,,,,,,,,,,,,,,
P01602,117,P01602,"A0A075B6S8, P01596, P01598, P01604",Eukaryota,Homo sapiens,9606,,,1,22,ECO:0000269,,,,,,,,,,,,,,,,,,,,,,,,,,,,,,
P06310,120,P06310,A0A075B6S3,Eukaryota,Homo sapiens,9606,,,1,20,ECO:0000255,,,,,,,,,,,,,,,,,,,,,,,,,,,,,,
P02754,178,P02754,Q32P89,Eukaryota,Bos taurus,9913,,,1,16,ECO:0000269,,,,,,,,,,,,,,,,,,,,,,,,,,,,,,
P00714,159,P00714,P00715,Eukaryota,Rattus norvegicus,10116,,,1,19,ECO:0000269,,,,,,,,,,,,,,,,,,,,,,,,,,,,,,
O88917,1515,O88917,"O09026, O35818, O88916",Eukaryota,Rattus norvegicus,10116,,,1,24,ECO:0000269,858,878,ECO:0000255,893,913,ECO:0000255,920,940,ECO:0000255,965,985,ECO:0000255,1002,1022,ECO:0000255,1050,1070,ECO:0000255,1075,1095,ECO:0000255,,,,,,,,,
P01231,141,P01231,,Eukaryota,Ovis aries,9940,,,1,20,ECO:0000269,,,,,,,,,,,,,,,,,,,,,,,,,,,,,,
P06319,117,P01721,"A0A075B6I2, P01722, P06317, P06318, P06319",Eukaryota,Homo sapiens,9606,,,1,19,ECO:0000269,,,,,,,,,,,,,,,,,,,,,,,,,,,,,,
P04421,147,P04421,,Eukaryota,Bos taurus,9913,,,1,18,ECO:0000269,,,,,,,,,,,,,,,,,,,,,,,,,,,,,,
Q96DR8,90,Q96DR8,"Q0VG95, Q32ZB5",Eukaryota,Homo sapiens,9606,,,1,20,ECO:0000269,,,,,,,,,,,,,,,,,,,,,,,,,,,,,,
P11589,180,P11589,Q99JF6,Eukaryota,Mus musculus,10090,,,1,18,,,,,,,,,,,,,,,,,,,,,,,,,,,,,,,
P17050,411,P17050,,Eukaryota,Homo sapiens,9606,,,1,17,ECO:0000269,,,,,,,,,,,,,,,,,,,,,,,,,,,,,,
Q9Z0J8,348,Q9Z0J8,,Eukaryota,Rattus norvegicus,10116,,,1,31,ECO:0000269,,,,,,,,,,,,,,,,,,,,,,,,,,,,,,
P01179,125,P01179,Q53WU2,Eukaryota,Rattus norvegicus,10116,,,1,19,ECO:0000269,,,,,,,,,,,,,,,,,,,,,,,,,,,,,,
P01304,76,P01304,Q9N0M5,Eukaryota,Sus scrofa,9823,,,1,9,ECO:0000269,,,,,,,,,,,,,,,,,,,,,,,,,,,,,,
Q9UKZ9,415,Q9UKZ9,"B2RCH9, D3DNG4, Q9BRH3",Eukaryota,Homo sapiens,9606,,,1,23,ECO:0000269,,,,,,,,,,,,,,,,,,,,,,,,,,,,,,
P01213,254,P01213,A8K0Q3,Eukaryota,Homo sapiens,9606,,,1,20,,,,,,,,,,,,,,,,,,,,,,,,,,,,,,,
Q8VCS0,530,Q8VCS0,"Q8K4I8, Q9QXZ1, Q9QXZ2",Eukaryota,Mus musculus,10090,,,1,22,ECO:0000269,,,,,,,,,,,,,,,,,,,,,,,,,,,,,,
P04156,253,P04156,"O60489, P78446, Q15216, Q15221, Q27H91, Q5QPB4, Q8TBG0, Q96E70, Q9UP19",Eukaryota,Homo sapiens,9606,,,1,22,ECO:0000250,,,,,,,,,,,,,,,,,,,,,,,,,,,,,,
P04280,392,P04280,"G5E9X6, Q08805, Q15186, Q15187, Q15214, Q15215, Q16038",Eukaryota,Homo sapiens,9606,,,1,16,ECO:0000269,,,,,,,,,,,,,,,,,,,,,,,,,,,,,,
P24717,130,P24717,,Eukaryota,Cricetulus griseus,10029,,,1,6,,,,,,,,,,,,,,,,,,,,,,,,,,,,,,,
P04918,122,P04918,Q62201,Eukaryota,Mus musculus,10090,,,1,18,ECO:0000255,,,,,,,,,,,,,,,,,,,,,,,,,,,,,,
P06908,248,P06908,,Eukaryota,Canis lupus familiaris,9615,,,1,17,ECO:0000269,,,,,,,,,,,,,,,,,,,,,,,,,,,,,,
P55000,103,P55000,"Q53YJ6, Q6PUA6, Q92483",Eukaryota,Homo sapiens,9606,,,1,22,ECO:0000269,,,,,,,,,,,,,,,,,,,,,,,,,,,,,,
Q3UN54,99,Q3UN54,,Eukaryota,Mus musculus,10090,,,1,21,ECO:0000269,,,,,,,,,,,,,,,,,,,,,,,,,,,,,,
Q9P246,746,Q9P246,"A6H8L7, B7ZVY0, Q96BF1, Q9BQH2, Q9H8R1",Eukaryota,Homo sapiens,9606,,,1,14,ECO:0000269,219,235,ECO:0000255,,,,,,,,,,,,,,,,,,,,,,,,,,,
P12032,205,P12032,"P20064, Q61720",Eukaryota,Mus musculus,10090,,,1,24,,,,,,,,,,,,,,,,,,,,,,,,,,,,,,,
Q9NQ34,198,Q9NQ34,Q7Z649,Eukaryota,Homo sapiens,9606,,,1,33,ECO:0000269,105,125,ECO:0000255,,,,,,,,,,,,,,,,,,,,,,,,,,,
O95407,300,O95407,,Eukaryota,Homo sapiens,9606,,,1,29,ECO:0000269,,,,,,,,,,,,,,,,,,,,,,,,,,,,,,
P14632,704,P14632,Q29557,Eukaryota,Sus scrofa,9823,,,1,19,ECO:0000269,,,,,,,,,,,,,,,,,,,,,,,,,,,,,,
P04436,116,A0A0A6YYK7,P04436,Eukaryota,Homo sapiens,9606,,,1,21,ECO:0000255,,,,,,,,,,,,,,,,,,,,,,,,,,,,,,
P04004,478,P04004,"B2R7G0, P01141, Q9BSH7",Eukaryota,Homo sapiens,9606,,,1,19,ECO:0000269,,,,,,,,,,,,,,,,,,,,,,,,,,,,,,
P04275,2813,P04275,"Q8TCE8, Q99806",Eukaryota,Homo sapiens,9606,,,1,22,ECO:0000269,,,,,,,,,,,,,,,,,,,,,,,,,,,,,,
P18462,365,P04439,"B1PKZ3, O02939, O02954, O02955, O02963, O19509, O19546, O19598, O19605, O19606, O19619, O19647, O19673, O19687, O19695, O19756, O19794, O19795, O43906, O43907, O46874, O62921, O62924, O77937, O77938, O77964, O78073, O78171, O98009, O98010, O98011, O98137, P01891, P01892, P05534, P06338, P10313, P10314, P10315, P10316, P13746, P16188, P16189, P16190, P18462, P30443, P30444, P30445, P30446, P30447, P30448, P30449, P30450, P30451, P30452, P30453, P30454, P30455, P30456, P30457, P30458, P30459, P30512, P30514, P79505, P79562, P79563, Q09160, Q29680, Q29747, Q29835, Q29837, Q29838, Q29899, Q29908, Q29909, Q29910, Q30208, Q31623, Q5S3G1, Q65A82, Q8MHM1, Q8MHN9, Q95352, Q95355, Q95362, Q95377, Q95380, Q95IZ5, Q9BCN0, Q9BD15, Q9BD19, Q9GJE6, Q9GJE7, Q9GJE8, Q9MW42, Q9MY89, Q9MYA3, Q9MYA5, Q9MYC4, Q9MYE6, Q9MYE9, Q9MYG4, Q9MYG5, Q9MYI5, Q9TP25, Q9TPQ3, Q9TPR8, Q9TPX8, Q9TPX9, Q9TPY0, Q9TQ24, Q9TQE8, Q9TQE9, Q9TQF1, Q9TQF5, Q9TQF8, Q9TQF9, Q9TQG0, Q9TQG5, Q9TQG7, Q9TQH5, Q9TQI3, Q9TQK5, Q9TQM6, Q9TQN5, Q9TQP5, Q9TQP6, Q9TQP7, Q9UIN1, Q9UIN2, Q9UIP7, Q9UQU3, Q9UQU6, Q9UQU7",Eukaryota,Homo sapiens,9606,,,1,24,ECO:0000269,309,332,ECO:0000255,,,,,,,,,,,,,,,,,,,,,,,,,,,
P18463,362,P01889,"A0A2I6Q7B5, B0V0B8, G3GN01, O02862, O02956, O02957, O02960, O19555, O19556, O19595, O19615, O19624, O19625, O19627, O19641, O19651, O19675, O19692, O19758, O19779, O19783, O46702, O62897, O62901, O62915, O62917, O62919, O77933, O77959, O78053, O78138, O78160, O78163, O78172, O78173, O78180, O78217, O95730, O98140, P01890, P03989, P10317, P10318, P10319, P10320, P18463, P18464, P18465, P19373, P30460, P30461, P30462, P30463, P30464, P30465, P30466, P30467, P30468, P30469, P30470, P30471, P30472, P30473, P30474, P30475, P30476, P30477, P30478, P30479, P30480, P30481, P30482, P30483, P30484, P30485, P30486, P30487, P30488, P30489, P30490, P30491, P30492, P30493, P30494, P30495, P30496, P30497, P30498, P30513, P30685, P79489, P79490, P79496, P79504, P79523, P79524, P79542, P79555, Q04826, Q08136, Q29633, Q29636, Q29638, Q29661, Q29665, Q29678, Q29679, Q29681, Q29693, Q29695, Q29697, Q29718, Q29742, Q29749, Q29762, Q29764, Q29829, Q29836, Q29842, Q29845, Q29846, Q29847, Q29848, Q29850, Q29851, Q29852, Q29854, Q29855, Q29857, Q29858, Q29861, Q29924, Q29925, Q29933, Q29935, Q29936, Q29940, Q29953, Q29961, Q29982, Q30173, Q30198, Q31603, Q31610, Q31612, Q31613, Q546L8, Q546M4, Q5JP37, Q5QT24, Q5RIP1, Q5SRJ2, Q5TK76, Q5TK77, Q860I4, Q861B5, Q8HWF0, Q8MGQ3, Q8MHN4, Q8SNC5, Q95343, Q95344, Q95365, Q95369, Q95392, Q95HA3, Q95HA8, Q95HM9, Q95IA6, Q95IB8, Q95IH5, Q95J00, Q96IT9, Q9BCM6, Q9BCM7, Q9BCM8, Q9BD06, Q9BD38, Q9BD43, Q9GIL3, Q9GIM3, Q9GIX1, Q9GIY5, Q9GIZ0, Q9GIZ9, Q9GJ00, Q9GJ17, Q9GJ20, Q9GJ23, Q9GJ31, Q9GJF0, Q9GJM7, Q9MX21, Q9MY37, Q9MY42, Q9MY43, Q9MY61, Q9MY75, Q9MY78, Q9MY79, Q9MY84, Q9MY92, Q9MY93, Q9MY94, Q9MYB8, Q9MYC3, Q9MYC7, Q9MYF4, Q9MYG1, Q9TP35, Q9TP36, Q9TP37, Q9TP95, Q9TPQ7, Q9TPQ9, Q9TPR2, Q9TPR4, Q9TPS6, Q9TPT2, Q9TPT4, Q9TPT6, Q9TPV2, Q9TQG1, Q9TQH3, Q9TQH6, Q9TQH7, Q9TQH8, Q9TQH9, Q9TQM2, Q9TQN4, Q9TQN6, Q9UQS8, Q9UQT0",Eukaryota,Homo sapiens,9606,,,1,24,ECO:0000269,310,333,ECO:0000255,,,,,,,,,,,,,,,,,,,,,,,,,,,
P17475,411,P17475,Q6AYZ5,Eukaryota,Rattus norvegicus,10116,,,1,24,ECO:0000269,,,,,,,,,,,,,,,,,,,,,,,,,,,,,,
P12820,1306,P12820,"F1MQJ0, Q0GA41",Eukaryota,Bos taurus,9913,,,1,28,ECO:0000269,1257,1277,ECO:0000255,,,,,,,,,,,,,,,,,,,,,,,,,,,
Q3Y5Z3,240,Q3Y5Z3,"A5D7A8, Q95MQ4",Eukaryota,Bos taurus,9913,,,1,17,ECO:0000269,,,,,,,,,,,,,,,,,,,,,,,,,,,,,,
P35318,185,P35318,"B2R793, D3DQV3, Q6FGW2",Eukaryota,Homo sapiens,9606,,,1,21,ECO:0000250,,,,,,,,,,,,,,,,,,,,,,,,,,,,,,
P45561,189,P45561,,Eukaryota,Sus scrofa,9823,,,1,16,ECO:0000269,,,,,,,,,,,,,,,,,,,,,,,,,,,,,,
P01160,151,P01160,"Q13766, Q5JZE1",Eukaryota,Homo sapiens,9606,,,1,25,ECO:0000250,,,,,,,,,,,,,,,,,,,,,,,,,,,,,,
P02651,391,P02651,Q5BK92,Eukaryota,Rattus norvegicus,10116,,,1,20,,,,,,,,,,,,,,,,,,,,,,,,,,,,,,,
P02650,312,P02650,,Eukaryota,Rattus norvegicus,10116,,,1,18,ECO:0000255,,,,,,,,,,,,,,,,,,,,,,,,,,,,,,
Q02247,95,Q02247,,Eukaryota,Oryctolagus cuniculus,9986,,,1,20,,,,,,,,,,,,,,,,,,,,,,,,,,,,,,,
P12265,648,P12265,"Q61601, Q64473, Q64474, Q6IR10",Eukaryota,Mus musculus,10090,,,1,22,,,,,,,,,,,,,,,,,,,,,,,,,,,,,,,
O00478,584,O00478,"B4DWI7, E9PCP5",Eukaryota,Homo sapiens,9606,,,1,29,ECO:0000269,249,269,ECO:0000255,,,,,,,,,,,,,,,,,,,,,,,,,,,
Q9R100,827,Q9R100,,Eukaryota,Mus musculus,10090,,,1,25,ECO:0000269,787,807,ECO:0000255,,,,,,,,,,,,,,,,,,,,,,,,,,,
P27797,417,P27797,"Q6IAT4, Q9UDG2",Eukaryota,Homo sapiens,9606,,,1,17,"ECO:0000269, ECO:0007744",,,,,,,,,,,,,,,,,,,,,,,,,,,,,,
P20160,251,P20160,"P80014, Q52LG4, Q9UCM1, Q9UCT5",Eukaryota,Homo sapiens,9606,,,1,19,ECO:0000269,,,,,,,,,,,,,,,,,,,,,,,,,,,,,,
P15086,417,P15086,"O60834, Q53XJ0, Q96BQ8",Eukaryota,Homo sapiens,9606,,,1,15,ECO:0000269,,,,,,,,,,,,,,,,,,,,,,,,,,,,,,
O89093,97,O89093,Q9Z1X3,Eukaryota,Mus musculus,10090,,,1,27,ECO:0000269,,,,,,,,,,,,,,,,,,,,,,,,,,,,,,
P33681,288,P33681,"Q5DTA9, Q5DTB0",Eukaryota,Homo sapiens,9606,,,1,34,ECO:0000269,243,263,ECO:0000255,,,,,,,,,,,,,,,,,,,,,,,,,,,
O35744,398,O35744,"P70201, Q3U462, Q3UV87, Q61201",Eukaryota,Mus musculus,10090,,,1,21,ECO:0000269,,,,,,,,,,,,,,,,,,,,,,,,,,,,,,
P06276,602,P06276,A8K7P8,Eukaryota,Homo sapiens,9606,,,1,28,ECO:0000269,,,,,,,,,,,,,,,,,,,,,,,,,,,,,,
P21180,760,P21180,O70350,Eukaryota,Mus musculus,10090,,,1,18,ECO:0000250,,,,,,,,,,,,,,,,,,,,,,,,,,,,,,
P08572,1712,P08572,"Q14052, Q548C3, Q5VZA9, Q66K23",Eukaryota,Homo sapiens,9606,,,1,25,,,,,,,,,,,,,,,,,,,,,,,,,,,,,,,
P02775,128,P02775,"B2R5F3, Q6IBJ8",Eukaryota,Homo sapiens,9606,,,1,34,ECO:0000269,,,,,,,,,,,,,,,,,,,,,,,,,,,,,,
P00774,271,P00774,,Eukaryota,Rattus norvegicus,10116,,,1,16,,,,,,,,,,,,,,,,,,,,,,,,,,,,,,,
P14625,803,P14625,Q96A97,Eukaryota,Homo sapiens,9606,,,1,21,"ECO:0000269, ECO:0007744",,,,,,,,,,,,,,,,,,,,,,,,,,,,,,
P81623,258,P81623,Q17QC3,Eukaryota,Bos taurus,9913,,,1,29,ECO:0000269,,,,,,,,,,,,,,,,,,,,,,,,,,,,,,
P01220,120,P01220,,Eukaryota,Equus caballus,9796,,,1,24,,,,,,,,,,,,,,,,,,,,,,,,,,,,,,,
P15421,78,P15421,D3DNZ5,Eukaryota,Homo sapiens,9606,,,1,19,,53,73,ECO:0000255,,,,,,,,,,,,,,,,,,,,,,,,,,,
P04225,254,P01909,"O19630, O19706, P01907, P01908, P04225, P04226, P05536, P79553, Q06751, Q29876, Q29994, Q2Q6Y6, Q2Q6Y7, Q2Q6Y8, Q2WCM3, Q30064, Q30067, Q30068, Q30070, Q30071, Q30072, Q30073, Q30086, Q30101, Q5Y7D5, Q5Y7F5, Q6ICU6, Q6PR46, Q6QDB1, Q860W2, Q860W4, Q9BD37, Q9TPM3, Q9UM31",Eukaryota,Homo sapiens,9606,,,1,23,ECO:0000269,217,239,ECO:0000255,,,,,,,,,,,,,,,,,,,,,,,,,,,
P06865,529,P06865,"B4DKE7, E7ENH7, Q53HS8, Q6AI32",Eukaryota,Homo sapiens,9606,,,1,22,"ECO:0000269, ECO:0000305",,,,,,,,,,,,,,,,,,,,,,,,,,,,,,
P30511,346,P30511,"Q5JQI8, Q5JQJ1, Q5SPT5, Q860R0, Q8MGQ1, Q8WLP5, Q95HC0, Q9TP68",Eukaryota,Homo sapiens,9606,,,1,21,ECO:0000255,306,329,ECO:0000255,,,,,,,,,,,,,,,,,,,,,,,,,,,
P18524,117,P18524,,Eukaryota,Mus musculus,10090,,,1,19,,,,,,,,,,,,,,,,,,,,,,,,,,,,,,,
P05011,192,P05011,,Eukaryota,Rattus norvegicus,10116,,,1,23,,,,,,,,,,,,,,,,,,,,,,,,,,,,,,,
P01578,186,P01578,,Eukaryota,Bos taurus,9913,,,1,21,ECO:0000255,,,,,,,,,,,,,,,,,,,,,,,,,,,,,,
Q9NYY1,176,Q9NYY1,"Q17RB3, Q2THG6, Q96QZ6",Eukaryota,Homo sapiens,9606,,,1,24,ECO:0000269,,,,,,,,,,,,,,,,,,,,,,,,,,,,,,
P01586,166,P01586,,Eukaryota,Mus musculus,10090,,,1,26,,,,,,,,,,,,,,,,,,,,,,,,,,,,,,,
P10168,154,P10168,,Eukaryota,Mus musculus,10090,,,1,25,,,,,,,,,,,,,,,,,,,,,,,,,,,,,,,
P01326,110,P01326,,Eukaryota,Mus musculus,10090,,,1,24,ECO:0000269,,,,,,,,,,,,,,,,,,,,,,,,,,,,,,
P01329,110,P01329,,Eukaryota,Cavia porcellus,10141,,,1,24,ECO:0000269,,,,,,,,,,,,,,,,,,,,,,,,,,,,,,
P00757,256,P00757,,Eukaryota,Mus musculus,10090,,,1,17,ECO:0000269,,,,,,,,,,,,,,,,,,,,,,,,,,,,,,
Q96I82,304,Q96I82,"D3DR74, Q6ZMB1, Q9BQ73",Eukaryota,Homo sapiens,9606,,,1,30,ECO:0000269,,,,,,,,,,,,,,,,,,,,,,,,,,,,,,
P49862,253,P49862,"A8K0U5, Q8N5N9, Q8NFV7",Eukaryota,Homo sapiens,9606,,,1,22,ECO:0000269,,,,,,,,,,,,,,,,,,,,,,,,,,,,,,
P18135,116,P01619,"A0A0B4J1Z6, P01620, P01621, P01622, P01623, P04206, P06311, P18135, P18136",Eukaryota,Homo sapiens,9606,,,1,20,ECO:0000269,,,,,,,,,,,,,,,,,,,,,,,,,,,,,,
P06315,115,P06315,,Eukaryota,Homo sapiens,9606,,,1,20,ECO:0000255,,,,,,,,,,,,,,,,,,,,,,,,,,,,,,
P17047,415,P17047,"A2A430, Q3TXG5, Q8BSG8",Eukaryota,Mus musculus,10090,,,1,25,,380,404,ECO:0000255,,,,,,,,,,,,,,,,,,,,,,,,,,,
P51884,338,P51884,"B2R6R5, Q96QM7",Eukaryota,Homo sapiens,9606,,,1,18,,,,,,,,,,,,,,,,,,,,,,,,,,,,,,,
P21941,496,P21941,"B2R7E3, Q5TBB9",Eukaryota,Homo sapiens,9606,,,1,22,,,,,,,,,,,,,,,,,,,,,,,,,,,,,,,
P15119,244,P15119,,Eukaryota,Mus musculus,10090,,,1,18,,,,,,,,,,,,,,,,,,,,,,,,,,,,,,,
Q16674,131,Q16674,Q6FHV3,Eukaryota,Homo sapiens,9606,,,1,24,ECO:0000269,,,,,,,,,,,,,,,,,,,,,,,,,,,,,,
P55067,1257,P55067,,Eukaryota,Rattus norvegicus,10116,,,1,22,,,,,,,,,,,,,,,,,,,,,,,,,,,,,,,
P01175,125,P01175,"A5PJ78, P01188",Eukaryota,Bos taurus,9913,,,1,19,ECO:0000269,,,,,,,,,,,,,,,,,,,,,,,,,,,,,,
P48745,357,P48745,"B2R5X7, Q6I9S3, Q96BY5, Q9UDE4",Eukaryota,Homo sapiens,9606,,,1,31,ECO:0000269,,,,,,,,,,,,,,,,,,,,,,,,,,,,,,
Q63373,468,Q63373,,Eukaryota,Rattus norvegicus,10116,,,1,46,ECO:0000269,392,414,ECO:0000255,,,,,,,,,,,,,,,,,,,,,,,,,,,
P27773,505,P27773,"Q3TEI9, Q3TIL2, Q3UZK8, Q8C2F4, Q99LF6",Eukaryota,Mus musculus,10090,,,1,24,ECO:0000269,,,,,,,,,,,,,,,,,,,,,,,,,,,,,,
Q3TCN2,594,Q3TCN2,"Q3TD43, Q3TPP8, Q8BHG8, Q8BMB6, Q8BXI3, Q8C0M4, Q8R0V3, Q9DBG4, Q9EQI9",Eukaryota,Mus musculus,10090,,,1,46,,,,,,,,,,,,,,,,,,,,,,,,,,,,,,,
P24158,256,P24158,"P15637, P18078, Q4VB08, Q4VB09, Q6LBM7, Q6LBN2, Q9UD25, Q9UQD8",Eukaryota,Homo sapiens,9606,,,1,25,,,,,,,,,,,,,,,,,,,,,,,,,,,,,,,
P22057,189,P22057,,Eukaryota,Rattus norvegicus,10116,,,1,24,ECO:0000269,,,,,,,,,,,,,,,,,,,,,,,,,,,,,,
P21782,168,P21782,"P20157, Q3SZU1",Eukaryota,Bos taurus,9913,,,1,32,ECO:0000269,,,,,,,,,,,,,,,,,,,,,,,,,,,,,,
P00797,406,P00797,"Q6FI38, Q6T5C2",Eukaryota,Homo sapiens,9606,,,1,23,ECO:0000269,,,,,,,,,,,,,,,,,,,,,,,,,,,,,,
Q9BZR6,473,Q9BZR6,D3DX28,Eukaryota,Homo sapiens,9606,,,1,26,ECO:0000269,,,,,,,,,,,,,,,,,,,,,,,,,,,,,,
Q92765,325,Q92765,"O00181, Q99686",Eukaryota,Homo sapiens,9606,,,1,32,ECO:0000269,,,,,,,,,,,,,,,,,,,,,,,,,,,,,,
P01245,216,P01245,,Eukaryota,Equus caballus,9796,,,1,26,ECO:0000269,,,,,,,,,,,,,,,,,,,,,,,,,,,,,,
P08723,279,P08723,,Eukaryota,Rattus norvegicus,10116,,,1,17,,,,,,,,,,,,,,,,,,,,,,,,,,,,,,,
P04155,84,P04155,,Eukaryota,Homo sapiens,9606,,,1,24,ECO:0000269,,,,,,,,,,,,,,,,,,,,,,,,,,,,,,
P04216,161,P04216,"Q16008, Q9NSP1",Eukaryota,Homo sapiens,9606,,,1,19,,,,,,,,,,,,,,,,,,,,,,,,,,,,,,,
P01374,205,P01374,"Q8N4C3, Q9UKS8",Eukaryota,Homo sapiens,9606,,,1,34,,,,,,,,,,,,,,,,,,,,,,,,,,,,,,,
P07477,247,P07477,"A1A509, A6NJ71, B2R5I5, Q5NV57, Q7M4N3, Q7M4N4, Q92955, Q9HAN4, Q9HAN5, Q9HAN6, Q9HAN7",Eukaryota,Homo sapiens,9606,,,1,15,ECO:0000269,,,,,,,,,,,,,,,,,,,,,,,,,,,,,,
P01222,138,P01222,"B1AKP0, Q16163",Eukaryota,Homo sapiens,9606,,,1,20,ECO:0000269,,,,,,,,,,,,,,,,,,,,,,,,,,,,,,
P06324,132,P06324,,Eukaryota,Mus musculus,10090,,,1,18,,,,,,,,,,,,,,,,,,,,,,,,,,,,,,,
P30466,362,P01889,"A0A2I6Q7B5, B0V0B8, G3GN01, O02862, O02956, O02957, O02960, O19555, O19556, O19595, O19615, O19624, O19625, O19627, O19641, O19651, O19675, O19692, O19758, O19779, O19783, O46702, O62897, O62901, O62915, O62917, O62919, O77933, O77959, O78053, O78138, O78160, O78163, O78172, O78173, O78180, O78217, O95730, O98140, P01890, P03989, P10317, P10318, P10319, P10320, P18463, P18464, P18465, P19373, P30460, P30461, P30462, P30463, P30464, P30465, P30466, P30467, P30468, P30469, P30470, P30471, P30472, P30473, P30474, P30475, P30476, P30477, P30478, P30479, P30480, P30481, P30482, P30483, P30484, P30485, P30486, P30487, P30488, P30489, P30490, P30491, P30492, P30493, P30494, P30495, P30496, P30497, P30498, P30513, P30685, P79489, P79490, P79496, P79504, P79523, P79524, P79542, P79555, Q04826, Q08136, Q29633, Q29636, Q29638, Q29661, Q29665, Q29678, Q29679, Q29681, Q29693, Q29695, Q29697, Q29718, Q29742, Q29749, Q29762, Q29764, Q29829, Q29836, Q29842, Q29845, Q29846, Q29847, Q29848, Q29850, Q29851, Q29852, Q29854, Q29855, Q29857, Q29858, Q29861, Q29924, Q29925, Q29933, Q29935, Q29936, Q29940, Q29953, Q29961, Q29982, Q30173, Q30198, Q31603, Q31610, Q31612, Q31613, Q546L8, Q546M4, Q5JP37, Q5QT24, Q5RIP1, Q5SRJ2, Q5TK76, Q5TK77, Q860I4, Q861B5, Q8HWF0, Q8MGQ3, Q8MHN4, Q8SNC5, Q95343, Q95344, Q95365, Q95369, Q95392, Q95HA3, Q95HA8, Q95HM9, Q95IA6, Q95IB8, Q95IH5, Q95J00, Q96IT9, Q9BCM6, Q9BCM7, Q9BCM8, Q9BD06, Q9BD38, Q9BD43, Q9GIL3, Q9GIM3, Q9GIX1, Q9GIY5, Q9GIZ0, Q9GIZ9, Q9GJ00, Q9GJ17, Q9GJ20, Q9GJ23, Q9GJ31, Q9GJF0, Q9GJM7, Q9MX21, Q9MY37, Q9MY42, Q9MY43, Q9MY61, Q9MY75, Q9MY78, Q9MY79, Q9MY84, Q9MY92, Q9MY93, Q9MY94, Q9MYB8, Q9MYC3, Q9MYC7, Q9MYF4, Q9MYG1, Q9TP35, Q9TP36, Q9TP37, Q9TP95, Q9TPQ7, Q9TPQ9, Q9TPR2, Q9TPR4, Q9TPS6, Q9TPT2, Q9TPT4, Q9TPT6, Q9TPV2, Q9TQG1, Q9TQH3, Q9TQH6, Q9TQH7, Q9TQH8, Q9TQH9, Q9TQM2, Q9TQN4, Q9TQN6, Q9UQS8, Q9UQT0",Eukaryota,Homo sapiens,9606,,,1,24,ECO:0000269,310,333,ECO:0000255,,,,,,,,,,,,,,,,,,,,,,,,,,,
P01010,409,P01010,,Eukaryota,Papio anubis,9555,,,1,15,,,,,,,,,,,,,,,,,,,,,,,,,,,,,,,
P06728,395,P06728,Q91XF8,Eukaryota,Mus musculus,10090,,,1,20,,,,,,,,,,,,,,,,,,,,,,,,,,,,,,,
P18650,317,P18650,O19099,Eukaryota,Sus scrofa,9823,,,1,18,ECO:0000269,,,,,,,,,,,,,,,,,,,,,,,,,,,,,,
P15169,458,P15169,B1AP59,Eukaryota,Homo sapiens,9606,,,1,20,ECO:0000269,,,,,,,,,,,,,,,,,,,,,,,,,,,,,,
P10747,220,P10747,"A8KAC1, Q13964, Q52M23, Q70WG0, Q8NI54, Q8NI55, Q8NI56, Q8WXJ2, Q9BYV0",Eukaryota,Homo sapiens,9606,,,1,18,,153,179,ECO:0000255,,,,,,,,,,,,,,,,,,,,,,,,,,,
P29020,164,P24161,"P29020, Q9D3G3",Eukaryota,Mus musculus,10090,,,1,21,,31,51,ECO:0000255,,,,,,,,,,,,,,,,,,,,,,,,,,,
P04157,1273,P04157,,Eukaryota,Rattus norvegicus,10116,,,1,23,,547,567,ECO:0000255,,,,,,,,,,,,,,,,,,,,,,,,,,,
P15530,228,P15530,Q4FJP4,Eukaryota,Mus musculus,10090,,,1,25,,159,180,ECO:0000255,,,,,,,,,,,,,,,,,,,,,,,,,,,
P10300,213,P10300,"Q31127, Q60966, Q61811",Eukaryota,Mus musculus,10090,,,1,21,,176,196,ECO:0000255,,,,,,,,,,,,,,,,,,,,,,,,,,,
P19835,753,P19835,"Q16398, Q5T7U7, Q9UCH1, Q9UP41",Eukaryota,Homo sapiens,9606,,,1,20,ECO:0000269,,,,,,,,,,,,,,,,,,,,,,,,,,,,,,
P06684,1680,P06684,A2AS36,Eukaryota,Mus musculus,10090,,,1,18,,,,,,,,,,,,,,,,,,,,,,,,,,,,,,,
P48747,557,P48747,,Eukaryota,Oryctolagus cuniculus,9986,,,1,21,ECO:0000269,236,243,ECO:0000250,270,277,ECO:0000250,379,386,ECO:0000250,387,395,ECO:0000250,,,,,,,,,,,,,,,,,,
P24387,322,P24387,"Q53F32, Q6FHT5",Eukaryota,Homo sapiens,9606,,,1,24,ECO:0000305,,,,,,,,,,,,,,,,,,,,,,,,,,,,,,
P14847,225,P14847,E9PZ20,Eukaryota,Mus musculus,10090,,,1,19,,,,,,,,,,,,,,,,,,,,,,,,,,,,,,,
P80221,112,P80221,"A5PJH0, Q9GKP5",Eukaryota,Bos taurus,9913,,,1,36,ECO:0000269,,,,,,,,,,,,,,,,,,,,,,,,,,,,,,
O55038,109,O55038,,Eukaryota,Mus musculus,10090,,,1,21,ECO:0000269,,,,,,,,,,,,,,,,,,,,,,,,,,,,,,
P59666,94,P59666,"P11479, Q14125",Eukaryota,Homo sapiens,9606,,,1,19,,,,,,,,,,,,,,,,,,,,,,,,,,,,,,,
P46163,64,P46163,O97533,Eukaryota,Bos taurus,9913,,,1,22,ECO:0000269,,,,,,,,,,,,,,,,,,,,,,,,,,,,,,
P00533,1210,P00533,"O00688, O00732, P06268, Q14225, Q68GS5, Q92795, Q9BZS2, Q9GZX1, Q9H2C9, Q9H3C9, Q9UMD7, Q9UMD8, Q9UMG5",Eukaryota,Homo sapiens,9606,,,1,24,ECO:0000269,646,668,ECO:0000255,,,,,,,,,,,,,,,,,,,,,,,,,,,
P08217,269,P08217,"B2R5I4, Q14243",Eukaryota,Homo sapiens,9606,,,1,16,,,,,,,,,,,,,,,,,,,,,,,,,,,,,,,
P23141,567,P23141,"A6NIM1, A8K3K8, A8K844, E9PAU8, P82127, Q00015, Q13657, Q14062, Q16737, Q16788, Q549X7, Q549X8, Q86UK2, Q96EE8, Q9UC52, Q9UDG8, Q9UK77, Q9ULY2",Eukaryota,Homo sapiens,9606,,,1,17,ECO:0000269,,,,,,,,,,,,,,,,,,,,,,,,,,,,,,
P02771,609,P02771,B2RBU3,Eukaryota,Homo sapiens,9606,,,1,18,ECO:0000269,,,,,,,,,,,,,,,,,,,,,,,,,,,,,,
P21803,821,P21803,"O55141, Q00389, Q61342",Eukaryota,Mus musculus,10090,,,1,21,,378,398,ECO:0000255,,,,,,,,,,,,,,,,,,,,,,,,,,,
O95633,263,O95633,A8K7E3,Eukaryota,Homo sapiens,9606,,,1,26,ECO:0000269,,,,,,,,,,,,,,,,,,,,,,,,,,,,,,
O60565,184,O60565,"Q52LV3, Q8N914, Q8N936",Eukaryota,Homo sapiens,9606,,,1,24,ECO:0000269,,,,,,,,,,,,,,,,,,,,,,,,,,,,,,
P14431,200,P14431,,Eukaryota,Mus musculus,10090,,,1,21,,,,,,,,,,,,,,,,,,,,,,,,,,,,,,,
P04224,255,P04224,,Eukaryota,Mus musculus,10090,,,1,25,,217,242,ECO:0000255,,,,,,,,,,,,,,,,,,,,,,,,,,,
P18469,264,P18469,,Eukaryota,Mus musculus,10090,,,1,31,,226,248,ECO:0000255,,,,,,,,,,,,,,,,,,,,,,,,,,,
P13747,358,P13747,"E2G051, Q30169, Q6DU44, Q9BT83, Q9GIY7, Q9GIY8",Eukaryota,Homo sapiens,9606,,,1,21,ECO:0000255,306,329,ECO:0000255,,,,,,,,,,,,,,,,,,,,,,,,,,,
Q64385,432,Q64385,"A2AMS4, Q6NSQ0",Eukaryota,Mus musculus,10090,,,1,23,ECO:0000269,373,393,ECO:0000255,,,,,,,,,,,,,,,,,,,,,,,,,,,
P35572,226,P35572,Q499W1,Eukaryota,Rattus norvegicus,10116,,,1,25,ECO:0000269,,,,,,,,,,,,,,,,,,,,,,,,,,,,,,
P01562,190,A0A087WWS6,"D4Q9M8, P01562, Q14605, Q2M1L8, Q52LB8, Q5VYQ2, Q7M4Q1, Q8WZ68, Q9UMJ3",Eukaryota,Homo sapiens,9606,,,1,24,ECO:0000255,,,,,,,,,,,,,,,,,,,,,,,,,,,,,,
P29460,328,P29460,,Eukaryota,Homo sapiens,9606,,,1,22,ECO:0000269,,,,,,,,,,,,,,,,,,,,,,,,,,,,,,
P08700,152,P08700,Q6GS87,Eukaryota,Homo sapiens,9606,,,1,19,,,,,,,,,,,,,,,,,,,,,,,,,,,,,,,
P07750,140,P07750,,Eukaryota,Mus musculus,10090,,,1,20,,,,,,,,,,,,,,,,,,,,,,,,,,,,,,,
P16872,459,P16872,Q9R0C1,Eukaryota,Mus musculus,10090,,,1,20,,240,264,ECO:0000255,,,,,,,,,,,,,,,,,,,,,,,,,,,
O77801,132,O77801,Q3T065,Eukaryota,Bos taurus,9913,,,1,21,ECO:0000269,,,,,,,,,,,,,,,,,,,,,,,,,,,,,,
P04433,115,P04433,,Eukaryota,Homo sapiens,9606,,,1,20,ECO:0000255,,,,,,,,,,,,,,,,,,,,,,,,,,,,,,
P06314,121,P06312,"P01625, P06313, P06314, P83593",Eukaryota,Homo sapiens,9606,,,1,20,ECO:0000269,,,,,,,,,,,,,,,,,,,,,,,,,,,,,,
Q05443,342,Q05443,Q3T0T2,Eukaryota,Bos taurus,9913,,,1,18,ECO:0000269,,,,,,,,,,,,,,,,,,,,,,,,,,,,,,
P01728,117,P01728,,Eukaryota,Mus musculus,10090,,,1,19,,,,,,,,,,,,,,,,,,,,,,,,,,,,,,,
P11034,246,P11034,,Eukaryota,Mus musculus,10090,,,1,18,,,,,,,,,,,,,,,,,,,,,,,,,,,,,,,
P15529,392,P15529,"A0T1T0, A0T1T1, A0T1T2, Q15429, Q53GV9, Q5HY94, Q5VWS6, Q5VWS7, Q5VWS8, Q5VWS9, Q5VWT0, Q5VWT1, Q5VWT2, Q6N0A1, Q7Z3R5, Q9NNW2, Q9NNW3, Q9NNW4, Q9UCJ4",Eukaryota,Homo sapiens,9606,,,1,34,ECO:0000269,344,366,ECO:0000255,,,,,,,,,,,,,,,,,,,,,,,,,,,
Q29983,383,Q29983,"A8KQR0, A9LRW5, A9QVE0, B1VJF1, O60917, O60918, O60919, O60920, O60933, O77956, O78150, O78151, O78152, O78153, O97987, O97988, O97989, O97990, O97991, O97992, O97993, O97994, O97995, O98234, O98235, O98236, O98237, O98238, P79506, P79507, P79508, P79509, P79510, P79511, P79512, P79513, P79514, P79515, P79516, P79517, P79518, P79519, P79520, P79521, Q5C9P8, Q5XM81, Q70I48, Q70I49, Q7JFH9, Q7JFI0, Q7JFI1, Q7JFI2, Q7YQ98, Q861I1, Q95464, Q95HA2, Q95HD6, Q95HN4, Q95HN5, Q95HN6, Q95IB2, Q95IY7, Q99692, Q9BCR3, Q9BCR4, Q9BCR5, Q9BCR6, Q9BCR7, Q9BCR8, Q9BCR9, Q9BCS0, Q9BCS1, Q9BCS2, Q9BCS3, Q9BCS4, Q9BD20, Q9GIZ1, Q9GIZ2, Q9GIZ3, Q9GIZ4, Q9GIZ5, Q9GIZ6, Q9GJ01, Q9GJ02, Q9GJ03, Q9GJ04, Q9GJ05, Q9GJ06, Q9GJ07, Q9GJ08, Q9GJ09, Q9MY21, Q9TQ86, Q9TQ87, Q9TQ88, Q9TQ89, Q9TQ92, Q9TQ93, Q9TQ94, Q9TQ95, Q9TQ96, Q9TQ97, Q9TQ98, Q9TQ99, Q9TQA0, Q9TQA1, Q9TQA2, Q9TQA3, Q9TQA4, Q9TQI9, Q9TQJ0, Q9TQJ1, Q9TQJ9, Q9TQK0, Q9TQK1, Q9TQK2, Q9TQK8, Q9TQK9, Q9TQL0, Q9TQL1, Q9TQL2, Q9TQL3, Q9TQL4, Q9UE04, Q9UE05, Q9UE06, Q9UE11",Eukaryota,Homo sapiens,9606,,,1,23,,308,328,ECO:0000255,,,,,,,,,,,,,,,,,,,,,,,,,,,
Q63372,1530,Q63372,,Eukaryota,Rattus norvegicus,10116,,,1,30,ECO:0000269,1455,1475,ECO:0000255,,,,,,,,,,,,,,,,,,,,,,,,,,,
P11834,345,P11834,,Eukaryota,Bos taurus,9913,,,1,27,,,,,,,,,,,,,,,,,,,,,,,,,,,,,,,
Q29381,439,Q29381,Q9GL02,Eukaryota,Sus scrofa,9823,,,1,25,ECO:0000269,411,430,ECO:0000255,,,,,,,,,,,,,,,,,,,,,,,,,,,
Q96FE7,263,Q96FE7,"B4DRR9, D1MEI0, O00318, Q49A94, Q86YW2, Q8NCJ9",Eukaryota,Homo sapiens,9606,,,1,21,ECO:0000269,169,189,ECO:0000255,,,,,,,,,,,,,,,,,,,,,,,,,,,
P15399,177,P15399,Q53Z30,Eukaryota,Rattus norvegicus,10116,,,1,17,ECO:0000269,,,,,,,,,,,,,,,,,,,,,,,,,,,,,,
P20033,211,P20033,,Eukaryota,Mus musculus,10090,,,1,20,,,,,,,,,,,,,,,,,,,,,,,,,,,,,,,
P16284,738,P16284,"A0A075B738, A8K3S7, D3DU31, Q6LDA9, Q8TBH1, Q96RF5, Q96RF6, Q9NP65, Q9NPB7, Q9NPG9, Q9NQS9, Q9NQT0, Q9NQT1, Q9NQT2",Eukaryota,Homo sapiens,9606,,,1,27,,602,620,ECO:0000255,,,,,,,,,,,,,,,,,,,,,,,,,,,
P05164,745,P05164,"A1L4B8, Q14862, Q4PJH5, Q9UCL7",Eukaryota,Homo sapiens,9606,,,1,48,ECO:0000269,,,,,,,,,,,,,,,,,,,,,,,,,,,,,,
P20786,1088,P20786,,Eukaryota,Rattus norvegicus,10116,,,1,23,,528,548,ECO:0000255,,,,,,,,,,,,,,,,,,,,,,,,,,,
P97535,456,P97535,,Eukaryota,Rattus norvegicus,10116,,,1,24,ECO:0000269,,,,,,,,,,,,,,,,,,,,,,,,,,,,,,
P56513,92,P56513,,Eukaryota,Canis lupus familiaris,9615,,,1,20,ECO:0000269,36,56,ECO:0000255,,,,,,,,,,,,,,,,,,,,,,,,,,,
Q9NPH0,428,Q9NPH0,"Q59G61, Q5T490, Q6IAQ3, Q7LG81, Q9UIG6, X5D289",Eukaryota,Homo sapiens,9606,,,,,,,,,,,,,,,,,,,,,,,,,,,,,,,,,,,
P33579,238,P33579,,Eukaryota,Rattus norvegicus,10116,,,1,30,ECO:0000269,,,,,,,,,,,,,,,,,,,,,,,,,,,,,,
P01237,226,P01237,P70520,Eukaryota,Rattus norvegicus,10116,,,1,29,ECO:0000269,,,,,,,,,,,,,,,,,,,,,,,,,,,,,,
Q9HC23,129,Q9HC23,"Q53Z79, Q6ISR0",Eukaryota,Homo sapiens,9606,,,1,27,ECO:0000269,,,,,,,,,,,,,,,,,,,,,,,,,,,,,,
P04916,201,P04916,,Eukaryota,Rattus norvegicus,10116,,,1,18,ECO:0000269,,,,,,,,,,,,,,,,,,,,,,,,,,,,,,
P02735,122,P0DJI8,"E9PQD6, P02735, P02736, P02737, Q16730, Q16834, Q16835, Q16879, Q3KRB3, Q6FG67, Q96QN0, Q9UCK9, Q9UCL0",Eukaryota,Homo sapiens,9606,,,1,18,ECO:0000269,,,,,,,,,,,,,,,,,,,,,,,,,,,,,,
P81019,183,P81019,O97868,Eukaryota,Bos taurus,9913,,,1,25,ECO:0000269,,,,,,,,,,,,,,,,,,,,,,,,,,,,,,
Q6UW10,78,Q6UW10,"A2ABK7, A2ACH1, B7ZCJ7",Eukaryota,Homo sapiens,9606,,,1,19,ECO:0000269,,,,,,,,,,,,,,,,,,,,,,,,,,,,,,
P97797,513,P97797,"A0A0R4J1Z7, E0CYM8, E9QPT7, O08907, O35924, O88555, O88556, P97796, Q8R559, Q9QX57, Q9WTN4",Eukaryota,Mus musculus,10090,,,1,31,,374,394,ECO:0000255,,,,,,,,,,,,,,,,,,,,,,,,,,,
P30121,220,P30121,Q546J4,Eukaryota,Rattus norvegicus,10116,,,1,26,ECO:0000269,,,,,,,,,,,,,,,,,,,,,,,,,,,,,,
P40225,353,P40225,"A1L3Y0, B7ZLR8, B9EGA8, Q13020, Q15790, Q15791, Q15792",Eukaryota,Homo sapiens,9606,,,1,21,,,,,,,,,,,,,,,,,,,,,,,,,,,,,,,
P06871,246,P06871,,Eukaryota,Canis lupus familiaris,9615,,,1,15,,,,,,,,,,,,,,,,,,,,,,,,,,,,,,,
Q29616,149,Q29616,Q9TRF3,Eukaryota,Macropus giganteus,9317,,,1,22,ECO:0000269,,,,,,,,,,,,,,,,,,,,,,,,,,,,,,
Q29940,362,P01889,"A0A2I6Q7B5, B0V0B8, G3GN01, O02862, O02956, O02957, O02960, O19555, O19556, O19595, O19615, O19624, O19625, O19627, O19641, O19651, O19675, O19692, O19758, O19779, O19783, O46702, O62897, O62901, O62915, O62917, O62919, O77933, O77959, O78053, O78138, O78160, O78163, O78172, O78173, O78180, O78217, O95730, O98140, P01890, P03989, P10317, P10318, P10319, P10320, P18463, P18464, P18465, P19373, P30460, P30461, P30462, P30463, P30464, P30465, P30466, P30467, P30468, P30469, P30470, P30471, P30472, P30473, P30474, P30475, P30476, P30477, P30478, P30479, P30480, P30481, P30482, P30483, P30484, P30485, P30486, P30487, P30488, P30489, P30490, P30491, P30492, P30493, P30494, P30495, P30496, P30497, P30498, P30513, P30685, P79489, P79490, P79496, P79504, P79523, P79524, P79542, P79555, Q04826, Q08136, Q29633, Q29636, Q29638, Q29661, Q29665, Q29678, Q29679, Q29681, Q29693, Q29695, Q29697, Q29718, Q29742, Q29749, Q29762, Q29764, Q29829, Q29836, Q29842, Q29845, Q29846, Q29847, Q29848, Q29850, Q29851, Q29852, Q29854, Q29855, Q29857, Q29858, Q29861, Q29924, Q29925, Q29933, Q29935, Q29936, Q29940, Q29953, Q29961, Q29982, Q30173, Q30198, Q31603, Q31610, Q31612, Q31613, Q546L8, Q546M4, Q5JP37, Q5QT24, Q5RIP1, Q5SRJ2, Q5TK76, Q5TK77, Q860I4, Q861B5, Q8HWF0, Q8MGQ3, Q8MHN4, Q8SNC5, Q95343, Q95344, Q95365, Q95369, Q95392, Q95HA3, Q95HA8, Q95HM9, Q95IA6, Q95IB8, Q95IH5, Q95J00, Q96IT9, Q9BCM6, Q9BCM7, Q9BCM8, Q9BD06, Q9BD38, Q9BD43, Q9GIL3, Q9GIM3, Q9GIX1, Q9GIY5, Q9GIZ0, Q9GIZ9, Q9GJ00, Q9GJ17, Q9GJ20, Q9GJ23, Q9GJ31, Q9GJF0, Q9GJM7, Q9MX21, Q9MY37, Q9MY42, Q9MY43, Q9MY61, Q9MY75, Q9MY78, Q9MY79, Q9MY84, Q9MY92, Q9MY93, Q9MY94, Q9MYB8, Q9MYC3, Q9MYC7, Q9MYF4, Q9MYG1, Q9TP35, Q9TP36, Q9TP37, Q9TP95, Q9TPQ7, Q9TPQ9, Q9TPR2, Q9TPR4, Q9TPS6, Q9TPT2, Q9TPT4, Q9TPT6, Q9TPV2, Q9TQG1, Q9TQH3, Q9TQH6, Q9TQH7, Q9TQH8, Q9TQH9, Q9TQM2, Q9TQN4, Q9TQN6, Q9UQS8, Q9UQT0",Eukaryota,Homo sapiens,9606,,,1,24,ECO:0000269,310,333,ECO:0000255,,,,,,,,,,,,,,,,,,,,,,,,,,,
P20039,266,P01911,"A0MWF2, A0N0W1, A2ICT1, A2TGX3, A4F5N0, A4ZXA5, A4ZXA6, A4ZY86, A5H000, A5HKN8, A7DZP9, A7LA26, A7UHG2, A7X5B1, A7X5B7, A7X5E0, A7X5E6, A7X5H8, A7X5J4, A7X5K7, A8K098, A8YQE9, A9JPG0, B0BK85, B0LUZ6, B0UYW1, B1GWE7, B2CR03, B2LVF9, B2NJ29, B2ZCY1, B3VTP8, B3VTQ3, B5A8Y2, B5A8Y3, B5B8U0, B5B9V5, B5B9V6, B5LZ25, B5QSK8, B6VCX2, B6VEL9, B7UDB2, B9VRA4, B9X248, C0LAB5, O02876, O02930, O19585, O19717, O19718, O19739, O19788, O46699, O46793, O46872, O62869, O62889, O77969, O78047, O78210, O98212, P01912, P01914, P04229, P13758, P13759, P13760, P13761, P20039, P79545, Q06662, Q0PGR5, Q0PQ39, Q14280, Q14QT2, Q155F7, Q19AF2, Q19K86, Q1AP33, Q1G0Z9, Q1JRP3, Q1KLJ6, Q27PR6, Q27PR7, Q29673, Q29720, Q29722, Q29734, Q29770, Q29771, Q29772, Q29790, Q29792, Q29800, Q29806, Q29833, Q29874, Q29875, Q29886, Q29968, Q29974, Q29975, Q2A120, Q2HZE5, Q2L9H4, Q2LE76, Q2MF40, Q2MJA6, Q2MZ92, Q2VQU1, Q2YHQ2, Q30006, Q30108, Q30112, Q30115, Q30116, Q30117, Q30120, Q30134, Q30142, Q30145, Q30149, Q30159, Q30166, Q30167, Q30200, Q307W5, Q31636, Q32MY7, Q3HUP9, Q3KTM1, Q3LA84, Q3LA87, Q3LA88, Q3LA89, Q3LA90, Q3LA91, Q3LA92, Q3LA93, Q3LA94, Q3LA95, Q3LA96, Q3LA97, Q3LA98, Q3LA99, Q3LAA0, Q3LAA1, Q3LAA2, Q3MQ60, Q3T919, Q4PRC3, Q4PRC5, Q4VZY7, Q53IG1, Q56FN9, Q56FP1, Q56FP2, Q56FP3, Q58F52, Q5BM92, Q5EER6, Q5K3W2, Q5NDB9, Q5U9W6, Q5UBA2, Q5UT58, Q5W3L4, Q5Y7A7, Q5Y7B0, Q5Y7B9, Q5Y7E9, Q5Y7G0, Q683P7, Q6REE2, Q6T865, Q6U387, Q701T1, Q70GL2, Q70Q85, Q768U2, Q768U4, Q7M2H4, Q7YNY9, Q7YP03, Q7YP04, Q7YQ26, Q7YQA3, Q7YQA5, Q860D8, Q860D9, Q860E5, Q860H8, Q860S0, Q860Z3, Q861G6, Q861H0, Q861H4, Q861H5, Q861H7, Q861H8, Q8HWQ6, Q8MH59, Q8MH60, Q8WLU3, Q8WMA0, Q95348, Q95383, Q95389, Q95461, Q95HK1, Q95HL0, Q95HL1, Q95IE3, Q95IG2, Q95IT6, Q96HZ9, Q9BCL7, Q9BCP0, Q9BCP1, Q9BCP2, Q9BCP5, Q9BD21, Q9BD33, Q9BD40, Q9GIK5, Q9GIL5, Q9GIL6, Q9GIP3, Q9GIX8, Q9GIX9, Q9GIY0, Q9GIY1, Q9GIY2, Q9GIY3, Q9GIY4, Q9GJ25, Q9GJ56, Q9GJ57, Q9GJ58, Q9GJ60, Q9GJF8, Q9GJF9, Q9GJG0, Q9MXZ0, Q9MXZ5, Q9MY13, Q9MY45, Q9MY56, Q9MYF5, Q9TPB6, Q9TPW1, Q9TPW3, Q9TPW9, Q9TPX4, Q9TQ37, Q9TQ91, Q9TQE0, Q9UBY1, Q9UIM9, Q9UIN0, Q9XRX1, Q9XRY4, Q9XRY5, Q9Y453, Q9Y4H7",Eukaryota,Homo sapiens,9606,,,1,29,ECO:0000269,228,248,ECO:0000255,,,,,,,,,,,,,,,,,,,,,,,,,,,
P23035,413,P23035,,Eukaryota,Oryctolagus cuniculus,9986,,,1,24,ECO:0000269,,,,,,,,,,,,,,,,,,,,,,,,,,,,,,
P01009,418,P01009,"A6PX14, B2RDQ8, Q0PVP5, Q13672, Q53XB8, Q5U0M1, Q7M4R2, Q86U18, Q86U19, Q96BF9, Q96ES1, Q9P1P0, Q9UCE6, Q9UCM3",Eukaryota,Homo sapiens,9606,,,1,24,ECO:0000269,,,,,,,,,,,,,,,,,,,,,,,,,,,,,,
P13536,519,P13536,,Eukaryota,Bos taurus,9913,,,1,22,,241,265,,274,292,,308,329,,477,497,,,,,,,,,,,,,,,,,,,
Q99217,191,Q99217,"Q96NW6, Q9UCA7",Eukaryota,Homo sapiens,9606,,,1,16,ECO:0000269,,,,,,,,,,,,,,,,,,,,,,,,,,,,,,
P41361,465,P41361,Q3SZQ7,Eukaryota,Bos taurus,9913,,,1,32,ECO:0000269,,,,,,,,,,,,,,,,,,,,,,,,,,,,,,
P09813,102,P09813,"Q3UKX6, Q61317",Eukaryota,Mus musculus,10090,,,1,18,,,,,,,,,,,,,,,,,,,,,,,,,,,,,,,
P02655,101,P02655,"C0JYY4, Q9BS39, Q9UDE3, Q9UNK3",Eukaryota,Homo sapiens,9606,,,1,22,ECO:0000269,,,,,,,,,,,,,,,,,,,,,,,,,,,,,,
P55145,182,P55145,"Q14CX4, Q86U67, Q96IS4",Eukaryota,Homo sapiens,9606,,,1,24,ECO:0000269,,,,,,,,,,,,,,,,,,,,,,,,,,,,,,
P18892,526,P18892,"O18955, O18959, O46535, Q6RUS3",Eukaryota,Bos taurus,9913,,,1,26,ECO:0000269,243,269,ECO:0000255,,,,,,,,,,,,,,,,,,,,,,,,,,,
P09871,688,P09871,"D3DUT4, Q9UCU7, Q9UCU8, Q9UCU9, Q9UCV0, Q9UCV1, Q9UCV2, Q9UCV3, Q9UCV4, Q9UCV5, Q9UM14",Eukaryota,Homo sapiens,9606,,,1,15,ECO:0000269,,,,,,,,,,,,,,,,,,,,,,,,,,,,,,
P08311,255,P08311,"Q6IBJ6, Q9UCA5, Q9UCU6",Eukaryota,Homo sapiens,9606,,,1,18,ECO:0000255,,,,,,,,,,,,,,,,,,,,,,,,,,,,,,
P06307,115,P06307,,Eukaryota,Homo sapiens,9606,,,1,20,ECO:0000255,,,,,,,,,,,,,,,,,,,,,,,,,,,,,,
P55774,89,P55774,"B5BUM2, Q53X71",Eukaryota,Homo sapiens,9606,,,1,20,ECO:0000269,,,,,,,,,,,,,,,,,,,,,,,,,,,,,,
P06126,327,P06126,"D3DVD7, Q13962, Q5TDJ8, Q9UMM4, Q9Y5M5",Eukaryota,Homo sapiens,9606,,,1,16,,301,321,ECO:0000255,,,,,,,,,,,,,,,,,,,,,,,,,,,
P09693,182,P09693,Q2HIZ6,Eukaryota,Homo sapiens,9606,,,1,22,,117,137,ECO:0000255,,,,,,,,,,,,,,,,,,,,,,,,,,,
P01731,247,P01731,,Eukaryota,Mus musculus,10090,,,1,27,,197,217,ECO:0000255,,,,,,,,,,,,,,,,,,,,,,,,,,,
P00751,764,P00751,"B0QZQ6, O15006, Q29944, Q53F89, Q5JP67, Q5ST50, Q96HX6, Q9BTF5, Q9BX92",Eukaryota,Homo sapiens,9606,,,1,25,ECO:0000269,,,,,,,,,,,,,,,,,,,,,,,,,,,,,,
P10643,843,P10643,"A8K2T4, Q6P3T5, Q92489",Eukaryota,Homo sapiens,9606,,,1,22,ECO:0000305,,,,,,,,,,,,,,,,,,,,,,,,,,,,,,
P04141,144,P04141,"Q14CE8, Q2VPI8, Q8NFI6",Eukaryota,Homo sapiens,9606,,,1,17,,,,,,,,,,,,,,,,,,,,,,,,,,,,,,,
P19876,107,P19876,Q4W5H9,Eukaryota,Homo sapiens,9606,,,1,34,ECO:0000269,,,,,,,,,,,,,,,,,,,,,,,,,,,,,,
P11936,284,P11936,Q95KK2,Eukaryota,Sus scrofa,9823,,,1,22,ECO:0000269,,,,,,,,,,,,,,,,,,,,,,,,,,,,,,
P29320,983,P29320,"Q9H2V3, Q9H2V4",Eukaryota,Homo sapiens,9606,,,1,20,ECO:0000269,542,565,ECO:0000255,,,,,,,,,,,,,,,,,,,,,,,,,,,
P14207,255,P14207,"Q05CA5, Q6GTE8",Eukaryota,Homo sapiens,9606,,,1,16,,,,,,,,,,,,,,,,,,,,,,,,,,,,,,,
Q12841,308,Q12841,"A8K523, B4DTT5, D3DN90, Q549Z0",Eukaryota,Homo sapiens,9606,,,1,20,ECO:0000269,,,,,,,,,,,,,,,,,,,,,,,,,,,,,,
P18506,449,P18506,,Eukaryota,Rattus norvegicus,10116,,,1,24,ECO:0000255,252,271,ECO:0000250,276,298,ECO:0000250,309,331,ECO:0000250,424,446,ECO:0000250,,,,,,,,,,,,,,,,,,
P11021,654,P11021,"B0QZ61, Q2EF78, Q9NPF1, Q9UK02",Eukaryota,Homo sapiens,9606,,,1,18,ECO:0000269,,,,,,,,,,,,,,,,,,,,,,,,,,,,,,
P18470,266,P18470,,Eukaryota,Canis lupus familiaris,9615,,,1,29,,228,250,ECO:0000255,,,,,,,,,,,,,,,,,,,,,,,,,,,
P01758,117,P01758,,Eukaryota,Mus musculus,10090,,,1,19,,,,,,,,,,,,,,,,,,,,,,,,,,,,,,,
P01820,115,P01820,,Eukaryota,Mus musculus,10090,,,1,19,,,,,,,,,,,,,,,,,,,,,,,,,,,,,,,
P24591,263,P24591,Q2T9Z3,Eukaryota,Bos taurus,9913,,,1,25,,,,,,,,,,,,,,,,,,,,,,,,,,,,,,,
P01571,189,P01571,"Q14639, Q4KMT4, Q5VZ53, Q7M4Q4",Eukaryota,Homo sapiens,9606,,,1,23,ECO:0000269,,,,,,,,,,,,,,,,,,,,,,,,,,,,,,
P05009,189,P05009,,Eukaryota,Bos taurus,9913,,,1,23,,,,,,,,,,,,,,,,,,,,,,,,,,,,,,,
P05000,195,P05000,"Q13168, Q5U802, Q5VWD0, Q7M4P5",Eukaryota,Homo sapiens,9606,,,1,21,ECO:0000269,,,,,,,,,,,,,,,,,,,,,,,,,,,,,,
P05112,153,P05112,"Q14630, Q6NZ77",Eukaryota,Homo sapiens,9606,,,1,24,,,,,,,,,,,,,,,,,,,,,,,,,,,,,,,
P15248,144,P15248,,Eukaryota,Homo sapiens,9606,,,1,18,,,,,,,,,,,,,,,,,,,,,,,,,,,,,,,
P05555,1153,P05555,Q8CA73,Eukaryota,Mus musculus,10090,,,1,16,ECO:0000269,1106,1129,ECO:0000255,,,,,,,,,,,,,,,,,,,,,,,,,,,
P16144,1822,P16144,"A0AVL6, O14690, O14691, O15339, O15340, O15341, Q0VF97, Q9UIQ4",Eukaryota,Homo sapiens,9606,,,1,27,ECO:0000269,711,733,ECO:0000255,,,,,,,,,,,,,,,,,,,,,,,,,,,
P00759,259,P00759,,Eukaryota,Rattus norvegicus,10116,,,1,18,,,,,,,,,,,,,,,,,,,,,,,,,,,,,,,
P01621,116,P01619,"A0A0B4J1Z6, P01620, P01621, P01622, P01623, P04206, P06311, P18135, P18136",Eukaryota,Homo sapiens,9606,,,1,20,ECO:0000269,,,,,,,,,,,,,,,,,,,,,,,,,,,,,,
P04119,178,P04119,Q53Z18,Eukaryota,Sus scrofa,9823,,,1,18,ECO:0000269,,,,,,,,,,,,,,,,,,,,,,,,,,,,,,
Q05204,409,Q05204,"A2VE82, A5D7M2, Q17QC6",Eukaryota,Bos taurus,9913,,,1,25,ECO:0000250,375,398,ECO:0000255,,,,,,,,,,,,,,,,,,,,,,,,,,,
P06911,188,P06911,,Eukaryota,Rattus norvegicus,10116,,,1,19,ECO:0000269,,,,,,,,,,,,,,,,,,,,,,,,,,,,,,
O62644,151,O62644,Q3ZBQ8,Eukaryota,Bos taurus,9913,,,1,18,ECO:0000269,,,,,,,,,,,,,,,,,,,,,,,,,,,,,,
P11150,499,P11150,"A2RUB4, A8K9B6, O43571, P78529, Q99465",Eukaryota,Homo sapiens,9606,,,1,22,ECO:0000269,,,,,,,,,,,,,,,,,,,,,,,,,,,,,,
P09849,1926,P09849,,Eukaryota,Oryctolagus cuniculus,9986,,,1,19,ECO:0000255,1883,1901,ECO:0000255,,,,,,,,,,,,,,,,,,,,,,,,,,,
P01185,164,P01185,"A0AV35, O14935",Eukaryota,Homo sapiens,9606,,,1,19,ECO:0000269,,,,,,,,,,,,,,,,,,,,,,,,,,,,,,
P14543,1247,P14543,"Q14942, Q59FL2, Q5TAF2, Q5TAF3, Q86XD7",Eukaryota,Homo sapiens,9606,,,1,28,,,,,,,,,,,,,,,,,,,,,,,,,,,,,,,
O97763,149,O97763,,Eukaryota,Sus scrofa,9823,,,1,19,ECO:0000269,,,,,,,,,,,,,,,,,,,,,,,,,,,,,,
O95157,252,O95157,"Q8NDC3, Q8TBF6, Q9ULR1",Eukaryota,Homo sapiens,9606,,,1,22,ECO:0000269,,,,,,,,,,,,,,,,,,,,,,,,,,,,,,
P23515,440,P23515,E1P659,Eukaryota,Homo sapiens,9606,,,1,24,ECO:0000269,,,,,,,,,,,,,,,,,,,,,,,,,,,,,,
Q9Y5H9,948,Q9Y5H9,"O75287, Q9BTV3",Eukaryota,Homo sapiens,9606,,,1,22,ECO:0000269,698,718,ECO:0000255,,,,,,,,,,,,,,,,,,,,,,,,,,,
P28713,387,P28713,Q54A53,Eukaryota,Oryctolagus cuniculus,9986,,,1,15,,,,,,,,,,,,,,,,,,,,,,,,,,,,,,,
P21128,410,P21128,"B2RBJ3, B3KQS7, B7Z6E1, Q2NKJ4",Eukaryota,Homo sapiens,9606,,,1,18,ECO:0000269,,,,,,,,,,,,,,,,,,,,,,,,,,,,,,
P04273,254,P04273,,Eukaryota,Mesocricetus auratus,10036,,,1,22,,,,,,,,,,,,,,,,,,,,,,,,,,,,,,,
O43653,114,O43653,Q6UW92,Eukaryota,Homo sapiens,9606,,,1,11,ECO:0000269,,,,,,,,,,,,,,,,,,,,,,,,,,,,,,
P04090,185,P04090,"A0AVM0, Q99936, Q9UCX3, Q9UQJ2",Eukaryota,Homo sapiens,9606,,,1,24,ECO:0000269,,,,,,,,,,,,,,,,,,,,,,,,,,,,,,
P07998,156,P07998,"B2R589, D3DS06, Q16830, Q16869, Q1KHR2, Q6ICS5, Q9UCB4, Q9UCB5",Eukaryota,Homo sapiens,9606,,,1,28,ECO:0000269,,,,,,,,,,,,,,,,,,,,,,,,,,,,,,
P15468,147,P15468,,Eukaryota,Sus scrofa,9823,,,1,28,ECO:0000269,,,,,,,,,,,,,,,,,,,,,,,,,,,,,,
Q8N474,314,Q8N474,"O00546, O14779",Eukaryota,Homo sapiens,9606,,,1,31,ECO:0000269,,,,,,,,,,,,,,,,,,,,,,,,,,,,,,
P07214,302,P07214,,Eukaryota,Mus musculus,10090,,,1,17,ECO:0000269,,,,,,,,,,,,,,,,,,,,,,,,,,,,,,
P04812,123,P04812,,Eukaryota,Rattus norvegicus,10116,,,1,21,,,,,,,,,,,,,,,,,,,,,,,,,,,,,,,
P48307,235,P48307,"Q66ME8, Q8NAK6, Q9UC86",Eukaryota,Homo sapiens,9606,,,1,22,ECO:0000269,,,,,,,,,,,,,,,,,,,,,,,,,,,,,,
P01735,133,P01735,,Eukaryota,Mus musculus,10090,,,1,21,,,,,,,,,,,,,,,,,,,,,,,,,,,,,,,
P04276,476,P04276,,Eukaryota,Rattus norvegicus,10116,,,1,16,ECO:0000269,,,,,,,,,,,,,,,,,,,,,,,,,,,,,,
Q28631,123,Q28631,,Eukaryota,Oryctolagus cuniculus,9986,,,1,28,ECO:0000269,,,,,,,,,,,,,,,,,,,,,,,,,,,,,,
Q05996,745,Q05996,"B2R7J2, Q4VAN9, Q4VAP0, Q4VAP1",Eukaryota,Homo sapiens,9606,,,1,38,,717,736,ECO:0000255,,,,,,,,,,,,,,,,,,,,,,,,,,,
P30462,362,P01889,"A0A2I6Q7B5, B0V0B8, G3GN01, O02862, O02956, O02957, O02960, O19555, O19556, O19595, O19615, O19624, O19625, O19627, O19641, O19651, O19675, O19692, O19758, O19779, O19783, O46702, O62897, O62901, O62915, O62917, O62919, O77933, O77959, O78053, O78138, O78160, O78163, O78172, O78173, O78180, O78217, O95730, O98140, P01890, P03989, P10317, P10318, P10319, P10320, P18463, P18464, P18465, P19373, P30460, P30461, P30462, P30463, P30464, P30465, P30466, P30467, P30468, P30469, P30470, P30471, P30472, P30473, P30474, P30475, P30476, P30477, P30478, P30479, P30480, P30481, P30482, P30483, P30484, P30485, P30486, P30487, P30488, P30489, P30490, P30491, P30492, P30493, P30494, P30495, P30496, P30497, P30498, P30513, P30685, P79489, P79490, P79496, P79504, P79523, P79524, P79542, P79555, Q04826, Q08136, Q29633, Q29636, Q29638, Q29661, Q29665, Q29678, Q29679, Q29681, Q29693, Q29695, Q29697, Q29718, Q29742, Q29749, Q29762, Q29764, Q29829, Q29836, Q29842, Q29845, Q29846, Q29847, Q29848, Q29850, Q29851, Q29852, Q29854, Q29855, Q29857, Q29858, Q29861, Q29924, Q29925, Q29933, Q29935, Q29936, Q29940, Q29953, Q29961, Q29982, Q30173, Q30198, Q31603, Q31610, Q31612, Q31613, Q546L8, Q546M4, Q5JP37, Q5QT24, Q5RIP1, Q5SRJ2, Q5TK76, Q5TK77, Q860I4, Q861B5, Q8HWF0, Q8MGQ3, Q8MHN4, Q8SNC5, Q95343, Q95344, Q95365, Q95369, Q95392, Q95HA3, Q95HA8, Q95HM9, Q95IA6, Q95IB8, Q95IH5, Q95J00, Q96IT9, Q9BCM6, Q9BCM7, Q9BCM8, Q9BD06, Q9BD38, Q9BD43, Q9GIL3, Q9GIM3, Q9GIX1, Q9GIY5, Q9GIZ0, Q9GIZ9, Q9GJ00, Q9GJ17, Q9GJ20, Q9GJ23, Q9GJ31, Q9GJF0, Q9GJM7, Q9MX21, Q9MY37, Q9MY42, Q9MY43, Q9MY61, Q9MY75, Q9MY78, Q9MY79, Q9MY84, Q9MY92, Q9MY93, Q9MY94, Q9MYB8, Q9MYC3, Q9MYC7, Q9MYF4, Q9MYG1, Q9TP35, Q9TP36, Q9TP37, Q9TP95, Q9TPQ7, Q9TPQ9, Q9TPR2, Q9TPR4, Q9TPS6, Q9TPT2, Q9TPT4, Q9TPT6, Q9TPV2, Q9TQG1, Q9TQH3, Q9TQH6, Q9TQH7, Q9TQH8, Q9TQH9, Q9TQM2, Q9TQN4, Q9TQN6, Q9UQS8, Q9UQT0",Eukaryota,Homo sapiens,9606,,,1,24,ECO:0000269,310,333,ECO:0000255,,,,,,,,,,,,,,,,,,,,,,,,,,,
Q31610,362,P01889,"A0A2I6Q7B5, B0V0B8, G3GN01, O02862, O02956, O02957, O02960, O19555, O19556, O19595, O19615, O19624, O19625, O19627, O19641, O19651, O19675, O19692, O19758, O19779, O19783, O46702, O62897, O62901, O62915, O62917, O62919, O77933, O77959, O78053, O78138, O78160, O78163, O78172, O78173, O78180, O78217, O95730, O98140, P01890, P03989, P10317, P10318, P10319, P10320, P18463, P18464, P18465, P19373, P30460, P30461, P30462, P30463, P30464, P30465, P30466, P30467, P30468, P30469, P30470, P30471, P30472, P30473, P30474, P30475, P30476, P30477, P30478, P30479, P30480, P30481, P30482, P30483, P30484, P30485, P30486, P30487, P30488, P30489, P30490, P30491, P30492, P30493, P30494, P30495, P30496, P30497, P30498, P30513, P30685, P79489, P79490, P79496, P79504, P79523, P79524, P79542, P79555, Q04826, Q08136, Q29633, Q29636, Q29638, Q29661, Q29665, Q29678, Q29679, Q29681, Q29693, Q29695, Q29697, Q29718, Q29742, Q29749, Q29762, Q29764, Q29829, Q29836, Q29842, Q29845, Q29846, Q29847, Q29848, Q29850, Q29851, Q29852, Q29854, Q29855, Q29857, Q29858, Q29861, Q29924, Q29925, Q29933, Q29935, Q29936, Q29940, Q29953, Q29961, Q29982, Q30173, Q30198, Q31603, Q31610, Q31612, Q31613, Q546L8, Q546M4, Q5JP37, Q5QT24, Q5RIP1, Q5SRJ2, Q5TK76, Q5TK77, Q860I4, Q861B5, Q8HWF0, Q8MGQ3, Q8MHN4, Q8SNC5, Q95343, Q95344, Q95365, Q95369, Q95392, Q95HA3, Q95HA8, Q95HM9, Q95IA6, Q95IB8, Q95IH5, Q95J00, Q96IT9, Q9BCM6, Q9BCM7, Q9BCM8, Q9BD06, Q9BD38, Q9BD43, Q9GIL3, Q9GIM3, Q9GIX1, Q9GIY5, Q9GIZ0, Q9GIZ9, Q9GJ00, Q9GJ17, Q9GJ20, Q9GJ23, Q9GJ31, Q9GJF0, Q9GJM7, Q9MX21, Q9MY37, Q9MY42, Q9MY43, Q9MY61, Q9MY75, Q9MY78, Q9MY79, Q9MY84, Q9MY92, Q9MY93, Q9MY94, Q9MYB8, Q9MYC3, Q9MYC7, Q9MYF4, Q9MYG1, Q9TP35, Q9TP36, Q9TP37, Q9TP95, Q9TPQ7, Q9TPQ9, Q9TPR2, Q9TPR4, Q9TPS6, Q9TPT2, Q9TPT4, Q9TPT6, Q9TPV2, Q9TQG1, Q9TQH3, Q9TQH6, Q9TQH7, Q9TQH8, Q9TQH9, Q9TQM2, Q9TQN4, Q9TQN6, Q9UQS8, Q9UQT0",Eukaryota,Homo sapiens,9606,,,1,24,ECO:0000269,310,333,ECO:0000255,,,,,,,,,,,,,,,,,,,,,,,,,,,
Q30154,266,Q30154,"B2RBV6, C7C4X3, O00157, O00283, O46700, Q29703, Q29787, Q29788, Q30126, Q30150, Q30199, Q6SJR2, Q7M2H9, Q8HWS7, Q8WLR5, Q9MY54, Q9XRX6",Eukaryota,Homo sapiens,9606,,,1,29,ECO:0000269,228,248,ECO:0000255,,,,,,,,,,,,,,,,,,,,,,,,,,,
P19652,201,P19652,"B2R5L2, Q16571, Q5T538, Q6IB74",Eukaryota,Homo sapiens,9606,,,1,18,,,,,,,,,,,,,,,,,,,,,,,,,,,,,,,
P26595,412,P26595,,Eukaryota,Mus caroli,10089,,,1,24,,,,,,,,,,,,,,,,,,,,,,,,,,,,,,,
P19801,751,P19801,"C9J690, Q16683, Q16684, Q56II4, Q6GU42",Eukaryota,Homo sapiens,9606,,,1,19,ECO:0000269,,,,,,,,,,,,,,,,,,,,,,,,,,,,,,
P23578,436,P23578,,Eukaryota,Mus musculus,10090,,,1,19,,,,,,,,,,,,,,,,,,,,,,,,,,,,,,,
P06727,396,P06727,"A8MSL6, Q14CW8, Q6Q787",Eukaryota,Homo sapiens,9606,,,1,20,ECO:0000269,,,,,,,,,,,,,,,,,,,,,,,,,,,,,,
P19035,96,P19035,"Q2M2T0, Q75T83",Eukaryota,Bos taurus,9913,,,1,23,ECO:0000269,,,,,,,,,,,,,,,,,,,,,,,,,,,,,,
P35613,385,P35613,"A6NJW1, D3YLG5, Q7Z796, Q8IZL7",Eukaryota,Homo sapiens,9606,,,1,21,ECO:0000269,326,344,"ECO:0000269, ECO:0007744",,,,,,,,,,,,,,,,,,,,,,,,,,,
P09668,335,P09668,"B2RBK0, Q96NY6, Q9BUM7",Eukaryota,Homo sapiens,9606,,,1,22,,,,,,,,,,,,,,,,,,,,,,,,,,,,,,,
P22362,96,P22362,"B2R5G9, Q2M309",Eukaryota,Homo sapiens,9606,,,1,23,ECO:0000269,,,,,,,,,,,,,,,,,,,,,,,,,,,,,,
P13501,91,P13501,"O43646, Q0QVW8, Q4ZGJ1, Q9NYA2, Q9UBG2, Q9UC99",Eukaryota,Homo sapiens,9606,,,1,23,ECO:0000269,,,,,,,,,,,,,,,,,,,,,,,,,,,,,,
P08575,1306,P08575,"A0A0A0MT22, A8K7W6, Q16614, Q9H0Y6, X6R433",Eukaryota,Homo sapiens,9606,,,1,25,,578,598,ECO:0000255,,,,,,,,,,,,,,,,,,,,,,,,,,,
P05540,457,P05540,,Eukaryota,Rattus norvegicus,10116,,,1,27,,395,417,ECO:0000255,,,,,,,,,,,,,,,,,,,,,,,,,,,
P11911,220,P11911,Q6GTY0,Eukaryota,Mus musculus,10090,,,1,28,ECO:0000269,138,159,ECO:0000255,,,,,,,,,,,,,,,,,,,,,,,,,,,
Q29411,383,Q29411,Q5UC99,Eukaryota,Sus scrofa,9823,,,1,21,ECO:0000269,,,,,,,,,,,,,,,,,,,,,,,,,,,,,,
P02462,1669,P02462,"A7E2W4, B1AM70, F5H5K0, Q1P9S9, Q5VWF6, Q86X41, Q8NF88, Q9NYC5",Eukaryota,Homo sapiens,9606,,,1,27,ECO:0000269,,,,,,,,,,,,,,,,,,,,,,,,,,,,,,
Q96CG8,243,Q96CG8,"G3V141, Q6UW91, Q8IX63",Eukaryota,Homo sapiens,9606,,,1,30,,,,,,,,,,,,,,,,,,,,,,,,,,,,,,,
P50228,132,P50228,Q8K3I3,Eukaryota,Mus musculus,10090,,,1,40,ECO:0000269,,,,,,,,,,,,,,,,,,,,,,,,,,,,,,
P19427,201,P19427,Q29S18,Eukaryota,Bos taurus,9913,,,1,18,ECO:0000269,,,,,,,,,,,,,,,,,,,,,,,,,,,,,,
P00451,2351,P00451,"Q14286, Q5HY69",Eukaryota,Homo sapiens,9606,,,1,19,,,,,,,,,,,,,,,,,,,,,,,,,,,,,,,
Q62632,306,Q62632,,Eukaryota,Rattus norvegicus,10116,,,1,18,ECO:0000269,,,,,,,,,,,,,,,,,,,,,,,,,,,,,,
O95866,241,O95866,"A2BEZ1, A2BEZ2, A2BEZ3, A2BEZ4, A2BEZ5, B0UXC4, B0UXC7, B0UXC8, B0V024, B0V026, Q14CK2, Q96A86, Q96A87, Q96A88, Q96A89, Q96A90, Q96A91",Eukaryota,Homo sapiens,9606,,,1,17,ECO:0000269,143,163,ECO:0000255,,,,,,,,,,,,,,,,,,,,,,,,,,,
P19756,638,P19756,,Eukaryota,Sus scrofa,9823,,,1,18,,265,288,ECO:0000255,,,,,,,,,,,,,,,,,,,,,,,,,,,
P25291,509,P25291,,Eukaryota,Canis lupus familiaris,9615,,,1,21,ECO:0000269,,,,,,,,,,,,,,,,,,,,,,,,,,,,,,
Q61450,303,Q61450,Q549E3,Eukaryota,Mus musculus,10090,,,1,23,ECO:0000269,239,260,ECO:0000255,,,,,,,,,,,,,,,,,,,,,,,,,,,
P55203,1110,P55203,O02809,Eukaryota,Bos taurus,9913,,,1,56,ECO:0000269,468,492,ECO:0000255,,,,,,,,,,,,,,,,,,,,,,,,,,,
P14430,326,P14430,,Eukaryota,Mus musculus,10090,,,1,21,,306,326,ECO:0000255,,,,,,,,,,,,,,,,,,,,,,,,,,,
Q8K0D2,558,Q8K0D2,,Eukaryota,Mus musculus,10090,,,1,23,ECO:0000250,,,,,,,,,,,,,,,,,,,,,,,,,,,,,,
Q30201,348,Q30201,"B2CKL0, O75929, O75930, O75931, Q17RT0, Q96KU5, Q96KU6, Q96KU7, Q96KU8, Q9HC64, Q9HC68, Q9HC70, Q9HC83",Eukaryota,Homo sapiens,9606,,,1,22,,307,330,ECO:0000255,,,,,,,,,,,,,,,,,,,,,,,,,,,
P04196,525,P04196,"B9EK35, D3DNU7",Eukaryota,Homo sapiens,9606,,,1,18,ECO:0000269,,,,,,,,,,,,,,,,,,,,,,,,,,,,,,
P03980,138,P03980,,Eukaryota,Mus musculus,10090,,,1,20,,,,,,,,,,,,,,,,,,,,,,,,,,,,,,,
P21743,272,P21743,,Eukaryota,Rattus norvegicus,10116,,,1,25,ECO:0000269,,,,,,,,,,,,,,,,,,,,,,,,,,,,,,
Q9H293,177,Q9H293,"Q2M3F0, Q8IZV3, Q8WXB0",Eukaryota,Homo sapiens,9606,,,1,32,ECO:0000269,,,,,,,,,,,,,,,,,,,,,,,,,,,,,,
P22273,462,P22273,,Eukaryota,Rattus norvegicus,10116,,,1,19,,365,385,ECO:0000255,,,,,,,,,,,,,,,,,,,,,,,,,,,
P01325,108,P01325,"Q545I7, Q9D907",Eukaryota,Mus musculus,10090,,,1,24,ECO:0000269,,,,,,,,,,,,,,,,,,,,,,,,,,,,,,
Q6UWN8,80,Q6UWN8,"E0X656, Q8N5P0",Eukaryota,Homo sapiens,9606,,,1,23,ECO:0000269,,,,,,,,,,,,,,,,,,,,,,,,,,,,,,
P04431,117,P01597,"A0A0B4J1Z7, A0A0C4DH57, A0A0U1RVJ5, P01600, P01606, P01612, P04431",Eukaryota,Homo sapiens,9606,,,1,22,ECO:0000269,,,,,,,,,,,,,,,,,,,,,,,,,,,,,,
P11438,406,P11438,Q62020,Eukaryota,Mus musculus,10090,,,1,24,ECO:0000269,371,394,ECO:0000255,,,,,,,,,,,,,,,,,,,,,,,,,,,
P54318,468,P54318,,Eukaryota,Rattus norvegicus,10116,,,1,16,ECO:0000269,,,,,,,,,,,,,,,,,,,,,,,,,,,,,,
Q6UXK5,716,Q6UXK5,"Q3LID5, Q8IYV5, Q9H8V1, Q9P231",Eukaryota,Homo sapiens,9606,,,1,25,ECO:0000269,632,652,ECO:0000255,,,,,,,,,,,,,,,,,,,,,,,,,,,
P08751,169,P08751,P01234,Eukaryota,Equus caballus,9796,,,1,20,ECO:0000269,,,,,,,,,,,,,,,,,,,,,,,,,,,,,,
P27113,551,P27113,,Eukaryota,Oryctolagus cuniculus,9986,,,1,23,,496,517,ECO:0000255,,,,,,,,,,,,,,,,,,,,,,,,,,,
Q14703,1052,Q14703,"A8K6V8, Q24JQ2, Q9UF67",Eukaryota,Homo sapiens,9606,,,1,17,,999,1021,ECO:0000255,,,,,,,,,,,,,,,,,,,,,,,,,,,
P01183,166,P01183,,Eukaryota,Sus scrofa,9823,,,1,19,ECO:0000269,,,,,,,,,,,,,,,,,,,,,,,,,,,,,,
Q99519,415,Q99519,,Eukaryota,Homo sapiens,9606,,,1,47,ECO:0000269,,,,,,,,,,,,,,,,,,,,,,,,,,,,,,
Q62718,344,Q62718,,Eukaryota,Rattus norvegicus,10116,,,1,32,ECO:0000269,,,,,,,,,,,,,,,,,,,,,,,,,,,,,,
P16234,1089,P16234,"B2RE69, E9PBH0, Q6P4H5, Q96KZ7, Q9UD28",Eukaryota,Homo sapiens,9606,,,1,23,,529,549,ECO:0000255,,,,,,,,,,,,,,,,,,,,,,,,,,,
P35355,604,P35355,"Q64379, Q925V4",Eukaryota,Rattus norvegicus,10116,,,1,17,ECO:0000269,,,,,,,,,,,,,,,,,,,,,,,,,,,,,,
Q63434,158,Q63434,,Eukaryota,Rattus norvegicus,10116,,,1,23,,,,,,,,,,,,,,,,,,,,,,,,,,,,,,,
P29288,327,P29288,,Eukaryota,Rattus norvegicus,10116,,,1,22,ECO:0000269,,,,,,,,,,,,,,,,,,,,,,,,,,,,,,
P08289,524,P08289,"P14055, P70707",Eukaryota,Rattus norvegicus,10116,,,1,17,ECO:0000269,,,,,,,,,,,,,,,,,,,,,,,,,,,,,,
P80311,216,P80311,Q5E9F4,Eukaryota,Bos taurus,9913,,,1,33,ECO:0000269,,,,,,,,,,,,,,,,,,,,,,,,,,,,,,
P11465,335,P11465,"Q8TCD9, Q9UEA4, Q9UQ78",Eukaryota,Homo sapiens,9606,,,1,34,,,,,,,,,,,,,,,,,,,,,,,,,,,,,,,
P41222,190,P41222,"B2R727, Q5SQ10, Q7M4P3, Q9UC22, Q9UCC9, Q9UCD9",Eukaryota,Homo sapiens,9606,,,1,22,ECO:0000269,,,,,,,,,,,,,,,,,,,,,,,,,,,,,,
Q28173,416,Q28173,,Eukaryota,Bos taurus,9913,,,1,22,ECO:0000269,353,373,ECO:0000255,,,,,,,,,,,,,,,,,,,,,,,,,,,
P01348,182,P01348,,Eukaryota,Sus scrofa,9823,,,1,24,ECO:0000269,,,,,,,,,,,,,,,,,,,,,,,,,,,,,,
P27485,201,P27485,,Eukaryota,Sus scrofa,9823,,,1,18,ECO:0000269,,,,,,,,,,,,,,,,,,,,,,,,,,,,,,
P08904,154,P08904,"Q32L16, Q95324, Q9TUP9",Eukaryota,Bos taurus,9913,,,1,27,ECO:0000269,,,,,,,,,,,,,,,,,,,,,,,,,,,,,,
P35248,374,P35248,,Eukaryota,Rattus norvegicus,10116,,,1,19,ECO:0000269,,,,,,,,,,,,,,,,,,,,,,,,,,,,,,
Q8CEK3,90,Q8CEK3,,Eukaryota,Mus musculus,10090,,,1,23,ECO:0000269,,,,,,,,,,,,,,,,,,,,,,,,,,,,,,
O43291,252,O43291,"A8K667, B4DLU1, O00271, O14895, Q5TZQ3, Q969E0",Eukaryota,Homo sapiens,9606,,,1,27,ECO:0000269,198,218,ECO:0000255,,,,,,,,,,,,,,,,,,,,,,,,,,,
P36233,273,P36233,Q9GLL0,Eukaryota,Oryctolagus cuniculus,9986,,,1,17,ECO:0000269,,,,,,,,,,,,,,,,,,,,,,,,,,,,,,
P09533,390,P09533,,Eukaryota,Chlorocebus aethiops,9534,,,1,29,ECO:0000305,,,,,,,,,,,,,,,,,,,,,,,,,,,,,,
P25785,220,P25785,,Eukaryota,Mus musculus,10090,,,1,26,,,,,,,,,,,,,,,,,,,,,,,,,,,,,,,
Q15399,786,Q15399,"D1CS39, D1CS41, O15452, Q32MK3, Q32MK4, Q9UG90",Eukaryota,Homo sapiens,9606,,,1,24,ECO:0000269,581,601,ECO:0000255,,,,,,,,,,,,,,,,,,,,,,,,,,,
P01223,138,P01223,,Eukaryota,Bos taurus,9913,,,1,20,ECO:0000269,,,,,,,,,,,,,,,,,,,,,,,,,,,,,,
P04214,136,P04214,,Eukaryota,Mus musculus,10090,,,1,20,,,,,,,,,,,,,,,,,,,,,,,,,,,,,,,
Q6UX27,236,Q6UX27,"B6A8C6, D2DJS3, D2DJS4, Q496B6, Q496B7",Eukaryota,Homo sapiens,9606,,,1,16,ECO:0000269,136,156,ECO:0000255,,,,,,,,,,,,,,,,,,,,,,,,,,,
Q9UK55,444,Q9UK55,"A5Z2A5, Q6UWX9, Q86U20",Eukaryota,Homo sapiens,9606,,,1,21,ECO:0000269,,,,,,,,,,,,,,,,,,,,,,,,,,,,,,
P16188,365,P04439,"B1PKZ3, O02939, O02954, O02955, O02963, O19509, O19546, O19598, O19605, O19606, O19619, O19647, O19673, O19687, O19695, O19756, O19794, O19795, O43906, O43907, O46874, O62921, O62924, O77937, O77938, O77964, O78073, O78171, O98009, O98010, O98011, O98137, P01891, P01892, P05534, P06338, P10313, P10314, P10315, P10316, P13746, P16188, P16189, P16190, P18462, P30443, P30444, P30445, P30446, P30447, P30448, P30449, P30450, P30451, P30452, P30453, P30454, P30455, P30456, P30457, P30458, P30459, P30512, P30514, P79505, P79562, P79563, Q09160, Q29680, Q29747, Q29835, Q29837, Q29838, Q29899, Q29908, Q29909, Q29910, Q30208, Q31623, Q5S3G1, Q65A82, Q8MHM1, Q8MHN9, Q95352, Q95355, Q95362, Q95377, Q95380, Q95IZ5, Q9BCN0, Q9BD15, Q9BD19, Q9GJE6, Q9GJE7, Q9GJE8, Q9MW42, Q9MY89, Q9MYA3, Q9MYA5, Q9MYC4, Q9MYE6, Q9MYE9, Q9MYG4, Q9MYG5, Q9MYI5, Q9TP25, Q9TPQ3, Q9TPR8, Q9TPX8, Q9TPX9, Q9TPY0, Q9TQ24, Q9TQE8, Q9TQE9, Q9TQF1, Q9TQF5, Q9TQF8, Q9TQF9, Q9TQG0, Q9TQG5, Q9TQG7, Q9TQH5, Q9TQI3, Q9TQK5, Q9TQM6, Q9TQN5, Q9TQP5, Q9TQP6, Q9TQP7, Q9UIN1, Q9UIN2, Q9UIP7, Q9UQU3, Q9UQU6, Q9UQU7",Eukaryota,Homo sapiens,9606,,,1,24,ECO:0000269,309,332,ECO:0000255,,,,,,,,,,,,,,,,,,,,,,,,,,,
Q04826,362,P01889,"A0A2I6Q7B5, B0V0B8, G3GN01, O02862, O02956, O02957, O02960, O19555, O19556, O19595, O19615, O19624, O19625, O19627, O19641, O19651, O19675, O19692, O19758, O19779, O19783, O46702, O62897, O62901, O62915, O62917, O62919, O77933, O77959, O78053, O78138, O78160, O78163, O78172, O78173, O78180, O78217, O95730, O98140, P01890, P03989, P10317, P10318, P10319, P10320, P18463, P18464, P18465, P19373, P30460, P30461, P30462, P30463, P30464, P30465, P30466, P30467, P30468, P30469, P30470, P30471, P30472, P30473, P30474, P30475, P30476, P30477, P30478, P30479, P30480, P30481, P30482, P30483, P30484, P30485, P30486, P30487, P30488, P30489, P30490, P30491, P30492, P30493, P30494, P30495, P30496, P30497, P30498, P30513, P30685, P79489, P79490, P79496, P79504, P79523, P79524, P79542, P79555, Q04826, Q08136, Q29633, Q29636, Q29638, Q29661, Q29665, Q29678, Q29679, Q29681, Q29693, Q29695, Q29697, Q29718, Q29742, Q29749, Q29762, Q29764, Q29829, Q29836, Q29842, Q29845, Q29846, Q29847, Q29848, Q29850, Q29851, Q29852, Q29854, Q29855, Q29857, Q29858, Q29861, Q29924, Q29925, Q29933, Q29935, Q29936, Q29940, Q29953, Q29961, Q29982, Q30173, Q30198, Q31603, Q31610, Q31612, Q31613, Q546L8, Q546M4, Q5JP37, Q5QT24, Q5RIP1, Q5SRJ2, Q5TK76, Q5TK77, Q860I4, Q861B5, Q8HWF0, Q8MGQ3, Q8MHN4, Q8SNC5, Q95343, Q95344, Q95365, Q95369, Q95392, Q95HA3, Q95HA8, Q95HM9, Q95IA6, Q95IB8, Q95IH5, Q95J00, Q96IT9, Q9BCM6, Q9BCM7, Q9BCM8, Q9BD06, Q9BD38, Q9BD43, Q9GIL3, Q9GIM3, Q9GIX1, Q9GIY5, Q9GIZ0, Q9GIZ9, Q9GJ00, Q9GJ17, Q9GJ20, Q9GJ23, Q9GJ31, Q9GJF0, Q9GJM7, Q9MX21, Q9MY37, Q9MY42, Q9MY43, Q9MY61, Q9MY75, Q9MY78, Q9MY79, Q9MY84, Q9MY92, Q9MY93, Q9MY94, Q9MYB8, Q9MYC3, Q9MYC7, Q9MYF4, Q9MYG1, Q9TP35, Q9TP36, Q9TP37, Q9TP95, Q9TPQ7, Q9TPQ9, Q9TPR2, Q9TPR4, Q9TPS6, Q9TPT2, Q9TPT4, Q9TPT6, Q9TPV2, Q9TQG1, Q9TQH3, Q9TQH6, Q9TQH7, Q9TQH8, Q9TQH9, Q9TQM2, Q9TQN4, Q9TQN6, Q9UQS8, Q9UQT0",Eukaryota,Homo sapiens,9606,,,1,24,ECO:0000269,310,333,ECO:0000255,,,,,,,,,,,,,,,,,,,,,,,,,,,
P13765,273,P13765,"B0V0Y0, Q29746, Q29825, Q6FHC2",Eukaryota,Homo sapiens,9606,,,1,26,,225,245,ECO:0000255,,,,,,,,,,,,,,,,,,,,,,,,,,,
P28800,492,P28800,,Eukaryota,Bos taurus,9913,,,1,22,ECO:0000269,,,,,,,,,,,,,,,,,,,,,,,,,,,,,,
P09690,501,P09690,Q5F292,Eukaryota,Mus musculus,10090,,,1,23,,245,269,ECO:0000255,277,295,ECO:0000255,311,332,ECO:0000255,470,488,ECO:0000255,,,,,,,,,,,,,,,,,,
P16860,134,P16860,"B0ZBE9, Q6FGY0, Q9P2Q7",Eukaryota,Homo sapiens,9606,,,1,26,ECO:0000269,,,,,,,,,,,,,,,,,,,,,,,,,,,,,,
P24259,150,P24259,,Eukaryota,Sus scrofa,9823,,,1,24,ECO:0000269,,,,,,,,,,,,,,,,,,,,,,,,,,,,,,
Q03472,202,Q03472,,Eukaryota,Sus scrofa,9823,,,1,28,ECO:0000269,,,,,,,,,,,,,,,,,,,,,,,,,,,,,,
Q6UW56,229,Q6UW56,"A8C1S2, A8K779, Q96FF6, Q96RT2, Q9Y2R7, Q9Y5L7",Eukaryota,Homo sapiens,9606,,,1,30,ECO:0000269,200,220,ECO:0000255,,,,,,,,,,,,,,,,,,,,,,,,,,,
P06760,648,P06760,,Eukaryota,Rattus norvegicus,10116,,,1,22,,,,,,,,,,,,,,,,,,,,,,,,,,,,,,,
P02746,253,P02746,"Q5T959, Q96H17",Eukaryota,Homo sapiens,9606,,,1,27,ECO:0000269,,,,,,,,,,,,,,,,,,,,,,,,,,,,,,
Q8N126,398,Q8N126,"Q8IZQ9, Q9NVJ5, Q9UJP1",Eukaryota,Homo sapiens,9606,,,1,24,ECO:0000269,331,351,ECO:0000255,,,,,,,,,,,,,,,,,,,,,,,,,,,
Q16790,459,Q16790,Q5T4R1,Eukaryota,Homo sapiens,9606,,,1,37,ECO:0000269,415,435,ECO:0000255,,,,,,,,,,,,,,,,,,,,,,,,,,,
P39037,232,P39037,,Eukaryota,Sus scrofa,9823,,,1,15,ECO:0000269,,,,,,,,,,,,,,,,,,,,,,,,,,,,,,
P80098,99,P80098,Q569J6,Eukaryota,Homo sapiens,9606,,,1,23,ECO:0000269,,,,,,,,,,,,,,,,,,,,,,,,,,,,,,
P06127,495,P06127,"A0N0P4, A8K9I3",Eukaryota,Homo sapiens,9606,,,1,24,,373,402,ECO:0000255,,,,,,,,,,,,,,,,,,,,,,,,,,,
Q03311,603,Q03311,Q543J3,Eukaryota,Mus musculus,10090,,,1,29,,,,,,,,,,,,,,,,,,,,,,,,,,,,,,,
P12960,1020,P12960,"Q6NXV7, Q8BR42, Q8C6A0",Eukaryota,Mus musculus,10090,,,1,20,,,,,,,,,,,,,,,,,,,,,,,,,,,,,,,
P11087,1453,P11087,"Q53WT0, Q60635, Q61367, Q61427, Q63919, Q6PCL3, Q810J9",Eukaryota,Mus musculus,10090,,,1,22,,,,,,,,,,,,,,,,,,,,,,,,,,,,,,,
Q03401,244,Q03401,,Eukaryota,Mus musculus,10090,,,1,19,,,,,,,,,,,,,,,,,,,,,,,,,,,,,,,
Q07325,125,Q07325,Q503B4,Eukaryota,Homo sapiens,9606,,,1,22,ECO:0000269,,,,,,,,,,,,,,,,,,,,,,,,,,,,,,
P21460,140,P21460,Q544Y0,Eukaryota,Mus musculus,10090,,,1,20,,,,,,,,,,,,,,,,,,,,,,,,,,,,,,,
P52798,201,P52798,"C9JHJ8, G3XAK2, O95457, Q5SR71, Q6FI57",Eukaryota,Homo sapiens,9606,,,1,25,ECO:0000269,,,,,,,,,,,,,,,,,,,,,,,,,,,,,,
P12337,565,P12337,O77540,Eukaryota,Oryctolagus cuniculus,9986,,,1,18,ECO:0000269,,,,,,,,,,,,,,,,,,,,,,,,,,,,,,
P22607,806,P22607,"D3DVP9, D3DVQ0, Q14308, Q16294, Q16608, Q59FL9",Eukaryota,Homo sapiens,9606,,,1,22,,376,396,ECO:0000255,,,,,,,,,,,,,,,,,,,,,,,,,,,
P12799,444,P12799,,Eukaryota,Bos taurus,9913,,,1,24,ECO:0000269,,,,,,,,,,,,,,,,,,,,,,,,,,,,,,
Q9NPG1,666,Q9NPG1,A8K615,Eukaryota,Homo sapiens,9606,,,1,22,ECO:0000269,206,226,ECO:0000255,238,258,ECO:0000255,289,309,ECO:0000255,329,349,ECO:0000255,375,395,ECO:0000255,421,441,ECO:0000255,478,498,ECO:0000255,,,,,,,,,
P55885,107,P55885,,Eukaryota,Equus caballus,9796,,,1,21,,,,,,,,,,,,,,,,,,,,,,,,,,,,,,,
P35052,558,P35052,"B3KTD1, Q53QM4",Eukaryota,Homo sapiens,9606,,,1,23,ECO:0000269,,,,,,,,,,,,,,,,,,,,,,,,,,,,,,
Q86Y34,549,Q86Y34,"Q6ZMF4, Q86SL9, Q8IZF1",Eukaryota,Homo sapiens,9606,,,1,20,ECO:0000269,271,295,"ECO:0000269, ECO:0007744",305,326,"ECO:0000269, ECO:0007744",339,364,"ECO:0000269, ECO:0007744",379,400,"ECO:0000269, ECO:0007744",429,454,"ECO:0000269, ECO:0007744",475,495,"ECO:0000269, ECO:0007744",502,525,"ECO:0000269, ECO:0007744",,,,,,,,,
P28798,589,P28798,,Eukaryota,Mus musculus,10090,,,1,17,ECO:0000269,,,,,,,,,,,,,,,,,,,,,,,,,,,,,,
P07492,148,P07492,"P07491, P81553, Q14454, Q53YA0, Q9BSY7",Eukaryota,Homo sapiens,9606,,,1,23,ECO:0000250,,,,,,,,,,,,,,,,,,,,,,,,,,,,,,
P01902,368,P01902,,Eukaryota,Mus musculus,10090,,,1,21,ECO:0000269,306,328,ECO:0000255,,,,,,,,,,,,,,,,,,,,,,,,,,,
P05536,254,P01909,"O19630, O19706, P01907, P01908, P04225, P04226, P05536, P79553, Q06751, Q29876, Q29994, Q2Q6Y6, Q2Q6Y7, Q2Q6Y8, Q2WCM3, Q30064, Q30067, Q30068, Q30070, Q30071, Q30072, Q30073, Q30086, Q30101, Q5Y7D5, Q5Y7F5, Q6ICU6, Q6PR46, Q6QDB1, Q860W2, Q860W4, Q9BD37, Q9TPM3, Q9UM31",Eukaryota,Homo sapiens,9606,,,1,23,ECO:0000269,217,239,ECO:0000255,,,,,,,,,,,,,,,,,,,,,,,,,,,
P13763,258,P04440,"A0PFJ7, A5I886, A8YPB3, B5U8B4, B7VF80, B7VF87, B8ZX68, B8ZYT0, B9W5S8, B9W6F7, B9W6F9, C0MPP5, C0MPQ2, C0MPQ3, C0MPQ5, C0MPQ6, C0MPQ7, C4R9J5, C5IZL1, O00259, O19698, O19700, O19702, O19749, O46884, O77952, O98215, O98216, O98217, O98218, O98219, O98222, O98223, P01916, P04232, P13763, P79493, P79608, Q0P0L4, Q0ZFN3, Q14279, Q27S71, Q29682, Q29684, Q29698, Q29714, Q29775, Q29776, Q29778, Q29779, Q29781, Q29827, Q29828, Q29879, Q29880, Q29898, Q29977, Q2MGW3, Q30015, Q30031, Q30032, Q30033, Q30034, Q30050, Q30051, Q30052, Q30053, Q30054, Q30055, Q30174, Q4GY31, Q4JHD8, Q5ENE0, Q5ENE1, Q5ENW3, Q5EP46, Q5EP47, Q5EP49, Q5EP51, Q5EP52, Q5EP53, Q5EP56, Q5I4H8, Q5I4H9, Q5ISH4, Q5ISH5, Q5SQ73, Q5STP2, Q5YLA6, Q6IVX1, Q6LBX2, Q6LBX3, Q6LBX4, Q6LBX5, Q6LBX6, Q6LBX7, Q6PWX6, Q6TAS4, Q714U1, Q714U2, Q7YQ10, Q860Z7, Q8HWL7, Q8HWT5, Q8SNC4, Q95HC1, Q95IT7, Q95IT8, Q9BD13, Q9GIM2, Q9GIM4, Q9GIX6, Q9GJ41, Q9MY67, Q9TNT7, Q9TQE2, Q9XS11, Q9XS12",Eukaryota,Homo sapiens,9606,,,1,29,,226,246,ECO:0000255,,,,,,,,,,,,,,,,,,,,,,,,,,,
P01795,144,P01795,,Eukaryota,Mus musculus,10090,,,1,19,ECO:0000269,,,,,,,,,,,,,,,,,,,,,,,,,,,,,,
P01635,115,P01635,,Eukaryota,Mus musculus,10090,,,1,20,,,,,,,,,,,,,,,,,,,,,,,,,,,,,,,
P16301,438,P16301,Q8K139,Eukaryota,Mus musculus,10090,,,1,24,ECO:0000250,,,,,,,,,,,,,,,,,,,,,,,,,,,,,,
P07098,398,P07098,"B7Z723, F5H1P4, Q2M1P6, Q5VXI7, Q5VXI8, Q658L8",Eukaryota,Homo sapiens,9606,,,1,19,ECO:0000269,,,,,,,,,,,,,,,,,,,,,,,,,,,,,,
P67977,148,P67977,P07232,Eukaryota,Semnopithecus entellus,88029,,,1,18,ECO:0000269,,,,,,,,,,,,,,,,,,,,,,,,,,,,,,
Q63345,245,Q63345,,Eukaryota,Rattus norvegicus,10116,,,1,27,ECO:0000269,156,176,ECO:0000255,209,229,ECO:0000255,,,,,,,,,,,,,,,,,,,,,,,,
Q9Y639,398,Q9Y639,"B2RAL7, B7Z4D3, B7ZLL2, Q17R52, Q59EJ9, Q6NVX7, Q9Y640",Eukaryota,Homo sapiens,9606,,,1,28,,340,360,"ECO:0000269, ECO:0007744",,,,,,,,,,,,,,,,,,,,,,,,,,,
P09466,180,P09466,"Q5T6T1, Q9UG92",Eukaryota,Homo sapiens,9606,,,1,18,ECO:0000269,,,,,,,,,,,,,,,,,,,,,,,,,,,,,,
P01299,93,P01299,,Eukaryota,Canis lupus familiaris,9615,,,1,29,ECO:0000269,,,,,,,,,,,,,,,,,,,,,,,,,,,,,,
P05121,402,P05121,"B7Z4S0, F8WD53",Eukaryota,Homo sapiens,9606,,,1,23,,,,,,,,,,,,,,,,,,,,,,,,,,,,,,,
P01127,241,P01127,"G3XAG8, P78431, Q15354, Q6FHE7, Q9UF23",Eukaryota,Homo sapiens,9606,,,1,20,,,,,,,,,,,,,,,,,,,,,,,,,,,,,,,
P11598,505,P11598,,Eukaryota,Rattus norvegicus,10116,,,1,24,ECO:0000269,,,,,,,,,,,,,,,,,,,,,,,,,,,,,,
P11489,388,P11489,,Eukaryota,Macaca mulatta,9544,,,1,15,,,,,,,,,,,,,,,,,,,,,,,,,,,,,,,
P11117,423,P11117,"E9PCI1, Q561W5, Q9BTU7",Eukaryota,Homo sapiens,9606,,,1,30,,381,401,ECO:0000255,,,,,,,,,,,,,,,,,,,,,,,,,,,
P63089,168,P63089,P20935,Eukaryota,Mus musculus,10090,,,1,32,,,,,,,,,,,,,,,,,,,,,,,,,,,,,,,
P25031,175,P25031,"Q64102, Q64231",Eukaryota,Rattus norvegicus,10116,,,1,26,ECO:0000269,,,,,,,,,,,,,,,,,,,,,,,,,,,,,,
P18575,129,P18575,,Eukaryota,Neogale vison,452646,,,1,18,ECO:0000250,,,,,,,,,,,,,,,,,,,,,,,,,,,,,,
P04279,462,P04279,"Q53ZV0, Q53ZV1, Q53ZV2, Q6X4I9, Q6Y809, Q6Y822, Q6Y823, Q86U64, Q96QM3",Eukaryota,Homo sapiens,9606,,,1,23,,,,,,,,,,,,,,,,,,,,,,,,,,,,,,,
Q28862,310,Q28862,,Eukaryota,Bos taurus,9913,,,1,16,ECO:0000269,,,,,,,,,,,,,,,,,,,,,,,,,,,,,,
P60042,116,P60042,P01167,Eukaryota,Rattus norvegicus,10116,,,1,24,ECO:0000269,,,,,,,,,,,,,,,,,,,,,,,,,,,,,,
Q7TMF5,413,Q7TMF5,Q9CQ32,Eukaryota,Mus musculus,10090,,,1,20,ECO:0000269,,,,,,,,,,,,,,,,,,,,,,,,,,,,,,
P08842,583,P08842,B2RA47,Eukaryota,Homo sapiens,9606,,,1,21,ECO:0000269,185,208,ECO:0000269,213,234,ECO:0000269,,,,,,,,,,,,,,,,,,,,,,,,
P13385,188,P13385,Q8TCC1,Eukaryota,Homo sapiens,9606,,,1,30,ECO:0000269,,,,,,,,,,,,,,,,,,,,,,,,,,,,,,
P30931,292,P30931,Q08DD5,Eukaryota,Bos taurus,9913,,,1,35,,249,271,ECO:0000255,,,,,,,,,,,,,,,,,,,,,,,,,,,
P35577,418,P35577,,Eukaryota,Rattus norvegicus,10116,,,1,20,,,,,,,,,,,,,,,,,,,,,,,,,,,,,,,
P01830,161,P01830,,Eukaryota,Rattus norvegicus,10116,,,1,19,ECO:0000269,,,,,,,,,,,,,,,,,,,,,,,,,,,,,,
P12656,138,P12656,,Eukaryota,Mus musculus,10090,,,1,20,,,,,,,,,,,,,,,,,,,,,,,,,,,,,,,
Q28388,180,Q28388,,Eukaryota,Equus caballus,9796,,,1,18,ECO:0000269,,,,,,,,,,,,,,,,,,,,,,,,,,,,,,
Q7Z5L0,202,Q7Z5L0,"C9JQ15, E9PAU9, E9PGP4, Q3SXP1, Q8IUY1",Eukaryota,Homo sapiens,9606,,,1,24,ECO:0000269,,,,,,,,,,,,,,,,,,,,,,,,,,,,,,
P25311,298,P25311,"D6W5T8, O60386, Q5XKQ4, Q8N4N0",Eukaryota,Homo sapiens,9606,,,1,20,ECO:0000269,,,,,,,,,,,,,,,,,,,,,,,,,,,,,,
P05534,365,P04439,"B1PKZ3, O02939, O02954, O02955, O02963, O19509, O19546, O19598, O19605, O19606, O19619, O19647, O19673, O19687, O19695, O19756, O19794, O19795, O43906, O43907, O46874, O62921, O62924, O77937, O77938, O77964, O78073, O78171, O98009, O98010, O98011, O98137, P01891, P01892, P05534, P06338, P10313, P10314, P10315, P10316, P13746, P16188, P16189, P16190, P18462, P30443, P30444, P30445, P30446, P30447, P30448, P30449, P30450, P30451, P30452, P30453, P30454, P30455, P30456, P30457, P30458, P30459, P30512, P30514, P79505, P79562, P79563, Q09160, Q29680, Q29747, Q29835, Q29837, Q29838, Q29899, Q29908, Q29909, Q29910, Q30208, Q31623, Q5S3G1, Q65A82, Q8MHM1, Q8MHN9, Q95352, Q95355, Q95362, Q95377, Q95380, Q95IZ5, Q9BCN0, Q9BD15, Q9BD19, Q9GJE6, Q9GJE7, Q9GJE8, Q9MW42, Q9MY89, Q9MYA3, Q9MYA5, Q9MYC4, Q9MYE6, Q9MYE9, Q9MYG4, Q9MYG5, Q9MYI5, Q9TP25, Q9TPQ3, Q9TPR8, Q9TPX8, Q9TPX9, Q9TPY0, Q9TQ24, Q9TQE8, Q9TQE9, Q9TQF1, Q9TQF5, Q9TQF8, Q9TQF9, Q9TQG0, Q9TQG5, Q9TQG7, Q9TQH5, Q9TQI3, Q9TQK5, Q9TQM6, Q9TQN5, Q9TQP5, Q9TQP6, Q9TQP7, Q9UIN1, Q9UIN2, Q9UIP7, Q9UQU3, Q9UQU6, Q9UQU7",Eukaryota,Homo sapiens,9606,,,1,24,ECO:0000269,309,332,ECO:0000255,,,,,,,,,,,,,,,,,,,,,,,,,,,
P30685,362,P01889,"A0A2I6Q7B5, B0V0B8, G3GN01, O02862, O02956, O02957, O02960, O19555, O19556, O19595, O19615, O19624, O19625, O19627, O19641, O19651, O19675, O19692, O19758, O19779, O19783, O46702, O62897, O62901, O62915, O62917, O62919, O77933, O77959, O78053, O78138, O78160, O78163, O78172, O78173, O78180, O78217, O95730, O98140, P01890, P03989, P10317, P10318, P10319, P10320, P18463, P18464, P18465, P19373, P30460, P30461, P30462, P30463, P30464, P30465, P30466, P30467, P30468, P30469, P30470, P30471, P30472, P30473, P30474, P30475, P30476, P30477, P30478, P30479, P30480, P30481, P30482, P30483, P30484, P30485, P30486, P30487, P30488, P30489, P30490, P30491, P30492, P30493, P30494, P30495, P30496, P30497, P30498, P30513, P30685, P79489, P79490, P79496, P79504, P79523, P79524, P79542, P79555, Q04826, Q08136, Q29633, Q29636, Q29638, Q29661, Q29665, Q29678, Q29679, Q29681, Q29693, Q29695, Q29697, Q29718, Q29742, Q29749, Q29762, Q29764, Q29829, Q29836, Q29842, Q29845, Q29846, Q29847, Q29848, Q29850, Q29851, Q29852, Q29854, Q29855, Q29857, Q29858, Q29861, Q29924, Q29925, Q29933, Q29935, Q29936, Q29940, Q29953, Q29961, Q29982, Q30173, Q30198, Q31603, Q31610, Q31612, Q31613, Q546L8, Q546M4, Q5JP37, Q5QT24, Q5RIP1, Q5SRJ2, Q5TK76, Q5TK77, Q860I4, Q861B5, Q8HWF0, Q8MGQ3, Q8MHN4, Q8SNC5, Q95343, Q95344, Q95365, Q95369, Q95392, Q95HA3, Q95HA8, Q95HM9, Q95IA6, Q95IB8, Q95IH5, Q95J00, Q96IT9, Q9BCM6, Q9BCM7, Q9BCM8, Q9BD06, Q9BD38, Q9BD43, Q9GIL3, Q9GIM3, Q9GIX1, Q9GIY5, Q9GIZ0, Q9GIZ9, Q9GJ00, Q9GJ17, Q9GJ20, Q9GJ23, Q9GJ31, Q9GJF0, Q9GJM7, Q9MX21, Q9MY37, Q9MY42, Q9MY43, Q9MY61, Q9MY75, Q9MY78, Q9MY79, Q9MY84, Q9MY92, Q9MY93, Q9MY94, Q9MYB8, Q9MYC3, Q9MYC7, Q9MYF4, Q9MYG1, Q9TP35, Q9TP36, Q9TP37, Q9TP95, Q9TPQ7, Q9TPQ9, Q9TPR2, Q9TPR4, Q9TPS6, Q9TPT2, Q9TPT4, Q9TPT6, Q9TPV2, Q9TQG1, Q9TQH3, Q9TQH6, Q9TQH7, Q9TQH8, Q9TQH9, Q9TQM2, Q9TQN4, Q9TQN6, Q9UQS8, Q9UQT0",Eukaryota,Homo sapiens,9606,,,1,24,ECO:0000269,310,333,ECO:0000255,,,,,,,,,,,,,,,,,,,,,,,,,,,
P02709,457,P02709,,Eukaryota,Bos taurus,9913,,,1,20,,231,255,,263,281,,297,316,,429,447,,,,,,,,,,,,,,,,,,,
P04758,505,P04758,A6QL86,Eukaryota,Bos taurus,9913,,,1,24,,246,270,ECO:0000255,278,295,ECO:0000255,312,333,ECO:0000255,474,492,ECO:0000255,,,,,,,,,,,,,,,,,,
Q9GL10,329,Q9GL10,,Eukaryota,Ovis aries,9940,,,1,17,,,,,,,,,,,,,,,,,,,,,,,,,,,,,,,
O43827,346,O43827,"B2R9B2, F1T0A6, Q4ZGK4",Eukaryota,Homo sapiens,9606,,,1,26,ECO:0000269,,,,,,,,,,,,,,,,,,,,,,,,,,,,,,
P11859,477,P11859,,Eukaryota,Mus musculus,10090,,,1,24,ECO:0000305,,,,,,,,,,,,,,,,,,,,,,,,,,,,,,
P18659,99,P18659,,Eukaryota,Macaca fascicularis,9541,,,1,20,ECO:0000269,,,,,,,,,,,,,,,,,,,,,,,,,,,,,,
P18287,311,P18287,,Eukaryota,Oryctolagus cuniculus,9986,,,1,18,ECO:0000255,,,,,,,,,,,,,,,,,,,,,,,,,,,,,,
P17405,631,P17405,"A8K8M3, E9PKS3, P17406, Q13811, Q16837, Q16841",Eukaryota,Homo sapiens,9606,,,1,46,,,,,,,,,,,,,,,,,,,,,,,,,,,,,,,
P08236,651,P08236,"B4E1F6, E9PCV0, Q549U0, Q96CL9",Eukaryota,Homo sapiens,9606,,,1,22,ECO:0000269,,,,,,,,,,,,,,,,,,,,,,,,,,,,,,
Q9BXJ0,243,Q9BXJ0,"A6NDD3, B0YJ35, Q335M2, Q8N6P2, Q9UFX4",Eukaryota,Homo sapiens,9606,,,1,15,ECO:0000269,,,,,,,,,,,,,,,,,,,,,,,,,,,,,,
P05814,226,P05814,"Q4VAZ9, Q9UCM5",Eukaryota,Homo sapiens,9606,,,1,15,ECO:0000269,,,,,,,,,,,,,,,,,,,,,,,,,,,,,,
P02668,190,P02668,"O46566, Q597F3, Q6U205, Q9N271, Q9TRQ3, Q9TV96, Q9TV97",Eukaryota,Bos taurus,9913,,,1,21,ECO:0000269,,,,,,,,,,,,,,,,,,,,,,,,,,,,,,
P78556,96,P78556,"Q53S51, Q99664",Eukaryota,Homo sapiens,9606,,,1,26,ECO:0000269,,,,,,,,,,,,,,,,,,,,,,,,,,,,,,
P08921,344,P08921,"F1M9W7, Q5I0M6",Eukaryota,Rattus norvegicus,10116,,,1,22,,203,228,ECO:0000255,,,,,,,,,,,,,,,,,,,,,,,,,,,
P24161,164,P24161,"P29020, Q9D3G3",Eukaryota,Mus musculus,10090,,,1,21,,31,51,ECO:0000255,,,,,,,,,,,,,,,,,,,,,,,,,,,
P31358,61,P31358,"Q5T138, Q9BW46",Eukaryota,Homo sapiens,9606,,,1,24,ECO:0000269,,,,,,,,,,,,,,,,,,,,,,,,,,,,,,
P05541,208,P05541,,Eukaryota,Rattus norvegicus,10116,,,1,21,,169,189,ECO:0000255,,,,,,,,,,,,,,,,,,,,,,,,,,,
P07882,612,P07882,P14722,Eukaryota,Rattus norvegicus,10116,,,1,20,,,,,,,,,,,,,,,,,,,,,,,,,,,,,,,
O95813,267,O95813,"Q6ISJ1, Q6ISJ6, Q6ISQ2, Q6ISS1",Eukaryota,Homo sapiens,9606,,,1,17,ECO:0000269,,,,,,,,,,,,,,,,,,,,,,,,,,,,,,
Q15782,390,Q15782,"A6NNY3, B4DPR7, Q15749, Q15783, Q5VUV7, Q96F97",Eukaryota,Homo sapiens,9606,,,1,26,,,,,,,,,,,,,,,,,,,,,,,,,,,,,,,
Q6UW78,93,Q6UW78,Q5FVD5,Eukaryota,Homo sapiens,9606,,,,,,8,28,ECO:0000255,,,,,,,,,,,,,,,,,,,,,,,,,,,
P42916,321,P42916,"Q1LZ84, Q8WMF4",Eukaryota,Bos taurus,9913,,,1,20,,,,,,,,,,,,,,,,,,,,,,,,,,,,,,,
P06681,752,P06681,"B4DPF3, B4DV20, E9PFN7, O19694, Q13904",Eukaryota,Homo sapiens,9606,,,1,20,ECO:0000269,,,,,,,,,,,,,,,,,,,,,,,,,,,,,,
Q07092,1604,Q07092,"Q16593, Q59F89, Q71RG9",Eukaryota,Homo sapiens,9606,,,1,21,ECO:0000269,,,,,,,,,,,,,,,,,,,,,,,,,,,,,,
P80162,114,P80162,"B2R4X3, Q4W5D4",Eukaryota,Homo sapiens,9606,,,1,37,ECO:0000269,,,,,,,,,,,,,,,,,,,,,,,,,,,,,,
P81999,358,P81999,,Eukaryota,Canis lupus familiaris,9615,,,1,22,ECO:0000269,,,,,,,,,,,,,,,,,,,,,,,,,,,,,,
P08419,269,P08419,,Eukaryota,Sus scrofa,9823,,,1,16,,,,,,,,,,,,,,,,,,,,,,,,,,,,,,,
O15197,1021,O15197,"A4D2I7, A8CDT5, D3DXD3, Q2TB23, Q2TB24",Eukaryota,Homo sapiens,9606,,,1,31,ECO:0000269,595,615,ECO:0000255,,,,,,,,,,,,,,,,,,,,,,,,,,,
P12318,317,P12318,"Q8WUN1, Q8WW64",Eukaryota,Homo sapiens,9606,,,1,33,ECO:0000269,218,240,ECO:0000255,,,,,,,,,,,,,,,,,,,,,,,,,,,
P01275,180,P01275,"A6NN65, Q53TP6",Eukaryota,Homo sapiens,9606,,,1,20,,,,,,,,,,,,,,,,,,,,,,,,,,,,,,,
P06343,263,P06343,Q31137,Eukaryota,Mus musculus,10090,,,1,27,,225,245,ECO:0000255,,,,,,,,,,,,,,,,,,,,,,,,,,,
P16212,359,P16212,,Eukaryota,Pongo pygmaeus,9600,,,1,18,,303,326,ECO:0000255,,,,,,,,,,,,,,,,,,,,,,,,,,,
P06331,123,P06331,"A0A0A0MS12, A0A0G2JP38",Eukaryota,Homo sapiens,9606,,,1,26,ECO:0000255,,,,,,,,,,,,,,,,,,,,,,,,,,,,,,
P06327,117,P06327,A0A075B5Y5,Eukaryota,Mus musculus,10090,,,1,19,,,,,,,,,,,,,,,,,,,,,,,,,,,,,,,
Q9Z0M9,193,Q9Z0M9,"Q4FJR8, Q4FK87, Q9CV30, Q9QUH2, Q9Z0N0",Eukaryota,Mus musculus,10090,,,1,28,ECO:0000269,,,,,,,,,,,,,,,,,,,,,,,,,,,,,,
Q9P0W0,207,Q9P0W0,Q5T166,Eukaryota,Homo sapiens,9606,,,1,27,ECO:0000269,,,,,,,,,,,,,,,,,,,,,,,,,,,,,,
P13232,177,P13232,"A0N0L3, Q5FBY5, Q5FBY9",Eukaryota,Homo sapiens,9606,,,1,25,,,,,,,,,,,,,,,,,,,,,,,,,,,,,,,
P05111,366,P05111,A8K8H5,Eukaryota,Homo sapiens,9606,,,1,18,,,,,,,,,,,,,,,,,,,,,,,,,,,,,,,
P17715,109,P17715,,Eukaryota,Octodon degus,10160,,,1,24,ECO:0000269,,,,,,,,,,,,,,,,,,,,,,,,,,,,,,
P06311,116,P01619,"A0A0B4J1Z6, P01620, P01621, P01622, P01623, P04206, P06311, P18135, P18136",Eukaryota,Homo sapiens,9606,,,1,20,ECO:0000269,,,,,,,,,,,,,,,,,,,,,,,,,,,,,,
P01680,129,P01680,,Eukaryota,Mus musculus,10090,,,1,22,,,,,,,,,,,,,,,,,,,,,,,,,,,,,,,
P00713,142,P00713,,Eukaryota,Cavia porcellus,10141,,,1,19,ECO:0000269,,,,,,,,,,,,,,,,,,,,,,,,,,,,,,
P13473,410,P13473,"A8K4X5, D3DTF0, Q16641, Q6Q3G8, Q96J30, Q99534, Q9UD93",Eukaryota,Homo sapiens,9606,,,1,28,ECO:0000269,376,399,ECO:0000255,,,,,,,,,,,,,,,,,,,,,,,,,,,
P04211,117,P04211,A0A0B4J1U2,Eukaryota,Homo sapiens,9606,,,1,19,ECO:0000255,,,,,,,,,,,,,,,,,,,,,,,,,,,,,,
O88188,162,O88188,"Q4VAF1, Q5D046",Eukaryota,Mus musculus,10090,,,1,19,ECO:0000269,,,,,,,,,,,,,,,,,,,,,,,,,,,,,,
P08905,148,P08905,"Q3TXG2, Q3U5Q2, Q3U690, Q8VE78",Eukaryota,Mus musculus,10090,,,1,18,ECO:0000269,,,,,,,,,,,,,,,,,,,,,,,,,,,,,,
O00754,1011,O00754,"G5E928, O15330, Q16680, Q93094, Q9BW13",Eukaryota,Homo sapiens,9606,,,1,49,ECO:0000269,,,,,,,,,,,,,,,,,,,,,,,,,,,,,,
P11717,2491,P11717,"Q7Z7G9, Q96PT5",Eukaryota,Homo sapiens,9606,,,1,40,ECO:0000269,2305,2327,ECO:0000255,,,,,,,,,,,,,,,,,,,,,,,,,,,
Q13421,622,Q13421,"D3DU65, Q14859, Q4VQD5, Q96GR6, Q96KJ5, Q9BR17, Q9BTR2, Q9UCB2, Q9UK57",Eukaryota,Homo sapiens,9606,,,1,36,ECO:0000269,,,,,,,,,,,,,,,,,,,,,,,,,,,,,,
P15941,1255,P15941,"A5YRV1, A6ZID9, A6ZIE0, B1AVQ8, B1AVR0, B6ECA1, E7ESE5, E7EUG9, P13931, P15942, P17626, Q0VAP5, Q0VAP6, Q14128, Q14876, Q16437, Q16442, Q16615, Q6S4Y3, Q7Z547, Q7Z548, Q7Z550, Q7Z552, Q9BXA4, Q9UE75, Q9UE76, Q9UQL1, Q9Y4J2",Eukaryota,Homo sapiens,9606,,,1,23,ECO:0000269,1159,1181,ECO:0000255,,,,,,,,,,,,,,,,,,,,,,,,,,,
Q99435,816,Q99435,"B7Z2U7, B7Z5Q4, B7Z9J5, B7Z9U3, Q96JS2",Eukaryota,Homo sapiens,9606,,,1,21,ECO:0000269,,,,,,,,,,,,,,,,,,,,,,,,,,,,,,
P80188,198,P80188,"A6NII8, B4DWV4, B7ZAA2, P30150, Q5SYV9, Q5SYW0, Q6FGL5, Q92683",Eukaryota,Homo sapiens,9606,,,1,20,ECO:0000269,,,,,,,,,,,,,,,,,,,,,,,,,,,,,,
P26203,137,P26203,,Eukaryota,Oryctolagus cuniculus,9986,,,1,20,ECO:0000269,,,,,,,,,,,,,,,,,,,,,,,,,,,,,,
P30101,505,P30101,"Q13453, Q14255, Q8IYF8, Q9UMU7",Eukaryota,Homo sapiens,9606,,,1,24,"ECO:0000269, ECO:0007744",,,,,,,,,,,,,,,,,,,,,,,,,,,,,,
Q9N2D3,388,Q9N2D3,,Eukaryota,Callithrix jacchus,9483,,,1,16,ECO:0000269,,,,,,,,,,,,,,,,,,,,,,,,,,,,,,
P49259,1463,P49259,,Eukaryota,Bos taurus,9913,,,1,20,ECO:0000269,1393,1421,ECO:0000255,,,,,,,,,,,,,,,,,,,,,,,,,,,
Q8NHP8,589,Q8NHP8,F5H5E2,Eukaryota,Homo sapiens,9606,,,1,41,ECO:0000269,,,,,,,,,,,,,,,,,,,,,,,,,,,,,,
P01240,229,P01240,Q28587,Eukaryota,Ovis aries,9940,,,1,30,ECO:0000269,,,,,,,,,,,,,,,,,,,,,,,,,,,,,,
P51456,178,P51456,,Eukaryota,Oryctolagus cuniculus,9986,,,1,20,ECO:0000269,,,,,,,,,,,,,,,,,,,,,,,,,,,,,,
P15501,199,P15501,,Eukaryota,Mus musculus,10090,,,1,18,,,,,,,,,,,,,,,,,,,,,,,,,,,,,,,
Q9GLX9,807,Q9GLX9,,Eukaryota,Bos taurus,9913,,,1,28,,,,,,,,,,,,,,,,,,,,,,,,,,,,,,,
P01137,390,P01137,"A8K792, Q9UCG4",Eukaryota,Homo sapiens,9606,,,1,29,ECO:0000269,,,,,,,,,,,,,,,,,,,,,,,,,,,,,,
P05543,415,P05543,D3DUX1,Eukaryota,Homo sapiens,9606,,,1,20,ECO:0000269,,,,,,,,,,,,,,,,,,,,,,,,,,,,,,
Q9GZM7,467,Q9GZM7,"A8K9Q5, B4DPK6, D3DPN8, Q8TEJ9, Q8WZ23, Q96GZ4, Q96JW3",Eukaryota,Homo sapiens,9606,,,1,21,ECO:0000269,,,,,,,,,,,,,,,,,,,,,,,,,,,,,,
Q9Y5U5,241,Q9Y5U5,"B1AME1, O95851, Q5U0I4, Q9NYJ9",Eukaryota,Homo sapiens,9606,,,1,25,ECO:0000269,163,183,ECO:0000255,,,,,,,,,,,,,,,,,,,,,,,,,,,
O14763,440,O14763,"O14720, O15508, O15517, O15531, Q6UXM8, Q7Z360, Q9BVE0",Eukaryota,Homo sapiens,9606,,,1,55,ECO:0000269,211,231,ECO:0000255,,,,,,,,,,,,,,,,,,,,,,,,,,,
Q969Z4,430,Q969Z4,"Q86V34, Q96JU1, Q9BUX7",Eukaryota,Homo sapiens,9606,,,1,25,ECO:0000269,163,183,ECO:0000255,,,,,,,,,,,,,,,,,,,,,,,,,,,
P07204,575,P07204,"Q8IV29, Q9UC32",Eukaryota,Homo sapiens,9606,,,1,18,ECO:0000269,516,539,ECO:0000255,,,,,,,,,,,,,,,,,,,,,,,,,,,
P07309,147,P07309,,Eukaryota,Mus musculus,10090,,,1,20,,,,,,,,,,,,,,,,,,,,,,,,,,,,,,,
P03978,115,P03978,,Eukaryota,Mus musculus,10090,,,1,18,,,,,,,,,,,,,,,,,,,,,,,,,,,,,,,
Q924B5,250,Q924B5,,Eukaryota,Rattus norvegicus,10116,,,1,25,ECO:0000269,,,,,,,,,,,,,,,,,,,,,,,,,,,,,,
Q9BS26,406,Q9BS26,"O60319, Q4VXC1, Q5VWZ7, Q6UW14, Q8WX67",Eukaryota,Homo sapiens,9606,,,1,29,,,,,,,,,,,,,,,,,,,,,,,,,,,,,,,
P19320,739,P19320,"A8K6R7, B4DKS4, E9PDD1, Q6NUP8",Eukaryota,Homo sapiens,9606,,,1,24,ECO:0000269,699,720,ECO:0000255,,,,,,,,,,,,,,,,,,,,,,,,,,,
P30450,365,P04439,"B1PKZ3, O02939, O02954, O02955, O02963, O19509, O19546, O19598, O19605, O19606, O19619, O19647, O19673, O19687, O19695, O19756, O19794, O19795, O43906, O43907, O46874, O62921, O62924, O77937, O77938, O77964, O78073, O78171, O98009, O98010, O98011, O98137, P01891, P01892, P05534, P06338, P10313, P10314, P10315, P10316, P13746, P16188, P16189, P16190, P18462, P30443, P30444, P30445, P30446, P30447, P30448, P30449, P30450, P30451, P30452, P30453, P30454, P30455, P30456, P30457, P30458, P30459, P30512, P30514, P79505, P79562, P79563, Q09160, Q29680, Q29747, Q29835, Q29837, Q29838, Q29899, Q29908, Q29909, Q29910, Q30208, Q31623, Q5S3G1, Q65A82, Q8MHM1, Q8MHN9, Q95352, Q95355, Q95362, Q95377, Q95380, Q95IZ5, Q9BCN0, Q9BD15, Q9BD19, Q9GJE6, Q9GJE7, Q9GJE8, Q9MW42, Q9MY89, Q9MYA3, Q9MYA5, Q9MYC4, Q9MYE6, Q9MYE9, Q9MYG4, Q9MYG5, Q9MYI5, Q9TP25, Q9TPQ3, Q9TPR8, Q9TPX8, Q9TPX9, Q9TPY0, Q9TQ24, Q9TQE8, Q9TQE9, Q9TQF1, Q9TQF5, Q9TQF8, Q9TQF9, Q9TQG0, Q9TQG5, Q9TQG7, Q9TQH5, Q9TQI3, Q9TQK5, Q9TQM6, Q9TQN5, Q9TQP5, Q9TQP6, Q9TQP7, Q9UIN1, Q9UIN2, Q9UIP7, Q9UQU3, Q9UQU6, Q9UQU7",Eukaryota,Homo sapiens,9606,,,1,24,ECO:0000269,309,332,ECO:0000255,,,,,,,,,,,,,,,,,,,,,,,,,,,
Q95365,362,P01889,"A0A2I6Q7B5, B0V0B8, G3GN01, O02862, O02956, O02957, O02960, O19555, O19556, O19595, O19615, O19624, O19625, O19627, O19641, O19651, O19675, O19692, O19758, O19779, O19783, O46702, O62897, O62901, O62915, O62917, O62919, O77933, O77959, O78053, O78138, O78160, O78163, O78172, O78173, O78180, O78217, O95730, O98140, P01890, P03989, P10317, P10318, P10319, P10320, P18463, P18464, P18465, P19373, P30460, P30461, P30462, P30463, P30464, P30465, P30466, P30467, P30468, P30469, P30470, P30471, P30472, P30473, P30474, P30475, P30476, P30477, P30478, P30479, P30480, P30481, P30482, P30483, P30484, P30485, P30486, P30487, P30488, P30489, P30490, P30491, P30492, P30493, P30494, P30495, P30496, P30497, P30498, P30513, P30685, P79489, P79490, P79496, P79504, P79523, P79524, P79542, P79555, Q04826, Q08136, Q29633, Q29636, Q29638, Q29661, Q29665, Q29678, Q29679, Q29681, Q29693, Q29695, Q29697, Q29718, Q29742, Q29749, Q29762, Q29764, Q29829, Q29836, Q29842, Q29845, Q29846, Q29847, Q29848, Q29850, Q29851, Q29852, Q29854, Q29855, Q29857, Q29858, Q29861, Q29924, Q29925, Q29933, Q29935, Q29936, Q29940, Q29953, Q29961, Q29982, Q30173, Q30198, Q31603, Q31610, Q31612, Q31613, Q546L8, Q546M4, Q5JP37, Q5QT24, Q5RIP1, Q5SRJ2, Q5TK76, Q5TK77, Q860I4, Q861B5, Q8HWF0, Q8MGQ3, Q8MHN4, Q8SNC5, Q95343, Q95344, Q95365, Q95369, Q95392, Q95HA3, Q95HA8, Q95HM9, Q95IA6, Q95IB8, Q95IH5, Q95J00, Q96IT9, Q9BCM6, Q9BCM7, Q9BCM8, Q9BD06, Q9BD38, Q9BD43, Q9GIL3, Q9GIM3, Q9GIX1, Q9GIY5, Q9GIZ0, Q9GIZ9, Q9GJ00, Q9GJ17, Q9GJ20, Q9GJ23, Q9GJ31, Q9GJF0, Q9GJM7, Q9MX21, Q9MY37, Q9MY42, Q9MY43, Q9MY61, Q9MY75, Q9MY78, Q9MY79, Q9MY84, Q9MY92, Q9MY93, Q9MY94, Q9MYB8, Q9MYC3, Q9MYC7, Q9MYF4, Q9MYG1, Q9TP35, Q9TP36, Q9TP37, Q9TP95, Q9TPQ7, Q9TPQ9, Q9TPR2, Q9TPR4, Q9TPS6, Q9TPT2, Q9TPT4, Q9TPT6, Q9TPV2, Q9TQG1, Q9TQH3, Q9TQH6, Q9TQH7, Q9TQH8, Q9TQH9, Q9TQM2, Q9TQN4, Q9TQN6, Q9UQS8, Q9UQT0",Eukaryota,Homo sapiens,9606,,,1,24,ECO:0000269,310,333,ECO:0000255,,,,,,,,,,,,,,,,,,,,,,,,,,,
P02764,205,P02764,,Eukaryota,Rattus norvegicus,10116,,,1,18,,,,,,,,,,,,,,,,,,,,,,,,,,,,,,,
P12725,416,P12725,,Eukaryota,Ovis aries,9940,,,1,24,ECO:0000269,,,,,,,,,,,,,,,,,,,,,,,,,,,,,,
Q15848,244,Q15848,Q58EX9,Eukaryota,Homo sapiens,9606,,,1,18,ECO:0000269,,,,,,,,,,,,,,,,,,,,,,,,,,,,,,
Q8TD06,166,Q8TD06,A4D120,Eukaryota,Homo sapiens,9606,,,1,21,ECO:0000269,,,,,,,,,,,,,,,,,,,,,,,,,,,,,,
P35859,603,P35859,,Eukaryota,Rattus norvegicus,10116,,,1,23,ECO:0000269,,,,,,,,,,,,,,,,,,,,,,,,,,,,,,
P21570,145,P21570,,Eukaryota,Mus musculus,10090,,,1,24,ECO:0000269,,,,,,,,,,,,,,,,,,,,,,,,,,,,,,
P01015,477,P01015,,Eukaryota,Rattus norvegicus,10116,,,1,24,ECO:0000269,,,,,,,,,,,,,,,,,,,,,,,,,,,,,,
P20933,346,P20933,"B2R7H2, D3DP47, Q4W5Q2, Q6FHN6, Q9UCK6, Q9UCK7, Q9UCK8",Eukaryota,Homo sapiens,9606,,,1,23,"ECO:0000269, ECO:0007744",,,,,,,,,,,,,,,,,,,,,,,,,,,,,,
O11780,683,O11780,,Eukaryota,Sus scrofa,9823,,,1,23,ECO:0000269,,,,,,,,,,,,,,,,,,,,,,,,,,,,,,
P43251,523,P43251,"A6NHF2, B2R865, B4DFX1, B4DLJ9, B7Z7C9, F8W1Q3, Q96EM9",Eukaryota,Homo sapiens,9606,,,1,21,ECO:0000255,,,,,,,,,,,,,,,,,,,,,,,,,,,,,,
Q9MYV1,128,Q9MYV1,,Eukaryota,Canis lupus familiaris,9615,,,1,25,ECO:0000269,,,,,,,,,,,,,,,,,,,,,,,,,,,,,,
P01257,136,P01257,,Eukaryota,Rattus norvegicus,10116,,,1,25,,,,,,,,,,,,,,,,,,,,,,,,,,,,,,,
O43852,315,O43852,"B3KPG9, D6QS48, D6QS49, D6QS50, D6QS51, D6QS52, D6QS53, D6QS54, D6QS55, D6QS56, D6QS57, D6QS58, D6QS59, F5H1Q9, F5H879, O60456, Q6FHB9, Q96RL3, Q9NR43",Eukaryota,Homo sapiens,9606,,,1,19,ECO:0000269,,,,,,,,,,,,,,,,,,,,,,,,,,,,,,
P79139,182,P79139,,Eukaryota,Camelus dromedarius,9838,,,1,20,,,,,,,,,,,,,,,,,,,,,,,,,,,,,,,
P09955,416,P09955,Q9XSP3,Eukaryota,Sus scrofa,9823,,,1,15,ECO:0000269,,,,,,,,,,,,,,,,,,,,,,,,,,,,,,
P97884,96,P97884,,Eukaryota,Rattus norvegicus,10116,,,1,26,ECO:0000269,,,,,,,,,,,,,,,,,,,,,,,,,,,,,,
Q15762,336,Q15762,B2R818,Eukaryota,Homo sapiens,9606,,,1,18,ECO:0000269,255,275,ECO:0000255,,,,,,,,,,,,,,,,,,,,,,,,,,,
Q00609,306,Q00609,Q61332,Eukaryota,Mus musculus,10090,,,1,37,,247,268,ECO:0000255,,,,,,,,,,,,,,,,,,,,,,,,,,,
Q91Z98,402,Q91Z98,"Q3V2C9, Q8VH43, Q8VHG1",Eukaryota,Mus musculus,10090,,,1,21,ECO:0000269,,,,,,,,,,,,,,,,,,,,,,,,,,,,,,
P02452,1464,P02452,"O76045, P78441, Q13896, Q13902, Q13903, Q14037, Q14992, Q15176, Q15201, Q16050, Q59F64, Q7KZ30, Q7KZ34, Q8IVI5, Q8N473, Q9UML6, Q9UMM7",Eukaryota,Homo sapiens,9606,,,1,22,,,,,,,,,,,,,,,,,,,,,,,,,,,,,,,
P08122,1707,P08122,"Q3B7C2, Q3TPV9, Q61375, Q66JS5, Q6RCT6, Q6RCT7, Q6U9X1, Q8BPI9, Q8BPK3, Q91VI3",Eukaryota,Mus musculus,10090,,,1,25,,,,,,,,,,,,,,,,,,,,,,,,,,,,,,,
P12109,1028,P12109,"O00117, O00118, Q14040, Q14041, Q16258, Q7Z645, Q9BSA8",Eukaryota,Homo sapiens,9606,,,1,19,,,,,,,,,,,,,,,,,,,,,,,,,,,,,,,
O75629,220,O75629,"B2RDD4, Q8N9A3",Eukaryota,Homo sapiens,9606,,,1,31,ECO:0000269,,,,,,,,,,,,,,,,,,,,,,,,,,,,,,
P54107,249,P54107,"B5BU98, O00698, Q13248, Q14082, Q96SF6",Eukaryota,Homo sapiens,9606,,,1,21,ECO:0000269,,,,,,,,,,,,,,,,,,,,,,,,,,,,,,
P01034,146,P01034,"B2R5J9, D3DW42, Q6FGW9",Eukaryota,Homo sapiens,9606,,,1,26,ECO:0000269,,,,,,,,,,,,,,,,,,,,,,,,,,,,,,
Q9H1M4,99,Q9H1M4,Q14DW7,Eukaryota,Homo sapiens,9606,,,1,20,ECO:0000269,,,,,,,,,,,,,,,,,,,,,,,,,,,,,,
P12724,160,P12724,"Q4VBC1, Q8WTP7, Q8WZ62, Q9GZN9",Eukaryota,Homo sapiens,9606,,,1,27,ECO:0000269,,,,,,,,,,,,,,,,,,,,,,,,,,,,,,
P08218,269,P08218,"Q14D16, Q6ISM5, Q96QV5",Eukaryota,Homo sapiens,9606,,,1,16,,,,,,,,,,,,,,,,,,,,,,,,,,,,,,,
P84039,477,P84039,Q5EAN9,Eukaryota,Rattus norvegicus,10116,,,1,24,ECO:0000269,432,452,ECO:0000305,,,,,,,,,,,,,,,,,,,,,,,,,,,
P01226,129,P01226,Q9TTJ9,Eukaryota,Equus caballus,9796,,,1,18,ECO:0000269,,,,,,,,,,,,,,,,,,,,,,,,,,,,,,
P17164,462,P17164,Q642C6,Eukaryota,Rattus norvegicus,10116,,,1,28,ECO:0000269,,,,,,,,,,,,,,,,,,,,,,,,,,,,,,
Q8BHN3,944,Q8BHN3,"O08794, Q149A6, Q80U81, Q9CS53",Eukaryota,Mus musculus,10090,,,1,32,ECO:0000269,,,,,,,,,,,,,,,,,,,,,,,,,,,,,,
P01215,116,P01215,,Eukaryota,Homo sapiens,9606,,,1,24,ECO:0000269,,,,,,,,,,,,,,,,,,,,,,,,,,,,,,
P28797,605,P28797,H0VD49,Eukaryota,Cavia porcellus,10141,,,1,17,ECO:0000269,,,,,,,,,,,,,,,,,,,,,,,,,,,,,,
P01901,369,P01901,,Eukaryota,Mus musculus,10090,,,1,21,ECO:0000269,306,328,ECO:0000255,,,,,,,,,,,,,,,,,,,,,,,,,,,
P01907,254,P01909,"O19630, O19706, P01907, P01908, P04225, P04226, P05536, P79553, Q06751, Q29876, Q29994, Q2Q6Y6, Q2Q6Y7, Q2Q6Y8, Q2WCM3, Q30064, Q30067, Q30068, Q30070, Q30071, Q30072, Q30073, Q30086, Q30101, Q5Y7D5, Q5Y7F5, Q6ICU6, Q6PR46, Q6QDB1, Q860W2, Q860W4, Q9BD37, Q9TPM3, Q9UM31",Eukaryota,Homo sapiens,9606,,,1,23,ECO:0000269,217,239,ECO:0000255,,,,,,,,,,,,,,,,,,,,,,,,,,,
P04440,258,P04440,"A0PFJ7, A5I886, A8YPB3, B5U8B4, B7VF80, B7VF87, B8ZX68, B8ZYT0, B9W5S8, B9W6F7, B9W6F9, C0MPP5, C0MPQ2, C0MPQ3, C0MPQ5, C0MPQ6, C0MPQ7, C4R9J5, C5IZL1, O00259, O19698, O19700, O19702, O19749, O46884, O77952, O98215, O98216, O98217, O98218, O98219, O98222, O98223, P01916, P04232, P13763, P79493, P79608, Q0P0L4, Q0ZFN3, Q14279, Q27S71, Q29682, Q29684, Q29698, Q29714, Q29775, Q29776, Q29778, Q29779, Q29781, Q29827, Q29828, Q29879, Q29880, Q29898, Q29977, Q2MGW3, Q30015, Q30031, Q30032, Q30033, Q30034, Q30050, Q30051, Q30052, Q30053, Q30054, Q30055, Q30174, Q4GY31, Q4JHD8, Q5ENE0, Q5ENE1, Q5ENW3, Q5EP46, Q5EP47, Q5EP49, Q5EP51, Q5EP52, Q5EP53, Q5EP56, Q5I4H8, Q5I4H9, Q5ISH4, Q5ISH5, Q5SQ73, Q5STP2, Q5YLA6, Q6IVX1, Q6LBX2, Q6LBX3, Q6LBX4, Q6LBX5, Q6LBX6, Q6LBX7, Q6PWX6, Q6TAS4, Q714U1, Q714U2, Q7YQ10, Q860Z7, Q8HWL7, Q8HWT5, Q8SNC4, Q95HC1, Q95IT7, Q95IT8, Q9BD13, Q9GIM2, Q9GIM4, Q9GIX6, Q9GJ41, Q9MY67, Q9TNT7, Q9TQE2, Q9XS11, Q9XS12",Eukaryota,Homo sapiens,9606,,,1,29,,226,246,ECO:0000255,,,,,,,,,,,,,,,,,,,,,,,,,,,
P18525,117,P18525,,Eukaryota,Mus musculus,10090,,,1,19,,,,,,,,,,,,,,,,,,,,,,,,,,,,,,,
P18065,325,P18065,"Q14619, Q9UCL3",Eukaryota,Homo sapiens,9606,,,1,35,,,,,,,,,,,,,,,,,,,,,,,,,,,,,,,
P05004,184,P05004,,Eukaryota,Equus caballus,9796,,,1,23,,,,,,,,,,,,,,,,,,,,,,,,,,,,,,,
P01576,186,P01576,,Eukaryota,Bos taurus,9913,,,1,21,,,,,,,,,,,,,,,,,,,,,,,,,,,,,,,
P01592,159,P01592,,Eukaryota,Mus musculus,10090,,,1,21,,,,,,,,,,,,,,,,,,,,,,,,,,,,,,,
P01323,110,P01323,,Eukaryota,Rattus norvegicus,10116,,,1,24,ECO:0000269,,,,,,,,,,,,,,,,,,,,,,,,,,,,,,
P51460,131,P51460,"B4DZ72, G3XAG0, Q3KPI5, Q3KPI6, Q6YNB5, Q9UEA2, Q9UPH6",Eukaryota,Homo sapiens,9606,,,1,20,ECO:0000269,,,,,,,,,,,,,,,,,,,,,,,,,,,,,,
P14617,1300,P14617,,Eukaryota,Cavia porcellus,10141,,,1,26,,922,943,ECO:0000255,,,,,,,,,,,,,,,,,,,,,,,,,,,
P30407,110,P30407,P01309,Eukaryota,Chlorocebus aethiops,9534,,,1,24,,,,,,,,,,,,,,,,,,,,,,,,,,,,,,,
P00996,79,P00996,Q56K02,Eukaryota,Bos taurus,9913,,,1,23,ECO:0000269,,,,,,,,,,,,,,,,,,,,,,,,,,,,,,
P18136,116,P01619,"A0A0B4J1Z6, P01620, P01621, P01622, P01623, P04206, P06311, P18135, P18136",Eukaryota,Homo sapiens,9606,,,1,20,ECO:0000269,,,,,,,,,,,,,,,,,,,,,,,,,,,,,,
P01633,149,P01633,,Eukaryota,Mus musculus,10090,,,1,29,ECO:0000269,,,,,,,,,,,,,,,,,,,,,,,,,,,,,,
P17046,411,P17046,"F1LLX8, Q6P6W1",Eukaryota,Rattus norvegicus,10116,,,1,26,ECO:0000269,377,400,ECO:0000255,,,,,,,,,,,,,,,,,,,,,,,,,,,
P04180,440,P04180,Q53XQ3,Eukaryota,Homo sapiens,9606,,,1,24,ECO:0000269,,,,,,,,,,,,,,,,,,,,,,,,,,,,,,
P51885,338,P51885,"Q3TP25, Q99JZ3, Q9CXK0",Eukaryota,Mus musculus,10090,,,1,18,,,,,,,,,,,,,,,,,,,,,,,,,,,,,,,
Q9JJS8,685,Q9JJS8,"Q9JJP3, Q9QX83, Q9QX84, Q9QX85, Q9QX86, Q9QX87, Q9QX88, Q9QX89, Q9QX90, Q9QX91, Q9QXD4, Q9WUZ0",Eukaryota,Rattus norvegicus,10116,,,1,19,ECO:0000269,,,,,,,,,,,,,,,,,,,,,,,,,,,,,,
P00770,247,P00770,,Eukaryota,Rattus norvegicus,10116,,,1,18,,,,,,,,,,,,,,,,,,,,,,,,,,,,,,,
Q61885,246,Q61885,"P70364, Q62003",Eukaryota,Mus musculus,10090,,,1,28,ECO:0000269,157,177,ECO:0000255,210,230,ECO:0000255,,,,,,,,,,,,,,,,,,,,,,,,
P28665,1476,P28665,"Q3UNE7, Q80XE6",Eukaryota,Mus musculus,10090,,,1,27,ECO:0000269,,,,,,,,,,,,,,,,,,,,,,,,,,,,,,
Q8N0W4,816,Q8N0W4,"Q6UX10, Q9ULG0",Eukaryota,Homo sapiens,9606,,,1,41,ECO:0000269,677,697,ECO:0000255,,,,,,,,,,,,,,,,,,,,,,,,,,,
Q16620,822,Q16620,"B1ANZ4, B4DFV9, Q16675, Q59GJ1, Q8WXJ5, Q8WXJ6, Q8WXJ7",Eukaryota,Homo sapiens,9606,,,1,31,,431,454,ECO:0000255,,,,,,,,,,,,,,,,,,,,,,,,,,,
Q9NRC9,128,Q9NRC9,"D3DW22, Q3MIU6",Eukaryota,Homo sapiens,9606,,,1,17,ECO:0000269,,,,,,,,,,,,,,,,,,,,,,,,,,,,,,
P00790,388,P0DJD8,"A8K749, B2R7D6, B7ZW75, P00790, Q7M4R0, Q8N1E3",Eukaryota,Homo sapiens,9606,,,1,15,ECO:0000269,,,,,,,,,,,,,,,,,,,,,,,,,,,,,,
P20142,388,P20142,"B4DVZ3, Q5T3D7, Q5T3D8",Eukaryota,Homo sapiens,9606,,,1,16,ECO:0000269,,,,,,,,,,,,,,,,,,,,,,,,,,,,,,
P10720,104,P10720,A1L4S0,Eukaryota,Homo sapiens,9606,,,1,30,ECO:0000269,,,,,,,,,,,,,,,,,,,,,,,,,,,,,,
P09619,1106,P09619,"B5A957, Q8N5L4",Eukaryota,Homo sapiens,9606,,,1,32,ECO:0000269,533,553,ECO:0000255,,,,,,,,,,,,,,,,,,,,,,,,,,,
P10619,480,P10619,"B2R798, Q561W6, Q5JZH1, Q96KJ2, Q9BR08, Q9BW68",Eukaryota,Homo sapiens,9606,,,1,28,"ECO:0000269, ECO:0007744",,,,,,,,,,,,,,,,,,,,,,,,,,,,,,
P06680,183,P06680,,Eukaryota,Mesocricetus auratus,10036,,,1,14,,,,,,,,,,,,,,,,,,,,,,,,,,,,,,,
Q95JC9,676,Q95JC9,"P84505, P84506, Q95JD0, Q95JD1",Eukaryota,Sus scrofa,9823,,,1,16,ECO:0000269,,,,,,,,,,,,,,,,,,,,,,,,,,,,,,
P20726,122,P20726,,Eukaryota,Mesocricetus auratus,10036,,,1,18,ECO:0000250,,,,,,,,,,,,,,,,,,,,,,,,,,,,,,
P01241,217,P01241,"A6NEF6, Q14405, Q16631, Q5EB53, Q9HBZ1, Q9UMJ7, Q9UNL5",Eukaryota,Homo sapiens,9606,,,1,26,ECO:0000269,,,,,,,,,,,,,,,,,,,,,,,,,,,,,,
O62643,161,O62643,,Eukaryota,Macaca mulatta,9544,,,1,19,,,,,,,,,,,,,,,,,,,,,,,,,,,,,,,
P35625,211,P35625,"B2RBY9, Q5THV4, Q9UC74, Q9UGS2",Eukaryota,Homo sapiens,9606,,,1,23,ECO:0000269,,,,,,,,,,,,,,,,,,,,,,,,,,,,,,
Q9NS68,423,Q9NS68,"A8KA09, A8KA26, B1AM40, B1AM41, B4E2I6, Q9BXZ9, Q9BY00, Q9NZV2",Eukaryota,Homo sapiens,9606,,,1,29,ECO:0000269,171,191,ECO:0000255,,,,,,,,,,,,,,,,,,,,,,,,,,,
Q07011,255,Q07011,,Eukaryota,Homo sapiens,9606,,,1,23,ECO:0000269,187,213,ECO:0000255,,,,,,,,,,,,,,,,,,,,,,,,,,,
O14798,259,O14798,"O14755, Q08AS6, Q6FH98, Q6UXM5",Eukaryota,Homo sapiens,9606,,,1,25,ECO:0000269,,,,,,,,,,,,,,,,,,,,,,,,,,,,,,
P19134,695,P19134,O46514,Eukaryota,Oryctolagus cuniculus,9986,,,1,19,ECO:0000269,,,,,,,,,,,,,,,,,,,,,,,,,,,,,,
P06325,135,P06325,,Eukaryota,Mus musculus,10090,,,1,18,,,,,,,,,,,,,,,,,,,,,,,,,,,,,,,
P36512,531,P36512,,Eukaryota,Oryctolagus cuniculus,9986,,,1,24,,495,511,ECO:0000255,,,,,,,,,,,,,,,,,,,,,,,,,,,
P30461,362,P01889,"A0A2I6Q7B5, B0V0B8, G3GN01, O02862, O02956, O02957, O02960, O19555, O19556, O19595, O19615, O19624, O19625, O19627, O19641, O19651, O19675, O19692, O19758, O19779, O19783, O46702, O62897, O62901, O62915, O62917, O62919, O77933, O77959, O78053, O78138, O78160, O78163, O78172, O78173, O78180, O78217, O95730, O98140, P01890, P03989, P10317, P10318, P10319, P10320, P18463, P18464, P18465, P19373, P30460, P30461, P30462, P30463, P30464, P30465, P30466, P30467, P30468, P30469, P30470, P30471, P30472, P30473, P30474, P30475, P30476, P30477, P30478, P30479, P30480, P30481, P30482, P30483, P30484, P30485, P30486, P30487, P30488, P30489, P30490, P30491, P30492, P30493, P30494, P30495, P30496, P30497, P30498, P30513, P30685, P79489, P79490, P79496, P79504, P79523, P79524, P79542, P79555, Q04826, Q08136, Q29633, Q29636, Q29638, Q29661, Q29665, Q29678, Q29679, Q29681, Q29693, Q29695, Q29697, Q29718, Q29742, Q29749, Q29762, Q29764, Q29829, Q29836, Q29842, Q29845, Q29846, Q29847, Q29848, Q29850, Q29851, Q29852, Q29854, Q29855, Q29857, Q29858, Q29861, Q29924, Q29925, Q29933, Q29935, Q29936, Q29940, Q29953, Q29961, Q29982, Q30173, Q30198, Q31603, Q31610, Q31612, Q31613, Q546L8, Q546M4, Q5JP37, Q5QT24, Q5RIP1, Q5SRJ2, Q5TK76, Q5TK77, Q860I4, Q861B5, Q8HWF0, Q8MGQ3, Q8MHN4, Q8SNC5, Q95343, Q95344, Q95365, Q95369, Q95392, Q95HA3, Q95HA8, Q95HM9, Q95IA6, Q95IB8, Q95IH5, Q95J00, Q96IT9, Q9BCM6, Q9BCM7, Q9BCM8, Q9BD06, Q9BD38, Q9BD43, Q9GIL3, Q9GIM3, Q9GIX1, Q9GIY5, Q9GIZ0, Q9GIZ9, Q9GJ00, Q9GJ17, Q9GJ20, Q9GJ23, Q9GJ31, Q9GJF0, Q9GJM7, Q9MX21, Q9MY37, Q9MY42, Q9MY43, Q9MY61, Q9MY75, Q9MY78, Q9MY79, Q9MY84, Q9MY92, Q9MY93, Q9MY94, Q9MYB8, Q9MYC3, Q9MYC7, Q9MYF4, Q9MYG1, Q9TP35, Q9TP36, Q9TP37, Q9TP95, Q9TPQ7, Q9TPQ9, Q9TPR2, Q9TPR4, Q9TPS6, Q9TPT2, Q9TPT4, Q9TPT6, Q9TPV2, Q9TQG1, Q9TQH3, Q9TQH6, Q9TQH7, Q9TQH8, Q9TQH9, Q9TQM2, Q9TQN4, Q9TQN6, Q9UQS8, Q9UQT0",Eukaryota,Homo sapiens,9606,,,1,24,ECO:0000269,310,333,ECO:0000255,,,,,,,,,,,,,,,,,,,,,,,,,,,
P30498,362,P01889,"A0A2I6Q7B5, B0V0B8, G3GN01, O02862, O02956, O02957, O02960, O19555, O19556, O19595, O19615, O19624, O19625, O19627, O19641, O19651, O19675, O19692, O19758, O19779, O19783, O46702, O62897, O62901, O62915, O62917, O62919, O77933, O77959, O78053, O78138, O78160, O78163, O78172, O78173, O78180, O78217, O95730, O98140, P01890, P03989, P10317, P10318, P10319, P10320, P18463, P18464, P18465, P19373, P30460, P30461, P30462, P30463, P30464, P30465, P30466, P30467, P30468, P30469, P30470, P30471, P30472, P30473, P30474, P30475, P30476, P30477, P30478, P30479, P30480, P30481, P30482, P30483, P30484, P30485, P30486, P30487, P30488, P30489, P30490, P30491, P30492, P30493, P30494, P30495, P30496, P30497, P30498, P30513, P30685, P79489, P79490, P79496, P79504, P79523, P79524, P79542, P79555, Q04826, Q08136, Q29633, Q29636, Q29638, Q29661, Q29665, Q29678, Q29679, Q29681, Q29693, Q29695, Q29697, Q29718, Q29742, Q29749, Q29762, Q29764, Q29829, Q29836, Q29842, Q29845, Q29846, Q29847, Q29848, Q29850, Q29851, Q29852, Q29854, Q29855, Q29857, Q29858, Q29861, Q29924, Q29925, Q29933, Q29935, Q29936, Q29940, Q29953, Q29961, Q29982, Q30173, Q30198, Q31603, Q31610, Q31612, Q31613, Q546L8, Q546M4, Q5JP37, Q5QT24, Q5RIP1, Q5SRJ2, Q5TK76, Q5TK77, Q860I4, Q861B5, Q8HWF0, Q8MGQ3, Q8MHN4, Q8SNC5, Q95343, Q95344, Q95365, Q95369, Q95392, Q95HA3, Q95HA8, Q95HM9, Q95IA6, Q95IB8, Q95IH5, Q95J00, Q96IT9, Q9BCM6, Q9BCM7, Q9BCM8, Q9BD06, Q9BD38, Q9BD43, Q9GIL3, Q9GIM3, Q9GIX1, Q9GIY5, Q9GIZ0, Q9GIZ9, Q9GJ00, Q9GJ17, Q9GJ20, Q9GJ23, Q9GJ31, Q9GJF0, Q9GJM7, Q9MX21, Q9MY37, Q9MY42, Q9MY43, Q9MY61, Q9MY75, Q9MY78, Q9MY79, Q9MY84, Q9MY92, Q9MY93, Q9MY94, Q9MYB8, Q9MYC3, Q9MYC7, Q9MYF4, Q9MYG1, Q9TP35, Q9TP36, Q9TP37, Q9TP95, Q9TPQ7, Q9TPQ9, Q9TPR2, Q9TPR4, Q9TPS6, Q9TPT2, Q9TPT4, Q9TPT6, Q9TPV2, Q9TQG1, Q9TQH3, Q9TQH6, Q9TQH7, Q9TQH8, Q9TQH9, Q9TQM2, Q9TQN4, Q9TQN6, Q9UQS8, Q9UQT0",Eukaryota,Homo sapiens,9606,,,1,24,ECO:0000269,310,333,ECO:0000255,,,,,,,,,,,,,,,,,,,,,,,,,,,
P01913,266,P79483,"A0ZXY9, A7MA46, B5AU12, B5AU13, B5AU14, B8YAC6, C6H115, C6H116, O02875, O19590, O46701, O46794, O78049, O78162, P01913, P79663, Q29721, Q29809, Q2PPD0, Q30144, Q507L8, Q5SP44, Q5STE0, Q6YJU6, Q70M87, Q7YQ62, Q860I9, Q8SP69, Q8WLT7, Q8WLT8, Q95359, Q95HM8, Q95IE5, Q96H16, Q9BCP3, Q9BD18, Q9MYA4, Q9MYH3, Q9MYH4, Q9TP01, Q9TP02, Q9TPB5, Q9TQ21, Q9UIN3, Q9UIN5",Eukaryota,Homo sapiens,9606,,,1,29,ECO:0000255,228,248,ECO:0000255,,,,,,,,,,,,,,,,,,,,,,,,,,,
P21350,207,P21350,,Eukaryota,Mus caroli,10089,,,1,18,,,,,,,,,,,,,,,,,,,,,,,,,,,,,,,
P10323,421,P10323,Q6ICK2,Eukaryota,Homo sapiens,9606,,,1,19,,,,,,,,,,,,,,,,,,,,,,,,,,,,,,,
Q28133,172,Q28133,,Eukaryota,Bos taurus,9913,,,1,16,,,,,,,,,,,,,,,,,,,,,,,,,,,,,,,
Q99004,192,Q99004,,Eukaryota,Bos taurus,9913,,,1,16,,,,,,,,,,,,,,,,,,,,,,,,,,,,,,,
P54802,743,P54802,,Eukaryota,Homo sapiens,9606,,,1,23,,,,,,,,,,,,,,,,,,,,,,,,,,,,,,,
P08226,311,P08226,,Eukaryota,Mus musculus,10090,,,1,18,ECO:0000255,,,,,,,,,,,,,,,,,,,,,,,,,,,,,,
P14630,190,P14630,"Q5EBB9, Q9QXI9",Eukaryota,Rattus norvegicus,10116,,,1,17,ECO:0000269,,,,,,,,,,,,,,,,,,,,,,,,,,,,,,
Q8N6G6,1762,Q8N6G6,"A6PVN1, A8K7E1, Q496M6, Q496M8, Q5T708, Q5VZT8, Q8NAI9, Q96RW4, Q9BXY3",Eukaryota,Homo sapiens,9606,,,1,28,,,,,,,,,,,,,,,,,,,,,,,,,,,,,,,
P41547,130,P41547,Q9MYV2,Eukaryota,Canis lupus familiaris,9615,,,1,25,ECO:0000269,,,,,,,,,,,,,,,,,,,,,,,,,,,,,,
P02666,224,P02666,"A1YQZ8, A6N8V0, Q2TA13, Q5EEQ6, Q5EEQ7, Q6UN63, Q9BDG5, Q9TSD5",Eukaryota,Bos taurus,9913,,,1,15,ECO:0000269,,,,,,,,,,,,,,,,,,,,,,,,,,,,,,
P10810,366,P10810,,Eukaryota,Mus musculus,10090,,,1,15,,,,,,,,,,,,,,,,,,,,,,,,,,,,,,,
P26051,503,P26051,Q99021,Eukaryota,Rattus norvegicus,10116,,,1,21,,411,431,ECO:0000255,,,,,,,,,,,,,,,,,,,,,,,,,,,
P11912,226,P11912,"A0N775, Q53FB8",Eukaryota,Homo sapiens,9606,,,1,32,ECO:0000269,144,165,ECO:0000255,,,,,,,,,,,,,,,,,,,,,,,,,,,
P02748,559,P02748,,Eukaryota,Homo sapiens,9606,,,1,21,ECO:0000269,235,242,"ECO:0000269, ECO:0007744",265,272,"ECO:0000269, ECO:0007744",374,381,"ECO:0000269, ECO:0007744",382,390,"ECO:0000269, ECO:0007744",,,,,,,,,,,,,,,,,,
Q6WN34,429,Q6WN34,"A5PKU9, Q6WN30, Q6WN31, Q6WN32, Q7Z5J3",Eukaryota,Homo sapiens,9606,,,1,25,ECO:0000269,,,,,,,,,,,,,,,,,,,,,,,,,,,,,,
P02741,224,P02741,"A8K078, D3DVD9, D3DVE0, Q08AK3, Q8WW75",Eukaryota,Homo sapiens,9606,,,1,18,ECO:0000269,,,,,,,,,,,,,,,,,,,,,,,,,,,,,,
P01243,217,P0DML2,"P01243, Q0VDB1, Q14407",Eukaryota,Homo sapiens,9606,,,1,26,ECO:0000269,,,,,,,,,,,,,,,,,,,,,,,,,,,,,,
P42830,114,P42830,Q96QE1,Eukaryota,Homo sapiens,9606,,,1,36,ECO:0000269,,,,,,,,,,,,,,,,,,,,,,,,,,,,,,
O14625,94,O14625,"Q53YA3, Q92840",Eukaryota,Homo sapiens,9606,,,1,21,ECO:0000269,,,,,,,,,,,,,,,,,,,,,,,,,,,,,,
P80370,383,P80370,"P15803, Q96DW5",Eukaryota,Homo sapiens,9606,,,1,23,ECO:0000269,304,327,ECO:0000255,,,,,,,,,,,,,,,,,,,,,,,,,,,
P00773,266,P00773,,Eukaryota,Rattus norvegicus,10116,,,1,16,ECO:0000269,,,,,,,,,,,,,,,,,,,,,,,,,,,,,,
P01218,120,P01218,,Eukaryota,Ovis aries,9940,,,1,24,ECO:0000269,,,,,,,,,,,,,,,,,,,,,,,,,,,,,,
P20029,655,P20029,"O35642, Q3UFF2, Q61630",Eukaryota,Mus musculus,10090,,,1,19,ECO:0000269,,,,,,,,,,,,,,,,,,,,,,,,,,,,,,
Q14520,560,Q14520,"A8K467, B7Z8U5, F5H5M6, O00663",Eukaryota,Homo sapiens,9606,,,1,23,ECO:0000269,,,,,,,,,,,,,,,,,,,,,,,,,,,,,,
P18211,264,P18211,,Eukaryota,Rattus norvegicus,10116,,,1,26,,227,248,ECO:0000255,,,,,,,,,,,,,,,,,,,,,,,,,,,
Q08334,325,Q08334,Q9BUU4,Eukaryota,Homo sapiens,9606,,,1,19,ECO:0000269,221,242,ECO:0000255,,,,,,,,,,,,,,,,,,,,,,,,,,,
P31785,369,P31785,Q5FC12,Eukaryota,Homo sapiens,9606,,,1,22,,263,283,ECO:0000255,,,,,,,,,,,,,,,,,,,,,,,,,,,
P04351,169,P04351,"P97945, Q791T3",Eukaryota,Mus musculus,10090,,,1,20,,,,,,,,,,,,,,,,,,,,,,,,,,,,,,,
P48551,515,P48551,"A8KAJ4, D3DSE8, D3DSE9, Q15467, Q6FHD7",Eukaryota,Homo sapiens,9606,,,1,26,,244,264,ECO:0000255,,,,,,,,,,,,,,,,,,,,,,,,,,,
P01317,105,P01317,,Eukaryota,Bos taurus,9913,,,1,24,ECO:0000269,,,,,,,,,,,,,,,,,,,,,,,,,,,,,,
P30406,110,P30406,P01309,Eukaryota,Macaca fascicularis,9541,,,1,24,,,,,,,,,,,,,,,,,,,,,,,,,,,,,,,
P01001,80,P01001,,Eukaryota,Bos taurus,9913,,,1,23,ECO:0000269,,,,,,,,,,,,,,,,,,,,,,,,,,,,,,
P06756,1048,P06756,"A0AV67, B0LPF4, B7Z883, B7ZLX0, D3DPG8, E7EWZ6, Q53SK4, Q59EB7, Q6LD15",Eukaryota,Homo sapiens,9606,,,1,30,ECO:0000269,993,1016,ECO:0000255,,,,,,,,,,,,,,,,,,,,,,,,,,,
P06312,121,P06312,"P01625, P06313, P06314, P83593",Eukaryota,Homo sapiens,9606,,,1,20,ECO:0000269,,,,,,,,,,,,,,,,,,,,,,,,,,,,,,
P00711,142,P00711,"Q3T111, Q95NE4",Eukaryota,Bos taurus,9913,,,1,19,ECO:0000269,,,,,,,,,,,,,,,,,,,,,,,,,,,,,,
P11279,417,P11279,"B4DWL3, Q8WU33, Q96I40, Q9BRD2, Q9NP13",Eukaryota,Homo sapiens,9606,,,1,28,ECO:0000269,383,410,"ECO:0000255, ECO:0000305, ECO:0007744",,,,,,,,,,,,,,,,,,,,,,,,,,,
Q64424,470,Q64424,,Eukaryota,Myocastor coypus,10157,,,1,18,ECO:0000269,,,,,,,,,,,,,,,,,,,,,,,,,,,,,,
P20462,176,P20462,,Eukaryota,Notamacropus eugenii,9315,,,1,18,ECO:0000269,,,,,,,,,,,,,,,,,,,,,,,,,,,,,,
O60449,1722,O60449,"O75913, Q53R46, Q53TF5, Q7Z575, Q7Z577",Eukaryota,Homo sapiens,9606,,,1,27,ECO:0000269,1667,1691,ECO:0000255,,,,,,,,,,,,,,,,,,,,,,,,,,,
P55083,255,P55083,"A8KAJ1, A8MVM2, B4E317, Q6P680",Eukaryota,Homo sapiens,9606,,,1,21,ECO:0000269,,,,,,,,,,,,,,,,,,,,,,,,,,,,,,
P21741,143,P21741,"Q2LEK4, Q9UCC7",Eukaryota,Homo sapiens,9606,,,1,20,ECO:0000269,,,,,,,,,,,,,,,,,,,,,,,,,,,,,,
Q14112,1375,Q14112,"A8K6I7, B4DU19, O43710",Eukaryota,Homo sapiens,9606,,,1,30,ECO:0000269,,,,,,,,,,,,,,,,,,,,,,,,,,,,,,
Q13093,441,Q13093,"A5HTT5, Q15692, Q5VTT1, Q8IVA2",Eukaryota,Homo sapiens,9606,,,1,21,,,,,,,,,,,,,,,,,,,,,,,,,,,,,,,
Q6UXB8,463,Q6UXB8,"Q6ZVG9, Q8IYL8, Q8NBK0, Q8TCB8",Eukaryota,Homo sapiens,9606,,,1,27,ECO:0000269,,,,,,,,,,,,,,,,,,,,,,,,,,,,,,
Q8N131,208,Q8N131,"Q8IWS2, Q96QV2",Eukaryota,Homo sapiens,9606,,,1,26,,167,187,ECO:0000255,,,,,,,,,,,,,,,,,,,,,,,,,,,
P09242,524,P09242,Q6P1B0,Eukaryota,Mus musculus,10090,,,1,17,,,,,,,,,,,,,,,,,,,,,,,,,,,,,,,
P01238,229,P01238,,Eukaryota,Sus scrofa,9823,,,1,30,ECO:0000269,,,,,,,,,,,,,,,,,,,,,,,,,,,,,,
P04070,461,P04070,"B4DPQ7, Q15189, Q15190, Q16001, Q53S74, Q9UC55",Eukaryota,Homo sapiens,9606,,,1,18,ECO:0000255,,,,,,,,,,,,,,,,,,,,,,,,,,,,,,
P27918,469,P27918,"O15134, O15135, O15136, O75826",Eukaryota,Homo sapiens,9606,,,1,27,,,,,,,,,,,,,,,,,,,,,,,,,,,,,,,
P11464,419,P11464,"O75236, P11462, P11463, Q15231, Q15241, Q15243, Q16660, Q6ICR4, Q9P1W5, Q9UQ79",Eukaryota,Homo sapiens,9606,,,1,34,,,,,,,,,,,,,,,,,,,,,,,,,,,,,,,
P20742,1482,P20742,"A6ND27, Q15273, Q2NKL2, Q7M4N7",Eukaryota,Homo sapiens,9606,,,1,25,,,,,,,,,,,,,,,,,,,,,,,,,,,,,,,
P19708,129,P19708,,Eukaryota,Canis lupus familiaris,9615,,,1,18,ECO:0000269,,,,,,,,,,,,,,,,,,,,,,,,,,,,,,
P54900,215,P54900,,Eukaryota,Rattus norvegicus,10116,,,1,29,ECO:0000269,158,179,ECO:0000250,,,,,,,,,,,,,,,,,,,,,,,,,,,
P25068,64,P25068,O97532,Eukaryota,Bos taurus,9913,,,1,26,ECO:0000269,,,,,,,,,,,,,,,,,,,,,,,,,,,,,,
P24821,2201,P24821,"C9IYT7, C9J575, C9J6D9, C9J848, Q14583, Q15567, Q5T7S3",Eukaryota,Homo sapiens,9606,,,1,22,ECO:0000269,,,,,,,,,,,,,,,,,,,,,,,,,,,,,,
Q92563,424,Q92563,"C9J767, Q6UW87",Eukaryota,Homo sapiens,9606,,,1,22,ECO:0000269,,,,,,,,,,,,,,,,,,,,,,,,,,,,,,
P16035,220,P16035,"Q16121, Q93006, Q9UDF7",Eukaryota,Homo sapiens,9606,,,1,26,ECO:0000269,,,,,,,,,,,,,,,,,,,,,,,,,,,,,,
O60602,858,O60602,"B1AZ05, B3Y633, B9VJ63, D1CS80, D3DTB8, O15456, Q32MI2, Q32MI3",Eukaryota,Homo sapiens,9606,,,1,20,ECO:0000269,640,660,ECO:0000255,,,,,,,,,,,,,,,,,,,,,,,,,,,
P08138,427,P08138,"B2R961, B4E096",Eukaryota,Homo sapiens,9606,,,1,28,,251,272,ECO:0000255,,,,,,,,,,,,,,,,,,,,,,,,,,,
O00300,401,O00300,"B2R9A8, O60236, Q53FX6, Q9UHP4",Eukaryota,Homo sapiens,9606,,,1,21,ECO:0000269,,,,,,,,,,,,,,,,,,,,,,,,,,,,,,
P02787,698,P02787,"O43890, Q1HBA5, Q9NQB8, Q9UHV0",Eukaryota,Homo sapiens,9606,,,1,19,ECO:0000269,,,,,,,,,,,,,,,,,,,,,,,,,,,,,,
P02766,147,P02766,"Q549C7, Q6IB96, Q9UBZ6, Q9UCM9",Eukaryota,Homo sapiens,9606,,,1,20,ECO:0000269,,,,,,,,,,,,,,,,,,,,,,,,,,,,,,
P04213,122,P04213,,Eukaryota,Mus musculus,10090,,,1,7,,,,,,,,,,,,,,,,,,,,,,,,,,,,,,,
O95881,172,O95881,"B3KQS0, Q5T1T4, Q96H50",Eukaryota,Homo sapiens,9606,,,1,26,ECO:0000269,,,,,,,,,,,,,,,,,,,,,,,,,,,,,,
P15692,395,P15692,"B5BU86, H0Y2S8, H0Y407, H0Y414, H0Y462, H0Y8N2, H3BLW7, O60720, O75875, Q074Z4, Q16889, Q5UB46, Q6P0P5, Q96KJ0, Q96L82, Q96NW5, Q9H1W8, Q9H1W9, Q9UH58, Q9UL23",Eukaryota,Homo sapiens,9606,,,,,,,,,,,,,,,,,,,,,,,,,,,,,,,,,,,
P30464,362,P01889,"A0A2I6Q7B5, B0V0B8, G3GN01, O02862, O02956, O02957, O02960, O19555, O19556, O19595, O19615, O19624, O19625, O19627, O19641, O19651, O19675, O19692, O19758, O19779, O19783, O46702, O62897, O62901, O62915, O62917, O62919, O77933, O77959, O78053, O78138, O78160, O78163, O78172, O78173, O78180, O78217, O95730, O98140, P01890, P03989, P10317, P10318, P10319, P10320, P18463, P18464, P18465, P19373, P30460, P30461, P30462, P30463, P30464, P30465, P30466, P30467, P30468, P30469, P30470, P30471, P30472, P30473, P30474, P30475, P30476, P30477, P30478, P30479, P30480, P30481, P30482, P30483, P30484, P30485, P30486, P30487, P30488, P30489, P30490, P30491, P30492, P30493, P30494, P30495, P30496, P30497, P30498, P30513, P30685, P79489, P79490, P79496, P79504, P79523, P79524, P79542, P79555, Q04826, Q08136, Q29633, Q29636, Q29638, Q29661, Q29665, Q29678, Q29679, Q29681, Q29693, Q29695, Q29697, Q29718, Q29742, Q29749, Q29762, Q29764, Q29829, Q29836, Q29842, Q29845, Q29846, Q29847, Q29848, Q29850, Q29851, Q29852, Q29854, Q29855, Q29857, Q29858, Q29861, Q29924, Q29925, Q29933, Q29935, Q29936, Q29940, Q29953, Q29961, Q29982, Q30173, Q30198, Q31603, Q31610, Q31612, Q31613, Q546L8, Q546M4, Q5JP37, Q5QT24, Q5RIP1, Q5SRJ2, Q5TK76, Q5TK77, Q860I4, Q861B5, Q8HWF0, Q8MGQ3, Q8MHN4, Q8SNC5, Q95343, Q95344, Q95365, Q95369, Q95392, Q95HA3, Q95HA8, Q95HM9, Q95IA6, Q95IB8, Q95IH5, Q95J00, Q96IT9, Q9BCM6, Q9BCM7, Q9BCM8, Q9BD06, Q9BD38, Q9BD43, Q9GIL3, Q9GIM3, Q9GIX1, Q9GIY5, Q9GIZ0, Q9GIZ9, Q9GJ00, Q9GJ17, Q9GJ20, Q9GJ23, Q9GJ31, Q9GJF0, Q9GJM7, Q9MX21, Q9MY37, Q9MY42, Q9MY43, Q9MY61, Q9MY75, Q9MY78, Q9MY79, Q9MY84, Q9MY92, Q9MY93, Q9MY94, Q9MYB8, Q9MYC3, Q9MYC7, Q9MYF4, Q9MYG1, Q9TP35, Q9TP36, Q9TP37, Q9TP95, Q9TPQ7, Q9TPQ9, Q9TPR2, Q9TPR4, Q9TPS6, Q9TPT2, Q9TPT4, Q9TPT6, Q9TPV2, Q9TQG1, Q9TQH3, Q9TQH6, Q9TQH7, Q9TQH8, Q9TQH9, Q9TQM2, Q9TQN4, Q9TQN6, Q9UQS8, Q9UQT0",Eukaryota,Homo sapiens,9606,,,1,24,ECO:0000269,310,333,ECO:0000255,,,,,,,,,,,,,,,,,,,,,,,,,,,
Q29718,362,P01889,"A0A2I6Q7B5, B0V0B8, G3GN01, O02862, O02956, O02957, O02960, O19555, O19556, O19595, O19615, O19624, O19625, O19627, O19641, O19651, O19675, O19692, O19758, O19779, O19783, O46702, O62897, O62901, O62915, O62917, O62919, O77933, O77959, O78053, O78138, O78160, O78163, O78172, O78173, O78180, O78217, O95730, O98140, P01890, P03989, P10317, P10318, P10319, P10320, P18463, P18464, P18465, P19373, P30460, P30461, P30462, P30463, P30464, P30465, P30466, P30467, P30468, P30469, P30470, P30471, P30472, P30473, P30474, P30475, P30476, P30477, P30478, P30479, P30480, P30481, P30482, P30483, P30484, P30485, P30486, P30487, P30488, P30489, P30490, P30491, P30492, P30493, P30494, P30495, P30496, P30497, P30498, P30513, P30685, P79489, P79490, P79496, P79504, P79523, P79524, P79542, P79555, Q04826, Q08136, Q29633, Q29636, Q29638, Q29661, Q29665, Q29678, Q29679, Q29681, Q29693, Q29695, Q29697, Q29718, Q29742, Q29749, Q29762, Q29764, Q29829, Q29836, Q29842, Q29845, Q29846, Q29847, Q29848, Q29850, Q29851, Q29852, Q29854, Q29855, Q29857, Q29858, Q29861, Q29924, Q29925, Q29933, Q29935, Q29936, Q29940, Q29953, Q29961, Q29982, Q30173, Q30198, Q31603, Q31610, Q31612, Q31613, Q546L8, Q546M4, Q5JP37, Q5QT24, Q5RIP1, Q5SRJ2, Q5TK76, Q5TK77, Q860I4, Q861B5, Q8HWF0, Q8MGQ3, Q8MHN4, Q8SNC5, Q95343, Q95344, Q95365, Q95369, Q95392, Q95HA3, Q95HA8, Q95HM9, Q95IA6, Q95IB8, Q95IH5, Q95J00, Q96IT9, Q9BCM6, Q9BCM7, Q9BCM8, Q9BD06, Q9BD38, Q9BD43, Q9GIL3, Q9GIM3, Q9GIX1, Q9GIY5, Q9GIZ0, Q9GIZ9, Q9GJ00, Q9GJ17, Q9GJ20, Q9GJ23, Q9GJ31, Q9GJF0, Q9GJM7, Q9MX21, Q9MY37, Q9MY42, Q9MY43, Q9MY61, Q9MY75, Q9MY78, Q9MY79, Q9MY84, Q9MY92, Q9MY93, Q9MY94, Q9MYB8, Q9MYC3, Q9MYC7, Q9MYF4, Q9MYG1, Q9TP35, Q9TP36, Q9TP37, Q9TP95, Q9TPQ7, Q9TPQ9, Q9TPR2, Q9TPR4, Q9TPS6, Q9TPT2, Q9TPT4, Q9TPT6, Q9TPV2, Q9TQG1, Q9TQH3, Q9TQH6, Q9TQH7, Q9TQH8, Q9TQH9, Q9TQM2, Q9TQN4, Q9TQN6, Q9UQS8, Q9UQT0",Eukaryota,Homo sapiens,9606,,,1,24,ECO:0000269,310,333,ECO:0000255,,,,,,,,,,,,,,,,,,,,,,,,,,,
P07361,207,P07361,,Eukaryota,Mus musculus,10090,,,1,18,,,,,,,,,,,,,,,,,,,,,,,,,,,,,,,
P08001,415,P08001,"P08000, Q29015",Eukaryota,Sus scrofa,9823,,,1,16,ECO:0000269,,,,,,,,,,,,,,,,,,,,,,,,,,,,,,
P12279,100,P12279,,Eukaryota,Canis lupus familiaris,9615,,,1,20,ECO:0000255,,,,,,,,,,,,,,,,,,,,,,,,,,,,,,
P61769,119,P61769,"P01884, Q540F8, Q6IAT8, Q9UCK0, Q9UD48, Q9UDF4",Eukaryota,Homo sapiens,9606,,,1,20,ECO:0000269,,,,,,,,,,,,,,,,,,,,,,,,,,,,,,
P18572,389,P18572,"Q6LDB0, Q7TSC0",Eukaryota,Mus musculus,10090,,,1,21,,326,349,ECO:0000255,,,,,,,,,,,,,,,,,,,,,,,,,,,
P31720,245,P31720,Q5RJK1,Eukaryota,Rattus norvegicus,10116,,,1,22,ECO:0000269,,,,,,,,,,,,,,,,,,,,,,,,,,,,,,
P18761,317,P18761,"B1ARR5, O88625",Eukaryota,Mus musculus,10090,,,1,17,ECO:0000269,,,,,,,,,,,,,,,,,,,,,,,,,,,,,,
P13500,99,P13500,"B2R4V3, Q9UDF3",Eukaryota,Homo sapiens,9606,,,1,23,ECO:0000269,,,,,,,,,,,,,,,,,,,,,,,,,,,,,,
Q29422,333,Q29422,,Eukaryota,Ovis aries,9940,,,1,20,ECO:0000269,303,323,ECO:0000255,,,,,,,,,,,,,,,,,,,,,,,,,,,
P06729,351,P06729,Q96TE5,Eukaryota,Homo sapiens,9606,,,1,24,,210,235,ECO:0000255,,,,,,,,,,,,,,,,,,,,,,,,,,,
P06800,1293,P06800,"E9QLT5, Q61812, Q61813, Q61814, Q61815, Q78EF1, S4R1S4, S4R2V1",Eukaryota,Mus musculus,10090,,,1,25,,567,588,ECO:0000255,,,,,,,,,,,,,,,,,,,,,,,,,,,
P40259,229,P40259,"Q53FS2, Q9BU06",Eukaryota,Homo sapiens,9606,,,1,28,ECO:0000269,160,180,ECO:0000255,,,,,,,,,,,,,,,,,,,,,,,,,,,
P10966,210,P10966,"P14860, P14861, Q15980, Q496E0, Q496E1, Q496E2, Q9UDB4, Q9UDB5, Q9UDB6, Q9UDB7, Q9UDB8, Q9UDB9, Q9UDC0, Q9UQ55",Eukaryota,Homo sapiens,9606,,,1,21,,171,191,ECO:0000255,,,,,,,,,,,,,,,,,,,,,,,,,,,
P30122,597,P30122,,Eukaryota,Bos taurus,9913,,,1,18,ECO:0000269,,,,,,,,,,,,,,,,,,,,,,,,,,,,,,
P02463,1669,P02463,"Q3UHJ4, Q3UJE7, Q3UQV2, Q53X35, Q6GQS7, Q6PHB5, Q99LQ8",Eukaryota,Mus musculus,10090,,,1,27,,,,,,,,,,,,,,,,,,,,,,,,,,,,,,,
Q6UX52,265,Q6UX52,,Eukaryota,Homo sapiens,9606,,,1,20,ECO:0000269,,,,,,,,,,,,,,,,,,,,,,,,,,,,,,
Q99062,836,Q99062,,Eukaryota,Homo sapiens,9606,,,1,24,,628,650,ECO:0000255,,,,,,,,,,,,,,,,,,,,,,,,,,,
Q9H4G1,147,Q9H4G1,B2R5A1,Eukaryota,Homo sapiens,9606,,,1,28,ECO:0000269,,,,,,,,,,,,,,,,,,,,,,,,,,,,,,
P79119,321,P79119,,Eukaryota,Bos taurus,9913,,,1,19,,,,,,,,,,,,,,,,,,,,,,,,,,,,,,,
P50448,468,P50448,,Eukaryota,Bos taurus,9913,,,1,23,ECO:0000269,,,,,,,,,,,,,,,,,,,,,,,,,,,,,,
P02671,866,P02671,"A8K3E4, D3DP14, D3DP15, Q4QQH7, Q9BX62, Q9UCH2",Eukaryota,Homo sapiens,9606,,,1,19,ECO:0000269,,,,,,,,,,,,,,,,,,,,,,,,,,,,,,
P14480,479,P14480,"Q5I0P7, Q7TME5",Eukaryota,Rattus norvegicus,10116,,,1,18,,,,,,,,,,,,,,,,,,,,,,,,,,,,,,,
P01352,104,P01352,Q28114,Eukaryota,Bos taurus,9913,,,1,21,,,,,,,,,,,,,,,,,,,,,,,,,,,,,,,
P19941,638,P19941,,Eukaryota,Oryctolagus cuniculus,9986,,,1,18,ECO:0000305,265,288,ECO:0000255,,,,,,,,,,,,,,,,,,,,,,,,,,,
P04226,254,P01909,"O19630, O19706, P01907, P01908, P04225, P04226, P05536, P79553, Q06751, Q29876, Q29994, Q2Q6Y6, Q2Q6Y7, Q2Q6Y8, Q2WCM3, Q30064, Q30067, Q30068, Q30070, Q30071, Q30072, Q30073, Q30086, Q30101, Q5Y7D5, Q5Y7F5, Q6ICU6, Q6PR46, Q6QDB1, Q860W2, Q860W4, Q9BD37, Q9TPM3, Q9UM31",Eukaryota,Homo sapiens,9606,,,1,23,ECO:0000269,217,239,ECO:0000255,,,,,,,,,,,,,,,,,,,,,,,,,,,
P18468,264,P18468,,Eukaryota,Mus musculus,10090,,,1,31,,226,248,ECO:0000255,,,,,,,,,,,,,,,,,,,,,,,,,,,
P14210,728,P14210,"A1L3U6, Q02935, Q13494, Q14519, Q3KRB2, Q8TCE2, Q9BYL9, Q9BYM0, Q9UDU6",Eukaryota,Homo sapiens,9606,,,1,31,ECO:0000269,,,,,,,,,,,,,,,,,,,,,,,,,,,,,,
P06328,117,P06328,A0A075B5X9,Eukaryota,Mus musculus,10090,,,1,19,,,,,,,,,,,,,,,,,,,,,,,,,,,,,,,
P05003,184,P05003,,Eukaryota,Equus caballus,9796,,,1,23,,,,,,,,,,,,,,,,,,,,,,,,,,,,,,,
Q13478,541,Q13478,"B2R9Y5, Q52LC9",Eukaryota,Homo sapiens,9606,,,1,18,ECO:0000269,330,350,ECO:0000255,,,,,,,,,,,,,,,,,,,,,,,,,,,
P40189,918,P40189,"A0N0L4, Q5FC04, Q9UQ41",Eukaryota,Homo sapiens,9606,,,1,22,,620,641,ECO:0000255,,,,,,,,,,,,,,,,,,,,,,,,,,,
P16871,459,P16871,"B2RCS6, B4DVT1, Q05CU8, Q6NSP4, Q6NWM0, Q6NWM1, Q6NWM2, Q6NWM3, Q6SV45, Q9UPC1",Eukaryota,Homo sapiens,9606,,,1,20,,240,264,ECO:0000255,,,,,,,,,,,,,,,,,,,,,,,,,,,
P07994,360,P07994,Q2TBQ2,Eukaryota,Bos taurus,9913,,,1,17,ECO:0000269,,,,,,,,,,,,,,,,,,,,,,,,,,,,,,
P01322,110,P01322,,Eukaryota,Rattus norvegicus,10116,,,1,24,ECO:0000269,,,,,,,,,,,,,,,,,,,,,,,,,,,,,,
P20702,1163,P20702,Q8IVA6,Eukaryota,Homo sapiens,9606,,,1,19,ECO:0000269,1108,1128,ECO:0000255,,,,,,,,,,,,,,,,,,,,,,,,,,,
P04432,117,P04432,,Eukaryota,Homo sapiens,9606,,,1,22,ECO:0000255,,,,,,,,,,,,,,,,,,,,,,,,,,,,,,
P04207,115,P01624,"A0A0B4J1T9, P04207",Eukaryota,Homo sapiens,9606,,,1,20,ECO:0000269,,,,,,,,,,,,,,,,,,,,,,,,,,,,,,
P06313,121,P06312,"P01625, P06313, P06314, P83593",Eukaryota,Homo sapiens,9606,,,1,20,ECO:0000269,,,,,,,,,,,,,,,,,,,,,,,,,,,,,,
Q61001,3718,Q61001,"A2ABW7, Q9JHQ6",Eukaryota,Mus musculus,10090,,,1,40,ECO:0000269,,,,,,,,,,,,,,,,,,,,,,,,,,,,,,
P14562,407,P14562,P97620,Eukaryota,Rattus norvegicus,10116,,,1,21,ECO:0000269,372,395,ECO:0000255,,,,,,,,,,,,,,,,,,,,,,,,,,,
Q8N6C8,439,Q8N6C8,"J3KPM2, O15469, O15470, O75016, Q8N151, Q8N154, Q8NHJ1, Q8NHJ2, Q8NHJ3, Q8NHJ4",Eukaryota,Homo sapiens,9606,,,1,23,ECO:0000269,,,,,,,,,,,,,,,,,,,,,,,,,,,,,,
P01229,141,P01229,Q9UDI0,Eukaryota,Homo sapiens,9606,,,1,20,ECO:0000269,,,,,,,,,,,,,,,,,,,,,,,,,,,,,,
Q60767,1723,Q60767,"B2RWW5, Q8C7T3, Q91XL8, Q9QUZ6",Eukaryota,Mus musculus,10090,,,1,27,ECO:0000269,1668,1692,ECO:0000255,,,,,,,,,,,,,,,,,,,,,,,,,,,
Q29451,999,Q29451,"F1MMX7, O02848, O19138",Eukaryota,Bos taurus,9913,,,1,50,,,,,,,,,,,,,,,,,,,,,,,,,,,,,,,
P01186,168,P01186,,Eukaryota,Rattus norvegicus,10116,,,1,23,ECO:0000269,,,,,,,,,,,,,,,,,,,,,,,,,,,,,,
P20068,169,P20068,Q9QV80,Eukaryota,Rattus norvegicus,10116,,,1,22,ECO:0000269,,,,,,,,,,,,,,,,,,,,,,,,,,,,,,
O14786,923,O14786,"B0LPG9, O60461, Q5T7F1, Q5T7F2, Q5T7F3, Q86T59, Q96I90, Q96IH5",Eukaryota,Homo sapiens,9606,,,1,21,ECO:0000269,857,879,ECO:0000255,,,,,,,,,,,,,,,,,,,,,,,,,,,
P04085,211,P04085,B5BU73,Eukaryota,Homo sapiens,9606,,,1,20,,,,,,,,,,,,,,,,,,,,,,,,,,,,,,,
P79208,603,P79208,,Eukaryota,Ovis aries,9940,,,1,16,ECO:0000269,,,,,,,,,,,,,,,,,,,,,,,,,,,,,,
P34207,223,P34207,Q4QRA7,Eukaryota,Rattus norvegicus,10116,,,1,28,ECO:0000269,,,,,,,,,,,,,,,,,,,,,,,,,,,,,,
P01239,229,P01239,"A6QLX8, Q29417, Q95112",Eukaryota,Bos taurus,9913,,,1,30,ECO:0000269,,,,,,,,,,,,,,,,,,,,,,,,,,,,,,
Q8HY17,140,Q8HY17,A7YKU2,Eukaryota,Sus scrofa,9823,,,1,26,ECO:0000269,,,,,,,,,,,,,,,,,,,,,,,,,,,,,,
P06281,402,P06281,"P97911, Q543E5, Q62153, Q62154",Eukaryota,Mus musculus,10090,,,1,21,ECO:0000269,,,,,,,,,,,,,,,,,,,,,,,,,,,,,,
P06912,201,P06912,,Eukaryota,Oryctolagus cuniculus,9986,,,1,18,ECO:0000269,,,,,,,,,,,,,,,,,,,,,,,,,,,,,,
P10362,619,P10362,,Eukaryota,Rattus norvegicus,10116,,,1,30,,,,,,,,,,,,,,,,,,,,,,,,,,,,,,,
P04557,140,P04557,Q9TUE5,Eukaryota,Bos taurus,9913,,,1,25,ECO:0000269,,,,,,,,,,,,,,,,,,,,,,,,,,,,,,
Q96HF1,295,Q96HF1,"B3KQR2, O14778, Q9HAP5",Eukaryota,Homo sapiens,9606,,,1,24,ECO:0000269,,,,,,,,,,,,,,,,,,,,,,,,,,,,,,
P61278,116,P61278,"B2R5G3, P01166",Eukaryota,Homo sapiens,9606,,,1,24,,,,,,,,,,,,,,,,,,,,,,,,,,,,,,,
Q6X4U4,206,Q6X4U4,"A8MUA6, Q96HJ7, Q9Y3U3",Eukaryota,Homo sapiens,9606,,,1,23,ECO:0000269,,,,,,,,,,,,,,,,,,,,,,,,,,,,,,
P16975,301,P16975,"O08953, Q6GSZ4",Eukaryota,Rattus norvegicus,10116,,,1,17,ECO:0000269,,,,,,,,,,,,,,,,,,,,,,,,,,,,,,
P07174,425,P07174,,Eukaryota,Rattus norvegicus,10116,,,1,29,,254,274,ECO:0000305,,,,,,,,,,,,,,,,,,,,,,,,,,,
P42705,352,P42705,,Eukaryota,Canis lupus familiaris,9615,,,1,23,ECO:0000269,,,,,,,,,,,,,,,,,,,,,,,,,,,,,,
P00760,246,P00760,A6H6Y3,Eukaryota,Bos taurus,9913,,,1,17,ECO:0000269,,,,,,,,,,,,,,,,,,,,,,,,,,,,,,
P06320,134,P06320,,Eukaryota,Mus musculus,10090,,,1,19,,,,,,,,,,,,,,,,,,,,,,,,,,,,,,,
O54767,695,O54767,,Eukaryota,Rattus norvegicus,10116,,,1,24,ECO:0000269,665,685,ECO:0000255,,,,,,,,,,,,,,,,,,,,,,,,,,,
P30443,365,P04439,"B1PKZ3, O02939, O02954, O02955, O02963, O19509, O19546, O19598, O19605, O19606, O19619, O19647, O19673, O19687, O19695, O19756, O19794, O19795, O43906, O43907, O46874, O62921, O62924, O77937, O77938, O77964, O78073, O78171, O98009, O98010, O98011, O98137, P01891, P01892, P05534, P06338, P10313, P10314, P10315, P10316, P13746, P16188, P16189, P16190, P18462, P30443, P30444, P30445, P30446, P30447, P30448, P30449, P30450, P30451, P30452, P30453, P30454, P30455, P30456, P30457, P30458, P30459, P30512, P30514, P79505, P79562, P79563, Q09160, Q29680, Q29747, Q29835, Q29837, Q29838, Q29899, Q29908, Q29909, Q29910, Q30208, Q31623, Q5S3G1, Q65A82, Q8MHM1, Q8MHN9, Q95352, Q95355, Q95362, Q95377, Q95380, Q95IZ5, Q9BCN0, Q9BD15, Q9BD19, Q9GJE6, Q9GJE7, Q9GJE8, Q9MW42, Q9MY89, Q9MYA3, Q9MYA5, Q9MYC4, Q9MYE6, Q9MYE9, Q9MYG4, Q9MYG5, Q9MYI5, Q9TP25, Q9TPQ3, Q9TPR8, Q9TPX8, Q9TPX9, Q9TPY0, Q9TQ24, Q9TQE8, Q9TQE9, Q9TQF1, Q9TQF5, Q9TQF8, Q9TQF9, Q9TQG0, Q9TQG5, Q9TQG7, Q9TQH5, Q9TQI3, Q9TQK5, Q9TQM6, Q9TQN5, Q9TQP5, Q9TQP6, Q9TQP7, Q9UIN1, Q9UIN2, Q9UIP7, Q9UQU3, Q9UQU6, Q9UQU7",Eukaryota,Homo sapiens,9606,,,1,24,ECO:0000269,309,332,ECO:0000255,,,,,,,,,,,,,,,,,,,,,,,,,,,
P30512,365,P04439,"B1PKZ3, O02939, O02954, O02955, O02963, O19509, O19546, O19598, O19605, O19606, O19619, O19647, O19673, O19687, O19695, O19756, O19794, O19795, O43906, O43907, O46874, O62921, O62924, O77937, O77938, O77964, O78073, O78171, O98009, O98010, O98011, O98137, P01891, P01892, P05534, P06338, P10313, P10314, P10315, P10316, P13746, P16188, P16189, P16190, P18462, P30443, P30444, P30445, P30446, P30447, P30448, P30449, P30450, P30451, P30452, P30453, P30454, P30455, P30456, P30457, P30458, P30459, P30512, P30514, P79505, P79562, P79563, Q09160, Q29680, Q29747, Q29835, Q29837, Q29838, Q29899, Q29908, Q29909, Q29910, Q30208, Q31623, Q5S3G1, Q65A82, Q8MHM1, Q8MHN9, Q95352, Q95355, Q95362, Q95377, Q95380, Q95IZ5, Q9BCN0, Q9BD15, Q9BD19, Q9GJE6, Q9GJE7, Q9GJE8, Q9MW42, Q9MY89, Q9MYA3, Q9MYA5, Q9MYC4, Q9MYE6, Q9MYE9, Q9MYG4, Q9MYG5, Q9MYI5, Q9TP25, Q9TPQ3, Q9TPR8, Q9TPX8, Q9TPX9, Q9TPY0, Q9TQ24, Q9TQE8, Q9TQE9, Q9TQF1, Q9TQF5, Q9TQF8, Q9TQF9, Q9TQG0, Q9TQG5, Q9TQG7, Q9TQH5, Q9TQI3, Q9TQK5, Q9TQM6, Q9TQN5, Q9TQP5, Q9TQP6, Q9TQP7, Q9UIN1, Q9UIN2, Q9UIP7, Q9UQU3, Q9UQU6, Q9UQU7",Eukaryota,Homo sapiens,9606,,,1,24,ECO:0000269,309,332,ECO:0000255,,,,,,,,,,,,,,,,,,,,,,,,,,,
P30475,362,P01889,"A0A2I6Q7B5, B0V0B8, G3GN01, O02862, O02956, O02957, O02960, O19555, O19556, O19595, O19615, O19624, O19625, O19627, O19641, O19651, O19675, O19692, O19758, O19779, O19783, O46702, O62897, O62901, O62915, O62917, O62919, O77933, O77959, O78053, O78138, O78160, O78163, O78172, O78173, O78180, O78217, O95730, O98140, P01890, P03989, P10317, P10318, P10319, P10320, P18463, P18464, P18465, P19373, P30460, P30461, P30462, P30463, P30464, P30465, P30466, P30467, P30468, P30469, P30470, P30471, P30472, P30473, P30474, P30475, P30476, P30477, P30478, P30479, P30480, P30481, P30482, P30483, P30484, P30485, P30486, P30487, P30488, P30489, P30490, P30491, P30492, P30493, P30494, P30495, P30496, P30497, P30498, P30513, P30685, P79489, P79490, P79496, P79504, P79523, P79524, P79542, P79555, Q04826, Q08136, Q29633, Q29636, Q29638, Q29661, Q29665, Q29678, Q29679, Q29681, Q29693, Q29695, Q29697, Q29718, Q29742, Q29749, Q29762, Q29764, Q29829, Q29836, Q29842, Q29845, Q29846, Q29847, Q29848, Q29850, Q29851, Q29852, Q29854, Q29855, Q29857, Q29858, Q29861, Q29924, Q29925, Q29933, Q29935, Q29936, Q29940, Q29953, Q29961, Q29982, Q30173, Q30198, Q31603, Q31610, Q31612, Q31613, Q546L8, Q546M4, Q5JP37, Q5QT24, Q5RIP1, Q5SRJ2, Q5TK76, Q5TK77, Q860I4, Q861B5, Q8HWF0, Q8MGQ3, Q8MHN4, Q8SNC5, Q95343, Q95344, Q95365, Q95369, Q95392, Q95HA3, Q95HA8, Q95HM9, Q95IA6, Q95IB8, Q95IH5, Q95J00, Q96IT9, Q9BCM6, Q9BCM7, Q9BCM8, Q9BD06, Q9BD38, Q9BD43, Q9GIL3, Q9GIM3, Q9GIX1, Q9GIY5, Q9GIZ0, Q9GIZ9, Q9GJ00, Q9GJ17, Q9GJ20, Q9GJ23, Q9GJ31, Q9GJF0, Q9GJM7, Q9MX21, Q9MY37, Q9MY42, Q9MY43, Q9MY61, Q9MY75, Q9MY78, Q9MY79, Q9MY84, Q9MY92, Q9MY93, Q9MY94, Q9MYB8, Q9MYC3, Q9MYC7, Q9MYF4, Q9MYG1, Q9TP35, Q9TP36, Q9TP37, Q9TP95, Q9TPQ7, Q9TPQ9, Q9TPR2, Q9TPR4, Q9TPS6, Q9TPT2, Q9TPT4, Q9TPT6, Q9TPV2, Q9TQG1, Q9TQH3, Q9TQH6, Q9TQH7, Q9TQH8, Q9TQH9, Q9TQM2, Q9TQN4, Q9TQN6, Q9UQS8, Q9UQT0",Eukaryota,Homo sapiens,9606,,,1,24,ECO:0000269,310,333,ECO:0000255,,,,,,,,,,,,,,,,,,,,,,,,,,,
P30501,366,P10321,"O02863, O02864, O02865, O02866, O02958, O19505, O19652, O19676, O62879, O62882, O62883, O62888, O78060, O78061, O78062, O78063, O78067, O78068, O78069, O78072, O78083, O78090, O78091, O78149, O78165, O78166, O78178, O78202, O78203, O78211, O78214, P04222, P30499, P30500, P30501, P30502, P30503, P30504, P30505, P30506, P30507, P30508, P30509, P30510, P79498, Q07000, Q29631, Q29641, Q29643, Q29652, Q29743, Q29768, Q29862, Q29864, Q29865, Q29867, Q29921, Q29959, Q29960, Q29963, Q29986, Q29989, Q29990, Q29991, Q29992, Q29993, Q30192, Q31605, Q31627, Q860R1, Q860R2, Q95463, Q95603, Q95604, Q99528, Q9BD28, Q9GIK4, Q9GIK8, Q9GJ33, Q9MY30, Q9MY31, Q9MY35, Q9MY49, Q9MY74, Q9MYI3, Q9TNN7, Q9TNZ8, Q9TPS4, Q9TPV8, Q9TPX2, Q9TQB4, Q9TQJ5, Q9TQP9, Q9UM32, Q9UM33, Q9UM42, Q9UQS9",Eukaryota,Homo sapiens,9606,,,1,24,ECO:0000255,309,333,ECO:0000255,,,,,,,,,,,,,,,,,,,,,,,,,,,
P22325,405,P22325,,Eukaryota,Cavia porcellus,10141,,,1,24,ECO:0000269,,,,,,,,,,,,,,,,,,,,,,,,,,,,,,
Q2KJF1,503,Q2KJF1,,Eukaryota,Bos taurus,9913,,,1,21,ECO:0000269,,,,,,,,,,,,,,,,,,,,,,,,,,,,,,
P11230,501,P11230,"B7Z5H1, Q8IZ46, Q96FB8",Eukaryota,Homo sapiens,9606,,,1,23,,245,269,ECO:0000255,277,295,ECO:0000255,311,332,ECO:0000255,470,488,ECO:0000255,,,,,,,,,,,,,,,,,,
Q60994,247,Q60994,"Q62400, Q6GTX4, Q9DC68",Eukaryota,Mus musculus,10090,,,1,17,ECO:0000269,,,,,,,,,,,,,,,,,,,,,,,,,,,,,,
P53366,188,P53366,,Eukaryota,Sus scrofa,9823,,,1,21,ECO:0000269,,,,,,,,,,,,,,,,,,,,,,,,,,,,,,
P20757,476,P20757,,Eukaryota,Ovis aries,9940,,,1,24,ECO:0000269,,,,,,,,,,,,,,,,,,,,,,,,,,,,,,
Q9BXI9,278,Q9BXI9,"Q5H9G8, Q6ZRM7",Eukaryota,Homo sapiens,9606,,,1,46,ECO:0000269,,,,,,,,,,,,,,,,,,,,,,,,,,,,,,
P56202,376,P56202,Q86VT4,Eukaryota,Homo sapiens,9606,,,1,21,ECO:0000269,,,,,,,,,,,,,,,,,,,,,,,,,,,,,,
O00585,134,O00585,Q6ICR7,Eukaryota,Homo sapiens,9606,,,1,23,ECO:0000269,,,,,,,,,,,,,,,,,,,,,,,,,,,,,,
Q12860,1018,Q12860,"A8K0H9, A8K0Y3, Q12861, Q14030, Q7M4P0, Q8N466",Eukaryota,Homo sapiens,9606,,,1,20,,,,,,,,,,,,,,,,,,,,,,,,,,,,,,,
Q04857,1025,Q04857,,Eukaryota,Mus musculus,10090,,,1,19,,,,,,,,,,,,,,,,,,,,,,,,,,,,,,,
P17927,2039,P17927,"Q16744, Q16745, Q5SR43, Q5SR45, Q9UQV2",Eukaryota,Homo sapiens,9606,,,1,41,,1972,1996,ECO:0000255,,,,,,,,,,,,,,,,,,,,,,,,,,,
P02742,225,P02742,,Eukaryota,Oryctolagus cuniculus,9986,,,1,20,ECO:0000269,,,,,,,,,,,,,,,,,,,,,,,,,,,,,,
P09920,208,P09920,,Eukaryota,Mus musculus,10090,,,1,30,,,,,,,,,,,,,,,,,,,,,,,,,,,,,,,
P04813,263,P04813,,Eukaryota,Canis lupus familiaris,9615,,,1,18,,,,,,,,,,,,,,,,,,,,,,,,,,,,,,,
Q8BSU2,246,Q8BSU2,"Q3UD70, Q5F2D5, Q8VE25, Q9EPB3",Eukaryota,Mus musculus,10090,,,1,26,ECO:0000269,202,222,ECO:0000255,,,,,,,,,,,,,,,,,,,,,,,,,,,
Q61508,559,Q61508,Q3U5Q5,Eukaryota,Mus musculus,10090,,,1,19,ECO:0000269,,,,,,,,,,,,,,,,,,,,,,,,,,,,,,
P17813,658,P17813,"Q14248, Q14926, Q5T9C0",Eukaryota,Homo sapiens,9606,,,1,25,ECO:0000269,587,611,ECO:0000255,,,,,,,,,,,,,,,,,,,,,,,,,,,
P01588,193,P01588,"Q2M2L6, Q549U2, Q9UDZ0, Q9UEZ5, Q9UHA0",Eukaryota,Homo sapiens,9606,,,1,27,ECO:0000269,,,,,,,,,,,,,,,,,,,,,,,,,,,,,,
P30040,261,P30040,"C9J183, Q3MJC3, Q6FHT4",Eukaryota,Homo sapiens,9606,,,1,32,"ECO:0000269, ECO:0007744",,,,,,,,,,,,,,,,,,,,,,,,,,,,,,
P01225,129,P01225,"A2TF08, A5JVV3, Q14D61",Eukaryota,Homo sapiens,9606,,,1,18,ECO:0000269,,,,,,,,,,,,,,,,,,,,,,,,,,,,,,
P27869,215,P27869,,Eukaryota,Canis lupus familiaris,9615,,,1,17,,168,185,ECO:0000255,,,,,,,,,,,,,,,,,,,,,,,,,,,
P01354,104,P01354,,Eukaryota,Felis catus,9685,,,1,21,,,,,,,,,,,,,,,,,,,,,,,,,,,,,,,
Q8HYA9,185,Q8HYA9,,Eukaryota,Sus scrofa,9823,,,1,20,ECO:0000269,,,,,,,,,,,,,,,,,,,,,,,,,,,,,,
P01906,255,P01906,"A2BF37, B0V0E7, O19789, Q5SQ94, Q5SR04",Eukaryota,Homo sapiens,9606,,,1,23,,218,240,ECO:0000255,,,,,,,,,,,,,,,,,,,,,,,,,,,
P01829,136,P01829,,Eukaryota,Oryctolagus cuniculus,9986,,,1,19,,,,,,,,,,,,,,,,,,,,,,,,,,,,,,,
P18526,117,P18526,,Eukaryota,Mus musculus,10090,,,1,19,,,,,,,,,,,,,,,,,,,,,,,,,,,,,,,
P01563,188,P01563,"H2DF54, H2DF55, P01564, Q14606, Q6DJX8, Q96KI6",Eukaryota,Homo sapiens,9606,,,1,23,ECO:0000269,,,,,,,,,,,,,,,,,,,,,,,,,,,,,,
P01577,186,P01577,,Eukaryota,Bos taurus,9913,,,1,21,,,,,,,,,,,,,,,,,,,,,,,,,,,,,,,
P01579,166,P01579,"B5BU88, Q53ZV4",Eukaryota,Homo sapiens,9606,,,1,23,ECO:0000269,,,,,,,,,,,,,,,,,,,,,,,,,,,,,,
Q9HBE5,538,Q9HBE5,"A8K9E8, D3DWF7, Q96HZ1, Q9HB91",Eukaryota,Homo sapiens,9606,,,1,19,ECO:0000269,233,253,ECO:0000255,,,,,,,,,,,,,,,,,,,,,,,,,,,
P23229,1130,P23229,"B2RMU9, B4DG69, B4DKB8, C4AM96, G5E9H1, Q08443, Q0MRC7, Q14646, Q16508, Q53RX7, Q59HB7, Q86VL6, Q9UCT1, Q9UN03",Eukaryota,Homo sapiens,9606,,,1,23,ECO:0000269,1051,1076,ECO:0000255,,,,,,,,,,,,,,,,,,,,,,,,,,,
P01634,136,P01634,,Eukaryota,Mus musculus,10090,,,1,29,ECO:0000269,,,,,,,,,,,,,,,,,,,,,,,,,,,,,,
P00709,142,P00709,"Q6FGX0, Q9UDK4",Eukaryota,Homo sapiens,9606,,,1,19,ECO:0000269,,,,,,,,,,,,,,,,,,,,,,,,,,,,,,
P07942,1786,P07942,Q14D91,Eukaryota,Homo sapiens,9606,,,1,21,,,,,,,,,,,,,,,,,,,,,,,,,,,,,,,
P80035,398,P80035,O02857,Eukaryota,Canis lupus familiaris,9615,,,1,19,ECO:0000269,,,,,,,,,,,,,,,,,,,,,,,,,,,,,,
P12069,148,P12069,,Eukaryota,Sus scrofa,9823,,,1,18,ECO:0000269,,,,,,,,,,,,,,,,,,,,,,,,,,,,,,
P20774,298,P20774,"Q6FIB0, Q9UF90, Q9UNK5",Eukaryota,Homo sapiens,9606,,,1,20,ECO:0000269,,,,,,,,,,,,,,,,,,,,,,,,,,,,,,
P08118,114,P08118,"B1API6, P11999, Q13125, Q6IAY9, Q9UC59",Eukaryota,Homo sapiens,9606,,,1,20,ECO:0000269,,,,,,,,,,,,,,,,,,,,,,,,,,,,,,
Q02496,630,Q02496,,Eukaryota,Mus musculus,10090,,,1,20,,536,556,ECO:0000255,,,,,,,,,,,,,,,,,,,,,,,,,,,
P15209,821,P15209,"Q3TUF9, Q80WU0, Q91XJ9",Eukaryota,Mus musculus,10090,,,1,31,,430,453,ECO:0000255,,,,,,,,,,,,,,,,,,,,,,,,,,,
Q28042,537,Q28042,,Eukaryota,Bos taurus,9913,,,1,18,ECO:0000269,,,,,,,,,,,,,,,,,,,,,,,,,,,,,,
P01302,131,P01302,,Eukaryota,Bos taurus,9913,,,1,29,ECO:0000269,,,,,,,,,,,,,,,,,,,,,,,,,,,,,,
P13909,402,P13909,Q3ZBB9,Eukaryota,Bos taurus,9913,,,1,23,ECO:0000269,,,,,,,,,,,,,,,,,,,,,,,,,,,,,,
P05622,1098,P05622,E9QPE2,Eukaryota,Mus musculus,10090,,,1,31,,532,552,ECO:0000255,,,,,,,,,,,,,,,,,,,,,,,,,,,
P16675,474,P16675,Q8VEF6,Eukaryota,Mus musculus,10090,,,1,23,,,,,,,,,,,,,,,,,,,,,,,,,,,,,,,
P23284,216,P23284,"A8K534, Q6IBH5, Q9BVK5",Eukaryota,Homo sapiens,9606,,,1,33,ECO:0000269,,,,,,,,,,,,,,,,,,,,,,,,,,,,,,
P21246,168,P21246,"Q5U0B0, Q6ICQ5, Q9UCC6",Eukaryota,Homo sapiens,9606,,,1,32,ECO:0000269,,,,,,,,,,,,,,,,,,,,,,,,,,,,,,
P56722,979,P56722,Q0VD45,Eukaryota,Bos taurus,9913,,,1,34,ECO:0000269,576,600,ECO:0000255,,,,,,,,,,,,,,,,,,,,,,,,,,,
P04843,607,P04843,"B2R5Z0, D3DNB6, Q68DT1",Eukaryota,Homo sapiens,9606,,,1,23,,439,457,ECO:0000255,,,,,,,,,,,,,,,,,,,,,,,,,,,
P05366,122,P05366,,Eukaryota,Mus musculus,10090,,,1,19,ECO:0000269,,,,,,,,,,,,,,,,,,,,,,,,,,,,,,
Q9NPR2,837,Q9NPR2,"J3KNP4, Q6UXE3, Q8WVP9, Q96FK5, Q9C0B8, Q9H691, Q9NPM8, Q9NPN0",Eukaryota,Homo sapiens,9606,,,1,43,ECO:0000269,718,738,ECO:0000255,,,,,,,,,,,,,,,,,,,,,,,,,,,
P02814,79,P02814,"B7ZMG7, Q9UBN0, Q9UCT0",Eukaryota,Homo sapiens,9606,,,1,22,ECO:0000269,,,,,,,,,,,,,,,,,,,,,,,,,,,,,,
P01168,116,P01168,Q6PLR2,Eukaryota,Sus scrofa,9823,,,1,24,ECO:0000269,,,,,,,,,,,,,,,,,,,,,,,,,,,,,,
Q9BQB4,213,Q9BQB4,Q495N9,Eukaryota,Homo sapiens,9606,,,1,23,ECO:0000269,,,,,,,,,,,,,,,,,,,,,,,,,,,,,,
P37173,567,P37173,"B4DTV5, Q15580, Q6DKT6, Q99474",Eukaryota,Homo sapiens,9606,,,1,22,ECO:0000269,167,187,ECO:0000255,,,,,,,,,,,,,,,,,,,,,,,,,,,
P01831,162,P01831,,Eukaryota,Mus musculus,10090,,,1,19,ECO:0000269,,,,,,,,,,,,,,,,,,,,,,,,,,,,,,
Q06805,1136,Q06805,,Eukaryota,Bos taurus,9913,,,1,23,,758,782,ECO:0000255,,,,,,,,,,,,,,,,,,,,,,,,,,,
P20334,256,P20334,,Eukaryota,Mus musculus,10090,,,1,23,ECO:0000269,188,208,ECO:0000255,,,,,,,,,,,,,,,,,,,,,,,,,,,
Q9UBN6,386,Q9UBN6,"B2R8W0, Q9Y6Q4",Eukaryota,Homo sapiens,9606,,,1,55,ECO:0000269,212,232,ECO:0000255,,,,,,,,,,,,,,,,,,,,,,,,,,,
P12346,698,P12346,"Q63602, Q64628, Q64630, Q7TNX0",Eukaryota,Rattus norvegicus,10116,,,1,19,ECO:0000269,,,,,,,,,,,,,,,,,,,,,,,,,,,,,,
P32821,246,P32821,,Eukaryota,Rattus norvegicus,10116,,,1,15,,,,,,,,,,,,,,,,,,,,,,,,,,,,,,,
P03979,118,P03979,A0A075B6L3,Eukaryota,Homo sapiens,9606,,,1,17,ECO:0000255,,,,,,,,,,,,,,,,,,,,,,,,,,,,,,
P04439,365,P04439,"B1PKZ3, O02939, O02954, O02955, O02963, O19509, O19546, O19598, O19605, O19606, O19619, O19647, O19673, O19687, O19695, O19756, O19794, O19795, O43906, O43907, O46874, O62921, O62924, O77937, O77938, O77964, O78073, O78171, O98009, O98010, O98011, O98137, P01891, P01892, P05534, P06338, P10313, P10314, P10315, P10316, P13746, P16188, P16189, P16190, P18462, P30443, P30444, P30445, P30446, P30447, P30448, P30449, P30450, P30451, P30452, P30453, P30454, P30455, P30456, P30457, P30458, P30459, P30512, P30514, P79505, P79562, P79563, Q09160, Q29680, Q29747, Q29835, Q29837, Q29838, Q29899, Q29908, Q29909, Q29910, Q30208, Q31623, Q5S3G1, Q65A82, Q8MHM1, Q8MHN9, Q95352, Q95355, Q95362, Q95377, Q95380, Q95IZ5, Q9BCN0, Q9BD15, Q9BD19, Q9GJE6, Q9GJE7, Q9GJE8, Q9MW42, Q9MY89, Q9MYA3, Q9MYA5, Q9MYC4, Q9MYE6, Q9MYE9, Q9MYG4, Q9MYG5, Q9MYI5, Q9TP25, Q9TPQ3, Q9TPR8, Q9TPX8, Q9TPX9, Q9TPY0, Q9TQ24, Q9TQE8, Q9TQE9, Q9TQF1, Q9TQF5, Q9TQF8, Q9TQF9, Q9TQG0, Q9TQG5, Q9TQG7, Q9TQH5, Q9TQI3, Q9TQK5, Q9TQM6, Q9TQN5, Q9TQP5, Q9TQP6, Q9TQP7, Q9UIN1, Q9UIN2, Q9UIP7, Q9UQU3, Q9UQU6, Q9UQU7",Eukaryota,Homo sapiens,9606,,,1,24,ECO:0000269,309,332,ECO:0000255,,,,,,,,,,,,,,,,,,,,,,,,,,,
P30457,365,P04439,"B1PKZ3, O02939, O02954, O02955, O02963, O19509, O19546, O19598, O19605, O19606, O19619, O19647, O19673, O19687, O19695, O19756, O19794, O19795, O43906, O43907, O46874, O62921, O62924, O77937, O77938, O77964, O78073, O78171, O98009, O98010, O98011, O98137, P01891, P01892, P05534, P06338, P10313, P10314, P10315, P10316, P13746, P16188, P16189, P16190, P18462, P30443, P30444, P30445, P30446, P30447, P30448, P30449, P30450, P30451, P30452, P30453, P30454, P30455, P30456, P30457, P30458, P30459, P30512, P30514, P79505, P79562, P79563, Q09160, Q29680, Q29747, Q29835, Q29837, Q29838, Q29899, Q29908, Q29909, Q29910, Q30208, Q31623, Q5S3G1, Q65A82, Q8MHM1, Q8MHN9, Q95352, Q95355, Q95362, Q95377, Q95380, Q95IZ5, Q9BCN0, Q9BD15, Q9BD19, Q9GJE6, Q9GJE7, Q9GJE8, Q9MW42, Q9MY89, Q9MYA3, Q9MYA5, Q9MYC4, Q9MYE6, Q9MYE9, Q9MYG4, Q9MYG5, Q9MYI5, Q9TP25, Q9TPQ3, Q9TPR8, Q9TPX8, Q9TPX9, Q9TPY0, Q9TQ24, Q9TQE8, Q9TQE9, Q9TQF1, Q9TQF5, Q9TQF8, Q9TQF9, Q9TQG0, Q9TQG5, Q9TQG7, Q9TQH5, Q9TQI3, Q9TQK5, Q9TQM6, Q9TQN5, Q9TQP5, Q9TQP6, Q9TQP7, Q9UIN1, Q9UIN2, Q9UIP7, Q9UQU3, Q9UQU6, Q9UQU7",Eukaryota,Homo sapiens,9606,,,1,24,ECO:0000269,309,332,ECO:0000255,,,,,,,,,,,,,,,,,,,,,,,,,,,
P30486,362,P01889,"A0A2I6Q7B5, B0V0B8, G3GN01, O02862, O02956, O02957, O02960, O19555, O19556, O19595, O19615, O19624, O19625, O19627, O19641, O19651, O19675, O19692, O19758, O19779, O19783, O46702, O62897, O62901, O62915, O62917, O62919, O77933, O77959, O78053, O78138, O78160, O78163, O78172, O78173, O78180, O78217, O95730, O98140, P01890, P03989, P10317, P10318, P10319, P10320, P18463, P18464, P18465, P19373, P30460, P30461, P30462, P30463, P30464, P30465, P30466, P30467, P30468, P30469, P30470, P30471, P30472, P30473, P30474, P30475, P30476, P30477, P30478, P30479, P30480, P30481, P30482, P30483, P30484, P30485, P30486, P30487, P30488, P30489, P30490, P30491, P30492, P30493, P30494, P30495, P30496, P30497, P30498, P30513, P30685, P79489, P79490, P79496, P79504, P79523, P79524, P79542, P79555, Q04826, Q08136, Q29633, Q29636, Q29638, Q29661, Q29665, Q29678, Q29679, Q29681, Q29693, Q29695, Q29697, Q29718, Q29742, Q29749, Q29762, Q29764, Q29829, Q29836, Q29842, Q29845, Q29846, Q29847, Q29848, Q29850, Q29851, Q29852, Q29854, Q29855, Q29857, Q29858, Q29861, Q29924, Q29925, Q29933, Q29935, Q29936, Q29940, Q29953, Q29961, Q29982, Q30173, Q30198, Q31603, Q31610, Q31612, Q31613, Q546L8, Q546M4, Q5JP37, Q5QT24, Q5RIP1, Q5SRJ2, Q5TK76, Q5TK77, Q860I4, Q861B5, Q8HWF0, Q8MGQ3, Q8MHN4, Q8SNC5, Q95343, Q95344, Q95365, Q95369, Q95392, Q95HA3, Q95HA8, Q95HM9, Q95IA6, Q95IB8, Q95IH5, Q95J00, Q96IT9, Q9BCM6, Q9BCM7, Q9BCM8, Q9BD06, Q9BD38, Q9BD43, Q9GIL3, Q9GIM3, Q9GIX1, Q9GIY5, Q9GIZ0, Q9GIZ9, Q9GJ00, Q9GJ17, Q9GJ20, Q9GJ23, Q9GJ31, Q9GJF0, Q9GJM7, Q9MX21, Q9MY37, Q9MY42, Q9MY43, Q9MY61, Q9MY75, Q9MY78, Q9MY79, Q9MY84, Q9MY92, Q9MY93, Q9MY94, Q9MYB8, Q9MYC3, Q9MYC7, Q9MYF4, Q9MYG1, Q9TP35, Q9TP36, Q9TP37, Q9TP95, Q9TPQ7, Q9TPQ9, Q9TPR2, Q9TPR4, Q9TPS6, Q9TPT2, Q9TPT4, Q9TPT6, Q9TPV2, Q9TQG1, Q9TQH3, Q9TQH6, Q9TQH7, Q9TQH8, Q9TQH9, Q9TQM2, Q9TQN4, Q9TQN6, Q9UQS8, Q9UQT0",Eukaryota,Homo sapiens,9606,,,1,24,ECO:0000269,310,333,ECO:0000255,,,,,,,,,,,,,,,,,,,,,,,,,,,
P30505,366,P10321,"O02863, O02864, O02865, O02866, O02958, O19505, O19652, O19676, O62879, O62882, O62883, O62888, O78060, O78061, O78062, O78063, O78067, O78068, O78069, O78072, O78083, O78090, O78091, O78149, O78165, O78166, O78178, O78202, O78203, O78211, O78214, P04222, P30499, P30500, P30501, P30502, P30503, P30504, P30505, P30506, P30507, P30508, P30509, P30510, P79498, Q07000, Q29631, Q29641, Q29643, Q29652, Q29743, Q29768, Q29862, Q29864, Q29865, Q29867, Q29921, Q29959, Q29960, Q29963, Q29986, Q29989, Q29990, Q29991, Q29992, Q29993, Q30192, Q31605, Q31627, Q860R1, Q860R2, Q95463, Q95603, Q95604, Q99528, Q9BD28, Q9GIK4, Q9GIK8, Q9GJ33, Q9MY30, Q9MY31, Q9MY35, Q9MY49, Q9MY74, Q9MYI3, Q9TNN7, Q9TNZ8, Q9TPS4, Q9TPV8, Q9TPX2, Q9TQB4, Q9TQJ5, Q9TQP9, Q9UM32, Q9UM33, Q9UM42, Q9UQS9",Eukaryota,Homo sapiens,9606,,,1,24,ECO:0000255,309,333,ECO:0000255,,,,,,,,,,,,,,,,,,,,,,,,,,,
P02769,607,P02769,"A5PJX3, O02787, P04277, Q3SZR2",Eukaryota,Bos taurus,9913,,,1,18,ECO:0000269,,,,,,,,,,,,,,,,,,,,,,,,,,,,,,
Q95182,187,Q95182,,Eukaryota,Equus caballus,9796,,,1,15,,,,,,,,,,,,,,,,,,,,,,,,,,,,,,,
P09809,266,P09809,,Eukaryota,Oryctolagus cuniculus,9986,,,1,18,,,,,,,,,,,,,,,,,,,,,,,,,,,,,,,
P05090,189,P05090,"B2R579, D3DNW6, Q6IBG6",Eukaryota,Homo sapiens,9606,,,1,20,ECO:0000269,,,,,,,,,,,,,,,,,,,,,,,,,,,,,,
P02749,345,P02749,"B2R9M3, Q9UCN7",Eukaryota,Homo sapiens,9606,,,1,19,ECO:0000269,,,,,,,,,,,,,,,,,,,,,,,,,,,,,,
P16278,677,P16278,"B2R7H8, B7Z6B0, P16279",Eukaryota,Homo sapiens,9606,,,1,23,,,,,,,,,,,,,,,,,,,,,,,,,,,,,,,
P15253,418,P15253,,Eukaryota,Oryctolagus cuniculus,9986,,,1,17,ECO:0000269,,,,,,,,,,,,,,,,,,,,,,,,,,,,,,
P47710,185,P47710,"A1A510, A1A511, E9PB60, Q4PNR5",Eukaryota,Homo sapiens,9606,,,1,15,ECO:0000269,,,,,,,,,,,,,,,,,,,,,,,,,,,,,,
P50229,92,P50229,A1EC87,Eukaryota,Rattus norvegicus,10116,,,1,23,ECO:0000269,,,,,,,,,,,,,,,,,,,,,,,,,,,,,,
Q9BZW8,370,Q9BZW8,"Q5VYI2, Q5VYI6, Q5VYI7, Q96T47, Q9NQD2, Q9NQD3, Q9Y288",Eukaryota,Homo sapiens,9606,,,1,21,ECO:0000269,230,250,ECO:0000255,,,,,,,,,,,,,,,,,,,,,,,,,,,
P28906,385,P28906,"A8K664, Q15970, Q15971, Q5JTA3, Q5JTA4, Q9UJB1",Eukaryota,Homo sapiens,9606,,,1,31,ECO:0000269,291,311,ECO:0000255,,,,,,,,,,,,,,,,,,,,,,,,,,,
P18181,240,P18181,Q545K2,Eukaryota,Mus musculus,10090,,,1,22,ECO:0000269,,,,,,,,,,,,,,,,,,,,,,,,,,,,,,
P22687,497,P22687,,Eukaryota,Oryctolagus cuniculus,9986,,,1,1,,,,,,,,,,,,,,,,,,,,,,,,,,,,,,,
P18276,381,P18276,,Eukaryota,Ovis aries,9940,,,1,16,,,,,,,,,,,,,,,,,,,,,,,,,,,,,,,
P26339,463,P26339,,Eukaryota,Mus musculus,10090,,,1,18,,,,,,,,,,,,,,,,,,,,,,,,,,,,,,,
Q03402,241,Q03402,A2RTK2,Eukaryota,Mus musculus,10090,,,1,19,,,,,,,,,,,,,,,,,,,,,,,,,,,,,,,
P07141,552,P07141,"Q3U395, Q8R3C8",Eukaryota,Mus musculus,10090,,,1,32,ECO:0000269,493,515,ECO:0000255,,,,,,,,,,,,,,,,,,,,,,,,,,,
P59665,94,P59665,"P11479, Q14125, Q6EZF6",Eukaryota,Homo sapiens,9606,,,1,19,ECO:0000269,,,,,,,,,,,,,,,,,,,,,,,,,,,,,,
Q9UBP4,350,Q9UBP4,"A8K1I2, D3DQW1, Q9ULB7",Eukaryota,Homo sapiens,9606,,,1,21,ECO:0000269,,,,,,,,,,,,,,,,,,,,,,,,,,,,,,
P31429,410,P31429,,Eukaryota,Oryctolagus cuniculus,9986,,,1,16,ECO:0000269,,,,,,,,,,,,,,,,,,,,,,,,,,,,,,
P98140,612,P98140,Q0P5I3,Eukaryota,Bos taurus,9913,,,1,19,ECO:0000269,,,,,,,,,,,,,,,,,,,,,,,,,,,,,,
P12259,2224,P12259,"A8K6E8, Q14285, Q2EHR5, Q5R346, Q5R347, Q6UPU6, Q8WWQ6",Eukaryota,Homo sapiens,9606,,,1,28,,,,,,,,,,,,,,,,,,,,,,,,,,,,,,,
P12371,245,P12371,P12840,Eukaryota,Rattus norvegicus,10116,,,1,23,,205,223,ECO:0000255,,,,,,,,,,,,,,,,,,,,,,,,,,,
P08101,330,P08101,"P08102, P12316, P97917, Q60938, Q60939, Q60940, Q61170, Q61558",Eukaryota,Mus musculus,10090,,,1,29,,211,231,ECO:0000255,,,,,,,,,,,,,,,,,,,,,,,,,,,
O00602,326,O00602,"Q5VYV5, Q92596",Eukaryota,Homo sapiens,9606,,,1,29,ECO:0000269,,,,,,,,,,,,,,,,,,,,,,,,,,,,,,
P15697,231,P15697,,Eukaryota,Nothocricetulus migratorius,3122392,,,1,19,,,,,,,,,,,,,,,,,,,,,,,,,,,,,,,
P19883,344,P19883,"B5BU94, Q9BTH0",Eukaryota,Homo sapiens,9606,,,1,29,ECO:0000269,,,,,,,,,,,,,,,,,,,,,,,,,,,,,,
Q9H7M9,311,Q9H7M9,"A1L0X9, A4ZYV1, A8MVH5, Q6UXF3, Q8WUG3, Q8WYZ8",Eukaryota,Homo sapiens,9606,,,1,32,ECO:0000269,195,215,ECO:0000255,,,,,,,,,,,,,,,,,,,,,,,,,,,
P14314,528,P14314,"A8K318, Q96BU9, Q96D06, Q9P0W9",Eukaryota,Homo sapiens,9606,,,1,14,ECO:0000269,,,,,,,,,,,,,,,,,,,,,,,,,,,,,,
P01274,180,P01274,Q864V8,Eukaryota,Sus scrofa,9823,,,1,20,ECO:0000269,,,,,,,,,,,,,,,,,,,,,,,,,,,,,,
P13562,90,P13562,,Eukaryota,Mus musculus,10090,,,1,21,ECO:0000255,,,,,,,,,,,,,,,,,,,,,,,,,,,,,,
P08882,248,P08882,Q61389,Eukaryota,Mus musculus,10090,,,1,18,ECO:0000255,,,,,,,,,,,,,,,,,,,,,,,,,,,,,,
P09341,107,P09341,Q9UCR7,Eukaryota,Homo sapiens,9606,,,1,34,ECO:0000269,,,,,,,,,,,,,,,,,,,,,,,,,,,,,,
P23150,254,P23150,,Eukaryota,Mus musculus,10090,,,1,24,,217,242,ECO:0000255,,,,,,,,,,,,,,,,,,,,,,,,,,,
P05537,261,P01920,"A1KR27, A2RPH3, A4Q9R4, A4USG2, A4USG5, A6N8I7, A9YQA0, B0S7Y7, B1A0K6, B1GXI3, B3VLT3, B5BLN7, B7VU69, C0MQ34, C0MQ35, C8ZL52, C8ZLJ8, C8ZLJ9, C9DRQ3, O19708, O19713, O19724, O62861, O78046, O78221, O78223, O98034, O98201, P01917, P01918, P01919, P03992, P05537, P79482, P79526, P79544, P79551, Q08GC8, Q09035, Q0E4V9, Q1M312, Q29731, Q29877, Q29884, Q29915, Q29966, Q2P9N3, Q2QK85, Q30061, Q30075, Q30076, Q30080, Q30081, Q30082, Q30083, Q30084, Q30089, Q30095, Q31633, Q38I47, Q45UE3, Q4QZB5, Q53I44, Q564J6, Q5G841, Q5ISH1, Q5ISH3, Q5W1E1, Q5Y7G8, Q643R4, Q6B9X1, Q70VH8, Q7YP69, Q8HWH0, Q8MH58, Q8SNB4, Q8SND1, Q8SP70, Q8WMA3, Q9BD17, Q9MYH2, Q9TPA9, Q9XRY6, Q9XRY7, Q9XRZ2",Eukaryota,Homo sapiens,9606,,,1,32,ECO:0000269,231,251,ECO:0000255,,,,,,,,,,,,,,,,,,,,,,,,,,,
P01746,140,P01746,,Eukaryota,Mus musculus,10090,,,1,19,,,,,,,,,,,,,,,,,,,,,,,,,,,,,,,
P16611,293,P16611,"Q6S6K2, Q9TTI0",Eukaryota,Sus scrofa,9823,,,1,27,ECO:0000269,,,,,,,,,,,,,,,,,,,,,,,,,,,,,,
P01569,189,P01569,Q52LX3,Eukaryota,Homo sapiens,9606,,,1,21,ECO:0000269,,,,,,,,,,,,,,,,,,,,,,,,,,,,,,
P09535,180,P09535,E9QLW5,Eukaryota,Mus musculus,10090,,,1,24,,,,,,,,,,,,,,,,,,,,,,,,,,,,,,,
P35225,146,P35225,"O43644, Q4VB52, Q9UDC7",Eukaryota,Homo sapiens,9606,,,1,24,ECO:0000255,,,,,,,,,,,,,,,,,,,,,,,,,,,,,,
P01589,272,P01589,Q5W007,Eukaryota,Homo sapiens,9606,,,1,21,,241,259,ECO:0000255,,,,,,,,,,,,,,,,,,,,,,,,,,,
Q9Y5Q6,135,Q9Y5Q6,"Q3MIY4, Q5VYD8",Eukaryota,Homo sapiens,9606,,,1,22,ECO:0000269,,,,,,,,,,,,,,,,,,,,,,,,,,,,,,
P15127,1383,P15127,P97681,Eukaryota,Rattus norvegicus,10116,,,1,26,,958,978,ECO:0000255,,,,,,,,,,,,,,,,,,,,,,,,,,,
P01315,108,P01315,Q9TSJ5,Eukaryota,Sus scrofa,9823,,,1,24,ECO:0000269,,,,,,,,,,,,,,,,,,,,,,,,,,,,,,
P20155,84,P20155,Q6FGH2,Eukaryota,Homo sapiens,9606,,,1,23,ECO:0000269,,,,,,,,,,,,,,,,,,,,,,,,,,,,,,
P18614,1180,P18614,,Eukaryota,Rattus norvegicus,10116,,,1,28,,1143,1165,ECO:0000255,,,,,,,,,,,,,,,,,,,,,,,,,,,
P79263,921,P79263,,Eukaryota,Sus scrofa,9823,,,1,27,ECO:0000269,,,,,,,,,,,,,,,,,,,,,,,,,,,,,,
P57087,298,P57087,"B2R6T9, B4DGT9, Q6UXG6, Q6YNC1",Eukaryota,Homo sapiens,9606,,,1,28,ECO:0000269,239,259,ECO:0000255,,,,,,,,,,,,,,,,,,,,,,,,,,,
P26262,638,P26262,Q8R0P5,Eukaryota,Mus musculus,10090,,,1,19,,,,,,,,,,,,,,,,,,,,,,,,,,,,,,,
P01691,117,P01691,,Eukaryota,Oryctolagus cuniculus,9986,,,1,6,,,,,,,,,,,,,,,,,,,,,,,,,,,,,,,
P06309,120,P01615,"A0A0A0MTQ6, P01616, P01617, P06309",Eukaryota,Homo sapiens,9606,,,1,19,ECO:0000269,,,,,,,,,,,,,,,,,,,,,,,,,,,,,,
P01661,131,P01661,,Eukaryota,Mus musculus,10090,,,1,20,ECO:0000269,,,,,,,,,,,,,,,,,,,,,,,,,,,,,,
P00716,141,P00716,Q9TQT7,Eukaryota,Oryctolagus cuniculus,9986,,,1,19,ECO:0000269,,,,,,,,,,,,,,,,,,,,,,,,,,,,,,
P02468,1607,P02468,,Eukaryota,Mus musculus,10090,,,1,33,,,,,,,,,,,,,,,,,,,,,,,,,,,,,,,
P17454,482,P17454,,Eukaryota,Oryctolagus cuniculus,9986,,,1,26,ECO:0000269,,,,,,,,,,,,,,,,,,,,,,,,,,,,,,
P16233,465,P16233,Q5VSQ2,Eukaryota,Homo sapiens,9606,,,1,16,,,,,,,,,,,,,,,,,,,,,,,,,,,,,,,
P49257,510,P49257,"Q12895, Q8N5I7, Q9UQG1, Q9UQG2, Q9UQG3, Q9UQG4, Q9UQG5, Q9UQG6, Q9UQG7, Q9UQG8, Q9UQG9, Q9UQH0, Q9UQH1, Q9UQH2",Eukaryota,Homo sapiens,9606,,,1,30,"ECO:0000269, ECO:0007744",478,498,ECO:0000255,,,,,,,,,,,,,,,,,,,,,,,,,,,
P01230,141,P01230,,Eukaryota,Rattus norvegicus,10116,,,1,20,,,,,,,,,,,,,,,,,,,,,,,,,,,,,,,
P01724,129,P01724,,Eukaryota,Mus musculus,10090,,,1,19,ECO:0000269,,,,,,,,,,,,,,,,,,,,,,,,,,,,,,
Q14210,128,Q14210,"B2R5F1, D3DWJ0, O43783, Q6GTV9, Q8TBD4, Q92933",Eukaryota,Homo sapiens,9606,,,1,20,ECO:0000269,,,,,,,,,,,,,,,,,,,,,,,,,,,,,,
P28053,469,P28053,,Eukaryota,Bos taurus,9913,,,1,18,ECO:0000269,,,,,,,,,,,,,,,,,,,,,,,,,,,,,,
P08949,121,P08949,"Q96A06, Q96HH5",Eukaryota,Homo sapiens,9606,,,1,24,ECO:0000250,,,,,,,,,,,,,,,,,,,,,,,,,,,,,,
P04055,146,P04055,,Eukaryota,Rattus norvegicus,10116,,,1,15,,,,,,,,,,,,,,,,,,,,,,,,,,,,,,,
P16112,2530,P16112,"B9EK55, E7ENV9, E7EX88, H0YM81, H0YMF1, Q13650, Q9UCD3, Q9UCP4, Q9UCP5, Q9UDE0",Eukaryota,Homo sapiens,9606,,,1,16,ECO:0000269,,,,,,,,,,,,,,,,,,,,,,,,,,,,,,
Q96PD5,576,Q96PD5,"A8K050, A8K8C7, B2RMZ2, B7ZM33, Q68CK1, Q96N74, Q9UC60",Eukaryota,Homo sapiens,9606,,,1,21,ECO:0000269,,,,,,,,,,,,,,,,,,,,,,,,,,,,,,
P15083,769,P15083,,Eukaryota,Rattus norvegicus,10116,,,1,18,,644,666,ECO:0000255,,,,,,,,,,,,,,,,,,,,,,,,,,,
P00747,810,P00747,"Q15146, Q5TEH4, Q6PA00",Eukaryota,Homo sapiens,9606,,,1,19,ECO:0000269,,,,,,,,,,,,,,,,,,,,,,,,,,,,,,
P07225,676,P07225,"A8KAC9, D3DN28, Q15518, Q7Z715, Q9UCZ8",Eukaryota,Homo sapiens,9606,,,1,24,,,,,,,,,,,,,,,,,,,,,,,,,,,,,,,
Q9BYZ8,158,Q9BYZ8,"Q8NER6, Q8NER7",Eukaryota,Homo sapiens,9606,,,1,22,ECO:0000269,,,,,,,,,,,,,,,,,,,,,,,,,,,,,,
P12661,1286,P12661,,Eukaryota,Bos taurus,9913,,,1,17,,,,,,,,,,,,,,,,,,,,,,,,,,,,,,,
P39873,167,P39873,Q1RMP6,Eukaryota,Bos taurus,9913,,,1,26,ECO:0000269,,,,,,,,,,,,,,,,,,,,,,,,,,,,,,
P19453,122,P19453,,Eukaryota,Mesocricetus auratus,10036,,,1,18,ECO:0000255,,,,,,,,,,,,,,,,,,,,,,,,,,,,,,
P12246,224,P12246,,Eukaryota,Mus musculus,10090,,,1,20,,,,,,,,,,,,,,,,,,,,,,,,,,,,,,,
P10960,554,P10960,"Q62841, Q64190",Eukaryota,Rattus norvegicus,10116,,,1,16,ECO:0000250,,,,,,,,,,,,,,,,,,,,,,,,,,,,,,
Q9UIB8,345,Q9UIB8,"B2R8T1, B7Z3R8, O15430, O95266, O95660, Q5H9R1, Q6FHA8, Q8WLP1, Q8WWI8, Q9UF04, Q9UIB6, Q9UIB7, Q9UIT7",Eukaryota,Homo sapiens,9606,,,1,21,ECO:0000269,226,246,ECO:0000255,,,,,,,,,,,,,,,,,,,,,,,,,,,
Q27967,203,Q27967,Q3ZBZ5,Eukaryota,Bos taurus,9913,,,1,23,ECO:0000269,,,,,,,,,,,,,,,,,,,,,,,,,,,,,,
P10124,158,P10124,"B2R4L7, Q5VW06",Eukaryota,Homo sapiens,9606,,,1,27,ECO:0000269,,,,,,,,,,,,,,,,,,,,,,,,,,,,,,
P02808,62,P02808,"A6NKE9, B2R4F8",Eukaryota,Homo sapiens,9606,,,1,19,ECO:0000269,,,,,,,,,,,,,,,,,,,,,,,,,,,,,,
P20062,427,P20062,"Q96FD4, Q9BVI8, Q9UCI5, Q9UCI6, Q9UDM0",Eukaryota,Homo sapiens,9606,,,1,18,ECO:0000269,,,,,,,,,,,,,,,,,,,,,,,,,,,,,,
Q9BX59,468,Q9BX59,Q9NWB8,Eukaryota,Homo sapiens,9606,,,1,18,ECO:0000269,406,426,ECO:0000255,,,,,,,,,,,,,,,,,,,,,,,,,,,
P00763,246,P00763,,Eukaryota,Rattus norvegicus,10116,,,1,15,,,,,,,,,,,,,,,,,,,,,,,,,,,,,,,
P14763,764,P14763,,Eukaryota,Canis lupus familiaris,9615,,,1,20,,415,440,ECO:0000250,451,473,ECO:0000250,493,517,ECO:0000250,538,558,ECO:0000250,577,602,ECO:0000250,626,649,ECO:0000250,658,681,ECO:0000250,,,,,,,,,
P10314,365,P04439,"B1PKZ3, O02939, O02954, O02955, O02963, O19509, O19546, O19598, O19605, O19606, O19619, O19647, O19673, O19687, O19695, O19756, O19794, O19795, O43906, O43907, O46874, O62921, O62924, O77937, O77938, O77964, O78073, O78171, O98009, O98010, O98011, O98137, P01891, P01892, P05534, P06338, P10313, P10314, P10315, P10316, P13746, P16188, P16189, P16190, P18462, P30443, P30444, P30445, P30446, P30447, P30448, P30449, P30450, P30451, P30452, P30453, P30454, P30455, P30456, P30457, P30458, P30459, P30512, P30514, P79505, P79562, P79563, Q09160, Q29680, Q29747, Q29835, Q29837, Q29838, Q29899, Q29908, Q29909, Q29910, Q30208, Q31623, Q5S3G1, Q65A82, Q8MHM1, Q8MHN9, Q95352, Q95355, Q95362, Q95377, Q95380, Q95IZ5, Q9BCN0, Q9BD15, Q9BD19, Q9GJE6, Q9GJE7, Q9GJE8, Q9MW42, Q9MY89, Q9MYA3, Q9MYA5, Q9MYC4, Q9MYE6, Q9MYE9, Q9MYG4, Q9MYG5, Q9MYI5, Q9TP25, Q9TPQ3, Q9TPR8, Q9TPX8, Q9TPX9, Q9TPY0, Q9TQ24, Q9TQE8, Q9TQE9, Q9TQF1, Q9TQF5, Q9TQF8, Q9TQF9, Q9TQG0, Q9TQG5, Q9TQG7, Q9TQH5, Q9TQI3, Q9TQK5, Q9TQM6, Q9TQN5, Q9TQP5, Q9TQP6, Q9TQP7, Q9UIN1, Q9UIN2, Q9UIP7, Q9UQU3, Q9UQU6, Q9UQU7",Eukaryota,Homo sapiens,9606,,,1,24,ECO:0000269,309,332,ECO:0000255,,,,,,,,,,,,,,,,,,,,,,,,,,,
P30480,362,P01889,"A0A2I6Q7B5, B0V0B8, G3GN01, O02862, O02956, O02957, O02960, O19555, O19556, O19595, O19615, O19624, O19625, O19627, O19641, O19651, O19675, O19692, O19758, O19779, O19783, O46702, O62897, O62901, O62915, O62917, O62919, O77933, O77959, O78053, O78138, O78160, O78163, O78172, O78173, O78180, O78217, O95730, O98140, P01890, P03989, P10317, P10318, P10319, P10320, P18463, P18464, P18465, P19373, P30460, P30461, P30462, P30463, P30464, P30465, P30466, P30467, P30468, P30469, P30470, P30471, P30472, P30473, P30474, P30475, P30476, P30477, P30478, P30479, P30480, P30481, P30482, P30483, P30484, P30485, P30486, P30487, P30488, P30489, P30490, P30491, P30492, P30493, P30494, P30495, P30496, P30497, P30498, P30513, P30685, P79489, P79490, P79496, P79504, P79523, P79524, P79542, P79555, Q04826, Q08136, Q29633, Q29636, Q29638, Q29661, Q29665, Q29678, Q29679, Q29681, Q29693, Q29695, Q29697, Q29718, Q29742, Q29749, Q29762, Q29764, Q29829, Q29836, Q29842, Q29845, Q29846, Q29847, Q29848, Q29850, Q29851, Q29852, Q29854, Q29855, Q29857, Q29858, Q29861, Q29924, Q29925, Q29933, Q29935, Q29936, Q29940, Q29953, Q29961, Q29982, Q30173, Q30198, Q31603, Q31610, Q31612, Q31613, Q546L8, Q546M4, Q5JP37, Q5QT24, Q5RIP1, Q5SRJ2, Q5TK76, Q5TK77, Q860I4, Q861B5, Q8HWF0, Q8MGQ3, Q8MHN4, Q8SNC5, Q95343, Q95344, Q95365, Q95369, Q95392, Q95HA3, Q95HA8, Q95HM9, Q95IA6, Q95IB8, Q95IH5, Q95J00, Q96IT9, Q9BCM6, Q9BCM7, Q9BCM8, Q9BD06, Q9BD38, Q9BD43, Q9GIL3, Q9GIM3, Q9GIX1, Q9GIY5, Q9GIZ0, Q9GIZ9, Q9GJ00, Q9GJ17, Q9GJ20, Q9GJ23, Q9GJ31, Q9GJF0, Q9GJM7, Q9MX21, Q9MY37, Q9MY42, Q9MY43, Q9MY61, Q9MY75, Q9MY78, Q9MY79, Q9MY84, Q9MY92, Q9MY93, Q9MY94, Q9MYB8, Q9MYC3, Q9MYC7, Q9MYF4, Q9MYG1, Q9TP35, Q9TP36, Q9TP37, Q9TP95, Q9TPQ7, Q9TPQ9, Q9TPR2, Q9TPR4, Q9TPS6, Q9TPT2, Q9TPT4, Q9TPT6, Q9TPV2, Q9TQG1, Q9TQH3, Q9TQH6, Q9TQH7, Q9TQH8, Q9TQH9, Q9TQM2, Q9TQN4, Q9TQN6, Q9UQS8, Q9UQT0",Eukaryota,Homo sapiens,9606,,,1,24,ECO:0000269,310,333,ECO:0000255,,,,,,,,,,,,,,,,,,,,,,,,,,,
P01903,254,P01903,"A2BET4, Q30160, Q6IAZ1, Q861I2, Q9TP70",Eukaryota,Homo sapiens,9606,,,1,25,ECO:0000269,217,239,ECO:0000255,,,,,,,,,,,,,,,,,,,,,,,,,,,
P38029,421,P38029,O46519,Eukaryota,Equus caballus,9796,,,1,24,ECO:0000269,,,,,,,,,,,,,,,,,,,,,,,,,,,,,,
P04217,495,P04217,"A8K052, Q68CK0, Q8IYJ6, Q96P39",Eukaryota,Homo sapiens,9606,,,1,21,ECO:0000269,,,,,,,,,,,,,,,,,,,,,,,,,,,,,,
Q61247,491,Q61247,,Eukaryota,Mus musculus,10090,,,1,27,ECO:0000269,,,,,,,,,,,,,,,,,,,,,,,,,,,,,,
P16066,1061,P16066,"B0ZBF0, Q5SR08, Q6P4Q3",Eukaryota,Homo sapiens,9606,,,1,32,,474,494,ECO:0000255,,,,,,,,,,,,,,,,,,,,,,,,,,,
P09465,167,P09465,,Eukaryota,Cricetus cricetus,10034,,,1,16,ECO:0000269,,,,,,,,,,,,,,,,,,,,,,,,,,,,,,
P68292,267,P68292,"P15568, P17929",Eukaryota,Macaca fascicularis,9541,,,1,18,,,,,,,,,,,,,,,,,,,,,,,,,,,,,,,
P01887,119,P01887,Q91XJ8,Eukaryota,Mus musculus,10090,,,1,20,ECO:0000269,,,,,,,,,,,,,,,,,,,,,,,,,,,,,,
P17213,487,P17213,"B2RCY2, Q1ZZU8, Q5JRW0, Q8IW58, Q9BYZ9, Q9H1L2, Q9H1M8, Q9H203, Q9UCT4, Q9UD65",Eukaryota,Homo sapiens,9606,,,1,31,ECO:0000269,,,,,,,,,,,,,,,,,,,,,,,,,,,,,,
P02662,214,P02662,"A5YK80, A8WCP1, A8WCP2, A8WCP3, A8WCP4, A8WCP5, A8WCP6, A8WCP7, A8WCP8, A8WCP9, A8WCQ0, A8WCQ1, A8WCQ2, A8WCQ3, A8WCQ4, A8WCQ5, A8WCQ6, A8WCQ7, A8WCQ8, A8WCQ9, A8WCR0, A8WCR1, A8WCR2, A8WCR3, A8WCR4, A8WCR5, A8WCR6, A8WCR7, A8WCR8, A8WCR9, A8WCS0, A8WCS1, Q28048, Q28069, Q32LE8, Q7M2U6, Q9TRH5",Eukaryota,Bos taurus,9913,,,1,15,ECO:0000269,,,,,,,,,,,,,,,,,,,,,,,,,,,,,,
P15156,695,P15156,,Eukaryota,Mesocricetus auratus,10036,,,1,21,ECO:0000269,,,,,,,,,,,,,,,,,,,,,,,,,,,,,,
P13688,526,P13688,"A6NE38, A8MY49, O60430, Q069I7, Q13854, Q13857, Q13858, Q13859, Q13860, Q15600, Q15601, Q16170, Q5UB49, Q7KYP5, Q96CA7, Q9UQV9",Eukaryota,Homo sapiens,9606,,,1,34,,429,452,ECO:0000255,,,,,,,,,,,,,,,,,,,,,,,,,,,
P08603,1231,P08603,"A5PL14, P78435, Q14570, Q2TAZ5, Q38G77, Q5TFM3, Q8N708, Q9NU86",Eukaryota,Homo sapiens,9606,,,1,18,ECO:0000269,,,,,,,,,,,,,,,,,,,,,,,,,,,,,,
P02461,1466,P02461,"D2JYH5, D3DPH4, P78429, Q15112, Q16403, Q53S91, Q541P8, Q6LDB3, Q6LDJ2, Q6LDJ3, Q7KZ56, Q8N6U4, Q9UC88, Q9UC89, Q9UC90, Q9UC91, R4N3C5, V9GZI1",Eukaryota,Homo sapiens,9606,,,1,23,,,,,,,,,,,,,,,,,,,,,,,,,,,,,,,
Q60477,244,Q60477,,Eukaryota,Cavia porcellus,10141,,,1,21,ECO:0000269,,,,,,,,,,,,,,,,,,,,,,,,,,,,,,
P19313,141,P19313,,Eukaryota,Rattus norvegicus,10116,,,1,27,ECO:0000269,,,,,,,,,,,,,,,,,,,,,,,,,,,,,,
O94907,266,O94907,B2RC19,Eukaryota,Homo sapiens,9606,,,1,31,ECO:0000269,,,,,,,,,,,,,,,,,,,,,,,,,,,,,,
P23142,703,P23142,"B0QY42, B1AHL4, P23143, P23144, P37888, Q5TIC4, Q8TBH8, Q9HBQ5, Q9UC21, Q9UGR4, Q9UH41",Eukaryota,Homo sapiens,9606,,,1,29,ECO:0000269,,,,,,,,,,,,,,,,,,,,,,,,,,,,,,
P02679,453,P02679,"A8K057, P04469, P04470, Q53Y18, Q96A14, Q96KJ3, Q9UC62, Q9UC63, Q9UCF3",Eukaryota,Homo sapiens,9606,,,1,26,ECO:0000269,,,,,,,,,,,,,,,,,,,,,,,,,,,,,,
P07727,457,P07727,Q546L6,Eukaryota,Rattus norvegicus,10116,,,1,28,ECO:0000269,251,272,ECO:0000250,278,298,ECO:0000250,310,330,ECO:0000250,426,446,ECO:0000250,,,,,,,,,,,,,,,,,,
P01273,180,P01273,,Eukaryota,Mesocricetus auratus,10036,,,1,20,,,,,,,,,,,,,,,,,,,,,,,,,,,,,,,
P15586,552,P15586,"B4DYH8, Q53F05",Eukaryota,Homo sapiens,9606,,,1,36,,,,,,,,,,,,,,,,,,,,,,,,,,,,,,,
P35053,558,P35053,,Eukaryota,Rattus norvegicus,10116,,,1,23,ECO:0000269,,,,,,,,,,,,,,,,,,,,,,,,,,,,,,
P11032,260,P11032,P15118,Eukaryota,Mus musculus,10090,,,1,26,,,,,,,,,,,,,,,,,,,,,,,,,,,,,,,
P04223,369,P04223,"O19459, Q31165, Q31192, Q95458",Eukaryota,Mus musculus,10090,,,1,21,,306,328,ECO:0000255,,,,,,,,,,,,,,,,,,,,,,,,,,,
P20037,256,P20037,,Eukaryota,Rattus norvegicus,10116,,,1,23,,219,244,ECO:0000255,,,,,,,,,,,,,,,,,,,,,,,,,,,
P01918,261,P01920,"A1KR27, A2RPH3, A4Q9R4, A4USG2, A4USG5, A6N8I7, A9YQA0, B0S7Y7, B1A0K6, B1GXI3, B3VLT3, B5BLN7, B7VU69, C0MQ34, C0MQ35, C8ZL52, C8ZLJ8, C8ZLJ9, C9DRQ3, O19708, O19713, O19724, O62861, O78046, O78221, O78223, O98034, O98201, P01917, P01918, P01919, P03992, P05537, P79482, P79526, P79544, P79551, Q08GC8, Q09035, Q0E4V9, Q1M312, Q29731, Q29877, Q29884, Q29915, Q29966, Q2P9N3, Q2QK85, Q30061, Q30075, Q30076, Q30080, Q30081, Q30082, Q30083, Q30084, Q30089, Q30095, Q31633, Q38I47, Q45UE3, Q4QZB5, Q53I44, Q564J6, Q5G841, Q5ISH1, Q5ISH3, Q5W1E1, Q5Y7G8, Q643R4, Q6B9X1, Q70VH8, Q7YP69, Q8HWH0, Q8MH58, Q8SNB4, Q8SND1, Q8SP70, Q8WMA3, Q9BD17, Q9MYH2, Q9TPA9, Q9XRY6, Q9XRY7, Q9XRZ2",Eukaryota,Homo sapiens,9606,,,1,32,ECO:0000269,231,251,ECO:0000255,,,,,,,,,,,,,,,,,,,,,,,,,,,
P01764,117,P01764,"A0A087WSX3, P01765, P01774, P01775, P01776, P01777, P01778, P01779",Eukaryota,Homo sapiens,9606,,,1,19,ECO:0000269,,,,,,,,,,,,,,,,,,,,,,,,,,,,,,
P18529,117,P18529,,Eukaryota,Mus musculus,10090,,,1,19,,,,,,,,,,,,,,,,,,,,,,,,,,,,,,,
P12843,304,P12843,Q569C7,Eukaryota,Rattus norvegicus,10116,,,1,34,ECO:0000269,,,,,,,,,,,,,,,,,,,,,,,,,,,,,,
P05362,532,P05362,"B2R6M3, Q5NKV7, Q96B50",Eukaryota,Homo sapiens,9606,,,1,27,,481,503,ECO:0000255,,,,,,,,,,,,,,,,,,,,,,,,,,,
Q9R1T7,200,Q9R1T7,Q9WVR9,Eukaryota,Rattus norvegicus,10116,,,1,20,ECO:0000269,146,166,ECO:0000255,,,,,,,,,,,,,,,,,,,,,,,,,,,
P05012,186,P05012,,Eukaryota,Equus caballus,9796,,,1,21,ECO:0000255,,,,,,,,,,,,,,,,,,,,,,,,,,,,,,
P07456,179,P07456,"A0A5F2, Q2HJN0",Eukaryota,Bos taurus,9913,,,1,24,ECO:0000269,,,,,,,,,,,,,,,,,,,,,,,,,,,,,,
Q8NI17,732,Q8NI17,"A6NIF8, Q2TBA1, Q6EBC3, Q6EBC4, Q6EBC5, Q6EBC6, Q6UWL8, Q8WYJ0",Eukaryota,Homo sapiens,9606,,,1,19,ECO:0000269,520,540,ECO:0000255,,,,,,,,,,,,,,,,,,,,,,,,,,,
Q01344,420,Q01344,"B3IU77, B4E2G0, Q14633, Q15469, Q6ISX9",Eukaryota,Homo sapiens,9606,,,1,20,,343,362,ECO:0000255,,,,,,,,,,,,,,,,,,,,,,,,,,,
P04087,364,P04087,Q2I0D4,Eukaryota,Sus scrofa,9823,,,1,17,,,,,,,,,,,,,,,,,,,,,,,,,,,,,,,
Q61738,1179,Q61738,"O88731, O88732, P70350, Q61737, Q61741",Eukaryota,Mus musculus,10090,,,1,33,ECO:0000269,1077,1102,ECO:0000255,,,,,,,,,,,,,,,,,,,,,,,,,,,
P09055,798,P09055,"F6R105, Q3TIW5, Q3TWH6, Q60993, Q61126, Q8BTU0, Q8BVU1",Eukaryota,Mus musculus,10090,,,1,20,,729,751,ECO:0000255,,,,,,,,,,,,,,,,,,,,,,,,,,,
P26011,806,P26011,"Q3U2M1, Q64656",Eukaryota,Mus musculus,10090,,,1,19,ECO:0000269,725,745,ECO:0000255,,,,,,,,,,,,,,,,,,,,,,,,,,,
P01637,128,P01637,,Eukaryota,Mus musculus,10090,,,1,20,,,,,,,,,,,,,,,,,,,,,,,,,,,,,,,
P32004,1257,P32004,"A0AV65, A4ZYW4, B2RMU7, G3XAF4, Q8TA87",Eukaryota,Homo sapiens,9606,,,1,19,ECO:0000269,1121,1143,ECO:0000255,,,,,,,,,,,,,,,,,,,,,,,,,,,
P02469,1786,P02469,E9PXZ9,Eukaryota,Mus musculus,10090,,,1,21,,,,,,,,,,,,,,,,,,,,,,,,,,,,,,,
P48357,1165,P48357,"Q13592, Q13593, Q13594, Q92919, Q92920, Q92921",Eukaryota,Homo sapiens,9606,,,1,21,,840,862,ECO:0000255,,,,,,,,,,,,,,,,,,,,,,,,,,,
P15702,395,P15702,,Eukaryota,Mus musculus,10090,,,1,19,,249,271,ECO:0000255,,,,,,,,,,,,,,,,,,,,,,,,,,,
P04634,395,P04634,,Eukaryota,Rattus norvegicus,10116,,,1,18,ECO:0000269,,,,,,,,,,,,,,,,,,,,,,,,,,,,,,
Q01965,654,Q01965,"Q9ES29, Q9ES35, Q9ES36",Eukaryota,Mus musculus,10090,,,1,47,ECO:0000269,454,474,ECO:0000255,,,,,,,,,,,,,,,,,,,,,,,,,,,
P21812,246,P21812,"Q9EPQ9, Q9EQT2",Eukaryota,Mus musculus,10090,,,1,18,,,,,,,,,,,,,,,,,,,,,,,,,,,,,,,
P11456,279,P11456,"A1L5A0, Q0VCN7",Eukaryota,Bos taurus,9913,,,1,28,,188,213,ECO:0000305,,,,,,,,,,,,,,,,,,,,,,,,,,,
Q16288,839,Q16288,"B7Z4C5, E9PG56, H0YND1, O75682, Q12827, Q16289",Eukaryota,Homo sapiens,9606,,,1,31,,430,453,ECO:0000255,,,,,,,,,,,,,,,,,,,,,,,,,,,
P31482,146,P31482,Q60871,Eukaryota,Mus musculus,10090,,,1,21,,,,,,,,,,,,,,,,,,,,,,,,,,,,,,,
Q9UN67,800,Q9UN67,Q96T99,Eukaryota,Homo sapiens,9606,,,1,26,ECO:0000269,693,713,ECO:0000255,,,,,,,,,,,,,,,,,,,,,,,,,,,
P06868,805,P06868,Q28162,Eukaryota,Bos taurus,9913,,,1,19,ECO:0000269,,,,,,,,,,,,,,,,,,,,,,,,,,,,,,
P24638,423,P24638,Q8QZT5,Eukaryota,Mus musculus,10090,,,1,30,,382,402,ECO:0000255,,,,,,,,,,,,,,,,,,,,,,,,,,,
P63090,168,P63090,P20935,Eukaryota,Rattus norvegicus,10116,,,1,32,ECO:0000269,,,,,,,,,,,,,,,,,,,,,,,,,,,,,,
P10153,161,P10153,"Q52M39, Q9H2B7, Q9UCG7",Eukaryota,Homo sapiens,9606,,,1,27,ECO:0000269,,,,,,,,,,,,,,,,,,,,,,,,,,,,,,
P20727,122,P20727,,Eukaryota,Mesocricetus auratus,10036,,,1,18,ECO:0000250,,,,,,,,,,,,,,,,,,,,,,,,,,,,,,
P21815,317,P21815,,Eukaryota,Homo sapiens,9606,,,1,16,ECO:0000255,,,,,,,,,,,,,,,,,,,,,,,,,,,,,,
P08294,240,P08294,"Q5U781, Q6FHA2",Eukaryota,Homo sapiens,9606,,,1,18,,,,,,,,,,,,,,,,,,,,,,,,,,,,,,,
P01246,217,P01246,"A4GX96, Q28117, Q3LS73",Eukaryota,Bos taurus,9913,,,1,26,ECO:0000269,,,,,,,,,,,,,,,,,,,,,,,,,,,,,,
P15589,577,P15589,,Eukaryota,Rattus norvegicus,10116,,,1,19,ECO:0000269,184,207,ECO:0000250,212,233,ECO:0000250,,,,,,,,,,,,,,,,,,,,,,,,
P13726,295,P13726,"D3DT47, Q6FHG2, Q86WH4",Eukaryota,Homo sapiens,9606,,,1,32,,252,274,ECO:0000255,,,,,,,,,,,,,,,,,,,,,,,,,,,
Q06806,1134,Q06806,"Q811F4, Q8BGI2",Eukaryota,Mus musculus,10090,,,1,22,,756,780,ECO:0000255,,,,,,,,,,,,,,,,,,,,,,,,,,,
O14773,563,O14773,"Q53HT1, Q5JAK6, Q6UX56, Q71JP6, Q96C37",Eukaryota,Homo sapiens,9606,,,1,19,ECO:0000269,,,,,,,,,,,,,,,,,,,,,,,,,,,,,,
O77698,708,O77698,,Eukaryota,Bubalus bubalis,89462,,,1,19,ECO:0000250,,,,,,,,,,,,,,,,,,,,,,,,,,,,,,
Q6UXB2,119,Q6UXB2,A8KAC0,Eukaryota,Homo sapiens,9606,,,1,21,ECO:0000269,,,,,,,,,,,,,,,,,,,,,,,,,,,,,,
P49767,419,P49767,B2R9Q8,Eukaryota,Homo sapiens,9606,,,1,31,ECO:0000269,,,,,,,,,,,,,,,,,,,,,,,,,,,,,,
P30493,362,P01889,"A0A2I6Q7B5, B0V0B8, G3GN01, O02862, O02956, O02957, O02960, O19555, O19556, O19595, O19615, O19624, O19625, O19627, O19641, O19651, O19675, O19692, O19758, O19779, O19783, O46702, O62897, O62901, O62915, O62917, O62919, O77933, O77959, O78053, O78138, O78160, O78163, O78172, O78173, O78180, O78217, O95730, O98140, P01890, P03989, P10317, P10318, P10319, P10320, P18463, P18464, P18465, P19373, P30460, P30461, P30462, P30463, P30464, P30465, P30466, P30467, P30468, P30469, P30470, P30471, P30472, P30473, P30474, P30475, P30476, P30477, P30478, P30479, P30480, P30481, P30482, P30483, P30484, P30485, P30486, P30487, P30488, P30489, P30490, P30491, P30492, P30493, P30494, P30495, P30496, P30497, P30498, P30513, P30685, P79489, P79490, P79496, P79504, P79523, P79524, P79542, P79555, Q04826, Q08136, Q29633, Q29636, Q29638, Q29661, Q29665, Q29678, Q29679, Q29681, Q29693, Q29695, Q29697, Q29718, Q29742, Q29749, Q29762, Q29764, Q29829, Q29836, Q29842, Q29845, Q29846, Q29847, Q29848, Q29850, Q29851, Q29852, Q29854, Q29855, Q29857, Q29858, Q29861, Q29924, Q29925, Q29933, Q29935, Q29936, Q29940, Q29953, Q29961, Q29982, Q30173, Q30198, Q31603, Q31610, Q31612, Q31613, Q546L8, Q546M4, Q5JP37, Q5QT24, Q5RIP1, Q5SRJ2, Q5TK76, Q5TK77, Q860I4, Q861B5, Q8HWF0, Q8MGQ3, Q8MHN4, Q8SNC5, Q95343, Q95344, Q95365, Q95369, Q95392, Q95HA3, Q95HA8, Q95HM9, Q95IA6, Q95IB8, Q95IH5, Q95J00, Q96IT9, Q9BCM6, Q9BCM7, Q9BCM8, Q9BD06, Q9BD38, Q9BD43, Q9GIL3, Q9GIM3, Q9GIX1, Q9GIY5, Q9GIZ0, Q9GIZ9, Q9GJ00, Q9GJ17, Q9GJ20, Q9GJ23, Q9GJ31, Q9GJF0, Q9GJM7, Q9MX21, Q9MY37, Q9MY42, Q9MY43, Q9MY61, Q9MY75, Q9MY78, Q9MY79, Q9MY84, Q9MY92, Q9MY93, Q9MY94, Q9MYB8, Q9MYC3, Q9MYC7, Q9MYF4, Q9MYG1, Q9TP35, Q9TP36, Q9TP37, Q9TP95, Q9TPQ7, Q9TPQ9, Q9TPR2, Q9TPR4, Q9TPS6, Q9TPT2, Q9TPT4, Q9TPT6, Q9TPV2, Q9TQG1, Q9TQH3, Q9TQH6, Q9TQH7, Q9TQH8, Q9TQH9, Q9TQM2, Q9TQN4, Q9TQN6, Q9UQS8, Q9UQT0",Eukaryota,Homo sapiens,9606,,,1,24,ECO:0000269,310,333,ECO:0000255,,,,,,,,,,,,,,,,,,,,,,,,,,,
P13761,266,P01911,"A0MWF2, A0N0W1, A2ICT1, A2TGX3, A4F5N0, A4ZXA5, A4ZXA6, A4ZY86, A5H000, A5HKN8, A7DZP9, A7LA26, A7UHG2, A7X5B1, A7X5B7, A7X5E0, A7X5E6, A7X5H8, A7X5J4, A7X5K7, A8K098, A8YQE9, A9JPG0, B0BK85, B0LUZ6, B0UYW1, B1GWE7, B2CR03, B2LVF9, B2NJ29, B2ZCY1, B3VTP8, B3VTQ3, B5A8Y2, B5A8Y3, B5B8U0, B5B9V5, B5B9V6, B5LZ25, B5QSK8, B6VCX2, B6VEL9, B7UDB2, B9VRA4, B9X248, C0LAB5, O02876, O02930, O19585, O19717, O19718, O19739, O19788, O46699, O46793, O46872, O62869, O62889, O77969, O78047, O78210, O98212, P01912, P01914, P04229, P13758, P13759, P13760, P13761, P20039, P79545, Q06662, Q0PGR5, Q0PQ39, Q14280, Q14QT2, Q155F7, Q19AF2, Q19K86, Q1AP33, Q1G0Z9, Q1JRP3, Q1KLJ6, Q27PR6, Q27PR7, Q29673, Q29720, Q29722, Q29734, Q29770, Q29771, Q29772, Q29790, Q29792, Q29800, Q29806, Q29833, Q29874, Q29875, Q29886, Q29968, Q29974, Q29975, Q2A120, Q2HZE5, Q2L9H4, Q2LE76, Q2MF40, Q2MJA6, Q2MZ92, Q2VQU1, Q2YHQ2, Q30006, Q30108, Q30112, Q30115, Q30116, Q30117, Q30120, Q30134, Q30142, Q30145, Q30149, Q30159, Q30166, Q30167, Q30200, Q307W5, Q31636, Q32MY7, Q3HUP9, Q3KTM1, Q3LA84, Q3LA87, Q3LA88, Q3LA89, Q3LA90, Q3LA91, Q3LA92, Q3LA93, Q3LA94, Q3LA95, Q3LA96, Q3LA97, Q3LA98, Q3LA99, Q3LAA0, Q3LAA1, Q3LAA2, Q3MQ60, Q3T919, Q4PRC3, Q4PRC5, Q4VZY7, Q53IG1, Q56FN9, Q56FP1, Q56FP2, Q56FP3, Q58F52, Q5BM92, Q5EER6, Q5K3W2, Q5NDB9, Q5U9W6, Q5UBA2, Q5UT58, Q5W3L4, Q5Y7A7, Q5Y7B0, Q5Y7B9, Q5Y7E9, Q5Y7G0, Q683P7, Q6REE2, Q6T865, Q6U387, Q701T1, Q70GL2, Q70Q85, Q768U2, Q768U4, Q7M2H4, Q7YNY9, Q7YP03, Q7YP04, Q7YQ26, Q7YQA3, Q7YQA5, Q860D8, Q860D9, Q860E5, Q860H8, Q860S0, Q860Z3, Q861G6, Q861H0, Q861H4, Q861H5, Q861H7, Q861H8, Q8HWQ6, Q8MH59, Q8MH60, Q8WLU3, Q8WMA0, Q95348, Q95383, Q95389, Q95461, Q95HK1, Q95HL0, Q95HL1, Q95IE3, Q95IG2, Q95IT6, Q96HZ9, Q9BCL7, Q9BCP0, Q9BCP1, Q9BCP2, Q9BCP5, Q9BD21, Q9BD33, Q9BD40, Q9GIK5, Q9GIL5, Q9GIL6, Q9GIP3, Q9GIX8, Q9GIX9, Q9GIY0, Q9GIY1, Q9GIY2, Q9GIY3, Q9GIY4, Q9GJ25, Q9GJ56, Q9GJ57, Q9GJ58, Q9GJ60, Q9GJF8, Q9GJF9, Q9GJG0, Q9MXZ0, Q9MXZ5, Q9MY13, Q9MY45, Q9MY56, Q9MYF5, Q9TPB6, Q9TPW1, Q9TPW3, Q9TPW9, Q9TPX4, Q9TQ37, Q9TQ91, Q9TQE0, Q9UBY1, Q9UIM9, Q9UIN0, Q9XRX1, Q9XRY4, Q9XRY5, Q9Y453, Q9Y4H7",Eukaryota,Homo sapiens,9606,,,1,29,ECO:0000269,228,248,ECO:0000255,,,,,,,,,,,,,,,,,,,,,,,,,,,
P01023,1474,P01023,"Q13677, Q59F47, Q5QTS0, Q68DN2, Q6PIY3, Q6PN97",Eukaryota,Homo sapiens,9606,,,1,23,ECO:0000269,,,,,,,,,,,,,,,,,,,,,,,,,,,,,,
Q04844,493,Q04844,D3DTK6,Eukaryota,Homo sapiens,9606,,,1,20,,240,264,ECO:0000255,273,291,ECO:0000255,307,328,ECO:0000255,457,480,ECO:0000255,,,,,,,,,,,,,,,,,,
P02768,609,P02768,"E7ESS9, O95574, P04277, Q13140, Q645G4, Q68DN5, Q6UXK4, Q86YG0, Q8IUK7, Q9P157, Q9P1I7, Q9UHS3, Q9UJZ0",Eukaryota,Homo sapiens,9606,,,1,18,,,,,,,,,,,,,,,,,,,,,,,,,,,,,,,
P19961,511,P19961,"B3KTI1, B3KXB7, D3DT76, Q9UBH3",Eukaryota,Homo sapiens,9606,,,1,15,,,,,,,,,,,,,,,,,,,,,,,,,,,,,,,
P13806,1106,P13806,,Eukaryota,Oryctolagus cuniculus,9986,,,1,26,ECO:0000269,1077,1097,ECO:0000255,,,,,,,,,,,,,,,,,,,,,,,,,,,
P02663,222,P02663,"Q1RMQ6, Q9TR51",Eukaryota,Bos taurus,9913,,,1,15,ECO:0000269,,,,,,,,,,,,,,,,,,,,,,,,,,,,,,
P07498,182,P07498,Q13575,Eukaryota,Homo sapiens,9606,,,1,20,,,,,,,,,,,,,,,,,,,,,,,,,,,,,,,
P15089,417,P15089,,Eukaryota,Mus musculus,10090,,,1,15,,,,,,,,,,,,,,,,,,,,,,,,,,,,,,,
Q9Y4X3,112,Q9Y4X3,,Eukaryota,Homo sapiens,9606,,,1,24,ECO:0000269,,,,,,,,,,,,,,,,,,,,,,,,,,,,,,
P01730,458,P01730,"B2R737, D3DUS5, Q4ZGK2, Q5U066, Q9UDE5",Eukaryota,Homo sapiens,9606,,,1,25,ECO:0000269,397,418,ECO:0000255,,,,,,,,,,,,,,,,,,,,,,,,,,,
O77541,124,O77541,,Eukaryota,Oryctolagus cuniculus,9986,,,1,24,ECO:0000269,,,,,,,,,,,,,,,,,,,,,,,,,,,,,,
Q13231,466,Q13231,"B3KNW6, J3KN09, Q0VGG5, Q0VGG6, Q3ZAR1, Q6ISC2, Q9H3V8, Q9UDJ8",Eukaryota,Homo sapiens,9606,,,1,21,ECO:0000269,,,,,,,,,,,,,,,,,,,,,,,,,,,,,,
O75462,422,O75462,Q9UHH5,Eukaryota,Homo sapiens,9606,,,1,37,ECO:0000269,,,,,,,,,,,,,,,,,,,,,,,,,,,,,,
P28088,441,P28088,"Q0VCB3, Q9TSB9",Eukaryota,Bos taurus,9913,,,1,26,ECO:0000269,101,125,ECO:0000255,137,162,ECO:0000255,175,196,ECO:0000255,218,242,ECO:0000255,271,295,ECO:0000255,324,349,ECO:0000255,362,388,ECO:0000255,,,,,,,,,
Q99944,293,Q99944,"B0S884, G5E9Q0, Q5JP23, Q5SSX3, Q8IV30",Eukaryota,Homo sapiens,9606,,,1,25,ECO:0000269,,,,,,,,,,,,,,,,,,,,,,,,,,,,,,
P01227,129,P01227,,Eukaryota,Ovis aries,9940,,,1,19,ECO:0000269,,,,,,,,,,,,,,,,,,,,,,,,,,,,,,
P01272,180,P01272,Q3T0X0,Eukaryota,Bos taurus,9913,,,1,20,,,,,,,,,,,,,,,,,,,,,,,,,,,,,,,
P23505,233,P23505,,Eukaryota,Rattus norvegicus,10116,,,1,16,,,,,,,,,,,,,,,,,,,,,,,,,,,,,,,
P14770,177,P14770,"Q14445, Q8N1D1, Q92525",Eukaryota,Homo sapiens,9606,,,1,16,ECO:0000269,148,168,ECO:0000255,,,,,,,,,,,,,,,,,,,,,,,,,,,
Q9Y653,693,Q9Y653,"A6NIT7, A6NJV9, B0M0K4, B4DR54, O95966, Q6ZMP1, Q8NGB3, Q96HB4",Eukaryota,Homo sapiens,9606,,,1,25,ECO:0000269,402,424,"ECO:0000269, ECO:0007744",438,460,"ECO:0000269, ECO:0007744",466,495,"ECO:0000269, ECO:0007744",511,533,"ECO:0000269, ECO:0007744",563,588,"ECO:0000269, ECO:0007744",603,624,"ECO:0000269, ECO:0007744",629,654,"ECO:0000269, ECO:0007744",,,,,,,,,
P08883,248,P08883,,Eukaryota,Mus musculus,10090,,,1,18,ECO:0000255,,,,,,,,,,,,,,,,,,,,,,,,,,,,,,
P01912,266,P01911,"A0MWF2, A0N0W1, A2ICT1, A2TGX3, A4F5N0, A4ZXA5, A4ZXA6, A4ZY86, A5H000, A5HKN8, A7DZP9, A7LA26, A7UHG2, A7X5B1, A7X5B7, A7X5E0, A7X5E6, A7X5H8, A7X5J4, A7X5K7, A8K098, A8YQE9, A9JPG0, B0BK85, B0LUZ6, B0UYW1, B1GWE7, B2CR03, B2LVF9, B2NJ29, B2ZCY1, B3VTP8, B3VTQ3, B5A8Y2, B5A8Y3, B5B8U0, B5B9V5, B5B9V6, B5LZ25, B5QSK8, B6VCX2, B6VEL9, B7UDB2, B9VRA4, B9X248, C0LAB5, O02876, O02930, O19585, O19717, O19718, O19739, O19788, O46699, O46793, O46872, O62869, O62889, O77969, O78047, O78210, O98212, P01912, P01914, P04229, P13758, P13759, P13760, P13761, P20039, P79545, Q06662, Q0PGR5, Q0PQ39, Q14280, Q14QT2, Q155F7, Q19AF2, Q19K86, Q1AP33, Q1G0Z9, Q1JRP3, Q1KLJ6, Q27PR6, Q27PR7, Q29673, Q29720, Q29722, Q29734, Q29770, Q29771, Q29772, Q29790, Q29792, Q29800, Q29806, Q29833, Q29874, Q29875, Q29886, Q29968, Q29974, Q29975, Q2A120, Q2HZE5, Q2L9H4, Q2LE76, Q2MF40, Q2MJA6, Q2MZ92, Q2VQU1, Q2YHQ2, Q30006, Q30108, Q30112, Q30115, Q30116, Q30117, Q30120, Q30134, Q30142, Q30145, Q30149, Q30159, Q30166, Q30167, Q30200, Q307W5, Q31636, Q32MY7, Q3HUP9, Q3KTM1, Q3LA84, Q3LA87, Q3LA88, Q3LA89, Q3LA90, Q3LA91, Q3LA92, Q3LA93, Q3LA94, Q3LA95, Q3LA96, Q3LA97, Q3LA98, Q3LA99, Q3LAA0, Q3LAA1, Q3LAA2, Q3MQ60, Q3T919, Q4PRC3, Q4PRC5, Q4VZY7, Q53IG1, Q56FN9, Q56FP1, Q56FP2, Q56FP3, Q58F52, Q5BM92, Q5EER6, Q5K3W2, Q5NDB9, Q5U9W6, Q5UBA2, Q5UT58, Q5W3L4, Q5Y7A7, Q5Y7B0, Q5Y7B9, Q5Y7E9, Q5Y7G0, Q683P7, Q6REE2, Q6T865, Q6U387, Q701T1, Q70GL2, Q70Q85, Q768U2, Q768U4, Q7M2H4, Q7YNY9, Q7YP03, Q7YP04, Q7YQ26, Q7YQA3, Q7YQA5, Q860D8, Q860D9, Q860E5, Q860H8, Q860S0, Q860Z3, Q861G6, Q861H0, Q861H4, Q861H5, Q861H7, Q861H8, Q8HWQ6, Q8MH59, Q8MH60, Q8WLU3, Q8WMA0, Q95348, Q95383, Q95389, Q95461, Q95HK1, Q95HL0, Q95HL1, Q95IE3, Q95IG2, Q95IT6, Q96HZ9, Q9BCL7, Q9BCP0, Q9BCP1, Q9BCP2, Q9BCP5, Q9BD21, Q9BD33, Q9BD40, Q9GIK5, Q9GIL5, Q9GIL6, Q9GIP3, Q9GIX8, Q9GIX9, Q9GIY0, Q9GIY1, Q9GIY2, Q9GIY3, Q9GIY4, Q9GJ25, Q9GJ56, Q9GJ57, Q9GJ58, Q9GJ60, Q9GJF8, Q9GJF9, Q9GJG0, Q9MXZ0, Q9MXZ5, Q9MY13, Q9MY45, Q9MY56, Q9MYF5, Q9TPB6, Q9TPW1, Q9TPW3, Q9TPW9, Q9TPX4, Q9TQ37, Q9TQ91, Q9TQE0, Q9UBY1, Q9UIM9, Q9UIN0, Q9XRX1, Q9XRY4, Q9XRY5, Q9Y453, Q9Y4H7",Eukaryota,Homo sapiens,9606,,,1,29,ECO:0000269,228,248,ECO:0000255,,,,,,,,,,,,,,,,,,,,,,,,,,,
P50828,459,P50828,,Eukaryota,Sus scrofa,9823,,,1,28,ECO:0000269,,,,,,,,,,,,,,,,,,,,,,,,,,,,,,
Q06575,196,Q06575,,Eukaryota,Tamias sibiricus,64680,,,1,23,ECO:0000269,,,,,,,,,,,,,,,,,,,,,,,,,,,,,,
Q9Y251,543,Q9Y251,"A9JIG7, C7F7I3, C7F7I4, E9PCA9, E9PGR1, Q53GE5, Q9UL39",Eukaryota,Homo sapiens,9606,,,1,35,ECO:0000269,,,,,,,,,,,,,,,,,,,,,,,,,,,,,,
P01754,117,P01754,P11270,Eukaryota,Mus musculus,10090,,,1,19,,,,,,,,,,,,,,,,,,,,,,,,,,,,,,,
Q9NRM6,502,Q9NRM6,"Q9BPZ0, Q9NRL4, Q9NRM5",Eukaryota,Homo sapiens,9606,,,1,17,ECO:0000269,293,313,ECO:0000255,,,,,,,,,,,,,,,,,,,,,,,,,,,
Q01634,655,Q01634,,Eukaryota,Canis lupus familiaris,9615,,,1,25,,,,,,,,,,,,,,,,,,,,,,,,,,,,,,,
Q6UW32,110,Q6UW32,,Eukaryota,Homo sapiens,9606,,,1,24,ECO:0000269,,,,,,,,,,,,,,,,,,,,,,,,,,,,,,
P14784,551,P14784,B2R765,Eukaryota,Homo sapiens,9606,,,1,26,,241,265,ECO:0000255,,,,,,,,,,,,,,,,,,,,,,,,,,,
P04401,133,P04401,,Eukaryota,Mus musculus,10090,,,1,20,ECO:0000255,,,,,,,,,,,,,,,,,,,,,,,,,,,,,,
P21563,108,P21563,,Eukaryota,Rodentia sp,69158,,,1,23,,,,,,,,,,,,,,,,,,,,,,,,,,,,,,,
P20701,1170,P20701,"O43746, Q45H73, Q96HB1, Q9UBC8",Eukaryota,Homo sapiens,9606,,,1,25,ECO:0000255,1091,1111,ECO:0000255,,,,,,,,,,,,,,,,,,,,,,,,,,,
P15800,1801,P15800,,Eukaryota,Rattus norvegicus,10116,,,1,35,,,,,,,,,,,,,,,,,,,,,,,,,,,,,,,
Q6UWM7,567,Q6UWM7,B3KQY0,Eukaryota,Homo sapiens,9606,,,1,21,ECO:0000269,542,562,ECO:0000255,,,,,,,,,,,,,,,,,,,,,,,,,,,
P04651,141,P04651,,Eukaryota,Bos taurus,9913,,,1,20,ECO:0000269,,,,,,,,,,,,,,,,,,,,,,,,,,,,,,
P61630,148,P61630,"P00696, P79163, P79844",Eukaryota,Cercocebus atys,9531,,,1,18,,,,,,,,,,,,,,,,,,,,,,,,,,,,,,,
P02762,180,P02762,"P70119, Q78EF5, Q91V46",Eukaryota,Mus musculus,10090,,,1,18,,,,,,,,,,,,,,,,,,,,,,,,,,,,,,,
P06907,248,P06907,,Eukaryota,Rattus norvegicus,10116,,,1,29,,154,179,,,,,,,,,,,,,,,,,,,,,,,,,,,,
Q8NC67,525,Q8NC67,"J3KNF1, Q7Z381, Q8ND51, Q96SP4, Q9NVY8",Eukaryota,Homo sapiens,9606,,,1,22,ECO:0000269,348,368,ECO:0000255,,,,,,,,,,,,,,,,,,,,,,,,,,,
P01180,166,P01180,Q3SZF1,Eukaryota,Bos taurus,9913,,,1,19,ECO:0000269,,,,,,,,,,,,,,,,,,,,,,,,,,,,,,
O55232,130,O55232,,Eukaryota,Rattus norvegicus,10116,,,1,32,ECO:0000269,,,,,,,,,,,,,,,,,,,,,,,,,,,,,,
P10601,100,P10601,,Eukaryota,Mus musculus,10090,,,1,29,,,,,,,,,,,,,,,,,,,,,,,,,,,,,,,
P38660,439,P38660,,Eukaryota,Mesocricetus auratus,10036,,,1,19,ECO:0000269,,,,,,,,,,,,,,,,,,,,,,,,,,,,,,
P81498,389,P81498,Q9GMY5,Eukaryota,Suncus murinus,9378,,,1,16,ECO:0000269,,,,,,,,,,,,,,,,,,,,,,,,,,,,,,
P06765,105,P06765,,Eukaryota,Rattus norvegicus,10116,,,1,29,,,,,,,,,,,,,,,,,,,,,,,,,,,,,,,
P55058,493,P55058,"A8K006, B4DDD5, B4DRB4, E1P5N8, E7EV16, Q8WTT1, Q9BR07, Q9BSH8",Eukaryota,Homo sapiens,9606,,,1,17,ECO:0000269,,,,,,,,,,,,,,,,,,,,,,,,,,,,,,
P51740,551,P51740,,Eukaryota,Rattus norvegicus,10116,,,1,19,ECO:0000269,,,,,,,,,,,,,,,,,,,,,,,,,,,,,,
P10279,264,P10279,"A1YVV9, Q01880, Q0VD57, Q5UJJ5, Q5UJM6, Q5UK69, Q5UK71, Q6UL03, Q6UL04, Q6UL05, Q6UL06, Q7YRN3, Q8MJI7",Eukaryota,Bos taurus,9913,,,1,24,ECO:0000269,,,,,,,,,,,,,,,,,,,,,,,,,,,,,,
P01270,115,P01270,"Q4VB48, Q9UD38",Eukaryota,Homo sapiens,9606,,,1,25,ECO:0000269,,,,,,,,,,,,,,,,,,,,,,,,,,,,,,
P05451,166,P05451,"P11379, Q4ZG28",Eukaryota,Homo sapiens,9606,,,1,22,ECO:0000269,,,,,,,,,,,,,,,,,,,,,,,,,,,,,,
P02780,95,P02780,Q63463,Eukaryota,Rattus norvegicus,10116,,,1,18,ECO:0000269,,,,,,,,,,,,,,,,,,,,,,,,,,,,,,
Q62230,1695,Q62230,"D3YVZ3, D3YVZ4, O55216, Q62228, Q62229",Eukaryota,Mus musculus,10090,,,1,19,,1640,1660,ECO:0000255,,,,,,,,,,,,,,,,,,,,,,,,,,,
P05545,416,P05545,"P14281, Q64254, Q6P6G8",Eukaryota,Rattus norvegicus,10116,,,1,20,ECO:0000269,,,,,,,,,,,,,,,,,,,,,,,,,,,,,,
P22006,414,P22006,,Eukaryota,Rattus norvegicus,10116,,,1,22,,,,,,,,,,,,,,,,,,,,,,,,,,,,,,,
O08523,2155,O08523,E9QNR3,Eukaryota,Mus musculus,10090,,,1,24,ECO:0000269,,,,,,,,,,,,,,,,,,,,,,,,,,,,,,
O00206,839,O00206,"A8K1Y8, A9XLP9, A9XLQ0, A9XLQ1, B4E194, D1CS52, D1CS53, Q5VZI8, Q5VZI9, Q9UK78, Q9UM57",Eukaryota,Homo sapiens,9606,,,1,23,ECO:0000269,632,652,ECO:0000255,,,,,,,,,,,,,,,,,,,,,,,,,,,
P08426,247,P08426,,Eukaryota,Rattus norvegicus,10116,,,1,15,,,,,,,,,,,,,,,,,,,,,,,,,,,,,,,
P06323,132,P06323,,Eukaryota,Mus musculus,10090,,,1,22,,,,,,,,,,,,,,,,,,,,,,,,,,,,,,,
P00749,431,P00749,"B4DPZ2, Q15844, Q16618, Q53XS3, Q5SWW9, Q969W6",Eukaryota,Homo sapiens,9606,,,1,20,ECO:0000269,,,,,,,,,,,,,,,,,,,,,,,,,,,,,,
O54766,617,O54766,,Eukaryota,Rattus norvegicus,10116,,,1,20,ECO:0000269,589,609,ECO:0000255,,,,,,,,,,,,,,,,,,,,,,,,,,,
P30488,362,P01889,"A0A2I6Q7B5, B0V0B8, G3GN01, O02862, O02956, O02957, O02960, O19555, O19556, O19595, O19615, O19624, O19625, O19627, O19641, O19651, O19675, O19692, O19758, O19779, O19783, O46702, O62897, O62901, O62915, O62917, O62919, O77933, O77959, O78053, O78138, O78160, O78163, O78172, O78173, O78180, O78217, O95730, O98140, P01890, P03989, P10317, P10318, P10319, P10320, P18463, P18464, P18465, P19373, P30460, P30461, P30462, P30463, P30464, P30465, P30466, P30467, P30468, P30469, P30470, P30471, P30472, P30473, P30474, P30475, P30476, P30477, P30478, P30479, P30480, P30481, P30482, P30483, P30484, P30485, P30486, P30487, P30488, P30489, P30490, P30491, P30492, P30493, P30494, P30495, P30496, P30497, P30498, P30513, P30685, P79489, P79490, P79496, P79504, P79523, P79524, P79542, P79555, Q04826, Q08136, Q29633, Q29636, Q29638, Q29661, Q29665, Q29678, Q29679, Q29681, Q29693, Q29695, Q29697, Q29718, Q29742, Q29749, Q29762, Q29764, Q29829, Q29836, Q29842, Q29845, Q29846, Q29847, Q29848, Q29850, Q29851, Q29852, Q29854, Q29855, Q29857, Q29858, Q29861, Q29924, Q29925, Q29933, Q29935, Q29936, Q29940, Q29953, Q29961, Q29982, Q30173, Q30198, Q31603, Q31610, Q31612, Q31613, Q546L8, Q546M4, Q5JP37, Q5QT24, Q5RIP1, Q5SRJ2, Q5TK76, Q5TK77, Q860I4, Q861B5, Q8HWF0, Q8MGQ3, Q8MHN4, Q8SNC5, Q95343, Q95344, Q95365, Q95369, Q95392, Q95HA3, Q95HA8, Q95HM9, Q95IA6, Q95IB8, Q95IH5, Q95J00, Q96IT9, Q9BCM6, Q9BCM7, Q9BCM8, Q9BD06, Q9BD38, Q9BD43, Q9GIL3, Q9GIM3, Q9GIX1, Q9GIY5, Q9GIZ0, Q9GIZ9, Q9GJ00, Q9GJ17, Q9GJ20, Q9GJ23, Q9GJ31, Q9GJF0, Q9GJM7, Q9MX21, Q9MY37, Q9MY42, Q9MY43, Q9MY61, Q9MY75, Q9MY78, Q9MY79, Q9MY84, Q9MY92, Q9MY93, Q9MY94, Q9MYB8, Q9MYC3, Q9MYC7, Q9MYF4, Q9MYG1, Q9TP35, Q9TP36, Q9TP37, Q9TP95, Q9TPQ7, Q9TPQ9, Q9TPR2, Q9TPR4, Q9TPS6, Q9TPT2, Q9TPT4, Q9TPT6, Q9TPV2, Q9TQG1, Q9TQH3, Q9TQH6, Q9TQH7, Q9TQH8, Q9TQH9, Q9TQM2, Q9TQN4, Q9TQN6, Q9UQS8, Q9UQT0",Eukaryota,Homo sapiens,9606,,,1,24,ECO:0000269,310,333,ECO:0000255,,,,,,,,,,,,,,,,,,,,,,,,,,,
P30510,366,P10321,"O02863, O02864, O02865, O02866, O02958, O19505, O19652, O19676, O62879, O62882, O62883, O62888, O78060, O78061, O78062, O78063, O78067, O78068, O78069, O78072, O78083, O78090, O78091, O78149, O78165, O78166, O78178, O78202, O78203, O78211, O78214, P04222, P30499, P30500, P30501, P30502, P30503, P30504, P30505, P30506, P30507, P30508, P30509, P30510, P79498, Q07000, Q29631, Q29641, Q29643, Q29652, Q29743, Q29768, Q29862, Q29864, Q29865, Q29867, Q29921, Q29959, Q29960, Q29963, Q29986, Q29989, Q29990, Q29991, Q29992, Q29993, Q30192, Q31605, Q31627, Q860R1, Q860R2, Q95463, Q95603, Q95604, Q99528, Q9BD28, Q9GIK4, Q9GIK8, Q9GJ33, Q9MY30, Q9MY31, Q9MY35, Q9MY49, Q9MY74, Q9MYI3, Q9TNN7, Q9TNZ8, Q9TPS4, Q9TPV8, Q9TPX2, Q9TQB4, Q9TQJ5, Q9TQP9, Q9UM32, Q9UM33, Q9UM42, Q9UQS9",Eukaryota,Homo sapiens,9606,,,1,24,ECO:0000255,309,333,ECO:0000255,,,,,,,,,,,,,,,,,,,,,,,,,,,
P02716,520,P02716,Q61267,Eukaryota,Mus musculus,10090,,,1,24,,249,273,,281,299,,315,336,,475,493,,,,,,,,,,,,,,,,,,,
P30919,345,P30919,Q4G065,Eukaryota,Rattus norvegicus,10116,,,1,23,ECO:0000269,,,,,,,,,,,,,,,,,,,,,,,,,,,,,,
P22748,312,P22748,"B4DQA4, Q6FHI7",Eukaryota,Homo sapiens,9606,,,1,18,ECO:0000269,,,,,,,,,,,,,,,,,,,,,,,,,,,,,,
P18418,416,P18418,P10452,Eukaryota,Rattus norvegicus,10116,,,1,17,ECO:0000269,,,,,,,,,,,,,,,,,,,,,,,,,,,,,,
P00731,419,P00731,,Eukaryota,Rattus norvegicus,10116,,,1,16,,,,,,,,,,,,,,,,,,,,,,,,,,,,,,,
P15087,476,P15087,,Eukaryota,Rattus norvegicus,10116,,,1,27,,,,,,,,,,,,,,,,,,,,,,,,,,,,,,,
P13987,128,P13987,E9PR17,Eukaryota,Homo sapiens,9606,,,1,25,"ECO:0000269, ECO:0007744",,,,,,,,,,,,,,,,,,,,,,,,,,,,,,
P06731,702,P06731,H9KVA7,Eukaryota,Homo sapiens,9606,,,1,34,,,,,,,,,,,,,,,,,,,,,,,,,,,,,,,
Q95M17,472,Q95M17,Q3SZE1,Eukaryota,Bos taurus,9913,,,1,21,ECO:0000269,,,,,,,,,,,,,,,,,,,,,,,,,,,,,,
P10354,466,P10354,,Eukaryota,Rattus norvegicus,10116,,,1,18,ECO:0000269,,,,,,,,,,,,,,,,,,,,,,,,,,,,,,
P0C0L4,1744,P0C0L4,"A6H8M8, A6NHJ5, A7E2V2, B0QZR6, B0V2C8, B2RUT6, B7ZVZ6, P01028, P78445, Q13160, Q13906, Q14033, Q14835, Q4LE82, Q5JNX2, Q5JQM8, Q6P4R1, Q6U2E5, Q6U2E8, Q6U2F0, Q6U2F3, Q6U2F4, Q6U2F6, Q6U2F8, Q6U2G0, Q96EG2, Q96SA8, Q9NPK5, Q9UIP5",Eukaryota,Homo sapiens,9606,,,1,19,,,,,,,,,,,,,,,,,,,,,,,,,,,,,,,
Q6UXH1,353,Q6UXH1,"A5GZA2, A5GZA3, A5GZA4, A5GZA5, A5GZA6, Q4W0V0, Q86UC0, Q9BU47",Eukaryota,Homo sapiens,9606,,,1,24,ECO:0000269,,,,,,,,,,,,,,,,,,,,,,,,,,,,,,
Q9UBT3,224,Q9UBT3,"Q3KNX0, Q9Y4C3",Eukaryota,Homo sapiens,9606,,,1,18,ECO:0000269,,,,,,,,,,,,,,,,,,,,,,,,,,,,,,
Q6UW88,154,Q6UW88,"A1BMM3, A1BMM4, A1BMM5, A1BMM6, A1BMM7, A1BMM8, A8K090",Eukaryota,Homo sapiens,9606,,,1,22,ECO:0000269,111,131,ECO:0000255,,,,,,,,,,,,,,,,,,,,,,,,,,,
O00748,559,O00748,"A0A024R6X1, A8K367, Q16859, Q5MAB8, Q7Z366, Q8IUP4, Q8TCP8",Eukaryota,Homo sapiens,9606,,,1,26,ECO:0000269,,,,,,,,,,,,,,,,,,,,,,,,,,,,,,
P00748,615,P00748,P78339,Eukaryota,Homo sapiens,9606,,,1,19,ECO:0000269,,,,,,,,,,,,,,,,,,,,,,,,,,,,,,
Q96LA5,508,Q96LA5,"A0N0M5, A1L307, A6NMS0, Q6NTA1, Q9BZI4, Q9BZI5, Q9BZI6",Eukaryota,Homo sapiens,9606,,,1,19,ECO:0000269,402,422,ECO:0000255,,,,,,,,,,,,,,,,,,,,,,,,,,,
P29700,362,P29700,,Eukaryota,Sus scrofa,9823,,,1,15,,,,,,,,,,,,,,,,,,,,,,,,,,,,,,,
Q9GZV9,251,Q9GZV9,Q4V758,Eukaryota,Homo sapiens,9606,,,1,24,ECO:0000269,,,,,,,,,,,,,,,,,,,,,,,,,,,,,,
P26885,142,P26885,"Q5BJH9, Q9BTS7",Eukaryota,Homo sapiens,9606,,,1,21,,,,,,,,,,,,,,,,,,,,,,,,,,,,,,,
P10669,344,P10669,P10670,Eukaryota,Sus scrofa,9823,,,1,29,ECO:0000269,,,,,,,,,,,,,,,,,,,,,,,,,,,,,,
Q9QYH7,117,Q9QYH7,Q9ET69,Eukaryota,Rattus norvegicus,10116,,,1,23,ECO:0000269,,,,,,,,,,,,,,,,,,,,,,,,,,,,,,
Q6UWM5,242,Q6UWM5,Q96L06,Eukaryota,Homo sapiens,9606,,,1,22,ECO:0000269,,,,,,,,,,,,,,,,,,,,,,,,,,,,,,
P11033,252,P11033,"P97387, Q3V2P1",Eukaryota,Mus musculus,10090,,,1,18,ECO:0000255,,,,,,,,,,,,,,,,,,,,,,,,,,,,,,
P14095,96,P14095,,Eukaryota,Rattus norvegicus,10116,,,1,24,ECO:0000269,,,,,,,,,,,,,,,,,,,,,,,,,,,,,,
P01920,261,P01920,"A1KR27, A2RPH3, A4Q9R4, A4USG2, A4USG5, A6N8I7, A9YQA0, B0S7Y7, B1A0K6, B1GXI3, B3VLT3, B5BLN7, B7VU69, C0MQ34, C0MQ35, C8ZL52, C8ZLJ8, C8ZLJ9, C9DRQ3, O19708, O19713, O19724, O62861, O78046, O78221, O78223, O98034, O98201, P01917, P01918, P01919, P03992, P05537, P79482, P79526, P79544, P79551, Q08GC8, Q09035, Q0E4V9, Q1M312, Q29731, Q29877, Q29884, Q29915, Q29966, Q2P9N3, Q2QK85, Q30061, Q30075, Q30076, Q30080, Q30081, Q30082, Q30083, Q30084, Q30089, Q30095, Q31633, Q38I47, Q45UE3, Q4QZB5, Q53I44, Q564J6, Q5G841, Q5ISH1, Q5ISH3, Q5W1E1, Q5Y7G8, Q643R4, Q6B9X1, Q70VH8, Q7YP69, Q8HWH0, Q8MH58, Q8SNB4, Q8SND1, Q8SP70, Q8WMA3, Q9BD17, Q9MYH2, Q9TPA9, Q9XRY6, Q9XRY7, Q9XRZ2",Eukaryota,Homo sapiens,9606,,,1,32,ECO:0000269,231,251,ECO:0000255,,,,,,,,,,,,,,,,,,,,,,,,,,,
P00738,406,P00738,"B0AZL5, P00737, Q0VAC4, Q0VAC5, Q2PP15, Q3B7J0, Q6LBY9, Q9UC67",Eukaryota,Homo sapiens,9606,,,1,18,ECO:0000269,,,,,,,,,,,,,,,,,,,,,,,,,,,,,,
P01748,117,P01748,,Eukaryota,Mus musculus,10090,,,1,19,,,,,,,,,,,,,,,,,,,,,,,,,,,,,,,
Q969J5,263,Q969J5,"Q08AH7, Q6UWM1, Q96A41, Q96QR0",Eukaryota,Homo sapiens,9606,,,1,21,ECO:0000269,,,,,,,,,,,,,,,,,,,,,,,,,,,,,,
P05013,189,P05013,Q5VYQ1,Eukaryota,Homo sapiens,9606,,,1,20,ECO:0000269,,,,,,,,,,,,,,,,,,,,,,,,,,,,,,
Q9GZX6,179,Q9GZX6,,Eukaryota,Homo sapiens,9606,,,1,33,ECO:0000269,,,,,,,,,,,,,,,,,,,,,,,,,,,,,,
P10145,99,P10145,"B2R4L8, Q6FGF6, Q6LAE6, Q96RG6, Q9C077, Q9UCE1, Q9UCR8, Q9UCR9, Q9UCS0",Eukaryota,Homo sapiens,9606,,,1,20,ECO:0000269,,,,,,,,,,,,,,,,,,,,,,,,,,,,,,
P06306,110,P06306,Q8WNW6,Eukaryota,Felis catus,9685,,,1,24,ECO:0000269,,,,,,,,,,,,,,,,,,,,,,,,,,,,,,
Q9BX67,310,Q9BX67,"B3KWG9, Q8WWL8, Q96FL1",Eukaryota,Homo sapiens,9606,,,1,31,ECO:0000269,242,262,ECO:0000255,,,,,,,,,,,,,,,,,,,,,,,,,,,
P01042,644,P01042,"A8K474, B2RCR2, C9JEX1, P01043, Q53EQ0, Q6PAU9, Q7M4P1",Eukaryota,Homo sapiens,9606,,,1,18,ECO:0000269,,,,,,,,,,,,,,,,,,,,,,,,,,,,,,
P02755,180,P02755,O62822,Eukaryota,Bubalus bubalis,89462,,,1,18,ECO:0000269,,,,,,,,,,,,,,,,,,,,,,,,,,,,,,
P09462,142,P09462,Q9GKS5,Eukaryota,Ovis aries,9940,,,1,19,ECO:0000269,,,,,,,,,,,,,,,,,,,,,,,,,,,,,,
P01726,129,P01726,,Eukaryota,Mus musculus,10090,,,1,19,,,,,,,,,,,,,,,,,,,,,,,,,,,,,,,
P14151,372,P14151,"A0A024R8Z0, B2R6Q8, P15023, Q9UJ43",Eukaryota,Homo sapiens,9606,,,1,28,,333,355,ECO:0000255,,,,,,,,,,,,,,,,,,,,,,,,,,,
P51782,147,P51782,,Eukaryota,Trichosurus vulpecula,9337,,,1,18,,,,,,,,,,,,,,,,,,,,,,,,,,,,,,,
Q95114,427,Q95114,"P79344, Q27959",Eukaryota,Bos taurus,9913,,,1,18,,,,,,,,,,,,,,,,,,,,,,,,,,,,,,,
P08493,103,P08493,"A0M8W5, B2R519, J3KMX7, Q2TU41, Q567P9, Q6ICN5",Eukaryota,Homo sapiens,9606,,,1,19,,,,,,,,,,,,,,,,,,,,,,,,,,,,,,,
P03956,469,P03956,P08156,Eukaryota,Homo sapiens,9606,,,1,19,,,,,,,,,,,,,,,,,,,,,,,,,,,,,,,
P14780,707,P14780,"B2R7V9, Q3LR70, Q8N725, Q9H4Z1, Q9UCJ9, Q9UCL1, Q9UDK2",Eukaryota,Homo sapiens,9606,,,1,19,ECO:0000269,,,,,,,,,,,,,,,,,,,,,,,,,,,,,,
P13389,125,P13389,P01188,Eukaryota,Ovis aries,9940,,,1,19,ECO:0000269,,,,,,,,,,,,,,,,,,,,,,,,,,,,,,
P13725,252,P13725,"Q6FHP8, Q9UCP6",Eukaryota,Homo sapiens,9606,,,1,25,ECO:0000269,,,,,,,,,,,,,,,,,,,,,,,,,,,,,,
Q8NBM8,494,Q8NBM8,"Q7Z4S2, Q8NCY5, Q8NF69, Q9BTE8, Q9BWS3",Eukaryota,Homo sapiens,9606,,,1,22,ECO:0000269,,,,,,,,,,,,,,,,,,,,,,,,,,,,,,
P23219,599,P23219,"A8K1V7, B4DHQ2, B4E2S5, Q15122, Q3HY28, Q3HY29, Q5T7T6, Q5T7T7, Q5T7T8",Eukaryota,Homo sapiens,9606,,,1,23,,,,,,,,,,,,,,,,,,,,,,,,,,,,,,,
P01268,115,P01268,,Eukaryota,Bos taurus,9913,,,1,25,ECO:0000269,,,,,,,,,,,,,,,,,,,,,,,,,,,,,,
P21581,273,P21581,"Q9QWZ4, Q9Z2E7",Eukaryota,Rattus norvegicus,10116,,,1,25,ECO:0000269,215,237,ECO:0000255,,,,,,,,,,,,,,,,,,,,,,,,,,,
O75711,98,O75711,,Eukaryota,Homo sapiens,9606,,,1,20,ECO:0000269,,,,,,,,,,,,,,,,,,,,,,,,,,,,,,
Q96DU3,332,Q96DU3,"A6NMW2, B2R8X8, Q14CF0, Q5TAS4, Q5TAS6, Q5TAT3, Q96DV0",Eukaryota,Homo sapiens,9606,,,1,21,ECO:0000269,227,247,ECO:0000255,,,,,,,,,,,,,,,,,,,,,,,,,,,
P33093,217,P33093,,Eukaryota,Macaca mulatta,9544,,,1,26,ECO:0000269,,,,,,,,,,,,,,,,,,,,,,,,,,,,,,
P02809,61,P02809,,Eukaryota,Macaca fascicularis,9541,,,1,19,ECO:0000269,,,,,,,,,,,,,,,,,,,,,,,,,,,,,,
Q8NBK3,374,Q8NBK3,"B4DXK5, B7XD05, E9PGL0, G5E9B0, Q0VAC6, Q0VAC7, Q2NL78, Q53ZE4, Q6UY39, Q96AK5, Q96DK8",Eukaryota,Homo sapiens,9606,,,1,33,ECO:0000269,,,,,,,,,,,,,,,,,,,,,,,,,,,,,,
P05452,202,P05452,Q6FGX6,Eukaryota,Homo sapiens,9606,,,1,21,ECO:0000269,,,,,,,,,,,,,,,,,,,,,,,,,,,,,,
Q9BX74,207,Q9BX74,A6NDA8,Eukaryota,Homo sapiens,9606,,,1,37,ECO:0000269,129,149,ECO:0000255,154,174,ECO:0000255,,,,,,,,,,,,,,,,,,,,,,,,
P08582,738,P08582,Q9BQE2,Eukaryota,Homo sapiens,9606,,,1,19,ECO:0000269,,,,,,,,,,,,,,,,,,,,,,,,,,,,,,
P32822,246,P32822,,Eukaryota,Rattus norvegicus,10116,,,1,15,,,,,,,,,,,,,,,,,,,,,,,,,,,,,,,
P16473,764,P16473,"A0A0A0MTJ0, A0PJU7, F5GYU5, G3V2A9, Q16503, Q8TB90, Q96GT6, Q9P1V4, Q9ULA3, Q9UPH3",Eukaryota,Homo sapiens,9606,,,1,20,,415,440,ECO:0000269,451,473,ECO:0000269,493,517,ECO:0000269,538,558,ECO:0000269,577,602,ECO:0000269,626,649,ECO:0000269,658,681,ECO:0000269,,,,,,,,,
P01738,130,P01738,,Eukaryota,Mus musculus,10090,,,1,20,,,,,,,,,,,,,,,,,,,,,,,,,,,,,,,
P08541,530,P08541,,Eukaryota,Rattus norvegicus,10116,,,1,23,ECO:0000269,494,510,ECO:0000255,,,,,,,,,,,,,,,,,,,,,,,,,,,
P29788,478,P29788,"Q5SYG4, Q8VII4, Q91X32, Q9D080",Eukaryota,Mus musculus,10090,,,1,19,ECO:0000269,,,,,,,,,,,,,,,,,,,,,,,,,,,,,,
O76076,250,O76076,"B2R9N4, E1P612, Q6PEG3",Eukaryota,Homo sapiens,9606,,,1,23,ECO:0000269,,,,,,,,,,,,,,,,,,,,,,,,,,,,,,
P30491,362,P01889,"A0A2I6Q7B5, B0V0B8, G3GN01, O02862, O02956, O02957, O02960, O19555, O19556, O19595, O19615, O19624, O19625, O19627, O19641, O19651, O19675, O19692, O19758, O19779, O19783, O46702, O62897, O62901, O62915, O62917, O62919, O77933, O77959, O78053, O78138, O78160, O78163, O78172, O78173, O78180, O78217, O95730, O98140, P01890, P03989, P10317, P10318, P10319, P10320, P18463, P18464, P18465, P19373, P30460, P30461, P30462, P30463, P30464, P30465, P30466, P30467, P30468, P30469, P30470, P30471, P30472, P30473, P30474, P30475, P30476, P30477, P30478, P30479, P30480, P30481, P30482, P30483, P30484, P30485, P30486, P30487, P30488, P30489, P30490, P30491, P30492, P30493, P30494, P30495, P30496, P30497, P30498, P30513, P30685, P79489, P79490, P79496, P79504, P79523, P79524, P79542, P79555, Q04826, Q08136, Q29633, Q29636, Q29638, Q29661, Q29665, Q29678, Q29679, Q29681, Q29693, Q29695, Q29697, Q29718, Q29742, Q29749, Q29762, Q29764, Q29829, Q29836, Q29842, Q29845, Q29846, Q29847, Q29848, Q29850, Q29851, Q29852, Q29854, Q29855, Q29857, Q29858, Q29861, Q29924, Q29925, Q29933, Q29935, Q29936, Q29940, Q29953, Q29961, Q29982, Q30173, Q30198, Q31603, Q31610, Q31612, Q31613, Q546L8, Q546M4, Q5JP37, Q5QT24, Q5RIP1, Q5SRJ2, Q5TK76, Q5TK77, Q860I4, Q861B5, Q8HWF0, Q8MGQ3, Q8MHN4, Q8SNC5, Q95343, Q95344, Q95365, Q95369, Q95392, Q95HA3, Q95HA8, Q95HM9, Q95IA6, Q95IB8, Q95IH5, Q95J00, Q96IT9, Q9BCM6, Q9BCM7, Q9BCM8, Q9BD06, Q9BD38, Q9BD43, Q9GIL3, Q9GIM3, Q9GIX1, Q9GIY5, Q9GIZ0, Q9GIZ9, Q9GJ00, Q9GJ17, Q9GJ20, Q9GJ23, Q9GJ31, Q9GJF0, Q9GJM7, Q9MX21, Q9MY37, Q9MY42, Q9MY43, Q9MY61, Q9MY75, Q9MY78, Q9MY79, Q9MY84, Q9MY92, Q9MY93, Q9MY94, Q9MYB8, Q9MYC3, Q9MYC7, Q9MYF4, Q9MYG1, Q9TP35, Q9TP36, Q9TP37, Q9TP95, Q9TPQ7, Q9TPQ9, Q9TPR2, Q9TPR4, Q9TPS6, Q9TPT2, Q9TPT4, Q9TPT6, Q9TPV2, Q9TQG1, Q9TQH3, Q9TQH6, Q9TQH7, Q9TQH8, Q9TQH9, Q9TQM2, Q9TQN4, Q9TQN6, Q9UQS8, Q9UQT0",Eukaryota,Homo sapiens,9606,,,1,24,ECO:0000269,310,333,ECO:0000255,,,,,,,,,,,,,,,,,,,,,,,,,,,
Q95604,366,P10321,"O02863, O02864, O02865, O02866, O02958, O19505, O19652, O19676, O62879, O62882, O62883, O62888, O78060, O78061, O78062, O78063, O78067, O78068, O78069, O78072, O78083, O78090, O78091, O78149, O78165, O78166, O78178, O78202, O78203, O78211, O78214, P04222, P30499, P30500, P30501, P30502, P30503, P30504, P30505, P30506, P30507, P30508, P30509, P30510, P79498, Q07000, Q29631, Q29641, Q29643, Q29652, Q29743, Q29768, Q29862, Q29864, Q29865, Q29867, Q29921, Q29959, Q29960, Q29963, Q29986, Q29989, Q29990, Q29991, Q29992, Q29993, Q30192, Q31605, Q31627, Q860R1, Q860R2, Q95463, Q95603, Q95604, Q99528, Q9BD28, Q9GIK4, Q9GIK8, Q9GJ33, Q9MY30, Q9MY31, Q9MY35, Q9MY49, Q9MY74, Q9MYI3, Q9TNN7, Q9TNZ8, Q9TPS4, Q9TPV8, Q9TPX2, Q9TQB4, Q9TQJ5, Q9TQP9, Q9UM32, Q9UM33, Q9UM42, Q9UQS9",Eukaryota,Homo sapiens,9606,,,1,24,ECO:0000255,309,333,ECO:0000255,,,,,,,,,,,,,,,,,,,,,,,,,,,
P04229,266,P01911,"A0MWF2, A0N0W1, A2ICT1, A2TGX3, A4F5N0, A4ZXA5, A4ZXA6, A4ZY86, A5H000, A5HKN8, A7DZP9, A7LA26, A7UHG2, A7X5B1, A7X5B7, A7X5E0, A7X5E6, A7X5H8, A7X5J4, A7X5K7, A8K098, A8YQE9, A9JPG0, B0BK85, B0LUZ6, B0UYW1, B1GWE7, B2CR03, B2LVF9, B2NJ29, B2ZCY1, B3VTP8, B3VTQ3, B5A8Y2, B5A8Y3, B5B8U0, B5B9V5, B5B9V6, B5LZ25, B5QSK8, B6VCX2, B6VEL9, B7UDB2, B9VRA4, B9X248, C0LAB5, O02876, O02930, O19585, O19717, O19718, O19739, O19788, O46699, O46793, O46872, O62869, O62889, O77969, O78047, O78210, O98212, P01912, P01914, P04229, P13758, P13759, P13760, P13761, P20039, P79545, Q06662, Q0PGR5, Q0PQ39, Q14280, Q14QT2, Q155F7, Q19AF2, Q19K86, Q1AP33, Q1G0Z9, Q1JRP3, Q1KLJ6, Q27PR6, Q27PR7, Q29673, Q29720, Q29722, Q29734, Q29770, Q29771, Q29772, Q29790, Q29792, Q29800, Q29806, Q29833, Q29874, Q29875, Q29886, Q29968, Q29974, Q29975, Q2A120, Q2HZE5, Q2L9H4, Q2LE76, Q2MF40, Q2MJA6, Q2MZ92, Q2VQU1, Q2YHQ2, Q30006, Q30108, Q30112, Q30115, Q30116, Q30117, Q30120, Q30134, Q30142, Q30145, Q30149, Q30159, Q30166, Q30167, Q30200, Q307W5, Q31636, Q32MY7, Q3HUP9, Q3KTM1, Q3LA84, Q3LA87, Q3LA88, Q3LA89, Q3LA90, Q3LA91, Q3LA92, Q3LA93, Q3LA94, Q3LA95, Q3LA96, Q3LA97, Q3LA98, Q3LA99, Q3LAA0, Q3LAA1, Q3LAA2, Q3MQ60, Q3T919, Q4PRC3, Q4PRC5, Q4VZY7, Q53IG1, Q56FN9, Q56FP1, Q56FP2, Q56FP3, Q58F52, Q5BM92, Q5EER6, Q5K3W2, Q5NDB9, Q5U9W6, Q5UBA2, Q5UT58, Q5W3L4, Q5Y7A7, Q5Y7B0, Q5Y7B9, Q5Y7E9, Q5Y7G0, Q683P7, Q6REE2, Q6T865, Q6U387, Q701T1, Q70GL2, Q70Q85, Q768U2, Q768U4, Q7M2H4, Q7YNY9, Q7YP03, Q7YP04, Q7YQ26, Q7YQA3, Q7YQA5, Q860D8, Q860D9, Q860E5, Q860H8, Q860S0, Q860Z3, Q861G6, Q861H0, Q861H4, Q861H5, Q861H7, Q861H8, Q8HWQ6, Q8MH59, Q8MH60, Q8WLU3, Q8WMA0, Q95348, Q95383, Q95389, Q95461, Q95HK1, Q95HL0, Q95HL1, Q95IE3, Q95IG2, Q95IT6, Q96HZ9, Q9BCL7, Q9BCP0, Q9BCP1, Q9BCP2, Q9BCP5, Q9BD21, Q9BD33, Q9BD40, Q9GIK5, Q9GIL5, Q9GIL6, Q9GIP3, Q9GIX8, Q9GIX9, Q9GIY0, Q9GIY1, Q9GIY2, Q9GIY3, Q9GIY4, Q9GJ25, Q9GJ56, Q9GJ57, Q9GJ58, Q9GJ60, Q9GJF8, Q9GJF9, Q9GJG0, Q9MXZ0, Q9MXZ5, Q9MY13, Q9MY45, Q9MY56, Q9MYF5, Q9TPB6, Q9TPW1, Q9TPW3, Q9TPW9, Q9TPX4, Q9TQ37, Q9TQ91, Q9TQE0, Q9UBY1, Q9UIM9, Q9UIN0, Q9XRX1, Q9XRY4, Q9XRY5, Q9Y453, Q9Y4H7",Eukaryota,Homo sapiens,9606,,,1,29,ECO:0000269,228,248,ECO:0000255,,,,,,,,,,,,,,,,,,,,,,,,,,,
Q63041,1500,Q63041,Q63332,Eukaryota,Rattus norvegicus,10116,,,1,24,ECO:0000269,,,,,,,,,,,,,,,,,,,,,,,,,,,,,,
P02760,352,P02760,"P00977, P02759, P78491, Q2TU33, Q5TBD7, Q9UC58, Q9UDI8",Eukaryota,Homo sapiens,9606,,,1,19,ECO:0000269,,,,,,,,,,,,,,,,,,,,,,,,,,,,,,
Q9NPY3,652,Q9NPY3,O00274,Eukaryota,Homo sapiens,9606,,,1,21,,581,601,ECO:0000255,,,,,,,,,,,,,,,,,,,,,,,,,,,
P07221,395,P07221,,Eukaryota,Oryctolagus cuniculus,9986,,,1,28,ECO:0000269,,,,,,,,,,,,,,,,,,,,,,,,,,,,,,
Q16663,113,Q16663,"B2RU34, E1P651, Q9UM74",Eukaryota,Homo sapiens,9606,,,1,21,ECO:0000269,,,,,,,,,,,,,,,,,,,,,,,,,,,,,,
Q62192,661,Q62192,Q8C251,Eukaryota,Mus musculus,10090,,,1,20,ECO:0000269,627,650,ECO:0000255,,,,,,,,,,,,,,,,,,,,,,,,,,,
P15812,388,P15812,"B4DZV3, E7EP01, Q5TDJ9, Q5TDK3, Q5TDK4, Q5TDK5, Q5TDK6, Q5TDK8, Q5TDL1, Q712E4, Q712E5, Q712E6, Q712E7, Q712E8, Q712E9, Q712F0, Q712F1, Q712F2, Q712F3, Q712F4, Q712F5, Q96TD0, Q96TD1, Q9UMM1, Q9Y5M3",Eukaryota,Homo sapiens,9606,,,1,19,ECO:0000255,305,325,ECO:0000255,,,,,,,,,,,,,,,,,,,,,,,,,,,
O62680,123,O62680,"Q9TR76, Q9XT94",Eukaryota,Sus scrofa,9823,,,1,25,ECO:0000269,,,,,,,,,,,,,,,,,,,,,,,,,,,,,,
P31997,349,P31997,"O60399, Q16574",Eukaryota,Homo sapiens,9606,,,1,34,,,,,,,,,,,,,,,,,,,,,,,,,,,,,,,
P42889,111,P42889,,Eukaryota,Myocastor coypus,10157,,,1,17,ECO:0000269,,,,,,,,,,,,,,,,,,,,,,,,,,,,,,
P11052,143,P11052,,Eukaryota,Bos taurus,9913,,,1,17,,,,,,,,,,,,,,,,,,,,,,,,,,,,,,,
Q00657,2326,Q00657,,Eukaryota,Rattus norvegicus,10116,,,1,29,ECO:0000269,2226,2250,ECO:0000255,,,,,,,,,,,,,,,,,,,,,,,,,,,
P05305,212,P05305,Q96DA1,Eukaryota,Homo sapiens,9606,,,1,17,ECO:0000269,,,,,,,,,,,,,,,,,,,,,,,,,,,,,,
P19957,117,P19957,"E1P618, Q6FG74",Eukaryota,Homo sapiens,9606,,,1,22,ECO:0000269,,,,,,,,,,,,,,,,,,,,,,,,,,,,,,
P10959,549,P10959,"Q5I0K0, Q63106, Q64626",Eukaryota,Rattus norvegicus,10116,,,1,18,ECO:0000269,,,,,,,,,,,,,,,,,,,,,,,,,,,,,,
P30438,92,P30438,P30439,Eukaryota,Felis catus,9685,,,1,22,ECO:0000269,,,,,,,,,,,,,,,,,,,,,,,,,,,,,,
P29701,364,P29701,,Eukaryota,Ovis aries,9940,,,1,15,ECO:0000269,,,,,,,,,,,,,,,,,,,,,,,,,,,,,,
P06399,782,P06399,,Eukaryota,Rattus norvegicus,10116,,,1,19,ECO:0000269,,,,,,,,,,,,,,,,,,,,,,,,,,,,,,
P18427,130,P18427,,Eukaryota,Rattus norvegicus,10116,,,1,20,,,,,,,,,,,,,,,,,,,,,,,,,,,,,,,
P15522,155,P15522,"Q9TTR3, Q9TUJ8",Eukaryota,Camelus dromedarius,9838,,,1,18,ECO:0000269,,,,,,,,,,,,,,,,,,,,,,,,,,,,,,
P06883,180,P06883,,Eukaryota,Rattus norvegicus,10116,,,1,20,,,,,,,,,,,,,,,,,,,,,,,,,,,,,,,
P08884,248,P08884,P97389,Eukaryota,Mus musculus,10090,,,1,18,ECO:0000255,,,,,,,,,,,,,,,,,,,,,,,,,,,,,,
P14483,265,P14483,,Eukaryota,Mus musculus,10090,,,1,27,,227,247,ECO:0000255,,,,,,,,,,,,,,,,,,,,,,,,,,,
O35310,311,O35310,,Eukaryota,Mus musculus,10090,,,1,20,ECO:0000269,,,,,,,,,,,,,,,,,,,,,,,,,,,,,,
P01744,117,P23083,"A0A087WSX2, P01744",Eukaryota,Homo sapiens,9606,,,1,19,ECO:0000269,,,,,,,,,,,,,,,,,,,,,,,,,,,,,,
P01751,,,,,,,,,,,,,,,,,,,,,,,,,,,,,,,,,,,,,,,,,
Q96F46,866,Q96F46,"O43844, Q20WK1",Eukaryota,Homo sapiens,9606,,,1,32,ECO:0000269,321,341,ECO:0000255,,,,,,,,,,,,,,,,,,,,,,,,,,,
P26461,97,P26461,,Eukaryota,Sus scrofa,9823,,,1,26,ECO:0000269,,,,,,,,,,,,,,,,,,,,,,,,,,,,,,
P24854,259,P24854,Q06AV6,Eukaryota,Sus scrofa,9823,,,1,22,ECO:0000269,,,,,,,,,,,,,,,,,,,,,,,,,,,,,,
P06799,190,P06799,,Eukaryota,Mus musculus,10090,,,1,23,,,,,,,,,,,,,,,,,,,,,,,,,,,,,,,
P10764,179,P10764,,Eukaryota,Ovis aries,9940,,,1,24,ECO:0000269,,,,,,,,,,,,,,,,,,,,,,,,,,,,,,
P60568,153,P60568,P01585,Eukaryota,Homo sapiens,9606,,,1,20,ECO:0000269,,,,,,,,,,,,,,,,,,,,,,,,,,,,,,
P08505,211,P08505,"Q3UCQ0, Q8BN26",Eukaryota,Mus musculus,10090,,,1,24,ECO:0000269,,,,,,,,,,,,,,,,,,,,,,,,,,,,,,
P26894,103,P26894,P22951,Eukaryota,Sus scrofa,9823,,,1,25,ECO:0000269,,,,,,,,,,,,,,,,,,,,,,,,,,,,,,
P05154,406,P05154,"Q07616, Q9UG30",Eukaryota,Homo sapiens,9606,,,1,19,ECO:0000269,,,,,,,,,,,,,,,,,,,,,,,,,,,,,,
P09656,79,P09656,,Eukaryota,Rattus norvegicus,10116,,,1,23,ECO:0000269,,,,,,,,,,,,,,,,,,,,,,,,,,,,,,
Q86YT9,394,Q86YT9,"B0YIV1, B0YIV2, Q496M1, Q5DTC6, Q7Z499, Q8N9I7, Q8NF70",Eukaryota,Homo sapiens,9606,,,1,19,ECO:0000269,276,296,ECO:0000255,,,,,,,,,,,,,,,,,,,,,,,,,,,
P01045,619,P01045,P01047,Eukaryota,Bos taurus,9913,,,1,18,ECO:0000269,,,,,,,,,,,,,,,,,,,,,,,,,,,,,,
P27424,183,P27424,,Eukaryota,Bos taurus,9913,,,1,17,,,,,,,,,,,,,,,,,,,,,,,,,,,,,,,
P21956,463,P21956,"P97800, Q3TBN5, Q3U8S9, Q9R1X9, Q9WTS3",Eukaryota,Mus musculus,10090,,,1,22,ECO:0000269,,,,,,,,,,,,,,,,,,,,,,,,,,,,,,
P21692,469,P21692,,Eukaryota,Sus scrofa,9823,,,1,19,,,,,,,,,,,,,,,,,,,,,,,,,,,,,,,
P01307,119,P01307,"A5X8W5, Q2I0F9",Eukaryota,Sus scrofa,9823,,,1,25,ECO:0000269,,,,,,,,,,,,,,,,,,,,,,,,,,,,,,
P11590,178,P11590,,Eukaryota,Mus musculus,10090,,,1,16,ECO:0000269,,,,,,,,,,,,,,,,,,,,,,,,,,,,,,
P25189,248,P25189,"Q16072, Q5VTH4, Q92677, Q9BR67",Eukaryota,Homo sapiens,9606,,,1,29,,154,179,ECO:0000255,,,,,,,,,,,,,,,,,,,,,,,,,,,
P07808,98,P07808,,Eukaryota,Rattus norvegicus,10116,,,1,29,ECO:0000269,,,,,,,,,,,,,,,,,,,,,,,,,,,,,,
Q09098,99,Q09098,"Q9D248, Q9R018",Eukaryota,Mus musculus,10090,,,1,23,ECO:0000269,,,,,,,,,,,,,,,,,,,,,,,,,,,,,,
P05307,510,P05307,,Eukaryota,Bos taurus,9913,,,1,20,ECO:0000269,,,,,,,,,,,,,,,,,,,,,,,,,,,,,,
P03954,388,P03954,,Eukaryota,Macaca fuscata fuscata,9543,,,1,15,ECO:0000269,,,,,,,,,,,,,,,,,,,,,,,,,,,,,,
P10820,554,P10820,,Eukaryota,Mus musculus,10090,,,1,20,ECO:0000269,128,148,ECO:0000305,256,278,ECO:0000305,,,,,,,,,,,,,,,,,,,,,,,,
P80108,840,P80108,"Q15127, Q15128, Q2M2F2, Q5T3Y0, Q7Z6T8, Q8TCV0, Q8WW82, Q96ID6, Q9H167, Q9H4M1, Q9UJC9",Eukaryota,Homo sapiens,9606,,,1,23,ECO:0000269,,,,,,,,,,,,,,,,,,,,,,,,,,,,,,
P12273,146,P12273,"A0A963, A0A9C3, A0A9F3, A4D2I1",Eukaryota,Homo sapiens,9606,,,1,28,ECO:0000269,,,,,,,,,,,,,,,,,,,,,,,,,,,,,,
P06867,809,P06867,Q19AZ9,Eukaryota,Sus scrofa,9823,,,1,19,ECO:0000269,,,,,,,,,,,,,,,,,,,,,,,,,,,,,,
Q9TRM8,177,Q9TRM8,"Q9N0Z7, Q9TRM9",Eukaryota,Canis lupus familiaris,9615,,,1,25,ECO:0000269,,,,,,,,,,,,,,,,,,,,,,,,,,,,,,
P31532,130,P31532,,Eukaryota,Mus musculus,10090,,,1,18,ECO:0000269,,,,,,,,,,,,,,,,,,,,,,,,,,,,,,
P05060,677,P05060,"A8K021, Q59EU9, Q6IBS6, Q9BQV6, Q9UC25, Q9UJA6",Eukaryota,Homo sapiens,9606,,,1,20,ECO:0000269,,,,,,,,,,,,,,,,,,,,,,,,,,,,,,
P22323,410,P22323,,Eukaryota,Cavia porcellus,10141,,,1,24,ECO:0000269,,,,,,,,,,,,,,,,,,,,,,,,,,,,,,
P15242,333,P15242,P15243,Eukaryota,Rattus norvegicus,10116,,,1,17,ECO:0000269,,,,,,,,,,,,,,,,,,,,,,,,,,,,,,
P10646,304,P10646,"O95103, Q53TS4",Eukaryota,Homo sapiens,9606,,,1,28,ECO:0000269,,,,,,,,,,,,,,,,,,,,,,,,,,,,,,
P20614,207,P20614,Q5ENG6,Eukaryota,Oryctolagus cuniculus,9986,,,1,23,,,,,,,,,,,,,,,,,,,,,,,,,,,,,,,
Q96BF3,282,Q96BF3,Q6UW59,Eukaryota,Homo sapiens,9606,,,1,22,ECO:0000269,151,171,ECO:0000255,,,,,,,,,,,,,,,,,,,,,,,,,,,
Q9ER63,176,Q9ER63,Q8VHC0,Eukaryota,Mus musculus,10090,,,1,29,,,,,,,,,,,,,,,,,,,,,,,,,,,,,,,
P21463,764,P21463,,Eukaryota,Rattus norvegicus,10116,,,1,21,,415,440,ECO:0000250,451,473,ECO:0000250,493,517,ECO:0000250,538,558,ECO:0000250,577,602,ECO:0000250,626,649,ECO:0000250,658,681,ECO:0000250,,,,,,,,,
P01739,132,P01739,,Eukaryota,Mus musculus,10090,,,1,20,,,,,,,,,,,,,,,,,,,,,,,,,,,,,,,
P36511,530,P36511,,Eukaryota,Rattus norvegicus,10116,,,1,23,ECO:0000269,494,510,ECO:0000255,,,,,,,,,,,,,,,,,,,,,,,,,,,
Q9JLA3,1551,Q9JLA3,,Eukaryota,Rattus norvegicus,10116,,,1,42,ECO:0000269,,,,,,,,,,,,,,,,,,,,,,,,,,,,,,
Q05589,433,Q05589,"A7E3W6, Q0IIG3, Q28209",Eukaryota,Bos taurus,9913,,,1,20,ECO:0000255,,,,,,,,,,,,,,,,,,,,,,,,,,,,,,
P01283,170,P01283,Q9QUN1,Eukaryota,Rattus norvegicus,10116,,,1,21,,,,,,,,,,,,,,,,,,,,,,,,,,,,,,,
P01174,137,P01174,,Eukaryota,Rattus norvegicus,10116,,,1,19,ECO:0000269,,,,,,,,,,,,,,,,,,,,,,,,,,,,,,
Q00193,540,Q00193,,Eukaryota,Oryctolagus cuniculus,9986,,,1,24,ECO:0000269,516,536,ECO:0000255,,,,,,,,,,,,,,,,,,,,,,,,,,,
P30455,365,P04439,"B1PKZ3, O02939, O02954, O02955, O02963, O19509, O19546, O19598, O19605, O19606, O19619, O19647, O19673, O19687, O19695, O19756, O19794, O19795, O43906, O43907, O46874, O62921, O62924, O77937, O77938, O77964, O78073, O78171, O98009, O98010, O98011, O98137, P01891, P01892, P05534, P06338, P10313, P10314, P10315, P10316, P13746, P16188, P16189, P16190, P18462, P30443, P30444, P30445, P30446, P30447, P30448, P30449, P30450, P30451, P30452, P30453, P30454, P30455, P30456, P30457, P30458, P30459, P30512, P30514, P79505, P79562, P79563, Q09160, Q29680, Q29747, Q29835, Q29837, Q29838, Q29899, Q29908, Q29909, Q29910, Q30208, Q31623, Q5S3G1, Q65A82, Q8MHM1, Q8MHN9, Q95352, Q95355, Q95362, Q95377, Q95380, Q95IZ5, Q9BCN0, Q9BD15, Q9BD19, Q9GJE6, Q9GJE7, Q9GJE8, Q9MW42, Q9MY89, Q9MYA3, Q9MYA5, Q9MYC4, Q9MYE6, Q9MYE9, Q9MYG4, Q9MYG5, Q9MYI5, Q9TP25, Q9TPQ3, Q9TPR8, Q9TPX8, Q9TPX9, Q9TPY0, Q9TQ24, Q9TQE8, Q9TQE9, Q9TQF1, Q9TQF5, Q9TQF8, Q9TQF9, Q9TQG0, Q9TQG5, Q9TQG7, Q9TQH5, Q9TQI3, Q9TQK5, Q9TQM6, Q9TQN5, Q9TQP5, Q9TQP6, Q9TQP7, Q9UIN1, Q9UIN2, Q9UIP7, Q9UQU3, Q9UQU6, Q9UQU7",Eukaryota,Homo sapiens,9606,,,1,24,ECO:0000269,309,332,ECO:0000255,,,,,,,,,,,,,,,,,,,,,,,,,,,
P30484,362,P01889,"A0A2I6Q7B5, B0V0B8, G3GN01, O02862, O02956, O02957, O02960, O19555, O19556, O19595, O19615, O19624, O19625, O19627, O19641, O19651, O19675, O19692, O19758, O19779, O19783, O46702, O62897, O62901, O62915, O62917, O62919, O77933, O77959, O78053, O78138, O78160, O78163, O78172, O78173, O78180, O78217, O95730, O98140, P01890, P03989, P10317, P10318, P10319, P10320, P18463, P18464, P18465, P19373, P30460, P30461, P30462, P30463, P30464, P30465, P30466, P30467, P30468, P30469, P30470, P30471, P30472, P30473, P30474, P30475, P30476, P30477, P30478, P30479, P30480, P30481, P30482, P30483, P30484, P30485, P30486, P30487, P30488, P30489, P30490, P30491, P30492, P30493, P30494, P30495, P30496, P30497, P30498, P30513, P30685, P79489, P79490, P79496, P79504, P79523, P79524, P79542, P79555, Q04826, Q08136, Q29633, Q29636, Q29638, Q29661, Q29665, Q29678, Q29679, Q29681, Q29693, Q29695, Q29697, Q29718, Q29742, Q29749, Q29762, Q29764, Q29829, Q29836, Q29842, Q29845, Q29846, Q29847, Q29848, Q29850, Q29851, Q29852, Q29854, Q29855, Q29857, Q29858, Q29861, Q29924, Q29925, Q29933, Q29935, Q29936, Q29940, Q29953, Q29961, Q29982, Q30173, Q30198, Q31603, Q31610, Q31612, Q31613, Q546L8, Q546M4, Q5JP37, Q5QT24, Q5RIP1, Q5SRJ2, Q5TK76, Q5TK77, Q860I4, Q861B5, Q8HWF0, Q8MGQ3, Q8MHN4, Q8SNC5, Q95343, Q95344, Q95365, Q95369, Q95392, Q95HA3, Q95HA8, Q95HM9, Q95IA6, Q95IB8, Q95IH5, Q95J00, Q96IT9, Q9BCM6, Q9BCM7, Q9BCM8, Q9BD06, Q9BD38, Q9BD43, Q9GIL3, Q9GIM3, Q9GIX1, Q9GIY5, Q9GIZ0, Q9GIZ9, Q9GJ00, Q9GJ17, Q9GJ20, Q9GJ23, Q9GJ31, Q9GJF0, Q9GJM7, Q9MX21, Q9MY37, Q9MY42, Q9MY43, Q9MY61, Q9MY75, Q9MY78, Q9MY79, Q9MY84, Q9MY92, Q9MY93, Q9MY94, Q9MYB8, Q9MYC3, Q9MYC7, Q9MYF4, Q9MYG1, Q9TP35, Q9TP36, Q9TP37, Q9TP95, Q9TPQ7, Q9TPQ9, Q9TPR2, Q9TPR4, Q9TPS6, Q9TPT2, Q9TPT4, Q9TPT6, Q9TPV2, Q9TQG1, Q9TQH3, Q9TQH6, Q9TQH7, Q9TQH8, Q9TQH9, Q9TQM2, Q9TQN4, Q9TQN6, Q9UQS8, Q9UQT0",Eukaryota,Homo sapiens,9606,,,1,24,ECO:0000269,310,333,ECO:0000255,,,,,,,,,,,,,,,,,,,,,,,,,,,
Q29963,366,P10321,"O02863, O02864, O02865, O02866, O02958, O19505, O19652, O19676, O62879, O62882, O62883, O62888, O78060, O78061, O78062, O78063, O78067, O78068, O78069, O78072, O78083, O78090, O78091, O78149, O78165, O78166, O78178, O78202, O78203, O78211, O78214, P04222, P30499, P30500, P30501, P30502, P30503, P30504, P30505, P30506, P30507, P30508, P30509, P30510, P79498, Q07000, Q29631, Q29641, Q29643, Q29652, Q29743, Q29768, Q29862, Q29864, Q29865, Q29867, Q29921, Q29959, Q29960, Q29963, Q29986, Q29989, Q29990, Q29991, Q29992, Q29993, Q30192, Q31605, Q31627, Q860R1, Q860R2, Q95463, Q95603, Q95604, Q99528, Q9BD28, Q9GIK4, Q9GIK8, Q9GJ33, Q9MY30, Q9MY31, Q9MY35, Q9MY49, Q9MY74, Q9MYI3, Q9TNN7, Q9TNZ8, Q9TPS4, Q9TPV8, Q9TPX2, Q9TQB4, Q9TQJ5, Q9TQP9, Q9UM32, Q9UM33, Q9UM42, Q9UQS9",Eukaryota,Homo sapiens,9606,,,1,24,ECO:0000255,309,333,ECO:0000255,,,,,,,,,,,,,,,,,,,,,,,,,,,
P05408,212,P05408,"P01164, Q6FHD0, Q9BS38",Eukaryota,Homo sapiens,9606,,,1,26,ECO:0000269,,,,,,,,,,,,,,,,,,,,,,,,,,,,,,
P12822,1310,P12822,"O02852, P22968",Eukaryota,Oryctolagus cuniculus,9986,,,1,33,ECO:0000269,1261,1281,ECO:0000255,,,,,,,,,,,,,,,,,,,,,,,,,,,
P04756,457,P04756,,Eukaryota,Mus musculus,10090,,,1,20,,231,255,,263,281,,297,316,,429,447,,,,,,,,,,,,,,,,,,,
P04759,516,P04759,,Eukaryota,Bos taurus,9913,,,1,21,,245,269,,279,296,,311,332,,471,493,,,,,,,,,,,,,,,,,,,
Q63191,1216,Q63191,,Eukaryota,Rattus norvegicus,10116,,,1,21,ECO:0000269,1156,1176,ECO:0000255,,,,,,,,,,,,,,,,,,,,,,,,,,,
P00690,511,P00690,Q9TUE4,Eukaryota,Sus scrofa,9823,,,1,15,ECO:0000269,,,,,,,,,,,,,,,,,,,,,,,,,,,,,,
P68293,267,P68293,"P15568, P17929",Eukaryota,Papio hamadryas,9557,,,1,18,,,,,,,,,,,,,,,,,,,,,,,,,,,,,,,
P17690,345,P17690,"Q148G1, Q28052",Eukaryota,Bos taurus,9913,,,1,19,ECO:0000269,,,,,,,,,,,,,,,,,,,,,,,,,,,,,,
P31722,245,P31722,Q5RJZ8,Eukaryota,Rattus norvegicus,10116,,,1,28,ECO:0000269,,,,,,,,,,,,,,,,,,,,,,,,,,,,,,
P28491,417,P28491,D4N5N1,Eukaryota,Sus scrofa,9823,,,1,17,ECO:0000269,,,,,,,,,,,,,,,,,,,,,,,,,,,,,,
P24643,593,P24643,P79140,Eukaryota,Canis lupus familiaris,9615,,,1,20,,483,503,ECO:0000255,,,,,,,,,,,,,,,,,,,,,,,,,,,
P18626,214,P18626,,Eukaryota,Capra hircus,9925,,,1,15,ECO:0000269,,,,,,,,,,,,,,,,,,,,,,,,,,,,,,
P14384,443,P14384,"B2R800, Q9H2K9",Eukaryota,Homo sapiens,9606,,,1,17,ECO:0000269,,,,,,,,,,,,,,,,,,,,,,,,,,,,,,
P10855,92,P10855,P14096,Eukaryota,Mus musculus,10090,,,1,23,ECO:0000269,,,,,,,,,,,,,,,,,,,,,,,,,,,,,,
P11610,336,P11610,,Eukaryota,Mus musculus,10090,,,1,17,ECO:0000255,306,326,ECO:0000255,,,,,,,,,,,,,,,,,,,,,,,,,,,
P19377,173,P19377,,Eukaryota,Rattus norvegicus,10116,,,1,21,,107,127,ECO:0000255,,,,,,,,,,,,,,,,,,,,,,,,,,,
P00450,1065,P00450,"Q14063, Q2PP18, Q9UKS4",Eukaryota,Homo sapiens,9606,,,1,19,ECO:0000269,,,,,,,,,,,,,,,,,,,,,,,,,,,,,,
Q9N2D2,381,Q9N2D2,,Eukaryota,Callithrix jacchus,9483,,,1,16,ECO:0000269,,,,,,,,,,,,,,,,,,,,,,,,,,,,,,
P22063,1040,P22063,,Eukaryota,Rattus norvegicus,10116,,,1,30,ECO:0000269,,,,,,,,,,,,,,,,,,,,,,,,,,,,,,
P01189,267,P01189,"P78442, Q53T23, Q9UD39, Q9UD40",Eukaryota,Homo sapiens,9606,,,1,26,ECO:0000269,,,,,,,,,,,,,,,,,,,,,,,,,,,,,,
P23805,371,P23805,"O97748, Q58CU7, Q9TRF6",Eukaryota,Bos taurus,9913,,,1,20,ECO:0000269,,,,,,,,,,,,,,,,,,,,,,,,,,,,,,
P37889,1221,P37889,"G5E8B3, Q9WUI2",Eukaryota,Mus musculus,10090,,,1,26,ECO:0000269,,,,,,,,,,,,,,,,,,,,,,,,,,,,,,
P12319,257,P12319,,Eukaryota,Homo sapiens,9606,,,1,25,ECO:0000269,206,224,ECO:0000255,,,,,,,,,,,,,,,,,,,,,,,,,,,
P02765,367,P02765,"A8K9N6, B2R7G1, O14961, O14962, Q9P152",Eukaryota,Homo sapiens,9606,,,1,18,ECO:0000269,,,,,,,,,,,,,,,,,,,,,,,,,,,,,,
Q9NSA1,209,Q9NSA1,Q8N683,Eukaryota,Homo sapiens,9606,,,1,28,ECO:0000269,,,,,,,,,,,,,,,,,,,,,,,,,,,,,,
Q8N441,504,Q8N441,"B2RAU9, Q6PJN1, Q9BXN7, Q9H4D7",Eukaryota,Homo sapiens,9606,,,1,24,ECO:0000269,379,399,ECO:0000255,,,,,,,,,,,,,,,,,,,,,,,,,,,
P02680,445,P02680,Q68FY3,Eukaryota,Rattus norvegicus,10116,,,1,25,,,,,,,,,,,,,,,,,,,,,,,,,,,,,,,
P22890,180,P22890,,Eukaryota,Octodon degus,10160,,,1,20,,,,,,,,,,,,,,,,,,,,,,,,,,,,,,,
O35930,734,O35930,Q5SX47,Eukaryota,Mus musculus,10090,,,1,16,,613,633,ECO:0000255,,,,,,,,,,,,,,,,,,,,,,,,,,,
P04187,247,P04187,,Eukaryota,Mus musculus,10090,,,1,18,ECO:0000255,,,,,,,,,,,,,,,,,,,,,,,,,,,,,,
Q02747,115,Q02747,,Eukaryota,Homo sapiens,9606,,,1,21,ECO:0000269,,,,,,,,,,,,,,,,,,,,,,,,,,,,,,
P15981,255,P15981,,Eukaryota,Sus scrofa,9823,,,1,23,,218,240,ECO:0000255,,,,,,,,,,,,,,,,,,,,,,,,,,,
P01919,261,P01920,"A1KR27, A2RPH3, A4Q9R4, A4USG2, A4USG5, A6N8I7, A9YQA0, B0S7Y7, B1A0K6, B1GXI3, B3VLT3, B5BLN7, B7VU69, C0MQ34, C0MQ35, C8ZL52, C8ZLJ8, C8ZLJ9, C9DRQ3, O19708, O19713, O19724, O62861, O78046, O78221, O78223, O98034, O98201, P01917, P01918, P01919, P03992, P05537, P79482, P79526, P79544, P79551, Q08GC8, Q09035, Q0E4V9, Q1M312, Q29731, Q29877, Q29884, Q29915, Q29966, Q2P9N3, Q2QK85, Q30061, Q30075, Q30076, Q30080, Q30081, Q30082, Q30083, Q30084, Q30089, Q30095, Q31633, Q38I47, Q45UE3, Q4QZB5, Q53I44, Q564J6, Q5G841, Q5ISH1, Q5ISH3, Q5W1E1, Q5Y7G8, Q643R4, Q6B9X1, Q70VH8, Q7YP69, Q8HWH0, Q8MH58, Q8SNB4, Q8SND1, Q8SP70, Q8WMA3, Q9BD17, Q9MYH2, Q9TPA9, Q9XRY6, Q9XRY7, Q9XRZ2",Eukaryota,Homo sapiens,9606,,,1,32,ECO:0000269,231,251,ECO:0000255,,,,,,,,,,,,,,,,,,,,,,,,,,,
P06344,263,P06344,,Eukaryota,Mus musculus,10090,,,1,27,,225,245,ECO:0000255,,,,,,,,,,,,,,,,,,,,,,,,,,,
P18532,116,P18532,,Eukaryota,Mus musculus,10090,,,1,18,,,,,,,,,,,,,,,,,,,,,,,,,,,,,,,
Q6UXL0,311,Q6UXL0,"B4DL40, Q6P438, Q8IYY5, Q8TAJ7",Eukaryota,Homo sapiens,9606,,,1,29,ECO:0000269,234,254,ECO:0000255,,,,,,,,,,,,,,,,,,,,,,,,,,,
P17936,291,P17936,"A4D2F5, D3DVM0, Q2V509, Q6P1M6, Q9UCL4",Eukaryota,Homo sapiens,9606,,,1,27,ECO:0000269,,,,,,,,,,,,,,,,,,,,,,,,,,,,,,
P05014,189,P05014,"P13358, Q14CS4, Q5VV15",Eukaryota,Homo sapiens,9606,,,1,23,ECO:0000269,,,,,,,,,,,,,,,,,,,,,,,,,,,,,,
P01575,182,P01575,,Eukaryota,Mus musculus,10090,,,1,21,ECO:0000255,,,,,,,,,,,,,,,,,,,,,,,,,,,,,,
Q8NBL1,392,Q8NBL1,"B2RD13, Q53GJ4, Q8N2T1",Eukaryota,Homo sapiens,9606,,,1,23,ECO:0000269,,,,,,,,,,,,,,,,,,,,,,,,,,,,,,
P01641,117,P01641,,Eukaryota,Mus musculus,10090,,,1,22,,,,,,,,,,,,,,,,,,,,,,,,,,,,,,,
P18428,481,P18428,"B2R938, O43438, Q92672, Q9H403, Q9UD66",Eukaryota,Homo sapiens,9606,,,1,25,ECO:0000269,,,,,,,,,,,,,,,,,,,,,,,,,,,,,,
P18424,440,P18424,O35849,Eukaryota,Rattus norvegicus,10116,,,1,24,ECO:0000250,,,,,,,,,,,,,,,,,,,,,,,,,,,,,,
Q6ZSA7,298,Q6ZSA7,"A7E2U7, B2RN81",Eukaryota,Homo sapiens,9606,,,1,34,ECO:0000269,259,279,ECO:0000255,,,,,,,,,,,,,,,,,,,,,,,,,,,
Q6IY74,141,Q6IY74,Q7M3C7,Eukaryota,Oryctolagus cuniculus,9986,,,1,18,ECO:0000269,,,,,,,,,,,,,,,,,,,,,,,,,,,,,,
P09568,131,P0CW02,"P09568, Q58E40, Q8C2D8, Q91XG0",Eukaryota,Mus musculus,10090,,,1,26,ECO:0000255,,,,,,,,,,,,,,,,,,,,,,,,,,,,,,
P07507,103,P07507,Q54A30,Eukaryota,Bos taurus,9913,,,1,19,ECO:0000269,,,,,,,,,,,,,,,,,,,,,,,,,,,,,,
Q04592,1877,Q04592,"E9QPB7, Q62040",Eukaryota,Mus musculus,10090,,,1,34,,1769,1789,ECO:0000255,,,,,,,,,,,,,,,,,,,,,,,,,,,
P03955,377,P03955,,Eukaryota,Macaca fuscata fuscata,9543,,,1,5,ECO:0000269,,,,,,,,,,,,,,,,,,,,,,,,,,,,,,
P11654,1886,P11654,,Eukaryota,Rattus norvegicus,10116,,,1,25,ECO:0000269,1806,1828,ECO:0000305,,,,,,,,,,,,,,,,,,,,,,,,,,,
P12420,229,P12420,Q6UBP9,Eukaryota,Equus caballus,9796,,,1,30,ECO:0000269,,,,,,,,,,,,,,,,,,,,,,,,,,,,,,
Q9HB40,452,Q9HB40,"Q96A94, Q9H3F0",Eukaryota,Homo sapiens,9606,,,1,26,ECO:0000269,,,,,,,,,,,,,,,,,,,,,,,,,,,,,,
P07153,605,P07153,,Eukaryota,Rattus norvegicus,10116,,,1,22,,438,455,ECO:0000255,,,,,,,,,,,,,,,,,,,,,,,,,,,
P22000,122,P22000,,Eukaryota,Oryctolagus cuniculus,9986,,,1,18,ECO:0000250,,,,,,,,,,,,,,,,,,,,,,,,,,,,,,
P02743,223,P02743,,Eukaryota,Homo sapiens,9606,,,1,19,ECO:0000269,,,,,,,,,,,,,,,,,,,,,,,,,,,,,,
P21583,273,P21583,"A0AV09, A8K2Q4, B7ZLM4, Q16487, Q68DZ2, Q7M4N8, Q9UQK7",Eukaryota,Homo sapiens,9606,,,1,25,,215,237,ECO:0000255,,,,,,,,,,,,,,,,,,,,,,,,,,,
Q02383,582,Q02383,"Q53ZU2, Q6X2M5, Q6X2M6",Eukaryota,Homo sapiens,9606,,,1,23,,,,,,,,,,,,,,,,,,,,,,,,,,,,,,,
Q8IWL1,248,Q8IWL1,"A4QPA7, B2RXI6, B2RXK9, C9J9I7, E3VLC6, E3VLC7, E3VLC8, E3VLC9, P07714, Q14DV3, Q5RIR8, Q5RIR9",Eukaryota,Homo sapiens,9606,,,1,20,,,,,,,,,,,,,,,,,,,,,,,,,,,,,,,
Q02763,1124,Q02763,"A8K6W0, B4DH20, B4DHD3, D3DRK5, E7EWI2, Q5TCU2, Q8IV34",Eukaryota,Homo sapiens,9606,,,1,22,ECO:0000269,749,769,ECO:0000255,,,,,,,,,,,,,,,,,,,,,,,,,,,
P20333,461,P20333,"B1AJZ3, Q16042, Q6YI29, Q9UIH1",Eukaryota,Homo sapiens,9606,,,1,22,ECO:0000269,258,287,ECO:0000255,,,,,,,,,,,,,,,,,,,,,,,,,,,
O77811,695,O77811,,Eukaryota,Equus caballus,9796,,,1,6,,,,,,,,,,,,,,,,,,,,,,,,,,,,,,,
P07478,247,P07478,,Eukaryota,Homo sapiens,9606,,,1,15,ECO:0000269,,,,,,,,,,,,,,,,,,,,,,,,,,,,,,
P35441,1170,P35441,,Eukaryota,Mus musculus,10090,,,1,18,ECO:0000269,,,,,,,,,,,,,,,,,,,,,,,,,,,,,,
P42098,421,P42098,,Eukaryota,Sus scrofa,9823,,,1,22,ECO:0000269,382,402,ECO:0000255,,,,,,,,,,,,,,,,,,,,,,,,,,,
P01889,362,P01889,"A0A2I6Q7B5, B0V0B8, G3GN01, O02862, O02956, O02957, O02960, O19555, O19556, O19595, O19615, O19624, O19625, O19627, O19641, O19651, O19675, O19692, O19758, O19779, O19783, O46702, O62897, O62901, O62915, O62917, O62919, O77933, O77959, O78053, O78138, O78160, O78163, O78172, O78173, O78180, O78217, O95730, O98140, P01890, P03989, P10317, P10318, P10319, P10320, P18463, P18464, P18465, P19373, P30460, P30461, P30462, P30463, P30464, P30465, P30466, P30467, P30468, P30469, P30470, P30471, P30472, P30473, P30474, P30475, P30476, P30477, P30478, P30479, P30480, P30481, P30482, P30483, P30484, P30485, P30486, P30487, P30488, P30489, P30490, P30491, P30492, P30493, P30494, P30495, P30496, P30497, P30498, P30513, P30685, P79489, P79490, P79496, P79504, P79523, P79524, P79542, P79555, Q04826, Q08136, Q29633, Q29636, Q29638, Q29661, Q29665, Q29678, Q29679, Q29681, Q29693, Q29695, Q29697, Q29718, Q29742, Q29749, Q29762, Q29764, Q29829, Q29836, Q29842, Q29845, Q29846, Q29847, Q29848, Q29850, Q29851, Q29852, Q29854, Q29855, Q29857, Q29858, Q29861, Q29924, Q29925, Q29933, Q29935, Q29936, Q29940, Q29953, Q29961, Q29982, Q30173, Q30198, Q31603, Q31610, Q31612, Q31613, Q546L8, Q546M4, Q5JP37, Q5QT24, Q5RIP1, Q5SRJ2, Q5TK76, Q5TK77, Q860I4, Q861B5, Q8HWF0, Q8MGQ3, Q8MHN4, Q8SNC5, Q95343, Q95344, Q95365, Q95369, Q95392, Q95HA3, Q95HA8, Q95HM9, Q95IA6, Q95IB8, Q95IH5, Q95J00, Q96IT9, Q9BCM6, Q9BCM7, Q9BCM8, Q9BD06, Q9BD38, Q9BD43, Q9GIL3, Q9GIM3, Q9GIX1, Q9GIY5, Q9GIZ0, Q9GIZ9, Q9GJ00, Q9GJ17, Q9GJ20, Q9GJ23, Q9GJ31, Q9GJF0, Q9GJM7, Q9MX21, Q9MY37, Q9MY42, Q9MY43, Q9MY61, Q9MY75, Q9MY78, Q9MY79, Q9MY84, Q9MY92, Q9MY93, Q9MY94, Q9MYB8, Q9MYC3, Q9MYC7, Q9MYF4, Q9MYG1, Q9TP35, Q9TP36, Q9TP37, Q9TP95, Q9TPQ7, Q9TPQ9, Q9TPR2, Q9TPR4, Q9TPS6, Q9TPT2, Q9TPT4, Q9TPT6, Q9TPV2, Q9TQG1, Q9TQH3, Q9TQH6, Q9TQH7, Q9TQH8, Q9TQH9, Q9TQM2, Q9TQN4, Q9TQN6, Q9UQS8, Q9UQT0",Eukaryota,Homo sapiens,9606,,,1,24,ECO:0000269,310,333,ECO:0000255,,,,,,,,,,,,,,,,,,,,,,,,,,,
Q29836,362,P01889,"A0A2I6Q7B5, B0V0B8, G3GN01, O02862, O02956, O02957, O02960, O19555, O19556, O19595, O19615, O19624, O19625, O19627, O19641, O19651, O19675, O19692, O19758, O19779, O19783, O46702, O62897, O62901, O62915, O62917, O62919, O77933, O77959, O78053, O78138, O78160, O78163, O78172, O78173, O78180, O78217, O95730, O98140, P01890, P03989, P10317, P10318, P10319, P10320, P18463, P18464, P18465, P19373, P30460, P30461, P30462, P30463, P30464, P30465, P30466, P30467, P30468, P30469, P30470, P30471, P30472, P30473, P30474, P30475, P30476, P30477, P30478, P30479, P30480, P30481, P30482, P30483, P30484, P30485, P30486, P30487, P30488, P30489, P30490, P30491, P30492, P30493, P30494, P30495, P30496, P30497, P30498, P30513, P30685, P79489, P79490, P79496, P79504, P79523, P79524, P79542, P79555, Q04826, Q08136, Q29633, Q29636, Q29638, Q29661, Q29665, Q29678, Q29679, Q29681, Q29693, Q29695, Q29697, Q29718, Q29742, Q29749, Q29762, Q29764, Q29829, Q29836, Q29842, Q29845, Q29846, Q29847, Q29848, Q29850, Q29851, Q29852, Q29854, Q29855, Q29857, Q29858, Q29861, Q29924, Q29925, Q29933, Q29935, Q29936, Q29940, Q29953, Q29961, Q29982, Q30173, Q30198, Q31603, Q31610, Q31612, Q31613, Q546L8, Q546M4, Q5JP37, Q5QT24, Q5RIP1, Q5SRJ2, Q5TK76, Q5TK77, Q860I4, Q861B5, Q8HWF0, Q8MGQ3, Q8MHN4, Q8SNC5, Q95343, Q95344, Q95365, Q95369, Q95392, Q95HA3, Q95HA8, Q95HM9, Q95IA6, Q95IB8, Q95IH5, Q95J00, Q96IT9, Q9BCM6, Q9BCM7, Q9BCM8, Q9BD06, Q9BD38, Q9BD43, Q9GIL3, Q9GIM3, Q9GIX1, Q9GIY5, Q9GIZ0, Q9GIZ9, Q9GJ00, Q9GJ17, Q9GJ20, Q9GJ23, Q9GJ31, Q9GJF0, Q9GJM7, Q9MX21, Q9MY37, Q9MY42, Q9MY43, Q9MY61, Q9MY75, Q9MY78, Q9MY79, Q9MY84, Q9MY92, Q9MY93, Q9MY94, Q9MYB8, Q9MYC3, Q9MYC7, Q9MYF4, Q9MYG1, Q9TP35, Q9TP36, Q9TP37, Q9TP95, Q9TPQ7, Q9TPQ9, Q9TPR2, Q9TPR4, Q9TPS6, Q9TPT2, Q9TPT4, Q9TPT6, Q9TPV2, Q9TQG1, Q9TQH3, Q9TQH6, Q9TQH7, Q9TQH8, Q9TQH9, Q9TQM2, Q9TQN4, Q9TQN6, Q9UQS8, Q9UQT0",Eukaryota,Homo sapiens,9606,,,1,24,ECO:0000269,310,333,ECO:0000255,,,,,,,,,,,,,,,,,,,,,,,,,,,
P01911,266,P01911,"A0MWF2, A0N0W1, A2ICT1, A2TGX3, A4F5N0, A4ZXA5, A4ZXA6, A4ZY86, A5H000, A5HKN8, A7DZP9, A7LA26, A7UHG2, A7X5B1, A7X5B7, A7X5E0, A7X5E6, A7X5H8, A7X5J4, A7X5K7, A8K098, A8YQE9, A9JPG0, B0BK85, B0LUZ6, B0UYW1, B1GWE7, B2CR03, B2LVF9, B2NJ29, B2ZCY1, B3VTP8, B3VTQ3, B5A8Y2, B5A8Y3, B5B8U0, B5B9V5, B5B9V6, B5LZ25, B5QSK8, B6VCX2, B6VEL9, B7UDB2, B9VRA4, B9X248, C0LAB5, O02876, O02930, O19585, O19717, O19718, O19739, O19788, O46699, O46793, O46872, O62869, O62889, O77969, O78047, O78210, O98212, P01912, P01914, P04229, P13758, P13759, P13760, P13761, P20039, P79545, Q06662, Q0PGR5, Q0PQ39, Q14280, Q14QT2, Q155F7, Q19AF2, Q19K86, Q1AP33, Q1G0Z9, Q1JRP3, Q1KLJ6, Q27PR6, Q27PR7, Q29673, Q29720, Q29722, Q29734, Q29770, Q29771, Q29772, Q29790, Q29792, Q29800, Q29806, Q29833, Q29874, Q29875, Q29886, Q29968, Q29974, Q29975, Q2A120, Q2HZE5, Q2L9H4, Q2LE76, Q2MF40, Q2MJA6, Q2MZ92, Q2VQU1, Q2YHQ2, Q30006, Q30108, Q30112, Q30115, Q30116, Q30117, Q30120, Q30134, Q30142, Q30145, Q30149, Q30159, Q30166, Q30167, Q30200, Q307W5, Q31636, Q32MY7, Q3HUP9, Q3KTM1, Q3LA84, Q3LA87, Q3LA88, Q3LA89, Q3LA90, Q3LA91, Q3LA92, Q3LA93, Q3LA94, Q3LA95, Q3LA96, Q3LA97, Q3LA98, Q3LA99, Q3LAA0, Q3LAA1, Q3LAA2, Q3MQ60, Q3T919, Q4PRC3, Q4PRC5, Q4VZY7, Q53IG1, Q56FN9, Q56FP1, Q56FP2, Q56FP3, Q58F52, Q5BM92, Q5EER6, Q5K3W2, Q5NDB9, Q5U9W6, Q5UBA2, Q5UT58, Q5W3L4, Q5Y7A7, Q5Y7B0, Q5Y7B9, Q5Y7E9, Q5Y7G0, Q683P7, Q6REE2, Q6T865, Q6U387, Q701T1, Q70GL2, Q70Q85, Q768U2, Q768U4, Q7M2H4, Q7YNY9, Q7YP03, Q7YP04, Q7YQ26, Q7YQA3, Q7YQA5, Q860D8, Q860D9, Q860E5, Q860H8, Q860S0, Q860Z3, Q861G6, Q861H0, Q861H4, Q861H5, Q861H7, Q861H8, Q8HWQ6, Q8MH59, Q8MH60, Q8WLU3, Q8WMA0, Q95348, Q95383, Q95389, Q95461, Q95HK1, Q95HL0, Q95HL1, Q95IE3, Q95IG2, Q95IT6, Q96HZ9, Q9BCL7, Q9BCP0, Q9BCP1, Q9BCP2, Q9BCP5, Q9BD21, Q9BD33, Q9BD40, Q9GIK5, Q9GIL5, Q9GIL6, Q9GIP3, Q9GIX8, Q9GIX9, Q9GIY0, Q9GIY1, Q9GIY2, Q9GIY3, Q9GIY4, Q9GJ25, Q9GJ56, Q9GJ57, Q9GJ58, Q9GJ60, Q9GJF8, Q9GJF9, Q9GJG0, Q9MXZ0, Q9MXZ5, Q9MY13, Q9MY45, Q9MY56, Q9MYF5, Q9TPB6, Q9TPW1, Q9TPW3, Q9TPW9, Q9TPX4, Q9TQ37, Q9TQ91, Q9TQE0, Q9UBY1, Q9UIM9, Q9UIN0, Q9XRX1, Q9XRY4, Q9XRY5, Q9Y453, Q9Y4H7",Eukaryota,Homo sapiens,9606,,,1,29,ECO:0000269,228,248,ECO:0000255,,,,,,,,,,,,,,,,,,,,,,,,,,,
P02763,201,P02763,"B7ZKQ5, Q5T539, Q5U067, Q8TC16",Eukaryota,Homo sapiens,9606,,,1,18,ECO:0000269,,,,,,,,,,,,,,,,,,,,,,,,,,,,,,
P22952,117,P22952,,Eukaryota,Sus scrofa,9823,,,1,36,ECO:0000269,,,,,,,,,,,,,,,,,,,,,,,,,,,,,,
P18658,101,P18658,,Eukaryota,Macaca fascicularis,9541,,,1,22,ECO:0000269,,,,,,,,,,,,,,,,,,,,,,,,,,,,,,
P10517,317,P10517,,Eukaryota,Macaca fascicularis,9541,,,1,18,ECO:0000255,,,,,,,,,,,,,,,,,,,,,,,,,,,,,,
P26776,153,P26776,Q712L0,Eukaryota,Sus scrofa,9823,,,1,20,ECO:0000269,,,,,,,,,,,,,,,,,,,,,,,,,,,,,,
P20851,252,P20851,"A5JYP8, D3DT81, Q5VVR0, Q9BS25",Eukaryota,Homo sapiens,9606,,,1,17,,,,,,,,,,,,,,,,,,,,,,,,,,,,,,,
P26842,260,P26842,B2RDZ0,Eukaryota,Homo sapiens,9606,,,1,19,ECO:0000269,192,212,ECO:0000255,,,,,,,,,,,,,,,,,,,,,,,,,,,
P06332,457,P06332,,Eukaryota,Mus musculus,10090,,,1,26,ECO:0000269,395,417,ECO:0000255,,,,,,,,,,,,,,,,,,,,,,,,,,,
O43866,347,O43866,"A8K7M5, Q6UX63",Eukaryota,Homo sapiens,9606,,,1,19,ECO:0000269,,,,,,,,,,,,,,,,,,,,,,,,,,,,,,
Q8SPQ0,383,Q8SPQ0,,Eukaryota,Capra hircus,9925,,,1,21,ECO:0000269,,,,,,,,,,,,,,,,,,,,,,,,,,,,,,
P05997,1499,P05997,"P78440, Q13908, Q53WR4, Q59GR4, Q6LDJ5, Q7KZ55, Q86XF6, Q96QB0, Q96QB3",Eukaryota,Homo sapiens,9606,,,1,26,,,,,,,,,,,,,,,,,,,,,,,,,,,,,,,
P35353,415,P35353,,Eukaryota,Rattus norvegicus,10116,,,1,23,ECO:0000255,114,139,ECO:0000250,153,176,ECO:0000250,186,215,ECO:0000250,228,249,ECO:0000250,268,292,ECO:0000250,312,329,ECO:0000250,339,365,ECO:0000250,,,,,,,,,
P01587,141,P01587,,Eukaryota,Mus musculus,10090,,,1,17,,,,,,,,,,,,,,,,,,,,,,,,,,,,,,,
O18998,281,O18998,,Eukaryota,Oryctolagus cuniculus,9986,,,1,21,ECO:0000269,,,,,,,,,,,,,,,,,,,,,,,,,,,,,,
P20827,205,P20827,"D3DV86, Q5SR60, Q5SR61, Q6I9T9, Q8N578",Eukaryota,Homo sapiens,9606,,,1,18,ECO:0000269,,,,,,,,,,,,,,,,,,,,,,,,,,,,,,
P05160,661,P05160,"A8K3E5, Q5VYL5",Eukaryota,Homo sapiens,9606,,,1,20,ECO:0000269,,,,,,,,,,,,,,,,,,,,,,,,,,,,,,
P13599,366,P13599,,Eukaryota,Rattus norvegicus,10116,,,1,22,ECO:0000269,299,322,ECO:0000255,,,,,,,,,,,,,,,,,,,,,,,,,,,
P04062,536,P04062,"A8K796, B7Z5G2, B7Z6S1, J3KQG4, J3KQK9, Q16545, Q4VX22, Q6I9R6, Q9UMJ8",Eukaryota,Homo sapiens,9606,,,1,39,ECO:0000269,,,,,,,,,,,,,,,,,,,,,,,,,,,,,,
P11962,120,P11962,P70516,Eukaryota,Rattus norvegicus,10116,,,1,24,,,,,,,,,,,,,,,,,,,,,,,,,,,,,,,
P05110,180,P05110,,Eukaryota,Cavia porcellus,10141,,,1,20,,,,,,,,,,,,,,,,,,,,,,,,,,,,,,,
P20718,246,P20718,"G3V2C5, Q6XGZ0, Q6XGZ1",Eukaryota,Homo sapiens,9606,,,1,18,ECO:0000255,,,,,,,,,,,,,,,,,,,,,,,,,,,,,,
P01921,265,P01921,"O19456, O19457, O19458, Q31133, Q31138, Q31139",Eukaryota,Mus musculus,10090,,,1,27,,227,247,ECO:0000255,,,,,,,,,,,,,,,,,,,,,,,,,,,
P01759,136,P01759,,Eukaryota,Mus musculus,10090,,,1,19,,,,,,,,,,,,,,,,,,,,,,,,,,,,,,,
P01821,116,P01821,A0A075B5Q1,Eukaryota,Mus musculus,10090,,,1,19,ECO:0000255,,,,,,,,,,,,,,,,,,,,,,,,,,,,,,
Q13651,578,Q13651,"A8K6I0, B0YJ27",Eukaryota,Homo sapiens,9606,,,1,21,ECO:0000269,236,256,ECO:0000255,,,,,,,,,,,,,,,,,,,,,,,,,,,
P08833,259,P08833,"A4D2F4, D3DVL9, Q8IYP5",Eukaryota,Homo sapiens,9606,,,1,25,ECO:0000269,,,,,,,,,,,,,,,,,,,,,,,,,,,,,,
P01568,189,P01568,"Q14608, Q5VWD1, Q7M4Q4",Eukaryota,Homo sapiens,9606,,,1,23,ECO:0000269,,,,,,,,,,,,,,,,,,,,,,,,,,,,,,
P05002,195,P05002,,Eukaryota,Equus caballus,9796,,,1,23,,,,,,,,,,,,,,,,,,,,,,,,,,,,,,,
Q13007,206,Q13007,"Q2YHE5, Q53XZ7, Q5YLN8, Q96DB0, Q96KG4",Eukaryota,Homo sapiens,9606,,,1,51,ECO:0000269,,,,,,,,,,,,,,,,,,,,,,,,,,,,,,
P08887,468,P08887,"A8KAE8, B2R6V4, Q16202, Q53EQ7, Q5FWG2, Q5VZ23",Eukaryota,Homo sapiens,9606,,,1,19,ECO:0000269,366,386,ECO:0000255,,,,,,,,,,,,,,,,,,,,,,,,,,,
P15247,144,P15247,,Eukaryota,Mus musculus,10090,,,1,18,ECO:0000269,,,,,,,,,,,,,,,,,,,,,,,,,,,,,,
P15260,489,P15260,"B4DFT7, E1P587, Q53Y96",Eukaryota,Homo sapiens,9606,,,1,17,,246,266,ECO:0000255,,,,,,,,,,,,,,,,,,,,,,,,,,,
P80746,1048,P80746,"Q0PDN6, Q9GK48, Q9MZD6",Eukaryota,Bos taurus,9913,,,1,30,ECO:0000269,993,1016,ECO:0000255,,,,,,,,,,,,,,,,,,,,,,,,,,,
P07288,261,P07288,"C9JXH3, G3V0H4, G3XAE3, Q15096, Q16272, Q86TG8, Q8IXI4",Eukaryota,Homo sapiens,9606,,,1,17,ECO:0000269,,,,,,,,,,,,,,,,,,,,,,,,,,,,,,
P67976,180,P67976,P02757,Eukaryota,Ovis aries,9940,,,1,18,ECO:0000269,,,,,,,,,,,,,,,,,,,,,,,,,,,,,,
Q61789,3330,Q61789,"E9PUR4, O08751, Q61788, Q61966, Q9JHQ7",Eukaryota,Mus musculus,10090,,,1,31,ECO:0000269,,,,,,,,,,,,,,,,,,,,,,,,,,,,,,
P06858,475,P06858,"B2R5T9, Q16282, Q16283, Q96FC4",Eukaryota,Homo sapiens,9606,,,1,27,ECO:0000269,,,,,,,,,,,,,,,,,,,,,,,,,,,,,,
P16581,610,P16581,"A2RRD6, P16111",Eukaryota,Homo sapiens,9606,,,1,21,,557,578,ECO:0000255,,,,,,,,,,,,,,,,,,,,,,,,,,,
Q86Y78,171,Q86Y78,"B3KWC0, Q4G121, Q53TR3, Q659B1",Eukaryota,Homo sapiens,9606,,,1,22,ECO:0000269,,,,,,,,,,,,,,,,,,,,,,,,,,,,,,
P55803,246,P55803,A5PKD0,Eukaryota,Bos taurus,9913,,,1,28,ECO:0000269,154,174,ECO:0000255,210,230,ECO:0000255,,,,,,,,,,,,,,,,,,,,,,,,
P10493,1245,P10493,"Q3TKX9, Q8BQI3, Q8C3U8, Q8C9P6",Eukaryota,Mus musculus,10090,,,1,28,ECO:0000269,,,,,,,,,,,,,,,,,,,,,,,,,,,,,,
Q8MJV4,122,Q8MJV4,,Eukaryota,Bos taurus,9913,,,1,24,ECO:0000269,,,,,,,,,,,,,,,,,,,,,,,,,,,,,,
Q6UWY5,402,Q6UWY5,"B4DP03, Q569G4",Eukaryota,Homo sapiens,9606,,,1,28,ECO:0000269,,,,,,,,,,,,,,,,,,,,,,,,,,,,,,
P04054,148,P04054,"B2R4H5, Q3KPI1",Eukaryota,Homo sapiens,9606,,,1,15,ECO:0000269,,,,,,,,,,,,,,,,,,,,,,,,,,,,,,
P06303,98,P06303,,Eukaryota,Rattus norvegicus,10116,,,1,29,,,,,,,,,,,,,,,,,,,,,,,,,,,,,,,
P27823,388,P27823,,Eukaryota,Oryctolagus cuniculus,9986,,,1,15,,,,,,,,,,,,,,,,,,,,,,,,,,,,,,,
Q05769,604,Q05769,Q543K3,Eukaryota,Mus musculus,10090,,,1,17,,,,,,,,,,,,,,,,,,,,,,,,,,,,,,,
Q29486,524,Q29486,,Eukaryota,Felis catus,9685,,,1,17,ECO:0000269,,,,,,,,,,,,,,,,,,,,,,,,,,,,,,
P23470,1445,P23470,"B2RU12, B7ZLX5, Q15623, Q59EE0, Q68DU5",Eukaryota,Homo sapiens,9606,,,1,19,,737,762,ECO:0000255,,,,,,,,,,,,,,,,,,,,,,,,,,,
Q62656,2316,Q62656,Q62621,Eukaryota,Rattus norvegicus,10116,,,1,24,,1638,1663,ECO:0000255,,,,,,,,,,,,,,,,,,,,,,,,,,,
P02753,201,P02753,"D3DR38, O43478, O43479, Q5VY24, Q8WWA3, Q9P178",Eukaryota,Homo sapiens,9606,,,1,18,ECO:0000269,,,,,,,,,,,,,,,,,,,,,,,,,,,,,,
Q9H3T3,888,Q9H3T3,"A5PKU4, F6IB19, Q9NRK9",Eukaryota,Homo sapiens,9606,,,1,25,ECO:0000269,604,624,ECO:0000255,,,,,,,,,,,,,,,,,,,,,,,,,,,
Q15465,462,Q15465,"A4D247, Q75MC9",Eukaryota,Homo sapiens,9606,,,1,23,ECO:0000269,,,,,,,,,,,,,,,,,,,,,,,,,,,,,,
P13432,146,P13432,,Eukaryota,Rattus norvegicus,10116,,,1,22,ECO:0000269,,,,,,,,,,,,,,,,,,,,,,,,,,,,,,
Q96BY9,339,Q96BY9,"B3KQQ4, B7Z9J1, D3DSU7, H9MHJ8, H9MHJ9, Q53HE8, Q9UNZ3, Q9Y683",Eukaryota,Homo sapiens,9606,,,1,30,ECO:0000269,174,194,ECO:0000255,,,,,,,,,,,,,,,,,,,,,,,,,,,
Q92956,283,Q92956,"B3KW30, B9DI89, Q6IB95, Q8N634, Q8WXR1, Q96J31, Q9UM65",Eukaryota,Homo sapiens,9606,,,1,38,ECO:0000269,203,223,ECO:0000255,,,,,,,,,,,,,,,,,,,,,,,,,,,
P01736,120,P01736,,Eukaryota,Mus musculus,10090,,,1,11,,,,,,,,,,,,,,,,,,,,,,,,,,,,,,,
P81828,101,P81828,,Eukaryota,Rattus norvegicus,10116,,,1,21,ECO:0000269,,,,,,,,,,,,,,,,,,,,,,,,,,,,,,
O77726,745,O77726,,Eukaryota,Macaca radiata,9548,,,1,38,,717,736,ECO:0000255,,,,,,,,,,,,,,,,,,,,,,,,,,,
P18465,362,P01889,"A0A2I6Q7B5, B0V0B8, G3GN01, O02862, O02956, O02957, O02960, O19555, O19556, O19595, O19615, O19624, O19625, O19627, O19641, O19651, O19675, O19692, O19758, O19779, O19783, O46702, O62897, O62901, O62915, O62917, O62919, O77933, O77959, O78053, O78138, O78160, O78163, O78172, O78173, O78180, O78217, O95730, O98140, P01890, P03989, P10317, P10318, P10319, P10320, P18463, P18464, P18465, P19373, P30460, P30461, P30462, P30463, P30464, P30465, P30466, P30467, P30468, P30469, P30470, P30471, P30472, P30473, P30474, P30475, P30476, P30477, P30478, P30479, P30480, P30481, P30482, P30483, P30484, P30485, P30486, P30487, P30488, P30489, P30490, P30491, P30492, P30493, P30494, P30495, P30496, P30497, P30498, P30513, P30685, P79489, P79490, P79496, P79504, P79523, P79524, P79542, P79555, Q04826, Q08136, Q29633, Q29636, Q29638, Q29661, Q29665, Q29678, Q29679, Q29681, Q29693, Q29695, Q29697, Q29718, Q29742, Q29749, Q29762, Q29764, Q29829, Q29836, Q29842, Q29845, Q29846, Q29847, Q29848, Q29850, Q29851, Q29852, Q29854, Q29855, Q29857, Q29858, Q29861, Q29924, Q29925, Q29933, Q29935, Q29936, Q29940, Q29953, Q29961, Q29982, Q30173, Q30198, Q31603, Q31610, Q31612, Q31613, Q546L8, Q546M4, Q5JP37, Q5QT24, Q5RIP1, Q5SRJ2, Q5TK76, Q5TK77, Q860I4, Q861B5, Q8HWF0, Q8MGQ3, Q8MHN4, Q8SNC5, Q95343, Q95344, Q95365, Q95369, Q95392, Q95HA3, Q95HA8, Q95HM9, Q95IA6, Q95IB8, Q95IH5, Q95J00, Q96IT9, Q9BCM6, Q9BCM7, Q9BCM8, Q9BD06, Q9BD38, Q9BD43, Q9GIL3, Q9GIM3, Q9GIX1, Q9GIY5, Q9GIZ0, Q9GIZ9, Q9GJ00, Q9GJ17, Q9GJ20, Q9GJ23, Q9GJ31, Q9GJF0, Q9GJM7, Q9MX21, Q9MY37, Q9MY42, Q9MY43, Q9MY61, Q9MY75, Q9MY78, Q9MY79, Q9MY84, Q9MY92, Q9MY93, Q9MY94, Q9MYB8, Q9MYC3, Q9MYC7, Q9MYF4, Q9MYG1, Q9TP35, Q9TP36, Q9TP37, Q9TP95, Q9TPQ7, Q9TPQ9, Q9TPR2, Q9TPR4, Q9TPS6, Q9TPT2, Q9TPT4, Q9TPT6, Q9TPV2, Q9TQG1, Q9TQH3, Q9TQH6, Q9TQH7, Q9TQH8, Q9TQH9, Q9TQM2, Q9TQN4, Q9TQN6, Q9UQS8, Q9UQT0",Eukaryota,Homo sapiens,9606,,,1,24,ECO:0000269,310,333,ECO:0000255,,,,,,,,,,,,,,,,,,,,,,,,,,,
Q9TQE0,266,P01911,"A0MWF2, A0N0W1, A2ICT1, A2TGX3, A4F5N0, A4ZXA5, A4ZXA6, A4ZY86, A5H000, A5HKN8, A7DZP9, A7LA26, A7UHG2, A7X5B1, A7X5B7, A7X5E0, A7X5E6, A7X5H8, A7X5J4, A7X5K7, A8K098, A8YQE9, A9JPG0, B0BK85, B0LUZ6, B0UYW1, B1GWE7, B2CR03, B2LVF9, B2NJ29, B2ZCY1, B3VTP8, B3VTQ3, B5A8Y2, B5A8Y3, B5B8U0, B5B9V5, B5B9V6, B5LZ25, B5QSK8, B6VCX2, B6VEL9, B7UDB2, B9VRA4, B9X248, C0LAB5, O02876, O02930, O19585, O19717, O19718, O19739, O19788, O46699, O46793, O46872, O62869, O62889, O77969, O78047, O78210, O98212, P01912, P01914, P04229, P13758, P13759, P13760, P13761, P20039, P79545, Q06662, Q0PGR5, Q0PQ39, Q14280, Q14QT2, Q155F7, Q19AF2, Q19K86, Q1AP33, Q1G0Z9, Q1JRP3, Q1KLJ6, Q27PR6, Q27PR7, Q29673, Q29720, Q29722, Q29734, Q29770, Q29771, Q29772, Q29790, Q29792, Q29800, Q29806, Q29833, Q29874, Q29875, Q29886, Q29968, Q29974, Q29975, Q2A120, Q2HZE5, Q2L9H4, Q2LE76, Q2MF40, Q2MJA6, Q2MZ92, Q2VQU1, Q2YHQ2, Q30006, Q30108, Q30112, Q30115, Q30116, Q30117, Q30120, Q30134, Q30142, Q30145, Q30149, Q30159, Q30166, Q30167, Q30200, Q307W5, Q31636, Q32MY7, Q3HUP9, Q3KTM1, Q3LA84, Q3LA87, Q3LA88, Q3LA89, Q3LA90, Q3LA91, Q3LA92, Q3LA93, Q3LA94, Q3LA95, Q3LA96, Q3LA97, Q3LA98, Q3LA99, Q3LAA0, Q3LAA1, Q3LAA2, Q3MQ60, Q3T919, Q4PRC3, Q4PRC5, Q4VZY7, Q53IG1, Q56FN9, Q56FP1, Q56FP2, Q56FP3, Q58F52, Q5BM92, Q5EER6, Q5K3W2, Q5NDB9, Q5U9W6, Q5UBA2, Q5UT58, Q5W3L4, Q5Y7A7, Q5Y7B0, Q5Y7B9, Q5Y7E9, Q5Y7G0, Q683P7, Q6REE2, Q6T865, Q6U387, Q701T1, Q70GL2, Q70Q85, Q768U2, Q768U4, Q7M2H4, Q7YNY9, Q7YP03, Q7YP04, Q7YQ26, Q7YQA3, Q7YQA5, Q860D8, Q860D9, Q860E5, Q860H8, Q860S0, Q860Z3, Q861G6, Q861H0, Q861H4, Q861H5, Q861H7, Q861H8, Q8HWQ6, Q8MH59, Q8MH60, Q8WLU3, Q8WMA0, Q95348, Q95383, Q95389, Q95461, Q95HK1, Q95HL0, Q95HL1, Q95IE3, Q95IG2, Q95IT6, Q96HZ9, Q9BCL7, Q9BCP0, Q9BCP1, Q9BCP2, Q9BCP5, Q9BD21, Q9BD33, Q9BD40, Q9GIK5, Q9GIL5, Q9GIL6, Q9GIP3, Q9GIX8, Q9GIX9, Q9GIY0, Q9GIY1, Q9GIY2, Q9GIY3, Q9GIY4, Q9GJ25, Q9GJ56, Q9GJ57, Q9GJ58, Q9GJ60, Q9GJF8, Q9GJF9, Q9GJG0, Q9MXZ0, Q9MXZ5, Q9MY13, Q9MY45, Q9MY56, Q9MYF5, Q9TPB6, Q9TPW1, Q9TPW3, Q9TPW9, Q9TPX4, Q9TQ37, Q9TQ91, Q9TQE0, Q9UBY1, Q9UIM9, Q9UIN0, Q9XRX1, Q9XRY4, Q9XRY5, Q9Y453, Q9Y4H7",Eukaryota,Homo sapiens,9606,,,1,29,ECO:0000269,228,248,ECO:0000255,,,,,,,,,,,,,,,,,,,,,,,,,,,
P21589,574,P21589,"B3KQI8, O75520, Q5W116",Eukaryota,Homo sapiens,9606,,,1,26,ECO:0000269,,,,,,,,,,,,,,,,,,,,,,,,,,,,,,
P06238,1472,P06238,Q4FZY3,Eukaryota,Rattus norvegicus,10116,,,1,27,,,,,,,,,,,,,,,,,,,,,,,,,,,,,,,
P01011,423,P01011,"B3KVQ7, Q13703, Q2TU87, Q2TU88, Q59GP9, Q6LBY8, Q6LDT7, Q6NSC9, Q8N177, Q96DW8, Q9UC47, Q9UNU9",Eukaryota,Homo sapiens,9606,,,1,23,ECO:0000269,,,,,,,,,,,,,,,,,,,,,,,,,,,,,,
P18656,100,P18656,,Eukaryota,Macaca fascicularis,9541,,,1,18,,,,,,,,,,,,,,,,,,,,,,,,,,,,,,,
P12278,101,P12278,,Eukaryota,Canis lupus familiaris,9615,,,1,22,,,,,,,,,,,,,,,,,,,,,,,,,,,,,,,
P07151,119,P07151,,Eukaryota,Rattus norvegicus,10116,,,1,20,ECO:0000269,,,,,,,,,,,,,,,,,,,,,,,,,,,,,,
P08607,469,P08607,Q91X48,Eukaryota,Mus musculus,10090,,,1,56,,,,,,,,,,,,,,,,,,,,,,,,,,,,,,,
P52193,417,P52193,"P28489, P42918, Q8SQ53",Eukaryota,Bos taurus,9913,,,1,17,ECO:0000269,,,,,,,,,,,,,,,,,,,,,,,,,,,,,,
P80067,462,P80067,P80068,Eukaryota,Rattus norvegicus,10116,,,1,24,ECO:0000269,,,,,,,,,,,,,,,,,,,,,,,,,,,,,,
Q92583,94,Q92583,"A0N0Q9, Q2M287",Eukaryota,Homo sapiens,9606,,,1,23,ECO:0000269,,,,,,,,,,,,,,,,,,,,,,,,,,,,,,
Q6YHK3,1445,Q6YHK3,"A5YKK4, B2R948, B3KW25, Q0P6K7, Q5SYA8, Q5XUM7, Q5XUM9, Q6MZI7, Q8N3A7, Q8N915, Q8TDJ2, Q8TDJ3",Eukaryota,Homo sapiens,9606,,,1,21,,,,,,,,,,,,,,,,,,,,,,,,,,,,,,,
P17697,439,P17697,"A5D983, Q148K1",Eukaryota,Bos taurus,9913,,,1,19,ECO:0000269,,,,,,,,,,,,,,,,,,,,,,,,,,,,,,
P01026,1663,P01026,"Q9ET19, Q9QV57, Q9QV58",Eukaryota,Rattus norvegicus,10116,,,1,24,,,,,,,,,,,,,,,,,,,,,,,,,,,,,,,
P19070,1025,P19070,,Eukaryota,Mus musculus,10090,,,1,11,,964,990,ECO:0000255,,,,,,,,,,,,,,,,,,,,,,,,,,,
P34998,415,P34998,"B4DIE9, Q13008, Q4QRJ1, Q9UK64",Eukaryota,Homo sapiens,9606,,,1,23,ECO:0000269,114,139,"ECO:0000269, ECO:0007744",153,176,"ECO:0000269, ECO:0007744",186,215,"ECO:0000269, ECO:0007744",228,249,"ECO:0000269, ECO:0007744",268,292,"ECO:0000269, ECO:0007744",312,329,"ECO:0000269, ECO:0007744",339,365,"ECO:0000269, ECO:0007744",,,,,,,,,
Q9ERQ6,571,Q9ERQ6,Q62831,Eukaryota,Rattus norvegicus,10116,,,1,30,ECO:0000269,429,449,ECO:0000255,,,,,,,,,,,,,,,,,,,,,,,,,,,
P10889,100,P10889,,Eukaryota,Mus musculus,10090,,,1,27,ECO:0000269,,,,,,,,,,,,,,,,,,,,,,,,,,,,,,
P01037,141,P01037,"Q96LE6, Q9UCQ6",Eukaryota,Homo sapiens,9606,,,1,20,ECO:0000269,,,,,,,,,,,,,,,,,,,,,,,,,,,,,,
Q9TTE1,411,Q9TTE1,"Q2KIQ9, Q3ZEJ7",Eukaryota,Bos taurus,9913,,,1,24,ECO:0000269,,,,,,,,,,,,,,,,,,,,,,,,,,,,,,
P19235,508,P19235,"B2RCG4, Q15443, Q2M205",Eukaryota,Homo sapiens,9606,,,1,24,ECO:0000255,251,273,ECO:0000255,,,,,,,,,,,,,,,,,,,,,,,,,,,
P55899,365,P55899,"Q5HYM5, Q9HBV7, Q9NZ19",Eukaryota,Homo sapiens,9606,,,1,23,ECO:0000269,298,321,ECO:0000255,,,,,,,,,,,,,,,,,,,,,,,,,,,
O75636,299,O75636,"Q6IBJ5, Q8WW86",Eukaryota,Homo sapiens,9606,,,1,23,ECO:0000269,,,,,,,,,,,,,,,,,,,,,,,,,,,,,,
Q7L513,359,Q7L513,"A0N0M1, A6NC03, A6NL20, F5H720, F8W743, G3V1J2, Q5VXA1, Q5VXA2, Q5VXA3, Q5VXA4, Q5VXB0, Q5VXB1, Q8NEW4, Q8WXH3, Q96PC6, Q96PJ0, Q96PJ1, Q96PJ2, Q96PJ4, Q9BR57",Eukaryota,Homo sapiens,9606,,,1,27,ECO:0000269,,,,,,,,,,,,,,,,,,,,,,,,,,,,,,
O95750,216,O95750,,Eukaryota,Homo sapiens,9606,,,1,24,ECO:0000269,,,,,,,,,,,,,,,,,,,,,,,,,,,,,,
P34059,522,P34059,Q86VK3,Eukaryota,Homo sapiens,9606,,,1,26,,,,,,,,,,,,,,,,,,,,,,,,,,,,,,,
Q02596,151,Q02596,A6H6D0,Eukaryota,Mus musculus,10090,,,1,19,ECO:0000269,,,,,,,,,,,,,,,,,,,,,,,,,,,,,,
P01219,120,P01219,,Eukaryota,Sus scrofa,9823,,,1,24,,,,,,,,,,,,,,,,,,,,,,,,,,,,,,,
P13366,248,P13366,P97388,Eukaryota,Mus musculus,10090,,,1,18,ECO:0000255,,,,,,,,,,,,,,,,,,,,,,,,,,,,,,
P01914,266,P01911,"A0MWF2, A0N0W1, A2ICT1, A2TGX3, A4F5N0, A4ZXA5, A4ZXA6, A4ZY86, A5H000, A5HKN8, A7DZP9, A7LA26, A7UHG2, A7X5B1, A7X5B7, A7X5E0, A7X5E6, A7X5H8, A7X5J4, A7X5K7, A8K098, A8YQE9, A9JPG0, B0BK85, B0LUZ6, B0UYW1, B1GWE7, B2CR03, B2LVF9, B2NJ29, B2ZCY1, B3VTP8, B3VTQ3, B5A8Y2, B5A8Y3, B5B8U0, B5B9V5, B5B9V6, B5LZ25, B5QSK8, B6VCX2, B6VEL9, B7UDB2, B9VRA4, B9X248, C0LAB5, O02876, O02930, O19585, O19717, O19718, O19739, O19788, O46699, O46793, O46872, O62869, O62889, O77969, O78047, O78210, O98212, P01912, P01914, P04229, P13758, P13759, P13760, P13761, P20039, P79545, Q06662, Q0PGR5, Q0PQ39, Q14280, Q14QT2, Q155F7, Q19AF2, Q19K86, Q1AP33, Q1G0Z9, Q1JRP3, Q1KLJ6, Q27PR6, Q27PR7, Q29673, Q29720, Q29722, Q29734, Q29770, Q29771, Q29772, Q29790, Q29792, Q29800, Q29806, Q29833, Q29874, Q29875, Q29886, Q29968, Q29974, Q29975, Q2A120, Q2HZE5, Q2L9H4, Q2LE76, Q2MF40, Q2MJA6, Q2MZ92, Q2VQU1, Q2YHQ2, Q30006, Q30108, Q30112, Q30115, Q30116, Q30117, Q30120, Q30134, Q30142, Q30145, Q30149, Q30159, Q30166, Q30167, Q30200, Q307W5, Q31636, Q32MY7, Q3HUP9, Q3KTM1, Q3LA84, Q3LA87, Q3LA88, Q3LA89, Q3LA90, Q3LA91, Q3LA92, Q3LA93, Q3LA94, Q3LA95, Q3LA96, Q3LA97, Q3LA98, Q3LA99, Q3LAA0, Q3LAA1, Q3LAA2, Q3MQ60, Q3T919, Q4PRC3, Q4PRC5, Q4VZY7, Q53IG1, Q56FN9, Q56FP1, Q56FP2, Q56FP3, Q58F52, Q5BM92, Q5EER6, Q5K3W2, Q5NDB9, Q5U9W6, Q5UBA2, Q5UT58, Q5W3L4, Q5Y7A7, Q5Y7B0, Q5Y7B9, Q5Y7E9, Q5Y7G0, Q683P7, Q6REE2, Q6T865, Q6U387, Q701T1, Q70GL2, Q70Q85, Q768U2, Q768U4, Q7M2H4, Q7YNY9, Q7YP03, Q7YP04, Q7YQ26, Q7YQA3, Q7YQA5, Q860D8, Q860D9, Q860E5, Q860H8, Q860S0, Q860Z3, Q861G6, Q861H0, Q861H4, Q861H5, Q861H7, Q861H8, Q8HWQ6, Q8MH59, Q8MH60, Q8WLU3, Q8WMA0, Q95348, Q95383, Q95389, Q95461, Q95HK1, Q95HL0, Q95HL1, Q95IE3, Q95IG2, Q95IT6, Q96HZ9, Q9BCL7, Q9BCP0, Q9BCP1, Q9BCP2, Q9BCP5, Q9BD21, Q9BD33, Q9BD40, Q9GIK5, Q9GIL5, Q9GIL6, Q9GIP3, Q9GIX8, Q9GIX9, Q9GIY0, Q9GIY1, Q9GIY2, Q9GIY3, Q9GIY4, Q9GJ25, Q9GJ56, Q9GJ57, Q9GJ58, Q9GJ60, Q9GJF8, Q9GJF9, Q9GJG0, Q9MXZ0, Q9MXZ5, Q9MY13, Q9MY45, Q9MY56, Q9MYF5, Q9TPB6, Q9TPW1, Q9TPW3, Q9TPW9, Q9TPX4, Q9TQ37, Q9TQ91, Q9TQE0, Q9UBY1, Q9UIM9, Q9UIN0, Q9XRX1, Q9XRY4, Q9XRY5, Q9Y453, Q9Y4H7",Eukaryota,Homo sapiens,9606,,,1,29,ECO:0000269,228,248,ECO:0000255,,,,,,,,,,,,,,,,,,,,,,,,,,,
P20058,460,P20058,,Eukaryota,Oryctolagus cuniculus,9986,,,1,25,ECO:0000269,,,,,,,,,,,,,,,,,,,,,,,,,,,,,,
P05546,499,P05546,"A0A7H0TJC6, B2RAI1, D3DX34, Q6IBZ5",Eukaryota,Homo sapiens,9606,,,1,19,ECO:0000269,,,,,,,,,,,,,,,,,,,,,,,,,,,,,,
Q06577,215,Q06577,,Eukaryota,Tamias sibiricus,64680,,,1,30,ECO:0000269,,,,,,,,,,,,,,,,,,,,,,,,,,,,,,
Q8NAC3,791,Q8NAC3,"A8BWC1, A8BWC9, A8BWD5, E9PHG1, E9PHJ6, Q6UVY3, Q6UWD4, Q8NFS1, Q9BR97",Eukaryota,Homo sapiens,9606,,,1,20,ECO:0000269,539,559,ECO:0000255,,,,,,,,,,,,,,,,,,,,,,,,,,,
P01570,189,P01570,"Q5VZ56, Q7M4S1",Eukaryota,Homo sapiens,9606,,,1,23,ECO:0000269,,,,,,,,,,,,,,,,,,,,,,,,,,,,,,
P05008,189,P05008,,Eukaryota,Bos taurus,9913,,,1,23,,,,,,,,,,,,,,,,,,,,,,,,,,,,,,,
P07352,195,P07352,,Eukaryota,Bos taurus,9913,,,1,23,,,,,,,,,,,,,,,,,,,,,,,,,,,,,,,
P17647,130,P17647,,Eukaryota,Cavia porcellus,10141,,,1,25,,,,,,,,,,,,,,,,,,,,,,,,,,,,,,,
Q6UXB1,125,Q6UXB1,,Eukaryota,Homo sapiens,9606,,,1,24,ECO:0000269,,,,,,,,,,,,,,,,,,,,,,,,,,,,,,
P16297,539,P16297,Q3TZT2,Eukaryota,Mus musculus,10090,,,1,26,,241,268,ECO:0000255,,,,,,,,,,,,,,,,,,,,,,,,,,,
Q8WWA0,313,Q8WWA0,"Q5IWS4, Q5VYI4, Q6YDJ3, Q9NP67",Eukaryota,Homo sapiens,9606,,,1,18,ECO:0000269,,,,,,,,,,,,,,,,,,,,,,,,,,,,,,
A3RJ36,64,A3RJ36,,Eukaryota,Bubalus bubalis,89462,,,1,24,ECO:0000269,,,,,,,,,,,,,,,,,,,,,,,,,,,,,,
P61629,148,P61629,"P00696, P79163, P79844",Eukaryota,Papio anubis,9555,,,1,18,ECO:0000269,,,,,,,,,,,,,,,,,,,,,,,,,,,,,,
P20917,627,P20917,"A0A087WPR1, P16880",Eukaryota,Mus musculus,10090,,,1,19,,517,536,ECO:0000255,,,,,,,,,,,,,,,,,,,,,,,,,,,
P08661,244,P08661,,Eukaryota,Rattus norvegicus,10116,,,1,18,ECO:0000269,,,,,,,,,,,,,,,,,,,,,,,,,,,,,,
Q8MI35,152,Q8MI35,,Eukaryota,Sus scrofa,9823,,,1,32,ECO:0000269,,,,,,,,,,,,,,,,,,,,,,,,,,,,,,
P08721,317,P08721,,Eukaryota,Rattus norvegicus,10116,,,1,16,ECO:0000269,,,,,,,,,,,,,,,,,,,,,,,,,,,,,,
Q9BQ51,273,Q9BQ51,"Q14CN8, Q5T7Z6, Q6JXL8, Q6JXL9",Eukaryota,Homo sapiens,9606,,,1,19,ECO:0000269,221,241,ECO:0000255,,,,,,,,,,,,,,,,,,,,,,,,,,,
Q95121,416,Q95121,Q2KIF6,Eukaryota,Bos taurus,9913,,,1,20,ECO:0000269,,,,,,,,,,,,,,,,,,,,,,,,,,,,,,
P27822,387,P27822,,Eukaryota,Oryctolagus cuniculus,9986,,,1,15,,,,,,,,,,,,,,,,,,,,,,,,,,,,,,,
Q8SPP7,190,Q8SPP7,"A5PJC0, B5T256, B5T261",Eukaryota,Bos taurus,9913,,,1,21,,,,,,,,,,,,,,,,,,,,,,,,,,,,,,,
P14059,221,P14059,,Eukaryota,Mesocricetus auratus,10036,,,1,30,,,,,,,,,,,,,,,,,,,,,,,,,,,,,,,
P00745,456,P00745,,Eukaryota,Bos taurus,9913,,,1,15,ECO:0000255,,,,,,,,,,,,,,,,,,,,,,,,,,,,,,
P02782,111,P02782,"P60808, Q499X0, Q63469",Eukaryota,Rattus norvegicus,10116,,,1,23,ECO:0000269,,,,,,,,,,,,,,,,,,,,,,,,,,,,,,
P01269,115,P01269,,Eukaryota,Sus scrofa,9823,,,1,25,ECO:0000269,,,,,,,,,,,,,,,,,,,,,,,,,,,,,,
P10631,98,P10631,Q3C1E8,Eukaryota,Rattus norvegicus,10116,,,1,28,ECO:0000269,,,,,,,,,,,,,,,,,,,,,,,,,,,,,,
P82943,92,P82943,Q8MI76,Eukaryota,Bos taurus,9913,,,1,21,ECO:0000269,,,,,,,,,,,,,,,,,,,,,,,,,,,,,,
P25236,385,P25236,,Eukaryota,Rattus norvegicus,10116,,,1,19,ECO:0000269,,,,,,,,,,,,,,,,,,,,,,,,,,,,,,
P16225,187,P16225,,Eukaryota,Sus scrofa,9823,,,1,21,ECO:0000269,,,,,,,,,,,,,,,,,,,,,,,,,,,,,,
P02783,112,P02783,Q64713,Eukaryota,Rattus norvegicus,10116,,,1,21,ECO:0000269,,,,,,,,,,,,,,,,,,,,,,,,,,,,,,
Q02445,302,Q02445,,Eukaryota,Rattus norvegicus,10116,,,1,28,,,,,,,,,,,,,,,,,,,,,,,,,,,,,,,
P01734,135,P01734,,Eukaryota,Mus musculus,10090,,,1,20,,,,,,,,,,,,,,,,,,,,,,,,,,,,,,,
P17643,537,P17643,"P78468, P78469, Q13721, Q15679",Eukaryota,Homo sapiens,9606,,,1,24,,478,501,ECO:0000255,,,,,,,,,,,,,,,,,,,,,,,,,,,
P21814,429,P21814,,Eukaryota,Ovis aries,9940,,,1,25,ECO:0000269,,,,,,,,,,,,,,,,,,,,,,,,,,,,,,
P35916,1363,P35916,"A8K6L4, B5A926, Q16067, Q86W07, Q86W08",Eukaryota,Homo sapiens,9606,,,1,24,ECO:0000269,776,796,ECO:0000255,,,,,,,,,,,,,,,,,,,,,,,,,,,
P21614,476,P21614,"Q7TS97, Q91XG1, Q9CY31",Eukaryota,Mus musculus,10090,,,1,16,ECO:0000269,,,,,,,,,,,,,,,,,,,,,,,,,,,,,,
P30492,362,P01889,"A0A2I6Q7B5, B0V0B8, G3GN01, O02862, O02956, O02957, O02960, O19555, O19556, O19595, O19615, O19624, O19625, O19627, O19641, O19651, O19675, O19692, O19758, O19779, O19783, O46702, O62897, O62901, O62915, O62917, O62919, O77933, O77959, O78053, O78138, O78160, O78163, O78172, O78173, O78180, O78217, O95730, O98140, P01890, P03989, P10317, P10318, P10319, P10320, P18463, P18464, P18465, P19373, P30460, P30461, P30462, P30463, P30464, P30465, P30466, P30467, P30468, P30469, P30470, P30471, P30472, P30473, P30474, P30475, P30476, P30477, P30478, P30479, P30480, P30481, P30482, P30483, P30484, P30485, P30486, P30487, P30488, P30489, P30490, P30491, P30492, P30493, P30494, P30495, P30496, P30497, P30498, P30513, P30685, P79489, P79490, P79496, P79504, P79523, P79524, P79542, P79555, Q04826, Q08136, Q29633, Q29636, Q29638, Q29661, Q29665, Q29678, Q29679, Q29681, Q29693, Q29695, Q29697, Q29718, Q29742, Q29749, Q29762, Q29764, Q29829, Q29836, Q29842, Q29845, Q29846, Q29847, Q29848, Q29850, Q29851, Q29852, Q29854, Q29855, Q29857, Q29858, Q29861, Q29924, Q29925, Q29933, Q29935, Q29936, Q29940, Q29953, Q29961, Q29982, Q30173, Q30198, Q31603, Q31610, Q31612, Q31613, Q546L8, Q546M4, Q5JP37, Q5QT24, Q5RIP1, Q5SRJ2, Q5TK76, Q5TK77, Q860I4, Q861B5, Q8HWF0, Q8MGQ3, Q8MHN4, Q8SNC5, Q95343, Q95344, Q95365, Q95369, Q95392, Q95HA3, Q95HA8, Q95HM9, Q95IA6, Q95IB8, Q95IH5, Q95J00, Q96IT9, Q9BCM6, Q9BCM7, Q9BCM8, Q9BD06, Q9BD38, Q9BD43, Q9GIL3, Q9GIM3, Q9GIX1, Q9GIY5, Q9GIZ0, Q9GIZ9, Q9GJ00, Q9GJ17, Q9GJ20, Q9GJ23, Q9GJ31, Q9GJF0, Q9GJM7, Q9MX21, Q9MY37, Q9MY42, Q9MY43, Q9MY61, Q9MY75, Q9MY78, Q9MY79, Q9MY84, Q9MY92, Q9MY93, Q9MY94, Q9MYB8, Q9MYC3, Q9MYC7, Q9MYF4, Q9MYG1, Q9TP35, Q9TP36, Q9TP37, Q9TP95, Q9TPQ7, Q9TPQ9, Q9TPR2, Q9TPR4, Q9TPS6, Q9TPT2, Q9TPT4, Q9TPT6, Q9TPV2, Q9TQG1, Q9TQH3, Q9TQH6, Q9TQH7, Q9TQH8, Q9TQH9, Q9TQM2, Q9TQN4, Q9TQN6, Q9UQS8, Q9UQT0",Eukaryota,Homo sapiens,9606,,,1,24,ECO:0000269,310,333,ECO:0000255,,,,,,,,,,,,,,,,,,,,,,,,,,,
Q29865,366,P10321,"O02863, O02864, O02865, O02866, O02958, O19505, O19652, O19676, O62879, O62882, O62883, O62888, O78060, O78061, O78062, O78063, O78067, O78068, O78069, O78072, O78083, O78090, O78091, O78149, O78165, O78166, O78178, O78202, O78203, O78211, O78214, P04222, P30499, P30500, P30501, P30502, P30503, P30504, P30505, P30506, P30507, P30508, P30509, P30510, P79498, Q07000, Q29631, Q29641, Q29643, Q29652, Q29743, Q29768, Q29862, Q29864, Q29865, Q29867, Q29921, Q29959, Q29960, Q29963, Q29986, Q29989, Q29990, Q29991, Q29992, Q29993, Q30192, Q31605, Q31627, Q860R1, Q860R2, Q95463, Q95603, Q95604, Q99528, Q9BD28, Q9GIK4, Q9GIK8, Q9GJ33, Q9MY30, Q9MY31, Q9MY35, Q9MY49, Q9MY74, Q9MYI3, Q9TNN7, Q9TNZ8, Q9TPS4, Q9TPV8, Q9TPX2, Q9TQB4, Q9TQJ5, Q9TQP9, Q9UM32, Q9UM33, Q9UM42, Q9UQS9",Eukaryota,Homo sapiens,9606,,,1,24,ECO:0000255,309,333,ECO:0000255,,,,,,,,,,,,,,,,,,,,,,,,,,,
P13760,266,P01911,"A0MWF2, A0N0W1, A2ICT1, A2TGX3, A4F5N0, A4ZXA5, A4ZXA6, A4ZY86, A5H000, A5HKN8, A7DZP9, A7LA26, A7UHG2, A7X5B1, A7X5B7, A7X5E0, A7X5E6, A7X5H8, A7X5J4, A7X5K7, A8K098, A8YQE9, A9JPG0, B0BK85, B0LUZ6, B0UYW1, B1GWE7, B2CR03, B2LVF9, B2NJ29, B2ZCY1, B3VTP8, B3VTQ3, B5A8Y2, B5A8Y3, B5B8U0, B5B9V5, B5B9V6, B5LZ25, B5QSK8, B6VCX2, B6VEL9, B7UDB2, B9VRA4, B9X248, C0LAB5, O02876, O02930, O19585, O19717, O19718, O19739, O19788, O46699, O46793, O46872, O62869, O62889, O77969, O78047, O78210, O98212, P01912, P01914, P04229, P13758, P13759, P13760, P13761, P20039, P79545, Q06662, Q0PGR5, Q0PQ39, Q14280, Q14QT2, Q155F7, Q19AF2, Q19K86, Q1AP33, Q1G0Z9, Q1JRP3, Q1KLJ6, Q27PR6, Q27PR7, Q29673, Q29720, Q29722, Q29734, Q29770, Q29771, Q29772, Q29790, Q29792, Q29800, Q29806, Q29833, Q29874, Q29875, Q29886, Q29968, Q29974, Q29975, Q2A120, Q2HZE5, Q2L9H4, Q2LE76, Q2MF40, Q2MJA6, Q2MZ92, Q2VQU1, Q2YHQ2, Q30006, Q30108, Q30112, Q30115, Q30116, Q30117, Q30120, Q30134, Q30142, Q30145, Q30149, Q30159, Q30166, Q30167, Q30200, Q307W5, Q31636, Q32MY7, Q3HUP9, Q3KTM1, Q3LA84, Q3LA87, Q3LA88, Q3LA89, Q3LA90, Q3LA91, Q3LA92, Q3LA93, Q3LA94, Q3LA95, Q3LA96, Q3LA97, Q3LA98, Q3LA99, Q3LAA0, Q3LAA1, Q3LAA2, Q3MQ60, Q3T919, Q4PRC3, Q4PRC5, Q4VZY7, Q53IG1, Q56FN9, Q56FP1, Q56FP2, Q56FP3, Q58F52, Q5BM92, Q5EER6, Q5K3W2, Q5NDB9, Q5U9W6, Q5UBA2, Q5UT58, Q5W3L4, Q5Y7A7, Q5Y7B0, Q5Y7B9, Q5Y7E9, Q5Y7G0, Q683P7, Q6REE2, Q6T865, Q6U387, Q701T1, Q70GL2, Q70Q85, Q768U2, Q768U4, Q7M2H4, Q7YNY9, Q7YP03, Q7YP04, Q7YQ26, Q7YQA3, Q7YQA5, Q860D8, Q860D9, Q860E5, Q860H8, Q860S0, Q860Z3, Q861G6, Q861H0, Q861H4, Q861H5, Q861H7, Q861H8, Q8HWQ6, Q8MH59, Q8MH60, Q8WLU3, Q8WMA0, Q95348, Q95383, Q95389, Q95461, Q95HK1, Q95HL0, Q95HL1, Q95IE3, Q95IG2, Q95IT6, Q96HZ9, Q9BCL7, Q9BCP0, Q9BCP1, Q9BCP2, Q9BCP5, Q9BD21, Q9BD33, Q9BD40, Q9GIK5, Q9GIL5, Q9GIL6, Q9GIP3, Q9GIX8, Q9GIX9, Q9GIY0, Q9GIY1, Q9GIY2, Q9GIY3, Q9GIY4, Q9GJ25, Q9GJ56, Q9GJ57, Q9GJ58, Q9GJ60, Q9GJF8, Q9GJF9, Q9GJG0, Q9MXZ0, Q9MXZ5, Q9MY13, Q9MY45, Q9MY56, Q9MYF5, Q9TPB6, Q9TPW1, Q9TPW3, Q9TPW9, Q9TPX4, Q9TQ37, Q9TQ91, Q9TQE0, Q9UBY1, Q9UIM9, Q9UIN0, Q9XRX1, Q9XRY4, Q9XRY5, Q9Y453, Q9Y4H7",Eukaryota,Homo sapiens,9606,,,1,29,ECO:0000269,228,248,ECO:0000255,,,,,,,,,,,,,,,,,,,,,,,,,,,
Q05927,574,Q05927,Q24K05,Eukaryota,Bos taurus,9913,,,1,26,ECO:0000269,,,,,,,,,,,,,,,,,,,,,,,,,,,,,,
P02715,491,P02715,Q547R5,Eukaryota,Bos taurus,9913,,,1,20,,240,264,ECO:0000255,273,291,ECO:0000255,307,328,ECO:0000255,457,480,ECO:0000255,,,,,,,,,,,,,,,,,,
P19939,88,P19939,Q53ZD8,Eukaryota,Rattus norvegicus,10116,,,1,26,,,,,,,,,,,,,,,,,,,,,,,,,,,,,,,
P00736,705,P00736,"A6NJQ8, Q68D77, Q8J012",Eukaryota,Homo sapiens,9606,,,1,17,ECO:0000269,,,,,,,,,,,,,,,,,,,,,,,,,,,,,,
P04653,214,P04653,"Q69B23, Q9TS03, Q9TS48",Eukaryota,Ovis aries,9940,,,1,15,ECO:0000269,,,,,,,,,,,,,,,,,,,,,,,,,,,,,,
P82187,185,P82187,Q8SPR0,Eukaryota,Equus caballus,9796,,,1,20,ECO:0000269,,,,,,,,,,,,,,,,,,,,,,,,,,,,,,
P15088,417,P15088,Q96E94,Eukaryota,Homo sapiens,9606,,,1,15,,,,,,,,,,,,,,,,,,,,,,,,,,,,,,,
P41520,115,P41520,Q29RG8,Eukaryota,Bos taurus,9913,,,1,20,ECO:0000255,,,,,,,,,,,,,,,,,,,,,,,,,,,,,,
O15467,120,O15467,Q4KKU0,Eukaryota,Homo sapiens,9606,,,1,23,ECO:0000269,,,,,,,,,,,,,,,,,,,,,,,,,,,,,,
Q9Y258,94,Q9Y258,"A0N0Q5, Q52LV8",Eukaryota,Homo sapiens,9606,,,1,23,ECO:0000269,,,,,,,,,,,,,,,,,,,,,,,,,,,,,,
P14097,92,P14097,,Eukaryota,Mus musculus,10090,,,1,23,,,,,,,,,,,,,,,,,,,,,,,,,,,,,,,
P24807,76,P24807,P26691,Eukaryota,Mus musculus,10090,,,1,26,ECO:0000269,,,,,,,,,,,,,,,,,,,,,,,,,,,,,,
P22646,189,P22646,,Eukaryota,Mus musculus,10090,,,1,21,,109,134,ECO:0000255,,,,,,,,,,,,,,,,,,,,,,,,,,,
Q61400,265,Q61400,"Q99LD6, Q9D329",Eukaryota,Mus musculus,10090,,,1,33,ECO:0000269,,,,,,,,,,,,,,,,,,,,,,,,,,,,,,
P02703,112,P02703,"Q3I5G6, Q9N1T6",Eukaryota,Sus scrofa,9823,,,1,17,ECO:0000269,,,,,,,,,,,,,,,,,,,,,,,,,,,,,,
Q7M3E1,268,Q7M3E1,A5PJB3,Eukaryota,Bos taurus,9913,,,1,16,,,,,,,,,,,,,,,,,,,,,,,,,,,,,,,
P46169,60,P46169,Q5W5G7,Eukaryota,Bos taurus,9913,,,1,22,ECO:0000269,,,,,,,,,,,,,,,,,,,,,,,,,,,,,,
O89107,310,O89107,,Eukaryota,Rattus norvegicus,10116,,,1,25,,,,,,,,,,,,,,,,,,,,,,,,,,,,,,,
Q62598,687,Q62598,"P70578, Q9R057",Eukaryota,Rattus norvegicus,10116,,,1,17,ECO:0000269,,,,,,,,,,,,,,,,,,,,,,,,,,,,,,
Q64610,887,Q64610,Q66HQ0,Eukaryota,Rattus norvegicus,10116,,,1,27,ECO:0000269,,,,,,,,,,,,,,,,,,,,,,,,,,,,,,
P30440,109,P30440,,Eukaryota,Felis catus,9685,,,1,17,ECO:0000269,,,,,,,,,,,,,,,,,,,,,,,,,,,,,,
P21781,194,P21781,"H0YNY5, Q6FGV5, Q96FG5",Eukaryota,Homo sapiens,9606,,,1,31,ECO:0000269,,,,,,,,,,,,,,,,,,,,,,,,,,,,,,
P04937,2477,P04937,Q6LDX9,Eukaryota,Rattus norvegicus,10116,,,1,24,ECO:0000269,,,,,,,,,,,,,,,,,,,,,,,,,,,,,,
P81447,154,P81447,Q9BDC6,Eukaryota,Capra hircus,9925,,,1,18,ECO:0000269,,,,,,,,,,,,,,,,,,,,,,,,,,,,,,
P01217,120,P01217,,Eukaryota,Bos taurus,9913,,,1,24,ECO:0000269,,,,,,,,,,,,,,,,,,,,,,,,,,,,,,
P07490,92,P07490,,Eukaryota,Rattus norvegicus,10116,,,1,23,,,,,,,,,,,,,,,,,,,,,,,,,,,,,,,
P08462,247,P08462,,Eukaryota,Rattus norvegicus,10116,,,1,18,,,,,,,,,,,,,,,,,,,,,,,,,,,,,,,
P01899,362,P01899,,Eukaryota,Mus musculus,10090,,,1,24,ECO:0000269,310,331,ECO:0000255,,,,,,,,,,,,,,,,,,,,,,,,,,,
P01753,117,P01753,P11271,Eukaryota,Mus musculus,10090,,,1,19,,,,,,,,,,,,,,,,,,,,,,,,,,,,,,,
P21744,254,P21744,Q68J74,Eukaryota,Rattus norvegicus,10116,,,1,21,ECO:0000269,,,,,,,,,,,,,,,,,,,,,,,,,,,,,,
P32881,189,P32881,"P01565, P09236, Q5VWV7, Q5VYQ3",Eukaryota,Homo sapiens,9606,,,1,23,ECO:0000269,,,,,,,,,,,,,,,,,,,,,,,,,,,,,,
P19874,101,P19874,,Eukaryota,Oryctolagus cuniculus,9986,,,1,22,ECO:0000269,,,,,,,,,,,,,,,,,,,,,,,,,,,,,,
P01308,110,P01308,Q5EEX2,Eukaryota,Homo sapiens,9606,,,1,24,ECO:0000269,,,,,,,,,,,,,,,,,,,,,,,,,,,,,,
P01311,110,P01311,,Eukaryota,Oryctolagus cuniculus,9986,,,1,24,ECO:0000269,,,,,,,,,,,,,,,,,,,,,,,,,,,,,,
P17301,1181,P17301,Q14595,Eukaryota,Homo sapiens,9606,,,1,29,ECO:0000269,1133,1154,ECO:0000255,,,,,,,,,,,,,,,,,,,,,,,,,,,
P31025,176,P31025,Q5T8A1,Eukaryota,Homo sapiens,9606,,,1,18,ECO:0000269,,,,,,,,,,,,,,,,,,,,,,,,,,,,,,
P06857,467,P06857,Q28287,Eukaryota,Canis lupus familiaris,9615,,,1,17,ECO:0000269,,,,,,,,,,,,,,,,,,,,,,,,,,,,,,
P28825,747,P28825,"B0V2P9, Q91WH9",Eukaryota,Mus musculus,10090,,,1,20,ECO:0000269,714,741,ECO:0000255,,,,,,,,,,,,,,,,,,,,,,,,,,,
P13943,468,P13943,,Eukaryota,Oryctolagus cuniculus,9986,,,1,18,,,,,,,,,,,,,,,,,,,,,,,,,,,,,,,
P27114,133,P27114,,Eukaryota,Oryctolagus cuniculus,9986,,,1,25,,,,,,,,,,,,,,,,,,,,,,,,,,,,,,,
P11591,180,P11591,"A2RSZ7, B5TE77",Eukaryota,Mus musculus,10090,,,1,18,ECO:0000255,,,,,,,,,,,,,,,,,,,,,,,,,,,,,,
P20974,275,P20974,"P97912, Q4FZV8, Q95576, Q9EPH9",Eukaryota,Rattus norvegicus,10116,,,1,20,,,,,,,,,,,,,,,,,,,,,,,,,,,,,,,
P14765,97,P14765,"Q8SPF7, Q9TSI6",Eukaryota,Ovis aries,9940,,,1,28,ECO:0000269,,,,,,,,,,,,,,,,,,,,,,,,,,,,,,
P28712,387,P28712,Q54A54,Eukaryota,Oryctolagus cuniculus,9986,,,1,15,,,,,,,,,,,,,,,,,,,,,,,,,,,,,,,
P05979,600,P05979,,Eukaryota,Ovis aries,9940,,,1,24,,74,82,,86,92,,97,105,,108,122,,,,,,,,,,,,,,,,,,,
Q969N2,578,Q969N2,"B2RND5, B7Z3N1, B7Z7I8, E1P622, G8JLF5, Q2NL69, Q7Z3N7, Q9BQY7, Q9BQY8, Q9UJG6, Q9Y2Z5",Eukaryota,Homo sapiens,9606,,,1,21,ECO:0000269,526,548,"ECO:0000269, ECO:0007744",,,,,,,,,,,,,,,,,,,,,,,,,,,
P20646,381,P20646,"A0A0G2JSL5, A6XJQ5",Eukaryota,Rattus norvegicus,10116,,,1,31,ECO:0000250,381,403,ECO:0000250,,,,,,,,,,,,,,,,,,,,,,,,,,,
P15693,540,P15693,,Eukaryota,Rattus norvegicus,10116,,,1,20,ECO:0000269,,,,,,,,,,,,,,,,,,,,,,,,,,,,,,
Q99P87,114,Q99P87,,Eukaryota,Mus musculus,10090,,,1,20,,,,,,,,,,,,,,,,,,,,,,,,,,,,,,,
P04844,631,P04844,"Q5JYR6, Q6IBA5, Q96E21, Q9BUQ3, Q9UBE1",Eukaryota,Homo sapiens,9606,,,1,22,ECO:0000269,541,561,ECO:0000255,572,592,ECO:0000255,597,617,ECO:0000255,,,,,,,,,,,,,,,,,,,,,
Q13433,755,Q13433,"B4DR49, B4E224, Q8IXR3, Q96HP5",Eukaryota,Homo sapiens,9606,,,1,28,ECO:0000269,326,346,ECO:0000255,356,376,ECO:0000255,424,444,ECO:0000255,658,678,ECO:0000255,687,707,ECO:0000255,725,745,ECO:0000255,,,,,,,,,,,,
P16014,677,P16014,,Eukaryota,Mus musculus,10090,,,1,20,,,,,,,,,,,,,,,,,,,,,,,,,,,,,,,
Q00954,218,Q00954,Q505J0,Eukaryota,Rattus norvegicus,10116,,,1,18,ECO:0000269,158,179,ECO:0000250,,,,,,,,,,,,,,,,,,,,,,,,,,,
P49908,381,P49908,"Q6PD59, Q6PI43, Q6PI87, Q6PJF9",Eukaryota,Homo sapiens,9606,,,1,19,,,,,,,,,,,,,,,,,,,,,,,,,,,,,,,
Q9P0V8,285,Q9P0V8,"Q32MC6, Q5VU15",Eukaryota,Homo sapiens,9606,,,1,22,ECO:0000269,234,254,ECO:0000255,,,,,,,,,,,,,,,,,,,,,,,,,,,
P67930,217,P67930,"P01247, P07289, Q29404",Eukaryota,Ovis aries,9940,,,1,27,ECO:0000269,,,,,,,,,,,,,,,,,,,,,,,,,,,,,,
P07759,418,P07759,"Q62257, Q8VCH3, Q91W80, Q91X80",Eukaryota,Mus musculus,10090,,,1,21,ECO:0000269,,,,,,,,,,,,,,,,,,,,,,,,,,,,,,
P13213,303,P13213,"A5D9C9, Q3B7N5",Eukaryota,Bos taurus,9913,,,1,17,ECO:0000269,,,,,,,,,,,,,,,,,,,,,,,,,,,,,,
P30120,217,P30120,"P70533, Q53YM7",Eukaryota,Rattus norvegicus,10116,,,1,23,ECO:0000269,,,,,,,,,,,,,,,,,,,,,,,,,,,,,,
O15533,448,O15533,"A2AB91, A2ABC0, B0V003, B0V0A6, B2ZUA4, E9PGM2, O15210, O15272, Q5STJ8, Q5STK6, Q5STQ5, Q5STQ6, Q66K65, Q96KK7, Q9HAN8, Q9UEE0, Q9UEE4, Q9UIZ6, Q9Y6K2",Eukaryota,Homo sapiens,9606,,,1,20,ECO:0007744,415,435,ECO:0000255,,,,,,,,,,,,,,,,,,,,,,,,,,,
P01150,255,P01150,,Eukaryota,Rattus norvegicus,10116,,,1,24,,,,,,,,,,,,,,,,,,,,,,,,,,,,,,,
P01737,113,P01737,A0A0B4J246,Eukaryota,Homo sapiens,9606,,,1,20,ECO:0000255,,,,,,,,,,,,,,,,,,,,,,,,,,,,,,
P38574,287,P38574,,Eukaryota,Bos taurus,9913,,,1,18,ECO:0000269,208,235,ECO:0000255,,,,,,,,,,,,,,,,,,,,,,,,,,,
Q9Y279,399,Q9Y279,Q6UXI4,Eukaryota,Homo sapiens,9606,,,1,19,ECO:0000269,284,304,ECO:0000255,,,,,,,,,,,,,,,,,,,,,,,,,,,
O70280,212,O70280,,Eukaryota,Rattus norvegicus,10116,,,1,26,ECO:0000269,,,,,,,,,,,,,,,,,,,,,,,,,,,,,,
O60844,167,O60844,"B2R4Z3, B9EK72",Eukaryota,Homo sapiens,9606,,,1,16,ECO:0000269,,,,,,,,,,,,,,,,,,,,,,,,,,,,,,
Q62005,623,Q62005,Q62016,Eukaryota,Mus musculus,10090,,,1,20,ECO:0000269,591,611,ECO:0000255,,,,,,,,,,,,,,,,,,,,,,,,,,,
P30495,362,P01889,"A0A2I6Q7B5, B0V0B8, G3GN01, O02862, O02956, O02957, O02960, O19555, O19556, O19595, O19615, O19624, O19625, O19627, O19641, O19651, O19675, O19692, O19758, O19779, O19783, O46702, O62897, O62901, O62915, O62917, O62919, O77933, O77959, O78053, O78138, O78160, O78163, O78172, O78173, O78180, O78217, O95730, O98140, P01890, P03989, P10317, P10318, P10319, P10320, P18463, P18464, P18465, P19373, P30460, P30461, P30462, P30463, P30464, P30465, P30466, P30467, P30468, P30469, P30470, P30471, P30472, P30473, P30474, P30475, P30476, P30477, P30478, P30479, P30480, P30481, P30482, P30483, P30484, P30485, P30486, P30487, P30488, P30489, P30490, P30491, P30492, P30493, P30494, P30495, P30496, P30497, P30498, P30513, P30685, P79489, P79490, P79496, P79504, P79523, P79524, P79542, P79555, Q04826, Q08136, Q29633, Q29636, Q29638, Q29661, Q29665, Q29678, Q29679, Q29681, Q29693, Q29695, Q29697, Q29718, Q29742, Q29749, Q29762, Q29764, Q29829, Q29836, Q29842, Q29845, Q29846, Q29847, Q29848, Q29850, Q29851, Q29852, Q29854, Q29855, Q29857, Q29858, Q29861, Q29924, Q29925, Q29933, Q29935, Q29936, Q29940, Q29953, Q29961, Q29982, Q30173, Q30198, Q31603, Q31610, Q31612, Q31613, Q546L8, Q546M4, Q5JP37, Q5QT24, Q5RIP1, Q5SRJ2, Q5TK76, Q5TK77, Q860I4, Q861B5, Q8HWF0, Q8MGQ3, Q8MHN4, Q8SNC5, Q95343, Q95344, Q95365, Q95369, Q95392, Q95HA3, Q95HA8, Q95HM9, Q95IA6, Q95IB8, Q95IH5, Q95J00, Q96IT9, Q9BCM6, Q9BCM7, Q9BCM8, Q9BD06, Q9BD38, Q9BD43, Q9GIL3, Q9GIM3, Q9GIX1, Q9GIY5, Q9GIZ0, Q9GIZ9, Q9GJ00, Q9GJ17, Q9GJ20, Q9GJ23, Q9GJ31, Q9GJF0, Q9GJM7, Q9MX21, Q9MY37, Q9MY42, Q9MY43, Q9MY61, Q9MY75, Q9MY78, Q9MY79, Q9MY84, Q9MY92, Q9MY93, Q9MY94, Q9MYB8, Q9MYC3, Q9MYC7, Q9MYF4, Q9MYG1, Q9TP35, Q9TP36, Q9TP37, Q9TP95, Q9TPQ7, Q9TPQ9, Q9TPR2, Q9TPR4, Q9TPS6, Q9TPT2, Q9TPT4, Q9TPT6, Q9TPV2, Q9TQG1, Q9TQH3, Q9TQH6, Q9TQH7, Q9TQH8, Q9TQH9, Q9TQM2, Q9TQN4, Q9TQN6, Q9UQS8, Q9UQT0",Eukaryota,Homo sapiens,9606,,,1,24,ECO:0000269,310,333,ECO:0000255,,,,,,,,,,,,,,,,,,,,,,,,,,,
Q30134,266,P01911,"A0MWF2, A0N0W1, A2ICT1, A2TGX3, A4F5N0, A4ZXA5, A4ZXA6, A4ZY86, A5H000, A5HKN8, A7DZP9, A7LA26, A7UHG2, A7X5B1, A7X5B7, A7X5E0, A7X5E6, A7X5H8, A7X5J4, A7X5K7, A8K098, A8YQE9, A9JPG0, B0BK85, B0LUZ6, B0UYW1, B1GWE7, B2CR03, B2LVF9, B2NJ29, B2ZCY1, B3VTP8, B3VTQ3, B5A8Y2, B5A8Y3, B5B8U0, B5B9V5, B5B9V6, B5LZ25, B5QSK8, B6VCX2, B6VEL9, B7UDB2, B9VRA4, B9X248, C0LAB5, O02876, O02930, O19585, O19717, O19718, O19739, O19788, O46699, O46793, O46872, O62869, O62889, O77969, O78047, O78210, O98212, P01912, P01914, P04229, P13758, P13759, P13760, P13761, P20039, P79545, Q06662, Q0PGR5, Q0PQ39, Q14280, Q14QT2, Q155F7, Q19AF2, Q19K86, Q1AP33, Q1G0Z9, Q1JRP3, Q1KLJ6, Q27PR6, Q27PR7, Q29673, Q29720, Q29722, Q29734, Q29770, Q29771, Q29772, Q29790, Q29792, Q29800, Q29806, Q29833, Q29874, Q29875, Q29886, Q29968, Q29974, Q29975, Q2A120, Q2HZE5, Q2L9H4, Q2LE76, Q2MF40, Q2MJA6, Q2MZ92, Q2VQU1, Q2YHQ2, Q30006, Q30108, Q30112, Q30115, Q30116, Q30117, Q30120, Q30134, Q30142, Q30145, Q30149, Q30159, Q30166, Q30167, Q30200, Q307W5, Q31636, Q32MY7, Q3HUP9, Q3KTM1, Q3LA84, Q3LA87, Q3LA88, Q3LA89, Q3LA90, Q3LA91, Q3LA92, Q3LA93, Q3LA94, Q3LA95, Q3LA96, Q3LA97, Q3LA98, Q3LA99, Q3LAA0, Q3LAA1, Q3LAA2, Q3MQ60, Q3T919, Q4PRC3, Q4PRC5, Q4VZY7, Q53IG1, Q56FN9, Q56FP1, Q56FP2, Q56FP3, Q58F52, Q5BM92, Q5EER6, Q5K3W2, Q5NDB9, Q5U9W6, Q5UBA2, Q5UT58, Q5W3L4, Q5Y7A7, Q5Y7B0, Q5Y7B9, Q5Y7E9, Q5Y7G0, Q683P7, Q6REE2, Q6T865, Q6U387, Q701T1, Q70GL2, Q70Q85, Q768U2, Q768U4, Q7M2H4, Q7YNY9, Q7YP03, Q7YP04, Q7YQ26, Q7YQA3, Q7YQA5, Q860D8, Q860D9, Q860E5, Q860H8, Q860S0, Q860Z3, Q861G6, Q861H0, Q861H4, Q861H5, Q861H7, Q861H8, Q8HWQ6, Q8MH59, Q8MH60, Q8WLU3, Q8WMA0, Q95348, Q95383, Q95389, Q95461, Q95HK1, Q95HL0, Q95HL1, Q95IE3, Q95IG2, Q95IT6, Q96HZ9, Q9BCL7, Q9BCP0, Q9BCP1, Q9BCP2, Q9BCP5, Q9BD21, Q9BD33, Q9BD40, Q9GIK5, Q9GIL5, Q9GIL6, Q9GIP3, Q9GIX8, Q9GIX9, Q9GIY0, Q9GIY1, Q9GIY2, Q9GIY3, Q9GIY4, Q9GJ25, Q9GJ56, Q9GJ57, Q9GJ58, Q9GJ60, Q9GJF8, Q9GJF9, Q9GJG0, Q9MXZ0, Q9MXZ5, Q9MY13, Q9MY45, Q9MY56, Q9MYF5, Q9TPB6, Q9TPW1, Q9TPW3, Q9TPW9, Q9TPX4, Q9TQ37, Q9TQ91, Q9TQE0, Q9UBY1, Q9UIM9, Q9UIN0, Q9XRX1, Q9XRY4, Q9XRY5, Q9Y453, Q9Y4H7",Eukaryota,Homo sapiens,9606,,,1,29,ECO:0000269,228,248,ECO:0000255,,,,,,,,,,,,,,,,,,,,,,,,,,,
P20782,493,P20782,,Eukaryota,Mus musculus,10090,,,1,20,,240,264,ECO:0000255,273,291,ECO:0000255,307,328,ECO:0000255,457,480,ECO:0000255,,,,,,,,,,,,,,,,,,
P14925,976,P14925,"P70710, Q64616, Q64668",Eukaryota,Rattus norvegicus,10116,,,1,25,ECO:0000269,867,890,ECO:0000255,,,,,,,,,,,,,,,,,,,,,,,,,,,
Q9Y5C1,460,Q9Y5C1,"A0JLS0, B1ALJ0, B2RCW1",Eukaryota,Homo sapiens,9606,,,1,16,ECO:0000269,,,,,,,,,,,,,,,,,,,,,,,,,,,,,,
P02652,100,P02652,B2R524,Eukaryota,Homo sapiens,9606,,,1,18,ECO:0000269,,,,,,,,,,,,,,,,,,,,,,,,,,,,,,
P19034,101,P19034,"A6H771, Q71VH7",Eukaryota,Bos taurus,9913,,,1,22,ECO:0000269,,,,,,,,,,,,,,,,,,,,,,,,,,,,,,
P23529,298,P23529,,Eukaryota,Cavia porcellus,10141,,,1,18,ECO:0000255,,,,,,,,,,,,,,,,,,,,,,,,,,,,,,
P80513,179,P80513,A6QPB9,Eukaryota,Bos taurus,9913,,,1,21,ECO:0000269,,,,,,,,,,,,,,,,,,,,,,,,,,,,,,
P15289,507,P15289,"B2RCA6, B7XD04, F8WCC8, Q6ICI5, Q96CJ0",Eukaryota,Homo sapiens,9606,,,1,18,ECO:0000269,,,,,,,,,,,,,,,,,,,,,,,,,,,,,,
Q9BWV1,1114,Q9BWV1,"A6NJ30, B2RMS8, D3DN70, Q6UXJ5, Q8N2P7, Q8NF26",Eukaryota,Homo sapiens,9606,,,1,30,ECO:0000269,856,876,ECO:0000255,,,,,,,,,,,,,,,,,,,,,,,,,,,
P04003,597,P04003,Q5VVQ8,Eukaryota,Homo sapiens,9606,,,1,48,ECO:0000269,,,,,,,,,,,,,,,,,,,,,,,,,,,,,,
O97944,193,O97944,,Eukaryota,Camelus dromedarius,9838,,,1,15,,,,,,,,,,,,,,,,,,,,,,,,,,,,,,,
P12637,410,P12637,,Eukaryota,Canis lupus familiaris,9615,,,1,19,ECO:0000269,,,,,,,,,,,,,,,,,,,,,,,,,,,,,,
Q5ZPR3,534,Q5ZPR3,"Q6P5Y4, Q6UXI2, Q8NBI8, Q8NC34, Q8NCB6, Q9BXR1",Eukaryota,Homo sapiens,9606,,,1,28,ECO:0000269,467,487,ECO:0000255,,,,,,,,,,,,,,,,,,,,,,,,,,,
P27274,126,P27274,,Eukaryota,Rattus norvegicus,10116,,,1,22,ECO:0000269,,,,,,,,,,,,,,,,,,,,,,,,,,,,,,
Q27972,361,Q27972,,Eukaryota,Bos taurus,9913,,,1,24,ECO:0000269,,,,,,,,,,,,,,,,,,,,,,,,,,,,,,
Q91XA9,473,Q91XA9,"A0T468, B8K282, Q3TVE7, Q99PH2, Q9D803, Q9JLN1",Eukaryota,Mus musculus,10090,,,1,21,ECO:0000269,,,,,,,,,,,,,,,,,,,,,,,,,,,,,,
P21842,249,P21842,,Eukaryota,Canis lupus familiaris,9615,,,1,19,,,,,,,,,,,,,,,,,,,,,,,,,,,,,,,
P02704,106,P02704,,Eukaryota,Equus caballus,9796,,,1,11,ECO:0000269,,,,,,,,,,,,,,,,,,,,,,,,,,,,,,
P17084,112,P17084,,Eukaryota,Rattus norvegicus,10116,,,1,17,,,,,,,,,,,,,,,,,,,,,,,,,,,,,,,
P20023,1033,P20023,"C9JHD2, Q13866, Q14212, Q53EL2, Q5BKT9, Q5SR46, Q5SR48",Eukaryota,Homo sapiens,9606,,,1,20,,972,999,ECO:0000255,,,,,,,,,,,,,,,,,,,,,,,,,,,
P09611,236,P09611,,Eukaryota,Bos taurus,9913,,,1,36,,,,,,,,,,,,,,,,,,,,,,,,,,,,,,,
P19875,107,P19875,"Q6FGD6, Q9UPB8",Eukaryota,Homo sapiens,9606,,,1,34,,,,,,,,,,,,,,,,,,,,,,,,,,,,,,,
P02778,98,P02778,Q96QJ5,Eukaryota,Homo sapiens,9606,,,1,21,ECO:0000269,,,,,,,,,,,,,,,,,,,,,,,,,,,,,,
P24855,282,P24855,"B4DV35, Q14UU9, Q14UV0",Eukaryota,Homo sapiens,9606,,,1,22,ECO:0000269,,,,,,,,,,,,,,,,,,,,,,,,,,,,,,
Q15768,340,Q15768,"B2RBW2, D3DTQ6, O00680, Q8TBH7, Q92875",Eukaryota,Homo sapiens,9606,,,1,27,ECO:0000269,227,247,ECO:0000255,,,,,,,,,,,,,,,,,,,,,,,,,,,
P04985,747,P04985,"P04986, P04987, Q28096, Q28097, Q28098, Q28099, Q28101, Q29421",Eukaryota,Bos taurus,9913,,,1,26,ECO:0000250,,,,,,,,,,,,,,,,,,,,,,,,,,,,,,
P02702,241,P02702,,Eukaryota,Bos taurus,9913,,,1,19,ECO:0000269,,,,,,,,,,,,,,,,,,,,,,,,,,,,,,
P20781,496,P20781,,Eukaryota,Rattus norvegicus,10116,,,1,22,,269,289,ECO:0000250,295,315,ECO:0000250,328,349,ECO:0000250,472,495,ECO:0000250,,,,,,,,,,,,,,,,,,
Q8MJ25,176,Q8MJ25,,Eukaryota,Ovis aries,9940,,,1,20,,,,,,,,,,,,,,,,,,,,,,,,,,,,,,,
P01900,365,P01900,,Eukaryota,Mus musculus,10090,,,1,24,ECO:0000269,312,334,ECO:0000255,,,,,,,,,,,,,,,,,,,,,,,,,,,
Q04756,655,Q04756,"Q14726, Q2M1W7, Q53X47",Eukaryota,Homo sapiens,9606,,,1,35,ECO:0000269,,,,,,,,,,,,,,,,,,,,,,,,,,,,,,
Q06576,215,Q06576,,Eukaryota,Tamias sibiricus,64680,,,1,28,ECO:0000269,,,,,,,,,,,,,,,,,,,,,,,,,,,,,,
P01755,,,,,,,,,,,,,,,,,,,,,,,,,,,,,,,,,,,,,,,,,
P01566,189,P01566,Q5VV13,Eukaryota,Homo sapiens,9606,,,1,23,ECO:0000269,,,,,,,,,,,,,,,,,,,,,,,,,,,,,,
P05007,189,P05007,A9QWQ2,Eukaryota,Bos taurus,9913,,,1,23,,,,,,,,,,,,,,,,,,,,,,,,,,,,,,,
Q96PD4,163,Q96PD4,"Q6NSI0, Q7Z6P4, Q96PI8, Q9NUE6",Eukaryota,Homo sapiens,9606,,,1,30,ECO:0000269,,,,,,,,,,,,,,,,,,,,,,,,,,,,,,
P37109,86,P37109,,Eukaryota,Sus scrofa,9823,,,1,26,ECO:0000269,,,,,,,,,,,,,,,,,,,,,,,,,,,,,,
P17852,1051,P17852,,Eukaryota,Cricetulus griseus,10029,,,1,32,,992,1019,ECO:0000255,,,,,,,,,,,,,,,,,,,,,,,,,,,
P24063,1162,P24063,"E9Q5M7, E9QNL8, Q3U159",Eukaryota,Mus musculus,10090,,,1,23,ECO:0000269,1089,1109,ECO:0000255,,,,,,,,,,,,,,,,,,,,,,,,,,,
P19137,3083,P19137,F8VQ40,Eukaryota,Mus musculus,10090,,,1,24,ECO:0000269,,,,,,,,,,,,,,,,,,,,,,,,,,,,,,
P19256,250,P19256,"A8K7G5, Q5U053, Q6IB65, Q96KI9",Eukaryota,Homo sapiens,9606,,,1,28,,216,238,ECO:0000255,,,,,,,,,,,,,,,,,,,,,,,,,,,
Q08380,585,Q08380,"A0A0S2Z3Y1, Q7M4S0, Q9UCH8, Q9UCH9, Q9UCI0",Eukaryota,Homo sapiens,9606,,,1,18,ECO:0000269,,,,,,,,,,,,,,,,,,,,,,,,,,,,,,
Q99538,433,Q99538,"O00123, Q86TV2, Q86TV3, Q9BTY1",Eukaryota,Homo sapiens,9606,,,1,17,ECO:0000269,,,,,,,,,,,,,,,,,,,,,,,,,,,,,,
P11151,478,P11151,Q17R03,Eukaryota,Bos taurus,9913,,,1,28,ECO:0000269,,,,,,,,,,,,,,,,,,,,,,,,,,,,,,
P18842,138,P18842,,Eukaryota,Canis lupus familiaris,9615,,,1,17,,,,,,,,,,,,,,,,,,,,,,,,,,,,,,,
P20916,626,P20916,"B7Z2E5, F5GYC0, Q15489, Q567S4",Eukaryota,Homo sapiens,9606,,,1,19,,517,536,ECO:0000255,,,,,,,,,,,,,,,,,,,,,,,,,,,
P08494,103,P08494,,Eukaryota,Rattus norvegicus,10116,,,1,19,,,,,,,,,,,,,,,,,,,,,,,,,,,,,,,
Q6UWV2,235,Q6UWV2,"A8K025, B4DLD5, B4E2I8",Eukaryota,Homo sapiens,9606,,,1,31,ECO:0000269,159,179,ECO:0000255,,,,,,,,,,,,,,,,,,,,,,,,,,,
Q8MI01,330,Q8MI01,Q8MI16,Eukaryota,Bos taurus,9913,,,1,23,ECO:0000269,233,253,ECO:0000255,,,,,,,,,,,,,,,,,,,,,,,,,,,
Q9Z0L3,485,Q9Z0L3,"Q9CZ60, Q9Z225",Eukaryota,Mus musculus,10090,,,1,17,ECO:0000269,,,,,,,,,,,,,,,,,,,,,,,,,,,,,,
P06596,146,P06596,,Eukaryota,Canis lupus familiaris,9615,,,1,15,,,,,,,,,,,,,,,,,,,,,,,,,,,,,,,
Q9QXX3,151,Q9QXX3,Q9EQK6,Eukaryota,Mus musculus,10090,,,1,17,ECO:0000269,,,,,,,,,,,,,,,,,,,,,,,,,,,,,,
P07237,508,P07237,"B2RDQ2, P30037, P32079, Q15205, Q6LDE5",Eukaryota,Homo sapiens,9606,,,1,17,"ECO:0000269, ECO:0007744",,,,,,,,,,,,,,,,,,,,,,,,,,,,,,
P27821,387,P27821,,Eukaryota,Oryctolagus cuniculus,9986,,,1,15,,,,,,,,,,,,,,,,,,,,,,,,,,,,,,,
P35496,137,P35496,,Eukaryota,Sus scrofa,9823,,,1,21,ECO:0000269,,,,,,,,,,,,,,,,,,,,,,,,,,,,,,
P34096,147,P34096,,Eukaryota,Homo sapiens,9606,,,1,28,ECO:0000269,,,,,,,,,,,,,,,,,,,,,,,,,,,,,,
O35314,675,O35314,"A1A5N9, Q9QVG8, Q9QVH1",Eukaryota,Rattus norvegicus,10116,,,1,20,ECO:0000269,,,,,,,,,,,,,,,,,,,,,,,,,,,,,,
P19324,417,P19324,Q5U4D0,Eukaryota,Mus musculus,10090,,,1,17,ECO:0000269,,,,,,,,,,,,,,,,,,,,,,,,,,,,,,
P08427,248,P08427,,Eukaryota,Rattus norvegicus,10116,,,1,20,,,,,,,,,,,,,,,,,,,,,,,,,,,,,,,
Q96QR1,104,Q96QR1,Q96PL0,Eukaryota,Homo sapiens,9606,,,1,20,ECO:0000269,,,,,,,,,,,,,,,,,,,,,,,,,,,,,,
P19761,300,P19761,Q28828,Eukaryota,Oryctolagus cuniculus,9986,,,1,24,,,,,,,,,,,,,,,,,,,,,,,,,,,,,,,
P16368,220,P16368,"Q3SZU3, Q9TVB1",Eukaryota,Bos taurus,9913,,,1,26,ECO:0000269,,,,,,,,,,,,,,,,,,,,,,,,,,,,,,
Q05895,956,Q05895,"Q6LCE0, Q7TN15",Eukaryota,Mus musculus,10090,,,1,21,ECO:0000269,,,,,,,,,,,,,,,,,,,,,,,,,,,,,,
P15691,190,P15691,,Eukaryota,Bos taurus,9913,,,1,26,ECO:0000269,,,,,,,,,,,,,,,,,,,,,,,,,,,,,,
P02774,474,P02774,"B4DPP2, D6RAK8, Q16309, Q16310, Q53F31, Q6GTG1",Eukaryota,Homo sapiens,9606,,,1,16,ECO:0000269,,,,,,,,,,,,,,,,,,,,,,,,,,,,,,
Q7TQN3,571,Q7TQN3,Q5SUS5,Eukaryota,Mus musculus,10090,,,1,29,ECO:0000269,,,,,,,,,,,,,,,,,,,,,,,,,,,,,,
Q31166,335,Q31166,,Eukaryota,Mus musculus,10090,,,1,25,ECO:0000256,306,327,ECO:0000256,,,,,,,,,,,,,,,,,,,,,,,,,,,
Q8VD95,149,Q8VD95,,Eukaryota,Berylmys bowersi,83759,,,1,25,ECO:0000256,,,,,,,,,,,,,,,,,,,,,,,,,,,,,,
Q9WUZ6,93,Q9WUZ6,Q9R043,Eukaryota,Mus musculus,10090,,,1,23,ECO:0000250,,,,,,,,,,,,,,,,,,,,,,,,,,,,,,
Q86SN1,404,Q15109,"A2BFI7, A6NKF0, A7Y2U9, B0V176, Q15279, Q3L1R4, Q3L1R5, Q3L1R6, Q3L1R7, Q3L1R8, Q3L1S0, Q86SN1, Q9H2X7, Q9Y3R3, V5R6A3",Eukaryota,Homo sapiens,9606,,,1,22,ECO:0000255,343,363,ECO:0000255,,,,,,,,,,,,,,,,,,,,,,,,,,,
Q810U6,597,Q810U6,,Eukaryota,Mus musculus,10090,,,1,22,ECO:0000256,,,,,,,,,,,,,,,,,,,,,,,,,,,,,,
Q8VD94,150,Q8VD94,,Eukaryota,Berylmys bowersi,83759,,,1,25,ECO:0000256,,,,,,,,,,,,,,,,,,,,,,,,,,,,,,
Q31271,343,Q31271,,Eukaryota,Rattus norvegicus,10116,,,1,24,ECO:0000256,310,333,ECO:0000256,,,,,,,,,,,,,,,,,,,,,,,,,,,
Q31103,264,Q31103,,Eukaryota,Mus musculus,10090,,,1,26,ECO:0000256,226,248,ECO:0000256,,,,,,,,,,,,,,,,,,,,,,,,,,,
Q3V4E3,184,Q9NQ30,"B2R4G3, Q15330, Q3V4E3, Q96ES3",Eukaryota,Homo sapiens,9606,,,1,19,ECO:0000255,,,,,,,,,,,,,,,,,,,,,,,,,,,,,,
Q9TT70,288,Q9TT70,,Eukaryota,Sus scrofa,9823,,,1,29,ECO:0000256,240,263,ECO:0000256,,,,,,,,,,,,,,,,,,,,,,,,,,,
Q9BCL8,135,Q9BCL8,,Eukaryota,Rattus norvegicus,10116,,,1,19,ECO:0000256,,,,,,,,,,,,,,,,,,,,,,,,,,,,,,
Q863D3,111,Q863D3,,Eukaryota,Sus scrofa,9823,,,1,21,ECO:0000256,,,,,,,,,,,,,,,,,,,,,,,,,,,,,,
Q31279,,,,,,,,,,,,,,,,,,,,,,,,,,,,,,,,,,,,,,,,,
Q9BCL9,138,Q9BCL9,,Eukaryota,Rattus norvegicus,10116,,,,,,,,,,,,,,,,,,,,,,,,,,,,,,,,,,,
Q9TT71,229,Q9TT71,"A0A4X1T3T2, K7GLK4",Eukaryota,Sus scrofa,9823,,,1,29,ECO:0000256,,,,,,,,,,,,,,,,,,,,,,,,,,,,,,
Q863D2,93,A0A4X1VKP2,Q863D2,Eukaryota,Sus scrofa,9823,,,1,18,ECO:0000256,,,,,,,,,,,,,,,,,,,,,,,,,,,,,,
Q9QYU9,173,Q9QYU9,A6IPT6,Eukaryota,Rattus norvegicus,10116,,,1,16,ECO:0000256,,,,,,,,,,,,,,,,,,,,,,,,,,,,,,
Q31104,264,Q31104,,Eukaryota,Mus musculus,10090,,,1,26,ECO:0000256,226,248,ECO:0000256,,,,,,,,,,,,,,,,,,,,,,,,,,,
