ProteinId_input,Length_protein_UniProt,PrimaryAccession,SecondaryAccessions,Organism_class,Organism,TaxonID_org,Organism_host,TaxonID_org_host,Pos_sp_start_uniprot_1,Pos_sp_end_uniprot_1,Evidence_signal_peptide_1,Pos_tr_start_uniprot_1,Pos_tr_end_uniprot_1,Evidence_code_tr_1,Pos_tr_start_uniprot_2,Pos_tr_end_uniprot_2,Evidence_code_tr_2,Pos_tr_start_uniprot_3,Pos_tr_end_uniprot_3,Evidence_code_tr_3,Pos_tr_start_uniprot_4,Pos_tr_end_uniprot_4,Evidence_code_tr_4,Pos_tr_start_uniprot_5,Pos_tr_end_uniprot_5,Evidence_code_tr_5,Pos_tr_start_uniprot_6,Pos_tr_end_uniprot_6,Evidence_code_tr_6,Pos_tr_start_uniprot_7,Pos_tr_end_uniprot_7,Evidence_code_tr_7,Pos_tr_start_uniprot_8,Pos_tr_end_uniprot_8,Evidence_code_tr_8,Pos_tr_start_uniprot_9,Pos_tr_end_uniprot_9,Evidence_code_tr_9,Pos_tr_start_uniprot_10,Pos_tr_end_uniprot_10,Evidence_code_tr_10,Pos_tr_start_uniprot_11,Pos_tr_end_uniprot_11,Evidence_code_tr_11,Pos_tr_start_uniprot_12,Pos_tr_end_uniprot_12,Evidence_code_tr_12,Pos_tr_start_uniprot_13,Pos_tr_end_uniprot_13,Evidence_code_tr_13,Pos_tr_start_uniprot_14,Pos_tr_end_uniprot_14,Evidence_code_tr_14,Pos_tr_start_uniprot_15,Pos_tr_end_uniprot_15,Evidence_code_tr_15,Pos_tr_start_uniprot_16,Pos_tr_end_uniprot_16,Evidence_code_tr_16,Pos_tr_start_uniprot_17,Pos_tr_end_uniprot_17,Evidence_code_tr_17,Pos_tr_start_uniprot_18,Pos_tr_end_uniprot_18,Evidence_code_tr_18,Pos_tr_start_uniprot_19,Pos_tr_end_uniprot_19,Evidence_code_tr_19,Pos_tr_start_uniprot_20,Pos_tr_end_uniprot_20,Evidence_code_tr_20,Pos_tr_start_uniprot_21,Pos_tr_end_uniprot_21,Evidence_code_tr_21,Pos_tr_start_uniprot_22,Pos_tr_end_uniprot_22,Evidence_code_tr_22
P00811,377,P00811,Q2M6F2,Bacteria,Escherichia coli (strain K12),83333,,,1,19,ECO:0000269,,,,,,,,,,,,,,,,,,,,,,,,,,,,,,,,,,,,,,,,,,,,,,,,,,,,,,,,,,,,,,,,,,
P25718,676,P25718,Q2M7N4,Bacteria,Escherichia coli (strain K12),83333,,,1,17,ECO:0000269,,,,,,,,,,,,,,,,,,,,,,,,,,,,,,,,,,,,,,,,,,,,,,,,,,,,,,,,,,,,,,,,,,
P48982,598,P48982,,Bacteria,Xanthomonas manihotis,43353,,,1,21,ECO:0000269,,,,,,,,,,,,,,,,,,,,,,,,,,,,,,,,,,,,,,,,,,,,,,,,,,,,,,,,,,,,,,,,,,
P0AD64,286,P0AD64,"O07941, P14557, P23982",Bacteria,Klebsiella pneumoniae,573,,,1,21,ECO:0000255,,,,,,,,,,,,,,,,,,,,,,,,,,,,,,,,,,,,,,,,,,,,,,,,,,,,,,,,,,,,,,,,,,
P14559,314,P14559,,Bacteria,Streptomyces albus G,1962,,,1,39,,,,,,,,,,,,,,,,,,,,,,,,,,,,,,,,,,,,,,,,,,,,,,,,,,,,,,,,,,,,,,,,,,,
P21175,373,P21175,,Bacteria,Pseudomonas aeruginosa (strain ATCC 15692 / DSM 22644 / CIP 104116 / JCM 14847 / LMG 12228 / 1C / PRS 101 / PAO1),208964,,,1,26,ECO:0000269,,,,,,,,,,,,,,,,,,,,,,,,,,,,,,,,,,,,,,,,,,,,,,,,,,,,,,,,,,,,,,,,,,
P31746,703,P31746,,Bacteria,Bacillus sp. (strain 1-1),29334,,,1,29,ECO:0000269,,,,,,,,,,,,,,,,,,,,,,,,,,,,,,,,,,,,,,,,,,,,,,,,,,,,,,,,,,,,,,,,,,
P11220,610,P11220,,Bacteria,Streptomyces plicatus,1922,,,1,30,ECO:0000269,,,,,,,,,,,,,,,,,,,,,,,,,,,,,,,,,,,,,,,,,,,,,,,,,,,,,,,,,,,,,,,,,,
P81040,279,P81040,"B8J401, Q84I46",Bacteria,Desulfovibrio desulfuricans (strain ATCC 27774 / DSM 6949 / MB),525146,,,1,32,"ECO:0000255, ECO:0000269",,,,,,,,,,,,,,,,,,,,,,,,,,,,,,,,,,,,,,,,,,,,,,,,,,,,,,,,,,,,,,,,,,
P24093,160,P24093,,Bacteria,Escherichia coli,562,,,1,21,ECO:0000269,,,,,,,,,,,,,,,,,,,,,,,,,,,,,,,,,,,,,,,,,,,,,,,,,,,,,,,,,,,,,,,,,,
P13811,124,P0CK94,P13811,Bacteria,Escherichia coli,562,,,1,21,ECO:0000269,,,,,,,,,,,,,,,,,,,,,,,,,,,,,,,,,,,,,,,,,,,,,,,,,,,,,,,,,,,,,,,,,,
P34071,266,P34071,,Bacteria,Staphylococcus aureus,1280,,,1,27,ECO:0000269,,,,,,,,,,,,,,,,,,,,,,,,,,,,,,,,,,,,,,,,,,,,,,,,,,,,,,,,,,,,,,,,,,
Q02307,328,Q02307,,Bacteria,Clostridium perfringens,1502,,,1,32,,,,,,,,,,,,,,,,,,,,,,,,,,,,,,,,,,,,,,,,,,,,,,,,,,,,,,,,,,,,,,,,,,,
P62605,180,P62605,P08561,Bacteria,Escherichia coli,562,,,1,23,,,,,,,,,,,,,,,,,,,,,,,,,,,,,,,,,,,,,,,,,,,,,,,,,,,,,,,,,,,,,,,,,,,
P42512,720,P42512,,Bacteria,Pseudomonas aeruginosa (strain ATCC 15692 / DSM 22644 / CIP 104116 / JCM 14847 / LMG 12228 / 1C / PRS 101 / PAO1),208964,,,1,38,ECO:0000269,,,,,,,,,,,,,,,,,,,,,,,,,,,,,,,,,,,,,,,,,,,,,,,,,,,,,,,,,,,,,,,,,,
P11910,88,P11910,Q5F818,Bacteria,Neisseria gonorrhoeae (strain ATCC 700825 / FA 1090),242231,,,1,17,,,,,,,,,,,,,,,,,,,,,,,,,,,,,,,,,,,,,,,,,,,,,,,,,,,,,,,,,,,,,,,,,,,
P02910,260,P02910,,Bacteria,Salmonella typhimurium (strain LT2 / SGSC1412 / ATCC 700720),99287,,,1,22,ECO:0000269,,,,,,,,,,,,,,,,,,,,,,,,,,,,,,,,,,,,,,,,,,,,,,,,,,,,,,,,,,,,,,,,,,
Q0Z8B6,74,Q0Z8B6,,Bacteria,Enterococcus hirae,1354,,,1,30,ECO:0000269,,,,,,,,,,,,,,,,,,,,,,,,,,,,,,,,,,,,,,,,,,,,,,,,,,,,,,,,,,,,,,,,,,
P22088,364,P22088,,Bacteria,Burkholderia cepacia,292,,,1,44,ECO:0000269,,,,,,,,,,,,,,,,,,,,,,,,,,,,,,,,,,,,,,,,,,,,,,,,,,,,,,,,,,,,,,,,,,
P59206,702,P59206,Q9Z4P7,Bacteria,Streptococcus pneumoniae (strain ATCC BAA-255 / R6),171101,,,1,23,ECO:0000269,,,,,,,,,,,,,,,,,,,,,,,,,,,,,,,,,,,,,,,,,,,,,,,,,,,,,,,,,,,,,,,,,,
Q46203,402,Q46203,F0T5L2,Bacteria,Chlamydophila psittaci (strain ATCC VR-125 / 6BC),331636,,,1,22,ECO:0000269,,,,,,,,,,,,,,,,,,,,,,,,,,,,,,,,,,,,,,,,,,,,,,,,,,,,,,,,,,,,,,,,,,
P33406,159,P33406,,Bacteria,Yersinia enterocolitica,630,,,1,29,ECO:0000269,,,,,,,,,,,,,,,,,,,,,,,,,,,,,,,,,,,,,,,,,,,,,,,,,,,,,,,,,,,,,,,,,,
P30692,357,P30692,,Bacteria,Neisseria sicca,490,,,1,19,,,,,,,,,,,,,,,,,,,,,,,,,,,,,,,,,,,,,,,,,,,,,,,,,,,,,,,,,,,,,,,,,,,
P0A915,212,P0A915,"P21364, P97217, P97220",Bacteria,Escherichia coli (strain K12),83333,,,1,21,ECO:0000269,,,,,,,,,,,,,,,,,,,,,,,,,,,,,,,,,,,,,,,,,,,,,,,,,,,,,,,,,,,,,,,,,,
P0A921,289,P0A921,"P00631, Q2M8C6",Bacteria,Escherichia coli (strain K12),83333,,,1,20,ECO:0000269,53,65,,85,99,,106,118,,129,148,,151,164,,174,186,,189,198,,217,223,,226,234,,242,250,,256,265,,275,286,,,,,,,,,,,,,,,,,,,,,,,,,,,,,,,
P22340,505,P22340,,Bacteria,Salmonella typhimurium,90371,,,1,22,ECO:0000269,,,,,,,,,,,,,,,,,,,,,,,,,,,,,,,,,,,,,,,,,,,,,,,,,,,,,,,,,,,,,,,,,,
P07024,550,P07024,"P78274, Q2MBU7",Bacteria,Escherichia coli (strain K12),83333,,,1,25,ECO:0000269,,,,,,,,,,,,,,,,,,,,,,,,,,,,,,,,,,,,,,,,,,,,,,,,,,,,,,,,,,,,,,,,,,
P44526,337,P44526,,Bacteria,Haemophilus influenzae (strain ATCC 51907 / DSM 11121 / KW20 / Rd),71421,,,1,23,ECO:0000269,,,,,,,,,,,,,,,,,,,,,,,,,,,,,,,,,,,,,,,,,,,,,,,,,,,,,,,,,,,,,,,,,,
P33379,639,P33379,,Bacteria,Listeria monocytogenes serovar 1/2a (strain ATCC BAA-679 / EGD-e),169963,,,1,29,ECO:0000269,613,633,ECO:0000255,,,,,,,,,,,,,,,,,,,,,,,,,,,,,,,,,,,,,,,,,,,,,,,,,,,,,,,,,,,,,,,
Q9L7P2,378,Q9L7P2,,Bacteria,Pseudomonas syringae pv. syringae,321,,,1,28,ECO:0000269,,,,,,,,,,,,,,,,,,,,,,,,,,,,,,,,,,,,,,,,,,,,,,,,,,,,,,,,,,,,,,,,,,
O05465,401,O05465,,Bacteria,Psychrobacter immobilis,498,,,1,39,ECO:0000269,,,,,,,,,,,,,,,,,,,,,,,,,,,,,,,,,,,,,,,,,,,,,,,,,,,,,,,,,,,,,,,,,,
P20845,520,P20845,,Bacteria,Priestia megaterium,1404,,,1,27,,,,,,,,,,,,,,,,,,,,,,,,,,,,,,,,,,,,,,,,,,,,,,,,,,,,,,,,,,,,,,,,,,,
P43843,349,P43843,,Bacteria,Haemophilus influenzae (strain ATCC 51907 / DSM 11121 / KW20 / Rd),71421,,,1,21,ECO:0000269,,,,,,,,,,,,,,,,,,,,,,,,,,,,,,,,,,,,,,,,,,,,,,,,,,,,,,,,,,,,,,,,,,
P0A3T2,329,P0A3T2,P12920,Bacteria,Brucella melitensis biotype 1 (strain ATCC 23456 / CCUG 17765 / NCTC 10094 / 16M),224914,,,1,28,,,,,,,,,,,,,,,,,,,,,,,,,,,,,,,,,,,,,,,,,,,,,,,,,,,,,,,,,,,,,,,,,,,
P10425,257,P10425,,Bacteria,Bacillus sp. (strain 170),74566,,,1,30,ECO:0000269,,,,,,,,,,,,,,,,,,,,,,,,,,,,,,,,,,,,,,,,,,,,,,,,,,,,,,,,,,,,,,,,,,
P26827,710,P26827,,Bacteria,Thermoanaerobacterium thermosulfurigenes,33950,,,1,27,ECO:0000269,,,,,,,,,,,,,,,,,,,,,,,,,,,,,,,,,,,,,,,,,,,,,,,,,,,,,,,,,,,,,,,,,,
A2TJI4,120,A2TJI4,,Bacteria,Escherichia coli,562,,,1,19,ECO:0000269,,,,,,,,,,,,,,,,,,,,,,,,,,,,,,,,,,,,,,,,,,,,,,,,,,,,,,,,,,,,,,,,,,
O07921,277,O07921,,Bacteria,Bacillus subtilis (strain 168),224308,,,1,35,ECO:0000269,,,,,,,,,,,,,,,,,,,,,,,,,,,,,,,,,,,,,,,,,,,,,,,,,,,,,,,,,,,,,,,,,,
P28784,991,P28784,Q45168,Bacteria,Porphyromonas gingivalis,837,,,1,24,ECO:0000255,,,,,,,,,,,,,,,,,,,,,,,,,,,,,,,,,,,,,,,,,,,,,,,,,,,,,,,,,,,,,,,,,,
Q8GFE2,327,Q8GFE2,,Bacteria,Desulfitobacterium hafniense,49338,,,1,24,ECO:0000269,,,,,,,,,,,,,,,,,,,,,,,,,,,,,,,,,,,,,,,,,,,,,,,,,,,,,,,,,,,,,,,,,,
Q55210,170,Q55210,B1XLG7,Bacteria,Picosynechococcus sp. (strain ATCC 27264 / PCC 7002 / PR-6),32049,,,1,34,"ECO:0000255, ECO:0000269",,,,,,,,,,,,,,,,,,,,,,,,,,,,,,,,,,,,,,,,,,,,,,,,,,,,,,,,,,,,,,,,,,
P15452,98,P15452,"D3DHZ4, E3EUH7",Bacteria,Hydrogenobacter thermophilus (strain DSM 6534 / IAM 12695 / TK-6),608538,,,1,18,ECO:0000269,,,,,,,,,,,,,,,,,,,,,,,,,,,,,,,,,,,,,,,,,,,,,,,,,,,,,,,,,,,,,,,,,,
P81894,90,P81894,Q39RK4,Bacteria,Geobacter metallireducens (strain ATCC 53774 / DSM 7210 / GS-15),269799,,,1,20,ECO:0000269,,,,,,,,,,,,,,,,,,,,,,,,,,,,,,,,,,,,,,,,,,,,,,,,,,,,,,,,,,,,,,,,,,
P16700,338,P16700,,Bacteria,Escherichia coli (strain K12),83333,,,1,25,ECO:0000269,,,,,,,,,,,,,,,,,,,,,,,,,,,,,,,,,,,,,,,,,,,,,,,,,,,,,,,,,,,,,,,,,,
P0C0V0,474,P0C0V0,"P09376, P15724",Bacteria,Escherichia coli (strain K12),83333,,,1,26,ECO:0000269,,,,,,,,,,,,,,,,,,,,,,,,,,,,,,,,,,,,,,,,,,,,,,,,,,,,,,,,,,,,,,,,,,
P23903,682,P23903,,Bacteria,Niallia circulans,1397,,,1,38,ECO:0000269,,,,,,,,,,,,,,,,,,,,,,,,,,,,,,,,,,,,,,,,,,,,,,,,,,,,,,,,,,,,,,,,,,
P0A0M0,241,P0A0M0,Q53585,Bacteria,Staphylococcus aureus,1280,,,1,24,,,,,,,,,,,,,,,,,,,,,,,,,,,,,,,,,,,,,,,,,,,,,,,,,,,,,,,,,,,,,,,,,,,
P20862,175,P20862,,Bacteria,Escherichia coli,562,,,1,20,,,,,,,,,,,,,,,,,,,,,,,,,,,,,,,,,,,,,,,,,,,,,,,,,,,,,,,,,,,,,,,,,,,
P0A0Y3,331,P0A0Y3,"A1IQP8, P17940",Bacteria,Neisseria meningitidis serogroup A / serotype 4A (strain DSM 15465 / Z2491),122587,,,1,22,ECO:0000269,,,,,,,,,,,,,,,,,,,,,,,,,,,,,,,,,,,,,,,,,,,,,,,,,,,,,,,,,,,,,,,,,,
O34214,615,O34214,,Bacteria,Pantoea cypripedii,55209,,,1,22,ECO:0000269,,,,,,,,,,,,,,,,,,,,,,,,,,,,,,,,,,,,,,,,,,,,,,,,,,,,,,,,,,,,,,,,,,
O88093,1377,O88093,,Bacteria,Escherichia coli,562,,,1,52,ECO:0000269,,,,,,,,,,,,,,,,,,,,,,,,,,,,,,,,,,,,,,,,,,,,,,,,,,,,,,,,,,,,,,,,,,
Q99289,418,Q99289,,Bacteria,Vibrio parahaemolyticus serotype O3:K6 (strain RIMD 2210633),223926,,,1,19,ECO:0000269,,,,,,,,,,,,,,,,,,,,,,,,,,,,,,,,,,,,,,,,,,,,,,,,,,,,,,,,,,,,,,,,,,
Q05918,294,Q05918,,Bacteria,Nostoc commune,1178,,,1,24,ECO:0000269,,,,,,,,,,,,,,,,,,,,,,,,,,,,,,,,,,,,,,,,,,,,,,,,,,,,,,,,,,,,,,,,,,
P10342,776,P10342,,Bacteria,Pseudomonas amyloderamosa,32043,,,1,26,,,,,,,,,,,,,,,,,,,,,,,,,,,,,,,,,,,,,,,,,,,,,,,,,,,,,,,,,,,,,,,,,,,
P16155,395,P16155,,Bacteria,Chlamydia trachomatis,813,,,1,22,,,,,,,,,,,,,,,,,,,,,,,,,,,,,,,,,,,,,,,,,,,,,,,,,,,,,,,,,,,,,,,,,,,
P0A618,173,P9WG64,"L0TAX0, P0A618, Q10804",Bacteria,Mycobacterium tuberculosis (strain CDC 1551 / Oshkosh),83331,,,1,38,ECO:0000250,,,,,,,,,,,,,,,,,,,,,,,,,,,,,,,,,,,,,,,,,,,,,,,,,,,,,,,,,,,,,,,,,,
Q03011,175,Q03011,B4EUJ9,Bacteria,Proteus mirabilis (strain HI4320),529507,,,1,23,ECO:0000269,,,,,,,,,,,,,,,,,,,,,,,,,,,,,,,,,,,,,,,,,,,,,,,,,,,,,,,,,,,,,,,,,,
Q60053,666,Q60053,,Bacteria,Thermoactinomyces vulgaris,2026,,,1,29,,,,,,,,,,,,,,,,,,,,,,,,,,,,,,,,,,,,,,,,,,,,,,,,,,,,,,,,,,,,,,,,,,,
P0ABK9,478,P0ABK9,"P32050, Q2M6N4",Bacteria,Escherichia coli (strain K12),83333,,,1,26,ECO:0000269,,,,,,,,,,,,,,,,,,,,,,,,,,,,,,,,,,,,,,,,,,,,,,,,,,,,,,,,,,,,,,,,,,
Q57483,197,Q57483,"Q9S690, Q9S691, Q9S692, Q9S699",Bacteria,Haemophilus influenzae (strain ATCC 51907 / DSM 11121 / KW20 / Rd),71421,,,1,23,ECO:0000269,,,,,,,,,,,,,,,,,,,,,,,,,,,,,,,,,,,,,,,,,,,,,,,,,,,,,,,,,,,,,,,,,,
P24305,351,P24305,,Bacteria,Delftia acidovorans,80866,,,1,19,,,,,,,,,,,,,,,,,,,,,,,,,,,,,,,,,,,,,,,,,,,,,,,,,,,,,,,,,,,,,,,,,,,
P76773,230,P76773,Q2M8H2,Bacteria,Escherichia coli (strain K12),83333,,,1,20,ECO:0000269,,,,,,,,,,,,,,,,,,,,,,,,,,,,,,,,,,,,,,,,,,,,,,,,,,,,,,,,,,,,,,,,,,
P14013,273,B7IZU3,"P14013, Q44882, Q44964, Q44967, Q44969, Q44971, Q57123, Q57272",Bacteria,Borreliella burgdorferi (strain ZS7),445985,,,1,16,ECO:0000255,,,,,,,,,,,,,,,,,,,,,,,,,,,,,,,,,,,,,,,,,,,,,,,,,,,,,,,,,,,,,,,,,,
O68900,1295,O68900,D3H579,Bacteria,Escherichia coli O44:H18 (strain 042 / EAEC),216592,,,1,52,ECO:0000269,,,,,,,,,,,,,,,,,,,,,,,,,,,,,,,,,,,,,,,,,,,,,,,,,,,,,,,,,,,,,,,,,,
P26509,402,P26509,K4FKA4,Bacteria,Pectobacterium parmentieri,1905730,,,1,23,,,,,,,,,,,,,,,,,,,,,,,,,,,,,,,,,,,,,,,,,,,,,,,,,,,,,,,,,,,,,,,,,,,
P07603,123,P07603,,Bacteria,Nitratidesulfovibrio vulgaris (strain ATCC 29579 / DSM 644 / CCUG 34227 / NCIMB 8303 / VKM B-1760 / Hildenborough),882,,,1,34,"ECO:0000255, ECO:0000269",,,,,,,,,,,,,,,,,,,,,,,,,,,,,,,,,,,,,,,,,,,,,,,,,,,,,,,,,,,,,,,,,,
Q8CWC7,1371,Q8CWC7,,Bacteria,Escherichia coli O6:H1 (strain CFT073 / ATCC 700928 / UPEC),199310,,,1,55,,,,,,,,,,,,,,,,,,,,,,,,,,,,,,,,,,,,,,,,,,,,,,,,,,,,,,,,,,,,,,,,,,,
P06546,1053,P06546,"C0Z744, O31327, Q44953",Bacteria,Brevibacillus brevis (strain 47 / JCM 6285 / NBRC 100599),358681,,,1,23,,,,,,,,,,,,,,,,,,,,,,,,,,,,,,,,,,,,,,,,,,,,,,,,,,,,,,,,,,,,,,,,,,,
P29722,156,P29722,,Bacteria,Treponema pallidum (strain DSM 117211 / Nichols),243276,,,1,21,,,,,,,,,,,,,,,,,,,,,,,,,,,,,,,,,,,,,,,,,,,,,,,,,,,,,,,,,,,,,,,,,,,
O87948,829,O87948,,Bacteria,Shewanella massilia,76854,,,1,31,"ECO:0000255, ECO:0000269",,,,,,,,,,,,,,,,,,,,,,,,,,,,,,,,,,,,,,,,,,,,,,,,,,,,,,,,,,,,,,,,,,
P0AG80,438,P0AG80,"P10904, Q2M7B6",Bacteria,Escherichia coli (strain K12),83333,,,1,23,ECO:0000305,,,,,,,,,,,,,,,,,,,,,,,,,,,,,,,,,,,,,,,,,,,,,,,,,,,,,,,,,,,,,,,,,,
P00694,228,P00694,,Bacteria,Bacillus pumilus,1408,,,1,27,,,,,,,,,,,,,,,,,,,,,,,,,,,,,,,,,,,,,,,,,,,,,,,,,,,,,,,,,,,,,,,,,,,
Q03155,1286,Q03155,,Bacteria,Escherichia coli,562,,,1,49,ECO:0000269,1006,1012,"ECO:0000305, ECO:0007744",1030,1040,"ECO:0000305, ECO:0007744",1048,1058,"ECO:0000305, ECO:0007744",1080,1087,"ECO:0000305, ECO:0007744",1098,1108,"ECO:0000305, ECO:0007744",1127,1138,"ECO:0000305, ECO:0007744",1153,1164,"ECO:0000305, ECO:0007744",1187,1198,"ECO:0000305, ECO:0007744",1211,1221,"ECO:0000305, ECO:0007744",1243,1253,"ECO:0000305, ECO:0007744",1260,1267,"ECO:0000305, ECO:0007744",1276,1284,"ECO:0000305, ECO:0007744",,,,,,,,,,,,,,,,,,,,,,,,,,,,,,
P06608,348,P06608,,Bacteria,Dickeya chrysanthemi,556,,,1,21,,,,,,,,,,,,,,,,,,,,,,,,,,,,,,,,,,,,,,,,,,,,,,,,,,,,,,,,,,,,,,,,,,,
P81549,743,P81549,,Bacteria,Bordetella pertussis (strain Tohama I / ATCC BAA-589 / NCTC 13251),257313,,,1,30,ECO:0000269,,,,,,,,,,,,,,,,,,,,,,,,,,,,,,,,,,,,,,,,,,,,,,,,,,,,,,,,,,,,,,,,,,
P00094,137,P00094,D5ASA6,Bacteria,Rhodobacter capsulatus (strain ATCC BAA-309 / NBRC 16581 / SB1003),272942,,,1,21,ECO:0000269,,,,,,,,,,,,,,,,,,,,,,,,,,,,,,,,,,,,,,,,,,,,,,,,,,,,,,,,,,,,,,,,,,
P00132,130,P00132,"B8DMZ9, Q46607",Bacteria,Nitratidesulfovibrio vulgaris (strain DSM 19637 / Miyazaki F),883,,,1,23,ECO:0000269,,,,,,,,,,,,,,,,,,,,,,,,,,,,,,,,,,,,,,,,,,,,,,,,,,,,,,,,,,,,,,,,,,
P77202,248,P77202,,Bacteria,Escherichia coli (strain K12),83333,,,1,17,ECO:0000269,,,,,,,,,,,,,,,,,,,,,,,,,,,,,,,,,,,,,,,,,,,,,,,,,,,,,,,,,,,,,,,,,,
P25394,170,P25394,,Bacteria,Escherichia coli,562,,,1,21,,,,,,,,,,,,,,,,,,,,,,,,,,,,,,,,,,,,,,,,,,,,,,,,,,,,,,,,,,,,,,,,,,,
P07662,720,P07662,Q84I62,Bacteria,Pseudomonas sp. (strain SY-77),269086,,,1,29,ECO:0000269,,,,,,,,,,,,,,,,,,,,,,,,,,,,,,,,,,,,,,,,,,,,,,,,,,,,,,,,,,,,,,,,,,
P15644,660,P15644,,Bacteria,Klebsiella pneumoniae,573,,,1,27,ECO:0000269,,,,,,,,,,,,,,,,,,,,,,,,,,,,,,,,,,,,,,,,,,,,,,,,,,,,,,,,,,,,,,,,,,
P19250,189,P19250,"P07624, Q9RIH5",Bacteria,Vibrio parahaemolyticus serotype O3:K6 (strain RIMD 2210633),223926,,,1,24,ECO:0000269,,,,,,,,,,,,,,,,,,,,,,,,,,,,,,,,,,,,,,,,,,,,,,,,,,,,,,,,,,,,,,,,,,
Q2FV52,233,Q2FV52,,Bacteria,Staphylococcus aureus (strain NCTC 8325 / PS 47),93061,,,1,29,ECO:0000269,,,,,,,,,,,,,,,,,,,,,,,,,,,,,,,,,,,,,,,,,,,,,,,,,,,,,,,,,,,,,,,,,,
P26466,452,P26466,,Bacteria,Salmonella typhimurium (strain LT2 / SGSC1412 / ATCC 700720),99287,,,1,25,,27,35,ECO:0000305,65,78,ECO:0000305,81,93,ECO:0000305,105,115,ECO:0000305,123,130,ECO:0000305,149,159,ECO:0000305,162,173,ECO:0000305,192,205,ECO:0000305,210,222,ECO:0000305,235,248,ECO:0000305,251,263,ECO:0000305,301,315,ECO:0000305,318,333,ECO:0000305,337,351,ECO:0000305,354,369,ECO:0000305,373,388,ECO:0000305,396,410,ECO:0000305,437,451,ECO:0000305,,,,,,,,,,,,
P15917,809,P15917,"Q8KYJ6, Q933F6",Bacteria,Bacillus anthracis,1392,,,1,33,ECO:0000269,,,,,,,,,,,,,,,,,,,,,,,,,,,,,,,,,,,,,,,,,,,,,,,,,,,,,,,,,,,,,,,,,,
P38577,61,P38577,,Bacteria,Leuconostoc mesenteroides,1245,,,1,24,ECO:0000269,,,,,,,,,,,,,,,,,,,,,,,,,,,,,,,,,,,,,,,,,,,,,,,,,,,,,,,,,,,,,,,,,,
P38399,353,P38399,Q66CF0,Bacteria,Yersinia pseudotuberculosis serotype I (strain IP32953),273123,,,1,21,"ECO:0000255, ECO:0000269",27,37,ECO:0000255,56,67,ECO:0000255,71,79,ECO:0000255,97,108,ECO:0000255,113,121,ECO:0000255,148,157,ECO:0000255,162,169,ECO:0000255,188,196,ECO:0000255,,,,,,,,,,,,,,,,,,,,,,,,,,,,,,,,,,,,,,,,,,
P0ADA7,72,P0ADA7,P17873,Bacteria,Escherichia coli (strain K12),83333,,,1,23,,,,,,,,,,,,,,,,,,,,,,,,,,,,,,,,,,,,,,,,,,,,,,,,,,,,,,,,,,,,,,,,,,,
P13423,764,P13423,"Q937W2, Q937W3, Q9F5R7, Q9KH69, Q9RQU2",Bacteria,Bacillus anthracis,1392,,,1,29,ECO:0000305,331,342,"ECO:0000269, ECO:0007744",345,354,"ECO:0000269, ECO:0007744",,,,,,,,,,,,,,,,,,,,,,,,,,,,,,,,,,,,,,,,,,,,,,,,,,,,,,,,,,,,
P13720,335,P13720,,Bacteria,Escherichia coli,562,,,1,21,ECO:0000269,,,,,,,,,,,,,,,,,,,,,,,,,,,,,,,,,,,,,,,,,,,,,,,,,,,,,,,,,,,,,,,,,,
Q47474,433,Q47474,E0SL58,Bacteria,Dickeya dadantii (strain 3937),198628,,,1,21,,,,,,,,,,,,,,,,,,,,,,,,,,,,,,,,,,,,,,,,,,,,,,,,,,,,,,,,,,,,,,,,,,,
P21948,472,P21948,B7LMK2,Bacteria,Escherichia fergusonii (strain ATCC 35469 / DSM 13698 / CCUG 18766 / IAM 14443 / JCM 21226 / LMG 7866 / NBRC 102419 / NCTC 12128 / CDC 0568-73),585054,,,1,21,,,,,,,,,,,,,,,,,,,,,,,,,,,,,,,,,,,,,,,,,,,,,,,,,,,,,,,,,,,,,,,,,,,
P0AFM2,330,P0AFM2,P14177,Bacteria,Escherichia coli (strain K12),83333,,,1,21,ECO:0000269,,,,,,,,,,,,,,,,,,,,,,,,,,,,,,,,,,,,,,,,,,,,,,,,,,,,,,,,,,,,,,,,,,
P68589,214,P68589,"P31524, Q66CS0",Bacteria,Yersinia pseudotuberculosis serotype I (strain IP32953),273123,,,1,24,,,,,,,,,,,,,,,,,,,,,,,,,,,,,,,,,,,,,,,,,,,,,,,,,,,,,,,,,,,,,,,,,,,
Q8DJE2,175,Q8DJE2,Q7DI24,Bacteria,Thermosynechococcus vestitus (strain NIES-2133 / IAM M-273 / BP-1),197221,,,1,34,ECO:0000269,,,,,,,,,,,,,,,,,,,,,,,,,,,,,,,,,,,,,,,,,,,,,,,,,,,,,,,,,,,,,,,,,,
P23857,104,P23857,,Bacteria,Escherichia coli (strain K12),83333,,,1,19,ECO:0000269,,,,,,,,,,,,,,,,,,,,,,,,,,,,,,,,,,,,,,,,,,,,,,,,,,,,,,,,,,,,,,,,,,
Q05044,465,Q05044,,Bacteria,Levilactobacillus brevis,1580,,,1,30,ECO:0000269,,,,,,,,,,,,,,,,,,,,,,,,,,,,,,,,,,,,,,,,,,,,,,,,,,,,,,,,,,,,,,,,,,
P26648,470,P26648,Q2M9I3,Bacteria,Escherichia coli (strain K12),83333,,,1,27,"ECO:0000255, ECO:0000269",,,,,,,,,,,,,,,,,,,,,,,,,,,,,,,,,,,,,,,,,,,,,,,,,,,,,,,,,,,,,,,,,,
Q01996,915,Q01996,,Bacteria,Neisseria gonorrhoeae,485,,,1,24,ECO:0000255,,,,,,,,,,,,,,,,,,,,,,,,,,,,,,,,,,,,,,,,,,,,,,,,,,,,,,,,,,,,,,,,,,
P18481,537,P18481,Q5XE68,Bacteria,Streptococcus pyogenes serotype M6 (strain ATCC BAA-946 / MGAS10394),286636,,,1,22,,,,,,,,,,,,,,,,,,,,,,,,,,,,,,,,,,,,,,,,,,,,,,,,,,,,,,,,,,,,,,,,,,,
P18473,212,P18473,,Bacteria,Escherichia coli (strain K12),83333,,,1,21,,,,,,,,,,,,,,,,,,,,,,,,,,,,,,,,,,,,,,,,,,,,,,,,,,,,,,,,,,,,,,,,,,,
Q47706,421,Q47706,"P76178, Q2MB74",Bacteria,Escherichia coli (strain K12),83333,,,1,23,ECO:0000269,,,,,,,,,,,,,,,,,,,,,,,,,,,,,,,,,,,,,,,,,,,,,,,,,,,,,,,,,,,,,,,,,,
P83513,602,P83513,,Bacteria,Pseudobutyrivibrio xylanivorans,185007,,,1,14,ECO:0000269,,,,,,,,,,,,,,,,,,,,,,,,,,,,,,,,,,,,,,,,,,,,,,,,,,,,,,,,,,,,,,,,,,
P0AAA9,141,P0AAA9,"P32682, Q2M8T9, Q8X6X2",Bacteria,Escherichia coli (strain K12),83333,,,1,26,ECO:0000269,,,,,,,,,,,,,,,,,,,,,,,,,,,,,,,,,,,,,,,,,,,,,,,,,,,,,,,,,,,,,,,,,,
P05193,381,P05193,,Bacteria,Citrobacter freundii,546,,,1,20,,,,,,,,,,,,,,,,,,,,,,,,,,,,,,,,,,,,,,,,,,,,,,,,,,,,,,,,,,,,,,,,,,,
P19584,551,P19584,,Bacteria,Thermoanaerobacterium thermosulfurigenes,33950,,,1,32,ECO:0000269,,,,,,,,,,,,,,,,,,,,,,,,,,,,,,,,,,,,,,,,,,,,,,,,,,,,,,,,,,,,,,,,,,
Q50906,325,P9WIR6,"L0T9G7, O08062, Q50906",Bacteria,Mycobacterium tuberculosis (strain CDC 1551 / Oshkosh),83331,,,1,39,ECO:0000250,,,,,,,,,,,,,,,,,,,,,,,,,,,,,,,,,,,,,,,,,,,,,,,,,,,,,,,,,,,,,,,,,,
P00807,281,P00807,,Bacteria,Staphylococcus aureus,1280,,,1,24,"ECO:0000255, ECO:0000269",,,,,,,,,,,,,,,,,,,,,,,,,,,,,,,,,,,,,,,,,,,,,,,,,,,,,,,,,,,,,,,,,,
Q06110,143,Q06110,,Bacteria,Streptomyces globisporus,1908,,,1,33,ECO:0000269,,,,,,,,,,,,,,,,,,,,,,,,,,,,,,,,,,,,,,,,,,,,,,,,,,,,,,,,,,,,,,,,,,
P05618,713,P05618,,Bacteria,Bacillus sp. (strain 1011),1410,,,1,27,,,,,,,,,,,,,,,,,,,,,,,,,,,,,,,,,,,,,,,,,,,,,,,,,,,,,,,,,,,,,,,,,,,
A6QIG7,149,A6QIG7,Q7WUJ0,Bacteria,Staphylococcus aureus (strain Newman),426430,,,1,28,ECO:0000269,,,,,,,,,,,,,,,,,,,,,,,,,,,,,,,,,,,,,,,,,,,,,,,,,,,,,,,,,,,,,,,,,,
Q06851,1853,Q06851,A3DJZ4,Bacteria,Acetivibrio thermocellus (strain ATCC 27405 / DSM 1237 / JCM 9322 / NBRC 103400 / NCIMB 10682 / NRRL B-4536 / VPI 7372),203119,,,1,28,ECO:0000269,,,,,,,,,,,,,,,,,,,,,,,,,,,,,,,,,,,,,,,,,,,,,,,,,,,,,,,,,,,,,,,,,,
P00099,104,P00099,,Bacteria,Pseudomonas aeruginosa (strain ATCC 15692 / DSM 22644 / CIP 104116 / JCM 14847 / LMG 12228 / 1C / PRS 101 / PAO1),208964,,,1,22,ECO:0000269,,,,,,,,,,,,,,,,,,,,,,,,,,,,,,,,,,,,,,,,,,,,,,,,,,,,,,,,,,,,,,,,,,
P01553,266,P01553,,Bacteria,Staphylococcus aureus,1280,,,1,27,ECO:0000269,,,,,,,,,,,,,,,,,,,,,,,,,,,,,,,,,,,,,,,,,,,,,,,,,,,,,,,,,,,,,,,,,,
O32591,1300,O32591,,Bacteria,Escherichia coli,562,,,1,55,ECO:0000269,,,,,,,,,,,,,,,,,,,,,,,,,,,,,,,,,,,,,,,,,,,,,,,,,,,,,,,,,,,,,,,,,,
P14191,285,P14191,,Bacteria,Escherichia coli,562,,,1,21,,,,,,,,,,,,,,,,,,,,,,,,,,,,,,,,,,,,,,,,,,,,,,,,,,,,,,,,,,,,,,,,,,,
P13036,774,P13036,Q2M624,Bacteria,Escherichia coli (strain K12),83333,,,1,33,ECO:0000269,,,,,,,,,,,,,,,,,,,,,,,,,,,,,,,,,,,,,,,,,,,,,,,,,,,,,,,,,,,,,,,,,,
P05149,381,P05149,,Bacteria,Acinetobacter calcoaceticus,471,,,1,20,ECO:0000269,,,,,,,,,,,,,,,,,,,,,,,,,,,,,,,,,,,,,,,,,,,,,,,,,,,,,,,,,,,,,,,,,,
P17901,475,P17901,B8HZV8,Bacteria,Ruminiclostridium cellulolyticum (strain ATCC 35319 / DSM 5812 / JCM 6584 / H10),394503,,,1,26,ECO:0000269,,,,,,,,,,,,,,,,,,,,,,,,,,,,,,,,,,,,,,,,,,,,,,,,,,,,,,,,,,,,,,,,,,
P27033,747,P27033,B3PDK2,Bacteria,Cellvibrio japonicus (strain Ueda107),498211,,,1,37,ECO:0000269,,,,,,,,,,,,,,,,,,,,,,,,,,,,,,,,,,,,,,,,,,,,,,,,,,,,,,,,,,,,,,,,,,
P19424,941,P19424,,Bacteria,Bacillus sp. (strain KSM-635),1415,,,1,29,,,,,,,,,,,,,,,,,,,,,,,,,,,,,,,,,,,,,,,,,,,,,,,,,,,,,,,,,,,,,,,,,,,
P07211,183,P07211,,Bacteria,Neisseria gonorrhoeae,485,,,1,17,,,,,,,,,,,,,,,,,,,,,,,,,,,,,,,,,,,,,,,,,,,,,,,,,,,,,,,,,,,,,,,,,,,
P14212,213,P14212,,Bacteria,Haemophilus influenzae,727,,,1,20,ECO:0000269,,,,,,,,,,,,,,,,,,,,,,,,,,,,,,,,,,,,,,,,,,,,,,,,,,,,,,,,,,,,,,,,,,
P60158,233,P60158,"Q9LAB6, Q9LBE4",Bacteria,Staphylococcus aureus,1280,,,1,29,ECO:0000269,,,,,,,,,,,,,,,,,,,,,,,,,,,,,,,,,,,,,,,,,,,,,,,,,,,,,,,,,,,,,,,,,,
P81715,438,P81715,,Bacteria,Streptomyces exfoliatus,1905,,,1,37,ECO:0000269,,,,,,,,,,,,,,,,,,,,,,,,,,,,,,,,,,,,,,,,,,,,,,,,,,,,,,,,,,,,,,,,,,
P80604,257,P80604,Q9CM45,Bacteria,Pasteurella multocida (strain Pm70),272843,,,1,21,ECO:0000269,,,,,,,,,,,,,,,,,,,,,,,,,,,,,,,,,,,,,,,,,,,,,,,,,,,,,,,,,,,,,,,,,,
P06111,257,P06111,Q9JQ04,Bacteria,Vibrio cholerae serotype O1 (strain ATCC 39315 / El Tor Inaba N16961),243277,,,1,19,ECO:0000269,,,,,,,,,,,,,,,,,,,,,,,,,,,,,,,,,,,,,,,,,,,,,,,,,,,,,,,,,,,,,,,,,,
P11657,1565,P11657,,Bacteria,Streptococcus mutans,1309,,,1,38,ECO:0000269,,,,,,,,,,,,,,,,,,,,,,,,,,,,,,,,,,,,,,,,,,,,,,,,,,,,,,,,,,,,,,,,,,
P0A1Z2,161,P0A1Z2,P16974,Bacteria,Salmonella typhimurium (strain LT2 / SGSC1412 / ATCC 700720),99287,,,1,20,ECO:0000269,,,,,,,,,,,,,,,,,,,,,,,,,,,,,,,,,,,,,,,,,,,,,,,,,,,,,,,,,,,,,,,,,,
P45796,635,P45796,,Bacteria,Paenibacillus polymyxa,1406,,,1,26,ECO:0000269,,,,,,,,,,,,,,,,,,,,,,,,,,,,,,,,,,,,,,,,,,,,,,,,,,,,,,,,,,,,,,,,,,
P37648,498,P37648,Q2M7I9,Bacteria,Escherichia coli (strain K12),83333,,,1,24,ECO:0000269,,,,,,,,,,,,,,,,,,,,,,,,,,,,,,,,,,,,,,,,,,,,,,,,,,,,,,,,,,,,,,,,,,
P84888,390,P84888,Q0VKG7,Bacteria,Alcaligenes faecalis,511,,,1,25,ECO:0000269,,,,,,,,,,,,,,,,,,,,,,,,,,,,,,,,,,,,,,,,,,,,,,,,,,,,,,,,,,,,,,,,,,
P39265,311,P39265,Q2M6L5,Bacteria,Escherichia coli (strain K12),83333,,,1,23,,,,,,,,,,,,,,,,,,,,,,,,,,,,,,,,,,,,,,,,,,,,,,,,,,,,,,,,,,,,,,,,,,,
P19571,518,P19571,,Bacteria,Bacillus sp. (strain 707),1416,,,1,33,ECO:0000269,,,,,,,,,,,,,,,,,,,,,,,,,,,,,,,,,,,,,,,,,,,,,,,,,,,,,,,,,,,,,,,,,,
P39824,306,P39824,O34848,Bacteria,Bacillus subtilis (strain 168),224308,,,1,36,ECO:0000269,,,,,,,,,,,,,,,,,,,,,,,,,,,,,,,,,,,,,,,,,,,,,,,,,,,,,,,,,,,,,,,,,,
P52682,294,P52682,Q54488,Bacteria,Serratia marcescens,615,,,1,27,ECO:0000269,,,,,,,,,,,,,,,,,,,,,,,,,,,,,,,,,,,,,,,,,,,,,,,,,,,,,,,,,,,,,,,,,,
P35804,201,P35804,,Bacteria,Streptomyces clavuligerus,1901,,,1,36,ECO:0000269,,,,,,,,,,,,,,,,,,,,,,,,,,,,,,,,,,,,,,,,,,,,,,,,,,,,,,,,,,,,,,,,,,
P32823,820,P32823,,Bacteria,Pseudoalteromonas piscicida,43662,,,1,21,ECO:0000269,,,,,,,,,,,,,,,,,,,,,,,,,,,,,,,,,,,,,,,,,,,,,,,,,,,,,,,,,,,,,,,,,,
P13627,450,P13627,,Bacteria,Paracoccus denitrificans,266,,,1,21,,421,435,ECO:0000255,,,,,,,,,,,,,,,,,,,,,,,,,,,,,,,,,,,,,,,,,,,,,,,,,,,,,,,,,,,,,,,
Q55013,160,Q55013,Q55333,Bacteria,Synechocystis sp. (strain ATCC 27184 / PCC 6803 / Kazusa),1111708,,,1,25,"ECO:0000255, ECO:0000269",,,,,,,,,,,,,,,,,,,,,,,,,,,,,,,,,,,,,,,,,,,,,,,,,,,,,,,,,,,,,,,,,,
P74917,230,P74917,,Bacteria,Acidithiobacillus ferridurans,1232575,,,1,47,ECO:0000269,,,,,,,,,,,,,,,,,,,,,,,,,,,,,,,,,,,,,,,,,,,,,,,,,,,,,,,,,,,,,,,,,,
P94691,140,P94691,Q9R4E8,Bacteria,Desulfocurvibacter africanus,873,,,1,23,ECO:0000269,,,,,,,,,,,,,,,,,,,,,,,,,,,,,,,,,,,,,,,,,,,,,,,,,,,,,,,,,,,,,,,,,,
Q05523,452,Q05523,,Bacteria,Geobacillus stearothermophilus,1422,,,1,30,,,,,,,,,,,,,,,,,,,,,,,,,,,,,,,,,,,,,,,,,,,,,,,,,,,,,,,,,,,,,,,,,,,
P0AEE5,332,P0AEE5,"P02927, P17775, Q2MAS9",Bacteria,Escherichia coli (strain K12),83333,,,1,23,ECO:0000269,,,,,,,,,,,,,,,,,,,,,,,,,,,,,,,,,,,,,,,,,,,,,,,,,,,,,,,,,,,,,,,,,,
P15279,626,P15279,,Bacteria,Methylobacterium organophilum,410,,,1,27,ECO:0000269,,,,,,,,,,,,,,,,,,,,,,,,,,,,,,,,,,,,,,,,,,,,,,,,,,,,,,,,,,,,,,,,,,
Q06530,431,Q06530,"D3RRX7, O31157",Bacteria,Allochromatium vinosum (strain ATCC 17899 / DSM 180 / NBRC 103801 / NCIMB 10441 / D),572477,,,1,30,"ECO:0000255, ECO:0000269",,,,,,,,,,,,,,,,,,,,,,,,,,,,,,,,,,,,,,,,,,,,,,,,,,,,,,,,,,,,,,,,,,
P14756,498,P14756,,Bacteria,Pseudomonas aeruginosa (strain ATCC 15692 / DSM 22644 / CIP 104116 / JCM 14847 / LMG 12228 / 1C / PRS 101 / PAO1),208964,,,1,23,ECO:0000269,,,,,,,,,,,,,,,,,,,,,,,,,,,,,,,,,,,,,,,,,,,,,,,,,,,,,,,,,,,,,,,,,,
P18956,580,P18956,Q2M7B0,Bacteria,Escherichia coli (strain K12),83333,,,1,25,ECO:0000269,,,,,,,,,,,,,,,,,,,,,,,,,,,,,,,,,,,,,,,,,,,,,,,,,,,,,,,,,,,,,,,,,,
Q02934,887,Q02934,A3DBF2,Bacteria,Acetivibrio thermocellus (strain ATCC 27405 / DSM 1237 / JCM 9322 / NBRC 103400 / NCIMB 10682 / NRRL B-4536 / VPI 7372),203119,,,1,55,ECO:0000269,,,,,,,,,,,,,,,,,,,,,,,,,,,,,,,,,,,,,,,,,,,,,,,,,,,,,,,,,,,,,,,,,,
P15321,557,P15321,,Bacteria,Serratia marcescens,615,,,1,18,ECO:0000269,,,,,,,,,,,,,,,,,,,,,,,,,,,,,,,,,,,,,,,,,,,,,,,,,,,,,,,,,,,,,,,,,,
Q44052,641,Q44052,,Bacteria,Arthrobacter globiformis,1665,,,1,39,,,,,,,,,,,,,,,,,,,,,,,,,,,,,,,,,,,,,,,,,,,,,,,,,,,,,,,,,,,,,,,,,,,
P04635,641,P04635,,Bacteria,Staphylococcus hyicus,1284,,,1,38,ECO:0000269,,,,,,,,,,,,,,,,,,,,,,,,,,,,,,,,,,,,,,,,,,,,,,,,,,,,,,,,,,,,,,,,,,
P0A1W6,369,P0A1W6,P17216,Bacteria,Salmonella typhimurium (strain LT2 / SGSC1412 / ATCC 700720),99287,,,1,23,,,,,,,,,,,,,,,,,,,,,,,,,,,,,,,,,,,,,,,,,,,,,,,,,,,,,,,,,,,,,,,,,,,
P0ADV1,185,P0ADV1,"P38685, Q2M912",Bacteria,Escherichia coli (strain K12),83333,,,1,27,"ECO:0000255, ECO:0000269",,,,,,,,,,,,,,,,,,,,,,,,,,,,,,,,,,,,,,,,,,,,,,,,,,,,,,,,,,,,,,,,,,
P77348,537,P77348,,Bacteria,Escherichia coli (strain K12),83333,,,1,22,ECO:0000269,,,,,,,,,,,,,,,,,,,,,,,,,,,,,,,,,,,,,,,,,,,,,,,,,,,,,,,,,,,,,,,,,,
P39371,368,P39371,Q2M603,Bacteria,Escherichia coli (strain K12),83333,,,1,19,,,,,,,,,,,,,,,,,,,,,,,,,,,,,,,,,,,,,,,,,,,,,,,,,,,,,,,,,,,,,,,,,,,
P81186,755,P81186,"B8IYC9, Q599G8",Bacteria,Desulfovibrio desulfuricans (strain ATCC 27774 / DSM 6949 / MB),525146,,,1,32,"ECO:0000255, ECO:0000269",,,,,,,,,,,,,,,,,,,,,,,,,,,,,,,,,,,,,,,,,,,,,,,,,,,,,,,,,,,,,,,,,,
Q9I596,670,Q9I596,"Q7AY51, Q9RHQ0",Bacteria,Pseudomonas aeruginosa (strain ATCC 15692 / DSM 22644 / CIP 104116 / JCM 14847 / LMG 12228 / 1C / PRS 101 / PAO1),208964,,,1,24,ECO:0000269,,,,,,,,,,,,,,,,,,,,,,,,,,,,,,,,,,,,,,,,,,,,,,,,,,,,,,,,,,,,,,,,,,
P0A264,378,P0A264,"O52503, P09878",Bacteria,Salmonella typhi,90370,,,1,21,,,,,,,,,,,,,,,,,,,,,,,,,,,,,,,,,,,,,,,,,,,,,,,,,,,,,,,,,,,,,,,,,,,
P34210,315,P34210,,Bacteria,Escherichia coli (strain K12),83333,,,1,23,ECO:0000269,,,,,,,,,,,,,,,,,,,,,,,,,,,,,,,,,,,,,,,,,,,,,,,,,,,,,,,,,,,,,,,,,,
P46027,371,P46027,,Bacteria,Haemophilus influenzae,727,,,1,20,,,,,,,,,,,,,,,,,,,,,,,,,,,,,,,,,,,,,,,,,,,,,,,,,,,,,,,,,,,,,,,,,,,
P31554,784,P31554,P75631,Bacteria,Escherichia coli (strain K12),83333,,,1,24,"ECO:0000255, ECO:0000269",,,,,,,,,,,,,,,,,,,,,,,,,,,,,,,,,,,,,,,,,,,,,,,,,,,,,,,,,,,,,,,,,,
P07110,836,P07110,Q8RNL0,Bacteria,Escherichia coli,562,,,1,24,,,,,,,,,,,,,,,,,,,,,,,,,,,,,,,,,,,,,,,,,,,,,,,,,,,,,,,,,,,,,,,,,,,
P11073,375,P11073,,Bacteria,Dickeya chrysanthemi,556,,,1,22,,,,,,,,,,,,,,,,,,,,,,,,,,,,,,,,,,,,,,,,,,,,,,,,,,,,,,,,,,,,,,,,,,,
Q51718,278,Q51718,,Bacteria,Pseudomonas fluorescens,294,,,1,33,,,,,,,,,,,,,,,,,,,,,,,,,,,,,,,,,,,,,,,,,,,,,,,,,,,,,,,,,,,,,,,,,,,
Q51485,454,Q51485,Q9R4Z9,Bacteria,Pseudomonas aeruginosa (strain ATCC 15692 / DSM 22644 / CIP 104116 / JCM 14847 / LMG 12228 / 1C / PRS 101 / PAO1),208964,,,1,31,ECO:0000269,,,,,,,,,,,,,,,,,,,,,,,,,,,,,,,,,,,,,,,,,,,,,,,,,,,,,,,,,,,,,,,,,,
P27028,705,P27028,,Bacteria,Elizabethkingia meningoseptica,238,,,1,20,,,,,,,,,,,,,,,,,,,,,,,,,,,,,,,,,,,,,,,,,,,,,,,,,,,,,,,,,,,,,,,,,,,
P31083,159,P31083,Q5N5C8,Bacteria,Synechococcus sp. (strain ATCC 27144 / PCC 6301 / SAUG 1402/1),269084,,,1,23,ECO:0000269,,,,,,,,,,,,,,,,,,,,,,,,,,,,,,,,,,,,,,,,,,,,,,,,,,,,,,,,,,,,,,,,,,
P05458,962,P05458,"P78106, Q2MA16",Bacteria,Escherichia coli (strain K12),83333,,,1,23,,,,,,,,,,,,,,,,,,,,,,,,,,,,,,,,,,,,,,,,,,,,,,,,,,,,,,,,,,,,,,,,,,,
Q08002,438,Q08002,Q09166,Bacteria,Staphylococcus hyicus,1284,,,1,26,ECO:0000305,,,,,,,,,,,,,,,,,,,,,,,,,,,,,,,,,,,,,,,,,,,,,,,,,,,,,,,,,,,,,,,,,,
Q82S91,117,Q82S91,,Bacteria,Nitrosomonas europaea (strain ATCC 19718 / CIP 103999 / KCTC 2705 / NBRC 14298),228410,,,1,24,ECO:0000269,,,,,,,,,,,,,,,,,,,,,,,,,,,,,,,,,,,,,,,,,,,,,,,,,,,,,,,,,,,,,,,,,,
Q7BQ98,89,Q7BQ98,,Bacteria,Shigella dysenteriae,622,,,1,20,,,,,,,,,,,,,,,,,,,,,,,,,,,,,,,,,,,,,,,,,,,,,,,,,,,,,,,,,,,,,,,,,,,
Q9XD84,989,Q9XD84,E3PBM3,Bacteria,Escherichia coli O78:H11 (strain H10407 / ETEC),316401,,,1,54,ECO:0000269,,,,,,,,,,,,,,,,,,,,,,,,,,,,,,,,,,,,,,,,,,,,,,,,,,,,,,,,,,,,,,,,,,
P17137,261,P17137,,Bacteria,Clostridium saccharobutylicum,169679,,,1,28,,,,,,,,,,,,,,,,,,,,,,,,,,,,,,,,,,,,,,,,,,,,,,,,,,,,,,,,,,,,,,,,,,,
P80069,325,P80069,A1KJS2,Bacteria,Mycobacterium bovis (strain BCG / Pasteur 1173P2),410289,,,1,39,ECO:0000269,,,,,,,,,,,,,,,,,,,,,,,,,,,,,,,,,,,,,,,,,,,,,,,,,,,,,,,,,,,,,,,,,,
P08594,513,P08594,,Bacteria,Thermus aquaticus,271,,,1,14,ECO:0000269,,,,,,,,,,,,,,,,,,,,,,,,,,,,,,,,,,,,,,,,,,,,,,,,,,,,,,,,,,,,,,,,,,
P17953,1296,P17953,,Bacteria,Enterococcus faecalis (strain ATCC 700802 / V583),226185,,,1,43,ECO:0000269,,,,,,,,,,,,,,,,,,,,,,,,,,,,,,,,,,,,,,,,,,,,,,,,,,,,,,,,,,,,,,,,,,
P00282,148,P00282,,Bacteria,Pseudomonas aeruginosa (strain ATCC 15692 / DSM 22644 / CIP 104116 / JCM 14847 / LMG 12228 / 1C / PRS 101 / PAO1),208964,,,1,20,ECO:0000269,,,,,,,,,,,,,,,,,,,,,,,,,,,,,,,,,,,,,,,,,,,,,,,,,,,,,,,,,,,,,,,,,,
P0AD63,286,P0AD63,"O07941, P14557, P23982",Bacteria,Escherichia coli,562,,,1,21,ECO:0000269,,,,,,,,,,,,,,,,,,,,,,,,,,,,,,,,,,,,,,,,,,,,,,,,,,,,,,,,,,,,,,,,,,
Q44642,250,Q44642,B2S6U1,Bacteria,Brucella abortus (strain S19),430066,,,1,28,ECO:0000269,,,,,,,,,,,,,,,,,,,,,,,,,,,,,,,,,,,,,,,,,,,,,,,,,,,,,,,,,,,,,,,,,,
P04369,123,P04369,Q604C8,Bacteria,Methylococcus capsulatus (strain ATCC 33009 / NCIMB 11132 / Bath),243233,,,1,27,ECO:0000269,,,,,,,,,,,,,,,,,,,,,,,,,,,,,,,,,,,,,,,,,,,,,,,,,,,,,,,,,,,,,,,,,,
P08306,298,P08306,,Bacteria,Paracoccus denitrificans,266,,,1,29,,56,88,,104,134,,,,,,,,,,,,,,,,,,,,,,,,,,,,,,,,,,,,,,,,,,,,,,,,,,,,,,,,,,,,,
Q00499,154,Q00499,,Bacteria,Paracoccus versutus,34007,,,1,20,,,,,,,,,,,,,,,,,,,,,,,,,,,,,,,,,,,,,,,,,,,,,,,,,,,,,,,,,,,,,,,,,,,
Q3J164,145,Q3J164,"P00095, Q93V25",Bacteria,Cereibacter sphaeroides (strain ATCC 17023 / DSM 158 / JCM 6121 / CCUG 31486 / LMG 2827 / NBRC 12203 / NCIMB 8253 / ATH 2.4.1.),272943,,,1,21,ECO:0000269,,,,,,,,,,,,,,,,,,,,,,,,,,,,,,,,,,,,,,,,,,,,,,,,,,,,,,,,,,,,,,,,,,
P13810,259,P13810,,Bacteria,Escherichia coli,562,,,1,18,,,,,,,,,,,,,,,,,,,,,,,,,,,,,,,,,,,,,,,,,,,,,,,,,,,,,,,,,,,,,,,,,,,
P02970,285,P02970,,Bacteria,Escherichia coli,562,,,1,21,ECO:0000269,,,,,,,,,,,,,,,,,,,,,,,,,,,,,,,,,,,,,,,,,,,,,,,,,,,,,,,,,,,,,,,,,,
P12903,182,P12903,,Bacteria,Klebsiella pneumoniae,573,,,1,23,ECO:0000269,,,,,,,,,,,,,,,,,,,,,,,,,,,,,,,,,,,,,,,,,,,,,,,,,,,,,,,,,,,,,,,,,,
Q05156,746,Q05156,,Bacteria,Streptomyces reticuli,1926,,,1,29,ECO:0000269,,,,,,,,,,,,,,,,,,,,,,,,,,,,,,,,,,,,,,,,,,,,,,,,,,,,,,,,,,,,,,,,,,
P0AET2,108,P0AET2,"P26605, Q2M7H1",Bacteria,Escherichia coli (strain K12),83333,,,1,29,"ECO:0000255, ECO:0000269",,,,,,,,,,,,,,,,,,,,,,,,,,,,,,,,,,,,,,,,,,,,,,,,,,,,,,,,,,,,,,,,,,
P48823,598,P48823,,Bacteria,Pseudoalteromonas piscicida,43662,,,1,11,ECO:0000269,,,,,,,,,,,,,,,,,,,,,,,,,,,,,,,,,,,,,,,,,,,,,,,,,,,,,,,,,,,,,,,,,,
P17323,46,P17323,,Bacteria,Pseudomonas aeruginosa (strain ATCC 15692 / DSM 22644 / CIP 104116 / JCM 14847 / LMG 12228 / 1C / PRS 101 / PAO1),208964,,,1,20,"ECO:0000255, ECO:0000269",,,,,,,,,,,,,,,,,,,,,,,,,,,,,,,,,,,,,,,,,,,,,,,,,,,,,,,,,,,,,,,,,,
P16699,513,P16699,,Bacteria,Caldalkalibacillus mannanilyticus (strain DSM 16130 / CIP 109019 / JCM 10596 / AM-001),1236954,,,1,26,ECO:0000269,,,,,,,,,,,,,,,,,,,,,,,,,,,,,,,,,,,,,,,,,,,,,,,,,,,,,,,,,,,,,,,,,,
P39186,169,P39186,,Bacteria,Cupriavidus necator (strain ATCC 17699 / DSM 428 / KCTC 22496 / NCIMB 10442 / H16 / Stanier 337),381666,,,1,35,ECO:0000269,,,,,,,,,,,,,,,,,,,,,,,,,,,,,,,,,,,,,,,,,,,,,,,,,,,,,,,,,,,,,,,,,,
P30689,331,P30689,,Bacteria,Neisseria meningitidis serogroup B,491,,,1,19,,,,,,,,,,,,,,,,,,,,,,,,,,,,,,,,,,,,,,,,,,,,,,,,,,,,,,,,,,,,,,,,,,,
P06202,543,P06202,,Bacteria,Salmonella typhimurium (strain LT2 / SGSC1412 / ATCC 700720),99287,,,1,26,ECO:0000269,,,,,,,,,,,,,,,,,,,,,,,,,,,,,,,,,,,,,,,,,,,,,,,,,,,,,,,,,,,,,,,,,,
P06875,846,P06875,"Q47434, Q47435, Q47436, Q47437, Q60253",Bacteria,Escherichia coli,562,,,1,26,ECO:0000269,,,,,,,,,,,,,,,,,,,,,,,,,,,,,,,,,,,,,,,,,,,,,,,,,,,,,,,,,,,,,,,,,,
P11889,333,P11889,,Bacteria,Bacillus cereus,1396,,,1,27,ECO:0000269,,,,,,,,,,,,,,,,,,,,,,,,,,,,,,,,,,,,,,,,,,,,,,,,,,,,,,,,,,,,,,,,,,
P14262,329,P14262,,Bacteria,Bacillus cereus,1396,,,1,31,,,,,,,,,,,,,,,,,,,,,,,,,,,,,,,,,,,,,,,,,,,,,,,,,,,,,,,,,,,,,,,,,,,
P31133,370,P31133,P77289,Bacteria,Escherichia coli (strain K12),83333,,,1,26,ECO:0000269,,,,,,,,,,,,,,,,,,,,,,,,,,,,,,,,,,,,,,,,,,,,,,,,,,,,,,,,,,,,,,,,,,
P07102,432,P07102,,Bacteria,Escherichia coli (strain K12),83333,,,1,22,ECO:0000269,,,,,,,,,,,,,,,,,,,,,,,,,,,,,,,,,,,,,,,,,,,,,,,,,,,,,,,,,,,,,,,,,,
P21338,268,P21338,P77101,Bacteria,Escherichia coli (strain K12),83333,,,1,23,ECO:0000269,,,,,,,,,,,,,,,,,,,,,,,,,,,,,,,,,,,,,,,,,,,,,,,,,,,,,,,,,,,,,,,,,,
Q8NKX2,235,Q8NKX2,P13380,Bacteria,Streptococcus pyogenes serotype M18 (strain MGAS8232),186103,,,1,27,ECO:0000269,,,,,,,,,,,,,,,,,,,,,,,,,,,,,,,,,,,,,,,,,,,,,,,,,,,,,,,,,,,,,,,,,,
Q45071,513,Q45071,,Bacteria,Bacillus subtilis (strain 168),224308,,,1,26,ECO:0000269,,,,,,,,,,,,,,,,,,,,,,,,,,,,,,,,,,,,,,,,,,,,,,,,,,,,,,,,,,,,,,,,,,
P36924,546,P36924,,Bacteria,Bacillus cereus,1396,,,1,30,,,,,,,,,,,,,,,,,,,,,,,,,,,,,,,,,,,,,,,,,,,,,,,,,,,,,,,,,,,,,,,,,,,
P06548,316,P06548,,Bacteria,Bacillus cereus,1396,,,1,29,,,,,,,,,,,,,,,,,,,,,,,,,,,,,,,,,,,,,,,,,,,,,,,,,,,,,,,,,,,,,,,,,,,
P62593,286,P62593,"P00810, Q47313",Bacteria,Escherichia coli,562,,,1,23,ECO:0000269,,,,,,,,,,,,,,,,,,,,,,,,,,,,,,,,,,,,,,,,,,,,,,,,,,,,,,,,,,,,,,,,,,
P22391,291,P22391,Q9S6S0,Bacteria,Klebsiella oxytoca,571,,,1,24,,,,,,,,,,,,,,,,,,,,,,,,,,,,,,,,,,,,,,,,,,,,,,,,,,,,,,,,,,,,,,,,,,,
P07254,563,P07254,Q54275,Bacteria,Serratia marcescens,615,,,1,23,ECO:0000269,,,,,,,,,,,,,,,,,,,,,,,,,,,,,,,,,,,,,,,,,,,,,,,,,,,,,,,,,,,,,,,,,,
Q02760,285,Q02760,,Bacteria,Cereibacter sphaeroides,1063,,,1,22,,251,269,ECO:0000255,,,,,,,,,,,,,,,,,,,,,,,,,,,,,,,,,,,,,,,,,,,,,,,,,,,,,,,,,,,,,,,
P0A386,163,P0A386,"P56150, Q9ETF4",Bacteria,Thermosynechococcus vestitus (strain NIES-2133 / IAM M-273 / BP-1),197221,,,1,26,"ECO:0000255, ECO:0000269",,,,,,,,,,,,,,,,,,,,,,,,,,,,,,,,,,,,,,,,,,,,,,,,,,,,,,,,,,,,,,,,,,
P04032,103,P04032,,Bacteria,Nitratidesulfovibrio vulgaris (strain ATCC 29579 / DSM 644 / CCUG 34227 / NCIMB 8303 / VKM B-1760 / Hildenborough),882,,,1,24,ECO:0000269,,,,,,,,,,,,,,,,,,,,,,,,,,,,,,,,,,,,,,,,,,,,,,,,,,,,,,,,,,,,,,,,,,
P95522,338,P95522,,Bacteria,Leptolyngbya laminosa,477181,,,1,45,,300,316,ECO:0000255,,,,,,,,,,,,,,,,,,,,,,,,,,,,,,,,,,,,,,,,,,,,,,,,,,,,,,,,,,,,,,,
P39099,455,P39099,Q2M8X9,Bacteria,Escherichia coli (strain K12),83333,,,1,27,ECO:0000269,,,,,,,,,,,,,,,,,,,,,,,,,,,,,,,,,,,,,,,,,,,,,,,,,,,,,,,,,,,,,,,,,,
P39653,1337,P39653,,Bacteria,Streptococcus downei,1317,,,1,30,ECO:0000269,,,,,,,,,,,,,,,,,,,,,,,,,,,,,,,,,,,,,,,,,,,,,,,,,,,,,,,,,,,,,,,,,,
P38540,91,P38540,Q59541,Bacteria,Methylophilus methylotrophus,17,,,1,22,ECO:0000269,,,,,,,,,,,,,,,,,,,,,,,,,,,,,,,,,,,,,,,,,,,,,,,,,,,,,,,,,,,,,,,,,,
P43528,263,P43528,,Bacteria,Escherichia coli,562,,,1,20,,,,,,,,,,,,,,,,,,,,,,,,,,,,,,,,,,,,,,,,,,,,,,,,,,,,,,,,,,,,,,,,,,,
P36912,335,P36912,,Bacteria,Elizabethkingia meningoseptica,238,,,1,45,,,,,,,,,,,,,,,,,,,,,,,,,,,,,,,,,,,,,,,,,,,,,,,,,,,,,,,,,,,,,,,,,,,
P16869,729,P16869,P77292,Bacteria,Escherichia coli (strain K12),83333,,,1,36,ECO:0000269,,,,,,,,,,,,,,,,,,,,,,,,,,,,,,,,,,,,,,,,,,,,,,,,,,,,,,,,,,,,,,,,,,
P65764,270,P65764,Q8X880,Bacteria,Escherichia coli O6:H1 (strain CFT073 / ATCC 700928 / UPEC),199310,,,1,25,,,,,,,,,,,,,,,,,,,,,,,,,,,,,,,,,,,,,,,,,,,,,,,,,,,,,,,,,,,,,,,,,,,
P10475,499,P10475,,Bacteria,Bacillus subtilis (strain 168),224308,,,1,29,ECO:0000269,,,,,,,,,,,,,,,,,,,,,,,,,,,,,,,,,,,,,,,,,,,,,,,,,,,,,,,,,,,,,,,,,,
Q2YK18,114,Q2YK18,,Bacteria,Brucella abortus (strain 2308),359391,,,1,26,"ECO:0000255, ECO:0000269",,,,,,,,,,,,,,,,,,,,,,,,,,,,,,,,,,,,,,,,,,,,,,,,,,,,,,,,,,,,,,,,,,
P00260,122,P00260,"D3RMQ3, P96753, Q9R4K3",Bacteria,Allochromatium vinosum (strain ATCC 17899 / DSM 180 / NBRC 103801 / NCIMB 10441 / D),572477,,,1,37,ECO:0000269,,,,,,,,,,,,,,,,,,,,,,,,,,,,,,,,,,,,,,,,,,,,,,,,,,,,,,,,,,,,,,,,,,
P61317,203,P61317,"P39178, Q8X5H8",Bacteria,Escherichia coli O6:H1 (strain CFT073 / ATCC 700928 / UPEC),199310,,,1,21,,,,,,,,,,,,,,,,,,,,,,,,,,,,,,,,,,,,,,,,,,,,,,,,,,,,,,,,,,,,,,,,,,,
P0A5Q4,228,P9WIN8,"L0TB55, P0A5Q4, P19996",Bacteria,Mycobacterium tuberculosis (strain CDC 1551 / Oshkosh),83331,,,1,23,ECO:0000250,,,,,,,,,,,,,,,,,,,,,,,,,,,,,,,,,,,,,,,,,,,,,,,,,,,,,,,,,,,,,,,,,,
Q07408,282,Q07408,,Bacteria,Anaplasma marginale,770,,,1,29,"ECO:0000255, ECO:0000269",,,,,,,,,,,,,,,,,,,,,,,,,,,,,,,,,,,,,,,,,,,,,,,,,,,,,,,,,,,,,,,,,,
P0A3R9,147,P0A3R9,P01550,Bacteria,Streptomyces carzinostaticus,1897,,,1,34,ECO:0000269,,,,,,,,,,,,,,,,,,,,,,,,,,,,,,,,,,,,,,,,,,,,,,,,,,,,,,,,,,,,,,,,,,
P33590,524,P33590,Q2M7D9,Bacteria,Escherichia coli (strain K12),83333,,,1,22,,,,,,,,,,,,,,,,,,,,,,,,,,,,,,,,,,,,,,,,,,,,,,,,,,,,,,,,,,,,,,,,,,,
Q02937,365,Q02937,,Bacteria,Actinobacillus pleuropneumoniae,715,,,1,19,,,,,,,,,,,,,,,,,,,,,,,,,,,,,,,,,,,,,,,,,,,,,,,,,,,,,,,,,,,,,,,,,,,
P04845,359,P04845,,Bacteria,Serratia marcescens,615,,,1,21,ECO:0000255,27,37,ECO:0000255,62,73,ECO:0000255,77,85,ECO:0000255,103,114,ECO:0000255,119,127,ECO:0000255,154,163,ECO:0000255,168,175,ECO:0000255,194,202,ECO:0000255,,,,,,,,,,,,,,,,,,,,,,,,,,,,,,,,,,,,,,,,,,
Q48221,353,Q48221,,Bacteria,Haemophilus influenzae,727,,,1,20,,,,,,,,,,,,,,,,,,,,,,,,,,,,,,,,,,,,,,,,,,,,,,,,,,,,,,,,,,,,,,,,,,,
P0AFI5,310,P0AFI5,"P33364, Q2MAU5",Bacteria,Escherichia coli (strain K12),83333,,,1,25,ECO:0000269,,,,,,,,,,,,,,,,,,,,,,,,,,,,,,,,,,,,,,,,,,,,,,,,,,,,,,,,,,,,,,,,,,
P0C1C0,374,P0C1C0,"P11430, P16529, Q06113, Q47468",Bacteria,Pectobacterium carotovorum,554,,,1,22,ECO:0000269,,,,,,,,,,,,,,,,,,,,,,,,,,,,,,,,,,,,,,,,,,,,,,,,,,,,,,,,,,,,,,,,,,
P13063,315,P13063,,Bacteria,Desulfomicrobium baculatum,899,,,1,32,"ECO:0000255, ECO:0000269",,,,,,,,,,,,,,,,,,,,,,,,,,,,,,,,,,,,,,,,,,,,,,,,,,,,,,,,,,,,,,,,,,
P21163,354,P21163,,Bacteria,Elizabethkingia miricola,172045,,,1,40,ECO:0000269,,,,,,,,,,,,,,,,,,,,,,,,,,,,,,,,,,,,,,,,,,,,,,,,,,,,,,,,,,,,,,,,,,
P0AFK9,348,P0AFK9,P23861,Bacteria,Escherichia coli (strain K12),83333,,,1,23,ECO:0000269,,,,,,,,,,,,,,,,,,,,,,,,,,,,,,,,,,,,,,,,,,,,,,,,,,,,,,,,,,,,,,,,,,
Q9F1L5,134,Q9F1L5,,Bacteria,Thermosynechococcus vestitus (strain NIES-2133 / IAM M-273 / BP-1),197221,,,1,30,"ECO:0000255, ECO:0000269",,,,,,,,,,,,,,,,,,,,,,,,,,,,,,,,,,,,,,,,,,,,,,,,,,,,,,,,,,,,,,,,,,
P01006,144,P01006,,Bacteria,Streptomyces albogriseolus,1887,,,1,31,ECO:0000269,,,,,,,,,,,,,,,,,,,,,,,,,,,,,,,,,,,,,,,,,,,,,,,,,,,,,,,,,,,,,,,,,,
Q06987,908,Q06987,,Bacteria,Neisseria meningitidis serogroup B,491,,,1,24,ECO:0000269,,,,,,,,,,,,,,,,,,,,,,,,,,,,,,,,,,,,,,,,,,,,,,,,,,,,,,,,,,,,,,,,,,
P02930,493,P02930,Q2M9G5,Bacteria,Escherichia coli (strain K12),83333,,,1,22,ECO:0000269,63,74,"ECO:0000305, ECO:0007744",83,96,"ECO:0000305, ECO:0007744",269,279,"ECO:0000305, ECO:0007744",301,311,"ECO:0000305, ECO:0007744",,,,,,,,,,,,,,,,,,,,,,,,,,,,,,,,,,,,,,,,,,,,,,,,,,,,,,
P04979,227,P04979,,Bacteria,Bordetella pertussis (strain Tohama I / ATCC BAA-589 / NCTC 13251),257313,,,1,28,,,,,,,,,,,,,,,,,,,,,,,,,,,,,,,,,,,,,,,,,,,,,,,,,,,,,,,,,,,,,,,,,,,
Q48245,1287,Q48245,Q9R5K9,Bacteria,Helicobacter pylori,210,,,1,33,ECO:0000269,,,,,,,,,,,,,,,,,,,,,,,,,,,,,,,,,,,,,,,,,,,,,,,,,,,,,,,,,,,,,,,,,,
P37387,330,P37387,Q2M7M9,Bacteria,Escherichia coli (strain K12),83333,,,1,23,ECO:0000269,,,,,,,,,,,,,,,,,,,,,,,,,,,,,,,,,,,,,,,,,,,,,,,,,,,,,,,,,,,,,,,,,,
P0AAX8,306,P0AAX8,P75789,Bacteria,Escherichia coli (strain K12),83333,,,1,24,ECO:0000269,,,,,,,,,,,,,,,,,,,,,,,,,,,,,,,,,,,,,,,,,,,,,,,,,,,,,,,,,,,,,,,,,,
O31803,250,O31803,,Bacteria,Bacillus subtilis (strain 168),224308,,,1,47,ECO:0000269,,,,,,,,,,,,,,,,,,,,,,,,,,,,,,,,,,,,,,,,,,,,,,,,,,,,,,,,,,,,,,,,,,
P07883,309,P07883,,Bacteria,Streptomyces coelicolor (strain ATCC BAA-471 / A3(2) / M145),100226,,,1,30,"ECO:0000255, ECO:0000269",,,,,,,,,,,,,,,,,,,,,,,,,,,,,,,,,,,,,,,,,,,,,,,,,,,,,,,,,,,,,,,,,,
P06278,512,P06278,"Q45283, Q84I71",Bacteria,Bacillus licheniformis,1402,,,1,29,ECO:0000269,,,,,,,,,,,,,,,,,,,,,,,,,,,,,,,,,,,,,,,,,,,,,,,,,,,,,,,,,,,,,,,,,,
P00805,348,P00805,Q2M9N6,Bacteria,Escherichia coli (strain K12),83333,,,1,22,ECO:0000269,,,,,,,,,,,,,,,,,,,,,,,,,,,,,,,,,,,,,,,,,,,,,,,,,,,,,,,,,,,,,,,,,,
P0A3T3,329,P0A3T3,"P12920, Q57CU7",Bacteria,Brucella abortus biovar 1 (strain 9-941),262698,,,1,28,,,,,,,,,,,,,,,,,,,,,,,,,,,,,,,,,,,,,,,,,,,,,,,,,,,,,,,,,,,,,,,,,,,
Q44856,118,Q44856,,Bacteria,Brevibacillus choshinensis,54911,,,1,27,ECO:0000269,,,,,,,,,,,,,,,,,,,,,,,,,,,,,,,,,,,,,,,,,,,,,,,,,,,,,,,,,,,,,,,,,,
P25910,249,P25910,,Bacteria,Bacteroides fragilis,817,,,1,18,"ECO:0000255, ECO:0000305",,,,,,,,,,,,,,,,,,,,,,,,,,,,,,,,,,,,,,,,,,,,,,,,,,,,,,,,,,,,,,,,,,
P08704,655,P08704,,Bacteria,Klebsiella oxytoca,571,,,1,30,,,,,,,,,,,,,,,,,,,,,,,,,,,,,,,,,,,,,,,,,,,,,,,,,,,,,,,,,,,,,,,,,,,
P33673,301,P33673,,Bacteria,Niallia circulans,1397,,,1,42,,,,,,,,,,,,,,,,,,,,,,,,,,,,,,,,,,,,,,,,,,,,,,,,,,,,,,,,,,,,,,,,,,,
P0C1D7,657,P0C1D7,Q01377,Bacteria,Corynebacterium melassecola,41643,,,1,43,,,,,,,,,,,,,,,,,,,,,,,,,,,,,,,,,,,,,,,,,,,,,,,,,,,,,,,,,,,,,,,,,,,
P24059,104,P24059,P30965,Bacteria,Bradyrhizobium diazoefficiens (strain JCM 10833 / BCRC 13528 / IAM 13628 / NBRC 14792 / USDA 110),224911,,,1,23,ECO:0000269,,,,,,,,,,,,,,,,,,,,,,,,,,,,,,,,,,,,,,,,,,,,,,,,,,,,,,,,,,,,,,,,,,
Q57366,822,Q57366,Q53077,Bacteria,Cereibacter sphaeroides,1063,,,1,42,"ECO:0000255, ECO:0000269",,,,,,,,,,,,,,,,,,,,,,,,,,,,,,,,,,,,,,,,,,,,,,,,,,,,,,,,,,,,,,,,,,
P0A0L8,258,P0A0L8,"O85382, Q52T98",Bacteria,Staphylococcus aureus,1280,,,1,25,,,,,,,,,,,,,,,,,,,,,,,,,,,,,,,,,,,,,,,,,,,,,,,,,,,,,,,,,,,,,,,,,,,
P20861,174,P20861,,Bacteria,Escherichia coli,562,,,1,21,,,,,,,,,,,,,,,,,,,,,,,,,,,,,,,,,,,,,,,,,,,,,,,,,,,,,,,,,,,,,,,,,,,
P35755,332,P35755,Q53439,Bacteria,Haemophilus influenzae (strain ATCC 51907 / DSM 11121 / KW20 / Rd),71421,,,1,23,ECO:0000269,,,,,,,,,,,,,,,,,,,,,,,,,,,,,,,,,,,,,,,,,,,,,,,,,,,,,,,,,,,,,,,,,,
P83674,47,P83674,"P83676, P83677, Q8VLK0, Q9K381",Bacteria,Mediterraneibacter gnavus,33038,,,1,23,ECO:0000269,,,,,,,,,,,,,,,,,,,,,,,,,,,,,,,,,,,,,,,,,,,,,,,,,,,,,,,,,,,,,,,,,,
P17451,393,P17451,,Bacteria,Chlamydia trachomatis,813,,,1,22,,,,,,,,,,,,,,,,,,,,,,,,,,,,,,,,,,,,,,,,,,,,,,,,,,,,,,,,,,,,,,,,,,,
P38501,376,P38501,,Bacteria,Alcaligenes faecalis,511,,,1,33,"ECO:0000255, ECO:0000269",,,,,,,,,,,,,,,,,,,,,,,,,,,,,,,,,,,,,,,,,,,,,,,,,,,,,,,,,,,,,,,,,,
Q51922,193,Q51922,,Bacteria,Pasteurella multocida (strain Pm70),272843,,,1,23,,,,,,,,,,,,,,,,,,,,,,,,,,,,,,,,,,,,,,,,,,,,,,,,,,,,,,,,,,,,,,,,,,,
P12943,288,P12943,,Bacteria,Megalodesulfovibrio gigas,879,,,1,23,ECO:0000269,,,,,,,,,,,,,,,,,,,,,,,,,,,,,,,,,,,,,,,,,,,,,,,,,,,,,,,,,,,,,,,,,,
P28581,249,P28581,,Bacteria,Morganella morganii,582,,,1,20,ECO:0000269,,,,,,,,,,,,,,,,,,,,,,,,,,,,,,,,,,,,,,,,,,,,,,,,,,,,,,,,,,,,,,,,,,
P38538,1116,P38538,,Bacteria,Brevibacillus choshinensis,54911,,,1,53,ECO:0000269,,,,,,,,,,,,,,,,,,,,,,,,,,,,,,,,,,,,,,,,,,,,,,,,,,,,,,,,,,,,,,,,,,
P19909,593,P19909,,Bacteria,Streptococcus sp. group G,1320,,,1,33,,,,,,,,,,,,,,,,,,,,,,,,,,,,,,,,,,,,,,,,,,,,,,,,,,,,,,,,,,,,,,,,,,,
P16055,141,P16055,O83201,Bacteria,Treponema pallidum (strain DSM 117211 / Nichols),243276,,,1,17,,,,,,,,,,,,,,,,,,,,,,,,,,,,,,,,,,,,,,,,,,,,,,,,,,,,,,,,,,,,,,,,,,,
P31830,530,P31830,,Bacteria,Listeria seeligeri,1640,,,1,25,ECO:0000255,215,228,ECO:0000250,235,244,ECO:0000250,313,322,ECO:0000250,330,342,ECO:0000250,,,,,,,,,,,,,,,,,,,,,,,,,,,,,,,,,,,,,,,,,,,,,,,,,,,,,,
Q9RU24,594,Q9RU24,,Bacteria,Deinococcus radiodurans (strain ATCC 13939 / DSM 20539 / JCM 16871 / CCUG 27074 / LMG 4051 / NBRC 15346 / NCIMB 9279 / VKM B-1422 / R1),243230,,,1,18,ECO:0000269,,,,,,,,,,,,,,,,,,,,,,,,,,,,,,,,,,,,,,,,,,,,,,,,,,,,,,,,,,,,,,,,,,
P0ADU5,130,P0ADU5,"P52083, Q2M9H6",Bacteria,Escherichia coli (strain K12),83333,,,1,20,ECO:0000269,,,,,,,,,,,,,,,,,,,,,,,,,,,,,,,,,,,,,,,,,,,,,,,,,,,,,,,,,,,,,,,,,,
P39325,318,P39325,Q2M678,Bacteria,Escherichia coli (strain K12),83333,,,1,21,ECO:0000269,,,,,,,,,,,,,,,,,,,,,,,,,,,,,,,,,,,,,,,,,,,,,,,,,,,,,,,,,,,,,,,,,,
P13734,505,P13734,,Bacteria,Pseudoalteromonas atlantica,288,,,1,23,ECO:0000255,,,,,,,,,,,,,,,,,,,,,,,,,,,,,,,,,,,,,,,,,,,,,,,,,,,,,,,,,,,,,,,,,,
P02924,329,P02924,,Bacteria,Escherichia coli (strain K12),83333,,,1,23,ECO:0000269,,,,,,,,,,,,,,,,,,,,,,,,,,,,,,,,,,,,,,,,,,,,,,,,,,,,,,,,,,,,,,,,,,
Q47066,291,Q47066,,Bacteria,Escherichia coli,562,,,1,29,,,,,,,,,,,,,,,,,,,,,,,,,,,,,,,,,,,,,,,,,,,,,,,,,,,,,,,,,,,,,,,,,,,
P37028,266,P37028,P77436,Bacteria,Escherichia coli (strain K12),83333,,,1,22,ECO:0000269,,,,,,,,,,,,,,,,,,,,,,,,,,,,,,,,,,,,,,,,,,,,,,,,,,,,,,,,,,,,,,,,,,
P17692,713,P17692,,Bacteria,Bacillus sp. (strain B1018),1417,,,1,27,ECO:0000269,,,,,,,,,,,,,,,,,,,,,,,,,,,,,,,,,,,,,,,,,,,,,,,,,,,,,,,,,,,,,,,,,,
P20533,699,P20533,,Bacteria,Niallia circulans,1397,,,1,41,,,,,,,,,,,,,,,,,,,,,,,,,,,,,,,,,,,,,,,,,,,,,,,,,,,,,,,,,,,,,,,,,,,
P12375,328,P12375,,Bacteria,Pseudomonas syringae pv. tomato,323,,,1,27,ECO:0000269,,,,,,,,,,,,,,,,,,,,,,,,,,,,,,,,,,,,,,,,,,,,,,,,,,,,,,,,,,,,,,,,,,
P28307,151,P28307,,Bacteria,Escherichia coli (strain K12),83333,,,1,20,ECO:0000269,,,,,,,,,,,,,,,,,,,,,,,,,,,,,,,,,,,,,,,,,,,,,,,,,,,,,,,,,,,,,,,,,,
P13650,478,P13650,,Bacteria,Acinetobacter calcoaceticus,471,,,1,24,,,,,,,,,,,,,,,,,,,,,,,,,,,,,,,,,,,,,,,,,,,,,,,,,,,,,,,,,,,,,,,,,,,
P32890,124,P32890,"P01557, P13768",Bacteria,Escherichia coli,562,,,1,21,ECO:0000269,,,,,,,,,,,,,,,,,,,,,,,,,,,,,,,,,,,,,,,,,,,,,,,,,,,,,,,,,,,,,,,,,,
P20723,258,P20723,,Bacteria,Staphylococcus aureus,1280,,,1,25,,,,,,,,,,,,,,,,,,,,,,,,,,,,,,,,,,,,,,,,,,,,,,,,,,,,,,,,,,,,,,,,,,,
P18103,181,P18103,,Bacteria,Escherichia coli,562,,,1,22,,,,,,,,,,,,,,,,,,,,,,,,,,,,,,,,,,,,,,,,,,,,,,,,,,,,,,,,,,,,,,,,,,,
P54700,245,P54700,,Bacteria,Salmonella typhimurium (strain LT2 / SGSC1412 / ATCC 700720),99287,,,1,21,ECO:0000269,45,65,ECO:0000255,88,108,ECO:0000255,185,205,ECO:0000255,209,229,ECO:0000255,,,,,,,,,,,,,,,,,,,,,,,,,,,,,,,,,,,,,,,,,,,,,,,,,,,,,,
P12616,534,P12616,,Bacteria,Actinomyces naeslundii,1655,,,1,32,,,,,,,,,,,,,,,,,,,,,,,,,,,,,,,,,,,,,,,,,,,,,,,,,,,,,,,,,,,,,,,,,,,
Q9Z4P0,588,Q9Z4P0,Q07ZY8,Bacteria,Shewanella frigidimarina (strain NCIMB 400),318167,,,1,22,ECO:0000269,,,,,,,,,,,,,,,,,,,,,,,,,,,,,,,,,,,,,,,,,,,,,,,,,,,,,,,,,,,,,,,,,,
P28623,515,P28623,D9SUH3,Bacteria,Clostridium cellulovorans (strain ATCC 35296 / DSM 3052 / OCM 3 / 743B),573061,,,1,31,ECO:0000269,,,,,,,,,,,,,,,,,,,,,,,,,,,,,,,,,,,,,,,,,,,,,,,,,,,,,,,,,,,,,,,,,,
P15704,448,P15704,,Bacteria,Clostridium saccharobutylicum,169679,,,1,34,,,,,,,,,,,,,,,,,,,,,,,,,,,,,,,,,,,,,,,,,,,,,,,,,,,,,,,,,,,,,,,,,,,
P0A074,309,P0A074,"P31714, Q07225, Q53689, Q53690",Bacteria,Staphylococcus aureus,1280,,,1,29,ECO:0000269,,,,,,,,,,,,,,,,,,,,,,,,,,,,,,,,,,,,,,,,,,,,,,,,,,,,,,,,,,,,,,,,,,
P16466,1577,P16466,,Bacteria,Proteus mirabilis,584,,,1,29,ECO:0000269,,,,,,,,,,,,,,,,,,,,,,,,,,,,,,,,,,,,,,,,,,,,,,,,,,,,,,,,,,,,,,,,,,
Q59634,813,P0CZ01,"Q59634, Q6AAT4",Bacteria,Cutibacterium acnes (strain DSM 16379 / KPA171202),267747,,,1,32,ECO:0000255,,,,,,,,,,,,,,,,,,,,,,,,,,,,,,,,,,,,,,,,,,,,,,,,,,,,,,,,,,,,,,,,,,
Q7BCK4,1102,Q7BCK4,"Q52298, Q6WE27, Q99Q93",Bacteria,Shigella flexneri,623,,,1,52,ECO:0000269,808,816,ECO:0000305,819,827,ECO:0000305,846,854,ECO:0000305,863,871,ECO:0000305,912,920,ECO:0000305,925,933,ECO:0000305,942,950,ECO:0000305,955,963,ECO:0000305,969,977,ECO:0000305,982,990,ECO:0000305,1003,1011,ECO:0000305,1027,1035,ECO:0000305,1060,1068,ECO:0000305,1072,1080,ECO:0000305,1094,1102,ECO:0000305,,,,,,,,,,,,,,,,,,,,,
P26876,311,P26876,,Bacteria,Pseudomonas aeruginosa (strain ATCC 15692 / DSM 22644 / CIP 104116 / JCM 14847 / LMG 12228 / 1C / PRS 101 / PAO1),208964,,,1,26,ECO:0000269,,,,,,,,,,,,,,,,,,,,,,,,,,,,,,,,,,,,,,,,,,,,,,,,,,,,,,,,,,,,,,,,,,
P54421,334,P54421,O07574,Bacteria,Bacillus subtilis (strain 168),224308,,,1,25,ECO:0000269,,,,,,,,,,,,,,,,,,,,,,,,,,,,,,,,,,,,,,,,,,,,,,,,,,,,,,,,,,,,,,,,,,
P19401,564,P19401,Q6LCZ1,Bacteria,Streptococcus pyogenes,1314,,,1,41,ECO:0000269,,,,,,,,,,,,,,,,,,,,,,,,,,,,,,,,,,,,,,,,,,,,,,,,,,,,,,,,,,,,,,,,,,
P08089,483,P08089,,Bacteria,Streptococcus pyogenes,1314,,,1,42,,,,,,,,,,,,,,,,,,,,,,,,,,,,,,,,,,,,,,,,,,,,,,,,,,,,,,,,,,,,,,,,,,,
Q70YI1,233,Q70YI1,"P20380, P69059, Q549M0",Bacteria,Legionella pneumophila,446,,,1,20,ECO:0000269,,,,,,,,,,,,,,,,,,,,,,,,,,,,,,,,,,,,,,,,,,,,,,,,,,,,,,,,,,,,,,,,,,
P23732,396,P23732,,Bacteria,Chlamydia trachomatis,813,,,1,22,,,,,,,,,,,,,,,,,,,,,,,,,,,,,,,,,,,,,,,,,,,,,,,,,,,,,,,,,,,,,,,,,,,
Q00749,420,Q00749,,Bacteria,Streptococcus mutans serotype c (strain ATCC 700610 / UA159),210007,,,1,22,ECO:0000255,,,,,,,,,,,,,,,,,,,,,,,,,,,,,,,,,,,,,,,,,,,,,,,,,,,,,,,,,,,,,,,,,,
P24474,568,P24474,,Bacteria,Pseudomonas aeruginosa (strain ATCC 15692 / DSM 22644 / CIP 104116 / JCM 14847 / LMG 12228 / 1C / PRS 101 / PAO1),208964,,,1,25,ECO:0000269,,,,,,,,,,,,,,,,,,,,,,,,,,,,,,,,,,,,,,,,,,,,,,,,,,,,,,,,,,,,,,,,,,
Q51705,652,Q51705,,Bacteria,Paracoccus denitrificans,266,,,1,57,ECO:0000269,,,,,,,,,,,,,,,,,,,,,,,,,,,,,,,,,,,,,,,,,,,,,,,,,,,,,,,,,,,,,,,,,,
P19406,461,P19406,,Bacteria,Bacillus subtilis (strain 168),224308,,,1,41,ECO:0000269,,,,,,,,,,,,,,,,,,,,,,,,,,,,,,,,,,,,,,,,,,,,,,,,,,,,,,,,,,,,,,,,,,
Q81HT3,291,Q81HT3,,Bacteria,Bacillus cereus (strain ATCC 14579 / DSM 31 / CCUG 7414 / JCM 2152 / NBRC 15305 / NCIMB 9373 / NCTC 2599 / NRRL B-3711),226900,,,1,28,ECO:0000269,49,69,ECO:0000255,91,111,ECO:0000255,,,,,,,,,,,,,,,,,,,,,,,,,,,,,,,,,,,,,,,,,,,,,,,,,,,,,,,,,,,,
P00648,157,P00648,,Bacteria,Bacillus amyloliquefaciens,1390,,,1,34,,,,,,,,,,,,,,,,,,,,,,,,,,,,,,,,,,,,,,,,,,,,,,,,,,,,,,,,,,,,,,,,,,,
P21130,472,P21130,,Bacteria,Bacillus amyloliquefaciens,1390,,,1,29,ECO:0000255,,,,,,,,,,,,,,,,,,,,,,,,,,,,,,,,,,,,,,,,,,,,,,,,,,,,,,,,,,,,,,,,,,
P13430,163,P13430,Q0TL48,Bacteria,Escherichia coli O6:K15:H31 (strain 536 / UPEC),362663,,,1,22,ECO:0000269,,,,,,,,,,,,,,,,,,,,,,,,,,,,,,,,,,,,,,,,,,,,,,,,,,,,,,,,,,,,,,,,,,
P37194,188,P37194,"P76709, Q2M7G8",Bacteria,Escherichia coli (strain K12),83333,,,1,18,,,,,,,,,,,,,,,,,,,,,,,,,,,,,,,,,,,,,,,,,,,,,,,,,,,,,,,,,,,,,,,,,,,
P0AGC3,645,P0AGC3,"P03810, P76820, Q2M5S5, Q8XB18",Bacteria,Escherichia coli (strain K12),83333,,,1,27,ECO:0000269,,,,,,,,,,,,,,,,,,,,,,,,,,,,,,,,,,,,,,,,,,,,,,,,,,,,,,,,,,,,,,,,,,
Q55025,339,Q55025,Q8KUU0,Bacteria,Synechococcus elongatus (strain ATCC 33912 / PCC 7942 / FACHB-805),1140,,,1,31,ECO:0000269,,,,,,,,,,,,,,,,,,,,,,,,,,,,,,,,,,,,,,,,,,,,,,,,,,,,,,,,,,,,,,,,,,
P00779,440,P00779,,Bacteria,Streptococcus dysgalactiae subsp. equisimilis,119602,,,1,26,ECO:0000269,,,,,,,,,,,,,,,,,,,,,,,,,,,,,,,,,,,,,,,,,,,,,,,,,,,,,,,,,,,,,,,,,,
P0C2E9,500,P0C2E9,P19995,Bacteria,Clostridium perfringens (strain 13 / Type A),195102,,,1,28,ECO:0000269,189,202,ECO:0000250,209,218,ECO:0000250,287,296,ECO:0000250,304,316,ECO:0000250,,,,,,,,,,,,,,,,,,,,,,,,,,,,,,,,,,,,,,,,,,,,,,,,,,,,,,
P29724,353,P29724,O83339,Bacteria,Treponema pallidum (strain DSM 117211 / Nichols),243276,,,1,20,,,,,,,,,,,,,,,,,,,,,,,,,,,,,,,,,,,,,,,,,,,,,,,,,,,,,,,,,,,,,,,,,,,
P46923,809,P46923,"P76292, P97187",Bacteria,Escherichia coli (strain K12),83333,,,1,31,"ECO:0000255, ECO:0000269",,,,,,,,,,,,,,,,,,,,,,,,,,,,,,,,,,,,,,,,,,,,,,,,,,,,,,,,,,,,,,,,,,
P00775,259,P00775,,Bacteria,Streptomyces griseus,1911,,,1,32,,,,,,,,,,,,,,,,,,,,,,,,,,,,,,,,,,,,,,,,,,,,,,,,,,,,,,,,,,,,,,,,,,,
P19247,471,P19247,,Bacteria,Vibrio vulnificus (strain CMCP6),216895,,,1,20,,,,,,,,,,,,,,,,,,,,,,,,,,,,,,,,,,,,,,,,,,,,,,,,,,,,,,,,,,,,,,,,,,,
P54423,894,P54423,O06726,Bacteria,Bacillus subtilis (strain 168),224308,,,1,31,ECO:0000269,,,,,,,,,,,,,,,,,,,,,,,,,,,,,,,,,,,,,,,,,,,,,,,,,,,,,,,,,,,,,,,,,,
P94356,180,P94356,Q794X5,Bacteria,Bacillus subtilis (strain 168),224308,,,1,30,ECO:0000269,,,,,,,,,,,,,,,,,,,,,,,,,,,,,,,,,,,,,,,,,,,,,,,,,,,,,,,,,,,,,,,,,,
P09166,492,P09166,,Bacteria,Aeromonas enteropelogenes,29489,,,1,21,,,,,,,,,,,,,,,,,,,,,,,,,,,,,,,,,,,,,,,,,,,,,,,,,,,,,,,,,,,,,,,,,,,
P00692,514,P00692,,Bacteria,Bacillus amyloliquefaciens,1390,,,1,31,ECO:0000269,,,,,,,,,,,,,,,,,,,,,,,,,,,,,,,,,,,,,,,,,,,,,,,,,,,,,,,,,,,,,,,,,,
P45091,239,P45091,,Bacteria,Haemophilus influenzae (strain ATCC 51907 / DSM 11121 / KW20 / Rd),71421,,,1,19,ECO:0000269,,,,,,,,,,,,,,,,,,,,,,,,,,,,,,,,,,,,,,,,,,,,,,,,,,,,,,,,,,,,,,,,,,
P01551,143,P01551,,Bacteria,Streptomyces globisporus,1908,,,1,33,ECO:0000269,,,,,,,,,,,,,,,,,,,,,,,,,,,,,,,,,,,,,,,,,,,,,,,,,,,,,,,,,,,,,,,,,,
P00150,149,P00150,,Bacteria,Rhodopseudomonas palustris (strain ATCC BAA-98 / CGA009),258594,,,1,20,ECO:0000269,,,,,,,,,,,,,,,,,,,,,,,,,,,,,,,,,,,,,,,,,,,,,,,,,,,,,,,,,,,,,,,,,,
P59807,1021,P59807,D0V0C9,Bacteria,Proteus vulgaris,585,,,1,24,ECO:0000269,,,,,,,,,,,,,,,,,,,,,,,,,,,,,,,,,,,,,,,,,,,,,,,,,,,,,,,,,,,,,,,,,,
P31797,711,P31797,,Bacteria,Geobacillus stearothermophilus,1422,,,1,31,ECO:0000269,,,,,,,,,,,,,,,,,,,,,,,,,,,,,,,,,,,,,,,,,,,,,,,,,,,,,,,,,,,,,,,,,,
P0A1E7,151,P0A1E7,P55225,Bacteria,Salmonella enteritidis,149539,,,1,20,ECO:0000269,,,,,,,,,,,,,,,,,,,,,,,,,,,,,,,,,,,,,,,,,,,,,,,,,,,,,,,,,,,,,,,,,,
P07625,139,P07625,Q16DT2,Bacteria,Roseobacter denitrificans (strain ATCC 33942 / OCh 114),375451,,,1,20,ECO:0000269,,,,,,,,,,,,,,,,,,,,,,,,,,,,,,,,,,,,,,,,,,,,,,,,,,,,,,,,,,,,,,,,,,
P46445,120,P46445,,Bacteria,Synechocystis sp. (strain ATCC 27184 / PCC 6803 / Kazusa),1111708,,,1,35,ECO:0000269,,,,,,,,,,,,,,,,,,,,,,,,,,,,,,,,,,,,,,,,,,,,,,,,,,,,,,,,,,,,,,,,,,
P14774,197,P14774,C5AQA7,Bacteria,Methylorubrum extorquens (strain ATCC 14718 / DSM 1338 / JCM 2805 / NCIMB 9133 / AM1),272630,,,1,25,,,,,,,,,,,,,,,,,,,,,,,,,,,,,,,,,,,,,,,,,,,,,,,,,,,,,,,,,,,,,,,,,,,
P00372,186,P00372,"C5ATK7, Q60146",Bacteria,Methylorubrum extorquens (strain ATCC 14718 / DSM 1338 / JCM 2805 / NCIMB 9133 / AM1),272630,,,1,57,"ECO:0000255, ECO:0000269",,,,,,,,,,,,,,,,,,,,,,,,,,,,,,,,,,,,,,,,,,,,,,,,,,,,,,,,,,,,,,,,,,
P37921,185,P37921,,Bacteria,Salmonella typhimurium (strain LT2 / SGSC1412 / ATCC 700720),99287,,,1,22,ECO:0000269,,,,,,,,,,,,,,,,,,,,,,,,,,,,,,,,,,,,,,,,,,,,,,,,,,,,,,,,,,,,,,,,,,
P17835,204,P17835,,Bacteria,Bordetella pertussis (strain Tohama I / ATCC BAA-589 / NCTC 13251),257313,,,1,25,,,,,,,,,,,,,,,,,,,,,,,,,,,,,,,,,,,,,,,,,,,,,,,,,,,,,,,,,,,,,,,,,,,
P02971,170,E3PPC4,P02971,Bacteria,Escherichia coli O78:H11 (strain H10407 / ETEC),316401,,,1,23,ECO:0000269,,,,,,,,,,,,,,,,,,,,,,,,,,,,,,,,,,,,,,,,,,,,,,,,,,,,,,,,,,,,,,,,,,
P0C2S4,625,P0C2S4,P04954,Bacteria,Acetivibrio thermocellus,1515,,,1,17,,,,,,,,,,,,,,,,,,,,,,,,,,,,,,,,,,,,,,,,,,,,,,,,,,,,,,,,,,,,,,,,,,,
P0C1S5,354,P0C1S5,Q9KW67,Bacteria,Staphylococcus aureus,1280,,,1,46,,,,,,,,,,,,,,,,,,,,,,,,,,,,,,,,,,,,,,,,,,,,,,,,,,,,,,,,,,,,,,,,,,,
Q5NGV7,741,Q5NGV7,,Bacteria,Francisella tularensis subsp. tularensis (strain SCHU S4 / Schu 4),177416,,,1,23,"ECO:0000255, ECO:0000269",,,,,,,,,,,,,,,,,,,,,,,,,,,,,,,,,,,,,,,,,,,,,,,,,,,,,,,,,,,,,,,,,,
Q03961,558,Q03961,,Bacteria,Escherichia coli,562,,,1,20,,,,,,,,,,,,,,,,,,,,,,,,,,,,,,,,,,,,,,,,,,,,,,,,,,,,,,,,,,,,,,,,,,,
O88038,42,O88038,,Bacteria,Streptomyces coelicolor (strain ATCC BAA-471 / A3(2) / M145),100226,,,,,,,,,,,,,,,,,,,,,,,,,,,,,,,,,,,,,,,,,,,,,,,,,,,,,,,,,,,,,,,,,,,,,,,
P25275,364,P25275,,Bacteria,Pseudomonas sp. (strain KWI-56),311,,,1,44,ECO:0000269,,,,,,,,,,,,,,,,,,,,,,,,,,,,,,,,,,,,,,,,,,,,,,,,,,,,,,,,,,,,,,,,,,
P18815,396,P18815,,Bacteria,Klebsiella aerogenes,548,,,1,26,,,,,,,,,,,,,,,,,,,,,,,,,,,,,,,,,,,,,,,,,,,,,,,,,,,,,,,,,,,,,,,,,,,
P21950,358,P21950,,Bacteria,Azotobacter vinelandii,354,,,1,45,"ECO:0000255, ECO:0000269",,,,,,,,,,,,,,,,,,,,,,,,,,,,,,,,,,,,,,,,,,,,,,,,,,,,,,,,,,,,,,,,,,
P45323,254,P45323,,Bacteria,Haemophilus influenzae (strain ATCC 51907 / DSM 11121 / KW20 / Rd),71421,,,1,24,ECO:0000269,,,,,,,,,,,,,,,,,,,,,,,,,,,,,,,,,,,,,,,,,,,,,,,,,,,,,,,,,,,,,,,,,,
P08780,397,P08780,,Bacteria,Chlamydia trachomatis,813,,,1,22,,,,,,,,,,,,,,,,,,,,,,,,,,,,,,,,,,,,,,,,,,,,,,,,,,,,,,,,,,,,,,,,,,,
Q9Z4P4,514,Q9Z4P4,,Bacteria,Sulfurospirillum deleyianum,65553,,,1,21,,,,,,,,,,,,,,,,,,,,,,,,,,,,,,,,,,,,,,,,,,,,,,,,,,,,,,,,,,,,,,,,,,,
P09146,350,P09146,,Bacteria,Klebsiella aerogenes,548,,,1,21,ECO:0000255,27,37,ECO:0000255,59,70,ECO:0000255,74,82,ECO:0000255,100,111,ECO:0000255,116,124,ECO:0000255,146,155,ECO:0000255,160,167,ECO:0000255,186,194,ECO:0000255,,,,,,,,,,,,,,,,,,,,,,,,,,,,,,,,,,,,,,,,,,
P0A434,365,P0A434,"P13739, P16648",Bacteria,Brevundimonas diminuta,293,,,1,29,"ECO:0000255, ECO:0000269",,,,,,,,,,,,,,,,,,,,,,,,,,,,,,,,,,,,,,,,,,,,,,,,,,,,,,,,,,,,,,,,,,
Q53728,556,Q53728,,Bacteria,Streptomyces antibioticus,1890,,,1,47,ECO:0000269,,,,,,,,,,,,,,,,,,,,,,,,,,,,,,,,,,,,,,,,,,,,,,,,,,,,,,,,,,,,,,,,,,
P0A432,272,P0A432,"P55221, Q54074",Bacteria,Synechococcus elongatus,32046,,,1,26,ECO:0000269,,,,,,,,,,,,,,,,,,,,,,,,,,,,,,,,,,,,,,,,,,,,,,,,,,,,,,,,,,,,,,,,,,
Q9I194,762,Q9I194,,Bacteria,Pseudomonas aeruginosa (strain ATCC 15692 / DSM 22644 / CIP 104116 / JCM 14847 / LMG 12228 / 1C / PRS 101 / PAO1),208964,,,1,23,ECO:0000269,,,,,,,,,,,,,,,,,,,,,,,,,,,,,,,,,,,,,,,,,,,,,,,,,,,,,,,,,,,,,,,,,,
P05655,473,P05655,P70984,Bacteria,Bacillus subtilis (strain 168),224308,,,1,29,ECO:0000305,,,,,,,,,,,,,,,,,,,,,,,,,,,,,,,,,,,,,,,,,,,,,,,,,,,,,,,,,,,,,,,,,,
Q9Z4N3,143,Q9Z4N3,,Bacteria,Salmonella typhimurium,90371,,,1,20,ECO:0000269,,,,,,,,,,,,,,,,,,,,,,,,,,,,,,,,,,,,,,,,,,,,,,,,,,,,,,,,,,,,,,,,,,
Q8KIL1,740,Q8KIL1,,Bacteria,Gluconobacter thailandicus,257438,,,1,29,ECO:0000269,,,,,,,,,,,,,,,,,,,,,,,,,,,,,,,,,,,,,,,,,,,,,,,,,,,,,,,,,,,,,,,,,,
P0A1X0,155,P0A1X0,Q53549,Bacteria,Salmonella typhimurium (strain LT2 / SGSC1412 / ATCC 700720),99287,,,1,17,,,,,,,,,,,,,,,,,,,,,,,,,,,,,,,,,,,,,,,,,,,,,,,,,,,,,,,,,,,,,,,,,,,
Q2FXC4,239,Q2FXC4,Q9KH49,Bacteria,Staphylococcus aureus (strain NCTC 8325 / PS 47),93061,,,1,36,ECO:0000269,,,,,,,,,,,,,,,,,,,,,,,,,,,,,,,,,,,,,,,,,,,,,,,,,,,,,,,,,,,,,,,,,,
Q2FXC8,239,Q2FXC8,Q9KH46,Bacteria,Staphylococcus aureus (strain NCTC 8325 / PS 47),93061,,,1,36,ECO:0000269,,,,,,,,,,,,,,,,,,,,,,,,,,,,,,,,,,,,,,,,,,,,,,,,,,,,,,,,,,,,,,,,,,
P10519,440,P10519,,Bacteria,Streptococcus sp. (strain 19909),69017,,,1,26,,,,,,,,,,,,,,,,,,,,,,,,,,,,,,,,,,,,,,,,,,,,,,,,,,,,,,,,,,,,,,,,,,,
P29723,434,P29723,O83584,Bacteria,Treponema pallidum (strain DSM 117211 / Nichols),243276,,,1,19,,,,,,,,,,,,,,,,,,,,,,,,,,,,,,,,,,,,,,,,,,,,,,,,,,,,,,,,,,,,,,,,,,,
P09850,213,P09850,,Bacteria,Niallia circulans,1397,,,1,28,,,,,,,,,,,,,,,,,,,,,,,,,,,,,,,,,,,,,,,,,,,,,,,,,,,,,,,,,,,,,,,,,,,
P31489,455,P31489,O85267,Bacteria,Yersinia enterocolitica,630,,,1,25,ECO:0000255,402,412,ECO:0000250,416,427,ECO:0000250,434,440,ECO:0000250,444,455,ECO:0000250,,,,,,,,,,,,,,,,,,,,,,,,,,,,,,,,,,,,,,,,,,,,,,,,,,,,,,
P21160,325,P21160,,Bacteria,Mycobacterium kansasii,1768,,,1,40,,,,,,,,,,,,,,,,,,,,,,,,,,,,,,,,,,,,,,,,,,,,,,,,,,,,,,,,,,,,,,,,,,,
P11311,1627,P11311,,Bacteria,Mycoplasmoides pneumoniae (strain ATCC 29342 / M129 / Subtype 1),272634,,,1,59,ECO:0000269,1527,1547,ECO:0000255,,,,,,,,,,,,,,,,,,,,,,,,,,,,,,,,,,,,,,,,,,,,,,,,,,,,,,,,,,,,,,,
P16454,178,P16454,Q9FCY3,Bacteria,Yersinia enterocolitica,630,,,1,23,ECO:0000269,,,,,,,,,,,,,,,,,,,,,,,,,,,,,,,,,,,,,,,,,,,,,,,,,,,,,,,,,,,,,,,,,,
Q59478,307,Q59478,,Bacteria,Klebsiella pneumoniae,573,,,1,20,ECO:0000269,,,,,,,,,,,,,,,,,,,,,,,,,,,,,,,,,,,,,,,,,,,,,,,,,,,,,,,,,,,,,,,,,,
P04172,119,P04172,C5ATK8,Bacteria,Methylorubrum extorquens (strain ATCC 14718 / DSM 1338 / JCM 2805 / NCIMB 9133 / AM1),272630,,,1,20,ECO:0000269,,,,,,,,,,,,,,,,,,,,,,,,,,,,,,,,,,,,,,,,,,,,,,,,,,,,,,,,,,,,,,,,,,
P02911,260,P02911,,Bacteria,Salmonella typhimurium (strain LT2 / SGSC1412 / ATCC 700720),99287,,,1,22,,,,,,,,,,,,,,,,,,,,,,,,,,,,,,,,,,,,,,,,,,,,,,,,,,,,,,,,,,,,,,,,,,,
P0A321,150,P0A321,P00278,Bacteria,Bordetella bronchiseptica (strain ATCC BAA-588 / NCTC 13252 / RB50),257310,,,1,21,ECO:0000269,,,,,,,,,,,,,,,,,,,,,,,,,,,,,,,,,,,,,,,,,,,,,,,,,,,,,,,,,,,,,,,,,,
P14532,346,P14532,Q51369,Bacteria,Pseudomonas aeruginosa (strain ATCC 15692 / DSM 22644 / CIP 104116 / JCM 14847 / LMG 12228 / 1C / PRS 101 / PAO1),208964,,,1,23,ECO:0000269,,,,,,,,,,,,,,,,,,,,,,,,,,,,,,,,,,,,,,,,,,,,,,,,,,,,,,,,,,,,,,,,,,
P04830,714,P04830,,Bacteria,Paenibacillus macerans,44252,,,1,27,,,,,,,,,,,,,,,,,,,,,,,,,,,,,,,,,,,,,,,,,,,,,,,,,,,,,,,,,,,,,,,,,,,
Q04441,342,Q04441,D3FU50,Bacteria,Alkalihalophilus pseudofirmus (strain ATCC BAA-2126 / JCM 17055 / OF4),398511,,,1,22,"ECO:0000255, ECO:0000269",51,69,ECO:0000255,90,108,ECO:0000255,,,,,,,,,,,,,,,,,,,,,,,,,,,,,,,,,,,,,,,,,,,,,,,,,,,,,,,,,,,,
P43302,210,P43302,,Bacteria,Azotobacter vinelandii,354,,,1,20,ECO:0000269,,,,,,,,,,,,,,,,,,,,,,,,,,,,,,,,,,,,,,,,,,,,,,,,,,,,,,,,,,,,,,,,,,
P00148,149,P00148,Q3J0N8,Bacteria,Cereibacter sphaeroides (strain ATCC 17023 / DSM 158 / JCM 6121 / CCUG 31486 / LMG 2827 / NBRC 12203 / NCIMB 8253 / ATH 2.4.1.),272943,,,1,19,ECO:0000269,,,,,,,,,,,,,,,,,,,,,,,,,,,,,,,,,,,,,,,,,,,,,,,,,,,,,,,,,,,,,,,,,,
P08506,400,P08506,P77287,Bacteria,Escherichia coli (strain K12),83333,,,1,27,ECO:0000269,,,,,,,,,,,,,,,,,,,,,,,,,,,,,,,,,,,,,,,,,,,,,,,,,,,,,,,,,,,,,,,,,,
O05542,757,O05542,Q5FS09,Bacteria,Gluconobacter oxydans (strain 621H),290633,,,1,34,ECO:0000269,,,,,,,,,,,,,,,,,,,,,,,,,,,,,,,,,,,,,,,,,,,,,,,,,,,,,,,,,,,,,,,,,,
P23847,535,P23847,Q2M7K6,Bacteria,Escherichia coli (strain K12),83333,,,1,28,ECO:0000269,,,,,,,,,,,,,,,,,,,,,,,,,,,,,,,,,,,,,,,,,,,,,,,,,,,,,,,,,,,,,,,,,,
P32557,200,P32557,Q9JQ15,Bacteria,Vibrio cholerae serotype O1 (strain ATCC 39315 / El Tor Inaba N16961),243277,,,1,19,,,,,,,,,,,,,,,,,,,,,,,,,,,,,,,,,,,,,,,,,,,,,,,,,,,,,,,,,,,,,,,,,,,
P24121,247,P24121,,Bacteria,Staphylococcus aureus,1280,,,1,35,ECO:0000269,,,,,,,,,,,,,,,,,,,,,,,,,,,,,,,,,,,,,,,,,,,,,,,,,,,,,,,,,,,,,,,,,,
P04738,181,P04738,,Bacteria,Escherichia coli,562,,,1,21,,,,,,,,,,,,,,,,,,,,,,,,,,,,,,,,,,,,,,,,,,,,,,,,,,,,,,,,,,,,,,,,,,,
P09808,201,P09808,,Bacteria,Bordetella pertussis (strain Tohama I / ATCC BAA-589 / NCTC 13251),257313,,,1,21,,,,,,,,,,,,,,,,,,,,,,,,,,,,,,,,,,,,,,,,,,,,,,,,,,,,,,,,,,,,,,,,,,,
P37696,342,P37696,,Bacteria,Novacetimonas hansenii,436,,,1,20,ECO:0000269,,,,,,,,,,,,,,,,,,,,,,,,,,,,,,,,,,,,,,,,,,,,,,,,,,,,,,,,,,,,,,,,,,
P14090,1101,P14090,F4H737,Bacteria,Cellulomonas fimi (strain ATCC 484 / DSM 20113 / JCM 1341 / CCUG 24087 / LMG 16345 / NBRC 15513 / NCIMB 8980 / NCTC 7547 / NRS-133),590998,,,1,32,ECO:0000269,,,,,,,,,,,,,,,,,,,,,,,,,,,,,,,,,,,,,,,,,,,,,,,,,,,,,,,,,,,,,,,,,,
P07986,484,P07986,,Bacteria,Cellulomonas fimi,1708,,,1,41,,,,,,,,,,,,,,,,,,,,,,,,,,,,,,,,,,,,,,,,,,,,,,,,,,,,,,,,,,,,,,,,,,,
O50319,72,O50319,,Bacteria,Yersinia enterocolitica,630,,,1,19,ECO:0000269,,,,,,,,,,,,,,,,,,,,,,,,,,,,,,,,,,,,,,,,,,,,,,,,,,,,,,,,,,,,,,,,,,
Q5HCY1,233,Q5HCY1,,Bacteria,Staphylococcus aureus (strain COL),93062,,,1,29,ECO:0000269,,,,,,,,,,,,,,,,,,,,,,,,,,,,,,,,,,,,,,,,,,,,,,,,,,,,,,,,,,,,,,,,,,
P02977,492,P02977,,Bacteria,Streptococcus pyogenes serotype M5,301449,,,1,42,ECO:0000269,,,,,,,,,,,,,,,,,,,,,,,,,,,,,,,,,,,,,,,,,,,,,,,,,,,,,,,,,,,,,,,,,,
P15698,404,P15698,,Bacteria,Paraclostridium sordellii,1505,,,1,27,"ECO:0000255, ECO:0000269",,,,,,,,,,,,,,,,,,,,,,,,,,,,,,,,,,,,,,,,,,,,,,,,,,,,,,,,,,,,,,,,,,
P33937,828,P33937,P78087,Bacteria,Escherichia coli (strain K12),83333,,,1,36,ECO:0000269,,,,,,,,,,,,,,,,,,,,,,,,,,,,,,,,,,,,,,,,,,,,,,,,,,,,,,,,,,,,,,,,,,
P13717,266,P13717,,Bacteria,Serratia marcescens,615,,,1,21,,,,,,,,,,,,,,,,,,,,,,,,,,,,,,,,,,,,,,,,,,,,,,,,,,,,,,,,,,,,,,,,,,,
P09169,317,P09169,,Bacteria,Escherichia coli (strain K12),83333,,,1,20,ECO:0000269,32,41,ECO:0000255,70,78,ECO:0000255,84,92,ECO:0000255,131,140,ECO:0000255,146,156,ECO:0000255,198,209,ECO:0000255,212,221,ECO:0000255,251,261,ECO:0000255,265,274,ECO:0000255,307,316,ECO:0000255,,,,,,,,,,,,,,,,,,,,,,,,,,,,,,,,,,,,
P23843,543,P23843,P76829,Bacteria,Escherichia coli (strain K12),83333,,,1,26,ECO:0000269,,,,,,,,,,,,,,,,,,,,,,,,,,,,,,,,,,,,,,,,,,,,,,,,,,,,,,,,,,,,,,,,,,
P21171,484,P21171,Q03493,Bacteria,Listeria monocytogenes serovar 1/2a (strain ATCC BAA-679 / EGD-e),169963,,,1,27,ECO:0000269,,,,,,,,,,,,,,,,,,,,,,,,,,,,,,,,,,,,,,,,,,,,,,,,,,,,,,,,,,,,,,,,,,
Q6CZT3,374,Q6CZT3,"P11431, Q06112, Q47469",Bacteria,Pectobacterium atrosepticum (strain SCRI 1043 / ATCC BAA-672),218491,,,1,22,,,,,,,,,,,,,,,,,,,,,,,,,,,,,,,,,,,,,,,,,,,,,,,,,,,,,,,,,,,,,,,,,,,
P31091,164,P31091,"Q3MD35, Q44552",Bacteria,Trichormus variabilis (strain ATCC 29413 / PCC 7937),240292,,,1,23,,83,103,ECO:0000255,124,144,ECO:0000255,,,,,,,,,,,,,,,,,,,,,,,,,,,,,,,,,,,,,,,,,,,,,,,,,,,,,,,,,,,,
P0AG78,329,P0AG78,"P06997, Q2M8L3",Bacteria,Escherichia coli (strain K12),83333,,,1,19,ECO:0000269,,,,,,,,,,,,,,,,,,,,,,,,,,,,,,,,,,,,,,,,,,,,,,,,,,,,,,,,,,,,,,,,,,
Q47537,320,Q47537,"P77630, Q2MC60",Bacteria,Escherichia coli (strain K12),83333,,,1,22,,,,,,,,,,,,,,,,,,,,,,,,,,,,,,,,,,,,,,,,,,,,,,,,,,,,,,,,,,,,,,,,,,,
P35811,608,P35811,"C9RKP6, D9S812",Bacteria,Fibrobacter succinogenes (strain ATCC 19169 / S85),59374,,,1,25,ECO:0000269,,,,,,,,,,,,,,,,,,,,,,,,,,,,,,,,,,,,,,,,,,,,,,,,,,,,,,,,,,,,,,,,,,
P39187,184,P39187,Q2M689,Bacteria,Escherichia coli (strain K12),83333,,,1,20,ECO:0000269,,,,,,,,,,,,,,,,,,,,,,,,,,,,,,,,,,,,,,,,,,,,,,,,,,,,,,,,,,,,,,,,,,
P0C2T2,325,P0C2T2,"A0A1R3XZM1, P12942, X2BIS9",Bacteria,Mycobacterium bovis (strain ATCC BAA-935 / AF2122/97),233413,,,1,40,ECO:0000269,,,,,,,,,,,,,,,,,,,,,,,,,,,,,,,,,,,,,,,,,,,,,,,,,,,,,,,,,,,,,,,,,,
Q47898,340,Q47898,,Bacteria,Elizabethkingia miricola,172045,,,1,45,ECO:0000269,,,,,,,,,,,,,,,,,,,,,,,,,,,,,,,,,,,,,,,,,,,,,,,,,,,,,,,,,,,,,,,,,,
P00280,149,P00280,,Bacteria,Achromobacter denitrificans,32002,,,1,20,ECO:0000269,,,,,,,,,,,,,,,,,,,,,,,,,,,,,,,,,,,,,,,,,,,,,,,,,,,,,,,,,,,,,,,,,,
P0A1V8,275,P0A1V8,"P05191, Q57015",Bacteria,Salmonella typhimurium,90371,,,1,21,ECO:0000269,,,,,,,,,,,,,,,,,,,,,,,,,,,,,,,,,,,,,,,,,,,,,,,,,,,,,,,,,,,,,,,,,,
P43478,397,P43478,,Bacteria,Pseudoalteromonas carrageenovora,227,,,1,25,ECO:0000269,,,,,,,,,,,,,,,,,,,,,,,,,,,,,,,,,,,,,,,,,,,,,,,,,,,,,,,,,,,,,,,,,,
Q8NNK2,359,Q8NNK2,"Q6M3N8, Q93HZ4",Bacteria,Corynebacterium glutamicum (strain ATCC 13032 / DSM 20300 / JCM 1318 / BCRC 11384 / CCUG 27702 / LMG 3730 / NBRC 12168 / NCIMB 10025 / NRRL B-2784 / 534),196627,,,1,28,ECO:0000269,64,84,ECO:0000255,107,127,ECO:0000255,,,,,,,,,,,,,,,,,,,,,,,,,,,,,,,,,,,,,,,,,,,,,,,,,,,,,,,,,,,,
P00131,129,P00131,P81150,Bacteria,Nitratidesulfovibrio vulgaris (strain ATCC 29579 / DSM 644 / CCUG 34227 / NCIMB 8303 / VKM B-1760 / Hildenborough),882,,,1,22,ECO:0000269,,,,,,,,,,,,,,,,,,,,,,,,,,,,,,,,,,,,,,,,,,,,,,,,,,,,,,,,,,,,,,,,,,
P00149,146,P00149,,Bacteria,Rhodopseudomonas palustris (strain ATCC BAA-98 / CGA009),258594,,,1,21,ECO:0000269,,,,,,,,,,,,,,,,,,,,,,,,,,,,,,,,,,,,,,,,,,,,,,,,,,,,,,,,,,,,,,,,,,
P24228,477,P24228,Q2M930,Bacteria,Escherichia coli (strain K12),83333,,,1,20,ECO:0000269,,,,,,,,,,,,,,,,,,,,,,,,,,,,,,,,,,,,,,,,,,,,,,,,,,,,,,,,,,,,,,,,,,
P18278,742,P18278,,Bacteria,Acetobacter aceti,435,,,1,35,ECO:0000269,,,,,,,,,,,,,,,,,,,,,,,,,,,,,,,,,,,,,,,,,,,,,,,,,,,,,,,,,,,,,,,,,,
Q9EZE7,1305,Q9EZE7,"B7UH71, P77070",Bacteria,Escherichia coli O127:H6 (strain E2348/69 / EPEC),574521,,,1,53,ECO:0000269,,,,,,,,,,,,,,,,,,,,,,,,,,,,,,,,,,,,,,,,,,,,,,,,,,,,,,,,,,,,,,,,,,
P11900,277,P11900,,Bacteria,Escherichia coli,562,,,1,22,,,,,,,,,,,,,,,,,,,,,,,,,,,,,,,,,,,,,,,,,,,,,,,,,,,,,,,,,,,,,,,,,,,
P17974,426,P17974,,Bacteria,Ralstonia solanacearum,305,,,1,19,,,,,,,,,,,,,,,,,,,,,,,,,,,,,,,,,,,,,,,,,,,,,,,,,,,,,,,,,,,,,,,,,,,
P18126,511,P18126,B3PI35,Bacteria,Cellvibrio japonicus (strain Ueda107),498211,,,1,29,ECO:0000269,,,,,,,,,,,,,,,,,,,,,,,,,,,,,,,,,,,,,,,,,,,,,,,,,,,,,,,,,,,,,,,,,,
P50401,872,P50401,F4GZL1,Bacteria,Cellulomonas fimi (strain ATCC 484 / DSM 20113 / JCM 1341 / CCUG 24087 / LMG 16345 / NBRC 15513 / NCIMB 8980 / NCTC 7547 / NRS-133),590998,,,1,40,ECO:0000269,,,,,,,,,,,,,,,,,,,,,,,,,,,,,,,,,,,,,,,,,,,,,,,,,,,,,,,,,,,,,,,,,,
P26093,274,P26093,,Bacteria,Haemophilus influenzae (strain ATCC 51907 / DSM 11121 / KW20 / Rd),71421,,,1,20,,,,,,,,,,,,,,,,,,,,,,,,,,,,,,,,,,,,,,,,,,,,,,,,,,,,,,,,,,,,,,,,,,,
P45356,565,P45356,,Bacteria,Haemophilus influenzae,727,,,1,26,,,,,,,,,,,,,,,,,,,,,,,,,,,,,,,,,,,,,,,,,,,,,,,,,,,,,,,,,,,,,,,,,,,
P23382,687,P23382,,Bacteria,Bacillus thuringiensis subsp. alesti,1440,,,1,25,,,,,,,,,,,,,,,,,,,,,,,,,,,,,,,,,,,,,,,,,,,,,,,,,,,,,,,,,,,,,,,,,,,
Q934G3,236,Q934G3,E0SDD0,Bacteria,Dickeya dadantii (strain 3937),198628,,,1,20,ECO:0000269,,,,,,,,,,,,,,,,,,,,,,,,,,,,,,,,,,,,,,,,,,,,,,,,,,,,,,,,,,,,,,,,,,
P40601,645,P40601,,Bacteria,Photorhabdus luminescens,29488,,,1,24,ECO:0000269,,,,,,,,,,,,,,,,,,,,,,,,,,,,,,,,,,,,,,,,,,,,,,,,,,,,,,,,,,,,,,,,,,
Q54727,697,Q54727,,Bacteria,Streptococcus pneumoniae serotype 4 (strain ATCC BAA-334 / TIGR4),170187,,,1,29,,,,,,,,,,,,,,,,,,,,,,,,,,,,,,,,,,,,,,,,,,,,,,,,,,,,,,,,,,,,,,,,,,,
P02931,362,P02931,,Bacteria,Escherichia coli (strain K12),83333,,,1,22,ECO:0000269,23,28,,30,45,,61,73,,76,88,,105,113,,116,122,,157,163,,172,181,,194,204,,206,217,,233,244,,246,257,,275,287,,290,303,,314,325,,328,337,,353,362,,,,,,,,,,,,,,,,
P0C1A8,366,P0C1A8,P07863,Bacteria,Dickeya chrysanthemi,556,,,1,24,,,,,,,,,,,,,,,,,,,,,,,,,,,,,,,,,,,,,,,,,,,,,,,,,,,,,,,,,,,,,,,,,,,
P38008,1034,P38008,O84878,Bacteria,Chlamydia trachomatis serovar D (strain ATCC VR-885 / DSM 19411 / UW-3/Cx),272561,,,1,25,ECO:0000269,,,,,,,,,,,,,,,,,,,,,,,,,,,,,,,,,,,,,,,,,,,,,,,,,,,,,,,,,,,,,,,,,,
P00634,471,P00634,"P77801, P78051, Q2MC42, Q47041",Bacteria,Escherichia coli (strain K12),83333,,,1,21,,,,,,,,,,,,,,,,,,,,,,,,,,,,,,,,,,,,,,,,,,,,,,,,,,,,,,,,,,,,,,,,,,,
P68588,214,P68588,"P31524, Q0WHB2, Q66CS0",Bacteria,Yersinia pestis,632,,,1,24,,,,,,,,,,,,,,,,,,,,,,,,,,,,,,,,,,,,,,,,,,,,,,,,,,,,,,,,,,,,,,,,,,,
P13907,273,P13907,,Bacteria,Nostoc sp. (strain PCC 7120 / SAG 25.82 / UTEX 2576),103690,,,1,26,ECO:0000255,,,,,,,,,,,,,,,,,,,,,,,,,,,,,,,,,,,,,,,,,,,,,,,,,,,,,,,,,,,,,,,,,,
P0A3V1,259,P0A3V1,P70874,Bacteria,Bacillus cereus,1396,,,1,32,ECO:0000269,,,,,,,,,,,,,,,,,,,,,,,,,,,,,,,,,,,,,,,,,,,,,,,,,,,,,,,,,,,,,,,,,,
P06874,548,P06874,,Bacteria,Geobacillus stearothermophilus,1422,,,1,25,ECO:0000255,,,,,,,,,,,,,,,,,,,,,,,,,,,,,,,,,,,,,,,,,,,,,,,,,,,,,,,,,,,,,,,,,,
P45741,409,P45741,,Bacteria,Paenibacillus thiaminolyticus,49283,,,1,29,ECO:0000269,,,,,,,,,,,,,,,,,,,,,,,,,,,,,,,,,,,,,,,,,,,,,,,,,,,,,,,,,,,,,,,,,,
P0A3R5,152,P0A3R5,P04980,Bacteria,Bordetella pertussis (strain Tohama I / ATCC BAA-589 / NCTC 13251),257313,,,1,42,,,,,,,,,,,,,,,,,,,,,,,,,,,,,,,,,,,,,,,,,,,,,,,,,,,,,,,,,,,,,,,,,,,
P96116,308,P96116,Q56329,Bacteria,Treponema pallidum (strain DSM 117211 / Nichols),243276,,,1,22,,,,,,,,,,,,,,,,,,,,,,,,,,,,,,,,,,,,,,,,,,,,,,,,,,,,,,,,,,,,,,,,,,,
P40943,407,P40943,Q09LX3,Bacteria,Geobacillus stearothermophilus,1422,,,1,28,ECO:0000269,,,,,,,,,,,,,,,,,,,,,,,,,,,,,,,,,,,,,,,,,,,,,,,,,,,,,,,,,,,,,,,,,,
P82594,328,P82594,,Bacteria,Streptomyces chartreusis,1969,,,1,43,ECO:0000269,,,,,,,,,,,,,,,,,,,,,,,,,,,,,,,,,,,,,,,,,,,,,,,,,,,,,,,,,,,,,,,,,,
P39049,285,P39049,,Bacteria,Photobacterium sp. (strain ATCC 43367),379097,,,1,20,ECO:0000269,,,,,,,,,,,,,,,,,,,,,,,,,,,,,,,,,,,,,,,,,,,,,,,,,,,,,,,,,,,,,,,,,,
P80401,145,P80401,,Bacteria,Paracoccus pantotrophus,82367,,,1,22,ECO:0000269,,,,,,,,,,,,,,,,,,,,,,,,,,,,,,,,,,,,,,,,,,,,,,,,,,,,,,,,,,,,,,,,,,
P14560,314,P14560,,Bacteria,Streptomyces cacaoi,1898,,,1,26,,,,,,,,,,,,,,,,,,,,,,,,,,,,,,,,,,,,,,,,,,,,,,,,,,,,,,,,,,,,,,,,,,,
P37321,308,P37321,,Bacteria,Pseudomonas aeruginosa,287,,,1,26,ECO:0000255,,,,,,,,,,,,,,,,,,,,,,,,,,,,,,,,,,,,,,,,,,,,,,,,,,,,,,,,,,,,,,,,,,
P24037,291,P24037,,Bacteria,Stutzerimonas stutzeri,316,,,1,23,ECO:0000269,,,,,,,,,,,,,,,,,,,,,,,,,,,,,,,,,,,,,,,,,,,,,,,,,,,,,,,,,,,,,,,,,,
P12374,609,P12374,,Bacteria,Pseudomonas syringae pv. tomato,323,,,1,32,"ECO:0000255, ECO:0000269",,,,,,,,,,,,,,,,,,,,,,,,,,,,,,,,,,,,,,,,,,,,,,,,,,,,,,,,,,,,,,,,,,
Q9ZEP5,225,Q9ZEP5,,Bacteria,Streptomyces coelicolor (strain ATCC BAA-471 / A3(2) / M145),100226,,,1,36,,,,,,,,,,,,,,,,,,,,,,,,,,,,,,,,,,,,,,,,,,,,,,,,,,,,,,,,,,,,,,,,,,,
P08501,279,D5ANZ4,"P07058, P08501",Bacteria,Rhodobacter capsulatus (strain ATCC BAA-309 / NBRC 16581 / SB1003),272942,,,1,21,ECO:0000250,248,266,ECO:0000255,,,,,,,,,,,,,,,,,,,,,,,,,,,,,,,,,,,,,,,,,,,,,,,,,,,,,,,,,,,,,,,
P00154,154,P00154,D3RQ63,Bacteria,Allochromatium vinosum (strain ATCC 17899 / DSM 180 / NBRC 103801 / NCIMB 10441 / D),572477,,,1,23,ECO:0000269,,,,,,,,,,,,,,,,,,,,,,,,,,,,,,,,,,,,,,,,,,,,,,,,,,,,,,,,,,,,,,,,,,
P08750,443,P08750,,Bacteria,Bacillus subtilis (strain 168),224308,,,1,31,ECO:0000269,,,,,,,,,,,,,,,,,,,,,,,,,,,,,,,,,,,,,,,,,,,,,,,,,,,,,,,,,,,,,,,,,,
P44883,331,P44883,,Bacteria,Haemophilus influenzae (strain ATCC 51907 / DSM 11121 / KW20 / Rd),71421,,,1,24,ECO:0000269,,,,,,,,,,,,,,,,,,,,,,,,,,,,,,,,,,,,,,,,,,,,,,,,,,,,,,,,,,,,,,,,,,
P12293,631,P12293,,Bacteria,Paracoccus denitrificans,266,,,1,32,ECO:0000269,,,,,,,,,,,,,,,,,,,,,,,,,,,,,,,,,,,,,,,,,,,,,,,,,,,,,,,,,,,,,,,,,,
P36911,339,P36911,,Bacteria,Elizabethkingia meningoseptica,238,,,1,50,ECO:0000269,,,,,,,,,,,,,,,,,,,,,,,,,,,,,,,,,,,,,,,,,,,,,,,,,,,,,,,,,,,,,,,,,,
P0AEM9,266,P0AEM9,P39174,Bacteria,Escherichia coli (strain K12),83333,,,1,29,ECO:0000269,,,,,,,,,,,,,,,,,,,,,,,,,,,,,,,,,,,,,,,,,,,,,,,,,,,,,,,,,,,,,,,,,,
P14738,1018,P14738,Q2G1T8,Bacteria,Staphylococcus aureus (strain NCTC 8325 / PS 47),93061,,,1,36,,,,,,,,,,,,,,,,,,,,,,,,,,,,,,,,,,,,,,,,,,,,,,,,,,,,,,,,,,,,,,,,,,,
Q07982,433,Q07982,"P75002, Q5NPP7",Bacteria,Zymomonas mobilis subsp. mobilis (strain ATCC 31821 / ZM4 / CP4),264203,,,1,52,"ECO:0000255, ECO:0000269",,,,,,,,,,,,,,,,,,,,,,,,,,,,,,,,,,,,,,,,,,,,,,,,,,,,,,,,,,,,,,,,,,
Q9LAB5,175,Q9LAB5,,Bacteria,Staphylococcus aureus,1280,,,1,36,ECO:0000269,,,,,,,,,,,,,,,,,,,,,,,,,,,,,,,,,,,,,,,,,,,,,,,,,,,,,,,,,,,,,,,,,,
Q93MW7,268,Q93MW7,,Bacteria,Streptomyces rimosus,1927,,,1,34,ECO:0000269,,,,,,,,,,,,,,,,,,,,,,,,,,,,,,,,,,,,,,,,,,,,,,,,,,,,,,,,,,,,,,,,,,
P61318,203,P61318,"P39178, Q8X5H8",Bacteria,Escherichia coli O157:H7,83334,,,1,21,,,,,,,,,,,,,,,,,,,,,,,,,,,,,,,,,,,,,,,,,,,,,,,,,,,,,,,,,,,,,,,,,,,
P51529,383,P51529,,Bacteria,Streptomyces lividans,1916,,,1,35,ECO:0000269,,,,,,,,,,,,,,,,,,,,,,,,,,,,,,,,,,,,,,,,,,,,,,,,,,,,,,,,,,,,,,,,,,
P0A5Q2,159,P9WIP0,"L0T8A1, O08224, P0A5Q2, P97175",Bacteria,Mycobacterium tuberculosis (strain CDC 1551 / Oshkosh),83331,,,1,29,ECO:0000250,,,,,,,,,,,,,,,,,,,,,,,,,,,,,,,,,,,,,,,,,,,,,,,,,,,,,,,,,,,,,,,,,,
P80603,428,P80603,Q9CLY0,Bacteria,Pasteurella multocida (strain Pm70),272843,,,1,25,ECO:0000269,,,,,,,,,,,,,,,,,,,,,,,,,,,,,,,,,,,,,,,,,,,,,,,,,,,,,,,,,,,,,,,,,,
Q48216,360,Q48216,,Bacteria,Haemophilus influenzae,727,,,1,20,,,,,,,,,,,,,,,,,,,,,,,,,,,,,,,,,,,,,,,,,,,,,,,,,,,,,,,,,,,,,,,,,,,
P18209,391,P18209,,Bacteria,Dickeya chrysanthemi,556,,,1,31,,,,,,,,,,,,,,,,,,,,,,,,,,,,,,,,,,,,,,,,,,,,,,,,,,,,,,,,,,,,,,,,,,,
P14005,568,P14005,,Bacteria,Pectobacterium carotovorum subsp. carotovorum,555,,,1,19,,,,,,,,,,,,,,,,,,,,,,,,,,,,,,,,,,,,,,,,,,,,,,,,,,,,,,,,,,,,,,,,,,,
Q01269,268,Q01269,Q9HYD3,Bacteria,Pseudomonas aeruginosa (strain ATCC 15692 / DSM 22644 / CIP 104116 / JCM 14847 / LMG 12228 / 1C / PRS 101 / PAO1),208964,,,1,25,ECO:0000269,,,,,,,,,,,,,,,,,,,,,,,,,,,,,,,,,,,,,,,,,,,,,,,,,,,,,,,,,,,,,,,,,,
P30705,350,P30705,,Bacteria,Salmonella typhimurium (strain LT2 / SGSC1412 / ATCC 700720),99287,,,1,20,,,,,,,,,,,,,,,,,,,,,,,,,,,,,,,,,,,,,,,,,,,,,,,,,,,,,,,,,,,,,,,,,,,
P21697,126,P21697,,Bacteria,Synechocystis sp. (strain ATCC 27184 / PCC 6803 / Kazusa),1111708,,,1,28,ECO:0000269,,,,,,,,,,,,,,,,,,,,,,,,,,,,,,,,,,,,,,,,,,,,,,,,,,,,,,,,,,,,,,,,,,
P13794,350,P13794,,Bacteria,Pseudomonas aeruginosa (strain ATCC 15692 / DSM 22644 / CIP 104116 / JCM 14847 / LMG 12228 / 1C / PRS 101 / PAO1),208964,,,1,24,ECO:0000269,,,,,,,,,,,,,,,,,,,,,,,,,,,,,,,,,,,,,,,,,,,,,,,,,,,,,,,,,,,,,,,,,,
P10100,362,P10100,,Bacteria,Escherichia coli (strain K12),83333,,,1,17,"ECO:0000255, ECO:0000305",,,,,,,,,,,,,,,,,,,,,,,,,,,,,,,,,,,,,,,,,,,,,,,,,,,,,,,,,,,,,,,,,,
P23030,599,P23030,B3PEH8,Bacteria,Cellvibrio japonicus (strain Ueda107),498211,,,1,37,ECO:0000269,,,,,,,,,,,,,,,,,,,,,,,,,,,,,,,,,,,,,,,,,,,,,,,,,,,,,,,,,,,,,,,,,,
P0AAY0,306,P0AAY0,P75789,Bacteria,Escherichia coli O157:H7,83334,,,1,24,,,,,,,,,,,,,,,,,,,,,,,,,,,,,,,,,,,,,,,,,,,,,,,,,,,,,,,,,,,,,,,,,,,
P33219,118,P33219,,Bacteria,Escherichia coli (strain K12),83333,,,1,21,ECO:0000269,,,,,,,,,,,,,,,,,,,,,,,,,,,,,,,,,,,,,,,,,,,,,,,,,,,,,,,,,,,,,,,,,,
P46883,757,P46883,"O53008, P78153",Bacteria,Escherichia coli (strain K12),83333,,,1,30,ECO:0000269,,,,,,,,,,,,,,,,,,,,,,,,,,,,,,,,,,,,,,,,,,,,,,,,,,,,,,,,,,,,,,,,,,
Q05884,919,Q05884,,Bacteria,Streptomyces lividans,1916,,,1,33,ECO:0000269,,,,,,,,,,,,,,,,,,,,,,,,,,,,,,,,,,,,,,,,,,,,,,,,,,,,,,,,,,,,,,,,,,
P05192,279,P05192,,Bacteria,Klebsiella pneumoniae,573,,,1,21,,,,,,,,,,,,,,,,,,,,,,,,,,,,,,,,,,,,,,,,,,,,,,,,,,,,,,,,,,,,,,,,,,,
P28585,291,P28585,,Bacteria,Escherichia coli,562,,,1,28,ECO:0000269,,,,,,,,,,,,,,,,,,,,,,,,,,,,,,,,,,,,,,,,,,,,,,,,,,,,,,,,,,,,,,,,,,
Q57142,235,Q57142,,Bacteria,Nitrosomonas europaea (strain ATCC 19718 / CIP 103999 / KCTC 2705 / NBRC 14298),228410,,,1,24,,,,,,,,,,,,,,,,,,,,,,,,,,,,,,,,,,,,,,,,,,,,,,,,,,,,,,,,,,,,,,,,,,,
P00733,255,P00733,,Bacteria,Streptomyces albus G,1962,,,1,42,ECO:0000269,,,,,,,,,,,,,,,,,,,,,,,,,,,,,,,,,,,,,,,,,,,,,,,,,,,,,,,,,,,,,,,,,,
P22637,552,P22637,,Bacteria,Brevibacterium sterolicum,1702,,,1,45,"ECO:0000255, ECO:0000269",,,,,,,,,,,,,,,,,,,,,,,,,,,,,,,,,,,,,,,,,,,,,,,,,,,,,,,,,,,,,,,,,,
Q47945,478,Q47945,"O08083, Q5FS10",Bacteria,Gluconobacter oxydans (strain 621H),290633,,,1,36,ECO:0000269,,,,,,,,,,,,,,,,,,,,,,,,,,,,,,,,,,,,,,,,,,,,,,,,,,,,,,,,,,,,,,,,,,
P80036,314,P80036,Q9F1K1,Bacteria,Flavobacterium sp. (strain SK1022),148444,,,1,47,ECO:0000269,,,,,,,,,,,,,,,,,,,,,,,,,,,,,,,,,,,,,,,,,,,,,,,,,,,,,,,,,,,,,,,,,,
P62607,188,P62607,P02972,Bacteria,Escherichia coli,562,,,1,21,,,,,,,,,,,,,,,,,,,,,,,,,,,,,,,,,,,,,,,,,,,,,,,,,,,,,,,,,,,,,,,,,,,
P0C2S5,741,P0C2S5,P38686,Bacteria,Acetivibrio thermocellus,1515,,,1,27,ECO:0000269,,,,,,,,,,,,,,,,,,,,,,,,,,,,,,,,,,,,,,,,,,,,,,,,,,,,,,,,,,,,,,,,,,
P01077,131,P01077,,Bacteria,Streptomyces nigrescens,1920,,,1,29,ECO:0000269,,,,,,,,,,,,,,,,,,,,,,,,,,,,,,,,,,,,,,,,,,,,,,,,,,,,,,,,,,,,,,,,,,
Q08429,128,Q08429,,Bacteria,Bacillus subtilis (strain 168),224308,,,1,25,,,,,,,,,,,,,,,,,,,,,,,,,,,,,,,,,,,,,,,,,,,,,,,,,,,,,,,,,,,,,,,,,,,
P61316,203,P61316,"P39178, Q8X5H8",Bacteria,Escherichia coli (strain K12),83333,,,1,21,ECO:0000269,,,,,,,,,,,,,,,,,,,,,,,,,,,,,,,,,,,,,,,,,,,,,,,,,,,,,,,,,,,,,,,,,,
P69741,372,P69741,"Q2M9J8, Q46847",Bacteria,Escherichia coli (strain K12),83333,,,1,37,"ECO:0000255, ECO:0000269",,,,,,,,,,,,,,,,,,,,,,,,,,,,,,,,,,,,,,,,,,,,,,,,,,,,,,,,,,,,,,,,,,
P27455,389,P27455,"Q6LDD2, Q9JQF6",Bacteria,Chlamydia pneumoniae,83558,,,1,23,,,,,,,,,,,,,,,,,,,,,,,,,,,,,,,,,,,,,,,,,,,,,,,,,,,,,,,,,,,,,,,,,,,
P44544,375,P44544,,Bacteria,Haemophilus influenzae (strain ATCC 51907 / DSM 11121 / KW20 / Rd),71421,,,1,22,ECO:0000269,,,,,,,,,,,,,,,,,,,,,,,,,,,,,,,,,,,,,,,,,,,,,,,,,,,,,,,,,,,,,,,,,,
P38368,353,P38368,,Bacteria,Haemophilus influenzae,727,,,1,21,"ECO:0000255, ECO:0000269",27,37,ECO:0000255,58,69,ECO:0000255,77,85,ECO:0000255,104,115,ECO:0000255,120,128,ECO:0000255,158,167,ECO:0000255,172,179,ECO:0000255,205,213,ECO:0000255,,,,,,,,,,,,,,,,,,,,,,,,,,,,,,,,,,,,,,,,,,
P02935,351,P02935,,Bacteria,Shigella dysenteriae,622,,,1,21,ECO:0000255,27,37,ECO:0000255,55,66,ECO:0000255,70,78,ECO:0000255,96,107,ECO:0000255,112,120,ECO:0000255,147,156,ECO:0000255,161,168,ECO:0000255,187,195,ECO:0000255,,,,,,,,,,,,,,,,,,,,,,,,,,,,,,,,,,,,,,,,,,
Q04064,385,Q04064,,Bacteria,Bordetella pertussis (strain Tohama I / ATCC BAA-589 / NCTC 13251),257313,,,1,20,ECO:0000269,,,,,,,,,,,,,,,,,,,,,,,,,,,,,,,,,,,,,,,,,,,,,,,,,,,,,,,,,,,,,,,,,,
Q48219,367,Q48219,,Bacteria,Haemophilus influenzae,727,,,1,20,,,,,,,,,,,,,,,,,,,,,,,,,,,,,,,,,,,,,,,,,,,,,,,,,,,,,,,,,,,,,,,,,,,
P0A912,173,P0A912,P07176,Bacteria,Escherichia coli (strain K12),83333,,,1,21,ECO:0000255,,,,,,,,,,,,,,,,,,,,,,,,,,,,,,,,,,,,,,,,,,,,,,,,,,,,,,,,,,,,,,,,,,
P15319,239,P15319,,Bacteria,Escherichia coli,562,,,1,21,,,,,,,,,,,,,,,,,,,,,,,,,,,,,,,,,,,,,,,,,,,,,,,,,,,,,,,,,,,,,,,,,,,
P22751,749,P22751,,Bacteria,Dickeya chrysanthemi,556,,,1,26,ECO:0000269,,,,,,,,,,,,,,,,,,,,,,,,,,,,,,,,,,,,,,,,,,,,,,,,,,,,,,,,,,,,,,,,,,
Q8RJP2,578,Q8RJP2,E0SBN8,Bacteria,Dickeya dadantii (strain 3937),198628,,,1,27,ECO:0000269,,,,,,,,,,,,,,,,,,,,,,,,,,,,,,,,,,,,,,,,,,,,,,,,,,,,,,,,,,,,,,,,,,
P24702,190,P24702,Q59135,Bacteria,Actinobacillus pleuropneumoniae,715,,,1,23,,,,,,,,,,,,,,,,,,,,,,,,,,,,,,,,,,,,,,,,,,,,,,,,,,,,,,,,,,,,,,,,,,,
Q06988,599,Q06988,,Bacteria,Neisseria meningitidis serogroup B,491,,,1,20,ECO:0000269,,,,,,,,,,,,,,,,,,,,,,,,,,,,,,,,,,,,,,,,,,,,,,,,,,,,,,,,,,,,,,,,,,
P0ADA1,208,P0ADA1,"P29679, P37331, P77125, Q2MBT3",Bacteria,Escherichia coli (strain K12),83333,,,1,26,ECO:0000269,,,,,,,,,,,,,,,,,,,,,,,,,,,,,,,,,,,,,,,,,,,,,,,,,,,,,,,,,,,,,,,,,,
P37918,529,P37918,,Bacteria,Orientia tsutsugamushi,784,,,1,22,,67,87,ECO:0000255,477,492,ECO:0000255,,,,,,,,,,,,,,,,,,,,,,,,,,,,,,,,,,,,,,,,,,,,,,,,,,,,,,,,,,,,
P76172,101,P76172,Q2MB77,Bacteria,Escherichia coli (strain K12),83333,,,1,21,ECO:0000269,,,,,,,,,,,,,,,,,,,,,,,,,,,,,,,,,,,,,,,,,,,,,,,,,,,,,,,,,,,,,,,,,,
P77269,327,P77269,P76994,Bacteria,Escherichia coli (strain K12),83333,,,1,26,ECO:0000269,,,,,,,,,,,,,,,,,,,,,,,,,,,,,,,,,,,,,,,,,,,,,,,,,,,,,,,,,,,,,,,,,,
P18895,490,P18895,,Bacteria,Pseudomonas aeruginosa (strain ATCC 15692 / DSM 22644 / CIP 104116 / JCM 14847 / LMG 12228 / 1C / PRS 101 / PAO1),208964,,,1,32,ECO:0000269,,,,,,,,,,,,,,,,,,,,,,,,,,,,,,,,,,,,,,,,,,,,,,,,,,,,,,,,,,,,,,,,,,
P21543,1196,P21543,,Bacteria,Paenibacillus polymyxa,1406,,,1,35,,,,,,,,,,,,,,,,,,,,,,,,,,,,,,,,,,,,,,,,,,,,,,,,,,,,,,,,,,,,,,,,,,,
Q8RMH6,162,Q8RMH6,"A9WIX7, Q3DWS6, Q7M1C1",Bacteria,Chloroflexus aurantiacus (strain ATCC 29366 / DSM 635 / J-10-fl),324602,,,1,22,"ECO:0000255, ECO:0000269",,,,,,,,,,,,,,,,,,,,,,,,,,,,,,,,,,,,,,,,,,,,,,,,,,,,,,,,,,,,,,,,,,
O08498,249,O08498,,Bacteria,Elizabethkingia meningoseptica,238,,,1,22,ECO:0000269,,,,,,,,,,,,,,,,,,,,,,,,,,,,,,,,,,,,,,,,,,,,,,,,,,,,,,,,,,,,,,,,,,
P06129,614,P06129,Q2M8R1,Bacteria,Escherichia coli (strain K12),83333,,,1,20,ECO:0000269,158,165,,169,178,,184,195,,217,227,,232,248,,263,277,,279,296,,309,325,,328,337,,353,369,,371,381,,385,400,,403,417,,434,443,,449,458,,473,490,,494,509,,517,529,,535,550,,558,572,,585,596,,602,614,
P30921,713,P30921,,Bacteria,Bacillus sp. (strain 17-1),72572,,,1,27,ECO:0000269,,,,,,,,,,,,,,,,,,,,,,,,,,,,,,,,,,,,,,,,,,,,,,,,,,,,,,,,,,,,,,,,,,
P13670,883,P13670,,Bacteria,Vibrio harveyi,669,,,1,17,,,,,,,,,,,,,,,,,,,,,,,,,,,,,,,,,,,,,,,,,,,,,,,,,,,,,,,,,,,,,,,,,,,
P36649,516,P36649,"P75655, Q8KMZ0",Bacteria,Escherichia coli (strain K12),83333,,,1,28,"ECO:0000255, ECO:0000269",,,,,,,,,,,,,,,,,,,,,,,,,,,,,,,,,,,,,,,,,,,,,,,,,,,,,,,,,,,,,,,,,,
P77214,110,P77214,,Bacteria,Escherichia coli (strain K12),83333,,,1,21,ECO:0000269,,,,,,,,,,,,,,,,,,,,,,,,,,,,,,,,,,,,,,,,,,,,,,,,,,,,,,,,,,,,,,,,,,
P17201,773,P17201,,Bacteria,Gluconacetobacter polyoxogenes,439,,,1,44,"ECO:0000255, ECO:0000269",,,,,,,,,,,,,,,,,,,,,,,,,,,,,,,,,,,,,,,,,,,,,,,,,,,,,,,,,,,,,,,,,,
P36655,565,P36655,"P76796, Q2M6G8",Bacteria,Escherichia coli (strain K12),83333,,,1,19,ECO:0000269,163,183,ECO:0000255,208,228,ECO:0000255,243,263,ECO:0000255,296,316,ECO:0000255,323,343,ECO:0000255,357,377,ECO:0000255,384,404,ECO:0000255,418,438,ECO:0000255,,,,,,,,,,,,,,,,,,,,,,,,,,,,,,,,,,,,,,,,,,
P10384,446,P10384,P77697,Bacteria,Escherichia coli (strain K12),83333,,,1,25,ECO:0000269,,,,,,,,,,,,,,,,,,,,,,,,,,,,,,,,,,,,,,,,,,,,,,,,,,,,,,,,,,,,,,,,,,
P25447,163,P25447,,Bacteria,Escherichia coli,562,,,1,22,,,,,,,,,,,,,,,,,,,,,,,,,,,,,,,,,,,,,,,,,,,,,,,,,,,,,,,,,,,,,,,,,,,
P17259,330,P17259,,Bacteria,Neisseria gonorrhoeae,485,,,1,22,ECO:0000269,,,,,,,,,,,,,,,,,,,,,,,,,,,,,,,,,,,,,,,,,,,,,,,,,,,,,,,,,,,,,,,,,,
P15930,365,P15930,,Bacteria,Salmonella typhimurium (strain LT2 / SGSC1412 / ATCC 700720),99287,,,1,19,,,,,,,,,,,,,,,,,,,,,,,,,,,,,,,,,,,,,,,,,,,,,,,,,,,,,,,,,,,,,,,,,,,
P0A1N4,130,P0A1N4,P40728,Bacteria,Salmonella typhimurium (strain LT2 / SGSC1412 / ATCC 700720),99287,,,1,16,ECO:0000269,,,,,,,,,,,,,,,,,,,,,,,,,,,,,,,,,,,,,,,,,,,,,,,,,,,,,,,,,,,,,,,,,,
P12266,182,P12266,,Bacteria,Klebsiella pneumoniae,573,,,1,23,ECO:0000269,,,,,,,,,,,,,,,,,,,,,,,,,,,,,,,,,,,,,,,,,,,,,,,,,,,,,,,,,,,,,,,,,,
Q01578,356,Q01578,Q5NLY7,Bacteria,Zymomonas mobilis subsp. mobilis (strain ATCC 31821 / ZM4 / CP4),264203,,,1,35,"ECO:0000255, ECO:0000269",,,,,,,,,,,,,,,,,,,,,,,,,,,,,,,,,,,,,,,,,,,,,,,,,,,,,,,,,,,,,,,,,,
P33682,321,P33682,,Bacteria,Streptomyces halstedii,1944,,,1,27,ECO:0000269,,,,,,,,,,,,,,,,,,,,,,,,,,,,,,,,,,,,,,,,,,,,,,,,,,,,,,,,,,,,,,,,,,
P23549,499,P23549,,Bacteria,Bacillus subtilis,1423,,,1,29,,,,,,,,,,,,,,,,,,,,,,,,,,,,,,,,,,,,,,,,,,,,,,,,,,,,,,,,,,,,,,,,,,,
P22541,429,P22541,,Bacteria,Butyrivibrio fibrisolvens,831,,,1,34,ECO:0000269,,,,,,,,,,,,,,,,,,,,,,,,,,,,,,,,,,,,,,,,,,,,,,,,,,,,,,,,,,,,,,,,,,
P07103,426,P07103,E0SIP0,Bacteria,Dickeya dadantii (strain 3937),198628,,,1,43,,,,,,,,,,,,,,,,,,,,,,,,,,,,,,,,,,,,,,,,,,,,,,,,,,,,,,,,,,,,,,,,,,,
P28029,189,P28029,,Bacteria,Vibrio parahaemolyticus,670,,,1,24,,,,,,,,,,,,,,,,,,,,,,,,,,,,,,,,,,,,,,,,,,,,,,,,,,,,,,,,,,,,,,,,,,,
P0AD59,157,P0AD59,"P45502, P77185",Bacteria,Escherichia coli (strain K12),83333,,,1,28,ECO:0000269,,,,,,,,,,,,,,,,,,,,,,,,,,,,,,,,,,,,,,,,,,,,,,,,,,,,,,,,,,,,,,,,,,
P29399,63,P29399,Q9WWQ5,Bacteria,Alteromonas sp. (strain B-10-31),29456,,,1,29,ECO:0000269,,,,,,,,,,,,,,,,,,,,,,,,,,,,,,,,,,,,,,,,,,,,,,,,,,,,,,,,,,,,,,,,,,
A5F7A4,781,A5F7A4,"C3M1H8, P37060, Q9KR59",Bacteria,Vibrio cholerae serotype O1 (strain ATCC 39541 / Classical Ogawa 395 / O395),345073,,,1,24,ECO:0000269,,,,,,,,,,,,,,,,,,,,,,,,,,,,,,,,,,,,,,,,,,,,,,,,,,,,,,,,,,,,,,,,,,
P18194,387,P18194,,Bacteria,Neisseria meningitidis serogroup C,135720,,,1,19,,,,,,,,,,,,,,,,,,,,,,,,,,,,,,,,,,,,,,,,,,,,,,,,,,,,,,,,,,,,,,,,,,,
P30688,331,P30688,,Bacteria,Neisseria meningitidis serogroup B,491,,,1,19,,,,,,,,,,,,,,,,,,,,,,,,,,,,,,,,,,,,,,,,,,,,,,,,,,,,,,,,,,,,,,,,,,,
P33136,511,P33136,,Bacteria,Escherichia coli (strain K12),83333,,,1,22,ECO:0000269,,,,,,,,,,,,,,,,,,,,,,,,,,,,,,,,,,,,,,,,,,,,,,,,,,,,,,,,,,,,,,,,,,
P15363,403,P15363,,Bacteria,Mesomycoplasma hyorhinis,2100,,,1,23,"ECO:0000255, ECO:0000269",,,,,,,,,,,,,,,,,,,,,,,,,,,,,,,,,,,,,,,,,,,,,,,,,,,,,,,,,,,,,,,,,,
P14283,910,P14283,,Bacteria,Bordetella pertussis (strain Tohama I / ATCC BAA-589 / NCTC 13251),257313,,,1,34,,,,,,,,,,,,,,,,,,,,,,,,,,,,,,,,,,,,,,,,,,,,,,,,,,,,,,,,,,,,,,,,,,,
P18192,402,P18192,"Q08933, Q47464",Bacteria,Pectobacterium carotovorum subsp. carotovorum,555,,,1,23,,,,,,,,,,,,,,,,,,,,,,,,,,,,,,,,,,,,,,,,,,,,,,,,,,,,,,,,,,,,,,,,,,,
P05695,440,P05695,,Bacteria,Pseudomonas aeruginosa (strain ATCC 15692 / DSM 22644 / CIP 104116 / JCM 14847 / LMG 12228 / 1C / PRS 101 / PAO1),208964,,,1,29,ECO:0000269,,,,,,,,,,,,,,,,,,,,,,,,,,,,,,,,,,,,,,,,,,,,,,,,,,,,,,,,,,,,,,,,,,
P44737,292,P44737,,Bacteria,Haemophilus influenzae (strain ATCC 51907 / DSM 11121 / KW20 / Rd),71421,,,1,23,ECO:0000269,,,,,,,,,,,,,,,,,,,,,,,,,,,,,,,,,,,,,,,,,,,,,,,,,,,,,,,,,,,,,,,,,,
O06871,146,O06871,,Bacteria,Streptomyces violaceus,1936,,,1,28,,,,,,,,,,,,,,,,,,,,,,,,,,,,,,,,,,,,,,,,,,,,,,,,,,,,,,,,,,,,,,,,,,,
P17855,715,P17855,,Bacteria,Staphylococcus aureus,1280,,,1,26,,,,,,,,,,,,,,,,,,,,,,,,,,,,,,,,,,,,,,,,,,,,,,,,,,,,,,,,,,,,,,,,,,,
P38683,342,P38683,P75888,Bacteria,Escherichia coli (strain K12),83333,,,1,18,ECO:0000269,,,,,,,,,,,,,,,,,,,,,,,,,,,,,,,,,,,,,,,,,,,,,,,,,,,,,,,,,,,,,,,,,,
P26220,240,P26220,,Bacteria,Streptomyces lividans,1916,,,1,49,"ECO:0000255, ECO:0000269",,,,,,,,,,,,,,,,,,,,,,,,,,,,,,,,,,,,,,,,,,,,,,,,,,,,,,,,,,,,,,,,,,
Q57449,293,Q57449,O05018,Bacteria,Haemophilus influenzae (strain ATCC 51907 / DSM 11121 / KW20 / Rd),71421,,,1,22,ECO:0000269,,,,,,,,,,,,,,,,,,,,,,,,,,,,,,,,,,,,,,,,,,,,,,,,,,,,,,,,,,,,,,,,,,
P77368,183,P77368,Q2MBN6,Bacteria,Escherichia coli (strain K12),83333,,,1,21,,,,,,,,,,,,,,,,,,,,,,,,,,,,,,,,,,,,,,,,,,,,,,,,,,,,,,,,,,,,,,,,,,,
P76344,216,P76344,Q2MAZ5,Bacteria,Escherichia coli (strain K12),83333,,,1,23,ECO:0000269,,,,,,,,,,,,,,,,,,,,,,,,,,,,,,,,,,,,,,,,,,,,,,,,,,,,,,,,,,,,,,,,,,
P19361,236,P19361,,Bacteria,Mycobacterium leprae (strain TN),272631,,,1,22,,,,,,,,,,,,,,,,,,,,,,,,,,,,,,,,,,,,,,,,,,,,,,,,,,,,,,,,,,,,,,,,,,,
P09551,260,P09551,P77476,Bacteria,Escherichia coli (strain K12),83333,,,1,22,ECO:0000269,,,,,,,,,,,,,,,,,,,,,,,,,,,,,,,,,,,,,,,,,,,,,,,,,,,,,,,,,,,,,,,,,,
P29725,361,P29725,,Bacteria,Treponema pallidum (strain DSM 117211 / Nichols),243276,,,1,20,,,,,,,,,,,,,,,,,,,,,,,,,,,,,,,,,,,,,,,,,,,,,,,,,,,,,,,,,,,,,,,,,,,
P55929,334,P55929,,Bacteria,Nitrosomonas europaea (strain ATCC 19718 / CIP 103999 / KCTC 2705 / NBRC 14298),228410,,,1,26,ECO:0000269,,,,,,,,,,,,,,,,,,,,,,,,,,,,,,,,,,,,,,,,,,,,,,,,,,,,,,,,,,,,,,,,,,
P30920,718,P30920,,Bacteria,Niallia circulans,1397,,,1,34,,,,,,,,,,,,,,,,,,,,,,,,,,,,,,,,,,,,,,,,,,,,,,,,,,,,,,,,,,,,,,,,,,,
P08331,647,P08331,Q2M692,Bacteria,Escherichia coli (strain K12),83333,,,1,19,ECO:0000269,,,,,,,,,,,,,,,,,,,,,,,,,,,,,,,,,,,,,,,,,,,,,,,,,,,,,,,,,,,,,,,,,,
Q03438,356,Q03438,,Bacteria,Bacillus sp. (strain PS3),2334,,,1,23,"ECO:0000255, ECO:0000269",45,65,ECO:0000255,93,113,ECO:0000255,,,,,,,,,,,,,,,,,,,,,,,,,,,,,,,,,,,,,,,,,,,,,,,,,,,,,,,,,,,,
O33731,111,O33731,Q084G0,Bacteria,Shewanella frigidimarina (strain NCIMB 400),318167,,,1,25,ECO:0000269,,,,,,,,,,,,,,,,,,,,,,,,,,,,,,,,,,,,,,,,,,,,,,,,,,,,,,,,,,,,,,,,,,
P00144,147,P00144,Q2RS39,Bacteria,Rhodospirillum rubrum (strain ATCC 11170 / ATH 1.1.1 / DSM 467 / LMG 4362 / NCIMB 8255 / S1),269796,,,1,21,ECO:0000269,,,,,,,,,,,,,,,,,,,,,,,,,,,,,,,,,,,,,,,,,,,,,,,,,,,,,,,,,,,,,,,,,,
P39844,491,P39844,,Bacteria,Bacillus subtilis (strain 168),224308,,,1,29,ECO:0000269,,,,,,,,,,,,,,,,,,,,,,,,,,,,,,,,,,,,,,,,,,,,,,,,,,,,,,,,,,,,,,,,,,
Q9Z4J7,623,Q9Z4J7,,Bacteria,Pseudomonas aeruginosa (strain ATCC 15692 / DSM 22644 / CIP 104116 / JCM 14847 / LMG 12228 / 1C / PRS 101 / PAO1),208964,,,1,34,"ECO:0000269, ECO:0000305",,,,,,,,,,,,,,,,,,,,,,,,,,,,,,,,,,,,,,,,,,,,,,,,,,,,,,,,,,,,,,,,,,
P19369,70,P19369,,Bacteria,Aeromonas hydrophila,644,,,1,24,ECO:0000269,,,,,,,,,,,,,,,,,,,,,,,,,,,,,,,,,,,,,,,,,,,,,,,,,,,,,,,,,,,,,,,,,,
P13470,1455,P13470,"O69382, O69385, O69388, O69391, O69397, P05427",Bacteria,Streptococcus mutans serotype c (strain ATCC 700610 / UA159),210007,,,1,34,,,,,,,,,,,,,,,,,,,,,,,,,,,,,,,,,,,,,,,,,,,,,,,,,,,,,,,,,,,,,,,,,,,
P26222,441,P26222,,Bacteria,Thermobifida fusca,2021,,,1,31,"ECO:0000255, ECO:0000269",,,,,,,,,,,,,,,,,,,,,,,,,,,,,,,,,,,,,,,,,,,,,,,,,,,,,,,,,,,,,,,,,,
Q50925,570,Q50925,,Bacteria,Nitrosomonas europaea (strain ATCC 19718 / CIP 103999 / KCTC 2705 / NBRC 14298),228410,,,1,24,,,,,,,,,,,,,,,,,,,,,,,,,,,,,,,,,,,,,,,,,,,,,,,,,,,,,,,,,,,,,,,,,,,
P40710,236,P40710,,Bacteria,Escherichia coli (strain K12),83333,,,1,20,,,,,,,,,,,,,,,,,,,,,,,,,,,,,,,,,,,,,,,,,,,,,,,,,,,,,,,,,,,,,,,,,,,
P18195,348,P18195,P97161,Bacteria,Neisseria gonorrhoeae,485,,,1,19,,,,,,,,,,,,,,,,,,,,,,,,,,,,,,,,,,,,,,,,,,,,,,,,,,,,,,,,,,,,,,,,,,,
P40120,551,P40120,"P46134, P76098, P77631",Bacteria,Escherichia coli (strain K12),83333,,,1,32,ECO:0000269,,,,,,,,,,,,,,,,,,,,,,,,,,,,,,,,,,,,,,,,,,,,,,,,,,,,,,,,,,,,,,,,,,
P24141,545,P24141,P23399,Bacteria,Bacillus subtilis (strain 168),224308,,,1,20,ECO:0000255,,,,,,,,,,,,,,,,,,,,,,,,,,,,,,,,,,,,,,,,,,,,,,,,,,,,,,,,,,,,,,,,,,
P07111,195,P07111,,Bacteria,Escherichia coli,562,,,1,22,,,,,,,,,,,,,,,,,,,,,,,,,,,,,,,,,,,,,,,,,,,,,,,,,,,,,,,,,,,,,,,,,,,
Q51915,380,Q51915,Q53354,Bacteria,Pseudomonas marginalis,298,,,1,29,,,,,,,,,,,,,,,,,,,,,,,,,,,,,,,,,,,,,,,,,,,,,,,,,,,,,,,,,,,,,,,,,,,
P81238,129,P81238,Q3J4W2,Bacteria,Cereibacter sphaeroides (strain ATCC 17023 / DSM 158 / JCM 6121 / CCUG 31486 / LMG 2827 / NBRC 12203 / NCIMB 8253 / ATH 2.4.1.),272943,,,1,17,ECO:0000269,,,,,,,,,,,,,,,,,,,,,,,,,,,,,,,,,,,,,,,,,,,,,,,,,,,,,,,,,,,,,,,,,,
P0AEU7,161,P0AEU7,P11457,Bacteria,Escherichia coli (strain K12),83333,,,1,20,ECO:0000269,,,,,,,,,,,,,,,,,,,,,,,,,,,,,,,,,,,,,,,,,,,,,,,,,,,,,,,,,,,,,,,,,,
P49051,814,P49051,"Q6I2R3, Q6KWJ4",Bacteria,Bacillus anthracis,1392,,,1,29,ECO:0000269,,,,,,,,,,,,,,,,,,,,,,,,,,,,,,,,,,,,,,,,,,,,,,,,,,,,,,,,,,,,,,,,,,
P38059,439,P38059,,Bacteria,Lactobacillus helveticus,1587,,,1,30,ECO:0000269,,,,,,,,,,,,,,,,,,,,,,,,,,,,,,,,,,,,,,,,,,,,,,,,,,,,,,,,,,,,,,,,,,
P0C0J0,398,P0C0J0,"P00788, P26296, P68883, Q54960, Q54961, Q54962, Q54963, Q54964, Q54965, Q54966, Q54967, Q54968, Q57024, Q57082, Q57202, Q57211, Q57212, Q9S680",Bacteria,Streptococcus pyogenes,1314,,,1,27,ECO:0000269,,,,,,,,,,,,,,,,,,,,,,,,,,,,,,,,,,,,,,,,,,,,,,,,,,,,,,,,,,,,,,,,,,
P61153,144,P61153,"P28591, Q9R644",Bacteria,Streptomyces lividans,1916,,,1,35,ECO:0000269,,,,,,,,,,,,,,,,,,,,,,,,,,,,,,,,,,,,,,,,,,,,,,,,,,,,,,,,,,,,,,,,,,
P16397,1433,P16397,,Bacteria,Bacillus subtilis (strain 168),224308,,,1,30,,,,,,,,,,,,,,,,,,,,,,,,,,,,,,,,,,,,,,,,,,,,,,,,,,,,,,,,,,,,,,,,,,,
P31550,327,P31550,P75637,Bacteria,Escherichia coli (strain K12),83333,,,1,18,ECO:0000269,,,,,,,,,,,,,,,,,,,,,,,,,,,,,,,,,,,,,,,,,,,,,,,,,,,,,,,,,,,,,,,,,,
P43972,148,P43972,,Bacteria,Haemophilus influenzae (strain ATCC 51907 / DSM 11121 / KW20 / Rd),71421,,,1,20,ECO:0000269,,,,,,,,,,,,,,,,,,,,,,,,,,,,,,,,,,,,,,,,,,,,,,,,,,,,,,,,,,,,,,,,,,
P39180,1039,P39180,"P75614, P76360, P97241, Q46771",Bacteria,Escherichia coli (strain K12),83333,,,1,52,ECO:0000269,,,,,,,,,,,,,,,,,,,,,,,,,,,,,,,,,,,,,,,,,,,,,,,,,,,,,,,,,,,,,,,,,,
Q59639,233,Q59639,,Bacteria,Pseudomonas alginovora,37638,,,1,23,ECO:0000269,,,,,,,,,,,,,,,,,,,,,,,,,,,,,,,,,,,,,,,,,,,,,,,,,,,,,,,,,,,,,,,,,,
P22364,131,P22364,,Bacteria,Paracoccus denitrificans,266,,,1,26,ECO:0000269,,,,,,,,,,,,,,,,,,,,,,,,,,,,,,,,,,,,,,,,,,,,,,,,,,,,,,,,,,,,,,,,,,
P16950,1475,P16950,,Bacteria,Thermoanaerobacter thermohydrosulfuricus,1516,,,1,31,ECO:0000269,,,,,,,,,,,,,,,,,,,,,,,,,,,,,,,,,,,,,,,,,,,,,,,,,,,,,,,,,,,,,,,,,,
P20713,464,P20713,,Bacteria,Klebsiella aerogenes,548,,,1,20,ECO:0000269,,,,,,,,,,,,,,,,,,,,,,,,,,,,,,,,,,,,,,,,,,,,,,,,,,,,,,,,,,,,,,,,,,
P27951,1164,P27951,,Bacteria,Streptococcus agalactiae,1311,,,1,37,ECO:0000269,,,,,,,,,,,,,,,,,,,,,,,,,,,,,,,,,,,,,,,,,,,,,,,,,,,,,,,,,,,,,,,,,,
P43379,713,P43379,,Bacteria,Niallia circulans,1397,,,1,27,ECO:0000269,,,,,,,,,,,,,,,,,,,,,,,,,,,,,,,,,,,,,,,,,,,,,,,,,,,,,,,,,,,,,,,,,,
Q02113,705,Q02113,,Bacteria,Bacillus subtilis (strain 168),224308,,,1,25,ECO:0000269,,,,,,,,,,,,,,,,,,,,,,,,,,,,,,,,,,,,,,,,,,,,,,,,,,,,,,,,,,,,,,,,,,
P00106,201,P00106,,Bacteria,Pseudomonas aeruginosa (strain ATCC 15692 / DSM 22644 / CIP 104116 / JCM 14847 / LMG 12228 / 1C / PRS 101 / PAO1),208964,,,1,20,ECO:0000269,,,,,,,,,,,,,,,,,,,,,,,,,,,,,,,,,,,,,,,,,,,,,,,,,,,,,,,,,,,,,,,,,,
P06970,812,P06970,,Bacteria,Escherichia coli,562,,,1,35,,,,,,,,,,,,,,,,,,,,,,,,,,,,,,,,,,,,,,,,,,,,,,,,,,,,,,,,,,,,,,,,,,,
Q934F5,1012,Q934F5,,Bacteria,Megalodesulfovibrio gigas,879,,,1,35,,,,,,,,,,,,,,,,,,,,,,,,,,,,,,,,,,,,,,,,,,,,,,,,,,,,,,,,,,,,,,,,,,,
P16216,406,P16216,,Bacteria,Ruminococcus albus,1264,,,1,43,ECO:0000269,,,,,,,,,,,,,,,,,,,,,,,,,,,,,,,,,,,,,,,,,,,,,,,,,,,,,,,,,,,,,,,,,,
P37699,460,P37699,B8I7V2,Bacteria,Ruminiclostridium cellulolyticum (strain ATCC 35319 / DSM 5812 / JCM 6584 / H10),394503,,,1,32,ECO:0000269,,,,,,,,,,,,,,,,,,,,,,,,,,,,,,,,,,,,,,,,,,,,,,,,,,,,,,,,,,,,,,,,,,
P27032,332,P27032,E0SES8,Bacteria,Dickeya dadantii (strain 3937),198628,,,1,23,ECO:0000269,,,,,,,,,,,,,,,,,,,,,,,,,,,,,,,,,,,,,,,,,,,,,,,,,,,,,,,,,,,,,,,,,,
P0AES9,110,P0AES9,"P26604, Q2M7H2",Bacteria,Escherichia coli (strain K12),83333,,,1,21,"ECO:0000255, ECO:0000269",,,,,,,,,,,,,,,,,,,,,,,,,,,,,,,,,,,,,,,,,,,,,,,,,,,,,,,,,,,,,,,,,,
P22542,71,P22542,,Bacteria,Escherichia coli,562,,,1,23,,,,,,,,,,,,,,,,,,,,,,,,,,,,,,,,,,,,,,,,,,,,,,,,,,,,,,,,,,,,,,,,,,,
Q9Z4I3,575,Q9Z4I3,,Bacteria,Treponema maltophilum,51160,,,1,19,ECO:0000269,,,,,,,,,,,,,,,,,,,,,,,,,,,,,,,,,,,,,,,,,,,,,,,,,,,,,,,,,,,,,,,,,,
Q02834,647,Q02834,,Bacteria,Micromonospora viridifaciens,1881,,,1,37,ECO:0000269,,,,,,,,,,,,,,,,,,,,,,,,,,,,,,,,,,,,,,,,,,,,,,,,,,,,,,,,,,,,,,,,,,
P0ABL3,149,P0ABL3,"P33933, P76453, Q2MAP0",Bacteria,Escherichia coli (strain K12),83333,,,1,27,ECO:0000269,,,,,,,,,,,,,,,,,,,,,,,,,,,,,,,,,,,,,,,,,,,,,,,,,,,,,,,,,,,,,,,,,,
P20148,348,P20148,,Bacteria,Neisseria gonorrhoeae,485,,,1,19,,,,,,,,,,,,,,,,,,,,,,,,,,,,,,,,,,,,,,,,,,,,,,,,,,,,,,,,,,,,,,,,,,,
P15292,1962,P15292,Q02VE4,Bacteria,Lactococcus lactis subsp. cremoris (strain SK11),272622,,,1,33,,,,,,,,,,,,,,,,,,,,,,,,,,,,,,,,,,,,,,,,,,,,,,,,,,,,,,,,,,,,,,,,,,,
P31956,802,P31956,,Bacteria,Rhizobium viscosum,1673,,,1,26,ECO:0000269,,,,,,,,,,,,,,,,,,,,,,,,,,,,,,,,,,,,,,,,,,,,,,,,,,,,,,,,,,,,,,,,,,
P17543,193,P17543,,Bacteria,Escherichia coli,562,,,1,27,,,,,,,,,,,,,,,,,,,,,,,,,,,,,,,,,,,,,,,,,,,,,,,,,,,,,,,,,,,,,,,,,,,
Q0P9X8,259,Q0P9X8,P45678,Bacteria,Campylobacter jejuni subsp. jejuni serotype O:2 (strain ATCC 700819 / NCTC 11168),192222,,,1,26,ECO:0000269,,,,,,,,,,,,,,,,,,,,,,,,,,,,,,,,,,,,,,,,,,,,,,,,,,,,,,,,,,,,,,,,,,
Q02940,313,Q02940,,Bacteria,Burkholderia multivorans (strain ATCC 17616 / 249),395019,,,1,15,,,,,,,,,,,,,,,,,,,,,,,,,,,,,,,,,,,,,,,,,,,,,,,,,,,,,,,,,,,,,,,,,,,
Q03035,916,Q03035,,Bacteria,Bordetella bronchiseptica (strain ATCC BAA-588 / NCTC 13252 / RB50),257310,,,1,37,ECO:0000269,,,,,,,,,,,,,,,,,,,,,,,,,,,,,,,,,,,,,,,,,,,,,,,,,,,,,,,,,,,,,,,,,,
P09599,333,P09599,,Bacteria,Bacillus cereus,1396,,,1,27,,,,,,,,,,,,,,,,,,,,,,,,,,,,,,,,,,,,,,,,,,,,,,,,,,,,,,,,,,,,,,,,,,,
Q0TV31,398,Q0TV31,"P15310, P94658, Q46246, Q46279, Q46280, Q46281, Q46282, Q57317, Q59303, Q59304, Q59305, Q59313, Q60121",Bacteria,Clostridium perfringens (strain ATCC 13124 / DSM 756 / JCM 1290 / NCIMB 6125 / NCTC 8237 / Type A),195103,,,1,28,ECO:0000269,,,,,,,,,,,,,,,,,,,,,,,,,,,,,,,,,,,,,,,,,,,,,,,,,,,,,,,,,,,,,,,,,,
P13429,175,P13429,Q0TL49,Bacteria,Escherichia coli O6:K15:H31 (strain 536 / UPEC),362663,,,1,27,,,,,,,,,,,,,,,,,,,,,,,,,,,,,,,,,,,,,,,,,,,,,,,,,,,,,,,,,,,,,,,,,,,
P06654,448,P06654,,Bacteria,Streptococcus sp. group G,1320,,,1,33,ECO:0000269,,,,,,,,,,,,,,,,,,,,,,,,,,,,,,,,,,,,,,,,,,,,,,,,,,,,,,,,,,,,,,,,,,
P43131,326,P43131,,Bacteria,Brevibacillus choshinensis,54911,,,1,24,ECO:0000269,,,,,,,,,,,,,,,,,,,,,,,,,,,,,,,,,,,,,,,,,,,,,,,,,,,,,,,,,,,,,,,,,,
P16952,1500,P16952,Q54184,Bacteria,Streptococcus gordonii,1302,,,1,38,ECO:0000255,,,,,,,,,,,,,,,,,,,,,,,,,,,,,,,,,,,,,,,,,,,,,,,,,,,,,,,,,,,,,,,,,,
P02906,329,P02906,,Bacteria,Salmonella typhimurium (strain LT2 / SGSC1412 / ATCC 700720),99287,,,1,19,ECO:0000269,,,,,,,,,,,,,,,,,,,,,,,,,,,,,,,,,,,,,,,,,,,,,,,,,,,,,,,,,,,,,,,,,,
P04981,133,P04981,,Bacteria,Bordetella pertussis (strain Tohama I / ATCC BAA-589 / NCTC 13251),257313,,,1,34,,,,,,,,,,,,,,,,,,,,,,,,,,,,,,,,,,,,,,,,,,,,,,,,,,,,,,,,,,,,,,,,,,,
P11000,453,P11000,,Bacteria,Streptococcus mutans serotype c (strain ATCC 700610 / UA159),210007,,,1,29,,,,,,,,,,,,,,,,,,,,,,,,,,,,,,,,,,,,,,,,,,,,,,,,,,,,,,,,,,,,,,,,,,,
P23031,619,P23031,B3PEH9,Bacteria,Cellvibrio japonicus (strain Ueda107),498211,,,1,37,ECO:0000269,,,,,,,,,,,,,,,,,,,,,,,,,,,,,,,,,,,,,,,,,,,,,,,,,,,,,,,,,,,,,,,,,,
P42111,410,P42111,"O32290, P42110",Bacteria,Bacillus subtilis (strain 168),224308,,,1,41,ECO:0000269,,,,,,,,,,,,,,,,,,,,,,,,,,,,,,,,,,,,,,,,,,,,,,,,,,,,,,,,,,,,,,,,,,
P0A4V2,338,P9WQP2,"D6MJP3, F2GDG3, P0A4V2, P17944, P17996",Bacteria,Mycobacterium tuberculosis (strain CDC 1551 / Oshkosh),83331,,,1,43,ECO:0000255,,,,,,,,,,,,,,,,,,,,,,,,,,,,,,,,,,,,,,,,,,,,,,,,,,,,,,,,,,,,,,,,,,
P19926,413,P19926,,Bacteria,Escherichia coli (strain K12),83333,,,1,22,ECO:0000269,,,,,,,,,,,,,,,,,,,,,,,,,,,,,,,,,,,,,,,,,,,,,,,,,,,,,,,,,,,,,,,,,,
P06547,575,P06547,,Bacteria,Niallia circulans,1397,,,1,36,,,,,,,,,,,,,,,,,,,,,,,,,,,,,,,,,,,,,,,,,,,,,,,,,,,,,,,,,,,,,,,,,,,
P08486,478,P08486,,Bacteria,Streptomyces hygroscopicus,1912,,,1,30,,,,,,,,,,,,,,,,,,,,,,,,,,,,,,,,,,,,,,,,,,,,,,,,,,,,,,,,,,,,,,,,,,,
P0AE22,237,P0AE22,"P32697, P76787, Q2M6P9, Q57085",Bacteria,Escherichia coli (strain K12),83333,,,1,25,ECO:0000269,,,,,,,,,,,,,,,,,,,,,,,,,,,,,,,,,,,,,,,,,,,,,,,,,,,,,,,,,,,,,,,,,,
P36560,102,P36560,P77267,Bacteria,Escherichia coli (strain K12),83333,,,1,21,ECO:0000269,,,,,,,,,,,,,,,,,,,,,,,,,,,,,,,,,,,,,,,,,,,,,,,,,,,,,,,,,,,,,,,,,,
Q50327,207,Q50327,,Bacteria,Mycoplasmoides pneumoniae (strain ATCC 29342 / M129 / Subtype 1),272634,,,1,27,,49,69,ECO:0000255,,,,,,,,,,,,,,,,,,,,,,,,,,,,,,,,,,,,,,,,,,,,,,,,,,,,,,,,,,,,,,,
P12334,149,P12334,,Bacteria,Methylomonas sp. (strain J),32038,,,1,21,ECO:0000269,,,,,,,,,,,,,,,,,,,,,,,,,,,,,,,,,,,,,,,,,,,,,,,,,,,,,,,,,,,,,,,,,,
P30896,286,P30896,,Bacteria,Klebsiella pneumoniae,573,,,1,21,,,,,,,,,,,,,,,,,,,,,,,,,,,,,,,,,,,,,,,,,,,,,,,,,,,,,,,,,,,,,,,,,,,
P22390,294,P22390,,Bacteria,Citrobacter koseri,545,,,1,27,ECO:0000269,,,,,,,,,,,,,,,,,,,,,,,,,,,,,,,,,,,,,,,,,,,,,,,,,,,,,,,,,,,,,,,,,,
P96156,1046,P96156,,Bacteria,Vibrio furnissii,29494,,,1,30,ECO:0000269,,,,,,,,,,,,,,,,,,,,,,,,,,,,,,,,,,,,,,,,,,,,,,,,,,,,,,,,,,,,,,,,,,
P0A387,163,P0A387,"P56150, Q9ETF4",Bacteria,Thermostichus vulcanus,32053,,,1,26,"ECO:0000255, ECO:0000269",,,,,,,,,,,,,,,,,,,,,,,,,,,,,,,,,,,,,,,,,,,,,,,,,,,,,,,,,,,,,,,,,,
P00120,102,P00120,B8DKR6,Bacteria,Nitratidesulfovibrio vulgaris (strain DSM 19637 / Miyazaki F),883,,,1,23,ECO:0000269,,,,,,,,,,,,,,,,,,,,,,,,,,,,,,,,,,,,,,,,,,,,,,,,,,,,,,,,,,,,,,,,,,
P0AEB2,403,P0AEB2,"P04287, P77106",Bacteria,Escherichia coli (strain K12),83333,,,1,29,ECO:0000269,,,,,,,,,,,,,,,,,,,,,,,,,,,,,,,,,,,,,,,,,,,,,,,,,,,,,,,,,,,,,,,,,,
P43529,122,P43529,,Bacteria,Escherichia coli,562,,,1,23,,,,,,,,,,,,,,,,,,,,,,,,,,,,,,,,,,,,,,,,,,,,,,,,,,,,,,,,,,,,,,,,,,,
P36913,329,P36913,,Bacteria,Elizabethkingia meningoseptica,238,,,1,39,,,,,,,,,,,,,,,,,,,,,,,,,,,,,,,,,,,,,,,,,,,,,,,,,,,,,,,,,,,,,,,,,,,
P22266,345,P22266,,Bacteria,Streptomyces scabiei,1930,,,1,39,ECO:0000269,,,,,,,,,,,,,,,,,,,,,,,,,,,,,,,,,,,,,,,,,,,,,,,,,,,,,,,,,,,,,,,,,,
P08191,300,P08191,Q2M5Z3,Bacteria,Escherichia coli (strain K12),83333,,,1,21,ECO:0000269,,,,,,,,,,,,,,,,,,,,,,,,,,,,,,,,,,,,,,,,,,,,,,,,,,,,,,,,,,,,,,,,,,
P45523,270,P45523,"P39175, Q2M712",Bacteria,Escherichia coli (strain K12),83333,,,1,25,ECO:0000269,,,,,,,,,,,,,,,,,,,,,,,,,,,,,,,,,,,,,,,,,,,,,,,,,,,,,,,,,,,,,,,,,,
A3DH67,741,A3DH67,P38686,Bacteria,Acetivibrio thermocellus (strain ATCC 27405 / DSM 1237 / JCM 9322 / NBRC 103400 / NCIMB 10682 / NRRL B-4536 / VPI 7372),203119,,,1,27,ECO:0000269,,,,,,,,,,,,,,,,,,,,,,,,,,,,,,,,,,,,,,,,,,,,,,,,,,,,,,,,,,,,,,,,,,
P19249,189,P19249,P07624,Bacteria,Vibrio parahaemolyticus serotype O3:K6 (strain RIMD 2210633),223926,,,1,24,,,,,,,,,,,,,,,,,,,,,,,,,,,,,,,,,,,,,,,,,,,,,,,,,,,,,,,,,,,,,,,,,,,
P45354,928,P45354,,Bacteria,Haemophilus influenzae,727,,,1,21,ECO:0000269,,,,,,,,,,,,,,,,,,,,,,,,,,,,,,,,,,,,,,,,,,,,,,,,,,,,,,,,,,,,,,,,,,
Q5N0R0,357,Q5N0R0,O06850,Bacteria,Synechococcus sp. (strain ATCC 27144 / PCC 6301 / SAUG 1402/1),269084,,,1,36,"ECO:0000255, ECO:0000269",,,,,,,,,,,,,,,,,,,,,,,,,,,,,,,,,,,,,,,,,,,,,,,,,,,,,,,,,,,,,,,,,,
P14789,418,P14789,"P72165, Q9I2M5",Bacteria,Pseudomonas aeruginosa (strain ATCC 15692 / DSM 22644 / CIP 104116 / JCM 14847 / LMG 12228 / 1C / PRS 101 / PAO1),208964,,,1,31,ECO:0000303,,,,,,,,,,,,,,,,,,,,,,,,,,,,,,,,,,,,,,,,,,,,,,,,,,,,,,,,,,,,,,,,,,
P31716,315,P31716,,Bacteria,Staphylococcus aureus,1280,,,1,29,ECO:0000269,,,,,,,,,,,,,,,,,,,,,,,,,,,,,,,,,,,,,,,,,,,,,,,,,,,,,,,,,,,,,,,,,,
P13113,91,P13113,,Bacteria,Serratia marcescens,615,,,1,19,ECO:0000269,,,,,,,,,,,,,,,,,,,,,,,,,,,,,,,,,,,,,,,,,,,,,,,,,,,,,,,,,,,,,,,,,,
P52477,383,P52477,Q9S506,Bacteria,Pseudomonas aeruginosa (strain ATCC 15692 / DSM 22644 / CIP 104116 / JCM 14847 / LMG 12228 / 1C / PRS 101 / PAO1),208964,,,1,23,,,,,,,,,,,,,,,,,,,,,,,,,,,,,,,,,,,,,,,,,,,,,,,,,,,,,,,,,,,,,,,,,,,
P16567,389,P16567,Q5L762,Bacteria,Chlamydia abortus (strain DSM 27085 / S26/3),218497,,,1,22,,,,,,,,,,,,,,,,,,,,,,,,,,,,,,,,,,,,,,,,,,,,,,,,,,,,,,,,,,,,,,,,,,,
P0A669,193,P0A669,"A0A1R3Y2G8, Q48934, Q48946, Q48947, Q48948, Q50656, Q50769, X2BLT4",Bacteria,Mycobacterium bovis (strain ATCC BAA-935 / AF2122/97),233413,,,1,30,,,,,,,,,,,,,,,,,,,,,,,,,,,,,,,,,,,,,,,,,,,,,,,,,,,,,,,,,,,,,,,,,,,
P30141,388,P30141,,Bacteria,Streptococcus pyogenes,1314,,,1,41,,,,,,,,,,,,,,,,,,,,,,,,,,,,,,,,,,,,,,,,,,,,,,,,,,,,,,,,,,,,,,,,,,,
P39185,831,P39185,Q7WXC3,Bacteria,Cupriavidus necator (strain ATCC 17699 / DSM 428 / KCTC 22496 / NCIMB 10442 / H16 / Stanier 337),381666,,,1,29,"ECO:0000255, ECO:0000269",,,,,,,,,,,,,,,,,,,,,,,,,,,,,,,,,,,,,,,,,,,,,,,,,,,,,,,,,,,,,,,,,,
Q06006,363,Q06006,,Bacteria,Pseudomonas chlororaphis,333,,,1,24,ECO:0000269,,,,,,,,,,,,,,,,,,,,,,,,,,,,,,,,,,,,,,,,,,,,,,,,,,,,,,,,,,,,,,,,,,
Q00971,609,Q00971,,Bacteria,Vibrio proteolyticus,671,,,1,24,ECO:0000255,,,,,,,,,,,,,,,,,,,,,,,,,,,,,,,,,,,,,,,,,,,,,,,,,,,,,,,,,,,,,,,,,,
O68562,176,O68562,,Bacteria,Pseudomonas aeruginosa (strain ATCC 15692 / DSM 22644 / CIP 104116 / JCM 14847 / LMG 12228 / 1C / PRS 101 / PAO1),208964,,,1,21,,,,,,,,,,,,,,,,,,,,,,,,,,,,,,,,,,,,,,,,,,,,,,,,,,,,,,,,,,,,,,,,,,,
Q48217,361,Q48217,,Bacteria,Haemophilus influenzae,727,,,1,20,,,,,,,,,,,,,,,,,,,,,,,,,,,,,,,,,,,,,,,,,,,,,,,,,,,,,,,,,,,,,,,,,,,
Q6CZT4,374,Q6CZT4,"P11430, P16529, Q06113, Q47468",Bacteria,Pectobacterium atrosepticum (strain SCRI 1043 / ATCC BAA-672),218491,,,1,22,ECO:0000269,,,,,,,,,,,,,,,,,,,,,,,,,,,,,,,,,,,,,,,,,,,,,,,,,,,,,,,,,,,,,,,,,,
P27195,705,P27195,,Bacteria,Elizabethkingia miricola,172045,,,1,20,,,,,,,,,,,,,,,,,,,,,,,,,,,,,,,,,,,,,,,,,,,,,,,,,,,,,,,,,,,,,,,,,,,
P09489,1045,P09489,,Bacteria,Serratia marcescens,615,,,1,27,ECO:0000269,,,,,,,,,,,,,,,,,,,,,,,,,,,,,,,,,,,,,,,,,,,,,,,,,,,,,,,,,,,,,,,,,,
P27755,179,P27755,,Bacteria,Myxococcus xanthus,34,,,1,25,,,,,,,,,,,,,,,,,,,,,,,,,,,,,,,,,,,,,,,,,,,,,,,,,,,,,,,,,,,,,,,,,,,
P20379,174,P20379,,Bacteria,Caulobacter vibrioides (strain ATCC 19089 / CIP 103742 / CB 15),190650,,,1,23,,,,,,,,,,,,,,,,,,,,,,,,,,,,,,,,,,,,,,,,,,,,,,,,,,,,,,,,,,,,,,,,,,,
P62560,251,P0DJY8,"P08095, P62560",Viruses,Streptococcus pyogenes phage T12,35344,Streptococcus pyogenes,1314,1,30,ECO:0000255,,,,,,,,,,,,,,,,,,,,,,,,,,,,,,,,,,,,,,,,,,,,,,,,,,,,,,,,,,,,,,,,,,
Q2FXC3,240,Q2FXC3,Q9KH50,Bacteria,Staphylococcus aureus (strain NCTC 8325 / PS 47),93061,,,1,36,ECO:0000269,,,,,,,,,,,,,,,,,,,,,,,,,,,,,,,,,,,,,,,,,,,,,,,,,,,,,,,,,,,,,,,,,,
P77754,161,P77754,,Bacteria,Escherichia coli (strain K12),83333,,,1,23,ECO:0000269,,,,,,,,,,,,,,,,,,,,,,,,,,,,,,,,,,,,,,,,,,,,,,,,,,,,,,,,,,,,,,,,,,
P0ABZ6,428,P0ABZ6,"P21202, P75630, Q8KIP6, Q8KMY0",Bacteria,Escherichia coli (strain K12),83333,,,1,20,ECO:0000269,,,,,,,,,,,,,,,,,,,,,,,,,,,,,,,,,,,,,,,,,,,,,,,,,,,,,,,,,,,,,,,,,,
Q9RUE8,420,Q9RUE8,,Bacteria,Deinococcus radiodurans (strain ATCC 13939 / DSM 20539 / JCM 16871 / CCUG 27074 / LMG 4051 / NBRC 15346 / NCIMB 9279 / VKM B-1422 / R1),243230,,,1,24,"ECO:0000255, ECO:0000269",,,,,,,,,,,,,,,,,,,,,,,,,,,,,,,,,,,,,,,,,,,,,,,,,,,,,,,,,,,,,,,,,,
P22865,461,P22865,A2RP24,Bacteria,Lactococcus lactis subsp. cremoris (strain MG1363),416870,,,1,27,ECO:0000269,,,,,,,,,,,,,,,,,,,,,,,,,,,,,,,,,,,,,,,,,,,,,,,,,,,,,,,,,,,,,,,,,,
P0A8X2,191,P0A8X2,P37904,Bacteria,Escherichia coli (strain K12),83333,,,1,22,ECO:0000269,,,,,,,,,,,,,,,,,,,,,,,,,,,,,,,,,,,,,,,,,,,,,,,,,,,,,,,,,,,,,,,,,,
O31737,161,O31737,,Bacteria,Bacillus subtilis (strain 168),224308,,,1,27,ECO:0000269,,,,,,,,,,,,,,,,,,,,,,,,,,,,,,,,,,,,,,,,,,,,,,,,,,,,,,,,,,,,,,,,,,
P49250,755,P49250,,Bacteria,Klebsiella aerogenes,548,,,1,30,ECO:0000269,,,,,,,,,,,,,,,,,,,,,,,,,,,,,,,,,,,,,,,,,,,,,,,,,,,,,,,,,,,,,,,,,,
O66515,423,O66515,,Bacteria,Aquifex aeolicus (strain VF5),224324,,,1,20,ECO:0000269,31,51,ECO:0000255,64,84,ECO:0000255,123,143,ECO:0000255,150,170,ECO:0000255,183,203,ECO:0000255,217,237,ECO:0000255,246,266,ECO:0000255,278,298,ECO:0000255,301,321,ECO:0000255,331,351,ECO:0000255,374,394,ECO:0000255,,,,,,,,,,,,,,,,,,,,,,,,,,,,,,,,,
P09794,566,P09794,,Bacteria,Streptomyces limosus,1947,,,1,28,,,,,,,,,,,,,,,,,,,,,,,,,,,,,,,,,,,,,,,,,,,,,,,,,,,,,,,,,,,,,,,,,,,
Q59544,236,Q59544,,Bacteria,Morganella morganii,582,,,1,23,ECO:0000269,,,,,,,,,,,,,,,,,,,,,,,,,,,,,,,,,,,,,,,,,,,,,,,,,,,,,,,,,,,,,,,,,,
P23954,290,P23954,P71418,Bacteria,Klebsiella oxytoca,571,,,1,27,ECO:0000269,,,,,,,,,,,,,,,,,,,,,,,,,,,,,,,,,,,,,,,,,,,,,,,,,,,,,,,,,,,,,,,,,,
P12676,546,P12676,,Bacteria,Streptomyces sp. (strain SA-COO),74576,,,1,42,ECO:0000269,,,,,,,,,,,,,,,,,,,,,,,,,,,,,,,,,,,,,,,,,,,,,,,,,,,,,,,,,,,,,,,,,,
O25825,96,O25825,,Bacteria,Helicobacter pylori (strain ATCC 700392 / 26695),85962,,,1,19,ECO:0000269,,,,,,,,,,,,,,,,,,,,,,,,,,,,,,,,,,,,,,,,,,,,,,,,,,,,,,,,,,,,,,,,,,
Q9RQB9,144,Q9RQB9,Q9R555,Bacteria,Methylophilus methylotrophus,17,,,1,20,ECO:0000269,,,,,,,,,,,,,,,,,,,,,,,,,,,,,,,,,,,,,,,,,,,,,,,,,,,,,,,,,,,,,,,,,,
P35150,382,P35150,,Bacteria,Bacillus subtilis (strain 168),224308,,,1,27,ECO:0000269,,,,,,,,,,,,,,,,,,,,,,,,,,,,,,,,,,,,,,,,,,,,,,,,,,,,,,,,,,,,,,,,,,
P04067,313,P04067,,Bacteria,Streptomyces plicatus,1922,,,1,42,ECO:0000269,,,,,,,,,,,,,,,,,,,,,,,,,,,,,,,,,,,,,,,,,,,,,,,,,,,,,,,,,,,,,,,,,,
Q05202,758,Q05202,,Bacteria,Yersinia enterocolitica,630,,,1,36,ECO:0000269,,,,,,,,,,,,,,,,,,,,,,,,,,,,,,,,,,,,,,,,,,,,,,,,,,,,,,,,,,,,,,,,,,
P0C6P2,165,P0C6P2,"P68798, Q08691",Bacteria,Staphylococcus aureus,1280,,,1,29,,,,,,,,,,,,,,,,,,,,,,,,,,,,,,,,,,,,,,,,,,,,,,,,,,,,,,,,,,,,,,,,,,,
P21982,337,P21982,,Bacteria,Spirochaeta aurantia,147,,,1,21,ECO:0000269,,,,,,,,,,,,,,,,,,,,,,,,,,,,,,,,,,,,,,,,,,,,,,,,,,,,,,,,,,,,,,,,,,
P11312,180,P11312,O30924,Bacteria,Escherichia coli,562,,,1,21,,,,,,,,,,,,,,,,,,,,,,,,,,,,,,,,,,,,,,,,,,,,,,,,,,,,,,,,,,,,,,,,,,,
Q07WU7,596,Q07WU7,"Q02469, Q9X969",Bacteria,Shewanella frigidimarina (strain NCIMB 400),318167,,,1,25,ECO:0000269,,,,,,,,,,,,,,,,,,,,,,,,,,,,,,,,,,,,,,,,,,,,,,,,,,,,,,,,,,,,,,,,,,
P23550,566,P23550,,Bacteria,Paenibacillus lautus,1401,,,1,30,,,,,,,,,,,,,,,,,,,,,,,,,,,,,,,,,,,,,,,,,,,,,,,,,,,,,,,,,,,,,,,,,,,
P16630,264,P16630,K4FJ91,Bacteria,Pectobacterium parmentieri,1905730,,,1,32,,,,,,,,,,,,,,,,,,,,,,,,,,,,,,,,,,,,,,,,,,,,,,,,,,,,,,,,,,,,,,,,,,,
P24092,545,P24092,,Bacteria,Nitratidesulfovibrio vulgaris (strain ATCC 29579 / DSM 644 / CCUG 34227 / NCIMB 8303 / VKM B-1760 / Hildenborough),882,,,1,31,,,,,,,,,,,,,,,,,,,,,,,,,,,,,,,,,,,,,,,,,,,,,,,,,,,,,,,,,,,,,,,,,,,
P09790,1532,P09790,,Bacteria,Neisseria gonorrhoeae,485,,,1,27,,,,,,,,,,,,,,,,,,,,,,,,,,,,,,,,,,,,,,,,,,,,,,,,,,,,,,,,,,,,,,,,,,,
O33599,316,O33599,Q2G197,Bacteria,Staphylococcus aureus (strain NCTC 8325 / PS 47),93061,,,1,25,ECO:0000269,,,,,,,,,,,,,,,,,,,,,,,,,,,,,,,,,,,,,,,,,,,,,,,,,,,,,,,,,,,,,,,,,,
Q53599,689,Q53599,,Bacteria,Staphylococcus aureus,1280,,,1,30,ECO:0000269,,,,,,,,,,,,,,,,,,,,,,,,,,,,,,,,,,,,,,,,,,,,,,,,,,,,,,,,,,,,,,,,,,
P04129,91,P04129,P07042,Bacteria,Shigella flexneri,623,,,1,19,,,,,,,,,,,,,,,,,,,,,,,,,,,,,,,,,,,,,,,,,,,,,,,,,,,,,,,,,,,,,,,,,,,
P45996,359,P45996,,Bacteria,Haemophilus influenzae,727,,,1,21,"ECO:0000255, ECO:0000269",27,37,ECO:0000255,64,75,ECO:0000255,83,91,ECO:0000255,110,121,ECO:0000255,126,134,ECO:0000255,164,173,ECO:0000255,178,185,ECO:0000255,211,219,ECO:0000255,,,,,,,,,,,,,,,,,,,,,,,,,,,,,,,,,,,,,,,,,,
Q01969,400,Q01969,,Bacteria,Thermotoga maritima (strain ATCC 43589 / DSM 3109 / JCM 10099 / NBRC 100826 / MSB8),243274,,,1,20,,380,400,ECO:0000255,,,,,,,,,,,,,,,,,,,,,,,,,,,,,,,,,,,,,,,,,,,,,,,,,,,,,,,,,,,,,,,
Q48220,363,Q48220,,Bacteria,Haemophilus influenzae,727,,,1,20,,,,,,,,,,,,,,,,,,,,,,,,,,,,,,,,,,,,,,,,,,,,,,,,,,,,,,,,,,,,,,,,,,,
P10324,153,P10324,,Bacteria,Haemophilus influenzae (strain ATCC 51907 / DSM 11121 / KW20 / Rd),71421,,,1,19,ECO:0000255,,,,,,,,,,,,,,,,,,,,,,,,,,,,,,,,,,,,,,,,,,,,,,,,,,,,,,,,,,,,,,,,,,
P39116,420,P39116,,Bacteria,Bacillus subtilis (strain 168),224308,,,1,21,ECO:0000269,,,,,,,,,,,,,,,,,,,,,,,,,,,,,,,,,,,,,,,,,,,,,,,,,,,,,,,,,,,,,,,,,,
P27458,374,P27458,,Bacteria,Achromobacter lyticus,224,,,1,24,,,,,,,,,,,,,,,,,,,,,,,,,,,,,,,,,,,,,,,,,,,,,,,,,,,,,,,,,,,,,,,,,,,
P00776,297,P00776,,Bacteria,Streptomyces griseus,1911,,,1,38,,,,,,,,,,,,,,,,,,,,,,,,,,,,,,,,,,,,,,,,,,,,,,,,,,,,,,,,,,,,,,,,,,,
Q9S1G7,239,Q9S1G7,,Bacteria,Thauera selenatis,33058,,,1,28,ECO:0000269,,,,,,,,,,,,,,,,,,,,,,,,,,,,,,,,,,,,,,,,,,,,,,,,,,,,,,,,,,,,,,,,,,
P0AGD1,173,P0AGD1,"P53635, P96756, Q2MB67",Bacteria,Escherichia coli (strain K12),83333,,,1,19,ECO:0000269,,,,,,,,,,,,,,,,,,,,,,,,,,,,,,,,,,,,,,,,,,,,,,,,,,,,,,,,,,,,,,,,,,
Q2FZL3,393,Q2FZL3,"Q70UQ8, Q70UQ9, Q9EYW7",Bacteria,Staphylococcus aureus (strain NCTC 8325 / PS 47),93061,,,1,36,ECO:0000269,,,,,,,,,,,,,,,,,,,,,,,,,,,,,,,,,,,,,,,,,,,,,,,,,,,,,,,,,,,,,,,,,,
P07767,658,P07767,,Bacteria,Staphylococcus aureus,1280,,,1,26,ECO:0000269,,,,,,,,,,,,,,,,,,,,,,,,,,,,,,,,,,,,,,,,,,,,,,,,,,,,,,,,,,,,,,,,,,
P22365,132,P22365,,Bacteria,Paracoccus versutus,34007,,,1,26,ECO:0000269,,,,,,,,,,,,,,,,,,,,,,,,,,,,,,,,,,,,,,,,,,,,,,,,,,,,,,,,,,,,,,,,,,
P10424,306,P10424,,Bacteria,Bacillus cereus,1396,,,1,43,ECO:0000269,,,,,,,,,,,,,,,,,,,,,,,,,,,,,,,,,,,,,,,,,,,,,,,,,,,,,,,,,,,,,,,,,,
P0ABE7,128,P0ABE7,"P00192, P76805, Q8XCE3",Bacteria,Escherichia coli,562,,,1,22,ECO:0000269,,,,,,,,,,,,,,,,,,,,,,,,,,,,,,,,,,,,,,,,,,,,,,,,,,,,,,,,,,,,,,,,,,
P31835,713,P31835,,Bacteria,Paenibacillus macerans,44252,,,1,27,ECO:0000269,,,,,,,,,,,,,,,,,,,,,,,,,,,,,,,,,,,,,,,,,,,,,,,,,,,,,,,,,,,,,,,,,,
Q54468,885,Q54468,,Bacteria,Serratia marcescens,615,,,1,27,,,,,,,,,,,,,,,,,,,,,,,,,,,,,,,,,,,,,,,,,,,,,,,,,,,,,,,,,,,,,,,,,,,
P11797,499,P11797,,Bacteria,Serratia marcescens,615,,,1,41,,,,,,,,,,,,,,,,,,,,,,,,,,,,,,,,,,,,,,,,,,,,,,,,,,,,,,,,,,,,,,,,,,,
P0ABW7,171,P0ABW7,P25730,Bacteria,Escherichia coli,562,,,1,23,ECO:0000269,,,,,,,,,,,,,,,,,,,,,,,,,,,,,,,,,,,,,,,,,,,,,,,,,,,,,,,,,,,,,,,,,,
P00096,155,P00096,,Bacteria,Paracoccus denitrificans,266,,,1,20,ECO:0000269,,,,,,,,,,,,,,,,,,,,,,,,,,,,,,,,,,,,,,,,,,,,,,,,,,,,,,,,,,,,,,,,,,
Q52369,210,Q52369,,Bacteria,Stutzerimonas stutzeri,316,,,1,20,,,,,,,,,,,,,,,,,,,,,,,,,,,,,,,,,,,,,,,,,,,,,,,,,,,,,,,,,,,,,,,,,,,
P13626,333,P13626,,Bacteria,Desmonostoc sp. (strain PCC 7906),1181,,,1,44,,301,318,ECO:0000255,,,,,,,,,,,,,,,,,,,,,,,,,,,,,,,,,,,,,,,,,,,,,,,,,,,,,,,,,,,,,,,
P23659,986,P23659,,Bacteria,Thermoclostridium stercorarium,1510,,,1,25,ECO:0000269,,,,,,,,,,,,,,,,,,,,,,,,,,,,,,,,,,,,,,,,,,,,,,,,,,,,,,,,,,,,,,,,,,
P18958,120,P18958,Q47301,Bacteria,Dickeya chrysanthemi,556,,,1,19,ECO:0000269,,,,,,,,,,,,,,,,,,,,,,,,,,,,,,,,,,,,,,,,,,,,,,,,,,,,,,,,,,,,,,,,,,
Q9X6B0,737,Q9X6B0,Q0WBX3,Bacteria,Yersinia pestis,632,,,1,23,"ECO:0000255, ECO:0000269",,,,,,,,,,,,,,,,,,,,,,,,,,,,,,,,,,,,,,,,,,,,,,,,,,,,,,,,,,,,,,,,,,
P51752,230,P51752,,Bacteria,Coxiella burnetii (strain RSA 493 / Nine Mile phase I),227377,,,1,21,ECO:0000269,,,,,,,,,,,,,,,,,,,,,,,,,,,,,,,,,,,,,,,,,,,,,,,,,,,,,,,,,,,,,,,,,,
P20910,550,P20910,,Bacteria,Streptomyces cacaoi,1898,,,1,34,,,,,,,,,,,,,,,,,,,,,,,,,,,,,,,,,,,,,,,,,,,,,,,,,,,,,,,,,,,,,,,,,,,
P0AFB1,294,P0AFB1,"P39833, Q2M947",Bacteria,Escherichia coli (strain K12),83333,,,1,18,,,,,,,,,,,,,,,,,,,,,,,,,,,,,,,,,,,,,,,,,,,,,,,,,,,,,,,,,,,,,,,,,,,
P13415,393,P13415,,Bacteria,Neisseria meningitidis serogroup C,135720,,,1,19,,,,,,,,,,,,,,,,,,,,,,,,,,,,,,,,,,,,,,,,,,,,,,,,,,,,,,,,,,,,,,,,,,,
P30687,331,P30687,,Bacteria,Neisseria meningitidis serogroup B,491,,,1,19,,,,,,,,,,,,,,,,,,,,,,,,,,,,,,,,,,,,,,,,,,,,,,,,,,,,,,,,,,,,,,,,,,,
P76045,301,P76045,Q2MBF5,Bacteria,Escherichia coli (strain K12),83333,,,1,21,ECO:0000269,27,35,ECO:0000255,47,57,ECO:0000255,64,72,ECO:0000255,89,98,ECO:0000255,104,112,ECO:0000255,129,136,ECO:0000255,149,158,ECO:0000255,172,182,ECO:0000255,186,195,ECO:0000255,201,209,ECO:0000255,213,222,ECO:0000255,230,238,ECO:0000255,240,248,ECO:0000255,254,265,ECO:0000255,269,279,ECO:0000255,289,300,ECO:0000255,,,,,,,,,,,,,,,,,,
P16271,1902,P16271,,Bacteria,Lactococcus lactis subsp. cremoris,1359,,,1,33,,,,,,,,,,,,,,,,,,,,,,,,,,,,,,,,,,,,,,,,,,,,,,,,,,,,,,,,,,,,,,,,,,,
P0C1C2,374,P0C1C2,"O31035, P14006, P29171, Q47470",Bacteria,Pectobacterium carotovorum,554,,,1,22,,,,,,,,,,,,,,,,,,,,,,,,,,,,,,,,,,,,,,,,,,,,,,,,,,,,,,,,,,,,,,,,,,,
P20626,307,P20626,Q59314,Bacteria,Corynebacterium pseudotuberculosis,1719,,,1,24,ECO:0000269,,,,,,,,,,,,,,,,,,,,,,,,,,,,,,,,,,,,,,,,,,,,,,,,,,,,,,,,,,,,,,,,,,
P80672,424,P80672,"Q0P8Z7, Q9PN38",Bacteria,Campylobacter jejuni subsp. jejuni serotype O:2 (strain ATCC 700819 / NCTC 11168),192222,,,1,22,ECO:0000269,,,,,,,,,,,,,,,,,,,,,,,,,,,,,,,,,,,,,,,,,,,,,,,,,,,,,,,,,,,,,,,,,,
P00777,299,P00777,,Bacteria,Streptomyces griseus,1911,,,1,38,,,,,,,,,,,,,,,,,,,,,,,,,,,,,,,,,,,,,,,,,,,,,,,,,,,,,,,,,,,,,,,,,,,
P02925,296,P02925,Q2M869,Bacteria,Escherichia coli (strain K12),83333,,,1,25,ECO:0000269,,,,,,,,,,,,,,,,,,,,,,,,,,,,,,,,,,,,,,,,,,,,,,,,,,,,,,,,,,,,,,,,,,
P22629,183,P22629,,Bacteria,Streptomyces avidinii,1895,,,1,24,ECO:0000269,,,,,,,,,,,,,,,,,,,,,,,,,,,,,,,,,,,,,,,,,,,,,,,,,,,,,,,,,,,,,,,,,,
P0C1S6,393,P0C1S6,"Q70UQ8, Q70UQ9, Q9EYW7",Bacteria,Staphylococcus aureus,1280,,,1,36,,,,,,,,,,,,,,,,,,,,,,,,,,,,,,,,,,,,,,,,,,,,,,,,,,,,,,,,,,,,,,,,,,,
P14768,611,P14768,B3PKK3,Bacteria,Cellvibrio japonicus (strain Ueda107),498211,,,1,26,,,,,,,,,,,,,,,,,,,,,,,,,,,,,,,,,,,,,,,,,,,,,,,,,,,,,,,,,,,,,,,,,,,
P0A940,810,P0A940,"P39170, P39181, P77465, Q548B8, Q8KR94, Q9R2E3",Bacteria,Escherichia coli (strain K12),83333,,,1,20,"ECO:0000255, ECO:0000269",425,433,ECO:0000269,436,446,ECO:0000269,455,462,ECO:0000269,466,475,ECO:0000269,484,495,ECO:0000269,505,506,ECO:0000269,523,535,ECO:0000269,564,577,ECO:0000269,591,600,ECO:0000269,609,619,ECO:0000269,629,639,ECO:0000269,709,718,ECO:0000269,733,745,ECO:0000269,768,777,ECO:0000269,779,789,ECO:0000269,804,808,ECO:0000269,,,,,,,,,,,,,,,,,,
P23616,285,P23616,,Bacteria,Brevibacillus brevis,1393,,,1,25,,,,,,,,,,,,,,,,,,,,,,,,,,,,,,,,,,,,,,,,,,,,,,,,,,,,,,,,,,,,,,,,,,,
P13050,386,P13050,,Bacteria,Streptococcus pyogenes,1314,,,1,41,,,,,,,,,,,,,,,,,,,,,,,,,,,,,,,,,,,,,,,,,,,,,,,,,,,,,,,,,,,,,,,,,,,
P30859,243,P30859,P77640,Bacteria,Escherichia coli (strain K12),83333,,,1,19,ECO:0000269,,,,,,,,,,,,,,,,,,,,,,,,,,,,,,,,,,,,,,,,,,,,,,,,,,,,,,,,,,,,,,,,,,
P00101,104,P00101,P24036,Bacteria,Stutzerimonas stutzeri,316,,,1,22,ECO:0000269,,,,,,,,,,,,,,,,,,,,,,,,,,,,,,,,,,,,,,,,,,,,,,,,,,,,,,,,,,,,,,,,,,
P07497,111,P07497,Q5N5Y8,Bacteria,Synechococcus sp. (strain ATCC 27144 / PCC 6301 / SAUG 1402/1),269084,,,1,24,ECO:0000269,,,,,,,,,,,,,,,,,,,,,,,,,,,,,,,,,,,,,,,,,,,,,,,,,,,,,,,,,,,,,,,,,,
Q8GPG4,910,Q8GPG4,,Bacteria,Rhodovulum sulfidophilum,35806,,,1,28,"ECO:0000255, ECO:0000269",,,,,,,,,,,,,,,,,,,,,,,,,,,,,,,,,,,,,,,,,,,,,,,,,,,,,,,,,,,,,,,,,,
P18775,814,P18775,,Bacteria,Escherichia coli (strain K12),83333,,,1,45,"ECO:0000255, ECO:0000269",,,,,,,,,,,,,,,,,,,,,,,,,,,,,,,,,,,,,,,,,,,,,,,,,,,,,,,,,,,,,,,,,,
P0A0L5,266,P0A0L5,P23313,Bacteria,Staphylococcus aureus,1280,,,1,27,,,,,,,,,,,,,,,,,,,,,,,,,,,,,,,,,,,,,,,,,,,,,,,,,,,,,,,,,,,,,,,,,,,
P12993,257,P12993,,Bacteria,Staphylococcus aureus,1280,,,1,27,ECO:0000269,,,,,,,,,,,,,,,,,,,,,,,,,,,,,,,,,,,,,,,,,,,,,,,,,,,,,,,,,,,,,,,,,,
P32520,320,P32520,P80157,Bacteria,Brachyspira hyodysenteriae,159,,,1,19,ECO:0000269,,,,,,,,,,,,,,,,,,,,,,,,,,,,,,,,,,,,,,,,,,,,,,,,,,,,,,,,,,,,,,,,,,
P05788,207,P05788,,Bacteria,Bordetella pertussis (strain Tohama I / ATCC BAA-589 / NCTC 13251),257313,,,1,26,,,,,,,,,,,,,,,,,,,,,,,,,,,,,,,,,,,,,,,,,,,,,,,,,,,,,,,,,,,,,,,,,,,
P13421,174,P13421,,Bacteria,Serratia marcescens,615,,,1,22,ECO:0000269,,,,,,,,,,,,,,,,,,,,,,,,,,,,,,,,,,,,,,,,,,,,,,,,,,,,,,,,,,,,,,,,,,
P15320,1608,P15320,,Bacteria,Serratia marcescens,615,,,1,30,ECO:0000269,,,,,,,,,,,,,,,,,,,,,,,,,,,,,,,,,,,,,,,,,,,,,,,,,,,,,,,,,,,,,,,,,,
O07532,488,O07532,,Bacteria,Bacillus subtilis (strain 168),224308,,,1,26,ECO:0000269,,,,,,,,,,,,,,,,,,,,,,,,,,,,,,,,,,,,,,,,,,,,,,,,,,,,,,,,,,,,,,,,,,
P0AEX9,396,P0AEX9,"P02928, Q2M6S0",Bacteria,Escherichia coli (strain K12),83333,,,1,26,ECO:0000269,,,,,,,,,,,,,,,,,,,,,,,,,,,,,,,,,,,,,,,,,,,,,,,,,,,,,,,,,,,,,,,,,,
P0A908,248,P0A908,"O07962, P77486",Bacteria,Escherichia coli (strain K12),83333,,,1,22,ECO:0000269,,,,,,,,,,,,,,,,,,,,,,,,,,,,,,,,,,,,,,,,,,,,,,,,,,,,,,,,,,,,,,,,,,
P37329,257,P37329,,Bacteria,Escherichia coli (strain K12),83333,,,1,24,ECO:0000269,,,,,,,,,,,,,,,,,,,,,,,,,,,,,,,,,,,,,,,,,,,,,,,,,,,,,,,,,,,,,,,,,,
P23421,394,P23421,,Bacteria,Chlamydia trachomatis,813,,,1,22,,,,,,,,,,,,,,,,,,,,,,,,,,,,,,,,,,,,,,,,,,,,,,,,,,,,,,,,,,,,,,,,,,,
P16946,369,P16946,,Bacteria,Streptococcus pyogenes serotype M49,301452,,,1,41,,,,,,,,,,,,,,,,,,,,,,,,,,,,,,,,,,,,,,,,,,,,,,,,,,,,,,,,,,,,,,,,,,,
P24040,560,P24040,,Bacteria,Stutzerimonas stutzeri,316,,,1,26,,,,,,,,,,,,,,,,,,,,,,,,,,,,,,,,,,,,,,,,,,,,,,,,,,,,,,,,,,,,,,,,,,,
P0A910,346,P0A910,P02934,Bacteria,Escherichia coli (strain K12),83333,,,1,21,ECO:0000269,27,37,ECO:0000269,55,66,ECO:0000269,70,78,ECO:0000269,96,107,ECO:0000269,112,120,"ECO:0000269, ECO:0000305",142,151,"ECO:0000269, ECO:0000305",156,164,ECO:0000269,182,191,ECO:0000269,,,,,,,,,,,,,,,,,,,,,,,,,,,,,,,,,,,,,,,,,,
P29739,326,P29739,,Bacteria,Photobacterium profundum (strain SS9),298386,,,1,19,ECO:0000269,,,,,,,,,,,,,,,,,,,,,,,,,,,,,,,,,,,,,,,,,,,,,,,,,,,,,,,,,,,,,,,,,,
P15922,602,P15922,,Bacteria,Dickeya chrysanthemi,556,,,1,27,ECO:0000269,,,,,,,,,,,,,,,,,,,,,,,,,,,,,,,,,,,,,,,,,,,,,,,,,,,,,,,,,,,,,,,,,,
P50057,131,P50057,,Bacteria,Prochlorothrix hollandica,1223,,,1,34,,,,,,,,,,,,,,,,,,,,,,,,,,,,,,,,,,,,,,,,,,,,,,,,,,,,,,,,,,,,,,,,,,,
P42251,583,P42251,,Bacteria,Bacillus subtilis (strain 168),224308,,,1,56,ECO:0000269,,,,,,,,,,,,,,,,,,,,,,,,,,,,,,,,,,,,,,,,,,,,,,,,,,,,,,,,,,,,,,,,,,
P11472,277,P11472,Q31RJ3,Bacteria,Synechococcus elongatus (strain ATCC 33912 / PCC 7942 / FACHB-805),1140,,,1,27,ECO:0000305,,,,,,,,,,,,,,,,,,,,,,,,,,,,,,,,,,,,,,,,,,,,,,,,,,,,,,,,,,,,,,,,,,
P34957,321,P34957,O32281,Bacteria,Bacillus subtilis (strain 168),224308,,,1,25,ECO:0000255,49,69,ECO:0000255,90,110,ECO:0000255,,,,,,,,,,,,,,,,,,,,,,,,,,,,,,,,,,,,,,,,,,,,,,,,,,,,,,,,,,,,
P31306,663,P31306,A8AYX4,Bacteria,Streptococcus gordonii (strain Challis / ATCC 35105 / BCRC 15272 / CH1 / DL1 / V288),467705,,,1,22,,,,,,,,,,,,,,,,,,,,,,,,,,,,,,,,,,,,,,,,,,,,,,,,,,,,,,,,,,,,,,,,,,,
Q9S1H0,918,Q9S1H0,,Bacteria,Thauera selenatis,33058,,,1,36,"ECO:0000255, ECO:0000269",,,,,,,,,,,,,,,,,,,,,,,,,,,,,,,,,,,,,,,,,,,,,,,,,,,,,,,,,,,,,,,,,,
P15453,173,P15453,Q578I8,Bacteria,Brucella abortus biovar 1 (strain 9-941),262698,,,1,19,ECO:0000269,,,,,,,,,,,,,,,,,,,,,,,,,,,,,,,,,,,,,,,,,,,,,,,,,,,,,,,,,,,,,,,,,,
P00446,173,P00446,,Bacteria,Photobacterium leiognathi,553611,,,1,22,ECO:0000269,,,,,,,,,,,,,,,,,,,,,,,,,,,,,,,,,,,,,,,,,,,,,,,,,,,,,,,,,,,,,,,,,,
P50470,376,P50470,,Bacteria,Streptococcus pyogenes serotype M1,301447,,,1,41,ECO:0000269,,,,,,,,,,,,,,,,,,,,,,,,,,,,,,,,,,,,,,,,,,,,,,,,,,,,,,,,,,,,,,,,,,
P10520,440,P10520,Q48WH3,Bacteria,Streptococcus pyogenes serotype M1,301447,,,1,26,,,,,,,,,,,,,,,,,,,,,,,,,,,,,,,,,,,,,,,,,,,,,,,,,,,,,,,,,,,,,,,,,,,
P19478,204,P19478,,Bacteria,Treponema pallidum (strain DSM 117211 / Nichols),243276,,,1,19,,,,,,,,,,,,,,,,,,,,,,,,,,,,,,,,,,,,,,,,,,,,,,,,,,,,,,,,,,,,,,,,,,,
P31831,528,P31831,,Bacteria,Listeria ivanovii,1638,,,1,23,ECO:0000255,213,226,ECO:0000250,233,242,ECO:0000250,311,320,ECO:0000250,328,340,ECO:0000250,,,,,,,,,,,,,,,,,,,,,,,,,,,,,,,,,,,,,,,,,,,,,,,,,,,,,,
P33225,848,P33225,P78227,Bacteria,Escherichia coli (strain K12),83333,,,1,39,"ECO:0000255, ECO:0000269",,,,,,,,,,,,,,,,,,,,,,,,,,,,,,,,,,,,,,,,,,,,,,,,,,,,,,,,,,,,,,,,,,
P36917,1157,P36917,,Bacteria,Thermoanaerobacterium saccharolyticum,28896,,,1,33,ECO:0000269,,,,,,,,,,,,,,,,,,,,,,,,,,,,,,,,,,,,,,,,,,,,,,,,,,,,,,,,,,,,,,,,,,
P19531,719,P19531,,Bacteria,Geobacillus stearothermophilus,1422,,,1,33,ECO:0000269,,,,,,,,,,,,,,,,,,,,,,,,,,,,,,,,,,,,,,,,,,,,,,,,,,,,,,,,,,,,,,,,,,
P27036,704,P27036,,Bacteria,Bacillus ohbensis,1481,,,1,29,,,,,,,,,,,,,,,,,,,,,,,,,,,,,,,,,,,,,,,,,,,,,,,,,,,,,,,,,,,,,,,,,,,
P07173,356,P07173,"B8Y5U8, E2J7X6",Bacteria,Blastochloris viridis,1079,,,1,20,,,,,,,,,,,,,,,,,,,,,,,,,,,,,,,,,,,,,,,,,,,,,,,,,,,,,,,,,,,,,,,,,,,
P13812,123,P13812,,Bacteria,Escherichia coli,562,,,1,19,,,,,,,,,,,,,,,,,,,,,,,,,,,,,,,,,,,,,,,,,,,,,,,,,,,,,,,,,,,,,,,,,,,
Q7BSW5,1300,Q7BSW5,"O32555, Q9S6R3",Bacteria,Escherichia coli O157:H7,83334,,,1,55,ECO:0000269,,,,,,,,,,,,,,,,,,,,,,,,,,,,,,,,,,,,,,,,,,,,,,,,,,,,,,,,,,,,,,,,,,
Q07792,200,Q07792,,Bacteria,Vibrio mimicus,674,,,1,19,ECO:0000269,,,,,,,,,,,,,,,,,,,,,,,,,,,,,,,,,,,,,,,,,,,,,,,,,,,,,,,,,,,,,,,,,,
P0A0L2,257,P0A0L2,P13163,Bacteria,Staphylococcus aureus,1280,,,1,24,ECO:0000269,,,,,,,,,,,,,,,,,,,,,,,,,,,,,,,,,,,,,,,,,,,,,,,,,,,,,,,,,,,,,,,,,,
P14190,283,P14190,,Bacteria,Escherichia coli,562,,,1,21,,,,,,,,,,,,,,,,,,,,,,,,,,,,,,,,,,,,,,,,,,,,,,,,,,,,,,,,,,,,,,,,,,,
P12634,267,P12634,,Bacteria,Caulobacter vibrioides (strain ATCC 19089 / CIP 103742 / CB 15),190650,,,1,29,,,,,,,,,,,,,,,,,,,,,,,,,,,,,,,,,,,,,,,,,,,,,,,,,,,,,,,,,,,,,,,,,,,
P0AEQ3,248,P0AEQ3,P10344,Bacteria,Escherichia coli (strain K12),83333,,,1,22,ECO:0000269,,,,,,,,,,,,,,,,,,,,,,,,,,,,,,,,,,,,,,,,,,,,,,,,,,,,,,,,,,,,,,,,,,
P0AEU0,260,P0AEU0,"P39182, P77763",Bacteria,Escherichia coli (strain K12),83333,,,1,22,ECO:0000269,,,,,,,,,,,,,,,,,,,,,,,,,,,,,,,,,,,,,,,,,,,,,,,,,,,,,,,,,,,,,,,,,,
P09616,319,P09616,,Bacteria,Staphylococcus aureus,1280,,,1,26,ECO:0000269,,,,,,,,,,,,,,,,,,,,,,,,,,,,,,,,,,,,,,,,,,,,,,,,,,,,,,,,,,,,,,,,,,
P01092,104,P01092,,Bacteria,Streptomyces tendae,1932,,,1,30,ECO:0000269,,,,,,,,,,,,,,,,,,,,,,,,,,,,,,,,,,,,,,,,,,,,,,,,,,,,,,,,,,,,,,,,,,
P31715,323,P31715,,Bacteria,Staphylococcus aureus,1280,,,1,25,ECO:0000269,,,,,,,,,,,,,,,,,,,,,,,,,,,,,,,,,,,,,,,,,,,,,,,,,,,,,,,,,,,,,,,,,,
P19843,436,P19843,,Bacteria,Stutzerimonas stutzeri,316,,,1,27,ECO:0000255,,,,,,,,,,,,,,,,,,,,,,,,,,,,,,,,,,,,,,,,,,,,,,,,,,,,,,,,,,,,,,,,,,
P94127,642,P94127,O68477,Bacteria,Achromobacter cycloclastes,223,,,1,46,ECO:0000269,,,,,,,,,,,,,,,,,,,,,,,,,,,,,,,,,,,,,,,,,,,,,,,,,,,,,,,,,,,,,,,,,,
P30691,337,P30691,,Bacteria,Neisseria lactamica,486,,,1,19,,,,,,,,,,,,,,,,,,,,,,,,,,,,,,,,,,,,,,,,,,,,,,,,,,,,,,,,,,,,,,,,,,,
P07941,844,P07941,,Bacteria,Kluyvera cryocrescens,580,,,1,26,,,,,,,,,,,,,,,,,,,,,,,,,,,,,,,,,,,,,,,,,,,,,,,,,,,,,,,,,,,,,,,,,,,
P08954,329,P08954,,Bacteria,Bacillus thuringiensis,1428,,,1,31,,,,,,,,,,,,,,,,,,,,,,,,,,,,,,,,,,,,,,,,,,,,,,,,,,,,,,,,,,,,,,,,,,,
P31522,158,P31522,Q0WHB0,Bacteria,Yersinia pestis,632,,,1,26,,,,,,,,,,,,,,,,,,,,,,,,,,,,,,,,,,,,,,,,,,,,,,,,,,,,,,,,,,,,,,,,,,,
P0A2C5,296,P0A2C5,P02926,Bacteria,Salmonella typhimurium (strain LT2 / SGSC1412 / ATCC 700720),99287,,,1,25,ECO:0000269,,,,,,,,,,,,,,,,,,,,,,,,,,,,,,,,,,,,,,,,,,,,,,,,,,,,,,,,,,,,,,,,,,
P07643,345,P07643,,Bacteria,Treponema pallidum (strain DSM 117211 / Nichols),243276,,,1,21,,,,,,,,,,,,,,,,,,,,,,,,,,,,,,,,,,,,,,,,,,,,,,,,,,,,,,,,,,,,,,,,,,,
P11439,638,P11439,Q9I4I7,Bacteria,Pseudomonas aeruginosa (strain ATCC 15692 / DSM 22644 / CIP 104116 / JCM 14847 / LMG 12228 / 1C / PRS 101 / PAO1),208964,,,1,25,ECO:0000269,,,,,,,,,,,,,,,,,,,,,,,,,,,,,,,,,,,,,,,,,,,,,,,,,,,,,,,,,,,,,,,,,,
P26514,477,P26514,P96464,Bacteria,Streptomyces lividans,1916,,,1,41,ECO:0000269,,,,,,,,,,,,,,,,,,,,,,,,,,,,,,,,,,,,,,,,,,,,,,,,,,,,,,,,,,,,,,,,,,
P39172,310,P39172,P76284,Bacteria,Escherichia coli (strain K12),83333,,,1,26,ECO:0000269,,,,,,,,,,,,,,,,,,,,,,,,,,,,,,,,,,,,,,,,,,,,,,,,,,,,,,,,,,,,,,,,,,
P82593,825,P82593,,Bacteria,Streptomyces chartreusis,1969,,,1,29,ECO:0000269,,,,,,,,,,,,,,,,,,,,,,,,,,,,,,,,,,,,,,,,,,,,,,,,,,,,,,,,,,,,,,,,,,
P19567,152,P19567,Q43929,Bacteria,Achromobacter cycloclastes,223,,,1,28,ECO:0000269,,,,,,,,,,,,,,,,,,,,,,,,,,,,,,,,,,,,,,,,,,,,,,,,,,,,,,,,,,,,,,,,,,
P14489,266,P14489,,Bacteria,Pseudomonas aeruginosa,287,,,1,19,ECO:0000255,,,,,,,,,,,,,,,,,,,,,,,,,,,,,,,,,,,,,,,,,,,,,,,,,,,,,,,,,,,,,,,,,,
P42517,181,P42517,,Bacteria,Enterobacter agglomerans,549,,,1,20,ECO:0000269,,,,,,,,,,,,,,,,,,,,,,,,,,,,,,,,,,,,,,,,,,,,,,,,,,,,,,,,,,,,,,,,,,
P00091,139,P00091,,Bacteria,Rhodopseudomonas palustris (strain ATCC BAA-98 / CGA009),258594,,,1,25,ECO:0000269,,,,,,,,,,,,,,,,,,,,,,,,,,,,,,,,,,,,,,,,,,,,,,,,,,,,,,,,,,,,,,,,,,
P39042,291,P39042,,Bacteria,Streptomyces sp. (strain K15),1958,,,1,29,ECO:0000269,,,,,,,,,,,,,,,,,,,,,,,,,,,,,,,,,,,,,,,,,,,,,,,,,,,,,,,,,,,,,,,,,,
P23827,162,P23827,,Bacteria,Escherichia coli (strain K12),83333,,,1,20,ECO:0000269,,,,,,,,,,,,,,,,,,,,,,,,,,,,,,,,,,,,,,,,,,,,,,,,,,,,,,,,,,,,,,,,,,
P09332,277,P09332,,Bacteria,Staphylococcus aureus,1280,,,1,31,,,,,,,,,,,,,,,,,,,,,,,,,,,,,,,,,,,,,,,,,,,,,,,,,,,,,,,,,,,,,,,,,,,
Q99003,344,Q99003,O30927,Bacteria,Escherichia coli,562,,,1,22,ECO:0000269,,,,,,,,,,,,,,,,,,,,,,,,,,,,,,,,,,,,,,,,,,,,,,,,,,,,,,,,,,,,,,,,,,
P37902,302,P37902,"P41408, P77612, Q9R7T1, Q9R7T3",Bacteria,Escherichia coli (strain K12),83333,,,1,22,ECO:0000269,,,,,,,,,,,,,,,,,,,,,,,,,,,,,,,,,,,,,,,,,,,,,,,,,,,,,,,,,,,,,,,,,,
P27035,459,P27035,,Bacteria,Streptomyces lividans,1916,,,1,27,ECO:0000269,,,,,,,,,,,,,,,,,,,,,,,,,,,,,,,,,,,,,,,,,,,,,,,,,,,,,,,,,,,,,,,,,,
P17215,365,P17215,,Bacteria,Salmonella typhimurium (strain LT2 / SGSC1412 / ATCC 700720),99287,,,1,21,,,,,,,,,,,,,,,,,,,,,,,,,,,,,,,,,,,,,,,,,,,,,,,,,,,,,,,,,,,,,,,,,,,
P69776,78,P69776,"P02937, Q53272",Bacteria,Escherichia coli (strain K12),83333,,,1,20,"ECO:0000255, ECO:0000269",,,,,,,,,,,,,,,,,,,,,,,,,,,,,,,,,,,,,,,,,,,,,,,,,,,,,,,,,,,,,,,,,,
P31892,360,P31892,,Bacteria,Cupriavidus necator (strain ATCC 17699 / DSM 428 / KCTC 22496 / NCIMB 10442 / H16 / Stanier 337),381666,,,1,43,"ECO:0000255, ECO:0000269",,,,,,,,,,,,,,,,,,,,,,,,,,,,,,,,,,,,,,,,,,,,,,,,,,,,,,,,,,,,,,,,,,
P19542,393,P19542,,Bacteria,Chlamydia trachomatis,813,,,1,22,,,,,,,,,,,,,,,,,,,,,,,,,,,,,,,,,,,,,,,,,,,,,,,,,,,,,,,,,,,,,,,,,,,
P46739,184,P46739,,Bacteria,Escherichia coli,562,,,1,28,ECO:0000269,,,,,,,,,,,,,,,,,,,,,,,,,,,,,,,,,,,,,,,,,,,,,,,,,,,,,,,,,,,,,,,,,,
P0A903,344,P0A903,"P21167, P76564",Bacteria,Escherichia coli (strain K12),83333,,,1,24,,,,,,,,,,,,,,,,,,,,,,,,,,,,,,,,,,,,,,,,,,,,,,,,,,,,,,,,,,,,,,,,,,,
Q48473,363,Q48473,,Bacteria,Klebsiella pneumoniae,573,,,1,21,,,,,,,,,,,,,,,,,,,,,,,,,,,,,,,,,,,,,,,,,,,,,,,,,,,,,,,,,,,,,,,,,,,
P20149,361,P20149,,Bacteria,Haemophilus influenzae,727,,,1,20,,,,,,,,,,,,,,,,,,,,,,,,,,,,,,,,,,,,,,,,,,,,,,,,,,,,,,,,,,,,,,,,,,,
P04959,375,P04959,,Bacteria,Dickeya chrysanthemi,556,,,1,22,,,,,,,,,,,,,,,,,,,,,,,,,,,,,,,,,,,,,,,,,,,,,,,,,,,,,,,,,,,,,,,,,,,
P20041,529,P20041,,Bacteria,Ralstonia solanacearum,305,,,1,21,ECO:0000269,,,,,,,,,,,,,,,,,,,,,,,,,,,,,,,,,,,,,,,,,,,,,,,,,,,,,,,,,,,,,,,,,,
P0AFL3,190,P0AFL3,"P20752, Q2M729",Bacteria,Escherichia coli (strain K12),83333,,,1,24,ECO:0000269,,,,,,,,,,,,,,,,,,,,,,,,,,,,,,,,,,,,,,,,,,,,,,,,,,,,,,,,,,,,,,,,,,
Q9X7I4,183,Q9X7I4,,Bacteria,Prochlorococcus marinus (strain SARG / CCMP1375 / SS120),167539,,,1,23,ECO:0000269,102,122,ECO:0000255,,,,,,,,,,,,,,,,,,,,,,,,,,,,,,,,,,,,,,,,,,,,,,,,,,,,,,,,,,,,,,,
P0ADC1,193,P0ADC1,"P10101, P77576",Bacteria,Escherichia coli (strain K12),83333,,,1,18,,,,,,,,,,,,,,,,,,,,,,,,,,,,,,,,,,,,,,,,,,,,,,,,,,,,,,,,,,,,,,,,,,,
P11701,795,P11701,,Bacteria,Streptococcus mutans serotype c (strain ATCC 700610 / UA159),210007,,,1,36,ECO:0000255,774,794,ECO:0000255,,,,,,,,,,,,,,,,,,,,,,,,,,,,,,,,,,,,,,,,,,,,,,,,,,,,,,,,,,,,,,,
Q8VSL2,1364,Q8VSL2,"Q54165, Q99QC6",Bacteria,Shigella flexneri,623,,,1,56,ECO:0000269,,,,,,,,,,,,,,,,,,,,,,,,,,,,,,,,,,,,,,,,,,,,,,,,,,,,,,,,,,,,,,,,,,
P35823,502,P35823,,Bacteria,Aeromonas salmonicida,645,,,1,21,ECO:0000269,,,,,,,,,,,,,,,,,,,,,,,,,,,,,,,,,,,,,,,,,,,,,,,,,,,,,,,,,,,,,,,,,,
P0AE06,397,P0AE06,"P31223, Q2MBW4",Bacteria,Escherichia coli (strain K12),83333,,,1,24,,,,,,,,,,,,,,,,,,,,,,,,,,,,,,,,,,,,,,,,,,,,,,,,,,,,,,,,,,,,,,,,,,,
P24735,397,P24735,,Bacteria,Pseudomonas aeruginosa (strain ATCC 15692 / DSM 22644 / CIP 104116 / JCM 14847 / LMG 12228 / 1C / PRS 101 / PAO1),208964,,,1,26,ECO:0000269,,,,,,,,,,,,,,,,,,,,,,,,,,,,,,,,,,,,,,,,,,,,,,,,,,,,,,,,,,,,,,,,,,
Q7M1T6,233,Q7M1T6,P81957,Bacteria,Onion yellows phytoplasma (strain OY-M),262768,,,1,32,ECO:0000269,206,226,ECO:0000255,,,,,,,,,,,,,,,,,,,,,,,,,,,,,,,,,,,,,,,,,,,,,,,,,,,,,,,,,,,,,,,
P30860,243,P30860,P77547,Bacteria,Escherichia coli (strain K12),83333,,,1,19,ECO:0000269,,,,,,,,,,,,,,,,,,,,,,,,,,,,,,,,,,,,,,,,,,,,,,,,,,,,,,,,,,,,,,,,,,
P14488,256,P14488,,Bacteria,Bacillus cereus,1396,,,1,29,"ECO:0000255, ECO:0000305",,,,,,,,,,,,,,,,,,,,,,,,,,,,,,,,,,,,,,,,,,,,,,,,,,,,,,,,,,,,,,,,,,
P17315,663,P17315,Q2MAS4,Bacteria,Escherichia coli (strain K12),83333,,,1,25,ECO:0000269,,,,,,,,,,,,,,,,,,,,,,,,,,,,,,,,,,,,,,,,,,,,,,,,,,,,,,,,,,,,,,,,,,
Q58AD3,94,Q58AD3,,Bacteria,Cupriavidus metallidurans (strain ATCC 43123 / DSM 2839 / NBRC 102507 / CH34),266264,,,1,20,ECO:0000269,,,,,,,,,,,,,,,,,,,,,,,,,,,,,,,,,,,,,,,,,,,,,,,,,,,,,,,,,,,,,,,,,,
P14892,251,P14892,,Bacteria,Bacillus sp,1409,,,1,37,,,,,,,,,,,,,,,,,,,,,,,,,,,,,,,,,,,,,,,,,,,,,,,,,,,,,,,,,,,,,,,,,,,
Q8GPG1,265,Q8GPG1,,Bacteria,Rhodovulum sulfidophilum,35806,,,1,25,ECO:0000269,,,,,,,,,,,,,,,,,,,,,,,,,,,,,,,,,,,,,,,,,,,,,,,,,,,,,,,,,,,,,,,,,,
Q52675,823,Q52675,P72249,Bacteria,Rhodobacter capsulatus,1061,,,1,42,"ECO:0000255, ECO:0000269",,,,,,,,,,,,,,,,,,,,,,,,,,,,,,,,,,,,,,,,,,,,,,,,,,,,,,,,,,,,,,,,,,
P0C6P1,340,P0C6P1,"P81684, Q9K2Q1, Q9L3L5",Bacteria,Staphylococcus aureus,1280,,,1,26,,,,,,,,,,,,,,,,,,,,,,,,,,,,,,,,,,,,,,,,,,,,,,,,,,,,,,,,,,,,,,,,,,,
P09331,280,P09331,,Bacteria,Staphylococcus aureus,1280,,,1,38,,,,,,,,,,,,,,,,,,,,,,,,,,,,,,,,,,,,,,,,,,,,,,,,,,,,,,,,,,,,,,,,,,,
P31697,241,P31697,"P71220, Q2M5Z7",Bacteria,Escherichia coli (strain K12),83333,,,1,36,ECO:0000269,,,,,,,,,,,,,,,,,,,,,,,,,,,,,,,,,,,,,,,,,,,,,,,,,,,,,,,,,,,,,,,,,,
P12267,202,P12267,,Bacteria,Klebsiella pneumoniae,573,,,1,22,,,,,,,,,,,,,,,,,,,,,,,,,,,,,,,,,,,,,,,,,,,,,,,,,,,,,,,,,,,,,,,,,,,
P07980,239,P07980,,Bacteria,Bacillus amyloliquefaciens,1390,,,1,25,,,,,,,,,,,,,,,,,,,,,,,,,,,,,,,,,,,,,,,,,,,,,,,,,,,,,,,,,,,,,,,,,,,
P26221,880,P26221,Q08167,Bacteria,Thermobifida fusca,2021,,,1,46,ECO:0000269,,,,,,,,,,,,,,,,,,,,,,,,,,,,,,,,,,,,,,,,,,,,,,,,,,,,,,,,,,,,,,,,,,
P10477,814,P10477,A3DDK3,Bacteria,Acetivibrio thermocellus (strain ATCC 27405 / DSM 1237 / JCM 9322 / NBRC 103400 / NCIMB 10682 / NRRL B-4536 / VPI 7372),203119,,,1,34,ECO:0000269,,,,,,,,,,,,,,,,,,,,,,,,,,,,,,,,,,,,,,,,,,,,,,,,,,,,,,,,,,,,,,,,,,
Q9ZA21,1077,Q9ZA21,Q9R649,Bacteria,Haemophilus influenzae,727,,,1,24,,,,,,,,,,,,,,,,,,,,,,,,,,,,,,,,,,,,,,,,,,,,,,,,,,,,,,,,,,,,,,,,,,,
P09545,741,P09545,"O08197, O08290, Q56641, Q99290, Q9KMU9",Bacteria,Vibrio cholerae serotype O1 (strain ATCC 39315 / El Tor Inaba N16961),243277,,,1,25,ECO:0000269,,,,,,,,,,,,,,,,,,,,,,,,,,,,,,,,,,,,,,,,,,,,,,,,,,,,,,,,,,,,,,,,,,
P02943,446,P02943,Q2M6R8,Bacteria,Escherichia coli (strain K12),83333,,,1,25,ECO:0000269,27,40,,65,75,,82,93,,105,115,,123,130,,157,159,,162,173,,192,204,,209,222,,235,248,,251,263,,291,305,,308,323,,327,341,,345,359,,363,376,,387,399,,431,445,,,,,,,,,,,,,
P26877,311,P26877,,Bacteria,Pseudomonas sp. (strain 109),72584,,,1,26,ECO:0000269,,,,,,,,,,,,,,,,,,,,,,,,,,,,,,,,,,,,,,,,,,,,,,,,,,,,,,,,,,,,,,,,,,
P0C0T5,274,P0C0T5,P14007,Bacteria,Escherichia coli (strain K12),83333,,,1,19,ECO:0000269,,,,,,,,,,,,,,,,,,,,,,,,,,,,,,,,,,,,,,,,,,,,,,,,,,,,,,,,,,,,,,,,,,
P25006,378,P25006,,Bacteria,Achromobacter cycloclastes,223,,,1,38,"ECO:0000255, ECO:0000269",,,,,,,,,,,,,,,,,,,,,,,,,,,,,,,,,,,,,,,,,,,,,,,,,,,,,,,,,,,,,,,,,,
P38006,340,P38006,P56827,Bacteria,Chlamydia trachomatis serovar D (strain ATCC VR-885 / DSM 19411 / UW-3/Cx),272561,,,1,26,,,,,,,,,,,,,,,,,,,,,,,,,,,,,,,,,,,,,,,,,,,,,,,,,,,,,,,,,,,,,,,,,,,
P17266,217,P17266,Q9KL80,Bacteria,Vibrio cholerae serotype O1 (strain ATCC 39315 / El Tor Inaba N16961),243277,,,1,21,,,,,,,,,,,,,,,,,,,,,,,,,,,,,,,,,,,,,,,,,,,,,,,,,,,,,,,,,,,,,,,,,,,
P0A433,365,P0A433,"P13739, P16648",Bacteria,Sphingobium fuliginis (strain ATCC 27551),336203,,,1,29,"ECO:0000255, ECO:0000269",,,,,,,,,,,,,,,,,,,,,,,,,,,,,,,,,,,,,,,,,,,,,,,,,,,,,,,,,,,,,,,,,,
P0AFH8,201,P0AFH8,"P27291, Q2M5U2",Bacteria,Escherichia coli (strain K12),83333,,,1,28,ECO:0000269,,,,,,,,,,,,,,,,,,,,,,,,,,,,,,,,,,,,,,,,,,,,,,,,,,,,,,,,,,,,,,,,,,
P18187,314,P18187,,Bacteria,Solidesulfovibrio fructosivorans,878,,,1,49,"ECO:0000255, ECO:0000269",,,,,,,,,,,,,,,,,,,,,,,,,,,,,,,,,,,,,,,,,,,,,,,,,,,,,,,,,,,,,,,,,,
P35483,476,P35483,Q9HYU7,Bacteria,Pseudomonas aeruginosa (strain ATCC 15692 / DSM 22644 / CIP 104116 / JCM 14847 / LMG 12228 / 1C / PRS 101 / PAO1),208964,,,1,26,ECO:0000269,,,,,,,,,,,,,,,,,,,,,,,,,,,,,,,,,,,,,,,,,,,,,,,,,,,,,,,,,,,,,,,,,,
O31127,165,O31127,,Bacteria,Mastigocladus laminosus,83541,,,1,23,ECO:0000269,83,103,ECO:0000255,,,,,,,,,,,,,,,,,,,,,,,,,,,,,,,,,,,,,,,,,,,,,,,,,,,,,,,,,,,,,,,
P10549,274,P10549,,Bacteria,Synechocystis sp. (strain ATCC 27184 / PCC 6803 / Kazusa),1111708,,,1,28,ECO:0000269,,,,,,,,,,,,,,,,,,,,,,,,,,,,,,,,,,,,,,,,,,,,,,,,,,,,,,,,,,,,,,,,,,
P07811,1096,P07811,,Bacteria,Klebsiella aerogenes,548,,,1,19,,,,,,,,,,,,,,,,,,,,,,,,,,,,,,,,,,,,,,,,,,,,,,,,,,,,,,,,,,,,,,,,,,,
Q5HEA4,231,Q5HEA4,,Bacteria,Staphylococcus aureus (strain COL),93062,,,1,27,ECO:0000269,,,,,,,,,,,,,,,,,,,,,,,,,,,,,,,,,,,,,,,,,,,,,,,,,,,,,,,,,,,,,,,,,,
O52057,127,O52057,D3RUH0,Bacteria,Allochromatium vinosum (strain ATCC 17899 / DSM 180 / NBRC 103801 / NCIMB 10441 / D),572477,,,1,25,ECO:0000269,,,,,,,,,,,,,,,,,,,,,,,,,,,,,,,,,,,,,,,,,,,,,,,,,,,,,,,,,,,,,,,,,,
Q2FXC2,235,Q2FXC2,Q9KH51,Bacteria,Staphylococcus aureus (strain NCTC 8325 / PS 47),93061,,,1,35,ECO:0000269,,,,,,,,,,,,,,,,,,,,,,,,,,,,,,,,,,,,,,,,,,,,,,,,,,,,,,,,,,,,,,,,,,
P35706,144,P35706,,Bacteria,Streptomyces longisporus,1948,,,1,34,ECO:0000269,,,,,,,,,,,,,,,,,,,,,,,,,,,,,,,,,,,,,,,,,,,,,,,,,,,,,,,,,,,,,,,,,,
P13128,529,P13128,"Q48747, Q57096, Q57206",Bacteria,Listeria monocytogenes serovar 1/2a (strain ATCC BAA-679 / EGD-e),169963,,,1,24,ECO:0000255,214,227,ECO:0000250,234,243,ECO:0000250,312,321,ECO:0000250,329,341,ECO:0000250,,,,,,,,,,,,,,,,,,,,,,,,,,,,,,,,,,,,,,,,,,,,,,,,,,,,,,
Q09057,711,Q09057,,Bacteria,Neisseria meningitidis serogroup B,491,,,1,20,,,,,,,,,,,,,,,,,,,,,,,,,,,,,,,,,,,,,,,,,,,,,,,,,,,,,,,,,,,,,,,,,,,
P07528,396,P07528,Q9JPV5,Bacteria,Halalkalibacterium halodurans (strain ATCC BAA-125 / DSM 18197 / FERM 7344 / JCM 9153 / C-125),272558,,,1,28,ECO:0000269,,,,,,,,,,,,,,,,,,,,,,,,,,,,,,,,,,,,,,,,,,,,,,,,,,,,,,,,,,,,,,,,,,
P44276,227,P44276,,Bacteria,Haemophilus influenzae (strain ATCC 51907 / DSM 11121 / KW20 / Rd),71421,,,1,21,ECO:0000269,,,,,,,,,,,,,,,,,,,,,,,,,,,,,,,,,,,,,,,,,,,,,,,,,,,,,,,,,,,,,,,,,,
P0C2W0,422,P0C2W0,"Q56930, Q84GR6, Q93KR4",Bacteria,Yersinia enterocolitica,630,,,1,25,ECO:0000255,369,379,ECO:0000250,383,394,ECO:0000250,401,407,ECO:0000250,411,422,ECO:0000250,,,,,,,,,,,,,,,,,,,,,,,,,,,,,,,,,,,,,,,,,,,,,,,,,,,,,,
O05156,362,O05156,,Bacteria,Staphylococcus capitis,29388,,,1,35,,,,,,,,,,,,,,,,,,,,,,,,,,,,,,,,,,,,,,,,,,,,,,,,,,,,,,,,,,,,,,,,,,,
P18539,376,P18539,,Bacteria,Serratia marcescens,615,,,1,21,,,,,,,,,,,,,,,,,,,,,,,,,,,,,,,,,,,,,,,,,,,,,,,,,,,,,,,,,,,,,,,,,,,
P06279,549,P06279,Q45519,Bacteria,Geobacillus stearothermophilus,1422,,,1,34,ECO:0000269,,,,,,,,,,,,,,,,,,,,,,,,,,,,,,,,,,,,,,,,,,,,,,,,,,,,,,,,,,,,,,,,,,
P04190,257,P04190,,Bacteria,Bacillus cereus,1396,,,1,30,ECO:0000269,,,,,,,,,,,,,,,,,,,,,,,,,,,,,,,,,,,,,,,,,,,,,,,,,,,,,,,,,,,,,,,,,,
Q59517,294,Q59517,,Bacteria,Mycolicibacterium fortuitum,1766,,,1,32,,,,,,,,,,,,,,,,,,,,,,,,,,,,,,,,,,,,,,,,,,,,,,,,,,,,,,,,,,,,,,,,,,,
P01555,258,P01555,"Q56634, Q9JPV1",Bacteria,Vibrio cholerae serotype O1 (strain ATCC 39315 / El Tor Inaba N16961),243277,,,1,18,ECO:0000269,,,,,,,,,,,,,,,,,,,,,,,,,,,,,,,,,,,,,,,,,,,,,,,,,,,,,,,,,,,,,,,,,,
P81594,445,P81594,"B8FW15, Q8RPI9",Bacteria,Desulfitobacterium hafniense (strain DSM 10664 / DCB-2),272564,,,1,42,"ECO:0000255, ECO:0000269",,,,,,,,,,,,,,,,,,,,,,,,,,,,,,,,,,,,,,,,,,,,,,,,,,,,,,,,,,,,,,,,,,
Q59288,700,Q59288,C6Y215,Bacteria,Pedobacter heparinus (strain ATCC 13125 / DSM 2366 / CIP 104194 / JCM 7457 / NBRC 12017 / NCIMB 9290 / NRRL B-14731 / HIM 762-3),485917,,,1,22,,,,,,,,,,,,,,,,,,,,,,,,,,,,,,,,,,,,,,,,,,,,,,,,,,,,,,,,,,,,,,,,,,,
P09787,113,P09787,"Q59698, Q59707",Bacteria,Pseudomonas putida,303,,,1,33,ECO:0000269,,,,,,,,,,,,,,,,,,,,,,,,,,,,,,,,,,,,,,,,,,,,,,,,,,,,,,,,,,,,,,,,,,
P40136,800,P40136,"Q937W4, Q937W5",Bacteria,Bacillus anthracis,1392,,,1,33,ECO:0000269,,,,,,,,,,,,,,,,,,,,,,,,,,,,,,,,,,,,,,,,,,,,,,,,,,,,,,,,,,,,,,,,,,
P37735,333,P37735,,Bacteria,Rhodobacter capsulatus,1061,,,1,26,ECO:0000269,,,,,,,,,,,,,,,,,,,,,,,,,,,,,,,,,,,,,,,,,,,,,,,,,,,,,,,,,,,,,,,,,,
P22641,188,P22641,Q56458,Bacteria,Paracoccus versutus,34007,,,1,57,ECO:0000269,,,,,,,,,,,,,,,,,,,,,,,,,,,,,,,,,,,,,,,,,,,,,,,,,,,,,,,,,,,,,,,,,,
P06971,747,P06971,"P71280, P75665",Bacteria,Escherichia coli (strain K12),83333,,,1,33,ECO:0000269,193,201,,207,215,,223,231,,246,255,,260,268,,313,321,,327,335,,388,396,,405,413,,465,473,,478,486,,509,517,,523,531,,552,560,,566,574,,602,610,,614,622,,646,654,,662,670,,690,698,,706,714,,738,746,
P12061,165,P12061,,Bacteria,Salmonella enteritidis,149539,,,1,21,ECO:0000269,,,,,,,,,,,,,,,,,,,,,,,,,,,,,,,,,,,,,,,,,,,,,,,,,,,,,,,,,,,,,,,,,,
O34215,441,O34215,,Bacteria,Pantoea cypripedii,55209,,,1,19,ECO:0000269,,,,,,,,,,,,,,,,,,,,,,,,,,,,,,,,,,,,,,,,,,,,,,,,,,,,,,,,,,,,,,,,,,
P04957,242,P04957,,Bacteria,Bacillus subtilis (strain 168),224308,,,1,28,ECO:0000269,,,,,,,,,,,,,,,,,,,,,,,,,,,,,,,,,,,,,,,,,,,,,,,,,,,,,,,,,,,,,,,,,,
P26224,739,P26224,A3DCV0,Bacteria,Acetivibrio thermocellus (strain ATCC 27405 / DSM 1237 / JCM 9322 / NBRC 103400 / NCIMB 10682 / NRRL B-4536 / VPI 7372),203119,,,1,27,,,,,,,,,,,,,,,,,,,,,,,,,,,,,,,,,,,,,,,,,,,,,,,,,,,,,,,,,,,,,,,,,,,
P33129,865,P33129,Q2MCG3,Bacteria,Escherichia coli (strain K12),83333,,,1,29,ECO:0000269,,,,,,,,,,,,,,,,,,,,,,,,,,,,,,,,,,,,,,,,,,,,,,,,,,,,,,,,,,,,,,,,,,
P26501,776,P26501,,Bacteria,Pseudomonas sp. (strain SMP1),72588,,,1,26,ECO:0000269,,,,,,,,,,,,,,,,,,,,,,,,,,,,,,,,,,,,,,,,,,,,,,,,,,,,,,,,,,,,,,,,,,
P29822,422,P29822,,Bacteria,Agrobacterium radiobacter,362,,,1,28,ECO:0000269,,,,,,,,,,,,,,,,,,,,,,,,,,,,,,,,,,,,,,,,,,,,,,,,,,,,,,,,,,,,,,,,,,
P09181,52,P09181,,Bacteria,Escherichia coli,562,,,1,17,,,,,,,,,,,,,,,,,,,,,,,,,,,,,,,,,,,,,,,,,,,,,,,,,,,,,,,,,,,,,,,,,,,
P69739,372,P69739,P19928,Bacteria,Escherichia coli (strain K12),83333,,,1,45,"ECO:0000255, ECO:0000269",326,348,ECO:0000255,,,,,,,,,,,,,,,,,,,,,,,,,,,,,,,,,,,,,,,,,,,,,,,,,,,,,,,,,,,,,,,
P13467,397,P13467,,Bacteria,Chlamydia trachomatis,813,,,1,22,,,,,,,,,,,,,,,,,,,,,,,,,,,,,,,,,,,,,,,,,,,,,,,,,,,,,,,,,,,,,,,,,,,
P21420,365,P21420,P77189,Bacteria,Escherichia coli (strain K12),83333,,,1,23,ECO:0000255,,,,,,,,,,,,,,,,,,,,,,,,,,,,,,,,,,,,,,,,,,,,,,,,,,,,,,,,,,,,,,,,,,
P23701,557,F0T377,P23701,Bacteria,Chlamydophila psittaci (strain ATCC VR-125 / 6BC),331636,,,1,22,,,,,,,,,,,,,,,,,,,,,,,,,,,,,,,,,,,,,,,,,,,,,,,,,,,,,,,,,,,,,,,,,,,
P06996,367,P06996,,Bacteria,Escherichia coli (strain K12),83333,,,1,21,ECO:0000269,34,42,,54,63,,74,84,,92,101,,107,115,,142,154,,164,171,,201,207,,212,219,,242,248,,253,260,,270,286,,292,299,,319,326,,331,338,,359,366,,,,,,,,,,,,,,,,,,,
Q52581,341,Q52581,,Bacteria,Photobacterium profundum (strain SS9),298386,,,1,21,,,,,,,,,,,,,,,,,,,,,,,,,,,,,,,,,,,,,,,,,,,,,,,,,,,,,,,,,,,,,,,,,,,
P10641,459,P10641,,Bacteria,Haemophilus influenzae,727,,,1,22,,,,,,,,,,,,,,,,,,,,,,,,,,,,,,,,,,,,,,,,,,,,,,,,,,,,,,,,,,,,,,,,,,,
Q47459,144,Q47459,,Bacteria,Escherichia coli,562,,,1,20,ECO:0000269,,,,,,,,,,,,,,,,,,,,,,,,,,,,,,,,,,,,,,,,,,,,,,,,,,,,,,,,,,,,,,,,,,
P10325,155,P10325,,Bacteria,Haemophilus influenzae (strain ATCC 51907 / DSM 11121 / KW20 / Rd),71421,,,1,18,,,,,,,,,,,,,,,,,,,,,,,,,,,,,,,,,,,,,,,,,,,,,,,,,,,,,,,,,,,,,,,,,,,
P96740,413,P96740,Q8L0S3,Bacteria,Bacillus subtilis (strain 168),224308,,,1,32,ECO:0000269,,,,,,,,,,,,,,,,,,,,,,,,,,,,,,,,,,,,,,,,,,,,,,,,,,,,,,,,,,,,,,,,,,
P21853,317,P21853,B8DPE1,Bacteria,Nitratidesulfovibrio vulgaris (strain DSM 19637 / Miyazaki F),883,,,1,50,,,,,,,,,,,,,,,,,,,,,,,,,,,,,,,,,,,,,,,,,,,,,,,,,,,,,,,,,,,,,,,,,,,
Q01605,351,Q01605,,Bacteria,Citrobacter freundii,546,,,1,21,,,,,,,,,,,,,,,,,,,,,,,,,,,,,,,,,,,,,,,,,,,,,,,,,,,,,,,,,,,,,,,,,,,
Q7BS42,1372,Q7BS42,D3GV21,Bacteria,Escherichia coli O44:H18 (strain 042 / EAEC),216592,,,1,55,ECO:0000269,,,,,,,,,,,,,,,,,,,,,,,,,,,,,,,,,,,,,,,,,,,,,,,,,,,,,,,,,,,,,,,,,,
P32722,443,P32722,,Bacteria,Pseudomonas aeruginosa (strain ATCC 15692 / DSM 22644 / CIP 104116 / JCM 14847 / LMG 12228 / 1C / PRS 101 / PAO1),208964,,,1,23,ECO:0000269,,,,,,,,,,,,,,,,,,,,,,,,,,,,,,,,,,,,,,,,,,,,,,,,,,,,,,,,,,,,,,,,,,
P23598,462,P23598,,Bacteria,Dickeya chrysanthemi,556,,,1,23,,,,,,,,,,,,,,,,,,,,,,,,,,,,,,,,,,,,,,,,,,,,,,,,,,,,,,,,,,,,,,,,,,,
P09333,1004,P09333,C0Z743,Bacteria,Brevibacillus brevis (strain 47 / JCM 6285 / NBRC 100599),358681,,,1,24,ECO:0000269,,,,,,,,,,,,,,,,,,,,,,,,,,,,,,,,,,,,,,,,,,,,,,,,,,,,,,,,,,,,,,,,,,
P22940,524,P22940,,Bacteria,Orientia tsutsugamushi,784,,,1,22,ECO:0000269,67,87,ECO:0000255,472,492,ECO:0000255,,,,,,,,,,,,,,,,,,,,,,,,,,,,,,,,,,,,,,,,,,,,,,,,,,,,,,,,,,,,
P09167,493,P09167,,Bacteria,Aeromonas hydrophila,644,,,1,23,,,,,,,,,,,,,,,,,,,,,,,,,,,,,,,,,,,,,,,,,,,,,,,,,,,,,,,,,,,,,,,,,,,
P05364,381,P05364,,Bacteria,Enterobacter cloacae,550,,,1,20,,,,,,,,,,,,,,,,,,,,,,,,,,,,,,,,,,,,,,,,,,,,,,,,,,,,,,,,,,,,,,,,,,,
Q02192,1020,Q02192,Q3K2V1,Bacteria,Streptococcus agalactiae serotype Ia (strain ATCC 27591 / A909 / CDC SS700),205921,,,1,41,,,,,,,,,,,,,,,,,,,,,,,,,,,,,,,,,,,,,,,,,,,,,,,,,,,,,,,,,,,,,,,,,,,
P05818,170,P05818,,Bacteria,Escherichia coli,562,,,1,24,,,,,,,,,,,,,,,,,,,,,,,,,,,,,,,,,,,,,,,,,,,,,,,,,,,,,,,,,,,,,,,,,,,
Q50940,252,Q50940,,Bacteria,Neisseria gonorrhoeae,485,,,1,26,,,,,,,,,,,,,,,,,,,,,,,,,,,,,,,,,,,,,,,,,,,,,,,,,,,,,,,,,,,,,,,,,,,
P09121,712,P09121,,Bacteria,Bacillus sp. (strain 38-2),1412,,,1,27,ECO:0000269,,,,,,,,,,,,,,,,,,,,,,,,,,,,,,,,,,,,,,,,,,,,,,,,,,,,,,,,,,,,,,,,,,
P00083,127,P00083,,Bacteria,Blastochloris viridis,1079,,,1,20,ECO:0000269,,,,,,,,,,,,,,,,,,,,,,,,,,,,,,,,,,,,,,,,,,,,,,,,,,,,,,,,,,,,,,,,,,
Q06529,199,Q06529,D3RRX8,Bacteria,Allochromatium vinosum (strain ATCC 17899 / DSM 180 / NBRC 103801 / NCIMB 10441 / D),572477,,,1,25,ECO:0000269,,,,,,,,,,,,,,,,,,,,,,,,,,,,,,,,,,,,,,,,,,,,,,,,,,,,,,,,,,,,,,,,,,
P01552,266,P01552,,Bacteria,Staphylococcus aureus,1280,,,1,27,ECO:0000269,,,,,,,,,,,,,,,,,,,,,,,,,,,,,,,,,,,,,,,,,,,,,,,,,,,,,,,,,,,,,,,,,,
P05825,746,P05825,"P75722, P76821, P77093",Bacteria,Escherichia coli (strain K12),83333,,,1,22,,,,,,,,,,,,,,,,,,,,,,,,,,,,,,,,,,,,,,,,,,,,,,,,,,,,,,,,,,,,,,,,,,,
P04128,182,P04128,Q2M5Z9,Bacteria,Escherichia coli (strain K12),83333,,,1,23,,,,,,,,,,,,,,,,,,,,,,,,,,,,,,,,,,,,,,,,,,,,,,,,,,,,,,,,,,,,,,,,,,,
P18477,533,P18477,,Bacteria,Actinomyces viscosus,1656,,,1,30,ECO:0000269,,,,,,,,,,,,,,,,,,,,,,,,,,,,,,,,,,,,,,,,,,,,,,,,,,,,,,,,,,,,,,,,,,
P15488,168,P15488,,Bacteria,Escherichia coli,562,,,1,22,ECO:0000269,,,,,,,,,,,,,,,,,,,,,,,,,,,,,,,,,,,,,,,,,,,,,,,,,,,,,,,,,,,,,,,,,,
P18336,359,P18336,,Bacteria,Cellulomonas uda,1714,,,1,23,ECO:0000269,,,,,,,,,,,,,,,,,,,,,,,,,,,,,,,,,,,,,,,,,,,,,,,,,,,,,,,,,,,,,,,,,,
Q05489,319,P0DUB9,Q05489,Bacteria,Pseudarthrobacter phenanthrenivorans,361575,,,,,,,,,,,,,,,,,,,,,,,,,,,,,,,,,,,,,,,,,,,,,,,,,,,,,,,,,,,,,,,,,,,,,,,
P61320,207,P61320,"P24208, Q46753",Bacteria,Escherichia coli (strain K12),83333,,,1,21,,,,,,,,,,,,,,,,,,,,,,,,,,,,,,,,,,,,,,,,,,,,,,,,,,,,,,,,,,,,,,,,,,,
P54300,365,P54300,,Bacteria,Vibrio harveyi,669,,,1,23,,,,,,,,,,,,,,,,,,,,,,,,,,,,,,,,,,,,,,,,,,,,,,,,,,,,,,,,,,,,,,,,,,,
P16947,389,P16947,P97165,Bacteria,Streptococcus pyogenes serotype M49,301452,,,1,41,ECO:0000269,,,,,,,,,,,,,,,,,,,,,,,,,,,,,,,,,,,,,,,,,,,,,,,,,,,,,,,,,,,,,,,,,,
Q5ZXE0,233,Q5ZXE0,P20380,Bacteria,Legionella pneumophila subsp. pneumophila (strain Philadelphia 1 / ATCC 33152 / DSM 7513),272624,,,1,20,ECO:0000269,,,,,,,,,,,,,,,,,,,,,,,,,,,,,,,,,,,,,,,,,,,,,,,,,,,,,,,,,,,,,,,,,,
P72181,596,P72181,Q9FCQ0,Bacteria,Paracoccus pantotrophus,82367,,,1,29,,,,,,,,,,,,,,,,,,,,,,,,,,,,,,,,,,,,,,,,,,,,,,,,,,,,,,,,,,,,,,,,,,,
Q51911,387,Q51911,,Bacteria,Finegoldia magna,1260,,,1,26,,,,,,,,,,,,,,,,,,,,,,,,,,,,,,,,,,,,,,,,,,,,,,,,,,,,,,,,,,,,,,,,,,,
Q51883,139,Q51883,,Bacteria,Leptolyngbya laminosa,477181,,,1,34,,,,,,,,,,,,,,,,,,,,,,,,,,,,,,,,,,,,,,,,,,,,,,,,,,,,,,,,,,,,,,,,,,,
P19405,462,P19405,O05498,Bacteria,Bacillus subtilis (strain 168),224308,,,1,32,ECO:0000269,,,,,,,,,,,,,,,,,,,,,,,,,,,,,,,,,,,,,,,,,,,,,,,,,,,,,,,,,,,,,,,,,,
P31075,763,P31075,,Bacteria,Wolinella succinogenes (strain ATCC 29543 / DSM 1740 / CCUG 13145 / JCM 31913 / LMG 7466 / NCTC 11488 / FDC 602W),273121,,,1,34,,,,,,,,,,,,,,,,,,,,,,,,,,,,,,,,,,,,,,,,,,,,,,,,,,,,,,,,,,,,,,,,,,,
Q0TUS0,500,Q0TUS0,P19995,Bacteria,Clostridium perfringens (strain ATCC 13124 / DSM 756 / JCM 1290 / NCIMB 6125 / NCTC 8237 / Type A),195103,,,1,28,ECO:0000269,189,202,ECO:0000250,209,218,ECO:0000250,287,296,ECO:0000250,304,316,ECO:0000250,,,,,,,,,,,,,,,,,,,,,,,,,,,,,,,,,,,,,,,,,,,,,,,,,,,,,,
P41069,171,P41069,,Bacteria,Escherichia coli (strain K12),83333,,,1,18,,,,,,,,,,,,,,,,,,,,,,,,,,,,,,,,,,,,,,,,,,,,,,,,,,,,,,,,,,,,,,,,,,,
P06886,234,P06886,,Bacteria,Staphylococcus aureus,1280,,,1,40,ECO:0000269,,,,,,,,,,,,,,,,,,,,,,,,,,,,,,,,,,,,,,,,,,,,,,,,,,,,,,,,,,,,,,,,,,
P94421,317,P94421,Q797N9,Bacteria,Bacillus subtilis (strain 168),224308,,,1,19,ECO:0000255,,,,,,,,,,,,,,,,,,,,,,,,,,,,,,,,,,,,,,,,,,,,,,,,,,,,,,,,,,,,,,,,,,
P69681,428,P69681,"P37905, Q2MBX5",Bacteria,Escherichia coli (strain K12),83333,,,1,22,ECO:0000269,33,54,ECO:0000269,66,90,ECO:0000269,120,142,ECO:0000269,147,171,ECO:0000269,186,201,ECO:0000269,222,241,ECO:0000269,249,273,ECO:0000269,280,300,ECO:0000269,303,321,ECO:0000269,334,355,ECO:0000269,371,399,ECO:0000269,,,,,,,,,,,,,,,,,,,,,,,,,,,,,,,,,
P29957,669,P29957,,Bacteria,Pseudoalteromonas haloplanktis,228,,,1,24,ECO:0000269,,,,,,,,,,,,,,,,,,,,,,,,,,,,,,,,,,,,,,,,,,,,,,,,,,,,,,,,,,,,,,,,,,
P27050,524,P27050,,Bacteria,Niallia circulans,1397,,,1,30,ECO:0000269,,,,,,,,,,,,,,,,,,,,,,,,,,,,,,,,,,,,,,,,,,,,,,,,,,,,,,,,,,,,,,,,,,
P54507,261,P54507,,Bacteria,Bacillus subtilis (strain 168),224308,,,1,27,ECO:0000269,,,,,,,,,,,,,,,,,,,,,,,,,,,,,,,,,,,,,,,,,,,,,,,,,,,,,,,,,,,,,,,,,,
Q46079,506,Q46079,C6Y218,Bacteria,Pedobacter heparinus (strain ATCC 13125 / DSM 2366 / CIP 104194 / JCM 7457 / NBRC 12017 / NCIMB 9290 / NRRL B-14731 / HIM 762-3),485917,,,1,25,,,,,,,,,,,,,,,,,,,,,,,,,,,,,,,,,,,,,,,,,,,,,,,,,,,,,,,,,,,,,,,,,,,
P23135,272,P23135,,Bacteria,Rhodospirillum rubrum,1085,,,1,24,ECO:0000269,244,261,ECO:0000255,,,,,,,,,,,,,,,,,,,,,,,,,,,,,,,,,,,,,,,,,,,,,,,,,,,,,,,,,,,,,,,
P23905,332,P23905,,Bacteria,Salmonella typhimurium (strain LT2 / SGSC1412 / ATCC 700720),99287,,,1,23,,,,,,,,,,,,,,,,,,,,,,,,,,,,,,,,,,,,,,,,,,,,,,,,,,,,,,,,,,,,,,,,,,,
P14775,96,P14775,C5AQA6,Bacteria,Methylorubrum extorquens (strain ATCC 14718 / DSM 1338 / JCM 2805 / NCIMB 9133 / AM1),272630,,,1,22,,,,,,,,,,,,,,,,,,,,,,,,,,,,,,,,,,,,,,,,,,,,,,,,,,,,,,,,,,,,,,,,,,,
P07822,296,P07822,P77711,Bacteria,Escherichia coli (strain K12),83333,,,1,30,,,,,,,,,,,,,,,,,,,,,,,,,,,,,,,,,,,,,,,,,,,,,,,,,,,,,,,,,,,,,,,,,,,
P65765,270,P65765,Q8X880,Bacteria,Escherichia coli O157:H7,83334,,,1,25,,,,,,,,,,,,,,,,,,,,,,,,,,,,,,,,,,,,,,,,,,,,,,,,,,,,,,,,,,,,,,,,,,,
P21413,194,P21413,,Bacteria,Escherichia coli,562,,,1,23,,,,,,,,,,,,,,,,,,,,,,,,,,,,,,,,,,,,,,,,,,,,,,,,,,,,,,,,,,,,,,,,,,,
P36267,575,P36267,,Bacteria,Pseudomonas sp. (strain A14),69010,,,1,24,,,,,,,,,,,,,,,,,,,,,,,,,,,,,,,,,,,,,,,,,,,,,,,,,,,,,,,,,,,,,,,,,,,
P07983,499,P07983,,Bacteria,Bacillus subtilis,1423,,,1,29,,,,,,,,,,,,,,,,,,,,,,,,,,,,,,,,,,,,,,,,,,,,,,,,,,,,,,,,,,,,,,,,,,,
P04956,563,P04956,A3DCU3,Bacteria,Acetivibrio thermocellus (strain ATCC 27405 / DSM 1237 / JCM 9322 / NBRC 103400 / NCIMB 10682 / NRRL B-4536 / VPI 7372),203119,,,1,27,,,,,,,,,,,,,,,,,,,,,,,,,,,,,,,,,,,,,,,,,,,,,,,,,,,,,,,,,,,,,,,,,,,
P07965,72,P07965,P26588,Bacteria,Escherichia coli,562,,,1,19,,,,,,,,,,,,,,,,,,,,,,,,,,,,,,,,,,,,,,,,,,,,,,,,,,,,,,,,,,,,,,,,,,,
P14542,732,P14542,,Bacteria,Escherichia coli,562,,,1,25,,,,,,,,,,,,,,,,,,,,,,,,,,,,,,,,,,,,,,,,,,,,,,,,,,,,,,,,,,,,,,,,,,,
P31884,354,P31884,,Bacteria,Wolinella succinogenes (strain ATCC 29543 / DSM 1740 / CCUG 13145 / JCM 31913 / LMG 7466 / NCTC 11488 / FDC 602W),273121,,,1,36,"ECO:0000255, ECO:0000269",,,,,,,,,,,,,,,,,,,,,,,,,,,,,,,,,,,,,,,,,,,,,,,,,,,,,,,,,,,,,,,,,,
Q00087,392,Q00087,,Bacteria,Chlamydia psittaci,83554,,,1,22,,,,,,,,,,,,,,,,,,,,,,,,,,,,,,,,,,,,,,,,,,,,,,,,,,,,,,,,,,,,,,,,,,,
P0A5Q5,228,P0A5Q5,"A0A1R3Y097, P19996, X2BJ68",Bacteria,Mycobacterium bovis (strain ATCC BAA-935 / AF2122/97),233413,,,1,23,ECO:0000269,,,,,,,,,,,,,,,,,,,,,,,,,,,,,,,,,,,,,,,,,,,,,,,,,,,,,,,,,,,,,,,,,,
P39046,666,P39046,I6TA70,Bacteria,Enterococcus hirae (strain ATCC 9790 / DSM 20160 / JCM 8729 / LMG 6399 / NBRC 3181 / NCIMB 6459 / NCDO 1258 / NCTC 12367 / WDCM 00089 / R),768486,,,1,49,ECO:0000269,,,,,,,,,,,,,,,,,,,,,,,,,,,,,,,,,,,,,,,,,,,,,,,,,,,,,,,,,,,,,,,,,,
P0ADA3,379,P0ADA3,"P33648, Q2MA87",Bacteria,Escherichia coli (strain K12),83333,,,1,25,,,,,,,,,,,,,,,,,,,,,,,,,,,,,,,,,,,,,,,,,,,,,,,,,,,,,,,,,,,,,,,,,,,
Q48218,369,Q48218,,Bacteria,Haemophilus influenzae,727,,,1,20,,,,,,,,,,,,,,,,,,,,,,,,,,,,,,,,,,,,,,,,,,,,,,,,,,,,,,,,,,,,,,,,,,,
P17739,296,P17739,"O50909, Q44963, Q44965, Q44966, Q44968, Q44970, Q44972, Q44975, Q57510",Bacteria,Borreliella burgdorferi (strain ATCC 35210 / DSM 4680 / CIP 102532 / B31),224326,,,1,15,,,,,,,,,,,,,,,,,,,,,,,,,,,,,,,,,,,,,,,,,,,,,,,,,,,,,,,,,,,,,,,,,,,
P04960,385,P04960,,Bacteria,Dickeya chrysanthemi,556,,,1,30,,,,,,,,,,,,,,,,,,,,,,,,,,,,,,,,,,,,,,,,,,,,,,,,,,,,,,,,,,,,,,,,,,,
P11278,572,P11278,Q664D5,Bacteria,Yersinia pseudotuberculosis serotype I (strain IP32953),273123,,,1,23,,,,,,,,,,,,,,,,,,,,,,,,,,,,,,,,,,,,,,,,,,,,,,,,,,,,,,,,,,,,,,,,,,,
P12625,488,P12625,,Bacteria,Ralstonia pickettii,329,,,1,27,,,,,,,,,,,,,,,,,,,,,,,,,,,,,,,,,,,,,,,,,,,,,,,,,,,,,,,,,,,,,,,,,,,
P37726,326,P37726,,Bacteria,Pseudomonas fluorescens,294,,,1,24,ECO:0000269,,,,,,,,,,,,,,,,,,,,,,,,,,,,,,,,,,,,,,,,,,,,,,,,,,,,,,,,,,,,,,,,,,
P21625,242,P21625,,Bacteria,Spiroplasma melliferum,2134,,,1,23,,,,,,,,,,,,,,,,,,,,,,,,,,,,,,,,,,,,,,,,,,,,,,,,,,,,,,,,,,,,,,,,,,,
Q09056,911,Q09056,,Bacteria,Neisseria meningitidis serogroup B,491,,,1,24,ECO:0000269,,,,,,,,,,,,,,,,,,,,,,,,,,,,,,,,,,,,,,,,,,,,,,,,,,,,,,,,,,,,,,,,,,
P26515,335,P26515,,Bacteria,Streptomyces lividans,1916,,,1,41,ECO:0000269,,,,,,,,,,,,,,,,,,,,,,,,,,,,,,,,,,,,,,,,,,,,,,,,,,,,,,,,,,,,,,,,,,
P0AAX9,306,P0AAX9,P75789,Bacteria,Escherichia coli O6:H1 (strain CFT073 / ATCC 700928 / UPEC),199310,,,1,24,,,,,,,,,,,,,,,,,,,,,,,,,,,,,,,,,,,,,,,,,,,,,,,,,,,,,,,,,,,,,,,,,,,
P84887,182,P84887,Q0VKG6,Bacteria,Alcaligenes faecalis,511,,,1,47,"ECO:0000255, ECO:0000269",,,,,,,,,,,,,,,,,,,,,,,,,,,,,,,,,,,,,,,,,,,,,,,,,,,,,,,,,,,,,,,,,,
P13507,548,P13507,,Bacteria,Stutzerimonas stutzeri,316,,,1,21,,,,,,,,,,,,,,,,,,,,,,,,,,,,,,,,,,,,,,,,,,,,,,,,,,,,,,,,,,,,,,,,,,,
P00808,307,P00808,,Bacteria,Bacillus licheniformis,1402,,,1,26,,,,,,,,,,,,,,,,,,,,,,,,,,,,,,,,,,,,,,,,,,,,,,,,,,,,,,,,,,,,,,,,,,,
P52663,292,P52663,,Bacteria,Enterobacter cloacae,550,,,1,27,ECO:0000269,,,,,,,,,,,,,,,,,,,,,,,,,,,,,,,,,,,,,,,,,,,,,,,,,,,,,,,,,,,,,,,,,,
P15926,1167,P15926,,Bacteria,Streptococcus pyogenes,1314,,,1,31,ECO:0000269,,,,,,,,,,,,,,,,,,,,,,,,,,,,,,,,,,,,,,,,,,,,,,,,,,,,,,,,,,,,,,,,,,
P94690,127,P94690,Q9R4E7,Bacteria,Desulfocurvibacter africanus,873,,,1,24,,,,,,,,,,,,,,,,,,,,,,,,,,,,,,,,,,,,,,,,,,,,,,,,,,,,,,,,,,,,,,,,,,,
Q9RN68,326,Q9RN68,B8J3C4,Bacteria,Desulfovibrio desulfuricans (strain ATCC 27774 / DSM 6949 / MB),525146,,,1,30,,,,,,,,,,,,,,,,,,,,,,,,,,,,,,,,,,,,,,,,,,,,,,,,,,,,,,,,,,,,,,,,,,,
P15555,406,P15555,Q06656,Bacteria,Streptomyces sp. (strain R61),31952,,,1,31,,,,,,,,,,,,,,,,,,,,,,,,,,,,,,,,,,,,,,,,,,,,,,,,,,,,,,,,,,,,,,,,,,,
P0AEG6,236,P0AEG6,"P21892, Q2M9U8",Bacteria,Escherichia coli (strain K12),83333,,,1,20,ECO:0000269,,,,,,,,,,,,,,,,,,,,,,,,,,,,,,,,,,,,,,,,,,,,,,,,,,,,,,,,,,,,,,,,,,
P37957,212,P37957,"O34644, Q2XU59",Bacteria,Bacillus subtilis (strain 168),224308,,,1,31,ECO:0000305,,,,,,,,,,,,,,,,,,,,,,,,,,,,,,,,,,,,,,,,,,,,,,,,,,,,,,,,,,,,,,,,,,
Q06282,364,Q06282,,Bacteria,Haemophilus influenzae (strain ATCC 51907 / DSM 11121 / KW20 / Rd),71421,,,1,18,,,,,,,,,,,,,,,,,,,,,,,,,,,,,,,,,,,,,,,,,,,,,,,,,,,,,,,,,,,,,,,,,,,
P17989,349,P17989,"C9RPK9, D9S550",Bacteria,Fibrobacter succinogenes (strain ATCC 19169 / S85),59374,,,1,27,ECO:0000269,,,,,,,,,,,,,,,,,,,,,,,,,,,,,,,,,,,,,,,,,,,,,,,,,,,,,,,,,,,,,,,,,,
P10474,1039,P10474,,Bacteria,Caldicellulosiruptor saccharolyticus,44001,,,1,28,,,,,,,,,,,,,,,,,,,,,,,,,,,,,,,,,,,,,,,,,,,,,,,,,,,,,,,,,,,,,,,,,,,
P16218,900,P16218,A3DFH2,Bacteria,Acetivibrio thermocellus (strain ATCC 27405 / DSM 1237 / JCM 9322 / NBRC 103400 / NCIMB 10682 / NRRL B-4536 / VPI 7372),203119,,,1,44,,,,,,,,,,,,,,,,,,,,,,,,,,,,,,,,,,,,,,,,,,,,,,,,,,,,,,,,,,,,,,,,,,,
P80172,375,P80172,,Bacteria,Bacillus cereus,1396,,,1,31,ECO:0000269,232,252,ECO:0000255,,,,,,,,,,,,,,,,,,,,,,,,,,,,,,,,,,,,,,,,,,,,,,,,,,,,,,,,,,,,,,,
P12608,356,P12608,Q31N77,Bacteria,Synechococcus elongatus (strain ATCC 33912 / PCC 7942 / FACHB-805),1140,,,1,44,,,,,,,,,,,,,,,,,,,,,,,,,,,,,,,,,,,,,,,,,,,,,,,,,,,,,,,,,,,,,,,,,,,
P61319,203,P61319,"P39178, Q8X5H8",Bacteria,Shigella flexneri,623,,,1,21,,,,,,,,,,,,,,,,,,,,,,,,,,,,,,,,,,,,,,,,,,,,,,,,,,,,,,,,,,,,,,,,,,,
P15283,358,P15283,,Bacteria,Rhodobacter capsulatus,1061,,,1,45,,,,,,,,,,,,,,,,,,,,,,,,,,,,,,,,,,,,,,,,,,,,,,,,,,,,,,,,,,,,,,,,,,,
Q9Z4N4,99,Q9Z4N4,P82962,Bacteria,Klebsiella pneumoniae,573,,,1,15,ECO:0000269,,,,,,,,,,,,,,,,,,,,,,,,,,,,,,,,,,,,,,,,,,,,,,,,,,,,,,,,,,,,,,,,,,
P06597,394,P06597,"B0B8Q7, Q20KU8",Bacteria,Chlamydia trachomatis serovar L2 (strain ATCC VR-902B / DSM 19102 / 434/Bu),471472,,,1,22,ECO:0000269,,,,,,,,,,,,,,,,,,,,,,,,,,,,,,,,,,,,,,,,,,,,,,,,,,,,,,,,,,,,,,,,,,
Q83EK8,252,Q83EK8,"Q841J3, Q841J4, Q8KQK0",Bacteria,Coxiella burnetii (strain RSA 493 / Nine Mile phase I),227377,,,1,23,ECO:0000269,,,,,,,,,,,,,,,,,,,,,,,,,,,,,,,,,,,,,,,,,,,,,,,,,,,,,,,,,,,,,,,,,,
Q9S3R9,391,Q9S3R9,,Bacteria,Porphyromonas gingivalis (strain ATCC BAA-308 / W83),242619,,,1,20,ECO:0000269,,,,,,,,,,,,,,,,,,,,,,,,,,,,,,,,,,,,,,,,,,,,,,,,,,,,,,,,,,,,,,,,,,
P77747,377,P77747,P76854,Bacteria,Escherichia coli (strain K12),83333,,,1,21,ECO:0000269,,,,,,,,,,,,,,,,,,,,,,,,,,,,,,,,,,,,,,,,,,,,,,,,,,,,,,,,,,,,,,,,,,
P25253,172,P25253,,Bacteria,Enterobacter cloacae,550,,,1,23,ECO:0000269,26,35,ECO:0000250,45,55,ECO:0000250,60,69,ECO:0000250,84,94,ECO:0000250,99,108,ECO:0000250,131,140,ECO:0000250,145,154,ECO:0000250,162,171,ECO:0000250,,,,,,,,,,,,,,,,,,,,,,,,,,,,,,,,,,,,,,,,,,
P46026,386,P46026,,Bacteria,Haemophilus influenzae,727,,,1,20,,,,,,,,,,,,,,,,,,,,,,,,,,,,,,,,,,,,,,,,,,,,,,,,,,,,,,,,,,,,,,,,,,,
P0A3N6,273,P0DW55,"P0A3N6, Q09088",Bacteria,Borreliella burgdorferi,139,,,1,16,ECO:0000255,,,,,,,,,,,,,,,,,,,,,,,,,,,,,,,,,,,,,,,,,,,,,,,,,,,,,,,,,,,,,,,,,,
P55020,125,P55020,Q31PA1,Bacteria,Synechococcus elongatus (strain ATCC 33912 / PCC 7942 / FACHB-805),1140,,,1,34,,,,,,,,,,,,,,,,,,,,,,,,,,,,,,,,,,,,,,,,,,,,,,,,,,,,,,,,,,,,,,,,,,,
Q04681,184,Q04681,B4F036,Bacteria,Proteus mirabilis (strain HI4320),529507,,,1,22,ECO:0000269,,,,,,,,,,,,,,,,,,,,,,,,,,,,,,,,,,,,,,,,,,,,,,,,,,,,,,,,,,,,,,,,,,
P0A402,164,P0A402,P25899,Bacteria,Synechococcus elongatus,32046,,,1,23,ECO:0000269,,,,,,,,,,,,,,,,,,,,,,,,,,,,,,,,,,,,,,,,,,,,,,,,,,,,,,,,,,,,,,,,,,
Q46444,708,Q46444,,Bacteria,Comamonas testosteroni,285,,,1,31,ECO:0000269,,,,,,,,,,,,,,,,,,,,,,,,,,,,,,,,,,,,,,,,,,,,,,,,,,,,,,,,,,,,,,,,,,
P24930,187,B7JAQ0,"P24930, P74919, Q56297, Q56298",Bacteria,Acidithiobacillus ferrooxidans (strain ATCC 23270 / DSM 14882 / CIP 104768 / NCIMB 8455),243159,,,1,32,ECO:0000269,,,,,,,,,,,,,,,,,,,,,,,,,,,,,,,,,,,,,,,,,,,,,,,,,,,,,,,,,,,,,,,,,,
P04978,226,P04978,,Bacteria,Bordetella pertussis (strain Tohama I / ATCC BAA-589 / NCTC 13251),257313,,,1,27,,,,,,,,,,,,,,,,,,,,,,,,,,,,,,,,,,,,,,,,,,,,,,,,,,,,,,,,,,,,,,,,,,,
P13482,565,P13482,,Bacteria,Escherichia coli (strain K12),83333,,,1,30,"ECO:0000255, ECO:0000269",,,,,,,,,,,,,,,,,,,,,,,,,,,,,,,,,,,,,,,,,,,,,,,,,,,,,,,,,,,,,,,,,,
P76341,137,P76341,Q2MAZ8,Bacteria,Escherichia coli (strain K12),83333,,,1,23,ECO:0000269,,,,,,,,,,,,,,,,,,,,,,,,,,,,,,,,,,,,,,,,,,,,,,,,,,,,,,,,,,,,,,,,,,
P00691,659,P00691,,Bacteria,Bacillus subtilis (strain 168),224308,,,1,27,,,,,,,,,,,,,,,,,,,,,,,,,,,,,,,,,,,,,,,,,,,,,,,,,,,,,,,,,,,,,,,,,,,
P0A9Z7,286,P0A9Z7,P14558,Bacteria,Escherichia coli,562,,,1,21,ECO:0000269,,,,,,,,,,,,,,,,,,,,,,,,,,,,,,,,,,,,,,,,,,,,,,,,,,,,,,,,,,,,,,,,,,
P06621,415,P06621,,Bacteria,Pseudomonas sp. (strain RS-16),312,,,1,22,,,,,,,,,,,,,,,,,,,,,,,,,,,,,,,,,,,,,,,,,,,,,,,,,,,,,,,,,,,,,,,,,,,
P0C2S1,895,P0C2S1,"O68438, Q10748, Q4CGG7",Bacteria,Acetivibrio thermocellus,1515,,,1,27,ECO:0000269,,,,,,,,,,,,,,,,,,,,,,,,,,,,,,,,,,,,,,,,,,,,,,,,,,,,,,,,,,,,,,,,,,
P33665,278,P33665,,Bacteria,Streptomyces sp. (strain N174),69019,,,1,40,ECO:0000269,,,,,,,,,,,,,,,,,,,,,,,,,,,,,,,,,,,,,,,,,,,,,,,,,,,,,,,,,,,,,,,,,,
P01556,124,P01556,Q9JQ02,Bacteria,Vibrio cholerae serotype O1 (strain ATCC 39315 / El Tor Inaba N16961),243277,,,1,21,ECO:0000269,,,,,,,,,,,,,,,,,,,,,,,,,,,,,,,,,,,,,,,,,,,,,,,,,,,,,,,,,,,,,,,,,,
P95339,103,P95339,,Bacteria,Nitrosomonas europaea (strain ATCC 19718 / CIP 103999 / KCTC 2705 / NBRC 14298),228410,,,1,22,,,,,,,,,,,,,,,,,,,,,,,,,,,,,,,,,,,,,,,,,,,,,,,,,,,,,,,,,,,,,,,,,,,
P22222,548,P22222,,Bacteria,Cellulosimicrobium cellulans,1710,,,1,36,"ECO:0000255, ECO:0000269",,,,,,,,,,,,,,,,,,,,,,,,,,,,,,,,,,,,,,,,,,,,,,,,,,,,,,,,,,,,,,,,,,
P39176,310,P39176,,Bacteria,Escherichia coli (strain K12),83333,,,1,21,ECO:0000269,,,,,,,,,,,,,,,,,,,,,,,,,,,,,,,,,,,,,,,,,,,,,,,,,,,,,,,,,,,,,,,,,,
P30130,878,P30130,Q2M5Z6,Bacteria,Escherichia coli (strain K12),83333,,,1,45,ECO:0000269,,,,,,,,,,,,,,,,,,,,,,,,,,,,,,,,,,,,,,,,,,,,,,,,,,,,,,,,,,,,,,,,,,
O34213,220,O34213,,Bacteria,Pantoea cypripedii,55209,,,1,42,"ECO:0000255, ECO:0000269",,,,,,,,,,,,,,,,,,,,,,,,,,,,,,,,,,,,,,,,,,,,,,,,,,,,,,,,,,,,,,,,,,
P01559,72,P01559,Q47653,Bacteria,Escherichia coli,562,,,1,19,,,,,,,,,,,,,,,,,,,,,,,,,,,,,,,,,,,,,,,,,,,,,,,,,,,,,,,,,,,,,,,,,,,
P0AD96,367,P0AD96,"P02917, P76698, Q2M7C3, Q8CVL7, Q8X6S2",Bacteria,Escherichia coli (strain K12),83333,,,1,23,ECO:0000269,,,,,,,,,,,,,,,,,,,,,,,,,,,,,,,,,,,,,,,,,,,,,,,,,,,,,,,,,,,,,,,,,,
P19576,396,P19576,,Bacteria,Salmonella typhimurium (strain LT2 / SGSC1412 / ATCC 700720),99287,,,1,26,,,,,,,,,,,,,,,,,,,,,,,,,,,,,,,,,,,,,,,,,,,,,,,,,,,,,,,,,,,,,,,,,,,
O33405,367,O33405,"F8C128, Q6LB91",Bacteria,Afipia carboxidovorans (strain ATCC 49405 / DSM 1227 / KCTC 32145 / OM5),504832,,,1,45,"ECO:0000255, ECO:0000269",,,,,,,,,,,,,,,,,,,,,,,,,,,,,,,,,,,,,,,,,,,,,,,,,,,,,,,,,,,,,,,,,,
P04846,272,P04846,Q2M7X3,Bacteria,Escherichia coli (strain K12),83333,,,1,23,,,,,,,,,,,,,,,,,,,,,,,,,,,,,,,,,,,,,,,,,,,,,,,,,,,,,,,,,,,,,,,,,,,
P23384,544,P23384,,Bacteria,Bacillus caldolyticus,1394,,,1,25,,,,,,,,,,,,,,,,,,,,,,,,,,,,,,,,,,,,,,,,,,,,,,,,,,,,,,,,,,,,,,,,,,,
Q9S1E5,507,Q9S1E5,,Bacteria,Wolinella succinogenes (strain ATCC 29543 / DSM 1740 / CCUG 13145 / JCM 31913 / LMG 7466 / NCTC 11488 / FDC 602W),273121,,,1,22,ECO:0000269,,,,,,,,,,,,,,,,,,,,,,,,,,,,,,,,,,,,,,,,,,,,,,,,,,,,,,,,,,,,,,,,,,
P05430,326,P05430,,Bacteria,Neisseria gonorrhoeae,485,,,1,19,,,,,,,,,,,,,,,,,,,,,,,,,,,,,,,,,,,,,,,,,,,,,,,,,,,,,,,,,,,,,,,,,,,
P84838,378,P84838,"A9HL67, B5ZCD6",Bacteria,Gluconacetobacter diazotrophicus (strain ATCC 49037 / DSM 5601 / CCUG 37298 / CIP 103539 / LMG 7603 / PAl5),272568,,,1,22,ECO:0000269,,,,,,,,,,,,,,,,,,,,,,,,,,,,,,,,,,,,,,,,,,,,,,,,,,,,,,,,,,,,,,,,,,
P02932,351,P02932,,Bacteria,Escherichia coli (strain K12),83333,,,1,21,,,,,,,,,,,,,,,,,,,,,,,,,,,,,,,,,,,,,,,,,,,,,,,,,,,,,,,,,,,,,,,,,,,
P0AG82,346,P0AG82,"P06128, P76744, Q2M846",Bacteria,Escherichia coli (strain K12),83333,,,1,25,ECO:0000269,,,,,,,,,,,,,,,,,,,,,,,,,,,,,,,,,,,,,,,,,,,,,,,,,,,,,,,,,,,,,,,,,,
P68802,163,P68802,P00802,Viruses,Staphylococcus phage S phi-C,10721,Staphylococcus aureus,1280,1,27,,,,,,,,,,,,,,,,,,,,,,,,,,,,,,,,,,,,,,,,,,,,,,,,,,,,,,,,,,,,,,,,,,,
O52179,124,O52179,D3RN35,Bacteria,Allochromatium vinosum (strain ATCC 17899 / DSM 180 / NBRC 103801 / NCIMB 10441 / D),572477,,,1,22,ECO:0000269,,,,,,,,,,,,,,,,,,,,,,,,,,,,,,,,,,,,,,,,,,,,,,,,,,,,,,,,,,,,,,,,,,
P22258,762,P22258,,Bacteria,Thermoanaerobacter kivui,2325,,,1,26,,,,,,,,,,,,,,,,,,,,,,,,,,,,,,,,,,,,,,,,,,,,,,,,,,,,,,,,,,,,,,,,,,,
P23504,1562,P23504,,Bacteria,Streptococcus mutans serotype c (strain ATCC 700610 / UA159),210007,,,1,38,ECO:0000269,,,,,,,,,,,,,,,,,,,,,,,,,,,,,,,,,,,,,,,,,,,,,,,,,,,,,,,,,,,,,,,,,,
P27477,320,P27477,Q31MK0,Bacteria,Synechococcus elongatus (strain ATCC 33912 / PCC 7942 / FACHB-805),1140,,,1,37,ECO:0000269,,,,,,,,,,,,,,,,,,,,,,,,,,,,,,,,,,,,,,,,,,,,,,,,,,,,,,,,,,,,,,,,,,
P04977,269,P04977,"O69258, O70057, Q599G4, Q5EIB9, Q93V22",Bacteria,Bordetella pertussis (strain Tohama I / ATCC BAA-589 / NCTC 13251),257313,,,1,34,,,,,,,,,,,,,,,,,,,,,,,,,,,,,,,,,,,,,,,,,,,,,,,,,,,,,,,,,,,,,,,,,,,
P18429,213,P18429,,Bacteria,Bacillus subtilis (strain 168),224308,,,1,28,,,,,,,,,,,,,,,,,,,,,,,,,,,,,,,,,,,,,,,,,,,,,,,,,,,,,,,,,,,,,,,,,,,
P44569,603,P44569,,Bacteria,Haemophilus influenzae (strain ATCC 51907 / DSM 11121 / KW20 / Rd),71421,,,1,25,ECO:0000269,,,,,,,,,,,,,,,,,,,,,,,,,,,,,,,,,,,,,,,,,,,,,,,,,,,,,,,,,,,,,,,,,,
P22963,551,P22963,,Bacteria,Roseateles saccharophilus,304,,,1,21,,,,,,,,,,,,,,,,,,,,,,,,,,,,,,,,,,,,,,,,,,,,,,,,,,,,,,,,,,,,,,,,,,,
P04377,146,P04377,,Bacteria,Alcaligenes faecalis,511,,,1,23,ECO:0000269,,,,,,,,,,,,,,,,,,,,,,,,,,,,,,,,,,,,,,,,,,,,,,,,,,,,,,,,,,,,,,,,,,
P00809,306,P00809,P70876,Bacteria,Bacillus cereus,1396,,,1,27,,,,,,,,,,,,,,,,,,,,,,,,,,,,,,,,,,,,,,,,,,,,,,,,,,,,,,,,,,,,,,,,,,,
P12376,126,P12376,,Bacteria,Pseudomonas syringae pv. tomato,323,,,1,24,ECO:0000269,,,,,,,,,,,,,,,,,,,,,,,,,,,,,,,,,,,,,,,,,,,,,,,,,,,,,,,,,,,,,,,,,,
Q5SME3,148,Q5SME3,,Bacteria,Thermus thermophilus (strain ATCC 27634 / DSM 579 / HB8),300852,,,1,17,ECO:0000269,,,,,,,,,,,,,,,,,,,,,,,,,,,,,,,,,,,,,,,,,,,,,,,,,,,,,,,,,,,,,,,,,,
P39045,538,P39045,,Bacteria,Actinomadura sp. (strain R39),72570,,,1,49,ECO:0000269,,,,,,,,,,,,,,,,,,,,,,,,,,,,,,,,,,,,,,,,,,,,,,,,,,,,,,,,,,,,,,,,,,
P23925,332,P23925,,Bacteria,Citrobacter freundii,546,,,1,23,,,,,,,,,,,,,,,,,,,,,,,,,,,,,,,,,,,,,,,,,,,,,,,,,,,,,,,,,,,,,,,,,,,
P16027,626,P16027,C5AQA9,Bacteria,Methylorubrum extorquens (strain ATCC 14718 / DSM 1338 / JCM 2805 / NCIMB 9133 / AM1),272630,,,1,27,ECO:0000269,,,,,,,,,,,,,,,,,,,,,,,,,,,,,,,,,,,,,,,,,,,,,,,,,,,,,,,,,,,,,,,,,,
P0AEG4,208,P0AEG4,"P24991, Q2M8F8, Q46951, Q46952",Bacteria,Escherichia coli (strain K12),83333,,,1,19,ECO:0000269,,,,,,,,,,,,,,,,,,,,,,,,,,,,,,,,,,,,,,,,,,,,,,,,,,,,,,,,,,,,,,,,,,
P06717,258,P06717,P01554,Bacteria,Escherichia coli,562,,,1,18,,,,,,,,,,,,,,,,,,,,,,,,,,,,,,,,,,,,,,,,,,,,,,,,,,,,,,,,,,,,,,,,,,,
P09394,358,P09394,,Bacteria,Escherichia coli (strain K12),83333,,,1,25,ECO:0000269,,,,,,,,,,,,,,,,,,,,,,,,,,,,,,,,,,,,,,,,,,,,,,,,,,,,,,,,,,,,,,,,,,
P54583,562,P54583,A0LSH7,Bacteria,Acidothermus cellulolyticus (strain ATCC 43068 / DSM 8971 / 11B),351607,,,1,41,,,,,,,,,,,,,,,,,,,,,,,,,,,,,,,,,,,,,,,,,,,,,,,,,,,,,,,,,,,,,,,,,,,
Q01786,466,Q01786,,Bacteria,Thermobifida fusca,2021,,,1,36,,,,,,,,,,,,,,,,,,,,,,,,,,,,,,,,,,,,,,,,,,,,,,,,,,,,,,,,,,,,,,,,,,,
P19487,484,P19487,,Bacteria,Xanthomonas campestris pv. campestris (strain ATCC 33913 / DSM 3586 / NCPPB 528 / LMG 568 / P 25),190485,,,1,25,ECO:0000269,,,,,,,,,,,,,,,,,,,,,,,,,,,,,,,,,,,,,,,,,,,,,,,,,,,,,,,,,,,,,,,,,,
Q05332,566,Q05332,A3DJE1,Bacteria,Acetivibrio thermocellus (strain ATCC 27405 / DSM 1237 / JCM 9322 / NBRC 103400 / NCIMB 10682 / NRRL B-4536 / VPI 7372),203119,,,1,30,,,,,,,,,,,,,,,,,,,,,,,,,,,,,,,,,,,,,,,,,,,,,,,,,,,,,,,,,,,,,,,,,,,
Q05819,384,Q05819,,Bacteria,Pedobacter heparinus,984,,,1,21,ECO:0000269,,,,,,,,,,,,,,,,,,,,,,,,,,,,,,,,,,,,,,,,,,,,,,,,,,,,,,,,,,,,,,,,,,
P16465,561,P16465,,Bacteria,Proteus mirabilis,584,,,1,17,,,,,,,,,,,,,,,,,,,,,,,,,,,,,,,,,,,,,,,,,,,,,,,,,,,,,,,,,,,,,,,,,,,
P50500,90,P50500,,Bacteria,Acidithiobacillus ferrooxidans,920,,,1,37,"ECO:0000255, ECO:0000269",,,,,,,,,,,,,,,,,,,,,,,,,,,,,,,,,,,,,,,,,,,,,,,,,,,,,,,,,,,,,,,,,,
P04816,369,P04816,"Q2M7C1, Q47343",Bacteria,Escherichia coli (strain K12),83333,,,1,23,ECO:0000269,,,,,,,,,,,,,,,,,,,,,,,,,,,,,,,,,,,,,,,,,,,,,,,,,,,,,,,,,,,,,,,,,,
P01549,144,P01549,,Bacteria,Streptomyces macromomyceticus,1917,,,1,32,ECO:0000269,,,,,,,,,,,,,,,,,,,,,,,,,,,,,,,,,,,,,,,,,,,,,,,,,,,,,,,,,,,,,,,,,,
Q05811,366,Q05811,,Bacteria,Rhizobium leguminosarum bv. viciae,387,,,1,22,ECO:0000269,,,,,,,,,,,,,,,,,,,,,,,,,,,,,,,,,,,,,,,,,,,,,,,,,,,,,,,,,,,,,,,,,,
Q9S3R8,380,Q9S3R8,,Bacteria,Porphyromonas gingivalis (strain ATCC BAA-308 / W83),242619,,,1,21,ECO:0000269,,,,,,,,,,,,,,,,,,,,,,,,,,,,,,,,,,,,,,,,,,,,,,,,,,,,,,,,,,,,,,,,,,
P09888,270,P09888,,Bacteria,Neisseria gonorrhoeae,485,,,1,25,ECO:0000269,36,44,ECO:0000255,77,85,ECO:0000255,90,96,ECO:0000255,143,157,ECO:0000255,163,173,ECO:0000255,222,234,ECO:0000255,238,246,ECO:0000255,262,270,ECO:0000255,,,,,,,,,,,,,,,,,,,,,,,,,,,,,,,,,,,,,,,,,,
P0A917,171,P0A917,P36546,Bacteria,Escherichia coli (strain K12),83333,,,1,23,ECO:0000269,26,35,,45,54,,60,69,,86,95,,100,109,,130,139,,144,153,,161,170,,,,,,,,,,,,,,,,,,,,,,,,,,,,,,,,,,,,,,,,,,,
P46025,385,P46025,,Bacteria,Haemophilus influenzae,727,,,1,20,,,,,,,,,,,,,,,,,,,,,,,,,,,,,,,,,,,,,,,,,,,,,,,,,,,,,,,,,,,,,,,,,,,
P04127,185,P04127,,Bacteria,Escherichia coli,562,,,1,22,,,,,,,,,,,,,,,,,,,,,,,,,,,,,,,,,,,,,,,,,,,,,,,,,,,,,,,,,,,,,,,,,,,
Q01606,349,Q01606,,Bacteria,Klebsiella oxytoca,571,,,1,21,,,,,,,,,,,,,,,,,,,,,,,,,,,,,,,,,,,,,,,,,,,,,,,,,,,,,,,,,,,,,,,,,,,
P35482,368,P35482,O52768,Bacteria,Pseudomonas aeruginosa (strain ATCC 15692 / DSM 22644 / CIP 104116 / JCM 14847 / LMG 12228 / 1C / PRS 101 / PAO1),208964,,,1,23,ECO:0000269,,,,,,,,,,,,,,,,,,,,,,,,,,,,,,,,,,,,,,,,,,,,,,,,,,,,,,,,,,,,,,,,,,
Q8FDW4,1295,Q8FDW4,"Q6KD43, Q9F6T1",Bacteria,Escherichia coli O6:H1 (strain CFT073 / ATCC 700928 / UPEC),199310,,,1,49,ECO:0000269,,,,,,,,,,,,,,,,,,,,,,,,,,,,,,,,,,,,,,,,,,,,,,,,,,,,,,,,,,,,,,,,,,
O52055,102,O52055,D3RSV3,Bacteria,Allochromatium vinosum (strain ATCC 17899 / DSM 180 / NBRC 103801 / NCIMB 10441 / D),572477,,,1,25,ECO:0000269,,,,,,,,,,,,,,,,,,,,,,,,,,,,,,,,,,,,,,,,,,,,,,,,,,,,,,,,,,,,,,,,,,
P0A855,430,P0A855,P19935,Bacteria,Escherichia coli (strain K12),83333,,,1,21,"ECO:0000255, ECO:0000269",,,,,,,,,,,,,,,,,,,,,,,,,,,,,,,,,,,,,,,,,,,,,,,,,,,,,,,,,,,,,,,,,,
Q47692,1377,Q47692,"Q6QE02, Q83WR9",Bacteria,Escherichia coli,562,,,1,52,ECO:0000269,,,,,,,,,,,,,,,,,,,,,,,,,,,,,,,,,,,,,,,,,,,,,,,,,,,,,,,,,,,,,,,,,,
A9Q0M7,70,A9Q0M7,,Bacteria,Streptococcus uberis,1349,,,1,21,ECO:0000269,,,,,,,,,,,,,,,,,,,,,,,,,,,,,,,,,,,,,,,,,,,,,,,,,,,,,,,,,,,,,,,,,,
P76520,211,P76520,Q2MAK1,Bacteria,Escherichia coli (strain K12),83333,,,1,21,ECO:0000269,,,,,,,,,,,,,,,,,,,,,,,,,,,,,,,,,,,,,,,,,,,,,,,,,,,,,,,,,,,,,,,,,,
Q9AEM2,714,Q9AEM2,,Bacteria,Clostridioides difficile,1496,,,1,24,ECO:0000256,,,,,,,,,,,,,,,,,,,,,,,,,,,,,,,,,,,,,,,,,,,,,,,,,,,,,,,,,,,,,,,,,,
Q5ZF24,67,Q5ZF24,,Bacteria,Latilactobacillus sakei,1599,,,,,,,,,,,,,,,,,,,,,,,,,,,,,,,,,,,,,,,,,,,,,,,,,,,,,,,,,,,,,,,,,,,,,,,
Q6BEL6,490,Q6BEL6,,Bacteria,Chromohalobacter sp. 160,169051,,,1,30,ECO:0000256,,,,,,,,,,,,,,,,,,,,,,,,,,,,,,,,,,,,,,,,,,,,,,,,,,,,,,,,,,,,,,,,,,
Q46023,355,Q46023,,Bacteria,Corynebacterium diphtheriae,1717,,,1,22,ECO:0000256,,,,,,,,,,,,,,,,,,,,,,,,,,,,,,,,,,,,,,,,,,,,,,,,,,,,,,,,,,,,,,,,,,
Q53919,312,Q53919,,Bacteria,Streptomyces anulatus,1892,,,1,21,ECO:0000256,,,,,,,,,,,,,,,,,,,,,,,,,,,,,,,,,,,,,,,,,,,,,,,,,,,,,,,,,,,,,,,,,,
Q9Z4I2,401,Q9Z4I2,,Bacteria,Streptomyces matensis,67325,,,1,35,ECO:0000256,,,,,,,,,,,,,,,,,,,,,,,,,,,,,,,,,,,,,,,,,,,,,,,,,,,,,,,,,,,,,,,,,,
Q70UQ6,310,Q70UQ6,,Bacteria,Streptococcus uberis,1349,,,1,22,ECO:0000256,,,,,,,,,,,,,,,,,,,,,,,,,,,,,,,,,,,,,,,,,,,,,,,,,,,,,,,,,,,,,,,,,,
Q8RJN8,426,Q8RJN8,,Bacteria,Pseudoalteromonas haloplanktis,228,,,1,21,ECO:0000256,,,,,,,,,,,,,,,,,,,,,,,,,,,,,,,,,,,,,,,,,,,,,,,,,,,,,,,,,,,,,,,,,,
Q8VLQ8,1164,Q8VLQ8,F4EG26,Bacteria,Streptococcus suis,1307,,,,,,,,,,,,,,,,,,,,,,,,,,,,,,,,,,,,,,,,,,,,,,,,,,,,,,,,,,,,,,,,,,,,,,,
Q9RBQ1,303,Q9RBQ1,,Bacteria,Stenotrophomonas maltophilia,40324,,,1,27,ECO:0000256,,,,,,,,,,,,,,,,,,,,,,,,,,,,,,,,,,,,,,,,,,,,,,,,,,,,,,,,,,,,,,,,,,
Q9EUR5,627,Q9EUR5,,Bacteria,Streptococcus pneumoniae,1313,,,1,25,ECO:0000256,,,,,,,,,,,,,,,,,,,,,,,,,,,,,,,,,,,,,,,,,,,,,,,,,,,,,,,,,,,,,,,,,,
Q9Z4J8,501,Q9Z4J8,,Bacteria,Streptococcus pneumoniae,1313,,,1,32,ECO:0000256,,,,,,,,,,,,,,,,,,,,,,,,,,,,,,,,,,,,,,,,,,,,,,,,,,,,,,,,,,,,,,,,,,
Q47196,,,,,,,,,,,,,,,,,,,,,,,,,,,,,,,,,,,,,,,,,,,,,,,,,,,,,,,,,,,,,,,,,,,,,,,,,,,,,
Q9X775,465,Q9X775,A5IXF0,Bacteria,Mycoplasmopsis agalactiae,2110,,,1,22,ECO:0000256,,,,,,,,,,,,,,,,,,,,,,,,,,,,,,,,,,,,,,,,,,,,,,,,,,,,,,,,,,,,,,,,,,
Q8VLR1,453,Q8VLR1,,Bacteria,Streptomyces sp. M23,184457,,,1,24,ECO:0000256,,,,,,,,,,,,,,,,,,,,,,,,,,,,,,,,,,,,,,,,,,,,,,,,,,,,,,,,,,,,,,,,,,
Q9RBQ2,290,Q9RBQ2,,Bacteria,Stenotrophomonas maltophilia,40324,,,1,19,ECO:0000256,,,,,,,,,,,,,,,,,,,,,,,,,,,,,,,,,,,,,,,,,,,,,,,,,,,,,,,,,,,,,,,,,,
Q934G7,351,Q934G7,,Bacteria,Brucella suis,29461,,,1,21,ECO:0000256,,,,,,,,,,,,,,,,,,,,,,,,,,,,,,,,,,,,,,,,,,,,,,,,,,,,,,,,,,,,,,,,,,
Q8KKG0,619,Q8KKG0,,Bacteria,Flavobacterium sp. 92,197856,,,1,19,ECO:0000256,,,,,,,,,,,,,,,,,,,,,,,,,,,,,,,,,,,,,,,,,,,,,,,,,,,,,,,,,,,,,,,,,,
Q46334,,,,,,,,,,,,,,,,,,,,,,,,,,,,,,,,,,,,,,,,,,,,,,,,,,,,,,,,,,,,,,,,,,,,,,,,,,,,,
Q9Z4P5,,,,,,,,,,,,,,,,,,,,,,,,,,,,,,,,,,,,,,,,,,,,,,,,,,,,,,,,,,,,,,,,,,,,,,,,,,,,,
Q934G0,695,Q934G0,,Bacteria,Pseudomonas sp,306,,,1,26,,,,,,,,,,,,,,,,,,,,,,,,,,,,,,,,,,,,,,,,,,,,,,,,,,,,,,,,,,,,,,,,,,,
Q93L40,289,Q93L40,,Bacteria,Caulobacter vibrioides,155892,,,1,21,ECO:0000256,,,,,,,,,,,,,,,,,,,,,,,,,,,,,,,,,,,,,,,,,,,,,,,,,,,,,,,,,,,,,,,,,,
Q5W2B5,409,Q8KKG6,Q5W2B5,Bacteria,Borreliella burgdorferi,139,,,1,23,ECO:0000256,,,,,,,,,,,,,,,,,,,,,,,,,,,,,,,,,,,,,,,,,,,,,,,,,,,,,,,,,,,,,,,,,,
Q5W295,248,Q5W295,,Bacteria,Borreliella afzelii,29518,,,,,,,,,,,,,,,,,,,,,,,,,,,,,,,,,,,,,,,,,,,,,,,,,,,,,,,,,,,,,,,,,,,,,,,
Q59924,571,Q59924,,Bacteria,Streptomyces lividans,1916,,,1,36,ECO:0000256,,,,,,,,,,,,,,,,,,,,,,,,,,,,,,,,,,,,,,,,,,,,,,,,,,,,,,,,,,,,,,,,,,
Q5W2C0,,,,,,,,,,,,,,,,,,,,,,,,,,,,,,,,,,,,,,,,,,,,,,,,,,,,,,,,,,,,,,,,,,,,,,,,,,,,,
Q48393,159,Q48393,,Bacteria,Klebsiella oxytoca,571,,,,,,,,,,,,,,,,,,,,,,,,,,,,,,,,,,,,,,,,,,,,,,,,,,,,,,,,,,,,,,,,,,,,,,,
Q70GF1,482,Q70GF1,,Bacteria,Campylobacter jejuni,197,,,1,20,ECO:0000256,,,,,,,,,,,,,,,,,,,,,,,,,,,,,,,,,,,,,,,,,,,,,,,,,,,,,,,,,,,,,,,,,,
Q5W291,467,Q8KKG4,Q5W291,Bacteria,Borreliella garinii,29519,,,,,,,,,,,,,,,,,,,,,,,,,,,,,,,,,,,,,,,,,,,,,,,,,,,,,,,,,,,,,,,,,,,,,,,
Q44164,367,Q44164,,Bacteria,Actinobacillus pleuropneumoniae,715,,,1,21,ECO:0000256,,,,,,,,,,,,,,,,,,,,,,,,,,,,,,,,,,,,,,,,,,,,,,,,,,,,,,,,,,,,,,,,,,
Q84BN2,,,,,,,,,,,,,,,,,,,,,,,,,,,,,,,,,,,,,,,,,,,,,,,,,,,,,,,,,,,,,,,,,,,,,,,,,,,,,
Q8GJ27,551,Q8GJ27,,Bacteria,Dehalobacter restrictus (strain DSM 9455 / PER-K23),871738,,,1,39,"ECO:0000255, ECO:0000269",,,,,,,,,,,,,,,,,,,,,,,,,,,,,,,,,,,,,,,,,,,,,,,,,,,,,,,,,,,,,,,,,,
Q9S1H9,256,Q9S1H9,,Bacteria,Streptococcus pyogenes,1314,,,,,,,,,,,,,,,,,,,,,,,,,,,,,,,,,,,,,,,,,,,,,,,,,,,,,,,,,,,,,,,,,,,,,,,
Q5GN46,,,,,,,,,,,,,,,,,,,,,,,,,,,,,,,,,,,,,,,,,,,,,,,,,,,,,,,,,,,,,,,,,,,,,,,,,,,,,
Q70GF0,483,Q70GF0,,Bacteria,Campylobacter lari,201,,,1,20,ECO:0000256,,,,,,,,,,,,,,,,,,,,,,,,,,,,,,,,,,,,,,,,,,,,,,,,,,,,,,,,,,,,,,,,,,
Q9RBQ0,303,Q9RBQ0,,Bacteria,Stenotrophomonas maltophilia,40324,,,1,27,ECO:0000256,,,,,,,,,,,,,,,,,,,,,,,,,,,,,,,,,,,,,,,,,,,,,,,,,,,,,,,,,,,,,,,,,,
O05123,390,O05123,,Bacteria,Methylophilus methylotrophus,17,,,1,26,ECO:0000256,,,,,,,,,,,,,,,,,,,,,,,,,,,,,,,,,,,,,,,,,,,,,,,,,,,,,,,,,,,,,,,,,,
Q44090,,,,,,,,,,,,,,,,,,,,,,,,,,,,,,,,,,,,,,,,,,,,,,,,,,,,,,,,,,,,,,,,,,,,,,,,,,,,,
Q44298,339,Q44298,,Bacteria,Aeromonas salmonicida,645,,,1,23,ECO:0000256,,,,,,,,,,,,,,,,,,,,,,,,,,,,,,,,,,,,,,,,,,,,,,,,,,,,,,,,,,,,,,,,,,
Q70GF3,472,Q70GF3,,Bacteria,Campylobacter jejuni,197,,,1,20,ECO:0000256,,,,,,,,,,,,,,,,,,,,,,,,,,,,,,,,,,,,,,,,,,,,,,,,,,,,,,,,,,,,,,,,,,
Q9S3L8,,,,,,,,,,,,,,,,,,,,,,,,,,,,,,,,,,,,,,,,,,,,,,,,,,,,,,,,,,,,,,,,,,,,,,,,,,,,,
Q5W289,256,Q5W289,,Bacteria,Borreliella garinii,29519,,,1,26,ECO:0000256,,,,,,,,,,,,,,,,,,,,,,,,,,,,,,,,,,,,,,,,,,,,,,,,,,,,,,,,,,,,,,,,,,
Q659I5,427,Q659I5,,Bacteria,Campylobacter jejuni,197,,,1,22,ECO:0000256,,,,,,,,,,,,,,,,,,,,,,,,,,,,,,,,,,,,,,,,,,,,,,,,,,,,,,,,,,,,,,,,,,
Q9AE74,168,Q9AE74,,Bacteria,Pseudomonas fluorescens,294,,,1,25,ECO:0000256,,,,,,,,,,,,,,,,,,,,,,,,,,,,,,,,,,,,,,,,,,,,,,,,,,,,,,,,,,,,,,,,,,
Q8VLQ6,522,Q8VLQ6,,Bacteria,Streptococcus suis,1307,,,,,,,,,,,,,,,,,,,,,,,,,,,,,,,,,,,,,,,,,,,,,,,,,,,,,,,,,,,,,,,,,,,,,,,
Q9RB42,256,Q9RB42,,Bacteria,Corynebacterium sp. ALY-1,101519,,,1,33,ECO:0000256,,,,,,,,,,,,,,,,,,,,,,,,,,,,,,,,,,,,,,,,,,,,,,,,,,,,,,,,,,,,,,,,,,
Q47117,170,Q47117,,Bacteria,Escherichia coli,562,,,,,,,,,,,,,,,,,,,,,,,,,,,,,,,,,,,,,,,,,,,,,,,,,,,,,,,,,,,,,,,,,,,,,,,
Q9AEM3,756,Q9AEM3,,Bacteria,Clostridioides difficile,1496,,,1,24,ECO:0000256,,,,,,,,,,,,,,,,,,,,,,,,,,,,,,,,,,,,,,,,,,,,,,,,,,,,,,,,,,,,,,,,,,
Q9RM69,,,,,,,,,,,,,,,,,,,,,,,,,,,,,,,,,,,,,,,,,,,,,,,,,,,,,,,,,,,,,,,,,,,,,,,,,,,,,
Q8GC45,365,Q8GC45,,Bacteria,Sphingobium fuliginis (strain ATCC 27551),336203,,,1,27,ECO:0000256,,,,,,,,,,,,,,,,,,,,,,,,,,,,,,,,,,,,,,,,,,,,,,,,,,,,,,,,,,,,,,,,,,
Q8G9Q0,276,Q8G9Q0,,Bacteria,Pseudomonas aeruginosa,287,,,1,28,ECO:0000256,,,,,,,,,,,,,,,,,,,,,,,,,,,,,,,,,,,,,,,,,,,,,,,,,,,,,,,,,,,,,,,,,,
Q9S3L9,,,,,,,,,,,,,,,,,,,,,,,,,,,,,,,,,,,,,,,,,,,,,,,,,,,,,,,,,,,,,,,,,,,,,,,,,,,,,
Q9S1H8,256,Q9S1H8,,Bacteria,Streptococcus pyogenes,1314,,,,,,,,,,,,,,,,,,,,,,,,,,,,,,,,,,,,,,,,,,,,,,,,,,,,,,,,,,,,,,,,,,,,,,,
Q4A1I5,279,Q4A1I5,,Bacteria,Campylobacter jejuni,197,,,1,18,ECO:0000256,,,,,,,,,,,,,,,,,,,,,,,,,,,,,,,,,,,,,,,,,,,,,,,,,,,,,,,,,,,,,,,,,,
O30329,773,O30329,,Bacteria,Komagataeibacter europaeus,33995,,,,,,,,,,,,,,,,,,,,,,,,,,,,,,,,,,,,,,,,,,,,,,,,,,,,,,,,,,,,,,,,,,,,,,,
Q6ZXZ8,864,Q6ZXZ8,,Bacteria,Wolinella succinogenes,844,,,1,24,ECO:0000256,,,,,,,,,,,,,,,,,,,,,,,,,,,,,,,,,,,,,,,,,,,,,,,,,,,,,,,,,,,,,,,,,,
Q9RBQ3,290,Q9RBQ3,,Bacteria,Stenotrophomonas maltophilia,40324,,,1,21,ECO:0000256,,,,,,,,,,,,,,,,,,,,,,,,,,,,,,,,,,,,,,,,,,,,,,,,,,,,,,,,,,,,,,,,,,
Q4A4I7,,,,,,,,,,,,,,,,,,,,,,,,,,,,,,,,,,,,,,,,,,,,,,,,,,,,,,,,,,,,,,,,,,,,,,,,,,,,,
Q44299,330,Q44299,,Bacteria,Aeromonas salmonicida,645,,,1,24,ECO:0000256,,,,,,,,,,,,,,,,,,,,,,,,,,,,,,,,,,,,,,,,,,,,,,,,,,,,,,,,,,,,,,,,,,
Q3T908,1099,Q3T908,,Bacteria,Sporosarcina ureae,1571,,,1,31,ECO:0000256,,,,,,,,,,,,,,,,,,,,,,,,,,,,,,,,,,,,,,,,,,,,,,,,,,,,,,,,,,,,,,,,,,
Q5YLN9,,,,,,,,,,,,,,,,,,,,,,,,,,,,,,,,,,,,,,,,,,,,,,,,,,,,,,,,,,,,,,,,,,,,,,,,,,,,,
Q5W288,235,Q5W288,,Bacteria,Borreliella garinii,29519,,,,,,,,,,,,,,,,,,,,,,,,,,,,,,,,,,,,,,,,,,,,,,,,,,,,,,,,,,,,,,,,,,,,,,,
Q9EV58,798,Q9EV58,,Bacteria,Spiroplasma citri,2133,,,1,23,ECO:0000256,736,756,ECO:0000256,,,,,,,,,,,,,,,,,,,,,,,,,,,,,,,,,,,,,,,,,,,,,,,,,,,,,,,,,,,,,,,
Q9R6Y9,914,Q9R6Y9,,Bacteria,Pseudoalteromonas piscicida,43662,,,1,26,ECO:0000256,,,,,,,,,,,,,,,,,,,,,,,,,,,,,,,,,,,,,,,,,,,,,,,,,,,,,,,,,,,,,,,,,,
Q5W284,139,Q5W284,,Bacteria,Borreliella garinii,29519,,,,,,,,,,,,,,,,,,,,,,,,,,,,,,,,,,,,,,,,,,,,,,,,,,,,,,,,,,,,,,,,,,,,,,,
Q8KKG4,467,Q8KKG4,Q5W291,Bacteria,Borreliella garinii,29519,,,,,,,,,,,,,,,,,,,,,,,,,,,,,,,,,,,,,,,,,,,,,,,,,,,,,,,,,,,,,,,,,,,,,,,
Q0JRK4,942,Q0JRK4,,Bacteria,Pseudoalteromonas carrageenovora,227,,,1,25,ECO:0000269,,,,,,,,,,,,,,,,,,,,,,,,,,,,,,,,,,,,,,,,,,,,,,,,,,,,,,,,,,,,,,,,,,
Q5W294,241,Q5W294,,Bacteria,Borreliella afzelii,29518,,,,,,,,,,,,,,,,,,,,,,,,,,,,,,,,,,,,,,,,,,,,,,,,,,,,,,,,,,,,,,,,,,,,,,,
Q8VLP7,544,Q8VLP7,,Bacteria,Streptococcus agalactiae,1311,,,1,40,ECO:0000256,,,,,,,,,,,,,,,,,,,,,,,,,,,,,,,,,,,,,,,,,,,,,,,,,,,,,,,,,,,,,,,,,,
Q70GE9,483,Q70GE9,,Bacteria,Campylobacter lari,201,,,1,20,ECO:0000256,,,,,,,,,,,,,,,,,,,,,,,,,,,,,,,,,,,,,,,,,,,,,,,,,,,,,,,,,,,,,,,,,,
O05471,285,O05471,,Bacteria,Streptococcus dysgalactiae subsp. equisimilis,119602,,,1,25,ECO:0000256,,,,,,,,,,,,,,,,,,,,,,,,,,,,,,,,,,,,,,,,,,,,,,,,,,,,,,,,,,,,,,,,,,
Q5W297,239,Q5W297,,Bacteria,Borreliella afzelii,29518,,,,,,6,28,ECO:0000256,,,,,,,,,,,,,,,,,,,,,,,,,,,,,,,,,,,,,,,,,,,,,,,,,,,,,,,,,,,,,,,
Q70GF2,472,Q70GF2,,Bacteria,Campylobacter jejuni,197,,,1,20,ECO:0000256,,,,,,,,,,,,,,,,,,,,,,,,,,,,,,,,,,,,,,,,,,,,,,,,,,,,,,,,,,,,,,,,,,
Q51870,567,Q51870,,Bacteria,Paucimonas lemoignei,29443,,,1,25,ECO:0000256,,,,,,,,,,,,,,,,,,,,,,,,,,,,,,,,,,,,,,,,,,,,,,,,,,,,,,,,,,,,,,,,,,
Q5W296,268,Q5W296,,Bacteria,Borreliella afzelii,29518,,,,,,,,,,,,,,,,,,,,,,,,,,,,,,,,,,,,,,,,,,,,,,,,,,,,,,,,,,,,,,,,,,,,,,,
Q00620,683,Q00620,,Bacteria,Stutzerimonas stutzeri,316,,,,,,,,,,,,,,,,,,,,,,,,,,,,,,,,,,,,,,,,,,,,,,,,,,,,,,,,,,,,,,,,,,,,,,,
Q59644,339,Q59644,,Bacteria,Cutibacterium acnes,1747,,,1,26,ECO:0000256,,,,,,,,,,,,,,,,,,,,,,,,,,,,,,,,,,,,,,,,,,,,,,,,,,,,,,,,,,,,,,,,,,
Q5K103,,,,,,,,,,,,,,,,,,,,,,,,,,,,,,,,,,,,,,,,,,,,,,,,,,,,,,,,,,,,,,,,,,,,,,,,,,,,,
Q9AE75,163,Q9AE75,,Bacteria,Pseudomonas fluorescens,294,,,,,,,,,,,,,,,,,,,,,,,,,,,,,,,,,,,,,,,,,,,,,,,,,,,,,,,,,,,,,,,,,,,,,,,
O82953,659,O82953,,Bacteria,Bacillus subtilis,1423,,,1,33,ECO:0000256,,,,,,,,,,,,,,,,,,,,,,,,,,,,,,,,,,,,,,,,,,,,,,,,,,,,,,,,,,,,,,,,,,
Q51721,317,Q51721,,Bacteria,Pseudomonas fluorescens,294,,,1,21,ECO:0000256,,,,,,,,,,,,,,,,,,,,,,,,,,,,,,,,,,,,,,,,,,,,,,,,,,,,,,,,,,,,,,,,,,
Q6ZYL6,,,,,,,,,,,,,,,,,,,,,,,,,,,,,,,,,,,,,,,,,,,,,,,,,,,,,,,,,,,,,,,,,,,,,,,,,,,,,
Q9ACN7,,,,,,,,,,,,,,,,,,,,,,,,,,,,,,,,,,,,,,,,,,,,,,,,,,,,,,,,,,,,,,,,,,,,,,,,,,,,,
Q9RED0,821,Q9RED0,,Bacteria,Bacillus thuringiensis,1428,,,,,,,,,,,,,,,,,,,,,,,,,,,,,,,,,,,,,,,,,,,,,,,,,,,,,,,,,,,,,,,,,,,,,,,
Q5W2B7,,,,,,,,,,,,,,,,,,,,,,,,,,,,,,,,,,,,,,,,,,,,,,,,,,,,,,,,,,,,,,,,,,,,,,,,,,,,,
Q8KKG5,219,Q8KKG5,,Bacteria,Borreliella garinii,29519,,,,,,,,,,,,,,,,,,,,,,,,,,,,,,,,,,,,,,,,,,,,,,,,,,,,,,,,,,,,,,,,,,,,,,,
Q46520,,,,,,,,,,,,,,,,,,,,,,,,,,,,,,,,,,,,,,,,,,,,,,,,,,,,,,,,,,,,,,,,,,,,,,,,,,,,,
Q07685,202,Q07685,,Bacteria,Escherichia coli,562,,,,,,,,,,,,,,,,,,,,,,,,,,,,,,,,,,,,,,,,,,,,,,,,,,,,,,,,,,,,,,,,,,,,,,,
Q5QSD8,349,Q5QSD8,,Bacteria,Marinobacter nauticus,2743,,,1,23,ECO:0000256,,,,,,,,,,,,,,,,,,,,,,,,,,,,,,,,,,,,,,,,,,,,,,,,,,,,,,,,,,,,,,,,,,
Q51871,433,Q51871,,Bacteria,Paucimonas lemoignei,29443,,,1,26,ECO:0000256,,,,,,,,,,,,,,,,,,,,,,,,,,,,,,,,,,,,,,,,,,,,,,,,,,,,,,,,,,,,,,,,,,
Q8GMV7,344,Q8GMV7,,Bacteria,Thermopolyspora flexuosa,103836,,,1,43,ECO:0000256,,,,,,,,,,,,,,,,,,,,,,,,,,,,,,,,,,,,,,,,,,,,,,,,,,,,,,,,,,,,,,,,,,
Q5W286,238,Q5W286,,Bacteria,Borreliella garinii,29519,,,,,,,,,,,,,,,,,,,,,,,,,,,,,,,,,,,,,,,,,,,,,,,,,,,,,,,,,,,,,,,,,,,,,,,
Q8KKG1,289,Q8KKG1,,Bacteria,Caulobacter vibrioides,155892,,,1,21,ECO:0000256,,,,,,,,,,,,,,,,,,,,,,,,,,,,,,,,,,,,,,,,,,,,,,,,,,,,,,,,,,,,,,,,,,
B6EFG6,,,,,,,,,,,,,,,,,,,,,,,,,,,,,,,,,,,,,,,,,,,,,,,,,,,,,,,,,,,,,,,,,,,,,,,,,,,,,
Q5W290,250,Q5W290,,Bacteria,Borreliella garinii,29519,,,,,,,,,,,,,,,,,,,,,,,,,,,,,,,,,,,,,,,,,,,,,,,,,,,,,,,,,,,,,,,,,,,,,,,
Q5K104,,,,,,,,,,,,,,,,,,,,,,,,,,,,,,,,,,,,,,,,,,,,,,,,,,,,,,,,,,,,,,,,,,,,,,,,,,,,,
Q9F437,285,Q9F437,,Bacteria,Ideonella dechloratans,36863,,,1,38,ECO:0000269,,,,,,,,,,,,,,,,,,,,,,,,,,,,,,,,,,,,,,,,,,,,,,,,,,,,,,,,,,,,,,,,,,
Q8GJ76,197,Q8GJ76,,Bacteria,Bacillus cereus,1396,,,,,,,,,,,,,,,,,,,,,,,,,,,,,,,,,,,,,,,,,,,,,,,,,,,,,,,,,,,,,,,,,,,,,,,
Q48391,346,Q48391,,Bacteria,Klebsiella oxytoca,571,,,1,22,ECO:0000256,,,,,,,,,,,,,,,,,,,,,,,,,,,,,,,,,,,,,,,,,,,,,,,,,,,,,,,,,,,,,,,,,,
Q9X9R8,,,,,,,,,,,,,,,,,,,,,,,,,,,,,,,,,,,,,,,,,,,,,,,,,,,,,,,,,,,,,,,,,,,,,,,,,,,,,
Q5W285,256,Q5W285,,Bacteria,Borreliella garinii,29519,,,,,,,,,,,,,,,,,,,,,,,,,,,,,,,,,,,,,,,,,,,,,,,,,,,,,,,,,,,,,,,,,,,,,,,
B0JEU6,,,,,,,,,,,,,,,,,,,,,,,,,,,,,,,,,,,,,,,,,,,,,,,,,,,,,,,,,,,,,,,,,,,,,,,,,,,,,
Q47784,65,Q47784,,Bacteria,Enterococcus faecium,1352,,,,,,,,,,,,,,,,,,,,,,,,,,,,,,,,,,,,,,,,,,,,,,,,,,,,,,,,,,,,,,,,,,,,,,,
Q54901,365,Q54901,,Bacteria,Streptococcus pyogenes,1314,,,,,,,,,,,,,,,,,,,,,,,,,,,,,,,,,,,,,,,,,,,,,,,,,,,,,,,,,,,,,,,,,,,,,,,
Q5W292,293,Q5W292,,Bacteria,Borreliella afzelii,29518,,,1,27,ECO:0000256,,,,,,,,,,,,,,,,,,,,,,,,,,,,,,,,,,,,,,,,,,,,,,,,,,,,,,,,,,,,,,,,,,
Q8VLQ7,1164,Q8VLQ7,,Bacteria,Streptococcus suis,1307,,,,,,,,,,,,,,,,,,,,,,,,,,,,,,,,,,,,,,,,,,,,,,,,,,,,,,,,,,,,,,,,,,,,,,,
Q5ZEQ7,721,Q5ZEQ7,,Bacteria,Anaerobranca gottschalkii,108328,,,,,,,,,,,,,,,,,,,,,,,,,,,,,,,,,,,,,,,,,,,,,,,,,,,,,,,,,,,,,,,,,,,,,,,
Q60102,,,,,,,,,,,,,,,,,,,,,,,,,,,,,,,,,,,,,,,,,,,,,,,,,,,,,,,,,,,,,,,,,,,,,,,,,,,,,
Q53601,645,Q53601,,Bacteria,Staphylococcus aureus,1280,,,1,19,ECO:0000256,,,,,,,,,,,,,,,,,,,,,,,,,,,,,,,,,,,,,,,,,,,,,,,,,,,,,,,,,,,,,,,,,,
O87169,150,O87169,A0A0M9IRX5,Bacteria,Alcaligenes xylosoxydans xylosoxydans,85698,,,1,21,ECO:0000256,,,,,,,,,,,,,,,,,,,,,,,,,,,,,,,,,,,,,,,,,,,,,,,,,,,,,,,,,,,,,,,,,,
Q8KKH4,486,Q8KKH4,,Bacteria,Hyphomicrobium denitrificans,53399,,,1,25,ECO:0000256,,,,,,,,,,,,,,,,,,,,,,,,,,,,,,,,,,,,,,,,,,,,,,,,,,,,,,,,,,,,,,,,,,
Q4VYA5,136,Q4VYA5,O85301,Bacteria,Salmonella dublin,98360,,,1,22,ECO:0000269,,,,,,,,,,,,,,,,,,,,,,,,,,,,,,,,,,,,,,,,,,,,,,,,,,,,,,,,,,,,,,,,,,
Q5W298,231,Q5W298,,Bacteria,Borreliella afzelii,29518,,,,,,,,,,,,,,,,,,,,,,,,,,,,,,,,,,,,,,,,,,,,,,,,,,,,,,,,,,,,,,,,,,,,,,,
O87343,943,O87343,,Bacteria,Neisseria meningitidis,487,,,1,24,ECO:0000256,,,,,,,,,,,,,,,,,,,,,,,,,,,,,,,,,,,,,,,,,,,,,,,,,,,,,,,,,,,,,,,,,,
Q48401,56,Q48401,,Bacteria,Klebsiella oxytoca,571,,,1,30,ECO:0000256,,,,,,,,,,,,,,,,,,,,,,,,,,,,,,,,,,,,,,,,,,,,,,,,,,,,,,,,,,,,,,,,,,
Q8KKG7,212,O50929,Q8KKG7,Bacteria,Borreliella burgdorferi (strain ATCC 35210 / DSM 4680 / CIP 102532 / B31),224326,,,,,,,,,,,,,,,,,,,,,,,,,,,,,,,,,,,,,,,,,,,,,,,,,,,,,,,,,,,,,,,,,,,,,,,
Q5W287,248,Q5W287,,Bacteria,Borreliella garinii,29519,,,,,,,,,,,,,,,,,,,,,,,,,,,,,,,,,,,,,,,,,,,,,,,,,,,,,,,,,,,,,,,,,,,,,,,
Q93MG8,215,Q93MG8,,Bacteria,Acidithiobacillus ferrooxidans,920,,,1,28,ECO:0000256,,,,,,,,,,,,,,,,,,,,,,,,,,,,,,,,,,,,,,,,,,,,,,,,,,,,,,,,,,,,,,,,,,
Q8KKG8,415,Q8KKG8,Q5W299,Bacteria,Borreliella afzelii,29518,,,1,23,ECO:0000256,,,,,,,,,,,,,,,,,,,,,,,,,,,,,,,,,,,,,,,,,,,,,,,,,,,,,,,,,,,,,,,,,,
Q9XAS7,979,Q9XAS7,,Bacteria,Streptococcus agalactiae,1311,,,,,,,,,,,,,,,,,,,,,,,,,,,,,,,,,,,,,,,,,,,,,,,,,,,,,,,,,,,,,,,,,,,,,,,
Q934G2,215,A0R3I3,"I7FSE8, Q934G2",Bacteria,Mycolicibacterium smegmatis (strain ATCC 700084 / mc(2)155),246196,,,1,31,ECO:0000305,,,,,,,,,,,,,,,,,,,,,,,,,,,,,,,,,,,,,,,,,,,,,,,,,,,,,,,,,,,,,,,,,,
O50371,412,O50371,,Bacteria,Methylophilus methylotrophus,17,,,1,30,ECO:0000256,,,,,,,,,,,,,,,,,,,,,,,,,,,,,,,,,,,,,,,,,,,,,,,,,,,,,,,,,,,,,,,,,,
Q8KKG6,409,Q8KKG6,Q5W2B5,Bacteria,Borreliella burgdorferi,139,,,1,23,ECO:0000256,,,,,,,,,,,,,,,,,,,,,,,,,,,,,,,,,,,,,,,,,,,,,,,,,,,,,,,,,,,,,,,,,,
Q9RLV2,515,Q9RLV2,,Bacteria,Lactococcus lactis,1358,,,1,25,ECO:0000256,,,,,,,,,,,,,,,,,,,,,,,,,,,,,,,,,,,,,,,,,,,,,,,,,,,,,,,,,,,,,,,,,,
Q8KKG9,217,Q8KKG9,,Bacteria,Borreliella afzelii,29518,,,,,,,,,,,,,,,,,,,,,,,,,,,,,,,,,,,,,,,,,,,,,,,,,,,,,,,,,,,,,,,,,,,,,,,
