ProteinId_input,Length_protein_UniProt,PrimaryAccession,SecondaryAccessions,Organism_class,Organism,TaxonID_org,Organism_host,TaxonID_org_host,Pos_sp_start_uniprot_1,Pos_sp_end_uniprot_1,Evidence_signal_peptide_1,Pos_sp_start_uniprot_2,Pos_sp_end_uniprot_2,Evidence_signal_peptide_2,Pos_tr_start_uniprot_1,Pos_tr_end_uniprot_1,Evidence_code_tr_1,Pos_tr_start_uniprot_2,Pos_tr_end_uniprot_2,Evidence_code_tr_2,Pos_tr_start_uniprot_3,Pos_tr_end_uniprot_3,Evidence_code_tr_3,Pos_tr_start_uniprot_4,Pos_tr_end_uniprot_4,Evidence_code_tr_4,Pos_tr_start_uniprot_5,Pos_tr_end_uniprot_5,Evidence_code_tr_5,Pos_tr_start_uniprot_6,Pos_tr_end_uniprot_6,Evidence_code_tr_6,Pos_tr_start_uniprot_7,Pos_tr_end_uniprot_7,Evidence_code_tr_7,Pos_tr_start_uniprot_8,Pos_tr_end_uniprot_8,Evidence_code_tr_8
P68331,338,P68331,"B9VQI2, P10237, Q09I81",Viruses,Human herpesvirus 1 (strain 17),10299,Homo sapiens,9606,1,30,,,,,122,140,ECO:0000255,213,233,ECO:0000255,244,264,ECO:0000255,302,322,ECO:0000255,,,,,,,,,,,,
P25129,437,P25129,,Viruses,Pseudomonas phage Pf1,2011081,Pseudomonas aeruginosa,287,1,31,ECO:0000255,,,,415,435,ECO:0000255,,,,,,,,,,,,,,,,,,,,,
P68636,349,P68636,Q8UYA7,Viruses,Camelpox virus (strain M-96),203173,Camelus,9836,1,19,ECO:0000255,,,,,,,,,,,,,,,,,,,,,,,,,,,
P68981,166,P68981,"P15140, P35772",Viruses,Human adenovirus B serotype 35,10522,Homo sapiens,9606,1,19,ECO:0000255,,,,132,152,ECO:0000255,,,,,,,,,,,,,,,,,,,,,
P51519,515,P51519,"Q85488, Q85489",Viruses,Bovine leukemia virus,11901,Bos taurus,9913,1,33,ECO:0000255,,,,437,457,ECO:0000255,,,,,,,,,,,,,,,,,,,,,
Q02077,436,Q02077,,Viruses,Feline leukemia virus (strain C/FS246),103918,Felis catus,9685,1,1,ECO:0000250,,,,,,,,,,,,,,,,,,,,,,,,,,,
P04582,851,P04582,,Viruses,Human immunodeficiency virus type 1 group M subtype B (isolate BH8),11684,Homo sapiens,9606,1,32,ECO:0000255,,,,680,700,ECO:0000255,,,,,,,,,,,,,,,,,,,,,
P31872,856,P31872,,Viruses,Human immunodeficiency virus type 1 group M subtype B (isolate WMJ1),31678,Homo sapiens,9606,1,31,ECO:0000255,,,,685,705,ECO:0000255,,,,,,,,,,,,,,,,,,,,,
P08360,661,P08360,,Viruses,Cas-Br-E murine leukemia virus,11792,Mus musculus,10090,1,33,ECO:0000255,,,,607,627,ECO:0000255,,,,,,,,,,,,,,,,,,,,,
P05884,881,P05884,Q5TYK1,Viruses,Simian immunodeficiency virus (isolate K6W),11735,Cercopithecidae,9527,1,19,ECO:0000255,,,,697,717,ECO:0000255,,,,,,,,,,,,,,,,,,,,,
P09458,538,P09458,,Viruses,Mumps virus (strain RW),11172,Homo sapiens,9606,1,19,ECO:0000269,,,,487,507,ECO:0000255,,,,,,,,,,,,,,,,,,,,,
P04855,565,P04855,"P04854, P27564, Q6LC43, Q84202, Q84203, Q88251, Q88252, Q88253, Q88254, Q88255, Q88256, Q88257, Q88258, Q88259, Q88260, Q9YIY9, Q9YJP8, Q9YNH1, Q9YNH2, Q9YNH3, Q9YNH4, Q9YZ79",Viruses,Sendai virus (strain Z),11198,"Cavia cutleri, Cricetidae sp., Mus musculus, Rattus norvegicus","10144, 36483, 10090, 10116",1,25,,,,,501,521,,,,,,,,,,,,,,,,,,,,,,
P52514,274,P52514,,Viruses,Murid herpesvirus 1 (strain Smith),10367,Mus musculus,10090,1,21,ECO:0000255,,,,,,,,,,,,,,,,,,,,,,,,,,,
Q6RZT5,138,Q6RZT5,,Viruses,Rabbitpox virus (strain Utrecht),45417,Oryctolagus cuniculus,9986,1,19,ECO:0000255,,,,,,,,,,,,,,,,,,,,,,,,,,,
Q9QAQ9,424,Q9QAQ9,,Viruses,Bovine coronavirus (strain OK-0514),231432,Bos taurus,9913,1,16,ECO:0000255,,,,393,413,ECO:0000255,,,,,,,,,,,,,,,,,,,,,
Q6DQ15,545,Q6DQ15,,Viruses,Influenza A virus (strain A/Teal/China/2978.1/2002 H5N1 genotype W),284215,"Aves, Felis catus, Homo sapiens, Panthera pardus, Panthera tigris, Sus scrofa","8782, 9685, 9606, 9691, 9694, 9823",1,12,ECO:0000255,,,,,,,,,,,,,,,,,,,,,,,,,,,
P16060,565,P16060,,Viruses,Influenza A virus (strain A/Turkey/Ontario/7732/1966 H5N9),380301,Aves,8782,1,16,ECO:0000255,,,,529,549,ECO:0000255,,,,,,,,,,,,,,,,,,,,,
P03446,564,P03446,,Viruses,Influenza A virus (strain A/Duck/Alberta/60/1976 H12N5),385582,"Aves, Sus scrofa","8782, 9823",1,16,ECO:0000255,,,,531,551,ECO:0000255,,,,,,,,,,,,,,,,,,,,,
Q6LEJ4,560,Q6LEJ4,Q2VC96,Viruses,Influenza A virus (strain A/Seal/Massachusetts/1/1980 H7N7),384493,"Aves, Equus caballus, Homo sapiens, Phocidae","8782, 9796, 9606, 9709",1,18,ECO:0000255,,,,524,544,ECO:0000255,,,,,,,,,,,,,,,,,,,,,
P09344,563,P09344,,Viruses,Influenza A virus (strain A/Starling/Victoria/5156/1985 H7N7),402525,"Aves, Equus caballus, Homo sapiens, Phocidae","8782, 9796, 9606, 9709",1,18,ECO:0000255,,,,527,547,ECO:0000255,,,,,,,,,,,,,,,,,,,,,
P68762,655,P68762,"P07969, Q6I7C1",Viruses,Influenza C virus (strain C/Ann Arbor/1/1950),11553,"Homo sapiens, Sus scrofa","9606, 9823",1,14,ECO:0000255,,,,631,651,ECO:0000255,,,,,,,,,,,,,,,,,,,,,
P16561,315,P16561,"Q89120, Q9JF47",Viruses,Vaccinia virus (strain Tian Tan),10253,Homo sapiens,9606,1,16,ECO:0000255,,,,280,303,ECO:0000255,,,,,,,,,,,,,,,,,,,,,
Q0Q470,122,Q0Q470,,Viruses,Bat coronavirus 279/2005,389167,Rhinolophus macrotis,196889,1,15,ECO:0000250,,,,97,117,ECO:0000255,,,,,,,,,,,,,,,,,,,,,
Q4QXJ7,1242,Q4QXJ7,,Viruses,Eastern equine encephalitis virus (strain Florida 91-469),374598,"Aedes, Homo sapiens, Passeriformes","7158, 9606, 9126",,,,,,,689,709,ECO:0000255,760,780,ECO:0000255,781,801,ECO:0000255,1219,1239,ECO:0000255,,,,,,,,,,,,
Q6X2U1,1063,Q6X2U1,,Viruses,Rubella virus (strain BRDII),376263,Homo sapiens,9606,,,,,,,535,555,ECO:0000250,1029,1049,ECO:0000250,,,,,,,,,,,,,,,,,,
Q37935,60,Q37935,,Viruses,Escherichia phage lambda,2681611,Escherichia coli,562,1,19,ECO:0000269,,,,,,,,,,,,,,,,,,,,,,,,,,,
Q3I5J5,1241,Q3I5J5,,Viruses,Bat coronavirus Rp3/2004,349344,"Rhinolophus ferrumequinum, Rhinolophus macrotis, Rhinolophus pearsonii, Rhinolophus sinicus","59479, 196889, 188571, 89399",1,13,ECO:0000255,,,,1182,1202,ECO:0000255,,,,,,,,,,,,,,,,,,,,,
Q8JSP8,1349,Q8JSP8,,Viruses,Porcine hemagglutinating encephalomyelitis virus (strain IAF-404),230236,Sus scrofa,9823,1,13,ECO:0000255,,,,1294,1314,ECO:0000255,,,,,,,,,,,,,,,,,,,,,
P18569,506,P18569,,Viruses,Autographa californica nuclear polyhedrosis virus,46015,Lepidoptera,7088,1,18,ECO:0000255,,,,,,,,,,,,,,,,,,,,,,,,,,,
P16833,314,P16833,Q9PY28,Viruses,Human cytomegalovirus (strain AD169),10360,Homo sapiens,9606,1,24,ECO:0000255,,,,,,,,,,,,,,,,,,,,,,,,,,,
Q6RJQ3,338,Q6RJQ3,"Q56JA4, Q6E2A5, Q6E2A6, Q6E2A7, Q6E2B3, Q6E2B4, Q6RJP5, Q6RJP6, Q6RJP7, Q6RJP9, Q6RJQ0, Q6RJQ1, Q6SWK7, V9LMQ6",Viruses,Human cytomegalovirus (strain Merlin),295027,Homo sapiens,9606,1,25,ECO:0000255,,,,279,299,ECO:0000255,,,,,,,,,,,,,,,,,,,,,
P09731,225,P09731,Q7M6G4,Viruses,Human cytomegalovirus (strain AD169),10360,Homo sapiens,9606,1,17,ECO:0000255,,,,171,191,ECO:0000255,,,,,,,,,,,,,,,,,,,,,
P26707,124,P26707,,Viruses,African swine fever virus (isolate Portugal/Lis 57/1957),10499,"Ornithodoros, Sus scrofa","6937, 9823",1,18,ECO:0000255,,,,,,,,,,,,,,,,,,,,,,,,,,,
P19347,37,P19347,,Viruses,Escherichia phage Bf23,10707,"Escherichia coli, Salmonella typhimurium","562, 90371",1,22,ECO:0000305,,,,,,,,,,,,,,,,,,,,,,,,,,,
P21014,321,P21014,,Viruses,Vaccinia virus (strain Copenhagen),10249,Homo sapiens,9606,1,20,ECO:0000255,,,,286,306,ECO:0000255,,,,,,,,,,,,,,,,,,,,,
Q69024,901,Q69024,E9RH71,Viruses,Guinea pig cytomegalovirus (strain 22122),103920,Cavia porcellus,10141,1,34,ECO:0000255,,,,737,757,ECO:0000255,,,,,,,,,,,,,,,,,,,,,
P10681,505,P10681,,Viruses,Gallid herpesvirus 2 (strain GA),10388,Gallus gallus,9031,1,27,ECO:0000255,,,,465,491,ECO:0000255,,,,,,,,,,,,,,,,,,,,,
Q6S6V7,550,Q6S6V7,P18552,Viruses,Equine herpesvirus 1 (strain Ab4p),31520,Equus caballus,9796,1,23,ECO:0000255,,,,409,425,ECO:0000255,,,,,,,,,,,,,,,,,,,,,
P28967,411,P28967,Q6S6W1,Viruses,Equine herpesvirus 1 (strain Ab4p),31520,Equus caballus,9796,1,19,ECO:0000255,,,,363,379,ECO:0000255,,,,,,,,,,,,,,,,,,,,,
Q66T62,524,Q66T62,,Viruses,Rabies virus (strain silver-haired bat-associated),445793,"Homo sapiens, Mammalia","9606, 40674",1,19,ECO:0000255,,,,460,480,ECO:0000255,,,,,,,,,,,,,,,,,,,,,
P08668,1135,P08668,,Viruses,Hantaan virus (strain 76-118),11602,"Apodemus agrarius, Homo sapiens","39030, 9606",1,18,ECO:0000255,,,,486,506,ECO:0000255,628,648,ECO:0000255,1106,1126,ECO:0000255,,,,,,,,,,,,,,,
Q7T9D9,676,Q7T9D9,,Viruses,Sudan ebolavirus (strain Human/Uganda/Gulu/2000),386033,"Epomops franqueti, Homo sapiens, Myonycteris torquata","77231, 9606, 77243",1,32,ECO:0000255,,,,651,671,ECO:0000255,,,,,,,,,,,,,,,,,,,,,
Q5UPU8,212,Q5UPU8,,Viruses,Acanthamoeba polyphaga mimivirus,212035,Acanthamoeba polyphaga,5757,1,20,ECO:0000255,,,,,,,,,,,,,,,,,,,,,,,,,,,
Q5UQZ1,438,Q5UQZ1,,Viruses,Acanthamoeba polyphaga mimivirus,212035,Acanthamoeba polyphaga,5757,1,26,ECO:0000255,,,,,,,,,,,,,,,,,,,,,,,,,,,
Q9PYY5,346,Q9PYY5,,Viruses,Xestia c-nigrum granulosis virus,51677,Xestia,320016,1,28,ECO:0000255,,,,,,,,,,,,,,,,,,,,,,,,,,,
P09261,340,P09261,,Viruses,Varicella-zoster virus (strain Dumas),10338,Homo sapiens,9606,1,21,ECO:0000255,,,,115,135,ECO:0000255,212,232,ECO:0000255,249,269,ECO:0000255,299,319,ECO:0000255,,,,,,,,,,,,
P03621,82,P03621,,Viruses,Pseudomonas phage Pf1,2011081,Pseudomonas aeruginosa,287,1,28,,,,,58,76,ECO:0000250,,,,,,,,,,,,,,,,,,,,,
P31626,966,P31626,,Viruses,Caprine arthritis encephalitis virus (strain Cork),11661,Capra hircus,9925,1,83,ECO:0000250,,,,802,822,ECO:0000255,,,,,,,,,,,,,,,,,,,,,
P03394,409,P03394,,Viruses,Friend spleen focus-forming virus (strain Lilly-Steeves),355328,Mus musculus,10090,1,32,ECO:0000255,,,,385,405,ECO:0000255,,,,,,,,,,,,,,,,,,,,,
P04578,856,P04578,O09779,Viruses,Human immunodeficiency virus type 1 group M subtype B (isolate HXB2),11706,Homo sapiens,9606,1,32,ECO:0000255,,,,685,705,ECO:0000255,,,,,,,,,,,,,,,,,,,,,
P04580,855,P04580,,Viruses,Human immunodeficiency virus type 1 group M subtype D (isolate Z6),11708,Homo sapiens,9606,1,31,ECO:0000255,,,,684,704,ECO:0000255,,,,,,,,,,,,,,,,,,,,,
P03385,665,P03385,Q77YG8,Viruses,Moloney murine leukemia virus (isolate Shinnick),928306,Mus musculus,10090,1,33,ECO:0000255,,,,611,631,ECO:0000255,,,,,,,,,,,,,,,,,,,,,
P05886,865,P05886,,Viruses,Simian immunodeficiency virus agm.vervet (isolate AGM TYO-1),11731,Cercopithecidae,9527,1,20,ECO:0000255,,,,706,726,ECO:0000255,,,,,,,,,,,,,,,,,,,,,
P29791,572,P29791,"Q8V688, Q8V691",Viruses,Bovine respiratory syncytial virus (strain A51908),11247,Bos taurus,9913,1,25,ECO:0000255,,,,523,548,ECO:0000250,,,,,,,,,,,,,,,,,,,,,
P14623,553,P14623,,Viruses,Newcastle disease virus (strain Italien/45),11182,Gallus gallus,9031,1,31,ECO:0000255,,,,501,521,ECO:0000250,,,,,,,,,,,,,,,,,,,,,
P27599,842,P27599,,Viruses,Bovine herpesvirus 1.1 (strain Cooper),10323,Bos taurus,9913,1,20,ECO:0000255,,,,803,823,ECO:0000255,,,,,,,,,,,,,,,,,,,,,
P03154,305,P03154,,Viruses,Duck hepatitis B virus (strain United States/DHBV-16),489543,Anas,8835,1,19,ECO:0000255,,,,,,,,,,,,,,,,,,,,,,,,,,,
O92920,212,O92920,,Viruses,Hepatitis B virus genotype D (isolate Germany/1-91/1991),489490,"Homo sapiens, Pan troglodytes","9606, 9598",1,19,ECO:0000255,,,,,,,,,,,,,,,,,,,,,,,,,,,
P31615,428,P31615,,Viruses,Murine coronavirus (strain A59),11142,Mus musculus,10090,1,19,ECO:0000255,,,,405,425,ECO:0000255,,,,,,,,,,,,,,,,,,,,,
P03459,563,P03459,Q67087,Viruses,Influenza A virus (strain A/Fowl plague virus/Rostock/8/1934 H7N1),392810,Aves,8782,1,18,ECO:0000255,,,,530,550,ECO:0000255,,,,,,,,,,,,,,,,,,,,,
P03436,566,P03436,"Q67095, Q84107",Viruses,Influenza A virus (strain A/Northern Territory/60/1968 H3N2),384505,"Aves, Cetacea, Homo sapiens, Phocidae, Sus scrofa","8782, 9721, 9606, 9709, 9823",1,16,ECO:0000255,,,,531,551,ECO:0000255,,,,,,,,,,,,,,,,,,,,,
P03445,100,P03445,,Viruses,Influenza A virus (strain A/Duck/Memphis/546/1976 H11N9),387211,Aves,8782,1,16,ECO:0000255,,,,,,,,,,,,,,,,,,,,,,,,,,,
Q82559,565,Q82559,,Viruses,Influenza A virus (strain A/Equine/Kentucky/1/1981),475467,"Aves, Equus caballus","8782, 9796",1,16,ECO:0000255,,,,530,550,ECO:0000255,,,,,,,,,,,,,,,,,,,,,
P16996,565,P16996,"Q83994, Q83995",Viruses,Influenza A virus (strain A/Equine/Kentucky/1/1987 H3N8),387219,"Aves, Equus caballus","8782, 9796",1,16,ECO:0000255,,,,530,550,ECO:0000255,,,,,,,,,,,,,,,,,,,,,
Q67371,360,Q67371,,Viruses,Influenza B virus (strain B/Hong Kong/22/1989),416675,Homo sapiens,9606,1,15,ECO:0000255,,,,,,,,,,,,,,,,,,,,,,,,,,,
P07970,641,P07970,,Viruses,Influenza C virus (strain C/Mississippi/1980),203229,"Homo sapiens, Sus scrofa","9606, 9823",1,1,,,,,617,637,ECO:0000255,,,,,,,,,,,,,,,,,,,,,
Q90121,127,Q90121,,Viruses,Ustilago maydis P4 virus,11009,Mycosarcoma maydis,5270,1,22,ECO:0000269,,,,,,,,,,,,,,,,,,,,,,,,,,,
Q5Y388,1253,Q5Y388,"A0A291S763, Q80S31",Viruses,Getah virus,59300,"Aedes vexans, Culex tritaeniorhynchus, Equus caballus, Homo sapiens, Sus scrofa, Vulpes vulpes","7163, 7178, 9796, 9606, 9823, 9627",,,,,,,695,715,ECO:0000255,770,790,ECO:0000255,793,813,ECO:0000255,1228,1248,ECO:0000255,,,,,,,,,,,,
P08564,1063,P08564,"Q4VDZ6, Q4VE00, Q4VE01, Q4VE02, Q4VE03, Q4VE04, Q4VE05, Q4VE06, Q4VE07, Q4VE08, Q4VE09, Q4VE10, Q4VE11, Q88780, Q99IE4",Viruses,Rubella virus (strain TO-336),376264,Homo sapiens,9606,,,,,,,535,555,ECO:0000250,1029,1049,ECO:0000250,,,,,,,,,,,,,,,,,,
Q9QAR5,1363,Q9QAR5,,Viruses,Bovine coronavirus (strain LSU-94LSS-051),233261,Bos taurus,9913,1,13,ECO:0000255,,,,1308,1328,ECO:0000255,,,,,,,,,,,,,,,,,,,,,
P10033,1452,P10033,"Q4U5G0, Q52PA3",Viruses,Feline coronavirus (strain FIPV WSU-79/1146),33734,Felidae,9681,1,32,ECO:0000255,,,,1394,1413,ECO:0000255,,,,,,,,,,,,,,,,,,,,,
P24766,219,P24766,Q76ZN6,Viruses,Vaccinia virus (strain Western Reserve),10254,Bos taurus,9913,1,16,ECO:0000255,,,,,,,,,,,,,,,,,,,,,,,,,,,
O57254,317,O57254,,Viruses,Vaccinia virus (strain Ankara),126794,Homo sapiens,9606,1,17,ECO:0000255,,,,280,300,ECO:0000255,,,,,,,,,,,,,,,,,,,,,
P06763,904,P06763,Q69095,Viruses,Human herpesvirus 2 (strain 333),10313,Homo sapiens,9606,1,22,ECO:0000255,,,,772,792,ECO:0000255,,,,,,,,,,,,,,,,,,,,,
Q89730,480,Q89730,O12512,Viruses,Human herpesvirus 2 (strain HG52),10315,Homo sapiens,9606,1,27,ECO:0000255,,,,448,468,ECO:0000255,,,,,,,,,,,,,,,,,,,,,
P08667,524,P08667,,Viruses,Rabies virus (strain Pasteur vaccins / PV),103929,"Homo sapiens, Mammalia","9606, 40674",1,19,,,,,460,480,ECO:0000255,,,,,,,,,,,,,,,,,,,,,
P41265,1148,P41265,,Viruses,Puumala virus (strain K27),39000,"Homo sapiens, Myodes glareolus","9606, 447135",1,23,ECO:0000255,,,,496,516,ECO:0000255,638,658,ECO:0000255,1115,1135,ECO:0000255,,,,,,,,,,,,,,,
Q08103,444,Q08103,,Viruses,Bovine herpesvirus 1.2 (strain ST),45407,Bos taurus,9913,1,24,ECO:0000255,,,,390,414,ECO:0000255,,,,,,,,,,,,,,,,,,,,,
Q1PDC7,681,Q1PDC7,O36429,Viruses,Lake Victoria marburgvirus (strain Ravn-87),378809,"Chlorocebus aethiops, Homo sapiens, Rousettus aegyptiacus","9534, 9606, 9407",1,18,ECO:0000250,,,,649,669,ECO:0000255,,,,,,,,,,,,,,,,,,,,,
O10358,529,O10358,,Viruses,Orgyia pseudotsugata multicapsid polyhedrosis virus,262177,Orgyia pseudotsugata,33414,1,20,ECO:0000255,,,,,,,,,,,,,,,,,,,,,,,,,,,
P29326,660,P29326,,Viruses,Hepatitis E virus genotype 1 (isolate Human/Burma),31767,Homo sapiens,9606,1,19,ECO:0000255,,,,,,,,,,,,,,,,,,,,,,,,,,,
Q8B9D5,323,Q8B9D5,,Viruses,Rachiplusia ou multiple nucleopolyhedrovirus (strain R1),654904,"Helicoverpa zea, Lepidoptera, Ostrinia nubilalis","7113, 7088, 29057",1,16,ECO:0000255,,,,,,,,,,,,,,,,,,,,,,,,,,,
O55655,130,O55655,,Viruses,Human adenovirus C serotype 6,10534,Homo sapiens,9606,1,19,ECO:0000250,,,,53,77,ECO:0000255,,,,,,,,,,,,,,,,,,,,,
O70902,845,O70902,,Viruses,Human immunodeficiency virus type 1 group M subtype H (isolate 90CF056),388826,Homo sapiens,9606,1,28,ECO:0000255,,,,674,694,ECO:0000255,,,,,,,,,,,,,,,,,,,,,
P20888,855,P20888,,Viruses,Human immunodeficiency virus type 1 group M subtype B (isolate OYI),11699,Homo sapiens,9606,1,31,ECO:0000255,,,,684,704,ECO:0000255,,,,,,,,,,,,,,,,,,,,,
P20872,859,P20872,,Viruses,Human immunodeficiency virus type 2 subtype A (isolate ST),11721,Homo sapiens,9606,1,24,ECO:0000255,,,,674,694,ECO:0000255,,,,,,,,,,,,,,,,,,,,,
P26031,529,P26031,Q83298,Viruses,Measles virus (strain IP-3-Ca),11237,Homo sapiens,9606,1,26,ECO:0000255,,,,491,521,ECO:0000250,,,,,,,,,,,,,,,,,,,,,
P06828,539,P06828,Q86987,Viruses,Human parainfluenza 3 virus (strain Wash/47885/57),11217,Homo sapiens,9606,1,18,ECO:0000255,,,,494,514,ECO:0000250,,,,,,,,,,,,,,,,,,,,,
P52543,694,P52543,,Viruses,Human herpesvirus 6B (strain Z29),36351,Homo sapiens,9606,1,16,ECO:0000255,,,,672,692,ECO:0000255,,,,,,,,,,,,,,,,,,,,,
Q68674,278,Q68674,,Viruses,Human cytomegalovirus (strain 5508),69168,Homo sapiens,9606,1,30,ECO:0000255,,,,,,,,,,,,,,,,,,,,,,,,,,,
Q87088,98,Q87088,,Viruses,Suid herpesvirus 1,10345,,,1,24,ECO:0000255,,,,61,81,ECO:0000255,,,,,,,,,,,,,,,,,,,,,
P0C6G9,212,P0C6G9,,Viruses,Hepatitis B virus genotype B/C subtype adw (isolate Okinawa/pODW282/1998),10415,"Homo sapiens, Pan troglodytes","9606, 9598",1,19,ECO:0000255,,,,,,,,,,,,,,,,,,,,,,,,,,,
P0C6J6,218,P0C6J6,,Viruses,Woodchuck hepatitis B virus (isolate 8),10433,Marmota monax,9995,1,19,ECO:0000255,,,,,,,,,,,,,,,,,,,,,,,,,,,
Q80A30,552,Q80A30,,Viruses,Influenza A virus (strain A/Chicken/Hong Kong/YU562/2001 H5N1 genotype B),196426,"Aves, Felis catus, Homo sapiens, Panthera pardus, Panthera tigris, Sus scrofa","8782, 9685, 9606, 9691, 9694, 9823",,,,,,,521,541,ECO:0000255,,,,,,,,,,,,,,,,,,,,,
P04659,100,P04659,,Viruses,Influenza A virus (strain A/Duck/Ukraine/1/1960 H11N9),387212,Aves,8782,1,16,ECO:0000255,,,,,,,,,,,,,,,,,,,,,,,,,,,
Q1PUD9,566,Q1PUD9,Q9YS46,Viruses,Influenza A virus (strain A/Port Chalmers/1/1973 H3N2),385624,"Aves, Cetacea, Homo sapiens, Phocidae, Sus scrofa","8782, 9721, 9606, 9709, 9823",1,16,ECO:0000255,,,,531,551,ECO:0000255,,,,,,,,,,,,,,,,,,,,,
P26138,566,P26138,Q1G0L7,Viruses,Influenza A virus (strain A/Mallard/New York/6874/1978 H3N2),384518,"Aves, Cetacea, Homo sapiens, Phocidae, Sus scrofa","8782, 9721, 9606, 9709, 9823",1,16,ECO:0000255,,,,531,551,ECO:0000255,,,,,,,,,,,,,,,,,,,,,
P13102,566,P13102,,Viruses,Influenza A virus (strain A/Whale/Maine/328/1984 H13N2),385593,"Aves, Cetacea","8782, 9721",1,18,ECO:0000255,,,,533,553,ECO:0000255,,,,,,,,,,,,,,,,,,,,,
P10448,575,P10448,,Viruses,Influenza B virus (strain B/Bonn/1943),230285,Homo sapiens,9606,,,,,,,544,564,ECO:0000255,,,,,,,,,,,,,,,,,,,,,
P12443,365,P12443,,Viruses,Influenza B virus (strain B/Singapore/1964),11545,Homo sapiens,9606,1,11,,,,,,,,,,,,,,,,,,,,,,,,,,,,
P69612,78,P69612,"P24416, P33466",Viruses,Porcine respiratory coronavirus (strain 86/137004 / isolate British),33736,Sus scrofa,9823,1,23,ECO:0000255,,,,56,76,ECO:0000255,,,,,,,,,,,,,,,,,,,,,
P89946,1239,P89946,Q80S23,Viruses,Barmah forest virus,11020,"Anopheles amictus, Culex annulirostris, Homo sapiens, Macropus","59117, 162997, 9606, 9312",,,,,,,687,707,ECO:0000255,757,777,ECO:0000255,780,800,ECO:0000255,1217,1237,ECO:0000255,,,,,,,,,,,,
Q80S27,1258,Q80S27,,Viruses,Middelburg virus,11023,"Aedes, Mansonia, Ovis aries","7158, 149459, 9940",,,,,,,697,717,ECO:0000255,774,794,ECO:0000255,797,817,ECO:0000255,1235,1255,ECO:0000255,,,,,,,,,,,,
P23998,351,P23998,,Viruses,Vaccinia virus (strain Dairen I),10250,Homo sapiens,9606,1,19,ECO:0000255,,,,,,,,,,,,,,,,,,,,,,,,,,,
Q6Q1S2,1356,Q6Q1S2,"Q5DIX7, Q5DIX8, Q5DIX9, Q5DIY0, Q6R1L7",Viruses,Human coronavirus NL63,277944,Homo sapiens,9606,1,18,ECO:0000255,,,,1297,1316,ECO:0000255,,,,,,,,,,,,,,,,,,,,,
P17175,148,P17175,,Viruses,Human cytomegalovirus (strain Towne),10363,Homo sapiens,9606,1,21,ECO:0000255,,,,,,,,,,,,,,,,,,,,,,,,,,,
Q01232,176,Q01232,Q76ZP1,Viruses,Vaccinia virus (strain Western Reserve),10254,Bos taurus,9913,1,14,ECO:0000255,,,,,,,,,,,,,,,,,,,,,,,,,,,
P12641,917,P12641,,Viruses,Bovine herpesvirus 2 (strain BMV),10296,Bos taurus,9913,1,22,ECO:0000255,,,,793,813,ECO:0000255,,,,,,,,,,,,,,,,,,,,,
P24905,808,P24905,,Viruses,Saimiriine herpesvirus 2 (strain 11),10383,Saimiri sciureus,9521,1,19,ECO:0000255,,,,702,722,ECO:0000255,,,,,,,,,,,,,,,,,,,,,
P36318,394,P36318,,Viruses,Human herpesvirus 1 (strain Angelotti),10301,Homo sapiens,9606,1,25,ECO:0000255,,,,340,364,ECO:0000255,,,,,,,,,,,,,,,,,,,,,
Q6X1D1,526,Q6X1D1,,Viruses,Khujand virus,237716,Myotis mystacinus,109479,1,19,ECO:0000255,,,,460,480,ECO:0000255,,,,,,,,,,,,,,,,,,,,,
Q8B0H1,511,Q8B0H1,,Viruses,Vesicular stomatitis Indiana virus (strain 94GUB Central America),434489,"Aedes, Bos taurus, Culicoides, Equus asinus, Equus caballus, Homo sapiens, Lutzomyia, Musca domestica, Simuliidae, Sus scrofa","7158, 9913, 58271, 9793, 9796, 9606, 252607, 7370, 7190, 9823",1,16,ECO:0000255,,,,468,488,ECO:0000255,,,,,,,,,,,,,,,,,,,,,
Q89904,609,Q89904,,Viruses,Adelaide River virus,31612,"Bos taurus, Bubalus bubalis, Culicoides, Syncerus caffer","9913, 89462, 58271, 9970",1,24,ECO:0000255,,,,582,599,ECO:0000255,,,,,,,,,,,,,,,,,,,,,
P03224,234,P03224,Q777C5,Viruses,Epstein-Barr virus (strain B95-8),10377,Homo sapiens,9606,1,28,ECO:0000255,,,,187,207,ECO:0000255,,,,,,,,,,,,,,,,,,,,,
P33464,262,P33464,,Viruses,Porcine respiratory coronavirus (strain 86/137004 / isolate British),33736,Sus scrofa,9823,,,,,,,48,68,ECO:0000255,78,98,ECO:0000255,113,133,ECO:0000255,,,,,,,,,,,,,,,
Q89569,367,Q89569,,Viruses,Reston ebolavirus (strain Siena/Philippine-92),129004,"Homo sapiens, Macaca fascicularis, Pteropodinae, Sus scrofa","9606, 9541, 77225, 9823",1,33,ECO:0000255,,,,,,,,,,,,,,,,,,,,,,,,,,,
Q8QL30,510,Q8QL30,Q5TJ94,Viruses,Sulfolobus islandicus rod-shaped virus 1,157898,Saccharolobus islandicus,43080,1,19,ECO:0000255,,,,28,48,ECO:0000255,,,,,,,,,,,,,,,,,,,,,
Q5UR16,525,Q5UR16,,Viruses,Acanthamoeba polyphaga mimivirus,212035,Acanthamoeba polyphaga,5757,1,24,ECO:0000255,,,,,,,,,,,,,,,,,,,,,,,,,,,
Q7T6X2,1657,Q7T6X2,,Viruses,Acanthamoeba polyphaga mimivirus,212035,Acanthamoeba polyphaga,5757,1,23,ECO:0000255,,,,742,762,ECO:0000255,,,,,,,,,,,,,,,,,,,,,
P26814,97,P26814,,Viruses,Escherichia phage lambda,2681611,Escherichia coli,562,1,16,ECO:0000255,,,,,,,,,,,,,,,,,,,,,,,,,,,
Q9YLQ9,660,Q9YLQ9,Q1AHU7,Viruses,Hepatitis E virus genotype 3 (isolate Human/United States/US2),509615,"Bandicota bengalensis, Callithrix, Cercopithecus hamlyni, Chlorocebus aethiops, Homo sapiens, Macaca, Mus musculus, Pan troglodytes, Saimiri, Sus scrofa","69079, 9481, 9536, 9534, 9606, 9539, 10090, 9598, 9520, 9823",1,23,ECO:0000255,,,,,,,,,,,,,,,,,,,,,,,,,,,
P68334,343,P68334,P28933,Viruses,Equine herpesvirus 1 (strain Kentucky A),10329,Equus caballus,9796,1,31,ECO:0000255,,,,119,139,ECO:0000255,214,234,ECO:0000255,252,272,ECO:0000255,304,324,ECO:0000255,,,,,,,,,,,,
P69168,424,P69168,P03662,Viruses,Enterobacteria phage M13,1977402,Escherichia coli,562,1,18,ECO:0000250,,,,398,418,ECO:0000255,,,,,,,,,,,,,,,,,,,,,
P68980,166,P68980,"P15140, P35772",Viruses,Human adenovirus B serotype 11 (strain Slobiski),343462,Homo sapiens,9606,1,19,ECO:0000255,,,,132,152,ECO:0000255,,,,,,,,,,,,,,,,,,,,,
P03375,856,P03375,P03376,Viruses,Human immunodeficiency virus type 1 group M subtype B (isolate BH10),11678,Homo sapiens,9606,1,32,ECO:0000255,,,,685,705,ECO:0000255,,,,,,,,,,,,,,,,,,,,,
Q9QSQ7,832,Q9QSQ7,,Viruses,Human immunodeficiency virus type 1 group M subtype F1 (isolate VI850),388813,Homo sapiens,9606,1,31,ECO:0000255,,,,661,681,ECO:0000255,,,,,,,,,,,,,,,,,,,,,
P03386,669,P03386,,Viruses,AKV murine leukemia virus,11791,Mus musculus,10090,1,31,ECO:0000255,,,,612,632,ECO:0000255,,,,,,,,,,,,,,,,,,,,,
Q1A261,880,Q1A261,,Viruses,Simian immunodeficiency virus (isolate MB66),388911,Pan troglodytes,9598,1,35,ECO:0000255,,,,702,722,ECO:0000255,,,,,,,,,,,,,,,,,,,,,
P11236,538,P11236,Q783V9,Viruses,Mumps virus genotype B (strain Miyahara vaccine),11171,Homo sapiens,9606,1,19,ECO:0000250,,,,487,507,ECO:0000255,,,,,,,,,,,,,,,,,,,,,
O57295,565,O57295,Q88248,Viruses,Sendai virus (strain Ohita),302272,"Cavia cutleri, Cricetidae sp., Mus musculus, Rattus norvegicus","10144, 36483, 10090, 10116",1,25,ECO:0000250,,,,501,521,ECO:0000250,,,,,,,,,,,,,,,,,,,,,
P09260,841,P09260,,Viruses,Varicella-zoster virus (strain Dumas),10338,Homo sapiens,9606,1,17,ECO:0000255,,,,803,823,ECO:0000255,,,,,,,,,,,,,,,,,,,,,
P52513,274,P52513,,Viruses,Murid herpesvirus 1 (strain K181),69156,Mus musculus,10090,1,21,ECO:0000255,,,,,,,,,,,,,,,,,,,,,,,,,,,
P08072,85,P08072,,Viruses,Myxoma virus (strain Lausanne),31530,Oryctolagus cuniculus,9986,1,19,ECO:0000255,,,,,,,,,,,,,,,,,,,,,,,,,,,
Q913A8,212,Q913A8,,Viruses,Hepatitis B virus genotype C subtype ayw (isolate China/Tibet127/2002),489469,"Homo sapiens, Pan troglodytes","9606, 9598",1,19,ECO:0000255,,,,,,,,,,,,,,,,,,,,,,,,,,,
P15776,424,P15776,,Viruses,Bovine coronavirus (strain Mebus),11132,Bos taurus,9913,1,18,ECO:0000269,1,16,ECO:0000255,393,413,ECO:0000255,,,,,,,,,,,,,,,,,,,,,
Q6DQ18,559,Q6DQ18,,Viruses,Influenza A virus (strain A/Chicken/Hong Kong/YU22/2002 H5N1 genotype Z),284177,"Aves, Felis catus, Homo sapiens, Panthera pardus, Panthera tigris, Sus scrofa","8782, 9685, 9606, 9691, 9694, 9823",,,,,,,524,544,ECO:0000255,,,,,,,,,,,,,,,,,,,,,
P26097,570,P26097,,Viruses,Influenza A virus (strain A/Equine/Detroit/1/1964 H7N7),217834,"Aves, Equus caballus, Homo sapiens, Phocidae","8782, 9796, 9606, 9709",1,18,ECO:0000255,,,,534,554,ECO:0000255,,,,,,,,,,,,,,,,,,,,,
P03443,564,P03443,,Viruses,Influenza A virus (strain A/Duck/Alberta/28/1976 H4N6),385638,"Aves, Sus scrofa","8782, 9823",1,16,ECO:0000255,,,,528,548,ECO:0000255,,,,,,,,,,,,,,,,,,,,,
Q9WCE3,566,Q9WCE3,O09651,Viruses,Influenza A virus (strain A/Duck/Australia/749/1980 H1N1),383547,"Aves, Homo sapiens, Sus scrofa","8782, 9606, 9823",1,17,ECO:0000255,,,,530,550,ECO:0000255,,,,,,,,,,,,,,,,,,,,,
P16999,565,P16999,"Q6TXB8, Q84000, Q84001",Viruses,Influenza A virus (strain A/Equine/Santiago/1/1985 H3N8),11414,"Aves, Equus caballus","8782, 9796",1,16,ECO:0000255,,,,530,550,ECO:0000255,,,,,,,,,,,,,,,,,,,,,
P08714,315,P08714,,Viruses,Vaccinia virus (strain IHD-J),10251,Homo sapiens,9606,1,16,,,,,280,303,ECO:0000255,,,,,,,,,,,,,,,,,,,,,
Q306W7,1242,Q306W7,,Viruses,Eastern equine encephalitis virus (strain PE-3.0815),374597,"Aedes, Homo sapiens, Passeriformes","7158, 9606, 9126",,,,,,,689,709,ECO:0000255,760,780,ECO:0000255,781,801,ECO:0000255,1219,1239,ECO:0000255,,,,,,,,,,,,
Q6X2U3,1063,Q6X2U3,,Viruses,Rubella virus (strain BRD1),376262,Homo sapiens,9606,,,,,,,535,555,ECO:0000250,1029,1049,ECO:0000250,,,,,,,,,,,,,,,,,,
Q9XJJ7,61,Q9XJJ7,,Viruses,Escherichia phage 933W,10730,Escherichia coli O157:H7,83334,1,19,ECO:0000250,,,,,,,,,,,,,,,,,,,,,,,,,,,
A3EXG6,1274,A3EXG6,,Viruses,Bat coronavirus HKU9,694006,Rousettus leschenaultii,9408,1,11,ECO:0000255,,,,1213,1233,ECO:0000255,,,,,,,,,,,,,,,,,,,,,
P18450,1449,P18450,"Q85087, Q85088",Viruses,Porcine transmissible gastroenteritis coronavirus (strain FS772/70),11150,Sus scrofa,9823,1,28,ECO:0000255,,,,1391,1410,ECO:0000255,,,,,,,,,,,,,,,,,,,,,
Q98166,460,Q98166,,Viruses,Lacanobia oleracea granulosis virus,52412,Lacanobia oleracea,79499,1,18,ECO:0000255,,,,,,,,,,,,,,,,,,,,,,,,,,,
P16758,340,P16758,Q7M6R2,Viruses,Human cytomegalovirus (strain AD169),10360,Homo sapiens,9606,1,25,ECO:0000255,,,,226,246,ECO:0000255,,,,,,,,,,,,,,,,,,,,,
P60528,183,P60528,,Viruses,Human cytomegalovirus (strain Towne),10363,Homo sapiens,9606,1,19,ECO:0000255,,,,145,165,ECO:0000255,,,,,,,,,,,,,,,,,,,,,
P26706,121,P26706,,Viruses,African swine fever virus (isolate Portugal/Lis 57/1957),10499,"Ornithodoros, Sus scrofa","6937, 9823",1,17,ECO:0000255,,,,,,,,,,,,,,,,,,,,,,,,,,,
P08560,368,P08560,Q7M6R5,Viruses,Human cytomegalovirus (strain AD169),10360,Homo sapiens,9606,1,18,ECO:0000255,,,,321,342,ECO:0000255,,,,,,,,,,,,,,,,,,,,,
P18538,865,P18538,,Viruses,Gallid herpesvirus 2 (strain RB-1b),33707,Gallus gallus,9031,1,21,ECO:0000255,,,,732,752,ECO:0000255,,,,,,,,,,,,,,,,,,,,,
P22650,501,P22650,,Viruses,Gallid herpesvirus 2 (strain bc-1),10387,Gallus gallus,9031,1,27,ECO:0000255,,,,466,492,ECO:0000255,,,,,,,,,,,,,,,,,,,,,
P68328,550,P68328,P18552,Viruses,Equine herpesvirus 1 (strain AB1),10328,Equus caballus,9796,1,23,ECO:0000255,,,,409,425,ECO:0000255,,,,,,,,,,,,,,,,,,,,,
A4UHQ6,524,A4UHQ6,"Q49IT8, Q49IT9, Q49IU1, Q49IU2, Q49LL3",Viruses,European bat lyssavirus 2 (strain Human/Scotland/RV1333/2002),453116,Mammalia,40674,1,19,ECO:0000255,,,,460,480,ECO:0000255,,,,,,,,,,,,,,,,,,,,,
P15199,524,P15199,Q4F900,Viruses,Rabies virus (strain PM1503/AVO1),11293,"Homo sapiens, Mammalia","9606, 40674",1,19,,,,,460,480,ECO:0000255,,,,,,,,,,,,,,,,,,,,,
P16853,1135,P16853,,Viruses,Hantaan virus (strain Lee),11601,"Apodemus agrarius, Homo sapiens","39030, 9606",1,18,ECO:0000255,,,,486,506,ECO:0000255,628,648,ECO:0000255,1106,1126,ECO:0000255,,,,,,,,,,,,,,,
Q66798,676,Q66798,,Viruses,Sudan ebolavirus (strain Maleo-79),128949,"Epomops franqueti, Homo sapiens, Myonycteris torquata","77231, 9606, 77243",1,32,ECO:0000255,,,,651,671,ECO:0000255,,,,,,,,,,,,,,,,,,,,,
Q6VTL7,324,Q6VTL7,Q6LCB9,Viruses,Choristoneura fumiferana defective polyhedrosis virus,74660,Lepidoptera,7088,1,18,ECO:0000255,,,,,,,,,,,,,,,,,,,,,,,,,,,
O55654,91,O55654,,Viruses,Human adenovirus C serotype 6,10534,Homo sapiens,9606,1,22,ECO:0000250,,,,35,60,ECO:0000255,,,,,,,,,,,,,,,,,,,,,
P14075,488,P14075,Q77YG4,Viruses,Human T-cell leukemia virus 1 (isolate Caribbea HS-35 subtype A),11927,Homo sapiens,9606,1,20,ECO:0000255,,,,443,463,ECO:0000255,,,,,,,,,,,,,,,,,,,,,
Q9QBZ0,850,Q9QBZ0,,Viruses,Human immunodeficiency virus type 1 group M subtype F2 (isolate MP257),388823,Homo sapiens,9606,1,31,ECO:0000255,,,,679,699,ECO:0000255,,,,,,,,,,,,,,,,,,,,,
P15831,859,P15831,,Viruses,Human immunodeficiency virus type 2 subtype B (isolate D205),11716,Homo sapiens,9606,1,23,ECO:0000255,,,,679,699,ECO:0000255,,,,,,,,,,,,,,,,,,,,,
P40932,100,P40932,,Viruses,Myeloproliferative leukemia virus,11973,Mus musculus,10090,1,34,ECO:0000255,,,,,,,,,,,,,,,,,,,,,,,,,,,
P03379,982,P03379,,Viruses,Maedi visna virus (strain 1514),11742,Ovis aries,9940,1,106,ECO:0000255,,,,832,852,ECO:0000255,,,,,,,,,,,,,,,,,,,,,
P03420,574,P03420,P88811,Viruses,Human respiratory syncytial virus A (strain A2),11259,Homo sapiens,9606,1,25,ECO:0000255,,,,525,550,ECO:0000269,,,,,,,,,,,,,,,,,,,,,
P12570,553,P12570,,Viruses,Newcastle disease virus (strain Chicken/Northern Ireland/Ulster/67),11190,Gallus gallus,9031,1,31,ECO:0000255,,,,501,521,ECO:0000250,,,,,,,,,,,,,,,,,,,,,
P36336,813,P36336,,Viruses,Gallid herpesvirus 2 (strain RB-1b),33707,Gallus gallus,9031,1,18,ECO:0000255,,,,770,790,ECO:0000255,,,,,,,,,,,,,,,,,,,,,
O92277,258,O92277,"B7TQ11, E9RHB4",Viruses,Guinea pig cytomegalovirus (strain 22122),103920,Cavia porcellus,10141,1,31,ECO:0000255,,,,,,,,,,,,,,,,,,,,,,,,,,,
P84449,100,P84449,Q6S6R1,Viruses,Equine herpesvirus 1 (strain V592),310273,Equus caballus,9796,1,27,ECO:0000255,,,,64,84,ECO:0000255,,,,,,,,,,,,,,,,,,,,,
Q04566,249,Q04566,,Viruses,Porcine reproductive and respiratory syndrome virus (strain Lelystad),11049,Sus scrofa,9823,1,35,ECO:0000255,,,,208,228,ECO:0000255,,,,,,,,,,,,,,,,,,,,,
Q81105,214,Q81105,,Viruses,Hepatitis B virus genotype A1 subtype adw (isolate Philippines/pFDW294/1988),31514,"Homo sapiens, Pan troglodytes","9606, 9598",1,19,ECO:0000255,,,,,,,,,,,,,,,,,,,,,,,,,,,
P13845,305,P13845,,Viruses,Heron hepatitis B virus,28300,Ardeidae,8899,1,19,ECO:0000255,,,,,,,,,,,,,,,,,,,,,,,,,,,
O91262,439,O91262,,Viruses,Puffinosis coronavirus,76583,Puffinus puffinus,48688,1,22,ECO:0000255,,,,408,428,ECO:0000255,,,,,,,,,,,,,,,,,,,,,
P19696,564,P19696,Q9EA20,Viruses,Influenza A virus (strain A/Duck/Czechoslovakia/1956 H4N6),385590,"Aves, Sus scrofa","8782, 9823",1,16,ECO:0000255,,,,528,548,ECO:0000255,,,,,,,,,,,,,,,,,,,,,
P16994,565,P16994,"Q83990, Q83991",Viruses,Influenza A virus (strain A/Equine/Algiers/1972 H3N8),387214,"Aves, Equus caballus","8782, 9796",1,16,ECO:0000255,,,,530,550,ECO:0000255,,,,,,,,,,,,,,,,,,,,,
Q03909,571,Q03909,,Viruses,Influenza A virus (strain A/Equine/Jillin/1/1989 H3N8),385585,"Aves, Equus caballus","8782, 9796",1,21,ECO:0000255,,,,536,556,ECO:0000255,,,,,,,,,,,,,,,,,,,,,
P09765,578,P09765,,Viruses,Influenza B virus (strain B/Memphis/6/1986),11538,Homo sapiens,9606,,,,,,,547,567,ECO:0000255,,,,,,,,,,,,,,,,,,,,,
P07974,642,P07974,,Viruses,Influenza C virus (strain C/Taylor/1233/1947),11567,"Homo sapiens, Sus scrofa","9606, 9823",,,,,,,618,638,ECO:0000255,,,,,,,,,,,,,,,,,,,,,
Q8JJX0,1320,Q8JJX0,,Viruses,Alphavirus salmon subtype 1,84589,"Oncorhynchus mykiss, Salmo salar","8022, 8030",,,,,,,735,755,ECO:0000255,808,828,ECO:0000255,837,857,ECO:0000255,1287,1307,ECO:0000255,,,,,,,,,,,,
P25194,1363,P25194,,Viruses,Bovine coronavirus (strain vaccine),11134,Bos taurus,9913,1,13,ECO:0000255,,,,1308,1328,ECO:0000255,,,,,,,,,,,,,,,,,,,,,
P12651,1162,P12651,"Q0GNB8, Q5I5X9",Viruses,Avian infectious bronchitis virus (strain M41),11127,Gallus gallus,9031,1,18,ECO:0000255,,,,1096,1116,ECO:0000255,,,,,,,,,,,,,,,,,,,,,
P23058,302,P23058,,Viruses,Autographa californica nuclear polyhedrosis virus,46015,Lepidoptera,7088,1,19,ECO:0000255,,,,,,,,,,,,,,,,,,,,,,,,,,,
Q8UZK5,215,Q8UZK5,,Viruses,Human cytomegalovirus (strain Towne),10363,Homo sapiens,9606,1,17,ECO:0000250,,,,183,203,ECO:0000255,,,,,,,,,,,,,,,,,,,,,
P68745,118,P68745,P18556,Viruses,African swine fever virus (isolate Portugal/Lis 57/1957),10499,"Ornithodoros, Sus scrofa","6937, 9823",1,18,ECO:0000255,,,,,,,,,,,,,,,,,,,,,,,,,,,
P68638,263,P68638,"P10998, Q76ZY4",Viruses,Vaccinia virus (strain Western Reserve),10254,Bos taurus,9913,1,19,ECO:0000269,,,,,,,,,,,,,,,,,,,,,,,,,,,
P24994,885,P24994,,Viruses,Herpes simplex virus type 2 (strain SA8),10316,Homo sapiens,9606,1,34,ECO:0000255,,,,760,780,ECO:0000255,,,,,,,,,,,,,,,,,,,,,
P32595,623,P32595,Q77N36,Viruses,Bovine ephemeral fever virus (strain BB7721),928297,"Bos taurus, Bubalus bubalis, Culicoides, Syncerus caffer","9913, 89462, 58271, 9970",1,12,ECO:0000255,,,,540,554,ECO:0000255,,,,,,,,,,,,,,,,,,,,,
Q9QJT6,512,Q9QJT6,,Viruses,Snakehead rhabdovirus,103603,Gobiosoma bosc,203314,1,25,ECO:0000255,,,,464,486,ECO:0000255,,,,,,,,,,,,,,,,,,,,,
P33455,1133,P33455,,Viruses,Seoul virus (strain 80-39),12557,"Homo sapiens, Rattus norvegicus, Rattus rattus","9606, 10116, 10117",1,17,ECO:0000255,,,,485,504,ECO:0000255,627,647,ECO:0000255,1105,1125,ECO:0000255,,,,,,,,,,,,,,,
P32515,383,P32515,,Viruses,Equine herpesvirus 1 (strain Kentucky A),10329,Equus caballus,9796,1,25,ECO:0000255,,,,354,371,ECO:0000255,,,,,,,,,,,,,,,,,,,,,
P29825,326,P29825,,Viruses,Myxoma virus (strain Lausanne),31530,Oryctolagus cuniculus,9986,1,16,ECO:0000255,,,,,,,,,,,,,,,,,,,,,,,,,,,
P33426,660,P33426,Q77EC8,Viruses,Hepatitis E virus genotype 1 (isolate Human/Pakistan/Sar-55),33774,Homo sapiens,9606,1,19,ECO:0000255,,,,,,,,,,,,,,,,,,,,,,,,,,,
O80297,460,O80297,,Viruses,Escherichia phage If1,10868,Escherichia coli,562,1,16,ECO:0000255,,,,434,454,ECO:0000255,,,,,,,,,,,,,,,,,,,,,
P68979,159,P68979,P03251,Viruses,Human adenovirus C serotype 6,10534,Homo sapiens,9606,1,17,ECO:0000250,,,,124,144,ECO:0000255,,,,,,,,,,,,,,,,,,,,,
P21444,273,P21444,,Viruses,Feline leukemia virus (isolate CFE-16),11921,Felidae,9681,1,34,ECO:0000255,,,,,,,,,,,,,,,,,,,,,,,,,,,
P03378,855,P03378,,Viruses,Human immunodeficiency virus type 1 group M subtype B (isolate ARV2/SF2),11685,Homo sapiens,9606,1,31,ECO:0000255,,,,684,704,ECO:0000255,,,,,,,,,,,,,,,,,,,,,
P05878,856,P05878,,Viruses,Human immunodeficiency virus type 1 group M subtype B (isolate SC),11702,Homo sapiens,9606,1,31,ECO:0000255,,,,685,705,ECO:0000255,,,,,,,,,,,,,,,,,,,,,
P15073,636,P15073,,Viruses,Mink cell focus-forming murine leukemia virus,11935,Mus musculus,10090,1,32,ECO:0000255,,,,582,602,ECO:0000255,,,,,,,,,,,,,,,,,,,,,
P05885,882,P05885,"Q85725, Q85726",Viruses,Simian immunodeficiency virus (isolate Mm142-83),11733,Cercopithecidae,9527,1,22,ECO:0000255,,,,698,718,ECO:0000255,,,,,,,,,,,,,,,,,,,,,
O10284,205,O10284,,Viruses,Orgyia pseudotsugata multicapsid polyhedrosis virus,262177,Orgyia pseudotsugata,33414,1,17,ECO:0000255,,,,,,,,,,,,,,,,,,,,,,,,,,,
P35949,537,P35949,Q5MKM2,Viruses,Murine pneumonia virus (strain 15),296738,Mus musculus,10090,1,21,ECO:0000255,,,,487,515,ECO:0000250,,,,,,,,,,,,,,,,,,,,,
P12575,565,P12575,Q88412,Viruses,Sendai virus (strain Fushimi),11195,"Cavia cutleri, Cricetidae sp., Mus musculus, Rattus norvegicus","10144, 36483, 10090, 10116",1,25,ECO:0000250,,,,501,521,ECO:0000250,,,,,,,,,,,,,,,,,,,,,
Q00660,686,Q00660,,Viruses,Suid herpesvirus 1 (strain NIA-3),10349,Sus scrofa,9823,1,24,ECO:0000255,,,,647,667,ECO:0000255,,,,,,,,,,,,,,,,,,,,,
P52526,250,P52526,,Viruses,Human herpesvirus 6B (strain Z29),36351,Homo sapiens,9606,1,18,ECO:0000255,,,,,,,,,,,,,,,,,,,,,,,,,,,
Q8V307,139,Q8V307,,Viruses,Camelpox virus (strain M-96),203173,Camelus,9836,1,19,ECO:0000255,,,,,,,,,,,,,,,,,,,,,,,,,,,
Q9WMB7,212,Q9WMB7,,Viruses,Hepatitis B virus genotype C subtype ar (isolate Japan/S-207/1988),489467,"Homo sapiens, Pan troglodytes","9606, 9598",1,19,ECO:0000255,,,,,,,,,,,,,,,,,,,,,,,,,,,
Q8V437,424,Q8V437,,Viruses,Bovine coronavirus (strain 98TXSF-110-LUN),233264,Bos taurus,9913,1,16,ECO:0000255,,,,393,413,ECO:0000255,,,,,,,,,,,,,,,,,,,,,
Q6DQ19,567,Q6DQ19,,Viruses,Influenza A virus (strain A/Silky Chicken/Hong Kong/YU100/2002 H5N1 genotype X3),284214,"Aves, Felis catus, Homo sapiens, Panthera pardus, Panthera tigris, Sus scrofa","8782, 9685, 9606, 9691, 9694, 9823",1,16,ECO:0000255,,,,532,552,ECO:0000255,,,,,,,,,,,,,,,,,,,,,
P17002,565,P17002,"Q84006, Q84007",Viruses,Influenza A virus (strain A/Equine/Uruguay/1/1963 H3N8),387234,"Aves, Equus caballus","8782, 9796",1,16,ECO:0000255,,,,530,550,ECO:0000255,,,,,,,,,,,,,,,,,,,,,
P19695,564,P19695,,Viruses,Influenza A virus (strain A/Chicken/Alabama/1/1975 H4N8),11338,Aves,8782,1,16,ECO:0000255,,,,528,548,ECO:0000255,,,,,,,,,,,,,,,,,,,,,
P18875,566,P18875,,Viruses,Influenza A virus (strain A/Kiev/59/1979 H1N1),384495,"Aves, Homo sapiens, Sus scrofa","8782, 9606, 9823",1,17,ECO:0000255,,,,530,550,ECO:0000255,,,,,,,,,,,,,,,,,,,,,
P09343,563,P09343,,Viruses,Influenza A virus (strain A/Chicken/Victoria/1/1985 H7N7),402520,"Aves, Equus caballus, Homo sapiens, Phocidae","8782, 9796, 9606, 9709",1,18,ECO:0000255,,,,527,547,ECO:0000255,,,,,,,,,,,,,,,,,,,,,
Q67380,360,Q67380,,Viruses,Influenza B virus (strain B/Victoria/103/1989),291803,Homo sapiens,9606,1,15,ECO:0000255,,,,,,,,,,,,,,,,,,,,,,,,,,,
Q89182,315,Q89182,,Viruses,Vaccinia virus (strain Ankara),126794,Homo sapiens,9606,1,16,ECO:0000250,,,,280,303,ECO:0000255,,,,,,,,,,,,,,,,,,,,,
P21116,30,P21116,,Viruses,Vaccinia virus (strain Copenhagen),10249,Homo sapiens,9606,1,18,ECO:0000255,,,,,,,,,,,,,,,,,,,,,,,,,,,
P30239,57,P30239,,Viruses,Avian infectious bronchitis virus (strain UK/68/84),31630,Gallus gallus,9031,1,23,ECO:0000255,,,,,,,,,,,,,,,,,,,,,,,,,,,
Q3LZX5,121,Q3LZX5,,Viruses,Bat coronavirus HKU3,442736,Rhinolophus sinicus,89399,1,15,ECO:0000255,,,,,,,,,,,,,,,,,,,,,,,,,,,
Q306W5,1242,Q306W5,,Viruses,Eastern equine encephalitis virus (strain PE-0.0155),374596,"Aedes, Homo sapiens, Passeriformes","7158, 9606, 9126",,,,,,,689,709,ECO:0000255,760,780,ECO:0000255,781,801,ECO:0000255,1219,1239,ECO:0000255,,,,,,,,,,,,
P13890,1254,P13890,,Viruses,Ross river virus (strain NB5092),11031,"Aedes, Culex annulirostris, Homo sapiens, Macropus sp.","7158, 162997, 9606, 9322",,,,,,,695,715,ECO:0000255,772,792,ECO:0000255,794,814,ECO:0000255,1232,1252,ECO:0000255,,,,,,,,,,,,
A3EX94,1352,A3EX94,,Viruses,Bat coronavirus HKU4,694007,Tylonycteris pachypus,258959,1,12,ECO:0000255,,,,1298,1318,ECO:0000255,,,,,,,,,,,,,,,,,,,,,
P11225,1235,P11225,,Viruses,Murine coronavirus (strain JHM),11144,Mus musculus,10090,1,13,ECO:0000255,,,,1177,1197,ECO:0000255,,,,,,,,,,,,,,,,,,,,,
P69338,270,P69338,"B8YEE4, P16774, Q7M6R9",Viruses,Human cytomegalovirus (strain AD169),10360,Homo sapiens,9606,1,29,ECO:0000255,,,,84,104,ECO:0000255,,,,,,,,,,,,,,,,,,,,,
Q6S6T9,980,Q6S6T9,,Viruses,Equine herpesvirus 1 (strain V592),310273,Equus caballus,9796,1,86,ECO:0000255,,,,850,870,ECO:0000255,,,,,,,,,,,,,,,,,,,,,
P68325,468,P68325,"P12889, P36321",Viruses,Equine herpesvirus 1 (strain Kentucky D),10330,Equus caballus,9796,1,30,ECO:0000255,,,,432,451,ECO:0000255,,,,,,,,,,,,,,,,,,,,,
Q91C28,533,Q91C28,"Q49AV0, Q8QPE3, Q8QPE4, Q8QPE5",Viruses,Duvenhage virus,38767,"Homo sapiens, Mammalia","9606, 40674",1,19,ECO:0000255,,,,460,480,ECO:0000255,,,,,,,,,,,,,,,,,,,,,
P04882,517,P04882,,Viruses,Vesicular stomatitis New Jersey virus (strain Ogden subtype Concan),11283,"Aedes, Bos taurus, Culicoides, Equus asinus, Equus caballus, Homo sapiens, Lutzomyia, Musca domestica, Simuliidae, Sus scrofa","7158, 9913, 58271, 9793, 9796, 9606, 252607, 7370, 7190, 9823",1,16,,,,,475,495,ECO:0000255,,,,,,,,,,,,,,,,,,,,,
P28728,1133,P28728,,Viruses,Hantaan virus (strain B-1),31617,"Apodemus agrarius, Homo sapiens","39030, 9606",1,16,ECO:0000255,,,,486,506,ECO:0000255,627,647,ECO:0000255,1104,1124,ECO:0000255,,,,,,,,,,,,,,,
Q89853,677,Q89853,,Viruses,Reston ebolavirus (strain Siena/Philippine-92),129004,"Homo sapiens, Macaca fascicularis, Pteropodinae, Sus scrofa","9606, 9541, 77225, 9823",1,33,ECO:0000255,,,,652,672,ECO:0000255,,,,,,,,,,,,,,,,,,,,,
P41475,53,P41475,,Viruses,Autographa californica nuclear polyhedrosis virus,46015,Lepidoptera,7088,1,19,ECO:0000255,,,,,,,,,,,,,,,,,,,,,,,,,,,
Q5UR11,490,Q5UR11,,Viruses,Acanthamoeba polyphaga mimivirus,212035,Acanthamoeba polyphaga,5757,1,19,ECO:0000255,,,,,,,,,,,,,,,,,,,,,,,,,,,
Q913Y7,606,Q913Y7,,Viruses,Avian hepatitis E virus (isolate Chicken/California/Meng),516993,Gallus gallus,9031,1,19,ECO:0000255,,,,,,,,,,,,,,,,,,,,,,,,,,,
Q9WGE0,324,Q9WGE0,,Viruses,Hyphantria cunea nuclear polyhedrosis virus,28288,Lepidoptera,7088,1,18,ECO:0000255,,,,,,,,,,,,,,,,,,,,,,,,,,,
P41416,53,P41416,,Viruses,Autographa californica nuclear polyhedrosis virus,46015,Lepidoptera,7088,1,18,ECO:0000255,,,,,,,,,,,,,,,,,,,,,,,,,,,
P00587,560,P00587,,Viruses,Corynephage omega,10714,Corynebacterium diphtheriae,1717,1,25,,,,,,,,,,,,,,,,,,,,,,,,,,,,
P23064,488,P23064,,Viruses,Human T-cell leukemia virus 1 (strain Japan MT-2 subtype A),11928,Homo sapiens,9606,1,20,ECO:0000255,,,,443,463,ECO:0000255,,,,,,,,,,,,,,,,,,,,,
P05877,856,P05877,,Viruses,Human immunodeficiency virus type 1 group M subtype B (isolate MN),11696,Homo sapiens,9606,1,31,ECO:0000255,,,,686,706,ECO:0000255,,,,,,,,,,,,,,,,,,,,,
Q74126,857,Q74126,,Viruses,Human immunodeficiency virus type 2 subtype A (isolate KR),73484,Homo sapiens,9606,1,22,ECO:0000255,,,,672,692,ECO:0000255,,,,,,,,,,,,,,,,,,,,,
P16899,990,P16899,,Viruses,Ovine maedi visna related virus (strain South Africa),11664,Ovis aries,9940,1,107,ECO:0000255,,,,839,859,ECO:0000255,,,,,,,,,,,,,,,,,,,,,
P35954,983,P35954,,Viruses,Maedi visna virus (strain KV1772),36374,Ovis aries,9940,1,106,ECO:0000255,,,,833,853,ECO:0000255,,,,,,,,,,,,,,,,,,,,,
P12605,555,P12605,,Viruses,Human parainfluenza 1 virus (strain C39),11210,Homo sapiens,9606,1,21,ECO:0000255,,,,497,517,ECO:0000250,,,,,,,,,,,,,,,,,,,,,
P17176,742,P17176,,Viruses,Human cytomegalovirus (strain Towne),10363,Homo sapiens,9606,1,29,ECO:0000255,,,,720,740,ECO:0000255,,,,,,,,,,,,,,,,,,,,,
Q68669,278,Q68669,,Viruses,Human cytomegalovirus (strain 2387),69163,Homo sapiens,9606,1,30,ECO:0000255,,,,,,,,,,,,,,,,,,,,,,,,,,,
Q06094,84,Q06094,,Viruses,Human herpesvirus 6A (strain Uganda-1102),10370,Homo sapiens,9606,1,26,ECO:0000255,,,,48,68,ECO:0000255,,,,,,,,,,,,,,,,,,,,,
Q4R1S8,214,Q4R1S8,,Viruses,Hepatitis B virus genotype A3 (isolate Cameroon/CMR983/1994),489458,"Homo sapiens, Pan troglodytes","9606, 9598",1,19,ECO:0000255,,,,,,,,,,,,,,,,,,,,,,,,,,,
P17191,305,P17191,,Viruses,Duck hepatitis B virus (isolate white Shanghai duck S31),10440,Anas,8835,1,19,ECO:0000255,,,,,,,,,,,,,,,,,,,,,,,,,,,
P0C0V9,416,P0C0V9,"O39517, Q3T8I8",Viruses,Breda virus 1,360393,Bos taurus,9913,1,14,ECO:0000255,,,,394,414,ECO:0000255,,,,,,,,,,,,,,,,,,,,,
Q9Q9G3,416,Q9Q9G3,,Viruses,Human torovirus,67605,Homo sapiens,9606,1,14,ECO:0000255,,,,394,414,ECO:0000255,,,,,,,,,,,,,,,,,,,,,
P03451,562,P03451,,Viruses,Influenza A virus (strain A/Japan/305/1957 H2N2),382814,"Aves, Homo sapiens","8782, 9606",1,15,ECO:0000255,,,,526,546,ECO:0000255,,,,,,,,,,,,,,,,,,,,,
Q2ICR0,566,Q2ICR0,,Viruses,Influenza A virus (strain A/Memphis/101/1972 H3N2),383583,"Aves, Cetacea, Homo sapiens, Phocidae, Sus scrofa","8782, 9721, 9606, 9709, 9823",1,16,ECO:0000255,,,,531,551,ECO:0000255,,,,,,,,,,,,,,,,,,,,,
P26100,570,P26100,,Viruses,Influenza A virus (strain A/Equine/New Market/1/1977 H7N7),217831,"Aves, Equus caballus, Homo sapiens, Phocidae","8782, 9796, 9606, 9709",1,18,ECO:0000255,,,,534,554,ECO:0000255,,,,,,,,,,,,,,,,,,,,,
P11132,566,P11132,,Viruses,Influenza A virus (strain A/Duck/Ireland/113/1983 H5N8),387208,Aves,8782,1,16,ECO:0000255,,,,530,550,ECO:0000255,,,,,,,,,,,,,,,,,,,,,
O89746,568,O89746,,Viruses,Influenza A virus (strain A/Chicken/Hong Kong/220/1997 H5N1 genotype Gs/Gd),100834,"Aves, Felis catus, Homo sapiens, Panthera pardus, Panthera tigris, Sus scrofa","8782, 9685, 9606, 9691, 9694, 9823",1,16,ECO:0000255,,,,532,552,ECO:0000255,,,,,,,,,,,,,,,,,,,,,
P03464,583,P03464,,Viruses,Influenza B virus (strain B/Oregon/5/1980),11541,Homo sapiens,9606,1,15,ECO:0000255,,,,552,572,ECO:0000255,,,,,,,,,,,,,,,,,,,,,
P03180,170,P03180,Q777H2,Viruses,Epstein-Barr virus (strain B95-8),10377,Homo sapiens,9606,1,23,ECO:0000255,,,,,,,,,,,,,,,,,,,,,,,,,,,
Q0Q4F1,91,Q0Q4F1,,Viruses,Bat coronavirus 133/2005,389230,Tylonycteris pachypus,258959,1,19,ECO:0000255,,,,,,,,,,,,,,,,,,,,,,,,,,,
Q04703,101,Q04703,,Viruses,Canine coronavirus (strain K378),33732,Canis lupus familiaris,9615,1,23,ECO:0000255,,,,81,101,ECO:0000255,,,,,,,,,,,,,,,,,,,,,
Q7T6T3,1453,Q7T6T3,,Viruses,Canine coronavirus (strain BGF10),441619,Canis lupus familiaris,9615,1,31,ECO:0000255,,,,1395,1414,ECO:0000255,,,,,,,,,,,,,,,,,,,,,
P16740,201,P16740,Q7M6S7,Viruses,Human cytomegalovirus (strain AD169),10360,Homo sapiens,9606,1,25,ECO:0000255,,,,171,191,ECO:0000255,,,,,,,,,,,,,,,,,,,,,
P21004,272,P21004,,Viruses,Vaccinia virus (strain Copenhagen),10249,Homo sapiens,9606,1,13,ECO:0000255,,,,,,,,,,,,,,,,,,,,,,,,,,,
P27415,883,P27415,,Viruses,Infectious laryngotracheitis virus (strain SA-2),10343,Gallus gallus,9031,1,31,ECO:0000255,,,,751,771,ECO:0000255,,,,,,,,,,,,,,,,,,,,,
P24872,402,P24872,,Viruses,Equine herpesvirus 1 (strain AB1),10328,Equus caballus,9796,1,30,ECO:0000255,,,,356,372,ECO:0000255,,,,,,,,,,,,,,,,,,,,,
Q82706,508,Q82706,,Viruses,Infectious hematopoietic necrosis virus (strain Oregon69),429315,Salmo,8028,1,20,ECO:0000255,,,,462,482,ECO:0000255,,,,,,,,,,,,,,,,,,,,,
P27277,632,P27277,,Viruses,Sonchus yellow net virus,11307,"Aphis, Bidens pilosa, Lactuca sativa, Sonchus oleraceus","80764, 42337, 4236, 50207",1,17,ECO:0000255,,,,560,578,ECO:0000255,,,,,,,,,,,,,,,,,,,,,
O55647,1135,O55647,,Viruses,Tomato spotted wilt virus,3052585,"Frankliniella occidentalis, Scirtothrips dorsalis, Solanum lycopersicum, Thrips tabaci","133901, 163899, 4081, 161014",1,35,ECO:0000255,,,,315,366,ECO:0000250,1068,1088,ECO:0000255,,,,,,,,,,,,,,,,,,
P87670,364,P87670,,Viruses,Zaire ebolavirus (strain Eckron-76),129000,"Epomops franqueti, Homo sapiens, Myonycteris torquata","77231, 9606, 77243",1,32,ECO:0000255,,,,,,,,,,,,,,,,,,,,,,,,,,,
P42548,738,P42548,,Viruses,Acholeplasma phage L2,46014,Mycoplasma,2093,1,27,ECO:0000255,,,,612,632,ECO:0000255,712,732,ECO:0000255,,,,,,,,,,,,,,,,,,
Q5UQF7,221,Q5UQF7,,Viruses,Acanthamoeba polyphaga mimivirus,212035,Acanthamoeba polyphaga,5757,1,30,ECO:0000255,,,,,,,,,,,,,,,,,,,,,,,,,,,
P68744,118,P68744,P18556,Viruses,African swine fever virus (strain Badajoz 1971 Vero-adapted),10498,"Ornithodoros, Sus scrofa","6937, 9823",1,18,ECO:0000255,,,,,,,,,,,,,,,,,,,,,,,,,,,
O91466,333,O91466,,Viruses,Cydia pomonella granulosis virus (isolate Mexico/1963),654905,Cydia pomonella,82600,1,20,ECO:0000255,,,,,,,,,,,,,,,,,,,,,,,,,,,
Q85230,312,Q85230,,Viruses,Suid herpesvirus 1 (strain Kaplan),33703,Sus scrofa,9823,1,20,ECO:0000255,,,,92,112,ECO:0000255,188,208,ECO:0000255,228,248,ECO:0000255,281,301,ECO:0000255,,,,,,,,,,,,
P69541,73,P69541,P03617,Viruses,Enterobacteria phage M13,1977402,Escherichia coli,562,1,23,,,,,44,62,ECO:0000250,,,,,,,,,,,,,,,,,,,,,
P03380,515,P03380,,Viruses,Bovine leukemia virus (isolate Japanese BLV-1),11907,Bos taurus,9913,1,33,ECO:0000255,,,,436,456,ECO:0000255,,,,,,,,,,,,,,,,,,,,,
P31793,356,P31793,,Viruses,Friend spleen focus-forming virus (strain BB6),31692,Mus musculus,10090,1,32,ECO:0000255,,,,332,352,ECO:0000255,,,,,,,,,,,,,,,,,,,,,
Q75008,851,Q75008,,Viruses,Human immunodeficiency virus type 1 group M subtype C (isolate ETH2220),388796,Homo sapiens,9606,1,31,ECO:0000255,,,,673,693,ECO:0000255,,,,,,,,,,,,,,,,,,,,,
P12491,460,P12491,,Viruses,Human immunodeficiency virus type 1 group M subtype U (isolate Z3),11680,Homo sapiens,9606,1,31,ECO:0000250,,,,,,,,,,,,,,,,,,,,,,,,,,,
P27977,877,P27977,,Viruses,Simian immunodeficiency virus agm.vervet (isolate AGM3),11730,Cercopithecidae,9527,1,19,ECO:0000255,,,,708,728,ECO:0000255,,,,,,,,,,,,,,,,,,,,,
P33613,553,P33613,,Viruses,Newcastle disease virus (strain B1-Hitchner/47),11181,Gallus gallus,9031,1,31,ECO:0000255,,,,501,521,ECO:0000250,,,,,,,,,,,,,,,,,,,,,
P01136,140,P01136,Q76ZJ8,Viruses,Vaccinia virus (strain Western Reserve),10254,Bos taurus,9913,1,18,ECO:0000255,,,,101,121,ECO:0000255,,,,,,,,,,,,,,,,,,,,,
Q64896,217,Q64896,,Viruses,Arctic squirrel hepatitis virus,41952,Urocitellus parryii kennicottii,259022,1,20,ECO:0000255,,,,,,,,,,,,,,,,,,,,,,,,,,,
Q67876,212,Q67876,,Viruses,Hepatitis B virus genotype D subtype ayw (isolate Italy/CI/1992),489489,"Homo sapiens, Pan troglodytes","9606, 9598",1,19,ECO:0000255,,,,,,,,,,,,,,,,,,,,,,,,,,,
P30215,424,P30215,Q6TNG0,Viruses,Human coronavirus OC43,31631,Homo sapiens,9606,1,16,ECO:0000255,,,,393,413,ECO:0000255,,,,,,,,,,,,,,,,,,,,,
P03454,565,P03454,,Viruses,Influenza A virus (strain A/Wilson-Smith/1933 H1N1),381518,"Aves, Homo sapiens, Sus scrofa","8782, 9606, 9823",1,17,ECO:0000255,,,,529,549,ECO:0000255,,,,,,,,,,,,,,,,,,,,,
Q67143,562,Q67143,,Viruses,Influenza A virus (strain A/Korea/426/1968 H2N2),488241,"Aves, Homo sapiens","8782, 9606",1,15,ECO:0000255,,,,526,546,ECO:0000255,,,,,,,,,,,,,,,,,,,,,
Q0A3Y1,566,Q0A3Y1,,Viruses,Influenza A virus (strain A/Gull/Minnesota/945/1980 H13N6),385597,Aves,8782,1,18,ECO:0000255,,,,533,553,ECO:0000255,,,,,,,,,,,,,,,,,,,,,
P87506,564,P87506,,Viruses,Influenza A virus (strain A/Mallard/Ohio/556/1987 H5N9),293055,Aves,8782,1,16,ECO:0000255,,,,528,548,ECO:0000255,,,,,,,,,,,,,,,,,,,,,
Q67373,360,Q67373,,Viruses,Influenza B virus (strain B/Hong Kong/9/1989),291796,Homo sapiens,9606,1,15,ECO:0000255,,,,,,,,,,,,,,,,,,,,,,,,,,,
P09592,1254,P09592,"Q66593, Q66595, Q88691, Q88692, Q88693, Q88694, Q88695",Viruses,Venezuelan equine encephalitis virus (strain Trinidad donkey),11038,"Bos taurus, Didelphis marsupialis, Equus asinus, Equus caballus, Homo sapiens, Melanoconion, Philander opossum, Proechimys, Sigmodon hispidus","9913, 9268, 9793, 9796, 9606, 53535, 9272, 10162, 42415",,,,,,,702,722,ECO:0000255,773,793,ECO:0000255,796,816,ECO:0000255,1225,1245,ECO:0000255,,,,,,,,,,,,
P07566,1063,P07566,,Viruses,Rubella virus (strain Therien),11045,Homo sapiens,9606,,,,,,,535,555,ECO:0000250,1029,1049,ECO:0000250,,,,,,,,,,,,,,,,,,
P25191,1363,P25191,,Viruses,Bovine coronavirus (strain L9),11130,Bos taurus,9913,1,13,ECO:0000255,,,,1308,1328,ECO:0000255,,,,,,,,,,,,,,,,,,,,,
Q9IKD1,1360,Q9IKD1,,Viruses,Rat coronavirus (strain 681),33740,Rattus norvegicus,10116,1,13,ECO:0000255,,,,1302,1322,ECO:0000255,,,,,,,,,,,,,,,,,,,,,
Q88168,515,Q88168,,Viruses,Spodoptera littoralis nuclear polyhedrosis virus,10456,Lepidoptera,7088,1,31,ECO:0000255,,,,,,,,,,,,,,,,,,,,,,,,,,,
P21064,219,P21064,,Viruses,Vaccinia virus (strain Copenhagen),10249,Homo sapiens,9606,1,16,ECO:0000255,,,,,,,,,,,,,,,,,,,,,,,,,,,
P24284,92,P24284,,Viruses,Vaccinia virus (strain LC16m8),10248,Homo sapiens,9606,1,17,ECO:0000255,,,,,,,,,,,,,,,,,,,,,,,,,,,
P08665,904,P08665,,Viruses,Human herpesvirus 1 (strain Patton),10308,Homo sapiens,9606,1,30,ECO:0000255,,,,775,795,ECO:0000255,,,,,,,,,,,,,,,,,,,,,
P03173,479,P03173,,Viruses,Human herpesvirus 2 (strain G),10314,Homo sapiens,9606,1,27,ECO:0000255,,,,447,467,ECO:0000255,,,,,,,,,,,,,,,,,,,,,
P08354,577,P08354,,Viruses,Suid herpesvirus 1 (strain Rice),10350,Sus scrofa,9823,1,20,ECO:0000255,,,,429,449,ECO:0000255,,,,,,,,,,,,,,,,,,,,,
Q77SK0,508,Q77SK0,"Q76G52, Q82020",Viruses,Hirame rhabdovirus (strain Korea/CA 9703/1997),453457,"Acanthopagrus schlegelii, Paralichthys olivaceus, Plecoglossus altivelis, Sebastes inermis","72011, 8255, 61084, 160818",1,20,ECO:0000255,,,,462,482,ECO:0000255,,,,,,,,,,,,,,,,,,,,,
Q9IPJ6,524,Q9IPJ6,"Q75T09, Q787B5",Viruses,Rabies virus (strain Nishigahara RCEH),11298,"Homo sapiens, Mammalia","9606, 40674",1,19,ECO:0000255,,,,460,480,ECO:0000255,,,,,,,,,,,,,,,,,,,,,
P21400,1148,P21400,,Viruses,Puumala virus (strain Bank vole/Russia/CG1820/1984),1337063,"Homo sapiens, Myodes glareolus","9606, 447135",1,23,ECO:0000255,,,,496,516,ECO:0000255,638,658,ECO:0000255,1115,1135,ECO:0000255,,,,,,,,,,,,,,,
P35254,681,P35254,,Viruses,Lake Victoria marburgvirus (strain Popp-67),33728,"Chlorocebus aethiops, Homo sapiens, Rousettus aegyptiacus","9534, 9606, 9407",1,18,ECO:0000250,,,,649,669,ECO:0000255,,,,,,,,,,,,,,,,,,,,,
Q7T6S9,262,Q7T6S9,,Viruses,Canine coronavirus (strain BGF10),441619,Canis lupus familiaris,9615,,,,,,,48,68,ECO:0000255,78,98,ECO:0000255,113,133,ECO:0000255,,,,,,,,,,,,,,,
P41672,530,P41672,,Viruses,Autographa californica nuclear polyhedrosis virus,46015,Lepidoptera,7088,1,15,ECO:0000255,,,,,,,,,,,,,,,,,,,,,,,,,,,
P03178,338,P03178,,Viruses,Human herpesvirus 1 (strain KOS),10306,Homo sapiens,9606,1,30,,,,,122,140,ECO:0000255,213,233,ECO:0000255,244,264,ECO:0000255,302,322,ECO:0000255,,,,,,,,,,,,
P69539,73,P69539,P03617,Viruses,Enterobacteria phage fd,2847073,Escherichia coli,562,1,23,ECO:0000269,,,,44,62,ECO:0000269,,,,,,,,,,,,,,,,,,,,,
O73559,351,O73559,P87602,Viruses,Cowpox virus (strain GRI-90 / Grishak),265871,"Bos taurus, Felis catus, Homo sapiens, Loxodonta africana, Microtus agrestis, Mus musculus, Myodes glareolus","9913, 9685, 9606, 9785, 29092, 10090, 447135",1,19,ECO:0000255,,,,,,,,,,,,,,,,,,,,,,,,,,,
P25057,515,P25057,,Viruses,Bovine leukemia virus (isolate Australian),11903,Bos taurus,9913,1,33,ECO:0000255,,,,436,456,ECO:0000255,,,,,,,,,,,,,,,,,,,,,
P11261,662,P11261,"Q85515, Q85516, Q85517",Viruses,Feline leukemia virus (strain B/lambda-B1),103916,Felis catus,9685,1,34,ECO:0000255,,,,607,627,ECO:0000255,,,,,,,,,,,,,,,,,,,,,
P12488,852,P12488,,Viruses,Human immunodeficiency virus type 1 group M subtype B (isolate BRVA),11693,Homo sapiens,9606,1,32,ECO:0000255,,,,681,701,ECO:0000255,,,,,,,,,,,,,,,,,,,,,
P35961,843,P35961,,Viruses,Human immunodeficiency virus type 1 group M subtype B (isolate YU-2),362651,Homo sapiens,9606,1,31,ECO:0000255,,,,672,692,ECO:0000255,,,,,,,,,,,,,,,,,,,,,
P26804,676,P26804,,Viruses,Friend murine leukemia virus (isolate FB29),11797,Mus musculus,10090,1,34,ECO:0000255,,,,621,641,ECO:0000255,,,,,,,,,,,,,,,,,,,,,
P12492,885,P12492,,Viruses,Simian immunodeficiency virus (isolate F236/smH4),11737,Cercopithecidae,9527,1,23,ECO:0000255,,,,701,721,ECO:0000255,,,,,,,,,,,,,,,,,,,,,
P12572,553,P12572,,Viruses,Newcastle disease virus (strain Chicken/Australia-Victoria/32),11177,Gallus gallus,9031,1,31,ECO:0000255,,,,501,521,ECO:0000250,,,,,,,,,,,,,,,,,,,,,
P04849,529,P04849,,Viruses,Parainfluenza virus 5 (strain W3),11208,"Canis lupus familiaris, Homo sapiens","9615, 9606",1,19,ECO:0000255,,,,488,508,ECO:0000250,,,,,,,,,,,,,,,,,,,,,
P52511,156,P52511,Q69398,Viruses,Suid herpesvirus 1 (strain Indiana-Funkhauser / Becker),31523,Sus scrofa,9823,1,16,ECO:0000255,,,,,,,,,,,,,,,,,,,,,,,,,,,
O57166,140,O57166,,Viruses,Vaccinia virus (strain Ankara),126794,Homo sapiens,9606,1,18,ECO:0000255,,,,101,121,ECO:0000255,,,,,,,,,,,,,,,,,,,,,
P59709,424,P59709,"P24351, Q66166, Q66167, Q66168, Q77NC5, Q98VL2, Q9DGT1, Q9DGT9, Q9DR84, Q9DRF4, Q9DRF5",Viruses,Bovine coronavirus (strain Quebec),11133,Bos taurus,9913,1,16,ECO:0000255,,,,393,413,ECO:0000255,,,,,,,,,,,,,,,,,,,,,
Q6DPZ9,565,Q6DPZ9,,Viruses,Influenza A virus (strain A/Chicken/Shantou/4231/2003 H5N1 genotype V),284184,"Aves, Felis catus, Homo sapiens, Panthera pardus, Panthera tigris, Sus scrofa","8782, 9685, 9606, 9691, 9694, 9823",1,16,ECO:0000255,,,,532,552,ECO:0000255,,,,,,,,,,,,,,,,,,,,,
P26098,570,P26098,,Viruses,Influenza A virus (strain A/Equine/Lexington/1/1966 H7N7),475494,"Aves, Equus caballus, Homo sapiens, Phocidae","8782, 9796, 9606, 9709",1,18,ECO:0000255,,,,534,554,ECO:0000255,,,,,,,,,,,,,,,,,,,,,
P26562,566,P26562,O09652,Viruses,Influenza A virus (strain A/Duck/Alberta/35/1976 H1N1),352520,"Aves, Homo sapiens, Sus scrofa","8782, 9606, 9823",1,17,ECO:0000255,,,,530,550,ECO:0000255,,,,,,,,,,,,,,,,,,,,,
P12583,566,P12583,"O90384, Q08IH2, Q84011",Viruses,Influenza A virus (strain A/Duck/Hokkaido/8/1980 H3N8),387207,"Aves, Equus caballus","8782, 9796",1,16,ECO:0000255,,,,531,551,ECO:0000255,,,,,,,,,,,,,,,,,,,,,
P12590,344,P12590,,Viruses,Influenza A virus (strain A/Taiwan/1/1986 H1N1),380213,"Aves, Homo sapiens, Sus scrofa","8782, 9606, 9823",1,17,ECO:0000255,,,,,,,,,,,,,,,,,,,,,,,,,,,
P07973,642,P07973,,Viruses,Influenza C virus (strain C/England/892/1983),11556,"Homo sapiens, Sus scrofa","9606, 9823",1,1,,,,,618,638,ECO:0000255,,,,,,,,,,,,,,,,,,,,,
P33807,313,P33807,,Viruses,Variola virus (isolate Human/India/Ind3/1967),587200,Homo sapiens,9606,1,16,ECO:0000255,,,,278,301,ECO:0000255,,,,,,,,,,,,,,,,,,,,,
A3EXH1,185,A3EXH1,,Viruses,Bat coronavirus HKU9,694006,Rousettus leschenaultii,9408,1,16,ECO:0000255,,,,,,,,,,,,,,,,,,,,,,,,,,,
P05674,1254,P05674,,Viruses,Venezuelan equine encephalitis virus (strain TC-83),11037,"Bos taurus, Didelphis marsupialis, Equus asinus, Equus caballus, Homo sapiens, Melanoconion, Philander opossum, Proechimys, Sigmodon hispidus","9913, 9268, 9793, 9796, 9606, 53535, 9272, 10162, 42415",,,,,,,702,722,ECO:0000255,773,793,ECO:0000255,796,816,ECO:0000255,1225,1245,ECO:0000255,,,,,,,,,,,,
P08563,1063,P08563,"P21480, Q86373, Q86374, Q86375",Viruses,Rubella virus (strain M33),11043,Homo sapiens,9606,,,,,,,535,555,ECO:0000269,1029,1049,ECO:0000269,,,,,,,,,,,,,,,,,,
P07946,1447,P07946,"Q02167, Q9IW04",Viruses,Porcine transmissible gastroenteritis coronavirus (strain Purdue),11151,Sus scrofa,9823,1,28,ECO:0000255,,,,1389,1408,ECO:0000255,,,,,,,,,,,,,,,,,,,,,
P11364,321,P11364,,Viruses,Feline leukemia virus,11768,Felidae,9681,1,28,,,,,,,,,,,,,,,,,,,,,,,,,,,,
Q90157,491,Q90157,,Viruses,Choristoneura fumiferana nuclear polyhedrosis virus,208973,Choristoneura fumiferana,7141,1,17,ECO:0000255,,,,,,,,,,,,,,,,,,,,,,,,,,,
P16739,345,P16739,"P16834, Q8QP99",Viruses,Human cytomegalovirus (strain AD169),10360,Homo sapiens,9606,1,23,ECO:0000255,,,,295,317,ECO:0000255,,,,,,,,,,,,,,,,,,,,,
P09729,247,P09729,Q7M6G2,Viruses,Human cytomegalovirus (strain AD169),10360,Homo sapiens,9606,1,27,ECO:0000255,,,,193,213,ECO:0000255,,,,,,,,,,,,,,,,,,,,,
P24358,322,P24358,Q76ZX0,Viruses,Vaccinia virus (strain Western Reserve),10254,Bos taurus,9913,1,20,ECO:0000255,,,,287,307,ECO:0000255,,,,,,,,,,,,,,,,,,,,,
P13201,907,P13201,,Viruses,Human cytomegalovirus (strain Towne),10363,Homo sapiens,9606,1,22,ECO:0000255,,,,752,772,ECO:0000255,,,,,,,,,,,,,,,,,,,,,
P33500,501,P33500,,Viruses,Gallid herpesvirus 2 (strain RB-1b),33707,Gallus gallus,9031,1,27,ECO:0000255,,,,466,492,ECO:0000255,,,,,,,,,,,,,,,,,,,,,
P32650,405,P32650,,Viruses,Equine herpesvirus 4 (strain 1942),10333,Equus caballus,9796,1,19,ECO:0000255,,,,389,405,ECO:0000255,,,,,,,,,,,,,,,,,,,,,
Q0GBX6,524,Q0GBX6,,Viruses,Rabies virus (strain China/DRV),445792,"Homo sapiens, Mammalia","9606, 40674",1,19,ECO:0000255,,,,460,480,ECO:0000255,,,,,,,,,,,,,,,,,,,,,
P68326,424,P68326,P18553,Viruses,Equine herpesvirus 1 (strain AB1),10328,Equus caballus,9796,1,22,ECO:0000255,,,,320,340,ECO:0000255,,,,,,,,,,,,,,,,,,,,,
Q83887,1140,Q83887,"Q83886, Q83888",Viruses,New York virus,44755,"Homo sapiens, Peromyscus leucopus","9606, 10041",1,17,ECO:0000255,,,,490,510,ECO:0000255,632,652,ECO:0000255,1109,1129,ECO:0000255,,,,,,,,,,,,,,,
Q05320,676,Q05320,"Q66818, Q77LU5, Q8B9S1, Q8JS62",Viruses,Zaire ebolavirus (strain Mayinga-76),128952,"Epomops franqueti, Homo sapiens, Myonycteris torquata","77231, 9606, 77243",1,32,ECO:0000255,,,,651,671,ECO:0000255,,,,,,,,,,,,,,,,,,,,,
Q98157,94,Q98157,"D0UZM1, Q2HRC3",Viruses,Human herpesvirus 8 type P (isolate GK18),868565,Homo sapiens,9606,1,20,,,,,,,,,,,,,,,,,,,,,,,,,,,,
P17501,512,P17501,,Viruses,Autographa californica nuclear polyhedrosis virus,46015,Lepidoptera,7088,1,20,ECO:0000255,,,,482,504,ECO:0000255,,,,,,,,,,,,,,,,,,,,,
O92446,839,O92446,O57075,Viruses,Bombyx mori nuclear polyhedrosis virus,271108,Bombyx mori,7091,1,23,ECO:0000255,,,,,,,,,,,,,,,,,,,,,,,,,,,
Q5UQ37,261,Q5UQ37,,Viruses,Acanthamoeba polyphaga mimivirus,212035,Acanthamoeba polyphaga,5757,1,20,ECO:0000255,,,,,,,,,,,,,,,,,,,,,,,,,,,
P18558,124,P18558,,Viruses,African swine fever virus (strain Badajoz 1971 Vero-adapted),10498,"Ornithodoros, Sus scrofa","6937, 9823",1,28,ECO:0000250,,,,,,,,,,,,,,,,,,,,,,,,,,,
P68333,338,P68333,P10237,Viruses,Human herpesvirus 1 (strain R15),36345,Homo sapiens,9606,1,30,,,,,122,140,ECO:0000255,213,233,ECO:0000255,244,264,ECO:0000255,302,322,ECO:0000255,,,,,,,,,,,,
P03619,74,P03619,,Viruses,Escherichia phage If1,10868,Escherichia coli,562,1,23,ECO:0000269,,,,45,63,ECO:0000250,,,,,,,,,,,,,,,,,,,,,
P25506,515,P25506,,Viruses,Bovine leukemia virus (isolate Belgium LB285),11905,Bos taurus,9913,1,33,ECO:0000255,,,,436,456,ECO:0000255,,,,,,,,,,,,,,,,,,,,,
P05879,868,P05879,,Viruses,Human immunodeficiency virus type 1 group M subtype B (isolate CDC-451),11687,Homo sapiens,9606,1,33,"ECO:0000255, ECO:0000269",,,,697,717,ECO:0000255,,,,,,,,,,,,,,,,,,,,,
O91086,842,O91086,,Viruses,Human immunodeficiency virus type 1 group N (isolate YBF30),388818,Homo sapiens,9606,1,23,ECO:0000255,,,,664,684,ECO:0000255,,,,,,,,,,,,,,,,,,,,,
Q8AIH5,871,Q8AIH5,,Viruses,Simian immunodeficiency virus (isolate TAN1),388910,Pan troglodytes,9598,1,21,ECO:0000255,,,,685,705,ECO:0000255,,,,,,,,,,,,,,,,,,,,,
P35936,553,P35936,,Viruses,Newcastle disease virus (strain D26/76),11180,Gallus gallus,9031,1,31,ECO:0000255,,,,501,521,ECO:0000250,,,,,,,,,,,,,,,,,,,,,
P09308,159,P09308,,Viruses,Varicella-zoster virus (strain Dumas),10338,Homo sapiens,9606,1,21,ECO:0000255,,,,,,,,,,,,,,,,,,,,,,,,,,,
Q86607,140,Q86607,,Viruses,Vaccinia virus (strain L-IVP),31531,Homo sapiens,9606,1,18,ECO:0000255,,,,101,121,ECO:0000255,,,,,,,,,,,,,,,,,,,,,
Q14EB1,385,Q14EB1,,Viruses,Human coronavirus HKU1 (isolate N2),443240,Homo sapiens,9606,1,11,ECO:0000255,,,,362,382,ECO:0000255,,,,,,,,,,,,,,,,,,,,,
Q9WFX3,566,Q9WFX3,"O10424, O10425, O10426, Q9WFZ1",Viruses,Influenza A virus (strain A/Brevig Mission/1/1918 H1N1),88776,"Aves, Homo sapiens, Sus scrofa","8782, 9606, 9823",1,17,ECO:0000255,,,,530,550,ECO:0000255,,,,,,,,,,,,,,,,,,,,,
P03456,565,P03456,Q0A465,Viruses,Influenza A virus (strain A/Turkey/Ontario/6118/1968 H8N4),311175,Aves,8782,1,15,ECO:0000255,,,,529,549,ECO:0000255,,,,,,,,,,,,,,,,,,,,,
P16995,565,P16995,"Q1G0M0, Q83992, Q83993",Viruses,Influenza A virus (strain A/Equine/Fontainebleau/1976 H3N8),387217,"Aves, Equus caballus","8782, 9796",1,16,ECO:0000255,,,,530,550,ECO:0000255,,,,,,,,,,,,,,,,,,,,,
P19702,564,P19702,Q0A3T9,Viruses,Influenza A virus (strain A/Turkey/Minnesota/833/1980 H4N2),383603,Aves,8782,1,16,ECO:0000255,,,,528,548,ECO:0000255,,,,,,,,,,,,,,,,,,,,,
P19699,565,P19699,Q9WA90,Viruses,Influenza A virus (strain A/Equine/Kentucky/2/1986 H3N8),385605,"Aves, Equus caballus","8782, 9796",1,16,ECO:0000255,,,,530,550,ECO:0000255,,,,,,,,,,,,,,,,,,,,,
P12442,363,P12442,,Viruses,Influenza B virus (strain B/GL/1954),11530,Homo sapiens,9606,1,11,,,,,,,,,,,,,,,,,,,,,,,,,,,,
P59635,122,P59635,"Q7TA11, Q7TA17",Viruses,Severe acute respiratory syndrome coronavirus,694009,"Homo sapiens, Paguma larvata","9606, 9675",1,15,,,,,97,117,ECO:0000255,,,,,,,,,,,,,,,,,,,,,
P36331,1254,P36331,"Q66587, Q66588, Q66589, Q66590, Q66591",Viruses,Venezuelan equine encephalitis virus (strain Mena II),36384,"Bos taurus, Didelphis marsupialis, Equus asinus, Equus caballus, Homo sapiens, Melanoconion, Philander opossum, Proechimys, Sigmodon hispidus","9913, 9268, 9793, 9796, 9606, 53535, 9272, 10162, 42415",,,,,,,701,721,ECO:0000255,772,790,ECO:0000255,791,811,ECO:0000255,1225,1245,ECO:0000255,,,,,,,,,,,,
Q99IE6,1063,Q99IE6,,Viruses,Rubella virus (strain TO-336 vaccine),376265,Homo sapiens,9606,,,,,,,535,555,ECO:0000250,1029,1049,ECO:0000250,,,,,,,,,,,,,,,,,,
Q8SDJ8,163,Q8SDJ8,,Viruses,Staphylococcus phage phi13,2992645,Pseudomonas,286,1,27,ECO:0000250,,,,,,,,,,,,,,,,,,,,,,,,,,,
Q91A26,1363,Q91A26,,Viruses,Bovine coronavirus (strain 98TXSF-110-ENT),233262,Bos taurus,9913,1,13,ECO:0000255,,,,1308,1328,ECO:0000255,,,,,,,,,,,,,,,,,,,,,
P24413,1225,P24413,,Viruses,Porcine respiratory coronavirus (strain RM4),11148,Sus scrofa,9823,1,12,ECO:0000255,,,,1167,1186,ECO:0000255,,,,,,,,,,,,,,,,,,,,,
Q05894,351,Q05894,,Viruses,Heliothis armigera entomopoxvirus,10290,Lepidoptera,7088,1,20,ECO:0000269,,,,,,,,,,,,,,,,,,,,,,,,,,,
Q83140,528,Q83140,,Viruses,Mamestra brassicae nuclear polyhedrosis virus,78219,Lepidoptera,7088,1,32,ECO:0000255,,,,,,,,,,,,,,,,,,,,,,,,,,,
P52584,133,P52584,,Viruses,Orf virus (strain NZ2),10259,"Capra hircus, Homo sapiens, Ovis aries","9925, 9606, 9940",1,20,ECO:0000255,,,,,,,,,,,,,,,,,,,,,,,,,,,
P06436,903,P06436,,Viruses,Human herpesvirus 1 (strain F),10304,Homo sapiens,9606,1,29,ECO:0000255,,,,774,794,ECO:0000255,,,,,,,,,,,,,,,,,,,,,
P28986,511,P28986,Q68982,Viruses,Human herpesvirus 1 (strain KOS),10306,Homo sapiens,9606,1,24,ECO:0000255,,,,481,497,ECO:0000255,,,,,,,,,,,,,,,,,,,,,
Q703F0,552,Q703F0,Q86624,Viruses,Human herpesvirus 1 (strain F),10304,Homo sapiens,9606,1,20,ECO:0000255,,,,422,442,ECO:0000255,,,,,,,,,,,,,,,,,,,,,
P19462,524,P19462,Q8B6J6,Viruses,Rabies virus (strain HEP-Flury),11296,"Homo sapiens, Mammalia","9606, 40674",1,19,,,,,460,480,ECO:0000255,,,,,,,,,,,,,,,,,,,,,
P68329,424,P68329,P18553,Viruses,Equine herpesvirus 1 (strain Kentucky D),10330,Equus caballus,9796,1,22,ECO:0000255,,,,320,340,ECO:0000255,,,,,,,,,,,,,,,,,,,,,
P03517,1313,P03517,,Viruses,Punta toro phlebovirus,11587,"Homo sapiens, Phlebotomus papatasi","9606, 29031",1,17,ECO:0000255,,,,713,733,ECO:0000255,1279,1299,ECO:0000255,,,,,,,,,,,,,,,,,,
P35253,681,P35253,"Q38L42, Q6T6U0",Viruses,Lake Victoria marburgvirus (strain Musoke-80),33727,"Chlorocebus aethiops, Homo sapiens, Rousettus aegyptiacus","9534, 9606, 9407",1,18,ECO:0000269,,,,649,669,ECO:0000255,,,,,,,,,,,,,,,,,,,,,
Q91GH8,826,Q91GH8,,Viruses,Epiphyas postvittana nucleopolyhedrovirus,70600,Lepidoptera,7088,1,18,ECO:0000255,,,,,,,,,,,,,,,,,,,,,,,,,,,
Q68985,660,Q68985,,Viruses,Hepatitis E virus genotype 1 (isolate Human/India/Hyderabad),512346,"Bandicota bengalensis, Callithrix, Cercopithecus hamlyni, Chlorocebus aethiops, Homo sapiens, Macaca, Mus musculus, Pan troglodytes, Saimiri, Sus scrofa","69079, 9481, 9536, 9534, 9606, 9539, 10090, 9598, 9520, 9823",1,19,ECO:0000255,,,,,,,,,,,,,,,,,,,,,,,,,,,
Q91BH1,337,Q91BH1,,Viruses,Spodoptera litura multicapsid nucleopolyhedrovirus,46242,Lepidoptera,7088,1,18,ECO:0000255,,,,,,,,,,,,,,,,,,,,,,,,,,,
P41684,551,P41684,,Viruses,Autographa californica nuclear polyhedrosis virus,46015,Lepidoptera,7088,1,17,ECO:0000255,,,,,,,,,,,,,,,,,,,,,,,,,,,
Q89660,192,Q89660,,Viruses,Human herpesvirus 6A (strain Uganda-1102),10370,Homo sapiens,9606,1,24,ECO:0000255,,,,,,,,,,,,,,,,,,,,,,,,,,,
P36707,110,P36707,,Viruses,Human adenovirus A serotype 12,28282,Homo sapiens,9606,1,16,ECO:0000255,,,,37,57,ECO:0000255,,,,,,,,,,,,,,,,,,,,,
O89292,846,O89292,,Viruses,Human immunodeficiency virus type 1 group M subtype F1 (isolate 93BR020),388814,Homo sapiens,9606,1,31,ECO:0000255,,,,675,695,ECO:0000255,,,,,,,,,,,,,,,,,,,,,
P19550,847,P19550,,Viruses,Human immunodeficiency virus type 1 group M subtype B (isolate SF162),11691,Homo sapiens,9606,1,31,ECO:0000255,,,,676,696,ECO:0000255,,,,,,,,,,,,,,,,,,,,,
P31789,584,P31789,,Viruses,Mouse intracisternal a-particle MIAE,11932,Mus musculus,10090,1,28,ECO:0000255,,,,528,548,ECO:0000255,,,,,,,,,,,,,,,,,,,,,
P17281,854,P17281,,Viruses,Simian immunodeficiency virus (isolate CPZ GAB1),402771,Pan,9596,1,31,ECO:0000255,,,,676,696,ECO:0000255,,,,,,,,,,,,,,,,,,,,,
P69357,550,P69357,P08300,Viruses,Measles virus (strain Philadelphia-26),70148,Homo sapiens,9606,1,23,ECO:0000255,,,,488,518,ECO:0000255,,,,,,,,,,,,,,,,,,,,,
P12574,546,P12574,,Viruses,Rinderpest virus (strain Kabete O),11242,"Bos indicus, Bos taurus, Bubalus bubalis, Capra hircus, Gazella, Giraffa camelopardalis, Hippopotamus, Ovis aries, Suidae","9915, 9913, 89462, 9925, 9933, 9894, 9832, 9940, 9821",1,19,ECO:0000255,,,,492,512,ECO:0000250,,,,,,,,,,,,,,,,,,,,,
P30673,725,P30673,Q07745,Viruses,Murid herpesvirus 1 (strain Smith),10367,Mus musculus,10090,1,19,ECO:0000255,,,,701,721,ECO:0000255,,,,,,,,,,,,,,,,,,,,,
Q68666,278,Q68666,,Viruses,Human cytomegalovirus (strain PT),69169,Homo sapiens,9606,1,30,ECO:0000255,,,,,,,,,,,,,,,,,,,,,,,,,,,
P28994,152,P28994,,Viruses,Equine arteritis virus (strain Bucyrus),299386,Equidae,9788,1,21,ECO:0000255,,,,121,141,ECO:0000255,,,,,,,,,,,,,,,,,,,,,
P33468,421,P33468,,Viruses,Bovine coronavirus (strain F15),11129,Bos taurus,9913,1,16,ECO:0000255,,,,393,413,ECO:0000255,,,,,,,,,,,,,,,,,,,,,
Q80A22,556,Q80A22,,Viruses,Influenza A virus (strain A/Chicken/Hong Kong/715.5/2001 H5N1 genotype E),196434,"Aves, Felis catus, Homo sapiens, Panthera pardus, Panthera tigris, Sus scrofa","8782, 9685, 9606, 9691, 9694, 9823",,,,,,,521,541,ECO:0000255,,,,,,,,,,,,,,,,,,,,,
Q9WCD8,566,Q9WCD8,B3EUQ6,Viruses,Influenza A virus (strain A/Swine/Wisconsin/1/1961 H1N1),383533,"Aves, Homo sapiens, Sus scrofa","8782, 9606, 9823",1,17,ECO:0000255,,,,530,550,ECO:0000255,,,,,,,,,,,,,,,,,,,,,
Q30NQ1,566,Q30NQ1,,Viruses,Influenza A virus (strain A/Beijing/39/1975 H3N2),383596,"Aves, Cetacea, Homo sapiens, Phocidae, Sus scrofa","8782, 9721, 9606, 9709, 9823",1,16,ECO:0000255,,,,531,551,ECO:0000255,,,,,,,,,,,,,,,,,,,,,
Q2VND2,566,Q2VND2,,Viruses,Influenza A virus (strain A/Memphis/18/1978 H3N2),383579,"Aves, Cetacea, Homo sapiens, Phocidae, Sus scrofa","8782, 9721, 9606, 9709, 9823",1,16,ECO:0000255,,,,531,551,ECO:0000255,,,,,,,,,,,,,,,,,,,,,
P13101,565,P13101,,Viruses,Influenza A virus (strain A/Gull/Astrakhan/227/1984 H13N6),385603,Aves,8782,1,18,ECO:0000255,,,,532,552,ECO:0000255,,,,,,,,,,,,,,,,,,,,,
Q67379,360,Q67379,,Viruses,Influenza B virus (strain B/Texas/4/1990),291800,Homo sapiens,9606,1,15,ECO:0000255,,,,,,,,,,,,,,,,,,,,,,,,,,,
Q00716,310,Q00716,,Viruses,Raccoon poxvirus,10256,Procyon lotor,9654,1,16,ECO:0000255,,,,276,300,ECO:0000255,,,,,,,,,,,,,,,,,,,,,
P19742,101,P19742,Q52PB0,Viruses,Feline coronavirus (strain FIPV WSU-79/1146),33734,Felidae,9681,1,43,ECO:0000255,,,,76,96,ECO:0000255,,,,,,,,,,,,,,,,,,,,,
Q5XXP3,1248,Q5XXP3,,Viruses,Chikungunya virus (strain 37997),371095,"Aedes aegypti, Aedes albopictus, Aedes furcifer, Aedes polynesiensis, Cercopithecus, Homo sapiens, Macaca, Pan troglodytes, Papio, Presbytis","7159, 7160, 299627, 188700, 9533, 9606, 9539, 9598, 9554, 9573",,,,,,,693,713,ECO:0000255,764,784,ECO:0000255,796,816,ECO:0000255,1225,1245,ECO:0000255,,,,,,,,,,,,
P22056,1247,P22056,,Viruses,O'nyong-nyong virus (strain Gulu),11028,"Anopheles, Homo sapiens","44482, 9606",,,,,,,692,712,ECO:0000255,720,740,ECO:0000255,763,783,ECO:0000255,1224,1244,ECO:0000255,,,,,,,,,,,,
Q0Q4F2,1350,Q0Q4F2,,Viruses,Bat coronavirus 133/2005,389230,Tylonycteris pachypus,258959,1,12,ECO:0000255,,,,1296,1316,ECO:0000255,,,,,,,,,,,,,,,,,,,,,
P59594,1255,P59594,"Q6QU82, Q7T696, Q7TA19, Q7TFA2, Q7TFB1, Q80BV6",Viruses,Severe acute respiratory syndrome coronavirus,694009,"Homo sapiens, Paguma larvata","9606, 9675",1,13,ECO:0000255,,,,1196,1216,ECO:0000255,,,,,,,,,,,,,,,,,,,,,
P68619,221,P68619,"P21059, Q76ZP0",Viruses,Vaccinia virus (strain Western Reserve),10254,Bos taurus,9913,,,,,,,2,22,ECO:0000255,,,,,,,,,,,,,,,,,,,,,
O64363,181,O64363,,Viruses,Escherichia phage N15,1604876,Escherichia coli,562,1,26,ECO:0000255,,,,,,,,,,,,,,,,,,,,,,,,,,,
P18050,980,P18050,,Viruses,Equine herpesvirus 1 (strain HVS25A),10327,Equus caballus,9796,1,86,ECO:0000255,,,,850,870,ECO:0000255,,,,,,,,,,,,,,,,,,,,,
P57083,394,P57083,P03171,Viruses,Human herpesvirus 1 (strain Patton),10308,Homo sapiens,9606,1,25,ECO:0000255,,,,340,364,ECO:0000255,,,,,,,,,,,,,,,,,,,,,
Q9DIC6,551,Q9DIC6,,Viruses,Lettuce necrotic yellows virus (isolate 318),928304,"Lactuca sativa, Reichardia tingitana, Sonchus hydrophilus, Sonchus oleraceus","4236, 43208, 255580, 50207",1,25,ECO:0000255,,,,504,524,ECO:0000255,,,,,,,,,,,,,,,,,,,,,
P09612,1441,P09612,,Viruses,Bunyavirus La Crosse,11577,"Cervidae, Homo sapiens, Ochlerotatus triseriatus, Tamias","9850, 9606, 7162, 13712",1,13,ECO:0000255,,,,201,221,ECO:0000255,306,326,ECO:0000255,366,386,ECO:0000255,453,473,ECO:0000255,1396,1416,ECO:0000255,,,,,,,,,
O11457,676,O11457,Q913A3,Viruses,Zaire ebolavirus (strain Gabon-94),128947,"Epomops franqueti, Homo sapiens, Myonycteris torquata","77231, 9606, 77243",1,32,ECO:0000255,,,,651,671,ECO:0000255,,,,,,,,,,,,,,,,,,,,,
P60173,372,P60173,Q89455,Viruses,Sudan ebolavirus (strain Maleo-79),128949,"Epomops franqueti, Homo sapiens, Myonycteris torquata","77231, 9606, 77243",1,32,ECO:0000255,,,,,,,,,,,,,,,,,,,,,,,,,,,
O10364,324,O10364,,Viruses,Orgyia pseudotsugata multicapsid polyhedrosis virus,262177,Orgyia pseudotsugata,33414,1,16,ECO:0000255,,,,,,,,,,,,,,,,,,,,,,,,,,,
P06498,132,P06498,,Viruses,Human adenovirus C serotype 5,28285,Homo sapiens,9606,1,18,ECO:0000269,,,,51,75,ECO:0000255,,,,,,,,,,,,,,,,,,,,,
P03383,486,P03383,P03382,Viruses,Human T-cell leukemia virus 2,11909,Homo sapiens,9606,1,18,ECO:0000255,,,,439,459,ECO:0000255,,,,,,,,,,,,,,,,,,,,,
P18799,846,P18799,,Viruses,Human immunodeficiency virus type 1 group M subtype D (isolate NDK),11695,Homo sapiens,9606,1,31,ECO:0000255,,,,675,695,ECO:0000255,,,,,,,,,,,,,,,,,,,,,
P12449,846,P12449,,Viruses,Human immunodeficiency virus type 2 subtype A (isolate SBLISY),11718,Homo sapiens,9606,1,21,ECO:0000255,,,,672,692,ECO:0000255,,,,,,,,,,,,,,,,,,,,,
P69355,550,P69355,P08300,Viruses,Measles virus (strain Halle),11236,Homo sapiens,9606,1,23,ECO:0000255,,,,488,518,ECO:0000255,,,,,,,,,,,,,,,,,,,,,
P09990,540,P09990,,Viruses,Bovine parainfluenza 3 virus,3052729,Bos taurus,9913,1,18,ECO:0000255,,,,496,516,ECO:0000250,,,,,,,,,,,,,,,,,,,,,
P68324,694,P68324,P30001,Viruses,Human herpesvirus 6A (strain Uganda-1102),10370,Homo sapiens,9606,1,16,ECO:0000255,,,,672,692,ECO:0000255,,,,,,,,,,,,,,,,,,,,,
Q68673,278,Q68673,,Viruses,Human cytomegalovirus (strain 5160),69167,Homo sapiens,9606,1,30,ECO:0000255,,,,,,,,,,,,,,,,,,,,,,,,,,,
Q01049,90,Q01049,,Viruses,Saimiriine herpesvirus 2 (strain 11),10383,Saimiri sciureus,9521,1,21,ECO:0000255,,,,56,76,ECO:0000255,,,,,,,,,,,,,,,,,,,,,
P0C6J5,218,P0C6J5,,Viruses,Woodchuck hepatitis B virus (isolate 7),10432,Marmota monax,9995,1,19,ECO:0000255,,,,,,,,,,,,,,,,,,,,,,,,,,,
Q80A26,557,Q80A26,,Viruses,Influenza A virus (strain A/Silky Chicken/Hong Kong/SF189/2001 H5N1 genotype A),196430,"Aves, Felis catus, Homo sapiens, Panthera pardus, Panthera tigris, Sus scrofa","8782, 9685, 9606, 9691, 9694, 9823",,,,,,,521,541,ECO:0000255,,,,,,,,,,,,,,,,,,,,,
Q9IFF7,339,Q9IFF7,,Viruses,Influenza A virus (strain A/Ann Arbor/6/1960 H2N2),384498,"Aves, Homo sapiens","8782, 9606",1,15,ECO:0000255,,,,,,,,,,,,,,,,,,,,,,,,,,,
P26099,570,P26099,Q67108,Viruses,Influenza A virus (strain A/Equine/London/1416/1973 H7N7),380340,"Aves, Equus caballus, Homo sapiens, Phocidae","8782, 9796, 9606, 9709",1,18,ECO:0000255,,,,534,554,ECO:0000255,,,,,,,,,,,,,,,,,,,,,
Q67282,562,Q67282,,Viruses,Influenza A virus (strain A/Mallard/New York/6750/1978 H2N2),384502,"Aves, Homo sapiens","8782, 9606",1,15,ECO:0000255,,,,526,546,ECO:0000255,,,,,,,,,,,,,,,,,,,,,
Q38SQ8,566,Q38SQ8,,Viruses,Influenza A virus (strain A/Hong Kong/5/1983 H3N2),387159,"Aves, Cetacea, Homo sapiens, Phocidae, Sus scrofa","8782, 9721, 9606, 9709, 9823",1,16,ECO:0000255,,,,531,551,ECO:0000255,,,,,,,,,,,,,,,,,,,,,
Q67369,360,Q67369,,Viruses,Influenza B virus (strain B/Bangkok/163/1990),416677,Homo sapiens,9606,1,15,ECO:0000255,,,,,,,,,,,,,,,,,,,,,,,,,,,
P03463,583,P03463,,Viruses,Influenza B virus (strain B/Singapore/222/1979),107417,Homo sapiens,9606,1,15,ECO:0000255,,,,552,572,ECO:0000255,,,,,,,,,,,,,,,,,,,,,
P01546,316,P01546,,Viruses,Saccharomyces cerevisiae killer virus M1,12450,Saccharomyces cerevisiae,4932,1,26,,,,,72,92,ECO:0000255,112,132,ECO:0000255,,,,,,,,,,,,,,,,,,
Q06VC5,501,Q06VC5,,Viruses,Trichoplusia ni ascovirus 2c,328615,Noctuidae,7100,1,26,ECO:0000255,,,,,,,,,,,,,,,,,,,,,,,,,,,
P04136,78,P04136,Q779N2,Viruses,Porcine transmissible gastroenteritis coronavirus (strain Purdue),11151,Sus scrofa,9823,1,23,ECO:0000255,,,,58,78,ECO:0000303,,,,,,,,,,,,,,,,,,,,,
Q86925,1244,Q86925,,Viruses,Aura virus,44158,Aedes,7158,,,,,,,697,717,ECO:0000255,765,785,ECO:0000255,786,805,ECO:0000255,1219,1239,ECO:0000255,,,,,,,,,,,,
Q8QZ72,1242,Q8QZ72,Q80S35,Viruses,Mayaro virus (strain Brazil),374990,"Aedes aegypti, Haemagogus, Homo sapiens","7159, 7180, 9606",,,,,,,691,711,ECO:0000255,762,782,ECO:0000255,786,806,ECO:0000255,1218,1238,ECO:0000255,,,,,,,,,,,,
P07238,365,P07238,,Viruses,Enterobacteria phage PA-2,10738,Escherichia coli,562,1,23,,,,,,,,,,,,,,,,,,,,,,,,,,,,
P21077,353,P21077,,Viruses,Vaccinia virus (strain Copenhagen),10249,Homo sapiens,9606,1,21,ECO:0000255,,,,,,,,,,,,,,,,,,,,,,,,,,,
Q0ZME7,1351,Q0ZME7,,Viruses,Human coronavirus HKU1 (isolate N5),443241,Homo sapiens,9606,1,12,ECO:0000255,,,,1296,1316,ECO:0000255,,,,,,,,,,,,,,,,,,,,,
Q69558,236,Q69558,Q69047,Viruses,Human herpesvirus 6A (strain Uganda-1102),10370,Homo sapiens,9606,1,17,ECO:0000255,,,,184,204,ECO:0000255,,,,,,,,,,,,,,,,,,,,,
P17146,152,P17146,Q7M6P4,Viruses,Human cytomegalovirus (strain AD169),10360,Homo sapiens,9606,1,25,ECO:0000255,,,,,,,,,,,,,,,,,,,,,,,,,,,
P21058,176,P21058,,Viruses,Vaccinia virus (strain Copenhagen),10249,Homo sapiens,9606,1,14,ECO:0000255,,,,,,,,,,,,,,,,,,,,,,,,,,,
P17471,928,P17471,,Viruses,Bovine herpesvirus 1.1 (strain P8-2),10324,Bos taurus,9913,1,62,ECO:0000255,,,,804,824,ECO:0000255,,,,,,,,,,,,,,,,,,,,,
Q04464,920,Q04464,,Viruses,Saimiriine herpesvirus 1 (strain MV-5-4-PSL),10353,"Callithrix, Saimiri","9481, 9520",1,39,ECO:0000255,,,,784,804,ECO:0000255,,,,,,,,,,,,,,,,,,,,,
Q69091,394,Q69091,"B9VQK0, O12544, O12833, P03171, Q09I71",Viruses,Human herpesvirus 1 (strain 17),10299,Homo sapiens,9606,1,25,ECO:0000255,,,,341,361,ECO:0000255,,,,,,,,,,,,,,,,,,,,,
Q5K2K4,523,Q5K2K4,,Viruses,Isfahan virus,290008,"Gerbillinae, Homo sapiens, Phlebotomus papatasi","10045, 9606, 29031",1,20,ECO:0000255,,,,476,496,ECO:0000255,,,,,,,,,,,,,,,,,,,,,
P03522,511,P03522,,Viruses,Vesicular stomatitis Indiana virus (strain San Juan),11285,"Aedes, Bos taurus, Culicoides, Equus asinus, Equus caballus, Homo sapiens, Lutzomyia, Musca domestica, Simuliidae, Sus scrofa","7158, 9913, 58271, 9793, 9796, 9606, 252607, 7370, 7190, 9823",1,16,,,,,468,488,ECO:0000255,,,,,,,,,,,,,,,,,,,,,
P09613,1008,P09613,,Viruses,Uukuniemi virus (strain S23),487099,"Homo sapiens, Ixodes ricinus","9606, 34613",1,17,ECO:0000269,,,,395,415,ECO:0000255,978,998,ECO:0000255,,,,,,,,,,,,,,,,,,
P04135,262,P04135,,Viruses,Porcine transmissible gastroenteritis coronavirus (strain Purdue),11151,Sus scrofa,9823,,,,,,,48,68,ECO:0000255,78,98,ECO:0000255,113,133,ECO:0000255,,,,,,,,,,,,,,,
Q66800,367,Q66800,"Q5UAK7, Q8JPX7",Viruses,Reston ebolavirus (strain Reston-89),386032,"Epomops franqueti, Homo sapiens, Myonycteris torquata, Sus scrofa","77231, 9606, 77243, 9823",1,33,ECO:0000255,,,,,,,,,,,,,,,,,,,,,,,,,,,
Q5UPR5,203,Q5UPR5,,Viruses,Acanthamoeba polyphaga mimivirus,212035,Acanthamoeba polyphaga,5757,1,24,ECO:0000255,,,,,,,,,,,,,,,,,,,,,,,,,,,
Q5UQR6,197,Q5UQR6,,Viruses,Acanthamoeba polyphaga mimivirus,212035,Acanthamoeba polyphaga,5757,1,30,ECO:0000255,,,,,,,,,,,,,,,,,,,,,,,,,,,
Q00901,244,Q00901,,Viruses,Clostridium botulinum C phage,12336,Clostridium botulinum C,36828,1,40,ECO:0000269,,,,,,,,,,,,,,,,,,,,,,,,,,,
P41715,324,P41715,O41479,Viruses,Choristoneura fumiferana nuclear polyhedrosis virus,208973,Choristoneura fumiferana,7141,1,16,ECO:0000255,,,,,,,,,,,,,,,,,,,,,,,,,,,
Q00996,121,Q00996,,Viruses,Saimiriine herpesvirus 2 (strain 11),10383,Saimiri sciureus,9521,1,19,ECO:0000255,,,,,,,,,,,,,,,,,,,,,,,,,,,
O10367,53,O10367,,Viruses,Orgyia pseudotsugata multicapsid polyhedrosis virus,262177,Orgyia pseudotsugata,33414,1,18,ECO:0000255,,,,,,,,,,,,,,,,,,,,,,,,,,,
P15134,91,P15134,,Viruses,Human adenovirus B serotype 7,10519,Homo sapiens,9606,1,22,ECO:0000250,,,,35,60,ECO:0000255,,,,,,,,,,,,,,,,,,,,,
Q03817,488,Q03817,,Viruses,Human T-cell leukemia virus 1 (isolate Zaire EL subtype B),39015,Homo sapiens,9606,1,20,ECO:0000255,,,,443,463,ECO:0000255,,,,,,,,,,,,,,,,,,,,,
P04583,859,P04583,,Viruses,Human immunodeficiency virus type 1 group M subtype A (isolate MAL),11697,Homo sapiens,9606,1,31,ECO:0000255,,,,687,707,ECO:0000255,,,,,,,,,,,,,,,,,,,,,
Q89607,852,Q89607,,Viruses,Human immunodeficiency virus type 2 subtype B (isolate EHO),388821,Homo sapiens,9606,1,24,ECO:0000255,,,,678,698,ECO:0000255,,,,,,,,,,,,,,,,,,,,,
P07575,586,P07575,,Viruses,Mason-Pfizer monkey virus,11855,Macaca mulatta,9544,1,22,ECO:0000255,,,,527,547,ECO:0000255,,,,,,,,,,,,,,,,,,,,,
P23422,989,P23422,,Viruses,Maedi visna virus (strain 1514 / clone LV1-1KS1),11743,Ovis aries,9940,1,106,ECO:0000255,,,,839,859,ECO:0000255,,,,,,,,,,,,,,,,,,,,,
P12568,574,P12568,Q4KRW4,Viruses,Human respiratory syncytial virus,11250,Homo sapiens,9606,1,25,ECO:0000255,,,,525,550,ECO:0000250,,,,,,,,,,,,,,,,,,,,,
Q9IH63,546,Q9IH63,"Q5K4D9, Q8QU00",Viruses,Nipah virus,3052225,"Cynopterus brachyotis, Eonycteris spelaea, Homo sapiens, Pteropus hypomelanus, Pteropus vampyrus, Scotophilus kuhlii, Sus scrofa","58060, 58065, 9606, 9405, 132908, 153297, 9823",1,26,ECO:0000255,,,,498,518,ECO:0000255,,,,,,,,,,,,,,,,,,,,,
Q68667,278,Q68667,,Viruses,Human cytomegalovirus (strain 119),73483,Homo sapiens,9606,1,32,ECO:0000255,,,,,,,,,,,,,,,,,,,,,,,,,,,
P16795,138,P16795,Q7M6L9,Viruses,Human cytomegalovirus (strain AD169),10360,Homo sapiens,9606,1,21,ECO:0000255,,,,102,122,ECO:0000255,,,,,,,,,,,,,,,,,,,,,
P28992,227,P28992,,Viruses,Equine arteritis virus (strain Bucyrus),299386,Equidae,9788,1,28,ECO:0000255,,,,178,198,ECO:0000255,,,,,,,,,,,,,,,,,,,,,
Q91C37,214,Q91C37,,Viruses,Hepatitis B virus genotype A1 subtype adw2 (isolate South Africa/84/2001),489454,"Homo sapiens, Pan troglodytes","9606, 9598",1,19,ECO:0000255,,,,,,,,,,,,,,,,,,,,,,,,,,,
P17190,305,P17190,,Viruses,Duck hepatitis B virus (isolate brown Shanghai duck S5),10439,Anas,8835,1,19,ECO:0000255,,,,,,,,,,,,,,,,,,,,,,,,,,,
Q9IKD2,439,Q9IKD2,,Viruses,Rat coronavirus (strain 681),33740,Rattus norvegicus,10116,1,22,ECO:0000255,,,,408,428,ECO:0000255,,,,,,,,,,,,,,,,,,,,,
P04661,565,P04661,Q0A437,Viruses,Influenza A virus (strain A/Duck/England/1/1956 H11N6),383550,Aves,8782,1,16,ECO:0000255,,,,532,552,ECO:0000255,,,,,,,,,,,,,,,,,,,,,
P19106,566,P19106,"Q1K9E1, Q67022, Q67023",Viruses,Influenza A virus (strain A/Udorn/307/1972 H3N2),381517,"Aves, Cetacea, Homo sapiens, Phocidae, Sus scrofa","8782, 9721, 9606, 9709, 9823",1,16,ECO:0000255,,,,531,551,ECO:0000255,,,,,,,,,,,,,,,,,,,,,
Q08011,565,Q08011,,Viruses,Influenza A virus (strain A/Equine/Suffolk/1989 H3N8),45413,"Aves, Equus caballus","8782, 9796",1,16,ECO:0000255,,,,530,550,ECO:0000255,,,,,,,,,,,,,,,,,,,,,
P68761,642,P68761,P07969,Viruses,Influenza C virus (strain C/Yamagata/10/1981),11568,"Homo sapiens, Sus scrofa","9606, 9823",1,1,,,,,618,638,ECO:0000255,,,,,,,,,,,,,,,,,,,,,
P19743,206,P19743,Q52PA9,Viruses,Feline coronavirus (strain FIPV WSU-79/1146),33734,Felidae,9681,1,17,ECO:0000255,,,,,,,,,,,,,,,,,,,,,,,,,,,
P13897,1236,P13897,"Q88696, Q88697, Q88698, Q88699, Q88700",Viruses,Western equine encephalitis virus,11039,"Aedes, Anopheles, Culex tarsalis, Haemorhous mexicanus, Homo sapiens, Lepus americanus, Lithobates pipiens, Passer domesticus, Thamnophis, Urocitellus richardsonii","7158, 7164, 7177, 30427, 9606, 48086, 8404, 48849, 34999, 37591",,,,,,,688,708,ECO:0000255,768,788,ECO:0000255,789,809,ECO:0000255,1206,1226,ECO:0000255,,,,,,,,,,,,
P36300,1451,P36300,,Viruses,Canine coronavirus (strain Insavc-1),36391,Canis lupus familiaris,9615,1,31,ECO:0000255,,,,1393,1412,ECO:0000255,,,,,,,,,,,,,,,,,,,,,
Q65328,321,Q65328,"O12553, O12842",Viruses,Orgyia pseudotsugata multicapsid polyhedrosis virus,262177,Orgyia pseudotsugata,33414,1,18,ECO:0000255,,,,,,,,,,,,,,,,,,,,,,,,,,,
P26703,119,P26703,,Viruses,African swine fever virus (isolate Portugal/Lis 57/1957),10499,"Ornithodoros, Sus scrofa","6937, 9823",1,16,ECO:0000255,,,,,,,,,,,,,,,,,,,,,,,,,,,
Q9J524,125,Q9J524,,Viruses,Fowlpox virus (strain NVSL),928301,Vertebrata,7742,1,48,ECO:0000255,,,,,,,,,,,,,,,,,,,,,,,,,,,
P68445,182,P68445,P21003,Viruses,Vaccinia virus (strain Copenhagen),10249,Homo sapiens,9606,1,16,ECO:0000255,,,,,,,,,,,,,,,,,,,,,,,,,,,
P27944,226,P27944,,Viruses,African swine fever virus (strain Badajoz 1971 Vero-adapted),10498,"Ornithodoros, Sus scrofa","6937, 9823",1,16,ECO:0000255,,,,,,,,,,,,,,,,,,,,,,,,,,,
Q04463,933,Q04463,,Viruses,Herpesvirus ateles type 1 (strain Lennette),35243,Ateles,9506,1,36,ECO:0000255,,,,798,818,ECO:0000255,,,,,,,,,,,,,,,,,,,,,
Q08100,417,Q08100,,Viruses,Bovine herpesvirus 1.2 (strain ST),45407,Bos taurus,9913,1,18,ECO:0000250,,,,361,389,ECO:0000255,,,,,,,,,,,,,,,,,,,,,
P12647,526,P12647,,Viruses,Sigma virus,11301,Drosophila melanogaster,7227,1,17,ECO:0000255,,,,,,,,,,,,,,,,,,,,,,,,,,,
P28729,1134,P28729,,Viruses,Seoul virus (strain R22),31620,"Homo sapiens, Rattus norvegicus, Rattus rattus","9606, 10116, 10117",1,16,ECO:0000255,,,,485,504,ECO:0000255,627,647,ECO:0000255,1106,1125,ECO:0000255,,,,,,,,,,,,,,,
P25943,325,P25943,Q77PB3,Viruses,Rabbit fibroma virus (strain Kasza),10272,Oryctolagus cuniculus,9986,1,16,ECO:0000255,,,,,,,,,,,,,,,,,,,,,,,,,,,
P41675,62,P41675,,Viruses,Autographa californica nuclear polyhedrosis virus,46015,Lepidoptera,7088,1,19,ECO:0000255,,,,,,,,,,,,,,,,,,,,,,,,,,,
Q9YMP9,356,Q9YMP9,,Viruses,Lymantria dispar multicapsid nuclear polyhedrosis virus,10449,Lepidoptera,7088,1,40,ECO:0000255,,,,,,,,,,,,,,,,,,,,,,,,,,,
P03250,130,P03250,,Viruses,Human adenovirus C serotype 2,10515,Homo sapiens,9606,1,19,ECO:0000250,,,,53,77,ECO:0000255,,,,,,,,,,,,,,,,,,,,,
P31791,671,P31791,Q28416,Viruses,Feline endogenous virus ECE1,11766,Felidae,9681,1,22,ECO:0000255,,,,612,632,ECO:0000255,,,,,,,,,,,,,,,,,,,,,
Q0R5Q9,491,Q0R5Q9,,Viruses,Human T-cell leukemia virus 3 (strain 2026ND),402036,Homo sapiens,9606,1,20,ECO:0000255,,,,445,465,ECO:0000255,,,,,,,,,,,,,,,,,,,,,
Q79670,876,Q79670,,Viruses,Human immunodeficiency virus type 1 group O (isolate MVP5180),388816,Homo sapiens,9606,1,33,ECO:0000255,,,,698,718,ECO:0000255,,,,,,,,,,,,,,,,,,,,,
P04577,858,P04577,,Viruses,Human immunodeficiency virus type 2 subtype A (isolate ROD),11720,Homo sapiens,9606,1,19,ECO:0000255,,,,680,700,ECO:0000255,,,,,,,,,,,,,,,,,,,,,
P03389,408,P03389,,Viruses,Rauscher spleen focus-forming virus,11821,Mus musculus,10090,1,32,ECO:0000255,,,,386,406,ECO:0000255,,,,,,,,,,,,,,,,,,,,,
P69353,550,P69353,P08300,Viruses,Measles virus (strain Edmonston),11235,Homo sapiens,9606,1,23,ECO:0000255,,,,488,518,ECO:0000255,,,,,,,,,,,,,,,,,,,,,
P27286,551,P27286,,Viruses,Human parainfluenza 2 virus (strain Greer),11213,Homo sapiens,9606,1,23,ECO:0000255,,,,493,513,ECO:0000250,,,,,,,,,,,,,,,,,,,,,
P08356,838,P08356,,Viruses,Human herpesvirus 1 (strain HFEM),10303,Homo sapiens,9606,1,18,ECO:0000255,,,,804,824,ECO:0000255,,,,,,,,,,,,,,,,,,,,,
Q68671,278,Q68671,,Viruses,Human cytomegalovirus (strain 5035),69166,Homo sapiens,9606,1,30,ECO:0000255,,,,,,,,,,,,,,,,,,,,,,,,,,,
P52366,86,P52366,,Viruses,Human herpesvirus 7 (strain JI),57278,Homo sapiens,9606,1,29,ECO:0000255,,,,48,68,ECO:0000255,,,,,,,,,,,,,,,,,,,,,
P0C699,212,P0C699,,Viruses,Hepatitis B virus genotype B1 subtype adw (isolate Japan/pJDW233/1988),10413,"Homo sapiens, Pan troglodytes","9606, 9598",1,19,ECO:0000255,,,,,,,,,,,,,,,,,,,,,,,,,,,
P0C6J3,217,P0C6J3,,Viruses,Woodchuck hepatitis B virus (isolate 2),341946,Marmota monax,9995,1,19,ECO:0000255,,,,,,,,,,,,,,,,,,,,,,,,,,,
P03438,566,P03438,Q0PDM6,Viruses,Influenza A virus (strain A/X-31 H3N2),132504,"Aves, Cetacea, Homo sapiens, Phocidae, Sus scrofa","8782, 9721, 9606, 9709, 9823",1,16,ECO:0000255,,,,531,551,ECO:0000255,,,,,,,,,,,,,,,,,,,,,
Q67333,562,Q67333,,Viruses,Influenza A virus (strain A/Singapore/1/1957 H2N2),382781,"Aves, Homo sapiens","8782, 9606",1,15,ECO:0000255,,,,526,546,ECO:0000255,,,,,,,,,,,,,,,,,,,,,
P26103,570,P26103,,Viruses,Influenza A virus (strain A/Equine/Switzerland/137/1972 H7N7),217829,"Aves, Equus caballus, Homo sapiens, Phocidae","8782, 9796, 9606, 9709",1,18,ECO:0000255,,,,534,554,ECO:0000255,,,,,,,,,,,,,,,,,,,,,
P13103,566,P13103,Q0A416,Viruses,Influenza A virus (strain A/Gull/Maryland/704/1977 H13N6),384499,Aves,8782,1,18,ECO:0000255,,,,533,553,ECO:0000255,,,,,,,,,,,,,,,,,,,,,
P07976,564,P07976,"Q0A2I7, Q84009, Q84010",Viruses,Influenza A virus (strain A/Chicken/Pennsylvania/1/1983 H5N2),385586,Aves,8782,1,16,ECO:0000255,,,,528,548,ECO:0000255,,,,,,,,,,,,,,,,,,,,,
P12440,353,P12440,,Viruses,Influenza B virus (strain B/Ann Arbor/1/1986),11521,Homo sapiens,9606,1,7,,,,,,,,,,,,,,,,,,,,,,,,,,,,
Q67375,360,Q67375,,Viruses,Influenza B virus (strain B/Panama/45/1990),408929,Homo sapiens,9606,1,15,ECO:0000255,,,,,,,,,,,,,,,,,,,,,,,,,,,
P68677,179,P68677,Q89451,Viruses,Equine herpesvirus 2 (strain T400/3),82832,Equus caballus,9796,1,18,ECO:0000255,,,,,,,,,,,,,,,,,,,,,,,,,,,
O40633,151,O40633,,Viruses,Saimiriine herpesvirus 2 (strain 488),10384,Saimiri sciureus,9521,1,22,ECO:0000255,,,,,,,,,,,,,,,,,,,,,,,,,,,
A4KX75,474,A4KX75,,Viruses,Heliothis virescens ascovirus 3e,260797,Noctuidae,7100,1,17,ECO:0000255,,,,,,,,,,,,,,,,,,,,,,,,,,,
A3EXD1,121,A3EXD1,,Viruses,Bat coronavirus HKU5,694008,Pipistrellus abramus,105295,1,39,ECO:0000255,,,,,,,,,,,,,,,,,,,,,,,,,,,
P33465,101,P33465,,Viruses,Feline enteric coronavirus (strain 79-1683),33733,Felidae,9681,1,23,ECO:0000255,,,,76,96,ECO:0000255,,,,,,,,,,,,,,,,,,,,,
Q5MQD0,1356,Q5MQD0,,Viruses,Human coronavirus HKU1 (isolate N1),443239,Homo sapiens,9606,1,12,ECO:0000255,,,,1301,1321,ECO:0000255,,,,,,,,,,,,,,,,,,,,,
P16848,595,P16848,Q7M6Q2,Viruses,Human cytomegalovirus (strain AD169),10360,Homo sapiens,9606,1,23,ECO:0000255,,,,,,,,,,,,,,,,,,,,,,,,,,,
P21005,77,P21005,,Viruses,Vaccinia virus (strain Copenhagen),10249,Homo sapiens,9606,1,17,ECO:0000255,,,,,,,,,,,,,,,,,,,,,,,,,,,
P34016,253,P34016,,Viruses,Variola virus (isolate Human/India/Ind3/1967),587200,Homo sapiens,9606,1,17,ECO:0000255,,,,,,,,,,,,,,,,,,,,,,,,,,,
P03218,248,P03218,Q777B4,Viruses,Epstein-Barr virus (strain B95-8),10377,Homo sapiens,9606,1,17,ECO:0000255,,,,210,230,ECO:0000255,,,,,,,,,,,,,,,,,,,,,
P27171,928,P27171,,Viruses,Murid herpesvirus 1 (strain Smith),10367,Mus musculus,10090,1,37,ECO:0000255,,,,784,804,ECO:0000255,,,,,,,,,,,,,,,,,,,,,
P68327,452,P68327,P24379,Viruses,Equine herpesvirus 1 (strain Kentucky D),10330,Equus caballus,9796,1,19,ECO:0000255,,,,406,422,ECO:0000255,,,,,,,,,,,,,,,,,,,,,
Q82683,508,Q82683,,Viruses,Infectious hematopoietic necrosis virus (strain WRAC),429314,Salmo,8028,1,20,ECO:0000255,,,,462,482,ECO:0000255,,,,,,,,,,,,,,,,,,,,,
Q9IKB7,1135,Q9IKB7,,Viruses,Tomato spotted wilt virus (isolate D),267288,"Frankliniella occidentalis, Scirtothrips dorsalis, Solanum lycopersicum, Thrips tabaci","133901, 163899, 4081, 161014",1,35,ECO:0000255,,,,315,366,ECO:0000250,1068,1088,ECO:0000255,,,,,,,,,,,,,,,,,,
P09175,262,P09175,,Viruses,Porcine transmissible gastroenteritis coronavirus (strain FS772/70),11150,Sus scrofa,9823,,,,,,,48,68,ECO:0000255,78,98,ECO:0000255,113,133,ECO:0000255,,,,,,,,,,,,,,,
Q66811,365,Q66811,,Viruses,Tai Forest ebolavirus (strain Cote d'Ivoire-94),128999,"Epomops franqueti, Homo sapiens, Myonycteris torquata","77231, 9606, 77243",1,32,ECO:0000255,,,,,,,,,,,,,,,,,,,,,,,,,,,
Q5UR81,199,Q5UR81,,Viruses,Acanthamoeba polyphaga mimivirus,212035,Acanthamoeba polyphaga,5757,1,25,ECO:0000255,,,,,,,,,,,,,,,,,,,,,,,,,,,
Q04611,660,Q04611,,Viruses,Hepatitis E virus genotype 1 (isolate Human/Myanmar/HEVNE8L),31769,Homo sapiens,9606,1,19,ECO:0000255,,,,,,,,,,,,,,,,,,,,,,,,,,,
P15415,434,P15415,,Viruses,Enterobacteria phage I2-2,10869,Escherichia coli,562,1,19,ECO:0000255,,,,408,429,ECO:0000255,,,,,,,,,,,,,,,,,,,,,
P04494,160,P04494,,Viruses,Human adenovirus C serotype 5,28285,Homo sapiens,9606,1,17,ECO:0000269,,,,125,145,ECO:0000255,,,,,,,,,,,,,,,,,,,,,
P31796,567,P31796,,Viruses,Avian spleen necrosis virus,11899,Galliformes,8976,1,35,ECO:0000255,,,,526,546,ECO:0000255,,,,,,,,,,,,,,,,,,,,,
O41803,849,O41803,,Viruses,Human immunodeficiency virus type 1 group M subtype G (isolate 92NG083),388825,Homo sapiens,9606,1,31,ECO:0000255,,,,671,691,ECO:0000255,,,,,,,,,,,,,,,,,,,,,
Q9WC69,850,Q9WC69,,Viruses,Human immunodeficiency virus type 1 group M subtype J (isolate SE9173),388904,Homo sapiens,9606,1,28,ECO:0000255,,,,679,699,ECO:0000255,,,,,,,,,,,,,,,,,,,,,
Q9TTC0,659,Q9TTC0,,Viruses,Koala retrovirus,394239,Phascolarctos cinereus,38626,1,35,ECO:0000255,,,,607,627,ECO:0000255,,,,,,,,,,,,,,,,,,,,,
P41444,181,P41444,,Viruses,Autographa californica nuclear polyhedrosis virus,46015,Lepidoptera,7088,1,16,ECO:0000255,,,,,,,,,,,,,,,,,,,,,,,,,,,
Q9DUD9,565,Q9DUD9,Q88267,Viruses,Sendai virus (strain Hamamatsu),302271,"Cavia cutleri, Cricetidae sp., Mus musculus, Rattus norvegicus","10144, 36483, 10090, 10116",1,25,ECO:0000250,,,,501,521,ECO:0000250,,,,,,,,,,,,,,,,,,,,,
P27416,686,P27416,,Viruses,Suid herpesvirus 1 (strain Kaplan),33703,Sus scrofa,9823,1,24,ECO:0000255,,,,647,667,ECO:0000255,,,,,,,,,,,,,,,,,,,,,
P52508,250,P52508,,Viruses,Human herpesvirus 6A (strain Uganda-1102),10370,Homo sapiens,9606,1,18,ECO:0000255,,,,,,,,,,,,,,,,,,,,,,,,,,,
P0C6H3,212,P0C6H3,,Viruses,Hepatitis B virus genotype C subtype adr (isolate Japan/Nishioka/1983),482133,Homo sapiens,9606,1,19,ECO:0000255,,,,,,,,,,,,,,,,,,,,,,,,,,,
Q9QAR6,424,Q9QAR6,,Viruses,Bovine coronavirus (strain LSU-94LSS-051),233261,Bos taurus,9913,1,16,ECO:0000255,,,,393,413,ECO:0000255,,,,,,,,,,,,,,,,,,,,,
Q6DQ20,567,Q6DQ20,,Viruses,Influenza A virus (strain A/Chicken/Hong Kong/37.4/2002 H5N1 genotype X2),284172,"Aves, Felis catus, Homo sapiens, Panthera pardus, Panthera tigris, Sus scrofa","8782, 9685, 9606, 9691, 9694, 9823",1,16,ECO:0000255,,,,532,552,ECO:0000255,,,,,,,,,,,,,,,,,,,,,
P03442,566,P03442,,Viruses,Influenza A virus (strain A/Duck/Ukraine/1/1963 H3N8),385580,"Aves, Equus caballus","8782, 9796",1,16,ECO:0000255,,,,531,551,ECO:0000255,,,,,,,,,,,,,,,,,,,,,
P03435,567,P03435,,Viruses,Influenza A virus (strain A/Victoria/3/1975 H3N2),392809,"Aves, Cetacea, Homo sapiens, Phocidae, Sus scrofa","8782, 9721, 9606, 9709, 9823",1,16,ECO:0000255,,,,532,552,ECO:0000255,,,,,,,,,,,,,,,,,,,,,
P22092,585,P22092,,Viruses,Influenza B virus (strain B/Victoria/2/1987),1077587,Homo sapiens,9606,1,15,ECO:0000255,,,,554,574,ECO:0000255,,,,,,,,,,,,,,,,,,,,,
O57261,326,O57261,,Viruses,Vaccinia virus (strain Ankara),126794,Homo sapiens,9606,1,18,ECO:0000255,,,,,,,,,,,,,,,,,,,,,,,,,,,
P30238,57,P30238,,Viruses,Avian infectious bronchitis virus (strain Portugal/322/82),31625,Gallus gallus,9031,1,22,ECO:0000255,,,,,,,,,,,,,,,,,,,,,,,,,,,
Q0Q469,121,Q0Q469,,Viruses,Bat coronavirus 279/2005,389167,Rhinolophus macrotis,196889,1,15,ECO:0000255,,,,,,,,,,,,,,,,,,,,,,,,,,,
P08768,1239,P08768,Q88678,Viruses,Eastern equine encephalitis virus,11021,"Aedes, Homo sapiens, Passeriformes","7158, 9606, 9126",,,,,,,682,702,ECO:0000255,755,775,ECO:0000255,777,797,ECO:0000255,1216,1236,ECO:0000255,,,,,,,,,,,,
P39230,97,P39230,,Viruses,Enterobacteria phage T4,10665,Escherichia coli,562,1,22,ECO:0000255,,,,,,,,,,,,,,,,,,,,,,,,,,,
Q3LZX1,1242,Q3LZX1,,Viruses,Bat coronavirus HKU3,442736,Rhinolophus sinicus,89399,1,13,ECO:0000255,,,,1183,1203,ECO:0000255,,,,,,,,,,,,,,,,,,,,,
Q02385,1376,Q02385,,Viruses,Murine coronavirus (strain JHMV / variant CL-2),33735,Mus musculus,10090,1,13,ECO:0000255,,,,1318,1338,ECO:0000255,,,,,,,,,,,,,,,,,,,,,
P25218,980,P25218,P28922,Viruses,Equine herpesvirus 1 (strain Kentucky D),10330,Equus caballus,9796,1,86,ECO:0000255,,,,850,870,ECO:0000255,,,,,,,,,,,,,,,,,,,,,
Q6S6Q5,468,Q6S6Q5,"P12889, P36321",Viruses,Equine herpesvirus 1 (strain Ab4p),31520,Equus caballus,9796,1,30,ECO:0000255,,,,432,451,ECO:0000255,,,,,,,,,,,,,,,,,,,,,
Q08101,575,Q08101,,Viruses,Bovine herpesvirus 1.2 (strain ST),45407,Bos taurus,9913,1,26,ECO:0000255,,,,424,444,ECO:0000255,,,,,,,,,,,,,,,,,,,,,
O56677,512,O56677,,Viruses,Cocal virus,50713,"Bos taurus, Equus caballus, Insecta","9913, 9796, 50557",1,17,ECO:0000255,,,,469,489,ECO:0000255,,,,,,,,,,,,,,,,,,,,,
Q9JGT4,483,Q9JGT4,,Viruses,Northern cereal mosaic virus,1985704,Hordeum vulgare,4513,1,21,ECO:0000255,,,,443,463,ECO:0000255,,,,,,,,,,,,,,,,,,,,,
Q8B0H6,511,Q8B0H6,,Viruses,Vesicular stomatitis Indiana virus (strain 85CLB South America),434490,"Aedes, Bos taurus, Culicoides, Equus asinus, Equus caballus, Homo sapiens, Lutzomyia, Musca domestica, Simuliidae, Sus scrofa","7158, 9913, 58271, 9793, 9796, 9606, 252607, 7370, 7190, 9823",1,16,ECO:0000255,,,,468,488,ECO:0000255,,,,,,,,,,,,,,,,,,,,,
Q02004,1551,Q02004,,Viruses,Dugbe virus (isolate ArD44313),766194,"Amblyomma variegatum, Homo sapiens, Hyalomma rufipes, Hyalomma truncatum, Rhipicephalus, Rhipicephalus annulatus, Rhipicephalus decoloratus, Rhipicephalus geigyi","34610, 9606, 72862, 72855, 34630, 34611, 60189, 136141",1,17,ECO:0000255,,,,547,567,ECO:0000255,676,696,ECO:0000255,705,725,ECO:0000255,824,844,ECO:0000255,1452,1472,ECO:0000255,,,,,,,,,
Q66799,677,Q66799,"Q5UAK8, Q8JPX8",Viruses,Reston ebolavirus (strain Reston-89),386032,"Epomops franqueti, Homo sapiens, Myonycteris torquata, Sus scrofa","77231, 9606, 77243, 9823",1,33,ECO:0000255,,,,652,672,ECO:0000255,,,,,,,,,,,,,,,,,,,,,
P25878,262,P25878,"Q4U5F8, Q52PA8",Viruses,Feline coronavirus (strain FIPV WSU-79/1146),33734,Felidae,9681,,,,,,,48,68,ECO:0000255,78,98,ECO:0000255,113,133,ECO:0000255,,,,,,,,,,,,,,,
P60170,364,P60170,"O12421, O12717, Q66801, Q66819, Q77LU4, Q8JS61, Q9YMG3",Viruses,Zaire ebolavirus (strain Mayinga-76),128952,"Epomops franqueti, Homo sapiens, Myonycteris torquata","77231, 9606, 77243",1,32,ECO:0000255,,,,,,,,,,,,,,,,,,,,,,,,,,,
Q5UQH9,414,Q5UQH9,,Viruses,Acanthamoeba polyphaga mimivirus,212035,Acanthamoeba polyphaga,5757,1,20,ECO:0000255,,,,,,,,,,,,,,,,,,,,,,,,,,,
Q9IVZ8,658,Q9IVZ8,,Viruses,Hepatitis E virus genotype 4 (isolate Human/China/T1),509627,"Bandicota bengalensis, Callithrix, Cercopithecus hamlyni, Chlorocebus aethiops, Gallus gallus, Homo sapiens, Macaca, Mus musculus, Pan troglodytes, Saimiri, Sus scrofa","69079, 9481, 9536, 9534, 9031, 9606, 9539, 10090, 9598, 9520, 9823",1,19,ECO:0000255,,,,,,,,,,,,,,,,,,,,,,,,,,,
Q9J8B9,337,Q9J8B9,,Viruses,Spodoptera exigua nuclear polyhedrosis virus (strain US),31506,Lepidoptera,7088,1,16,ECO:0000255,,,,,,,,,,,,,,,,,,,,,,,,,,,
P15136,134,P15136,,Viruses,Human adenovirus B serotype 7,10519,Homo sapiens,9606,1,19,ECO:0000255,,,,54,78,ECO:0000255,,,,,,,,,,,,,,,,,,,,,
O12164,856,O12164,,Viruses,Human immunodeficiency virus type 1 group M subtype C (isolate 92BR025),388812,Homo sapiens,9606,1,31,ECO:0000255,,,,678,698,ECO:0000255,,,,,,,,,,,,,,,,,,,,,
P04579,865,P04579,,Viruses,Human immunodeficiency virus type 1 group M subtype B (isolate RF/HAT3),11701,Homo sapiens,9606,1,31,ECO:0000255,,,,694,714,ECO:0000255,,,,,,,,,,,,,,,,,,,,,
Q76638,857,Q76638,,Viruses,Human immunodeficiency virus type 2 subtype B (isolate UC1),388822,Homo sapiens,9606,1,26,ECO:0000255,,,,683,703,ECO:0000255,,,,,,,,,,,,,,,,,,,,,
P69356,550,P69356,P08300,Viruses,Measles virus (strain Leningrad-16),70147,Homo sapiens,9606,1,23,ECO:0000255,,,,488,518,ECO:0000255,,,,,,,,,,,,,,,,,,,,,
P41360,546,P41360,,Viruses,Rinderpest virus (strain RBT1),39007,"Bos indicus, Bos taurus, Bubalus bubalis, Capra hircus, Gazella, Giraffa camelopardalis, Hippopotamus, Ovis aries, Suidae","9915, 9913, 89462, 9925, 9933, 9894, 9832, 9940, 9821",1,19,ECO:0000255,,,,492,512,ECO:0000250,,,,,,,,,,,,,,,,,,,,,
P52353,690,P52353,,Viruses,Human herpesvirus 7 (strain JI),57278,Homo sapiens,9606,1,16,ECO:0000255,,,,668,688,ECO:0000255,,,,,,,,,,,,,,,,,,,,,
P16832,278,P16832,Q7M6S9,Viruses,Human cytomegalovirus (strain AD169),10360,Homo sapiens,9606,1,30,ECO:0000255,,,,,,,,,,,,,,,,,,,,,,,,,,,
Q65ZG0,87,Q65ZG0,,Viruses,Varicella-zoster virus (strain Dumas),10338,Homo sapiens,9606,1,24,ECO:0000255,,,,49,69,ECO:0000255,,,,,,,,,,,,,,,,,,,,,
P0C6J0,211,P0C6J0,,Viruses,Woolly monkey hepatitis B virus (isolate Louisville),490134,Lagothrix lagotricha,9519,1,19,ECO:0000255,,,,,,,,,,,,,,,,,,,,,,,,,,,
P59711,424,P59711,Q98VL2,Viruses,Bovine coronavirus (strain 98TXSF-110-ENT),233262,Bos taurus,9913,1,16,ECO:0000255,,,,393,413,ECO:0000255,,,,,,,,,,,,,,,,,,,,,
Q80A28,548,Q80A28,,Viruses,Influenza A virus (strain A/Chicken/Hong Kong/FY150/2001 H5N1 genotype D),222142,"Aves, Felis catus, Homo sapiens, Panthera pardus, Panthera tigris, Sus scrofa","8782, 9685, 9606, 9691, 9694, 9823",,,,,,,521,541,ECO:0000255,,,,,,,,,,,,,,,,,,,,,
Q82509,568,Q82509,,Viruses,Influenza A virus (strain A/Tern/South Africa/1961 H5N3),384510,Aves,8782,1,16,ECO:0000255,,,,532,552,ECO:0000255,,,,,,,,,,,,,,,,,,,,,
P26135,566,P26135,Q1G0M1,Viruses,Influenza A virus (strain A/Duck/Memphis/928/1974 H3N8),383553,"Aves, Equus caballus","8782, 9796",1,16,ECO:0000255,,,,531,551,ECO:0000255,,,,,,,,,,,,,,,,,,,,,
Q2VNF2,566,Q2VNF2,,Viruses,Influenza A virus (strain A/Memphis/2/1978 H3N2),383580,"Aves, Cetacea, Homo sapiens, Phocidae, Sus scrofa","8782, 9721, 9606, 9709, 9823",1,16,ECO:0000255,,,,531,551,ECO:0000255,,,,,,,,,,,,,,,,,,,,,
P12439,561,P12439,Q0A448,Viruses,Influenza A virus (strain A/Duck/Germany/1949 H10N7),382838,Aves,8782,1,16,ECO:0000255,,,,525,545,ECO:0000255,,,,,,,,,,,,,,,,,,,,,
P10757,583,P10757,,Viruses,Influenza B virus (strain B/England/222/1982),11527,Homo sapiens,9606,1,15,ECO:0000255,,,,552,572,ECO:0000255,,,,,,,,,,,,,,,,,,,,,
Q67378,360,Q67378,,Viruses,Influenza B virus (strain B/Texas/1/1991),291799,Homo sapiens,9606,1,15,ECO:0000255,,,,,,,,,,,,,,,,,,,,,,,,,,,
Q70KP1,430,Q70KP1,,Viruses,Porcine torovirus (strain P10),360395,Sus scrofa,9823,1,27,ECO:0000255,,,,405,425,ECO:0000255,,,,,,,,,,,,,,,,,,,,,
P69613,78,P69613,"P24416, P33466",Viruses,Porcine respiratory coronavirus (strain RM4),11148,Sus scrofa,9823,1,23,ECO:0000255,,,,56,76,ECO:0000255,,,,,,,,,,,,,,,,,,,,,
P25213,351,P25213,Q76ZK5,Viruses,Vaccinia virus (strain Western Reserve),10254,Bos taurus,9913,1,19,ECO:0000255,,,,,,,,,,,,,,,,,,,,,,,,,,,
P36334,1353,P36334,"Q66199, Q66290, Q66291, Q696Q6, Q6TNF9, Q86623",Viruses,Human coronavirus OC43,31631,Homo sapiens,9606,1,13,ECO:0000255,,,,1298,1318,ECO:0000255,,,,,,,,,,,,,,,,,,,,,
P68618,221,P68618,P21059,Viruses,Vaccinia virus (strain Copenhagen),10249,Homo sapiens,9606,,,,,,,2,22,ECO:0000255,,,,,,,,,,,,,,,,,,,,,
P03188,857,P03188,Q777B0,Viruses,Epstein-Barr virus (strain B95-8),10377,Homo sapiens,9606,1,21,ECO:0000255,,,,733,753,ECO:0000255,,,,,,,,,,,,,,,,,,,,,
P08355,913,P08355,,Viruses,Suid herpesvirus 1 (strain Indiana-Funkhauser / Becker),31523,Sus scrofa,9823,1,59,ECO:0000255,,,,798,818,ECO:0000255,,,,,,,,,,,,,,,,,,,,,
P06476,393,P06476,,Viruses,Human herpesvirus 1 (strain HZT),10305,Homo sapiens,9606,1,25,ECO:0000255,,,,339,363,ECO:0000255,,,,,,,,,,,,,,,,,,,,,
Q8BDV6,522,Q8BDV6,,Viruses,Lagos bat virus,38766,"Homo sapiens, Mammalia","9606, 40674",1,25,ECO:0000255,,,,456,476,ECO:0000255,,,,,,,,,,,,,,,,,,,,,
P04883,511,P04883,,Viruses,Vesicular stomatitis Indiana virus (strain Glasgow),11278,"Aedes, Bos taurus, Culicoides, Equus asinus, Equus caballus, Homo sapiens, Lutzomyia, Musca domestica, Simuliidae, Sus scrofa","7158, 9913, 58271, 9793, 9796, 9606, 252607, 7370, 7190, 9823",1,16,ECO:0000255,,,,468,488,ECO:0000255,,,,,,,,,,,,,,,,,,,,,
P12430,1437,P12430,,Viruses,Bunyavirus germiston,11574,Culex,53527,1,21,ECO:0000255,,,,208,228,ECO:0000255,313,333,ECO:0000255,374,394,ECO:0000255,461,481,ECO:0000255,1392,1412,ECO:0000255,,,,,,,,,
P32596,586,P32596,Q77N35,Viruses,Bovine ephemeral fever virus (strain BB7721),928297,"Bos taurus, Bubalus bubalis, Culicoides, Syncerus caffer","9913, 89462, 58271, 9970",1,14,ECO:0000255,,,,545,562,ECO:0000255,,,,,,,,,,,,,,,,,,,,,
P87671,676,P87671,,Viruses,Zaire ebolavirus (strain Eckron-76),129000,"Epomops franqueti, Homo sapiens, Myonycteris torquata","77231, 9606, 77243",1,32,ECO:0000255,,,,651,671,ECO:0000255,,,,,,,,,,,,,,,,,,,,,
P24412,262,P24412,,Viruses,Porcine respiratory coronavirus (strain RM4),11148,Sus scrofa,9823,,,,,,,48,68,ECO:0000255,78,98,ECO:0000255,113,133,ECO:0000255,,,,,,,,,,,,,,,
P60172,372,P60172,Q89455,Viruses,Sudan ebolavirus (strain Boniface-76),128948,"Epomops franqueti, Homo sapiens, Myonycteris torquata","77231, 9606, 77243",1,32,ECO:0000255,,,,,,,,,,,,,,,,,,,,,,,,,,,
Q5UNX0,206,Q5UNX0,,Viruses,Acanthamoeba polyphaga mimivirus,212035,Acanthamoeba polyphaga,5757,1,18,ECO:0000255,,,,,,,,,,,,,,,,,,,,,,,,,,,
Q5UQX7,195,Q5UQX7,,Viruses,Acanthamoeba polyphaga mimivirus,212035,Acanthamoeba polyphaga,5757,1,16,ECO:0000255,,,,,,,,,,,,,,,,,,,,,,,,,,,
P42549,238,P42549,,Viruses,Acholeplasma phage L2,46014,Mycoplasma,2093,1,26,ECO:0000255,,,,,,,,,,,,,,,,,,,,,,,,,,,
Q64747,104,Q64747,,Viruses,Fowl adenovirus A serotype 1 (strain CELO / Phelps),10553,Galliformes,8976,1,18,ECO:0000255,,,,,,,,,,,,,,,,,,,,,,,,,,,
Q5UP33,297,Q5UP33,,Viruses,Acanthamoeba polyphaga mimivirus,212035,Acanthamoeba polyphaga,5757,1,23,ECO:0000255,,,,,,,,,,,,,,,,,,,,,,,,,,,
Q03500,659,Q03500,,Viruses,Hepatitis E virus genotype 2 (isolate Human/Mexico),31768,"Bandicota bengalensis, Callithrix, Cercopithecus hamlyni, Chlorocebus aethiops, Gallus gallus, Homo sapiens, Macaca, Mus musculus, Pan troglodytes, Saimiri, Sus scrofa","69079, 9481, 9536, 9534, 9031, 9606, 9539, 10090, 9598, 9520, 9823",1,23,ECO:0000255,,,,,,,,,,,,,,,,,,,,,,,,,,,
O10363,550,O10363,,Viruses,Orgyia pseudotsugata multicapsid polyhedrosis virus,262177,Orgyia pseudotsugata,33414,1,16,ECO:0000255,,,,,,,,,,,,,,,,,,,,,,,,,,,
P69169,424,P69169,P03662,Viruses,Enterobacteria phage f1,10863,Escherichia coli,562,1,18,ECO:0000250,,,,398,418,ECO:0000255,,,,,,,,,,,,,,,,,,,,,
P68978,159,P68978,P03251,Viruses,Human adenovirus C serotype 2,10515,Homo sapiens,9606,1,17,ECO:0000269,,,,124,144,ECO:0000255,,,,,,,,,,,,,,,,,,,,,
Q9QBY2,842,Q9QBY2,,Viruses,Human immunodeficiency virus type 1 group M subtype K (isolate 96CM-MP535),388906,Homo sapiens,9606,1,31,ECO:0000255,,,,671,691,ECO:0000255,,,,,,,,,,,,,,,,,,,,,
Q9WC60,848,Q9WC60,,Viruses,Human immunodeficiency virus type 1 group M subtype J (isolate SE9280),388905,Homo sapiens,9606,1,28,ECO:0000255,,,,677,697,ECO:0000255,,,,,,,,,,,,,,,,,,,,,
Q1A243,835,Q1A243,,Viruses,Simian immunodeficiency virus (isolate EK505),388912,Pan troglodytes,9598,1,25,ECO:0000255,,,,657,677,ECO:0000255,,,,,,,,,,,,,,,,,,,,,
P26032,534,P26032,,Viruses,Measles virus (strain Yamagata-1),11239,Homo sapiens,9606,1,23,ECO:0000255,,,,488,518,ECO:0000250,,,,,,,,,,,,,,,,,,,,,
P10864,546,P10864,,Viruses,Rinderpest virus (strain L),11243,"Bos indicus, Bos taurus, Bubalus bubalis, Capra hircus, Gazella, Giraffa camelopardalis, Hippopotamus, Ovis aries, Suidae","9915, 9913, 89462, 9925, 9933, 9894, 9832, 9940, 9821",1,19,ECO:0000255,,,,492,512,ECO:0000250,,,,,,,,,,,,,,,,,,,,,
P36337,808,P36337,,Viruses,Meleagrid herpesvirus 1,37108,"Gallus gallus, Meleagris gallopavo","9031, 9103",1,17,ECO:0000255,,,,762,782,ECO:0000255,,,,,,,,,,,,,,,,,,,,,
P10185,224,P10185,"Q09ID2, Q76WT7",Viruses,Human herpesvirus 1 (strain 17),10299,Homo sapiens,9606,1,19,ECO:0000255,,,,,,,,,,,,,,,,,,,,,,,,,,,
Q04568,183,Q04568,,Viruses,Porcine reproductive and respiratory syndrome virus (strain Lelystad),11049,Sus scrofa,9823,1,22,ECO:0000255,,,,158,177,ECO:0000255,,,,,,,,,,,,,,,,,,,,,
Q66165,424,Q66165,,Viruses,Bovine coronavirus (strain G95),230235,Bos taurus,9913,1,16,ECO:0000255,,,,393,413,ECO:0000255,,,,,,,,,,,,,,,,,,,,,
Q6DQ22,555,Q6DQ22,,Viruses,Influenza A virus (strain A/Guinea fowl/Hong Kong/38/2002 H5N1 genotype X0),284208,"Aves, Felis catus, Homo sapiens, Panthera pardus, Panthera tigris, Sus scrofa","8782, 9685, 9606, 9691, 9694, 9823",1,14,ECO:0000255,,,,530,550,ECO:0000255,,,,,,,,,,,,,,,,,,,,,
P26094,570,P26094,,Viruses,Influenza A virus (strain A/Equine/Cambridge/1/1963 H7N7),217837,"Aves, Equus caballus, Homo sapiens, Phocidae","8782, 9796, 9606, 9709",1,18,ECO:0000255,,,,534,554,ECO:0000255,,,,,,,,,,,,,,,,,,,,,
P03447,109,P03447,,Viruses,Influenza A virus (strain A/Shearwater/Australia/1975 H5N3),11462,Aves,8782,1,16,ECO:0000255,,,,,,,,,,,,,,,,,,,,,,,,,,,
P26141,566,P26141,Q1G0L8,Viruses,Influenza A virus (strain A/Swine/Ukkel/1/1984 H3N2),385644,"Aves, Cetacea, Homo sapiens, Phocidae, Sus scrofa","8782, 9721, 9606, 9709, 9823",1,16,ECO:0000255,,,,531,551,ECO:0000255,,,,,,,,,,,,,,,,,,,,,
P09766,576,P09766,,Viruses,Influenza B virus (strain B/USSR/100/1983),230286,Homo sapiens,9606,,,,,,,545,565,ECO:0000255,,,,,,,,,,,,,,,,,,,,,
P16808,171,P16808,"Q69029, Q7M6G1, Q7M6U1",Viruses,Human cytomegalovirus (strain AD169),10360,Homo sapiens,9606,1,25,ECO:0000255,,,,80,100,ECO:0000255,,,,,,,,,,,,,,,,,,,,,
P30237,57,P30237,Q89429,Viruses,Avian infectious bronchitis virus (strain Beaudette),11122,Gallus gallus,9031,1,23,ECO:0000255,,,,,,,,,,,,,,,,,,,,,,,,,,,
Q7TFA0,39,Q7TFA0,Q7TLC8,Viruses,Severe acute respiratory syndrome coronavirus,694009,"Homo sapiens, Paguma larvata","9606, 9675",1,15,ECO:0000255,,,,,,,,,,,,,,,,,,,,,,,,,,,
Q5WQY5,1248,Q5WQY5,,Viruses,Chikungunya virus (strain Nagpur),371096,"Aedes aegypti, Aedes albopictus, Aedes furcifer, Aedes polynesiensis, Cercopithecus, Homo sapiens, Macaca, Pan troglodytes, Papio, Presbytis","7159, 7160, 299627, 188700, 9533, 9606, 9539, 9598, 9554, 9573",,,,,,,693,713,ECO:0000255,764,784,ECO:0000255,796,816,ECO:0000255,1225,1245,ECO:0000255,,,,,,,,,,,,
O90371,1247,O90371,,Viruses,O'nyong-nyong virus (strain Igbo Ora),79899,"Anopheles, Homo sapiens","44482, 9606",,,,,,,692,712,ECO:0000255,763,783,ECO:0000255,788,808,ECO:0000255,1224,1244,ECO:0000255,,,,,,,,,,,,
Q69577,143,Q69577,Q69544,Viruses,Human herpesvirus 6A (strain Uganda-1102),10370,Homo sapiens,9606,1,26,ECO:0000255,,,,,,,,,,,,,,,,,,,,,,,,,,,
Q0Q475,1241,Q0Q475,,Viruses,Bat coronavirus 279/2005,389167,Rhinolophus macrotis,196889,1,13,ECO:0000255,,,,1182,1202,ECO:0000255,,,,,,,,,,,,,,,,,,,,,
P22432,1376,P22432,,Viruses,Murine coronavirus (strain 4),12760,Mus musculus,10090,1,13,ECO:0000255,,,,1318,1338,ECO:0000255,,,,,,,,,,,,,,,,,,,,,
P33852,216,P33852,,Viruses,Variola virus (isolate Human/India/Ind3/1967),587200,Homo sapiens,9606,,,,,,,2,22,ECO:0000255,,,,,,,,,,,,,,,,,,,,,
P18551,980,P18551,,Viruses,Equine herpesvirus 1 (strain AB1),10328,Equus caballus,9796,1,86,ECO:0000255,,,,850,870,ECO:0000255,,,,,,,,,,,,,,,,,,,,,
P03172,393,P03172,A7U8A6,Viruses,Human herpesvirus 2 (strain 333),10313,Homo sapiens,9606,1,25,ECO:0000255,,,,340,363,ECO:0000255,,,,,,,,,,,,,,,,,,,,,
Q6E0W7,591,Q6E0W7,,Viruses,Maize mosaic virus (isolate Maize/United States/Reed/2005),928305,"Rottboellia, Setaria, Sorghum bicolor, Zea mays","300124, 4554, 4558, 4577",1,21,ECO:0000255,,,,553,573,ECO:0000255,,,,,,,,,,,,,,,,,,,,,
Q8B0I1,511,Q8B0I1,,Viruses,Vesicular stomatitis Indiana virus (strain 98COE North America),434488,"Aedes, Bos taurus, Culicoides, Equus asinus, Equus caballus, Homo sapiens, Lutzomyia, Musca domestica, Simuliidae, Sus scrofa","7158, 9913, 58271, 9793, 9796, 9606, 252607, 7370, 7190, 9823",1,16,ECO:0000255,,,,468,488,ECO:0000255,,,,,,,,,,,,,,,,,,,,,
P04875,1441,P04875,,Viruses,Bunyavirus snowshoe hare,11580,"Aedes, Bos taurus, Canis lupus familiaris, Culex, Culiseta, Equus caballus, Gallus gallus, Homo sapiens, Lepus americanus","7158, 9913, 9615, 7174, 174825, 9796, 9031, 9606, 48086",1,13,,,,,201,221,ECO:0000255,306,326,ECO:0000255,366,386,ECO:0000255,453,473,ECO:0000255,1396,1416,ECO:0000255,,,,,,,,,
Q66810,676,Q66810,,Viruses,Tai Forest ebolavirus (strain Cote d'Ivoire-94),128999,"Epomops franqueti, Homo sapiens, Myonycteris torquata","77231, 9606, 77243",1,32,ECO:0000255,,,,651,671,ECO:0000255,,,,,,,,,,,,,,,,,,,,,
Q7T9E0,372,Q7T9E0,,Viruses,Sudan ebolavirus (strain Human/Uganda/Gulu/2000),386033,"Epomops franqueti, Homo sapiens, Myonycteris torquata","77231, 9606, 77243",1,32,ECO:0000255,,,,,,,,,,,,,,,,,,,,,,,,,,,
Q0E590,252,Q0E590,,Viruses,Spodoptera frugiperda ascovirus 1a,113370,Spodoptera frugiperda,7108,1,20,ECO:0000255,,,,,,,,,,,,,,,,,,,,,,,,,,,
P41428,690,P41428,,Viruses,Autographa californica nuclear polyhedrosis virus,46015,Lepidoptera,7088,1,37,ECO:0000255,,,,,,,,,,,,,,,,,,,,,,,,,,,
Q8V5U0,367,Q8V5U0,,Viruses,Heliothis zea nuclear polyhedrosis virus,28290,Lepidoptera,7088,1,25,ECO:0000255,,,,,,,,,,,,,,,,,,,,,,,,,,,
Q03816,488,Q03816,,Viruses,Human T-cell leukemia virus 1 (isolate Caribbea CH subtype A),39016,Homo sapiens,9606,1,20,ECO:0000255,,,,443,463,ECO:0000255,,,,,,,,,,,,,,,,,,,,,
Q9QBZ4,843,Q9QBZ4,,Viruses,Human immunodeficiency virus type 1 group M subtype F2 (isolate MP255),388815,Homo sapiens,9606,1,33,ECO:0000255,,,,672,692,ECO:0000255,,,,,,,,,,,,,,,,,,,,,
P05883,856,P05883,,Viruses,Human immunodeficiency virus type 2 subtype A (isolate NIH-Z),11719,Homo sapiens,9606,1,22,ECO:0000255,,,,671,691,ECO:0000255,,,,,,,,,,,,,,,,,,,,,
P06445,640,P06445,"Q85628, Q85629, Q89529",Viruses,Rauscher mink cell focus-inducing virus,11784,Mus musculus,10090,1,32,ECO:0000255,,,,585,605,ECO:0000255,,,,,,,,,,,,,,,,,,,,,
P35973,550,P35973,,Viruses,Measles virus (strain Edmonston-AIK-C vaccine),36408,Homo sapiens,9606,1,23,ECO:0000255,,,,488,518,ECO:0000255,,,,,,,,,,,,,,,,,,,,,
P25467,551,P25467,,Viruses,Human parainfluenza 2 virus,2560525,Homo sapiens,9606,1,23,ECO:0000255,,,,493,513,ECO:0000250,,,,,,,,,,,,,,,,,,,,,
P06477,838,P06477,"B9VQE9, Q09IB1",Viruses,Human herpesvirus 1 (strain 17),10299,Homo sapiens,9606,1,18,ECO:0000255,,,,804,824,ECO:0000255,,,,,,,,,,,,,,,,,,,,,
Q68670,278,Q68670,,Viruses,Human cytomegalovirus (strain 4654),69164,Homo sapiens,9606,1,30,ECO:0000255,,,,,,,,,,,,,,,,,,,,,,,,,,,
P52547,84,P52547,,Viruses,Human herpesvirus 6B (strain Z29),36351,Homo sapiens,9606,1,26,ECO:0000255,,,,46,66,ECO:0000255,,,,,,,,,,,,,,,,,,,,,
Q4R1S0,214,Q4R1S0,,Viruses,Hepatitis B virus genotype A3 (isolate Cameroon/CMR711/1994),489459,"Homo sapiens, Pan troglodytes","9606, 9598",1,19,ECO:0000255,,,,,,,,,,,,,,,,,,,,,,,,,,,
P0C6J2,218,P0C6J2,,Viruses,Woodchuck hepatitis B virus (isolate 1),10430,Marmota monax,9995,1,20,ECO:0000255,,,,,,,,,,,,,,,,,,,,,,,,,,,
P0C0W0,416,P0C0W0,O39517,Viruses,Breda virus 2,360394,Bos taurus,9913,1,14,ECO:0000255,,,,394,414,ECO:0000255,,,,,,,,,,,,,,,,,,,,,
P36346,563,P36346,Q67110,Viruses,Influenza A virus (strain A/Chicken/Weybridge H7N7),11384,"Aves, Equus caballus, Homo sapiens, Phocidae","8782, 9796, 9606, 9709",1,18,ECO:0000255,,,,530,550,ECO:0000255,,,,,,,,,,,,,,,,,,,,,
P03450,108,P03450,,Viruses,Influenza A virus (strain A/RI/5-/1957 H2N2),382828,"Aves, Homo sapiens","8782, 9606",1,15,ECO:0000255,,,,,,,,,,,,,,,,,,,,,,,,,,,
P03448,566,P03448,,Viruses,Influenza A virus (strain A/Shearwater/Australia/1972 H6N5),383604,Aves,8782,1,16,ECO:0000255,,,,530,550,ECO:0000255,,,,,,,,,,,,,,,,,,,,,
P03453,566,P03453,Q1WP09,Viruses,Influenza A virus (strain A/USSR/90/1977 H1N1),381516,"Aves, Homo sapiens, Sus scrofa","8782, 9606, 9823",1,17,ECO:0000255,,,,530,550,ECO:0000255,,,,,,,,,,,,,,,,,,,,,
P11135,566,P11135,Q0A2G5,Viruses,Influenza A virus (strain A/Turkey/Ireland/1378/1983 H5N8),380285,Aves,8782,1,16,ECO:0000255,,,,530,550,ECO:0000255,,,,,,,,,,,,,,,,,,,,,
O56140,568,O56140,"O56262, Q9WAA0",Viruses,Influenza A virus (strain A/Hong Kong/156/1997 H5N1 genotype Gs/Gd),130763,"Aves, Felis catus, Homo sapiens, Panthera pardus, Panthera tigris, Sus scrofa","8782, 9685, 9606, 9691, 9694, 9823",1,16,ECO:0000255,,,,532,552,ECO:0000255,,,,,,,,,,,,,,,,,,,,,
Q67377,362,Q67377,,Viruses,Influenza B virus (strain B/Paris/329/1990),291795,Homo sapiens,9606,1,15,ECO:0000255,,,,,,,,,,,,,,,,,,,,,,,,,,,
P68678,179,P68678,Q89451,Viruses,Equine herpesvirus 2 (strain 86/87),82831,Equus caballus,9796,1,18,ECO:0000255,,,,,,,,,,,,,,,,,,,,,,,,,,,
P24916,151,P24916,,Viruses,Saimiriine herpesvirus 2 (strain 11),10383,Saimiri sciureus,9521,1,22,ECO:0000255,,,,,,,,,,,,,,,,,,,,,,,,,,,
A3EX95,91,A3EX95,,Viruses,Bat coronavirus HKU4,694007,Tylonycteris pachypus,258959,1,19,ECO:0000255,,,,,,,,,,,,,,,,,,,,,,,,,,,
Q7T6S7,101,Q7T6S7,,Viruses,Canine coronavirus (strain BGF10),441619,Canis lupus familiaris,9615,1,23,ECO:0000255,,,,81,101,ECO:0000255,,,,,,,,,,,,,,,,,,,,,
P15423,1173,P15423,"P89342, P89343, P89344, Q66174, Q990M1, Q990M2, Q990M3, Q990M4",Viruses,Human coronavirus 229E,11137,Homo sapiens,9606,1,15,ECO:0000255,,,,1116,1135,ECO:0000255,,,,,,,,,,,,,,,,,,,,,
Q91AV1,1383,Q91AV1,,Viruses,Porcine epidemic diarrhea virus (strain CV777),229032,Sus scrofa,9823,1,25,ECO:0000255,,,,1325,1344,ECO:0000255,,,,,,,,,,,,,,,,,,,,,
Q69553,293,Q69553,Q69041,Viruses,Human herpesvirus 6A (strain Uganda-1102),10370,Homo sapiens,9606,1,21,ECO:0000255,,,,262,282,ECO:0000255,,,,,,,,,,,,,,,,,,,,,
P26704,119,P26704,,Viruses,African swine fever virus (isolate Portugal/Lis 57/1957),10499,"Ornithodoros, Sus scrofa","6937, 9823",1,17,ECO:0000255,,,,,,,,,,,,,,,,,,,,,,,,,,,
P24770,272,P24770,Q76ZL5,Viruses,Vaccinia virus (strain Western Reserve),10254,Bos taurus,9913,1,13,ECO:0000255,,,,,,,,,,,,,,,,,,,,,,,,,,,
P19063,258,P19063,,Viruses,Vaccinia virus (strain Lister),10252,Homo sapiens,9606,1,17,ECO:0000255,,,,,,,,,,,,,,,,,,,,,,,,,,,
P24904,883,P24904,,Viruses,Infectious laryngotracheitis virus (strain Thorne V882),10344,Gallus gallus,9031,1,31,ECO:0000255,,,,751,771,ECO:0000255,,,,,,,,,,,,,,,,,,,,,
Q6DLD9,452,Q6DLD9,P24379,Viruses,Equine herpesvirus 1 (strain Ab4p),31520,Equus caballus,9796,1,19,ECO:0000255,,,,406,422,ECO:0000255,,,,,,,,,,,,,,,,,,,,,
P07923,508,P07923,,Viruses,Infectious hematopoietic necrosis virus (strain Round Butte),11291,Salmo,8028,1,20,,,,,462,482,ECO:0000255,,,,,,,,,,,,,,,,,,,,,
Q5GA86,588,Q5GA86,,Viruses,Taro vein chlorosis virus,2749935,Colocasia esculenta,4460,1,22,ECO:0000255,,,,548,568,ECO:0000255,,,,,,,,,,,,,,,,,,,,,
P36291,1135,P36291,,Viruses,Tomato spotted wilt virus (strain Brazilian Br-01),36413,"Frankliniella occidentalis, Scirtothrips dorsalis, Solanum lycopersicum, Thrips tabaci","133901, 163899, 4081, 161014",1,35,ECO:0000255,,,,315,366,"ECO:0000255, ECO:0000303",1068,1088,ECO:0000255,,,,,,,,,,,,,,,,,,
O11458,364,O11458,,Viruses,Zaire ebolavirus (strain Gabon-94),128947,"Epomops franqueti, Homo sapiens, Myonycteris torquata","77231, 9606, 77243",1,32,ECO:0000255,,,,,,,,,,,,,,,,,,,,,,,,,,,
P20747,283,P20747,,Viruses,Fowl adenovirus A serotype 1 (strain CELO / Phelps),10553,Galliformes,8976,1,55,ECO:0000255,,,,,,,,,,,,,,,,,,,,,,,,,,,
Q8QLK1,337,Q8QLK1,,Viruses,Mamestra configurata nucleopolyhedrovirus,207830,Mamestra configurata,174822,1,16,ECO:0000255,,,,,,,,,,,,,,,,,,,,,,,,,,,
P11316,134,P11316,,Viruses,Human adenovirus B serotype 3,45659,Homo sapiens,9606,1,21,ECO:0000255,,,,54,78,ECO:0000255,,,,,,,,,,,,,,,,,,,,,
Q09SZ7,493,Q09SZ7,,Viruses,Human T-cell leukemia virus 3 (strain Pyl43),406769,Homo sapiens,9606,1,22,ECO:0000255,,,,447,467,ECO:0000255,,,,,,,,,,,,,,,,,,,,,
P12490,421,P12490,,Viruses,Human immunodeficiency virus type 1 group M subtype B (isolate NY5),11698,Homo sapiens,9606,1,31,ECO:0000250,,,,,,,,,,,,,,,,,,,,,,,,,,,
P32536,712,P32536,,Viruses,Human immunodeficiency virus type 2 subtype A (isolate ST/24.1C#2),31681,Homo sapiens,9606,1,24,ECO:0000255,,,,674,694,ECO:0000255,,,,,,,,,,,,,,,,,,,,,
P03396,601,P03396,"Q64984, Q77YG9, Q86355",Viruses,Rous sarcoma virus subgroup C (strain Prague),11888,Gallus gallus,9031,1,62,ECO:0000305,,,,555,575,ECO:0000255,,,,,,,,,,,,,,,,,,,,,
P69354,550,P69354,P08300,Viruses,Measles virus (strain Edmonston B),70146,Homo sapiens,9606,1,23,ECO:0000255,,,,488,518,ECO:0000255,,,,,,,,,,,,,,,,,,,,,
P26629,551,P26629,,Viruses,Human parainfluenza 2 virus (strain Toshiba),11214,Homo sapiens,9606,1,23,ECO:0000255,,,,493,513,ECO:0000250,,,,,,,,,,,,,,,,,,,,,
P68323,694,P68323,P30001,Viruses,Human herpesvirus 6A (strain GS),10369,Homo sapiens,9606,1,16,ECO:0000255,,,,672,692,ECO:0000255,,,,,,,,,,,,,,,,,,,,,
Q68672,278,Q68672,,Viruses,Human cytomegalovirus (strain 5040),69165,Homo sapiens,9606,1,30,ECO:0000255,,,,,,,,,,,,,,,,,,,,,,,,,,,
P0C6G7,212,P0C6G7,,Viruses,Hepatitis B virus genotype B2 (isolate Indonesia/pIDW420/1988),10412,"Homo sapiens, Pan troglodytes","9606, 9598",1,19,ECO:0000255,,,,,,,,,,,,,,,,,,,,,,,,,,,
P0C6J4,218,P0C6J4,,Viruses,Woodchuck hepatitis B virus (isolate 59),10431,Marmota monax,9995,1,19,ECO:0000255,,,,,,,,,,,,,,,,,,,,,,,,,,,
Q8QPL1,568,Q8QPL1,,Viruses,Influenza A virus (strain A/Duck/Hong Kong/2986.1/2000 H5N1 genotype C),176674,"Aves, Felis catus, Homo sapiens, Panthera pardus, Panthera tigris, Sus scrofa","8782, 9685, 9606, 9691, 9694, 9823",1,16,ECO:0000255,,,,532,552,ECO:0000255,,,,,,,,,,,,,,,,,,,,,
P09345,564,P09345,Q0A2H6,Viruses,Influenza A virus (strain A/Chicken/Scotland/1959 H5N1),402527,"Aves, Felis catus, Homo sapiens, Panthera pardus, Panthera tigris, Sus scrofa","8782, 9685, 9606, 9691, 9694, 9823",1,16,ECO:0000255,,,,528,548,ECO:0000255,,,,,,,,,,,,,,,,,,,,,
P26095,570,P26095,,Viruses,Influenza A virus (strain A/Equine/Cambridge/1/1973 H7N7),217835,"Aves, Equus caballus, Homo sapiens, Phocidae","8782, 9796, 9606, 9709",1,18,ECO:0000255,,,,534,554,ECO:0000255,,,,,,,,,,,,,,,,,,,,,
P19694,564,P19694,,Viruses,Influenza A virus (strain A/Budgerigar/Hokkaido/1/1977 H4N6),385587,"Aves, Sus scrofa","8782, 9823",1,16,ECO:0000255,,,,528,548,ECO:0000255,,,,,,,,,,,,,,,,,,,,,
P17504,585,P17504,,Viruses,Influenza B virus (strain B/Beijing/1/1987),11525,Homo sapiens,9606,1,15,ECO:0000255,,,,554,574,ECO:0000255,,,,,,,,,,,,,,,,,,,,,
Q67376,360,Q67376,,Viruses,Influenza B virus (strain B/South Dakota/5/1989),291805,Homo sapiens,9606,1,15,ECO:0000255,,,,,,,,,,,,,,,,,,,,,,,,,,,
P17150,175,P17150,"Q7M6T2, Q9J7C4",Viruses,Human cytomegalovirus (strain AD169),10360,Homo sapiens,9606,1,19,ECO:0000255,,,,,,,,,,,,,,,,,,,,,,,,,,,
Q38162,77,Q38162,Q66LQ9,Viruses,Escherichia phage T5,2695836,Escherichia coli,562,1,15,,,,,,,,,,,,,,,,,,,,,,,,,,,,
Q0E587,386,Q0E587,,Viruses,Spodoptera frugiperda ascovirus 1a,113370,Spodoptera frugiperda,7108,1,34,ECO:0000255,,,,,,,,,,,,,,,,,,,,,,,,,,,
P05992,78,P05992,,Viruses,Porcine transmissible gastroenteritis coronavirus (strain FS772/70),11150,Sus scrofa,9823,1,23,ECO:0000255,,,,58,78,ECO:0000250,,,,,,,,,,,,,,,,,,,,,
Q14EB0,1351,Q14EB0,,Viruses,Human coronavirus HKU1 (isolate N2),443240,Homo sapiens,9606,1,12,ECO:0000255,,,,1296,1316,ECO:0000255,,,,,,,,,,,,,,,,,,,,,
P16745,228,P16745,Q7M6K1,Viruses,Human cytomegalovirus (strain AD169),10360,Homo sapiens,9606,1,19,ECO:0000255,,,,189,209,ECO:0000255,,,,,,,,,,,,,,,,,,,,,
P24771,77,P24771,Q76ZL4,Viruses,Vaccinia virus (strain Western Reserve),10254,Bos taurus,9913,1,17,ECO:0000255,,,,,,,,,,,,,,,,,,,,,,,,,,,
P12640,932,P12640,,Viruses,Bovine herpesvirus 1.1 (strain Cooper),10323,Bos taurus,9913,1,62,ECO:0000255,,,,807,827,ECO:0000255,,,,,,,,,,,,,,,,,,,,,
P89053,854,P89053,,Viruses,Rhesus cytomegalovirus (strain 68-1),47929,Macaca mulatta,9544,1,30,ECO:0000255,,,,724,744,ECO:0000255,,,,,,,,,,,,,,,,,,,,,
P22484,442,P22484,,Viruses,Equine herpesvirus 1 (strain Kentucky A),10329,Equus caballus,9796,1,19,ECO:0000255,,,,406,422,ECO:0000255,,,,,,,,,,,,,,,,,,,,,
Q5VKP3,524,Q5VKP3,,Viruses,Irkut virus,249583,Murina leucogaster,187017,1,19,ECO:0000255,,,,460,480,ECO:0000255,,,,,,,,,,,,,,,,,,,,,
P27662,507,P27662,,Viruses,Viral hemorrhagic septicemia virus (strain 07-71),11288,"Coregonus lavaretus, Esox lucius, Oncorhynchus kisutch, Oncorhynchus mykiss, Oncorhynchus tshawytscha, Salmo trutta, Salvelinus namaycush, Thymallus thymallus","59291, 8010, 8019, 8022, 74940, 8032, 8040, 36185",1,20,ECO:0000255,,,,462,482,ECO:0000255,,,,,,,,,,,,,,,,,,,,,
Q9IKB5,1135,Q9IKB5,,Viruses,Tomato spotted wilt virus (strain Regular2A),267287,"Frankliniella occidentalis, Scirtothrips dorsalis, Solanum lycopersicum, Thrips tabaci","133901, 163899, 4081, 161014",1,35,ECO:0000255,,,,315,366,"ECO:0000250, ECO:0000255",1068,1088,ECO:0000255,,,,,,,,,,,,,,,,,,
Q91DD7,367,Q91DD7,,Viruses,Reston ebolavirus (strain Philippines-96),129003,"Homo sapiens, Macaca fascicularis, Pteropodinae, Sus scrofa","9606, 9541, 77225, 9823",1,33,ECO:0000255,,,,,,,,,,,,,,,,,,,,,,,,,,,
Q5UR19,492,Q5UR19,,Viruses,Acanthamoeba polyphaga mimivirus,212035,Acanthamoeba polyphaga,5757,1,22,ECO:0000255,,,,,,,,,,,,,,,,,,,,,,,,,,,
Q6J8F7,660,Q6J8F7,"O36613, Q6J8G3",Viruses,Hepatitis E virus genotype 3 (isolate Swine/United States/swUS1),512345,"Bandicota bengalensis, Callithrix, Cercopithecus hamlyni, Chlorocebus aethiops, Homo sapiens, Macaca, Mus musculus, Pan troglodytes, Saimiri, Sus scrofa","69079, 9481, 9536, 9534, 9606, 9539, 10090, 9598, 9520, 9823",1,23,ECO:0000255,,,,,,,,,,,,,,,,,,,,,,,,,,,
Q5UR02,579,Q5UR02,,Viruses,Acanthamoeba polyphaga mimivirus,212035,Acanthamoeba polyphaga,5757,1,19,ECO:0000255,,,,,,,,,,,,,,,,,,,,,,,,,,,
P03661,424,P03661,,Viruses,Enterobacteria phage fd,2847073,Escherichia coli,562,1,18,ECO:0000269,,,,398,418,ECO:0000255,,,,,,,,,,,,,,,,,,,,,
P11323,172,P11323,,Viruses,Human adenovirus B serotype 3,45659,Homo sapiens,9606,1,19,ECO:0000255,,,,137,157,ECO:0000255,,,,,,,,,,,,,,,,,,,,,
P03399,582,P03399,,Viruses,Avian reticuloendotheliosis virus,11636,Galliformes,8976,1,35,ECO:0000255,,,,520,540,ECO:0000255,,,,,,,,,,,,,,,,,,,,,
Q9QBZ8,851,Q9QBZ8,,Viruses,Human immunodeficiency virus type 1 group M subtype K (isolate 97ZR-EQTB11),388907,Homo sapiens,9606,1,31,ECO:0000255,,,,680,700,ECO:0000255,,,,,,,,,,,,,,,,,,,,,
P19549,852,P19549,,Viruses,Human immunodeficiency virus type 1 group M subtype B (isolate SF33),11690,Homo sapiens,9606,1,31,ECO:0000255,,,,681,701,ECO:0000255,,,,,,,,,,,,,,,,,,,,,
P31621,615,P31621,,Viruses,Sheep pulmonary adenomatosis virus,11746,Ovis aries,9940,1,84,ECO:0000255,,,,379,402,ECO:0000255,,,,,,,,,,,,,,,,,,,,,
Q02837,854,Q02837,,Viruses,Simian immunodeficiency virus agm.grivet (isolate AGM gr-1),31684,Cercopithecidae,9527,1,20,ECO:0000255,,,,706,726,ECO:0000255,,,,,,,,,,,,,,,,,,,,,
P69358,550,P69358,P08300,Viruses,Measles virus (strain Edmonston-Zagreb vaccine),70149,Homo sapiens,9606,1,23,ECO:0000255,,,,488,518,ECO:0000255,,,,,,,,,,,,,,,,,,,,,
P41356,546,P41356,,Viruses,Rinderpest virus (strain RBOK),36409,"Bos indicus, Bos taurus, Bubalus bubalis, Capra hircus, Gazella, Giraffa camelopardalis, Hippopotamus, Ovis aries, Suidae","9915, 9913, 89462, 9925, 9933, 9894, 9832, 9940, 9821",1,19,ECO:0000255,,,,492,512,ECO:0000250,,,,,,,,,,,,,,,,,,,,,
P16492,717,P16492,,Viruses,Saimiriine herpesvirus 2 (strain 11),10383,Saimiri sciureus,9521,1,18,ECO:0000255,,,,694,714,ECO:0000255,,,,,,,,,,,,,,,,,,,,,
P28278,224,P28278,,Viruses,Human herpesvirus 2 (strain HG52),10315,Homo sapiens,9606,1,16,ECO:0000255,,,,,,,,,,,,,,,,,,,,,,,,,,,
P16750,466,P16750,Q7M6L8,Viruses,Human cytomegalovirus (strain AD169),10360,Homo sapiens,9606,1,30,ECO:0000255,,,,,,,,,,,,,,,,,,,,,,,,,,,
P0C6H2,212,P0C6H2,Q9E6S7,Viruses,Hepatitis B virus genotype C (isolate Vietnam/3270/2000),489472,"Homo sapiens, Pan troglodytes","9606, 9598",1,19,ECO:0000255,,,,,,,,,,,,,,,,,,,,,,,,,,,
P59710,424,P59710,P24351,Viruses,Bovine coronavirus (strain L9),11130,Bos taurus,9913,1,16,ECO:0000255,,,,393,413,ECO:0000255,,,,,,,,,,,,,,,,,,,,,
Q6DQ21,567,Q6DQ21,,Viruses,Influenza A virus (strain A/Chicken/Hong Kong/31.2/2002 H5N1 genotype X1),284169,"Aves, Felis catus, Homo sapiens, Panthera pardus, Panthera tigris, Sus scrofa","8782, 9685, 9606, 9691, 9694, 9823",1,16,ECO:0000255,,,,532,552,ECO:0000255,,,,,,,,,,,,,,,,,,,,,
P15658,565,P15658,"Q67097, Q67098, Q83987, Q83988",Viruses,Influenza A virus (strain A/Equine/Miami/1/1963 H3N8),387222,"Aves, Equus caballus","8782, 9796",1,16,ECO:0000255,,,,530,550,ECO:0000255,,,,,,,,,,,,,,,,,,,,,
P04660,100,P04660,,Viruses,Influenza A virus (strain A/Duck/New York/12/1978 H11N6),11369,Aves,8782,1,16,ECO:0000255,,,,,,,,,,,,,,,,,,,,,,,,,,,
P09767,578,P09767,,Viruses,Influenza B virus (strain B/Victoria/3/1985),11547,Homo sapiens,9606,,,,,,,547,567,ECO:0000255,,,,,,,,,,,,,,,,,,,,,
Q04523,326,Q04523,Q77DR6,Viruses,Cowpox virus (strain Brighton Red),265872,"Bos taurus, Felis catus, Homo sapiens, Loxodonta africana, Microtus agrestis, Mus musculus, Myodes glareolus","9913, 9685, 9606, 9785, 29092, 10090, 447135",1,18,ECO:0000255,,,,,,,,,,,,,,,,,,,,,,,,,,,
P16809,234,P16809,Q7M572,Viruses,Human cytomegalovirus (strain AD169),10360,Homo sapiens,9606,1,23,ECO:0000255,,,,183,203,ECO:0000255,,,,,,,,,,,,,,,,,,,,,
P51728,186,P51728,,Viruses,Haemophilus phage HP1 (strain HP1c1),1289570,Haemophilus influenzae,727,,,,,,,1,18,ECO:0000255,,,,,,,,,,,,,,,,,,,,,
P05137,57,P05137,"Q0GNB7, Q5I5X8",Viruses,Avian infectious bronchitis virus (strain M41),11127,Gallus gallus,9031,1,22,ECO:0000255,,,,,,,,,,,,,,,,,,,,,,,,,,,
Q8JUX5,1248,Q8JUX5,"Q80S29, Q8QR21",Viruses,Chikungunya virus (strain S27-African prototype),371094,"Aedes aegypti, Aedes albopictus, Aedes furcifer, Aedes polynesiensis, Cercopithecus, Homo sapiens, Macaca, Pan troglodytes, Papio, Presbytis","7159, 7160, 299627, 188700, 9533, 9606, 9539, 9598, 9554, 9573",,,,,,,693,713,ECO:0000255,764,784,ECO:0000255,796,816,ECO:0000255,1225,1245,ECO:0000255,,,,,,,,,,,,
O90369,1247,O90369,,Viruses,O'nyong-nyong virus (strain SG650),374989,"Anopheles, Homo sapiens","44482, 9606",,,,,,,692,712,ECO:0000255,763,783,ECO:0000255,788,808,ECO:0000255,1224,1244,ECO:0000255,,,,,,,,,,,,
Q0Q466,1371,Q0Q466,,Viruses,Bat coronavirus 512/2005,693999,Scotophilus kuhlii,153297,1,23,ECO:0000255,,,,1313,1332,ECO:0000255,,,,,,,,,,,,,,,,,,,,,
P11224,1324,P11224,O39227,Viruses,Murine coronavirus (strain A59),11142,Mus musculus,10090,1,13,ECO:0000255,,,,1266,1286,ECO:0000255,,,,,,,,,,,,,,,,,,,,,
Q6DLH8,980,Q6DLH8,P28922,Viruses,Equine herpesvirus 1 (strain Ab4p),31520,Equus caballus,9796,1,86,ECO:0000255,,,,850,870,ECO:0000255,,,,,,,,,,,,,,,,,,,,,
P14378,521,P14378,,Viruses,Bovine herpesvirus 1.1 (strain Cooper),10323,Bos taurus,9913,1,21,,,,,476,496,ECO:0000255,,,,,,,,,,,,,,,,,,,,,
P13180,530,P13180,"Q5IX87, Q5IX88, Q5IX89, Q5IX90, Q5IX91, Q5IX92, Q5IX93, Q6TYA0",Viruses,Chandipura virus (strain I653514),11273,"Homo sapiens, Phlebotominae","9606, 7198",1,21,ECO:0000255,,,,474,494,ECO:0000255,,,,,,,,,,,,,,,,,,,,,
P0C572,522,P0C572,,Viruses,Mokola virus,12538,"Canis lupus familiaris, Chodsigoa caovansunga, Felis catus, Rodentia","9615, 269271, 9685, 9989",1,19,ECO:0000255,,,,456,476,ECO:0000255,,,,,,,,,,,,,,,,,,,,,
P04884,511,P04884,,Viruses,Vesicular stomatitis Indiana virus (strain Orsay),11284,"Aedes, Bos taurus, Culicoides, Equus asinus, Equus caballus, Homo sapiens, Lutzomyia, Musca domestica, Simuliidae, Sus scrofa","7158, 9913, 58271, 9793, 9796, 9606, 252607, 7370, 7190, 9823",1,16,,,,,468,488,ECO:0000255,,,,,,,,,,,,,,,,,,,,,
P04505,1433,P04505,,Viruses,Bunyamwera virus,35304,"Aedes aegypti, Homo sapiens","7159, 9606",1,16,,,,,204,224,ECO:0000255,309,329,ECO:0000255,370,390,ECO:0000255,457,477,ECO:0000255,1388,1408,ECO:0000255,,,,,,,,,
Q91DD8,677,Q91DD8,,Viruses,Reston ebolavirus (strain Philippines-96),129003,"Homo sapiens, Macaca fascicularis, Pteropodinae, Sus scrofa","9606, 9541, 77225, 9823",1,33,ECO:0000255,,,,652,672,ECO:0000255,,,,,,,,,,,,,,,,,,,,,
P13304,97,P13304,,Viruses,Enterobacteria phage T4,10665,Escherichia coli,562,1,24,"ECO:0000255, ECO:0000269",,,,,,,,,,,,,,,,,,,,,,,,,,,
P60171,364,P60171,"O12421, O12717, Q66801, Q66819, Q6V1Q6, Q9YMG3",Viruses,Zaire ebolavirus (strain Kikwit-95),128951,"Epomops franqueti, Homo sapiens, Myonycteris torquata","77231, 9606, 77243",1,32,ECO:0000255,,,,,,,,,,,,,,,,,,,,,,,,,,,
O10282,657,O10282,,Viruses,Orgyia pseudotsugata multicapsid polyhedrosis virus,262177,Orgyia pseudotsugata,33414,1,17,ECO:0000255,,,,,,,,,,,,,,,,,,,,,,,,,,,
Q5UR42,137,Q5UR42,,Viruses,Acanthamoeba polyphaga mimivirus,212035,Acanthamoeba polyphaga,5757,1,19,ECO:0000255,,,,,,,,,,,,,,,,,,,,,,,,,,,
Q7T6Y2,1624,Q7T6Y2,,Viruses,Acanthamoeba polyphaga mimivirus,212035,Acanthamoeba polyphaga,5757,1,25,ECO:0000255,,,,747,767,ECO:0000255,,,,,,,,,,,,,,,,,,,,,
P18559,104,P18559,,Viruses,African swine fever virus (strain Badajoz 1971 Vero-adapted),10498,"Ornithodoros, Sus scrofa","6937, 9823",1,31,ECO:0000250,,,,,,,,,,,,,,,,,,,,,,,,,,,
P68332,338,P68332,P10237,Viruses,Human herpesvirus 1 (strain MP),10307,Homo sapiens,9606,1,30,,,,,122,140,ECO:0000255,213,233,ECO:0000255,244,264,ECO:0000255,302,322,ECO:0000255,,,,,,,,,,,,
P15416,84,P15416,,Viruses,Enterobacteria phage I2-2,10869,Escherichia coli,562,1,29,,,,,55,73,ECO:0000250,,,,,,,,,,,,,,,,,,,,,
P25505,515,P25505,,Viruses,Bovine leukemia virus (isolate American VDM),11904,Bos taurus,9913,1,33,ECO:0000255,,,,436,456,ECO:0000255,,,,,,,,,,,,,,,,,,,,,
P06752,639,P06752,,Viruses,Feline leukemia virus (strain C/Sarma),103919,Felis catus,9685,1,34,ECO:0000255,,,,584,604,ECO:0000255,,,,,,,,,,,,,,,,,,,,,
P03377,861,P03377,Q85582,Viruses,Human immunodeficiency virus type 1 group M subtype B (isolate BRU/LAI),11686,Homo sapiens,9606,1,32,ECO:0000255,,,,690,710,ECO:0000255,,,,,,,,,,,,,,,,,,,,,
Q9IDV2,836,Q9IDV2,,Viruses,Human immunodeficiency virus type 1 group N (isolate YBF106),388819,Homo sapiens,9606,1,21,ECO:0000255,,,,657,677,ECO:0000255,,,,,,,,,,,,,,,,,,,,,
P26803,676,P26803,,Viruses,Friend murine leukemia virus (isolate PVC-211),11798,Mus musculus,10090,1,34,ECO:0000255,,,,621,641,ECO:0000255,,,,,,,,,,,,,,,,,,,,,
P19503,889,P19503,,Viruses,Simian immunodeficiency virus (isolate PBj14/BCL-3),11738,Cercopithecidae,9527,1,22,ECO:0000255,,,,705,725,ECO:0000255,,,,,,,,,,,,,,,,,,,,,
P06156,553,P06156,,Viruses,Newcastle disease virus (strain Beaudette C/45),11178,Gallus gallus,9031,1,31,ECO:0000255,,,,501,521,ECO:0000250,,,,,,,,,,,,,,,,,,,,,
P24614,538,P24614,,Viruses,Turkey rhinotracheitis virus,11264,Meleagris gallopavo,9103,1,18,ECO:0000255,,,,490,510,ECO:0000255,,,,,,,,,,,,,,,,,,,,,
P52512,156,P52512,,Viruses,Suid herpesvirus 1 (strain Kaplan),33703,Sus scrofa,9823,1,16,ECO:0000255,,,,,,,,,,,,,,,,,,,,,,,,,,,
P20494,142,P20494,,Viruses,Vaccinia virus (strain Copenhagen),10249,Homo sapiens,9606,1,18,ECO:0000255,,,,101,121,ECO:0000255,,,,,,,,,,,,,,,,,,,,,
P0C573,212,P0C573,,Viruses,Hepatitis B virus genotype D subtype ayw (isolate France/Tiollais/1979),490133,"Homo sapiens, Pan troglodytes","9606, 9598",1,19,ECO:0000255,,,,,,,,,,,,,,,,,,,,,,,,,,,
Q5MQD1,386,Q5MQD1,,Viruses,Human coronavirus HKU1 (isolate N1),443239,Homo sapiens,9606,1,11,ECO:0000255,,,,360,380,ECO:0000255,,,,,,,,,,,,,,,,,,,,,
Q2F4V2,565,Q2F4V2,,Viruses,Influenza A virus (strain A/Goose/Guangxi/345/2005 H5N1 genotype G),365089,"Aves, Felis catus, Homo sapiens, Panthera pardus, Panthera tigris, Sus scrofa","8782, 9685, 9606, 9691, 9694, 9823",1,16,ECO:0000255,,,,531,551,ECO:0000255,,,,,,,,,,,,,,,,,,,,,
P03437,566,P03437,"A0PC85, Q67132",Viruses,Influenza A virus (strain A/Aichi/2/1968 H3N2),387139,"Aves, Cetacea, Homo sapiens, Phocidae, Sus scrofa","8782, 9721, 9606, 9709, 9823",1,16,ECO:0000255,,,,531,551,ECO:0000255,,,,,,,,,,,,,,,,,,,,,
Q2RFA5,566,Q2RFA5,,Viruses,Influenza A virus (strain A/Memphis/110/1976 H3N2),383581,"Aves, Cetacea, Homo sapiens, Phocidae, Sus scrofa","8782, 9721, 9606, 9709, 9823",1,16,ECO:0000255,,,,531,551,ECO:0000255,,,,,,,,,,,,,,,,,,,,,
Q67370,360,Q67370,,Viruses,Influenza B virus (strain B/Guangdong/55/1989),291802,Homo sapiens,9606,1,15,ECO:0000255,,,,,,,,,,,,,,,,,,,,,,,,,,,
P07971,642,P07971,,Viruses,Influenza C virus (strain C/Great lakes/1167/1954),11557,"Homo sapiens, Sus scrofa","9606, 9823",1,1,,,,,618,638,ECO:0000255,,,,,,,,,,,,,,,,,,,,,
Q3I5J0,122,Q3I5J0,,Viruses,Bat coronavirus Rp3/2004,349344,"Rhinolophus ferrumequinum, Rhinolophus macrotis, Rhinolophus pearsonii, Rhinolophus sinicus","59479, 196889, 188571, 89399",1,15,ECO:0000250,,,,97,117,ECO:0000255,,,,,,,,,,,,,,,,,,,,,
P36330,1254,P36330,"Q66582, Q66583, Q66584, Q66585, Q66586",Viruses,Venezuelan equine encephalitis virus (strain Everglades Fe3-7c),36383,"Bos taurus, Didelphis marsupialis, Equus asinus, Equus caballus, Homo sapiens, Melanoconion, Philander opossum, Proechimys, Sigmodon hispidus","9913, 9268, 9793, 9796, 9606, 53535, 9272, 10162, 42415",,,,,,,703,723,ECO:0000255,769,789,ECO:0000255,791,811,ECO:0000255,1225,1245,ECO:0000255,,,,,,,,,,,,
Q8VA10,1063,Q8VA10,Q8VA12,Viruses,Rubella virus (strain RN-UK86),376267,Homo sapiens,9606,,,,,,,535,555,ECO:0000250,1029,1049,ECO:0000250,,,,,,,,,,,,,,,,,,
P15240,163,P15240,,Viruses,Staphylococcus phage 42D,10715,Staphylococcus aureus,1280,1,27,ECO:0000255,,,,,,,,,,,,,,,,,,,,,,,,,,,
O90304,1583,O90304,Q3T8J0,Viruses,Breda virus 1,360393,Bos taurus,9913,1,20,ECO:0000255,,,,1554,1574,ECO:0000255,,,,,,,,,,,,,,,,,,,,,
P27655,1225,P27655,,Viruses,Porcine respiratory coronavirus (strain 86/137004 / isolate British),33736,Sus scrofa,9823,1,12,ECO:0000255,,,,1167,1186,ECO:0000255,,,,,,,,,,,,,,,,,,,,,
P23061,341,P23061,,Viruses,Choristoneura biennis entomopoxvirus,10288,Choristoneura fumiferana,7141,1,20,ECO:0000269,,,,,,,,,,,,,,,,,,,,,,,,,,,
P41713,506,P41713,Q9YMK2,Viruses,Lymantria dispar multicapsid nuclear polyhedrosis virus,10449,Lepidoptera,7088,1,18,ECO:0000255,,,,,,,,,,,,,,,,,,,,,,,,,,,
P16721,275,P16721,Q7M6T3,Viruses,Human cytomegalovirus (strain AD169),10360,Homo sapiens,9606,1,31,ECO:0000255,,,,228,248,ECO:0000255,,,,,,,,,,,,,,,,,,,,,
P16756,327,P16756,Q7M6R8,Viruses,Human cytomegalovirus (strain AD169),10360,Homo sapiens,9606,1,23,ECO:0000255,,,,,,,,,,,,,,,,,,,,,,,,,,,
P33865,322,P33865,,Viruses,Variola virus (isolate Human/India/Ind3/1967),587200,Homo sapiens,9606,1,20,ECO:0000255,,,,287,307,ECO:0000255,,,,,,,,,,,,,,,,,,,,,
P10211,904,P10211,"B9VQF5, Q09IA6",Viruses,Human herpesvirus 1 (strain 17),10299,Homo sapiens,9606,1,30,ECO:0000255,,,,775,795,ECO:0000255,,,,,,,,,,,,,,,,,,,,,
P10228,511,P10228,,Viruses,Human herpesvirus 1 (strain 17),10299,Homo sapiens,9606,1,24,ECO:0000255,,,,481,497,ECO:0000255,,,,,,,,,,,,,,,,,,,,,
P04488,550,P04488,"B9VQK2, Q09I69",Viruses,Human herpesvirus 1 (strain 17),10299,Homo sapiens,9606,1,20,ECO:0000255,,,,420,440,ECO:0000255,,,,,,,,,,,,,,,,,,,,,
P03524,524,P03524,A3F5L8,Viruses,Rabies virus (strain ERA),11295,"Homo sapiens, Mammalia","9606, 40674",1,19,,,,,460,480,ECO:0000255,,,,,,,,,,,,,,,,,,,,,
Q6DLD8,424,Q6DLD8,P18553,Viruses,Equine herpesvirus 1 (strain Ab4p),31520,Equus caballus,9796,1,22,ECO:0000255,,,,320,340,ECO:0000255,,,,,,,,,,,,,,,,,,,,,
P27315,1142,P27315,,Viruses,Prospect Hill virus,3052492,Microtus pennsylvanicus,10058,1,21,ECO:0000255,,,,490,510,ECO:0000255,634,654,ECO:0000255,1111,1131,ECO:0000255,,,,,,,,,,,,,,,
Q1PD50,681,Q1PD50,,Viruses,Lake Victoria marburgvirus (strain Angola/2005),378830,"Chlorocebus aethiops, Homo sapiens, Rousettus aegyptiacus","9534, 9606, 9407",1,18,ECO:0000250,,,,649,669,ECO:0000255,,,,,,,,,,,,,,,,,,,,,
P41717,509,P41717,,Viruses,Choristoneura fumiferana nuclear polyhedrosis virus,208973,Choristoneura fumiferana,7141,1,17,ECO:0000255,,,,480,502,ECO:0000255,,,,,,,,,,,,,,,,,,,,,
Q7TLR9,833,Q7TLR9,,Viruses,Choristoneura fumiferana nuclear polyhedrosis virus,208973,Choristoneura fumiferana,7141,1,18,ECO:0000255,,,,,,,,,,,,,,,,,,,,,,,,,,,
Q5UNY7,248,Q5UNY7,,Viruses,Acanthamoeba polyphaga mimivirus,212035,Acanthamoeba polyphaga,5757,1,26,ECO:0000255,,,,,,,,,,,,,,,,,,,,,,,,,,,
Q5URA7,169,Q5URA7,,Viruses,Acanthamoeba polyphaga mimivirus,212035,Acanthamoeba polyphaga,5757,1,18,ECO:0000255,,,,,,,,,,,,,,,,,,,,,,,,,,,
Q6S6R5,343,Q6S6R5,P28933,Viruses,Equine herpesvirus 1 (strain Ab4p),31520,Equus caballus,9796,1,31,ECO:0000255,,,,119,139,ECO:0000255,214,234,ECO:0000255,252,272,ECO:0000255,304,324,ECO:0000255,,,,,,,,,,,,
P03663,434,P03663,,Viruses,Salmonella phage IKe,10867,Escherichia coli,562,1,19,ECO:0000255,,,,408,429,ECO:0000255,,,,,,,,,,,,,,,,,,,,,
P35771,166,P35771,,Viruses,Human adenovirus B serotype 11 (strain BC34),343463,Homo sapiens,9606,1,19,ECO:0000255,,,,132,152,ECO:0000255,,,,,,,,,,,,,,,,,,,,,
P10269,563,P10269,,Viruses,Baboon endogenous virus (strain M7),11764,"Papio, Theropithecus gelada","9554, 9565",1,18,ECO:0000255,,,,504,524,ECO:0000255,,,,,,,,,,,,,,,,,,,,,
P21443,668,P21443,,Viruses,Feline leukemia virus (isolate CFE-6),11922,Felidae,9681,1,34,ECO:0000255,,,,606,626,ECO:0000255,,,,,,,,,,,,,,,,,,,,,
Q77377,863,Q77377,,Viruses,Human immunodeficiency virus type 1 group O (isolate ANT70),327105,Homo sapiens,9606,1,32,ECO:0000255,,,,685,705,ECO:0000255,,,,,,,,,,,,,,,,,,,,,
Q9Q714,859,Q9Q714,,Viruses,Human immunodeficiency virus type 1 group M subtype H (isolate VI991),388888,Homo sapiens,9606,1,28,ECO:0000255,,,,688,708,ECO:0000255,,,,,,,,,,,,,,,,,,,,,
P03388,640,P03388,Q85501,Viruses,Mink cell focus-forming murine leukemia virus (isolate CI-3),11936,Mus musculus,10090,1,32,ECO:0000255,,,,583,603,ECO:0000255,,,,,,,,,,,,,,,,,,,,,
P08810,881,P08810,,Viruses,Simian immunodeficiency virus (isolate Mm251),11734,Cercopithecidae,9527,1,19,ECO:0000255,,,,697,717,ECO:0000255,,,,,,,,,,,,,,,,,,,,,
P19716,538,P19716,,Viruses,Mumps virus (strain SBL-1),11173,Homo sapiens,9606,1,19,ECO:0000250,,,,487,507,ECO:0000255,,,,,,,,,,,,,,,,,,,,,
P04856,565,P04856,,Viruses,Sendai virus (strain Harris),11196,"Cavia cutleri, Cricetidae sp., Mus musculus, Rattus norvegicus","10144, 36483, 10090, 10116",1,25,ECO:0000250,,,,501,521,ECO:0000250,,,,,,,,,,,,,,,,,,,,,
P27593,686,P27593,,Viruses,Suid herpesvirus 1 (strain Rice),10350,Sus scrofa,9823,1,24,ECO:0000255,,,,647,667,ECO:0000255,,,,,,,,,,,,,,,,,,,,,
P52509,246,P52509,,Viruses,Human herpesvirus 7 (strain JI),57278,Homo sapiens,9606,1,19,ECO:0000255,,,,,,,,,,,,,,,,,,,,,,,,,,,
Q776B5,139,Q776B5,,Viruses,Camelpox virus (strain CMS),203172,Camelus,9836,1,19,ECO:0000255,,,,,,,,,,,,,,,,,,,,,,,,,,,
P0C6H5,212,P0C6H5,,Viruses,Hepatitis B virus genotype C subtype adr (strain Japan/adr4/1983),10409,"Homo sapiens, Pan troglodytes","9606, 9598",1,19,ECO:0000255,,,,,,,,,,,,,,,,,,,,,,,,,,,
P31613,424,P31613,,Viruses,Bovine coronavirus (strain LY-138),11131,Bos taurus,9913,1,16,ECO:0000255,,,,393,413,ECO:0000255,,,,,,,,,,,,,,,,,,,,,
Q6J8E7,566,Q6J8E7,,Viruses,Influenza A virus (strain A/Chicken/Hong Kong/96.1/2002 H5N1 genotype Y),279803,"Aves, Felis catus, Homo sapiens, Panthera pardus, Panthera tigris, Sus scrofa","8782, 9685, 9606, 9691, 9694, 9823",1,16,ECO:0000255,,,,532,552,ECO:0000255,,,,,,,,,,,,,,,,,,,,,
P26096,570,P26096,,Viruses,Influenza A virus (strain A/Equine/C.Detroit/1/1964 H7N7),217836,"Aves, Equus caballus, Homo sapiens, Phocidae","8782, 9796, 9606, 9709",1,18,ECO:0000255,,,,534,554,ECO:0000255,,,,,,,,,,,,,,,,,,,,,
P04662,83,P04662,,Viruses,Influenza A virus (strain A/Tern/Australia/G70C/1975 H11N9),384509,Aves,8782,1,16,ECO:0000255,,,,,,,,,,,,,,,,,,,,,,,,,,,
P19698,564,P19698,Q20PM3,Viruses,Influenza A virus (strain A/Grey teal/Australia/2/1979 H4N4),402464,Aves,8782,1,16,ECO:0000255,,,,528,548,ECO:0000255,,,,,,,,,,,,,,,,,,,,,
Q9WCE8,566,Q9WCE8,,Viruses,Influenza A virus (strain A/Swine/Netherlands/12/1985 H1N1),380347,"Aves, Homo sapiens, Sus scrofa","8782, 9606, 9823",1,17,ECO:0000255,,,,530,550,ECO:0000255,,,,,,,,,,,,,,,,,,,,,
Q67381,362,Q67381,,Viruses,Influenza B virus (strain B/Victoria/19/1989),291804,Homo sapiens,9606,1,15,ECO:0000255,,,,,,,,,,,,,,,,,,,,,,,,,,,
P20978,315,P20978,,Viruses,Vaccinia virus (strain Copenhagen),10249,Homo sapiens,9606,1,16,ECO:0000250,,,,280,303,ECO:0000255,,,,,,,,,,,,,,,,,,,,,
P25212,326,P25212,Q76ZK8,Viruses,Vaccinia virus (strain Western Reserve),10254,Bos taurus,9913,1,18,ECO:0000255,,,,,,,,,,,,,,,,,,,,,,,,,,,
P30240,57,P30240,,Viruses,Avian infectious bronchitis virus (strain UK/183/66),31629,Gallus gallus,9031,1,23,ECO:0000255,,,,,,,,,,,,,,,,,,,,,,,,,,,
Q3I5I8,121,Q3I5I8,,Viruses,Bat coronavirus Rp3/2004,349344,"Rhinolophus ferrumequinum, Rhinolophus macrotis, Rhinolophus pearsonii, Rhinolophus sinicus","59479, 196889, 188571, 89399",1,15,ECO:0000255,,,,,,,,,,,,,,,,,,,,,,,,,,,
P27284,1240,P27284,,Viruses,Eastern equine encephalitis virus (strain va33[ten broeck]),11022,"Aedes, Homo sapiens, Passeriformes","7158, 9606, 9126",,,,,,,683,703,ECO:0000255,759,779,ECO:0000255,781,801,ECO:0000255,1217,1237,ECO:0000255,,,,,,,,,,,,
P08491,1254,P08491,"Q88613, Q88614, Q88615, Q88616, Q88617, Q88728",Viruses,Ross river virus (strain T48),11032,"Aedes, Culex annulirostris, Homo sapiens, Macropus sp.","7158, 162997, 9606, 9322",,,,,,,695,715,ECO:0000255,772,792,ECO:0000255,794,814,ECO:0000255,1232,1252,ECO:0000255,,,,,,,,,,,,
A3EXD0,1352,A3EXD0,,Viruses,Bat coronavirus HKU5,694008,Pipistrellus abramus,105295,1,12,ECO:0000255,,,,1298,1318,ECO:0000255,,,,,,,,,,,,,,,,,,,,,
Q8BB25,1349,Q8BB25,,Viruses,Porcine hemagglutinating encephalomyelitis virus (strain 67N),230237,Sus scrofa,9823,1,13,ECO:0000255,,,,1294,1314,ECO:0000255,,,,,,,,,,,,,,,,,,,,,
P69339,270,P69339,"P16774, Q7M6R9",Viruses,Human cytomegalovirus (strain Towne),10363,Homo sapiens,9606,1,29,ECO:0000255,,,,84,104,ECO:0000255,,,,,,,,,,,,,,,,,,,,,
P14334,183,P14334,Q7M6G5,Viruses,Human cytomegalovirus (strain AD169),10360,Homo sapiens,9606,1,19,ECO:0000255,,,,145,165,ECO:0000255,,,,,,,,,,,,,,,,,,,,,
P26705,121,P26705,,Viruses,African swine fever virus (isolate Portugal/Lis 57/1957),10499,"Ornithodoros, Sus scrofa","6937, 9823",1,20,ECO:0000255,,,,,,,,,,,,,,,,,,,,,,,,,,,
P17472,919,P17472,,Viruses,Equine herpesvirus 4 (strain 1942),10333,Equus caballus,9796,1,28,ECO:0000255,,,,789,809,ECO:0000255,,,,,,,,,,,,,,,,,,,,,
P22596,485,P22596,,Viruses,Equine herpesvirus 4 (strain 1942),10333,Equus caballus,9796,1,32,,,,,445,468,,,,,,,,,,,,,,,,,,,,,,
Q04548,604,Q04548,,Viruses,Cercopithecine herpesvirus 9 (strain DHV),36348,Chlorocebus aethiops,9534,1,24,ECO:0000255,,,,527,544,ECO:0000255,,,,,,,,,,,,,,,,,,,,,
A4UHQ1,524,A4UHQ1,,Viruses,European bat lyssavirus 1 (strain Bat/Germany/RV9/1968),453115,Mammalia,40674,1,19,ECO:0000255,,,,460,480,ECO:0000255,,,,,,,,,,,,,,,,,,,,,
Q85213,529,Q85213,,Viruses,Piry virus,11274,Gracilinanus microtarsus,126289,1,18,ECO:0000255,,,,470,490,ECO:0000255,,,,,,,,,,,,,,,,,,,,,
Q5VKN9,525,Q5VKN9,,Viruses,West Caucasian bat virus,249584,Miniopterus schreibersii,9433,1,17,ECO:0000255,,,,460,480,ECO:0000255,,,,,,,,,,,,,,,,,,,,,
P16493,1134,P16493,,Viruses,Hantaan virus (strain Hojo),11583,"Apodemus agrarius, Homo sapiens","39030, 9606",1,18,ECO:0000255,,,,488,508,ECO:0000255,628,648,ECO:0000255,1105,1125,ECO:0000255,,,,,,,,,,,,,,,
Q66814,676,Q66814,,Viruses,Sudan ebolavirus (strain Boniface-76),128948,"Epomops franqueti, Homo sapiens, Myonycteris torquata","77231, 9606, 77243",1,32,ECO:0000255,,,,651,671,ECO:0000255,,,,,,,,,,,,,,,,,,,,,
A4KX72,376,A4KX72,,Viruses,Heliothis virescens ascovirus 3e,260797,Noctuidae,7100,1,22,ECO:0000255,,,,,,,,,,,,,,,,,,,,,,,,,,,
O10337,55,O10337,,Viruses,Orgyia pseudotsugata multicapsid polyhedrosis virus,262177,Orgyia pseudotsugata,33414,1,19,ECO:0000255,,,,,,,,,,,,,,,,,,,,,,,,,,,
Q91CL9,324,Q91CL9,,Viruses,Antheraea pernyi nuclear polyhedrosis virus,161494,Antheraea pernyi,7119,1,16,ECO:0000255,,,,,,,,,,,,,,,,,,,,,,,,,,,
P00589,560,P00589,,Viruses,Corynephage beta,10703,Corynebacterium diphtheriae,1717,1,25,,,,,,,,,,,,,,,,,,,,,,,,,,,,
P15133,91,P15133,,Viruses,Human adenovirus C serotype 2,10515,Homo sapiens,9606,,,,,,,5,25,ECO:0000255,35,60,ECO:0000255,,,,,,,,,,,,,,,,,,
P03392,534,P03392,,Viruses,Feline sarcoma virus (strain Snyder-Theilen),11780,Felidae,9681,1,34,ECO:0000255,,,,,,,,,,,,,,,,,,,,,,,,,,,
P20871,848,P20871,,Viruses,Human immunodeficiency virus type 1 group M subtype B (isolate JRCSF),11688,Homo sapiens,9606,1,31,ECO:0000255,,,,677,697,ECO:0000255,,,,,,,,,,,,,,,,,,,,,
P18094,860,P18094,,Viruses,Human immunodeficiency virus type 2 subtype A (isolate BEN),11714,Homo sapiens,9606,1,22,ECO:0000255,,,,679,699,ECO:0000255,,,,,,,,,,,,,,,,,,,,,
P10259,688,P10259,,Viruses,Mouse mammary tumor virus (strain BR6),11758,Mus musculus,10090,1,98,ECO:0000250,,,,625,645,ECO:0000255,,,,,,,,,,,,,,,,,,,,,
P51515,574,P51515,,Viruses,Simian retrovirus SRV-2,39068,Macaca mulatta,9544,1,22,ECO:0000255,,,,515,535,ECO:0000255,,,,,,,,,,,,,,,,,,,,,
P12569,662,P12569,Q65991,Viruses,Canine distemper virus (strain Onderstepoort),11233,"Ailuropoda melanoleuca, Ailurus fulgens, Canis lupus familiaris, Mustela, Panthera leo, Procyon lotor, Zalophus californianus","9646, 9649, 9615, 9665, 9689, 9654, 9704",1,135,ECO:0000255,,,,609,629,ECO:0000255,,,,,,,,,,,,,,,,,,,,,
P33615,553,P33615,,Viruses,Newcastle disease virus (strain Queensland/66),11186,Gallus gallus,9031,1,31,ECO:0000255,,,,501,521,ECO:0000250,,,,,,,,,,,,,,,,,,,,,
Q6DLH1,848,Q6DLH1,"P09101, Q66681",Viruses,Equine herpesvirus 1 (strain Ab4p),31520,Equus caballus,9796,1,24,ECO:0000255,,,,809,829,ECO:0000255,,,,,,,,,,,,,,,,,,,,,
Q77CE4,96,Q77CE4,,Viruses,Bovine herpesvirus 1.1 (strain Cooper),10323,Bos taurus,9913,1,21,ECO:0000255,,,,55,75,ECO:0000255,,,,,,,,,,,,,,,,,,,,,
P0C692,214,P0C692,,Viruses,Hepatitis B virus genotype A2 subtype adw (isolate Japan/Nishioka/1983),482134,"Homo sapiens, Pan troglodytes","9606, 9598",1,19,ECO:0000255,,,,,,,,,,,,,,,,,,,,,,,,,,,
P89951,212,P89951,,Viruses,Gibbon hepatitis B virus subtype ayw3q (isolate Hope),489544,Hylobatidae,9577,1,19,ECO:0000255,,,,,,,,,,,,,,,,,,,,,,,,,,,
P31614,439,P31614,O55252,Viruses,Murine coronavirus (strain S),11145,Mus musculus,10090,1,22,ECO:0000255,,,,408,428,ECO:0000255,,,,,,,,,,,,,,,,,,,,,
Q0A448,561,P12439,Q0A448,Viruses,Influenza A virus (strain A/Duck/Germany/1949 H10N7),382838,Aves,8782,1,16,ECO:0000255,,,,525,545,ECO:0000255,,,,,,,,,,,,,,,,,,,,,
P03449,566,P03449,Q3YPZ5,Viruses,Influenza A virus (strain A/Memphis/1/1971 H3N2),383586,"Aves, Cetacea, Homo sapiens, Phocidae, Sus scrofa","8782, 9721, 9606, 9709, 9823",1,16,ECO:0000255,,,,531,551,ECO:0000255,,,,,,,,,,,,,,,,,,,,,
P19697,564,P19697,Q67117,Viruses,Influenza A virus (strain A/Duck/New Zealand/31/1976 H4N6),385592,"Aves, Sus scrofa","8782, 9823",1,16,ECO:0000255,,,,528,548,ECO:0000255,,,,,,,,,,,,,,,,,,,,,
P26136,568,P26136,,Viruses,Influenza A virus (strain A/Mallard/Astrakhan/263/1982 H14N5),352564,Aves,8782,1,17,ECO:0000255,,,,532,552,ECO:0000255,,,,,,,,,,,,,,,,,,,,,
P26140,566,P26140,Q194S8,Viruses,Influenza A virus (strain A/Swine/Indiana/1726/1988 H1N1),384487,"Aves, Homo sapiens, Sus scrofa","8782, 9606, 9823",1,17,ECO:0000255,,,,530,550,ECO:0000255,,,,,,,,,,,,,,,,,,,,,
Q67372,362,Q67372,,Viruses,Influenza B virus (strain B/India/3/1989),291806,Homo sapiens,9606,1,15,ECO:0000255,,,,,,,,,,,,,,,,,,,,,,,,,,,
P07968,642,P07968,,Viruses,Influenza C virus (strain C/Pig/Beijing/10/1981),11564,"Homo sapiens, Sus scrofa","9606, 9823",,,,,,,618,638,ECO:0000255,,,,,,,,,,,,,,,,,,,,,
Q04704,213,Q04704,,Viruses,Canine coronavirus (strain K378),33732,Canis lupus familiaris,9615,1,15,ECO:0000255,,,,,,,,,,,,,,,,,,,,,,,,,,,
P27285,1245,P27285,Q00349,Viruses,Sindbis virus subtype Ockelbo (strain Edsbyn 82-5),31699,"Acrocephalus scirpaceus, Aedes, Culex, Homo sapiens, Motacilla alba, Streptopelia turtur","48156, 7158, 53527, 9606, 45807, 177155",,,,,,,691,718,ECO:0000250,764,784,ECO:0000255,786,806,ECO:0000255,1215,1239,ECO:0000250,,,,,,,,,,,,
P15777,1363,P15777,,Viruses,Bovine coronavirus (strain Mebus),11132,Bos taurus,9913,1,13,ECO:0000255,,,,1308,1328,ECO:0000255,,,,,,,,,,,,,,,,,,,,,
P12722,1154,P12722,"Q66176, Q66177",Viruses,Avian infectious bronchitis virus (strain D274),11124,Gallus gallus,9031,1,18,ECO:0000255,,,,1097,1117,ECO:0000255,,,,,,,,,,,,,,,,,,,,,
P09385,319,P09385,Q9R398,Viruses,Escherichia phage 933W,10730,Escherichia coli O157:H7,83334,1,22,ECO:0000255,,,,,,,,,,,,,,,,,,,,,,,,,,,
P69179,89,P69179,P08027,Viruses,Enterobacteria phage H19B,69932,Escherichia coli,562,1,20,,,,,,,,,,,,,,,,,,,,,,,,,,,,
Q69555,422,Q69555,Q69044,Viruses,Human herpesvirus 6A (strain Uganda-1102),10370,Homo sapiens,9606,1,15,ECO:0000255,,,,322,342,ECO:0000255,,,,,,,,,,,,,,,,,,,,,
Q9JF44,317,Q9JF44,,Viruses,Vaccinia virus (strain Tian Tan),10253,Homo sapiens,9606,1,17,ECO:0000255,,,,280,300,ECO:0000255,,,,,,,,,,,,,,,,,,,,,
P28864,830,P28864,Q69067,Viruses,Human herpesvirus 6A (strain Uganda-1102),10370,Homo sapiens,9606,1,22,ECO:0000255,,,,689,709,ECO:0000255,,,,,,,,,,,,,,,,,,,,,
P06024,479,P06024,,Viruses,Suid herpesvirus 1 (strain Indiana-Funkhauser / Becker),31523,Sus scrofa,9823,1,22,,,,,452,472,ECO:0000255,,,,,,,,,,,,,,,,,,,,,
Q6X1D5,526,Q6X1D5,,Viruses,Aravan virus,211977,Myotis blythii,109482,1,19,ECO:0000255,,,,460,480,ECO:0000255,,,,,,,,,,,,,,,,,,,,,
P32550,524,P32550,,Viruses,Rabies virus (isolate Human/Algeria/1991),31613,"Homo sapiens, Mammalia","9606, 40674",1,19,,,,,460,480,ECO:0000255,,,,,,,,,,,,,,,,,,,,,
P09258,354,P09258,,Viruses,Varicella-zoster virus (strain Dumas),10338,Homo sapiens,9606,1,17,ECO:0000255,,,,296,312,ECO:0000255,,,,,,,,,,,,,,,,,,,,,
P32514,411,P32514,,Viruses,Equine herpesvirus 1 (strain Kentucky A),10329,Equus caballus,9796,1,19,ECO:0000255,,,,364,384,ECO:0000255,,,,,,,,,,,,,,,,,,,,,
P30005,651,P30005,P30006,Viruses,Human herpesvirus 6A (strain GS),10369,Homo sapiens,9606,1,56,ECO:0000255,,,,,,,,,,,,,,,,,,,,,,,,,,,
Q5UQE3,255,Q5UQE3,,Viruses,Acanthamoeba polyphaga mimivirus,212035,Acanthamoeba polyphaga,5757,1,22,ECO:0000255,,,,,,,,,,,,,,,,,,,,,,,,,,,
P18557,82,P18557,,Viruses,African swine fever virus (strain Badajoz 1971 Vero-adapted),10498,"Ornithodoros, Sus scrofa","6937, 9823",1,28,ECO:0000250,,,,,,,,,,,,,,,,,,,,,,,,,,,
P22485,338,P22485,P89472,Viruses,Human herpesvirus 2 (strain HG52),10315,Homo sapiens,9606,1,30,ECO:0000250,,,,122,140,ECO:0000255,213,233,ECO:0000255,244,264,ECO:0000255,302,322,ECO:0000255,,,,,,,,,,,,
P03620,82,P03620,,Viruses,Salmonella phage IKe,10867,Escherichia coli,562,1,29,ECO:0000269,,,,53,71,ECO:0000250,,,,,,,,,,,,,,,,,,,,,
P25507,515,P25507,,Viruses,Bovine leukemia virus (isolate Belgium LB59),11906,Bos taurus,9913,1,33,ECO:0000255,,,,436,456,ECO:0000255,,,,,,,,,,,,,,,,,,,,,
P03393,409,P03393,,Viruses,Friend spleen focus-forming virus (isolate 502),355329,Mus musculus,10090,1,32,ECO:0000255,,,,385,405,ECO:0000255,,,,,,,,,,,,,,,,,,,,,
P04581,853,P04581,,Viruses,Human immunodeficiency virus type 1 group M subtype D (isolate ELI),11689,Homo sapiens,9606,1,31,ECO:0000255,,,,682,702,ECO:0000255,,,,,,,,,,,,,,,,,,,,,
P12487,853,P12487,,Viruses,Human immunodeficiency virus type 1 group M subtype D (isolate Z2/CDC-Z34),11683,Homo sapiens,9606,1,31,ECO:0000255,,,,682,702,ECO:0000255,,,,,,,,,,,,,,,,,,,,,
P21436,666,P21436,,Viruses,Hortulanus murine leukemia virus,11799,Mus musculus,10090,1,33,ECO:0000255,,,,608,628,ECO:0000255,,,,,,,,,,,,,,,,,,,,,
P27757,768,P27757,,Viruses,Simian immunodeficiency virus agm.vervet (isolate AGM155),11727,Cercopithecidae,9527,1,16,ECO:0000255,,,,702,722,ECO:0000255,,,,,,,,,,,,,,,,,,,,,
P33612,553,P33612,,Viruses,Newcastle disease virus (strain Her/33),11187,Gallus gallus,9031,1,31,ECO:0000255,,,,501,521,ECO:0000250,,,,,,,,,,,,,,,,,,,,,
Q9JFH4,140,Q9JFH4,,Viruses,Vaccinia virus (strain Tian Tan),10253,Homo sapiens,9606,1,18,ECO:0000255,,,,101,121,ECO:0000255,,,,,,,,,,,,,,,,,,,,,
P0C6I1,212,P0C6I1,,Viruses,Hepatitis B virus genotype D subtype ayw (isolate Australia/AustKW/1991),489488,"Homo sapiens, Pan troglodytes","9606, 9598",1,19,ECO:0000255,,,,,,,,,,,,,,,,,,,,,,,,,,,
Q0ZME8,385,Q0ZME8,,Viruses,Human coronavirus HKU1 (isolate N5),443241,Homo sapiens,9606,1,11,ECO:0000255,,,,362,382,ECO:0000255,,,,,,,,,,,,,,,,,,,,,
Q9WCD9,566,Q9WCD9,,Viruses,Influenza A virus (strain A/Swine/Iowa/15/1930 H1N1),380342,"Aves, Homo sapiens, Sus scrofa","8782, 9606, 9823",1,17,ECO:0000255,,,,530,550,ECO:0000255,,,,,,,,,,,,,,,,,,,,,
Q91MA7,566,Q91MA7,Q910M5,Viruses,Influenza A virus (strain A/Hong Kong/1/1968 H3N2),506350,"Aves, Cetacea, Homo sapiens, Phocidae, Sus scrofa","8782, 9721, 9606, 9709, 9823",1,16,ECO:0000255,,,,531,551,ECO:0000255,,,,,,,,,,,,,,,,,,,,,
P16998,565,P16998,"Q83998, Q83999",Viruses,Influenza A virus (strain A/Equine/Romania/1980 H3N8),387229,"Aves, Equus caballus","8782, 9796",1,16,ECO:0000255,,,,530,550,ECO:0000255,,,,,,,,,,,,,,,,,,,,,
P17001,565,P17001,"Q84004, Q84005",Viruses,Influenza A virus (strain A/Equine/Tennessee/5/1986 H3N8),380339,"Aves, Equus caballus","8782, 9796",1,16,ECO:0000255,,,,530,550,ECO:0000255,,,,,,,,,,,,,,,,,,,,,
P03462,575,P03462,,Viruses,Influenza B virus (strain B/Hong Kong/8/1973),427826,Homo sapiens,9606,,,,,,,544,564,ECO:0000255,,,,,,,,,,,,,,,,,,,,,
P07975,655,P07975,"Q5EI66, Q5JZY4",Viruses,Influenza C virus (strain C/Johannesburg/1/1966),100673,"Homo sapiens, Sus scrofa","9606, 9823",1,14,ECO:0000255,,,,631,651,ECO:0000255,,,,,,,,,,,,,,,,,,,,,
Q89738,290,Q89738,Q76UF8,Viruses,Human herpesvirus 6A (strain Uganda-1102),10370,Homo sapiens,9606,1,17,ECO:0000255,,,,268,288,ECO:0000255,,,,,,,,,,,,,,,,,,,,,
P36332,1255,P36332,,Viruses,Venezuelan equine encephalitis virus (strain P676),36385,"Bos taurus, Didelphis marsupialis, Equus asinus, Equus caballus, Homo sapiens, Melanoconion, Philander opossum, Proechimys, Sigmodon hispidus","9913, 9268, 9793, 9796, 9606, 53535, 9272, 10162, 42415",,,,,,,702,722,ECO:0000255,770,790,ECO:0000255,792,812,ECO:0000255,1226,1246,ECO:0000255,,,,,,,,,,,,
P19725,1063,P19725,"O40956, Q86370, Q86371, Q86372",Viruses,Rubella virus (strain RA27/3 vaccine),11044,Homo sapiens,9606,,,,,,,535,555,ECO:0000250,1029,1049,ECO:0000250,,,,,,,,,,,,,,,,,,
P25190,1363,P25190,,Viruses,Bovine coronavirus (strain F15),11129,Bos taurus,9913,1,13,ECO:0000255,,,,1308,1328,ECO:0000255,,,,,,,,,,,,,,,,,,,,,
Q01977,1447,Q01977,,Viruses,Porcine transmissible gastroenteritis coronavirus (strain NEB72-rt),33738,Sus scrofa,9823,1,28,ECO:0000255,,,,1389,1408,ECO:0000255,,,,,,,,,,,,,,,,,,,,,
Q89863,109,Q89863,Q76UF9,Viruses,Human herpesvirus 6A (strain Uganda-1102),10370,Homo sapiens,9606,1,28,ECO:0000255,,,,,,,,,,,,,,,,,,,,,,,,,,,
Q65363,489,Q65363,O10275,Viruses,Orgyia pseudotsugata multicapsid polyhedrosis virus,262177,Orgyia pseudotsugata,33414,1,17,ECO:0000255,,,,,,,,,,,,,,,,,,,,,,,,,,,
P24084,317,P24084,,Viruses,Vaccinia virus (strain LC16m0),10246,Homo sapiens,9606,1,17,ECO:0000255,,,,280,300,ECO:0000255,,,,,,,,,,,,,,,,,,,,,
P52585,148,P52585,,Viruses,Orf virus (strain NZ7),73495,"Capra hircus, Homo sapiens, Ovis aries","9925, 9606, 9940",1,25,ECO:0000255,,,,,,,,,,,,,,,,,,,,,,,,,,,
P06437,904,P06437,,Viruses,Human herpesvirus 1 (strain KOS),10306,Homo sapiens,9606,1,30,ECO:0000255,,,,775,795,ECO:0000255,,,,,,,,,,,,,,,,,,,,,
P06475,480,P06475,,Viruses,Human herpesvirus 2 (strain 333),10313,Homo sapiens,9606,1,27,ECO:0000255,,,,448,468,ECO:0000255,,,,,,,,,,,,,,,,,,,,,
P13289,545,P89475,P13289,Viruses,Human herpesvirus 2 (strain HG52),10315,Homo sapiens,9606,1,20,ECO:0000255,,,,415,435,ECO:0000255,,,,,,,,,,,,,,,,,,,,,
A3RM22,524,A3RM22,Q58FH1,Viruses,Rabies virus (strain India),445790,"Homo sapiens, Mammalia","9606, 40674",1,19,ECO:0000255,,,,460,480,ECO:0000255,,,,,,,,,,,,,,,,,,,,,
P16778,487,P16778,"P87887, Q7M6P6",Viruses,Human cytomegalovirus (strain AD169),10360,Homo sapiens,9606,1,22,ECO:0000255,,,,433,459,ECO:0000255,,,,,,,,,,,,,,,,,,,,,
Q6UY66,681,Q6UY66,O36428,Viruses,Lake Victoria marburgvirus (strain Ozolin-75),482820,"Chlorocebus aethiops, Homo sapiens, Rousettus aegyptiacus","9534, 9606, 9407",1,18,ECO:0000250,,,,649,669,ECO:0000255,,,,,,,,,,,,,,,,,,,,,
P36299,262,P36299,,Viruses,Canine coronavirus (strain Insavc-1),36391,Canis lupus familiaris,9615,,,,,,,48,68,ECO:0000255,78,98,ECO:0000255,113,133,ECO:0000255,,,,,,,,,,,,,,,
O10336,819,O10336,,Viruses,Orgyia pseudotsugata multicapsid polyhedrosis virus,262177,Orgyia pseudotsugata,33414,1,18,ECO:0000255,,,,,,,,,,,,,,,,,,,,,,,,,,,
P25783,323,P25783,Q96589,Viruses,Autographa californica nuclear polyhedrosis virus,46015,Lepidoptera,7088,1,16,ECO:0000255,,,,,,,,,,,,,,,,,,,,,,,,,,,
P31627,942,P31627,,Viruses,Caprine arthritis encephalitis virus (strain 63),11662,Capra hircus,9925,1,80,ECO:0000269,,,,800,820,ECO:0000255,,,,,,,,,,,,,,,,,,,,,
P03391,662,P03391,P21446,Viruses,Feline sarcoma virus (strain Gardner-Arnstein),11774,Felidae,9681,1,34,ECO:0000255,,,,607,627,ECO:0000255,,,,,,,,,,,,,,,,,,,,,
P04624,856,P04624,,Viruses,Human immunodeficiency virus type 1 group M subtype B (isolate HXB3),11707,Homo sapiens,9606,1,32,ECO:0000255,,,,685,705,ECO:0000255,,,,,,,,,,,,,,,,,,,,,
P05882,863,P05882,,Viruses,Human immunodeficiency virus type 1 group M subtype D (isolate Z84),11681,Homo sapiens,9606,1,31,ECO:0000255,,,,692,712,ECO:0000255,,,,,,,,,,,,,,,,,,,,,
P11268,665,P11268,,Viruses,Radiation murine leukemia virus,11787,Mus musculus,10090,1,31,ECO:0000255,,,,606,626,ECO:0000255,,,,,,,,,,,,,,,,,,,,,
P21412,575,P21412,,Viruses,Squirrel monkey retrovirus,11856,Mammalia,40674,1,19,ECO:0000255,,,,518,538,ECO:0000255,,,,,,,,,,,,,,,,,,,,,
P22167,574,P22167,,Viruses,Bovine respiratory syncytial virus (strain Copenhagen),11248,Bos taurus,9913,1,25,ECO:0000255,,,,525,550,ECO:0000250,,,,,,,,,,,,,,,,,,,,,
P33614,553,P33614,,Viruses,Newcastle disease virus (strain Chicken/United States/LaSota/46),11184,Gallus gallus,9031,1,31,ECO:0000255,,,,501,521,ECO:0000250,,,,,,,,,,,,,,,,,,,,,
P03231,706,P03231,"Q6LBU6, Q777C0",Viruses,Epstein-Barr virus (strain B95-8),10377,Homo sapiens,9606,1,18,ECO:0000255,,,,683,703,ECO:0000255,,,,,,,,,,,,,,,,,,,,,
P28995,255,P28995,,Viruses,Equine arteritis virus (strain Bucyrus),299386,Equidae,9788,1,18,ECO:0000255,,,,118,138,ECO:0000255,151,171,ECO:0000255,,,,,,,,,,,,,,,,,,
P0C6J9,305,P0C6J9,,Viruses,Duck hepatitis B virus (strain Germany/DHBV-3),489542,Anas,8835,1,19,ECO:0000255,,,,,,,,,,,,,,,,,,,,,,,,,,,
Q05495,212,Q05495,,Viruses,Hepatitis B virus genotype F2 (isolate Brazil/w4B),45410,"Homo sapiens, Pan troglodytes","9606, 9598",1,19,ECO:0000255,,,,,,,,,,,,,,,,,,,,,,,,,,,
O92367,431,O92367,,Viruses,Murine coronavirus (strain DVIM),231423,Mus,10088,1,21,ECO:0000255,,,,400,420,ECO:0000255,,,,,,,,,,,,,,,,,,,,,
P03452,565,P03452,"A4GXH4, Q20N38, Q83964, Q8JUU5",Viruses,Influenza A virus (strain A/Puerto Rico/8/1934 H1N1),211044,"Aves, Homo sapiens, Sus scrofa","8782, 9606, 9823",1,17,ECO:0000255,,,,529,549,ECO:0000255,,,,,,,,,,,,,,,,,,,,,
P03455,566,P03455,,Viruses,Influenza A virus (strain A/Swine/New Jersey/11/1976 H1N1),186460,"Aves, Homo sapiens, Sus scrofa","8782, 9606, 9823",1,17,ECO:0000255,,,,530,550,ECO:0000255,,,,,,,,,,,,,,,,,,,,,
Q9WCE1,566,Q9WCE1,,Viruses,Influenza A virus (strain A/Turkey/Minnesota/1661/1981 H1N1),380349,"Aves, Homo sapiens, Sus scrofa","8782, 9606, 9823",1,17,ECO:0000255,,,,530,550,ECO:0000255,,,,,,,,,,,,,,,,,,,,,
P28730,344,P28730,,Viruses,Influenza A virus (strain A/Harbin/1/1988 H1N2),387156,"Aves, Sus scrofa","8782, 9823",1,17,ECO:0000255,,,,,,,,,,,,,,,,,,,,,,,,,,,
Q9JGK8,1253,Q9JGK8,Q80S33,Viruses,Sagiyama virus,59303,"Aedes vexans, Culex tritaeniorhynchus, Equus caballus, Homo sapiens, Sus scrofa, Vulpes vulpes","7163, 7178, 9796, 9606, 9823, 9627",,,,,,,695,715,ECO:0000255,770,790,ECO:0000255,793,813,ECO:0000255,1228,1248,ECO:0000255,,,,,,,,,,,,
Q8V436,1363,Q8V436,,Viruses,Bovine coronavirus (strain 98TXSF-110-LUN),233264,Bos taurus,9913,1,13,ECO:0000255,,,,1308,1328,ECO:0000255,,,,,,,,,,,,,,,,,,,,,
P05135,1163,P05135,,Viruses,Avian infectious bronchitis virus (strain 6/82),11121,Gallus gallus,9031,1,18,ECO:0000255,,,,1097,1117,ECO:0000255,,,,,,,,,,,,,,,,,,,,,
Q779K3,89,Q779K3,Q7B2T7,Viruses,Shigella phage 7888,138946,Shigella sonnei,624,1,20,ECO:0000255,,,,,,,,,,,,,,,,,,,,,,,,,,,
P16757,230,P16757,Q7M6R7,Viruses,Human cytomegalovirus (strain AD169),10360,Homo sapiens,9606,1,26,ECO:0000255,,,,185,205,ECO:0000255,,,,,,,,,,,,,,,,,,,,,
P26710,290,P26710,,Viruses,African swine fever virus (isolate Portugal/Lis 57/1957),10499,"Ornithodoros, Sus scrofa","6937, 9823",1,19,ECO:0000255,,,,128,148,ECO:0000255,163,183,ECO:0000255,,,,,,,,,,,,,,,,,,
P33854,218,P33854,,Viruses,Variola virus (isolate Human/India/Ind3/1967),587200,Homo sapiens,9606,1,16,ECO:0000255,,,,,,,,,,,,,,,,,,,,,,,,,,,
P21115,317,P21115,,Viruses,Vaccinia virus (strain Copenhagen),10249,Homo sapiens,9606,1,17,ECO:0000255,,,,280,300,ECO:0000255,,,,,,,,,,,,,,,,,,,,,
Q00139,370,Q00139,,Viruses,Ictalurid herpesvirus 1 (strain Auburn),766178,Ictaluridae,7996,1,17,ECO:0000255,,,,,,,,,,,,,,,,,,,,,,,,,,,
P08666,904,P08666,P89450,Viruses,Human herpesvirus 2 (strain HG52),10315,Homo sapiens,9606,1,22,ECO:0000255,,,,772,792,ECO:0000255,,,,,,,,,,,,,,,,,,,,,
P13374,373,P13374,,Viruses,Meleagrid herpesvirus 1 (strain FC126),10391,"Gallus gallus, Meleagris gallopavo","9031, 9103",1,25,ECO:0000255,,,,,,,,,,,,,,,,,,,,,,,,,,,
Q9QSP1,525,Q9QSP1,,Viruses,Australian bat lyssavirus (isolate Bat/AUS/1996),446561,"Homo sapiens, Pteropus alecto, Pteropus conspicillatus, Pteropus poliocephalus, Pteropus scapulatus, Saccolaimus","9606, 9402, 328804, 9403, 94117, 446909",1,19,ECO:0000255,,,,460,480,ECO:0000255,,,,,,,,,,,,,,,,,,,,,
Q0GBY1,524,Q0GBY1,,Viruses,Rabies virus (strain China/MRV),445791,"Homo sapiens, Mammalia","9606, 40674",1,19,ECO:0000255,,,,460,480,ECO:0000255,,,,,,,,,,,,,,,,,,,,,
P41266,1148,P41266,,Viruses,Puumala virus (strain P360),39001,"Homo sapiens, Myodes glareolus","9606, 447135",1,23,ECO:0000255,,,,497,517,ECO:0000255,638,658,ECO:0000255,1116,1136,ECO:0000255,,,,,,,,,,,,,,,
P28968,797,P28968,"Q66VC3, Q6DLE0",Viruses,Equine herpesvirus 1 (strain Ab4p),31520,Equus caballus,9796,1,25,ECO:0000255,,,,766,790,ECO:0000255,,,,,,,,,,,,,,,,,,,,,
Q01016,360,Q01016,,Viruses,Saimiriine herpesvirus 2 (strain 11),10383,Saimiri sciureus,9521,1,20,ECO:0000255,,,,328,350,ECO:0000255,,,,,,,,,,,,,,,,,,,,,
Q07005,338,Q07005,,Viruses,Human herpesvirus 1 (strain R19),36346,Homo sapiens,9606,1,30,ECO:0000250,,,,122,140,ECO:0000255,213,233,ECO:0000255,244,264,ECO:0000255,302,322,ECO:0000255,,,,,,,,,,,,
P69540,73,P69540,P03617,Viruses,Enterobacteria phage f1,10863,Escherichia coli,562,1,23,ECO:0000269,,,,44,62,ECO:0000250,,,,,,,,,,,,,,,,,,,,,
P68637,349,P68637,Q8UYA7,Viruses,Camelpox virus (strain CMS),203172,Camelus,9836,1,19,ECO:0000255,,,,,,,,,,,,,,,,,,,,,,,,,,,
P25504,515,P25504,,Viruses,Bovine leukemia virus (isolate American FLK),11902,Bos taurus,9913,1,33,ECO:0000255,,,,436,456,ECO:0000255,,,,,,,,,,,,,,,,,,,,,
P08359,642,P08359,,Viruses,Feline leukemia virus (strain A/Glasgow-1),11769,Felidae,9681,1,34,ECO:0000255,,,,587,607,ECO:0000255,,,,,,,,,,,,,,,,,,,,,
Q73372,853,Q73372,,Viruses,Human immunodeficiency virus type 1 group M subtype B (strain 89.6),401671,Homo sapiens,9606,1,31,ECO:0000255,,,,682,702,ECO:0000255,,,,,,,,,,,,,,,,,,,,,
P05880,847,P05880,,Viruses,Human immunodeficiency virus type 1 group M subtype B (isolate WMJ22),11705,Homo sapiens,9606,1,31,ECO:0000255,,,,676,696,ECO:0000255,,,,,,,,,,,,,,,,,,,,,
P03390,675,P03390,,Viruses,Friend murine leukemia virus (isolate 57),11796,Mus musculus,10090,1,34,ECO:0000255,,,,621,641,ECO:0000255,,,,,,,,,,,,,,,,,,,,,
P11267,881,P11267,,Viruses,Simian immunodeficiency virus (isolate K78),11736,Cercopithecidae,9527,1,22,ECO:0000255,,,,697,717,ECO:0000255,,,,,,,,,,,,,,,,,,,,,
P33481,538,P33481,,Viruses,Mumps virus (strain SBL),33729,Homo sapiens,9606,1,19,ECO:0000250,,,,487,507,ECO:0000255,,,,,,,,,,,,,,,,,,,,,
P25181,561,P25181,,Viruses,Simian virus 41,3052561,Simiiformes,314293,1,26,ECO:0000255,,,,496,516,ECO:0000250,,,,,,,,,,,,,,,,,,,,,
Q01031,141,Q01031,,Viruses,Saimiriine herpesvirus 2 (strain 11),10383,Saimiri sciureus,9521,1,19,ECO:0000255,,,,,,,,,,,,,,,,,,,,,,,,,,,
P08441,80,P08441,Q77PC4,Viruses,Rabbit fibroma virus (strain Kasza),10272,Oryctolagus cuniculus,9986,1,19,ECO:0000255,,,,,,,,,,,,,,,,,,,,,,,,,,,
Q9DR81,424,Q9DR81,Q98VL2,Viruses,Bovine coronavirus (strain Ontario),231422,Bos taurus,9913,1,16,ECO:0000255,,,,393,413,ECO:0000255,,,,,,,,,,,,,,,,,,,,,
Q6J8F6,551,Q6J8F6,,Viruses,Influenza A virus (strain A/Hong Kong/212/2003 H5N1 genotype Z+),279794,"Aves, Felis catus, Homo sapiens, Panthera pardus, Panthera tigris, Sus scrofa","8782, 9685, 9606, 9691, 9694, 9823",1,16,ECO:0000255,,,,531,551,ECO:0000255,,,,,,,,,,,,,,,,,,,,,
P03457,560,P03457,"Q0A459, Q3SBE7",Viruses,Influenza A virus (strain A/Turkey/Wisconsin/1/1966 H9N2),385620,Aves,8782,1,18,ECO:0000255,,,,527,547,ECO:0000255,,,,,,,,,,,,,,,,,,,,,
P26134,566,P26134,Q1G0M2,Viruses,Influenza A virus (strain A/Duck/Alberta/78/1976 H3N8),385646,Aves,8782,1,16,ECO:0000255,,,,531,551,ECO:0000255,,,,,,,,,,,,,,,,,,,,,
Q2RCH5,566,Q2RCH5,,Viruses,Influenza A virus (strain A/Memphis/4/1980 H3N2),383578,"Aves, Cetacea, Homo sapiens, Phocidae, Sus scrofa","8782, 9721, 9606, 9709, 9823",1,16,ECO:0000255,,,,531,551,ECO:0000255,,,,,,,,,,,,,,,,,,,,,
P19700,564,P19700,,Viruses,Influenza A virus (strain A/Ruddy Turnstone/New Jersey/47/1985 H4N6),380343,"Aves, Sus scrofa","8782, 9823",1,16,ECO:0000255,,,,528,548,ECO:0000255,,,,,,,,,,,,,,,,,,,,,
P03465,654,P03465,,Viruses,Influenza C virus (strain C/California/1978),203224,"Homo sapiens, Sus scrofa","9606, 9823",1,14,ECO:0000255,,,,630,650,ECO:0000255,,,,,,,,,,,,,,,,,,,,,
Q01218,314,Q01218,Q76ZM3,Viruses,Vaccinia virus (strain Western Reserve),10254,Bos taurus,9913,1,16,ECO:0000255,,,,279,302,ECO:0000255,,,,,,,,,,,,,,,,,,,,,
Q3LZX7,122,Q3LZX7,,Viruses,Bat coronavirus HKU3,442736,Rhinolophus sinicus,89399,1,15,ECO:0000250,,,,97,117,ECO:0000255,,,,,,,,,,,,,,,,,,,,,
P36329,1255,P36329,,Viruses,Venezuelan equine encephalitis virus (strain 3880),36382,"Bos taurus, Didelphis marsupialis, Equus asinus, Equus caballus, Homo sapiens, Melanoconion, Philander opossum, Proechimys, Sigmodon hispidus","9913, 9268, 9793, 9796, 9606, 53535, 9272, 10162, 42415",,,,,,,702,722,ECO:0000255,773,793,ECO:0000255,795,815,ECO:0000255,1226,1246,ECO:0000255,,,,,,,,,,,,
Q9J6K8,1063,Q9J6K8,,Viruses,Rubella virus (strain Cendehill),376266,Homo sapiens,9606,,,,,,,535,555,ECO:0000250,1029,1049,ECO:0000250,,,,,,,,,,,,,,,,,,
Q90023,187,Q90023,,Viruses,Paramecium bursaria Chlorella virus 1,10506,Chlorella,3071,1,21,ECO:0000255,,,,,,,,,,,,,,,,,,,,,,,,,,,
P23052,1581,P23052,,Viruses,Berne virus,11156,Equus caballus,9796,1,20,ECO:0000255,,,,1552,1572,ECO:0000255,,,,,,,,,,,,,,,,,,,,,
P33470,1449,P33470,,Viruses,Porcine transmissible gastroenteritis coronavirus (strain Miller),33737,Sus scrofa,9823,1,28,ECO:0000255,,,,1391,1410,ECO:0000255,,,,,,,,,,,,,,,,,,,,,
Q90158,493,Q90158,,Viruses,Choristoneura fumiferana defective polyhedrosis virus,74660,Lepidoptera,7088,1,17,ECO:0000255,,,,,,,,,,,,,,,,,,,,,,,,,,,
P09730,227,P09730,Q7M6G3,Viruses,Human cytomegalovirus (strain AD169),10360,Homo sapiens,9606,1,21,ECO:0000255,,,,179,199,ECO:0000255,,,,,,,,,,,,,,,,,,,,,
P26708,124,P26708,,Viruses,African swine fever virus (isolate Portugal/Lis 57/1957),10499,"Ornithodoros, Sus scrofa","6937, 9823",1,18,ECO:0000255,,,,,,,,,,,,,,,,,,,,,,,,,,,
Q00320,321,Q00320,,Viruses,Vaccinia virus (strain L-IVP),31531,Homo sapiens,9606,1,20,ECO:0000255,,,,286,306,ECO:0000255,,,,,,,,,,,,,,,,,,,,,
P06473,906,P06473,Q7M6M8,Viruses,Human cytomegalovirus (strain AD169),10360,Homo sapiens,9606,1,31,ECO:0000255,,,,751,771,ECO:0000255,,,,,,,,,,,,,,,,,,,,,
P22651,501,P22651,"Q6LAR3, Q77MR8",Viruses,Gallid herpesvirus 2 (strain Chicken/Md5/ATCC VR-987),10389,Gallus gallus,9031,1,27,ECO:0000255,,,,466,492,ECO:0000255,,,,,,,,,,,,,,,,,,,,,
P24380,552,P24380,,Viruses,Equine herpesvirus 1 (strain Kentucky D),10330,Equus caballus,9796,1,23,ECO:0000255,,,,411,427,ECO:0000255,,,,,,,,,,,,,,,,,,,,,
P84393,411,P84393,Q6S6W1,Viruses,Equine herpesvirus 1 (strain V592),310273,Equus caballus,9796,1,19,ECO:0000255,,,,364,384,ECO:0000255,,,,,,,,,,,,,,,,,,,,,
O92284,524,O92284,,Viruses,Rabies virus (strain CVS-11),11294,"Homo sapiens, Mammalia","9606, 40674",1,19,ECO:0000255,,,,460,480,ECO:0000255,,,,,,,,,,,,,,,,,,,,,
Q04547,353,Q04547,,Viruses,Cercopithecine herpesvirus 9 (strain DHV),36348,Chlorocebus aethiops,9534,1,20,ECO:0000255,,,,275,293,ECO:0000255,,,,,,,,,,,,,,,,,,,,,
P87666,676,P87666,Q6V1Q7,Viruses,Zaire ebolavirus (strain Kikwit-95),128951,"Epomops franqueti, Homo sapiens, Myonycteris torquata","77231, 9606, 77243",1,32,ECO:0000255,,,,651,671,ECO:0000255,,,,,,,,,,,,,,,,,,,,,
P13625,509,P13625,,Viruses,Orgyia pseudotsugata multicapsid polyhedrosis virus,262177,Orgyia pseudotsugata,33414,1,17,,,,,480,502,ECO:0000255,,,,,,,,,,,,,,,,,,,,,
Q06670,847,Q06670,,Viruses,Autographa californica nuclear polyhedrosis virus,46015,Lepidoptera,7088,1,19,ECO:0000255,,,,,,,,,,,,,,,,,,,,,,,,,,,
Q5UPE0,355,Q5UPE0,,Viruses,Acanthamoeba polyphaga mimivirus,212035,Acanthamoeba polyphaga,5757,1,21,ECO:0000255,,,,332,352,ECO:0000255,,,,,,,,,,,,,,,,,,,,,
P15879,251,P15879,,Viruses,Clostridium botulinum D phage,29342,Clostridium botulinum,1491,1,40,ECO:0000269,,,,,,,,,,,,,,,,,,,,,,,,,,,
P68570,137,P68570,"O31987, O64035",Viruses,Bacillus phage SPbeta,2932878,"Bacillus pumilus, Bacillus subtilis","1408, 1423",1,25,ECO:0000255,,,,,,,,,,,,,,,,,,,,,,,,,,,
Q91GE3,323,Q91GE3,,Viruses,Epiphyas postvittana nucleopolyhedrovirus,70600,Lepidoptera,7088,1,18,ECO:0000255,,,,,,,,,,,,,,,,,,,,,,,,,,,
O10286,52,O10286,,Viruses,Orgyia pseudotsugata multicapsid polyhedrosis virus,262177,Orgyia pseudotsugata,33414,1,18,ECO:0000255,,,,,,,,,,,,,,,,,,,,,,,,,,,
P00588,567,P00588,,Viruses,Corynephage beta,10703,Corynebacterium diphtheriae,1717,1,32,ECO:0000269,,,,,,,,,,,,,,,,,,,,,,,,,,,
P36705,91,P36705,,Viruses,Human adenovirus A serotype 12,28282,Homo sapiens,9606,1,21,ECO:0000250,,,,34,56,ECO:0000255,,,,,,,,,,,,,,,,,,,,,
P0C212,488,P0C212,,Viruses,Human T-cell leukemia virus 1 (isolate Melanesia mel5 subtype C),402046,Homo sapiens,9606,1,20,ECO:0000255,,,,443,463,ECO:0000255,,,,,,,,,,,,,,,,,,,,,
P19551,853,P19551,,Viruses,Human immunodeficiency virus type 1 group M subtype B (isolate MFA),11704,Homo sapiens,9606,1,32,ECO:0000255,,,,683,703,ECO:0000255,,,,,,,,,,,,,,,,,,,,,
P18040,738,P18040,,Viruses,Human immunodeficiency virus type 2 subtype A (isolate Ghana-1),11717,Homo sapiens,9606,1,21,ECO:0000255,,,,671,691,ECO:0000255,,,,,,,,,,,,,,,,,,,,,
P23423,991,P23423,,Viruses,Maedi visna virus (strain 1514 / clone LV1-1KS2),11744,Ovis aries,9940,1,106,ECO:0000255,,,,841,861,ECO:0000255,,,,,,,,,,,,,,,,,,,,,
P11209,574,P11209,,Viruses,Human respiratory syncytial virus A (strain RSS-2),11261,Homo sapiens,9606,1,25,ECO:0000255,,,,525,550,ECO:0000250,,,,,,,,,,,,,,,,,,,,,
P28886,537,P28886,,Viruses,Phocine distemper virus,11240,Phocidae,9709,1,10,ECO:0000255,,,,484,504,ECO:0000255,,,,,,,,,,,,,,,,,,,,,
P12824,743,P12824,Q7M6L7,Viruses,Human cytomegalovirus (strain AD169),10360,Homo sapiens,9606,1,23,ECO:0000255,,,,721,741,ECO:0000255,,,,,,,,,,,,,,,,,,,,,
Q68668,278,Q68668,,Viruses,Human cytomegalovirus (strain 1042),69162,Homo sapiens,9606,1,30,ECO:0000255,,,,,,,,,,,,,,,,,,,,,,,,,,,
O09800,91,O09800,B9VQH8,Viruses,Human herpesvirus 1 (strain 17),10299,Homo sapiens,9606,1,23,ECO:0000255,,,,56,76,ECO:0000255,,,,,,,,,,,,,,,,,,,,,
O91532,214,O91532,,Viruses,Hepatitis B virus genotype A2 (isolate Japan/11D11HCCW/1998),489457,"Homo sapiens, Pan troglodytes","9606, 9598",1,19,ECO:0000255,,,,,,,,,,,,,,,,,,,,,,,,,,,
P30027,305,P30027,E2QBU6,Viruses,Duck hepatitis B virus (strain China),31510,Anas,8835,1,19,ECO:0000255,,,,,,,,,,,,,,,,,,,,,,,,,,,
O72737,314,O72737,,Viruses,Cowpox virus (strain GRI-90 / Grishak),265871,"Bos taurus, Felis catus, Homo sapiens, Loxodonta africana, Microtus agrestis, Mus musculus, Myodes glareolus","9913, 9685, 9606, 9785, 29092, 10090, 447135",1,16,ECO:0000255,,,,279,302,ECO:0000255,,,,,,,,,,,,,,,,,,,,,
P26101,570,P26101,,Viruses,Influenza A virus (strain A/Equine/Prague/1/1956 H7N7),380337,"Aves, Equus caballus, Homo sapiens, Phocidae","8782, 9796, 9606, 9709",1,18,ECO:0000255,,,,534,554,ECO:0000255,,,,,,,,,,,,,,,,,,,,,
P03439,566,P03439,Q463X5,Viruses,Influenza A virus (strain A/Memphis/102/1972 H3N2),385640,"Aves, Cetacea, Homo sapiens, Phocidae, Sus scrofa","8782, 9721, 9606, 9709, 9823",1,16,ECO:0000255,,,,531,551,ECO:0000255,,,,,,,,,,,,,,,,,,,,,
P03440,566,P03440,,Viruses,Influenza A virus (strain A/England/321/1977 H3N2),393563,"Aves, Homo sapiens, Mysticeti, Phocidae, Sus scrofa","8782, 9606, 9761, 9709, 9823",1,16,ECO:0000255,,,,531,551,ECO:0000255,,,,,,,,,,,,,,,,,,,,,
Q9Q0U6,568,Q9Q0U6,Q9WNX2,Viruses,Influenza A virus (strain A/Goose/Guangdong/1/1996 H5N1 genotype Gs/Gd),93838,"Aves, Felis catus, Homo sapiens, Panthera pardus, Panthera tigris, Sus scrofa","8782, 9685, 9606, 9691, 9694, 9823",1,16,ECO:0000255,,,,532,552,ECO:0000255,,,,,,,,,,,,,,,,,,,,,
Q67374,360,Q67374,,Viruses,Influenza B virus (strain B/New York/3/1990),291801,Homo sapiens,9606,1,15,ECO:0000255,,,,,,,,,,,,,,,,,,,,,,,,,,,
P87691,648,P87691,,Viruses,Influenza C virus (strain C/Yamagata/4/1988),127958,"Homo sapiens, Sus scrofa","9606, 9823",1,7,ECO:0000250,,,,624,644,ECO:0000255,,,,,,,,,,,,,,,,,,,,,
P19739,133,P19739,Q01160,Viruses,Human coronavirus 229E,11137,Homo sapiens,9606,1,21,ECO:0000255,,,,40,60,ECO:0000255,69,89,ECO:0000255,91,111,ECO:0000255,,,,,,,,,,,,,,,
P36301,101,P36301,,Viruses,Canine coronavirus (strain Insavc-1),36391,Canis lupus familiaris,9615,1,23,ECO:0000255,,,,81,101,ECO:0000255,,,,,,,,,,,,,,,,,,,,,
Q65984,1453,Q65984,,Viruses,Canine coronavirus (strain K378),33732,Canis lupus familiaris,9615,1,31,ECO:0000255,,,,1395,1414,ECO:0000255,,,,,,,,,,,,,,,,,,,,,
Q69557,202,Q69557,Q69046,Viruses,Human herpesvirus 6A (strain Uganda-1102),10370,Homo sapiens,9606,1,20,ECO:0000255,,,,172,192,ECO:0000255,,,,,,,,,,,,,,,,,,,,,
P68444,182,P68444,"P21003, Q76ZL6",Viruses,Vaccinia virus (strain Western Reserve),10254,Bos taurus,9913,1,16,ECO:0000255,,,,,,,,,,,,,,,,,,,,,,,,,,,
P27945,329,P27945,,Viruses,African swine fever virus (strain Badajoz 1971 Vero-adapted),10498,"Ornithodoros, Sus scrofa","6937, 9823",1,31,ECO:0000250,,,,240,260,ECO:0000255,,,,,,,,,,,,,,,,,,,,,
Q02409,873,Q02409,,Viruses,Infectious laryngotracheitis virus (strain 632),31521,Gallus gallus,9031,1,21,ECO:0000255,,,,741,761,ECO:0000255,,,,,,,,,,,,,,,,,,,,,
P36342,395,P36342,,Viruses,Cercopithecine herpesvirus 1,10325,"Homo sapiens, Macaca fascicularis, Macaca leonina, Macaca mulatta, Macaca nemestrina","9606, 9541, 90387, 9544, 9545",1,17,ECO:0000255,,,,343,362,ECO:0000255,,,,,,,,,,,,,,,,,,,,,
Q91DS0,509,Q91DS0,,Viruses,Spring viremia of carp virus,696863,Cyprinus carpio,7962,1,18,ECO:0000255,,,,462,482,ECO:0000255,,,,,,,,,,,,,,,,,,,,,
P17880,1133,P17880,,Viruses,Seoul virus (strain SR-11),11610,"Homo sapiens, Rattus norvegicus, Rattus rattus","9606, 10116, 10117",1,16,ECO:0000269,,,,485,504,ECO:0000255,627,647,ECO:0000255,1106,1125,ECO:0000255,,,,,,,,,,,,,,,
O10360,70,O10360,,Viruses,Orgyia pseudotsugata multicapsid polyhedrosis virus,262177,Orgyia pseudotsugata,33414,1,16,ECO:0000255,,,,,,,,,,,,,,,,,,,,,,,,,,,
Q5UQG0,223,Q5UQG0,,Viruses,Acanthamoeba polyphaga mimivirus,212035,Acanthamoeba polyphaga,5757,1,23,ECO:0000255,,,,,,,,,,,,,,,,,,,,,,,,,,,
Q5UQG7,1651,Q5UQG7,,Viruses,Acanthamoeba polyphaga mimivirus,212035,Acanthamoeba polyphaga,5757,1,19,ECO:0000255,,,,749,769,ECO:0000255,,,,,,,,,,,,,,,,,,,,,
Q9YWK4,331,Q9YWK4,,Viruses,Buzura suppressaria nuclear polyhedrosis virus,74320,Lepidoptera,7088,1,21,ECO:0000255,,,,,,,,,,,,,,,,,,,,,,,,,,,
P06497,91,P06497,,Viruses,Human adenovirus C serotype 5,28285,Homo sapiens,9606,1,22,ECO:0000250,,,,35,60,ECO:0000255,,,,,,,,,,,,,,,,,,,,,
P03381,488,P03381,,Viruses,Human T-cell leukemia virus 1 (strain Japan ATK-1 subtype A),11926,Homo sapiens,9606,1,20,ECO:0000255,,,,443,463,ECO:0000255,,,,,,,,,,,,,,,,,,,,,
Q70626,856,Q70626,,Viruses,Human immunodeficiency virus type 1 group M subtype B (isolate LW123),82834,Homo sapiens,9606,1,32,ECO:0000255,,,,685,705,ECO:0000255,,,,,,,,,,,,,,,,,,,,,
P17755,851,P17755,,Viruses,Human immunodeficiency virus type 2 subtype A (isolate D194),11713,Homo sapiens,9606,1,24,ECO:0000255,,,,670,690,ECO:0000255,,,,,,,,,,,,,,,,,,,,,
P03374,688,P03374,,Viruses,Mouse mammary tumor virus (strain GR),11760,Mus musculus,10090,1,98,ECO:0000250,,,,625,645,ECO:0000255,,,,,,,,,,,,,,,,,,,,,
P28977,512,P28977,,Viruses,Thogoto virus (isolate SiAr 126),126796,"Amblyomma variegatum, Cavia cutleri, Mungos mungo, Rhipicephalus appendiculatus, Rhipicephalus microplus","34610, 10144, 210652, 34631, 6941",1,15,ECO:0000255,,,,479,502,ECO:0000255,,,,,,,,,,,,,,,,,,,,,
P13843,574,P13843,,Viruses,Human respiratory syncytial virus B (strain 18537),11251,Homo sapiens,9606,1,25,ECO:0000255,,,,525,550,ECO:0000250,,,,,,,,,,,,,,,,,,,,,
P12571,553,P12571,,Viruses,Newcastle disease virus (strain Chicken/United States(TX)/GB/48),11189,Gallus gallus,9031,1,31,ECO:0000255,,,,501,521,ECO:0000250,,,,,,,,,,,,,,,,,,,,,
P13160,821,P13160,Q86643,Viruses,Feline herpesvirus 1,10334,Felidae,9681,1,20,ECO:0000255,,,,784,804,ECO:0000255,,,,,,,,,,,,,,,,,,,,,
P52510,195,P52510,,Viruses,Gallid herpesvirus 2 (strain GA),10388,Gallus gallus,9031,1,25,ECO:0000255,,,,,,,,,,,,,,,,,,,,,,,,,,,
P28980,100,P28980,Q6S6R1,Viruses,Equine herpesvirus 1 (strain Ab4p),31520,Equus caballus,9796,1,27,ECO:0000255,,,,64,84,ECO:0000255,,,,,,,,,,,,,,,,,,,,,
P17099,214,P17099,,Viruses,Hepatitis B virus genotype A2 subtype adw2 (isolate Germany/991/1990),10410,"Homo sapiens, Pan troglodytes","9606, 9598",1,19,ECO:0000255,,,,,,,,,,,,,,,,,,,,,,,,,,,
Q8JMZ4,212,Q8JMZ4,,Viruses,Hepatitis B virus genotype H subtype adw4 (isolate Nicaragua/2928Nic/1997),489541,"Homo sapiens, Pan troglodytes","9606, 9598",1,19,ECO:0000255,,,,,,,,,,,,,,,,,,,,,,,,,,,
Q8JSP9,424,Q8JSP9,,Viruses,Porcine hemagglutinating encephalomyelitis virus (strain IAF-404),230236,Sus scrofa,9823,1,16,ECO:0000255,,,,393,413,ECO:0000255,,,,,,,,,,,,,,,,,,,,,
P18876,566,P18876,,Viruses,Influenza A virus (strain A/Leningrad/1/1954 H1N1),393557,"Aves, Homo sapiens, Sus scrofa","8782, 9606, 9823",1,17,ECO:0000255,,,,530,550,ECO:0000255,,,,,,,,,,,,,,,,,,,,,
P17000,565,P17000,"Q84002, Q84003",Viruses,Influenza A virus (strain A/Equine/Tokyo/1971 H3N2),11418,"Aves, Cetacea, Equus caballus, Homo sapiens, Phocidae, Sus scrofa","8782, 9721, 9796, 9606, 9709, 9823",1,16,ECO:0000255,,,,530,550,ECO:0000255,,,,,,,,,,,,,,,,,,,,,
P26139,566,P26139,"Q1G0L9, Q288Z6",Viruses,Influenza A virus (strain A/Swine/Colorado/1/1977 H3N2),385645,"Aves, Cetacea, Homo sapiens, Phocidae, Sus scrofa","8782, 9721, 9606, 9709, 9823",1,16,ECO:0000255,,,,531,551,ECO:0000255,,,,,,,,,,,,,,,,,,,,,
P19701,564,P19701,,Viruses,Influenza A virus (strain A/Seal/Massachusetts/133/1982 H4N5),387250,"Aves, Phocidae","8782, 9709",1,16,ECO:0000255,,,,528,548,ECO:0000255,,,,,,,,,,,,,,,,,,,,,
P28731,344,P28731,,Viruses,Influenza A virus (strain A/Xianfeng/3/1989 H1N2),380981,"Aves, Sus scrofa","8782, 9823",1,17,ECO:0000255,,,,,,,,,,,,,,,,,,,,,,,,,,,
P03461,574,P03461,,Viruses,Influenza B virus (strain B/Maryland/1959),11537,Homo sapiens,9606,,,,,,,543,563,ECO:0000255,,,,,,,,,,,,,,,,,,,,,
P07966,642,P07966,,Viruses,Influenza C virus (strain C/Pig/Beijing/439/1982),11566,"Homo sapiens, Sus scrofa","9606, 9823",1,1,,,,,618,638,ECO:0000255,,,,,,,,,,,,,,,,,,,,,
P33467,176,P33467,,Viruses,Feline enteric coronavirus (strain 79-1683),33733,Felidae,9681,1,17,ECO:0000255,,,,,,,,,,,,,,,,,,,,,,,,,,,
Q8QL52,1322,Q8QL52,Q9Q1V0,Viruses,Alphavirus salmon subtype 2,78540,"Oncorhynchus mykiss, Salmo salar","8022, 8030",,,,,,,736,756,ECO:0000255,809,829,ECO:0000255,835,855,ECO:0000255,1288,1309,ECO:0000255,,,,,,,,,,,,
P25193,1363,P25193,Q77NC4,Viruses,Bovine coronavirus (strain Quebec),11133,Bos taurus,9913,1,13,ECO:0000255,,,,1308,1328,ECO:0000255,,,,,,,,,,,,,,,,,,,,,
P12650,1162,P12650,,Viruses,Avian infectious bronchitis virus (strain KB8523),11126,Gallus gallus,9031,1,18,ECO:0000255,,,,1096,1116,ECO:0000255,,,,,,,,,,,,,,,,,,,,,
P10149,315,P10149,,Viruses,Bacteriophage H30,12371,Escherichia coli,562,1,22,,,,,,,,,,,,,,,,,,,,,,,,,,,,
P16845,103,P16845,"Q910H5, Q910K8, Q910L5, Q910N2, Q910S8, Q910U1, Q918F6, Q918F7, Q918F8, Q918F9, Q918G0, Q918G1",Viruses,Human cytomegalovirus (strain AD169),10360,Homo sapiens,9606,1,20,ECO:0000255,,,,,,,,,,,,,,,,,,,,,,,,,,,
P09727,215,P09727,Q7M6I9,Viruses,Human cytomegalovirus (strain AD169),10360,Homo sapiens,9606,1,17,,,,,183,203,ECO:0000255,,,,,,,,,,,,,,,,,,,,,
P68639,263,P68639,P10998,Viruses,Vaccinia virus (strain Copenhagen),10249,Homo sapiens,9606,1,19,ECO:0000250,,,,,,,,,,,,,,,,,,,,,,,,,,,
P52352,822,P52352,,Viruses,Human herpesvirus 7 (strain JI),57278,Homo sapiens,9606,1,22,ECO:0000255,,,,684,704,ECO:0000255,,,,,,,,,,,,,,,,,,,,,
P52638,503,P52638,Q778R6,Viruses,Borna disease virus (strain V),928296,"Bos taurus, Bradypodidae, Capra hircus, Cervidae, Crocidura leucodon, Equidae, Felis catus, Hexaprotodon liberiensis, Lama glama, Oryctolagus cuniculus, Ovis aries, Struthio camelus, Varecia variegata, Vicugna pacos","9913, 9352, 9925, 9850, 109474, 9788, 9685, 56798, 9844, 9986, 9940, 8801, 9455, 30538",1,22,ECO:0000255,,,,468,488,ECO:0000255,,,,,,,,,,,,,,,,,,,,,
O10236,669,O10236,,Viruses,Rice yellow stunt virus,59380,Oryza sativa,4530,1,24,ECO:0000255,,,,610,630,ECO:0000255,,,,,,,,,,,,,,,,,,,,,
P21401,1197,P21401,A2T075,Viruses,Rift valley fever virus (strain ZH-548 M12),11589,"Aedes, Bos taurus, Bos taurus x Bison bison, Camelus bactrianus, Capra hircus, Homo sapiens, Ovis aries, Phlebotomus papatasi","7158, 9913, 297284, 9837, 9925, 9606, 9940, 29031",1,16,ECO:0000255,,,,583,603,ECO:0000255,1160,1180,ECO:0000255,,,,,,,,,,,,,,,,,,
P25946,258,P25946,Q77PB2,Viruses,Rabbit fibroma virus (strain Kasza),10272,Oryctolagus cuniculus,9986,1,17,ECO:0000255,,,,,,,,,,,,,,,,,,,,,,,,,,,
P52549,738,P52549,,Viruses,Human herpesvirus 6B (strain Z29),36351,Homo sapiens,9606,1,23,ECO:0000255,,,,,,,,,,,,,,,,,,,,,,,,,,,
Q80LP4,337,Q80LP4,,Viruses,Adoxophyes honmai nucleopolyhedrovirus,224399,Adoxophyes honmai,85585,1,19,ECO:0000255,,,,,,,,,,,,,,,,,,,,,,,,,,,
P27427,521,P27427,,Viruses,Dhori virus (strain Indian/1313/61),11319,"Homo sapiens, Ixodida","9606, 6935",1,20,ECO:0000255,,,,501,517,ECO:0000255,,,,,,,,,,,,,,,,,,,,,
P21445,645,P21445,,Viruses,Feline sarcoma virus (strain SM),11779,Felidae,9681,1,36,ECO:0000255,,,,590,610,ECO:0000255,,,,,,,,,,,,,,,,,,,,,
P12489,867,P12489,,Viruses,Human immunodeficiency virus type 1 group M subtype B (isolate JH32),11694,Homo sapiens,9606,1,31,ECO:0000255,,,,696,716,ECO:0000255,,,,,,,,,,,,,,,,,,,,,
P05881,856,P05881,,Viruses,Human immunodeficiency virus type 1 group M subtype A (isolate Z321),11692,Homo sapiens,9606,1,31,ECO:0000255,,,,685,705,ECO:0000255,,,,,,,,,,,,,,,,,,,,,
P31794,665,P31794,,Viruses,Radiation murine leukemia virus (strain Kaplan),31689,Mus musculus,10090,1,31,ECO:0000255,,,,606,626,ECO:0000255,,,,,,,,,,,,,,,,,,,,,
P04027,587,P04027,,Viruses,Simian retrovirus SRV-1,11942,Macaca mulatta,9544,1,22,ECO:0000255,,,,528,548,ECO:0000255,,,,,,,,,,,,,,,,,,,,,
P23728,574,P23728,,Viruses,Bovine respiratory syncytial virus (strain Rb94),11249,Bos taurus,9913,1,25,ECO:0000255,,,,525,550,ECO:0000250,,,,,,,,,,,,,,,,,,,,,
P10865,553,P10865,,Viruses,Newcastle disease virus (strain Miyadera/51),11185,Gallus gallus,9031,1,31,ECO:0000255,,,,501,521,ECO:0000250,,,,,,,,,,,,,,,,,,,,,
P68330,848,P68330,"P09101, Q66681",Viruses,Equine herpesvirus 1 (strain HVS25A),10327,Equus caballus,9796,1,24,ECO:0000255,,,,809,829,ECO:0000255,,,,,,,,,,,,,,,,,,,,,
P03212,137,P03212,Q777E0,Viruses,Epstein-Barr virus (strain B95-8),10377,Homo sapiens,9606,1,22,ECO:0000255,,,,,,,,,,,,,,,,,,,,,,,,,,,
Q04569,201,Q04569,,Viruses,Porcine reproductive and respiratory syndrome virus (strain Lelystad),11049,Sus scrofa,9823,1,32,ECO:0000255,,,,64,84,ECO:0000255,109,129,ECO:0000255,,,,,,,,,,,,,,,,,,
P03153,217,P03153,,Viruses,Ground squirrel hepatitis virus (strain 27),10406,Otospermophilus beecheyi,34862,1,20,ECO:0000255,,,,,,,,,,,,,,,,,,,,,,,,,,,
P0C6I5,212,P0C6I5,,Viruses,Hepatitis B virus genotype F2 subtype adw4q (isolate Senegal/9203),489503,"Homo sapiens, Pan troglodytes","9606, 9598",1,19,ECO:0000255,,,,,,,,,,,,,,,,,,,,,,,,,,,
Q83356,439,Q83356,Q83353,Viruses,Murine coronavirus (strain JHM),11144,Mus musculus,10090,1,22,ECO:0000255,,,,408,428,ECO:0000255,,,,,,,,,,,,,,,,,,,,,
P12581,561,P12581,,Viruses,Influenza A virus (strain A/Chicken/Germany/n/1949 H10N7),11339,Aves,8782,1,16,ECO:0000255,,,,525,545,ECO:0000255,,,,,,,,,,,,,,,,,,,,,
P16997,565,P16997,"Q83996, Q83997",Viruses,Influenza A virus (strain A/Equine/New Market/1976 H3N8),11408,"Aves, Equus caballus","8782, 9796",1,16,ECO:0000255,,,,530,550,ECO:0000255,,,,,,,,,,,,,,,,,,,,,
P26137,563,P26137,,Viruses,Influenza A virus (strain A/Mallard/Astrakhan/244/1982 H14N6),11433,Aves,8782,,,,,,,527,547,ECO:0000255,,,,,,,,,,,,,,,,,,,,,
Q67018,562,Q67018,,Viruses,Influenza A virus (strain A/Herring gull/DE/677/1988 H2N8),387243,Aves,8782,1,15,ECO:0000255,,,,526,546,ECO:0000255,,,,,,,,,,,,,,,,,,,,,
P12441,366,P12441,,Viruses,Influenza B virus (strain B/ID/1986),11534,Homo sapiens,9606,1,12,,,,,,,,,,,,,,,,,,,,,,,,,,,,
Q67387,648,Q67387,,Viruses,Influenza C virus (strain C/Nara/2/1985),127957,"Homo sapiens, Sus scrofa","9606, 9823",1,7,ECO:0000250,,,,624,644,ECO:0000255,,,,,,,,,,,,,,,,,,,,,
P16948,219,P16948,"Q02118, Q02120, Q08941",Viruses,Ustilago maydis P6 virus,11010,Mycosarcoma maydis,5270,1,19,,,,,,,,,,,,,,,,,,,,,,,,,,,,
P36302,213,P36302,,Viruses,Canine coronavirus (strain Insavc-1),36391,Canis lupus familiaris,9615,1,15,ECO:0000255,,,,,,,,,,,,,,,,,,,,,,,,,,,
P03315,1253,P03315,"B3TP01, Q809B6, Q8JMP5",Viruses,Semliki forest virus,11033,"Aedes, Atelerix albiventris, Culex tritaeniorhynchus, Halcyon, Homo sapiens, Quelea, Rhipicephalus","7158, 9368, 7178, 170865, 9606, 158617, 34630",,,,,,,702,722,ECO:0000255,771,791,ECO:0000255,793,813,ECO:0000255,1231,1251,ECO:0000255,,,,,,,,,,,,
P25192,1363,P25192,Q9QAS2,Viruses,Bovine coronavirus (strain LY-138),11131,Bos taurus,9913,1,13,ECO:0000255,,,,1308,1328,ECO:0000255,,,,,,,,,,,,,,,,,,,,,
P11223,1162,P11223,"P05134, Q4ZJS1",Viruses,Avian infectious bronchitis virus (strain Beaudette),11122,Gallus gallus,9031,1,18,ECO:0000255,,,,1096,1116,ECO:0000255,,,,,,,,,,,,,,,,,,,,,
Q779K4,315,Q779K4,Q7B2T8,Viruses,Shigella phage 7888,138946,Shigella sonnei,624,1,22,ECO:0000255,,,,,,,,,,,,,,,,,,,,,,,,,,,
P09386,89,P09386,Q96198,Viruses,Escherichia phage 933W,10730,Escherichia coli O157:H7,83334,1,19,ECO:0000255,,,,,,,,,,,,,,,,,,,,,,,,,,,
P09728,185,P09728,Q7M6J0,Viruses,Human cytomegalovirus (strain AD169),10360,Homo sapiens,9606,1,24,ECO:0000255,,,,150,170,ECO:0000255,,,,,,,,,,,,,,,,,,,,,
P24083,317,P24083,,Viruses,Vaccinia virus (strain Lister),10252,Homo sapiens,9606,1,17,ECO:0000255,,,,280,300,ECO:0000255,,,,,,,,,,,,,,,,,,,,,
P36319,830,P36319,,Viruses,Human herpesvirus 6A (strain GS),10369,Homo sapiens,9606,1,22,ECO:0000255,,,,689,709,ECO:0000255,,,,,,,,,,,,,,,,,,,,,
P18535,489,P18535,,Viruses,Meleagrid herpesvirus 1 (strain H2),10392,"Gallus gallus, Meleagris gallopavo","9031, 9103",1,32,ECO:0000255,,,,456,486,ECO:0000255,,,,,,,,,,,,,,,,,,,,,
Q8JTH0,526,Q8JTH0,,Viruses,Australian bat lyssavirus (isolate Human/AUS/1998),446562,"Homo sapiens, Pteropus alecto, Pteropus conspicillatus, Pteropus poliocephalus, Pteropus scapulatus, Saccolaimus","9606, 9402, 328804, 9403, 94117, 446909",1,19,ECO:0000255,,,,460,480,ECO:0000255,,,,,,,,,,,,,,,,,,,,,
P16288,524,P16288,"A3F5M3, A3F5N3, A3F5Q8, A3F5R3, A3F5R8, Q8QQA2",Viruses,Rabies virus (strain SAD B19),11300,"Homo sapiens, Mammalia","9606, 40674",1,19,,,,,460,480,ECO:0000255,,,,,,,,,,,,,,,,,,,,,
P07646,350,P07646,,Viruses,Suid herpesvirus 1 (strain Rice),10350,Sus scrofa,9823,1,31,ECO:0000255,,,,286,308,ECO:0000255,,,,,,,,,,,,,,,,,,,,,
P27312,1148,P27312,I4EPA4,Viruses,Puumala virus (strain Sotkamo/V-2969/81),39002,"Homo sapiens, Myodes glareolus","9606, 447135",1,23,ECO:0000255,,,,497,517,ECO:0000255,638,658,ECO:0000255,1116,1136,ECO:0000255,,,,,,,,,,,,,,,
P41721,323,P41721,Q80QU5,Viruses,Bombyx mori nuclear polyhedrosis virus,271108,Bombyx mori,7091,1,16,ECO:0000255,,,,,,,,,,,,,,,,,,,,,,,,,,,
P11318,91,P11318,,Viruses,Human adenovirus B serotype 3,45659,Homo sapiens,9606,1,22,ECO:0000250,,,,35,60,ECO:0000255,,,,,,,,,,,,,,,,,,,,,
P21415,685,P21415,Q9YWM3,Viruses,Gibbon ape leukemia virus,11840,Hylobatidae,9577,1,41,ECO:0000255,,,,633,653,ECO:0000255,,,,,,,,,,,,,,,,,,,,,
P31819,861,P31819,,Viruses,Human immunodeficiency virus type 1 group M subtype B (isolate KB-1/ETR),36375,Homo sapiens,9606,1,37,ECO:0000255,,,,691,711,ECO:0000255,,,,,,,,,,,,,,,,,,,,,
P24105,859,P24105,,Viruses,Human immunodeficiency virus type 2 subtype A (isolate CAM2),11715,Homo sapiens,9606,1,24,ECO:0000255,,,,681,701,ECO:0000255,,,,,,,,,,,,,,,,,,,,,
Q85646,688,Q85646,Q9IZT0,Viruses,Mouse mammary tumor virus (strain C3H),11759,Mus musculus,10090,1,98,ECO:0000269,,,,625,645,ECO:0000255,,,,,,,,,,,,,,,,,,,,,
P51520,574,P51520,,Viruses,Simian retrovirus SRV-2 (isolate 2R-18B1),73490,Macaca mulatta,9544,1,22,ECO:0000255,,,,515,535,ECO:0000255,,,,,,,,,,,,,,,,,,,,,
O89342,546,O89342,Q66761,Viruses,Hendra virus (isolate Horse/Autralia/Hendra/1994),928303,"Equus caballus, Homo sapiens, Pteropus alecto, Pteropus poliocephalus, Pteropus scapulatus","9796, 9606, 9402, 9403, 94117",1,26,ECO:0000255,,,,495,515,ECO:0000255,,,,,,,,,,,,,,,,,,,,,
P26628,553,P26628,,Viruses,Newcastle disease virus (strain Texas),11188,Gallus gallus,9031,1,31,ECO:0000255,,,,501,521,ECO:0000250,,,,,,,,,,,,,,,,,,,,,
P24430,855,P24430,,Viruses,Equine herpesvirus 4 (strain 1942),10333,Equus caballus,9796,1,19,ECO:0000255,,,,816,836,ECO:0000255,,,,,,,,,,,,,,,,,,,,,
P03196,102,P03196,Q777F2,Viruses,Epstein-Barr virus (strain B95-8),10377,Homo sapiens,9606,1,32,ECO:0000255,,,,70,90,ECO:0000255,,,,,,,,,,,,,,,,,,,,,
P0C625,214,P0C625,,Viruses,Hepatitis B virus genotype A2 subtype adw2 (strain Rutter 1979),480116,"Homo sapiens, Pan troglodytes","9606, 9598",1,19,ECO:0000255,,,,,,,,,,,,,,,,,,,,,,,,,,,
Q9WJE9,212,Q9WJE9,,Viruses,Gorilla hepatitis B virus (isolate Cameroon/gor97),489546,Gorilla gorilla,9593,1,19,ECO:0000255,,,,,,,,,,,,,,,,,,,,,,,,,,,
Q8BB26,424,Q8BB26,,Viruses,Porcine hemagglutinating encephalomyelitis virus (strain 67N),230237,Sus scrofa,9823,1,16,ECO:0000255,,,,393,413,ECO:0000255,,,,,,,,,,,,,,,,,,,,,
P03444,106,P03444,,Viruses,Influenza A virus (strain A/Duck/Manitoba/1/1953 H10N7),383555,"Anatidae, Gallus gallus","8830, 9031",1,17,ECO:0000255,,,,,,,,,,,,,,,,,,,,,,,,,,,
P03458,560,P03458,Q0PCG7,Viruses,Influenza A virus (strain A/Turkey/Oregon/1971 H7N3),385636,Aves,8782,1,18,ECO:0000255,,,,524,544,ECO:0000255,,,,,,,,,,,,,,,,,,,,,
P26102,570,P26102,,Viruses,Influenza A virus (strain A/Equine/Sao Paulo/1/1976 H7N7),217828,"Aves, Equus caballus, Homo sapiens, Phocidae","8782, 9796, 9606, 9709",1,18,ECO:0000255,,,,534,554,ECO:0000255,,,,,,,,,,,,,,,,,,,,,
O11283,566,O11283,"O40676, Q6DME6",Viruses,Influenza A virus (strain A/Beijing/353/1989 H3N2),380949,"Aves, Cetacea, Homo sapiens, Phocidae, Sus scrofa","8782, 9721, 9606, 9709, 9823",1,16,ECO:0000255,,,,531,551,ECO:0000255,,,,,,,,,,,,,,,,,,,,,
P03460,584,P03460,,Viruses,Influenza B virus (strain B/Lee/1940),518987,Homo sapiens,9606,1,15,ECO:0000255,,,,553,573,ECO:0000255,,,,,,,,,,,,,,,,,,,,,
P07967,642,P07967,,Viruses,Influenza C virus (strain C/Pig/Beijing/115/1981),203231,"Homo sapiens, Sus scrofa","9606, 9823",,,,,,,618,638,ECO:0000255,,,,,,,,,,,,,,,,,,,,,
Q7T6S6,213,Q7T6S6,,Viruses,Canine coronavirus (strain BGF10),441619,Canis lupus familiaris,9615,1,15,ECO:0000255,,,,,,,,,,,,,,,,,,,,,,,,,,,
P03316,1245,P03316,"C4T9C2, P11259, Q88870, Q88871, Q88872, Q88873, Q88874",Viruses,Sindbis virus,11034,"Acrocephalus scirpaceus, Aedes, Culex, Homo sapiens, Motacilla alba, Streptopelia turtur","48156, 7158, 53527, 9606, 45807, 177155",,,,,,,691,718,ECO:0000269,764,784,ECO:0000255,786,806,ECO:0000255,1215,1239,ECO:0000269,,,,,,,,,,,,
P11041,248,P11041,,Viruses,Bombyx mori cytoplasmic polyhedrosis virus,110829,Bombyx mori,7091,1,27,,,,,,,,,,,,,,,,,,,,,,,,,,,,
Q9QAQ8,1363,Q9QAQ8,,Viruses,Bovine coronavirus (strain OK-0514),231432,Bos taurus,9913,1,13,ECO:0000255,,,,1308,1328,ECO:0000255,,,,,,,,,,,,,,,,,,,,,
P17662,550,P17662,,Viruses,Avian infectious bronchitis virus (strain D3896),11125,Gallus gallus,9031,1,18,ECO:0000255,,,,,,,,,,,,,,,,,,,,,,,,,,,
P08026,315,P08026,,Viruses,Enterobacteria phage H19B,69932,Escherichia coli,562,1,22,,,,,,,,,,,,,,,,,,,,,,,,,,,,
P69178,89,P69178,P08027,Viruses,Bacteriophage H30,12371,Escherichia coli,562,1,20,ECO:0000250,,,,,,,,,,,,,,,,,,,,,,,,,,,
Q69569,153,Q69569,Q96893,Viruses,Human herpesvirus 6A (strain Uganda-1102),10370,Homo sapiens,9606,,,,,,,16,36,ECO:0000255,97,117,ECO:0000255,,,,,,,,,,,,,,,,,,
P26702,117,P26702,,Viruses,African swine fever virus (isolate Portugal/Lis 57/1957),10499,"Ornithodoros, Sus scrofa","6937, 9823",1,16,ECO:0000255,,,,,,,,,,,,,,,,,,,,,,,,,,,
P26709,137,P26709,,Viruses,African swine fever virus (isolate Portugal/Lis 57/1957),10499,"Ornithodoros, Sus scrofa","6937, 9823",1,20,ECO:0000255,,,,,,,,,,,,,,,,,,,,,,,,,,,
Q01227,317,Q01227,Q76ZL8,Viruses,Vaccinia virus (strain Western Reserve),10254,Bos taurus,9913,1,17,ECO:0000255,,,,280,300,ECO:0000255,,,,,,,,,,,,,,,,,,,,,
P36320,830,P36320,Q9QJ31,Viruses,Human herpesvirus 6B (strain Z29),36351,Homo sapiens,9606,1,19,ECO:0000255,,,,689,709,ECO:0000255,,,,,,,,,,,,,,,,,,,,,
Q89669,660,Q89669,,Viruses,Adelaide River virus,31612,"Bos taurus, Bubalus bubalis, Culicoides, Syncerus caffer","9913, 89462, 58271, 9970",1,22,ECO:0000255,,,,559,579,ECO:0000255,,,,,,,,,,,,,,,,,,,,,
Q08089,524,Q08089,,Viruses,Rabies virus (strain Vnukovo-32),45418,"Homo sapiens, Mammalia","9606, 40674",1,19,ECO:0000255,,,,460,480,ECO:0000255,,,,,,,,,,,,,,,,,,,,,
P03518,1206,P03518,"Q86494, Q86495",Viruses,Rift valley fever virus,11588,"Aedes, Bos taurus, Bos taurus x Bison bison, Camelus bactrianus, Capra hircus, Homo sapiens, Ovis aries, Phlebotomus papatasi","7158, 9913, 297284, 9837, 9925, 9606, 9940, 29031",1,16,ECO:0000255,,,,583,603,ECO:0000255,1160,1180,ECO:0000255,,,,,,,,,,,,,,,,,,
Q6S6W0,866,Q6S6W0,,Viruses,Equine herpesvirus 1 (strain V592),310273,Equus caballus,9796,1,25,ECO:0000255,,,,835,855,ECO:0000255,,,,,,,,,,,,,,,,,,,,,
Q06093,651,Q06093,,Viruses,Human herpesvirus 6A (strain Uganda-1102),10370,Homo sapiens,9606,1,56,ECO:0000255,,,,,,,,,,,,,,,,,,,,,,,,,,,
Q5UPK7,563,Q5UPK7,,Viruses,Acanthamoeba polyphaga mimivirus,212035,Acanthamoeba polyphaga,5757,1,21,ECO:0000255,,,,,,,,,,,,,,,,,,,,,,,,,,,
Q5UPJ1,356,Q5UPJ1,,Viruses,Acanthamoeba polyphaga mimivirus,212035,Acanthamoeba polyphaga,5757,1,21,ECO:0000255,,,,,,,,,,,,,,,,,,,,,,,,,,,
Q6LDT4,315,Q6LDT4,,Viruses,Enterobacteria phage 933J,12340,,,,,,,,,,,,,,,,,,,,,,,,,,,,,,,,
A8E262,212,A8E262,,Viruses,Enterococcus phage phiEF24C,442493,Enterococcus faecalis,1351,,,,,,,,,,,,,,,,,,,,,,,,,,,,,,
Q87083,23,Q87083,,Viruses,Suid herpesvirus 1,10345,,,,,,,,,,,,,,,,,,,,,,,,,,,,,,,,
Q20NL9,,,,,,,,,,,,,,,,,,,,,,,,,,,,,,,,,,,,,,
Q2RF95,,,,,,,,,,,,,,,,,,,,,,,,,,,,,,,,,,,,,,
Q38U20,,,,,,,,,,,,,,,,,,,,,,,,,,,,,,,,,,,,,,
A4K063,,,,,,,,,,,,,,,,,,,,,,,,,,,,,,,,,,,,,,
A9L8P4,,,,,,,,,,,,,,,,,,,,,,,,,,,,,,,,,,,,,,
Q3M0P5,,,,,,,,,,,,,,,,,,,,,,,,,,,,,,,,,,,,,,
Q2IC95,,,,,,,,,,,,,,,,,,,,,,,,,,,,,,,,,,,,,,
Q15LA2,,,,,,,,,,,,,,,,,,,,,,,,,,,,,,,,,,,,,,
Q0P1H9,,,,,,,,,,,,,,,,,,,,,,,,,,,,,,,,,,,,,,
A8C3C3,,,,,,,,,,,,,,,,,,,,,,,,,,,,,,,,,,,,,,
B1MPK0,,,,,,,,,,,,,,,,,,,,,,,,,,,,,,,,,,,,,,
B2VMD2,,,,,,,,,,,,,,,,,,,,,,,,,,,,,,,,,,,,,,
B5SN80,,,,,,,,,,,,,,,,,,,,,,,,,,,,,,,,,,,,,,
Q5K372,,,,,,,,,,,,,,,,,,,,,,,,,,,,,,,,,,,,,,
Q20NH3,,,,,,,,,,,,,,,,,,,,,,,,,,,,,,,,,,,,,,
Q2RDJ5,,,,,,,,,,,,,,,,,,,,,,,,,,,,,,,,,,,,,,
Q1PTR9,,,,,,,,,,,,,,,,,,,,,,,,,,,,,,,,,,,,,,
Q0HCQ6,,,,,,,,,,,,,,,,,,,,,,,,,,,,,,,,,,,,,,
A4JZ94,,,,,,,,,,,,,,,,,,,,,,,,,,,,,,,,,,,,,,
A8W8C0,,,,,,,,,,,,,,,,,,,,,,,,,,,,,,,,,,,,,,
B1MPM2,,,,,,,,,,,,,,,,,,,,,,,,,,,,,,,,,,,,,,
B2VLR2,,,,,,,,,,,,,,,,,,,,,,,,,,,,,,,,,,,,,,
B5FW02,,,,,,,,,,,,,,,,,,,,,,,,,,,,,,,,,,,,,,
B6JSI3,,,,,,,,,,,,,,,,,,,,,,,,,,,,,,,,,,,,,,
Q9WJE8,212,Q9WJE8,,Viruses,Hepatitis B virus,10407,"Homo sapiens, Pan troglodytes","9606, 9598",,,,,,,,,,,,,,,,,,,,,,,,,,,,,,
Q3IAE4,,,,,,,,,,,,,,,,,,,,,,,,,,,,,,,,,,,,,,
Q3M0A0,,,,,,,,,,,,,,,,,,,,,,,,,,,,,,,,,,,,,,
Q20NH5,,,,,,,,,,,,,,,,,,,,,,,,,,,,,,,,,,,,,,
Q2LNR7,,,,,,,,,,,,,,,,,,,,,,,,,,,,,,,,,,,,,,
Q0HB76,,,,,,,,,,,,,,,,,,,,,,,,,,,,,,,,,,,,,,
B6JR60,,,,,,,,,,,,,,,,,,,,,,,,,,,,,,,,,,,,,,
B6A616,,,,,,,,,,,,,,,,,,,,,,,,,,,,,,,,,,,,,,
Q4JRE5,,,,,,,,,,,,,,,,,,,,,,,,,,,,,,,,,,,,,,
Q2Y353,,,,,,,,,,,,,,,,,,,,,,,,,,,,,,,,,,,,,,
Q0HCH9,,,,,,,,,,,,,,,,,,,,,,,,,,,,,,,,,,,,,,
A4D6F3,,,,,,,,,,,,,,,,,,,,,,,,,,,,,,,,,,,,,,
A8W8B4,,,,,,,,,,,,,,,,,,,,,,,,,,,,,,,,,,,,,,
A9WZT8,,,,,,,,,,,,,,,,,,,,,,,,,,,,,,,,,,,,,,
B2VLQ2,,,,,,,,,,,,,,,,,,,,,,,,,,,,,,,,,,,,,,
B5FW27,,,,,,,,,,,,,,,,,,,,,,,,,,,,,,,,,,,,,,
Q701T7,560,Q701T7,,Viruses,Influenza A virus,265121,,,,,,,,,524,549,ECO:0000256,,,,,,,,,,,,,,,,,,,,,
Q20LW0,,,,,,,,,,,,,,,,,,,,,,,,,,,,,,,,,,,,,,
Q38TH2,,,,,,,,,,,,,,,,,,,,,,,,,,,,,,,,,,,,,,
Q15MM5,,,,,,,,,,,,,,,,,,,,,,,,,,,,,,,,,,,,,,
Q0R8S1,,,,,,,,,,,,,,,,,,,,,,,,,,,,,,,,,,,,,,
Q0R705,,,,,,,,,,,,,,,,,,,,,,,,,,,,,,,,,,,,,,
B0VVJ6,,,,,,,,,,,,,,,,,,,,,,,,,,,,,,,,,,,,,,
B2B8B6,,,,,,,,,,,,,,,,,,,,,,,,,,,,,,,,,,,,,,
Q58BL0,,,,,,,,,,,,,,,,,,,,,,,,,,,,,,,,,,,,,,
Q4A344,192,Q4A344,,Viruses,Emiliania huxleyi virus 86 (isolate United Kingdom/English Channel/1999),654925,Emiliania huxleyi,2903,,,,,,,5,23,ECO:0000256,29,50,ECO:0000256,,,,,,,,,,,,,,,,,,
Q2LMX8,,,,,,,,,,,,,,,,,,,,,,,,,,,,,,,,,,,,,,
Q2IBZ6,,,,,,,,,,,,,,,,,,,,,,,,,,,,,,,,,,,,,,
Q15MK3,,,,,,,,,,,,,,,,,,,,,,,,,,,,,,,,,,,,,,
Q15LH9,,,,,,,,,,,,,,,,,,,,,,,,,,,,,,,,,,,,,,
Q0R7Z6,,,,,,,,,,,,,,,,,,,,,,,,,,,,,,,,,,,,,,
A6M5Q8,,,,,,,,,,,,,,,,,,,,,,,,,,,,,,,,,,,,,,
A8C3P4,,,,,,,,,,,,,,,,,,,,,,,,,,,,,,,,,,,,,,
B6JSP7,,,,,,,,,,,,,,,,,,,,,,,,,,,,,,,,,,,,,,
Q0R895,,,,,,,,,,,,,,,,,,,,,,,,,,,,,,,,,,,,,,
Q0A078,,,,,,,,,,,,,,,,,,,,,,,,,,,,,,,,,,,,,,
A8W8K0,,,,,,,,,,,,,,,,,,,,,,,,,,,,,,,,,,,,,,
B0VW88,568,B0VW88,,Viruses,Influenza A virus,504450,,,,,,,,,533,555,ECO:0000256,,,,,,,,,,,,,,,,,,,,,
B3EUY3,,,,,,,,,,,,,,,,,,,,,,,,,,,,,,,,,,,,,,
B2VLZ1,,,,,,,,,,,,,,,,,,,,,,,,,,,,,,,,,,,,,,
B2VNC3,,,,,,,,,,,,,,,,,,,,,,,,,,,,,,,,,,,,,,
B5FVS2,,,,,,,,,,,,,,,,,,,,,,,,,,,,,,,,,,,,,,
B6JSW2,,,,,,,,,,,,,,,,,,,,,,,,,,,,,,,,,,,,,,
Q89473,469,Q89473,,Viruses,Influenza A virus (strain A/New Jersey/8/1976 H1N1),379756,"Aves, Homo sapiens, Sus scrofa","8782, 9606, 9823",,,,,,,7,34,ECO:0000256,,,,,,,,,,,,,,,,,,,,,
Q9Q0I3,,,,,,,,,,,,,,,,,,,,,,,,,,,,,,,,,,,,,,
Q5DX92,,,,,,,,,,,,,,,,,,,,,,,,,,,,,,,,,,,,,,
Q20NK9,,,,,,,,,,,,,,,,,,,,,,,,,,,,,,,,,,,,,,
Q38TL6,,,,,,,,,,,,,,,,,,,,,,,,,,,,,,,,,,,,,,
Q00Q71,,,,,,,,,,,,,,,,,,,,,,,,,,,,,,,,,,,,,,
A6M8E8,,,,,,,,,,,,,,,,,,,,,,,,,,,,,,,,,,,,,,
A4U682,,,,,,,,,,,,,,,,,,,,,,,,,,,,,,,,,,,,,,
A8BMD4,,,,,,,,,,,,,,,,,,,,,,,,,,,,,,,,,,,,,,
B3EUS8,,,,,,,,,,,,,,,,,,,,,,,,,,,,,,,,,,,,,,
B2VMF0,,,,,,,,,,,,,,,,,,,,,,,,,,,,,,,,,,,,,,
B6JS57,,,,,,,,,,,,,,,,,,,,,,,,,,,,,,,,,,,,,,
Q8QKV5,325,Q8QKV5,,Viruses,Ectocarpus siliculosus virus 1 (isolate New Zealand/Kaikoura/1988),654926,Ectocarpus siliculosus,2880,,,,,,,6,24,ECO:0000256,,,,,,,,,,,,,,,,,,,,,
Q9WJE4,212,Q9WJE4,,Viruses,Hepatitis B virus,10407,"Homo sapiens, Pan troglodytes","9606, 9598",,,,,,,,,,,,,,,,,,,,,,,,,,,,,,
Q2RD25,,,,,,,,,,,,,,,,,,,,,,,,,,,,,,,,,,,,,,
Q15KT7,,,,,,,,,,,,,,,,,,,,,,,,,,,,,,,,,,,,,,
A0RSK2,,,,,,,,,,,,,,,,,,,,,,,,,,,,,,,,,,,,,,
A6M5N6,,,,,,,,,,,,,,,,,,,,,,,,,,,,,,,,,,,,,,
A4U751,,,,,,,,,,,,,,,,,,,,,,,,,,,,,,,,,,,,,,
A8C467,,,,,,,,,,,,,,,,,,,,,,,,,,,,,,,,,,,,,,
A9C4E7,,,,,,,,,,,,,,,,,,,,,,,,,,,,,,,,,,,,,,
A9C6X7,,,,,,,,,,,,,,,,,,,,,,,,,,,,,,,,,,,,,,
A9C9F5,,,,,,,,,,,,,,,,,,,,,,,,,,,,,,,,,,,,,,
B5FVS4,,,,,,,,,,,,,,,,,,,,,,,,,,,,,,,,,,,,,,
A9WZQ5,,,,,,,,,,,,,,,,,,,,,,,,,,,,,,,,,,,,,,
O39839,360,O39839,,Viruses,Influenza A virus,225086,,,,,,,,,,,,,,,,,,,,,,,,,,,,,,,,
Q2RD15,,,,,,,,,,,,,,,,,,,,,,,,,,,,,,,,,,,,,,
Q15LF7,,,,,,,,,,,,,,,,,,,,,,,,,,,,,,,,,,,,,,
Q09YZ9,,,,,,,,,,,,,,,,,,,,,,,,,,,,,,,,,,,,,,
A0M7X4,,,,,,,,,,,,,,,,,,,,,,,,,,,,,,,,,,,,,,
A0RSE7,,,,,,,,,,,,,,,,,,,,,,,,,,,,,,,,,,,,,,
A6M8D7,,,,,,,,,,,,,,,,,,,,,,,,,,,,,,,,,,,,,,
A4Z3K0,,,,,,,,,,,,,,,,,,,,,,,,,,,,,,,,,,,,,,
B2ZVU8,,,,,,,,,,,,,,,,,,,,,,,,,,,,,,,,,,,,,,
B6JSV3,,,,,,,,,,,,,,,,,,,,,,,,,,,,,,,,,,,,,,
B5FVY7,,,,,,,,,,,,,,,,,,,,,,,,,,,,,,,,,,,,,,
B6RED3,,,,,,,,,,,,,,,,,,,,,,,,,,,,,,,,,,,,,,
B5SN78,,,,,,,,,,,,,,,,,,,,,,,,,,,,,,,,,,,,,,
Q918Q8,566,Q918Q8,,Viruses,Influenza A virus,382820,,,,,,,,,531,554,ECO:0000256,,,,,,,,,,,,,,,,,,,,,
Q4A3A4,404,Q4A3A4,,Viruses,Emiliania huxleyi virus 86 (isolate United Kingdom/English Channel/1999),654925,Emiliania huxleyi,2903,,,,,,,336,355,ECO:0000256,,,,,,,,,,,,,,,,,,,,,
Q2IDA8,,,,,,,,,,,,,,,,,,,,,,,,,,,,,,,,,,,,,,
Q20NM5,,,,,,,,,,,,,,,,,,,,,,,,,,,,,,,,,,,,,,
Q15L69,,,,,,,,,,,,,,,,,,,,,,,,,,,,,,,,,,,,,,
A0RT06,,,,,,,,,,,,,,,,,,,,,,,,,,,,,,,,,,,,,,
A8W8F5,,,,,,,,,,,,,,,,,,,,,,,,,,,,,,,,,,,,,,
B1MPP2,,,,,,,,,,,,,,,,,,,,,,,,,,,,,,,,,,,,,,
B5SMS5,,,,,,,,,,,,,,,,,,,,,,,,,,,,,,,,,,,,,,
Q9DHG9,267,Q9DHG9,,Viruses,Yaba-like disease virus,132475,"Homo sapiens, Simiiformes","9606, 314293",,,,,,,229,252,ECO:0000256,,,,,,,,,,,,,,,,,,,,,
O12686,352,O12686,,Viruses,Pseudaletia separata entomopoxvirus,55551,,,,,,,,,,,,,,,,,,,,,,,,,,,,,,,,
Q5Y9D0,904,Q5Y9D0,,Viruses,Human herpesvirus 2,10310,Homo sapiens,9606,,,,,,,749,768,ECO:0000256,774,796,ECO:0000256,,,,,,,,,,,,,,,,,,
Q52JN8,,,,,,,,,,,,,,,,,,,,,,,,,,,,,,,,,,,,,,
Q3YPL3,,,,,,,,,,,,,,,,,,,,,,,,,,,,,,,,,,,,,,
Q58BQ0,,,,,,,,,,,,,,,,,,,,,,,,,,,,,,,,,,,,,,
Q20NM6,,,,,,,,,,,,,,,,,,,,,,,,,,,,,,,,,,,,,,
Q20M15,,,,,,,,,,,,,,,,,,,,,,,,,,,,,,,,,,,,,,
Q28B00,,,,,,,,,,,,,,,,,,,,,,,,,,,,,,,,,,,,,,
A4D712,,,,,,,,,,,,,,,,,,,,,,,,,,,,,,,,,,,,,,
A6M5U1,,,,,,,,,,,,,,,,,,,,,,,,,,,,,,,,,,,,,,
A6M726,,,,,,,,,,,,,,,,,,,,,,,,,,,,,,,,,,,,,,
A8C8E1,,,,,,,,,,,,,,,,,,,,,,,,,,,,,,,,,,,,,,
B0VVI8,,,,,,,,,,,,,,,,,,,,,,,,,,,,,,,,,,,,,,
Q8QKV4,583,Q8QKV4,,Viruses,Ectocarpus siliculosus virus 1 (isolate New Zealand/Kaikoura/1988),654926,Ectocarpus siliculosus,2880,,,,,,,6,28,ECO:0000256,40,63,ECO:0000256,69,89,ECO:0000256,,,,,,,,,,,,,,,
Q5BHR5,,,,,,,,,,,,,,,,,,,,,,,,,,,,,,,,,,,,,,
Q20LB2,,,,,,,,,,,,,,,,,,,,,,,,,,,,,,,,,,,,,,
Q289V4,,,,,,,,,,,,,,,,,,,,,,,,,,,,,,,,,,,,,,
A7IRX7,,,,,,,,,,,,,,,,,,,,,,,,,,,,,,,,,,,,,,
A8C8B9,,,,,,,,,,,,,,,,,,,,,,,,,,,,,,,,,,,,,,
B4UPT0,,,,,,,,,,,,,,,,,,,,,,,,,,,,,,,,,,,,,,
Q52JZ8,,,,,,,,,,,,,,,,,,,,,,,,,,,,,,,,,,,,,,
Q58B00,,,,,,,,,,,,,,,,,,,,,,,,,,,,,,,,,,,,,,
Q20NJ3,,,,,,,,,,,,,,,,,,,,,,,,,,,,,,,,,,,,,,
Q2RD85,,,,,,,,,,,,,,,,,,,,,,,,,,,,,,,,,,,,,,
Q30N87,,,,,,,,,,,,,,,,,,,,,,,,,,,,,,,,,,,,,,
A1BL41,,,,,,,,,,,,,,,,,,,,,,,,,,,,,,,,,,,,,,
A6M6V1,,,,,,,,,,,,,,,,,,,,,,,,,,,,,,,,,,,,,,
A8C321,,,,,,,,,,,,,,,,,,,,,,,,,,,,,,,,,,,,,,
A8W895,,,,,,,,,,,,,,,,,,,,,,,,,,,,,,,,,,,,,,
B0VVN6,,,,,,,,,,,,,,,,,,,,,,,,,,,,,,,,,,,,,,
B2B941,,,,,,,,,,,,,,,,,,,,,,,,,,,,,,,,,,,,,,
B5FVW2,,,,,,,,,,,,,,,,,,,,,,,,,,,,,,,,,,,,,,
A9X0C5,,,,,,,,,,,,,,,,,,,,,,,,,,,,,,,,,,,,,,
Q5K365,,,,,,,,,,,,,,,,,,,,,,,,,,,,,,,,,,,,,,
Q38T62,,,,,,,,,,,,,,,,,,,,,,,,,,,,,,,,,,,,,,
Q2LN69,,,,,,,,,,,,,,,,,,,,,,,,,,,,,,,,,,,,,,
Q0A4C7,,,,,,,,,,,,,,,,,,,,,,,,,,,,,,,,,,,,,,
Q0R6M3,,,,,,,,,,,,,,,,,,,,,,,,,,,,,,,,,,,,,,
Q1AQP1,,,,,,,,,,,,,,,,,,,,,,,,,,,,,,,,,,,,,,
A5GX52,,,,,,,,,,,,,,,,,,,,,,,,,,,,,,,,,,,,,,
A8HXS6,,,,,,,,,,,,,,,,,,,,,,,,,,,,,,,,,,,,,,
B2VM72,,,,,,,,,,,,,,,,,,,,,,,,,,,,,,,,,,,,,,
B4UPS0,,,,,,,,,,,,,,,,,,,,,,,,,,,,,,,,,,,,,,
Q9WIU4,,,,,,,,,,,,,,,,,,,,,,,,,,,,,,,,,,,,,,
O36551,228,O36551,Q2HR81,Viruses,Human herpesvirus 8,37296,Homo sapiens,9606,,,,,,,198,217,ECO:0000256,,,,,,,,,,,,,,,,,,,,,
Q67101,344,Q67101,,Viruses,Influenza A virus,387177,,,,,,,,,,,,,,,,,,,,,,,,,,,,,,,,
Q3YQM6,,,,,,,,,,,,,,,,,,,,,,,,,,,,,,,,,,,,,,
Q2Y499,,,,,,,,,,,,,,,,,,,,,,,,,,,,,,,,,,,,,,
Q1WQ33,,,,,,,,,,,,,,,,,,,,,,,,,,,,,,,,,,,,,,
Q2LNM3,,,,,,,,,,,,,,,,,,,,,,,,,,,,,,,,,,,,,,
A4K0M8,,,,,,,,,,,,,,,,,,,,,,,,,,,,,,,,,,,,,,
A6M816,,,,,,,,,,,,,,,,,,,,,,,,,,,,,,,,,,,,,,
A7IRG2,,,,,,,,,,,,,,,,,,,,,,,,,,,,,,,,,,,,,,
A8W8A1,,,,,,,,,,,,,,,,,,,,,,,,,,,,,,,,,,,,,,
B6JRI0,,,,,,,,,,,,,,,,,,,,,,,,,,,,,,,,,,,,,,
B5SN47,,,,,,,,,,,,,,,,,,,,,,,,,,,,,,,,,,,,,,
Q4A2L4,239,Q4A2L4,,Viruses,Emiliania huxleyi virus 86 (isolate United Kingdom/English Channel/1999),654925,Emiliania huxleyi,2903,,,,,,,6,27,ECO:0000256,,,,,,,,,,,,,,,,,,,,,
Q28AV6,,,,,,,,,,,,,,,,,,,,,,,,,,,,,,,,,,,,,,
Q0R8T2,,,,,,,,,,,,,,,,,,,,,,,,,,,,,,,,,,,,,,
Q0A261,,,,,,,,,,,,,,,,,,,,,,,,,,,,,,,,,,,,,,
A1BLE0,,,,,,,,,,,,,,,,,,,,,,,,,,,,,,,,,,,,,,
A6M6H1,,,,,,,,,,,,,,,,,,,,,,,,,,,,,,,,,,,,,,
A4U6N6,,,,,,,,,,,,,,,,,,,,,,,,,,,,,,,,,,,,,,
B2VLV8,,,,,,,,,,,,,,,,,,,,,,,,,,,,,,,,,,,,,,
B2KGY6,,,,,,,,,,,,,,,,,,,,,,,,,,,,,,,,,,,,,,
B2B8V3,,,,,,,,,,,,,,,,,,,,,,,,,,,,,,,,,,,,,,
B5FVX5,,,,,,,,,,,,,,,,,,,,,,,,,,,,,,,,,,,,,,
B5SMN1,,,,,,,,,,,,,,,,,,,,,,,,,,,,,,,,,,,,,,
Q38TA6,,,,,,,,,,,,,,,,,,,,,,,,,,,,,,,,,,,,,,
Q28A20,,,,,,,,,,,,,,,,,,,,,,,,,,,,,,,,,,,,,,
Q0A3B6,,,,,,,,,,,,,,,,,,,,,,,,,,,,,,,,,,,,,,
A4K1Q2,,,,,,,,,,,,,,,,,,,,,,,,,,,,,,,,,,,,,,
A4GCC0,,,,,,,,,,,,,,,,,,,,,,,,,,,,,,,,,,,,,,
A9C754,,,,,,,,,,,,,,,,,,,,,,,,,,,,,,,,,,,,,,
B3REZ7,,,,,,,,,,,,,,,,,,,,,,,,,,,,,,,,,,,,,,
B6A783,,,,,,,,,,,,,,,,,,,,,,,,,,,,,,,,,,,,,,
Q3IB14,,,,,,,,,,,,,,,,,,,,,,,,,,,,,,,,,,,,,,
Q464K7,,,,,,,,,,,,,,,,,,,,,,,,,,,,,,,,,,,,,,
Q20P94,,,,,,,,,,,,,,,,,,,,,,,,,,,,,,,,,,,,,,
Q2LPD7,,,,,,,,,,,,,,,,,,,,,,,,,,,,,,,,,,,,,,
Q0R6D5,,,,,,,,,,,,,,,,,,,,,,,,,,,,,,,,,,,,,,
Q07FW7,,,,,,,,,,,,,,,,,,,,,,,,,,,,,,,,,,,,,,
A0M8K5,,,,,,,,,,,,,,,,,,,,,,,,,,,,,,,,,,,,,,
B1MPJ7,,,,,,,,,,,,,,,,,,,,,,,,,,,,,,,,,,,,,,
B3EVV2,,,,,,,,,,,,,,,,,,,,,,,,,,,,,,,,,,,,,,
B2VME9,,,,,,,,,,,,,,,,,,,,,,,,,,,,,,,,,,,,,,
B4UND0,,,,,,,,,,,,,,,,,,,,,,,,,,,,,,,,,,,,,,
B4URE7,,,,,,,,,,,,,,,,,,,,,,,,,,,,,,,,,,,,,,
B5FVY2,,,,,,,,,,,,,,,,,,,,,,,,,,,,,,,,,,,,,,
A9RA39,,,,,,,,,,,,,,,,,,,,,,,,,,,,,,,,,,,,,,
B5SNF6,,,,,,,,,,,,,,,,,,,,,,,,,,,,,,,,,,,,,,
B6A707,,,,,,,,,,,,,,,,,,,,,,,,,,,,,,,,,,,,,,
Q8QKV7,767,Q8QKV7,,Viruses,Ectocarpus siliculosus virus 1 (isolate New Zealand/Kaikoura/1988),654926,Ectocarpus siliculosus,2880,,,,,,,,,,,,,,,,,,,,,,,,,,,,,,
Q6XU66,,,,,,,,,,,,,,,,,,,,,,,,,,,,,,,,,,,,,,
Q20ME6,,,,,,,,,,,,,,,,,,,,,,,,,,,,,,,,,,,,,,
Q28AI5,,,,,,,,,,,,,,,,,,,,,,,,,,,,,,,,,,,,,,
Q0R716,,,,,,,,,,,,,,,,,,,,,,,,,,,,,,,,,,,,,,
A8BZF0,,,,,,,,,,,,,,,,,,,,,,,,,,,,,,,,,,,,,,
A7RA17,,,,,,,,,,,,,,,,,,,,,,,,,,,,,,,,,,,,,,
B2VM79,,,,,,,,,,,,,,,,,,,,,,,,,,,,,,,,,,,,,,
B4URC5,,,,,,,,,,,,,,,,,,,,,,,,,,,,,,,,,,,,,,
Q9Q6N4,344,Q9Q6N4,,Viruses,Influenza A virus,560374,,,,,,,,,,,,,,,,,,,,,,,,,,,,,,,,
Q4JRU5,,,,,,,,,,,,,,,,,,,,,,,,,,,,,,,,,,,,,,
Q2RCU5,,,,,,,,,,,,,,,,,,,,,,,,,,,,,,,,,,,,,,
Q0A347,,,,,,,,,,,,,,,,,,,,,,,,,,,,,,,,,,,,,,
Q0P3A3,,,,,,,,,,,,,,,,,,,,,,,,,,,,,,,,,,,,,,
Q07FJ6,,,,,,,,,,,,,,,,,,,,,,,,,,,,,,,,,,,,,,
A4K0G2,560,A4K0G2,C0J1J3,Viruses,Influenza A virus,525817,,,,,,,,,524,549,ECO:0000256,,,,,,,,,,,,,,,,,,,,,
A4K245,,,,,,,,,,,,,,,,,,,,,,,,,,,,,,,,,,,,,,
B2VM12,,,,,,,,,,,,,,,,,,,,,,,,,,,,,,,,,,,,,,
B5FW15,,,,,,,,,,,,,,,,,,,,,,,,,,,,,,,,,,,,,,
Q8QKW3,85,Q8QKW3,,Viruses,Ectocarpus siliculosus virus 1 (isolate New Zealand/Kaikoura/1988),654926,Ectocarpus siliculosus,2880,,,,,,,,,,,,,,,,,,,,,,,,,,,,,,
Q3M0N4,,,,,,,,,,,,,,,,,,,,,,,,,,,,,,,,,,,,,,
Q20NG9,,,,,,,,,,,,,,,,,,,,,,,,,,,,,,,,,,,,,,
Q0A3R9,,,,,,,,,,,,,,,,,,,,,,,,,,,,,,,,,,,,,,
A4U740,,,,,,,,,,,,,,,,,,,,,,,,,,,,,,,,,,,,,,
A7IS21,,,,,,,,,,,,,,,,,,,,,,,,,,,,,,,,,,,,,,
B4USI7,,,,,,,,,,,,,,,,,,,,,,,,,,,,,,,,,,,,,,
B5FW04,,,,,,,,,,,,,,,,,,,,,,,,,,,,,,,,,,,,,,
B5SNA2,,,,,,,,,,,,,,,,,,,,,,,,,,,,,,,,,,,,,,
Q7TFA3,564,Q7TFA3,,Viruses,Influenza A virus,198311,,,,,,,,,528,553,ECO:0000256,,,,,,,,,,,,,,,,,,,,,
Q9DHD0,111,Q9DHD0,,Viruses,Yaba-like disease virus,132475,"Homo sapiens, Simiiformes","9606, 314293",,,,,,,6,24,ECO:0000256,,,,,,,,,,,,,,,,,,,,,
Q5K368,,,,,,,,,,,,,,,,,,,,,,,,,,,,,,,,,,,,,,
Q4U7I6,,,,,,,,,,,,,,,,,,,,,,,,,,,,,,,,,,,,,,
Q20U22,,,,,,,,,,,,,,,,,,,,,,,,,,,,,,,,,,,,,,
Q20NI6,,,,,,,,,,,,,,,,,,,,,,,,,,,,,,,,,,,,,,
Q20M92,,,,,,,,,,,,,,,,,,,,,,,,,,,,,,,,,,,,,,
Q1PT16,566,Q1PT16,,Viruses,Influenza A virus,375621,,,,,,,,,530,554,ECO:0000256,,,,,,,,,,,,,,,,,,,,,
A4GAQ9,,,,,,,,,,,,,,,,,,,,,,,,,,,,,,,,,,,,,,
A6M791,,,,,,,,,,,,,,,,,,,,,,,,,,,,,,,,,,,,,,
A8BWF1,,,,,,,,,,,,,,,,,,,,,,,,,,,,,,,,,,,,,,
B4UPQ6,,,,,,,,,,,,,,,,,,,,,,,,,,,,,,,,,,,,,,
Q4A2L1,100,Q4A2L1,,Viruses,Emiliania huxleyi virus 86 (isolate United Kingdom/English Channel/1999),654925,Emiliania huxleyi,2903,,,,,,,7,26,ECO:0000256,32,53,ECO:0000256,,,,,,,,,,,,,,,,,,
Q4ZKX7,,,,,,,,,,,,,,,,,,,,,,,,,,,,,,,,,,,,,,
Q4JRY5,,,,,,,,,,,,,,,,,,,,,,,,,,,,,,,,,,,,,,
Q3YQ17,,,,,,,,,,,,,,,,,,,,,,,,,,,,,,,,,,,,,,
Q58B90,,,,,,,,,,,,,,,,,,,,,,,,,,,,,,,,,,,,,,
Q2VNB2,,,,,,,,,,,,,,,,,,,,,,,,,,,,,,,,,,,,,,
Q0HBT7,,,,,,,,,,,,,,,,,,,,,,,,,,,,,,,,,,,,,,
A0M7Z6,,,,,,,,,,,,,,,,,,,,,,,,,,,,,,,,,,,,,,
A6M6G1,,,,,,,,,,,,,,,,,,,,,,,,,,,,,,,,,,,,,,
A6M7T9,,,,,,,,,,,,,,,,,,,,,,,,,,,,,,,,,,,,,,
A7IR96,,,,,,,,,,,,,,,,,,,,,,,,,,,,,,,,,,,,,,
B0VVL1,,,,,,,,,,,,,,,,,,,,,,,,,,,,,,,,,,,,,,
B2VM39,,,,,,,,,,,,,,,,,,,,,,,,,,,,,,,,,,,,,,
Q9Q0H8,,,,,,,,,,,,,,,,,,,,,,,,,,,,,,,,,,,,,,
Q9YJV6,,,,,,,,,,,,,,,,,,,,,,,,,,,,,,,,,,,,,,
Q463A5,,,,,,,,,,,,,,,,,,,,,,,,,,,,,,,,,,,,,,
Q1WQ77,,,,,,,,,,,,,,,,,,,,,,,,,,,,,,,,,,,,,,
Q2RF25,,,,,,,,,,,,,,,,,,,,,,,,,,,,,,,,,,,,,,
Q0P2E8,,,,,,,,,,,,,,,,,,,,,,,,,,,,,,,,,,,,,,
A9L857,,,,,,,,,,,,,,,,,,,,,,,,,,,,,,,,,,,,,,
B6A6K3,,,,,,,,,,,,,,,,,,,,,,,,,,,,,,,,,,,,,,
Q7TAW8,560,Q7TAW8,,Viruses,Influenza A virus,352523,,,,,,,,,524,549,ECO:0000256,,,,,,,,,,,,,,,,,,,,,
Q4U887,,,,,,,,,,,,,,,,,,,,,,,,,,,,,,,,,,,,,,
Q4A399,165,Q4A399,,Viruses,Emiliania huxleyi virus 86 (isolate United Kingdom/English Channel/1999),654925,Emiliania huxleyi,2903,,,,,,,23,43,ECO:0000256,,,,,,,,,,,,,,,,,,,,,
Q20LD4,,,,,,,,,,,,,,,,,,,,,,,,,,,,,,,,,,,,,,
A4U6U1,,,,,,,,,,,,,,,,,,,,,,,,,,,,,,,,,,,,,,
B0KVX4,,,,,,,,,,,,,,,,,,,,,,,,,,,,,,,,,,,,,,
B2ZV73,,,,,,,,,,,,,,,,,,,,,,,,,,,,,,,,,,,,,,
B6JSA1,,,,,,,,,,,,,,,,,,,,,,,,,,,,,,,,,,,,,,
A9X059,,,,,,,,,,,,,,,,,,,,,,,,,,,,,,,,,,,,,,
O09636,370,O09636,,Viruses,Influenza A virus,380331,,,,,,,,,,,,,,,,,,,,,,,,,,,,,,,,
Q4A258,293,Q4A258,,Viruses,Emiliania huxleyi virus 86 (isolate United Kingdom/English Channel/1999),654925,Emiliania huxleyi,2903,,,,,,,,,,,,,,,,,,,,,,,,,,,,,,
Q58BV0,,,,,,,,,,,,,,,,,,,,,,,,,,,,,,,,,,,,,,
Q2RFF2,,,,,,,,,,,,,,,,,,,,,,,,,,,,,,,,,,,,,,
Q2RC05,,,,,,,,,,,,,,,,,,,,,,,,,,,,,,,,,,,,,,
Q289U3,,,,,,,,,,,,,,,,,,,,,,,,,,,,,,,,,,,,,,
A4U6J2,,,,,,,,,,,,,,,,,,,,,,,,,,,,,,,,,,,,,,
A7LJD2,,,,,,,,,,,,,,,,,,,,,,,,,,,,,,,,,,,,,,
A9C4I0,,,,,,,,,,,,,,,,,,,,,,,,,,,,,,,,,,,,,,
A9CAC4,,,,,,,,,,,,,,,,,,,,,,,,,,,,,,,,,,,,,,
B4URP0,,,,,,,,,,,,,,,,,,,,,,,,,,,,,,,,,,,,,,
Q9Q0J0,,,,,,,,,,,,,,,,,,,,,,,,,,,,,,,,,,,,,,
Q58CH0,,,,,,,,,,,,,,,,,,,,,,,,,,,,,,,,,,,,,,
Q2RDH5,,,,,,,,,,,,,,,,,,,,,,,,,,,,,,,,,,,,,,
Q10TL3,,,,,,,,,,,,,,,,,,,,,,,,,,,,,,,,,,,,,,
A8BM85,,,,,,,,,,,,,,,,,,,,,,,,,,,,,,,,,,,,,,
A8C0S4,,,,,,,,,,,,,,,,,,,,,,,,,,,,,,,,,,,,,,
B3EV93,,,,,,,,,,,,,,,,,,,,,,,,,,,,,,,,,,,,,,
B2VM68,,,,,,,,,,,,,,,,,,,,,,,,,,,,,,,,,,,,,,
B2ZVN1,,,,,,,,,,,,,,,,,,,,,,,,,,,,,,,,,,,,,,
Q5DXF2,,,,,,,,,,,,,,,,,,,,,,,,,,,,,,,,,,,,,,
Q3M0L2,,,,,,,,,,,,,,,,,,,,,,,,,,,,,,,,,,,,,,
Q4A3A2,190,Q4A3A2,,Viruses,Emiliania huxleyi virus 86 (isolate United Kingdom/English Channel/1999),654925,Emiliania huxleyi,2903,,,,,,,28,47,ECO:0000256,83,107,ECO:0000256,128,148,ECO:0000256,160,179,ECO:0000256,,,,,,,,,,,,
Q20V41,,,,,,,,,,,,,,,,,,,,,,,,,,,,,,,,,,,,,,
Q28AB9,,,,,,,,,,,,,,,,,,,,,,,,,,,,,,,,,,,,,,
Q09YX7,,,,,,,,,,,,,,,,,,,,,,,,,,,,,,,,,,,,,,
Q10U17,,,,,,,,,,,,,,,,,,,,,,,,,,,,,,,,,,,,,,
Q1AQV7,,,,,,,,,,,,,,,,,,,,,,,,,,,,,,,,,,,,,,
A4D6E2,,,,,,,,,,,,,,,,,,,,,,,,,,,,,,,,,,,,,,
B2VMC9,,,,,,,,,,,,,,,,,,,,,,,,,,,,,,,,,,,,,,
B6A5Z4,,,,,,,,,,,,,,,,,,,,,,,,,,,,,,,,,,,,,,
Q3M045,,,,,,,,,,,,,,,,,,,,,,,,,,,,,,,,,,,,,,
Q4A2X3,573,Q4A2X3,,Viruses,Emiliania huxleyi virus 86 (isolate United Kingdom/English Channel/1999),654925,Emiliania huxleyi,2903,,,,,,,7,28,ECO:0000256,,,,,,,,,,,,,,,,,,,,,
Q2VN12,,,,,,,,,,,,,,,,,,,,,,,,,,,,,,,,,,,,,,
Q00QX4,,,,,,,,,,,,,,,,,,,,,,,,,,,,,,,,,,,,,,
Q09ZA9,,,,,,,,,,,,,,,,,,,,,,,,,,,,,,,,,,,,,,
Q1I1I3,,,,,,,,,,,,,,,,,,,,,,,,,,,,,,,,,,,,,,
A0M7U1,,,,,,,,,,,,,,,,,,,,,,,,,,,,,,,,,,,,,,
A8BQX3,,,,,,,,,,,,,,,,,,,,,,,,,,,,,,,,,,,,,,
B2VM48,,,,,,,,,,,,,,,,,,,,,,,,,,,,,,,,,,,,,,
B2B8D8,,,,,,,,,,,,,,,,,,,,,,,,,,,,,,,,,,,,,,
B4UNP0,,,,,,,,,,,,,,,,,,,,,,,,,,,,,,,,,,,,,,
B4US00,,,,,,,,,,,,,,,,,,,,,,,,,,,,,,,,,,,,,,
B3RET1,,,,,,,,,,,,,,,,,,,,,,,,,,,,,,,,,,,,,,
B6A7D8,,,,,,,,,,,,,,,,,,,,,,,,,,,,,,,,,,,,,,
Q76SP2,,,,,,,,,,,,,,,,,,,,,,,,,,,,,,,,,,,,,,
Q9Q6P1,344,Q9Q6P1,,Viruses,Influenza A virus,217815,,,,,,,,,,,,,,,,,,,,,,,,,,,,,,,,
Q463S0,,,,,,,,,,,,,,,,,,,,,,,,,,,,,,,,,,,,,,
Q4U7W7,,,,,,,,,,,,,,,,,,,,,,,,,,,,,,,,,,,,,,
Q20NC1,,,,,,,,,,,,,,,,,,,,,,,,,,,,,,,,,,,,,,
Q2LNK1,,,,,,,,,,,,,,,,,,,,,,,,,,,,,,,,,,,,,,
Q30MY8,,,,,,,,,,,,,,,,,,,,,,,,,,,,,,,,,,,,,,
Q2Y3V6,,,,,,,,,,,,,,,,,,,,,,,,,,,,,,,,,,,,,,
Q0RA66,,,,,,,,,,,,,,,,,,,,,,,,,,,,,,,,,,,,,,
Q07EH3,,,,,,,,,,,,,,,,,,,,,,,,,,,,,,,,,,,,,,
A4JZ28,,,,,,,,,,,,,,,,,,,,,,,,,,,,,,,,,,,,,,
A6M6B7,,,,,,,,,,,,,,,,,,,,,,,,,,,,,,,,,,,,,,
A8C1R5,,,,,,,,,,,,,,,,,,,,,,,,,,,,,,,,,,,,,,
A9CA80,,,,,,,,,,,,,,,,,,,,,,,,,,,,,,,,,,,,,,
B0VVH2,,,,,,,,,,,,,,,,,,,,,,,,,,,,,,,,,,,,,,
B0VWN4,,,,,,,,,,,,,,,,,,,,,,,,,,,,,,,,,,,,,,
Q85525,642,Q85525,,Viruses,Feline leukemia virus,11768,Felidae,9681,,,,,,,15,33,ECO:0000256,448,468,ECO:0000256,582,608,ECO:0000256,,,,,,,,,,,,,,,
Q65653,124,Q65653,,Viruses,Bovine leukemia virus,11901,Bos taurus,9913,,,,,,,,,,,,,,,,,,,,,,,,,,,,,,
Q82565,570,Q82565,Q20ND9,Viruses,Influenza A virus,352561,,,,,,,,,534,556,ECO:0000256,,,,,,,,,,,,,,,,,,,,,
Q65825,44,Q65825,,Viruses,unidentified baculovirus,10469,,,,,,,,,,,,,,,,,,,,,,,,,,,,,,,,
Q4A2R0,396,Q4A2R0,,Viruses,Emiliania huxleyi virus 86 (isolate United Kingdom/English Channel/1999),654925,Emiliania huxleyi,2903,,,,,,,93,111,ECO:0000256,131,150,ECO:0000256,157,176,ECO:0000256,188,206,ECO:0000256,218,241,ECO:0000256,279,296,ECO:0000256,317,336,ECO:0000256,342,360,ECO:0000256
Q20NN0,,,,,,,,,,,,,,,,,,,,,,,,,,,,,,,,,,,,,,
Q0A3X8,,,,,,,,,,,,,,,,,,,,,,,,,,,,,,,,,,,,,,
Q0A299,,,,,,,,,,,,,,,,,,,,,,,,,,,,,,,,,,,,,,
Q09ZL9,,,,,,,,,,,,,,,,,,,,,,,,,,,,,,,,,,,,,,
Q0HCF7,,,,,,,,,,,,,,,,,,,,,,,,,,,,,,,,,,,,,,
A4JYT0,,,,,,,,,,,,,,,,,,,,,,,,,,,,,,,,,,,,,,
A8C1C1,,,,,,,,,,,,,,,,,,,,,,,,,,,,,,,,,,,,,,
A9C833,,,,,,,,,,,,,,,,,,,,,,,,,,,,,,,,,,,,,,
Q80KH7,678,Q80KH7,,Viruses,Campoletis sonorensis ichnovirus,10484,Campoletis sonorensis,7416,,,,,,,,,,,,,,,,,,,,,,,,,,,,,,
A9L8N3,,,,,,,,,,,,,,,,,,,,,,,,,,,,,,,,,,,,,,
B6A7M6,,,,,,,,,,,,,,,,,,,,,,,,,,,,,,,,,,,,,,
Q6XM47,,,,,,,,,,,,,,,,,,,,,,,,,,,,,,,,,,,,,,
Q2VNC2,,,,,,,,,,,,,,,,,,,,,,,,,,,,,,,,,,,,,,
Q2RDE5,,,,,,,,,,,,,,,,,,,,,,,,,,,,,,,,,,,,,,
Q38SW3,,,,,,,,,,,,,,,,,,,,,,,,,,,,,,,,,,,,,,
Q0P2V2,,,,,,,,,,,,,,,,,,,,,,,,,,,,,,,,,,,,,,
A8C390,,,,,,,,,,,,,,,,,,,,,,,,,,,,,,,,,,,,,,
B2VMB2,,,,,,,,,,,,,,,,,,,,,,,,,,,,,,,,,,,,,,
B4UNA8,,,,,,,,,,,,,,,,,,,,,,,,,,,,,,,,,,,,,,
B4UPW2,,,,,,,,,,,,,,,,,,,,,,,,,,,,,,,,,,,,,,
A9L8E5,,,,,,,,,,,,,,,,,,,,,,,,,,,,,,,,,,,,,,
B5SN63,,,,,,,,,,,,,,,,,,,,,,,,,,,,,,,,,,,,,,
Q67106,565,Q67106,B0VWT9,Viruses,Influenza A virus,475490,,,,,,,,,529,553,ECO:0000256,,,,,,,,,,,,,,,,,,,,,
Q5PP98,,,,,,,,,,,,,,,,,,,,,,,,,,,,,,,,,,,,,,
Q4ZK87,,,,,,,,,,,,,,,,,,,,,,,,,,,,,,,,,,,,,,
Q4A374,137,Q4A374,,Viruses,Emiliania huxleyi virus 86 (isolate United Kingdom/English Channel/1999),654925,Emiliania huxleyi,2903,,,,,,,6,25,ECO:0000256,,,,,,,,,,,,,,,,,,,,,
Q2Y3T4,,,,,,,,,,,,,,,,,,,,,,,,,,,,,,,,,,,,,,
Q07FL8,,,,,,,,,,,,,,,,,,,,,,,,,,,,,,,,,,,,,,
A4K0F1,,,,,,,,,,,,,,,,,,,,,,,,,,,,,,,,,,,,,,
A8AS24,,,,,,,,,,,,,,,,,,,,,,,,,,,,,,,,,,,,,,
A8C568,,,,,,,,,,,,,,,,,,,,,,,,,,,,,,,,,,,,,,
A9CAG8,,,,,,,,,,,,,,,,,,,,,,,,,,,,,,,,,,,,,,
B1MPJ8,,,,,,,,,,,,,,,,,,,,,,,,,,,,,,,,,,,,,,
B5FVZ5,,,,,,,,,,,,,,,,,,,,,,,,,,,,,,,,,,,,,,
B6JSF3,,,,,,,,,,,,,,,,,,,,,,,,,,,,,,,,,,,,,,
B6A7L5,,,,,,,,,,,,,,,,,,,,,,,,,,,,,,,,,,,,,,
Q00QD7,,,,,,,,,,,,,,,,,,,,,,,,,,,,,,,,,,,,,,
Q0A0E4,,,,,,,,,,,,,,,,,,,,,,,,,,,,,,,,,,,,,,
Q15KU8,,,,,,,,,,,,,,,,,,,,,,,,,,,,,,,,,,,,,,
Q09Z65,,,,,,,,,,,,,,,,,,,,,,,,,,,,,,,,,,,,,,
A4K0U4,,,,,,,,,,,,,,,,,,,,,,,,,,,,,,,,,,,,,,
A5GXJ3,,,,,,,,,,,,,,,,,,,,,,,,,,,,,,,,,,,,,,
A9C5Y6,,,,,,,,,,,,,,,,,,,,,,,,,,,,,,,,,,,,,,
B2ZV61,,,,,,,,,,,,,,,,,,,,,,,,,,,,,,,,,,,,,,
Q67015,329,Q67015,,Viruses,Influenza A virus,382783,,,,,,,,,,,,,,,,,,,,,,,,,,,,,,,,
Q3M0K1,,,,,,,,,,,,,,,,,,,,,,,,,,,,,,,,,,,,,,
Q20LN3,,,,,,,,,,,,,,,,,,,,,,,,,,,,,,,,,,,,,,
Q1WPW7,,,,,,,,,,,,,,,,,,,,,,,,,,,,,,,,,,,,,,
Q2RER5,,,,,,,,,,,,,,,,,,,,,,,,,,,,,,,,,,,,,,
Q15LB3,,,,,,,,,,,,,,,,,,,,,,,,,,,,,,,,,,,,,,
Q0A487,,,,,,,,,,,,,,,,,,,,,,,,,,,,,,,,,,,,,,
Q0A114,,,,,,,,,,,,,,,,,,,,,,,,,,,,,,,,,,,,,,
Q1I297,,,,,,,,,,,,,,,,,,,,,,,,,,,,,,,,,,,,,,
A4D698,,,,,,,,,,,,,,,,,,,,,,,,,,,,,,,,,,,,,,
A9C9R5,,,,,,,,,,,,,,,,,,,,,,,,,,,,,,,,,,,,,,
B3GK99,,,,,,,,,,,,,,,,,,,,,,,,,,,,,,,,,,,,,,
B2VMF3,,,,,,,,,,,,,,,,,,,,,,,,,,,,,,,,,,,,,,
B4UNG3,,,,,,,,,,,,,,,,,,,,,,,,,,,,,,,,,,,,,,
B5FW06,,,,,,,,,,,,,,,,,,,,,,,,,,,,,,,,,,,,,,
B5SNA6,,,,,,,,,,,,,,,,,,,,,,,,,,,,,,,,,,,,,,
Q67007,566,Q67007,,Viruses,Influenza A virus,380219,,,,,,,,,531,554,ECO:0000256,,,,,,,,,,,,,,,,,,,,,
Q6XU58,,,,,,,,,,,,,,,,,,,,,,,,,,,,,,,,,,,,,,
Q2Y310,,,,,,,,,,,,,,,,,,,,,,,,,,,,,,,,,,,,,,
Q0A4D7,,,,,,,,,,,,,,,,,,,,,,,,,,,,,,,,,,,,,,
A8C3B2,,,,,,,,,,,,,,,,,,,,,,,,,,,,,,,,,,,,,,
A9C9U8,,,,,,,,,,,,,,,,,,,,,,,,,,,,,,,,,,,,,,
B2VMG2,,,,,,,,,,,,,,,,,,,,,,,,,,,,,,,,,,,,,,
B2B8A5,,,,,,,,,,,,,,,,,,,,,,,,,,,,,,,,,,,,,,
Q9WCE0,566,Q9WCE0,,Viruses,Influenza A virus (strain A/Duck/Alberta/35/1976 H1N1),352520,"Aves, Homo sapiens, Sus scrofa","8782, 9606, 9823",,,,,,,531,554,ECO:0000256,,,,,,,,,,,,,,,,,,,,,
Q9DHI5,272,Q9DHI5,,Viruses,Yaba-like disease virus,132475,"Homo sapiens, Simiiformes","9606, 314293",,,,,,,7,26,ECO:0000256,106,125,ECO:0000256,137,156,ECO:0000256,168,189,ECO:0000256,196,220,ECO:0000256,226,252,ECO:0000256,,,,,,
Q4A388,136,Q4A388,,Viruses,Emiliania huxleyi virus 86 (isolate United Kingdom/English Channel/1999),654925,Emiliania huxleyi,2903,,,,,,,6,27,ECO:0000256,,,,,,,,,,,,,,,,,,,,,
Q2LN01,,,,,,,,,,,,,,,,,,,,,,,,,,,,,,,,,,,,,,
Q0R873,,,,,,,,,,,,,,,,,,,,,,,,,,,,,,,,,,,,,,
A9C4G9,,,,,,,,,,,,,,,,,,,,,,,,,,,,,,,,,,,,,,
B6JSN2,,,,,,,,,,,,,,,,,,,,,,,,,,,,,,,,,,,,,,
Q5DXP2,,,,,,,,,,,,,,,,,,,,,,,,,,,,,,,,,,,,,,
Q3YQC7,,,,,,,,,,,,,,,,,,,,,,,,,,,,,,,,,,,,,,
Q38SI1,,,,,,,,,,,,,,,,,,,,,,,,,,,,,,,,,,,,,,
Q2LP05,,,,,,,,,,,,,,,,,,,,,,,,,,,,,,,,,,,,,,
A0RSZ5,,,,,,,,,,,,,,,,,,,,,,,,,,,,,,,,,,,,,,
A8W8H8,,,,,,,,,,,,,,,,,,,,,,,,,,,,,,,,,,,,,,
A9C6E0,,,,,,,,,,,,,,,,,,,,,,,,,,,,,,,,,,,,,,
A9C8H6,,,,,,,,,,,,,,,,,,,,,,,,,,,,,,,,,,,,,,
B2VN68,,,,,,,,,,,,,,,,,,,,,,,,,,,,,,,,,,,,,,
Q67008,420,Q67008,,Viruses,Influenza A virus,380218,,,,,,,,,,,,,,,,,,,,,,,,,,,,,,,,
Q4U7F6,,,,,,,,,,,,,,,,,,,,,,,,,,,,,,,,,,,,,,
Q0R807,,,,,,,,,,,,,,,,,,,,,,,,,,,,,,,,,,,,,,
A4D6Z0,,,,,,,,,,,,,,,,,,,,,,,,,,,,,,,,,,,,,,
A7IRQ0,,,,,,,,,,,,,,,,,,,,,,,,,,,,,,,,,,,,,,
A9C743,,,,,,,,,,,,,,,,,,,,,,,,,,,,,,,,,,,,,,
A9C8S5,,,,,,,,,,,,,,,,,,,,,,,,,,,,,,,,,,,,,,
B0KVG0,,,,,,,,,,,,,,,,,,,,,,,,,,,,,,,,,,,,,,
B2VMC4,,,,,,,,,,,,,,,,,,,,,,,,,,,,,,,,,,,,,,
Q82173,507,Q82173,,Viruses,Viral hemorrhagic septicemia virus,11287,,,,,,,,,,,,,,,,,,,,,,,,,,,,,,,,
Q3SCR3,,,,,,,,,,,,,,,,,,,,,,,,,,,,,,,,,,,,,,
Q3M067,,,,,,,,,,,,,,,,,,,,,,,,,,,,,,,,,,,,,,
Q4A2G0,137,Q4A2G0,,Viruses,Emiliania huxleyi virus 86 (isolate United Kingdom/English Channel/1999),654925,Emiliania huxleyi,2903,,,,,,,6,25,ECO:0000256,,,,,,,,,,,,,,,,,,,,,
A9C9E4,,,,,,,,,,,,,,,,,,,,,,,,,,,,,,,,,,,,,,
B4UR59,,,,,,,,,,,,,,,,,,,,,,,,,,,,,,,,,,,,,,
B6JRS3,,,,,,,,,,,,,,,,,,,,,,,,,,,,,,,,,,,,,,
A9X130,,,,,,,,,,,,,,,,,,,,,,,,,,,,,,,,,,,,,,
Q9YJV2,,,,,,,,,,,,,,,,,,,,,,,,,,,,,,,,,,,,,,
O09640,360,O09640,,Viruses,Influenza A virus,380330,,,,,,,,,,,,,,,,,,,,,,,,,,,,,,,,
Q4ZKE3,,,,,,,,,,,,,,,,,,,,,,,,,,,,,,,,,,,,,,
A1BKY6,,,,,,,,,,,,,,,,,,,,,,,,,,,,,,,,,,,,,,
A4D6U6,,,,,,,,,,,,,,,,,,,,,,,,,,,,,,,,,,,,,,
A4U773,,,,,,,,,,,,,,,,,,,,,,,,,,,,,,,,,,,,,,
B0VVK0,,,,,,,,,,,,,,,,,,,,,,,,,,,,,,,,,,,,,,
B5FVV6,,,,,,,,,,,,,,,,,,,,,,,,,,,,,,,,,,,,,,
B6A6V2,,,,,,,,,,,,,,,,,,,,,,,,,,,,,,,,,,,,,,
B5SN51,,,,,,,,,,,,,,,,,,,,,,,,,,,,,,,,,,,,,,
Q82774,566,Q82774,,Viruses,Influenza A virus,260815,,,,,,,,,531,554,ECO:0000256,,,,,,,,,,,,,,,,,,,,,
Q463T1,,,,,,,,,,,,,,,,,,,,,,,,,,,,,,,,,,,,,,
Q5DXB2,,,,,,,,,,,,,,,,,,,,,,,,,,,,,,,,,,,,,,
Q2IBJ2,,,,,,,,,,,,,,,,,,,,,,,,,,,,,,,,,,,,,,
A1BKC7,,,,,,,,,,,,,,,,,,,,,,,,,,,,,,,,,,,,,,
A4K2H7,,,,,,,,,,,,,,,,,,,,,,,,,,,,,,,,,,,,,,
A4GCG4,,,,,,,,,,,,,,,,,,,,,,,,,,,,,,,,,,,,,,
A8W8B8,,,,,,,,,,,,,,,,,,,,,,,,,,,,,,,,,,,,,,
B1MPM9,,,,,,,,,,,,,,,,,,,,,,,,,,,,,,,,,,,,,,
Q8UY97,389,Q8UY97,,Viruses,Influenza A virus,178265,,,,,,,,,,,,,,,,,,,,,,,,,,,,,,,,
Q67124,344,Q67124,,Viruses,Influenza A virus,387173,,,,,,,,,,,,,,,,,,,,,,,,,,,,,,,,
Q5BUB0,,,,,,,,,,,,,,,,,,,,,,,,,,,,,,,,,,,,,,
Q20M59,,,,,,,,,,,,,,,,,,,,,,,,,,,,,,,,,,,,,,
Q2REV5,,,,,,,,,,,,,,,,,,,,,,,,,,,,,,,,,,,,,,
A4K201,,,,,,,,,,,,,,,,,,,,,,,,,,,,,,,,,,,,,,
A6M6Z4,,,,,,,,,,,,,,,,,,,,,,,,,,,,,,,,,,,,,,
Q80S75,207,Q80S75,,Viruses,Campoletis chlorideae ichnovirus,219164,,,,,,,,,,,,,,,,,,,,,,,,,,,,,,,,
Q9Q0I9,,,,,,,,,,,,,,,,,,,,,,,,,,,,,,,,,,,,,,
Q463G0,,,,,,,,,,,,,,,,,,,,,,,,,,,,,,,,,,,,,,
Q3M034,,,,,,,,,,,,,,,,,,,,,,,,,,,,,,,,,,,,,,
Q4A2Z1,170,Q4A2Z1,,Viruses,Emiliania huxleyi virus 86 (isolate United Kingdom/English Channel/1999),654925,Emiliania huxleyi,2903,,,,,,,6,25,ECO:0000256,,,,,,,,,,,,,,,,,,,,,
Q2FCD7,,,,,,,,,,,,,,,,,,,,,,,,,,,,,,,,,,,,,,
Q28BE3,,,,,,,,,,,,,,,,,,,,,,,,,,,,,,,,,,,,,,
Q0A023,,,,,,,,,,,,,,,,,,,,,,,,,,,,,,,,,,,,,,
A4JZD8,,,,,,,,,,,,,,,,,,,,,,,,,,,,,,,,,,,,,,
A4D6T5,,,,,,,,,,,,,,,,,,,,,,,,,,,,,,,,,,,,,,
A8ASB2,,,,,,,,,,,,,,,,,,,,,,,,,,,,,,,,,,,,,,
Q9WCD7,566,Q9WCD7,,Viruses,Influenza A virus,387253,,,,,,,,,531,554,ECO:0000256,,,,,,,,,,,,,,,,,,,,,
Q2RDL5,,,,,,,,,,,,,,,,,,,,,,,,,,,,,,,,,,,,,,
Q38TI3,,,,,,,,,,,,,,,,,,,,,,,,,,,,,,,,,,,,,,
Q28B77,,,,,,,,,,,,,,,,,,,,,,,,,,,,,,,,,,,,,,
Q2LPE8,,,,,,,,,,,,,,,,,,,,,,,,,,,,,,,,,,,,,,
Q0R6C4,,,,,,,,,,,,,,,,,,,,,,,,,,,,,,,,,,,,,,
A6M7W1,,,,,,,,,,,,,,,,,,,,,,,,,,,,,,,,,,,,,,
B0VVL8,,,,,,,,,,,,,,,,,,,,,,,,,,,,,,,,,,,,,,
B2ZVJ5,,,,,,,,,,,,,,,,,,,,,,,,,,,,,,,,,,,,,,
B6JSY5,,,,,,,,,,,,,,,,,,,,,,,,,,,,,,,,,,,,,,
B5FVV8,,,,,,,,,,,,,,,,,,,,,,,,,,,,,,,,,,,,,,
Q9Q6N6,344,Q9Q6N6,,Viruses,Influenza A virus,217810,,,,,,,,,,,,,,,,,,,,,,,,,,,,,,,,
Q5DXI2,,,,,,,,,,,,,,,,,,,,,,,,,,,,,,,,,,,,,,
Q4ZKS7,,,,,,,,,,,,,,,,,,,,,,,,,,,,,,,,,,,,,,
Q28B11,,,,,,,,,,,,,,,,,,,,,,,,,,,,,,,,,,,,,,
Q00QL4,,,,,,,,,,,,,,,,,,,,,,,,,,,,,,,,,,,,,,
Q1AQQ2,,,,,,,,,,,,,,,,,,,,,,,,,,,,,,,,,,,,,,
A7LJK5,,,,,,,,,,,,,,,,,,,,,,,,,,,,,,,,,,,,,,
A9C4M4,,,,,,,,,,,,,,,,,,,,,,,,,,,,,,,,,,,,,,
B1MSH9,,,,,,,,,,,,,,,,,,,,,,,,,,,,,,,,,,,,,,
B3EUR7,,,,,,,,,,,,,,,,,,,,,,,,,,,,,,,,,,,,,,
B2VM18,565,B2VM18,,Viruses,Influenza A virus,526911,,,,,,,,,530,553,ECO:0000256,,,,,,,,,,,,,,,,,,,,,
B5FW14,,,,,,,,,,,,,,,,,,,,,,,,,,,,,,,,,,,,,,
Q85733,397,Q85733,,Viruses,Friend spleen focus-forming virus,11820,Mus musculus,10090,,,,,,,371,395,ECO:0000256,,,,,,,,,,,,,,,,,,,,,
Q7ZJT7,654,Q7ZJT7,,Viruses,Amphotropic murine leukemia virus,188539,,,,,,,,,595,621,ECO:0000256,,,,,,,,,,,,,,,,,,,,,
Q67456,676,Q67456,,Viruses,Friend murine leukemia virus,11795,Mus musculus,10090,,,,,,,616,642,ECO:0000256,,,,,,,,,,,,,,,,,,,,,
B6A6Y5,,,,,,,,,,,,,,,,,,,,,,,,,,,,,,,,,,,,,,
Q7TEA2,,,,,,,,,,,,,,,,,,,,,,,,,,,,,,,,,,,,,,
O09639,432,O09639,,Viruses,Influenza A virus,380351,,,,,,,,,,,,,,,,,,,,,,,,,,,,,,,,
Q4A236,1211,Q4A236,,Viruses,Emiliania huxleyi virus 86 (isolate United Kingdom/English Channel/1999),654925,Emiliania huxleyi,2903,,,,,,,17,40,ECO:0000256,,,,,,,,,,,,,,,,,,,,,
Q4ZK77,,,,,,,,,,,,,,,,,,,,,,,,,,,,,,,,,,,,,,
Q1AR56,,,,,,,,,,,,,,,,,,,,,,,,,,,,,,,,,,,,,,
A6M7R7,,,,,,,,,,,,,,,,,,,,,,,,,,,,,,,,,,,,,,
A8BZS4,,,,,,,,,,,,,,,,,,,,,,,,,,,,,,,,,,,,,,
B2VMU7,,,,,,,,,,,,,,,,,,,,,,,,,,,,,,,,,,,,,,
B5FVZ9,,,,,,,,,,,,,,,,,,,,,,,,,,,,,,,,,,,,,,
Q66185,535,Q66185,,Viruses,Infectious bronchitis virus,11120,,,,,,,,,,,,,,,,,,,,,,,,,,,,,,,,
Q6XU55,,,,,,,,,,,,,,,,,,,,,,,,,,,,,,,,,,,,,,
Q3IBF6,,,,,,,,,,,,,,,,,,,,,,,,,,,,,,,,,,,,,,
Q3SCW8,,,,,,,,,,,,,,,,,,,,,,,,,,,,,,,,,,,,,,
Q4A2X5,103,Q4A2X5,,Viruses,Emiliania huxleyi virus 86 (isolate United Kingdom/English Channel/1999),654925,Emiliania huxleyi,2903,,,,,,,6,31,ECO:0000256,,,,,,,,,,,,,,,,,,,,,
Q20UY6,,,,,,,,,,,,,,,,,,,,,,,,,,,,,,,,,,,,,,
Q20MG8,566,Q20MG8,,Viruses,Influenza A virus,367120,,,,,,,,,531,554,ECO:0000256,,,,,,,,,,,,,,,,,,,,,
Q2RE95,,,,,,,,,,,,,,,,,,,,,,,,,,,,,,,,,,,,,,
Q2LP93,,,,,,,,,,,,,,,,,,,,,,,,,,,,,,,,,,,,,,
Q0A4J1,,,,,,,,,,,,,,,,,,,,,,,,,,,,,,,,,,,,,,
Q0A192,,,,,,,,,,,,,,,,,,,,,,,,,,,,,,,,,,,,,,
A8W8J2,,,,,,,,,,,,,,,,,,,,,,,,,,,,,,,,,,,,,,
B0VVP7,,,,,,,,,,,,,,,,,,,,,,,,,,,,,,,,,,,,,,
Q9DHR1,222,Q9DHR1,,Viruses,Yaba-like disease virus,132475,"Homo sapiens, Simiiformes","9606, 314293",,,,,,,,,,,,,,,,,,,,,,,,,,,,,,
Q9DHU7,77,Q9DHU7,,Viruses,Yaba-like disease virus,132475,"Homo sapiens, Simiiformes","9606, 314293",,,,,,,,,,,,,,,,,,,,,,,,,,,,,,
Q4A2Q3,124,Q4A2Q3,,Viruses,Emiliania huxleyi virus 86 (isolate United Kingdom/English Channel/1999),654925,Emiliania huxleyi,2903,,,,,,,20,39,ECO:0000256,,,,,,,,,,,,,,,,,,,,,
Q15LW1,,,,,,,,,,,,,,,,,,,,,,,,,,,,,,,,,,,,,,
Q0R6E6,,,,,,,,,,,,,,,,,,,,,,,,,,,,,,,,,,,,,,
Q0HAF1,568,Q0HAF1,,Viruses,Influenza A virus,400828,,,,,,,,,533,555,ECO:0000256,,,,,,,,,,,,,,,,,,,,,
A9C583,,,,,,,,,,,,,,,,,,,,,,,,,,,,,,,,,,,,,,
B2VME8,,,,,,,,,,,,,,,,,,,,,,,,,,,,,,,,,,,,,,
B2B8P8,,,,,,,,,,,,,,,,,,,,,,,,,,,,,,,,,,,,,,
B3RDK2,,,,,,,,,,,,,,,,,,,,,,,,,,,,,,,,,,,,,,
A9WZM2,,,,,,,,,,,,,,,,,,,,,,,,,,,,,,,,,,,,,,
B6A5T9,,,,,,,,,,,,,,,,,,,,,,,,,,,,,,,,,,,,,,
Q4A2X0,120,Q4A2X0,,Viruses,Emiliania huxleyi virus 86 (isolate United Kingdom/English Channel/1999),654925,Emiliania huxleyi,2903,,,,,,,6,22,ECO:0000256,,,,,,,,,,,,,,,,,,,,,
Q2IC18,,,,,,,,,,,,,,,,,,,,,,,,,,,,,,,,,,,,,,
Q38SK3,,,,,,,,,,,,,,,,,,,,,,,,,,,,,,,,,,,,,,
Q15ML4,,,,,,,,,,,,,,,,,,,,,,,,,,,,,,,,,,,,,,
A1BKD8,,,,,,,,,,,,,,,,,,,,,,,,,,,,,,,,,,,,,,
A8C3I9,,,,,,,,,,,,,,,,,,,,,,,,,,,,,,,,,,,,,,
A8W8F0,,,,,,,,,,,,,,,,,,,,,,,,,,,,,,,,,,,,,,
B2VM69,,,,,,,,,,,,,,,,,,,,,,,,,,,,,,,,,,,,,,
B4UPT2,,,,,,,,,,,,,,,,,,,,,,,,,,,,,,,,,,,,,,
B6JTN0,,,,,,,,,,,,,,,,,,,,,,,,,,,,,,,,,,,,,,
Q1PUC8,,,,,,,,,,,,,,,,,,,,,,,,,,,,,,,,,,,,,,
Q00Q82,,,,,,,,,,,,,,,,,,,,,,,,,,,,,,,,,,,,,,
Q1I1W5,,,,,,,,,,,,,,,,,,,,,,,,,,,,,,,,,,,,,,
A8W8L8,,,,,,,,,,,,,,,,,,,,,,,,,,,,,,,,,,,,,,
A9CA69,,,,,,,,,,,,,,,,,,,,,,,,,,,,,,,,,,,,,,
B3EVD7,,,,,,,,,,,,,,,,,,,,,,,,,,,,,,,,,,,,,,
B2VM15,,,,,,,,,,,,,,,,,,,,,,,,,,,,,,,,,,,,,,
Q464S3,,,,,,,,,,,,,,,,,,,,,,,,,,,,,,,,,,,,,,
Q4JS45,,,,,,,,,,,,,,,,,,,,,,,,,,,,,,,,,,,,,,
Q4U7N7,,,,,,,,,,,,,,,,,,,,,,,,,,,,,,,,,,,,,,
Q20LE5,,,,,,,,,,,,,,,,,,,,,,,,,,,,,,,,,,,,,,
A1BKW4,,,,,,,,,,,,,,,,,,,,,,,,,,,,,,,,,,,,,,
A4K1S4,,,,,,,,,,,,,,,,,,,,,,,,,,,,,,,,,,,,,,
A8BM57,,,,,,,,,,,,,,,,,,,,,,,,,,,,,,,,,,,,,,
A8C5N3,,,,,,,,,,,,,,,,,,,,,,,,,,,,,,,,,,,,,,
A9C5X5,,,,,,,,,,,,,,,,,,,,,,,,,,,,,,,,,,,,,,
B6A6T0,,,,,,,,,,,,,,,,,,,,,,,,,,,,,,,,,,,,,,
Q83389,387,Q83389,,Viruses,unidentified entomopoxvirus,10291,,,,,,,,,,,,,,,,,,,,,,,,,,,,,,,,
Q464J6,,,,,,,,,,,,,,,,,,,,,,,,,,,,,,,,,,,,,,
Q20TF4,,,,,,,,,,,,,,,,,,,,,,,,,,,,,,,,,,,,,,
Q20NN2,,,,,,,,,,,,,,,,,,,,,,,,,,,,,,,,,,,,,,
Q2LP71,,,,,,,,,,,,,,,,,,,,,,,,,,,,,,,,,,,,,,
Q0A4D1,,,,,,,,,,,,,,,,,,,,,,,,,,,,,,,,,,,,,,
Q0R7C6,,,,,,,,,,,,,,,,,,,,,,,,,,,,,,,,,,,,,,
Q10TQ7,,,,,,,,,,,,,,,,,,,,,,,,,,,,,,,,,,,,,,
A0RTG4,,,,,,,,,,,,,,,,,,,,,,,,,,,,,,,,,,,,,,
A6M805,,,,,,,,,,,,,,,,,,,,,,,,,,,,,,,,,,,,,,
A8W8A8,,,,,,,,,,,,,,,,,,,,,,,,,,,,,,,,,,,,,,
A9C6A7,,,,,,,,,,,,,,,,,,,,,,,,,,,,,,,,,,,,,,
B1MPI8,,,,,,,,,,,,,,,,,,,,,,,,,,,,,,,,,,,,,,
B2B883,,,,,,,,,,,,,,,,,,,,,,,,,,,,,,,,,,,,,,
B6JT74,562,B6JT74,,Viruses,Influenza A virus,570902,,,,,,,,,526,551,ECO:0000256,,,,,,,,,,,,,,,,,,,,,
Q9WJE3,212,Q9WJE3,,Viruses,Hepatitis B virus,10407,"Homo sapiens, Pan troglodytes","9606, 9598",,,,,,,,,,,,,,,,,,,,,,,,,,,,,,
Q778S6,1162,Q778S6,,Viruses,Avian infectious bronchitis virus (strain Beaudette CK),160235,Gallus gallus,9031,,,,,,,1094,1116,ECO:0000256,,,,,,,,,,,,,,,,,,,,,
O91241,538,O91241,,Viruses,Mumps orthorubulavirus,2560602,,,,,,,,,483,510,ECO:0000256,,,,,,,,,,,,,,,,,,,,,
Q2RF55,,,,,,,,,,,,,,,,,,,,,,,,,,,,,,,,,,,,,,
Q1I242,,,,,,,,,,,,,,,,,,,,,,,,,,,,,,,,,,,,,,
A4JZT1,,,,,,,,,,,,,,,,,,,,,,,,,,,,,,,,,,,,,,
A9C6W6,,,,,,,,,,,,,,,,,,,,,,,,,,,,,,,,,,,,,,
B0VWT9,565,Q67106,B0VWT9,Viruses,Influenza A virus,475490,,,,,,,,,529,553,ECO:0000256,,,,,,,,,,,,,,,,,,,,,
B2VM93,,,,,,,,,,,,,,,,,,,,,,,,,,,,,,,,,,,,,,
Q67033,329,Q67033,,Viruses,Influenza A virus (strain A/Guangdong/39/1989 H3N2),382812,"Aves, Homo sapiens, Mysticeti, Phocidae, Sus scrofa","8782, 9606, 9761, 9709, 9823",,,,,,,,,,,,,,,,,,,,,,,,,,,,,,
Q1WP53,,,,,,,,,,,,,,,,,,,,,,,,,,,,,,,,,,,,,,
Q38UB9,,,,,,,,,,,,,,,,,,,,,,,,,,,,,,,,,,,,,,
Q0HC36,,,,,,,,,,,,,,,,,,,,,,,,,,,,,,,,,,,,,,
A0M7R9,,,,,,,,,,,,,,,,,,,,,,,,,,,,,,,,,,,,,,
A4K2I8,,,,,,,,,,,,,,,,,,,,,,,,,,,,,,,,,,,,,,
A8BPQ0,,,,,,,,,,,,,,,,,,,,,,,,,,,,,,,,,,,,,,
A8W8D5,,,,,,,,,,,,,,,,,,,,,,,,,,,,,,,,,,,,,,
A9C6I4,,,,,,,,,,,,,,,,,,,,,,,,,,,,,,,,,,,,,,
A9C7S4,,,,,,,,,,,,,,,,,,,,,,,,,,,,,,,,,,,,,,
B0VWK1,,,,,,,,,,,,,,,,,,,,,,,,,,,,,,,,,,,,,,
B3EV82,,,,,,,,,,,,,,,,,,,,,,,,,,,,,,,,,,,,,,
B2VLZ4,,,,,,,,,,,,,,,,,,,,,,,,,,,,,,,,,,,,,,
B3RDQ7,,,,,,,,,,,,,,,,,,,,,,,,,,,,,,,,,,,,,,
Q20NI4,,,,,,,,,,,,,,,,,,,,,,,,,,,,,,,,,,,,,,
Q30N76,,,,,,,,,,,,,,,,,,,,,,,,,,,,,,,,,,,,,,
A4Z3Z8,,,,,,,,,,,,,,,,,,,,,,,,,,,,,,,,,,,,,,
A8BIH1,,,,,,,,,,,,,,,,,,,,,,,,,,,,,,,,,,,,,,
A8BNX8,,,,,,,,,,,,,,,,,,,,,,,,,,,,,,,,,,,,,,
B2VM87,,,,,,,,,,,,,,,,,,,,,,,,,,,,,,,,,,,,,,
B2KH41,,,,,,,,,,,,,,,,,,,,,,,,,,,,,,,,,,,,,,
B5SN48,,,,,,,,,,,,,,,,,,,,,,,,,,,,,,,,,,,,,,
Q20NE1,,,,,,,,,,,,,,,,,,,,,,,,,,,,,,,,,,,,,,
Q28B22,,,,,,,,,,,,,,,,,,,,,,,,,,,,,,,,,,,,,,
A4U6C6,,,,,,,,,,,,,,,,,,,,,,,,,,,,,,,,,,,,,,
A8AS46,,,,,,,,,,,,,,,,,,,,,,,,,,,,,,,,,,,,,,
A8BCU9,,,,,,,,,,,,,,,,,,,,,,,,,,,,,,,,,,,,,,
B2VM90,,,,,,,,,,,,,,,,,,,,,,,,,,,,,,,,,,,,,,
Q83986,564,Q83986,,Viruses,Influenza A virus (strain A/Chicken/Pennsylvania/1/1983 H5N2),385586,Aves,8782,,,,,,,529,551,ECO:0000256,,,,,,,,,,,,,,,,,,,,,
Q3YPV1,,,,,,,,,,,,,,,,,,,,,,,,,,,,,,,,,,,,,,
Q4U7X7,,,,,,,,,,,,,,,,,,,,,,,,,,,,,,,,,,,,,,
Q20U02,,,,,,,,,,,,,,,,,,,,,,,,,,,,,,,,,,,,,,
Q15KQ4,,,,,,,,,,,,,,,,,,,,,,,,,,,,,,,,,,,,,,
Q0R7V2,,,,,,,,,,,,,,,,,,,,,,,,,,,,,,,,,,,,,,
A4K1V7,,,,,,,,,,,,,,,,,,,,,,,,,,,,,,,,,,,,,,
A3DSC1,,,,,,,,,,,,,,,,,,,,,,,,,,,,,,,,,,,,,,
A8BFF2,,,,,,,,,,,,,,,,,,,,,,,,,,,,,,,,,,,,,,
A8C5D0,,,,,,,,,,,,,,,,,,,,,,,,,,,,,,,,,,,,,,
B2VM92,,,,,,,,,,,,,,,,,,,,,,,,,,,,,,,,,,,,,,
B4UPV9,,,,,,,,,,,,,,,,,,,,,,,,,,,,,,,,,,,,,,
Q20N49,,,,,,,,,,,,,,,,,,,,,,,,,,,,,,,,,,,,,,
Q2FCT3,562,Q2FCT3,,Viruses,Influenza A virus,286265,,,,,,,,,527,550,ECO:0000256,,,,,,,,,,,,,,,,,,,,,
Q2RE05,,,,,,,,,,,,,,,,,,,,,,,,,,,,,,,,,,,,,,
Q1PTI1,,,,,,,,,,,,,,,,,,,,,,,,,,,,,,,,,,,,,,
A4D7P5,,,,,,,,,,,,,,,,,,,,,,,,,,,,,,,,,,,,,,
A4GCL9,566,A4GCL9,,Viruses,Influenza A virus (strain A/USA:Phila/1935 H1N1),425570,"Aves, Homo sapiens, Sus scrofa","8782, 9606, 9823",1,17,ECO:0000255,,,,530,550,ECO:0000255,,,,,,,,,,,,,,,,,,,,,
A8W8K2,,,,,,,,,,,,,,,,,,,,,,,,,,,,,,,,,,,,,,
B2VLX6,,,,,,,,,,,,,,,,,,,,,,,,,,,,,,,,,,,,,,
B4UPR9,,,,,,,,,,,,,,,,,,,,,,,,,,,,,,,,,,,,,,
B5FVU9,,,,,,,,,,,,,,,,,,,,,,,,,,,,,,,,,,,,,,
B6JSG3,,,,,,,,,,,,,,,,,,,,,,,,,,,,,,,,,,,,,,
B6JU01,,,,,,,,,,,,,,,,,,,,,,,,,,,,,,,,,,,,,,
A9L7E3,,,,,,,,,,,,,,,,,,,,,,,,,,,,,,,,,,,,,,
Q58C20,,,,,,,,,,,,,,,,,,,,,,,,,,,,,,,,,,,,,,
Q38SZ6,,,,,,,,,,,,,,,,,,,,,,,,,,,,,,,,,,,,,,
Q28AX8,,,,,,,,,,,,,,,,,,,,,,,,,,,,,,,,,,,,,,
Q1PTY5,,,,,,,,,,,,,,,,,,,,,,,,,,,,,,,,,,,,,,
Q0R9V6,,,,,,,,,,,,,,,,,,,,,,,,,,,,,,,,,,,,,,
Q0Z7B1,343,Q0Z7B1,,Viruses,Influenza A virus,385594,,,,,,,,,,,,,,,,,,,,,,,,,,,,,,,,
A6M7J0,,,,,,,,,,,,,,,,,,,,,,,,,,,,,,,,,,,,,,
A8W8D4,,,,,,,,,,,,,,,,,,,,,,,,,,,,,,,,,,,,,,
B2VLW1,,,,,,,,,,,,,,,,,,,,,,,,,,,,,,,,,,,,,,
B4UNV2,,,,,,,,,,,,,,,,,,,,,,,,,,,,,,,,,,,,,,
B6JRK9,,,,,,,,,,,,,,,,,,,,,,,,,,,,,,,,,,,,,,
B6JST4,,,,,,,,,,,,,,,,,,,,,,,,,,,,,,,,,,,,,,
Q4A2Z7,516,Q4A2Z7,,Viruses,Emiliania huxleyi virus 86 (isolate United Kingdom/English Channel/1999),654925,Emiliania huxleyi,2903,,,,,,,467,490,ECO:0000256,,,,,,,,,,,,,,,,,,,,,
Q8B6Y9,,,,,,,,,,,,,,,,,,,,,,,,,,,,,,,,,,,,,,
Q9DHH2,120,Q9DHH2,,Viruses,Yaba-like disease virus,132475,"Homo sapiens, Simiiformes","9606, 314293",,,,,,,,,,,,,,,,,,,,,,,,,,,,,,
Q1WQ66,,,,,,,,,,,,,,,,,,,,,,,,,,,,,,,,,,,,,,
Q0R8G1,,,,,,,,,,,,,,,,,,,,,,,,,,,,,,,,,,,,,,
A6M5P7,,,,,,,,,,,,,,,,,,,,,,,,,,,,,,,,,,,,,,
A9CA58,,,,,,,,,,,,,,,,,,,,,,,,,,,,,,,,,,,,,,
B0VW77,568,B0VW77,,Viruses,Influenza A virus,504449,,,,,,,,,533,555,ECO:0000256,,,,,,,,,,,,,,,,,,,,,
B1MPL1,,,,,,,,,,,,,,,,,,,,,,,,,,,,,,,,,,,,,,
B1MT01,393,B1MT01,,Viruses,Influenza A virus,511420,,,,,,,,,,,,,,,,,,,,,,,,,,,,,,,,
B2VLQ0,,,,,,,,,,,,,,,,,,,,,,,,,,,,,,,,,,,,,,
Q8QKV9,90,Q8QKV9,,Viruses,Ectocarpus siliculosus virus 1 (isolate New Zealand/Kaikoura/1988),654926,Ectocarpus siliculosus,2880,,,,,,,,,,,,,,,,,,,,,,,,,,,,,,
Q3IAY8,,,,,,,,,,,,,,,,,,,,,,,,,,,,,,,,,,,,,,
Q4A383,870,Q4A383,,Viruses,Emiliania huxleyi virus 86 (isolate United Kingdom/English Channel/1999),654925,Emiliania huxleyi,2903,,,,,,,,,,,,,,,,,,,,,,,,,,,,,,
Q20NL4,,,,,,,,,,,,,,,,,,,,,,,,,,,,,,,,,,,,,,
Q00Q38,,,,,,,,,,,,,,,,,,,,,,,,,,,,,,,,,,,,,,
Q0R7F9,,,,,,,,,,,,,,,,,,,,,,,,,,,,,,,,,,,,,,
A1BKP8,,,,,,,,,,,,,,,,,,,,,,,,,,,,,,,,,,,,,,
A4JYV6,,,,,,,,,,,,,,,,,,,,,,,,,,,,,,,,,,,,,,
A4K019,,,,,,,,,,,,,,,,,,,,,,,,,,,,,,,,,,,,,,
A8C142,,,,,,,,,,,,,,,,,,,,,,,,,,,,,,,,,,,,,,
A9C899,,,,,,,,,,,,,,,,,,,,,,,,,,,,,,,,,,,,,,
B3RE94,,,,,,,,,,,,,,,,,,,,,,,,,,,,,,,,,,,,,,
Q69287,355,Q69287,,Viruses,Gallid alphaherpesvirus 2,10390,,,,,,,,,269,289,ECO:0000256,,,,,,,,,,,,,,,,,,,,,
Q69472,338,Q69472,,Viruses,Human herpesvirus 1,10298,Homo sapiens,9606,,,,,,,7,26,ECO:0000256,119,139,ECO:0000256,213,238,ECO:0000256,244,271,ECO:0000256,307,327,ECO:0000256,,,,,,,,,
A9L7H6,,,,,,,,,,,,,,,,,,,,,,,,,,,,,,,,,,,,,,
Q82834,566,Q82834,,Viruses,Influenza A virus,384486,,,,,,,,,531,554,ECO:0000256,,,,,,,,,,,,,,,,,,,,,
Q4A371,194,Q4A371,,Viruses,Emiliania huxleyi virus 86 (isolate United Kingdom/English Channel/1999),654925,Emiliania huxleyi,2903,,,,,,,79,106,ECO:0000256,,,,,,,,,,,,,,,,,,,,,
Q2Y466,,,,,,,,,,,,,,,,,,,,,,,,,,,,,,,,,,,,,,
Q00RB7,,,,,,,,,,,,,,,,,,,,,,,,,,,,,,,,,,,,,,
Q0R986,,,,,,,,,,,,,,,,,,,,,,,,,,,,,,,,,,,,,,
Q0A1B4,,,,,,,,,,,,,,,,,,,,,,,,,,,,,,,,,,,,,,
Q0P2N6,,,,,,,,,,,,,,,,,,,,,,,,,,,,,,,,,,,,,,
A0RSI0,,,,,,,,,,,,,,,,,,,,,,,,,,,,,,,,,,,,,,
A4K2E4,,,,,,,,,,,,,,,,,,,,,,,,,,,,,,,,,,,,,,
A7IRI4,,,,,,,,,,,,,,,,,,,,,,,,,,,,,,,,,,,,,,
A8W8A4,,,,,,,,,,,,,,,,,,,,,,,,,,,,,,,,,,,,,,
B5SN57,,,,,,,,,,,,,,,,,,,,,,,,,,,,,,,,,,,,,,
Q2ICY7,,,,,,,,,,,,,,,,,,,,,,,,,,,,,,,,,,,,,,
Q1PT05,,,,,,,,,,,,,,,,,,,,,,,,,,,,,,,,,,,,,,
A4JZY6,,,,,,,,,,,,,,,,,,,,,,,,,,,,,,,,,,,,,,
A7IQW6,,,,,,,,,,,,,,,,,,,,,,,,,,,,,,,,,,,,,,
A8C6J9,,,,,,,,,,,,,,,,,,,,,,,,,,,,,,,,,,,,,,
A9C7X8,,,,,,,,,,,,,,,,,,,,,,,,,,,,,,,,,,,,,,
B5FVY1,,,,,,,,,,,,,,,,,,,,,,,,,,,,,,,,,,,,,,
Q9DHH7,351,Q9DHH7,,Viruses,Yaba-like disease virus,132475,"Homo sapiens, Simiiformes","9606, 314293",,,,,,,,,,,,,,,,,,,,,,,,,,,,,,
Q9Q0I0,,,,,,,,,,,,,,,,,,,,,,,,,,,,,,,,,,,,,,
Q9PZG2,,,,,,,,,,,,,,,,,,,,,,,,,,,,,,,,,,,,,,
O09641,385,O09641,,Viruses,Influenza A virus,380344,,,,,,,,,,,,,,,,,,,,,,,,,,,,,,,,
Q4JRG5,,,,,,,,,,,,,,,,,,,,,,,,,,,,,,,,,,,,,,
Q2IBT0,,,,,,,,,,,,,,,,,,,,,,,,,,,,,,,,,,,,,,
Q20T69,,,,,,,,,,,,,,,,,,,,,,,,,,,,,,,,,,,,,,
Q2REB5,,,,,,,,,,,,,,,,,,,,,,,,,,,,,,,,,,,,,,
Q1PUB7,,,,,,,,,,,,,,,,,,,,,,,,,,,,,,,,,,,,,,
Q30NG4,,,,,,,,,,,,,,,,,,,,,,,,,,,,,,,,,,,,,,
Q07EE0,,,,,,,,,,,,,,,,,,,,,,,,,,,,,,,,,,,,,,
A8HY77,,,,,,,,,,,,,,,,,,,,,,,,,,,,,,,,,,,,,,
A8C6H7,,,,,,,,,,,,,,,,,,,,,,,,,,,,,,,,,,,,,,
A9L7V8,,,,,,,,,,,,,,,,,,,,,,,,,,,,,,,,,,,,,,
B5SN45,,,,,,,,,,,,,,,,,,,,,,,,,,,,,,,,,,,,,,
Q565R8,,,,,,,,,,,,,,,,,,,,,,,,,,,,,,,,,,,,,,
Q30NQ2,,,,,,,,,,,,,,,,,,,,,,,,,,,,,,,,,,,,,,
Q0A327,,,,,,,,,,,,,,,,,,,,,,,,,,,,,,,,,,,,,,
Q0P3B4,,,,,,,,,,,,,,,,,,,,,,,,,,,,,,,,,,,,,,
Q07FT4,,,,,,,,,,,,,,,,,,,,,,,,,,,,,,,,,,,,,,
A3DS22,,,,,,,,,,,,,,,,,,,,,,,,,,,,,,,,,,,,,,
A8C8T9,,,,,,,,,,,,,,,,,,,,,,,,,,,,,,,,,,,,,,
A9C957,,,,,,,,,,,,,,,,,,,,,,,,,,,,,,,,,,,,,,
B1MPK8,,,,,,,,,,,,,,,,,,,,,,,,,,,,,,,,,,,,,,
B3EVW3,,,,,,,,,,,,,,,,,,,,,,,,,,,,,,,,,,,,,,
B4UNI5,,,,,,,,,,,,,,,,,,,,,,,,,,,,,,,,,,,,,,
B5FVZ4,,,,,,,,,,,,,,,,,,,,,,,,,,,,,,,,,,,,,,
Q07770,344,Q07770,,Viruses,Influenza A virus,387146,,,,,,,,,,,,,,,,,,,,,,,,,,,,,,,,
Q52JS8,,,,,,,,,,,,,,,,,,,,,,,,,,,,,,,,,,,,,,
Q4U7U7,,,,,,,,,,,,,,,,,,,,,,,,,,,,,,,,,,,,,,
Q4A2G4,118,Q4A2G4,,Viruses,Emiliania huxleyi virus 86 (isolate United Kingdom/English Channel/1999),654925,Emiliania huxleyi,2903,,,,,,,83,104,ECO:0000256,,,,,,,,,,,,,,,,,,,,,
Q2LNQ6,,,,,,,,,,,,,,,,,,,,,,,,,,,,,,,,,,,,,,
Q1PTT0,,,,,,,,,,,,,,,,,,,,,,,,,,,,,,,,,,,,,,
A4K0Q0,,,,,,,,,,,,,,,,,,,,,,,,,,,,,,,,,,,,,,
B3EVK3,,,,,,,,,,,,,,,,,,,,,,,,,,,,,,,,,,,,,,
B2VM98,,,,,,,,,,,,,,,,,,,,,,,,,,,,,,,,,,,,,,
B5FVT4,,,,,,,,,,,,,,,,,,,,,,,,,,,,,,,,,,,,,,
Q07773,344,Q07773,,Viruses,Influenza A virus,387153,,,,,,,,,,,,,,,,,,,,,,,,,,,,,,,,
Q3YQ94,,,,,,,,,,,,,,,,,,,,,,,,,,,,,,,,,,,,,,
Q58AY0,,,,,,,,,,,,,,,,,,,,,,,,,,,,,,,,,,,,,,
Q38TS1,,,,,,,,,,,,,,,,,,,,,,,,,,,,,,,,,,,,,,
Q28B66,,,,,,,,,,,,,,,,,,,,,,,,,,,,,,,,,,,,,,
Q2LPB5,,,,,,,,,,,,,,,,,,,,,,,,,,,,,,,,,,,,,,
Q289P9,,,,,,,,,,,,,,,,,,,,,,,,,,,,,,,,,,,,,,
A4K0I4,,,,,,,,,,,,,,,,,,,,,,,,,,,,,,,,,,,,,,
A4U7B7,,,,,,,,,,,,,,,,,,,,,,,,,,,,,,,,,,,,,,
B1MPK2,,,,,,,,,,,,,,,,,,,,,,,,,,,,,,,,,,,,,,
B2VM26,,,,,,,,,,,,,,,,,,,,,,,,,,,,,,,,,,,,,,
B2B8Z7,,,,,,,,,,,,,,,,,,,,,,,,,,,,,,,,,,,,,,
B6RED2,,,,,,,,,,,,,,,,,,,,,,,,,,,,,,,,,,,,,,
Q3YPY4,,,,,,,,,,,,,,,,,,,,,,,,,,,,,,,,,,,,,,
Q20NG1,,,,,,,,,,,,,,,,,,,,,,,,,,,,,,,,,,,,,,
Q2Y2Z9,,,,,,,,,,,,,,,,,,,,,,,,,,,,,,,,,,,,,,
Q09Z32,,,,,,,,,,,,,,,,,,,,,,,,,,,,,,,,,,,,,,
Q0R8P9,,,,,,,,,,,,,,,,,,,,,,,,,,,,,,,,,,,,,,
Q0P359,,,,,,,,,,,,,,,,,,,,,,,,,,,,,,,,,,,,,,
Q0HD05,,,,,,,,,,,,,,,,,,,,,,,,,,,,,,,,,,,,,,
Q00QI1,,,,,,,,,,,,,,,,,,,,,,,,,,,,,,,,,,,,,,
A3DRK7,,,,,,,,,,,,,,,,,,,,,,,,,,,,,,,,,,,,,,
A6M6C8,,,,,,,,,,,,,,,,,,,,,,,,,,,,,,,,,,,,,,
A9C6L7,,,,,,,,,,,,,,,,,,,,,,,,,,,,,,,,,,,,,,
A9L7G5,,,,,,,,,,,,,,,,,,,,,,,,,,,,,,,,,,,,,,
B6A682,,,,,,,,,,,,,,,,,,,,,,,,,,,,,,,,,,,,,,
Q7TAX6,564,Q7TAX6,,Viruses,Influenza A virus,200394,,,,,,,,,528,553,ECO:0000256,,,,,,,,,,,,,,,,,,,,,
Q5PPB2,479,Q5PPB2,,Viruses,Suid herpesvirus 1,10345,,,,,,,,,451,474,ECO:0000256,,,,,,,,,,,,,,,,,,,,,
Q5K363,,,,,,,,,,,,,,,,,,,,,,,,,,,,,,,,,,,,,,
Q2ICP9,,,,,,,,,,,,,,,,,,,,,,,,,,,,,,,,,,,,,,
Q20NI3,,,,,,,,,,,,,,,,,,,,,,,,,,,,,,,,,,,,,,
Q0A4G0,,,,,,,,,,,,,,,,,,,,,,,,,,,,,,,,,,,,,,
Q10UE9,,,,,,,,,,,,,,,,,,,,,,,,,,,,,,,,,,,,,,
A5GX63,,,,,,,,,,,,,,,,,,,,,,,,,,,,,,,,,,,,,,
A6M5I1,,,,,,,,,,,,,,,,,,,,,,,,,,,,,,,,,,,,,,
A8BRM9,,,,,,,,,,,,,,,,,,,,,,,,,,,,,,,,,,,,,,
A9C630,,,,,,,,,,,,,,,,,,,,,,,,,,,,,,,,,,,,,,
B0VVK1,,,,,,,,,,,,,,,,,,,,,,,,,,,,,,,,,,,,,,
B3EVU1,,,,,,,,,,,,,,,,,,,,,,,,,,,,,,,,,,,,,,
B2B8Y6,,,,,,,,,,,,,,,,,,,,,,,,,,,,,,,,,,,,,,
B4UPQ9,,,,,,,,,,,,,,,,,,,,,,,,,,,,,,,,,,,,,,
Q69392,23,Q69392,,Viruses,Suid herpesvirus 1,10345,,,,,,,,,,,,,,,,,,,,,,,,,,,,,,,,
Q20MJ0,,,,,,,,,,,,,,,,,,,,,,,,,,,,,,,,,,,,,,
Q38SU1,,,,,,,,,,,,,,,,,,,,,,,,,,,,,,,,,,,,,,
Q1I209,,,,,,,,,,,,,,,,,,,,,,,,,,,,,,,,,,,,,,
A1BKN7,,,,,,,,,,,,,,,,,,,,,,,,,,,,,,,,,,,,,,
A4JZL5,,,,,,,,,,,,,,,,,,,,,,,,,,,,,,,,,,,,,,
A3DRY9,,,,,,,,,,,,,,,,,,,,,,,,,,,,,,,,,,,,,,
A4GCD1,,,,,,,,,,,,,,,,,,,,,,,,,,,,,,,,,,,,,,
A8BEZ1,,,,,,,,,,,,,,,,,,,,,,,,,,,,,,,,,,,,,,
A8C739,,,,,,,,,,,,,,,,,,,,,,,,,,,,,,,,,,,,,,
B0VVL5,,,,,,,,,,,,,,,,,,,,,,,,,,,,,,,,,,,,,,
B2VM46,,,,,,,,,,,,,,,,,,,,,,,,,,,,,,,,,,,,,,
B2ZV90,,,,,,,,,,,,,,,,,,,,,,,,,,,,,,,,,,,,,,
B5FVT5,,,,,,,,,,,,,,,,,,,,,,,,,,,,,,,,,,,,,,
B3RE50,,,,,,,,,,,,,,,,,,,,,,,,,,,,,,,,,,,,,,
Q82566,570,Q82566,,Viruses,Influenza A virus,173715,,,,,,,,,534,556,ECO:0000256,,,,,,,,,,,,,,,,,,,,,
Q0RA55,,,,,,,,,,,,,,,,,,,,,,,,,,,,,,,,,,,,,,
A9C8W9,,,,,,,,,,,,,,,,,,,,,,,,,,,,,,,,,,,,,,
B1MPL9,,,,,,,,,,,,,,,,,,,,,,,,,,,,,,,,,,,,,,
B2VMV8,,,,,,,,,,,,,,,,,,,,,,,,,,,,,,,,,,,,,,
Q07769,344,Q07769,,Viruses,Influenza A virus,387145,,,,,,,,,,,,,,,,,,,,,,,,,,,,,,,,
Q4ZKW7,,,,,,,,,,,,,,,,,,,,,,,,,,,,,,,,,,,,,,
Q20MW1,,,,,,,,,,,,,,,,,,,,,,,,,,,,,,,,,,,,,,
Q30N21,,,,,,,,,,,,,,,,,,,,,,,,,,,,,,,,,,,,,,
Q0A0Y1,,,,,,,,,,,,,,,,,,,,,,,,,,,,,,,,,,,,,,
Q4A2W4,329,Q4A2W4,,Viruses,Emiliania huxleyi virus 86 (isolate United Kingdom/English Channel/1999),654925,Emiliania huxleyi,2903,,,,,,,,,,,,,,,,,,,,,,,,,,,,,,
Q58BT0,,,,,,,,,,,,,,,,,,,,,,,,,,,,,,,,,,,,,,
Q2RBY5,,,,,,,,,,,,,,,,,,,,,,,,,,,,,,,,,,,,,,
Q38U75,,,,,,,,,,,,,,,,,,,,,,,,,,,,,,,,,,,,,,
Q1G7M9,,,,,,,,,,,,,,,,,,,,,,,,,,,,,,,,,,,,,,
A8BHX4,,,,,,,,,,,,,,,,,,,,,,,,,,,,,,,,,,,,,,
B2B8U2,,,,,,,,,,,,,,,,,,,,,,,,,,,,,,,,,,,,,,
B4UNU1,,,,,,,,,,,,,,,,,,,,,,,,,,,,,,,,,,,,,,
B6JS10,,,,,,,,,,,,,,,,,,,,,,,,,,,,,,,,,,,,,,
B6JTJ7,,,,,,,,,,,,,,,,,,,,,,,,,,,,,,,,,,,,,,
A8BQ02,,,,,,,,,,,,,,,,,,,,,,,,,,,,,,,,,,,,,,
A9X0H1,,,,,,,,,,,,,,,,,,,,,,,,,,,,,,,,,,,,,,
Q6XU88,,,,,,,,,,,,,,,,,,,,,,,,,,,,,,,,,,,,,,
Q4ZKP3,,,,,,,,,,,,,,,,,,,,,,,,,,,,,,,,,,,,,,
Q2RFG2,,,,,,,,,,,,,,,,,,,,,,,,,,,,,,,,,,,,,,
Q00QU1,,,,,,,,,,,,,,,,,,,,,,,,,,,,,,,,,,,,,,
Q0P337,,,,,,,,,,,,,,,,,,,,,,,,,,,,,,,,,,,,,,
Q0P1R7,,,,,,,,,,,,,,,,,,,,,,,,,,,,,,,,,,,,,,
A9C6V5,,,,,,,,,,,,,,,,,,,,,,,,,,,,,,,,,,,,,,
B2VM83,,,,,,,,,,,,,,,,,,,,,,,,,,,,,,,,,,,,,,
B2ZVP3,,,,,,,,,,,,,,,,,,,,,,,,,,,,,,,,,,,,,,
B6JSS9,,,,,,,,,,,,,,,,,,,,,,,,,,,,,,,,,,,,,,
Q9WNS3,212,Q9WNS3,,Viruses,Hepatitis B virus,10407,"Homo sapiens, Pan troglodytes","9606, 9598",,,,,,,,,,,,,,,,,,,,,,,,,,,,,,
Q5DXE2,,,,,,,,,,,,,,,,,,,,,,,,,,,,,,,,,,,,,,
Q20NF7,,,,,,,,,,,,,,,,,,,,,,,,,,,,,,,,,,,,,,
Q30N98,,,,,,,,,,,,,,,,,,,,,,,,,,,,,,,,,,,,,,
Q0R6S8,,,,,,,,,,,,,,,,,,,,,,,,,,,,,,,,,,,,,,
Q0P1T9,,,,,,,,,,,,,,,,,,,,,,,,,,,,,,,,,,,,,,
A6M7V0,,,,,,,,,,,,,,,,,,,,,,,,,,,,,,,,,,,,,,
A8BJF6,,,,,,,,,,,,,,,,,,,,,,,,,,,,,,,,,,,,,,
A8C2U5,,,,,,,,,,,,,,,,,,,,,,,,,,,,,,,,,,,,,,
A9C732,,,,,,,,,,,,,,,,,,,,,,,,,,,,,,,,,,,,,,
A9C9X0,,,,,,,,,,,,,,,,,,,,,,,,,,,,,,,,,,,,,,
B2VMF2,,,,,,,,,,,,,,,,,,,,,,,,,,,,,,,,,,,,,,
A9LI91,560,A9LI91,,Viruses,Influenza A virus,1346474,,,,,,,,,524,549,ECO:0000256,,,,,,,,,,,,,,,,,,,,,
B5SN84,,,,,,,,,,,,,,,,,,,,,,,,,,,,,,,,,,,,,,
Q82562,562,Q82562,,Viruses,Influenza A virus,380988,,,,,,,,,526,548,ECO:0000256,,,,,,,,,,,,,,,,,,,,,
Q2IDB9,,,,,,,,,,,,,,,,,,,,,,,,,,,,,,,,,,,,,,
Q28BJ7,,,,,,,,,,,,,,,,,,,,,,,,,,,,,,,,,,,,,,
Q0A147,,,,,,,,,,,,,,,,,,,,,,,,,,,,,,,,,,,,,,
Q0P1J0,,,,,,,,,,,,,,,,,,,,,,,,,,,,,,,,,,,,,,
Q07EW6,,,,,,,,,,,,,,,,,,,,,,,,,,,,,,,,,,,,,,
Q0HCG8,,,,,,,,,,,,,,,,,,,,,,,,,,,,,,,,,,,,,,
A9CAF7,,,,,,,,,,,,,,,,,,,,,,,,,,,,,,,,,,,,,,
B2ZV97,,,,,,,,,,,,,,,,,,,,,,,,,,,,,,,,,,,,,,
B2VM52,,,,,,,,,,,,,,,,,,,,,,,,,,,,,,,,,,,,,,
B6A5Q6,,,,,,,,,,,,,,,,,,,,,,,,,,,,,,,,,,,,,,
Q2REM5,,,,,,,,,,,,,,,,,,,,,,,,,,,,,,,,,,,,,,
Q28BG5,,,,,,,,,,,,,,,,,,,,,,,,,,,,,,,,,,,,,,
Q28A09,,,,,,,,,,,,,,,,,,,,,,,,,,,,,,,,,,,,,,
Q0P1K1,,,,,,,,,,,,,,,,,,,,,,,,,,,,,,,,,,,,,,
A8W8B2,,,,,,,,,,,,,,,,,,,,,,,,,,,,,,,,,,,,,,
B1MPI1,,,,,,,,,,,,,,,,,,,,,,,,,,,,,,,,,,,,,,
B0VVI2,,,,,,,,,,,,,,,,,,,,,,,,,,,,,,,,,,,,,,
A8E2P2,57,A8E2P2,,Viruses,Enterococcus phage phiEF24C,442493,Enterococcus faecalis,1351,,,,,,,7,27,ECO:0000256,,,,,,,,,,,,,,,,,,,,,
Q67102,565,Q67102,,Viruses,Influenza A virus,39123,,,,,,,,,529,553,ECO:0000256,,,,,,,,,,,,,,,,,,,,,
Q2LNC4,,,,,,,,,,,,,,,,,,,,,,,,,,,,,,,,,,,,,,
Q1PU84,,,,,,,,,,,,,,,,,,,,,,,,,,,,,,,,,,,,,,
Q00R73,,,,,,,,,,,,,,,,,,,,,,,,,,,,,,,,,,,,,,
A3DRW7,,,,,,,,,,,,,,,,,,,,,,,,,,,,,,,,,,,,,,
A4GBL7,,,,,,,,,,,,,,,,,,,,,,,,,,,,,,,,,,,,,,
A6M6W2,,,,,,,,,,,,,,,,,,,,,,,,,,,,,,,,,,,,,,
A8C4C9,,,,,,,,,,,,,,,,,,,,,,,,,,,,,,,,,,,,,,
A9C902,,,,,,,,,,,,,,,,,,,,,,,,,,,,,,,,,,,,,,
A8W8E1,,,,,,,,,,,,,,,,,,,,,,,,,,,,,,,,,,,,,,
A9X0M6,,,,,,,,,,,,,,,,,,,,,,,,,,,,,,,,,,,,,,
Q464I5,,,,,,,,,,,,,,,,,,,,,,,,,,,,,,,,,,,,,,
Q10TY4,,,,,,,,,,,,,,,,,,,,,,,,,,,,,,,,,,,,,,
Q0HCD5,,,,,,,,,,,,,,,,,,,,,,,,,,,,,,,,,,,,,,
A1BK62,,,,,,,,,,,,,,,,,,,,,,,,,,,,,,,,,,,,,,
A4U6Q8,,,,,,,,,,,,,,,,,,,,,,,,,,,,,,,,,,,,,,
B2VLY5,,,,,,,,,,,,,,,,,,,,,,,,,,,,,,,,,,,,,,
B5FW20,,,,,,,,,,,,,,,,,,,,,,,,,,,,,,,,,,,,,,
B6A7I2,,,,,,,,,,,,,,,,,,,,,,,,,,,,,,,,,,,,,,
B5SMY0,,,,,,,,,,,,,,,,,,,,,,,,,,,,,,,,,,,,,,
Q4A2A7,121,Q4A2A7,,Viruses,Emiliania huxleyi virus 86 (isolate United Kingdom/English Channel/1999),654925,Emiliania huxleyi,2903,,,,,,,,,,,,,,,,,,,,,,,,,,,,,,
Q10TF8,,,,,,,,,,,,,,,,,,,,,,,,,,,,,,,,,,,,,,
A8BKQ5,,,,,,,,,,,,,,,,,,,,,,,,,,,,,,,,,,,,,,
B4UP62,,,,,,,,,,,,,,,,,,,,,,,,,,,,,,,,,,,,,,
B5SN77,,,,,,,,,,,,,,,,,,,,,,,,,,,,,,,,,,,,,,
Q9Q6N7,344,Q9Q6N7,,Viruses,Influenza A virus,217811,,,,,,,,,,,,,,,,,,,,,,,,,,,,,,,,
Q69082,394,A1Z0Q5,"Q05060, Q69081, Q69082",Viruses,Human herpesvirus 1 (strain KOS),10306,Homo sapiens,9606,1,25,ECO:0000255,,,,341,361,ECO:0000255,,,,,,,,,,,,,,,,,,,,,
Q464B9,,,,,,,,,,,,,,,,,,,,,,,,,,,,,,,,,,,,,,
Q1WPJ6,,,,,,,,,,,,,,,,,,,,,,,,,,,,,,,,,,,,,,
Q0A4G1,,,,,,,,,,,,,,,,,,,,,,,,,,,,,,,,,,,,,,
A4K0K6,,,,,,,,,,,,,,,,,,,,,,,,,,,,,,,,,,,,,,
A7LJJ4,,,,,,,,,,,,,,,,,,,,,,,,,,,,,,,,,,,,,,
A8BKL9,,,,,,,,,,,,,,,,,,,,,,,,,,,,,,,,,,,,,,
A8BRF3,,,,,,,,,,,,,,,,,,,,,,,,,,,,,,,,,,,,,,
A8C446,,,,,,,,,,,,,,,,,,,,,,,,,,,,,,,,,,,,,,
A9C6T3,,,,,,,,,,,,,,,,,,,,,,,,,,,,,,,,,,,,,,
B5FW19,,,,,,,,,,,,,,,,,,,,,,,,,,,,,,,,,,,,,,
Q9YJK3,,,,,,,,,,,,,,,,,,,,,,,,,,,,,,,,,,,,,,
Q4ZKY7,,,,,,,,,,,,,,,,,,,,,,,,,,,,,,,,,,,,,,
Q4U7T7,,,,,,,,,,,,,,,,,,,,,,,,,,,,,,,,,,,,,,
Q20NM9,,,,,,,,,,,,,,,,,,,,,,,,,,,,,,,,,,,,,,
Q1WQ44,,,,,,,,,,,,,,,,,,,,,,,,,,,,,,,,,,,,,,
Q2RFB5,,,,,,,,,,,,,,,,,,,,,,,,,,,,,,,,,,,,,,
Q2RBV5,,,,,,,,,,,,,,,,,,,,,,,,,,,,,,,,,,,,,,
Q00PX2,,,,,,,,,,,,,,,,,,,,,,,,,,,,,,,,,,,,,,
Q0A4H2,,,,,,,,,,,,,,,,,,,,,,,,,,,,,,,,,,,,,,
Q10UM6,,,,,,,,,,,,,,,,,,,,,,,,,,,,,,,,,,,,,,
A6M860,,,,,,,,,,,,,,,,,,,,,,,,,,,,,,,,,,,,,,
A8C3H8,,,,,,,,,,,,,,,,,,,,,,,,,,,,,,,,,,,,,,
B2VMB7,,,,,,,,,,,,,,,,,,,,,,,,,,,,,,,,,,,,,,
B5FVV1,,,,,,,,,,,,,,,,,,,,,,,,,,,,,,,,,,,,,,
Q464H4,,,,,,,,,,,,,,,,,,,,,,,,,,,,,,,,,,,,,,
Q20M81,,,,,,,,,,,,,,,,,,,,,,,,,,,,,,,,,,,,,,
Q38TR0,,,,,,,,,,,,,,,,,,,,,,,,,,,,,,,,,,,,,,
Q38SR9,,,,,,,,,,,,,,,,,,,,,,,,,,,,,,,,,,,,,,
Q289J4,,,,,,,,,,,,,,,,,,,,,,,,,,,,,,,,,,,,,,
A1BL85,,,,,,,,,,,,,,,,,,,,,,,,,,,,,,,,,,,,,,
A9C517,,,,,,,,,,,,,,,,,,,,,,,,,,,,,,,,,,,,,,
B1MPP3,,,,,,,,,,,,,,,,,,,,,,,,,,,,,,,,,,,,,,
B2VM40,,,,,,,,,,,,,,,,,,,,,,,,,,,,,,,,,,,,,,
B4UQW0,,,,,,,,,,,,,,,,,,,,,,,,,,,,,,,,,,,,,,
B4USC1,,,,,,,,,,,,,,,,,,,,,,,,,,,,,,,,,,,,,,
Q8QKU7,170,Q8QKU7,,Viruses,Ectocarpus siliculosus virus 1 (isolate New Zealand/Kaikoura/1988),654926,Ectocarpus siliculosus,2880,,,,,,,,,,,,,,,,,,,,,,,,,,,,,,
Q9WA91,360,Q9WA91,,Viruses,Influenza A virus,225088,,,,,,,,,,,,,,,,,,,,,,,,,,,,,,,,
Q701U0,560,Q701U0,,Viruses,Influenza A virus,265120,,,,,,,,,524,549,ECO:0000256,,,,,,,,,,,,,,,,,,,,,
Q58C30,,,,,,,,,,,,,,,,,,,,,,,,,,,,,,,,,,,,,,
Q20NE9,,,,,,,,,,,,,,,,,,,,,,,,,,,,,,,,,,,,,,
Q1I1K5,,,,,,,,,,,,,,,,,,,,,,,,,,,,,,,,,,,,,,
Q2ICD9,,,,,,,,,,,,,,,,,,,,,,,,,,,,,,,,,,,,,,
Q0P2Y2,,,,,,,,,,,,,,,,,,,,,,,,,,,,,,,,,,,,,,
A8C5E1,,,,,,,,,,,,,,,,,,,,,,,,,,,,,,,,,,,,,,
A9C5H1,,,,,,,,,,,,,,,,,,,,,,,,,,,,,,,,,,,,,,
B5SND4,,,,,,,,,,,,,,,,,,,,,,,,,,,,,,,,,,,,,,
Q20NG4,,,,,,,,,,,,,,,,,,,,,,,,,,,,,,,,,,,,,,
Q2REH5,,,,,,,,,,,,,,,,,,,,,,,,,,,,,,,,,,,,,,
Q1PTX4,,,,,,,,,,,,,,,,,,,,,,,,,,,,,,,,,,,,,,
Q15MD7,,,,,,,,,,,,,,,,,,,,,,,,,,,,,,,,,,,,,,
Q0R909,,,,,,,,,,,,,,,,,,,,,,,,,,,,,,,,,,,,,,
A4U6X4,,,,,,,,,,,,,,,,,,,,,,,,,,,,,,,,,,,,,,
A8BRV5,,,,,,,,,,,,,,,,,,,,,,,,,,,,,,,,,,,,,,
A8C1J5,,,,,,,,,,,,,,,,,,,,,,,,,,,,,,,,,,,,,,
B0VVM5,,,,,,,,,,,,,,,,,,,,,,,,,,,,,,,,,,,,,,
B4UNE1,,,,,,,,,,,,,,,,,,,,,,,,,,,,,,,,,,,,,,
B6JSH8,,,,,,,,,,,,,,,,,,,,,,,,,,,,,,,,,,,,,,
Q0R9K7,,,,,,,,,,,,,,,,,,,,,,,,,,,,,,,,,,,,,,
Q0R862,,,,,,,,,,,,,,,,,,,,,,,,,,,,,,,,,,,,,,
A3DS33,,,,,,,,,,,,,,,,,,,,,,,,,,,,,,,,,,,,,,
A8C8R7,,,,,,,,,,,,,,,,,,,,,,,,,,,,,,,,,,,,,,
B2VM73,,,,,,,,,,,,,,,,,,,,,,,,,,,,,,,,,,,,,,
B5FVW0,,,,,,,,,,,,,,,,,,,,,,,,,,,,,,,,,,,,,,
B6A5Y3,,,,,,,,,,,,,,,,,,,,,,,,,,,,,,,,,,,,,,
Q69391,23,Q69391,,Viruses,Suid herpesvirus 1,10345,,,,,,,,,,,,,,,,,,,,,,,,,,,,,,,,
Q82519,373,Q82519,,Viruses,Influenza A virus,375742,,,,,,,,,,,,,,,,,,,,,,,,,,,,,,,,
Q4A2Q5,225,Q4A2Q5,,Viruses,Emiliania huxleyi virus 86 (isolate United Kingdom/English Channel/1999),654925,Emiliania huxleyi,2903,,,,,,,167,187,ECO:0000256,,,,,,,,,,,,,,,,,,,,,
Q00RA6,,,,,,,,,,,,,,,,,,,,,,,,,,,,,,,,,,,,,,
Q1I1G1,,,,,,,,,,,,,,,,,,,,,,,,,,,,,,,,,,,,,,
Q0A0R5,,,,,,,,,,,,,,,,,,,,,,,,,,,,,,,,,,,,,,
Q07FV6,,,,,,,,,,,,,,,,,,,,,,,,,,,,,,,,,,,,,,
A9C7R3,,,,,,,,,,,,,,,,,,,,,,,,,,,,,,,,,,,,,,
B1MSK1,,,,,,,,,,,,,,,,,,,,,,,,,,,,,,,,,,,,,,
B2KHK6,,,,,,,,,,,,,,,,,,,,,,,,,,,,,,,,,,,,,,
A9L8A1,,,,,,,,,,,,,,,,,,,,,,,,,,,,,,,,,,,,,,
Q67324,329,Q67324,,Viruses,Influenza A virus (strain A/Philippines/2/1982 H3N2),382825,"Aves, Cetacea, Homo sapiens, Phocidae, Sus scrofa","8782, 9721, 9606, 9709, 9823",,,,,,,,,,,,,,,,,,,,,,,,,,,,,,
Q3IB03,,,,,,,,,,,,,,,,,,,,,,,,,,,,,,,,,,,,,,
Q463P8,,,,,,,,,,,,,,,,,,,,,,,,,,,,,,,,,,,,,,
Q3YQL5,,,,,,,,,,,,,,,,,,,,,,,,,,,,,,,,,,,,,,
Q4A387,175,Q4A387,,Viruses,Emiliania huxleyi virus 86 (isolate United Kingdom/English Channel/1999),654925,Emiliania huxleyi,2903,,,,,,,6,27,ECO:0000256,,,,,,,,,,,,,,,,,,,,,
Q20VE0,,,,,,,,,,,,,,,,,,,,,,,,,,,,,,,,,,,,,,
Q2RDB5,,,,,,,,,,,,,,,,,,,,,,,,,,,,,,,,,,,,,,
Q28AG3,,,,,,,,,,,,,,,,,,,,,,,,,,,,,,,,,,,,,,
Q0RA44,,,,,,,,,,,,,,,,,,,,,,,,,,,,,,,,,,,,,,
Q0A4I5,,,,,,,,,,,,,,,,,,,,,,,,,,,,,,,,,,,,,,
Q07EN9,,,,,,,,,,,,,,,,,,,,,,,,,,,,,,,,,,,,,,
A4JZE9,,,,,,,,,,,,,,,,,,,,,,,,,,,,,,,,,,,,,,
A4GBE0,,,,,,,,,,,,,,,,,,,,,,,,,,,,,,,,,,,,,,
A6M6Y3,,,,,,,,,,,,,,,,,,,,,,,,,,,,,,,,,,,,,,
A8HXC4,,,,,,,,,,,,,,,,,,,,,,,,,,,,,,,,,,,,,,
A8W8A9,,,,,,,,,,,,,,,,,,,,,,,,,,,,,,,,,,,,,,
Q58BR0,,,,,,,,,,,,,,,,,,,,,,,,,,,,,,,,,,,,,,
Q2RFC5,,,,,,,,,,,,,,,,,,,,,,,,,,,,,,,,,,,,,,
Q1WPL8,,,,,,,,,,,,,,,,,,,,,,,,,,,,,,,,,,,,,,
Q30N54,,,,,,,,,,,,,,,,,,,,,,,,,,,,,,,,,,,,,,
A0M7J2,,,,,,,,,,,,,,,,,,,,,,,,,,,,,,,,,,,,,,
A8BNS6,,,,,,,,,,,,,,,,,,,,,,,,,,,,,,,,,,,,,,
A8C4A8,,,,,,,,,,,,,,,,,,,,,,,,,,,,,,,,,,,,,,
B2ZVL9,,,,,,,,,,,,,,,,,,,,,,,,,,,,,,,,,,,,,,
Q67042,566,Q67042,,Viruses,Influenza A virus,292724,,,,,,,,,531,554,ECO:0000256,,,,,,,,,,,,,,,,,,,,,
Q5DXM2,,,,,,,,,,,,,,,,,,,,,,,,,,,,,,,,,,,,,,
Q6XU73,,,,,,,,,,,,,,,,,,,,,,,,,,,,,,,,,,,,,,
Q30N10,,,,,,,,,,,,,,,,,,,,,,,,,,,,,,,,,,,,,,
Q15MB5,,,,,,,,,,,,,,,,,,,,,,,,,,,,,,,,,,,,,,
A6M6L3,,,,,,,,,,,,,,,,,,,,,,,,,,,,,,,,,,,,,,
A9C6Y8,,,,,,,,,,,,,,,,,,,,,,,,,,,,,,,,,,,,,,
B0KVW3,,,,,,,,,,,,,,,,,,,,,,,,,,,,,,,,,,,,,,
B2VMA9,,,,,,,,,,,,,,,,,,,,,,,,,,,,,,,,,,,,,,
A9X141,,,,,,,,,,,,,,,,,,,,,,,,,,,,,,,,,,,,,,
Q4U796,,,,,,,,,,,,,,,,,,,,,,,,,,,,,,,,,,,,,,
A4U6V2,566,A4U6V2,,Viruses,Influenza A virus (strain A/USA:Huston/AA/1945 H1N1),425551,"Aves, Homo sapiens, Sus scrofa","8782, 9606, 9823",1,17,ECO:0000255,,,,530,550,ECO:0000255,,,,,,,,,,,,,,,,,,,,,
B0VW44,568,B0VW44,,Viruses,Influenza A virus,504446,,,,,,,,,533,555,ECO:0000256,,,,,,,,,,,,,,,,,,,,,
O40623,332,O40623,,Viruses,Human rotavirus ID45/2,61856,,,,,,,,,,,,,,,,,,,,,,,,,,,,,,,,
Q4A2U3,106,Q4A2U3,,Viruses,Emiliania huxleyi virus 86 (isolate United Kingdom/English Channel/1999),654925,Emiliania huxleyi,2903,,,,,,,29,50,ECO:0000256,71,89,ECO:0000256,,,,,,,,,,,,,,,,,,
Q2Y2V5,,,,,,,,,,,,,,,,,,,,,,,,,,,,,,,,,,,,,,
Q2RC35,,,,,,,,,,,,,,,,,,,,,,,,,,,,,,,,,,,,,,
Q0R9A8,,,,,,,,,,,,,,,,,,,,,,,,,,,,,,,,,,,,,,
A8BE53,,,,,,,,,,,,,,,,,,,,,,,,,,,,,,,,,,,,,,
A8BJB9,,,,,,,,,,,,,,,,,,,,,,,,,,,,,,,,,,,,,,
B2VM84,,,,,,,,,,,,,,,,,,,,,,,,,,,,,,,,,,,,,,
A9RA06,,,,,,,,,,,,,,,,,,,,,,,,,,,,,,,,,,,,,,
Q5DXQ2,,,,,,,,,,,,,,,,,,,,,,,,,,,,,,,,,,,,,,
Q4A2V4,84,Q4A2V4,,Viruses,Emiliania huxleyi virus 86 (isolate United Kingdom/English Channel/1999),654925,Emiliania huxleyi,2903,,,,,,,15,33,ECO:0000256,45,62,ECO:0000256,,,,,,,,,,,,,,,,,,
Q20N93,,,,,,,,,,,,,,,,,,,,,,,,,,,,,,,,,,,,,,
Q2REJ5,,,,,,,,,,,,,,,,,,,,,,,,,,,,,,,,,,,,,,
Q1WP42,,,,,,,,,,,,,,,,,,,,,,,,,,,,,,,,,,,,,,
Q38TP9,,,,,,,,,,,,,,,,,,,,,,,,,,,,,,,,,,,,,,
A4D6A9,,,,,,,,,,,,,,,,,,,,,,,,,,,,,,,,,,,,,,
A4GC87,,,,,,,,,,,,,,,,,,,,,,,,,,,,,,,,,,,,,,
A6M7L2,,,,,,,,,,,,,,,,,,,,,,,,,,,,,,,,,,,,,,
A8W8F6,,,,,,,,,,,,,,,,,,,,,,,,,,,,,,,,,,,,,,
A9C8R4,,,,,,,,,,,,,,,,,,,,,,,,,,,,,,,,,,,,,,
B1MPK5,,,,,,,,,,,,,,,,,,,,,,,,,,,,,,,,,,,,,,
B0VVI9,,,,,,,,,,,,,,,,,,,,,,,,,,,,,,,,,,,,,,
Q85518,642,Q85518,"Q85519, Q85520",Viruses,Feline leukemia virus,11768,Felidae,9681,,,,,,,15,33,ECO:0000256,448,468,ECO:0000256,582,608,ECO:0000256,,,,,,,,,,,,,,,
Q9WIU8,,,,,,,,,,,,,,,,,,,,,,,,,,,,,,,,,,,,,,
Q9YKB2,876,Q9YKB2,,Viruses,Human immunodeficiency virus type 1,11676,Homo sapiens,9606,,,,,,,691,718,ECO:0000256,,,,,,,,,,,,,,,,,,,,,
A2CGJ1,,,,,,,,,,,,,,,,,,,,,,,,,,,,,,,,,,,,,,
Q83849,,,,,,,,,,,,,,,,,,,,,,,,,,,,,,,,,,,,,,
Q20NG3,,,,,,,,,,,,,,,,,,,,,,,,,,,,,,,,,,,,,,
Q20LC3,,,,,,,,,,,,,,,,,,,,,,,,,,,,,,,,,,,,,,
Q38TX6,,,,,,,,,,,,,,,,,,,,,,,,,,,,,,,,,,,,,,
Q0R6B3,,,,,,,,,,,,,,,,,,,,,,,,,,,,,,,,,,,,,,
Q09ZD1,,,,,,,,,,,,,,,,,,,,,,,,,,,,,,,,,,,,,,
A8C7K0,,,,,,,,,,,,,,,,,,,,,,,,,,,,,,,,,,,,,,
A9C608,,,,,,,,,,,,,,,,,,,,,,,,,,,,,,,,,,,,,,
B0VVJ2,,,,,,,,,,,,,,,,,,,,,,,,,,,,,,,,,,,,,,
B2VMD1,,,,,,,,,,,,,,,,,,,,,,,,,,,,,,,,,,,,,,
B4UPY1,,,,,,,,,,,,,,,,,,,,,,,,,,,,,,,,,,,,,,
Q6XLX8,,,,,,,,,,,,,,,,,,,,,,,,,,,,,,,,,,,,,,
Q5K367,,,,,,,,,,,,,,,,,,,,,,,,,,,,,,,,,,,,,,
Q2IC62,,,,,,,,,,,,,,,,,,,,,,,,,,,,,,,,,,,,,,
Q20V74,,,,,,,,,,,,,,,,,,,,,,,,,,,,,,,,,,,,,,
Q28A97,,,,,,,,,,,,,,,,,,,,,,,,,,,,,,,,,,,,,,
Q09ZP1,,,,,,,,,,,,,,,,,,,,,,,,,,,,,,,,,,,,,,
Q0HC25,,,,,,,,,,,,,,,,,,,,,,,,,,,,,,,,,,,,,,
A7IRH3,,,,,,,,,,,,,,,,,,,,,,,,,,,,,,,,,,,,,,
Q80MJ8,,,,,,,,,,,,,,,,,,,,,,,,,,,,,,,,,,,,,,
Q20NF3,,,,,,,,,,,,,,,,,,,,,,,,,,,,,,,,,,,,,,
Q20M48,,,,,,,,,,,,,,,,,,,,,,,,,,,,,,,,,,,,,,
Q2RD75,,,,,,,,,,,,,,,,,,,,,,,,,,,,,,,,,,,,,,
Q28AW7,,,,,,,,,,,,,,,,,,,,,,,,,,,,,,,,,,,,,,
A6M6S9,,,,,,,,,,,,,,,,,,,,,,,,,,,,,,,,,,,,,,
A8BNH1,,,,,,,,,,,,,,,,,,,,,,,,,,,,,,,,,,,,,,
A7IRJ5,,,,,,,,,,,,,,,,,,,,,,,,,,,,,,,,,,,,,,
A8W8H7,,,,,,,,,,,,,,,,,,,,,,,,,,,,,,,,,,,,,,
A9C4X3,,,,,,,,,,,,,,,,,,,,,,,,,,,,,,,,,,,,,,
B2KH96,,,,,,,,,,,,,,,,,,,,,,,,,,,,,,,,,,,,,,
B6JSL7,,,,,,,,,,,,,,,,,,,,,,,,,,,,,,,,,,,,,,
Q20LM2,,,,,,,,,,,,,,,,,,,,,,,,,,,,,,,,,,,,,,
Q2RCV5,,,,,,,,,,,,,,,,,,,,,,,,,,,,,,,,,,,,,,
Q1WQD2,,,,,,,,,,,,,,,,,,,,,,,,,,,,,,,,,,,,,,
Q1I286,,,,,,,,,,,,,,,,,,,,,,,,,,,,,,,,,,,,,,
Q15KN2,,,,,,,,,,,,,,,,,,,,,,,,,,,,,,,,,,,,,,
Q0R9T4,,,,,,,,,,,,,,,,,,,,,,,,,,,,,,,,,,,,,,
Q1G7L8,,,,,,,,,,,,,,,,,,,,,,,,,,,,,,,,,,,,,,
B2VLX9,,,,,,,,,,,,,,,,,,,,,,,,,,,,,,,,,,,,,,
B2VN35,,,,,,,,,,,,,,,,,,,,,,,,,,,,,,,,,,,,,,
B2B8G0,,,,,,,,,,,,,,,,,,,,,,,,,,,,,,,,,,,,,,
A9L835,,,,,,,,,,,,,,,,,,,,,,,,,,,,,,,,,,,,,,
Q5W330,,,,,,,,,,,,,,,,,,,,,,,,,,,,,,,,,,,,,,
Q2Y2X7,,,,,,,,,,,,,,,,,,,,,,,,,,,,,,,,,,,,,,
Q2IC40,,,,,,,,,,,,,,,,,,,,,,,,,,,,,,,,,,,,,,
Q2RED5,,,,,,,,,,,,,,,,,,,,,,,,,,,,,,,,,,,,,,
Q0RA22,,,,,,,,,,,,,,,,,,,,,,,,,,,,,,,,,,,,,,
A1BKG0,,,,,,,,,,,,,,,,,,,,,,,,,,,,,,,,,,,,,,
A8C425,,,,,,,,,,,,,,,,,,,,,,,,,,,,,,,,,,,,,,
A8C8W3,566,A8C8W3,,Viruses,Influenza A virus (strain A/Swine/Wisconsin/1/1967 H1N1),382855,"Aves, Homo sapiens, Sus scrofa","8782, 9606, 9823",1,17,ECO:0000255,,,,530,550,ECO:0000255,,,,,,,,,,,,,,,,,,,,,
A9C8Q3,,,,,,,,,,,,,,,,,,,,,,,,,,,,,,,,,,,,,,
B6A6Z6,,,,,,,,,,,,,,,,,,,,,,,,,,,,,,,,,,,,,,
Q6XLX4,,,,,,,,,,,,,,,,,,,,,,,,,,,,,,,,,,,,,,
Q2ICG1,,,,,,,,,,,,,,,,,,,,,,,,,,,,,,,,,,,,,,
A9C776,,,,,,,,,,,,,,,,,,,,,,,,,,,,,,,,,,,,,,
A9CA03,,,,,,,,,,,,,,,,,,,,,,,,,,,,,,,,,,,,,,
B4UQ03,,,,,,,,,,,,,,,,,,,,,,,,,,,,,,,,,,,,,,
Q9Q0H7,,,,,,,,,,,,,,,,,,,,,,,,,,,,,,,,,,,,,,
Q07768,344,Q07768,,Viruses,Influenza A virus,387142,,,,,,,,,,,,,,,,,,,,,,,,,,,,,,,,
Q6XM62,,,,,,,,,,,,,,,,,,,,,,,,,,,,,,,,,,,,,,
Q6WGP3,1255,Q6WGP3,,Viruses,SARS coronavirus ZJ01,230471,,,,,,,,,1196,1218,ECO:0000256,,,,,,,,,,,,,,,,,,,,,
Q2RE55,,,,,,,,,,,,,,,,,,,,,,,,,,,,,,,,,,,,,,
Q1PUA6,,,,,,,,,,,,,,,,,,,,,,,,,,,,,,,,,,,,,,
Q2Y3S3,,,,,,,,,,,,,,,,,,,,,,,,,,,,,,,,,,,,,,
A1BLF1,,,,,,,,,,,,,,,,,,,,,,,,,,,,,,,,,,,,,,
B2KH63,,,,,,,,,,,,,,,,,,,,,,,,,,,,,,,,,,,,,,
A9X0Q9,,,,,,,,,,,,,,,,,,,,,,,,,,,,,,,,,,,,,,
Q6XM39,,,,,,,,,,,,,,,,,,,,,,,,,,,,,,,,,,,,,,
Q5DXG2,,,,,,,,,,,,,,,,,,,,,,,,,,,,,,,,,,,,,,
Q2Y3M9,,,,,,,,,,,,,,,,,,,,,,,,,,,,,,,,,,,,,,
Q2LNP5,,,,,,,,,,,,,,,,,,,,,,,,,,,,,,,,,,,,,,
Q0A316,,,,,,,,,,,,,,,,,,,,,,,,,,,,,,,,,,,,,,
A4D665,,,,,,,,,,,,,,,,,,,,,,,,,,,,,,,,,,,,,,
A6M6K2,,,,,,,,,,,,,,,,,,,,,,,,,,,,,,,,,,,,,,
A8C753,,,,,,,,,,,,,,,,,,,,,,,,,,,,,,,,,,,,,,
A9C5E9,,,,,,,,,,,,,,,,,,,,,,,,,,,,,,,,,,,,,,
B2VM21,,,,,,,,,,,,,,,,,,,,,,,,,,,,,,,,,,,,,,
B5FVV9,,,,,,,,,,,,,,,,,,,,,,,,,,,,,,,,,,,,,,
Q20NJ9,,,,,,,,,,,,,,,,,,,,,,,,,,,,,,,,,,,,,,
Q2REG5,,,,,,,,,,,,,,,,,,,,,,,,,,,,,,,,,,,,,,
Q15LL2,,,,,,,,,,,,,,,,,,,,,,,,,,,,,,,,,,,,,,
Q0A2Y4,,,,,,,,,,,,,,,,,,,,,,,,,,,,,,,,,,,,,,
Q09ZQ2,,,,,,,,,,,,,,,,,,,,,,,,,,,,,,,,,,,,,,
A0M8J4,,,,,,,,,,,,,,,,,,,,,,,,,,,,,,,,,,,,,,
A4K0C9,,,,,,,,,,,,,,,,,,,,,,,,,,,,,,,,,,,,,,
A4GBM8,,,,,,,,,,,,,,,,,,,,,,,,,,,,,,,,,,,,,,
A5GXH2,,,,,,,,,,,,,,,,,,,,,,,,,,,,,,,,,,,,,,
A9C4Y4,,,,,,,,,,,,,,,,,,,,,,,,,,,,,,,,,,,,,,
B1MPJ5,,,,,,,,,,,,,,,,,,,,,,,,,,,,,,,,,,,,,,
B2VMM0,,,,,,,,,,,,,,,,,,,,,,,,,,,,,,,,,,,,,,
B2B8Q9,,,,,,,,,,,,,,,,,,,,,,,,,,,,,,,,,,,,,,
B6JR44,,,,,,,,,,,,,,,,,,,,,,,,,,,,,,,,,,,,,,
Q58BG0,,,,,,,,,,,,,,,,,,,,,,,,,,,,,,,,,,,,,,
Q00QK3,,,,,,,,,,,,,,,,,,,,,,,,,,,,,,,,,,,,,,
Q0A0A0,,,,,,,,,,,,,,,,,,,,,,,,,,,,,,,,,,,,,,
Q0P392,,,,,,,,,,,,,,,,,,,,,,,,,,,,,,,,,,,,,,
A8BMP1,,,,,,,,,,,,,,,,,,,,,,,,,,,,,,,,,,,,,,
A8C6P6,,,,,,,,,,,,,,,,,,,,,,,,,,,,,,,,,,,,,,
A9C9I8,,,,,,,,,,,,,,,,,,,,,,,,,,,,,,,,,,,,,,
B5FVU6,,,,,,,,,,,,,,,,,,,,,,,,,,,,,,,,,,,,,,
B6JS52,,,,,,,,,,,,,,,,,,,,,,,,,,,,,,,,,,,,,,
Q464T4,,,,,,,,,,,,,,,,,,,,,,,,,,,,,,,,,,,,,,
Q0A0I8,,,,,,,,,,,,,,,,,,,,,,,,,,,,,,,,,,,,,,
B2VM34,,,,,,,,,,,,,,,,,,,,,,,,,,,,,,,,,,,,,,
B5FW03,,,,,,,,,,,,,,,,,,,,,,,,,,,,,,,,,,,,,,
Q83847,,,,,,,,,,,,,,,,,,,,,,,,,,,,,,,,,,,,,,
Q4A331,198,Q4A331,,Viruses,Emiliania huxleyi virus 86 (isolate United Kingdom/English Channel/1999),654925,Emiliania huxleyi,2903,,,,,,,12,45,ECO:0000256,,,,,,,,,,,,,,,,,,,,,
Q3YQ83,,,,,,,,,,,,,,,,,,,,,,,,,,,,,,,,,,,,,,
Q20NJ2,,,,,,,,,,,,,,,,,,,,,,,,,,,,,,,,,,,,,,
A4U7A6,566,A4U7A6,,Viruses,Influenza A virus (strain A/USA:Albany/12/1951 H1N1),425580,"Aves, Homo sapiens, Sus scrofa","8782, 9606, 9823",1,17,ECO:0000255,,,,530,550,ECO:0000255,,,,,,,,,,,,,,,,,,,,,
A8HZC2,,,,,,,,,,,,,,,,,,,,,,,,,,,,,,,,,,,,,,
A8W8I6,,,,,,,,,,,,,,,,,,,,,,,,,,,,,,,,,,,,,,
A9C7L9,,,,,,,,,,,,,,,,,,,,,,,,,,,,,,,,,,,,,,
B0VVH8,,,,,,,,,,,,,,,,,,,,,,,,,,,,,,,,,,,,,,
B5FW09,,,,,,,,,,,,,,,,,,,,,,,,,,,,,,,,,,,,,,
B6A7E9,,,,,,,,,,,,,,,,,,,,,,,,,,,,,,,,,,,,,,
Q4A3C3,115,Q4A3C3,,Viruses,Emiliania huxleyi virus 86 (isolate United Kingdom/English Channel/1999),654925,Emiliania huxleyi,2903,,,,,,,62,86,ECO:0000256,,,,,,,,,,,,,,,,,,,,,
Q20NH9,,,,,,,,,,,,,,,,,,,,,,,,,,,,,,,,,,,,,,
Q0A3E8,,,,,,,,,,,,,,,,,,,,,,,,,,,,,,,,,,,,,,
Q07E74,,,,,,,,,,,,,,,,,,,,,,,,,,,,,,,,,,,,,,
Q10U94,,,,,,,,,,,,,,,,,,,,,,,,,,,,,,,,,,,,,,
A1BKS0,,,,,,,,,,,,,,,,,,,,,,,,,,,,,,,,,,,,,,
A4K0L7,,,,,,,,,,,,,,,,,,,,,,,,,,,,,,,,,,,,,,
A6M7D5,,,,,,,,,,,,,,,,,,,,,,,,,,,,,,,,,,,,,,
B3EUP5,,,,,,,,,,,,,,,,,,,,,,,,,,,,,,,,,,,,,,
Q82516,362,Q82516,,Viruses,Influenza A virus,375741,,,,,,,,,,,,,,,,,,,,,,,,,,,,,,,,
Q464Q1,,,,,,,,,,,,,,,,,,,,,,,,,,,,,,,,,,,,,,
Q5BHQ5,,,,,,,,,,,,,,,,,,,,,,,,,,,,,,,,,,,,,,
Q4A2U2,858,Q4A2U2,,Viruses,Emiliania huxleyi virus 86 (isolate United Kingdom/English Channel/1999),654925,Emiliania huxleyi,2903,,,,,,,788,814,ECO:0000256,,,,,,,,,,,,,,,,,,,,,
Q2ICN8,,,,,,,,,,,,,,,,,,,,,,,,,,,,,,,,,,,,,,
Q2REF5,,,,,,,,,,,,,,,,,,,,,,,,,,,,,,,,,,,,,,
Q10TE7,,,,,,,,,,,,,,,,,,,,,,,,,,,,,,,,,,,,,,
A4GC32,,,,,,,,,,,,,,,,,,,,,,,,,,,,,,,,,,,,,,
Q80KH5,152,Q80KH5,,Viruses,Campoletis sonorensis ichnovirus,10484,Campoletis sonorensis,7416,,,,,,,129,150,ECO:0000256,,,,,,,,,,,,,,,,,,,,,
Q3YQD8,,,,,,,,,,,,,,,,,,,,,,,,,,,,,,,,,,,,,,
Q20NH1,,,,,,,,,,,,,,,,,,,,,,,,,,,,,,,,,,,,,,
Q38T73,,,,,,,,,,,,,,,,,,,,,,,,,,,,,,,,,,,,,,
Q00RF0,,,,,,,,,,,,,,,,,,,,,,,,,,,,,,,,,,,,,,
Q10TU0,,,,,,,,,,,,,,,,,,,,,,,,,,,,,,,,,,,,,,
A4K1K8,,,,,,,,,,,,,,,,,,,,,,,,,,,,,,,,,,,,,,
A8C344,,,,,,,,,,,,,,,,,,,,,,,,,,,,,,,,,,,,,,
A8W8C7,,,,,,,,,,,,,,,,,,,,,,,,,,,,,,,,,,,,,,
B4UPA6,565,B4UPA6,,Viruses,Influenza A virus (strain A/Puerto Rico/8/1934 H1N1),211044,"Aves, Homo sapiens, Sus scrofa","8782, 9606, 9823",,,,,,,530,553,ECO:0000256,,,,,,,,,,,,,,,,,,,,,
B5FVY0,,,,,,,,,,,,,,,,,,,,,,,,,,,,,,,,,,,,,,
A9L7J8,,,,,,,,,,,,,,,,,,,,,,,,,,,,,,,,,,,,,,
B6A6E8,,,,,,,,,,,,,,,,,,,,,,,,,,,,,,,,,,,,,,
Q00QE8,,,,,,,,,,,,,,,,,,,,,,,,,,,,,,,,,,,,,,
Q0R9E1,,,,,,,,,,,,,,,,,,,,,,,,,,,,,,,,,,,,,,
A3DS66,,,,,,,,,,,,,,,,,,,,,,,,,,,,,,,,,,,,,,
A4D6J7,,,,,,,,,,,,,,,,,,,,,,,,,,,,,,,,,,,,,,
A4Z409,,,,,,,,,,,,,,,,,,,,,,,,,,,,,,,,,,,,,,
B2VMF7,,,,,,,,,,,,,,,,,,,,,,,,,,,,,,,,,,,,,,
B6JSX5,,,,,,,,,,,,,,,,,,,,,,,,,,,,,,,,,,,,,,
Q85735,,,,,,,,,,,,,,,,,,,,,,,,,,,,,,,,,,,,,,
A8E2Q9,285,A8E2Q9,,Viruses,Enterococcus phage phiEF24C,442493,Enterococcus faecalis,1351,,,,,,,9,31,ECO:0000256,,,,,,,,,,,,,,,,,,,,,
Q05060,394,A1Z0Q5,"Q05060, Q69081, Q69082",Viruses,Human herpesvirus 1 (strain KOS),10306,Homo sapiens,9606,1,25,ECO:0000255,,,,341,361,ECO:0000255,,,,,,,,,,,,,,,,,,,,,
Q9Q6P0,344,Q9Q6P0,,Viruses,Influenza A virus,217814,,,,,,,,,,,,,,,,,,,,,,,,,,,,,,,,
Q20NG5,,,,,,,,,,,,,,,,,,,,,,,,,,,,,,,,,,,,,,
Q15LK1,,,,,,,,,,,,,,,,,,,,,,,,,,,,,,,,,,,,,,
Q09ZE2,,,,,,,,,,,,,,,,,,,,,,,,,,,,,,,,,,,,,,
Q10T92,,,,,,,,,,,,,,,,,,,,,,,,,,,,,,,,,,,,,,
Q0HC69,,,,,,,,,,,,,,,,,,,,,,,,,,,,,,,,,,,,,,
A4K1C0,,,,,,,,,,,,,,,,,,,,,,,,,,,,,,,,,,,,,,
A6M607,,,,,,,,,,,,,,,,,,,,,,,,,,,,,,,,,,,,,,
B0VVI4,,,,,,,,,,,,,,,,,,,,,,,,,,,,,,,,,,,,,,
B3H364,,,,,,,,,,,,,,,,,,,,,,,,,,,,,,,,,,,,,,
B2VMA3,,,,,,,,,,,,,,,,,,,,,,,,,,,,,,,,,,,,,,
B6JT96,560,B6JT96,,Viruses,Influenza A virus,570903,,,,,,,,,526,551,ECO:0000256,,,,,,,,,,,,,,,,,,,,,
Q9Q0I5,,,,,,,,,,,,,,,,,,,,,,,,,,,,,,,,,,,,,,
Q76SP3,,,,,,,,,,,,,,,,,,,,,,,,,,,,,,,,,,,,,,
Q07753,344,Q07753,,Viruses,Influenza A virus,387183,,,,,,,,,,,,,,,,,,,,,,,,,,,,,,,,
Q82792,565,Q82792,,Viruses,Influenza A virus,229043,,,,,,,,,529,553,ECO:0000256,,,,,,,,,,,,,,,,,,,,,
Q5K369,,,,,,,,,,,,,,,,,,,,,,,,,,,,,,,,,,,,,,
Q52JU8,,,,,,,,,,,,,,,,,,,,,,,,,,,,,,,,,,,,,,
Q3M0H9,,,,,,,,,,,,,,,,,,,,,,,,,,,,,,,,,,,,,,
Q20WB6,,,,,,,,,,,,,,,,,,,,,,,,,,,,,,,,,,,,,,
Q38U42,,,,,,,,,,,,,,,,,,,,,,,,,,,,,,,,,,,,,,
Q00PY3,,,,,,,,,,,,,,,,,,,,,,,,,,,,,,,,,,,,,,
Q0P2P7,,,,,,,,,,,,,,,,,,,,,,,,,,,,,,,,,,,,,,
A0M829,,,,,,,,,,,,,,,,,,,,,,,,,,,,,,,,,,,,,,
A4K0H3,,,,,,,,,,,,,,,,,,,,,,,,,,,,,,,,,,,,,,
B2ZVN2,,,,,,,,,,,,,,,,,,,,,,,,,,,,,,,,,,,,,,
B5SNB2,,,,,,,,,,,,,,,,,,,,,,,,,,,,,,,,,,,,,,
Q20NF4,,,,,,,,,,,,,,,,,,,,,,,,,,,,,,,,,,,,,,
Q38U31,,,,,,,,,,,,,,,,,,,,,,,,,,,,,,,,,,,,,,
Q09ZW8,,,,,,,,,,,,,,,,,,,,,,,,,,,,,,,,,,,,,,
A0RSN5,,,,,,,,,,,,,,,,,,,,,,,,,,,,,,,,,,,,,,
A4GBK6,,,,,,,,,,,,,,,,,,,,,,,,,,,,,,,,,,,,,,
A8C5B3,,,,,,,,,,,,,,,,,,,,,,,,,,,,,,,,,,,,,,
A8W8H4,,,,,,,,,,,,,,,,,,,,,,,,,,,,,,,,,,,,,,
B2VNI7,,,,,,,,,,,,,,,,,,,,,,,,,,,,,,,,,,,,,,
B4USG5,,,,,,,,,,,,,,,,,,,,,,,,,,,,,,,,,,,,,,
B5FW17,,,,,,,,,,,,,,,,,,,,,,,,,,,,,,,,,,,,,,
B6JRB0,,,,,,,,,,,,,,,,,,,,,,,,,,,,,,,,,,,,,,
B6JSK7,,,,,,,,,,,,,,,,,,,,,,,,,,,,,,,,,,,,,,
Q5DXX2,,,,,,,,,,,,,,,,,,,,,,,,,,,,,,,,,,,,,,
Q20VV8,,,,,,,,,,,,,,,,,,,,,,,,,,,,,,,,,,,,,,
Q20NB8,,,,,,,,,,,,,,,,,,,,,,,,,,,,,,,,,,,,,,
Q0A251,,,,,,,,,,,,,,,,,,,,,,,,,,,,,,,,,,,,,,
A9C8D2,,,,,,,,,,,,,,,,,,,,,,,,,,,,,,,,,,,,,,
B0LY05,,,,,,,,,,,,,,,,,,,,,,,,,,,,,,,,,,,,,,
B2ZVI6,,,,,,,,,,,,,,,,,,,,,,,,,,,,,,,,,,,,,,
B6A660,,,,,,,,,,,,,,,,,,,,,,,,,,,,,,,,,,,,,,
Q5DXK2,,,,,,,,,,,,,,,,,,,,,,,,,,,,,,,,,,,,,,
A8W8D3,,,,,,,,,,,,,,,,,,,,,,,,,,,,,,,,,,,,,,
A9C561,,,,,,,,,,,,,,,,,,,,,,,,,,,,,,,,,,,,,,
Q67035,329,Q67035,,Viruses,Influenza A virus (strain A/Guangdong/39/1989 H3N2),382812,"Aves, Homo sapiens, Mysticeti, Phocidae, Sus scrofa","8782, 9606, 9761, 9709, 9823",,,,,,,,,,,,,,,,,,,,,,,,,,,,,,
Q463Q9,,,,,,,,,,,,,,,,,,,,,,,,,,,,,,,,,,,,,,
Q4U8B7,,,,,,,,,,,,,,,,,,,,,,,,,,,,,,,,,,,,,,
Q20VH5,,,,,,,,,,,,,,,,,,,,,,,,,,,,,,,,,,,,,,
Q20NK6,,,,,,,,,,,,,,,,,,,,,,,,,,,,,,,,,,,,,,
A1BKI2,,,,,,,,,,,,,,,,,,,,,,,,,,,,,,,,,,,,,,
A8HZF7,,,,,,,,,,,,,,,,,,,,,,,,,,,,,,,,,,,,,,
B2KH74,,,,,,,,,,,,,,,,,,,,,,,,,,,,,,,,,,,,,,
Q5PP78,400,G3G922,"Q5PP78, Q9IW02",Viruses,Suid herpesvirus 1 (strain Kaplan),33703,Sus scrofa,9823,,,,,,,353,374,ECO:0000256,,,,,,,,,,,,,,,,,,,,,
Q4JRL5,,,,,,,,,,,,,,,,,,,,,,,,,,,,,,,,,,,,,,
Q4A334,443,Q4A334,,Viruses,Emiliania huxleyi virus 86 (isolate United Kingdom/English Channel/1999),654925,Emiliania huxleyi,2903,,,,,,,41,58,ECO:0000256,89,108,ECO:0000256,,,,,,,,,,,,,,,,,,
Q3IAH7,,,,,,,,,,,,,,,,,,,,,,,,,,,,,,,,,,,,,,
Q00Q05,565,Q00Q05,,Viruses,Influenza A virus,383108,,,,,,,,,530,553,ECO:0000256,,,,,,,,,,,,,,,,,,,,,
A1BL74,,,,,,,,,,,,,,,,,,,,,,,,,,,,,,,,,,,,,,
A8BKE1,,,,,,,,,,,,,,,,,,,,,,,,,,,,,,,,,,,,,,
A8C3Q7,,,,,,,,,,,,,,,,,,,,,,,,,,,,,,,,,,,,,,
B2ZVQ5,,,,,,,,,,,,,,,,,,,,,,,,,,,,,,,,,,,,,,
A9L8B2,,,,,,,,,,,,,,,,,,,,,,,,,,,,,,,,,,,,,,
Q6XM40,,,,,,,,,,,,,,,,,,,,,,,,,,,,,,,,,,,,,,
Q4A2T4,227,Q4A2T4,,Viruses,Emiliania huxleyi virus 86 (isolate United Kingdom/English Channel/1999),654925,Emiliania huxleyi,2903,,,,,,,7,24,ECO:0000256,30,47,ECO:0000256,,,,,,,,,,,,,,,,,,
Q20WH6,,,,,,,,,,,,,,,,,,,,,,,,,,,,,,,,,,,,,,
Q2RD95,,,,,,,,,,,,,,,,,,,,,,,,,,,,,,,,,,,,,,
Q289T2,,,,,,,,,,,,,,,,,,,,,,,,,,,,,,,,,,,,,,
Q0P2Z3,,,,,,,,,,,,,,,,,,,,,,,,,,,,,,,,,,,,,,
Q10TS9,,,,,,,,,,,,,,,,,,,,,,,,,,,,,,,,,,,,,,
A0RT28,,,,,,,,,,,,,,,,,,,,,,,,,,,,,,,,,,,,,,
A4JZ61,,,,,,,,,,,,,,,,,,,,,,,,,,,,,,,,,,,,,,
A9CA14,,,,,,,,,,,,,,,,,,,,,,,,,,,,,,,,,,,,,,
B2ZVF4,,,,,,,,,,,,,,,,,,,,,,,,,,,,,,,,,,,,,,
B5FVU3,,,,,,,,,,,,,,,,,,,,,,,,,,,,,,,,,,,,,,
Q05059,394,Q05059,,Viruses,Human herpesvirus 1 (strain F),10304,Homo sapiens,9606,1,25,ECO:0000255,,,,341,361,ECO:0000255,,,,,,,,,,,,,,,,,,,,,
Q7TAW6,560,Q7TAW6,,Viruses,Influenza A virus,200611,,,,,,,,,524,549,ECO:0000256,,,,,,,,,,,,,,,,,,,,,
Q2Y3G3,,,,,,,,,,,,,,,,,,,,,,,,,,,,,,,,,,,,,,
Q20NK2,,,,,,,,,,,,,,,,,,,,,,,,,,,,,,,,,,,,,,
Q0R8U3,,,,,,,,,,,,,,,,,,,,,,,,,,,,,,,,,,,,,,
Q10UB6,,,,,,,,,,,,,,,,,,,,,,,,,,,,,,,,,,,,,,
A7IRY8,,,,,,,,,,,,,,,,,,,,,,,,,,,,,,,,,,,,,,
A8C405,,,,,,,,,,,,,,,,,,,,,,,,,,,,,,,,,,,,,,
B1MPI3,,,,,,,,,,,,,,,,,,,,,,,,,,,,,,,,,,,,,,
B0KVJ3,,,,,,,,,,,,,,,,,,,,,,,,,,,,,,,,,,,,,,
B2KGZ7,,,,,,,,,,,,,,,,,,,,,,,,,,,,,,,,,,,,,,
B4US44,,,,,,,,,,,,,,,,,,,,,,,,,,,,,,,,,,,,,,
Q82513,362,Q82513,,Viruses,Influenza A virus,375740,,,,,,,,,,,,,,,,,,,,,,,,,,,,,,,,
Q5K366,,,,,,,,,,,,,,,,,,,,,,,,,,,,,,,,,,,,,,
Q3IB47,,,,,,,,,,,,,,,,,,,,,,,,,,,,,,,,,,,,,,
Q4A232,301,Q4A232,,Viruses,Emiliania huxleyi virus 86 (isolate United Kingdom/English Channel/1999),654925,Emiliania huxleyi,2903,,,,,,,264,291,ECO:0000256,,,,,,,,,,,,,,,,,,,,,
Q2RE35,,,,,,,,,,,,,,,,,,,,,,,,,,,,,,,,,,,,,,
Q2Y3D0,,,,,,,,,,,,,,,,,,,,,,,,,,,,,,,,,,,,,,
Q0HCX2,,,,,,,,,,,,,,,,,,,,,,,,,,,,,,,,,,,,,,
A4D6K8,,,,,,,,,,,,,,,,,,,,,,,,,,,,,,,,,,,,,,
B1MT05,388,B1MT05,,Viruses,Influenza A virus,511419,,,,,,,,,,,,,,,,,,,,,,,,,,,,,,,,
B5FVT7,,,,,,,,,,,,,,,,,,,,,,,,,,,,,,,,,,,,,,
A9L7F4,,,,,,,,,,,,,,,,,,,,,,,,,,,,,,,,,,,,,,
Q462W1,,,,,,,,,,,,,,,,,,,,,,,,,,,,,,,,,,,,,,
Q4U7B6,,,,,,,,,,,,,,,,,,,,,,,,,,,,,,,,,,,,,,
Q58BA0,,,,,,,,,,,,,,,,,,,,,,,,,,,,,,,,,,,,,,
A4Z3M0,,,,,,,,,,,,,,,,,,,,,,,,,,,,,,,,,,,,,,
A8C8S8,,,,,,,,,,,,,,,,,,,,,,,,,,,,,,,,,,,,,,
A8HYB2,,,,,,,,,,,,,,,,,,,,,,,,,,,,,,,,,,,,,,
A8VQ20,,,,,,,,,,,,,,,,,,,,,,,,,,,,,,,,,,,,,,
B2VM32,,,,,,,,,,,,,,,,,,,,,,,,,,,,,,,,,,,,,,
B3RDY4,,,,,,,,,,,,,,,,,,,,,,,,,,,,,,,,,,,,,,
B5FVZ3,,,,,,,,,,,,,,,,,,,,,,,,,,,,,,,,,,,,,,
Q4A370,129,Q4A370,,Viruses,Emiliania huxleyi virus 86 (isolate United Kingdom/English Channel/1999),654925,Emiliania huxleyi,2903,,,,,,,,,,,,,,,,,,,,,,,,,,,,,,
Q20NK3,,,,,,,,,,,,,,,,,,,,,,,,,,,,,,,,,,,,,,
Q2RCX5,,,,,,,,,,,,,,,,,,,,,,,,,,,,,,,,,,,,,,
Q288V2,,,,,,,,,,,,,,,,,,,,,,,,,,,,,,,,,,,,,,
Q0A2Z4,,,,,,,,,,,,,,,,,,,,,,,,,,,,,,,,,,,,,,
Q0A0V9,,,,,,,,,,,,,,,,,,,,,,,,,,,,,,,,,,,,,,
Q0P326,,,,,,,,,,,,,,,,,,,,,,,,,,,,,,,,,,,,,,
Q07EM8,,,,,,,,,,,,,,,,,,,,,,,,,,,,,,,,,,,,,,
A6M827,,,,,,,,,,,,,,,,,,,,,,,,,,,,,,,,,,,,,,
A8W8I5,,,,,,,,,,,,,,,,,,,,,,,,,,,,,,,,,,,,,,
B2VLT4,,,,,,,,,,,,,,,,,,,,,,,,,,,,,,,,,,,,,,
B5FVZ2,,,,,,,,,,,,,,,,,,,,,,,,,,,,,,,,,,,,,,
Q20UX5,,,,,,,,,,,,,,,,,,,,,,,,,,,,,,,,,,,,,,
Q0R9G3,,,,,,,,,,,,,,,,,,,,,,,,,,,,,,,,,,,,,,
Q15LT9,,,,,,,,,,,,,,,,,,,,,,,,,,,,,,,,,,,,,,
Q0P2C6,,,,,,,,,,,,,,,,,,,,,,,,,,,,,,,,,,,,,,
A5GX30,,,,,,,,,,,,,,,,,,,,,,,,,,,,,,,,,,,,,,
A6M5V2,,,,,,,,,,,,,,,,,,,,,,,,,,,,,,,,,,,,,,
A7IR85,,,,,,,,,,,,,,,,,,,,,,,,,,,,,,,,,,,,,,
B0VVM0,,,,,,,,,,,,,,,,,,,,,,,,,,,,,,,,,,,,,,
B3EVT0,,,,,,,,,,,,,,,,,,,,,,,,,,,,,,,,,,,,,,
A9X004,,,,,,,,,,,,,,,,,,,,,,,,,,,,,,,,,,,,,,
Q4JRQ5,,,,,,,,,,,,,,,,,,,,,,,,,,,,,,,,,,,,,,
Q3SCT5,,,,,,,,,,,,,,,,,,,,,,,,,,,,,,,,,,,,,,
Q565K8,,,,,,,,,,,,,,,,,,,,,,,,,,,,,,,,,,,,,,
Q2ICT2,,,,,,,,,,,,,,,,,,,,,,,,,,,,,,,,,,,,,,
Q20W63,,,,,,,,,,,,,,,,,,,,,,,,,,,,,,,,,,,,,,
Q20PC1,,,,,,,,,,,,,,,,,,,,,,,,,,,,,,,,,,,,,,
Q0A4K2,,,,,,,,,,,,,,,,,,,,,,,,,,,,,,,,,,,,,,
A6M6P6,,,,,,,,,,,,,,,,,,,,,,,,,,,,,,,,,,,,,,
A7R9Y4,,,,,,,,,,,,,,,,,,,,,,,,,,,,,,,,,,,,,,
B1MPJ4,,,,,,,,,,,,,,,,,,,,,,,,,,,,,,,,,,,,,,
B4UPV3,,,,,,,,,,,,,,,,,,,,,,,,,,,,,,,,,,,,,,
B4US77,,,,,,,,,,,,,,,,,,,,,,,,,,,,,,,,,,,,,,
Q4U7H6,,,,,,,,,,,,,,,,,,,,,,,,,,,,,,,,,,,,,,
Q20NH4,,,,,,,,,,,,,,,,,,,,,,,,,,,,,,,,,,,,,,
Q2RD45,,,,,,,,,,,,,,,,,,,,,,,,,,,,,,,,,,,,,,
Q2LN34,,,,,,,,,,,,,,,,,,,,,,,,,,,,,,,,,,,,,,
Q30N43,,,,,,,,,,,,,,,,,,,,,,,,,,,,,,,,,,,,,,
Q0R7I1,,,,,,,,,,,,,,,,,,,,,,,,,,,,,,,,,,,,,,
A7R9T0,,,,,,,,,,,,,,,,,,,,,,,,,,,,,,,,,,,,,,
A8W8C5,,,,,,,,,,,,,,,,,,,,,,,,,,,,,,,,,,,,,,
B0VVR9,,,,,,,,,,,,,,,,,,,,,,,,,,,,,,,,,,,,,,
B5FVW8,,,,,,,,,,,,,,,,,,,,,,,,,,,,,,,,,,,,,,
A9X0D6,,,,,,,,,,,,,,,,,,,,,,,,,,,,,,,,,,,,,,
B6A6D7,,,,,,,,,,,,,,,,,,,,,,,,,,,,,,,,,,,,,,
Q9DHK1,110,Q9DHK1,,Viruses,Yaba-like disease virus,132475,"Homo sapiens, Simiiformes","9606, 314293",,,,,,,,,,,,,,,,,,,,,,,,,,,,,,
Q58BC0,,,,,,,,,,,,,,,,,,,,,,,,,,,,,,,,,,,,,,
Q1WQ88,,,,,,,,,,,,,,,,,,,,,,,,,,,,,,,,,,,,,,
Q2LN23,,,,,,,,,,,,,,,,,,,,,,,,,,,,,,,,,,,,,,
A4GAY6,,,,,,,,,,,,,,,,,,,,,,,,,,,,,,,,,,,,,,
A6M5M5,,,,,,,,,,,,,,,,,,,,,,,,,,,,,,,,,,,,,,
A8BP79,,,,,,,,,,,,,,,,,,,,,,,,,,,,,,,,,,,,,,
B0VW07,,,,,,,,,,,,,,,,,,,,,,,,,,,,,,,,,,,,,,
B2VMB8,,,,,,,,,,,,,,,,,,,,,,,,,,,,,,,,,,,,,,
B2KHR1,,,,,,,,,,,,,,,,,,,,,,,,,,,,,,,,,,,,,,
B6JRJ0,,,,,,,,,,,,,,,,,,,,,,,,,,,,,,,,,,,,,,
B6JSU8,,,,,,,,,,,,,,,,,,,,,,,,,,,,,,,,,,,,,,
B1GS55,112,B1GS55,,Viruses,Salmonella phage Vi II-E1,424716,,,,,,,,,,,,,,,,,,,,,,,,,,,,,,,,
A8E2D6,68,A8E2D6,,Viruses,Enterococcus phage phiEF24C,442493,Enterococcus faecalis,1351,,,,,,,6,34,ECO:0000256,,,,,,,,,,,,,,,,,,,,,
Q69465,901,Q69465,,Viruses,Human herpesvirus 2,10310,Homo sapiens,9606,,,,,,,746,765,ECO:0000256,771,793,ECO:0000256,,,,,,,,,,,,,,,,,,
Q4JRF5,,,,,,,,,,,,,,,,,,,,,,,,,,,,,,,,,,,,,,
Q2ID20,,,,,,,,,,,,,,,,,,,,,,,,,,,,,,,,,,,,,,
Q20MX2,,,,,,,,,,,,,,,,,,,,,,,,,,,,,,,,,,,,,,
Q38TJ4,,,,,,,,,,,,,,,,,,,,,,,,,,,,,,,,,,,,,,
Q0A0J9,,,,,,,,,,,,,,,,,,,,,,,,,,,,,,,,,,,,,,
A0RTC7,,,,,,,,,,,,,,,,,,,,,,,,,,,,,,,,,,,,,,
A4U693,,,,,,,,,,,,,,,,,,,,,,,,,,,,,,,,,,,,,,
B1MPP1,,,,,,,,,,,,,,,,,,,,,,,,,,,,,,,,,,,,,,
B5FVV7,,,,,,,,,,,,,,,,,,,,,,,,,,,,,,,,,,,,,,
A9L7N1,,,,,,,,,,,,,,,,,,,,,,,,,,,,,,,,,,,,,,
B6A6I1,,,,,,,,,,,,,,,,,,,,,,,,,,,,,,,,,,,,,,
Q84850,574,Q84850,,Viruses,Human respiratory syncytial virus,11250,Homo sapiens,9606,,,,,,,525,550,ECO:0000256,,,,,,,,,,,,,,,,,,,,,
Q9YJV1,,,,,,,,,,,,,,,,,,,,,,,,,,,,,,,,,,,,,,
Q6XLU7,,,,,,,,,,,,,,,,,,,,,,,,,,,,,,,,,,,,,,
Q4ZKN3,,,,,,,,,,,,,,,,,,,,,,,,,,,,,,,,,,,,,,
Q4JS25,,,,,,,,,,,,,,,,,,,,,,,,,,,,,,,,,,,,,,
Q20VV6,,,,,,,,,,,,,,,,,,,,,,,,,,,,,,,,,,,,,,
Q20TV5,,,,,,,,,,,,,,,,,,,,,,,,,,,,,,,,,,,,,,
Q0R6A2,,,,,,,,,,,,,,,,,,,,,,,,,,,,,,,,,,,,,,
A4K0Y8,,,,,,,,,,,,,,,,,,,,,,,,,,,,,,,,,,,,,,
A8W8H5,,,,,,,,,,,,,,,,,,,,,,,,,,,,,,,,,,,,,,
A9C5M6,,,,,,,,,,,,,,,,,,,,,,,,,,,,,,,,,,,,,,
B0VVK8,,,,,,,,,,,,,,,,,,,,,,,,,,,,,,,,,,,,,,
B4URM3,,,,,,,,,,,,,,,,,,,,,,,,,,,,,,,,,,,,,,
Q7TAW7,560,Q7TAW7,,Viruses,Influenza A virus,200610,,,,,,,,,524,549,ECO:0000256,,,,,,,,,,,,,,,,,,,,,
Q5DXR2,,,,,,,,,,,,,,,,,,,,,,,,,,,,,,,,,,,,,,
Q4U6Z6,,,,,,,,,,,,,,,,,,,,,,,,,,,,,,,,,,,,,,
Q4A2S7,98,Q4A2S7,,Viruses,Emiliania huxleyi virus 86 (isolate United Kingdom/English Channel/1999),654925,Emiliania huxleyi,2903,,,,,,,6,26,ECO:0000256,,,,,,,,,,,,,,,,,,,,,
Q2REW5,,,,,,,,,,,,,,,,,,,,,,,,,,,,,,,,,,,,,,
Q2LNF7,,,,,,,,,,,,,,,,,,,,,,,,,,,,,,,,,,,,,,
Q1AQR3,,,,,,,,,,,,,,,,,,,,,,,,,,,,,,,,,,,,,,
A0RSV1,,,,,,,,,,,,,,,,,,,,,,,,,,,,,,,,,,,,,,
A8BIS1,,,,,,,,,,,,,,,,,,,,,,,,,,,,,,,,,,,,,,
B0VVL2,,,,,,,,,,,,,,,,,,,,,,,,,,,,,,,,,,,,,,
B2VMC0,,,,,,,,,,,,,,,,,,,,,,,,,,,,,,,,,,,,,,
Q8QKU9,1233,Q8QKU9,,Viruses,Ectocarpus siliculosus virus 1 (isolate New Zealand/Kaikoura/1988),654926,Ectocarpus siliculosus,2880,,,,,,,,,,,,,,,,,,,,,,,,,,,,,,
Q462X2,,,,,,,,,,,,,,,,,,,,,,,,,,,,,,,,,,,,,,
Q2LNB3,,,,,,,,,,,,,,,,,,,,,,,,,,,,,,,,,,,,,,
Q2Y3L8,,,,,,,,,,,,,,,,,,,,,,,,,,,,,,,,,,,,,,
Q0P2H0,,,,,,,,,,,,,,,,,,,,,,,,,,,,,,,,,,,,,,
Q1AQZ0,,,,,,,,,,,,,,,,,,,,,,,,,,,,,,,,,,,,,,
A8C3G7,,,,,,,,,,,,,,,,,,,,,,,,,,,,,,,,,,,,,,
A8C8L8,,,,,,,,,,,,,,,,,,,,,,,,,,,,,,,,,,,,,,
A9C6C9,,,,,,,,,,,,,,,,,,,,,,,,,,,,,,,,,,,,,,
A9C7I6,,,,,,,,,,,,,,,,,,,,,,,,,,,,,,,,,,,,,,
A9C8K9,,,,,,,,,,,,,,,,,,,,,,,,,,,,,,,,,,,,,,
B2VM36,,,,,,,,,,,,,,,,,,,,,,,,,,,,,,,,,,,,,,
B4UPR7,,,,,,,,,,,,,,,,,,,,,,,,,,,,,,,,,,,,,,
B5SMZ1,,,,,,,,,,,,,,,,,,,,,,,,,,,,,,,,,,,,,,
Q2RCW5,,,,,,,,,,,,,,,,,,,,,,,,,,,,,,,,,,,,,,
Q07ET3,,,,,,,,,,,,,,,,,,,,,,,,,,,,,,,,,,,,,,
Q10TB4,,,,,,,,,,,,,,,,,,,,,,,,,,,,,,,,,,,,,,
A8BPI2,,,,,,,,,,,,,,,,,,,,,,,,,,,,,,,,,,,,,,
A8W8I3,,,,,,,,,,,,,,,,,,,,,,,,,,,,,,,,,,,,,,
Q4A317,327,Q4A317,,Viruses,Emiliania huxleyi virus 86 (isolate United Kingdom/English Channel/1999),654925,Emiliania huxleyi,2903,,,,,,,38,56,ECO:0000256,92,108,ECO:0000256,128,149,ECO:0000256,161,181,ECO:0000256,222,244,ECO:0000256,,,,,,,,,
A9RA17,,,,,,,,,,,,,,,,,,,,,,,,,,,,,,,,,,,,,,
Q8QKV1,375,Q8QKV1,,Viruses,Ectocarpus siliculosus virus 1 (isolate New Zealand/Kaikoura/1988),654926,Ectocarpus siliculosus,2880,,,,,,,,,,,,,,,,,,,,,,,,,,,,,,
Q3IAQ4,,,,,,,,,,,,,,,,,,,,,,,,,,,,,,,,,,,,,,
Q0R6G8,,,,,,,,,,,,,,,,,,,,,,,,,,,,,,,,,,,,,,
Q0P2D7,,,,,,,,,,,,,,,,,,,,,,,,,,,,,,,,,,,,,,
Q0HBZ2,,,,,,,,,,,,,,,,,,,,,,,,,,,,,,,,,,,,,,
A6M684,,,,,,,,,,,,,,,,,,,,,,,,,,,,,,,,,,,,,,
A6M7K1,,,,,,,,,,,,,,,,,,,,,,,,,,,,,,,,,,,,,,
A8BS01,,,,,,,,,,,,,,,,,,,,,,,,,,,,,,,,,,,,,,
A9C4K2,,,,,,,,,,,,,,,,,,,,,,,,,,,,,,,,,,,,,,
A9C8Z1,,,,,,,,,,,,,,,,,,,,,,,,,,,,,,,,,,,,,,
B2VMR4,,,,,,,,,,,,,,,,,,,,,,,,,,,,,,,,,,,,,,
B6JSW7,,,,,,,,,,,,,,,,,,,,,,,,,,,,,,,,,,,,,,
Q464P0,,,,,,,,,,,,,,,,,,,,,,,,,,,,,,,,,,,,,,
Q4A2R8,185,Q4A2R8,,Viruses,Emiliania huxleyi virus 86 (isolate United Kingdom/English Channel/1999),654925,Emiliania huxleyi,2903,,,,,,,,,,,,,,,,,,,,,,,,,,,,,,
Q1PU18,,,,,,,,,,,,,,,,,,,,,,,,,,,,,,,,,,,,,,
Q15L14,,,,,,,,,,,,,,,,,,,,,,,,,,,,,,,,,,,,,,
Q0P238,,,,,,,,,,,,,,,,,,,,,,,,,,,,,,,,,,,,,,
A4D6N0,,,,,,,,,,,,,,,,,,,,,,,,,,,,,,,,,,,,,,
A4U6Y5,,,,,,,,,,,,,,,,,,,,,,,,,,,,,,,,,,,,,,
A8C2S1,,,,,,,,,,,,,,,,,,,,,,,,,,,,,,,,,,,,,,
A8C4L1,,,,,,,,,,,,,,,,,,,,,,,,,,,,,,,,,,,,,,
A7R9Z5,,,,,,,,,,,,,,,,,,,,,,,,,,,,,,,,,,,,,,
B1MSF7,,,,,,,,,,,,,,,,,,,,,,,,,,,,,,,,,,,,,,
B0VVK7,,,,,,,,,,,,,,,,,,,,,,,,,,,,,,,,,,,,,,
B2VLQ9,,,,,,,,,,,,,,,,,,,,,,,,,,,,,,,,,,,,,,
B6A772,,,,,,,,,,,,,,,,,,,,,,,,,,,,,,,,,,,,,,
Q4A2D9,132,Q4A2D9,,Viruses,Emiliania huxleyi virus 86 (isolate United Kingdom/English Channel/1999),654925,Emiliania huxleyi,2903,,,,,,,23,46,ECO:0000256,,,,,,,,,,,,,,,,,,,,,
Q20MR7,,,,,,,,,,,,,,,,,,,,,,,,,,,,,,,,,,,,,,
Q1WPH4,,,,,,,,,,,,,,,,,,,,,,,,,,,,,,,,,,,,,,
Q1PUF0,,,,,,,,,,,,,,,,,,,,,,,,,,,,,,,,,,,,,,
Q1PTB5,,,,,,,,,,,,,,,,,,,,,,,,,,,,,,,,,,,,,,
Q15L58,,,,,,,,,,,,,,,,,,,,,,,,,,,,,,,,,,,,,,
Q1I264,,,,,,,,,,,,,,,,,,,,,,,,,,,,,,,,,,,,,,
A8C7B1,,,,,,,,,,,,,,,,,,,,,,,,,,,,,,,,,,,,,,
B2VM81,,,,,,,,,,,,,,,,,,,,,,,,,,,,,,,,,,,,,,
B6JS62,,,,,,,,,,,,,,,,,,,,,,,,,,,,,,,,,,,,,,
Q9YKB4,538,Q9YKB4,,Viruses,Mumps orthorubulavirus,2560602,,,,,,,,,483,510,ECO:0000256,,,,,,,,,,,,,,,,,,,,,
Q2ID09,,,,,,,,,,,,,,,,,,,,,,,,,,,,,,,,,,,,,,
Q0R8L6,,,,,,,,,,,,,,,,,,,,,,,,,,,,,,,,,,,,,,
Q0R7D7,,,,,,,,,,,,,,,,,,,,,,,,,,,,,,,,,,,,,,
Q0A4A6,,,,,,,,,,,,,,,,,,,,,,,,,,,,,,,,,,,,,,
Q0HC47,,,,,,,,,,,,,,,,,,,,,,,,,,,,,,,,,,,,,,
A4D7N4,,,,,,,,,,,,,,,,,,,,,,,,,,,,,,,,,,,,,,
A4Z3R0,,,,,,,,,,,,,,,,,,,,,,,,,,,,,,,,,,,,,,
A4U6K3,,,,,,,,,,,,,,,,,,,,,,,,,,,,,,,,,,,,,,
A8W8C1,,,,,,,,,,,,,,,,,,,,,,,,,,,,,,,,,,,,,,
B1MPN9,,,,,,,,,,,,,,,,,,,,,,,,,,,,,,,,,,,,,,
B2KHH3,,,,,,,,,,,,,,,,,,,,,,,,,,,,,,,,,,,,,,
Q58CG0,,,,,,,,,,,,,,,,,,,,,,,,,,,,,,,,,,,,,,
Q20NL3,,,,,,,,,,,,,,,,,,,,,,,,,,,,,,,,,,,,,,
Q2RDS5,,,,,,,,,,,,,,,,,,,,,,,,,,,,,,,,,,,,,,
Q288Y5,,,,,,,,,,,,,,,,,,,,,,,,,,,,,,,,,,,,,,
Q0R8W5,,,,,,,,,,,,,,,,,,,,,,,,,,,,,,,,,,,,,,
A4Z3W5,,,,,,,,,,,,,,,,,,,,,,,,,,,,,,,,,,,,,,
A8W8I8,,,,,,,,,,,,,,,,,,,,,,,,,,,,,,,,,,,,,,
B2VM45,,,,,,,,,,,,,,,,,,,,,,,,,,,,,,,,,,,,,,
Q20NE5,,,,,,,,,,,,,,,,,,,,,,,,,,,,,,,,,,,,,,
Q1WP97,,,,,,,,,,,,,,,,,,,,,,,,,,,,,,,,,,,,,,
B0VW33,568,B0VW33,,Viruses,Influenza A virus,504445,,,,,,,,,533,555,ECO:0000256,,,,,,,,,,,,,,,,,,,,,
B2VM58,,,,,,,,,,,,,,,,,,,,,,,,,,,,,,,,,,,,,,
B2KH52,,,,,,,,,,,,,,,,,,,,,,,,,,,,,,,,,,,,,,
B6A717,,,,,,,,,,,,,,,,,,,,,,,,,,,,,,,,,,,,,,
Q4A2M7,27,Q4A2M7,,Viruses,Emiliania huxleyi virus 86 (isolate United Kingdom/English Channel/1999),654925,Emiliania huxleyi,2903,,,,,,,,,,,,,,,,,,,,,,,,,,,,,,
Q28A42,,,,,,,,,,,,,,,,,,,,,,,,,,,,,,,,,,,,,,
Q0R7X4,,,,,,,,,,,,,,,,,,,,,,,,,,,,,,,,,,,,,,
Q07FG3,,,,,,,,,,,,,,,,,,,,,,,,,,,,,,,,,,,,,,
A1BLC9,,,,,,,,,,,,,,,,,,,,,,,,,,,,,,,,,,,,,,
A9C5J3,,,,,,,,,,,,,,,,,,,,,,,,,,,,,,,,,,,,,,
B2VM59,,,,,,,,,,,,,,,,,,,,,,,,,,,,,,,,,,,,,,
B4UPT7,,,,,,,,,,,,,,,,,,,,,,,,,,,,,,,,,,,,,,
B4UR48,,,,,,,,,,,,,,,,,,,,,,,,,,,,,,,,,,,,,,
B6JRK0,,,,,,,,,,,,,,,,,,,,,,,,,,,,,,,,,,,,,,
Q4U7J6,,,,,,,,,,,,,,,,,,,,,,,,,,,,,,,,,,,,,,
Q1WQP2,,,,,,,,,,,,,,,,,,,,,,,,,,,,,,,,,,,,,,
Q0A001,,,,,,,,,,,,,,,,,,,,,,,,,,,,,,,,,,,,,,
Q07EZ9,,,,,,,,,,,,,,,,,,,,,,,,,,,,,,,,,,,,,,
Q10TX3,,,,,,,,,,,,,,,,,,,,,,,,,,,,,,,,,,,,,,
A1BL08,,,,,,,,,,,,,,,,,,,,,,,,,,,,,,,,,,,,,,
A4JZG0,,,,,,,,,,,,,,,,,,,,,,,,,,,,,,,,,,,,,,
A8C7H8,,,,,,,,,,,,,,,,,,,,,,,,,,,,,,,,,,,,,,
A8W8F8,,,,,,,,,,,,,,,,,,,,,,,,,,,,,,,,,,,,,,
B4UR70,,,,,,,,,,,,,,,,,,,,,,,,,,,,,,,,,,,,,,
Q58C60,,,,,,,,,,,,,,,,,,,,,,,,,,,,,,,,,,,,,,
Q20VM3,,,,,,,,,,,,,,,,,,,,,,,,,,,,,,,,,,,,,,
A0M7P7,,,,,,,,,,,,,,,,,,,,,,,,,,,,,,,,,,,,,,
A8C8X4,,,,,,,,,,,,,,,,,,,,,,,,,,,,,,,,,,,,,,
A8W8C6,,,,,,,,,,,,,,,,,,,,,,,,,,,,,,,,,,,,,,
B0VX46,,,,,,,,,,,,,,,,,,,,,,,,,,,,,,,,,,,,,,
B4UQ15,,,,,,,,,,,,,,,,,,,,,,,,,,,,,,,,,,,,,,
Q69466,480,Q69466,,Viruses,Human herpesvirus 2,10310,Homo sapiens,9606,,,,,,,448,470,ECO:0000256,,,,,,,,,,,,,,,,,,,,,
O12292,354,O12292,,Viruses,Influenza A virus,217826,,,,,,,,,,,,,,,,,,,,,,,,,,,,,,,,
Q7TAX0,560,Q7TAX0,,Viruses,Influenza A virus,200608,,,,,,,,,524,549,ECO:0000256,,,,,,,,,,,,,,,,,,,,,
Q4JS35,,,,,,,,,,,,,,,,,,,,,,,,,,,,,,,,,,,,,,
Q3YQ61,,,,,,,,,,,,,,,,,,,,,,,,,,,,,,,,,,,,,,
Q58CB0,,,,,,,,,,,,,,,,,,,,,,,,,,,,,,,,,,,,,,
Q3M0M3,,,,,,,,,,,,,,,,,,,,,,,,,,,,,,,,,,,,,,
Q28AS3,,,,,,,,,,,,,,,,,,,,,,,,,,,,,,,,,,,,,,
Q15L03,,,,,,,,,,,,,,,,,,,,,,,,,,,,,,,,,,,,,,
Q0Z7B4,344,Q0Z7B4,,Viruses,Influenza A virus,385595,,,,,,,,,,,,,,,,,,,,,,,,,,,,,,,,
A2CGG9,,,,,,,,,,,,,,,,,,,,,,,,,,,,,,,,,,,,,,
A8VQM4,,,,,,,,,,,,,,,,,,,,,,,,,,,,,,,,,,,,,,
B1MPI2,,,,,,,,,,,,,,,,,,,,,,,,,,,,,,,,,,,,,,
Q03731,,,,,,,,,,,,,,,,,,,,,,,,,,,,,,,,,,,,,,
Q65808,351,Q65808,,Viruses,Bovine viral diarrhea virus,11099,Bos taurus,9913,,,,,,,,,,,,,,,,,,,,,,,,,,,,,,
Q2VNE2,,,,,,,,,,,,,,,,,,,,,,,,,,,,,,,,,,,,,,
A0RSS9,,,,,,,,,,,,,,,,,,,,,,,,,,,,,,,,,,,,,,
A6M5Y5,,,,,,,,,,,,,,,,,,,,,,,,,,,,,,,,,,,,,,
A8C3D4,,,,,,,,,,,,,,,,,,,,,,,,,,,,,,,,,,,,,,
A3DRR2,,,,,,,,,,,,,,,,,,,,,,,,,,,,,,,,,,,,,,
A9X0N7,,,,,,,,,,,,,,,,,,,,,,,,,,,,,,,,,,,,,,
Q4U817,,,,,,,,,,,,,,,,,,,,,,,,,,,,,,,,,,,,,,
Q2Y2Y8,,,,,,,,,,,,,,,,,,,,,,,,,,,,,,,,,,,,,,
Q2RES5,,,,,,,,,,,,,,,,,,,,,,,,,,,,,,,,,,,,,,
Q0R8H2,,,,,,,,,,,,,,,,,,,,,,,,,,,,,,,,,,,,,,
Q0A0N2,,,,,,,,,,,,,,,,,,,,,,,,,,,,,,,,,,,,,,
A8C7W7,,,,,,,,,,,,,,,,,,,,,,,,,,,,,,,,,,,,,,
B1MPK3,,,,,,,,,,,,,,,,,,,,,,,,,,,,,,,,,,,,,,
B3H3F2,,,,,,,,,,,,,,,,,,,,,,,,,,,,,,,,,,,,,,
B6JSC4,,,,,,,,,,,,,,,,,,,,,,,,,,,,,,,,,,,,,,
Q6XLV8,,,,,,,,,,,,,,,,,,,,,,,,,,,,,,,,,,,,,,
Q3M056,,,,,,,,,,,,,,,,,,,,,,,,,,,,,,,,,,,,,,
Q4A319,113,Q4A319,,Viruses,Emiliania huxleyi virus 86 (isolate United Kingdom/English Channel/1999),654925,Emiliania huxleyi,2903,,,,,,,6,29,ECO:0000256,,,,,,,,,,,,,,,,,,,,,
Q20TZ9,,,,,,,,,,,,,,,,,,,,,,,,,,,,,,,,,,,,,,
Q38TW5,,,,,,,,,,,,,,,,,,,,,,,,,,,,,,,,,,,,,,
Q1I1U3,,,,,,,,,,,,,,,,,,,,,,,,,,,,,,,,,,,,,,
Q0HD16,,,,,,,,,,,,,,,,,,,,,,,,,,,,,,,,,,,,,,
A3DS00,,,,,,,,,,,,,,,,,,,,,,,,,,,,,,,,,,,,,,
A6M7B3,,,,,,,,,,,,,,,,,,,,,,,,,,,,,,,,,,,,,,
A8W8E0,,,,,,,,,,,,,,,,,,,,,,,,,,,,,,,,,,,,,,
B0VVJ9,,,,,,,,,,,,,,,,,,,,,,,,,,,,,,,,,,,,,,
B2KHT3,,,,,,,,,,,,,,,,,,,,,,,,,,,,,,,,,,,,,,
B2B872,,,,,,,,,,,,,,,,,,,,,,,,,,,,,,,,,,,,,,
B4URJ4,,,,,,,,,,,,,,,,,,,,,,,,,,,,,,,,,,,,,,
A9L8M2,,,,,,,,,,,,,,,,,,,,,,,,,,,,,,,,,,,,,,
Q66186,538,Q66186,,Viruses,Infectious bronchitis virus,11120,,,,,,,,,,,,,,,,,,,,,,,,,,,,,,,,
Q9DHW0,338,Q9DHW0,,Viruses,Yaba-like disease virus,132475,"Homo sapiens, Simiiformes","9606, 314293",,,,,,,,,,,,,,,,,,,,,,,,,,,,,,
Q84081,364,Q84081,,Viruses,Influenza B virus,11520,Homo sapiens,9606,,,,,,,,,,,,,,,,,,,,,,,,,,,,,,
Q4JS15,,,,,,,,,,,,,,,,,,,,,,,,,,,,,,,,,,,,,,
Q4U726,,,,,,,,,,,,,,,,,,,,,,,,,,,,,,,,,,,,,,
Q20VB8,,,,,,,,,,,,,,,,,,,,,,,,,,,,,,,,,,,,,,
Q0R8A6,,,,,,,,,,,,,,,,,,,,,,,,,,,,,,,,,,,,,,
Q0HCA2,,,,,,,,,,,,,,,,,,,,,,,,,,,,,,,,,,,,,,
A8W8L2,,,,,,,,,,,,,,,,,,,,,,,,,,,,,,,,,,,,,,
A9C9L0,,,,,,,,,,,,,,,,,,,,,,,,,,,,,,,,,,,,,,
B0VVJ5,,,,,,,,,,,,,,,,,,,,,,,,,,,,,,,,,,,,,,
B0VWX2,565,Q67107,B0VWX2,Viruses,Influenza A virus,475497,,,,,,,,,529,553,ECO:0000256,,,,,,,,,,,,,,,,,,,,,
B3EVE8,,,,,,,,,,,,,,,,,,,,,,,,,,,,,,,,,,,,,,
B2VMA5,,,,,,,,,,,,,,,,,,,,,,,,,,,,,,,,,,,,,,
Q20TU5,,,,,,,,,,,,,,,,,,,,,,,,,,,,,,,,,,,,,,
Q2REI5,,,,,,,,,,,,,,,,,,,,,,,,,,,,,,,,,,,,,,
Q28AQ1,,,,,,,,,,,,,,,,,,,,,,,,,,,,,,,,,,,,,,
Q10UK4,,,,,,,,,,,,,,,,,,,,,,,,,,,,,,,,,,,,,,
A8C4S8,,,,,,,,,,,,,,,,,,,,,,,,,,,,,,,,,,,,,,
B2ZVS3,,,,,,,,,,,,,,,,,,,,,,,,,,,,,,,,,,,,,,
B4UPQ2,,,,,,,,,,,,,,,,,,,,,,,,,,,,,,,,,,,,,,
B6A6B5,,,,,,,,,,,,,,,,,,,,,,,,,,,,,,,,,,,,,,
Q20TB4,,,,,,,,,,,,,,,,,,,,,,,,,,,,,,,,,,,,,,
Q2LPA4,,,,,,,,,,,,,,,,,,,,,,,,,,,,,,,,,,,,,,
Q00QC6,,,,,,,,,,,,,,,,,,,,,,,,,,,,,,,,,,,,,,
Q15MC6,,,,,,,,,,,,,,,,,,,,,,,,,,,,,,,,,,,,,,
Q0R7A4,,,,,,,,,,,,,,,,,,,,,,,,,,,,,,,,,,,,,,
Q0HCB3,,,,,,,,,,,,,,,,,,,,,,,,,,,,,,,,,,,,,,
A6M7C4,,,,,,,,,,,,,,,,,,,,,,,,,,,,,,,,,,,,,,
A8W8H1,,,,,,,,,,,,,,,,,,,,,,,,,,,,,,,,,,,,,,
A9C5I2,,,,,,,,,,,,,,,,,,,,,,,,,,,,,,,,,,,,,,
B2VMZ1,,,,,,,,,,,,,,,,,,,,,,,,,,,,,,,,,,,,,,
Q7TAX2,564,Q7TAX2,,Viruses,Influenza A virus,200398,,,,,,,,,528,553,ECO:0000256,,,,,,,,,,,,,,,,,,,,,
Q4A2F7,442,Q4A2F7,,Viruses,Emiliania huxleyi virus 86 (isolate United Kingdom/English Channel/1999),654925,Emiliania huxleyi,2903,,,,,,,,,,,,,,,,,,,,,,,,,,,,,,
Q4ZKZ7,,,,,,,,,,,,,,,,,,,,,,,,,,,,,,,,,,,,,,
Q20TX7,,,,,,,,,,,,,,,,,,,,,,,,,,,,,,,,,,,,,,
Q30NM9,,,,,,,,,,,,,,,,,,,,,,,,,,,,,,,,,,,,,,
Q0R6L2,,,,,,,,,,,,,,,,,,,,,,,,,,,,,,,,,,,,,,
Q10TW2,,,,,,,,,,,,,,,,,,,,,,,,,,,,,,,,,,,,,,
A4GC21,,,,,,,,,,,,,,,,,,,,,,,,,,,,,,,,,,,,,,
A4U6I1,,,,,,,,,,,,,,,,,,,,,,,,,,,,,,,,,,,,,,
B2VMP2,,,,,,,,,,,,,,,,,,,,,,,,,,,,,,,,,,,,,,
B6A6H0,,,,,,,,,,,,,,,,,,,,,,,,,,,,,,,,,,,,,,
Q28AL8,,,,,,,,,,,,,,,,,,,,,,,,,,,,,,,,,,,,,,
Q1PU51,,,,,,,,,,,,,,,,,,,,,,,,,,,,,,,,,,,,,,
A8C714,,,,,,,,,,,,,,,,,,,,,,,,,,,,,,,,,,,,,,
A9C7H5,,,,,,,,,,,,,,,,,,,,,,,,,,,,,,,,,,,,,,
B0VVJ0,,,,,,,,,,,,,,,,,,,,,,,,,,,,,,,,,,,,,,
B6JRN4,,,,,,,,,,,,,,,,,,,,,,,,,,,,,,,,,,,,,,
Q6XU82,,,,,,,,,,,,,,,,,,,,,,,,,,,,,,,,,,,,,,
Q5DX82,,,,,,,,,,,,,,,,,,,,,,,,,,,,,,,,,,,,,,
Q3YQ28,,,,,,,,,,,,,,,,,,,,,,,,,,,,,,,,,,,,,,
A8C379,,,,,,,,,,,,,,,,,,,,,,,,,,,,,,,,,,,,,,
A8C8D0,,,,,,,,,,,,,,,,,,,,,,,,,,,,,,,,,,,,,,
A9C5K4,,,,,,,,,,,,,,,,,,,,,,,,,,,,,,,,,,,,,,
A9C7W7,,,,,,,,,,,,,,,,,,,,,,,,,,,,,,,,,,,,,,
B3EVA4,,,,,,,,,,,,,,,,,,,,,,,,,,,,,,,,,,,,,,
B2VM53,,,,,,,,,,,,,,,,,,,,,,,,,,,,,,,,,,,,,,
B5FW21,,,,,,,,,,,,,,,,,,,,,,,,,,,,,,,,,,,,,,
A9L7S5,,,,,,,,,,,,,,,,,,,,,,,,,,,,,,,,,,,,,,
Q2Y3A8,,,,,,,,,,,,,,,,,,,,,,,,,,,,,,,,,,,,,,
Q20NG8,,,,,,,,,,,,,,,,,,,,,,,,,,,,,,,,,,,,,,
Q00QY5,,,,,,,,,,,,,,,,,,,,,,,,,,,,,,,,,,,,,,
A1BKA5,,,,,,,,,,,,,,,,,,,,,,,,,,,,,,,,,,,,,,
B1MPN3,,,,,,,,,,,,,,,,,,,,,,,,,,,,,,,,,,,,,,
B2KHB8,,,,,,,,,,,,,,,,,,,,,,,,,,,,,,,,,,,,,,
B4UNB9,,,,,,,,,,,,,,,,,,,,,,,,,,,,,,,,,,,,,,
B4UQZ3,,,,,,,,,,,,,,,,,,,,,,,,,,,,,,,,,,,,,,
B3RDF1,,,,,,,,,,,,,,,,,,,,,,,,,,,,,,,,,,,,,,
B6JRA1,,,,,,,,,,,,,,,,,,,,,,,,,,,,,,,,,,,,,,
B6JSJ3,,,,,,,,,,,,,,,,,,,,,,,,,,,,,,,,,,,,,,
A9X0U2,,,,,,,,,,,,,,,,,,,,,,,,,,,,,,,,,,,,,,
B5SN94,,,,,,,,,,,,,,,,,,,,,,,,,,,,,,,,,,,,,,
Q463Y6,,,,,,,,,,,,,,,,,,,,,,,,,,,,,,,,,,,,,,
Q3S2D2,1255,Q3S2D2,,Viruses,SARS coronavirus ZJ0301,344702,,,,,,,,,1196,1218,ECO:0000256,,,,,,,,,,,,,,,,,,,,,
Q38ST0,,,,,,,,,,,,,,,,,,,,,,,,,,,,,,,,,,,,,,
Q0P2X4,,,,,,,,,,,,,,,,,,,,,,,,,,,,,,,,,,,,,,
Q0HCS8,,,,,,,,,,,,,,,,,,,,,,,,,,,,,,,,,,,,,,
A1BKZ7,,,,,,,,,,,,,,,,,,,,,,,,,,,,,,,,,,,,,,
A6M5X4,,,,,,,,,,,,,,,,,,,,,,,,,,,,,,,,,,,,,,
A4U5Z4,,,,,,,,,,,,,,,,,,,,,,,,,,,,,,,,,,,,,,
A8C4R7,,,,,,,,,,,,,,,,,,,,,,,,,,,,,,,,,,,,,,
A7IRV5,,,,,,,,,,,,,,,,,,,,,,,,,,,,,,,,,,,,,,
A8W8E5,,,,,,,,,,,,,,,,,,,,,,,,,,,,,,,,,,,,,,
B3H3D0,,,,,,,,,,,,,,,,,,,,,,,,,,,,,,,,,,,,,,
Q82507,361,Q82507,,Viruses,Influenza A virus,375738,,,,,,,,,,,,,,,,,,,,,,,,,,,,,,,,
Q6XLZ3,,,,,,,,,,,,,,,,,,,,,,,,,,,,,,,,,,,,,,
Q4ZK47,,,,,,,,,,,,,,,,,,,,,,,,,,,,,,,,,,,,,,
Q20NJ1,,,,,,,,,,,,,,,,,,,,,,,,,,,,,,,,,,,,,,
Q20LT8,,,,,,,,,,,,,,,,,,,,,,,,,,,,,,,,,,,,,,
Q1WPE1,,,,,,,,,,,,,,,,,,,,,,,,,,,,,,,,,,,,,,
Q2Y3H4,,,,,,,,,,,,,,,,,,,,,,,,,,,,,,,,,,,,,,
Q0P2W3,,,,,,,,,,,,,,,,,,,,,,,,,,,,,,,,,,,,,,
A6M7F7,,,,,,,,,,,,,,,,,,,,,,,,,,,,,,,,,,,,,,
A8C4Y8,,,,,,,,,,,,,,,,,,,,,,,,,,,,,,,,,,,,,,
B0VW18,,,,,,,,,,,,,,,,,,,,,,,,,,,,,,,,,,,,,,
B0VX30,,,,,,,,,,,,,,,,,,,,,,,,,,,,,,,,,,,,,,
B1MSJ0,,,,,,,,,,,,,,,,,,,,,,,,,,,,,,,,,,,,,,
B3EUV0,,,,,,,,,,,,,,,,,,,,,,,,,,,,,,,,,,,,,,
B2VM54,,,,,,,,,,,,,,,,,,,,,,,,,,,,,,,,,,,,,,
A9RA28,,,,,,,,,,,,,,,,,,,,,,,,,,,,,,,,,,,,,,
Q69393,23,Q69393,,Viruses,Suid herpesvirus 1,10345,,,,,,,,,,,,,,,,,,,,,,,,,,,,,,,,
Q4ZKI3,,,,,,,,,,,,,,,,,,,,,,,,,,,,,,,,,,,,,,
Q0A0G6,,,,,,,,,,,,,,,,,,,,,,,,,,,,,,,,,,,,,,
Q0P2L4,,,,,,,,,,,,,,,,,,,,,,,,,,,,,,,,,,,,,,
Q07FH4,,,,,,,,,,,,,,,,,,,,,,,,,,,,,,,,,,,,,,
A3DS99,,,,,,,,,,,,,,,,,,,,,,,,,,,,,,,,,,,,,,
A6M6Q7,,,,,,,,,,,,,,,,,,,,,,,,,,,,,,,,,,,,,,
A8C7E4,,,,,,,,,,,,,,,,,,,,,,,,,,,,,,,,,,,,,,
A8VR04,,,,,,,,,,,,,,,,,,,,,,,,,,,,,,,,,,,,,,
Q4A373,1994,Q4A373,,Viruses,Emiliania huxleyi virus 86 (isolate United Kingdom/English Channel/1999),654925,Emiliania huxleyi,2903,,,,,,,1739,1761,ECO:0000256,,,,,,,,,,,,,,,,,,,,,
Q20NC2,,,,,,,,,,,,,,,,,,,,,,,,,,,,,,,,,,,,,,
Q2REA5,,,,,,,,,,,,,,,,,,,,,,,,,,,,,,,,,,,,,,
Q1WQR4,,,,,,,,,,,,,,,,,,,,,,,,,,,,,,,,,,,,,,
A4GCF3,,,,,,,,,,,,,,,,,,,,,,,,,,,,,,,,,,,,,,
A7IRC9,,,,,,,,,,,,,,,,,,,,,,,,,,,,,,,,,,,,,,
A8BJY3,,,,,,,,,,,,,,,,,,,,,,,,,,,,,,,,,,,,,,
A8W8A7,,,,,,,,,,,,,,,,,,,,,,,,,,,,,,,,,,,,,,
B2VLR3,,,,,,,,,,,,,,,,,,,,,,,,,,,,,,,,,,,,,,
A9L879,,,,,,,,,,,,,,,,,,,,,,,,,,,,,,,,,,,,,,
Q9DHV2,383,Q9DHV2,,Viruses,Yaba-like disease virus,132475,"Homo sapiens, Simiiformes","9606, 314293",,,,,,,,,,,,,,,,,,,,,,,,,,,,,,
Q38T07,,,,,,,,,,,,,,,,,,,,,,,,,,,,,,,,,,,,,,
Q0A4C1,,,,,,,,,,,,,,,,,,,,,,,,,,,,,,,,,,,,,,
Q0A169,,,,,,,,,,,,,,,,,,,,,,,,,,,,,,,,,,,,,,
A3DRM9,,,,,,,,,,,,,,,,,,,,,,,,,,,,,,,,,,,,,,
A8C3W5,,,,,,,,,,,,,,,,,,,,,,,,,,,,,,,,,,,,,,
A8W8B6,,,,,,,,,,,,,,,,,,,,,,,,,,,,,,,,,,,,,,
B2VLR4,,,,,,,,,,,,,,,,,,,,,,,,,,,,,,,,,,,,,,
B2VN79,,,,,,,,,,,,,,,,,,,,,,,,,,,,,,,,,,,,,,
B6JTX9,,,,,,,,,,,,,,,,,,,,,,,,,,,,,,,,,,,,,,
Q07771,344,Q07771,,Viruses,Influenza A virus,387151,,,,,,,,,,,,,,,,,,,,,,,,,,,,,,,,
Q20ND3,,,,,,,,,,,,,,,,,,,,,,,,,,,,,,,,,,,,,,
Q1WQC1,,,,,,,,,,,,,,,,,,,,,,,,,,,,,,,,,,,,,,
Q289K5,,,,,,,,,,,,,,,,,,,,,,,,,,,,,,,,,,,,,,
Q0R8K5,,,,,,,,,,,,,,,,,,,,,,,,,,,,,,,,,,,,,,
A2CGE7,,,,,,,,,,,,,,,,,,,,,,,,,,,,,,,,,,,,,,
A8W8H3,,,,,,,,,,,,,,,,,,,,,,,,,,,,,,,,,,,,,,
B0VVZ6,,,,,,,,,,,,,,,,,,,,,,,,,,,,,,,,,,,,,,
B3EV49,565,B3EV49,,Viruses,Influenza A virus,500661,,,,,,,,,529,553,ECO:0000256,,,,,,,,,,,,,,,,,,,,,
B4UPR1,,,,,,,,,,,,,,,,,,,,,,,,,,,,,,,,,,,,,,
B5FW25,,,,,,,,,,,,,,,,,,,,,,,,,,,,,,,,,,,,,,
Q8B6Z3,,,,,,,,,,,,,,,,,,,,,,,,,,,,,,,,,,,,,,
Q3YPM4,,,,,,,,,,,,,,,,,,,,,,,,,,,,,,,,,,,,,,
Q58B70,,,,,,,,,,,,,,,,,,,,,,,,,,,,,,,,,,,,,,
Q38SM5,,,,,,,,,,,,,,,,,,,,,,,,,,,,,,,,,,,,,,
Q288U1,,,,,,,,,,,,,,,,,,,,,,,,,,,,,,,,,,,,,,
Q0HCC4,,,,,,,,,,,,,,,,,,,,,,,,,,,,,,,,,,,,,,
A7R9N1,,,,,,,,,,,,,,,,,,,,,,,,,,,,,,,,,,,,,,
B6JT63,,,,,,,,,,,,,,,,,,,,,,,,,,,,,,,,,,,,,,
A7KWZ4,156,A7KWZ4,,Viruses,Bovine leukemia virus,11901,Bos taurus,9913,,,,,,,,,,,,,,,,,,,,,,,,,,,,,,
Q85522,642,Q85522,,Viruses,Feline leukemia virus,11768,Felidae,9681,,,,,,,15,33,ECO:0000256,448,468,ECO:0000256,582,608,ECO:0000256,,,,,,,,,,,,,,,
B6A5P7,,,,,,,,,,,,,,,,,,,,,,,,,,,,,,,,,,,,,,
Q463E9,,,,,,,,,,,,,,,,,,,,,,,,,,,,,,,,,,,,,,
Q15M82,,,,,,,,,,,,,,,,,,,,,,,,,,,,,,,,,,,,,,
A1BKX5,,,,,,,,,,,,,,,,,,,,,,,,,,,,,,,,,,,,,,
A3DRG3,,,,,,,,,,,,,,,,,,,,,,,,,,,,,,,,,,,,,,
A4D6Q2,,,,,,,,,,,,,,,,,,,,,,,,,,,,,,,,,,,,,,
A4GBF1,566,A4GBF1,,Viruses,Influenza A virus,393561,,,,,,,,,531,554,ECO:0000256,,,,,,,,,,,,,,,,,,,,,
A6M6M4,,,,,,,,,,,,,,,,,,,,,,,,,,,,,,,,,,,,,,
A9C8T6,,,,,,,,,,,,,,,,,,,,,,,,,,,,,,,,,,,,,,
B2VN90,,,,,,,,,,,,,,,,,,,,,,,,,,,,,,,,,,,,,,
B3REV3,,,,,,,,,,,,,,,,,,,,,,,,,,,,,,,,,,,,,,
B6JRF6,,,,,,,,,,,,,,,,,,,,,,,,,,,,,,,,,,,,,,
A9X0E7,,,,,,,,,,,,,,,,,,,,,,,,,,,,,,,,,,,,,,
Q9YJV9,,,,,,,,,,,,,,,,,,,,,,,,,,,,,,,,,,,,,,
Q4A2Q0,182,Q4A2Q0,,Viruses,Emiliania huxleyi virus 86 (isolate United Kingdom/English Channel/1999),654925,Emiliania huxleyi,2903,,,,,,,6,28,ECO:0000256,,,,,,,,,,,,,,,,,,,,,
Q20SC9,,,,,,,,,,,,,,,,,,,,,,,,,,,,,,,,,,,,,,
Q0A0Z2,,,,,,,,,,,,,,,,,,,,,,,,,,,,,,,,,,,,,,
A8ASD4,,,,,,,,,,,,,,,,,,,,,,,,,,,,,,,,,,,,,,
B5FVX0,,,,,,,,,,,,,,,,,,,,,,,,,,,,,,,,,,,,,,
A9L7Y0,,,,,,,,,,,,,,,,,,,,,,,,,,,,,,,,,,,,,,
Q4JRJ5,,,,,,,,,,,,,,,,,,,,,,,,,,,,,,,,,,,,,,
A9CA47,,,,,,,,,,,,,,,,,,,,,,,,,,,,,,,,,,,,,,
B0KVT0,,,,,,,,,,,,,,,,,,,,,,,,,,,,,,,,,,,,,,
B3RDR8,,,,,,,,,,,,,,,,,,,,,,,,,,,,,,,,,,,,,,
Q9Q6N9,344,Q9Q6N9,,Viruses,Influenza A virus,217813,,,,,,,,,,,,,,,,,,,,,,,,,,,,,,,,
Q20MS8,,,,,,,,,,,,,,,,,,,,,,,,,,,,,,,,,,,,,,
Q2RC75,,,,,,,,,,,,,,,,,,,,,,,,,,,,,,,,,,,,,,
Q28A64,,,,,,,,,,,,,,,,,,,,,,,,,,,,,,,,,,,,,,
Q0A4I9,,,,,,,,,,,,,,,,,,,,,,,,,,,,,,,,,,,,,,
Q0RAE3,,,,,,,,,,,,,,,,,,,,,,,,,,,,,,,,,,,,,,
Q09ZK8,,,,,,,,,,,,,,,,,,,,,,,,,,,,,,,,,,,,,,
Q0HBR5,,,,,,,,,,,,,,,,,,,,,,,,,,,,,,,,,,,,,,
A8C7I9,,,,,,,,,,,,,,,,,,,,,,,,,,,,,,,,,,,,,,
B1MPI9,,,,,,,,,,,,,,,,,,,,,,,,,,,,,,,,,,,,,,
B0VWG8,,,,,,,,,,,,,,,,,,,,,,,,,,,,,,,,,,,,,,
B2VME5,,,,,,,,,,,,,,,,,,,,,,,,,,,,,,,,,,,,,,
Q69464,901,Q69464,,Viruses,Human herpesvirus 2,10310,Homo sapiens,9606,,,,,,,746,765,ECO:0000256,771,793,ECO:0000256,,,,,,,,,,,,,,,,,,
Q6XU68,,,,,,,,,,,,,,,,,,,,,,,,,,,,,,,,,,,,,,
Q6XM23,,,,,,,,,,,,,,,,,,,,,,,,,,,,,,,,,,,,,,
Q3IAJ9,,,,,,,,,,,,,,,,,,,,,,,,,,,,,,,,,,,,,,
Q2RDR5,,,,,,,,,,,,,,,,,,,,,,,,,,,,,,,,,,,,,,
Q2RC95,,,,,,,,,,,,,,,,,,,,,,,,,,,,,,,,,,,,,,
Q15LX2,,,,,,,,,,,,,,,,,,,,,,,,,,,,,,,,,,,,,,
Q0R9H4,,,,,,,,,,,,,,,,,,,,,,,,,,,,,,,,,,,,,,
A7IRA7,,,,,,,,,,,,,,,,,,,,,,,,,,,,,,,,,,,,,,
A9C7U5,,,,,,,,,,,,,,,,,,,,,,,,,,,,,,,,,,,,,,
B1MPM3,,,,,,,,,,,,,,,,,,,,,,,,,,,,,,,,,,,,,,
B2VM76,,,,,,,,,,,,,,,,,,,,,,,,,,,,,,,,,,,,,,
Q9YJU7,,,,,,,,,,,,,,,,,,,,,,,,,,,,,,,,,,,,,,
Q3IAB1,,,,,,,,,,,,,,,,,,,,,,,,,,,,,,,,,,,,,,
Q462V0,,,,,,,,,,,,,,,,,,,,,,,,,,,,,,,,,,,,,,
Q3YQB6,,,,,,,,,,,,,,,,,,,,,,,,,,,,,,,,,,,,,,
Q2Y3P0,,,,,,,,,,,,,,,,,,,,,,,,,,,,,,,,,,,,,,
Q38TT2,,,,,,,,,,,,,,,,,,,,,,,,,,,,,,,,,,,,,,
Q15LY3,,,,,,,,,,,,,,,,,,,,,,,,,,,,,,,,,,,,,,
A4U784,,,,,,,,,,,,,,,,,,,,,,,,,,,,,,,,,,,,,,
A8W8L9,,,,,,,,,,,,,,,,,,,,,,,,,,,,,,,,,,,,,,
B5FVU8,,,,,,,,,,,,,,,,,,,,,,,,,,,,,,,,,,,,,,
Q82564,563,Q82564,,Viruses,Influenza A virus,380986,,,,,,,,,527,549,ECO:0000256,,,,,,,,,,,,,,,,,,,,,
Q20Q00,,,,,,,,,,,,,,,,,,,,,,,,,,,,,,,,,,,,,,
Q20NH6,566,Q20NH6,,Viruses,Influenza A virus,142944,,,,,,,,,531,553,ECO:0000256,,,,,,,,,,,,,,,,,,,,,
Q2RDC5,,,,,,,,,,,,,,,,,,,,,,,,,,,,,,,,,,,,,,
Q1WPG3,,,,,,,,,,,,,,,,,,,,,,,,,,,,,,,,,,,,,,
Q0P1M3,,,,,,,,,,,,,,,,,,,,,,,,,,,,,,,,,,,,,,
A4D6V7,,,,,,,,,,,,,,,,,,,,,,,,,,,,,,,,,,,,,,
A4U729,,,,,,,,,,,,,,,,,,,,,,,,,,,,,,,,,,,,,,
A6M8A4,,,,,,,,,,,,,,,,,,,,,,,,,,,,,,,,,,,,,,
A9C539,,,,,,,,,,,,,,,,,,,,,,,,,,,,,,,,,,,,,,
B3RDW2,,,,,,,,,,,,,,,,,,,,,,,,,,,,,,,,,,,,,,
B2VMG3,,,,,,,,,,,,,,,,,,,,,,,,,,,,,,,,,,,,,,
B5FVZ0,,,,,,,,,,,,,,,,,,,,,,,,,,,,,,,,,,,,,,
Q67795,1135,Q67795,,Viruses,Orthohantavirus hantanense,3052480,,,,,,,,,482,509,ECO:0000256,627,646,ECO:0000256,1106,1129,ECO:0000256,,,,,,,,,,,,,,,
Q4JRI5,,,,,,,,,,,,,,,,,,,,,,,,,,,,,,,,,,,,,,
Q3M078,,,,,,,,,,,,,,,,,,,,,,,,,,,,,,,,,,,,,,
Q2VNG2,,,,,,,,,,,,,,,,,,,,,,,,,,,,,,,,,,,,,,
Q20NI9,,,,,,,,,,,,,,,,,,,,,,,,,,,,,,,,,,,,,,
Q2REU5,,,,,,,,,,,,,,,,,,,,,,,,,,,,,,,,,,,,,,
Q1WQT5,,,,,,,,,,,,,,,,,,,,,,,,,,,,,,,,,,,,,,
Q1WPB9,,,,,,,,,,,,,,,,,,,,,,,,,,,,,,,,,,,,,,
Q38TF0,,,,,,,,,,,,,,,,,,,,,,,,,,,,,,,,,,,,,,
Q15MH0,,,,,,,,,,,,,,,,,,,,,,,,,,,,,,,,,,,,,,
Q1I1N8,,,,,,,,,,,,,,,,,,,,,,,,,,,,,,,,,,,,,,
A0RSM4,,,,,,,,,,,,,,,,,,,,,,,,,,,,,,,,,,,,,,
A1BK73,,,,,,,,,,,,,,,,,,,,,,,,,,,,,,,,,,,,,,
A8HXZ8,,,,,,,,,,,,,,,,,,,,,,,,,,,,,,,,,,,,,,
A8ARY0,,,,,,,,,,,,,,,,,,,,,,,,,,,,,,,,,,,,,,
B4UPM9,,,,,,,,,,,,,,,,,,,,,,,,,,,,,,,,,,,,,,
B6JRH5,,,,,,,,,,,,,,,,,,,,,,,,,,,,,,,,,,,,,,
Q82514,560,Q82514,,Viruses,Influenza A virus,375735,,,,,,,,,524,549,ECO:0000256,,,,,,,,,,,,,,,,,,,,,
Q1AR23,,,,,,,,,,,,,,,,,,,,,,,,,,,,,,,,,,,,,,
Q00QQ8,,,,,,,,,,,,,,,,,,,,,,,,,,,,,,,,,,,,,,
Q0R9S3,,,,,,,,,,,,,,,,,,,,,,,,,,,,,,,,,,,,,,
A3DRP0,566,A3DRP0,,Viruses,Influenza A virus (strain A/USA:Memphis/10/1996 H1N1),416730,"Aves, Homo sapiens, Sus scrofa","8782, 9606, 9823",1,17,ECO:0000255,,,,530,550,ECO:0000255,,,,,,,,,,,,,,,,,,,,,
A4U6Z6,,,,,,,,,,,,,,,,,,,,,,,,,,,,,,,,,,,,,,
A8C6S7,,,,,,,,,,,,,,,,,,,,,,,,,,,,,,,,,,,,,,
B2VM31,,,,,,,,,,,,,,,,,,,,,,,,,,,,,,,,,,,,,,
Q5DXL2,,,,,,,,,,,,,,,,,,,,,,,,,,,,,,,,,,,,,,
Q6XM72,,,,,,,,,,,,,,,,,,,,,,,,,,,,,,,,,,,,,,
Q4A2T3,309,Q4A2T3,,Viruses,Emiliania huxleyi virus 86 (isolate United Kingdom/English Channel/1999),654925,Emiliania huxleyi,2903,,,,,,,28,47,ECO:0000256,,,,,,,,,,,,,,,,,,,,,
Q20N27,,,,,,,,,,,,,,,,,,,,,,,,,,,,,,,,,,,,,,
Q2RBW5,,,,,,,,,,,,,,,,,,,,,,,,,,,,,,,,,,,,,,
Q2Y444,,,,,,,,,,,,,,,,,,,,,,,,,,,,,,,,,,,,,,
Q07EU4,,,,,,,,,,,,,,,,,,,,,,,,,,,,,,,,,,,,,,
A0RTA5,,,,,,,,,,,,,,,,,,,,,,,,,,,,,,,,,,,,,,
A3DRV6,,,,,,,,,,,,,,,,,,,,,,,,,,,,,,,,,,,,,,
A8C5J6,,,,,,,,,,,,,,,,,,,,,,,,,,,,,,,,,,,,,,
Q7TAX5,564,Q7TAX5,,Viruses,Influenza A virus,200395,,,,,,,,,528,553,ECO:0000256,,,,,,,,,,,,,,,,,,,,,
Q3IBC3,,,,,,,,,,,,,,,,,,,,,,,,,,,,,,,,,,,,,,
Q58C10,,,,,,,,,,,,,,,,,,,,,,,,,,,,,,,,,,,,,,
Q3M0S8,,,,,,,,,,,,,,,,,,,,,,,,,,,,,,,,,,,,,,
Q20SM1,,,,,,,,,,,,,,,,,,,,,,,,,,,,,,,,,,,,,,
Q2LNT9,,,,,,,,,,,,,,,,,,,,,,,,,,,,,,,,,,,,,,
Q289B8,,,,,,,,,,,,,,,,,,,,,,,,,,,,,,,,,,,,,,
Q0HC91,,,,,,,,,,,,,,,,,,,,,,,,,,,,,,,,,,,,,,
A4D860,,,,,,,,,,,,,,,,,,,,,,,,,,,,,,,,,,,,,,
B0VWF7,,,,,,,,,,,,,,,,,,,,,,,,,,,,,,,,,,,,,,
B1MPN6,,,,,,,,,,,,,,,,,,,,,,,,,,,,,,,,,,,,,,
B2KHG2,,,,,,,,,,,,,,,,,,,,,,,,,,,,,,,,,,,,,,
B6A638,,,,,,,,,,,,,,,,,,,,,,,,,,,,,,,,,,,,,,
Q9WCE4,566,Q9WCE4,,Viruses,Influenza A virus,1727172,,,,,,,,,531,554,ECO:0000256,,,,,,,,,,,,,,,,,,,,,
Q15M16,,,,,,,,,,,,,,,,,,,,,,,,,,,,,,,,,,,,,,
Q0P205,,,,,,,,,,,,,,,,,,,,,,,,,,,,,,,,,,,,,,
A6M758,,,,,,,,,,,,,,,,,,,,,,,,,,,,,,,,,,,,,,
B2ZVI8,,,,,,,,,,,,,,,,,,,,,,,,,,,,,,,,,,,,,,
B4UNQ1,,,,,,,,,,,,,,,,,,,,,,,,,,,,,,,,,,,,,,
Q65139,118,Q65139,,Viruses,African swine fever virus (strain Badajoz 1971 Vero-adapted),10498,"Ornithodoros, Sus scrofa","6937, 9823",,,,,,,5,25,ECO:0000255,40,57,ECO:0000255,,,,,,,,,,,,,,,,,,
Q3YQJ3,,,,,,,,,,,,,,,,,,,,,,,,,,,,,,,,,,,,,,
Q20S90,,,,,,,,,,,,,,,,,,,,,,,,,,,,,,,,,,,,,,
Q0A0S6,,,,,,,,,,,,,,,,,,,,,,,,,,,,,,,,,,,,,,
B2VM65,,,,,,,,,,,,,,,,,,,,,,,,,,,,,,,,,,,,,,
B6JSQ1,,,,,,,,,,,,,,,,,,,,,,,,,,,,,,,,,,,,,,
A9WZG7,,,,,,,,,,,,,,,,,,,,,,,,,,,,,,,,,,,,,,
Q80KH6,180,Q80KH6,,Viruses,Campoletis sonorensis ichnovirus,10484,Campoletis sonorensis,7416,,,,,,,124,146,ECO:0000256,158,176,ECO:0000256,,,,,,,,,,,,,,,,,,
Q82515,356,Q82515,,Viruses,Influenza A virus,375744,,,,,,,,,,,,,,,,,,,,,,,,,,,,,,,,
Q4ZKD3,,,,,,,,,,,,,,,,,,,,,,,,,,,,,,,,,,,,,,
Q463W4,,,,,,,,,,,,,,,,,,,,,,,,,,,,,,,,,,,,,,
Q4A291,1240,Q4A291,,Viruses,Emiliania huxleyi virus 86 (isolate United Kingdom/English Channel/1999),654925,Emiliania huxleyi,2903,,,,,,,21,39,ECO:0000256,1218,1237,ECO:0000256,,,,,,,,,,,,,,,,,,
Q2Y4C1,,,,,,,,,,,,,,,,,,,,,,,,,,,,,,,,,,,,,,
Q0R6X2,,,,,,,,,,,,,,,,,,,,,,,,,,,,,,,,,,,,,,
A4K041,,,,,,,,,,,,,,,,,,,,,,,,,,,,,,,,,,,,,,
A4K2A0,,,,,,,,,,,,,,,,,,,,,,,,,,,,,,,,,,,,,,
A6M673,,,,,,,,,,,,,,,,,,,,,,,,,,,,,,,,,,,,,,
A8W8L7,,,,,,,,,,,,,,,,,,,,,,,,,,,,,,,,,,,,,,
B2VM86,,,,,,,,,,,,,,,,,,,,,,,,,,,,,,,,,,,,,,
B6JRV5,,,,,,,,,,,,,,,,,,,,,,,,,,,,,,,,,,,,,,
B6JT52,,,,,,,,,,,,,,,,,,,,,,,,,,,,,,,,,,,,,,
Q4U807,,,,,,,,,,,,,,,,,,,,,,,,,,,,,,,,,,,,,,
Q2REN5,,,,,,,,,,,,,,,,,,,,,,,,,,,,,,,,,,,,,,
Q15M93,,,,,,,,,,,,,,,,,,,,,,,,,,,,,,,,,,,,,,
Q0A468,,,,,,,,,,,,,,,,,,,,,,,,,,,,,,,,,,,,,,
A1BKJ3,,,,,,,,,,,,,,,,,,,,,,,,,,,,,,,,,,,,,,
A6M8C6,,,,,,,,,,,,,,,,,,,,,,,,,,,,,,,,,,,,,,
B0VWJ0,,,,,,,,,,,,,,,,,,,,,,,,,,,,,,,,,,,,,,
B2VLY2,,,,,,,,,,,,,,,,,,,,,,,,,,,,,,,,,,,,,,
B3RDC9,,,,,,,,,,,,,,,,,,,,,,,,,,,,,,,,,,,,,,
Q3SCS4,,,,,,,,,,,,,,,,,,,,,,,,,,,,,,,,,,,,,,
Q58C70,,,,,,,,,,,,,,,,,,,,,,,,,,,,,,,,,,,,,,
Q20NC4,,,,,,,,,,,,,,,,,,,,,,,,,,,,,,,,,,,,,,
Q2RD55,,,,,,,,,,,,,,,,,,,,,,,,,,,,,,,,,,,,,,
Q15MJ2,,,,,,,,,,,,,,,,,,,,,,,,,,,,,,,,,,,,,,
Q0R749,,,,,,,,,,,,,,,,,,,,,,,,,,,,,,,,,,,,,,
A4D643,,,,,,,,,,,,,,,,,,,,,,,,,,,,,,,,,,,,,,
A8W897,,,,,,,,,,,,,,,,,,,,,,,,,,,,,,,,,,,,,,
B3EVQ8,,,,,,,,,,,,,,,,,,,,,,,,,,,,,,,,,,,,,,
B3REX5,,,,,,,,,,,,,,,,,,,,,,,,,,,,,,,,,,,,,,
B6JTS4,,,,,,,,,,,,,,,,,,,,,,,,,,,,,,,,,,,,,,
Q20Q42,,,,,,,,,,,,,,,,,,,,,,,,,,,,,,,,,,,,,,
Q65530,575,Q65530,,Viruses,Bovine herpesvirus 1,10320,,,,,,,,,423,448,ECO:0000256,,,,,,,,,,,,,,,,,,,,,
O39841,363,O39841,,Viruses,Influenza A virus,62432,,,,,,,,,,,,,,,,,,,,,,,,,,,,,,,,
Q2Y3J6,,,,,,,,,,,,,,,,,,,,,,,,,,,,,,,,,,,,,,
Q20NI1,,,,,,,,,,,,,,,,,,,,,,,,,,,,,,,,,,,,,,
Q0R8N8,,,,,,,,,,,,,,,,,,,,,,,,,,,,,,,,,,,,,,
A4D7H0,,,,,,,,,,,,,,,,,,,,,,,,,,,,,,,,,,,,,,
Q76SP4,,,,,,,,,,,,,,,,,,,,,,,,,,,,,,,,,,,,,,
Q82510,560,Q82510,,Viruses,Influenza A virus,352544,,,,,,,,,524,549,ECO:0000256,,,,,,,,,,,,,,,,,,,,,
Q5K370,,,,,,,,,,,,,,,,,,,,,,,,,,,,,,,,,,,,,,
Q4A229,132,Q4A229,,Viruses,Emiliania huxleyi virus 86 (isolate United Kingdom/English Channel/1999),654925,Emiliania huxleyi,2903,,,,,,,6,29,ECO:0000256,,,,,,,,,,,,,,,,,,,,,
Q28AF2,,,,,,,,,,,,,,,,,,,,,,,,,,,,,,,,,,,,,,
Q07FE1,,,,,,,,,,,,,,,,,,,,,,,,,,,,,,,,,,,,,,
A6M716,,,,,,,,,,,,,,,,,,,,,,,,,,,,,,,,,,,,,,
A8BTI5,,,,,,,,,,,,,,,,,,,,,,,,,,,,,,,,,,,,,,
B1MPN8,,,,,,,,,,,,,,,,,,,,,,,,,,,,,,,,,,,,,,
B5SNA1,,,,,,,,,,,,,,,,,,,,,,,,,,,,,,,,,,,,,,
Q20TT4,,,,,,,,,,,,,,,,,,,,,,,,,,,,,,,,,,,,,,
Q20NG6,,,,,,,,,,,,,,,,,,,,,,,,,,,,,,,,,,,,,,
A4K0V5,,,,,,,,,,,,,,,,,,,,,,,,,,,,,,,,,,,,,,
A8W8H0,,,,,,,,,,,,,,,,,,,,,,,,,,,,,,,,,,,,,,
B1MPN1,,,,,,,,,,,,,,,,,,,,,,,,,,,,,,,,,,,,,,
B5FW16,,,,,,,,,,,,,,,,,,,,,,,,,,,,,,,,,,,,,,
B6JSI8,,,,,,,,,,,,,,,,,,,,,,,,,,,,,,,,,,,,,,
Q87082,23,Q87082,,Viruses,Suid herpesvirus 1,10345,,,,,,,,,,,,,,,,,,,,,,,,,,,,,,,,
Q52JV8,,,,,,,,,,,,,,,,,,,,,,,,,,,,,,,,,,,,,,
Q4A3D0,210,Q4A3D0,,Viruses,Emiliania huxleyi virus 86 (isolate United Kingdom/English Channel/1999),654925,Emiliania huxleyi,2903,,,,,,,6,31,ECO:0000256,43,64,ECO:0000256,70,87,ECO:0000256,99,124,ECO:0000256,130,151,ECO:0000256,,,,,,,,,
Q4A283,136,Q4A283,,Viruses,Emiliania huxleyi virus 86 (isolate United Kingdom/English Channel/1999),654925,Emiliania huxleyi,2903,,,,,,,12,34,ECO:0000256,40,61,ECO:0000256,82,99,ECO:0000256,105,123,ECO:0000256,,,,,,,,,,,,
Q20PW9,,,,,,,,,,,,,,,,,,,,,,,,,,,,,,,,,,,,,,
Q20NH2,,,,,,,,,,,,,,,,,,,,,,,,,,,,,,,,,,,,,,
Q20LQ5,,,,,,,,,,,,,,,,,,,,,,,,,,,,,,,,,,,,,,
Q30N65,,,,,,,,,,,,,,,,,,,,,,,,,,,,,,,,,,,,,,
Q1G7P0,,,,,,,,,,,,,,,,,,,,,,,,,,,,,,,,,,,,,,
A8C2V8,,,,,,,,,,,,,,,,,,,,,,,,,,,,,,,,,,,,,,
A8C4M3,,,,,,,,,,,,,,,,,,,,,,,,,,,,,,,,,,,,,,
B2ZVB7,,,,,,,,,,,,,,,,,,,,,,,,,,,,,,,,,,,,,,
Q8QKW6,573,Q8QKW6,,Viruses,Ectocarpus siliculosus virus 1 (isolate New Zealand/Kaikoura/1988),654926,Ectocarpus siliculosus,2880,,,,,,,6,25,ECO:0000256,,,,,,,,,,,,,,,,,,,,,
Q4ZKK3,,,,,,,,,,,,,,,,,,,,,,,,,,,,,,,,,,,,,,
Q4A222,68,Q4A222,,Viruses,Emiliania huxleyi virus 86 (isolate United Kingdom/English Channel/1999),654925,Emiliania huxleyi,2903,,,,,,,12,29,ECO:0000256,,,,,,,,,,,,,,,,,,,,,
Q2LN58,,,,,,,,,,,,,,,,,,,,,,,,,,,,,,,,,,,,,,
A4GAP8,,,,,,,,,,,,,,,,,,,,,,,,,,,,,,,,,,,,,,
A7IRW6,,,,,,,,,,,,,,,,,,,,,,,,,,,,,,,,,,,,,,
A8W8D0,,,,,,,,,,,,,,,,,,,,,,,,,,,,,,,,,,,,,,
B3RDJ1,,,,,,,,,,,,,,,,,,,,,,,,,,,,,,,,,,,,,,
B2VLQ3,,,,,,,,,,,,,,,,,,,,,,,,,,,,,,,,,,,,,,
B2KH85,,,,,,,,,,,,,,,,,,,,,,,,,,,,,,,,,,,,,,
B4UNJ6,,,,,,,,,,,,,,,,,,,,,,,,,,,,,,,,,,,,,,
B5FW31,,,,,,,,,,,,,,,,,,,,,,,,,,,,,,,,,,,,,,
B5SNG7,568,B5SNG7,,Viruses,Influenza A virus,558394,,,,,,,,,533,555,ECO:0000256,,,,,,,,,,,,,,,,,,,,,
Q67005,385,Q67005,,Viruses,Influenza A virus,379740,,,,,,,,,,,,,,,,,,,,,,,,,,,,,,,,
Q9DIE0,,,,,,,,,,,,,,,,,,,,,,,,,,,,,,,,,,,,,,
Q58BM0,,,,,,,,,,,,,,,,,,,,,,,,,,,,,,,,,,,,,,
Q1WPP0,,,,,,,,,,,,,,,,,,,,,,,,,,,,,,,,,,,,,,
Q15L91,,,,,,,,,,,,,,,,,,,,,,,,,,,,,,,,,,,,,,
Q09ZZ0,,,,,,,,,,,,,,,,,,,,,,,,,,,,,,,,,,,,,,
A0RSY4,,,,,,,,,,,,,,,,,,,,,,,,,,,,,,,,,,,,,,
A9C5G0,,,,,,,,,,,,,,,,,,,,,,,,,,,,,,,,,,,,,,
A9C9Z2,,,,,,,,,,,,,,,,,,,,,,,,,,,,,,,,,,,,,,
B0VVM4,,,,,,,,,,,,,,,,,,,,,,,,,,,,,,,,,,,,,,
B4UPS3,,,,,,,,,,,,,,,,,,,,,,,,,,,,,,,,,,,,,,
B5SN13,,,,,,,,,,,,,,,,,,,,,,,,,,,,,,,,,,,,,,
Q1WQB0,,,,,,,,,,,,,,,,,,,,,,,,,,,,,,,,,,,,,,
Q289C8,566,Q289C8,,Viruses,Influenza A virus,384529,,,,,,,,,531,554,ECO:0000256,,,,,,,,,,,,,,,,,,,,,
Q2VN72,,,,,,,,,,,,,,,,,,,,,,,,,,,,,,,,,,,,,,
Q0P2I1,,,,,,,,,,,,,,,,,,,,,,,,,,,,,,,,,,,,,,
Q07ES2,,,,,,,,,,,,,,,,,,,,,,,,,,,,,,,,,,,,,,
Q00Q27,,,,,,,,,,,,,,,,,,,,,,,,,,,,,,,,,,,,,,
A6M780,,,,,,,,,,,,,,,,,,,,,,,,,,,,,,,,,,,,,,
A8BCZ5,,,,,,,,,,,,,,,,,,,,,,,,,,,,,,,,,,,,,,
A8C6M1,,,,,,,,,,,,,,,,,,,,,,,,,,,,,,,,,,,,,,
A9C8F4,,,,,,,,,,,,,,,,,,,,,,,,,,,,,,,,,,,,,,
Q2Y3Q1,,,,,,,,,,,,,,,,,,,,,,,,,,,,,,,,,,,,,,
Q1PTL4,,,,,,,,,,,,,,,,,,,,,,,,,,,,,,,,,,,,,,
Q0R6V0,,,,,,,,,,,,,,,,,,,,,,,,,,,,,,,,,,,,,,
A4GC10,,,,,,,,,,,,,,,,,,,,,,,,,,,,,,,,,,,,,,
A4U638,,,,,,,,,,,,,,,,,,,,,,,,,,,,,,,,,,,,,,
A8W8M1,,,,,,,,,,,,,,,,,,,,,,,,,,,,,,,,,,,,,,
B2VND4,,,,,,,,,,,,,,,,,,,,,,,,,,,,,,,,,,,,,,
B5FVS3,,,,,,,,,,,,,,,,,,,,,,,,,,,,,,,,,,,,,,
B5SN02,,,,,,,,,,,,,,,,,,,,,,,,,,,,,,,,,,,,,,
Q7TAX4,564,Q7TAX4,,Viruses,Influenza A virus,200396,,,,,,,,,528,553,ECO:0000256,,,,,,,,,,,,,,,,,,,,,
Q4A352,96,Q4A352,,Viruses,Emiliania huxleyi virus 86 (isolate United Kingdom/English Channel/1999),654925,Emiliania huxleyi,2903,,,,,,,6,28,ECO:0000256,,,,,,,,,,,,,,,,,,,,,
Q3IAL0,,,,,,,,,,,,,,,,,,,,,,,,,,,,,,,,,,,,,,
Q4U7E6,,,,,,,,,,,,,,,,,,,,,,,,,,,,,,,,,,,,,,
Q20NK7,,,,,,,,,,,,,,,,,,,,,,,,,,,,,,,,,,,,,,
Q1PT38,,,,,,,,,,,,,,,,,,,,,,,,,,,,,,,,,,,,,,
Q00PZ4,,,,,,,,,,,,,,,,,,,,,,,,,,,,,,,,,,,,,,
Q10UD8,,,,,,,,,,,,,,,,,,,,,,,,,,,,,,,,,,,,,,
A0M8H2,,,,,,,,,,,,,,,,,,,,,,,,,,,,,,,,,,,,,,
A4K1W8,,,,,,,,,,,,,,,,,,,,,,,,,,,,,,,,,,,,,,
A6M5W3,,,,,,,,,,,,,,,,,,,,,,,,,,,,,,,,,,,,,,
A8HWZ5,,,,,,,,,,,,,,,,,,,,,,,,,,,,,,,,,,,,,,
A8BMT3,,,,,,,,,,,,,,,,,,,,,,,,,,,,,,,,,,,,,,
A8C7L1,,,,,,,,,,,,,,,,,,,,,,,,,,,,,,,,,,,,,,
A9C619,,,,,,,,,,,,,,,,,,,,,,,,,,,,,,,,,,,,,,
B1MPH7,,,,,,,,,,,,,,,,,,,,,,,,,,,,,,,,,,,,,,
B6A6M5,,,,,,,,,,,,,,,,,,,,,,,,,,,,,,,,,,,,,,
Q9YJW8,538,Q9YJW8,,Viruses,Mumps orthorubulavirus,2560602,,,,,,,,,483,510,ECO:0000256,,,,,,,,,,,,,,,,,,,,,
Q464E1,,,,,,,,,,,,,,,,,,,,,,,,,,,,,,,,,,,,,,
Q5BHJ5,,,,,,,,,,,,,,,,,,,,,,,,,,,,,,,,,,,,,,
Q3SCQ2,,,,,,,,,,,,,,,,,,,,,,,,,,,,,,,,,,,,,,
Q4A272,161,Q4A272,,Viruses,Emiliania huxleyi virus 86 (isolate United Kingdom/English Channel/1999),654925,Emiliania huxleyi,2903,,,,,,,6,24,ECO:0000256,,,,,,,,,,,,,,,,,,,,,
Q0R7R9,,,,,,,,,,,,,,,,,,,,,,,,,,,,,,,,,,,,,,
Q0A3C6,,,,,,,,,,,,,,,,,,,,,,,,,,,,,,,,,,,,,,
Q1AQU6,,,,,,,,,,,,,,,,,,,,,,,,,,,,,,,,,,,,,,
A4K008,,,,,,,,,,,,,,,,,,,,,,,,,,,,,,,,,,,,,,
A6M6X2,,,,,,,,,,,,,,,,,,,,,,,,,,,,,,,,,,,,,,
A8AS68,,,,,,,,,,,,,,,,,,,,,,,,,,,,,,,,,,,,,,
A8BSA8,,,,,,,,,,,,,,,,,,,,,,,,,,,,,,,,,,,,,,
A9C9G6,,,,,,,,,,,,,,,,,,,,,,,,,,,,,,,,,,,,,,
B1MSZ4,393,B1MSZ4,,Viruses,Influenza A virus,511418,,,,,,,,,,,,,,,,,,,,,,,,,,,,,,,,
B2VNE5,,,,,,,,,,,,,,,,,,,,,,,,,,,,,,,,,,,,,,
B5FVS9,,,,,,,,,,,,,,,,,,,,,,,,,,,,,,,,,,,,,,
O91242,538,O91242,,Viruses,Mumps orthorubulavirus,2560602,,,,,,,,,483,510,ECO:0000256,,,,,,,,,,,,,,,,,,,,,
Q20UZ7,,,,,,,,,,,,,,,,,,,,,,,,,,,,,,,,,,,,,,
Q2FCC6,,,,,,,,,,,,,,,,,,,,,,,,,,,,,,,,,,,,,,
Q15LE6,,,,,,,,,,,,,,,,,,,,,,,,,,,,,,,,,,,,,,
Q0A3V6,,,,,,,,,,,,,,,,,,,,,,,,,,,,,,,,,,,,,,
Q0A0M1,,,,,,,,,,,,,,,,,,,,,,,,,,,,,,,,,,,,,,
Q07E96,,,,,,,,,,,,,,,,,,,,,,,,,,,,,,,,,,,,,,
A8BYX7,,,,,,,,,,,,,,,,,,,,,,,,,,,,,,,,,,,,,,
A9C7T4,,,,,,,,,,,,,,,,,,,,,,,,,,,,,,,,,,,,,,
B2B919,,,,,,,,,,,,,,,,,,,,,,,,,,,,,,,,,,,,,,
B4UPF7,565,B4UPF7,,Viruses,Influenza A virus,518922,,,,,,,,,530,553,ECO:0000256,,,,,,,,,,,,,,,,,,,,,
B6JRE3,,,,,,,,,,,,,,,,,,,,,,,,,,,,,,,,,,,,,,
B5FVY9,,,,,,,,,,,,,,,,,,,,,,,,,,,,,,,,,,,,,,
Q4A379,131,Q4A379,,Viruses,Emiliania huxleyi virus 86 (isolate United Kingdom/English Channel/1999),654925,Emiliania huxleyi,2903,,,,,,,,,,,,,,,,,,,,,,,,,,,,,,
Q4ZKR3,,,,,,,,,,,,,,,,,,,,,,,,,,,,,,,,,,,,,,
Q5DX62,,,,,,,,,,,,,,,,,,,,,,,,,,,,,,,,,,,,,,
Q4JS55,,,,,,,,,,,,,,,,,,,,,,,,,,,,,,,,,,,,,,
Q20WJ8,,,,,,,,,,,,,,,,,,,,,,,,,,,,,,,,,,,,,,
Q20NL2,,,,,,,,,,,,,,,,,,,,,,,,,,,,,,,,,,,,,,
Q1WQI7,,,,,,,,,,,,,,,,,,,,,,,,,,,,,,,,,,,,,,
Q38TK5,566,Q38TK5,,Viruses,Influenza A virus,351253,,,,,,,,,530,554,ECO:0000256,,,,,,,,,,,,,,,,,,,,,
Q1AR12,566,Q1AR12,,Viruses,Influenza A virus,370128,,,,,,,,,530,554,ECO:0000256,,,,,,,,,,,,,,,,,,,,,
Q0A4E4,,,,,,,,,,,,,,,,,,,,,,,,,,,,,,,,,,,,,,
Q0HCN4,,,,,,,,,,,,,,,,,,,,,,,,,,,,,,,,,,,,,,
A4GCJ7,566,A4GCJ7,,Viruses,Influenza A virus (strain A/India/6263/1980 H1N1),393562,"Aves, Homo sapiens, Sus scrofa","8782, 9606, 9823",1,17,ECO:0000255,,,,530,550,ECO:0000255,,,,,,,,,,,,,,,,,,,,,
A8W8I4,,,,,,,,,,,,,,,,,,,,,,,,,,,,,,,,,,,,,,
B1MPP7,,,,,,,,,,,,,,,,,,,,,,,,,,,,,,,,,,,,,,
A9L8R6,,,,,,,,,,,,,,,,,,,,,,,,,,,,,,,,,,,,,,
A9WZH8,,,,,,,,,,,,,,,,,,,,,,,,,,,,,,,,,,,,,,
Q463I2,,,,,,,,,,,,,,,,,,,,,,,,,,,,,,,,,,,,,,
Q3M0D5,,,,,,,,,,,,,,,,,,,,,,,,,,,,,,,,,,,,,,
Q20NK5,,,,,,,,,,,,,,,,,,,,,,,,,,,,,,,,,,,,,,
Q0A3K9,,,,,,,,,,,,,,,,,,,,,,,,,,,,,,,,,,,,,,
Q0HC58,,,,,,,,,,,,,,,,,,,,,,,,,,,,,,,,,,,,,,
A8C8F9,,,,,,,,,,,,,,,,,,,,,,,,,,,,,,,,,,,,,,
B0VVL7,,,,,,,,,,,,,,,,,,,,,,,,,,,,,,,,,,,,,,
B2B8S0,,,,,,,,,,,,,,,,,,,,,,,,,,,,,,,,,,,,,,
B4UPH9,566,B4UPH9,,Viruses,Influenza A virus,518976,,,,,,,,,,,,,,,,,,,,,,,,,,,,,,,,
B4UQT8,,,,,,,,,,,,,,,,,,,,,,,,,,,,,,,,,,,,,,
Q83543,522,Q83543,,Viruses,Mokola virus,12538,"Canis lupus familiaris, Chodsigoa caovansunga, Felis catus, Rodentia","9615, 269271, 9685, 9989",,,,,,,456,480,ECO:0000256,,,,,,,,,,,,,,,,,,,,,
Q6XM43,,,,,,,,,,,,,,,,,,,,,,,,,,,,,,,,,,,,,,
Q3YPN5,,,,,,,,,,,,,,,,,,,,,,,,,,,,,,,,,,,,,,
B1MPH9,,,,,,,,,,,,,,,,,,,,,,,,,,,,,,,,,,,,,,
B0KW29,,,,,,,,,,,,,,,,,,,,,,,,,,,,,,,,,,,,,,
B2B8L5,,,,,,,,,,,,,,,,,,,,,,,,,,,,,,,,,,,,,,
B4UPU0,,,,,,,,,,,,,,,,,,,,,,,,,,,,,,,,,,,,,,
Q5BHM5,,,,,,,,,,,,,,,,,,,,,,,,,,,,,,,,,,,,,,
Q20NI5,,,,,,,,,,,,,,,,,,,,,,,,,,,,,,,,,,,,,,
Q20M26,,,,,,,,,,,,,,,,,,,,,,,,,,,,,,,,,,,,,,
Q1AQT5,,,,,,,,,,,,,,,,,,,,,,,,,,,,,,,,,,,,,,
Q10U06,,,,,,,,,,,,,,,,,,,,,,,,,,,,,,,,,,,,,,
A8W8C2,,,,,,,,,,,,,,,,,,,,,,,,,,,,,,,,,,,,,,
B2B963,,,,,,,,,,,,,,,,,,,,,,,,,,,,,,,,,,,,,,
B5FVW4,,,,,,,,,,,,,,,,,,,,,,,,,,,,,,,,,,,,,,
Q80PW5,403,Q80PW5,,Viruses,Campoletis sonorensis ichnovirus,10484,Campoletis sonorensis,7416,,,,,,,,,,,,,,,,,,,,,,,,,,,,,,
Q5K364,,,,,,,,,,,,,,,,,,,,,,,,,,,,,,,,,,,,,,
Q4ZKL3,,,,,,,,,,,,,,,,,,,,,,,,,,,,,,,,,,,,,,
Q2RE15,,,,,,,,,,,,,,,,,,,,,,,,,,,,,,,,,,,,,,
Q0A4C2,,,,,,,,,,,,,,,,,,,,,,,,,,,,,,,,,,,,,,
Q09ZJ7,,,,,,,,,,,,,,,,,,,,,,,,,,,,,,,,,,,,,,
A0M7L4,,,,,,,,,,,,,,,,,,,,,,,,,,,,,,,,,,,,,,
A4K2F5,,,,,,,,,,,,,,,,,,,,,,,,,,,,,,,,,,,,,,
A7LJQ4,,,,,,,,,,,,,,,,,,,,,,,,,,,,,,,,,,,,,,
A9C9D3,,,,,,,,,,,,,,,,,,,,,,,,,,,,,,,,,,,,,,
B2VMA8,,,,,,,,,,,,,,,,,,,,,,,,,,,,,,,,,,,,,,
B4URR2,,,,,,,,,,,,,,,,,,,,,,,,,,,,,,,,,,,,,,
Q38211,65,Q38211,,Viruses,Enterobacteria phage f1,10863,Escherichia coli,562,,,,,,,47,64,ECO:0000256,,,,,,,,,,,,,,,,,,,,,
B1GS59,146,B1GS59,,Viruses,Salmonella phage Vi II-E1,424716,,,,,,,,,12,37,ECO:0000256,49,66,ECO:0000256,73,93,ECO:0000256,105,125,ECO:0000256,,,,,,,,,,,,
A3DRU5,,,,,,,,,,,,,,,,,,,,,,,,,,,,,,,,,,,,,,
A2CGW2,,,,,,,,,,,,,,,,,,,,,,,,,,,,,,,,,,,,,,
Q4A2U1,2873,Q4A2U1,,Viruses,Emiliania huxleyi virus 86 (isolate United Kingdom/English Channel/1999),654925,Emiliania huxleyi,2903,,,,,,,2796,2817,ECO:0000256,,,,,,,,,,,,,,,,,,,,,
Q9DHG0,566,Q9DHG0,,Viruses,Influenza A virus,254398,,,,,,,,,530,554,ECO:0000256,,,,,,,,,,,,,,,,,,,,,
Q2IDE2,,,,,,,,,,,,,,,,,,,,,,,,,,,,,,,,,,,,,,
Q289Y7,,,,,,,,,,,,,,,,,,,,,,,,,,,,,,,,,,,,,,
Q00R18,,,,,,,,,,,,,,,,,,,,,,,,,,,,,,,,,,,,,,
Q0A3Y3,560,Q0A3Y3,Q6VMK0,Viruses,Influenza A virus,352515,,,,,,,,,524,549,ECO:0000256,,,,,,,,,,,,,,,,,,,,,
Q09ZN0,,,,,,,,,,,,,,,,,,,,,,,,,,,,,,,,,,,,,,
A0M7Q8,,,,,,,,,,,,,,,,,,,,,,,,,,,,,,,,,,,,,,
A4D745,,,,,,,,,,,,,,,,,,,,,,,,,,,,,,,,,,,,,,
A6M5R9,,,,,,,,,,,,,,,,,,,,,,,,,,,,,,,,,,,,,,
A7R9X3,,,,,,,,,,,,,,,,,,,,,,,,,,,,,,,,,,,,,,
A9C9A0,,,,,,,,,,,,,,,,,,,,,,,,,,,,,,,,,,,,,,
A8W8L6,,,,,,,,,,,,,,,,,,,,,,,,,,,,,,,,,,,,,,
Q5DXJ2,,,,,,,,,,,,,,,,,,,,,,,,,,,,,,,,,,,,,,
Q464A8,,,,,,,,,,,,,,,,,,,,,,,,,,,,,,,,,,,,,,
Q3M0T9,565,Q3M0T9,,Viruses,Influenza A virus,327172,,,,,,,,,530,553,ECO:0000256,,,,,,,,,,,,,,,,,,,,,
Q1WQ22,,,,,,,,,,,,,,,,,,,,,,,,,,,,,,,,,,,,,,
Q15LC4,,,,,,,,,,,,,,,,,,,,,,,,,,,,,,,,,,,,,,
A8BJ44,,,,,,,,,,,,,,,,,,,,,,,,,,,,,,,,,,,,,,
A8C0P4,,,,,,,,,,,,,,,,,,,,,,,,,,,,,,,,,,,,,,
B2VM95,,,,,,,,,,,,,,,,,,,,,,,,,,,,,,,,,,,,,,
B2ZV96,,,,,,,,,,,,,,,,,,,,,,,,,,,,,,,,,,,,,,
B4UPU7,,,,,,,,,,,,,,,,,,,,,,,,,,,,,,,,,,,,,,
A9L8D4,,,,,,,,,,,,,,,,,,,,,,,,,,,,,,,,,,,,,,
B5SN60,,,,,,,,,,,,,,,,,,,,,,,,,,,,,,,,,,,,,,
Q67010,565,Q67010,,Viruses,Influenza A virus,382845,,,,,,,,,530,553,ECO:0000256,,,,,,,,,,,,,,,,,,,,,
A3DS77,,,,,,,,,,,,,,,,,,,,,,,,,,,,,,,,,,,,,,
A4D6H5,,,,,,,,,,,,,,,,,,,,,,,,,,,,,,,,,,,,,,
A8BSV2,,,,,,,,,,,,,,,,,,,,,,,,,,,,,,,,,,,,,,
B1MPJ1,,,,,,,,,,,,,,,,,,,,,,,,,,,,,,,,,,,,,,
B5FVX7,,,,,,,,,,,,,,,,,,,,,,,,,,,,,,,,,,,,,,
B3RE39,,,,,,,,,,,,,,,,,,,,,,,,,,,,,,,,,,,,,,
A9L8H8,,,,,,,,,,,,,,,,,,,,,,,,,,,,,,,,,,,,,,
Q8QKV0,393,Q8QKV0,,Viruses,Ectocarpus siliculosus virus 1 (isolate New Zealand/Kaikoura/1988),654926,Ectocarpus siliculosus,2880,,,,,,,,,,,,,,,,,,,,,,,,,,,,,,
Q4A2A9,198,Q4A2A9,,Viruses,Emiliania huxleyi virus 86 (isolate United Kingdom/English Channel/1999),654925,Emiliania huxleyi,2903,,,,,,,6,25,ECO:0000256,,,,,,,,,,,,,,,,,,,,,
Q2RD65,,,,,,,,,,,,,,,,,,,,,,,,,,,,,,,,,,,,,,
Q289S1,,,,,,,,,,,,,,,,,,,,,,,,,,,,,,,,,,,,,,
Q30NC0,,,,,,,,,,,,,,,,,,,,,,,,,,,,,,,,,,,,,,
Q0RA00,,,,,,,,,,,,,,,,,,,,,,,,,,,,,,,,,,,,,,
A1BL30,,,,,,,,,,,,,,,,,,,,,,,,,,,,,,,,,,,,,,
A8BSQ9,,,,,,,,,,,,,,,,,,,,,,,,,,,,,,,,,,,,,,
B2KHQ0,,,,,,,,,,,,,,,,,,,,,,,,,,,,,,,,,,,,,,
Q4A257,319,Q4A257,,Viruses,Emiliania huxleyi virus 86 (isolate United Kingdom/English Channel/1999),654925,Emiliania huxleyi,2903,,,,,,,,,,,,,,,,,,,,,,,,,,,,,,
Q38TM7,,,,,,,,,,,,,,,,,,,,,,,,,,,,,,,,,,,,,,
Q289Z8,,,,,,,,,,,,,,,,,,,,,,,,,,,,,,,,,,,,,,
Q07EC9,,,,,,,,,,,,,,,,,,,,,,,,,,,,,,,,,,,,,,
A4D687,,,,,,,,,,,,,,,,,,,,,,,,,,,,,,,,,,,,,,
A7IRR1,,,,,,,,,,,,,,,,,,,,,,,,,,,,,,,,,,,,,,
A8C3S6,,,,,,,,,,,,,,,,,,,,,,,,,,,,,,,,,,,,,,
A8W894,,,,,,,,,,,,,,,,,,,,,,,,,,,,,,,,,,,,,,
B2VME4,,,,,,,,,,,,,,,,,,,,,,,,,,,,,,,,,,,,,,
B5FW01,,,,,,,,,,,,,,,,,,,,,,,,,,,,,,,,,,,,,,
Q6XU65,,,,,,,,,,,,,,,,,,,,,,,,,,,,,,,,,,,,,,
Q0R8Y7,,,,,,,,,,,,,,,,,,,,,,,,,,,,,,,,,,,,,,
A6M5J2,,,,,,,,,,,,,,,,,,,,,,,,,,,,,,,,,,,,,,
A8BIU8,,,,,,,,,,,,,,,,,,,,,,,,,,,,,,,,,,,,,,
A9C8E3,,,,,,,,,,,,,,,,,,,,,,,,,,,,,,,,,,,,,,
B2VMG1,,,,,,,,,,,,,,,,,,,,,,,,,,,,,,,,,,,,,,
B4UPC8,,,,,,,,,,,,,,,,,,,,,,,,,,,,,,,,,,,,,,
Q9YJW5,213,Q9YJW5,,Viruses,Hepatitis B virus,10407,"Homo sapiens, Pan troglodytes","9606, 9598",,,,,,,,,,,,,,,,,,,,,,,,,,,,,,
Q7TAW9,560,Q7TAW9,,Viruses,Influenza A virus,159217,,,,,,,,,524,549,ECO:0000256,,,,,,,,,,,,,,,,,,,,,
Q289M7,565,Q289M7,,Viruses,Influenza A virus (strain A/New Zealand:South Canterbury/35/2000 H1N1),363066,"Aves, Homo sapiens, Sus scrofa","8782, 9606, 9823",1,17,ECO:0000255,,,,529,549,ECO:0000255,,,,,,,,,,,,,,,,,,,,,
A4GB52,,,,,,,,,,,,,,,,,,,,,,,,,,,,,,,,,,,,,,
A8BJK8,,,,,,,,,,,,,,,,,,,,,,,,,,,,,,,,,,,,,,
A8BP34,,,,,,,,,,,,,,,,,,,,,,,,,,,,,,,,,,,,,,
A7IR30,,,,,,,,,,,,,,,,,,,,,,,,,,,,,,,,,,,,,,
A9C5Q9,,,,,,,,,,,,,,,,,,,,,,,,,,,,,,,,,,,,,,
B0KVY5,,,,,,,,,,,,,,,,,,,,,,,,,,,,,,,,,,,,,,
B3REC7,,,,,,,,,,,,,,,,,,,,,,,,,,,,,,,,,,,,,,
Q88444,,,,,,,,,,,,,,,,,,,,,,,,,,,,,,,,,,,,,,
P87698,771,P87698,,Viruses,Foot-and-mouth disease virus serotype Asia-1,110195,,,,,,,,,,,,,,,,,,,,,,,,,,,,,,,,
Q463U2,,,,,,,,,,,,,,,,,,,,,,,,,,,,,,,,,,,,,,
Q5DXY2,,,,,,,,,,,,,,,,,,,,,,,,,,,,,,,,,,,,,,
A4Z3P9,,,,,,,,,,,,,,,,,,,,,,,,,,,,,,,,,,,,,,
A7IRN9,,,,,,,,,,,,,,,,,,,,,,,,,,,,,,,,,,,,,,
A8W8E2,,,,,,,,,,,,,,,,,,,,,,,,,,,,,,,,,,,,,,
A9X0X5,,,,,,,,,,,,,,,,,,,,,,,,,,,,,,,,,,,,,,
Q9PZG1,,,,,,,,,,,,,,,,,,,,,,,,,,,,,,,,,,,,,,
Q4A3C4,114,Q4A3C4,,Viruses,Emiliania huxleyi virus 86 (isolate United Kingdom/English Channel/1999),654925,Emiliania huxleyi,2903,,,,,,,7,29,ECO:0000256,35,55,ECO:0000256,,,,,,,,,,,,,,,,,,
Q1WPV6,,,,,,,,,,,,,,,,,,,,,,,,,,,,,,,,,,,,,,
A0M8D9,,,,,,,,,,,,,,,,,,,,,,,,,,,,,,,,,,,,,,
A6M8B5,,,,,,,,,,,,,,,,,,,,,,,,,,,,,,,,,,,,,,
A4U605,,,,,,,,,,,,,,,,,,,,,,,,,,,,,,,,,,,,,,
A9C8N1,,,,,,,,,,,,,,,,,,,,,,,,,,,,,,,,,,,,,,
B0VX48,,,,,,,,,,,,,,,,,,,,,,,,,,,,,,,,,,,,,,
B3EVP7,,,,,,,,,,,,,,,,,,,,,,,,,,,,,,,,,,,,,,
B2VMB5,,,,,,,,,,,,,,,,,,,,,,,,,,,,,,,,,,,,,,
B4URV6,,,,,,,,,,,,,,,,,,,,,,,,,,,,,,,,,,,,,,
B6JS47,,,,,,,,,,,,,,,,,,,,,,,,,,,,,,,,,,,,,,
B5SMQ3,,,,,,,,,,,,,,,,,,,,,,,,,,,,,,,,,,,,,,
Q67096,344,Q67096,,Viruses,Influenza A virus,387174,,,,,,,,,,,,,,,,,,,,,,,,,,,,,,,,
Q4JRZ5,,,,,,,,,,,,,,,,,,,,,,,,,,,,,,,,,,,,,,
Q3YPW2,,,,,,,,,,,,,,,,,,,,,,,,,,,,,,,,,,,,,,
A8C7X9,,,,,,,,,,,,,,,,,,,,,,,,,,,,,,,,,,,,,,
Q2LND5,,,,,,,,,,,,,,,,,,,,,,,,,,,,,,,,,,,,,,
Q2Y422,,,,,,,,,,,,,,,,,,,,,,,,,,,,,,,,,,,,,,
Q0R9Y9,,,,,,,,,,,,,,,,,,,,,,,,,,,,,,,,,,,,,,
A8C6V9,,,,,,,,,,,,,,,,,,,,,,,,,,,,,,,,,,,,,,
A9C641,,,,,,,,,,,,,,,,,,,,,,,,,,,,,,,,,,,,,,
B2VLX0,,,,,,,,,,,,,,,,,,,,,,,,,,,,,,,,,,,,,,
B2B8X5,,,,,,,,,,,,,,,,,,,,,,,,,,,,,,,,,,,,,,
B4UP84,,,,,,,,,,,,,,,,,,,,,,,,,,,,,,,,,,,,,,
B5FVT3,,,,,,,,,,,,,,,,,,,,,,,,,,,,,,,,,,,,,,
B4UPU8,,,,,,,,,,,,,,,,,,,,,,,,,,,,,,,,,,,,,,
Q85296,263,Q85296,,Viruses,Myxoma virus,10273,,,,,,,,,,,,,,,,,,,,,,,,,,,,,,,,
Q3IAF5,,,,,,,,,,,,,,,,,,,,,,,,,,,,,,,,,,,,,,
Q1WP20,,,,,,,,,,,,,,,,,,,,,,,,,,,,,,,,,,,,,,
Q15LD5,,,,,,,,,,,,,,,,,,,,,,,,,,,,,,,,,,,,,,
A7RA06,,,,,,,,,,,,,,,,,,,,,,,,,,,,,,,,,,,,,,
A8W8B3,,,,,,,,,,,,,,,,,,,,,,,,,,,,,,,,,,,,,,
B1MPM1,,,,,,,,,,,,,,,,,,,,,,,,,,,,,,,,,,,,,,
B6JS82,,,,,,,,,,,,,,,,,,,,,,,,,,,,,,,,,,,,,,
Q52JW8,,,,,,,,,,,,,,,,,,,,,,,,,,,,,,,,,,,,,,
Q2ICA6,,,,,,,,,,,,,,,,,,,,,,,,,,,,,,,,,,,,,,
Q38SP7,,,,,,,,,,,,,,,,,,,,,,,,,,,,,,,,,,,,,,
A4K1Z0,,,,,,,,,,,,,,,,,,,,,,,,,,,,,,,,,,,,,,
A8C4E9,,,,,,,,,,,,,,,,,,,,,,,,,,,,,,,,,,,,,,
A9C765,,,,,,,,,,,,,,,,,,,,,,,,,,,,,,,,,,,,,,
B2B8K4,,,,,,,,,,,,,,,,,,,,,,,,,,,,,,,,,,,,,,
B6JRJ5,,,,,,,,,,,,,,,,,,,,,,,,,,,,,,,,,,,,,,
Q3YPR8,,,,,,,,,,,,,,,,,,,,,,,,,,,,,,,,,,,,,,
Q2FCD8,,,,,,,,,,,,,,,,,,,,,,,,,,,,,,,,,,,,,,
Q2REQ5,,,,,,,,,,,,,,,,,,,,,,,,,,,,,,,,,,,,,,
Q0R7U1,,,,,,,,,,,,,,,,,,,,,,,,,,,,,,,,,,,,,,
Q07FP0,,,,,,,,,,,,,,,,,,,,,,,,,,,,,,,,,,,,,,
A8AS90,,,,,,,,,,,,,,,,,,,,,,,,,,,,,,,,,,,,,,
A8C897,,,,,,,,,,,,,,,,,,,,,,,,,,,,,,,,,,,,,,
B4UPN3,,,,,,,,,,,,,,,,,,,,,,,,,,,,,,,,,,,,,,
B6JS21,,,,,,,,,,,,,,,,,,,,,,,,,,,,,,,,,,,,,,
Q98VG3,697,P81780,"Q98VG3, Q9Q0B8",Viruses,Human herpesvirus 2 (strain B4327UR),103921,Homo sapiens,9606,1,22,ECO:0000269,,,,649,669,ECO:0000255,,,,,,,,,,,,,,,,,,,,,
O09642,531,O09642,,Viruses,Influenza A virus,380350,,,,,,,,,,,,,,,,,,,,,,,,,,,,,,,,
Q1WQQ3,,,,,,,,,,,,,,,,,,,,,,,,,,,,,,,,,,,,,,
Q30NP0,,,,,,,,,,,,,,,,,,,,,,,,,,,,,,,,,,,,,,
A4K187,,,,,,,,,,,,,,,,,,,,,,,,,,,,,,,,,,,,,,
A8C4T9,,,,,,,,,,,,,,,,,,,,,,,,,,,,,,,,,,,,,,
B0VVJ7,,,,,,,,,,,,,,,,,,,,,,,,,,,,,,,,,,,,,,
B3RE17,,,,,,,,,,,,,,,,,,,,,,,,,,,,,,,,,,,,,,
B5FVU4,,,,,,,,,,,,,,,,,,,,,,,,,,,,,,,,,,,,,,
A9RA50,,,,,,,,,,,,,,,,,,,,,,,,,,,,,,,,,,,,,,
A9X0A3,,,,,,,,,,,,,,,,,,,,,,,,,,,,,,,,,,,,,,
Q6XU85,,,,,,,,,,,,,,,,,,,,,,,,,,,,,,,,,,,,,,
Q20MY3,,,,,,,,,,,,,,,,,,,,,,,,,,,,,,,,,,,,,,
Q38T95,,,,,,,,,,,,,,,,,,,,,,,,,,,,,,,,,,,,,,
Q00QM5,,,,,,,,,,,,,,,,,,,,,,,,,,,,,,,,,,,,,,
A4GAS0,,,,,,,,,,,,,,,,,,,,,,,,,,,,,,,,,,,,,,
A8BYI9,,,,,,,,,,,,,,,,,,,,,,,,,,,,,,,,,,,,,,
A9C4F8,,,,,,,,,,,,,,,,,,,,,,,,,,,,,,,,,,,,,,
A9C7V6,,,,,,,,,,,,,,,,,,,,,,,,,,,,,,,,,,,,,,
B0VVW3,,,,,,,,,,,,,,,,,,,,,,,,,,,,,,,,,,,,,,
B2VM03,,,,,,,,,,,,,,,,,,,,,,,,,,,,,,,,,,,,,,
B5FW13,,,,,,,,,,,,,,,,,,,,,,,,,,,,,,,,,,,,,,
Q85611,544,Q85611,,Viruses,Human T-cell leukemia virus type I,11908,,,,,,,,,,,,,,,,,,,,,,,,,,,,,,,,
A9WZP4,,,,,,,,,,,,,,,,,,,,,,,,,,,,,,,,,,,,,,
Q2REC5,,,,,,,,,,,,,,,,,,,,,,,,,,,,,,,,,,,,,,
Q2RCD5,,,,,,,,,,,,,,,,,,,,,,,,,,,,,,,,,,,,,,
Q0A045,,,,,,,,,,,,,,,,,,,,,,,,,,,,,,,,,,,,,,
A4K234,,,,,,,,,,,,,,,,,,,,,,,,,,,,,,,,,,,,,,
A6M7Y3,,,,,,,,,,,,,,,,,,,,,,,,,,,,,,,,,,,,,,
A9C7J7,,,,,,,,,,,,,,,,,,,,,,,,,,,,,,,,,,,,,,
B4URT4,,,,,,,,,,,,,,,,,,,,,,,,,,,,,,,,,,,,,,
B6JRC2,,,,,,,,,,,,,,,,,,,,,,,,,,,,,,,,,,,,,,
B6JSQ6,,,,,,,,,,,,,,,,,,,,,,,,,,,,,,,,,,,,,,
Q66187,537,Q66187,,Viruses,Infectious bronchitis virus,11120,,,,,,,,,,,,,,,,,,,,,,,,,,,,,,,,
Q464L8,,,,,,,,,,,,,,,,,,,,,,,,,,,,,,,,,,,,,,
Q0R7N6,,,,,,,,,,,,,,,,,,,,,,,,,,,,,,,,,,,,,,
Q0A4B8,,,,,,,,,,,,,,,,,,,,,,,,,,,,,,,,,,,,,,
Q0A0B1,,,,,,,,,,,,,,,,,,,,,,,,,,,,,,,,,,,,,,
A0M8I3,,,,,,,,,,,,,,,,,,,,,,,,,,,,,,,,,,,,,,
A0RT83,,,,,,,,,,,,,,,,,,,,,,,,,,,,,,,,,,,,,,
B4URU5,,,,,,,,,,,,,,,,,,,,,,,,,,,,,,,,,,,,,,
B5FVU7,,,,,,,,,,,,,,,,,,,,,,,,,,,,,,,,,,,,,,
Q07780,344,Q07780,,Viruses,Influenza A virus,387184,,,,,,,,,,,,,,,,,,,,,,,,,,,,,,,,
Q67122,344,Q67122,,Viruses,Influenza A virus,387175,,,,,,,,,,,,,,,,,,,,,,,,,,,,,,,,
Q6XU51,,,,,,,,,,,,,,,,,,,,,,,,,,,,,,,,,,,,,,
Q1I2B9,,,,,,,,,,,,,,,,,,,,,,,,,,,,,,,,,,,,,,
Q2RCN5,,,,,,,,,,,,,,,,,,,,,,,,,,,,,,,,,,,,,,
Q0A3I8,,,,,,,,,,,,,,,,,,,,,,,,,,,,,,,,,,,,,,
Q09Z54,,,,,,,,,,,,,,,,,,,,,,,,,,,,,,,,,,,,,,
A4GC76,,,,,,,,,,,,,,,,,,,,,,,,,,,,,,,,,,,,,,
B2ZVQ8,,,,,,,,,,,,,,,,,,,,,,,,,,,,,,,,,,,,,,
B3REW4,,,,,,,,,,,,,,,,,,,,,,,,,,,,,,,,,,,,,,
Q6XU72,,,,,,,,,,,,,,,,,,,,,,,,,,,,,,,,,,,,,,
Q4ZKV7,,,,,,,,,,,,,,,,,,,,,,,,,,,,,,,,,,,,,,
Q464R2,,,,,,,,,,,,,,,,,,,,,,,,,,,,,,,,,,,,,,
Q20MV0,,,,,,,,,,,,,,,,,,,,,,,,,,,,,,,,,,,,,,
Q2RE25,,,,,,,,,,,,,,,,,,,,,,,,,,,,,,,,,,,,,,
A1BKK4,,,,,,,,,,,,,,,,,,,,,,,,,,,,,,,,,,,,,,
A4K176,,,,,,,,,,,,,,,,,,,,,,,,,,,,,,,,,,,,,,
A4GBX7,566,A4GBX7,,Viruses,Influenza A virus (strain A/Brazil/11/1978 H1N1),393560,"Aves, Homo sapiens, Sus scrofa","8782, 9606, 9823",1,17,ECO:0000255,,,,530,550,ECO:0000255,,,,,,,,,,,,,,,,,,,,,
A8BIZ3,,,,,,,,,,,,,,,,,,,,,,,,,,,,,,,,,,,,,,
A8C1E2,,,,,,,,,,,,,,,,,,,,,,,,,,,,,,,,,,,,,,
B3EVN6,,,,,,,,,,,,,,,,,,,,,,,,,,,,,,,,,,,,,,
B2VMD9,,,,,,,,,,,,,,,,,,,,,,,,,,,,,,,,,,,,,,
B6JT19,,,,,,,,,,,,,,,,,,,,,,,,,,,,,,,,,,,,,,
Q88514,262,Q88514,,Viruses,Transmissible gastroenteritis virus,11149,,,,,,,,,52,71,ECO:0000256,78,101,ECO:0000256,113,134,ECO:0000256,,,,,,,,,,,,,,,
Q00R84,,,,,,,,,,,,,,,,,,,,,,,,,,,,,,,,,,,,,,
Q15M05,,,,,,,,,,,,,,,,,,,,,,,,,,,,,,,,,,,,,,
A4D6X9,,,,,,,,,,,,,,,,,,,,,,,,,,,,,,,,,,,,,,
B2VM62,,,,,,,,,,,,,,,,,,,,,,,,,,,,,,,,,,,,,,
B4UR04,566,B4UR04,,Viruses,Influenza A virus,506391,,,,,,,,,530,554,ECO:0000256,,,,,,,,,,,,,,,,,,,,,
Q84175,273,Q84175,,Viruses,Bracoviriform congregatae,39640,,,,,,,,,,,,,,,,,,,,,,,,,,,,,,,,
Q2LN12,,,,,,,,,,,,,,,,,,,,,,,,,,,,,,,,,,,,,,
Q15KP3,,,,,,,,,,,,,,,,,,,,,,,,,,,,,,,,,,,,,,
Q09ZC0,,,,,,,,,,,,,,,,,,,,,,,,,,,,,,,,,,,,,,
A8AS35,,,,,,,,,,,,,,,,,,,,,,,,,,,,,,,,,,,,,,
A8BFY4,,,,,,,,,,,,,,,,,,,,,,,,,,,,,,,,,,,,,,
A9C989,,,,,,,,,,,,,,,,,,,,,,,,,,,,,,,,,,,,,,
A8W8J6,,,,,,,,,,,,,,,,,,,,,,,,,,,,,,,,,,,,,,
B5FVT8,,,,,,,,,,,,,,,,,,,,,,,,,,,,,,,,,,,,,,
A9X0G0,,,,,,,,,,,,,,,,,,,,,,,,,,,,,,,,,,,,,,
Q8QKV2,695,Q8QKV2,,Viruses,Ectocarpus siliculosus virus 1 (isolate New Zealand/Kaikoura/1988),654926,Ectocarpus siliculosus,2880,,,,,,,,,,,,,,,,,,,,,,,,,,,,,,
Q4ZK37,,,,,,,,,,,,,,,,,,,,,,,,,,,,,,,,,,,,,,
Q20NJ5,,,,,,,,,,,,,,,,,,,,,,,,,,,,,,,,,,,,,,
Q1I1S1,,,,,,,,,,,,,,,,,,,,,,,,,,,,,,,,,,,,,,
Q2ICS1,,,,,,,,,,,,,,,,,,,,,,,,,,,,,,,,,,,,,,
A8C365,,,,,,,,,,,,,,,,,,,,,,,,,,,,,,,,,,,,,,
A8W8M0,,,,,,,,,,,,,,,,,,,,,,,,,,,,,,,,,,,,,,
A9C913,,,,,,,,,,,,,,,,,,,,,,,,,,,,,,,,,,,,,,
B0VVT0,,,,,,,,,,,,,,,,,,,,,,,,,,,,,,,,,,,,,,
B2VMD4,,,,,,,,,,,,,,,,,,,,,,,,,,,,,,,,,,,,,,
B2KHI4,,,,,,,,,,,,,,,,,,,,,,,,,,,,,,,,,,,,,,
Q4A218,303,Q4A218,,Viruses,Emiliania huxleyi virus 86 (isolate United Kingdom/English Channel/1999),654925,Emiliania huxleyi,2903,,,,,,,113,132,ECO:0000256,,,,,,,,,,,,,,,,,,,,,
Q58B60,,,,,,,,,,,,,,,,,,,,,,,,,,,,,,,,,,,,,,
Q288Q9,,,,,,,,,,,,,,,,,,,,,,,,,,,,,,,,,,,,,,
Q1PT49,,,,,,,,,,,,,,,,,,,,,,,,,,,,,,,,,,,,,,
Q00PL2,,,,,,,,,,,,,,,,,,,,,,,,,,,,,,,,,,,,,,
Q09ZG4,,,,,,,,,,,,,,,,,,,,,,,,,,,,,,,,,,,,,,
Q07FB9,,,,,,,,,,,,,,,,,,,,,,,,,,,,,,,,,,,,,,
Q0Z7B2,343,Q0Z7B2,,Viruses,Influenza A virus,385595,,,,,,,,,,,,,,,,,,,,,,,,,,,,,,,,
A9C866,,,,,,,,,,,,,,,,,,,,,,,,,,,,,,,,,,,,,,
A9C946,,,,,,,,,,,,,,,,,,,,,,,,,,,,,,,,,,,,,,
B3RE28,,,,,,,,,,,,,,,,,,,,,,,,,,,,,,,,,,,,,,
B5SNG9,568,B5SNG9,,Viruses,Influenza A virus,558392,,,,,,,,,533,555,ECO:0000256,,,,,,,,,,,,,,,,,,,,,
Q9Q0I7,,,,,,,,,,,,,,,,,,,,,,,,,,,,,,,,,,,,,,
Q9DHH9,156,Q9DHH9,,Viruses,Yaba-like disease virus,132475,"Homo sapiens, Simiiformes","9606, 314293",,,,,,,,,,,,,,,,,,,,,,,,,,,,,,
Q1AR45,,,,,,,,,,,,,,,,,,,,,,,,,,,,,,,,,,,,,,
Q0R9U5,,,,,,,,,,,,,,,,,,,,,,,,,,,,,,,,,,,,,,
Q0A257,,,,,,,,,,,,,,,,,,,,,,,,,,,,,,,,,,,,,,
Q0Z7B3,344,Q0Z7B3,,Viruses,Influenza A virus,385595,,,,,,,,,,,,,,,,,,,,,,,,,,,,,,,,
Q0HBY1,,,,,,,,,,,,,,,,,,,,,,,,,,,,,,,,,,,,,,
A8W8L5,,,,,,,,,,,,,,,,,,,,,,,,,,,,,,,,,,,,,,
A9C800,,,,,,,,,,,,,,,,,,,,,,,,,,,,,,,,,,,,,,
B0KW18,,,,,,,,,,,,,,,,,,,,,,,,,,,,,,,,,,,,,,
B3EVF9,,,,,,,,,,,,,,,,,,,,,,,,,,,,,,,,,,,,,,
B6JRR2,,,,,,,,,,,,,,,,,,,,,,,,,,,,,,,,,,,,,,
Q87085,22,Q87085,,Viruses,Suid herpesvirus 1,10345,,,,,,,,,,,,,,,,,,,,,,,,,,,,,,,,
Q6XU83,,,,,,,,,,,,,,,,,,,,,,,,,,,,,,,,,,,,,,
Q4U7P7,,,,,,,,,,,,,,,,,,,,,,,,,,,,,,,,,,,,,,
Q58C90,,,,,,,,,,,,,,,,,,,,,,,,,,,,,,,,,,,,,,
Q2VNA2,,,,,,,,,,,,,,,,,,,,,,,,,,,,,,,,,,,,,,
Q2ICZ8,,,,,,,,,,,,,,,,,,,,,,,,,,,,,,,,,,,,,,
Q20WD6,,,,,,,,,,,,,,,,,,,,,,,,,,,,,,,,,,,,,,
Q38U09,,,,,,,,,,,,,,,,,,,,,,,,,,,,,,,,,,,,,,
Q2Y477,,,,,,,,,,,,,,,,,,,,,,,,,,,,,,,,,,,,,,
Q0R6Z4,,,,,,,,,,,,,,,,,,,,,,,,,,,,,,,,,,,,,,
Q09ZT5,,,,,,,,,,,,,,,,,,,,,,,,,,,,,,,,,,,,,,
Q0P2J2,,,,,,,,,,,,,,,,,,,,,,,,,,,,,,,,,,,,,,
A7IS43,,,,,,,,,,,,,,,,,,,,,,,,,,,,,,,,,,,,,,
B3EV38,,,,,,,,,,,,,,,,,,,,,,,,,,,,,,,,,,,,,,
B2ZV82,,,,,,,,,,,,,,,,,,,,,,,,,,,,,,,,,,,,,,
B6A6F9,,,,,,,,,,,,,,,,,,,,,,,,,,,,,,,,,,,,,,
B5SNG5,568,B5SNG5,,Viruses,Influenza A virus,558391,,,,,,,,,533,555,ECO:0000256,,,,,,,,,,,,,,,,,,,,,
Q4A213,170,Q4A213,,Viruses,Emiliania huxleyi virus 86 (isolate United Kingdom/English Channel/1999),654925,Emiliania huxleyi,2903,,,,,,,6,26,ECO:0000256,38,58,ECO:0000256,64,82,ECO:0000256,144,167,ECO:0000256,,,,,,,,,,,,
Q1PU73,,,,,,,,,,,,,,,,,,,,,,,,,,,,,,,,,,,,,,
Q0R8V4,,,,,,,,,,,,,,,,,,,,,,,,,,,,,,,,,,,,,,
Q0A366,,,,,,,,,,,,,,,,,,,,,,,,,,,,,,,,,,,,,,
Q10U72,,,,,,,,,,,,,,,,,,,,,,,,,,,,,,,,,,,,,,
A8C3L1,,,,,,,,,,,,,,,,,,,,,,,,,,,,,,,,,,,,,,
A8C5I1,,,,,,,,,,,,,,,,,,,,,,,,,,,,,,,,,,,,,,
A8C7Z0,,,,,,,,,,,,,,,,,,,,,,,,,,,,,,,,,,,,,,
A9C6U4,,,,,,,,,,,,,,,,,,,,,,,,,,,,,,,,,,,,,,
B1MPJ6,,,,,,,,,,,,,,,,,,,,,,,,,,,,,,,,,,,,,,
B2VMF9,,,,,,,,,,,,,,,,,,,,,,,,,,,,,,,,,,,,,,
B6JS42,,,,,,,,,,,,,,,,,,,,,,,,,,,,,,,,,,,,,,
Q84076,366,Q84076,,Viruses,Influenza B virus,11520,Homo sapiens,9606,,,,,,,,,,,,,,,,,,,,,,,,,,,,,,
Q5DXW2,,,,,,,,,,,,,,,,,,,,,,,,,,,,,,,,,,,,,,
Q4JRW5,,,,,,,,,,,,,,,,,,,,,,,,,,,,,,,,,,,,,,
Q2IC73,,,,,,,,,,,,,,,,,,,,,,,,,,,,,,,,,,,,,,
Q289W5,,,,,,,,,,,,,,,,,,,,,,,,,,,,,,,,,,,,,,
Q30NE2,,,,,,,,,,,,,,,,,,,,,,,,,,,,,,,,,,,,,,
Q0A012,,,,,,,,,,,,,,,,,,,,,,,,,,,,,,,,,,,,,,
A0RSD6,,,,,,,,,,,,,,,,,,,,,,,,,,,,,,,,,,,,,,
B0KVR9,,,,,,,,,,,,,,,,,,,,,,,,,,,,,,,,,,,,,,
B2B8N7,,,,,,,,,,,,,,,,,,,,,,,,,,,,,,,,,,,,,,
Q67091,357,Q67091,,Viruses,Influenza A virus,260808,,,,,,,,,,,,,,,,,,,,,,,,,,,,,,,,
Q8QKW1,176,Q8QKW1,,Viruses,Ectocarpus siliculosus virus 1 (isolate New Zealand/Kaikoura/1988),654926,Ectocarpus siliculosus,2880,,,,,,,,,,,,,,,,,,,,,,,,,,,,,,
Q4Q050,,,,,,,,,,,,,,,,,,,,,,,,,,,,,,,,,,,,,,
Q4A2H0,86,Q4A2H0,,Viruses,Emiliania huxleyi virus 86 (isolate United Kingdom/English Channel/1999),654925,Emiliania huxleyi,2903,,,,,,,,,,,,,,,,,,,,,,,,,,,,,,
Q20VQ2,,,,,,,,,,,,,,,,,,,,,,,,,,,,,,,,,,,,,,
Q2RC45,,,,,,,,,,,,,,,,,,,,,,,,,,,,,,,,,,,,,,
Q1WQH6,,,,,,,,,,,,,,,,,,,,,,,,,,,,,,,,,,,,,,
Q38T84,,,,,,,,,,,,,,,,,,,,,,,,,,,,,,,,,,,,,,
Q0R6T9,,,,,,,,,,,,,,,,,,,,,,,,,,,,,,,,,,,,,,
Q06Y10,1355,Q06Y10,,Viruses,Human coronavirus NL63,277944,Homo sapiens,9606,,,,,,,1296,1315,ECO:0000256,,,,,,,,,,,,,,,,,,,,,
A8BKU7,,,,,,,,,,,,,,,,,,,,,,,,,,,,,,,,,,,,,,
A9C594,,,,,,,,,,,,,,,,,,,,,,,,,,,,,,,,,,,,,,
A9C6Q0,,,,,,,,,,,,,,,,,,,,,,,,,,,,,,,,,,,,,,
B2VM37,,,,,,,,,,,,,,,,,,,,,,,,,,,,,,,,,,,,,,
B4USF4,,,,,,,,,,,,,,,,,,,,,,,,,,,,,,,,,,,,,,
B5FW10,,,,,,,,,,,,,,,,,,,,,,,,,,,,,,,,,,,,,,
Q4A2A5,105,Q4A2A5,,Viruses,Emiliania huxleyi virus 86 (isolate United Kingdom/English Channel/1999),654925,Emiliania huxleyi,2903,,,,,,,6,28,ECO:0000256,,,,,,,,,,,,,,,,,,,,,
Q38SE8,,,,,,,,,,,,,,,,,,,,,,,,,,,,,,,,,,,,,,
Q30NK7,,,,,,,,,,,,,,,,,,,,,,,,,,,,,,,,,,,,,,
Q0P1Y3,,,,,,,,,,,,,,,,,,,,,,,,,,,,,,,,,,,,,,
A6M7N4,,,,,,,,,,,,,,,,,,,,,,,,,,,,,,,,,,,,,,
A8W8I2,,,,,,,,,,,,,,,,,,,,,,,,,,,,,,,,,,,,,,
B0VVK3,,,,,,,,,,,,,,,,,,,,,,,,,,,,,,,,,,,,,,
B2VM60,,,,,,,,,,,,,,,,,,,,,,,,,,,,,,,,,,,,,,
B5FVV2,,,,,,,,,,,,,,,,,,,,,,,,,,,,,,,,,,,,,,
Q4A3A0,190,Q4A3A0,,Viruses,Emiliania huxleyi virus 86 (isolate United Kingdom/English Channel/1999),654925,Emiliania huxleyi,2903,,,,,,,5,22,ECO:0000256,29,47,ECO:0000256,101,118,ECO:0000256,130,152,ECO:0000256,158,181,ECO:0000256,,,,,,,,,
Q2Y397,,,,,,,,,,,,,,,,,,,,,,,,,,,,,,,,,,,,,,
Q15MA4,,,,,,,,,,,,,,,,,,,,,,,,,,,,,,,,,,,,,,
Q1I1M7,,,,,,,,,,,,,,,,,,,,,,,,,,,,,,,,,,,,,,
Q10UL5,,,,,,,,,,,,,,,,,,,,,,,,,,,,,,,,,,,,,,
B2VLW4,,,,,,,,,,,,,,,,,,,,,,,,,,,,,,,,,,,,,,
B2VNQ0,,,,,,,,,,,,,,,,,,,,,,,,,,,,,,,,,,,,,,
B2KH08,,,,,,,,,,,,,,,,,,,,,,,,,,,,,,,,,,,,,,
B4UNF2,,,,,,,,,,,,,,,,,,,,,,,,,,,,,,,,,,,,,,
B6JTQ2,,,,,,,,,,,,,,,,,,,,,,,,,,,,,,,,,,,,,,
A9L846,,,,,,,,,,,,,,,,,,,,,,,,,,,,,,,,,,,,,,
Q20NJ0,564,Q20NJ0,,Viruses,Influenza A virus (strain A/Ruddy Turnstone/New Jersey/47/1985 H4N6),380343,"Aves, Sus scrofa","8782, 9823",,,,,,,528,552,ECO:0000256,,,,,,,,,,,,,,,,,,,,,
Q20M37,,,,,,,,,,,,,,,,,,,,,,,,,,,,,,,,,,,,,,
Q0RAD2,,,,,,,,,,,,,,,,,,,,,,,,,,,,,,,,,,,,,,
Q07EL7,,,,,,,,,,,,,,,,,,,,,,,,,,,,,,,,,,,,,,
A8C7N3,,,,,,,,,,,,,,,,,,,,,,,,,,,,,,,,,,,,,,
A9C5T1,,,,,,,,,,,,,,,,,,,,,,,,,,,,,,,,,,,,,,
B2VN57,,,,,,,,,,,,,,,,,,,,,,,,,,,,,,,,,,,,,,
A9WZI9,,,,,,,,,,,,,,,,,,,,,,,,,,,,,,,,,,,,,,
Q82508,562,Q82508,,Viruses,Influenza A virus,375734,,,,,,,,,526,548,ECO:0000256,,,,,,,,,,,,,,,,,,,,,
Q3IBA1,,,,,,,,,,,,,,,,,,,,,,,,,,,,,,,,,,,,,,
Q4ZK97,,,,,,,,,,,,,,,,,,,,,,,,,,,,,,,,,,,,,,
Q2IBN6,,,,,,,,,,,,,,,,,,,,,,,,,,,,,,,,,,,,,,
A4K1L9,,,,,,,,,,,,,,,,,,,,,,,,,,,,,,,,,,,,,,
A9C685,,,,,,,,,,,,,,,,,,,,,,,,,,,,,,,,,,,,,,
B1MPL7,,,,,,,,,,,,,,,,,,,,,,,,,,,,,,,,,,,,,,
B2KHF1,,,,,,,,,,,,,,,,,,,,,,,,,,,,,,,,,,,,,,
B5FVV4,,,,,,,,,,,,,,,,,,,,,,,,,,,,,,,,,,,,,,
Q6JGW3,79,Q6JGW3,,Viruses,Strawberry pallidosis-associated virus,227507,,,,,,,,,6,25,ECO:0000256,55,74,ECO:0000256,,,,,,,,,,,,,,,,,,
Q6XLV2,,,,,,,,,,,,,,,,,,,,,,,,,,,,,,,,,,,,,,
Q3IAN2,,,,,,,,,,,,,,,,,,,,,,,,,,,,,,,,,,,,,,
Q20VV9,,,,,,,,,,,,,,,,,,,,,,,,,,,,,,,,,,,,,,
Q20MK1,,,,,,,,,,,,,,,,,,,,,,,,,,,,,,,,,,,,,,
A4U649,,,,,,,,,,,,,,,,,,,,,,,,,,,,,,,,,,,,,,
A8ARV8,,,,,,,,,,,,,,,,,,,,,,,,,,,,,,,,,,,,,,
A8W8E4,,,,,,,,,,,,,,,,,,,,,,,,,,,,,,,,,,,,,,
B0VVK5,,,,,,,,,,,,,,,,,,,,,,,,,,,,,,,,,,,,,,
B0KVD8,,,,,,,,,,,,,,,,,,,,,,,,,,,,,,,,,,,,,,
Q3IAU8,,,,,,,,,,,,,,,,,,,,,,,,,,,,,,,,,,,,,,
Q15M27,,,,,,,,,,,,,,,,,,,,,,,,,,,,,,,,,,,,,,
Q09ZH5,,,,,,,,,,,,,,,,,,,,,,,,,,,,,,,,,,,,,,
Q0P1Z4,,,,,,,,,,,,,,,,,,,,,,,,,,,,,,,,,,,,,,
Q10U39,,,,,,,,,,,,,,,,,,,,,,,,,,,,,,,,,,,,,,
A4Z3N8,,,,,,,,,,,,,,,,,,,,,,,,,,,,,,,,,,,,,,
A8BQH8,,,,,,,,,,,,,,,,,,,,,,,,,,,,,,,,,,,,,,
A9C811,,,,,,,,,,,,,,,,,,,,,,,,,,,,,,,,,,,,,,
B0VVK4,,,,,,,,,,,,,,,,,,,,,,,,,,,,,,,,,,,,,,
B0VWY3,,,,,,,,,,,,,,,,,,,,,,,,,,,,,,,,,,,,,,
B2VMB9,,,,,,,,,,,,,,,,,,,,,,,,,,,,,,,,,,,,,,
B2B8M6,,,,,,,,,,,,,,,,,,,,,,,,,,,,,,,,,,,,,,
B4UPY8,,,,,,,,,,,,,,,,,,,,,,,,,,,,,,,,,,,,,,
A9WZL1,,,,,,,,,,,,,,,,,,,,,,,,,,,,,,,,,,,,,,
B6A6P7,,,,,,,,,,,,,,,,,,,,,,,,,,,,,,,,,,,,,,
Q4A304,139,Q4A304,,Viruses,Emiliania huxleyi virus 86 (isolate United Kingdom/English Channel/1999),654925,Emiliania huxleyi,2903,,,,,,,,,,,,,,,,,,,,,,,,,,,,,,
Q288X4,,,,,,,,,,,,,,,,,,,,,,,,,,,,,,,,,,,,,,
Q1I1R0,,,,,,,,,,,,,,,,,,,,,,,,,,,,,,,,,,,,,,
Q0R8M7,,,,,,,,,,,,,,,,,,,,,,,,,,,,,,,,,,,,,,
A1BLI4,,,,,,,,,,,,,,,,,,,,,,,,,,,,,,,,,,,,,,
A4U5W1,,,,,,,,,,,,,,,,,,,,,,,,,,,,,,,,,,,,,,
A9C8J8,,,,,,,,,,,,,,,,,,,,,,,,,,,,,,,,,,,,,,
B2VM29,,,,,,,,,,,,,,,,,,,,,,,,,,,,,,,,,,,,,,
B6JSM7,,,,,,,,,,,,,,,,,,,,,,,,,,,,,,,,,,,,,,
Q2VN82,,,,,,,,,,,,,,,,,,,,,,,,,,,,,,,,,,,,,,
Q2RE65,,,,,,,,,,,,,,,,,,,,,,,,,,,,,,,,,,,,,,
Q28AY9,,,,,,,,,,,,,,,,,,,,,,,,,,,,,,,,,,,,,,
Q289H2,,,,,,,,,,,,,,,,,,,,,,,,,,,,,,,,,,,,,,
Q0R6H9,,,,,,,,,,,,,,,,,,,,,,,,,,,,,,,,,,,,,,
A8W8I1,,,,,,,,,,,,,,,,,,,,,,,,,,,,,,,,,,,,,,
A9C7F3,,,,,,,,,,,,,,,,,,,,,,,,,,,,,,,,,,,,,,
B3H3A8,,,,,,,,,,,,,,,,,,,,,,,,,,,,,,,,,,,,,,
Q918Q6,566,Q918Q6,,Viruses,Influenza A virus,170503,,,,,,,,,531,554,ECO:0000256,,,,,,,,,,,,,,,,,,,,,
Q4A2F3,211,Q4A2F3,,Viruses,Emiliania huxleyi virus 86 (isolate United Kingdom/English Channel/1999),654925,Emiliania huxleyi,2903,,,,,,,6,28,ECO:0000256,,,,,,,,,,,,,,,,,,,,,
Q3YQK4,,,,,,,,,,,,,,,,,,,,,,,,,,,,,,,,,,,,,,
Q2REZ5,,,,,,,,,,,,,,,,,,,,,,,,,,,,,,,,,,,,,,
Q1AQS4,,,,,,,,,,,,,,,,,,,,,,,,,,,,,,,,,,,,,,
Q0A3P9,,,,,,,,,,,,,,,,,,,,,,,,,,,,,,,,,,,,,,
A1BKU2,,,,,,,,,,,,,,,,,,,,,,,,,,,,,,,,,,,,,,
A8BL60,,,,,,,,,,,,,,,,,,,,,,,,,,,,,,,,,,,,,,
B4UNR2,,,,,,,,,,,,,,,,,,,,,,,,,,,,,,,,,,,,,,
A9WZY2,,,,,,,,,,,,,,,,,,,,,,,,,,,,,,,,,,,,,,
Q67796,1135,Q67796,,Viruses,Orthohantavirus hantanense,3052480,,,,,,,,,482,509,ECO:0000256,627,646,ECO:0000256,1106,1129,ECO:0000256,,,,,,,,,,,,,,,
Q07779,344,Q07779,,Viruses,Influenza A virus,387171,,,,,,,,,,,,,,,,,,,,,,,,,,,,,,,,
Q28AJ6,,,,,,,,,,,,,,,,,,,,,,,,,,,,,,,,,,,,,,
Q15L25,,,,,,,,,,,,,,,,,,,,,,,,,,,,,,,,,,,,,,
Q0R931,,,,,,,,,,,,,,,,,,,,,,,,,,,,,,,,,,,,,,
A9C4W2,,,,,,,,,,,,,,,,,,,,,,,,,,,,,,,,,,,,,,
B2VLQ4,,,,,,,,,,,,,,,,,,,,,,,,,,,,,,,,,,,,,,
B4US22,,,,,,,,,,,,,,,,,,,,,,,,,,,,,,,,,,,,,,
Q8B6Z0,,,,,,,,,,,,,,,,,,,,,,,,,,,,,,,,,,,,,,
Q6XU57,,,,,,,,,,,,,,,,,,,,,,,,,,,,,,,,,,,,,,
Q3IAT7,,,,,,,,,,,,,,,,,,,,,,,,,,,,,,,,,,,,,,
Q4ZK17,,,,,,,,,,,,,,,,,,,,,,,,,,,,,,,,,,,,,,
Q4JS95,,,,,,,,,,,,,,,,,,,,,,,,,,,,,,,,,,,,,,
Q20MN4,,,,,,,,,,,,,,,,,,,,,,,,,,,,,,,,,,,,,,
Q0A2Q3,,,,,,,,,,,,,,,,,,,,,,,,,,,,,,,,,,,,,,
B2VM61,,,,,,,,,,,,,,,,,,,,,,,,,,,,,,,,,,,,,,
B2ZVR4,,,,,,,,,,,,,,,,,,,,,,,,,,,,,,,,,,,,,,
B5FW22,,,,,,,,,,,,,,,,,,,,,,,,,,,,,,,,,,,,,,
B6A649,,,,,,,,,,,,,,,,,,,,,,,,,,,,,,,,,,,,,,
Q5W334,,,,,,,,,,,,,,,,,,,,,,,,,,,,,,,,,,,,,,
Q3YQI2,,,,,,,,,,,,,,,,,,,,,,,,,,,,,,,,,,,,,,
Q58BY0,,,,,,,,,,,,,,,,,,,,,,,,,,,,,,,,,,,,,,
Q20NE4,,,,,,,,,,,,,,,,,,,,,,,,,,,,,,,,,,,,,,
Q07FR2,,,,,,,,,,,,,,,,,,,,,,,,,,,,,,,,,,,,,,
A4Z3L0,,,,,,,,,,,,,,,,,,,,,,,,,,,,,,,,,,,,,,
A8BHR5,,,,,,,,,,,,,,,,,,,,,,,,,,,,,,,,,,,,,,
A9C550,,,,,,,,,,,,,,,,,,,,,,,,,,,,,,,,,,,,,,
B1MPN5,,,,,,,,,,,,,,,,,,,,,,,,,,,,,,,,,,,,,,
B2VLV5,,,,,,,,,,,,,,,,,,,,,,,,,,,,,,,,,,,,,,
B5SN96,557,B5SN96,,Viruses,Influenza A virus,540004,,,,,,,,,526,550,ECO:0000256,,,,,,,,,,,,,,,,,,,,,
Q67103,565,Q67103,,Viruses,Influenza A virus,39129,,,,,,,,,529,553,ECO:0000256,,,,,,,,,,,,,,,,,,,,,
Q20NM7,,,,,,,,,,,,,,,,,,,,,,,,,,,,,,,,,,,,,,
Q1I253,,,,,,,,,,,,,,,,,,,,,,,,,,,,,,,,,,,,,,
Q0R7H0,,,,,,,,,,,,,,,,,,,,,,,,,,,,,,,,,,,,,,
A4K096,,,,,,,,,,,,,,,,,,,,,,,,,,,,,,,,,,,,,,
A4GBU4,,,,,,,,,,,,,,,,,,,,,,,,,,,,,,,,,,,,,,
A6M5Z6,,,,,,,,,,,,,,,,,,,,,,,,,,,,,,,,,,,,,,
A8W8F7,,,,,,,,,,,,,,,,,,,,,,,,,,,,,,,,,,,,,,
B2VLY8,,,,,,,,,,,,,,,,,,,,,,,,,,,,,,,,,,,,,,
B6JSC9,,,,,,,,,,,,,,,,,,,,,,,,,,,,,,,,,,,,,,
B6A750,,,,,,,,,,,,,,,,,,,,,,,,,,,,,,,,,,,,,,
Q67029,329,Q67029,,Viruses,Influenza A virus,382784,,,,,,,,,,,,,,,,,,,,,,,,,,,,,,,,
Q3YPQ7,,,,,,,,,,,,,,,,,,,,,,,,,,,,,,,,,,,,,,
Q2ICB7,,,,,,,,,,,,,,,,,,,,,,,,,,,,,,,,,,,,,,
Q20NH8,,,,,,,,,,,,,,,,,,,,,,,,,,,,,,,,,,,,,,
Q2LPC6,,,,,,,,,,,,,,,,,,,,,,,,,,,,,,,,,,,,,,
Q289R0,,,,,,,,,,,,,,,,,,,,,,,,,,,,,,,,,,,,,,
Q2Y3F2,,,,,,,,,,,,,,,,,,,,,,,,,,,,,,,,,,,,,,
Q1I1Z8,,,,,,,,,,,,,,,,,,,,,,,,,,,,,,,,,,,,,,
Q07F65,,,,,,,,,,,,,,,,,,,,,,,,,,,,,,,,,,,,,,
A4GC98,,,,,,,,,,,,,,,,,,,,,,,,,,,,,,,,,,,,,,
A6M7G8,,,,,,,,,,,,,,,,,,,,,,,,,,,,,,,,,,,,,,
A8AS02,,,,,,,,,,,,,,,,,,,,,,,,,,,,,,,,,,,,,,
A8HYU7,,,,,,,,,,,,,,,,,,,,,,,,,,,,,,,,,,,,,,
B2VM56,,,,,,,,,,,,,,,,,,,,,,,,,,,,,,,,,,,,,,
Q66951,1464,Q66951,,Viruses,Feline infectious peritonitis virus,11135,,,,,,,,,1406,1425,ECO:0000256,,,,,,,,,,,,,,,,,,,,,
Q4ZKH3,,,,,,,,,,,,,,,,,,,,,,,,,,,,,,,,,,,,,,
Q565I8,,,,,,,,,,,,,,,,,,,,,,,,,,,,,,,,,,,,,,
Q2ICL6,,,,,,,,,,,,,,,,,,,,,,,,,,,,,,,,,,,,,,
Q09YY8,,,,,,,,,,,,,,,,,,,,,,,,,,,,,,,,,,,,,,
Q10TK2,,,,,,,,,,,,,,,,,,,,,,,,,,,,,,,,,,,,,,
A2CGD6,,,,,,,,,,,,,,,,,,,,,,,,,,,,,,,,,,,,,,
A6M8F9,,,,,,,,,,,,,,,,,,,,,,,,,,,,,,,,,,,,,,
A4U616,,,,,,,,,,,,,,,,,,,,,,,,,,,,,,,,,,,,,,
A8C3K0,,,,,,,,,,,,,,,,,,,,,,,,,,,,,,,,,,,,,,
A9C9M1,,,,,,,,,,,,,,,,,,,,,,,,,,,,,,,,,,,,,,
B2VM41,,,,,,,,,,,,,,,,,,,,,,,,,,,,,,,,,,,,,,
B2B894,,,,,,,,,,,,,,,,,,,,,,,,,,,,,,,,,,,,,,
A9L7Q3,,,,,,,,,,,,,,,,,,,,,,,,,,,,,,,,,,,,,,
Q1WP64,,,,,,,,,,,,,,,,,,,,,,,,,,,,,,,,,,,,,,
Q0R760,,,,,,,,,,,,,,,,,,,,,,,,,,,,,,,,,,,,,,
Q10U28,,,,,,,,,,,,,,,,,,,,,,,,,,,,,,,,,,,,,,
A8W8E3,,,,,,,,,,,,,,,,,,,,,,,,,,,,,,,,,,,,,,
B4UPP0,,,,,,,,,,,,,,,,,,,,,,,,,,,,,,,,,,,,,,
B3RED8,,,,,,,,,,,,,,,,,,,,,,,,,,,,,,,,,,,,,,
B3SQR3,566,B3SQR3,,Viruses,Influenza A virus,469645,,,,,,,,,531,553,ECO:0000256,,,,,,,,,,,,,,,,,,,,,
B6JTR3,,,,,,,,,,,,,,,,,,,,,,,,,,,,,,,,,,,,,,
Q07F97,,,,,,,,,,,,,,,,,,,,,,,,,,,,,,,,,,,,,,
A0M7M5,,,,,,,,,,,,,,,,,,,,,,,,,,,,,,,,,,,,,,
A2CGF8,,,,,,,,,,,,,,,,,,,,,,,,,,,,,,,,,,,,,,
A8W8C3,,,,,,,,,,,,,,,,,,,,,,,,,,,,,,,,,,,,,,
B2VLR5,,,,,,,,,,,,,,,,,,,,,,,,,,,,,,,,,,,,,,
B4UNL8,,,,,,,,,,,,,,,,,,,,,,,,,,,,,,,,,,,,,,
B4UQ14,,,,,,,,,,,,,,,,,,,,,,,,,,,,,,,,,,,,,,
Q88510,1449,Q88510,,Viruses,Transmissible gastroenteritis virus,11149,,,,,,,,,1391,1410,ECO:0000256,,,,,,,,,,,,,,,,,,,,,
Q7TAX3,564,Q7TAX3,,Viruses,Influenza A virus,200397,,,,,,,,,528,553,ECO:0000256,,,,,,,,,,,,,,,,,,,,,
Q3YQA5,,,,,,,,,,,,,,,,,,,,,,,,,,,,,,,,,,,,,,
Q4U8C7,,,,,,,,,,,,,,,,,,,,,,,,,,,,,,,,,,,,,,
Q20NC9,,,,,,,,,,,,,,,,,,,,,,,,,,,,,,,,,,,,,,
Q1WP86,,,,,,,,,,,,,,,,,,,,,,,,,,,,,,,,,,,,,,
Q0R8J4,,,,,,,,,,,,,,,,,,,,,,,,,,,,,,,,,,,,,,
Q0R7E8,,,,,,,,,,,,,,,,,,,,,,,,,,,,,,,,,,,,,,
Q07FD0,,,,,,,,,,,,,,,,,,,,,,,,,,,,,,,,,,,,,,
A0RSQ7,,,,,,,,,,,,,,,,,,,,,,,,,,,,,,,,,,,,,,
A5GXI3,,,,,,,,,,,,,,,,,,,,,,,,,,,,,,,,,,,,,,
A6M769,,,,,,,,,,,,,,,,,,,,,,,,,,,,,,,,,,,,,,
A8W8J1,,,,,,,,,,,,,,,,,,,,,,,,,,,,,,,,,,,,,,
B4UPU5,,,,,,,,,,,,,,,,,,,,,,,,,,,,,,,,,,,,,,
Q4A246,113,Q4A246,,Viruses,Emiliania huxleyi virus 86 (isolate United Kingdom/English Channel/1999),654925,Emiliania huxleyi,2903,,,,,,,,,,,,,,,,,,,,,,,,,,,,,,
Q20W96,,,,,,,,,,,,,,,,,,,,,,,,,,,,,,,,,,,,,,
Q28AD0,,,,,,,,,,,,,,,,,,,,,,,,,,,,,,,,,,,,,,
Q0P3D6,,,,,,,,,,,,,,,,,,,,,,,,,,,,,,,,,,,,,,
A0RSR8,,,,,,,,,,,,,,,,,,,,,,,,,,,,,,,,,,,,,,
A4JZV3,,,,,,,,,,,,,,,,,,,,,,,,,,,,,,,,,,,,,,
B0KVM5,,,,,,,,,,,,,,,,,,,,,,,,,,,,,,,,,,,,,,
B3EV71,,,,,,,,,,,,,,,,,,,,,,,,,,,,,,,,,,,,,,
B2KHL7,,,,,,,,,,,,,,,,,,,,,,,,,,,,,,,,,,,,,,
B4US33,,,,,,,,,,,,,,,,,,,,,,,,,,,,,,,,,,,,,,
B6JRW2,,,,,,,,,,,,,,,,,,,,,,,,,,,,,,,,,,,,,,
Q89927,524,Q89927,,Viruses,Rabies virus,11292,,,,,,,,,459,480,ECO:0000256,,,,,,,,,,,,,,,,,,,,,
Q69286,403,Q69286,,Viruses,Gallid alphaherpesvirus 2,10390,,,,,,,,,358,381,ECO:0000256,,,,,,,,,,,,,,,,,,,,,
Q82793,565,Q82793,,Viruses,Influenza A virus,229044,,,,,,,,,529,553,ECO:0000256,,,,,,,,,,,,,,,,,,,,,
Q4A2Z9,105,Q4A2Z9,,Viruses,Emiliania huxleyi virus 86 (isolate United Kingdom/English Channel/1999),654925,Emiliania huxleyi,2903,,,,,,,20,40,ECO:0000256,46,65,ECO:0000256,,,,,,,,,,,,,,,,,,
Q565Q8,,,,,,,,,,,,,,,,,,,,,,,,,,,,,,,,,,,,,,
Q20U33,,,,,,,,,,,,,,,,,,,,,,,,,,,,,,,,,,,,,,
Q1WPX8,,,,,,,,,,,,,,,,,,,,,,,,,,,,,,,,,,,,,,
Q0A4D4,,,,,,,,,,,,,,,,,,,,,,,,,,,,,,,,,,,,,,
Q0R6R7,,,,,,,,,,,,,,,,,,,,,,,,,,,,,,,,,,,,,,
Q07F70,565,Q07F70,,Viruses,Influenza A virus,402938,,,,,,,,,530,553,ECO:0000256,,,,,,,,,,,,,,,,,,,,,
A8AS57,,,,,,,,,,,,,,,,,,,,,,,,,,,,,,,,,,,,,,
A8C777,,,,,,,,,,,,,,,,,,,,,,,,,,,,,,,,,,,,,,
A7R9W3,,,,,,,,,,,,,,,,,,,,,,,,,,,,,,,,,,,,,,
A9CAJ0,,,,,,,,,,,,,,,,,,,,,,,,,,,,,,,,,,,,,,
A8W8H6,,,,,,,,,,,,,,,,,,,,,,,,,,,,,,,,,,,,,,
B5SN71,,,,,,,,,,,,,,,,,,,,,,,,,,,,,,,,,,,,,,
Q9YJV7,,,,,,,,,,,,,,,,,,,,,,,,,,,,,,,,,,,,,,
Q20T83,,,,,,,,,,,,,,,,,,,,,,,,,,,,,,,,,,,,,,
Q20NK8,,,,,,,,,,,,,,,,,,,,,,,,,,,,,,,,,,,,,,
Q2RDQ5,,,,,,,,,,,,,,,,,,,,,,,,,,,,,,,,,,,,,,
Q1WPA8,,,,,,,,,,,,,,,,,,,,,,,,,,,,,,,,,,,,,,
A0RTE9,,,,,,,,,,,,,,,,,,,,,,,,,,,,,,,,,,,,,,
A1BK98,,,,,,,,,,,,,,,,,,,,,,,,,,,,,,,,,,,,,,
A7IR19,,,,,,,,,,,,,,,,,,,,,,,,,,,,,,,,,,,,,,
B0KVZ6,,,,,,,,,,,,,,,,,,,,,,,,,,,,,,,,,,,,,,
B6JRM4,,,,,,,,,,,,,,,,,,,,,,,,,,,,,,,,,,,,,,
Q3IAD3,,,,,,,,,,,,,,,,,,,,,,,,,,,,,,,,,,,,,,
Q20U55,,,,,,,,,,,,,,,,,,,,,,,,,,,,,,,,,,,,,,
Q2LNY3,,,,,,,,,,,,,,,,,,,,,,,,,,,,,,,,,,,,,,
Q15KZ2,,,,,,,,,,,,,,,,,,,,,,,,,,,,,,,,,,,,,,
Q10UQ9,,,,,,,,,,,,,,,,,,,,,,,,,,,,,,,,,,,,,,
Q10TD6,,,,,,,,,,,,,,,,,,,,,,,,,,,,,,,,,,,,,,
A3DRI5,,,,,,,,,,,,,,,,,,,,,,,,,,,,,,,,,,,,,,
A9C7A9,,,,,,,,,,,,,,,,,,,,,,,,,,,,,,,,,,,,,,
B2VN24,,,,,,,,,,,,,,,,,,,,,,,,,,,,,,,,,,,,,,
B5FVS7,,,,,,,,,,,,,,,,,,,,,,,,,,,,,,,,,,,,,,
Q3IAR5,,,,,,,,,,,,,,,,,,,,,,,,,,,,,,,,,,,,,,
Q565M8,,,,,,,,,,,,,,,,,,,,,,,,,,,,,,,,,,,,,,
Q2ID75,,,,,,,,,,,,,,,,,,,,,,,,,,,,,,,,,,,,,,
Q2RF85,,,,,,,,,,,,,,,,,,,,,,,,,,,,,,,,,,,,,,
Q2RDD5,,,,,,,,,,,,,,,,,,,,,,,,,,,,,,,,,,,,,,
Q0A4B9,,,,,,,,,,,,,,,,,,,,,,,,,,,,,,,,,,,,,,
Q15M49,,,,,,,,,,,,,,,,,,,,,,,,,,,,,,,,,,,,,,
Q0R7Q8,,,,,,,,,,,,,,,,,,,,,,,,,,,,,,,,,,,,,,
Q0P1L2,,,,,,,,,,,,,,,,,,,,,,,,,,,,,,,,,,,,,,
A7IRF1,,,,,,,,,,,,,,,,,,,,,,,,,,,,,,,,,,,,,,
A9X119,,,,,,,,,,,,,,,,,,,,,,,,,,,,,,,,,,,,,,
A9C855,,,,,,,,,,,,,,,,,,,,,,,,,,,,,,,,,,,,,,
A9L7R4,,,,,,,,,,,,,,,,,,,,,,,,,,,,,,,,,,,,,,
Q4ZKU7,,,,,,,,,,,,,,,,,,,,,,,,,,,,,,,,,,,,,,
Q4A2B3,230,Q4A2B3,,Viruses,Emiliania huxleyi virus 86 (isolate United Kingdom/English Channel/1999),654925,Emiliania huxleyi,2903,,,,,,,29,46,ECO:0000256,,,,,,,,,,,,,,,,,,,,,
Q20NL6,,,,,,,,,,,,,,,,,,,,,,,,,,,,,,,,,,,,,,
Q20LU9,,,,,,,,,,,,,,,,,,,,,,,,,,,,,,,,,,,,,,
Q0R9B9,,,,,,,,,,,,,,,,,,,,,,,,,,,,,,,,,,,,,,
Q0A2V1,,,,,,,,,,,,,,,,,,,,,,,,,,,,,,,,,,,,,,
A4GBY8,,,,,,,,,,,,,,,,,,,,,,,,,,,,,,,,,,,,,,
A8C033,,,,,,,,,,,,,,,,,,,,,,,,,,,,,,,,,,,,,,
B0VVL9,,,,,,,,,,,,,,,,,,,,,,,,,,,,,,,,,,,,,,
B0VX27,,,,,,,,,,,,,,,,,,,,,,,,,,,,,,,,,,,,,,
B2VMC5,,,,,,,,,,,,,,,,,,,,,,,,,,,,,,,,,,,,,,
B4URQ1,,,,,,,,,,,,,,,,,,,,,,,,,,,,,,,,,,,,,,
B5FVW3,,,,,,,,,,,,,,,,,,,,,,,,,,,,,,,,,,,,,,
Q2Y364,,,,,,,,,,,,,,,,,,,,,,,,,,,,,,,,,,,,,,
Q2RCL5,,,,,,,,,,,,,,,,,,,,,,,,,,,,,,,,,,,,,,
Q15LP5,,,,,,,,,,,,,,,,,,,,,,,,,,,,,,,,,,,,,,
Q0R975,,,,,,,,,,,,,,,,,,,,,,,,,,,,,,,,,,,,,,
Q0P1Q6,,,,,,,,,,,,,,,,,,,,,,,,,,,,,,,,,,,,,,
A1BK51,,,,,,,,,,,,,,,,,,,,,,,,,,,,,,,,,,,,,,
A4JZ06,,,,,,,,,,,,,,,,,,,,,,,,,,,,,,,,,,,,,,
A8C4N4,,,,,,,,,,,,,,,,,,,,,,,,,,,,,,,,,,,,,,
A8C6Y7,,,,,,,,,,,,,,,,,,,,,,,,,,,,,,,,,,,,,,
B2VM99,,,,,,,,,,,,,,,,,,,,,,,,,,,,,,,,,,,,,,
B6JS30,,,,,,,,,,,,,,,,,,,,,,,,,,,,,,,,,,,,,,
Q5DXD2,,,,,,,,,,,,,,,,,,,,,,,,,,,,,,,,,,,,,,
Q4JS05,,,,,,,,,,,,,,,,,,,,,,,,,,,,,,,,,,,,,,
Q20ND6,,,,,,,,,,,,,,,,,,,,,,,,,,,,,,,,,,,,,,
Q1PTD7,,,,,,,,,,,,,,,,,,,,,,,,,,,,,,,,,,,,,,
Q0R9R2,,,,,,,,,,,,,,,,,,,,,,,,,,,,,,,,,,,,,,
Q0HCT9,,,,,,,,,,,,,,,,,,,,,,,,,,,,,,,,,,,,,,
A4K085,,,,,,,,,,,,,,,,,,,,,,,,,,,,,,,,,,,,,,
A4U795,,,,,,,,,,,,,,,,,,,,,,,,,,,,,,,,,,,,,,
B0KVU1,,,,,,,,,,,,,,,,,,,,,,,,,,,,,,,,,,,,,,
Q2ICK5,,,,,,,,,,,,,,,,,,,,,,,,,,,,,,,,,,,,,,
Q20ND0,,,,,,,,,,,,,,,,,,,,,,,,,,,,,,,,,,,,,,
Q00QJ2,,,,,,,,,,,,,,,,,,,,,,,,,,,,,,,,,,,,,,
A4U707,,,,,,,,,,,,,,,,,,,,,,,,,,,,,,,,,,,,,,
B0KVI2,,,,,,,,,,,,,,,,,,,,,,,,,,,,,,,,,,,,,,
B3EW18,,,,,,,,,,,,,,,,,,,,,,,,,,,,,,,,,,,,,,
B4UPV8,,,,,,,,,,,,,,,,,,,,,,,,,,,,,,,,,,,,,,
B4URM9,,,,,,,,,,,,,,,,,,,,,,,,,,,,,,,,,,,,,,
A9X0T1,,,,,,,,,,,,,,,,,,,,,,,,,,,,,,,,,,,,,,
Q6XU84,,,,,,,,,,,,,,,,,,,,,,,,,,,,,,,,,,,,,,
Q4A264,258,Q4A264,,Viruses,Emiliania huxleyi virus 86 (isolate United Kingdom/English Channel/1999),654925,Emiliania huxleyi,2903,,,,,,,7,27,ECO:0000256,33,53,ECO:0000256,65,86,ECO:0000256,153,174,ECO:0000256,,,,,,,,,,,,
Q38TU3,,,,,,,,,,,,,,,,,,,,,,,,,,,,,,,,,,,,,,
Q1I1L6,,,,,,,,,,,,,,,,,,,,,,,,,,,,,,,,,,,,,,
A1BKT1,,,,,,,,,,,,,,,,,,,,,,,,,,,,,,,,,,,,,,
B2VM80,,,,,,,,,,,,,,,,,,,,,,,,,,,,,,,,,,,,,,
B4UP73,,,,,,,,,,,,,,,,,,,,,,,,,,,,,,,,,,,,,,
B5FVZ1,,,,,,,,,,,,,,,,,,,,,,,,,,,,,,,,,,,,,,
Q5W333,,,,,,,,,,,,,,,,,,,,,,,,,,,,,,,,,,,,,,
Q462T9,,,,,,,,,,,,,,,,,,,,,,,,,,,,,,,,,,,,,,
Q4A2M3,169,Q4A2M3,,Viruses,Emiliania huxleyi virus 86 (isolate United Kingdom/English Channel/1999),654925,Emiliania huxleyi,2903,,,,,,,20,43,ECO:0000256,,,,,,,,,,,,,,,,,,,,,
Q2LNS8,,,,,,,,,,,,,,,,,,,,,,,,,,,,,,,,,,,,,,
Q1PTJ2,,,,,,,,,,,,,,,,,,,,,,,,,,,,,,,,,,,,,,
Q2Y3W7,,,,,,,,,,,,,,,,,,,,,,,,,,,,,,,,,,,,,,
Q07EI4,,,,,,,,,,,,,,,,,,,,,,,,,,,,,,,,,,,,,,
Q0Z7B5,344,Q0Z7B5,,Viruses,Influenza A virus,385595,,,,,,,,,,,,,,,,,,,,,,,,,,,,,,,,
A4JZS0,,,,,,,,,,,,,,,,,,,,,,,,,,,,,,,,,,,,,,
A4K0S2,,,,,,,,,,,,,,,,,,,,,,,,,,,,,,,,,,,,,,
A8BJS4,,,,,,,,,,,,,,,,,,,,,,,,,,,,,,,,,,,,,,
A8BQS5,,,,,,,,,,,,,,,,,,,,,,,,,,,,,,,,,,,,,,
A9C8Y0,,,,,,,,,,,,,,,,,,,,,,,,,,,,,,,,,,,,,,
B0VVV2,,,,,,,,,,,,,,,,,,,,,,,,,,,,,,,,,,,,,,
B3RDL3,,,,,,,,,,,,,,,,,,,,,,,,,,,,,,,,,,,,,,
Q9WCE5,566,Q9WCE5,,Viruses,Influenza A virus,380348,,,,,,,,,531,554,ECO:0000256,,,,,,,,,,,,,,,,,,,,,
Q4U7V7,,,,,,,,,,,,,,,,,,,,,,,,,,,,,,,,,,,,,,
Q4A358,120,Q4A358,,Viruses,Emiliania huxleyi virus 86 (isolate United Kingdom/English Channel/1999),654925,Emiliania huxleyi,2903,,,,,,,6,26,ECO:0000256,,,,,,,,,,,,,,,,,,,,,
A2CGI0,,,,,,,,,,,,,,,,,,,,,,,,,,,,,,,,,,,,,,
A8BKZ5,,,,,,,,,,,,,,,,,,,,,,,,,,,,,,,,,,,,,,
A8W8B5,,,,,,,,,,,,,,,,,,,,,,,,,,,,,,,,,,,,,,
B0VWM3,,,,,,,,,,,,,,,,,,,,,,,,,,,,,,,,,,,,,,
B3EVJ2,,,,,,,,,,,,,,,,,,,,,,,,,,,,,,,,,,,,,,
B4UP07,,,,,,,,,,,,,,,,,,,,,,,,,,,,,,,,,,,,,,
B6JR45,,,,,,,,,,,,,,,,,,,,,,,,,,,,,,,,,,,,,,
Q8QKU6,350,Q8QKU6,,Viruses,Ectocarpus siliculosus virus 1 (isolate New Zealand/Kaikoura/1988),654926,Ectocarpus siliculosus,2880,,,,,,,,,,,,,,,,,,,,,,,,,,,,,,
Q9YJV3,,,,,,,,,,,,,,,,,,,,,,,,,,,,,,,,,,,,,,
Q2IBY5,,,,,,,,,,,,,,,,,,,,,,,,,,,,,,,,,,,,,,
Q2RDM5,,,,,,,,,,,,,,,,,,,,,,,,,,,,,,,,,,,,,,
A4K2D3,,,,,,,,,,,,,,,,,,,,,,,,,,,,,,,,,,,,,,
A7LJP3,,,,,,,,,,,,,,,,,,,,,,,,,,,,,,,,,,,,,,
A8C2M7,,,,,,,,,,,,,,,,,,,,,,,,,,,,,,,,,,,,,,
B0KVV2,,,,,,,,,,,,,,,,,,,,,,,,,,,,,,,,,,,,,,
B3EVH0,,,,,,,,,,,,,,,,,,,,,,,,,,,,,,,,,,,,,,
B6JS39,,,,,,,,,,,,,,,,,,,,,,,,,,,,,,,,,,,,,,
B6JTP1,,,,,,,,,,,,,,,,,,,,,,,,,,,,,,,,,,,,,,
Q07778,344,Q07778,,Viruses,Influenza A virus,387173,,,,,,,,,,,,,,,,,,,,,,,,,,,,,,,,
Q464D0,,,,,,,,,,,,,,,,,,,,,,,,,,,,,,,,,,,,,,
Q4JRX5,,,,,,,,,,,,,,,,,,,,,,,,,,,,,,,,,,,,,,
Q1PT71,,,,,,,,,,,,,,,,,,,,,,,,,,,,,,,,,,,,,,
Q30MZ9,,,,,,,,,,,,,,,,,,,,,,,,,,,,,,,,,,,,,,
Q0A495,,,,,,,,,,,,,,,,,,,,,,,,,,,,,,,,,,,,,,
A8C616,,,,,,,,,,,,,,,,,,,,,,,,,,,,,,,,,,,,,,
A9C5P8,,,,,,,,,,,,,,,,,,,,,,,,,,,,,,,,,,,,,,
A9C710,,,,,,,,,,,,,,,,,,,,,,,,,,,,,,,,,,,,,,
B1MPK6,,,,,,,,,,,,,,,,,,,,,,,,,,,,,,,,,,,,,,
B2VMB6,,,,,,,,,,,,,,,,,,,,,,,,,,,,,,,,,,,,,,
Q3IB57,,,,,,,,,,,,,,,,,,,,,,,,,,,,,,,,,,,,,,
Q4ZK07,,,,,,,,,,,,,,,,,,,,,,,,,,,,,,,,,,,,,,
Q2IBL4,,,,,,,,,,,,,,,,,,,,,,,,,,,,,,,,,,,,,,
Q2RBX5,,,,,,,,,,,,,,,,,,,,,,,,,,,,,,,,,,,,,,
Q2Y400,,,,,,,,,,,,,,,,,,,,,,,,,,,,,,,,,,,,,,
Q00Q93,,,,,,,,,,,,,,,,,,,,,,,,,,,,,,,,,,,,,,
Q0R9D0,,,,,,,,,,,,,,,,,,,,,,,,,,,,,,,,,,,,,,
A9C5S0,,,,,,,,,,,,,,,,,,,,,,,,,,,,,,,,,,,,,,
Q67028,329,Q67028,,Viruses,Influenza A virus,382784,,,,,,,,,,,,,,,,,,,,,,,,,,,,,,,,
Q4JRD5,,,,,,,,,,,,,,,,,,,,,,,,,,,,,,,,,,,,,,
Q58BH0,,,,,,,,,,,,,,,,,,,,,,,,,,,,,,,,,,,,,,
Q2ID31,,,,,,,,,,,,,,,,,,,,,,,,,,,,,,,,,,,,,,
Q20V08,,,,,,,,,,,,,,,,,,,,,,,,,,,,,,,,,,,,,,
Q1PU62,,,,,,,,,,,,,,,,,,,,,,,,,,,,,,,,,,,,,,
Q09YR1,,,,,,,,,,,,,,,,,,,,,,,,,,,,,,,,,,,,,,
A0M818,,,,,,,,,,,,,,,,,,,,,,,,,,,,,,,,,,,,,,
A9C822,,,,,,,,,,,,,,,,,,,,,,,,,,,,,,,,,,,,,,
B0VWW1,,,,,,,,,,,,,,,,,,,,,,,,,,,,,,,,,,,,,,
B2ZVC3,,,,,,,,,,,,,,,,,,,,,,,,,,,,,,,,,,,,,,
B2VMC6,,,,,,,,,,,,,,,,,,,,,,,,,,,,,,,,,,,,,,
B3RDV1,,,,,,,,,,,,,,,,,,,,,,,,,,,,,,,,,,,,,,
B6JR50,,,,,,,,,,,,,,,,,,,,,,,,,,,,,,,,,,,,,,
A9L8C3,,,,,,,,,,,,,,,,,,,,,,,,,,,,,,,,,,,,,,
B6A5V0,,,,,,,,,,,,,,,,,,,,,,,,,,,,,,,,,,,,,,
Q8QKU8,257,Q8QKU8,,Viruses,Ectocarpus siliculosus virus 1 (isolate New Zealand/Kaikoura/1988),654926,Ectocarpus siliculosus,2880,,,,,,,,,,,,,,,,,,,,,,,,,,,,,,
Q3M0E6,,,,,,,,,,,,,,,,,,,,,,,,,,,,,,,,,,,,,,
Q20LP4,,,,,,,,,,,,,,,,,,,,,,,,,,,,,,,,,,,,,,
Q28BB0,,,,,,,,,,,,,,,,,,,,,,,,,,,,,,,,,,,,,,
Q15KM1,,,,,,,,,,,,,,,,,,,,,,,,,,,,,,,,,,,,,,
Q10UG0,,,,,,,,,,,,,,,,,,,,,,,,,,,,,,,,,,,,,,
A4D6C0,,,,,,,,,,,,,,,,,,,,,,,,,,,,,,,,,,,,,,
A4U671,,,,,,,,,,,,,,,,,,,,,,,,,,,,,,,,,,,,,,
A8W8H2,,,,,,,,,,,,,,,,,,,,,,,,,,,,,,,,,,,,,,
A9C663,,,,,,,,,,,,,,,,,,,,,,,,,,,,,,,,,,,,,,
B1MPL4,,,,,,,,,,,,,,,,,,,,,,,,,,,,,,,,,,,,,,
B0VVQ8,,,,,,,,,,,,,,,,,,,,,,,,,,,,,,,,,,,,,,
B3RDH3,,,,,,,,,,,,,,,,,,,,,,,,,,,,,,,,,,,,,,
B2VLP8,,,,,,,,,,,,,,,,,,,,,,,,,,,,,,,,,,,,,,
B4UP95,,,,,,,,,,,,,,,,,,,,,,,,,,,,,,,,,,,,,,
B4UR37,,,,,,,,,,,,,,,,,,,,,,,,,,,,,,,,,,,,,,
B5FVV0,,,,,,,,,,,,,,,,,,,,,,,,,,,,,,,,,,,,,,
Q9DSL8,856,Q9DSL8,,Viruses,Human immunodeficiency virus type 1,11676,Homo sapiens,9606,,,,,,,20,41,ECO:0000256,505,528,ECO:0000256,671,698,ECO:0000256,,,,,,,,,,,,,,,
Q69288,497,Q69288,,Viruses,Gallid alphaherpesvirus 2,10390,,,,,,,,,391,419,ECO:0000256,,,,,,,,,,,,,,,,,,,,,
A4K1U6,,,,,,,,,,,,,,,,,,,,,,,,,,,,,,,,,,,,,,
A2CGR8,,,,,,,,,,,,,,,,,,,,,,,,,,,,,,,,,,,,,,
Q81871,660,Q81871,,Viruses,Hepatitis E virus genotype 1 (isolate Human/China/HeBei/1987),652674,Homo sapiens,9606,1,19,ECO:0000255,,,,,,,,,,,,,,,,,,,,,,,,,,,
Q3IBH8,,,,,,,,,,,,,,,,,,,,,,,,,,,,,,,,,,,,,,
Q2ID42,,,,,,,,,,,,,,,,,,,,,,,,,,,,,,,,,,,,,,
Q20ND8,570,Q20ND8,,Viruses,Influenza A virus,352560,,,,,,,,,534,556,ECO:0000256,,,,,,,,,,,,,,,,,,,,,
Q289N8,,,,,,,,,,,,,,,,,,,,,,,,,,,,,,,,,,,,,,
Q07EB8,,,,,,,,,,,,,,,,,,,,,,,,,,,,,,,,,,,,,,
A9C9Q4,,,,,,,,,,,,,,,,,,,,,,,,,,,,,,,,,,,,,,
B0VX44,,,,,,,,,,,,,,,,,,,,,,,,,,,,,,,,,,,,,,
Q87080,23,Q87080,,Viruses,Suid herpesvirus 1,10345,,,,,,,,,,,,,,,,,,,,,,,,,,,,,,,,
Q5PP77,,,,,,,,,,,,,,,,,,,,,,,,,,,,,,,,,,,,,,
Q463N7,,,,,,,,,,,,,,,,,,,,,,,,,,,,,,,,,,,,,,
Q4JS75,,,,,,,,,,,,,,,,,,,,,,,,,,,,,,,,,,,,,,
Q3M0C4,,,,,,,,,,,,,,,,,,,,,,,,,,,,,,,,,,,,,,
Q20W41,,,,,,,,,,,,,,,,,,,,,,,,,,,,,,,,,,,,,,
Q2RCI5,,,,,,,,,,,,,,,,,,,,,,,,,,,,,,,,,,,,,,
Q2LPG5,562,Q2LPG5,,Viruses,Influenza A virus,286227,,,,,,,,,527,550,ECO:0000256,,,,,,,,,,,,,,,,,,,,,
Q0A338,,,,,,,,,,,,,,,,,,,,,,,,,,,,,,,,,,,,,,
A4GBA7,,,,,,,,,,,,,,,,,,,,,,,,,,,,,,,,,,,,,,
A8HX30,,,,,,,,,,,,,,,,,,,,,,,,,,,,,,,,,,,,,,
A9X0K4,,,,,,,,,,,,,,,,,,,,,,,,,,,,,,,,,,,,,,
Q69395,23,Q69395,,Viruses,Suid herpesvirus 1,10345,,,,,,,,,,,,,,,,,,,,,,,,,,,,,,,,
Q20NA4,,,,,,,,,,,,,,,,,,,,,,,,,,,,,,,,,,,,,,
Q0A2J8,,,,,,,,,,,,,,,,,,,,,,,,,,,,,,,,,,,,,,
Q0A125,,,,,,,,,,,,,,,,,,,,,,,,,,,,,,,,,,,,,,
Q09ZR3,,,,,,,,,,,,,,,,,,,,,,,,,,,,,,,,,,,,,,
A1BKH1,,,,,,,,,,,,,,,,,,,,,,,,,,,,,,,,,,,,,,
A8W8J9,,,,,,,,,,,,,,,,,,,,,,,,,,,,,,,,,,,,,,
B0VVI6,,,,,,,,,,,,,,,,,,,,,,,,,,,,,,,,,,,,,,
B4UPN8,,,,,,,,,,,,,,,,,,,,,,,,,,,,,,,,,,,,,,
A9LIA1,565,A9LIA1,,Viruses,Influenza A virus,455041,,,,,,,,,530,552,ECO:0000256,,,,,,,,,,,,,,,,,,,,,
Q67105,565,Q67105,,Viruses,Influenza A virus,39124,,,,,,,,,529,553,ECO:0000256,,,,,,,,,,,,,,,,,,,,,
Q9YJU8,344,Q9YJU8,,Viruses,Influenza A virus H3N2,41857,,,,,,,,,,,,,,,,,,,,,,,,,,,,,,,,
Q4ZK57,,,,,,,,,,,,,,,,,,,,,,,,,,,,,,,,,,,,,,
Q20TY8,,,,,,,,,,,,,,,,,,,,,,,,,,,,,,,,,,,,,,
Q20N71,,,,,,,,,,,,,,,,,,,,,,,,,,,,,,,,,,,,,,
Q2LNJ0,,,,,,,,,,,,,,,,,,,,,,,,,,,,,,,,,,,,,,
Q1I1Y7,,,,,,,,,,,,,,,,,,,,,,,,,,,,,,,,,,,,,,
Q0R8R0,,,,,,,,,,,,,,,,,,,,,,,,,,,,,,,,,,,,,,
A7IRZ9,,,,,,,,,,,,,,,,,,,,,,,,,,,,,,,,,,,,,,
B2B8J3,,,,,,,,,,,,,,,,,,,,,,,,,,,,,,,,,,,,,,
A9WZK0,,,,,,,,,,,,,,,,,,,,,,,,,,,,,,,,,,,,,,
Q00574,759,Q00574,,Viruses,Foot-and-mouth disease virus serotype O,12118,"Bos taurus, Capra hircus, Cervidae, Erinaceidae, Loxodonta africana, Ovis aries, Rattus norvegicus, Sus scrofa","9913, 9925, 9850, 9363, 9785, 9940, 10116, 9823",,,,,,,,,,,,,,,,,,,,,,,,,,,,,,
O39840,362,O39840,,Viruses,Influenza A virus,107470,,,,,,,,,,,,,,,,,,,,,,,,,,,,,,,,
Q20N16,,,,,,,,,,,,,,,,,,,,,,,,,,,,,,,,,,,,,,
Q289I3,,,,,,,,,,,,,,,,,,,,,,,,,,,,,,,,,,,,,,
A8W8F2,,,,,,,,,,,,,,,,,,,,,,,,,,,,,,,,,,,,,,
B2VLU6,,,,,,,,,,,,,,,,,,,,,,,,,,,,,,,,,,,,,,
A9X0J3,,,,,,,,,,,,,,,,,,,,,,,,,,,,,,,,,,,,,,
Q3IAX0,,,,,,,,,,,,,,,,,,,,,,,,,,,,,,,,,,,,,,
A8BRI8,,,,,,,,,,,,,,,,,,,,,,,,,,,,,,,,,,,,,,
B6JR43,,,,,,,,,,,,,,,,,,,,,,,,,,,,,,,,,,,,,,
A9WZX1,,,,,,,,,,,,,,,,,,,,,,,,,,,,,,,,,,,,,,
Q4A303,528,Q4A303,,Viruses,Emiliania huxleyi virus 86 (isolate United Kingdom/English Channel/1999),654925,Emiliania huxleyi,2903,,,,,,,12,30,ECO:0000256,,,,,,,,,,,,,,,,,,,,,
Q288W3,,,,,,,,,,,,,,,,,,,,,,,,,,,,,,,,,,,,,,
B0VVH7,,,,,,,,,,,,,,,,,,,,,,,,,,,,,,,,,,,,,,
B6JT09,,,,,,,,,,,,,,,,,,,,,,,,,,,,,,,,,,,,,,
Q2LNL2,,,,,,,,,,,,,,,,,,,,,,,,,,,,,,,,,,,,,,
Q30NL8,,,,,,,,,,,,,,,,,,,,,,,,,,,,,,,,,,,,,,
Q15LJ0,,,,,,,,,,,,,,,,,,,,,,,,,,,,,,,,,,,,,,
Q10TR8,,,,,,,,,,,,,,,,,,,,,,,,,,,,,,,,,,,,,,
B2VM43,,,,,,,,,,,,,,,,,,,,,,,,,,,,,,,,,,,,,,
B4UNW3,,,,,,,,,,,,,,,,,,,,,,,,,,,,,,,,,,,,,,
B5FVZ6,,,,,,,,,,,,,,,,,,,,,,,,,,,,,,,,,,,,,,
Q9DHL3,79,Q9DHL3,,Viruses,Yaba-like disease virus,132475,"Homo sapiens, Simiiformes","9606, 314293",,,,,,,46,68,ECO:0000256,,,,,,,,,,,,,,,,,,,,,
Q6XLW8,,,,,,,,,,,,,,,,,,,,,,,,,,,,,,,,,,,,,,
Q4A333,368,Q4A333,,Viruses,Emiliania huxleyi virus 86 (isolate United Kingdom/English Channel/1999),654925,Emiliania huxleyi,2903,,,,,,,228,246,ECO:0000256,,,,,,,,,,,,,,,,,,,,,
Q3IAG6,,,,,,,,,,,,,,,,,,,,,,,,,,,,,,,,,,,,,,
Q20NI0,,,,,,,,,,,,,,,,,,,,,,,,,,,,,,,,,,,,,,
Q20LZ3,,,,,,,,,,,,,,,,,,,,,,,,,,,,,,,,,,,,,,
Q38TB7,,,,,,,,,,,,,,,,,,,,,,,,,,,,,,,,,,,,,,
Q2LMZ0,,,,,,,,,,,,,,,,,,,,,,,,,,,,,,,,,,,,,,
A4K256,,,,,,,,,,,,,,,,,,,,,,,,,,,,,,,,,,,,,,
A4D7L4,,,,,,,,,,,,,,,,,,,,,,,,,,,,,,,,,,,,,,
A4GBQ0,,,,,,,,,,,,,,,,,,,,,,,,,,,,,,,,,,,,,,
A6M7E6,,,,,,,,,,,,,,,,,,,,,,,,,,,,,,,,,,,,,,
B1MPL2,,,,,,,,,,,,,,,,,,,,,,,,,,,,,,,,,,,,,,
B2VLQ8,,,,,,,,,,,,,,,,,,,,,,,,,,,,,,,,,,,,,,
B4US88,,,,,,,,,,,,,,,,,,,,,,,,,,,,,,,,,,,,,,
B5SN68,,,,,,,,,,,,,,,,,,,,,,,,,,,,,,,,,,,,,,
Q8B6Z5,,,,,,,,,,,,,,,,,,,,,,,,,,,,,,,,,,,,,,
Q00QH0,,,,,,,,,,,,,,,,,,,,,,,,,,,,,,,,,,,,,,
Q09Z10,,,,,,,,,,,,,,,,,,,,,,,,,,,,,,,,,,,,,,
A8C8H0,,,,,,,,,,,,,,,,,,,,,,,,,,,,,,,,,,,,,,
A7IRS2,,,,,,,,,,,,,,,,,,,,,,,,,,,,,,,,,,,,,,
A8W8C4,,,,,,,,,,,,,,,,,,,,,,,,,,,,,,,,,,,,,,
B2VLV2,,,,,,,,,,,,,,,,,,,,,,,,,,,,,,,,,,,,,,
B4URL4,,,,,,,,,,,,,,,,,,,,,,,,,,,,,,,,,,,,,,
B5FW05,,,,,,,,,,,,,,,,,,,,,,,,,,,,,,,,,,,,,,
B5SMR4,,,,,,,,,,,,,,,,,,,,,,,,,,,,,,,,,,,,,,
O56822,275,O56822,,Viruses,Human cytomegalovirus,10359,Homo sapiens,9606,,,,,,,12,28,ECO:0000256,231,250,ECO:0000256,,,,,,,,,,,,,,,,,,
Q6XU54,,,,,,,,,,,,,,,,,,,,,,,,,,,,,,,,,,,,,,
Q4A2N9,73,Q4A2N9,,Viruses,Emiliania huxleyi virus 86 (isolate United Kingdom/English Channel/1999),654925,Emiliania huxleyi,2903,,,,,,,45,69,ECO:0000256,,,,,,,,,,,,,,,,,,,,,
Q20NM4,,,,,,,,,,,,,,,,,,,,,,,,,,,,,,,,,,,,,,
Q0HAC9,,,,,,,,,,,,,,,,,,,,,,,,,,,,,,,,,,,,,,
A0M862,,,,,,,,,,,,,,,,,,,,,,,,,,,,,,,,,,,,,,
A3DRJ6,,,,,,,,,,,,,,,,,,,,,,,,,,,,,,,,,,,,,,
B0VX16,,,,,,,,,,,,,,,,,,,,,,,,,,,,,,,,,,,,,,
B2VM47,,,,,,,,,,,,,,,,,,,,,,,,,,,,,,,,,,,,,,
B4UPT1,,,,,,,,,,,,,,,,,,,,,,,,,,,,,,,,,,,,,,
B3RE06,,,,,,,,,,,,,,,,,,,,,,,,,,,,,,,,,,,,,,
Q463C7,,,,,,,,,,,,,,,,,,,,,,,,,,,,,,,,,,,,,,
Q58B20,,,,,,,,,,,,,,,,,,,,,,,,,,,,,,,,,,,,,,
Q20NC8,,,,,,,,,,,,,,,,,,,,,,,,,,,,,,,,,,,,,,
Q1WQE3,,,,,,,,,,,,,,,,,,,,,,,,,,,,,,,,,,,,,,
Q28AE1,,,,,,,,,,,,,,,,,,,,,,,,,,,,,,,,,,,,,,
Q2LNZ4,,,,,,,,,,,,,,,,,,,,,,,,,,,,,,,,,,,,,,
Q0R9J6,,,,,,,,,,,,,,,,,,,,,,,,,,,,,,,,,,,,,,
Q0A3Y2,,,,,,,,,,,,,,,,,,,,,,,,,,,,,,,,,,,,,,
Q09Z21,,,,,,,,,,,,,,,,,,,,,,,,,,,,,,,,,,,,,,
A4U5X2,,,,,,,,,,,,,,,,,,,,,,,,,,,,,,,,,,,,,,
A4U7C8,,,,,,,,,,,,,,,,,,,,,,,,,,,,,,,,,,,,,,
B0VVL4,,,,,,,,,,,,,,,,,,,,,,,,,,,,,,,,,,,,,,
B6JSU3,,,,,,,,,,,,,,,,,,,,,,,,,,,,,,,,,,,,,,
Q463B6,,,,,,,,,,,,,,,,,,,,,,,,,,,,,,,,,,,,,,
Q2IBU1,,,,,,,,,,,,,,,,,,,,,,,,,,,,,,,,,,,,,,
Q20NF1,,,,,,,,,,,,,,,,,,,,,,,,,,,,,,,,,,,,,,
Q28AP0,,,,,,,,,,,,,,,,,,,,,,,,,,,,,,,,,,,,,,
A4JZB6,,,,,,,,,,,,,,,,,,,,,,,,,,,,,,,,,,,,,,
B0VVX4,,,,,,,,,,,,,,,,,,,,,,,,,,,,,,,,,,,,,,
B2VMS5,,,,,,,,,,,,,,,,,,,,,,,,,,,,,,,,,,,,,,
B4UPM0,,,,,,,,,,,,,,,,,,,,,,,,,,,,,,,,,,,,,,
B6JTL9,,,,,,,,,,,,,,,,,,,,,,,,,,,,,,,,,,,,,,
Q87086,23,Q87086,,Viruses,Suid herpesvirus 1,10345,,,,,,,,,,,,,,,,,,,,,,,,,,,,,,,,
Q2LNH9,,,,,,,,,,,,,,,,,,,,,,,,,,,,,,,,,,,,,,
Q15MF9,,,,,,,,,,,,,,,,,,,,,,,,,,,,,,,,,,,,,,
Q07FF2,,,,,,,,,,,,,,,,,,,,,,,,,,,,,,,,,,,,,,
A1BKE9,,,,,,,,,,,,,,,,,,,,,,,,,,,,,,,,,,,,,,
A8HZ85,,,,,,,,,,,,,,,,,,,,,,,,,,,,,,,,,,,,,,
A8BNP1,,,,,,,,,,,,,,,,,,,,,,,,,,,,,,,,,,,,,,
A9C4Q7,,,,,,,,,,,,,,,,,,,,,,,,,,,,,,,,,,,,,,
B1MSG8,,,,,,,,,,,,,,,,,,,,,,,,,,,,,,,,,,,,,,
B4UPW4,,,,,,,,,,,,,,,,,,,,,,,,,,,,,,,,,,,,,,
B6JTV7,,,,,,,,,,,,,,,,,,,,,,,,,,,,,,,,,,,,,,
A9L802,,,,,,,,,,,,,,,,,,,,,,,,,,,,,,,,,,,,,,
Q87078,23,Q87078,,Viruses,Suid herpesvirus 1,10345,,,,,,,,,,,,,,,,,,,,,,,,,,,,,,,,
Q20VV0,,,,,,,,,,,,,,,,,,,,,,,,,,,,,,,,,,,,,,
Q20NF5,,,,,,,,,,,,,,,,,,,,,,,,,,,,,,,,,,,,,,
Q0A305,,,,,,,,,,,,,,,,,,,,,,,,,,,,,,,,,,,,,,
A8BLP5,,,,,,,,,,,,,,,,,,,,,,,,,,,,,,,,,,,,,,
A9C787,,,,,,,,,,,,,,,,,,,,,,,,,,,,,,,,,,,,,,
A8W8G3,,,,,,,,,,,,,,,,,,,,,,,,,,,,,,,,,,,,,,
B0LY03,,,,,,,,,,,,,,,,,,,,,,,,,,,,,,,,,,,,,,
B3EV16,,,,,,,,,,,,,,,,,,,,,,,,,,,,,,,,,,,,,,
B2VN02,,,,,,,,,,,,,,,,,,,,,,,,,,,,,,,,,,,,,,
B4UR92,,,,,,,,,,,,,,,,,,,,,,,,,,,,,,,,,,,,,,
B5FW12,,,,,,,,,,,,,,,,,,,,,,,,,,,,,,,,,,,,,,
Q07752,344,Q07752,,Viruses,Influenza A virus,387149,,,,,,,,,,,,,,,,,,,,,,,,,,,,,,,,
O09722,,,,,,,,,,,,,,,,,,,,,,,,,,,,,,,,,,,,,,
Q6XM24,,,,,,,,,,,,,,,,,,,,,,,,,,,,,,,,,,,,,,
Q3YPX3,,,,,,,,,,,,,,,,,,,,,,,,,,,,,,,,,,,,,,
Q2RDP5,,,,,,,,,,,,,,,,,,,,,,,,,,,,,,,,,,,,,,
A0M7T0,,,,,,,,,,,,,,,,,,,,,,,,,,,,,,,,,,,,,,
A5GXF0,,,,,,,,,,,,,,,,,,,,,,,,,,,,,,,,,,,,,,
A8DNQ5,,,,,,,,,,,,,,,,,,,,,,,,,,,,,,,,,,,,,,
A7KWZ5,44,A7KWZ5,,Viruses,Bovine leukemia virus,11901,Bos taurus,9913,,,,,,,,,,,,,,,,,,,,,,,,,,,,,,
A8E2Q8,49,A8E2Q8,,Viruses,Enterococcus phage phiEF24C,442493,Enterococcus faecalis,1351,,,,,,,6,29,ECO:0000256,,,,,,,,,,,,,,,,,,,,,
Q66030,852,Q66030,Q77LS5,Viruses,Cercopithecine alphaherpesvirus 9,35246,,,,,,,,,815,838,ECO:0000256,,,,,,,,,,,,,,,,,,,,,
Q5DXS2,,,,,,,,,,,,,,,,,,,,,,,,,,,,,,,,,,,,,,
Q58B30,,,,,,,,,,,,,,,,,,,,,,,,,,,,,,,,,,,,,,
A8C0V4,,,,,,,,,,,,,,,,,,,,,,,,,,,,,,,,,,,,,,
A8W8C8,,,,,,,,,,,,,,,,,,,,,,,,,,,,,,,,,,,,,,
B2ZVN3,,,,,,,,,,,,,,,,,,,,,,,,,,,,,,,,,,,,,,
B6JRL8,,,,,,,,,,,,,,,,,,,,,,,,,,,,,,,,,,,,,,
B5SN59,,,,,,,,,,,,,,,,,,,,,,,,,,,,,,,,,,,,,,
Q3IB79,,,,,,,,,,,,,,,,,,,,,,,,,,,,,,,,,,,,,,
Q4A2G9,148,Q4A2G9,,Viruses,Emiliania huxleyi virus 86 (isolate United Kingdom/English Channel/1999),654925,Emiliania huxleyi,2903,,,,,,,21,41,ECO:0000256,,,,,,,,,,,,,,,,,,,,,
Q2ICX6,,,,,,,,,,,,,,,,,,,,,,,,,,,,,,,,,,,,,,
Q28AT4,,,,,,,,,,,,,,,,,,,,,,,,,,,,,,,,,,,,,,
Q00QF9,,,,,,,,,,,,,,,,,,,,,,,,,,,,,,,,,,,,,,
Q1I2G3,566,Q1I2G3,,Viruses,Influenza A virus (strain A/Memphis/8/1988 H3N2),383588,"Aves, Cetacea, Homo sapiens, Phocidae, Sus scrofa","8782, 9721, 9606, 9709, 9823",,,,,,,530,554,ECO:0000256,,,,,,,,,,,,,,,,,,,,,
Q0A056,,,,,,,,,,,,,,,,,,,,,,,,,,,,,,,,,,,,,,
Q0HCK1,,,,,,,,,,,,,,,,,,,,,,,,,,,,,,,,,,,,,,
B0VW55,568,B0VW55,,Viruses,Influenza A virus,504447,,,,,,,,,533,555,ECO:0000256,,,,,,,,,,,,,,,,,,,,,
B2KH30,,,,,,,,,,,,,,,,,,,,,,,,,,,,,,,,,,,,,,
B5FVY5,,,,,,,,,,,,,,,,,,,,,,,,,,,,,,,,,,,,,,
B6A7G0,,,,,,,,,,,,,,,,,,,,,,,,,,,,,,,,,,,,,,
Q3IAI8,,,,,,,,,,,,,,,,,,,,,,,,,,,,,,,,,,,,,,
Q2RCG5,,,,,,,,,,,,,,,,,,,,,,,,,,,,,,,,,,,,,,
Q0A067,,,,,,,,,,,,,,,,,,,,,,,,,,,,,,,,,,,,,,
A4K052,,,,,,,,,,,,,,,,,,,,,,,,,,,,,,,,,,,,,,
B6JRX4,,,,,,,,,,,,,,,,,,,,,,,,,,,,,,,,,,,,,,
Q2VN22,,,,,,,,,,,,,,,,,,,,,,,,,,,,,,,,,,,,,,
Q0A0U8,,,,,,,,,,,,,,,,,,,,,,,,,,,,,,,,,,,,,,
Q0R953,,,,,,,,,,,,,,,,,,,,,,,,,,,,,,,,,,,,,,
Q07FS3,,,,,,,,,,,,,,,,,,,,,,,,,,,,,,,,,,,,,,
A0RT50,,,,,,,,,,,,,,,,,,,,,,,,,,,,,,,,,,,,,,
A4K1A9,,,,,,,,,,,,,,,,,,,,,,,,,,,,,,,,,,,,,,
A7IR52,,,,,,,,,,,,,,,,,,,,,,,,,,,,,,,,,,,,,,
B1MPM5,,,,,,,,,,,,,,,,,,,,,,,,,,,,,,,,,,,,,,
B0VWP5,,,,,,,,,,,,,,,,,,,,,,,,,,,,,,,,,,,,,,
B3EVY5,,,,,,,,,,,,,,,,,,,,,,,,,,,,,,,,,,,,,,
B2VMJ3,,,,,,,,,,,,,,,,,,,,,,,,,,,,,,,,,,,,,,
B5FW07,,,,,,,,,,,,,,,,,,,,,,,,,,,,,,,,,,,,,,
B5SNG3,568,B5SNG3,,Viruses,Influenza A virus,558390,,,,,,,,,533,555,ECO:0000256,,,,,,,,,,,,,,,,,,,,,
Q8UY95,399,Q8UY95,,Viruses,Influenza A virus,402528,,,,,,,,,,,,,,,,,,,,,,,,,,,,,,,,
Q6XLZ9,,,,,,,,,,,,,,,,,,,,,,,,,,,,,,,,,,,,,,
Q4A2F8,136,Q4A2F8,,Viruses,Emiliania huxleyi virus 86 (isolate United Kingdom/English Channel/1999),654925,Emiliania huxleyi,2903,,,,,,,6,29,ECO:0000256,,,,,,,,,,,,,,,,,,,,,
Q2LNN4,,,,,,,,,,,,,,,,,,,,,,,,,,,,,,,,,,,,,,
Q0HCY3,,,,,,,,,,,,,,,,,,,,,,,,,,,,,,,,,,,,,,
Q0HBQ4,,,,,,,,,,,,,,,,,,,,,,,,,,,,,,,,,,,,,,
A5GX95,,,,,,,,,,,,,,,,,,,,,,,,,,,,,,,,,,,,,,
A7IRE0,,,,,,,,,,,,,,,,,,,,,,,,,,,,,,,,,,,,,,
B2VMA1,,,,,,,,,,,,,,,,,,,,,,,,,,,,,,,,,,,,,,
B5FVU0,,,,,,,,,,,,,,,,,,,,,,,,,,,,,,,,,,,,,,
A9LIB1,560,A9LIB1,,Viruses,Influenza A virus,1093527,,,,,,,,,524,549,ECO:0000256,,,,,,,,,,,,,,,,,,,,,
Q07776,344,Q07776,,Viruses,Influenza A virus,387169,,,,,,,,,,,,,,,,,,,,,,,,,,,,,,,,
Q2ICW5,,,,,,,,,,,,,,,,,,,,,,,,,,,,,,,,,,,,,,
Q2FCC9,,,,,,,,,,,,,,,,,,,,,,,,,,,,,,,,,,,,,,
Q2REK5,,,,,,,,,,,,,,,,,,,,,,,,,,,,,,,,,,,,,,
Q0HCV0,,,,,,,,,,,,,,,,,,,,,,,,,,,,,,,,,,,,,,
A2CGV1,,,,,,,,,,,,,,,,,,,,,,,,,,,,,,,,,,,,,,
A4K2B1,,,,,,,,,,,,,,,,,,,,,,,,,,,,,,,,,,,,,,
A4GBC9,,,,,,,,,,,,,,,,,,,,,,,,,,,,,,,,,,,,,,
B1MPL5,,,,,,,,,,,,,,,,,,,,,,,,,,,,,,,,,,,,,,
B2VM28,,,,,,,,,,,,,,,,,,,,,,,,,,,,,,,,,,,,,,
Q8QKV8,156,Q8QKV8,,Viruses,Ectocarpus siliculosus virus 1 (isolate New Zealand/Kaikoura/1988),654926,Ectocarpus siliculosus,2880,,,,,,,,,,,,,,,,,,,,,,,,,,,,,,
Q4A2F0,267,Q4A2F0,,Viruses,Emiliania huxleyi virus 86 (isolate United Kingdom/English Channel/1999),654925,Emiliania huxleyi,2903,,,,,,,20,37,ECO:0000256,49,70,ECO:0000256,82,101,ECO:0000256,108,127,ECO:0000256,139,158,ECO:0000256,163,183,ECO:0000256,203,223,ECO:0000256,,,
Q20NF6,,,,,,,,,,,,,,,,,,,,,,,,,,,,,,,,,,,,,,
Q0P304,,,,,,,,,,,,,,,,,,,,,,,,,,,,,,,,,,,,,,
Q10UP8,,,,,,,,,,,,,,,,,,,,,,,,,,,,,,,,,,,,,,
A6M6D9,,,,,,,,,,,,,,,,,,,,,,,,,,,,,,,,,,,,,,
B2VMJ8,,,,,,,,,,,,,,,,,,,,,,,,,,,,,,,,,,,,,,
Q3YPJ1,,,,,,,,,,,,,,,,,,,,,,,,,,,,,,,,,,,,,,
Q2ICM7,,,,,,,,,,,,,,,,,,,,,,,,,,,,,,,,,,,,,,
Q2VN42,,,,,,,,,,,,,,,,,,,,,,,,,,,,,,,,,,,,,,
Q20NH7,,,,,,,,,,,,,,,,,,,,,,,,,,,,,,,,,,,,,,
Q2RCC5,,,,,,,,,,,,,,,,,,,,,,,,,,,,,,,,,,,,,,
Q38T29,,,,,,,,,,,,,,,,,,,,,,,,,,,,,,,,,,,,,,
Q15ME8,,,,,,,,,,,,,,,,,,,,,,,,,,,,,,,,,,,,,,
Q0R920,,,,,,,,,,,,,,,,,,,,,,,,,,,,,,,,,,,,,,
Q10UC7,,,,,,,,,,,,,,,,,,,,,,,,,,,,,,,,,,,,,,
A4U6P7,,,,,,,,,,,,,,,,,,,,,,,,,,,,,,,,,,,,,,
A8BC44,,,,,,,,,,,,,,,,,,,,,,,,,,,,,,,,,,,,,,
B6JSG8,,,,,,,,,,,,,,,,,,,,,,,,,,,,,,,,,,,,,,
Q82667,544,Q82667,,Viruses,Infectious bronchitis virus,11120,,,,,,,,,,,,,,,,,,,,,,,,,,,,,,,,
Q5PPA3,156,G3G916,Q5PPA3,Viruses,Suid herpesvirus 1 (strain Kaplan),33703,Sus scrofa,9823,,,,,,,,,,,,,,,,,,,,,,,,,,,,,,
Q58B50,,,,,,,,,,,,,,,,,,,,,,,,,,,,,,,,,,,,,,
Q38TZ8,,,,,,,,,,,,,,,,,,,,,,,,,,,,,,,,,,,,,,
Q0A0D3,,,,,,,,,,,,,,,,,,,,,,,,,,,,,,,,,,,,,,
A6M6I1,,,,,,,,,,,,,,,,,,,,,,,,,,,,,,,,,,,,,,
A8C8Q6,,,,,,,,,,,,,,,,,,,,,,,,,,,,,,,,,,,,,,
B0VVL6,,,,,,,,,,,,,,,,,,,,,,,,,,,,,,,,,,,,,,
B2VM51,,,,,,,,,,,,,,,,,,,,,,,,,,,,,,,,,,,,,,
B5FVV3,,,,,,,,,,,,,,,,,,,,,,,,,,,,,,,,,,,,,,
B6JT41,,,,,,,,,,,,,,,,,,,,,,,,,,,,,,,,,,,,,,
Q67178,329,Q67178,,Viruses,Influenza A virus,382818,,,,,,,,,,,,,,,,,,,,,,,,,,,,,,,,
Q6XM06,,,,,,,,,,,,,,,,,,,,,,,,,,,,,,,,,,,,,,
Q0R8B7,,,,,,,,,,,,,,,,,,,,,,,,,,,,,,,,,,,,,,
Q0HBX0,,,,,,,,,,,,,,,,,,,,,,,,,,,,,,,,,,,,,,
A8C5K7,,,,,,,,,,,,,,,,,,,,,,,,,,,,,,,,,,,,,,
B1MPN7,,,,,,,,,,,,,,,,,,,,,,,,,,,,,,,,,,,,,,
A9X0W4,,,,,,,,,,,,,,,,,,,,,,,,,,,,,,,,,,,,,,
Q67034,329,Q67034,,Viruses,Influenza A virus (strain A/Guangdong/39/1989 H3N2),382812,"Aves, Homo sapiens, Mysticeti, Phocidae, Sus scrofa","8782, 9606, 9761, 9709, 9823",,,,,,,,,,,,,,,,,,,,,,,,,,,,,,
Q58BN0,,,,,,,,,,,,,,,,,,,,,,,,,,,,,,,,,,,,,,
Q20PJ8,,,,,,,,,,,,,,,,,,,,,,,,,,,,,,,,,,,,,,
Q2RF75,,,,,,,,,,,,,,,,,,,,,,,,,,,,,,,,,,,,,,
A9CAE6,,,,,,,,,,,,,,,,,,,,,,,,,,,,,,,,,,,,,,
A9X070,,,,,,,,,,,,,,,,,,,,,,,,,,,,,,,,,,,,,,
Q3SCV7,,,,,,,,,,,,,,,,,,,,,,,,,,,,,,,,,,,,,,
Q00PQ6,,,,,,,,,,,,,,,,,,,,,,,,,,,,,,,,,,,,,,
A4JYU1,,,,,,,,,,,,,,,,,,,,,,,,,,,,,,,,,,,,,,
A8BI40,,,,,,,,,,,,,,,,,,,,,,,,,,,,,,,,,,,,,,
A9C8U7,,,,,,,,,,,,,,,,,,,,,,,,,,,,,,,,,,,,,,
A9CAH9,,,,,,,,,,,,,,,,,,,,,,,,,,,,,,,,,,,,,,
A9X0I2,,,,,,,,,,,,,,,,,,,,,,,,,,,,,,,,,,,,,,
Q6XU77,,,,,,,,,,,,,,,,,,,,,,,,,,,,,,,,,,,,,,
Q3IAS6,,,,,,,,,,,,,,,,,,,,,,,,,,,,,,,,,,,,,,
Q2LP60,,,,,,,,,,,,,,,,,,,,,,,,,,,,,,,,,,,,,,
Q0A4B3,,,,,,,,,,,,,,,,,,,,,,,,,,,,,,,,,,,,,,
Q0R6Q6,,,,,,,,,,,,,,,,,,,,,,,,,,,,,,,,,,,,,,
A8HYJ3,,,,,,,,,,,,,,,,,,,,,,,,,,,,,,,,,,,,,,
B2VM88,,,,,,,,,,,,,,,,,,,,,,,,,,,,,,,,,,,,,,
A9L7I7,,,,,,,,,,,,,,,,,,,,,,,,,,,,,,,,,,,,,,
B6A728,,,,,,,,,,,,,,,,,,,,,,,,,,,,,,,,,,,,,,
O39316,1140,O39316,,Viruses,Blue River virus,69294,,,,,,,,,486,510,ECO:0000256,631,650,ECO:0000256,1109,1130,ECO:0000256,,,,,,,,,,,,,,,
Q3M0J0,,,,,,,,,,,,,,,,,,,,,,,,,,,,,,,,,,,,,,
Q20RK1,,,,,,,,,,,,,,,,,,,,,,,,,,,,,,,,,,,,,,
Q20NF0,,,,,,,,,,,,,,,,,,,,,,,,,,,,,,,,,,,,,,
A6M7X2,,,,,,,,,,,,,,,,,,,,,,,,,,,,,,,,,,,,,,
A7IR74,,,,,,,,,,,,,,,,,,,,,,,,,,,,,,,,,,,,,,
A7LJC1,,,,,,,,,,,,,,,,,,,,,,,,,,,,,,,,,,,,,,
A8ARZ1,,,,,,,,,,,,,,,,,,,,,,,,,,,,,,,,,,,,,,
A8C2W9,,,,,,,,,,,,,,,,,,,,,,,,,,,,,,,,,,,,,,
B1MT00,388,B1MT00,,Viruses,Influenza A virus,464495,,,,,,,,,,,,,,,,,,,,,,,,,,,,,,,,
B2VMF4,,,,,,,,,,,,,,,,,,,,,,,,,,,,,,,,,,,,,,
A9X092,,,,,,,,,,,,,,,,,,,,,,,,,,,,,,,,,,,,,,
B6A605,,,,,,,,,,,,,,,,,,,,,,,,,,,,,,,,,,,,,,
B5SN92,,,,,,,,,,,,,,,,,,,,,,,,,,,,,,,,,,,,,,
Q9DHS2,94,Q9DHS2,,Viruses,Yaba-like disease virus,132475,"Homo sapiens, Simiiformes","9606, 314293",,,,,,,,,,,,,,,,,,,,,,,,,,,,,,
Q67089,357,Q67089,,Viruses,Influenza A virus (strain A/Swine/Iowa/15/1930 H1N1),380342,"Aves, Homo sapiens, Sus scrofa","8782, 9606, 9823",,,,,,,,,,,,,,,,,,,,,,,,,,,,,,
Q4U7Z7,,,,,,,,,,,,,,,,,,,,,,,,,,,,,,,,,,,,,,
Q0R6W1,,,,,,,,,,,,,,,,,,,,,,,,,,,,,,,,,,,,,,
A1BKM6,,,,,,,,,,,,,,,,,,,,,,,,,,,,,,,,,,,,,,
A4K0R1,,,,,,,,,,,,,,,,,,,,,,,,,,,,,,,,,,,,,,
A9C674,,,,,,,,,,,,,,,,,,,,,,,,,,,,,,,,,,,,,,
B2VM74,,,,,,,,,,,,,,,,,,,,,,,,,,,,,,,,,,,,,,
Q20NB6,,,,,,,,,,,,,,,,,,,,,,,,,,,,,,,,,,,,,,
Q20LR6,,,,,,,,,,,,,,,,,,,,,,,,,,,,,,,,,,,,,,
Q1I1V4,,,,,,,,,,,,,,,,,,,,,,,,,,,,,,,,,,,,,,
Q2LNG8,,,,,,,,,,,,,,,,,,,,,,,,,,,,,,,,,,,,,,
Q2Y3U5,,,,,,,,,,,,,,,,,,,,,,,,,,,,,,,,,,,,,,
A4JZ50,,,,,,,,,,,,,,,,,,,,,,,,,,,,,,,,,,,,,,
A8W8E7,,,,,,,,,,,,,,,,,,,,,,,,,,,,,,,,,,,,,,
A9C8P2,,,,,,,,,,,,,,,,,,,,,,,,,,,,,,,,,,,,,,
B1MPI6,,,,,,,,,,,,,,,,,,,,,,,,,,,,,,,,,,,,,,
B0VVI7,,,,,,,,,,,,,,,,,,,,,,,,,,,,,,,,,,,,,,
B6JR65,,,,,,,,,,,,,,,,,,,,,,,,,,,,,,,,,,,,,,
Q9WIU3,,,,,,,,,,,,,,,,,,,,,,,,,,,,,,,,,,,,,,
Q67628,414,Q67628,,Viruses,Infectious laryngotracheitis virus,10386,Gallus gallus,9031,,,,,,,385,411,ECO:0000256,,,,,,,,,,,,,,,,,,,,,
B2ZV32,,,,,,,,,,,,,,,,,,,,,,,,,,,,,,,,,,,,,,
Q7TEA1,,,,,,,,,,,,,,,,,,,,,,,,,,,,,,,,,,,,,,
Q3M0W1,,,,,,,,,,,,,,,,,,,,,,,,,,,,,,,,,,,,,,
Q2ICU3,,,,,,,,,,,,,,,,,,,,,,,,,,,,,,,,,,,,,,
Q0A0C2,,,,,,,,,,,,,,,,,,,,,,,,,,,,,,,,,,,,,,
Q0P315,,,,,,,,,,,,,,,,,,,,,,,,,,,,,,,,,,,,,,
A4GAW4,,,,,,,,,,,,,,,,,,,,,,,,,,,,,,,,,,,,,,
A7LJB1,,,,,,,,,,,,,,,,,,,,,,,,,,,,,,,,,,,,,,
A8C5W2,,,,,,,,,,,,,,,,,,,,,,,,,,,,,,,,,,,,,,
A9C9Y1,,,,,,,,,,,,,,,,,,,,,,,,,,,,,,,,,,,,,,
B2ZV98,,,,,,,,,,,,,,,,,,,,,,,,,,,,,,,,,,,,,,
B3REM6,,,,,,,,,,,,,,,,,,,,,,,,,,,,,,,,,,,,,,
Q2ID86,,,,,,,,,,,,,,,,,,,,,,,,,,,,,,,,,,,,,,
Q20MF7,,,,,,,,,,,,,,,,,,,,,,,,,,,,,,,,,,,,,,
Q28B99,,,,,,,,,,,,,,,,,,,,,,,,,,,,,,,,,,,,,,
Q0A4F1,,,,,,,,,,,,,,,,,,,,,,,,,,,,,,,,,,,,,,
Q1AQJ7,,,,,,,,,,,,,,,,,,,,,,,,,,,,,,,,,,,,,,
A0RT72,,,,,,,,,,,,,,,,,,,,,,,,,,,,,,,,,,,,,,
A5GXB7,,,,,,,,,,,,,,,,,,,,,,,,,,,,,,,,,,,,,,
A7LJI3,,,,,,,,,,,,,,,,,,,,,,,,,,,,,,,,,,,,,,
A8W8J3,,,,,,,,,,,,,,,,,,,,,,,,,,,,,,,,,,,,,,
B2VLP9,,,,,,,,,,,,,,,,,,,,,,,,,,,,,,,,,,,,,,
B4UP40,,,,,,,,,,,,,,,,,,,,,,,,,,,,,,,,,,,,,,
Q2LN91,,,,,,,,,,,,,,,,,,,,,,,,,,,,,,,,,,,,,,
Q2Y4D2,,,,,,,,,,,,,,,,,,,,,,,,,,,,,,,,,,,,,,
Q0R840,,,,,,,,,,,,,,,,,,,,,,,,,,,,,,,,,,,,,,
Q1AQN0,,,,,,,,,,,,,,,,,,,,,,,,,,,,,,,,,,,,,,
B0LY04,,,,,,,,,,,,,,,,,,,,,,,,,,,,,,,,,,,,,,
B2VMF8,,,,,,,,,,,,,,,,,,,,,,,,,,,,,,,,,,,,,,
B2B8T1,,,,,,,,,,,,,,,,,,,,,,,,,,,,,,,,,,,,,,
B6JRL4,,,,,,,,,,,,,,,,,,,,,,,,,,,,,,,,,,,,,,
Q4A345,205,Q4A345,,Viruses,Emiliania huxleyi virus 86 (isolate United Kingdom/English Channel/1999),654925,Emiliania huxleyi,2903,,,,,,,6,23,ECO:0000256,35,54,ECO:0000256,66,86,ECO:0000256,142,163,ECO:0000256,,,,,,,,,,,,
Q67130,344,Q67130,,Viruses,Influenza A virus,387173,,,,,,,,,,,,,,,,,,,,,,,,,,,,,,,,
Q4JRN5,,,,,,,,,,,,,,,,,,,,,,,,,,,,,,,,,,,,,,
Q4A2W2,153,Q4A2W2,,Viruses,Emiliania huxleyi virus 86 (isolate United Kingdom/English Channel/1999),654925,Emiliania huxleyi,2903,,,,,,,6,24,ECO:0000256,127,148,ECO:0000256,,,,,,,,,,,,,,,,,,
Q00R40,,,,,,,,,,,,,,,,,,,,,,,,,,,,,,,,,,,,,,
Q07EK6,,,,,,,,,,,,,,,,,,,,,,,,,,,,,,,,,,,,,,
Q10T81,,,,,,,,,,,,,,,,,,,,,,,,,,,,,,,,,,,,,,
A0M884,,,,,,,,,,,,,,,,,,,,,,,,,,,,,,,,,,,,,,
A8BDT2,,,,,,,,,,,,,,,,,,,,,,,,,,,,,,,,,,,,,,
A8W8J8,,,,,,,,,,,,,,,,,,,,,,,,,,,,,,,,,,,,,,
B2VMA0,,,,,,,,,,,,,,,,,,,,,,,,,,,,,,,,,,,,,,
B6JRU4,,,,,,,,,,,,,,,,,,,,,,,,,,,,,,,,,,,,,,
B5SN24,,,,,,,,,,,,,,,,,,,,,,,,,,,,,,,,,,,,,,
Q3IAZ2,,,,,,,,,,,,,,,,,,,,,,,,,,,,,,,,,,,,,,
Q4ZK67,,,,,,,,,,,,,,,,,,,,,,,,,,,,,,,,,,,,,,
Q463M6,,,,,,,,,,,,,,,,,,,,,,,,,,,,,,,,,,,,,,
Q2RDW5,,,,,,,,,,,,,,,,,,,,,,,,,,,,,,,,,,,,,,
Q38SY5,,,,,,,,,,,,,,,,,,,,,,,,,,,,,,,,,,,,,,
Q0R6F7,,,,,,,,,,,,,,,,,,,,,,,,,,,,,,,,,,,,,,
A4U6M5,,,,,,,,,,,,,,,,,,,,,,,,,,,,,,,,,,,,,,
A8BQ86,,,,,,,,,,,,,,,,,,,,,,,,,,,,,,,,,,,,,,
B3RDX3,,,,,,,,,,,,,,,,,,,,,,,,,,,,,,,,,,,,,,
B2VM30,,,,,,,,,,,,,,,,,,,,,,,,,,,,,,,,,,,,,,
B4UQY2,,,,,,,,,,,,,,,,,,,,,,,,,,,,,,,,,,,,,,
Q4ZKS3,,,,,,,,,,,,,,,,,,,,,,,,,,,,,,,,,,,,,,
Q565P8,,,,,,,,,,,,,,,,,,,,,,,,,,,,,,,,,,,,,,
Q2Y455,,,,,,,,,,,,,,,,,,,,,,,,,,,,,,,,,,,,,,
Q20MP5,,,,,,,,,,,,,,,,,,,,,,,,,,,,,,,,,,,,,,
Q2LNA2,,,,,,,,,,,,,,,,,,,,,,,,,,,,,,,,,,,,,,
Q00Q49,,,,,,,,,,,,,,,,,,,,,,,,,,,,,,,,,,,,,,
Q15M60,,,,,,,,,,,,,,,,,,,,,,,,,,,,,,,,,,,,,,
A4GCE2,,,,,,,,,,,,,,,,,,,,,,,,,,,,,,,,,,,,,,
A8C7P4,,,,,,,,,,,,,,,,,,,,,,,,,,,,,,,,,,,,,,
A9CAD5,,,,,,,,,,,,,,,,,,,,,,,,,,,,,,,,,,,,,,
B4URS3,,,,,,,,,,,,,,,,,,,,,,,,,,,,,,,,,,,,,,
B3RES0,,,,,,,,,,,,,,,,,,,,,,,,,,,,,,,,,,,,,,
A9X026,,,,,,,,,,,,,,,,,,,,,,,,,,,,,,,,,,,,,,
B6A6X4,,,,,,,,,,,,,,,,,,,,,,,,,,,,,,,,,,,,,,
Q66931,384,Q66931,,Viruses,Feline herpesvirus 1,10334,Felidae,9681,,,,,,,,,,,,,,,,,,,,,,,,,,,,,,
Q3M0V0,,,,,,,,,,,,,,,,,,,,,,,,,,,,,,,,,,,,,,
Q20NM3,,,,,,,,,,,,,,,,,,,,,,,,,,,,,,,,,,,,,,
Q20MT9,,,,,,,,,,,,,,,,,,,,,,,,,,,,,,,,,,,,,,
Q20LL1,,,,,,,,,,,,,,,,,,,,,,,,,,,,,,,,,,,,,,
Q2RFI2,,,,,,,,,,,,,,,,,,,,,,,,,,,,,,,,,,,,,,
Q30NI5,,,,,,,,,,,,,,,,,,,,,,,,,,,,,,,,,,,,,,
Q0R8Z8,,,,,,,,,,,,,,,,,,,,,,,,,,,,,,,,,,,,,,
A5GXG1,,,,,,,,,,,,,,,,,,,,,,,,,,,,,,,,,,,,,,
A8W8F1,,,,,,,,,,,,,,,,,,,,,,,,,,,,,,,,,,,,,,
B1MPM6,,,,,,,,,,,,,,,,,,,,,,,,,,,,,,,,,,,,,,
B3RDP6,,,,,,,,,,,,,,,,,,,,,,,,,,,,,,,,,,,,,,
B2KHE0,,,,,,,,,,,,,,,,,,,,,,,,,,,,,,,,,,,,,,
B6A7A5,,,,,,,,,,,,,,,,,,,,,,,,,,,,,,,,,,,,,,
Q9YJW0,,,,,,,,,,,,,,,,,,,,,,,,,,,,,,,,,,,,,,
Q3M0B2,,,,,,,,,,,,,,,,,,,,,,,,,,,,,,,,,,,,,,
Q565F8,,,,,,,,,,,,,,,,,,,,,,,,,,,,,,,,,,,,,,
Q2RDI5,,,,,,,,,,,,,,,,,,,,,,,,,,,,,,,,,,,,,,
Q00PV0,,,,,,,,,,,,,,,,,,,,,,,,,,,,,,,,,,,,,,
Q0R691,,,,,,,,,,,,,,,,,,,,,,,,,,,,,,,,,,,,,,
Q0A2C7,,,,,,,,,,,,,,,,,,,,,,,,,,,,,,,,,,,,,,
Q0P2F9,,,,,,,,,,,,,,,,,,,,,,,,,,,,,,,,,,,,,,
Q0HC03,,,,,,,,,,,,,,,,,,,,,,,,,,,,,,,,,,,,,,
A1BLB8,,,,,,,,,,,,,,,,,,,,,,,,,,,,,,,,,,,,,,
A4JZW4,,,,,,,,,,,,,,,,,,,,,,,,,,,,,,,,,,,,,,
A4K1I6,,,,,,,,,,,,,,,,,,,,,,,,,,,,,,,,,,,,,,
A8C064,,,,,,,,,,,,,,,,,,,,,,,,,,,,,,,,,,,,,,
A8C7D3,,,,,,,,,,,,,,,,,,,,,,,,,,,,,,,,,,,,,,
A9C5N7,,,,,,,,,,,,,,,,,,,,,,,,,,,,,,,,,,,,,,
B1MPJ3,,,,,,,,,,,,,,,,,,,,,,,,,,,,,,,,,,,,,,
B2VM96,,,,,,,,,,,,,,,,,,,,,,,,,,,,,,,,,,,,,,
B2KHM8,,,,,,,,,,,,,,,,,,,,,,,,,,,,,,,,,,,,,,
B6JS96,,,,,,,,,,,,,,,,,,,,,,,,,,,,,,,,,,,,,,
Q9WCE6,566,Q9WCE6,,Viruses,Influenza A virus,387254,,,,,,,,,531,554,ECO:0000256,,,,,,,,,,,,,,,,,,,,,
Q07781,344,Q07781,,Viruses,Influenza A virus,387187,,,,,,,,,,,,,,,,,,,,,,,,,,,,,,,,
Q5DXU2,,,,,,,,,,,,,,,,,,,,,,,,,,,,,,,,,,,,,,
Q20V52,,,,,,,,,,,,,,,,,,,,,,,,,,,,,,,,,,,,,,
Q1WP31,,,,,,,,,,,,,,,,,,,,,,,,,,,,,,,,,,,,,,
Q289A7,,,,,,,,,,,,,,,,,,,,,,,,,,,,,,,,,,,,,,
Q0A498,,,,,,,,,,,,,,,,,,,,,,,,,,,,,,,,,,,,,,
Q10TI0,,,,,,,,,,,,,,,,,,,,,,,,,,,,,,,,,,,,,,
A7R9K8,,,,,,,,,,,,,,,,,,,,,,,,,,,,,,,,,,,,,,
A8W8E6,,,,,,,,,,,,,,,,,,,,,,,,,,,,,,,,,,,,,,
A9C5B6,,,,,,,,,,,,,,,,,,,,,,,,,,,,,,,,,,,,,,
B4UNK7,,,,,,,,,,,,,,,,,,,,,,,,,,,,,,,,,,,,,,
B3RDS9,,,,,,,,,,,,,,,,,,,,,,,,,,,,,,,,,,,,,,
Q5DXV2,,,,,,,,,,,,,,,,,,,,,,,,,,,,,,,,,,,,,,
Q4ZKC3,,,,,,,,,,,,,,,,,,,,,,,,,,,,,,,,,,,,,,
Q4A3B5,78,Q4A3B5,,Viruses,Emiliania huxleyi virus 86 (isolate United Kingdom/English Channel/1999),654925,Emiliania huxleyi,2903,,,,,,,6,25,ECO:0000256,37,57,ECO:0000256,,,,,,,,,,,,,,,,,,
Q20NB5,,,,,,,,,,,,,,,,,,,,,,,,,,,,,,,,,,,,,,
Q2FCE0,564,Q2FCE0,,Viruses,Influenza A virus,352572,,,,,,,,,529,551,ECO:0000256,,,,,,,,,,,,,,,,,,,,,
Q10UT1,,,,,,,,,,,,,,,,,,,,,,,,,,,,,,,,,,,,,,
A0M7I1,,,,,,,,,,,,,,,,,,,,,,,,,,,,,,,,,,,,,,
A0RT17,,,,,,,,,,,,,,,,,,,,,,,,,,,,,,,,,,,,,,
A9C798,,,,,,,,,,,,,,,,,,,,,,,,,,,,,,,,,,,,,,
B3H3G3,,,,,,,,,,,,,,,,,,,,,,,,,,,,,,,,,,,,,,
B6JR76,,,,,,,,,,,,,,,,,,,,,,,,,,,,,,,,,,,,,,
B6JSL2,,,,,,,,,,,,,,,,,,,,,,,,,,,,,,,,,,,,,,
B5SN55,,,,,,,,,,,,,,,,,,,,,,,,,,,,,,,,,,,,,,
Q9Q6P2,344,Q9Q6P2,,Viruses,Influenza A virus,560375,,,,,,,,,,,,,,,,,,,,,,,,,,,,,,,,
Q464G3,,,,,,,,,,,,,,,,,,,,,,,,,,,,,,,,,,,,,,
Q20NC3,,,,,,,,,,,,,,,,,,,,,,,,,,,,,,,,,,,,,,
Q00PR7,,,,,,,,,,,,,,,,,,,,,,,,,,,,,,,,,,,,,,
A0M8F0,,,,,,,,,,,,,,,,,,,,,,,,,,,,,,,,,,,,,,
A0RSP6,,,,,,,,,,,,,,,,,,,,,,,,,,,,,,,,,,,,,,
B3EV27,,,,,,,,,,,,,,,,,,,,,,,,,,,,,,,,,,,,,,
B2VMA2,,,,,,,,,,,,,,,,,,,,,,,,,,,,,,,,,,,,,,
B3REE9,,,,,,,,,,,,,,,,,,,,,,,,,,,,,,,,,,,,,,
Q20W19,,,,,,,,,,,,,,,,,,,,,,,,,,,,,,,,,,,,,,
A4K1X9,,,,,,,,,,,,,,,,,,,,,,,,,,,,,,,,,,,,,,
B0KVH1,,,,,,,,,,,,,,,,,,,,,,,,,,,,,,,,,,,,,,
B2VM97,,,,,,,,,,,,,,,,,,,,,,,,,,,,,,,,,,,,,,
B4URD6,565,B4URD6,,Viruses,Influenza A virus (strain A/Russia:St.Petersburg/8/2006 H1N1),518998,"Aves, Homo sapiens, Sus scrofa","8782, 9606, 9823",1,17,ECO:0000255,,,,529,549,ECO:0000255,,,,,,,,,,,,,,,,,,,,,
B6JRM9,,,,,,,,,,,,,,,,,,,,,,,,,,,,,,,,,,,,,,
B5SN67,,,,,,,,,,,,,,,,,,,,,,,,,,,,,,,,,,,,,,
Q07EV5,,,,,,,,,,,,,,,,,,,,,,,,,,,,,,,,,,,,,,
Q10TV1,,,,,,,,,,,,,,,,,,,,,,,,,,,,,,,,,,,,,,
A8W8K7,,,,,,,,,,,,,,,,,,,,,,,,,,,,,,,,,,,,,,
B0VW99,568,B0VW99,,Viruses,Influenza A virus,504451,,,,,,,,,533,555,ECO:0000256,,,,,,,,,,,,,,,,,,,,,
B2VM00,,,,,,,,,,,,,,,,,,,,,,,,,,,,,,,,,,,,,,
B5FVW7,,,,,,,,,,,,,,,,,,,,,,,,,,,,,,,,,,,,,,
B3REK4,,,,,,,,,,,,,,,,,,,,,,,,,,,,,,,,,,,,,,
Q87079,23,Q87079,,Viruses,Suid herpesvirus 1,10345,,,,,,,,,,,,,,,,,,,,,,,,,,,,,,,,
Q2RFD5,,,,,,,,,,,,,,,,,,,,,,,,,,,,,,,,,,,,,,
Q15M71,,,,,,,,,,,,,,,,,,,,,,,,,,,,,,,,,,,,,,
Q0R8D9,,,,,,,,,,,,,,,,,,,,,,,,,,,,,,,,,,,,,,
A4JZX5,,,,,,,,,,,,,,,,,,,,,,,,,,,,,,,,,,,,,,
A4GCQ2,,,,,,,,,,,,,,,,,,,,,,,,,,,,,,,,,,,,,,
A7IQY8,,,,,,,,,,,,,,,,,,,,,,,,,,,,,,,,,,,,,,
A8W8D9,,,,,,,,,,,,,,,,,,,,,,,,,,,,,,,,,,,,,,
A9C8B0,,,,,,,,,,,,,,,,,,,,,,,,,,,,,,,,,,,,,,
B2VLW7,,,,,,,,,,,,,,,,,,,,,,,,,,,,,,,,,,,,,,
B6JRR8,,,,,,,,,,,,,,,,,,,,,,,,,,,,,,,,,,,,,,
A9L8G7,,,,,,,,,,,,,,,,,,,,,,,,,,,,,,,,,,,,,,
Q58BU0,,,,,,,,,,,,,,,,,,,,,,,,,,,,,,,,,,,,,,
Q2RF65,,,,,,,,,,,,,,,,,,,,,,,,,,,,,,,,,,,,,,
Q38U86,,,,,,,,,,,,,,,,,,,,,,,,,,,,,,,,,,,,,,
Q00R62,,,,,,,,,,,,,,,,,,,,,,,,,,,,,,,,,,,,,,
Q0A4F6,,,,,,,,,,,,,,,,,,,,,,,,,,,,,,,,,,,,,,
Q1I1T2,,,,,,,,,,,,,,,,,,,,,,,,,,,,,,,,,,,,,,
Q07F71,,,,,,,,,,,,,,,,,,,,,,,,,,,,,,,,,,,,,,
A1BLG2,,,,,,,,,,,,,,,,,,,,,,,,,,,,,,,,,,,,,,
A4D6D1,,,,,,,,,,,,,,,,,,,,,,,,,,,,,,,,,,,,,,
A6M5T0,,,,,,,,,,,,,,,,,,,,,,,,,,,,,,,,,,,,,,
A6M893,,,,,,,,,,,,,,,,,,,,,,,,,,,,,,,,,,,,,,
B1MPM4,,,,,,,,,,,,,,,,,,,,,,,,,,,,,,,,,,,,,,
B2VLR1,,,,,,,,,,,,,,,,,,,,,,,,,,,,,,,,,,,,,,
B3REN7,,,,,,,,,,,,,,,,,,,,,,,,,,,,,,,,,,,,,,
Q5K4E6,556,Q5K4E6,,Viruses,Influenza A virus,645449,,,,,,,,,521,543,ECO:0000256,,,,,,,,,,,,,,,,,,,,,
Q20NL1,,,,,,,,,,,,,,,,,,,,,,,,,,,,,,,,,,,,,,
Q20MB4,,,,,,,,,,,,,,,,,,,,,,,,,,,,,,,,,,,,,,
Q2FCD9,,,,,,,,,,,,,,,,,,,,,,,,,,,,,,,,,,,,,,
Q2RDG5,,,,,,,,,,,,,,,,,,,,,,,,,,,,,,,,,,,,,,
Q0P216,,,,,,,,,,,,,,,,,,,,,,,,,,,,,,,,,,,,,,
A4D701,,,,,,,,,,,,,,,,,,,,,,,,,,,,,,,,,,,,,,
A8C5F2,,,,,,,,,,,,,,,,,,,,,,,,,,,,,,,,,,,,,,
B3REB6,,,,,,,,,,,,,,,,,,,,,,,,,,,,,,,,,,,,,,
Q90VS8,857,Q90VS8,,Viruses,Human immunodeficiency virus type 1,11676,Homo sapiens,9606,,,,,,,20,41,ECO:0000256,506,529,ECO:0000256,672,699,ECO:0000256,,,,,,,,,,,,,,,
A2CGM4,,,,,,,,,,,,,,,,,,,,,,,,,,,,,,,,,,,,,,
B6A6L4,,,,,,,,,,,,,,,,,,,,,,,,,,,,,,,,,,,,,,
Q20NE8,,,,,,,,,,,,,,,,,,,,,,,,,,,,,,,,,,,,,,
Q0R8I3,,,,,,,,,,,,,,,,,,,,,,,,,,,,,,,,,,,,,,
Q0P1P5,,,,,,,,,,,,,,,,,,,,,,,,,,,,,,,,,,,,,,
A8C2Q5,,,,,,,,,,,,,,,,,,,,,,,,,,,,,,,,,,,,,,
A8C547,,,,,,,,,,,,,,,,,,,,,,,,,,,,,,,,,,,,,,
B0VVK9,,,,,,,,,,,,,,,,,,,,,,,,,,,,,,,,,,,,,,
B2VMF6,,,,,,,,,,,,,,,,,,,,,,,,,,,,,,,,,,,,,,
B4UPY6,,,,,,,,,,,,,,,,,,,,,,,,,,,,,,,,,,,,,,
Q82517,362,Q82517,,Viruses,Influenza A virus,451802,,,,,,,,,,,,,,,,,,,,,,,,,,,,,,,,
Q20V63,,,,,,,,,,,,,,,,,,,,,,,,,,,,,,,,,,,,,,
Q28A86,,,,,,,,,,,,,,,,,,,,,,,,,,,,,,,,,,,,,,
Q1PU29,,,,,,,,,,,,,,,,,,,,,,,,,,,,,,,,,,,,,,
Q07F68,,,,,,,,,,,,,,,,,,,,,,,,,,,,,,,,,,,,,,
Q10UI2,,,,,,,,,,,,,,,,,,,,,,,,,,,,,,,,,,,,,,
A4GAX5,,,,,,,,,,,,,,,,,,,,,,,,,,,,,,,,,,,,,,
B2VMK9,,,,,,,,,,,,,,,,,,,,,,,,,,,,,,,,,,,,,,
B2ZVQ4,,,,,,,,,,,,,,,,,,,,,,,,,,,,,,,,,,,,,,
Q20NE0,,,,,,,,,,,,,,,,,,,,,,,,,,,,,,,,,,,,,,
Q00QN6,,,,,,,,,,,,,,,,,,,,,,,,,,,,,,,,,,,,,,
Q0A3Y0,,,,,,,,,,,,,,,,,,,,,,,,,,,,,,,,,,,,,,
Q1AR34,,,,,,,,,,,,,,,,,,,,,,,,,,,,,,,,,,,,,,
A4U6W3,,,,,,,,,,,,,,,,,,,,,,,,,,,,,,,,,,,,,,
A7R9M0,,,,,,,,,,,,,,,,,,,,,,,,,,,,,,,,,,,,,,
A8W8J5,,,,,,,,,,,,,,,,,,,,,,,,,,,,,,,,,,,,,,
A9C935,,,,,,,,,,,,,,,,,,,,,,,,,,,,,,,,,,,,,,
B0VVH9,,,,,,,,,,,,,,,,,,,,,,,,,,,,,,,,,,,,,,
B0VWR7,,,,,,,,,,,,,,,,,,,,,,,,,,,,,,,,,,,,,,
B2KHA7,,,,,,,,,,,,,,,,,,,,,,,,,,,,,,,,,,,,,,
B4UPK1,,,,,,,,,,,,,,,,,,,,,,,,,,,,,,,,,,,,,,
Q58BK0,,,,,,,,,,,,,,,,,,,,,,,,,,,,,,,,,,,,,,
Q4A393,197,Q4A393,,Viruses,Emiliania huxleyi virus 86 (isolate United Kingdom/English Channel/1999),654925,Emiliania huxleyi,2903,,,,,,,6,29,ECO:0000256,,,,,,,,,,,,,,,,,,,,,
Q289D9,,,,,,,,,,,,,,,,,,,,,,,,,,,,,,,,,,,,,,
Q15LR7,,,,,,,,,,,,,,,,,,,,,,,,,,,,,,,,,,,,,,
A8BN34,,,,,,,,,,,,,,,,,,,,,,,,,,,,,,,,,,,,,,
A9X037,,,,,,,,,,,,,,,,,,,,,,,,,,,,,,,,,,,,,,
A9C9J9,,,,,,,,,,,,,,,,,,,,,,,,,,,,,,,,,,,,,,
B0KVK4,,,,,,,,,,,,,,,,,,,,,,,,,,,,,,,,,,,,,,
B3EUW1,562,Q67144,B3EUW1,Viruses,Influenza A virus,488235,,,,,,,,,527,550,ECO:0000256,,,,,,,,,,,,,,,,,,,,,
B2B8H1,,,,,,,,,,,,,,,,,,,,,,,,,,,,,,,,,,,,,,
Q8QKW0,106,Q8QKW0,,Viruses,Ectocarpus siliculosus virus 1 (isolate New Zealand/Kaikoura/1988),654926,Ectocarpus siliculosus,2880,,,,,,,,,,,,,,,,,,,,,,,,,,,,,,
Q58C40,,,,,,,,,,,,,,,,,,,,,,,,,,,,,,,,,,,,,,
Q2IC29,,,,,,,,,,,,,,,,,,,,,,,,,,,,,,,,,,,,,,
Q20V85,,,,,,,,,,,,,,,,,,,,,,,,,,,,,,,,,,,,,,
Q20TD3,,,,,,,,,,,,,,,,,,,,,,,,,,,,,,,,,,,,,,
Q0P1S8,,,,,,,,,,,,,,,,,,,,,,,,,,,,,,,,,,,,,,
Q06Y16,1355,Q06Y16,,Viruses,Human coronavirus NL63,277944,Homo sapiens,9606,,,,,,,1296,1315,ECO:0000256,,,,,,,,,,,,,,,,,,,,,
A4U660,,,,,,,,,,,,,,,,,,,,,,,,,,,,,,,,,,,,,,
A8W8D8,,,,,,,,,,,,,,,,,,,,,,,,,,,,,,,,,,,,,,
B3EV60,,,,,,,,,,,,,,,,,,,,,,,,,,,,,,,,,,,,,,
B2VLT7,,,,,,,,,,,,,,,,,,,,,,,,,,,,,,,,,,,,,,
A9L890,,,,,,,,,,,,,,,,,,,,,,,,,,,,,,,,,,,,,,
B6A5R7,,,,,,,,,,,,,,,,,,,,,,,,,,,,,,,,,,,,,,
Q4U827,,,,,,,,,,,,,,,,,,,,,,,,,,,,,,,,,,,,,,
Q58BJ0,,,,,,,,,,,,,,,,,,,,,,,,,,,,,,,,,,,,,,
Q20VG4,,,,,,,,,,,,,,,,,,,,,,,,,,,,,,,,,,,,,,
Q1I275,,,,,,,,,,,,,,,,,,,,,,,,,,,,,,,,,,,,,,
A4GBZ9,,,,,,,,,,,,,,,,,,,,,,,,,,,,,,,,,,,,,,
A4U6B5,,,,,,,,,,,,,,,,,,,,,,,,,,,,,,,,,,,,,,
A7LJL6,,,,,,,,,,,,,,,,,,,,,,,,,,,,,,,,,,,,,,
B4URH3,,,,,,,,,,,,,,,,,,,,,,,,,,,,,,,,,,,,,,
Q4A214,196,Q4A214,,Viruses,Emiliania huxleyi virus 86 (isolate United Kingdom/English Channel/1999),654925,Emiliania huxleyi,2903,,,,,,,,,,,,,,,,,,,,,,,,,,,,,,
B5SN43,,,,,,,,,,,,,,,,,,,,,,,,,,,,,,,,,,,,,,
Q8B6Z2,,,,,,,,,,,,,,,,,,,,,,,,,,,,,,,,,,,,,,
Q65189,233,Q65189,,Viruses,African swine fever virus (strain Badajoz 1971 Vero-adapted),10498,"Ornithodoros, Sus scrofa","6937, 9823",,,,,,,,,,,,,,,,,,,,,,,,,,,,,,
Q2FCD4,,,,,,,,,,,,,,,,,,,,,,,,,,,,,,,,,,,,,,
Q0A181,,,,,,,,,,,,,,,,,,,,,,,,,,,,,,,,,,,,,,
Q15MI1,,,,,,,,,,,,,,,,,,,,,,,,,,,,,,,,,,,,,,
Q15L80,,,,,,,,,,,,,,,,,,,,,,,,,,,,,,,,,,,,,,
Q0R9F2,,,,,,,,,,,,,,,,,,,,,,,,,,,,,,,,,,,,,,
A8BQ43,,,,,,,,,,,,,,,,,,,,,,,,,,,,,,,,,,,,,,
B0VVH5,,,,,,,,,,,,,,,,,,,,,,,,,,,,,,,,,,,,,,
B2ZVV0,,,,,,,,,,,,,,,,,,,,,,,,,,,,,,,,,,,,,,
B6JSY0,,,,,,,,,,,,,,,,,,,,,,,,,,,,,,,,,,,,,,
A9L8I9,,,,,,,,,,,,,,,,,,,,,,,,,,,,,,,,,,,,,,
Q9YJV5,,,,,,,,,,,,,,,,,,,,,,,,,,,,,,,,,,,,,,
Q67088,358,Q67088,,Viruses,Influenza A virus,393558,,,,,,,,,,,,,,,,,,,,,,,,,,,,,,,,
O12293,344,O12293,,Viruses,Influenza A virus,217825,,,,,,,,,,,,,,,,,,,,,,,,,,,,,,,,
Q67127,344,Q67127,,Viruses,Influenza A virus,387172,,,,,,,,,,,,,,,,,,,,,,,,,,,,,,,,
Q3YQ39,,,,,,,,,,,,,,,,,,,,,,,,,,,,,,,,,,,,,,
Q1PTH0,,,,,,,,,,,,,,,,,,,,,,,,,,,,,,,,,,,,,,
Q0R9W7,,,,,,,,,,,,,,,,,,,,,,,,,,,,,,,,,,,,,,
A0RTB6,,,,,,,,,,,,,,,,,,,,,,,,,,,,,,,,,,,,,,
A4JZC7,,,,,,,,,,,,,,,,,,,,,,,,,,,,,,,,,,,,,,
A8BPD0,,,,,,,,,,,,,,,,,,,,,,,,,,,,,,,,,,,,,,
B2VM35,,,,,,,,,,,,,,,,,,,,,,,,,,,,,,,,,,,,,,
B2B8C7,,,,,,,,,,,,,,,,,,,,,,,,,,,,,,,,,,,,,,
B5FVX6,,,,,,,,,,,,,,,,,,,,,,,,,,,,,,,,,,,,,,
B6JS05,,,,,,,,,,,,,,,,,,,,,,,,,,,,,,,,,,,,,,
B5SN44,,,,,,,,,,,,,,,,,,,,,,,,,,,,,,,,,,,,,,
Q463H1,,,,,,,,,,,,,,,,,,,,,,,,,,,,,,,,,,,,,,
Q4U746,,,,,,,,,,,,,,,,,,,,,,,,,,,,,,,,,,,,,,
Q20VJ6,,,,,,,,,,,,,,,,,,,,,,,,,,,,,,,,,,,,,,
Q20NJ7,,,,,,,,,,,,,,,,,,,,,,,,,,,,,,,,,,,,,,
Q00R07,,,,,,,,,,,,,,,,,,,,,,,,,,,,,,,,,,,,,,
A8BMY0,,,,,,,,,,,,,,,,,,,,,,,,,,,,,,,,,,,,,,
A9C506,,,,,,,,,,,,,,,,,,,,,,,,,,,,,,,,,,,,,,
A9CA25,,,,,,,,,,,,,,,,,,,,,,,,,,,,,,,,,,,,,,
B3EV05,,,,,,,,,,,,,,,,,,,,,,,,,,,,,,,,,,,,,,
B4UPP4,,,,,,,,,,,,,,,,,,,,,,,,,,,,,,,,,,,,,,
Q58BE0,,,,,,,,,,,,,,,,,,,,,,,,,,,,,,,,,,,,,,
Q2RCR5,,,,,,,,,,,,,,,,,,,,,,,,,,,,,,,,,,,,,,
Q0R7M5,,,,,,,,,,,,,,,,,,,,,,,,,,,,,,,,,,,,,,
Q0A089,,,,,,,,,,,,,,,,,,,,,,,,,,,,,,,,,,,,,,
A8BY42,,,,,,,,,,,,,,,,,,,,,,,,,,,,,,,,,,,,,,
A7R9L9,,,,,,,,,,,,,,,,,,,,,,,,,,,,,,,,,,,,,,
A8W8B7,,,,,,,,,,,,,,,,,,,,,,,,,,,,,,,,,,,,,,
B3EW07,,,,,,,,,,,,,,,,,,,,,,,,,,,,,,,,,,,,,,
B2B974,,,,,,,,,,,,,,,,,,,,,,,,,,,,,,,,,,,,,,
B5FVX1,,,,,,,,,,,,,,,,,,,,,,,,,,,,,,,,,,,,,,
Q6XU71,,,,,,,,,,,,,,,,,,,,,,,,,,,,,,,,,,,,,,
Q4JRT5,,,,,,,,,,,,,,,,,,,,,,,,,,,,,,,,,,,,,,
Q4U786,,,,,,,,,,,,,,,,,,,,,,,,,,,,,,,,,,,,,,
Q20UW4,,,,,,,,,,,,,,,,,,,,,,,,,,,,,,,,,,,,,,
A8BN82,,,,,,,,,,,,,,,,,,,,,,,,,,,,,,,,,,,,,,
A8HYI9,,,,,,,,,,,,,,,,,,,,,,,,,,,,,,,,,,,,,,
B2VM42,,,,,,,,,,,,,,,,,,,,,,,,,,,,,,,,,,,,,,
B2VNB2,,,,,,,,,,,,,,,,,,,,,,,,,,,,,,,,,,,,,,
B3RDZ5,,,,,,,,,,,,,,,,,,,,,,,,,,,,,,,,,,,,,,
B5FW30,,,,,,,,,,,,,,,,,,,,,,,,,,,,,,,,,,,,,,
A8BSM4,,,,,,,,,,,,,,,,,,,,,,,,,,,,,,,,,,,,,,
A9X108,,,,,,,,,,,,,,,,,,,,,,,,,,,,,,,,,,,,,,
Q4A324,175,Q4A324,,Viruses,Emiliania huxleyi virus 86 (isolate United Kingdom/English Channel/1999),654925,Emiliania huxleyi,2903,,,,,,,10,28,ECO:0000256,,,,,,,,,,,,,,,,,,,,,
Q20NG7,,,,,,,,,,,,,,,,,,,,,,,,,,,,,,,,,,,,,,
Q07FQ1,,,,,,,,,,,,,,,,,,,,,,,,,,,,,,,,,,,,,,
Q10TP6,,,,,,,,,,,,,,,,,,,,,,,,,,,,,,,,,,,,,,
A4K030,,,,,,,,,,,,,,,,,,,,,,,,,,,,,,,,,,,,,,
A4GCP1,,,,,,,,,,,,,,,,,,,,,,,,,,,,,,,,,,,,,,
B0VVK6,,,,,,,,,,,,,,,,,,,,,,,,,,,,,,,,,,,,,,
B4UPQ1,,,,,,,,,,,,,,,,,,,,,,,,,,,,,,,,,,,,,,
Q3IAC2,,,,,,,,,,,,,,,,,,,,,,,,,,,,,,,,,,,,,,
Q4A3B8,155,Q4A3B8,,Viruses,Emiliania huxleyi virus 86 (isolate United Kingdom/English Channel/1999),654925,Emiliania huxleyi,2903,,,,,,,12,29,ECO:0000256,35,53,ECO:0000256,93,115,ECO:0000256,,,,,,,,,,,,,,,
Q2IBX4,,,,,,,,,,,,,,,,,,,,,,,,,,,,,,,,,,,,,,
Q20NG0,,,,,,,,,,,,,,,,,,,,,,,,,,,,,,,,,,,,,,
Q2Y3Y9,,,,,,,,,,,,,,,,,,,,,,,,,,,,,,,,,,,,,,
Q0P2B5,,,,,,,,,,,,,,,,,,,,,,,,,,,,,,,,,,,,,,
Q0HAE0,,,,,,,,,,,,,,,,,,,,,,,,,,,,,,,,,,,,,,
A0RSW2,,,,,,,,,,,,,,,,,,,,,,,,,,,,,,,,,,,,,,
A6M7S8,,,,,,,,,,,,,,,,,,,,,,,,,,,,,,,,,,,,,,
A9C4S9,,,,,,,,,,,,,,,,,,,,,,,,,,,,,,,,,,,,,,
Q462Z4,,,,,,,,,,,,,,,,,,,,,,,,,,,,,,,,,,,,,,
Q4JRM5,,,,,,,,,,,,,,,,,,,,,,,,,,,,,,,,,,,,,,
Q2RCT5,,,,,,,,,,,,,,,,,,,,,,,,,,,,,,,,,,,,,,
Q2Y3K7,,,,,,,,,,,,,,,,,,,,,,,,,,,,,,,,,,,,,,
Q09ZF3,,,,,,,,,,,,,,,,,,,,,,,,,,,,,,,,,,,,,,
Q10TC5,,,,,,,,,,,,,,,,,,,,,,,,,,,,,,,,,,,,,,
A4D723,,,,,,,,,,,,,,,,,,,,,,,,,,,,,,,,,,,,,,
A6M5L4,,,,,,,,,,,,,,,,,,,,,,,,,,,,,,,,,,,,,,
A8C3U5,,,,,,,,,,,,,,,,,,,,,,,,,,,,,,,,,,,,,,
A8C6E5,,,,,,,,,,,,,,,,,,,,,,,,,,,,,,,,,,,,,,
B1MPP6,,,,,,,,,,,,,,,,,,,,,,,,,,,,,,,,,,,,,,
Q67090,357,Q67090,,Viruses,Influenza A virus,260810,,,,,,,,,,,,,,,,,,,,,,,,,,,,,,,,
Q65106,758,Q65106,,Viruses,Foot-and-mouth disease virus SAT 3,12123,,,,,,,,,,,,,,,,,,,,,,,,,,,,,,,,
Q52JT8,,,,,,,,,,,,,,,,,,,,,,,,,,,,,,,,,,,,,,
Q4U7D6,,,,,,,,,,,,,,,,,,,,,,,,,,,,,,,,,,,,,,
Q20VW0,,,,,,,,,,,,,,,,,,,,,,,,,,,,,,,,,,,,,,
Q20NF8,,,,,,,,,,,,,,,,,,,,,,,,,,,,,,,,,,,,,,
Q20LY2,,,,,,,,,,,,,,,,,,,,,,,,,,,,,,,,,,,,,,
Q28AU5,,,,,,,,,,,,,,,,,,,,,,,,,,,,,,,,,,,,,,
Q2LMW7,,,,,,,,,,,,,,,,,,,,,,,,,,,,,,,,,,,,,,
Q30N32,,,,,,,,,,,,,,,,,,,,,,,,,,,,,,,,,,,,,,
Q00RD9,,,,,,,,,,,,,,,,,,,,,,,,,,,,,,,,,,,,,,
A0RSJ1,,,,,,,,,,,,,,,,,,,,,,,,,,,,,,,,,,,,,,
A4GBG2,,,,,,,,,,,,,,,,,,,,,,,,,,,,,,,,,,,,,,
A9C9T7,,,,,,,,,,,,,,,,,,,,,,,,,,,,,,,,,,,,,,
A8W8G0,,,,,,,,,,,,,,,,,,,,,,,,,,,,,,,,,,,,,,
B5FW11,,,,,,,,,,,,,,,,,,,,,,,,,,,,,,,,,,,,,,
A9L7M0,,,,,,,,,,,,,,,,,,,,,,,,,,,,,,,,,,,,,,
Q90140,,,,,,,,,,,,,,,,,,,,,,,,,,,,,,,,,,,,,,
Q4JRH5,,,,,,,,,,,,,,,,,,,,,,,,,,,,,,,,,,,,,,
Q4A2B7,85,Q4A2B7,,Viruses,Emiliania huxleyi virus 86 (isolate United Kingdom/English Channel/1999),654925,Emiliania huxleyi,2903,,,,,,,6,27,ECO:0000256,,,,,,,,,,,,,,,,,,,,,
Q2RC65,,,,,,,,,,,,,,,,,,,,,,,,,,,,,,,,,,,,,,
Q0A3X4,,,,,,,,,,,,,,,,,,,,,,,,,,,,,,,,,,,,,,
A4K121,,,,,,,,,,,,,,,,,,,,,,,,,,,,,,,,,,,,,,
A4U6F9,,,,,,,,,,,,,,,,,,,,,,,,,,,,,,,,,,,,,,
Q7ZPC2,,,,,,,,,,,,,,,,,,,,,,,,,,,,,,,,,,,,,,
A3DRT4,,,,,,,,,,,,,,,,,,,,,,,,,,,,,,,,,,,,,,
Q2ICF0,,,,,,,,,,,,,,,,,,,,,,,,,,,,,,,,,,,,,,
Q20LX1,,,,,,,,,,,,,,,,,,,,,,,,,,,,,,,,,,,,,,
Q2RDT5,,,,,,,,,,,,,,,,,,,,,,,,,,,,,,,,,,,,,,
Q28AA8,,,,,,,,,,,,,,,,,,,,,,,,,,,,,,,,,,,,,,
Q0A405,,,,,,,,,,,,,,,,,,,,,,,,,,,,,,,,,,,,,,
Q0HB33,,,,,,,,,,,,,,,,,,,,,,,,,,,,,,,,,,,,,,
A3DS44,,,,,,,,,,,,,,,,,,,,,,,,,,,,,,,,,,,,,,
A4D734,,,,,,,,,,,,,,,,,,,,,,,,,,,,,,,,,,,,,,
A4GBT3,,,,,,,,,,,,,,,,,,,,,,,,,,,,,,,,,,,,,,
A8W8J7,,,,,,,,,,,,,,,,,,,,,,,,,,,,,,,,,,,,,,
B2VLQ6,,,,,,,,,,,,,,,,,,,,,,,,,,,,,,,,,,,,,,
B4UPP3,,,,,,,,,,,,,,,,,,,,,,,,,,,,,,,,,,,,,,
B6JRW9,,,,,,,,,,,,,,,,,,,,,,,,,,,,,,,,,,,,,,
B6A7C7,,,,,,,,,,,,,,,,,,,,,,,,,,,,,,,,,,,,,,
Q8QKV3,259,Q8QKV3,,Viruses,Ectocarpus siliculosus virus 1 (isolate New Zealand/Kaikoura/1988),654926,Ectocarpus siliculosus,2880,,,,,,,,,,,,,,,,,,,,,,,,,,,,,,
Q58CE0,,,,,,,,,,,,,,,,,,,,,,,,,,,,,,,,,,,,,,
Q20VF1,,,,,,,,,,,,,,,,,,,,,,,,,,,,,,,,,,,,,,
Q20NG2,,,,,,,,,,,,,,,,,,,,,,,,,,,,,,,,,,,,,,
Q1WQ99,,,,,,,,,,,,,,,,,,,,,,,,,,,,,,,,,,,,,,
Q28AM9,,,,,,,,,,,,,,,,,,,,,,,,,,,,,,,,,,,,,,
Q0R8F0,,,,,,,,,,,,,,,,,,,,,,,,,,,,,,,,,,,,,,
Q10TM4,,,,,,,,,,,,,,,,,,,,,,,,,,,,,,,,,,,,,,
Q0HB65,,,,,,,,,,,,,,,,,,,,,,,,,,,,,,,,,,,,,,
A9C4R8,,,,,,,,,,,,,,,,,,,,,,,,,,,,,,,,,,,,,,
B3EVX4,,,,,,,,,,,,,,,,,,,,,,,,,,,,,,,,,,,,,,
B2VM64,,,,,,,,,,,,,,,,,,,,,,,,,,,,,,,,,,,,,,
B4UPT3,,,,,,,,,,,,,,,,,,,,,,,,,,,,,,,,,,,,,,
Q0A034,,,,,,,,,,,,,,,,,,,,,,,,,,,,,,,,,,,,,,
A0RTI6,,,,,,,,,,,,,,,,,,,,,,,,,,,,,,,,,,,,,,
A4GCK8,565,A4GCK8,,Viruses,Influenza A virus (strain A/USA:Iowa/1943 H1N1),425563,"Aves, Homo sapiens, Sus scrofa","8782, 9606, 9823",1,17,ECO:0000255,,,,529,549,ECO:0000255,,,,,,,,,,,,,,,,,,,,,
A9C7D1,,,,,,,,,,,,,,,,,,,,,,,,,,,,,,,,,,,,,,
B1MPH8,,,,,,,,,,,,,,,,,,,,,,,,,,,,,,,,,,,,,,
B2VN46,,,,,,,,,,,,,,,,,,,,,,,,,,,,,,,,,,,,,,
B5FVU1,,,,,,,,,,,,,,,,,,,,,,,,,,,,,,,,,,,,,,
Q9YJU6,,,,,,,,,,,,,,,,,,,,,,,,,,,,,,,,,,,,,,
Q0R7P7,,,,,,,,,,,,,,,,,,,,,,,,,,,,,,,,,,,,,,
Q09Z98,,,,,,,,,,,,,,,,,,,,,,,,,,,,,,,,,,,,,,
Q0P1F7,,,,,,,,,,,,,,,,,,,,,,,,,,,,,,,,,,,,,,
Q10TZ5,,,,,,,,,,,,,,,,,,,,,,,,,,,,,,,,,,,,,,
A4Z3V4,,,,,,,,,,,,,,,,,,,,,,,,,,,,,,,,,,,,,,
A8BLE6,,,,,,,,,,,,,,,,,,,,,,,,,,,,,,,,,,,,,,
B1MSZ8,392,B1MSZ8,,Viruses,Influenza A virus,511416,,,,,,,,,,,,,,,,,,,,,,,,,,,,,,,,
B2KHN9,,,,,,,,,,,,,,,,,,,,,,,,,,,,,,,,,,,,,,
Q88482,377,Q88482,,Viruses,Tick-borne encephalitis virus,11084,,,,,,,,,,,,,,,,,,,,,,,,,,,,,,,,
Q2ICI3,,,,,,,,,,,,,,,,,,,,,,,,,,,,,,,,,,,,,,
Q20NF2,,,,,,,,,,,,,,,,,,,,,,,,,,,,,,,,,,,,,,
A4JZA5,,,,,,,,,,,,,,,,,,,,,,,,,,,,,,,,,,,,,,
A4D7M3,,,,,,,,,,,,,,,,,,,,,,,,,,,,,,,,,,,,,,
A8HY40,,,,,,,,,,,,,,,,,,,,,,,,,,,,,,,,,,,,,,
B2VMD7,,,,,,,,,,,,,,,,,,,,,,,,,,,,,,,,,,,,,,
B5FVY3,,,,,,,,,,,,,,,,,,,,,,,,,,,,,,,,,,,,,,
B6JTZ0,,,,,,,,,,,,,,,,,,,,,,,,,,,,,,,,,,,,,,
A9L7T6,,,,,,,,,,,,,,,,,,,,,,,,,,,,,,,,,,,,,,
Q67014,329,Q67014,,Viruses,Influenza A virus,382783,,,,,,,,,,,,,,,,,,,,,,,,,,,,,,,,
Q6XU69,,,,,,,,,,,,,,,,,,,,,,,,,,,,,,,,,,,,,,
Q52JP8,,,,,,,,,,,,,,,,,,,,,,,,,,,,,,,,,,,,,,
Q463Z7,,,,,,,,,,,,,,,,,,,,,,,,,,,,,,,,,,,,,,
Q2RCB5,,,,,,,,,,,,,,,,,,,,,,,,,,,,,,,,,,,,,,
A4D6P1,,,,,,,,,,,,,,,,,,,,,,,,,,,,,,,,,,,,,,
B2VME2,,,,,,,,,,,,,,,,,,,,,,,,,,,,,,,,,,,,,,
Q6XU62,,,,,,,,,,,,,,,,,,,,,,,,,,,,,,,,,,,,,,
Q4U7M7,,,,,,,,,,,,,,,,,,,,,,,,,,,,,,,,,,,,,,
Q20U66,,,,,,,,,,,,,,,,,,,,,,,,,,,,,,,,,,,,,,
Q2RCZ5,,,,,,,,,,,,,,,,,,,,,,,,,,,,,,,,,,,,,,
Q2LN80,,,,,,,,,,,,,,,,,,,,,,,,,,,,,,,,,,,,,,
Q1PT93,,,,,,,,,,,,,,,,,,,,,,,,,,,,,,,,,,,,,,
Q0R6N4,,,,,,,,,,,,,,,,,,,,,,,,,,,,,,,,,,,,,,
A9C844,,,,,,,,,,,,,,,,,,,,,,,,,,,,,,,,,,,,,,
B1MT07,393,B1MT07,,Viruses,Influenza A virus,511422,,,,,,,,,,,,,,,,,,,,,,,,,,,,,,,,
B3RE72,,,,,,,,,,,,,,,,,,,,,,,,,,,,,,,,,,,,,,
B3REL5,,,,,,,,,,,,,,,,,,,,,,,,,,,,,,,,,,,,,,
B2VMT6,,,,,,,,,,,,,,,,,,,,,,,,,,,,,,,,,,,,,,
Q20NC6,,,,,,,,,,,,,,,,,,,,,,,,,,,,,,,,,,,,,,
Q2REE5,,,,,,,,,,,,,,,,,,,,,,,,,,,,,,,,,,,,,,
Q0RA88,,,,,,,,,,,,,,,,,,,,,,,,,,,,,,,,,,,,,,
Q0P1X2,,,,,,,,,,,,,,,,,,,,,,,,,,,,,,,,,,,,,,
Q10U50,,,,,,,,,,,,,,,,,,,,,,,,,,,,,,,,,,,,,,
A4U5Y3,,,,,,,,,,,,,,,,,,,,,,,,,,,,,,,,,,,,,,
A8ASA1,,,,,,,,,,,,,,,,,,,,,,,,,,,,,,,,,,,,,,
Q6XU74,,,,,,,,,,,,,,,,,,,,,,,,,,,,,,,,,,,,,,
Q3IB25,,,,,,,,,,,,,,,,,,,,,,,,,,,,,,,,,,,,,,
Q4ZKG3,,,,,,,,,,,,,,,,,,,,,,,,,,,,,,,,,,,,,,
Q58AZ0,,,,,,,,,,,,,,,,,,,,,,,,,,,,,,,,,,,,,,
Q20W74,,,,,,,,,,,,,,,,,,,,,,,,,,,,,,,,,,,,,,
Q10UJ3,,,,,,,,,,,,,,,,,,,,,,,,,,,,,,,,,,,,,,
B2VMA4,,,,,,,,,,,,,,,,,,,,,,,,,,,,,,,,,,,,,,
B6JTK8,,,,,,,,,,,,,,,,,,,,,,,,,,,,,,,,,,,,,,
Q5W331,,,,,,,,,,,,,,,,,,,,,,,,,,,,,,,,,,,,,,
Q52K08,,,,,,,,,,,,,,,,,,,,,,,,,,,,,,,,,,,,,,
Q3YQ06,,,,,,,,,,,,,,,,,,,,,,,,,,,,,,,,,,,,,,
Q565G8,,,,,,,,,,,,,,,,,,,,,,,,,,,,,,,,,,,,,,
Q00R51,,,,,,,,,,,,,,,,,,,,,,,,,,,,,,,,,,,,,,
Q0A0L0,,,,,,,,,,,,,,,,,,,,,,,,,,,,,,,,,,,,,,
A3DSD2,,,,,,,,,,,,,,,,,,,,,,,,,,,,,,,,,,,,,,
A4D654,,,,,,,,,,,,,,,,,,,,,,,,,,,,,,,,,,,,,,
A8BL99,,,,,,,,,,,,,,,,,,,,,,,,,,,,,,,,,,,,,,
A8C5S3,,,,,,,,,,,,,,,,,,,,,,,,,,,,,,,,,,,,,,
B3EVI1,565,B3EVI1,,Viruses,Influenza A virus,500660,,,,,,,,,529,553,ECO:0000256,,,,,,,,,,,,,,,,,,,,,
Q52JQ8,,,,,,,,,,,,,,,,,,,,,,,,,,,,,,,,,,,,,,
Q1WPU5,,,,,,,,,,,,,,,,,,,,,,,,,,,,,,,,,,,,,,
A4JZP8,,,,,,,,,,,,,,,,,,,,,,,,,,,,,,,,,,,,,,
A4K1D1,,,,,,,,,,,,,,,,,,,,,,,,,,,,,,,,,,,,,,
A8BFL1,,,,,,,,,,,,,,,,,,,,,,,,,,,,,,,,,,,,,,
A8W8I9,,,,,,,,,,,,,,,,,,,,,,,,,,,,,,,,,,,,,,
B3EVL4,,,,,,,,,,,,,,,,,,,,,,,,,,,,,,,,,,,,,,
B5FVS0,,,,,,,,,,,,,,,,,,,,,,,,,,,,,,,,,,,,,,
Q81113,,,,,,,,,,,,,,,,,,,,,,,,,,,,,,,,,,,,,,
Q6XU63,,,,,,,,,,,,,,,,,,,,,,,,,,,,,,,,,,,,,,
A4U6T0,,,,,,,,,,,,,,,,,,,,,,,,,,,,,,,,,,,,,,
B1MPJ2,,,,,,,,,,,,,,,,,,,,,,,,,,,,,,,,,,,,,,
B2ZVQ2,,,,,,,,,,,,,,,,,,,,,,,,,,,,,,,,,,,,,,
B4US11,,,,,,,,,,,,,,,,,,,,,,,,,,,,,,,,,,,,,,
Q5PPA2,686,G3G8Z4,Q5PPA2,Viruses,Suid herpesvirus 1 (strain Kaplan),33703,Sus scrofa,9823,,,,,,,647,667,ECO:0000256,,,,,,,,,,,,,,,,,,,,,
Q4U857,,,,,,,,,,,,,,,,,,,,,,,,,,,,,,,,,,,,,,
Q4U706,,,,,,,,,,,,,,,,,,,,,,,,,,,,,,,,,,,,,,
Q2ICH2,,,,,,,,,,,,,,,,,,,,,,,,,,,,,,,,,,,,,,
B1MPN4,,,,,,,,,,,,,,,,,,,,,,,,,,,,,,,,,,,,,,
B1MT03,394,B1MT03,,Viruses,Influenza A virus,511421,,,,,,,,,,,,,,,,,,,,,,,,,,,,,,,,
B2VME6,,,,,,,,,,,,,,,,,,,,,,,,,,,,,,,,,,,,,,
B2VNH8,,,,,,,,,,,,,,,,,,,,,,,,,,,,,,,,,,,,,,
B6JTF3,,,,,,,,,,,,,,,,,,,,,,,,,,,,,,,,,,,,,,
A9WZS7,,,,,,,,,,,,,,,,,,,,,,,,,,,,,,,,,,,,,,
Q87084,22,Q87084,,Viruses,Suid herpesvirus 1,10345,,,,,,,,,,,,,,,,,,,,,,,,,,,,,,,,
Q5PP79,,,,,,,,,,,,,,,,,,,,,,,,,,,,,,,,,,,,,,
Q2ID64,,,,,,,,,,,,,,,,,,,,,,,,,,,,,,,,,,,,,,
Q1PT27,,,,,,,,,,,,,,,,,,,,,,,,,,,,,,,,,,,,,,
Q15LV0,,,,,,,,,,,,,,,,,,,,,,,,,,,,,,,,,,,,,,
Q10TN5,,,,,,,,,,,,,,,,,,,,,,,,,,,,,,,,,,,,,,
A4U762,,,,,,,,,,,,,,,,,,,,,,,,,,,,,,,,,,,,,,
A9CA36,,,,,,,,,,,,,,,,,,,,,,,,,,,,,,,,,,,,,,
B2KHJ5,,,,,,,,,,,,,,,,,,,,,,,,,,,,,,,,,,,,,,
B4UPM4,,,,,,,,,,,,,,,,,,,,,,,,,,,,,,,,,,,,,,
B3SQT5,566,B3SQT5,,Viruses,Influenza A virus,469644,,,,,,,,,531,553,ECO:0000256,,,,,,,,,,,,,,,,,,,,,
B6JTA9,,,,,,,,,,,,,,,,,,,,,,,,,,,,,,,,,,,,,,
Q6XU60,,,,,,,,,,,,,,,,,,,,,,,,,,,,,,,,,,,,,,
Q4A2F4,142,Q4A2F4,,Viruses,Emiliania huxleyi virus 86 (isolate United Kingdom/English Channel/1999),654925,Emiliania huxleyi,2903,,,,,,,6,25,ECO:0000256,,,,,,,,,,,,,,,,,,,,,
Q20S98,,,,,,,,,,,,,,,,,,,,,,,,,,,,,,,,,,,,,,
Q2LNE6,,,,,,,,,,,,,,,,,,,,,,,,,,,,,,,,,,,,,,
Q0R7T0,,,,,,,,,,,,,,,,,,,,,,,,,,,,,,,,,,,,,,
Q0R6K1,,,,,,,,,,,,,,,,,,,,,,,,,,,,,,,,,,,,,,
Q07EF1,,,,,,,,,,,,,,,,,,,,,,,,,,,,,,,,,,,,,,
A4K165,,,,,,,,,,,,,,,,,,,,,,,,,,,,,,,,,,,,,,
B6JR96,548,B6JR96,,Viruses,Influenza A virus,569267,,,,,,,,,520,544,ECO:0000256,,,,,,,,,,,,,,,,,,,,,
B6JSS6,,,,,,,,,,,,,,,,,,,,,,,,,,,,,,,,,,,,,,
B6A5W1,,,,,,,,,,,,,,,,,,,,,,,,,,,,,,,,,,,,,,
Q20N05,,,,,,,,,,,,,,,,,,,,,,,,,,,,,,,,,,,,,,
Q0P1C4,,,,,,,,,,,,,,,,,,,,,,,,,,,,,,,,,,,,,,
A8C4H8,,,,,,,,,,,,,,,,,,,,,,,,,,,,,,,,,,,,,,
A8W8K4,,,,,,,,,,,,,,,,,,,,,,,,,,,,,,,,,,,,,,
B1MPP0,,,,,,,,,,,,,,,,,,,,,,,,,,,,,,,,,,,,,,
B5FVX8,,,,,,,,,,,,,,,,,,,,,,,,,,,,,,,,,,,,,,
Q8AMN9,,,,,,,,,,,,,,,,,,,,,,,,,,,,,,,,,,,,,,
A4U627,,,,,,,,,,,,,,,,,,,,,,,,,,,,,,,,,,,,,,
Q4A305,100,Q4A305,,Viruses,Emiliania huxleyi virus 86 (isolate United Kingdom/English Channel/1999),654925,Emiliania huxleyi,2903,,,,,,,,,,,,,,,,,,,,,,,,,,,,,,
Q462Y3,,,,,,,,,,,,,,,,,,,,,,,,,,,,,,,,,,,,,,
Q58CF0,,,,,,,,,,,,,,,,,,,,,,,,,,,,,,,,,,,,,,
Q20M70,,,,,,,,,,,,,,,,,,,,,,,,,,,,,,,,,,,,,,
A4K0X7,,,,,,,,,,,,,,,,,,,,,,,,,,,,,,,,,,,,,,
A6M5K3,,,,,,,,,,,,,,,,,,,,,,,,,,,,,,,,,,,,,,
A8BET3,,,,,,,,,,,,,,,,,,,,,,,,,,,,,,,,,,,,,,
A8C8I3,,,,,,,,,,,,,,,,,,,,,,,,,,,,,,,,,,,,,,
A9C7Y9,,,,,,,,,,,,,,,,,,,,,,,,,,,,,,,,,,,,,,
A8W8G1,,,,,,,,,,,,,,,,,,,,,,,,,,,,,,,,,,,,,,
B6JRN9,556,B6JRN9,,Viruses,Influenza A virus,569264,,,,,,,,,520,544,ECO:0000256,,,,,,,,,,,,,,,,,,,,,
B5SN66,,,,,,,,,,,,,,,,,,,,,,,,,,,,,,,,,,,,,,
Q67335,354,Q67335,,Viruses,Influenza A virus,384480,,,,,,,,,,,,,,,,,,,,,,,,,,,,,,,,
Q565S8,,,,,,,,,,,,,,,,,,,,,,,,,,,,,,,,,,,,,,
Q2LNW1,,,,,,,,,,,,,,,,,,,,,,,,,,,,,,,,,,,,,,
Q15LG8,,,,,,,,,,,,,,,,,,,,,,,,,,,,,,,,,,,,,,
Q0R771,,,,,,,,,,,,,,,,,,,,,,,,,,,,,,,,,,,,,,
Q1I2F2,,,,,,,,,,,,,,,,,,,,,,,,,,,,,,,,,,,,,,
Q09YT3,,,,,,,,,,,,,,,,,,,,,,,,,,,,,,,,,,,,,,
Q0P3C5,,,,,,,,,,,,,,,,,,,,,,,,,,,,,,,,,,,,,,
A1BK84,,,,,,,,,,,,,,,,,,,,,,,,,,,,,,,,,,,,,,
A4U6R9,,,,,,,,,,,,,,,,,,,,,,,,,,,,,,,,,,,,,,
B3H386,,,,,,,,,,,,,,,,,,,,,,,,,,,,,,,,,,,,,,
B2VM06,,,,,,,,,,,,,,,,,,,,,,,,,,,,,,,,,,,,,,
B2B908,,,,,,,,,,,,,,,,,,,,,,,,,,,,,,,,,,,,,,
B5FW29,,,,,,,,,,,,,,,,,,,,,,,,,,,,,,,,,,,,,,
Q4A2A4,189,Q4A2A4,,Viruses,Emiliania huxleyi virus 86 (isolate United Kingdom/English Channel/1999),654925,Emiliania huxleyi,2903,,,,,,,6,27,ECO:0000256,39,62,ECO:0000256,68,85,ECO:0000256,106,124,ECO:0000256,,,,,,,,,,,,
Q07EA7,,,,,,,,,,,,,,,,,,,,,,,,,,,,,,,,,,,,,,
A0M895,,,,,,,,,,,,,,,,,,,,,,,,,,,,,,,,,,,,,,
A8C4P5,,,,,,,,,,,,,,,,,,,,,,,,,,,,,,,,,,,,,,
A9CAA2,,,,,,,,,,,,,,,,,,,,,,,,,,,,,,,,,,,,,,
B5SNA4,,,,,,,,,,,,,,,,,,,,,,,,,,,,,,,,,,,,,,
Q4A2G7,134,Q4A2G7,,Viruses,Emiliania huxleyi virus 86 (isolate United Kingdom/English Channel/1999),654925,Emiliania huxleyi,2903,,,,,,,19,40,ECO:0000256,,,,,,,,,,,,,,,,,,,,,
Q0A4D2,,,,,,,,,,,,,,,,,,,,,,,,,,,,,,,,,,,,,,
Q0A2X3,562,Q0A2X3,,Viruses,Influenza A virus (strain A/Japan/305/1957 H2N2),382814,"Aves, Homo sapiens","8782, 9606",,,,,,,527,550,ECO:0000256,,,,,,,,,,,,,,,,,,,,,
A4K1E2,,,,,,,,,,,,,,,,,,,,,,,,,,,,,,,,,,,,,,
B3RDE0,,,,,,,,,,,,,,,,,,,,,,,,,,,,,,,,,,,,,,
B6JS72,,,,,,,,,,,,,,,,,,,,,,,,,,,,,,,,,,,,,,
Q7TDW9,564,Q7TDW9,,Viruses,Influenza A virus,199442,,,,,,,,,528,553,ECO:0000256,,,,,,,,,,,,,,,,,,,,,
Q20NM1,,,,,,,,,,,,,,,,,,,,,,,,,,,,,,,,,,,,,,
Q2RF45,,,,,,,,,,,,,,,,,,,,,,,,,,,,,,,,,,,,,,
Q30NJ6,,,,,,,,,,,,,,,,,,,,,,,,,,,,,,,,,,,,,,
Q15LN4,,,,,,,,,,,,,,,,,,,,,,,,,,,,,,,,,,,,,,
Q0A2W2,568,Q0A2W2,,Viruses,Influenza A virus (strain A/Tern/South Africa/1961 H5N3),384510,Aves,8782,,,,,,,533,555,ECO:0000256,,,,,,,,,,,,,,,,,,,,,
Q09ZV7,,,,,,,,,,,,,,,,,,,,,,,,,,,,,,,,,,,,,,
A4K110,,,,,,,,,,,,,,,,,,,,,,,,,,,,,,,,,,,,,,
A6M871,,,,,,,,,,,,,,,,,,,,,,,,,,,,,,,,,,,,,,
A9X0P8,,,,,,,,,,,,,,,,,,,,,,,,,,,,,,,,,,,,,,
B2VMC3,,,,,,,,,,,,,,,,,,,,,,,,,,,,,,,,,,,,,,
B4UPS4,,,,,,,,,,,,,,,,,,,,,,,,,,,,,,,,,,,,,,
B5FVV5,,,,,,,,,,,,,,,,,,,,,,,,,,,,,,,,,,,,,,
Q9Q6N5,344,Q9Q6N5,,Viruses,Influenza A virus,217809,,,,,,,,,,,,,,,,,,,,,,,,,,,,,,,,
Q4A3C9,263,Q4A3C9,,Viruses,Emiliania huxleyi virus 86 (isolate United Kingdom/English Channel/1999),654925,Emiliania huxleyi,2903,,,,,,,,,,,,,,,,,,,,,,,,,,,,,,
Q2RCM5,,,,,,,,,,,,,,,,,,,,,,,,,,,,,,,,,,,,,,
Q38SL4,,,,,,,,,,,,,,,,,,,,,,,,,,,,,,,,,,,,,,
B0KVE9,,,,,,,,,,,,,,,,,,,,,,,,,,,,,,,,,,,,,,
B1MPP5,,,,,,,,,,,,,,,,,,,,,,,,,,,,,,,,,,,,,,
B2VM67,,,,,,,,,,,,,,,,,,,,,,,,,,,,,,,,,,,,,,
B4USD2,,,,,,,,,,,,,,,,,,,,,,,,,,,,,,,,,,,,,,
Q67129,344,Q67129,,Viruses,Influenza A virus,387172,,,,,,,,,,,,,,,,,,,,,,,,,,,,,,,,
Q20NE7,,,,,,,,,,,,,,,,,,,,,,,,,,,,,,,,,,,,,,
Q09YV5,,,,,,,,,,,,,,,,,,,,,,,,,,,,,,,,,,,,,,
A0RSG9,,,,,,,,,,,,,,,,,,,,,,,,,,,,,,,,,,,,,,
A4GAN7,,,,,,,,,,,,,,,,,,,,,,,,,,,,,,,,,,,,,,
A4K074,,,,,,,,,,,,,,,,,,,,,,,,,,,,,,,,,,,,,,
A8HYE5,,,,,,,,,,,,,,,,,,,,,,,,,,,,,,,,,,,,,,
B5SNE5,,,,,,,,,,,,,,,,,,,,,,,,,,,,,,,,,,,,,,
Q20Q53,,,,,,,,,,,,,,,,,,,,,,,,,,,,,,,,,,,,,,
Q20NE6,,,,,,,,,,,,,,,,,,,,,,,,,,,,,,,,,,,,,,
B3EVZ6,,,,,,,,,,,,,,,,,,,,,,,,,,,,,,,,,,,,,,
B2VN13,,,,,,,,,,,,,,,,,,,,,,,,,,,,,,,,,,,,,,
Q9Q0I2,,,,,,,,,,,,,,,,,,,,,,,,,,,,,,,,,,,,,,
Q6XU86,,,,,,,,,,,,,,,,,,,,,,,,,,,,,,,,,,,,,,
Q4JRS5,,,,,,,,,,,,,,,,,,,,,,,,,,,,,,,,,,,,,,
Q2Y3X8,,,,,,,,,,,,,,,,,,,,,,,,,,,,,,,,,,,,,,
Q1WQ00,,,,,,,,,,,,,,,,,,,,,,,,,,,,,,,,,,,,,,
Q00RC8,,,,,,,,,,,,,,,,,,,,,,,,,,,,,,,,,,,,,,
Q0HAH3,,,,,,,,,,,,,,,,,,,,,,,,,,,,,,,,,,,,,,
A0M851,,,,,,,,,,,,,,,,,,,,,,,,,,,,,,,,,,,,,,
A8C3E5,,,,,,,,,,,,,,,,,,,,,,,,,,,,,,,,,,,,,,
A9C8G5,,,,,,,,,,,,,,,,,,,,,,,,,,,,,,,,,,,,,,
A9C9P3,,,,,,,,,,,,,,,,,,,,,,,,,,,,,,,,,,,,,,
B2VM78,,,,,,,,,,,,,,,,,,,,,,,,,,,,,,,,,,,,,,
B5FVX3,,,,,,,,,,,,,,,,,,,,,,,,,,,,,,,,,,,,,,
B6JTE6,,,,,,,,,,,,,,,,,,,,,,,,,,,,,,,,,,,,,,
B5SMM0,,,,,,,,,,,,,,,,,,,,,,,,,,,,,,,,,,,,,,
Q5DXH2,,,,,,,,,,,,,,,,,,,,,,,,,,,,,,,,,,,,,,
Q52K18,,,,,,,,,,,,,,,,,,,,,,,,,,,,,,,,,,,,,,
Q4U7G6,,,,,,,,,,,,,,,,,,,,,,,,,,,,,,,,,,,,,,
Q1PTK3,,,,,,,,,,,,,,,,,,,,,,,,,,,,,,,,,,,,,,
A8BQN5,,,,,,,,,,,,,,,,,,,,,,,,,,,,,,,,,,,,,,
A9C5C7,,,,,,,,,,,,,,,,,,,,,,,,,,,,,,,,,,,,,,
B2ZVG5,,,,,,,,,,,,,,,,,,,,,,,,,,,,,,,,,,,,,,
B6JT14,,,,,,,,,,,,,,,,,,,,,,,,,,,,,,,,,,,,,,
Q2RF15,,,,,,,,,,,,,,,,,,,,,,,,,,,,,,,,,,,,,,
Q1PTW3,,,,,,,,,,,,,,,,,,,,,,,,,,,,,,,,,,,,,,
Q15LS8,,,,,,,,,,,,,,,,,,,,,,,,,,,,,,,,,,,,,,
A4JZK4,,,,,,,,,,,,,,,,,,,,,,,,,,,,,,,,,,,,,,
A6M705,,,,,,,,,,,,,,,,,,,,,,,,,,,,,,,,,,,,,,
A8W8B0,,,,,,,,,,,,,,,,,,,,,,,,,,,,,,,,,,,,,,
B3RDN5,,,,,,,,,,,,,,,,,,,,,,,,,,,,,,,,,,,,,,
B6A6J2,,,,,,,,,,,,,,,,,,,,,,,,,,,,,,,,,,,,,,
O56855,,,,,,,,,,,,,,,,,,,,,,,,,,,,,,,,,,,,,,
Q1PTV2,,,,,,,,,,,,,,,,,,,,,,,,,,,,,,,,,,,,,,
Q0A3A5,566,Q0A3A5,,Viruses,Influenza A virus,402503,,,,,,,,,531,553,ECO:0000256,,,,,,,,,,,,,,,,,,,,,
Q07F67,,,,,,,,,,,,,,,,,,,,,,,,,,,,,,,,,,,,,,
Q0HD27,,,,,,,,,,,,,,,,,,,,,,,,,,,,,,,,,,,,,,
A4K154,,,,,,,,,,,,,,,,,,,,,,,,,,,,,,,,,,,,,,
A4GBW6,566,A4GBW6,,Viruses,Influenza A virus,425552,,,,,,,,,531,554,ECO:0000256,,,,,,,,,,,,,,,,,,,,,
A9C4L3,,,,,,,,,,,,,,,,,,,,,,,,,,,,,,,,,,,,,,
B6A6U1,566,B6A6U1,,Viruses,Influenza A virus,476294,,,,,,,,,530,554,ECO:0000256,,,,,,,,,,,,,,,,,,,,,
Q6XU70,,,,,,,,,,,,,,,,,,,,,,,,,,,,,,,,,,,,,,
Q464F2,,,,,,,,,,,,,,,,,,,,,,,,,,,,,,,,,,,,,,
Q4U756,,,,,,,,,,,,,,,,,,,,,,,,,,,,,,,,,,,,,,
Q2RD35,,,,,,,,,,,,,,,,,,,,,,,,,,,,,,,,,,,,,,
Q2LP16,,,,,,,,,,,,,,,,,,,,,,,,,,,,,,,,,,,,,,
A4D6I6,,,,,,,,,,,,,,,,,,,,,,,,,,,,,,,,,,,,,,
A8HZ10,,,,,,,,,,,,,,,,,,,,,,,,,,,,,,,,,,,,,,
A8C1V4,,,,,,,,,,,,,,,,,,,,,,,,,,,,,,,,,,,,,,
B1MPI7,,,,,,,,,,,,,,,,,,,,,,,,,,,,,,,,,,,,,,
B2VMB4,,,,,,,,,,,,,,,,,,,,,,,,,,,,,,,,,,,,,,
A9X152,,,,,,,,,,,,,,,,,,,,,,,,,,,,,,,,,,,,,,
B6A739,,,,,,,,,,,,,,,,,,,,,,,,,,,,,,,,,,,,,,
Q82512,370,Q82512,,Viruses,Influenza A virus,375737,,,,,,,,,,,,,,,,,,,,,,,,,,,,,,,,
Q3IB68,,,,,,,,,,,,,,,,,,,,,,,,,,,,,,,,,,,,,,
Q20PT1,,,,,,,,,,,,,,,,,,,,,,,,,,,,,,,,,,,,,,
Q20LH8,,,,,,,,,,,,,,,,,,,,,,,,,,,,,,,,,,,,,,
Q2Y2S2,,,,,,,,,,,,,,,,,,,,,,,,,,,,,,,,,,,,,,
Q0R6J0,,,,,,,,,,,,,,,,,,,,,,,,,,,,,,,,,,,,,,
Q0A0F5,,,,,,,,,,,,,,,,,,,,,,,,,,,,,,,,,,,,,,
Q0P370,,,,,,,,,,,,,,,,,,,,,,,,,,,,,,,,,,,,,,
A0RSX3,,,,,,,,,,,,,,,,,,,,,,,,,,,,,,,,,,,,,,
A4K0E0,,,,,,,,,,,,,,,,,,,,,,,,,,,,,,,,,,,,,,
B0VW66,568,B0VW66,,Viruses,Influenza A virus,504448,,,,,,,,,533,555,ECO:0000256,,,,,,,,,,,,,,,,,,,,,
B4URX8,,,,,,,,,,,,,,,,,,,,,,,,,,,,,,,,,,,,,,
B5SNA0,,,,,,,,,,,,,,,,,,,,,,,,,,,,,,,,,,,,,,
Q3IBD4,,,,,,,,,,,,,,,,,,,,,,,,,,,,,,,,,,,,,,
Q463L5,,,,,,,,,,,,,,,,,,,,,,,,,,,,,,,,,,,,,,
Q3YPK2,,,,,,,,,,,,,,,,,,,,,,,,,,,,,,,,,,,,,,
Q58BH1,,,,,,,,,,,,,,,,,,,,,,,,,,,,,,,,,,,,,,
Q2IBI1,565,Q2IBI1,,Viruses,Influenza A virus,385583,,,,,,,,,530,553,ECO:0000256,,,,,,,,,,,,,,,,,,,,,
Q20V30,,,,,,,,,,,,,,,,,,,,,,,,,,,,,,,,,,,,,,
A0M807,,,,,,,,,,,,,,,,,,,,,,,,,,,,,,,,,,,,,,
A4D6W8,,,,,,,,,,,,,,,,,,,,,,,,,,,,,,,,,,,,,,
A7LJE2,,,,,,,,,,,,,,,,,,,,,,,,,,,,,,,,,,,,,,
A8BRC4,,,,,,,,,,,,,,,,,,,,,,,,,,,,,,,,,,,,,,
B0VWS8,,,,,,,,,,,,,,,,,,,,,,,,,,,,,,,,,,,,,,
B2VMB0,,,,,,,,,,,,,,,,,,,,,,,,,,,,,,,,,,,,,,
Q4U7Q7,,,,,,,,,,,,,,,,,,,,,,,,,,,,,,,,,,,,,,
Q0RA33,,,,,,,,,,,,,,,,,,,,,,,,,,,,,,,,,,,,,,
Q0P1G8,,,,,,,,,,,,,,,,,,,,,,,,,,,,,,,,,,,,,,
A4K0N9,,,,,,,,,,,,,,,,,,,,,,,,,,,,,,,,,,,,,,
A8BRR8,,,,,,,,,,,,,,,,,,,,,,,,,,,,,,,,,,,,,,
A7IR63,,,,,,,,,,,,,,,,,,,,,,,,,,,,,,,,,,,,,,
B1MPL0,,,,,,,,,,,,,,,,,,,,,,,,,,,,,,,,,,,,,,
B3GT45,,,,,,,,,,,,,,,,,,,,,,,,,,,,,,,,,,,,,,
B5FVT2,,,,,,,,,,,,,,,,,,,,,,,,,,,,,,,,,,,,,,
Q9WIU5,,,,,,,,,,,,,,,,,,,,,,,,,,,,,,,,,,,,,,
Q9WIU6,,,,,,,,,,,,,,,,,,,,,,,,,,,,,,,,,,,,,,
B6A693,,,,,,,,,,,,,,,,,,,,,,,,,,,,,,,,,,,,,,
B5SN62,,,,,,,,,,,,,,,,,,,,,,,,,,,,,,,,,,,,,,
Q2IC84,,,,,,,,,,,,,,,,,,,,,,,,,,,,,,,,,,,,,,
Q20NM8,,,,,,,,,,,,,,,,,,,,,,,,,,,,,,,,,,,,,,
Q15LM3,,,,,,,,,,,,,,,,,,,,,,,,,,,,,,,,,,,,,,
Q07ER1,,,,,,,,,,,,,,,,,,,,,,,,,,,,,,,,,,,,,,
A5GXD9,,,,,,,,,,,,,,,,,,,,,,,,,,,,,,,,,,,,,,
A6M8H0,,,,,,,,,,,,,,,,,,,,,,,,,,,,,,,,,,,,,,
A8C7F5,,,,,,,,,,,,,,,,,,,,,,,,,,,,,,,,,,,,,,
B2B930,,,,,,,,,,,,,,,,,,,,,,,,,,,,,,,,,,,,,,
B4US99,,,,,,,,,,,,,,,,,,,,,,,,,,,,,,,,,,,,,,
Q5DXC2,,,,,,,,,,,,,,,,,,,,,,,,,,,,,,,,,,,,,,
Q3M0Q6,,,,,,,,,,,,,,,,,,,,,,,,,,,,,,,,,,,,,,
Q20WG5,,,,,,,,,,,,,,,,,,,,,,,,,,,,,,,,,,,,,,
Q09ZX9,,,,,,,,,,,,,,,,,,,,,,,,,,,,,,,,,,,,,,
Q0P2U1,,,,,,,,,,,,,,,,,,,,,,,,,,,,,,,,,,,,,,
Q07E63,,,,,,,,,,,,,,,,,,,,,,,,,,,,,,,,,,,,,,
A8C522,,,,,,,,,,,,,,,,,,,,,,,,,,,,,,,,,,,,,,
B2VMC2,,,,,,,,,,,,,,,,,,,,,,,,,,,,,,,,,,,,,,
Q52JR8,,,,,,,,,,,,,,,,,,,,,,,,,,,,,,,,,,,,,,
Q20NM2,,,,,,,,,,,,,,,,,,,,,,,,,,,,,,,,,,,,,,
Q289G1,,,,,,,,,,,,,,,,,,,,,,,,,,,,,,,,,,,,,,
A6M6F0,,,,,,,,,,,,,,,,,,,,,,,,,,,,,,,,,,,,,,
A4U6L4,,,,,,,,,,,,,,,,,,,,,,,,,,,,,,,,,,,,,,
A5GXC8,,,,,,,,,,,,,,,,,,,,,,,,,,,,,,,,,,,,,,
A9C4P6,,,,,,,,,,,,,,,,,,,,,,,,,,,,,,,,,,,,,,
B1MPK9,,,,,,,,,,,,,,,,,,,,,,,,,,,,,,,,,,,,,,
B5FW00,,,,,,,,,,,,,,,,,,,,,,,,,,,,,,,,,,,,,,
B3RE83,,,,,,,,,,,,,,,,,,,,,,,,,,,,,,,,,,,,,,
Q87081,23,Q87081,,Viruses,Suid herpesvirus 1,10345,,,,,,,,,,,,,,,,,,,,,,,,,,,,,,,,
Q5K371,,,,,,,,,,,,,,,,,,,,,,,,,,,,,,,,,,,,,,
Q5ZEW5,499,G3G921,Q5ZEW5,Viruses,Suid herpesvirus 1 (strain Kaplan),33703,Sus scrofa,9823,,,,,,,459,479,ECO:0000256,,,,,,,,,,,,,,,,,,,,,
Q3M0B3,,,,,,,,,,,,,,,,,,,,,,,,,,,,,,,,,,,,,,
Q58BS0,,,,,,,,,,,,,,,,,,,,,,,,,,,,,,,,,,,,,,
Q4A2A3,166,Q4A2A3,,Viruses,Emiliania huxleyi virus 86 (isolate United Kingdom/English Channel/1999),654925,Emiliania huxleyi,2903,,,,,,,12,32,ECO:0000256,,,,,,,,,,,,,,,,,,,,,
Q20NI2,,,,,,,,,,,,,,,,,,,,,,,,,,,,,,,,,,,,,,
Q38UD0,,,,,,,,,,,,,,,,,,,,,,,,,,,,,,,,,,,,,,
Q0A3Z4,,,,,,,,,,,,,,,,,,,,,,,,,,,,,,,,,,,,,,
Q15KR5,,,,,,,,,,,,,,,,,,,,,,,,,,,,,,,,,,,,,,
Q0R9X8,,,,,,,,,,,,,,,,,,,,,,,,,,,,,,,,,,,,,,
Q0R8X6,,,,,,,,,,,,,,,,,,,,,,,,,,,,,,,,,,,,,,
A4Z3Y7,,,,,,,,,,,,,,,,,,,,,,,,,,,,,,,,,,,,,,
A8BGB3,,,,,,,,,,,,,,,,,,,,,,,,,,,,,,,,,,,,,,
A8BT50,,,,,,,,,,,,,,,,,,,,,,,,,,,,,,,,,,,,,,
A8C4G6,,,,,,,,,,,,,,,,,,,,,,,,,,,,,,,,,,,,,,
B2VLQ7,,,,,,,,,,,,,,,,,,,,,,,,,,,,,,,,,,,,,,
B2ZV86,,,,,,,,,,,,,,,,,,,,,,,,,,,,,,,,,,,,,,
B6JR46,,,,,,,,,,,,,,,,,,,,,,,,,,,,,,,,,,,,,,
A9L813,,,,,,,,,,,,,,,,,,,,,,,,,,,,,,,,,,,,,,
Q68983,23,Q68983,,Viruses,Suid herpesvirus 1,10345,,,,,,,,,,,,,,,,,,,,,,,,,,,,,,,,
Q20VC9,,,,,,,,,,,,,,,,,,,,,,,,,,,,,,,,,,,,,,
Q0R6P5,,,,,,,,,,,,,,,,,,,,,,,,,,,,,,,,,,,,,,
Q0A485,,,,,,,,,,,,,,,,,,,,,,,,,,,,,,,,,,,,,,
A8BSZ2,,,,,,,,,,,,,,,,,,,,,,,,,,,,,,,,,,,,,,
A8W8A6,,,,,,,,,,,,,,,,,,,,,,,,,,,,,,,,,,,,,,
B0VVY5,,,,,,,,,,,,,,,,,,,,,,,,,,,,,,,,,,,,,,
B2VLL9,,,,,,,,,,,,,,,,,,,,,,,,,,,,,,,,,,,,,,
B2VMG0,,,,,,,,,,,,,,,,,,,,,,,,,,,,,,,,,,,,,,
B5FW18,,,,,,,,,,,,,,,,,,,,,,,,,,,,,,,,,,,,,,
B6JT30,,,,,,,,,,,,,,,,,,,,,,,,,,,,,,,,,,,,,,
Q3YPS9,,,,,,,,,,,,,,,,,,,,,,,,,,,,,,,,,,,,,,
A4D6S4,,,,,,,,,,,,,,,,,,,,,,,,,,,,,,,,,,,,,,
A6M747,,,,,,,,,,,,,,,,,,,,,,,,,,,,,,,,,,,,,,
B0VVI1,,,,,,,,,,,,,,,,,,,,,,,,,,,,,,,,,,,,,,
B6JSB0,,,,,,,,,,,,,,,,,,,,,,,,,,,,,,,,,,,,,,
Q4A237,180,Q4A237,,Viruses,Emiliania huxleyi virus 86 (isolate United Kingdom/English Channel/1999),654925,Emiliania huxleyi,2903,,,,,,,20,39,ECO:0000256,133,155,ECO:0000256,,,,,,,,,,,,,,,,,,
Q2IC07,,,,,,,,,,,,,,,,,,,,,,,,,,,,,,,,,,,,,,
Q09YQ0,,,,,,,,,,,,,,,,,,,,,,,,,,,,,,,,,,,,,,
A4GBJ5,,,,,,,,,,,,,,,,,,,,,,,,,,,,,,,,,,,,,,
A6M736,,,,,,,,,,,,,,,,,,,,,,,,,,,,,,,,,,,,,,
A8BK18,,,,,,,,,,,,,,,,,,,,,,,,,,,,,,,,,,,,,,
A7IR41,,,,,,,,,,,,,,,,,,,,,,,,,,,,,,,,,,,,,,
Q5DXN2,,,,,,,,,,,,,,,,,,,,,,,,,,,,,,,,,,,,,,
Q2Y3R2,,,,,,,,,,,,,,,,,,,,,,,,,,,,,,,,,,,,,,
Q2RDA5,,,,,,,,,,,,,,,,,,,,,,,,,,,,,,,,,,,,,,
Q0P1N4,,,,,,,,,,,,,,,,,,,,,,,,,,,,,,,,,,,,,,
A4K2J9,,,,,,,,,,,,,,,,,,,,,,,,,,,,,,,,,,,,,,
A8HZ42,,,,,,,,,,,,,,,,,,,,,,,,,,,,,,,,,,,,,,
A8W8I7,,,,,,,,,,,,,,,,,,,,,,,,,,,,,,,,,,,,,,
B3EUX2,,,,,,,,,,,,,,,,,,,,,,,,,,,,,,,,,,,,,,
B6RED1,,,,,,,,,,,,,,,,,,,,,,,,,,,,,,,,,,,,,,
Q5DXA2,,,,,,,,,,,,,,,,,,,,,,,,,,,,,,,,,,,,,,
Q1WPR2,,,,,,,,,,,,,,,,,,,,,,,,,,,,,,,,,,,,,,
Q38SF9,,,,,,,,,,,,,,,,,,,,,,,,,,,,,,,,,,,,,,
A8BTE5,,,,,,,,,,,,,,,,,,,,,,,,,,,,,,,,,,,,,,
A8C592,,,,,,,,,,,,,,,,,,,,,,,,,,,,,,,,,,,,,,
B3EUQ6,566,Q9WCD8,B3EUQ6,Viruses,Influenza A virus (strain A/Swine/Wisconsin/1/1961 H1N1),383533,"Aves, Homo sapiens, Sus scrofa","8782, 9606, 9823",1,17,ECO:0000255,,,,530,550,ECO:0000255,,,,,,,,,,,,,,,,,,,,,
B2VMD5,,,,,,,,,,,,,,,,,,,,,,,,,,,,,,,,,,,,,,
B2VNR2,,,,,,,,,,,,,,,,,,,,,,,,,,,,,,,,,,,,,,
Q5BHK5,,,,,,,,,,,,,,,,,,,,,,,,,,,,,,,,,,,,,,
Q0HCZ4,,,,,,,,,,,,,,,,,,,,,,,,,,,,,,,,,,,,,,
A0M873,,,,,,,,,,,,,,,,,,,,,,,,,,,,,,,,,,,,,,
Q9YJV8,,,,,,,,,,,,,,,,,,,,,,,,,,,,,,,,,,,,,,
Q4U7C6,,,,,,,,,,,,,,,,,,,,,,,,,,,,,,,,,,,,,,
Q2FCE2,,,,,,,,,,,,,,,,,,,,,,,,,,,,,,,,,,,,,,
Q28A75,,,,,,,,,,,,,,,,,,,,,,,,,,,,,,,,,,,,,,
Q0A0Q4,,,,,,,,,,,,,,,,,,,,,,,,,,,,,,,,,,,,,,
Q10US0,,,,,,,,,,,,,,,,,,,,,,,,,,,,,,,,,,,,,,
A4GBI4,,,,,,,,,,,,,,,,,,,,,,,,,,,,,,,,,,,,,,
A9C4V1,,,,,,,,,,,,,,,,,,,,,,,,,,,,,,,,,,,,,,
A9C9H7,,,,,,,,,,,,,,,,,,,,,,,,,,,,,,,,,,,,,,
B0VVL0,,,,,,,,,,,,,,,,,,,,,,,,,,,,,,,,,,,,,,
B0VWV0,,,,,,,,,,,,,,,,,,,,,,,,,,,,,,,,,,,,,,
B2VLZ7,,,,,,,,,,,,,,,,,,,,,,,,,,,,,,,,,,,,,,
B2ZVU1,,,,,,,,,,,,,,,,,,,,,,,,,,,,,,,,,,,,,,
B5FVW6,,,,,,,,,,,,,,,,,,,,,,,,,,,,,,,,,,,,,,
A9X0S0,,,,,,,,,,,,,,,,,,,,,,,,,,,,,,,,,,,,,,
B5SN56,,,,,,,,,,,,,,,,,,,,,,,,,,,,,,,,,,,,,,
Q52JY8,,,,,,,,,,,,,,,,,,,,,,,,,,,,,,,,,,,,,,
Q2Y3B9,,,,,,,,,,,,,,,,,,,,,,,,,,,,,,,,,,,,,,
Q1WQJ8,,,,,,,,,,,,,,,,,,,,,,,,,,,,,,,,,,,,,,
Q00QW3,,,,,,,,,,,,,,,,,,,,,,,,,,,,,,,,,,,,,,
A4JZQ9,,,,,,,,,,,,,,,,,,,,,,,,,,,,,,,,,,,,,,
A4GCH5,566,A4GCH5,,Viruses,Influenza A virus (strain A/Chile/1/1983 H1N1),380985,"Aves, Homo sapiens, Sus scrofa","8782, 9606, 9823",1,17,ECO:0000255,,,,530,550,ECO:0000255,,,,,,,,,,,,,,,,,,,,,
B0KW51,,,,,,,,,,,,,,,,,,,,,,,,,,,,,,,,,,,,,,
B1MPN2,,,,,,,,,,,,,,,,,,,,,,,,,,,,,,,,,,,,,,
B2VLR0,,,,,,,,,,,,,,,,,,,,,,,,,,,,,,,,,,,,,,
B2VNA1,,,,,,,,,,,,,,,,,,,,,,,,,,,,,,,,,,,,,,
B4US66,,,,,,,,,,,,,,,,,,,,,,,,,,,,,,,,,,,,,,
B3SQS4,566,B3SQS4,,Viruses,Influenza A virus,469643,,,,,,,,,531,554,ECO:0000256,,,,,,,,,,,,,,,,,,,,,
A7LJM7,,,,,,,,,,,,,,,,,,,,,,,,,,,,,,,,,,,,,,
A8AS13,,,,,,,,,,,,,,,,,,,,,,,,,,,,,,,,,,,,,,
A9C5Z7,,,,,,,,,,,,,,,,,,,,,,,,,,,,,,,,,,,,,,
A9C7C0,,,,,,,,,,,,,,,,,,,,,,,,,,,,,,,,,,,,,,
B0VVI3,,,,,,,,,,,,,,,,,,,,,,,,,,,,,,,,,,,,,,
Q565N8,,,,,,,,,,,,,,,,,,,,,,,,,,,,,,,,,,,,,,
Q2RCY5,,,,,,,,,,,,,,,,,,,,,,,,,,,,,,,,,,,,,,
Q0P2R9,,,,,,,,,,,,,,,,,,,,,,,,,,,,,,,,,,,,,,
A8C5G4,,,,,,,,,,,,,,,,,,,,,,,,,,,,,,,,,,,,,,
A7R9U1,,,,,,,,,,,,,,,,,,,,,,,,,,,,,,,,,,,,,,
B2VMW9,,,,,,,,,,,,,,,,,,,,,,,,,,,,,,,,,,,,,,
B4US55,,,,,,,,,,,,,,,,,,,,,,,,,,,,,,,,,,,,,,
Q88964,252,Q88964,,Viruses,Vaccinia virus,10245,,,,,,,,,,,,,,,,,,,,,,,,,,,,,,,,
Q20TC5,,,,,,,,,,,,,,,,,,,,,,,,,,,,,,,,,,,,,,
Q20NL7,,,,,,,,,,,,,,,,,,,,,,,,,,,,,,,,,,,,,,
Q28A31,,,,,,,,,,,,,,,,,,,,,,,,,,,,,,,,,,,,,,
Q0R7L4,,,,,,,,,,,,,,,,,,,,,,,,,,,,,,,,,,,,,,
Q1I2D0,,,,,,,,,,,,,,,,,,,,,,,,,,,,,,,,,,,,,,
Q0HBV9,,,,,,,,,,,,,,,,,,,,,,,,,,,,,,,,,,,,,,
A8C4V0,,,,,,,,,,,,,,,,,,,,,,,,,,,,,,,,,,,,,,
A9C6R1,,,,,,,,,,,,,,,,,,,,,,,,,,,,,,,,,,,,,,
B3EUT9,,,,,,,,,,,,,,,,,,,,,,,,,,,,,,,,,,,,,,
B5FVW1,,,,,,,,,,,,,,,,,,,,,,,,,,,,,,,,,,,,,,
Q67121,344,Q67121,,Viruses,Influenza A virus,387174,,,,,,,,,,,,,,,,,,,,,,,,,,,,,,,,
Q2RCJ5,,,,,,,,,,,,,,,,,,,,,,,,,,,,,,,,,,,,,,
Q0A4E2,,,,,,,,,,,,,,,,,,,,,,,,,,,,,,,,,,,,,,
A4D6G4,,,,,,,,,,,,,,,,,,,,,,,,,,,,,,,,,,,,,,
A4GAU2,,,,,,,,,,,,,,,,,,,,,,,,,,,,,,,,,,,,,,
A4Z3X6,,,,,,,,,,,,,,,,,,,,,,,,,,,,,,,,,,,,,,
A9C4N5,,,,,,,,,,,,,,,,,,,,,,,,,,,,,,,,,,,,,,
A9C6F1,,,,,,,,,,,,,,,,,,,,,,,,,,,,,,,,,,,,,,
B2VM66,,,,,,,,,,,,,,,,,,,,,,,,,,,,,,,,,,,,,,
B5FW23,,,,,,,,,,,,,,,,,,,,,,,,,,,,,,,,,,,,,,
B6JRG1,,,,,,,,,,,,,,,,,,,,,,,,,,,,,,,,,,,,,,
B6JSR1,,,,,,,,,,,,,,,,,,,,,,,,,,,,,,,,,,,,,,
A7KWZ6,515,A7KWZ6,,Viruses,Bovine leukemia virus,11901,Bos taurus,9913,,,,,,,439,460,ECO:0000256,,,,,,,,,,,,,,,,,,,,,
Q80810,488,Q80810,,Viruses,Human T-cell leukemia virus type I,11908,,,,,,,,,442,464,ECO:0000256,,,,,,,,,,,,,,,,,,,,,
Q90M12,515,Q90M12,,Viruses,Bovine leukemia virus,11901,Bos taurus,9913,,,,,,,439,460,ECO:0000256,,,,,,,,,,,,,,,,,,,,,
Q20P32,,,,,,,,,,,,,,,,,,,,,,,,,,,,,,,,,,,,,,
Q4U837,,,,,,,,,,,,,,,,,,,,,,,,,,,,,,,,,,,,,,
Q1WQM0,,,,,,,,,,,,,,,,,,,,,,,,,,,,,,,,,,,,,,
Q1PTF9,,,,,,,,,,,,,,,,,,,,,,,,,,,,,,,,,,,,,,
A8BZM1,,,,,,,,,,,,,,,,,,,,,,,,,,,,,,,,,,,,,,
A8C300,,,,,,,,,,,,,,,,,,,,,,,,,,,,,,,,,,,,,,
B1MPJ0,,,,,,,,,,,,,,,,,,,,,,,,,,,,,,,,,,,,,,
B3H3E1,,,,,,,,,,,,,,,,,,,,,,,,,,,,,,,,,,,,,,
Q8QKW2,66,Q8QKW2,,Viruses,Ectocarpus siliculosus virus 1 (isolate New Zealand/Kaikoura/1988),654926,Ectocarpus siliculosus,2880,,,,,,,,,,,,,,,,,,,,,,,,,,,,,,
Q5BHN5,,,,,,,,,,,,,,,,,,,,,,,,,,,,,,,,,,,,,,
Q20U11,,,,,,,,,,,,,,,,,,,,,,,,,,,,,,,,,,,,,,
Q1I1X6,,,,,,,,,,,,,,,,,,,,,,,,,,,,,,,,,,,,,,
A6M7A2,,,,,,,,,,,,,,,,,,,,,,,,,,,,,,,,,,,,,,
A8W8C9,,,,,,,,,,,,,,,,,,,,,,,,,,,,,,,,,,,,,,
A9C7G4,,,,,,,,,,,,,,,,,,,,,,,,,,,,,,,,,,,,,,
B0VVJ4,,,,,,,,,,,,,,,,,,,,,,,,,,,,,,,,,,,,,,
Q10UA5,,,,,,,,,,,,,,,,,,,,,,,,,,,,,,,,,,,,,,
A8BPM0,,,,,,,,,,,,,,,,,,,,,,,,,,,,,,,,,,,,,,
A8W8K9,,,,,,,,,,,,,,,,,,,,,,,,,,,,,,,,,,,,,,
B0VVJ3,,,,,,,,,,,,,,,,,,,,,,,,,,,,,,,,,,,,,,
B3EVB5,,,,,,,,,,,,,,,,,,,,,,,,,,,,,,,,,,,,,,
B2VM82,,,,,,,,,,,,,,,,,,,,,,,,,,,,,,,,,,,,,,
B6JSN7,,,,,,,,,,,,,,,,,,,,,,,,,,,,,,,,,,,,,,
Q71VM1,681,Q71VM1,,Viruses,Orthomarburgvirus marburgense,3052505,,,,,,,,,655,676,ECO:0000256,,,,,,,,,,,,,,,,,,,,,
Q463D8,,,,,,,,,,,,,,,,,,,,,,,,,,,,,,,,,,,,,,
Q20LG7,,,,,,,,,,,,,,,,,,,,,,,,,,,,,,,,,,,,,,
Q2REL5,,,,,,,,,,,,,,,,,,,,,,,,,,,,,,,,,,,,,,
Q1PSY3,,,,,,,,,,,,,,,,,,,,,,,,,,,,,,,,,,,,,,
Q00PW1,,,,,,,,,,,,,,,,,,,,,,,,,,,,,,,,,,,,,,
Q0A3N8,,,,,,,,,,,,,,,,,,,,,,,,,,,,,,,,,,,,,,
Q0R9P0,,,,,,,,,,,,,,,,,,,,,,,,,,,,,,,,,,,,,,
Q0P2M5,,,,,,,,,,,,,,,,,,,,,,,,,,,,,,,,,,,,,,
A1BLH3,,,,,,,,,,,,,,,,,,,,,,,,,,,,,,,,,,,,,,
A7IQZ9,,,,,,,,,,,,,,,,,,,,,,,,,,,,,,,,,,,,,,
A7IS10,,,,,,,,,,,,,,,,,,,,,,,,,,,,,,,,,,,,,,
A8BH35,,,,,,,,,,,,,,,,,,,,,,,,,,,,,,,,,,,,,,
B4UQX1,,,,,,,,,,,,,,,,,,,,,,,,,,,,,,,,,,,,,,
O56858,,,,,,,,,,,,,,,,,,,,,,,,,,,,,,,,,,,,,,
Q9Q0I6,,,,,,,,,,,,,,,,,,,,,,,,,,,,,,,,,,,,,,
Q463V3,,,,,,,,,,,,,,,,,,,,,,,,,,,,,,,,,,,,,,
Q3YQH1,,,,,,,,,,,,,,,,,,,,,,,,,,,,,,,,,,,,,,
Q58BW0,,,,,,,,,,,,,,,,,,,,,,,,,,,,,,,,,,,,,,
Q1WPD0,,,,,,,,,,,,,,,,,,,,,,,,,,,,,,,,,,,,,,
Q2RE75,,,,,,,,,,,,,,,,,,,,,,,,,,,,,,,,,,,,,,
Q1I231,,,,,,,,,,,,,,,,,,,,,,,,,,,,,,,,,,,,,,
A4K1T5,,,,,,,,,,,,,,,,,,,,,,,,,,,,,,,,,,,,,,
A4D6L9,,,,,,,,,,,,,,,,,,,,,,,,,,,,,,,,,,,,,,
A8W8F3,,,,,,,,,,,,,,,,,,,,,,,,,,,,,,,,,,,,,,
A9WZZ3,,,,,,,,,,,,,,,,,,,,,,,,,,,,,,,,,,,,,,
A9C7E2,,,,,,,,,,,,,,,,,,,,,,,,,,,,,,,,,,,,,,
B3H375,,,,,,,,,,,,,,,,,,,,,,,,,,,,,,,,,,,,,,
B2VLU9,390,B2VLU9,,Viruses,Influenza A virus,464623,,,,,,,,,,,,,,,,,,,,,,,,,,,,,,,,
B6JTD5,,,,,,,,,,,,,,,,,,,,,,,,,,,,,,,,,,,,,,
Q58BF0,,,,,,,,,,,,,,,,,,,,,,,,,,,,,,,,,,,,,,
Q2RBU5,,,,,,,,,,,,,,,,,,,,,,,,,,,,,,,,,,,,,,
Q38UE1,,,,,,,,,,,,,,,,,,,,,,,,,,,,,,,,,,,,,,
A1BKQ9,,,,,,,,,,,,,,,,,,,,,,,,,,,,,,,,,,,,,,
A8C8P5,,,,,,,,,,,,,,,,,,,,,,,,,,,,,,,,,,,,,,
B6JST9,,,,,,,,,,,,,,,,,,,,,,,,,,,,,,,,,,,,,,
B6JTU6,,,,,,,,,,,,,,,,,,,,,,,,,,,,,,,,,,,,,,
O09638,437,O09638,,Viruses,Influenza A virus,380332,,,,,,,,,,,,,,,,,,,,,,,,,,,,,,,,
Q0A4L2,,,,,,,,,,,,,,,,,,,,,,,,,,,,,,,,,,,,,,
Q0R997,,,,,,,,,,,,,,,,,,,,,,,,,,,,,,,,,,,,,,
Q0R7J2,,,,,,,,,,,,,,,,,,,,,,,,,,,,,,,,,,,,,,
Q0HC80,,,,,,,,,,,,,,,,,,,,,,,,,,,,,,,,,,,,,,
Q00R95,,,,,,,,,,,,,,,,,,,,,,,,,,,,,,,,,,,,,,
A0RT39,,,,,,,,,,,,,,,,,,,,,,,,,,,,,,,,,,,,,,
A4JYZ5,,,,,,,,,,,,,,,,,,,,,,,,,,,,,,,,,,,,,,
A7R9Q8,,,,,,,,,,,,,,,,,,,,,,,,,,,,,,,,,,,,,,
A9C4U0,,,,,,,,,,,,,,,,,,,,,,,,,,,,,,,,,,,,,,
B0VVI0,,,,,,,,,,,,,,,,,,,,,,,,,,,,,,,,,,,,,,
B3RDG2,,,,,,,,,,,,,,,,,,,,,,,,,,,,,,,,,,,,,,
A9L8Q5,,,,,,,,,,,,,,,,,,,,,,,,,,,,,,,,,,,,,,
Q8QKV6,124,Q8QKV6,,Viruses,Ectocarpus siliculosus virus 1 (isolate New Zealand/Kaikoura/1988),654926,Ectocarpus siliculosus,2880,,,,,,,12,31,ECO:0000256,,,,,,,,,,,,,,,,,,,,,
Q4U867,,,,,,,,,,,,,,,,,,,,,,,,,,,,,,,,,,,,,,
Q0R818,,,,,,,,,,,,,,,,,,,,,,,,,,,,,,,,,,,,,,
Q0P2Q8,,,,,,,,,,,,,,,,,,,,,,,,,,,,,,,,,,,,,,
A0M7N6,,,,,,,,,,,,,,,,,,,,,,,,,,,,,,,,,,,,,,
A4GCA9,,,,,,,,,,,,,,,,,,,,,,,,,,,,,,,,,,,,,,
B2VM50,,,,,,,,,,,,,,,,,,,,,,,,,,,,,,,,,,,,,,
B5FVZ8,,,,,,,,,,,,,,,,,,,,,,,,,,,,,,,,,,,,,,
B5SN90,,,,,,,,,,,,,,,,,,,,,,,,,,,,,,,,,,,,,,
O39317,1140,O39317,,Viruses,Blue River virus,69294,,,,,,,,,486,510,ECO:0000256,631,650,ECO:0000256,1109,1130,ECO:0000256,,,,,,,,,,,,,,,
Q82518,560,Q82518,,Viruses,Influenza A virus,375733,,,,,,,,,524,549,ECO:0000256,,,,,,,,,,,,,,,,,,,,,
Q5Y9C3,926,Q5Y9C3,,Viruses,Human herpesvirus 2,10310,Homo sapiens,9606,,,,,,,749,768,ECO:0000256,774,796,ECO:0000256,,,,,,,,,,,,,,,,,,
Q6XLV5,,,,,,,,,,,,,,,,,,,,,,,,,,,,,,,,,,,,,,
Q20NH0,,,,,,,,,,,,,,,,,,,,,,,,,,,,,,,,,,,,,,
Q2RCA5,,,,,,,,,,,,,,,,,,,,,,,,,,,,,,,,,,,,,,
Q00PS8,,,,,,,,,,,,,,,,,,,,,,,,,,,,,,,,,,,,,,
Q0R7K3,,,,,,,,,,,,,,,,,,,,,,,,,,,,,,,,,,,,,,
A4JZ17,,,,,,,,,,,,,,,,,,,,,,,,,,,,,,,,,,,,,,
A9C7K8,,,,,,,,,,,,,,,,,,,,,,,,,,,,,,,,,,,,,,
B1MPN0,,,,,,,,,,,,,,,,,,,,,,,,,,,,,,,,,,,,,,
B2VMN1,,,,,,,,,,,,,,,,,,,,,,,,,,,,,,,,,,,,,,
B4UPP8,,,,,,,,,,,,,,,,,,,,,,,,,,,,,,,,,,,,,,
B4USB0,,,,,,,,,,,,,,,,,,,,,,,,,,,,,,,,,,,,,,
B5SN86,,,,,,,,,,,,,,,,,,,,,,,,,,,,,,,,,,,,,,
Q2Y386,,,,,,,,,,,,,,,,,,,,,,,,,,,,,,,,,,,,,,
A7R9P7,,,,,,,,,,,,,,,,,,,,,,,,,,,,,,,,,,,,,,
A8W8D6,,,,,,,,,,,,,,,,,,,,,,,,,,,,,,,,,,,,,,
B5FW26,,,,,,,,,,,,,,,,,,,,,,,,,,,,,,,,,,,,,,
Q9DHI7,223,Q9DHI7,,Viruses,Yaba-like disease virus,132475,"Homo sapiens, Simiiformes","9606, 314293",,,,,,,6,23,ECO:0000256,,,,,,,,,,,,,,,,,,,,,
Q8B6Z4,,,,,,,,,,,,,,,,,,,,,,,,,,,,,,,,,,,,,,
Q6XU53,,,,,,,,,,,,,,,,,,,,,,,,,,,,,,,,,,,,,,
Q4U716,,,,,,,,,,,,,,,,,,,,,,,,,,,,,,,,,,,,,,
Q4A2N2,105,Q4A2N2,,Viruses,Emiliania huxleyi virus 86 (isolate United Kingdom/English Channel/1999),654925,Emiliania huxleyi,2903,,,,,,,,,,,,,,,,,,,,,,,,,,,,,,
Q20NM0,,,,,,,,,,,,,,,,,,,,,,,,,,,,,,,,,,,,,,
Q1WPI5,,,,,,,,,,,,,,,,,,,,,,,,,,,,,,,,,,,,,,
Q28B88,,,,,,,,,,,,,,,,,,,,,,,,,,,,,,,,,,,,,,
A4K1R3,,,,,,,,,,,,,,,,,,,,,,,,,,,,,,,,,,,,,,
A6M6A6,,,,,,,,,,,,,,,,,,,,,,,,,,,,,,,,,,,,,,
A9C6G2,,,,,,,,,,,,,,,,,,,,,,,,,,,,,,,,,,,,,,
A9C9S6,,,,,,,,,,,,,,,,,,,,,,,,,,,,,,,,,,,,,,
B0VX29,,,,,,,,,,,,,,,,,,,,,,,,,,,,,,,,,,,,,,
B2VM49,,,,,,,,,,,,,,,,,,,,,,,,,,,,,,,,,,,,,,
Q6XLU6,,,,,,,,,,,,,,,,,,,,,,,,,,,,,,,,,,,,,,
Q3YQ50,,,,,,,,,,,,,,,,,,,,,,,,,,,,,,,,,,,,,,
Q565J8,,,,,,,,,,,,,,,,,,,,,,,,,,,,,,,,,,,,,,
Q20NC5,,,,,,,,,,,,,,,,,,,,,,,,,,,,,,,,,,,,,,
Q0A3X9,,,,,,,,,,,,,,,,,,,,,,,,,,,,,,,,,,,,,,
A4K0A7,,,,,,,,,,,,,,,,,,,,,,,,,,,,,,,,,,,,,,
B0VVM3,,,,,,,,,,,,,,,,,,,,,,,,,,,,,,,,,,,,,,
B2VM09,,,,,,,,,,,,,,,,,,,,,,,,,,,,,,,,,,,,,,
B2ZV35,,,,,,,,,,,,,,,,,,,,,,,,,,,,,,,,,,,,,,
B3REG0,,,,,,,,,,,,,,,,,,,,,,,,,,,,,,,,,,,,,,
A9WZW0,,,,,,,,,,,,,,,,,,,,,,,,,,,,,,,,,,,,,,
Q9WJE7,66,Q9WJE7,,Viruses,Hepatitis B virus,10407,"Homo sapiens, Pan troglodytes","9606, 9598",,,,,,,,,,,,,,,,,,,,,,,,,,,,,,
Q4A378,307,Q4A378,,Viruses,Emiliania huxleyi virus 86 (isolate United Kingdom/English Channel/1999),654925,Emiliania huxleyi,2903,,,,,,,12,32,ECO:0000256,63,85,ECO:0000256,134,155,ECO:0000256,176,195,ECO:0000256,201,222,ECO:0000256,242,262,ECO:0000256,,,,,,
Q20W52,,,,,,,,,,,,,,,,,,,,,,,,,,,,,,,,,,,,,,
Q20ND2,,,,,,,,,,,,,,,,,,,,,,,,,,,,,,,,,,,,,,
A4K2G6,,,,,,,,,,,,,,,,,,,,,,,,,,,,,,,,,,,,,,
A7IRB8,,,,,,,,,,,,,,,,,,,,,,,,,,,,,,,,,,,,,,
A8ASC3,,,,,,,,,,,,,,,,,,,,,,,,,,,,,,,,,,,,,,
A8BD49,,,,,,,,,,,,,,,,,,,,,,,,,,,,,,,,,,,,,,
A8W8A0,,,,,,,,,,,,,,,,,,,,,,,,,,,,,,,,,,,,,,
A9C7Q2,,,,,,,,,,,,,,,,,,,,,,,,,,,,,,,,,,,,,,
Q6XU76,,,,,,,,,,,,,,,,,,,,,,,,,,,,,,,,,,,,,,
Q15L47,,,,,,,,,,,,,,,,,,,,,,,,,,,,,,,,,,,,,,
Q0A4C5,,,,,,,,,,,,,,,,,,,,,,,,,,,,,,,,,,,,,,
Q07FA8,,,,,,,,,,,,,,,,,,,,,,,,,,,,,,,,,,,,,,
A8BT86,,,,,,,,,,,,,,,,,,,,,,,,,,,,,,,,,,,,,,
B4UPY4,,,,,,,,,,,,,,,,,,,,,,,,,,,,,,,,,,,,,,
B4UR15,,,,,,,,,,,,,,,,,,,,,,,,,,,,,,,,,,,,,,
A9WZN3,,,,,,,,,,,,,,,,,,,,,,,,,,,,,,,,,,,,,,
Q07772,344,Q07772,,Viruses,Influenza A virus,387152,,,,,,,,,,,,,,,,,,,,,,,,,,,,,,,,
Q82524,336,Q82524,,Viruses,Influenza A virus,342160,,,,,,,,,,,,,,,,,,,,,,,,,,,,,,,,
Q58C00,,,,,,,,,,,,,,,,,,,,,,,,,,,,,,,,,,,,,,
Q20NE3,,,,,,,,,,,,,,,,,,,,,,,,,,,,,,,,,,,,,,
Q0RA11,,,,,,,,,,,,,,,,,,,,,,,,,,,,,,,,,,,,,,
Q0HBP3,,,,,,,,,,,,,,,,,,,,,,,,,,,,,,,,,,,,,,
A6M849,,,,,,,,,,,,,,,,,,,,,,,,,,,,,,,,,,,,,,
A7IR09,,,,,,,,,,,,,,,,,,,,,,,,,,,,,,,,,,,,,,
A8W8G6,,,,,,,,,,,,,,,,,,,,,,,,,,,,,,,,,,,,,,
B2ZVY0,,,,,,,,,,,,,,,,,,,,,,,,,,,,,,,,,,,,,,
B6JT85,560,B6JT85,,Viruses,Influenza A virus,570904,,,,,,,,,524,549,ECO:0000256,,,,,,,,,,,,,,,,,,,,,
B5FW24,,,,,,,,,,,,,,,,,,,,,,,,,,,,,,,,,,,,,,
A9L7P2,,,,,,,,,,,,,,,,,,,,,,,,,,,,,,,,,,,,,,
Q07754,344,Q07754,,Viruses,Influenza A virus,387185,,,,,,,,,,,,,,,,,,,,,,,,,,,,,,,,
Q2LMY9,,,,,,,,,,,,,,,,,,,,,,,,,,,,,,,,,,,,,,
Q28AH4,,,,,,,,,,,,,,,,,,,,,,,,,,,,,,,,,,,,,,
Q00QB5,,,,,,,,,,,,,,,,,,,,,,,,,,,,,,,,,,,,,,
A8C3A1,,,,,,,,,,,,,,,,,,,,,,,,,,,,,,,,,,,,,,
A8C580,,,,,,,,,,,,,,,,,,,,,,,,,,,,,,,,,,,,,,
A8C766,,,,,,,,,,,,,,,,,,,,,,,,,,,,,,,,,,,,,,
A8C8J4,565,A8C8J4,,Viruses,Influenza A virus (strain A/USA:Texas/UR06-0195/2007 H1N1),455880,"Aves, Homo sapiens, Sus scrofa","8782, 9606, 9823",1,17,ECO:0000255,,,,529,549,ECO:0000255,,,,,,,,,,,,,,,,,,,,,
Q9YJT4,,,,,,,,,,,,,,,,,,,,,,,,,,,,,,,,,,,,,,
Q9PX54,1434,Q9PX54,,Viruses,Cache Valley virus,80935,,,,,,,,,205,232,ECO:0000256,308,328,ECO:0000256,363,385,ECO:0000256,453,476,ECO:0000256,1391,1414,ECO:0000256,,,,,,,,,
B6A5N6,,,,,,,,,,,,,,,,,,,,,,,,,,,,,,,,,,,,,,
Q58BB0,,,,,,,,,,,,,,,,,,,,,,,,,,,,,,,,,,,,,,
Q2VN62,,,,,,,,,,,,,,,,,,,,,,,,,,,,,,,,,,,,,,
Q38TC8,,,,,,,,,,,,,,,,,,,,,,,,,,,,,,,,,,,,,,
Q0R738,,,,,,,,,,,,,,,,,,,,,,,,,,,,,,,,,,,,,,
Q07FK7,,,,,,,,,,,,,,,,,,,,,,,,,,,,,,,,,,,,,,
A6M7Z4,,,,,,,,,,,,,,,,,,,,,,,,,,,,,,,,,,,,,,
B6JRD1,,,,,,,,,,,,,,,,,,,,,,,,,,,,,,,,,,,,,,
Q9Q0I1,,,,,,,,,,,,,,,,,,,,,,,,,,,,,,,,,,,,,,
Q3IBB2,,,,,,,,,,,,,,,,,,,,,,,,,,,,,,,,,,,,,,
Q20VQ8,,,,,,,,,,,,,,,,,,,,,,,,,,,,,,,,,,,,,,
Q2Y2W6,,,,,,,,,,,,,,,,,,,,,,,,,,,,,,,,,,,,,,
A4JZU2,,,,,,,,,,,,,,,,,,,,,,,,,,,,,,,,,,,,,,
A6M695,,,,,,,,,,,,,,,,,,,,,,,,,,,,,,,,,,,,,,
A9C652,,,,,,,,,,,,,,,,,,,,,,,,,,,,,,,,,,,,,,
B0KVQ8,,,,,,,,,,,,,,,,,,,,,,,,,,,,,,,,,,,,,,
B5FVW9,,,,,,,,,,,,,,,,,,,,,,,,,,,,,,,,,,,,,,
A9L7W9,,,,,,,,,,,,,,,,,,,,,,,,,,,,,,,,,,,,,,
Q9DHU8,136,Q9DHU8,,Viruses,Yaba-like disease virus,132475,"Homo sapiens, Simiiformes","9606, 314293",,,,,,,,,,,,,,,,,,,,,,,,,,,,,,
Q4A2K3,136,Q4A2K3,,Viruses,Emiliania huxleyi virus 86 (isolate United Kingdom/English Channel/1999),654925,Emiliania huxleyi,2903,,,,,,,7,29,ECO:0000256,,,,,,,,,,,,,,,,,,,,,
Q2IDD0,,,,,,,,,,,,,,,,,,,,,,,,,,,,,,,,,,,,,,
Q2IBV2,,,,,,,,,,,,,,,,,,,,,,,,,,,,,,,,,,,,,,
Q2Y488,,,,,,,,,,,,,,,,,,,,,,,,,,,,,,,,,,,,,,
Q0R7Y5,,,,,,,,,,,,,,,,,,,,,,,,,,,,,,,,,,,,,,
Q07EJ5,,,,,,,,,,,,,,,,,,,,,,,,,,,,,,,,,,,,,,
A0RTD8,,,,,,,,,,,,,,,,,,,,,,,,,,,,,,,,,,,,,,
A8BR88,,,,,,,,,,,,,,,,,,,,,,,,,,,,,,,,,,,,,,
A8VPY5,566,Q8JT66,A8VPY5,Viruses,Influenza A virus,199373,,,,,,,,,531,553,ECO:0000256,,,,,,,,,,,,,,,,,,,,,
A9C5D8,,,,,,,,,,,,,,,,,,,,,,,,,,,,,,,,,,,,,,
B0KVP7,,,,,,,,,,,,,,,,,,,,,,,,,,,,,,,,,,,,,,
B2VMI6,,,,,,,,,,,,,,,,,,,,,,,,,,,,,,,,,,,,,,
Q83653,538,Q83653,,Viruses,Mumps orthorubulavirus,2560602,,,,,,,,,483,510,ECO:0000256,,,,,,,,,,,,,,,,,,,,,
Q5DX72,,,,,,,,,,,,,,,,,,,,,,,,,,,,,,,,,,,,,,
Q5BHP5,,,,,,,,,,,,,,,,,,,,,,,,,,,,,,,,,,,,,,
Q2VN92,,,,,,,,,,,,,,,,,,,,,,,,,,,,,,,,,,,,,,
Q2IBW3,,,,,,,,,,,,,,,,,,,,,,,,,,,,,,,,,,,,,,
Q38TV4,,,,,,,,,,,,,,,,,,,,,,,,,,,,,,,,,,,,,,
Q1PTM5,,,,,,,,,,,,,,,,,,,,,,,,,,,,,,,,,,,,,,
A4U6A4,,,,,,,,,,,,,,,,,,,,,,,,,,,,,,,,,,,,,,
A8C3N3,,,,,,,,,,,,,,,,,,,,,,,,,,,,,,,,,,,,,,
A8C7G6,,,,,,,,,,,,,,,,,,,,,,,,,,,,,,,,,,,,,,
B0KW66,,,,,,,,,,,,,,,,,,,,,,,,,,,,,,,,,,,,,,
B2VME0,,,,,,,,,,,,,,,,,,,,,,,,,,,,,,,,,,,,,,
Q6XU79,,,,,,,,,,,,,,,,,,,,,,,,,,,,,,,,,,,,,,
Q2IDF3,,,,,,,,,,,,,,,,,,,,,,,,,,,,,,,,,,,,,,
Q20MH9,566,Q20MH9,,Viruses,Influenza A virus (strain A/Wilson-Smith/1933 H1N1),381518,"Aves, Homo sapiens, Sus scrofa","8782, 9606, 9823",,,,,,,531,554,ECO:0000256,,,,,,,,,,,,,,,,,,,,,
Q1PU07,,,,,,,,,,,,,,,,,,,,,,,,,,,,,,,,,,,,,,
Q0R9I5,,,,,,,,,,,,,,,,,,,,,,,,,,,,,,,,,,,,,,
Q0R727,,,,,,,,,,,,,,,,,,,,,,,,,,,,,,,,,,,,,,
A0M840,,,,,,,,,,,,,,,,,,,,,,,,,,,,,,,,,,,,,,
A1BL96,,,,,,,,,,,,,,,,,,,,,,,,,,,,,,,,,,,,,,
A9CAB3,,,,,,,,,,,,,,,,,,,,,,,,,,,,,,,,,,,,,,
B1MPK4,,,,,,,,,,,,,,,,,,,,,,,,,,,,,,,,,,,,,,
B3RE61,,,,,,,,,,,,,,,,,,,,,,,,,,,,,,,,,,,,,,
B2VM63,,,,,,,,,,,,,,,,,,,,,,,,,,,,,,,,,,,,,,
B4UP18,,,,,,,,,,,,,,,,,,,,,,,,,,,,,,,,,,,,,,
B6JSF8,,,,,,,,,,,,,,,,,,,,,,,,,,,,,,,,,,,,,,
Q4JRV5,,,,,,,,,,,,,,,,,,,,,,,,,,,,,,,,,,,,,,
Q4U7K6,,,,,,,,,,,,,,,,,,,,,,,,,,,,,,,,,,,,,,
Q2IBM5,,,,,,,,,,,,,,,,,,,,,,,,,,,,,,,,,,,,,,
Q20PS1,,,,,,,,,,,,,,,,,,,,,,,,,,,,,,,,,,,,,,
Q09Z76,,,,,,,,,,,,,,,,,,,,,,,,,,,,,,,,,,,,,,
A1BL19,,,,,,,,,,,,,,,,,,,,,,,,,,,,,,,,,,,,,,
A0M7Y5,,,,,,,,,,,,,,,,,,,,,,,,,,,,,,,,,,,,,,
A9C7P1,,,,,,,,,,,,,,,,,,,,,,,,,,,,,,,,,,,,,,
A8W8L3,,,,,,,,,,,,,,,,,,,,,,,,,,,,,,,,,,,,,,
B5FVU5,,,,,,,,,,,,,,,,,,,,,,,,,,,,,,,,,,,,,,
Q67114,344,Q67114,,Viruses,Influenza A virus,387177,,,,,,,,,,,,,,,,,,,,,,,,,,,,,,,,
Q58CA0,,,,,,,,,,,,,,,,,,,,,,,,,,,,,,,,,,,,,,
Q20NJ4,,,,,,,,,,,,,,,,,,,,,,,,,,,,,,,,,,,,,,
Q38U64,,,,,,,,,,,,,,,,,,,,,,,,,,,,,,,,,,,,,,
Q2Y342,,,,,,,,,,,,,,,,,,,,,,,,,,,,,,,,,,,,,,
Q0A0T7,,,,,,,,,,,,,,,,,,,,,,,,,,,,,,,,,,,,,,
Q00QP7,,,,,,,,,,,,,,,,,,,,,,,,,,,,,,,,,,,,,,
A2CGX3,,,,,,,,,,,,,,,,,,,,,,,,,,,,,,,,,,,,,,
A4K1H5,,,,,,,,,,,,,,,,,,,,,,,,,,,,,,,,,,,,,,
A8W8M2,,,,,,,,,,,,,,,,,,,,,,,,,,,,,,,,,,,,,,
A9C6J5,,,,,,,,,,,,,,,,,,,,,,,,,,,,,,,,,,,,,,
B2VMF5,,,,,,,,,,,,,,,,,,,,,,,,,,,,,,,,,,,,,,
B2B8I2,,,,,,,,,,,,,,,,,,,,,,,,,,,,,,,,,,,,,,
B5FVS6,,,,,,,,,,,,,,,,,,,,,,,,,,,,,,,,,,,,,,
B6JTC0,,,,,,,,,,,,,,,,,,,,,,,,,,,,,,,,,,,,,,
A9WZU9,,,,,,,,,,,,,,,,,,,,,,,,,,,,,,,,,,,,,,
B5SN81,,,,,,,,,,,,,,,,,,,,,,,,,,,,,,,,,,,,,,
Q66188,535,Q66188,,Viruses,Infectious bronchitis virus,11120,,,,,,,,,,,,,,,,,,,,,,,,,,,,,,,,
Q20NK4,,,,,,,,,,,,,,,,,,,,,,,,,,,,,,,,,,,,,,
Q0A4I6,,,,,,,,,,,,,,,,,,,,,,,,,,,,,,,,,,,,,,
Q0P282,,,,,,,,,,,,,,,,,,,,,,,,,,,,,,,,,,,,,,
B4UPL3,,,,,,,,,,,,,,,,,,,,,,,,,,,,,,,,,,,,,,
A9L868,,,,,,,,,,,,,,,,,,,,,,,,,,,,,,,,,,,,,,
Q65176,66,Q65176,,Viruses,African swine fever virus (strain Badajoz 1971 Vero-adapted),10498,"Ornithodoros, Sus scrofa","6937, 9823",1,20,ECO:0000255,,,,41,61,ECO:0000255,,,,,,,,,,,,,,,,,,,,,
A4K0Z9,,,,,,,,,,,,,,,,,,,,,,,,,,,,,,,,,,,,,,
A4D676,,,,,,,,,,,,,,,,,,,,,,,,,,,,,,,,,,,,,,
A4GC54,,,,,,,,,,,,,,,,,,,,,,,,,,,,,,,,,,,,,,
B0VVJ1,,,,,,,,,,,,,,,,,,,,,,,,,,,,,,,,,,,,,,
B2VM27,,,,,,,,,,,,,,,,,,,,,,,,,,,,,,,,,,,,,,
O56856,,,,,,,,,,,,,,,,,,,,,,,,,,,,,,,,,,,,,,
Q4ZK27,,,,,,,,,,,,,,,,,,,,,,,,,,,,,,,,,,,,,,
Q20WC7,,,,,,,,,,,,,,,,,,,,,,,,,,,,,,,,,,,,,,
A4K278,,,,,,,,,,,,,,,,,,,,,,,,,,,,,,,,,,,,,,
A3DRQ1,,,,,,,,,,,,,,,,,,,,,,,,,,,,,,,,,,,,,,
B3REP8,,,,,,,,,,,,,,,,,,,,,,,,,,,,,,,,,,,,,,
B6JRI5,,,,,,,,,,,,,,,,,,,,,,,,,,,,,,,,,,,,,,
B6JSR6,,,,,,,,,,,,,,,,,,,,,,,,,,,,,,,,,,,,,,
B6JU12,,,,,,,,,,,,,,,,,,,,,,,,,,,,,,,,,,,,,,
B5SNH1,568,B5SNH1,,Viruses,Influenza A virus,558393,,,,,,,,,533,555,ECO:0000256,,,,,,,,,,,,,,,,,,,,,
Q4A212,91,Q4A212,,Viruses,Emiliania huxleyi virus 86 (isolate United Kingdom/English Channel/1999),654925,Emiliania huxleyi,2903,,,,,,,12,31,ECO:0000256,43,63,ECO:0000256,,,,,,,,,,,,,,,,,,
Q20VN6,,,,,,,,,,,,,,,,,,,,,,,,,,,,,,,,,,,,,,
A9CA91,,,,,,,,,,,,,,,,,,,,,,,,,,,,,,,,,,,,,,
B1MPM0,,,,,,,,,,,,,,,,,,,,,,,,,,,,,,,,,,,,,,
A9X048,,,,,,,,,,,,,,,,,,,,,,,,,,,,,,,,,,,,,,
Q9Q0H9,,,,,,,,,,,,,,,,,,,,,,,,,,,,,,,,,,,,,,
Q07767,344,Q07767,,Viruses,Influenza A virus,387141,,,,,,,,,,,,,,,,,,,,,,,,,,,,,,,,
Q2RDZ5,,,,,,,,,,,,,,,,,,,,,,,,,,,,,,,,,,,,,,
Q2RC55,,,,,,,,,,,,,,,,,,,,,,,,,,,,,,,,,,,,,,
Q28B55,,,,,,,,,,,,,,,,,,,,,,,,,,,,,,,,,,,,,,
Q0P227,,,,,,,,,,,,,,,,,,,,,,,,,,,,,,,,,,,,,,
A9C6S2,,,,,,,,,,,,,,,,,,,,,,,,,,,,,,,,,,,,,,
Q8QKW5,74,Q8QKW5,,Viruses,Ectocarpus siliculosus virus 1 (isolate New Zealand/Kaikoura/1988),654926,Ectocarpus siliculosus,2880,,,,,,,6,27,ECO:0000256,39,56,ECO:0000256,,,,,,,,,,,,,,,,,,
Q4U7A6,,,,,,,,,,,,,,,,,,,,,,,,,,,,,,,,,,,,,,
Q4A2E6,123,Q4A2E6,,Viruses,Emiliania huxleyi virus 86 (isolate United Kingdom/English Channel/1999),654925,Emiliania huxleyi,2903,,,,,,,7,23,ECO:0000256,29,50,ECO:0000256,,,,,,,,,,,,,,,,,,
Q1PTE8,,,,,,,,,,,,,,,,,,,,,,,,,,,,,,,,,,,,,,
Q2Y3E1,,,,,,,,,,,,,,,,,,,,,,,,,,,,,,,,,,,,,,
Q0A2P4,,,,,,,,,,,,,,,,,,,,,,,,,,,,,,,,,,,,,,
Q0P1V0,,,,,,,,,,,,,,,,,,,,,,,,,,,,,,,,,,,,,,
A7IRU4,,,,,,,,,,,,,,,,,,,,,,,,,,,,,,,,,,,,,,
A8C3M2,,,,,,,,,,,,,,,,,,,,,,,,,,,,,,,,,,,,,,
A8C7V6,,,,,,,,,,,,,,,,,,,,,,,,,,,,,,,,,,,,,,
B2VM44,,,,,,,,,,,,,,,,,,,,,,,,,,,,,,,,,,,,,,
B5FW28,,,,,,,,,,,,,,,,,,,,,,,,,,,,,,,,,,,,,,
B3REY6,,,,,,,,,,,,,,,,,,,,,,,,,,,,,,,,,,,,,,
Q76SP1,,,,,,,,,,,,,,,,,,,,,,,,,,,,,,,,,,,,,,
Q4ZKF3,,,,,,,,,,,,,,,,,,,,,,,,,,,,,,,,,,,,,,
Q4A297,118,Q4A297,,Viruses,Emiliania huxleyi virus 86 (isolate United Kingdom/English Channel/1999),654925,Emiliania huxleyi,2903,,,,,,,25,46,ECO:0000256,52,70,ECO:0000256,,,,,,,,,,,,,,,,,,
Q20NV0,,,,,,,,,,,,,,,,,,,,,,,,,,,,,,,,,,,,,,
Q2RC85,,,,,,,,,,,,,,,,,,,,,,,,,,,,,,,,,,,,,,
Q1PTU1,,,,,,,,,,,,,,,,,,,,,,,,,,,,,,,,,,,,,,
Q2Y321,,,,,,,,,,,,,,,,,,,,,,,,,,,,,,,,,,,,,,
Q0HCW1,,,,,,,,,,,,,,,,,,,,,,,,,,,,,,,,,,,,,,
Q1AR01,,,,,,,,,,,,,,,,,,,,,,,,,,,,,,,,,,,,,,
A1BL52,,,,,,,,,,,,,,,,,,,,,,,,,,,,,,,,,,,,,,
A4K223,,,,,,,,,,,,,,,,,,,,,,,,,,,,,,,,,,,,,,
A4GBB8,,,,,,,,,,,,,,,,,,,,,,,,,,,,,,,,,,,,,,
A8W8K6,,,,,,,,,,,,,,,,,,,,,,,,,,,,,,,,,,,,,,
B2VM75,,,,,,,,,,,,,,,,,,,,,,,,,,,,,,,,,,,,,,
B5FVW5,,,,,,,,,,,,,,,,,,,,,,,,,,,,,,,,,,,,,,
B6A794,,,,,,,,,,,,,,,,,,,,,,,,,,,,,,,,,,,,,,
Q67109,344,Q67109,,Viruses,Influenza A virus (strain A/Harbin/1/1988 H1N2),387156,"Aves, Sus scrofa","8782, 9823",,,,,,,,,,,,,,,,,,,,,,,,,,,,,,
Q76VK3,469,Q76VK3,,Viruses,Influenza A virus (strain A/Leningrad/134/17/1957 H2N2),380984,"Aves, Homo sapiens","8782, 9606",,,,,,,7,30,ECO:0000256,,,,,,,,,,,,,,,,,,,,,
Q4JRP5,,,,,,,,,,,,,,,,,,,,,,,,,,,,,,,,,,,,,,
Q20MQ6,,,,,,,,,,,,,,,,,,,,,,,,,,,,,,,,,,,,,,
Q20LF6,,,,,,,,,,,,,,,,,,,,,,,,,,,,,,,,,,,,,,
Q1WPY9,,,,,,,,,,,,,,,,,,,,,,,,,,,,,,,,,,,,,,
Q0A2B0,,,,,,,,,,,,,,,,,,,,,,,,,,,,,,,,,,,,,,
Q0HCL2,,,,,,,,,,,,,,,,,,,,,,,,,,,,,,,,,,,,,,
A4JYW7,,,,,,,,,,,,,,,,,,,,,,,,,,,,,,,,,,,,,,
A4K0J5,,,,,,,,,,,,,,,,,,,,,,,,,,,,,,,,,,,,,,
A4GC43,,,,,,,,,,,,,,,,,,,,,,,,,,,,,,,,,,,,,,
A4Z3U3,,,,,,,,,,,,,,,,,,,,,,,,,,,,,,,,,,,,,,
A8AS79,,,,,,,,,,,,,,,,,,,,,,,,,,,,,,,,,,,,,,
B2VLX3,,,,,,,,,,,,,,,,,,,,,,,,,,,,,,,,,,,,,,
B3REQ9,,,,,,,,,,,,,,,,,,,,,,,,,,,,,,,,,,,,,,
B6A7B6,,,,,,,,,,,,,,,,,,,,,,,,,,,,,,,,,,,,,,
Q3IAM1,,,,,,,,,,,,,,,,,,,,,,,,,,,,,,,,,,,,,,
Q4A2X4,334,Q4A2X4,,Viruses,Emiliania huxleyi virus 86 (isolate United Kingdom/English Channel/1999),654925,Emiliania huxleyi,2903,,,,,,,7,26,ECO:0000256,297,320,ECO:0000256,,,,,,,,,,,,,,,,,,
Q2VN32,,,,,,,,,,,,,,,,,,,,,,,,,,,,,,,,,,,,,,
Q20ND1,,,,,,,,,,,,,,,,,,,,,,,,,,,,,,,,,,,,,,
Q28BI6,,,,,,,,,,,,,,,,,,,,,,,,,,,,,,,,,,,,,,
Q00R29,,,,,,,,,,,,,,,,,,,,,,,,,,,,,,,,,,,,,,
Q00PM3,,,,,,,,,,,,,,,,,,,,,,,,,,,,,,,,,,,,,,
Q0A377,,,,,,,,,,,,,,,,,,,,,,,,,,,,,,,,,,,,,,
A8BR02,,,,,,,,,,,,,,,,,,,,,,,,,,,,,,,,,,,,,,
A7IQX7,,,,,,,,,,,,,,,,,,,,,,,,,,,,,,,,,,,,,,
Q8Q8A3,515,Q8Q8A3,,Viruses,Bovine leukemia virus,11901,Bos taurus,9913,,,,,,,439,460,ECO:0000256,,,,,,,,,,,,,,,,,,,,,
Q6XU52,,,,,,,,,,,,,,,,,,,,,,,,,,,,,,,,,,,,,,
Q463K4,,,,,,,,,,,,,,,,,,,,,,,,,,,,,,,,,,,,,,
Q5BHL5,,,,,,,,,,,,,,,,,,,,,,,,,,,,,,,,,,,,,,
Q2RCE5,,,,,,,,,,,,,,,,,,,,,,,,,,,,,,,,,,,,,,
Q0R793,,,,,,,,,,,,,,,,,,,,,,,,,,,,,,,,,,,,,,
A4GCN0,,,,,,,,,,,,,,,,,,,,,,,,,,,,,,,,,,,,,,
B6JRB5,,,,,,,,,,,,,,,,,,,,,,,,,,,,,,,,,,,,,,
Q67100,344,Q67100,,Viruses,Influenza A virus,387175,,,,,,,,,,,,,,,,,,,,,,,,,,,,,,,,
Q1WQS5,,,,,,,,,,,,,,,,,,,,,,,,,,,,,,,,,,,,,,
Q0A4C6,,,,,,,,,,,,,,,,,,,,,,,,,,,,,,,,,,,,,,
Q1I1H2,,,,,,,,,,,,,,,,,,,,,,,,,,,,,,,,,,,,,,
Q0P2A4,,,,,,,,,,,,,,,,,,,,,,,,,,,,,,,,,,,,,,
A1BL63,,,,,,,,,,,,,,,,,,,,,,,,,,,,,,,,,,,,,,
B3EVC6,,,,,,,,,,,,,,,,,,,,,,,,,,,,,,,,,,,,,,
B5FVT6,,,,,,,,,,,,,,,,,,,,,,,,,,,,,,,,,,,,,,
Q3IAP3,,,,,,,,,,,,,,,,,,,,,,,,,,,,,,,,,,,,,,
Q2RCP5,,,,,,,,,,,,,,,,,,,,,,,,,,,,,,,,,,,,,,
A8HXQ2,,,,,,,,,,,,,,,,,,,,,,,,,,,,,,,,,,,,,,
B3EVR9,,,,,,,,,,,,,,,,,,,,,,,,,,,,,,,,,,,,,,
B2VMH5,,,,,,,,,,,,,,,,,,,,,,,,,,,,,,,,,,,,,,
B2ZVK7,,,,,,,,,,,,,,,,,,,,,,,,,,,,,,,,,,,,,,
B3RDM4,,,,,,,,,,,,,,,,,,,,,,,,,,,,,,,,,,,,,,
Q4A2S6,430,Q4A2S6,,Viruses,Emiliania huxleyi virus 86 (isolate United Kingdom/English Channel/1999),654925,Emiliania huxleyi,2903,,,,,,,315,338,ECO:0000256,,,,,,,,,,,,,,,,,,,,,
A9L7K9,,,,,,,,,,,,,,,,,,,,,,,,,,,,,,,,,,,,,,
Q6XU81,,,,,,,,,,,,,,,,,,,,,,,,,,,,,,,,,,,,,,
Q3IB90,,,,,,,,,,,,,,,,,,,,,,,,,,,,,,,,,,,,,,
Q4JRK5,,,,,,,,,,,,,,,,,,,,,,,,,,,,,,,,,,,,,,
Q2Y2T3,,,,,,,,,,,,,,,,,,,,,,,,,,,,,,,,,,,,,,
Q2LN45,,,,,,,,,,,,,,,,,,,,,,,,,,,,,,,,,,,,,,
Q09ZS4,,,,,,,,,,,,,,,,,,,,,,,,,,,,,,,,,,,,,,
A0M8A6,,,,,,,,,,,,,,,,,,,,,,,,,,,,,,,,,,,,,,
B2VMC7,,,,,,,,,,,,,,,,,,,,,,,,,,,,,,,,,,,,,,
B4UPY5,,,,,,,,,,,,,,,,,,,,,,,,,,,,,,,,,,,,,,
B6JSZ9,,,,,,,,,,,,,,,,,,,,,,,,,,,,,,,,,,,,,,
B5SN98,,,,,,,,,,,,,,,,,,,,,,,,,,,,,,,,,,,,,,
B6A6R9,,,,,,,,,,,,,,,,,,,,,,,,,,,,,,,,,,,,,,
Q9YJW9,,,,,,,,,,,,,,,,,,,,,,,,,,,,,,,,,,,,,,
Q7TE99,,,,,,,,,,,,,,,,,,,,,,,,,,,,,,,,,,,,,,
Q2RDU5,,,,,,,,,,,,,,,,,,,,,,,,,,,,,,,,,,,,,,
Q1PU40,,,,,,,,,,,,,,,,,,,,,,,,,,,,,,,,,,,,,,
A8C511,,,,,,,,,,,,,,,,,,,,,,,,,,,,,,,,,,,,,,
B2VM57,,,,,,,,,,,,,,,,,,,,,,,,,,,,,,,,,,,,,,
B6JSD4,,,,,,,,,,,,,,,,,,,,,,,,,,,,,,,,,,,,,,
Q98332,226,Q98332,,Viruses,Microplitis demolitor bracovirus,53988,Microplitis demolitor,69319,,,,,,,,,,,,,,,,,,,,,,,,,,,,,,
Q9WJE6,212,Q9WJE6,,Viruses,Hepatitis B virus,10407,"Homo sapiens, Pan troglodytes","9606, 9598",,,,,,,,,,,,,,,,,,,,,,,,,,,,,,
Q464M9,,,,,,,,,,,,,,,,,,,,,,,,,,,,,,,,,,,,,,
Q2IBQ8,,,,,,,,,,,,,,,,,,,,,,,,,,,,,,,,,,,,,,
Q20ML2,,,,,,,,,,,,,,,,,,,,,,,,,,,,,,,,,,,,,,
Q1WQG5,,,,,,,,,,,,,,,,,,,,,,,,,,,,,,,,,,,,,,
Q38TY7,,,,,,,,,,,,,,,,,,,,,,,,,,,,,,,,,,,,,,
A4GCI6,566,A4GCI6,,Viruses,Influenza A virus (strain A/Henry/1936 H1N1),425562,"Aves, Homo sapiens, Sus scrofa","8782, 9606, 9823",1,17,ECO:0000255,,,,530,550,ECO:0000255,,,,,,,,,,,,,,,,,,,,,
A8C115,,,,,,,,,,,,,,,,,,,,,,,,,,,,,,,,,,,,,,
A8C487,,,,,,,,,,,,,,,,,,,,,,,,,,,,,,,,,,,,,,
B2VLU0,,,,,,,,,,,,,,,,,,,,,,,,,,,,,,,,,,,,,,
B3RDB8,,,,,,,,,,,,,,,,,,,,,,,,,,,,,,,,,,,,,,
B6JRC7,,,,,,,,,,,,,,,,,,,,,,,,,,,,,,,,,,,,,,
B5FVS5,,,,,,,,,,,,,,,,,,,,,,,,,,,,,,,,,,,,,,
Q82825,345,Q82825,,Viruses,Influenza B virus,229038,,,,,,,,,,,,,,,,,,,,,,,,,,,,,,,,
O56857,,,,,,,,,,,,,,,,,,,,,,,,,,,,,,,,,,,,,,
Q80KH8,177,Q80KH8,,Viruses,Campoletis sonorensis ichnovirus,10484,Campoletis sonorensis,7416,,,,,,,135,154,ECO:0000256,,,,,,,,,,,,,,,,,,,,,
Q3YQE9,,,,,,,,,,,,,,,,,,,,,,,,,,,,,,,,,,,,,,
Q3IB36,,,,,,,,,,,,,,,,,,,,,,,,,,,,,,,,,,,,,,
Q20NK0,,,,,,,,,,,,,,,,,,,,,,,,,,,,,,,,,,,,,,
Q20MM3,,,,,,,,,,,,,,,,,,,,,,,,,,,,,,,,,,,,,,
Q38SV2,,,,,,,,,,,,,,,,,,,,,,,,,,,,,,,,,,,,,,
Q30NA9,,,,,,,,,,,,,,,,,,,,,,,,,,,,,,,,,,,,,,
Q0A489,,,,,,,,,,,,,,,,,,,,,,,,,,,,,,,,,,,,,,
Q07FM9,,,,,,,,,,,,,,,,,,,,,,,,,,,,,,,,,,,,,,
Q0HBU8,,,,,,,,,,,,,,,,,,,,,,,,,,,,,,,,,,,,,,
A4D6R3,,,,,,,,,,,,,,,,,,,,,,,,,,,,,,,,,,,,,,
A8W8J4,,,,,,,,,,,,,,,,,,,,,,,,,,,,,,,,,,,,,,
B3EUZ4,,,,,,,,,,,,,,,,,,,,,,,,,,,,,,,,,,,,,,
B2VMA6,,,,,,,,,,,,,,,,,,,,,,,,,,,,,,,,,,,,,,
Q07777,344,Q07777,,Viruses,Influenza A virus,387180,,,,,,,,,,,,,,,,,,,,,,,,,,,,,,,,
Q918Q7,566,Q918Q7,,Viruses,Influenza A virus,170502,,,,,,,,,531,554,ECO:0000256,,,,,,,,,,,,,,,,,,,,,
Q58B80,,,,,,,,,,,,,,,,,,,,,,,,,,,,,,,,,,,,,,
Q38TG1,,,,,,,,,,,,,,,,,,,,,,,,,,,,,,,,,,,,,,
Q1PT60,,,,,,,,,,,,,,,,,,,,,,,,,,,,,,,,,,,,,,
Q0A0P3,,,,,,,,,,,,,,,,,,,,,,,,,,,,,,,,,,,,,,
A1BK43,,,,,,,,,,,,,,,,,,,,,,,,,,,,,,,,,,,,,,
B0VX05,,,,,,,,,,,,,,,,,,,,,,,,,,,,,,,,,,,,,,
B2VMG4,,,,,,,,,,,,,,,,,,,,,,,,,,,,,,,,,,,,,,
B2B8W4,,,,,,,,,,,,,,,,,,,,,,,,,,,,,,,,,,,,,,
B6JSB5,,,,,,,,,,,,,,,,,,,,,,,,,,,,,,,,,,,,,,
Q9YJU9,344,Q9YJU9,,Viruses,Influenza A virus H3N2,41857,,,,,,,,,,,,,,,,,,,,,,,,,,,,,,,,
Q5DXT2,,,,,,,,,,,,,,,,,,,,,,,,,,,,,,,,,,,,,,
Q4A2T7,198,Q4A2T7,,Viruses,Emiliania huxleyi virus 86 (isolate United Kingdom/English Channel/1999),654925,Emiliania huxleyi,2903,,,,,,,12,31,ECO:0000256,,,,,,,,,,,,,,,,,,,,,
Q4JS65,,,,,,,,,,,,,,,,,,,,,,,,,,,,,,,,,,,,,,
Q58BD0,,,,,,,,,,,,,,,,,,,,,,,,,,,,,,,,,,,,,,
Q2ICV4,,,,,,,,,,,,,,,,,,,,,,,,,,,,,,,,,,,,,,
Q20SA9,,,,,,,,,,,,,,,,,,,,,,,,,,,,,,,,,,,,,,
Q20PD6,,,,,,,,,,,,,,,,,,,,,,,,,,,,,,,,,,,,,,
Q20LI9,,,,,,,,,,,,,,,,,,,,,,,,,,,,,,,,,,,,,,
Q2RDN5,,,,,,,,,,,,,,,,,,,,,,,,,,,,,,,,,,,,,,
Q15KX0,,,,,,,,,,,,,,,,,,,,,,,,,,,,,,,,,,,,,,
Q07FI5,565,Q07FI5,,Viruses,Influenza A virus (strain A/China:Nanchang/11/1996 H1N1),394786,"Aves, Homo sapiens, Sus scrofa","8782, 9606, 9823",1,17,ECO:0000255,,,,529,549,ECO:0000255,,,,,,,,,,,,,,,,,,,,,
A4K0W6,,,,,,,,,,,,,,,,,,,,,,,,,,,,,,,,,,,,,,
A8C8A8,,,,,,,,,,,,,,,,,,,,,,,,,,,,,,,,,,,,,,
A7R9N6,,,,,,,,,,,,,,,,,,,,,,,,,,,,,,,,,,,,,,
A8W8K3,,,,,,,,,,,,,,,,,,,,,,,,,,,,,,,,,,,,,,
A9C6M8,,,,,,,,,,,,,,,,,,,,,,,,,,,,,,,,,,,,,,
B4UNM9,,,,,,,,,,,,,,,,,,,,,,,,,,,,,,,,,,,,,,
Q20N60,,,,,,,,,,,,,,,,,,,,,,,,,,,,,,,,,,,,,,
Q1WQF4,,,,,,,,,,,,,,,,,,,,,,,,,,,,,,,,,,,,,,
Q0A2T2,,,,,,,,,,,,,,,,,,,,,,,,,,,,,,,,,,,,,,
Q0P1D5,,,,,,,,,,,,,,,,,,,,,,,,,,,,,,,,,,,,,,
A0M7K3,,,,,,,,,,,,,,,,,,,,,,,,,,,,,,,,,,,,,,
B4URW7,,,,,,,,,,,,,,,,,,,,,,,,,,,,,,,,,,,,,,
B6JSM2,,,,,,,,,,,,,,,,,,,,,,,,,,,,,,,,,,,,,,
B5SNC3,,,,,,,,,,,,,,,,,,,,,,,,,,,,,,,,,,,,,,
Q58C50,,,,,,,,,,,,,,,,,,,,,,,,,,,,,,,,,,,,,,
Q00PN4,,,,,,,,,,,,,,,,,,,,,,,,,,,,,,,,,,,,,,
Q0A394,,,,,,,,,,,,,,,,,,,,,,,,,,,,,,,,,,,,,,
A6M6J1,,,,,,,,,,,,,,,,,,,,,,,,,,,,,,,,,,,,,,
A9C8C1,,,,,,,,,,,,,,,,,,,,,,,,,,,,,,,,,,,,,,
B2VMD8,,,,,,,,,,,,,,,,,,,,,,,,,,,,,,,,,,,,,,
B4URI4,,,,,,,,,,,,,,,,,,,,,,,,,,,,,,,,,,,,,,
B6A5X2,,,,,,,,,,,,,,,,,,,,,,,,,,,,,,,,,,,,,,
Q80KH9,224,Q80KH9,,Viruses,Campoletis sonorensis ichnovirus,10484,Campoletis sonorensis,7416,,,,,,,182,201,ECO:0000256,,,,,,,,,,,,,,,,,,,,,
O12294,353,O12294,,Viruses,Influenza A virus,217824,,,,,,,,,,,,,,,,,,,,,,,,,,,,,,,,
Q3YPP6,,,,,,,,,,,,,,,,,,,,,,,,,,,,,,,,,,,,,,
Q4U877,,,,,,,,,,,,,,,,,,,,,,,,,,,,,,,,,,,,,,
Q3M0R7,,,,,,,,,,,,,,,,,,,,,,,,,,,,,,,,,,,,,,
Q2Y4B0,,,,,,,,,,,,,,,,,,,,,,,,,,,,,,,,,,,,,,
Q2RE45,,,,,,,,,,,,,,,,,,,,,,,,,,,,,,,,,,,,,,
Q289X6,,,,,,,,,,,,,,,,,,,,,,,,,,,,,,,,,,,,,,
Q30NF3,,,,,,,,,,,,,,,,,,,,,,,,,,,,,,,,,,,,,,
B0KVN6,,,,,,,,,,,,,,,,,,,,,,,,,,,,,,,,,,,,,,
B6JRP3,,,,,,,,,,,,,,,,,,,,,,,,,,,,,,,,,,,,,,
B6A6C6,,,,,,,,,,,,,,,,,,,,,,,,,,,,,,,,,,,,,,
Q9WJE5,212,Q9WJE5,,Viruses,Hepatitis B virus,10407,"Homo sapiens, Pan troglodytes","9606, 9598",,,,,,,,,,,,,,,,,,,,,,,,,,,,,,
Q4A2P2,92,Q4A2P2,,Viruses,Emiliania huxleyi virus 86 (isolate United Kingdom/English Channel/1999),654925,Emiliania huxleyi,2903,,,,,,,6,25,ECO:0000256,,,,,,,,,,,,,,,,,,,,,
Q2RDY5,,,,,,,,,,,,,,,,,,,,,,,,,,,,,,,,,,,,,,
Q0P1W1,,,,,,,,,,,,,,,,,,,,,,,,,,,,,,,,,,,,,,
A4GB30,,,,,,,,,,,,,,,,,,,,,,,,,,,,,,,,,,,,,,
A8C7S4,,,,,,,,,,,,,,,,,,,,,,,,,,,,,,,,,,,,,,
A9C6N9,,,,,,,,,,,,,,,,,,,,,,,,,,,,,,,,,,,,,,
B2ZVD1,,,,,,,,,,,,,,,,,,,,,,,,,,,,,,,,,,,,,,
B4USE3,,,,,,,,,,,,,,,,,,,,,,,,,,,,,,,,,,,,,,
B5FVY8,,,,,,,,,,,,,,,,,,,,,,,,,,,,,,,,,,,,,,
Q67107,565,Q67107,B0VWX2,Viruses,Influenza A virus,475497,,,,,,,,,529,553,ECO:0000256,,,,,,,,,,,,,,,,,,,,,
Q4ZKJ3,,,,,,,,,,,,,,,,,,,,,,,,,,,,,,,,,,,,,,
Q3YQG0,,,,,,,,,,,,,,,,,,,,,,,,,,,,,,,,,,,,,,
Q4A2D2,148,Q4A2D2,,Viruses,Emiliania huxleyi virus 86 (isolate United Kingdom/English Channel/1999),654925,Emiliania huxleyi,2903,,,,,,,6,25,ECO:0000256,,,,,,,,,,,,,,,,,,,,,
Q0R884,,,,,,,,,,,,,,,,,,,,,,,,,,,,,,,,,,,,,,
A6M7M3,,,,,,,,,,,,,,,,,,,,,,,,,,,,,,,,,,,,,,
A8BQD9,,,,,,,,,,,,,,,,,,,,,,,,,,,,,,,,,,,,,,
A8W8H9,,,,,,,,,,,,,,,,,,,,,,,,,,,,,,,,,,,,,,
A9C8I7,,,,,,,,,,,,,,,,,,,,,,,,,,,,,,,,,,,,,,
B0VVH6,,,,,,,,,,,,,,,,,,,,,,,,,,,,,,,,,,,,,,
B6JSZ4,,,,,,,,,,,,,,,,,,,,,,,,,,,,,,,,,,,,,,
B5FVT0,,,,,,,,,,,,,,,,,,,,,,,,,,,,,,,,,,,,,,
B6A5S8,,,,,,,,,,,,,,,,,,,,,,,,,,,,,,,,,,,,,,
B5SMP2,,,,,,,,,,,,,,,,,,,,,,,,,,,,,,,,,,,,,,
Q2RF35,,,,,,,,,,,,,,,,,,,,,,,,,,,,,,,,,,,,,,
Q2RCQ5,,,,,,,,,,,,,,,,,,,,,,,,,,,,,,,,,,,,,,
Q0A1A3,,,,,,,,,,,,,,,,,,,,,,,,,,,,,,,,,,,,,,
A4JYU5,,,,,,,,,,,,,,,,,,,,,,,,,,,,,,,,,,,,,,
A4Z3S1,,,,,,,,,,,,,,,,,,,,,,,,,,,,,,,,,,,,,,
Q9Q0I4,,,,,,,,,,,,,,,,,,,,,,,,,,,,,,,,,,,,,,
Q3IAV9,,,,,,,,,,,,,,,,,,,,,,,,,,,,,,,,,,,,,,
Q58CC0,,,,,,,,,,,,,,,,,,,,,,,,,,,,,,,,,,,,,,
Q20UB1,,,,,,,,,,,,,,,,,,,,,,,,,,,,,,,,,,,,,,
Q20NK1,,,,,,,,,,,,,,,,,,,,,,,,,,,,,,,,,,,,,,
Q2RBT5,,,,,,,,,,,,,,,,,,,,,,,,,,,,,,,,,,,,,,
Q1WPM9,,,,,,,,,,,,,,,,,,,,,,,,,,,,,,,,,,,,,,
Q0A0H7,,,,,,,,,,,,,,,,,,,,,,,,,,,,,,,,,,,,,,
A4K1P1,,,,,,,,,,,,,,,,,,,,,,,,,,,,,,,,,,,,,,
A8BWK3,,,,,,,,,,,,,,,,,,,,,,,,,,,,,,,,,,,,,,
A8C8V0,,,,,,,,,,,,,,,,,,,,,,,,,,,,,,,,,,,,,,
Q6LDT3,89,Q6LDT3,,Viruses,Enterobacteria phage 933J,12340,,,,,,,,,,,,,,,,,,,,,,,,,,,,,,,,
B2VLN0,,,,,,,,,,,,,,,,,,,,,,,,,,,,,,,,,,,,,,
B6A627,,,,,,,,,,,,,,,,,,,,,,,,,,,,,,,,,,,,,,
Q85423,,,,,,,,,,,,,,,,,,,,,,,,,,,,,,,,,,,,,,
Q7TAW5,560,Q7TAW5,,Viruses,Influenza A virus,265122,,,,,,,,,524,549,ECO:0000256,,,,,,,,,,,,,,,,,,,,,
Q4A2Y5,307,Q4A2Y5,,Viruses,Emiliania huxleyi virus 86 (isolate United Kingdom/English Channel/1999),654925,Emiliania huxleyi,2903,,,,,,,6,27,ECO:0000256,187,205,ECO:0000256,,,,,,,,,,,,,,,,,,
Q58C80,,,,,,,,,,,,,,,,,,,,,,,,,,,,,,,,,,,,,,
Q20M04,,,,,,,,,,,,,,,,,,,,,,,,,,,,,,,,,,,,,,
Q0R942,,,,,,,,,,,,,,,,,,,,,,,,,,,,,,,,,,,,,,
A1BLA7,,,,,,,,,,,,,,,,,,,,,,,,,,,,,,,,,,,,,,
A4K2L0,,,,,,,,,,,,,,,,,,,,,,,,,,,,,,,,,,,,,,
A8C4I9,,,,,,,,,,,,,,,,,,,,,,,,,,,,,,,,,,,,,,
A8C8K5,,,,,,,,,,,,,,,,,,,,,,,,,,,,,,,,,,,,,,
A8W8J0,,,,,,,,,,,,,,,,,,,,,,,,,,,,,,,,,,,,,,
Q20NJ6,,,,,,,,,,,,,,,,,,,,,,,,,,,,,,,,,,,,,,
Q2REP5,,,,,,,,,,,,,,,,,,,,,,,,,,,,,,,,,,,,,,
Q0P381,,,,,,,,,,,,,,,,,,,,,,,,,,,,,,,,,,,,,,
Q0HB87,,,,,,,,,,,,,,,,,,,,,,,,,,,,,,,,,,,,,,
A0RSC5,,,,,,,,,,,,,,,,,,,,,,,,,,,,,,,,,,,,,,
A4GC65,,,,,,,,,,,,,,,,,,,,,,,,,,,,,,,,,,,,,,
A7R9R9,,,,,,,,,,,,,,,,,,,,,,,,,,,,,,,,,,,,,,
B2VM33,,,,,,,,,,,,,,,,,,,,,,,,,,,,,,,,,,,,,,
Q9DHT2,215,Q9DHT2,,Viruses,Yaba-like disease virus,132475,"Homo sapiens, Simiiformes","9606, 314293",,,,,,,,,,,,,,,,,,,,,,,,,,,,,,
Q4ZKM3,,,,,,,,,,,,,,,,,,,,,,,,,,,,,,,,,,,,,,
Q20VT4,,,,,,,,,,,,,,,,,,,,,,,,,,,,,,,,,,,,,,
Q38T51,,,,,,,,,,,,,,,,,,,,,,,,,,,,,,,,,,,,,,
Q2LNV0,,,,,,,,,,,,,,,,,,,,,,,,,,,,,,,,,,,,,,
Q0R964,,,,,,,,,,,,,,,,,,,,,,,,,,,,,,,,,,,,,,
A9C4J1,,,,,,,,,,,,,,,,,,,,,,,,,,,,,,,,,,,,,,
A9C5L5,,,,,,,,,,,,,,,,,,,,,,,,,,,,,,,,,,,,,,
B1MPH5,,,,,,,,,,,,,,,,,,,,,,,,,,,,,,,,,,,,,,
B2ZVX7,,,,,,,,,,,,,,,,,,,,,,,,,,,,,,,,,,,,,,
B5FVS8,,,,,,,,,,,,,,,,,,,,,,,,,,,,,,,,,,,,,,
B6A7J3,,,,,,,,,,,,,,,,,,,,,,,,,,,,,,,,,,,,,,
Q7TEB5,564,Q7TEB5,,Viruses,Influenza A virus,232541,,,,,,,,,529,551,ECO:0000256,,,,,,,,,,,,,,,,,,,,,
Q83469,832,Q83469,,Viruses,Maize stripe virus,3052767,"Rottboellia, Sorghum bicolor, Zea mays","300124, 4558, 4577",,,,,,,265,290,ECO:0000256,361,377,ECO:0000256,,,,,,,,,,,,,,,,,,
Q1WPF2,,,,,,,,,,,,,,,,,,,,,,,,,,,,,,,,,,,,,,
Q1PTC6,,,,,,,,,,,,,,,,,,,,,,,,,,,,,,,,,,,,,,
Q0A4B1,,,,,,,,,,,,,,,,,,,,,,,,,,,,,,,,,,,,,,
Q15L36,,,,,,,,,,,,,,,,,,,,,,,,,,,,,,,,,,,,,,
A4JZH1,,,,,,,,,,,,,,,,,,,,,,,,,,,,,,,,,,,,,,
A4K1F3,,,,,,,,,,,,,,,,,,,,,,,,,,,,,,,,,,,,,,
A8C7U4,,,,,,,,,,,,,,,,,,,,,,,,,,,,,,,,,,,,,,
B4UP29,,,,,,,,,,,,,,,,,,,,,,,,,,,,,,,,,,,,,,
B3REU2,,,,,,,,,,,,,,,,,,,,,,,,,,,,,,,,,,,,,,
B6JS91,,,,,,,,,,,,,,,,,,,,,,,,,,,,,,,,,,,,,,
Q20NL5,,,,,,,,,,,,,,,,,,,,,,,,,,,,,,,,,,,,,,
Q1WQ11,,,,,,,,,,,,,,,,,,,,,,,,,,,,,,,,,,,,,,
B2VMD0,,,,,,,,,,,,,,,,,,,,,,,,,,,,,,,,,,,,,,
B5FVX2,,,,,,,,,,,,,,,,,,,,,,,,,,,,,,,,,,,,,,
A9X015,,,,,,,,,,,,,,,,,,,,,,,,,,,,,,,,,,,,,,
Q8B6Z1,,,,,,,,,,,,,,,,,,,,,,,,,,,,,,,,,,,,,,
Q9YJU4,,,,,,,,,,,,,,,,,,,,,,,,,,,,,,,,,,,,,,
Q6XU75,,,,,,,,,,,,,,,,,,,,,,,,,,,,,,,,,,,,,,
Q58BX0,,,,,,,,,,,,,,,,,,,,,,,,,,,,,,,,,,,,,,
Q38SJ2,,,,,,,,,,,,,,,,,,,,,,,,,,,,,,,,,,,,,,
Q00QT0,,,,,,,,,,,,,,,,,,,,,,,,,,,,,,,,,,,,,,
A8C2T2,,,,,,,,,,,,,,,,,,,,,,,,,,,,,,,,,,,,,,
A8C789,,,,,,,,,,,,,,,,,,,,,,,,,,,,,,,,,,,,,,
A9C6K6,,,,,,,,,,,,,,,,,,,,,,,,,,,,,,,,,,,,,,
B0VWQ6,,,,,,,,,,,,,,,,,,,,,,,,,,,,,,,,,,,,,,
B2VMB1,,,,,,,,,,,,,,,,,,,,,,,,,,,,,,,,,,,,,,
B6JTG4,,,,,,,,,,,,,,,,,,,,,,,,,,,,,,,,,,,,,,
A9L8K0,,,,,,,,,,,,,,,,,,,,,,,,,,,,,,,,,,,,,,
Q8QKU5,132,Q8QKU5,,Viruses,Ectocarpus siliculosus virus 1 (isolate New Zealand/Kaikoura/1988),654926,Ectocarpus siliculosus,2880,,,,,,,6,21,ECO:0000256,33,52,ECO:0000256,64,87,ECO:0000256,,,,,,,,,,,,,,,
Q6XU78,,,,,,,,,,,,,,,,,,,,,,,,,,,,,,,,,,,,,,
Q462S8,,,,,,,,,,,,,,,,,,,,,,,,,,,,,,,,,,,,,,
Q20MD6,566,Q20MD6,,Viruses,Influenza A virus (strain A/Udorn/1972 H3N2),385599,"Aves, Cetacea, Homo sapiens, Phocidae, Sus scrofa","8782, 9721, 9606, 9709, 9823",,,,,,,530,554,ECO:0000256,,,,,,,,,,,,,,,,,,,,,
A8ARW9,,,,,,,,,,,,,,,,,,,,,,,,,,,,,,,,,,,,,,
A8C165,,,,,,,,,,,,,,,,,,,,,,,,,,,,,,,,,,,,,,
A8C3F6,,,,,,,,,,,,,,,,,,,,,,,,,,,,,,,,,,,,,,
B1MSZ6,392,B1MSZ6,,Viruses,Influenza A virus,511417,,,,,,,,,,,,,,,,,,,,,,,,,,,,,,,,
B6JSJ8,,,,,,,,,,,,,,,,,,,,,,,,,,,,,,,,,,,,,,
B6A7P1,,,,,,,,,,,,,,,,,,,,,,,,,,,,,,,,,,,,,,
Q9DHK7,53,Q9DHK7,,Viruses,Yaba-like disease virus,132475,"Homo sapiens, Simiiformes","9606, 314293",,,,,,,7,26,ECO:0000256,32,49,ECO:0000256,,,,,,,,,,,,,,,,,,
Q69394,13,Q69394,,Viruses,Suid herpesvirus 1,10345,,,,,,,,,,,,,,,,,,,,,,,,,,,,,,,,
Q4U776,,,,,,,,,,,,,,,,,,,,,,,,,,,,,,,,,,,,,,
Q2ICJ4,,,,,,,,,,,,,,,,,,,,,,,,,,,,,,,,,,,,,,
Q20NC7,,,,,,,,,,,,,,,,,,,,,,,,,,,,,,,,,,,,,,
Q2LP49,,,,,,,,,,,,,,,,,,,,,,,,,,,,,,,,,,,,,,
Q0A3W5,,,,,,,,,,,,,,,,,,,,,,,,,,,,,,,,,,,,,,
Q10U61,,,,,,,,,,,,,,,,,,,,,,,,,,,,,,,,,,,,,,
Q0HCR7,,,,,,,,,,,,,,,,,,,,,,,,,,,,,,,,,,,,,,
A4K2C2,,,,,,,,,,,,,,,,,,,,,,,,,,,,,,,,,,,,,,
A7IRM8,,,,,,,,,,,,,,,,,,,,,,,,,,,,,,,,,,,,,,
A8BS69,,,,,,,,,,,,,,,,,,,,,,,,,,,,,,,,,,,,,,
A9C528,,,,,,,,,,,,,,,,,,,,,,,,,,,,,,,,,,,,,,
Q6XU80,,,,,,,,,,,,,,,,,,,,,,,,,,,,,,,,,,,,,,
Q4A247,244,Q4A247,,Viruses,Emiliania huxleyi virus 86 (isolate United Kingdom/English Channel/1999),654925,Emiliania huxleyi,2903,,,,,,,,,,,,,,,,,,,,,,,,,,,,,,
Q28BF4,,,,,,,,,,,,,,,,,,,,,,,,,,,,,,,,,,,,,,
Q15LZ4,,,,,,,,,,,,,,,,,,,,,,,,,,,,,,,,,,,,,,
Q1I1J4,,,,,,,,,,,,,,,,,,,,,,,,,,,,,,,,,,,,,,
A4K1G4,,,,,,,,,,,,,,,,,,,,,,,,,,,,,,,,,,,,,,
A5GX41,,,,,,,,,,,,,,,,,,,,,,,,,,,,,,,,,,,,,,
A7IRK6,,,,,,,,,,,,,,,,,,,,,,,,,,,,,,,,,,,,,,
A8C7C2,,,,,,,,,,,,,,,,,,,,,,,,,,,,,,,,,,,,,,
B2VM94,,,,,,,,,,,,,,,,,,,,,,,,,,,,,,,,,,,,,,
B5FW08,,,,,,,,,,,,,,,,,,,,,,,,,,,,,,,,,,,,,,
B6JS24,,,,,,,,,,,,,,,,,,,,,,,,,,,,,,,,,,,,,,
Q07774,344,Q07774,,Viruses,Influenza A virus,387154,,,,,,,,,,,,,,,,,,,,,,,,,,,,,,,,
Q9YJV4,,,,,,,,,,,,,,,,,,,,,,,,,,,,,,,,,,,,,,
Q5W332,,,,,,,,,,,,,,,,,,,,,,,,,,,,,,,,,,,,,,
Q20LS7,,,,,,,,,,,,,,,,,,,,,,,,,,,,,,,,,,,,,,
Q0R829,,,,,,,,,,,,,,,,,,,,,,,,,,,,,,,,,,,,,,
Q0A242,,,,,,,,,,,,,,,,,,,,,,,,,,,,,,,,,,,,,,
Q09ZI6,,,,,,,,,,,,,,,,,,,,,,,,,,,,,,,,,,,,,,
Q0HD38,,,,,,,,,,,,,,,,,,,,,,,,,,,,,,,,,,,,,,
A4K0T3,,,,,,,,,,,,,,,,,,,,,,,,,,,,,,,,,,,,,,
A8C3Y5,,,,,,,,,,,,,,,,,,,,,,,,,,,,,,,,,,,,,,
B2ZVK5,,,,,,,,,,,,,,,,,,,,,,,,,,,,,,,,,,,,,,
A9X0Y6,,,,,,,,,,,,,,,,,,,,,,,,,,,,,,,,,,,,,,
B6A6N6,,,,,,,,,,,,,,,,,,,,,,,,,,,,,,,,,,,,,,
Q9Q0U5,,,,,,,,,,,,,,,,,,,,,,,,,,,,,,,,,,,,,,
Q9DHV3,226,Q9DHV3,,Viruses,Yaba-like disease virus,132475,"Homo sapiens, Simiiformes","9606, 314293",,,,,,,7,25,ECO:0000256,,,,,,,,,,,,,,,,,,,,,
Q463J3,,,,,,,,,,,,,,,,,,,,,,,,,,,,,,,,,,,,,,
Q4A351,175,Q4A351,,Viruses,Emiliania huxleyi virus 86 (isolate United Kingdom/English Channel/1999),654925,Emiliania huxleyi,2903,,,,,,,52,73,ECO:0000256,,,,,,,,,,,,,,,,,,,,,
Q2RF05,,,,,,,,,,,,,,,,,,,,,,,,,,,,,,,,,,,,,,
Q15LQ6,,,,,,,,,,,,,,,,,,,,,,,,,,,,,,,,,,,,,,
Q0A4B5,,,,,,,,,,,,,,,,,,,,,,,,,,,,,,,,,,,,,,
Q0P271,,,,,,,,,,,,,,,,,,,,,,,,,,,,,,,,,,,,,,
Q07EG2,,,,,,,,,,,,,,,,,,,,,,,,,,,,,,,,,,,,,,
Q10TJ1,,,,,,,,,,,,,,,,,,,,,,,,,,,,,,,,,,,,,,
A0RT94,,,,,,,,,,,,,,,,,,,,,,,,,,,,,,,,,,,,,,
A8W8G2,,,,,,,,,,,,,,,,,,,,,,,,,,,,,,,,,,,,,,
B6JR55,,,,,,,,,,,,,,,,,,,,,,,,,,,,,,,,,,,,,,
Q2RDF5,,,,,,,,,,,,,,,,,,,,,,,,,,,,,,,,,,,,,,
A3DRH4,,,,,,,,,,,,,,,,,,,,,,,,,,,,,,,,,,,,,,
A9C924,,,,,,,,,,,,,,,,,,,,,,,,,,,,,,,,,,,,,,
B1MPI5,,,,,,,,,,,,,,,,,,,,,,,,,,,,,,,,,,,,,,
A9L8F6,,,,,,,,,,,,,,,,,,,,,,,,,,,,,,,,,,,,,,
Q3SCP1,,,,,,,,,,,,,,,,,,,,,,,,,,,,,,,,,,,,,,
Q2LNX2,,,,,,,,,,,,,,,,,,,,,,,,,,,,,,,,,,,,,,
Q2Y331,,,,,,,,,,,,,,,,,,,,,,,,,,,,,,,,,,,,,,
Q1I1F0,,,,,,,,,,,,,,,,,,,,,,,,,,,,,,,,,,,,,,
A6M6N5,,,,,,,,,,,,,,,,,,,,,,,,,,,,,,,,,,,,,,
B1MPM8,,,,,,,,,,,,,,,,,,,,,,,,,,,,,,,,,,,,,,
B2VMC1,,,,,,,,,,,,,,,,,,,,,,,,,,,,,,,,,,,,,,
B2KHC9,,,,,,,,,,,,,,,,,,,,,,,,,,,,,,,,,,,,,,
B6A761,,,,,,,,,,,,,,,,,,,,,,,,,,,,,,,,,,,,,,
Q4U766,,,,,,,,,,,,,,,,,,,,,,,,,,,,,,,,,,,,,,
Q4A353,89,Q4A353,,Viruses,Emiliania huxleyi virus 86 (isolate United Kingdom/English Channel/1999),654925,Emiliania huxleyi,2903,,,,,,,32,53,ECO:0000256,59,81,ECO:0000256,,,,,,,,,,,,,,,,,,
Q2RET5,,,,,,,,,,,,,,,,,,,,,,,,,,,,,,,,,,,,,,
Q1AQK8,,,,,,,,,,,,,,,,,,,,,,,,,,,,,,,,,,,,,,
A4GBV5,,,,,,,,,,,,,,,,,,,,,,,,,,,,,,,,,,,,,,
A6M838,,,,,,,,,,,,,,,,,,,,,,,,,,,,,,,,,,,,,,
B2VMQ3,,,,,,,,,,,,,,,,,,,,,,,,,,,,,,,,,,,,,,
B4URY9,,,,,,,,,,,,,,,,,,,,,,,,,,,,,,,,,,,,,,
Q69396,19,Q69396,,Viruses,Suid herpesvirus 1,10345,,,,,,,,,,,,,,,,,,,,,,,,,,,,,,,,
Q67054,,,,,,,,,,,,,,,,,,,,,,,,,,,,,,,,,,,,,,
Q4ZKT7,,,,,,,,,,,,,,,,,,,,,,,,,,,,,,,,,,,,,,
Q20W85,,,,,,,,,,,,,,,,,,,,,,,,,,,,,,,,,,,,,,
Q2RDV5,,,,,,,,,,,,,,,,,,,,,,,,,,,,,,,,,,,,,,
Q28BC1,,,,,,,,,,,,,,,,,,,,,,,,,,,,,,,,,,,,,,
A1BKV3,,,,,,,,,,,,,,,,,,,,,,,,,,,,,,,,,,,,,,
A8C4K0,,,,,,,,,,,,,,,,,,,,,,,,,,,,,,,,,,,,,,
B3H3B9,,,,,,,,,,,,,,,,,,,,,,,,,,,,,,,,,,,,,,
Q2ID97,,,,,,,,,,,,,,,,,,,,,,,,,,,,,,,,,,,,,,
Q2IC51,,,,,,,,,,,,,,,,,,,,,,,,,,,,,,,,,,,,,,
Q20VF7,,,,,,,,,,,,,,,,,,,,,,,,,,,,,,,,,,,,,,
Q0R6Y3,,,,,,,,,,,,,,,,,,,,,,,,,,,,,,,,,,,,,,
A0RTH5,,,,,,,,,,,,,,,,,,,,,,,,,,,,,,,,,,,,,,
A8BSI8,,,,,,,,,,,,,,,,,,,,,,,,,,,,,,,,,,,,,,
A8C677,,,,,,,,,,,,,,,,,,,,,,,,,,,,,,,,,,,,,,
A8W8K1,,,,,,,,,,,,,,,,,,,,,,,,,,,,,,,,,,,,,,
B1MPL8,,,,,,,,,,,,,,,,,,,,,,,,,,,,,,,,,,,,,,
B3RDI0,,,,,,,,,,,,,,,,,,,,,,,,,,,,,,,,,,,,,,
B2VLU3,565,B2VLU3,,Viruses,Influenza A virus,381512,,,,,,,,,530,553,ECO:0000256,,,,,,,,,,,,,,,,,,,,,
B5FVX4,,,,,,,,,,,,,,,,,,,,,,,,,,,,,,,,,,,,,,
B6JRD4,,,,,,,,,,,,,,,,,,,,,,,,,,,,,,,,,,,,,,
Q9WIU9,879,Q9WIU9,,Viruses,Human immunodeficiency virus type 1,11676,Homo sapiens,9606,,,,,,,694,721,ECO:0000256,,,,,,,,,,,,,,,,,,,,,
Q8JEM8,515,Q8JEM8,,Viruses,Bovine leukemia virus,11901,Bos taurus,9913,,,,,,,439,460,ECO:0000256,,,,,,,,,,,,,,,,,,,,,
A3DS11,,,,,,,,,,,,,,,,,,,,,,,,,,,,,,,,,,,,,,
A9X0Z7,,,,,,,,,,,,,,,,,,,,,,,,,,,,,,,,,,,,,,
Q9WCE2,566,Q9WCE2,,Viruses,Influenza A virus,402494,,,,,,,,,531,554,ECO:0000256,,,,,,,,,,,,,,,,,,,,,
Q2FCD5,,,,,,,,,,,,,,,,,,,,,,,,,,,,,,,,,,,,,,
Q0A3D7,,,,,,,,,,,,,,,,,,,,,,,,,,,,,,,,,,,,,,
Q0R7B5,,,,,,,,,,,,,,,,,,,,,,,,,,,,,,,,,,,,,,
Q0HD60,566,Q0HD60,,Viruses,Influenza A virus (strain A/Hickox/1940 H1N1),383543,"Aves, Homo sapiens, Sus scrofa","8782, 9606, 9823",1,17,ECO:0000255,,,,530,550,ECO:0000255,,,,,,,,,,,,,,,,,,,,,
A4JZI2,,,,,,,,,,,,,,,,,,,,,,,,,,,,,,,,,,,,,,
A9C572,,,,,,,,,,,,,,,,,,,,,,,,,,,,,,,,,,,,,,
B6JR92,563,B6JR92,,Viruses,Influenza A virus,569237,,,,,,,,,527,551,ECO:0000256,,,,,,,,,,,,,,,,,,,,,
B5SMV8,,,,,,,,,,,,,,,,,,,,,,,,,,,,,,,,,,,,,,
Q4A2U6,184,Q4A2U6,,Viruses,Emiliania huxleyi virus 86 (isolate United Kingdom/English Channel/1999),654925,Emiliania huxleyi,2903,,,,,,,6,22,ECO:0000256,,,,,,,,,,,,,,,,,,,,,
Q2ID53,,,,,,,,,,,,,,,,,,,,,,,,,,,,,,,,,,,,,,
Q2IBK3,,,,,,,,,,,,,,,,,,,,,,,,,,,,,,,,,,,,,,
Q20TM7,,,,,,,,,,,,,,,,,,,,,,,,,,,,,,,,,,,,,,
Q2RFH2,,,,,,,,,,,,,,,,,,,,,,,,,,,,,,,,,,,,,,
Q0A136,,,,,,,,,,,,,,,,,,,,,,,,,,,,,,,,,,,,,,
Q0HBS6,,,,,,,,,,,,,,,,,,,,,,,,,,,,,,,,,,,,,,
A4K143,566,A4K143,,Viruses,Influenza A virus (strain A/Malaysia:Malaya/302/1954 H1N1),425566,"Aves, Homo sapiens, Sus scrofa","8782, 9606, 9823",1,17,ECO:0000255,,,,530,550,ECO:0000255,,,,,,,,,,,,,,,,,,,,,
B2VLQ5,,,,,,,,,,,,,,,,,,,,,,,,,,,,,,,,,,,,,,
B2B8E9,,,,,,,,,,,,,,,,,,,,,,,,,,,,,,,,,,,,,,
B6JSS1,,,,,,,,,,,,,,,,,,,,,,,,,,,,,,,,,,,,,,
Q4JRR5,,,,,,,,,,,,,,,,,,,,,,,,,,,,,,,,,,,,,,
Q00Q16,,,,,,,,,,,,,,,,,,,,,,,,,,,,,,,,,,,,,,
Q0RAB0,,,,,,,,,,,,,,,,,,,,,,,,,,,,,,,,,,,,,,
A0RT61,,,,,,,,,,,,,,,,,,,,,,,,,,,,,,,,,,,,,,
A8HXM6,,,,,,,,,,,,,,,,,,,,,,,,,,,,,,,,,,,,,,
B2KHU4,,,,,,,,,,,,,,,,,,,,,,,,,,,,,,,,,,,,,,
Q4A2S9,621,Q4A2S9,,Viruses,Emiliania huxleyi virus 86 (isolate United Kingdom/English Channel/1999),654925,Emiliania huxleyi,2903,,,,,,,558,584,ECO:0000256,,,,,,,,,,,,,,,,,,,,,
Q6XU87,,,,,,,,,,,,,,,,,,,,,,,,,,,,,,,,,,,,,,
Q4U7S7,,,,,,,,,,,,,,,,,,,,,,,,,,,,,,,,,,,,,,
A8W8L4,,,,,,,,,,,,,,,,,,,,,,,,,,,,,,,,,,,,,,
B3EVM5,,,,,,,,,,,,,,,,,,,,,,,,,,,,,,,,,,,,,,
B2VMB3,,,,,,,,,,,,,,,,,,,,,,,,,,,,,,,,,,,,,,
B6JSY9,,,,,,,,,,,,,,,,,,,,,,,,,,,,,,,,,,,,,,
B5SN79,,,,,,,,,,,,,,,,,,,,,,,,,,,,,,,,,,,,,,
Q9Q0H6,,,,,,,,,,,,,,,,,,,,,,,,,,,,,,,,,,,,,,
Q2IBR9,,,,,,,,,,,,,,,,,,,,,,,,,,,,,,,,,,,,,,
Q1WQK9,,,,,,,,,,,,,,,,,,,,,,,,,,,,,,,,,,,,,,
Q2RCK5,,,,,,,,,,,,,,,,,,,,,,,,,,,,,,,,,,,,,,
Q38UA8,,,,,,,,,,,,,,,,,,,,,,,,,,,,,,,,,,,,,,
Q0R9L8,,,,,,,,,,,,,,,,,,,,,,,,,,,,,,,,,,,,,,
Q09YW6,,,,,,,,,,,,,,,,,,,,,,,,,,,,,,,,,,,,,,
Q07EQ0,,,,,,,,,,,,,,,,,,,,,,,,,,,,,,,,,,,,,,
A6M7Q6,,,,,,,,,,,,,,,,,,,,,,,,,,,,,,,,,,,,,,
A8BX09,,,,,,,,,,,,,,,,,,,,,,,,,,,,,,,,,,,,,,
B2VM38,,,,,,,,,,,,,,,,,,,,,,,,,,,,,,,,,,,,,,
Q4ZKQ3,,,,,,,,,,,,,,,,,,,,,,,,,,,,,,,,,,,,,,
Q15KS6,,,,,,,,,,,,,,,,,,,,,,,,,,,,,,,,,,,,,,
Q0P3E7,,,,,,,,,,,,,,,,,,,,,,,,,,,,,,,,,,,,,,
Q07FU5,,,,,,,,,,,,,,,,,,,,,,,,,,,,,,,,,,,,,,
A0M7V2,,,,,,,,,,,,,,,,,,,,,,,,,,,,,,,,,,,,,,
A8BMI9,,,,,,,,,,,,,,,,,,,,,,,,,,,,,,,,,,,,,,
A8C0L3,,,,,,,,,,,,,,,,,,,,,,,,,,,,,,,,,,,,,,
Q20NL8,,,,,,,,,,,,,,,,,,,,,,,,,,,,,,,,,,,,,,
Q1WPQ1,,,,,,,,,,,,,,,,,,,,,,,,,,,,,,,,,,,,,,
Q38T18,,,,,,,,,,,,,,,,,,,,,,,,,,,,,,,,,,,,,,
Q15M38,,,,,,,,,,,,,,,,,,,,,,,,,,,,,,,,,,,,,,
Q0RA99,,,,,,,,,,,,,,,,,,,,,,,,,,,,,,,,,,,,,,
Q00QR9,,,,,,,,,,,,,,,,,,,,,,,,,,,,,,,,,,,,,,
A8W8G4,,,,,,,,,,,,,,,,,,,,,,,,,,,,,,,,,,,,,,
A9C4Z5,,,,,,,,,,,,,,,,,,,,,,,,,,,,,,,,,,,,,,
A9CAK1,,,,,,,,,,,,,,,,,,,,,,,,,,,,,,,,,,,,,,
B2VM91,,,,,,,,,,,,,,,,,,,,,,,,,,,,,,,,,,,,,,
O09637,370,O09637,,Viruses,Influenza A virus,380352,,,,,,,,,,,,,,,,,,,,,,,,,,,,,,,,
Q82563,564,Q82563,,Viruses,Influenza A virus,402523,,,,,,,,,528,550,ECO:0000256,,,,,,,,,,,,,,,,,,,,,
Q4A2A8,257,Q4A2A8,,Viruses,Emiliania huxleyi virus 86 (isolate United Kingdom/English Channel/1999),654925,Emiliania huxleyi,2903,,,,,,,7,26,ECO:0000256,,,,,,,,,,,,,,,,,,,,,
Q52JM8,,,,,,,,,,,,,,,,,,,,,,,,,,,,,,,,,,,,,,
Q3M089,,,,,,,,,,,,,,,,,,,,,,,,,,,,,,,,,,,,,,
Q1PT82,,,,,,,,,,,,,,,,,,,,,,,,,,,,,,,,,,,,,,
Q00PT9,,,,,,,,,,,,,,,,,,,,,,,,,,,,,,,,,,,,,,
Q0R7W3,,,,,,,,,,,,,,,,,,,,,,,,,,,,,,,,,,,,,,
A8BI70,,,,,,,,,,,,,,,,,,,,,,,,,,,,,,,,,,,,,,
A8BQM4,,,,,,,,,,,,,,,,,,,,,,,,,,,,,,,,,,,,,,
B1MPL6,,,,,,,,,,,,,,,,,,,,,,,,,,,,,,,,,,,,,,
B0VWZ4,,,,,,,,,,,,,,,,,,,,,,,,,,,,,,,,,,,,,,
B2VMD3,,,,,,,,,,,,,,,,,,,,,,,,,,,,,,,,,,,,,,
A9L7Z1,,,,,,,,,,,,,,,,,,,,,,,,,,,,,,,,,,,,,,
Q07775,344,Q07775,,Viruses,Influenza A virus,387165,,,,,,,,,,,,,,,,,,,,,,,,,,,,,,,,
Q4JS85,,,,,,,,,,,,,,,,,,,,,,,,,,,,,,,,,,,,,,
Q4U8A7,,,,,,,,,,,,,,,,,,,,,,,,,,,,,,,,,,,,,,
Q20WI7,,,,,,,,,,,,,,,,,,,,,,,,,,,,,,,,,,,,,,
Q09Z43,,,,,,,,,,,,,,,,,,,,,,,,,,,,,,,,,,,,,,
Q10TG9,,,,,,,,,,,,,,,,,,,,,,,,,,,,,,,,,,,,,,
A8W8G7,,,,,,,,,,,,,,,,,,,,,,,,,,,,,,,,,,,,,,
A9WZR6,,,,,,,,,,,,,,,,,,,,,,,,,,,,,,,,,,,,,,
Q82511,562,Q82511,,Viruses,Influenza A virus,402526,,,,,,,,,526,551,ECO:0000256,,,,,,,,,,,,,,,,,,,,,
Q2FCC5,,,,,,,,,,,,,,,,,,,,,,,,,,,,,,,,,,,,,,
Q2RC15,,,,,,,,,,,,,,,,,,,,,,,,,,,,,,,,,,,,,,
Q2LP82,,,,,,,,,,,,,,,,,,,,,,,,,,,,,,,,,,,,,,
Q0P2K3,,,,,,,,,,,,,,,,,,,,,,,,,,,,,,,,,,,,,,
Q0P1E6,,,,,,,,,,,,,,,,,,,,,,,,,,,,,,,,,,,,,,
A9X0B4,,,,,,,,,,,,,,,,,,,,,,,,,,,,,,,,,,,,,,
Q4A2C1,158,Q4A2C1,,Viruses,Emiliania huxleyi virus 86 (isolate United Kingdom/English Channel/1999),654925,Emiliania huxleyi,2903,,,,,,,7,27,ECO:0000256,,,,,,,,,,,,,,,,,,,,,
Q2RC25,,,,,,,,,,,,,,,,,,,,,,,,,,,,,,,,,,,,,,
Q00QZ6,,,,,,,,,,,,,,,,,,,,,,,,,,,,,,,,,,,,,,
Q07EX7,,,,,,,,,,,,,,,,,,,,,,,,,,,,,,,,,,,,,,
Q10U83,,,,,,,,,,,,,,,,,,,,,,,,,,,,,,,,,,,,,,
Q0HCE6,,,,,,,,,,,,,,,,,,,,,,,,,,,,,,,,,,,,,,
A0M8G1,,,,,,,,,,,,,,,,,,,,,,,,,,,,,,,,,,,,,,
A4K212,,,,,,,,,,,,,,,,,,,,,,,,,,,,,,,,,,,,,,
B2VMC8,,,,,,,,,,,,,,,,,,,,,,,,,,,,,,,,,,,,,,
B6JTI6,,,,,,,,,,,,,,,,,,,,,,,,,,,,,,,,,,,,,,
Q67104,565,Q67104,,Viruses,Influenza A virus,38827,,,,,,,,,529,553,ECO:0000256,,,,,,,,,,,,,,,,,,,,,
Q4U897,,,,,,,,,,,,,,,,,,,,,,,,,,,,,,,,,,,,,,
Q4U7R7,,,,,,,,,,,,,,,,,,,,,,,,,,,,,,,,,,,,,,
A4U6D7,,,,,,,,,,,,,,,,,,,,,,,,,,,,,,,,,,,,,,
A8C191,,,,,,,,,,,,,,,,,,,,,,,,,,,,,,,,,,,,,,
A8C7M2,,,,,,,,,,,,,,,,,,,,,,,,,,,,,,,,,,,,,,
A9C9V9,,,,,,,,,,,,,,,,,,,,,,,,,,,,,,,,,,,,,,
B2VME3,,,,,,,,,,,,,,,,,,,,,,,,,,,,,,,,,,,,,,
A9R9Z5,,,,,,,,,,,,,,,,,,,,,,,,,,,,,,,,,,,,,,
Q4ZL07,,,,,,,,,,,,,,,,,,,,,,,,,,,,,,,,,,,,,,
Q4A2U0,281,Q4A2U0,,Viruses,Emiliania huxleyi virus 86 (isolate United Kingdom/English Channel/1999),654925,Emiliania huxleyi,2903,,,,,,,193,216,ECO:0000256,,,,,,,,,,,,,,,,,,,,,
Q0A0X0,,,,,,,,,,,,,,,,,,,,,,,,,,,,,,,,,,,,,,
A2CGC5,,,,,,,,,,,,,,,,,,,,,,,,,,,,,,,,,,,,,,
A8W8L1,,,,,,,,,,,,,,,,,,,,,,,,,,,,,,,,,,,,,,
B5FVX9,,,,,,,,,,,,,,,,,,,,,,,,,,,,,,,,,,,,,,
A9X0L5,,,,,,,,,,,,,,,,,,,,,,,,,,,,,,,,,,,,,,
Q8QKW4,88,Q8QKW4,,Viruses,Ectocarpus siliculosus virus 1 (isolate New Zealand/Kaikoura/1988),654926,Ectocarpus siliculosus,2880,,,,,,,12,32,ECO:0000256,,,,,,,,,,,,,,,,,,,,,
Q9YJW4,212,Q9YJW4,,Viruses,Hepatitis B virus,10407,"Homo sapiens, Pan troglodytes","9606, 9598",,,,,,,,,,,,,,,,,,,,,,,,,,,,,,
Q66930,532,Q66930,Q86790,Viruses,Feline herpesvirus 1,10334,Felidae,9681,,,,,,,396,420,ECO:0000256,,,,,,,,,,,,,,,,,,,,,
Q4A2D8,163,Q4A2D8,,Viruses,Emiliania huxleyi virus 86 (isolate United Kingdom/English Channel/1999),654925,Emiliania huxleyi,2903,,,,,,,27,45,ECO:0000256,117,138,ECO:0000256,,,,,,,,,,,,,,,,,,
Q2Y375,,,,,,,,,,,,,,,,,,,,,,,,,,,,,,,,,,,,,,
Q0R8C8,,,,,,,,,,,,,,,,,,,,,,,,,,,,,,,,,,,,,,
A4JZZ7,,,,,,,,,,,,,,,,,,,,,,,,,,,,,,,,,,,,,,
A8E060,655,A8E060,,Viruses,Influenza C virus (strain C/Johannesburg/1/1966),100673,"Homo sapiens, Sus scrofa","9606, 9823",,,,,,,625,652,ECO:0000256,,,,,,,,,,,,,,,,,,,,,
Q3M0G8,,,,,,,,,,,,,,,,,,,,,,,,,,,,,,,,,,,,,,
Q2VN52,,,,,,,,,,,,,,,,,,,,,,,,,,,,,,,,,,,,,,
Q20LK0,,,,,,,,,,,,,,,,,,,,,,,,,,,,,,,,,,,,,,
Q38SH0,,,,,,,,,,,,,,,,,,,,,,,,,,,,,,,,,,,,,,
Q07F66,,,,,,,,,,,,,,,,,,,,,,,,,,,,,,,,,,,,,,
Q10UN7,,,,,,,,,,,,,,,,,,,,,,,,,,,,,,,,,,,,,,
A3DRL8,,,,,,,,,,,,,,,,,,,,,,,,,,,,,,,,,,,,,,
A4GBS2,,,,,,,,,,,,,,,,,,,,,,,,,,,,,,,,,,,,,,
A9C7N0,,,,,,,,,,,,,,,,,,,,,,,,,,,,,,,,,,,,,,
B1MPM7,,,,,,,,,,,,,,,,,,,,,,,,,,,,,,,,,,,,,,
B2VLR7,,,,,,,,,,,,,,,,,,,,,,,,,,,,,,,,,,,,,,
B6JS67,,,,,,,,,,,,,,,,,,,,,,,,,,,,,,,,,,,,,,
A9L824,,,,,,,,,,,,,,,,,,,,,,,,,,,,,,,,,,,,,,
Q6XLU8,,,,,,,,,,,,,,,,,,,,,,,,,,,,,,,,,,,,,,
Q4U847,,,,,,,,,,,,,,,,,,,,,,,,,,,,,,,,,,,,,,
Q3SCU6,,,,,,,,,,,,,,,,,,,,,,,,,,,,,,,,,,,,,,
Q58B10,,,,,,,,,,,,,,,,,,,,,,,,,,,,,,,,,,,,,,
Q20NL0,,,,,,,,,,,,,,,,,,,,,,,,,,,,,,,,,,,,,,
A7IS32,,,,,,,,,,,,,,,,,,,,,,,,,,,,,,,,,,,,,,
B3REJ3,,,,,,,,,,,,,,,,,,,,,,,,,,,,,,,,,,,,,,
Q96800,477,Q96800,,Viruses,Friend mink cell focus-inducing virus,11783,Mus terricolor,254704,,,,,,,447,472,ECO:0000256,,,,,,,,,,,,,,,,,,,,,
Q69081,394,A1Z0Q5,"Q05060, Q69081, Q69082",Viruses,Human herpesvirus 1 (strain KOS),10306,Homo sapiens,9606,1,25,ECO:0000255,,,,341,361,ECO:0000255,,,,,,,,,,,,,,,,,,,,,
A4D7A0,,,,,,,,,,,,,,,,,,,,,,,,,,,,,,,,,,,,,,
B5SMW9,,,,,,,,,,,,,,,,,,,,,,,,,,,,,,,,,,,,,,
Q9WCE7,566,Q9WCE7,,Viruses,Influenza A virus,88299,,,,,,,,,531,554,ECO:0000256,,,,,,,,,,,,,,,,,,,,,
Q4A2T1,76,Q4A2T1,,Viruses,Emiliania huxleyi virus 86 (isolate United Kingdom/English Channel/1999),654925,Emiliania huxleyi,2903,,,,,,,,,,,,,,,,,,,,,,,,,,,,,,
Q20TW6,,,,,,,,,,,,,,,,,,,,,,,,,,,,,,,,,,,,,,
Q38U53,,,,,,,,,,,,,,,,,,,,,,,,,,,,,,,,,,,,,,
Q0A158,,,,,,,,,,,,,,,,,,,,,,,,,,,,,,,,,,,,,,
Q0P293,,,,,,,,,,,,,,,,,,,,,,,,,,,,,,,,,,,,,,
A3DS55,,,,,,,,,,,,,,,,,,,,,,,,,,,,,,,,,,,,,,
A7IRT3,,,,,,,,,,,,,,,,,,,,,,,,,,,,,,,,,,,,,,
A8W8L0,,,,,,,,,,,,,,,,,,,,,,,,,,,,,,,,,,,,,,
B4UPP9,,,,,,,,,,,,,,,,,,,,,,,,,,,,,,,,,,,,,,
Q83291,,,,,,,,,,,,,,,,,,,,,,,,,,,,,,,,,,,,,,
Q565L8,,,,,,,,,,,,,,,,,,,,,,,,,,,,,,,,,,,,,,
Q20NF9,,,,,,,,,,,,,,,,,,,,,,,,,,,,,,,,,,,,,,
Q38SX4,,,,,,,,,,,,,,,,,,,,,,,,,,,,,,,,,,,,,,
Q1I2A8,,,,,,,,,,,,,,,,,,,,,,,,,,,,,,,,,,,,,,
Q07E85,,,,,,,,,,,,,,,,,,,,,,,,,,,,,,,,,,,,,,
Q0HB54,,,,,,,,,,,,,,,,,,,,,,,,,,,,,,,,,,,,,,
A0M7W3,,,,,,,,,,,,,,,,,,,,,,,,,,,,,,,,,,,,,,
A8C0I2,,,,,,,,,,,,,,,,,,,,,,,,,,,,,,,,,,,,,,
A9C877,,,,,,,,,,,,,,,,,,,,,,,,,,,,,,,,,,,,,,
B0KW40,,,,,,,,,,,,,,,,,,,,,,,,,,,,,,,,,,,,,,
B2VM70,,,,,,,,,,,,,,,,,,,,,,,,,,,,,,,,,,,,,,
B6JRR5,,,,,,,,,,,,,,,,,,,,,,,,,,,,,,,,,,,,,,
B6A6A4,,,,,,,,,,,,,,,,,,,,,,,,,,,,,,,,,,,,,,
B5SN53,,,,,,,,,,,,,,,,,,,,,,,,,,,,,,,,,,,,,,
Q20MC5,,,,,,,,,,,,,,,,,,,,,,,,,,,,,,,,,,,,,,
Q289L6,,,,,,,,,,,,,,,,,,,,,,,,,,,,,,,,,,,,,,
A1BLJ5,,,,,,,,,,,,,,,,,,,,,,,,,,,,,,,,,,,,,,
A8BLY9,,,,,,,,,,,,,,,,,,,,,,,,,,,,,,,,,,,,,,
B1MPI0,,,,,,,,,,,,,,,,,,,,,,,,,,,,,,,,,,,,,,
B5FVU2,,,,,,,,,,,,,,,,,,,,,,,,,,,,,,,,,,,,,,
B6JTH5,,,,,,,,,,,,,,,,,,,,,,,,,,,,,,,,,,,,,,
B6A7K4,,,,,,,,,,,,,,,,,,,,,,,,,,,,,,,,,,,,,,
Q9Q6N8,344,Q9Q6N8,,Viruses,Influenza A virus,217812,,,,,,,,,,,,,,,,,,,,,,,,,,,,,,,,
Q20NS9,,,,,,,,,,,,,,,,,,,,,,,,,,,,,,,,,,,,,,
Q38TD9,,,,,,,,,,,,,,,,,,,,,,,,,,,,,,,,,,,,,,
Q0A426,565,Q0A426,,Viruses,Influenza A virus,402474,,,,,,,,,530,553,ECO:0000256,,,,,,,,,,,,,,,,,,,,,
Q0A2S1,,,,,,,,,,,,,,,,,,,,,,,,,,,,,,,,,,,,,,
Q15KY1,,,,,,,,,,,,,,,,,,,,,,,,,,,,,,,,,,,,,,
Q0HCM3,,,,,,,,,,,,,,,,,,,,,,,,,,,,,,,,,,,,,,
A6M882,,,,,,,,,,,,,,,,,,,,,,,,,,,,,,,,,,,,,,
A8BLJ6,,,,,,,,,,,,,,,,,,,,,,,,,,,,,,,,,,,,,,
A8BS31,,,,,,,,,,,,,,,,,,,,,,,,,,,,,,,,,,,,,,
A9C5W4,,,,,,,,,,,,,,,,,,,,,,,,,,,,,,,,,,,,,,
A9C9C2,,,,,,,,,,,,,,,,,,,,,,,,,,,,,,,,,,,,,,
B6A7H1,,,,,,,,,,,,,,,,,,,,,,,,,,,,,,,,,,,,,,
Q565E8,,,,,,,,,,,,,,,,,,,,,,,,,,,,,,,,,,,,,,
Q20VV7,,,,,,,,,,,,,,,,,,,,,,,,,,,,,,,,,,,,,,
Q20ND7,,,,,,,,,,,,,,,,,,,,,,,,,,,,,,,,,,,,,,
Q30ND1,,,,,,,,,,,,,,,,,,,,,,,,,,,,,,,,,,,,,,
Q00PP5,,,,,,,,,,,,,,,,,,,,,,,,,,,,,,,,,,,,,,
Q10UH1,,,,,,,,,,,,,,,,,,,,,,,,,,,,,,,,,,,,,,
Q0HCP5,,,,,,,,,,,,,,,,,,,,,,,,,,,,,,,,,,,,,,
A4K198,,,,,,,,,,,,,,,,,,,,,,,,,,,,,,,,,,,,,,
A8C5M0,,,,,,,,,,,,,,,,,,,,,,,,,,,,,,,,,,,,,,
B1MRS8,,,,,,,,,,,,,,,,,,,,,,,,,,,,,,,,,,,,,,
B2VME1,,,,,,,,,,,,,,,,,,,,,,,,,,,,,,,,,,,,,,
B5FVY6,,,,,,,,,,,,,,,,,,,,,,,,,,,,,,,,,,,,,,
B6JT04,,,,,,,,,,,,,,,,,,,,,,,,,,,,,,,,,,,,,,
B5SN35,,,,,,,,,,,,,,,,,,,,,,,,,,,,,,,,,,,,,,
Q6XU67,,,,,,,,,,,,,,,,,,,,,,,,,,,,,,,,,,,,,,
Q20VV5,,,,,,,,,,,,,,,,,,,,,,,,,,,,,,,,,,,,,,
Q2RE85,,,,,,,,,,,,,,,,,,,,,,,,,,,,,,,,,,,,,,
Q0HCJ0,,,,,,,,,,,,,,,,,,,,,,,,,,,,,,,,,,,,,,
A8C4Q6,,,,,,,,,,,,,,,,,,,,,,,,,,,,,,,,,,,,,,
A8C7A0,,,,,,,,,,,,,,,,,,,,,,,,,,,,,,,,,,,,,,
A9C5A5,,,,,,,,,,,,,,,,,,,,,,,,,,,,,,,,,,,,,,
B0KVL5,,,,,,,,,,,,,,,,,,,,,,,,,,,,,,,,,,,,,,
B2VME7,,,,,,,,,,,,,,,,,,,,,,,,,,,,,,,,,,,,,,
B2ZV44,,,,,,,,,,,,,,,,,,,,,,,,,,,,,,,,,,,,,,
A9L8L1,,,,,,,,,,,,,,,,,,,,,,,,,,,,,,,,,,,,,,
Q4U7L7,,,,,,,,,,,,,,,,,,,,,,,,,,,,,,,,,,,,,,
Q4TTZ2,566,Q4TTZ2,,Viruses,Influenza A virus,331392,,,,,,,,,530,554,ECO:0000256,,,,,,,,,,,,,,,,,,,,,
Q38TN8,,,,,,,,,,,,,,,,,,,,,,,,,,,,,,,,,,,,,,
Q0R9Q1,,,,,,,,,,,,,,,,,,,,,,,,,,,,,,,,,,,,,,
A8C5Q4,,,,,,,,,,,,,,,,,,,,,,,,,,,,,,,,,,,,,,
A9X081,,,,,,,,,,,,,,,,,,,,,,,,,,,,,,,,,,,,,,
Q84102,378,Q84102,,Viruses,Influenza B virus,11520,Homo sapiens,9606,,,,,,,,,,,,,,,,,,,,,,,,,,,,,,
Q4A339,120,Q4A339,,Viruses,Emiliania huxleyi virus 86 (isolate United Kingdom/English Channel/1999),654925,Emiliania huxleyi,2903,,,,,,,6,31,ECO:0000256,,,,,,,,,,,,,,,,,,,,,
Q4U736,,,,,,,,,,,,,,,,,,,,,,,,,,,,,,,,,,,,,,
Q2ICC8,,,,,,,,,,,,,,,,,,,,,,,,,,,,,,,,,,,,,,
Q1PTP7,,,,,,,,,,,,,,,,,,,,,,,,,,,,,,,,,,,,,,
Q0RA77,,,,,,,,,,,,,,,,,,,,,,,,,,,,,,,,,,,,,,
Q09YU4,,,,,,,,,,,,,,,,,,,,,,,,,,,,,,,,,,,,,,
A1BKL5,,,,,,,,,,,,,,,,,,,,,,,,,,,,,,,,,,,,,,
A8W8A3,,,,,,,,,,,,,,,,,,,,,,,,,,,,,,,,,,,,,,
A9C6B8,,,,,,,,,,,,,,,,,,,,,,,,,,,,,,,,,,,,,,
A9C9N2,,,,,,,,,,,,,,,,,,,,,,,,,,,,,,,,,,,,,,
B3REI2,,,,,,,,,,,,,,,,,,,,,,,,,,,,,,,,,,,,,,
B2VLQ1,,,,,,,,,,,,,,,,,,,,,,,,,,,,,,,,,,,,,,
B6JSP2,,,,,,,,,,,,,,,,,,,,,,,,,,,,,,,,,,,,,,
Q6XU61,,,,,,,,,,,,,,,,,,,,,,,,,,,,,,,,,,,,,,
Q58CD0,,,,,,,,,,,,,,,,,,,,,,,,,,,,,,,,,,,,,,
Q20MA3,,,,,,,,,,,,,,,,,,,,,,,,,,,,,,,,,,,,,,
Q1PTN6,,,,,,,,,,,,,,,,,,,,,,,,,,,,,,,,,,,,,,
Q0P348,,,,,,,,,,,,,,,,,,,,,,,,,,,,,,,,,,,,,,
Q07EY8,,,,,,,,,,,,,,,,,,,,,,,,,,,,,,,,,,,,,,
A0M8C8,,,,,,,,,,,,,,,,,,,,,,,,,,,,,,,,,,,,,,
A4K1J7,,,,,,,,,,,,,,,,,,,,,,,,,,,,,,,,,,,,,,
A4GAT1,,,,,,,,,,,,,,,,,,,,,,,,,,,,,,,,,,,,,,
A6ZIZ0,566,A6ZIZ0,,Viruses,Influenza A virus,452464,,,,,,,,,531,554,ECO:0000256,,,,,,,,,,,,,,,,,,,,,
A8C533,,,,,,,,,,,,,,,,,,,,,,,,,,,,,,,,,,,,,,
A9C5U2,,,,,,,,,,,,,,,,,,,,,,,,,,,,,,,,,,,,,,
A9C721,,,,,,,,,,,,,,,,,,,,,,,,,,,,,,,,,,,,,,
A9C8M0,,,,,,,,,,,,,,,,,,,,,,,,,,,,,,,,,,,,,,
B2VMA7,,,,,,,,,,,,,,,,,,,,,,,,,,,,,,,,,,,,,,
B2ZVF0,,,,,,,,,,,,,,,,,,,,,,,,,,,,,,,,,,,,,,
Q3IBG7,,,,,,,,,,,,,,,,,,,,,,,,,,,,,,,,,,,,,,
Q4A2K2,99,Q4A2K2,,Viruses,Emiliania huxleyi virus 86 (isolate United Kingdom/English Channel/1999),654925,Emiliania huxleyi,2903,,,,,,,25,44,ECO:0000256,,,,,,,,,,,,,,,,,,,,,
Q20VR7,,,,,,,,,,,,,,,,,,,,,,,,,,,,,,,,,,,,,,
Q0R9M9,,,,,,,,,,,,,,,,,,,,,,,,,,,,,,,,,,,,,,
Q0P249,,,,,,,,,,,,,,,,,,,,,,,,,,,,,,,,,,,,,,
A4U718,,,,,,,,,,,,,,,,,,,,,,,,,,,,,,,,,,,,,,
B4UPJ0,566,B4UPJ0,,Viruses,Influenza A virus,518981,,,,,,,,,530,554,ECO:0000256,,,,,,,,,,,,,,,,,,,,,
Q4A2Y8,251,Q4A2Y8,,Viruses,Emiliania huxleyi virus 86 (isolate United Kingdom/English Channel/1999),654925,Emiliania huxleyi,2903,,,,,,,7,24,ECO:0000256,30,51,ECO:0000256,,,,,,,,,,,,,,,,,,
Q2REY5,,,,,,,,,,,,,,,,,,,,,,,,,,,,,,,,,,,,,,
Q1AQW8,,,,,,,,,,,,,,,,,,,,,,,,,,,,,,,,,,,,,,
A4GBH3,,,,,,,,,,,,,,,,,,,,,,,,,,,,,,,,,,,,,,
B2VMY0,,,,,,,,,,,,,,,,,,,,,,,,,,,,,,,,,,,,,,
B2KHS2,,,,,,,,,,,,,,,,,,,,,,,,,,,,,,,,,,,,,,
B4UP51,,,,,,,,,,,,,,,,,,,,,,,,,,,,,,,,,,,,,,
B3RDU0,,,,,,,,,,,,,,,,,,,,,,,,,,,,,,,,,,,,,,
B5FVS1,,,,,,,,,,,,,,,,,,,,,,,,,,,,,,,,,,,,,,
Q6XU59,,,,,,,,,,,,,,,,,,,,,,,,,,,,,,,,,,,,,,
Q2Y3I5,,,,,,,,,,,,,,,,,,,,,,,,,,,,,,,,,,,,,,
Q0A383,,,,,,,,,,,,,,,,,,,,,,,,,,,,,,,,,,,,,,
A1BKB6,,,,,,,,,,,,,,,,,,,,,,,,,,,,,,,,,,,,,,
A0RSU0,,,,,,,,,,,,,,,,,,,,,,,,,,,,,,,,,,,,,,
A6M7P5,,,,,,,,,,,,,,,,,,,,,,,,,,,,,,,,,,,,,,
A8W899,,,,,,,,,,,,,,,,,,,,,,,,,,,,,,,,,,,,,,
A9C967,,,,,,,,,,,,,,,,,,,,,,,,,,,,,,,,,,,,,,
B0KW07,,,,,,,,,,,,,,,,,,,,,,,,,,,,,,,,,,,,,,
B1MPL3,,,,,,,,,,,,,,,,,,,,,,,,,,,,,,,,,,,,,,
B2ZVQ3,,,,,,,,,,,,,,,,,,,,,,,,,,,,,,,,,,,,,,
B6JTT5,,,,,,,,,,,,,,,,,,,,,,,,,,,,,,,,,,,,,,
Q52JX8,,,,,,,,,,,,,,,,,,,,,,,,,,,,,,,,,,,,,,
Q2RD05,,,,,,,,,,,,,,,,,,,,,,,,,,,,,,,,,,,,,,
Q1WPT4,,,,,,,,,,,,,,,,,,,,,,,,,,,,,,,,,,,,,,
Q1PU95,,,,,,,,,,,,,,,,,,,,,,,,,,,,,,,,,,,,,,
A0RSF8,,,,,,,,,,,,,,,,,,,,,,,,,,,,,,,,,,,,,,
A4K0B8,,,,,,,,,,,,,,,,,,,,,,,,,,,,,,,,,,,,,,
A6M6R8,,,,,,,,,,,,,,,,,,,,,,,,,,,,,,,,,,,,,,
A9C9B1,,,,,,,,,,,,,,,,,,,,,,,,,,,,,,,,,,,,,,
B2VMF1,,,,,,,,,,,,,,,,,,,,,,,,,,,,,,,,,,,,,,
B2ZVU3,,,,,,,,,,,,,,,,,,,,,,,,,,,,,,,,,,,,,,
O92918,212,O92918,,Viruses,Hepatitis B virus genotype D (isolate Germany/1-91/1991),489490,"Homo sapiens, Pan troglodytes","9606, 9598",,,,,,,,,,,,,,,,,,,,,,,,,,,,,,
Q3YPU0,,,,,,,,,,,,,,,,,,,,,,,,,,,,,,,,,,,,,,
Q565T8,,,,,,,,,,,,,,,,,,,,,,,,,,,,,,,,,,,,,,
Q4A316,534,Q4A316,,Viruses,Emiliania huxleyi virus 86 (isolate United Kingdom/English Channel/1999),654925,Emiliania huxleyi,2903,,,,,,,6,27,ECO:0000256,48,68,ECO:0000256,88,108,ECO:0000256,157,182,ECO:0000256,202,220,ECO:0000256,258,280,ECO:0000256,404,423,ECO:0000256,494,516,ECO:0000256
A7R9J8,,,,,,,,,,,,,,,,,,,,,,,,,,,,,,,,,,,,,,
A9C5V3,,,,,,,,,,,,,,,,,,,,,,,,,,,,,,,,,,,,,,
B3SQT7,566,B3SQT7,,Viruses,Influenza A virus,469646,,,,,,,,,530,554,ECO:0000256,,,,,,,,,,,,,,,,,,,,,
Q6XU56,,,,,,,,,,,,,,,,,,,,,,,,,,,,,,,,,,,,,,
Q4A2E4,192,Q4A2E4,,Viruses,Emiliania huxleyi virus 86 (isolate United Kingdom/English Channel/1999),654925,Emiliania huxleyi,2903,,,,,,,26,49,ECO:0000256,55,74,ECO:0000256,,,,,,,,,,,,,,,,,,
Q1WPK7,,,,,,,,,,,,,,,,,,,,,,,,,,,,,,,,,,,,,,
Q28A53,,,,,,,,,,,,,,,,,,,,,,,,,,,,,,,,,,,,,,
Q1I2E1,,,,,,,,,,,,,,,,,,,,,,,,,,,,,,,,,,,,,,
Q0P2T0,,,,,,,,,,,,,,,,,,,,,,,,,,,,,,,,,,,,,,
A4U7D9,,,,,,,,,,,,,,,,,,,,,,,,,,,,,,,,,,,,,,
B0VVH4,,,,,,,,,,,,,,,,,,,,,,,,,,,,,,,,,,,,,,
B4UNX4,,,,,,,,,,,,,,,,,,,,,,,,,,,,,,,,,,,,,,
B4UQU9,,,,,,,,,,,,,,,,,,,,,,,,,,,,,,,,,,,,,,
B5FVT1,,,,,,,,,,,,,,,,,,,,,,,,,,,,,,,,,,,,,,
Q20VA7,,,,,,,,,,,,,,,,,,,,,,,,,,,,,,,,,,,,,,
Q20MZ4,,,,,,,,,,,,,,,,,,,,,,,,,,,,,,,,,,,,,,
Q28B44,,,,,,,,,,,,,,,,,,,,,,,,,,,,,,,,,,,,,,
A4K289,,,,,,,,,,,,,,,,,,,,,,,,,,,,,,,,,,,,,,
A8BIB9,,,,,,,,,,,,,,,,,,,,,,,,,,,,,,,,,,,,,,
A8W8K8,566,A8W8K8,,Viruses,Influenza A virus,476294,,,,,,,,,530,554,ECO:0000256,,,,,,,,,,,,,,,,,,,,,
B5FVZ7,,,,,,,,,,,,,,,,,,,,,,,,,,,,,,,,,,,,,,
Q9WIU7,,,,,,,,,,,,,,,,,,,,,,,,,,,,,,,,,,,,,,
Q52NW8,410,Q52NW8,,Viruses,Bovine leukemia virus,11901,Bos taurus,9913,,,,,,,,,,,,,,,,,,,,,,,,,,,,,,
Q66917,642,Q66917,,Viruses,Feline leukemia virus,11768,Felidae,9681,,,,,,,15,33,ECO:0000256,448,468,ECO:0000256,582,608,ECO:0000256,,,,,,,,,,,,,,,
A3DRX8,,,,,,,,,,,,,,,,,,,,,,,,,,,,,,,,,,,,,,
Q89920,904,Q89920,,Viruses,Human herpesvirus 2,10310,Homo sapiens,9606,,,,,,,749,768,ECO:0000256,774,796,ECO:0000256,,,,,,,,,,,,,,,,,,
A9X0V3,,,,,,,,,,,,,,,,,,,,,,,,,,,,,,,,,,,,,,
Q4U7Y7,,,,,,,,,,,,,,,,,,,,,,,,,,,,,,,,,,,,,,
Q2LP38,,,,,,,,,,,,,,,,,,,,,,,,,,,,,,,,,,,,,,
Q1PSZ4,,,,,,,,,,,,,,,,,,,,,,,,,,,,,,,,,,,,,,
A4GAV3,,,,,,,,,,,,,,,,,,,,,,,,,,,,,,,,,,,,,,
A8BC14,,,,,,,,,,,,,,,,,,,,,,,,,,,,,,,,,,,,,,
A9C696,,,,,,,,,,,,,,,,,,,,,,,,,,,,,,,,,,,,,,
B1MPP4,,,,,,,,,,,,,,,,,,,,,,,,,,,,,,,,,,,,,,
B0VVU1,,,,,,,,,,,,,,,,,,,,,,,,,,,,,,,,,,,,,,
B2ZV66,,,,,,,,,,,,,,,,,,,,,,,,,,,,,,,,,,,,,,
B6JR42,,,,,,,,,,,,,,,,,,,,,,,,,,,,,,,,,,,,,,
B5FVY4,,,,,,,,,,,,,,,,,,,,,,,,,,,,,,,,,,,,,,
Q6XU64,,,,,,,,,,,,,,,,,,,,,,,,,,,,,,,,,,,,,,
Q1PTQ8,,,,,,,,,,,,,,,,,,,,,,,,,,,,,,,,,,,,,,
Q1I1P9,,,,,,,,,,,,,,,,,,,,,,,,,,,,,,,,,,,,,,
A0M8B7,,,,,,,,,,,,,,,,,,,,,,,,,,,,,,,,,,,,,,
A7IRL7,,,,,,,,,,,,,,,,,,,,,,,,,,,,,,,,,,,,,,
A7LJF3,,,,,,,,,,,,,,,,,,,,,,,,,,,,,,,,,,,,,,
A8W8I0,,,,,,,,,,,,,,,,,,,,,,,,,,,,,,,,,,,,,,
B3REA5,,,,,,,,,,,,,,,,,,,,,,,,,,,,,,,,,,,,,,
Q58BP0,,,,,,,,,,,,,,,,,,,,,,,,,,,,,,,,,,,,,,
Q20PL3,,,,,,,,,,,,,,,,,,,,,,,,,,,,,,,,,,,,,,
Q1WQ55,,,,,,,,,,,,,,,,,,,,,,,,,,,,,,,,,,,,,,
Q0R851,,,,,,,,,,,,,,,,,,,,,,,,,,,,,,,,,,,,,,
B0VX32,,,,,,,,,,,,,,,,,,,,,,,,,,,,,,,,,,,,,,
B2VMD6,,,,,,,,,,,,,,,,,,,,,,,,,,,,,,,,,,,,,,
B6JSV8,,,,,,,,,,,,,,,,,,,,,,,,,,,,,,,,,,,,,,
Q9WJB4,186,Q9WJB4,,Viruses,Vaccinia virus,10245,,,,,,,,,,,,,,,,,,,,,,,,,,,,,,,,
B6A6W3,,,,,,,,,,,,,,,,,,,,,,,,,,,,,,,,,,,,,,
Q3IBE5,,,,,,,,,,,,,,,,,,,,,,,,,,,,,,,,,,,,,,
Q28AK7,,,,,,,,,,,,,,,,,,,,,,,,,,,,,,,,,,,,,,
Q288R9,,,,,,,,,,,,,,,,,,,,,,,,,,,,,,,,,,,,,,
Q09ZU6,,,,,,,,,,,,,,,,,,,,,,,,,,,,,,,,,,,,,,
Q0HC14,,,,,,,,,,,,,,,,,,,,,,,,,,,,,,,,,,,,,,
B2VM55,,,,,,,,,,,,,,,,,,,,,,,,,,,,,,,,,,,,,,
B2KH19,,,,,,,,,,,,,,,,,,,,,,,,,,,,,,,,,,,,,,
B4UR26,,,,,,,,,,,,,,,,,,,,,,,,,,,,,,,,,,,,,,
Q9Q0I8,,,,,,,,,,,,,,,,,,,,,,,,,,,,,,,,,,,,,,
Q3YQ72,,,,,,,,,,,,,,,,,,,,,,,,,,,,,,,,,,,,,,
Q2Y411,,,,,,,,,,,,,,,,,,,,,,,,,,,,,,,,,,,,,,
Q20V19,,,,,,,,,,,,,,,,,,,,,,,,,,,,,,,,,,,,,,
Q1WQN1,,,,,,,,,,,,,,,,,,,,,,,,,,,,,,,,,,,,,,
Q1WP75,,,,,,,,,,,,,,,,,,,,,,,,,,,,,,,,,,,,,,
Q2RDX5,,,,,,,,,,,,,,,,,,,,,,,,,,,,,,,,,,,,,,
Q289F0,,,,,,,,,,,,,,,,,,,,,,,,,,,,,,,,,,,,,,
Q0R782,,,,,,,,,,,,,,,,,,,,,,,,,,,,,,,,,,,,,,
Q10TA3,,,,,,,,,,,,,,,,,,,,,,,,,,,,,,,,,,,,,,
A0RSL3,,,,,,,,,,,,,,,,,,,,,,,,,,,,,,,,,,,,,,
A4U6H0,,,,,,,,,,,,,,,,,,,,,,,,,,,,,,,,,,,,,,
A8W8K5,,,,,,,,,,,,,,,,,,,,,,,,,,,,,,,,,,,,,,
B0VWH9,,,,,,,,,,,,,,,,,,,,,,,,,,,,,,,,,,,,,,
Q4A2E7,131,Q4A2E7,,Viruses,Emiliania huxleyi virus 86 (isolate United Kingdom/English Channel/1999),654925,Emiliania huxleyi,2903,,,,,,,6,27,ECO:0000256,,,,,,,,,,,,,,,,,,,,,
Q2REX5,,,,,,,,,,,,,,,,,,,,,,,,,,,,,,,,,,,,,,
Q38U97,,,,,,,,,,,,,,,,,,,,,,,,,,,,,,,,,,,,,,
Q38T40,,,,,,,,,,,,,,,,,,,,,,,,,,,,,,,,,,,,,,
Q00Q60,,,,,,,,,,,,,,,,,,,,,,,,,,,,,,,,,,,,,,
Q0A3H7,,,,,,,,,,,,,,,,,,,,,,,,,,,,,,,,,,,,,,
B6JSX0,,,,,,,,,,,,,,,,,,,,,,,,,,,,,,,,,,,,,,
Q9YKB3,538,Q9YKB3,,Viruses,Mumps orthorubulavirus,2560602,,,,,,,,,483,510,ECO:0000256,,,,,,,,,,,,,,,,,,,,,
Q82017,39,Q82017,,Viruses,Human respiratory syncytial virus A (strain A2),11259,Homo sapiens,9606,,,,,,,,,,,,,,,,,,,,,,,,,,,,,,
Q8UY96,399,Q8UY96,,Viruses,Influenza A virus,380917,,,,,,,,,,,,,,,,,,,,,,,,,,,,,,,,
Q0A4D8,,,,,,,,,,,,,,,,,,,,,,,,,,,,,,,,,,,,,,
A8W8A2,,,,,,,,,,,,,,,,,,,,,,,,,,,,,,,,,,,,,,
A9C8V8,,,,,,,,,,,,,,,,,,,,,,,,,,,,,,,,,,,,,,
B1MPH6,,,,,,,,,,,,,,,,,,,,,,,,,,,,,,,,,,,,,,
B0VVL3,,,,,,,,,,,,,,,,,,,,,,,,,,,,,,,,,,,,,,
B2VLR6,,,,,,,,,,,,,,,,,,,,,,,,,,,,,,,,,,,,,,
B5SMT6,,,,,,,,,,,,,,,,,,,,,,,,,,,,,,,,,,,,,,
Q2RDK5,,,,,,,,,,,,,,,,,,,,,,,,,,,,,,,,,,,,,,
Q2RCS5,,,,,,,,,,,,,,,,,,,,,,,,,,,,,,,,,,,,,,
Q1PTA4,,,,,,,,,,,,,,,,,,,,,,,,,,,,,,,,,,,,,,
Q10UU2,,,,,,,,,,,,,,,,,,,,,,,,,,,,,,,,,,,,,,
B2VM89,,,,,,,,,,,,,,,,,,,,,,,,,,,,,,,,,,,,,,
B4USH6,,,,,,,,,,,,,,,,,,,,,,,,,,,,,,,,,,,,,,
B6JS77,,,,,,,,,,,,,,,,,,,,,,,,,,,,,,,,,,,,,,
Q3M0B1,,,,,,,,,,,,,,,,,,,,,,,,,,,,,,,,,,,,,,
Q20V96,,,,,,,,,,,,,,,,,,,,,,,,,,,,,,,,,,,,,,
Q0A4A1,,,,,,,,,,,,,,,,,,,,,,,,,,,,,,,,,,,,,,
Q0A103,,,,,,,,,,,,,,,,,,,,,,,,,,,,,,,,,,,,,,
A9C6H3,,,,,,,,,,,,,,,,,,,,,,,,,,,,,,,,,,,,,,
A9C978,,,,,,,,,,,,,,,,,,,,,,,,,,,,,,,,,,,,,,
B4UNH4,,,,,,,,,,,,,,,,,,,,,,,,,,,,,,,,,,,,,,
Q7TAX7,564,Q7TAX7,,Viruses,Influenza A virus,200393,,,,,,,,,528,553,ECO:0000256,,,,,,,,,,,,,,,,,,,,,
Q9DHI3,186,Q9DHI3,,Viruses,Yaba-like disease virus,132475,"Homo sapiens, Simiiformes","9606, 314293",,,,,,,,,,,,,,,,,,,,,,,,,,,,,,
Q20NJ8,,,,,,,,,,,,,,,,,,,,,,,,,,,,,,,,,,,,,,
A4JZ83,,,,,,,,,,,,,,,,,,,,,,,,,,,,,,,,,,,,,,
A8C4X2,,,,,,,,,,,,,,,,,,,,,,,,,,,,,,,,,,,,,,
A8C8N1,,,,,,,,,,,,,,,,,,,,,,,,,,,,,,,,,,,,,,
B0VWL2,,,,,,,,,,,,,,,,,,,,,,,,,,,,,,,,,,,,,,
B2VM85,,,,,,,,,,,,,,,,,,,,,,,,,,,,,,,,,,,,,,
B3REH1,,,,,,,,,,,,,,,,,,,,,,,,,,,,,,,,,,,,,,
B6JSH3,,,,,,,,,,,,,,,,,,,,,,,,,,,,,,,,,,,,,,
B6JTW8,,,,,,,,,,,,,,,,,,,,,,,,,,,,,,,,,,,,,,
A9RA61,,,,,,,,,,,,,,,,,,,,,,,,,,,,,,,,,,,,,,
B6A671,,,,,,,,,,,,,,,,,,,,,,,,,,,,,,,,,,,,,,
Q4A2G1,58,Q4A2G1,,Viruses,Emiliania huxleyi virus 86 (isolate United Kingdom/English Channel/1999),654925,Emiliania huxleyi,2903,,,,,,,20,41,ECO:0000256,,,,,,,,,,,,,,,,,,,,,
Q20QB9,,,,,,,,,,,,,,,,,,,,,,,,,,,,,,,,,,,,,,
Q20NE2,,,,,,,,,,,,,,,,,,,,,,,,,,,,,,,,,,,,,,
Q28B33,,,,,,,,,,,,,,,,,,,,,,,,,,,,,,,,,,,,,,
Q09YS2,,,,,,,,,,,,,,,,,,,,,,,,,,,,,,,,,,,,,,
A7R9V2,,,,,,,,,,,,,,,,,,,,,,,,,,,,,,,,,,,,,,
A9C888,,,,,,,,,,,,,,,,,,,,,,,,,,,,,,,,,,,,,,
A8HYX8,,,,,,,,,,,,,,,,,,,,,,,,,,,,,,,,,,,,,,
B2VM71,,,,,,,,,,,,,,,,,,,,,,,,,,,,,,,,,,,,,,
B6JRX9,,,,,,,,,,,,,,,,,,,,,,,,,,,,,,,,,,,,,,
Q4ZKA7,,,,,,,,,,,,,,,,,,,,,,,,,,,,,,,,,,,,,,
Q58AW0,,,,,,,,,,,,,,,,,,,,,,,,,,,,,,,,,,,,,,
Q2Y2U4,,,,,,,,,,,,,,,,,,,,,,,,,,,,,,,,,,,,,,
Q20W30,,,,,,,,,,,,,,,,,,,,,,,,,,,,,,,,,,,,,,
Q20N82,,,,,,,,,,,,,,,,,,,,,,,,,,,,,,,,,,,,,,
Q28BD2,,,,,,,,,,,,,,,,,,,,,,,,,,,,,,,,,,,,,,
Q1AQL9,,,,,,,,,,,,,,,,,,,,,,,,,,,,,,,,,,,,,,
A3DSB0,,,,,,,,,,,,,,,,,,,,,,,,,,,,,,,,,,,,,,
A6M6U0,,,,,,,,,,,,,,,,,,,,,,,,,,,,,,,,,,,,,,
B2VM77,,,,,,,,,,,,,,,,,,,,,,,,,,,,,,,,,,,,,,
B2ZVA7,,,,,,,,,,,,,,,,,,,,,,,,,,,,,,,,,,,,,,
A9L7U7,,,,,,,,,,,,,,,,,,,,,,,,,,,,,,,,,,,,,,
Q84193,539,Q84193,,Viruses,Human respirovirus 3,11216,,,,,,,,,494,516,ECO:0000256,,,,,,,,,,,,,,,,,,,,,
Q58AX0,,,,,,,,,,,,,,,,,,,,,,,,,,,,,,,,,,,,,,
Q2IBP7,,,,,,,,,,,,,,,,,,,,,,,,,,,,,,,,,,,,,,
Q20U44,,,,,,,,,,,,,,,,,,,,,,,,,,,,,,,,,,,,,,
A8W8G5,,,,,,,,,,,,,,,,,,,,,,,,,,,,,,,,,,,,,,
B2ZV46,,,,,,,,,,,,,,,,,,,,,,,,,,,,,,,,,,,,,,
B4UR81,,,,,,,,,,,,,,,,,,,,,,,,,,,,,,,,,,,,,,
B5FVT9,,,,,,,,,,,,,,,,,,,,,,,,,,,,,,,,,,,,,,
Q66147,552,Q66147,,Viruses,Morbillivirus ceti,3052344,,,,,,,,,115,139,ECO:0000256,497,519,ECO:0000256,,,,,,,,,,,,,,,,,,
Q2RCF5,,,,,,,,,,,,,,,,,,,,,,,,,,,,,,,,,,,,,,
Q1PTZ6,,,,,,,,,,,,,,,,,,,,,,,,,,,,,,,,,,,,,,
Q00QV2,,,,,,,,,,,,,,,,,,,,,,,,,,,,,,,,,,,,,,
Q15KV9,,,,,,,,,,,,,,,,,,,,,,,,,,,,,,,,,,,,,,
Q0A3Y4,,,,,,,,,,,,,,,,,,,,,,,,,,,,,,,,,,,,,,
A8C0Y4,,,,,,,,,,,,,,,,,,,,,,,,,,,,,,,,,,,,,,
A8VQ57,,,,,,,,,,,,,,,,,,,,,,,,,,,,,,,,,,,,,,
B2B952,,,,,,,,,,,,,,,,,,,,,,,,,,,,,,,,,,,,,,
B4UNS3,,,,,,,,,,,,,,,,,,,,,,,,,,,,,,,,,,,,,,
B6JRK4,,,,,,,,,,,,,,,,,,,,,,,,,,,,,,,,,,,,,,
Q67043,566,Q67043,,Viruses,Influenza A virus,292725,,,,,,,,,531,554,ECO:0000256,,,,,,,,,,,,,,,,,,,,,
Q7TAW4,560,Q7TAW4,,Viruses,Influenza A virus,200612,,,,,,,,,524,549,ECO:0000256,,,,,,,,,,,,,,,,,,,,,
Q20VP6,,,,,,,,,,,,,,,,,,,,,,,,,,,,,,,,,,,,,,
Q2FCD6,,,,,,,,,,,,,,,,,,,,,,,,,,,,,,,,,,,,,,
Q28AR2,,,,,,,,,,,,,,,,,,,,,,,,,,,,,,,,,,,,,,
Q0P260,,,,,,,,,,,,,,,,,,,,,,,,,,,,,,,,,,,,,,
Q0HD49,,,,,,,,,,,,,,,,,,,,,,,,,,,,,,,,,,,,,,
A4GBN9,,,,,,,,,,,,,,,,,,,,,,,,,,,,,,,,,,,,,,
A8VQR0,,,,,,,,,,,,,,,,,,,,,,,,,,,,,,,,,,,,,,
B1MPI4,,,,,,,,,,,,,,,,,,,,,,,,,,,,,,,,,,,,,,
B4URK4,,,,,,,,,,,,,,,,,,,,,,,,,,,,,,,,,,,,,,
Q58B40,,,,,,,,,,,,,,,,,,,,,,,,,,,,,,,,,,,,,,
Q20NN1,,,,,,,,,,,,,,,,,,,,,,,,,,,,,,,,,,,,,,
Q2RBZ5,,,,,,,,,,,,,,,,,,,,,,,,,,,,,,,,,,,,,,
Q1WPS3,,,,,,,,,,,,,,,,,,,,,,,,,,,,,,,,,,,,,,
Q2LP27,,,,,,,,,,,,,,,,,,,,,,,,,,,,,,,,,,,,,,
Q09Z87,,,,,,,,,,,,,,,,,,,,,,,,,,,,,,,,,,,,,,
A9C6Z9,,,,,,,,,,,,,,,,,,,,,,,,,,,,,,,,,,,,,,
Q85630,637,Q85630,,Viruses,Friend mink cell focus-inducing virus,11783,Mus terricolor,254704,,,,,,,577,603,ECO:0000256,,,,,,,,,,,,,,,,,,,,,
