Accession Number,Entry Name,Protein Name,Organism,Length,SP Status,Signal Sequence,Detail_URL
P00811,AMPC_ECOLI,Beta-lactamase,Escherichia coli (strain K12),19,confirmed,MFKTTLCALLITASCSTFA,http://www.signalpeptide.de/index.php?sess=&m=listspdb_bacteria&s=details&id=34&listname=
P25718,AMY1_ECOLI,Alpha-amylase,Escherichia coli (strain K12),17,confirmed,MKLAACFLTLLPGFAVA,http://www.signalpeptide.de/index.php?sess=&m=listspdb_bacteria&s=details&id=37&listname=
P48982,BGAL_XANMN,Beta-galactosidase,Xanthomonas manihotis,21,confirmed,MLRTTLAPLVLALALALPAA...,http://www.signalpeptide.de/index.php?sess=&m=listspdb_bacteria&s=details&id=74&listname=
P0AD64,BLA1_KLEPN,Beta-lactamase SHV-1,Klebsiella pneumoniae,21,confirmed,MRYIRLCIISLLATLPLAVH...,http://www.signalpeptide.de/index.php?sess=&m=listspdb_bacteria&s=details&id=76&listname=
P14559,BLAC_STRAL,Beta-lactamase,Streptomyces albus G,39,confirmed,MHPSTSRPSRRTLLTATAGA...,http://www.signalpeptide.de/index.php?sess=&m=listspdb_bacteria&s=details&id=78&listname=
P21175,BRAC_PSEAE,"Leucine-, isoleucine-, valine-, threonine-, and alanine-binding protein",Pseudomonas aeruginosa,26,confirmed,MKKGTQRLSRLFAAMAIAGF...,http://www.signalpeptide.de/index.php?sess=&m=listspdb_bacteria&s=details&id=83&listname=
P31746,CDGT_BACS2,Cyclomaltodextrin glucanotransferase,Bacillus sp. (strain 1-1),29,confirmed,MNDLNDFLKTILLSFIFFLL...,http://www.signalpeptide.de/index.php?sess=&m=listspdb_bacteria&s=details&id=132&listname=
P11220,CHIT_STRPL,Chitinase 63,Streptomyces plicatus,30,confirmed,MRFRHKAAALAATLALPLAG...,http://www.signalpeptide.de/index.php?sess=&m=listspdb_bacteria&s=details&id=147&listname=
P81040,CYCX_DESDE,Split-Soret cytochrome c,Desulfovibrio desulfuricans,32,confirmed,MNIGRRDLICGLGGLAVGGA...,http://www.signalpeptide.de/index.php?sess=&m=listspdb_bacteria&s=details&id=207&listname=
P24093,DRAA_ECOLX,Dr hemagglutinin structural subunit,Escherichia coli,21,confirmed,MKKLAIMAAASMVFAVSSAH...,http://www.signalpeptide.de/index.php?sess=&m=listspdb_bacteria&s=details&id=240&listname=
P13811,ELBH_ECOLX,Heat-labile enterotoxin B chain,Escherichia coli,21,confirmed,MNKVKFYVLFTALLSSLCAH...,http://www.signalpeptide.de/index.php?sess=&m=listspdb_bacteria&s=details&id=258&listname=
P34071,ENTC2_STAAU,Enterotoxin type C-2,Staphylococcus aureus,27,confirmed,MNKSRFISCVILIFALILVL...,http://www.signalpeptide.de/index.php?sess=&m=listspdb_bacteria&s=details&id=265&listname=
Q02307,ETXB_CLOPE,Epsilon-toxin type B,Clostridium perfringens,32,confirmed,MKKNLVKSLAIASAVISIYS...,http://www.signalpeptide.de/index.php?sess=&m=listspdb_bacteria&s=details&id=282&listname=
P62605,FIM1C_ECOLX,"Type-1 fimbrial protein, C chain",Escherichia coli,23,confirmed,MKLKFISMAVFSALTLGVAT...,http://www.signalpeptide.de/index.php?sess=&m=listspdb_bacteria&s=details&id=303&listname=
P42512,FPTA_PSEAE,Fe(3+)-pyochelin receptor,Pseudomonas aeruginosa,38,confirmed,MKTETKVIKGRQGIARNRHT...,http://www.signalpeptide.de/index.php?sess=&m=listspdb_bacteria&s=details&id=323&listname=
P11910,H82_NEIG1,Outer membrane protein H.8,Neisseria gonorrhoeae (strain ATCC 700825 / FA 1090),17,confirmed,MKKSLFAAALLSLALAA,http://www.signalpeptide.de/index.php?sess=&m=listspdb_bacteria&s=details&id=386&listname=
P02910,HISJ_SALTY,Histidine-binding periplasmic protein,Salmonella typhimurium,22,confirmed,MKKLALSLSLVLAFSSATAA...,http://www.signalpeptide.de/index.php?sess=&m=listspdb_bacteria&s=details&id=402&listname=
Q0Z8B6,HJM79_ENTHR,Bacteriocin hiracin-JM79,Enterococcus hirae,30,confirmed,MKKKVLKHCVILGILGTCLA...,http://www.signalpeptide.de/index.php?sess=&m=listspdb_bacteria&s=details&id=403&listname=
P22088,LIP_BURCE,Lipase,Burkholderia cepacia,44,confirmed,MARTMRSRVVAGAVACAMSI...,http://www.signalpeptide.de/index.php?sess=&m=listspdb_bacteria&s=details&id=495&listname=
P59206,LYTB_STRR6,Putative endo-beta-N-acetylglucosaminidase,Streptococcus pneumoniae (strain ATCC BAA-255 / R6),23,confirmed,MKKVRFIFLALLFFLASPEG...,http://www.signalpeptide.de/index.php?sess=&m=listspdb_bacteria&s=details&id=528&listname=
Q46203,MOMP6_CHLPS,Major outer membrane porin,Chlamydia psittaci,22,confirmed,MKKLLKSALLFAATGSALSL...,http://www.signalpeptide.de/index.php?sess=&m=listspdb_bacteria&s=details&id=562&listname=
P33406,MYFA_YEREN,Fimbrial protein myfA,Yersinia enterocolitica,29,confirmed,MNMKKFVKKPLAIAVLMLAS...,http://www.signalpeptide.de/index.php?sess=&m=listspdb_bacteria&s=details&id=575&listname=
P30692,OMPB_NEISI,Major outer membrane protein P.IB,Neisseria sicca,19,confirmed,MKKSLIALTLAALPVAAMA,http://www.signalpeptide.de/index.php?sess=&m=listspdb_bacteria&s=details&id=628&listname=
P0A915,OMPW_ECOLI,Outer membrane protein W,Escherichia coli (strain K12),21,confirmed,MKKLTVAALAVTTLLSGSAF...,http://www.signalpeptide.de/index.php?sess=&m=listspdb_bacteria&s=details&id=629&listname=
P0A921,PA1_ECOLI,Phospholipase A1,Escherichia coli (strain K12),20,confirmed,MRTLQGWLLPVFMLPMAVYA,http://www.signalpeptide.de/index.php?sess=&m=listspdb_bacteria&s=details&id=648&listname=
P22340,SCRY_SALTY,Sucrose porin,Salmonella typhimurium,22,confirmed,MYRKSTLAMLIALLTSAASA...,http://www.signalpeptide.de/index.php?sess=&m=listspdb_bacteria&s=details&id=765&listname=
P07024,USHA_ECOLI,Protein ushA,Escherichia coli (strain K12),25,confirmed,MKLLQRGVALALLTTFTLAS...,http://www.signalpeptide.de/index.php?sess=&m=listspdb_bacteria&s=details&id=904&listname=
P44526,ZNUA_HAEIN,High-affinity zinc uptake system protein znuA,Haemophilus influenzae,23,confirmed,MKKLLKISAISAALLSAPMM...,http://www.signalpeptide.de/index.php?sess=&m=listspdb_bacteria&s=details&id=1031&listname=
P33379,ACTA_LISMO,Actin assembly-inducing protein,Listeria monocytogenes,29,confirmed,MGLNRFMRAMMVVFITANCI...,http://www.signalpeptide.de/index.php?sess=&m=listspdb_bacteria&s=details&id=1053&listname=
Q9L7P2,ALGL_PSESY,Alginate lyase,Pseudomonas syringae pv. syringae,28,confirmed,MQTPKLIRPTLLSMAILSSM...,http://www.signalpeptide.de/index.php?sess=&m=listspdb_bacteria&s=details&id=1064&listname=
O05465,AMPC_PSYIM,Beta-lactamase,Psychrobacter immobilis,39,confirmed,MKLFTSTLTAKKSSTHKPLI...,http://www.signalpeptide.de/index.php?sess=&m=listspdb_bacteria&s=details&id=1071&listname=
P20845,AMY_BACME,Alpha-amylase,Bacillus megaterium,27,confirmed,MKGKKWTALALTLPLAASLS...,http://www.signalpeptide.de/index.php?sess=&m=listspdb_bacteria&s=details&id=1076&listname=
P43843,ASPG2_HAEIN,Probable L-asparaginase periplasmic,Haemophilus influenzae,21,confirmed,MKLTKLALCTLFGLGVSIAN...,http://www.signalpeptide.de/index.php?sess=&m=listspdb_bacteria&s=details&id=1090&listname=
P0A3T2,BCSP_BRUME,31 kDa immunogenic protein,Brucella melitensis,28,confirmed,MKFGSKIRRLAVAAVAGAIA...,http://www.signalpeptide.de/index.php?sess=&m=listspdb_bacteria&s=details&id=1102&listname=
P10425,BLA2_BAC17,Beta-lactamase 2,Bacillus sp. (strain 170),30,confirmed,MKKNTLLKVGLCVSLLGTTQ...,http://www.signalpeptide.de/index.php?sess=&m=listspdb_bacteria&s=details&id=1109&listname=
P26827,CDGT_THETU,Cyclomaltodextrin glucanotransferase,Thermoanaerobacter thermosulfurogenes,27,confirmed,MKKTFKLILVLMLSLTLVFG...,http://www.signalpeptide.de/index.php?sess=&m=listspdb_bacteria&s=details&id=1159&listname=
A2TJI4,CEXE_ECOLX,Protein cexE,Escherichia coli,19,confirmed,MKKYILGVILAMGSLSAIA,http://www.signalpeptide.de/index.php?sess=&m=listspdb_bacteria&s=details&id=1167&listname=
O07921,CHIS_BACSU,Chitosanase,Bacillus subtilis,35,confirmed,MKISMQKADFWKKAAISLLV...,http://www.signalpeptide.de/index.php?sess=&m=listspdb_bacteria&s=details&id=1171&listname=
P28784,CPG1_PORGI,Gingipain R1,Porphyromonas gingivalis,24,confirmed,MKNLNKFVSIALCSSLLGGM...,http://www.signalpeptide.de/index.php?sess=&m=listspdb_bacteria&s=details&id=1192&listname=
Q8GFE2,CPLR_DESHA,Chlorophenol reductase,Desulfitobacterium hafniense,24,confirmed,MKKTLGIILSISLAFSVLAL...,http://www.signalpeptide.de/index.php?sess=&m=listspdb_bacteria&s=details&id=1193&listname=
Q55210,CY550_SYNP2,Cytochrome c-550,Synechococcus sp. (strain ATCC 27264 / PCC 7002 / PR-6),34,confirmed,MNKILGIDPLKKFIFGISAF...,http://www.signalpeptide.de/index.php?sess=&m=listspdb_bacteria&s=details&id=1233&listname=
P15452,CY552_HYDTH,Cytochrome c-552,Hydrogenobacter thermophilus,18,confirmed,MKKFLLVAVVGLAGITFA,http://www.signalpeptide.de/index.php?sess=&m=listspdb_bacteria&s=details&id=1234&listname=
P81894,CYC7_GEOMG,Cytochrome c7,Geobacter metallireducens (strain GS-15 / ATCC 53774 / DSM 7210),20,confirmed,MKRIIASLALSVFCAGLAFA,http://www.signalpeptide.de/index.php?sess=&m=listspdb_bacteria&s=details&id=1235&listname=
P16700,CYSP_ECOLI,Thiosulfate-binding protein,Escherichia coli (strain K12),25,confirmed,MAVNLLKKNSLALVASLLLA...,http://www.signalpeptide.de/index.php?sess=&m=listspdb_bacteria&s=details&id=1242&listname=
P0C0V0,DEGP_ECOLI,Protease do,Escherichia coli (strain K12),26,confirmed,MKKTTLALSALALSLGLALS...,http://www.signalpeptide.de/index.php?sess=&m=listspdb_bacteria&s=details&id=1255&listname=
P23903,E13B_BACCI,"Glucan endo-1,3-beta-glucosidase A1",Bacillus circulans,38,confirmed,MKPSHFTEKRFMKKVLGLFL...,http://www.signalpeptide.de/index.php?sess=&m=listspdb_bacteria&s=details&id=1273&listname=
P0A0M0,ETXH_STAAU,Enterotoxin type H,Staphylococcus aureus,24,confirmed,MINKIKILFSFLALLLSFTS...,http://www.signalpeptide.de/index.php?sess=&m=listspdb_bacteria&s=details&id=1305&listname=
P20862,FANH_ECOLX,Protein fanH,Escherichia coli,20,confirmed,MIKKVPVLLFFMASISITHA,http://www.signalpeptide.de/index.php?sess=&m=listspdb_bacteria&s=details&id=1316&listname=
P0A0Y3,FBPA_NEIMA,Major ferric iron-binding protein,Neisseria meningitidis serogroup A,22,confirmed,MKTSIRYALLAAALTAATPA...,http://www.signalpeptide.de/index.php?sess=&m=listspdb_bacteria&s=details&id=1318&listname=
O34214,GADH1_PECCY,Gluconate 2-dehydrogenase flavoprotein,Pectobacterium cypripedii,22,confirmed,MERGERVSVPVSGYSRGEGV...,http://www.signalpeptide.de/index.php?sess=&m=listspdb_bacteria&s=details&id=1352&listname=
O88093,HBP_ECOLX,Hemoglobin-binding protease hbp,Escherichia coli,52,confirmed,MNRIYSLRYSAVARGFIAVS...,http://www.signalpeptide.de/index.php?sess=&m=listspdb_bacteria&s=details&id=1413&listname=
Q99289,HLT_VIBPA,Thermolabile hemolysin,Vibrio parahaemolyticus,19,confirmed,MMKKTITLLTALLPLASAV,http://www.signalpeptide.de/index.php?sess=&m=listspdb_bacteria&s=details&id=1432&listname=
Q05918,IPHP_NOSCO,Tyrosine-protein phosphatase,Nostoc commune,24,confirmed,MKTHHANLALALMLGLSSSA...,http://www.signalpeptide.de/index.php?sess=&m=listspdb_bacteria&s=details&id=1475&listname=
P10342,ISOA_PSEAY,Isoamylase,Pseudomonas amyloderamosa,26,confirmed,MKCPKILAALLGCAVLAGVP...,http://www.signalpeptide.de/index.php?sess=&m=listspdb_bacteria&s=details&id=1481&listname=
P16155,MOMPF_CHLTR,"Major outer membrane porin, serovar F",Chlamydia trachomatis,22,confirmed,MKKLLKSVLVFAALSSASSL...,http://www.signalpeptide.de/index.php?sess=&m=listspdb_bacteria&s=details&id=1586&listname=
P0A618,MPT53_MYCTU,Soluble secreted antigen MPT53,Mycobacterium tuberculosis,38,confirmed,MSLRLVSPIKAFADGIVAVA...,http://www.signalpeptide.de/index.php?sess=&m=listspdb_bacteria&s=details&id=1592&listname=
Q03011,MRPA_PROMH,Major MR/P fimbria protein,Proteus mirabilis (strain HI4320),23,confirmed,MKLNKLALVLGLGLSVVAGS...,http://www.signalpeptide.de/index.php?sess=&m=listspdb_bacteria&s=details&id=1595&listname=
Q60053,NEPU1_THEVU,Neopullulanase 1,Thermoactinomyces vulgaris,29,confirmed,MIKLLKPMSLSILLVFILSF...,http://www.signalpeptide.de/index.php?sess=&m=listspdb_bacteria&s=details&id=1614&listname=
P0ABK9,NRFA_ECOLI,Cytochrome c-552,Escherichia coli (strain K12),26,confirmed,MTRIKINARRIFSLLIPFFF...,http://www.signalpeptide.de/index.php?sess=&m=listspdb_bacteria&s=details&id=1630&listname=
Q57483,OM26_HAEIN,Outer membrane protein 26,Haemophilus influenzae,23,confirmed,MKNIAKVTALALGIALASGY...,http://www.signalpeptide.de/index.php?sess=&m=listspdb_bacteria&s=details&id=1638&listname=
P24305,OMP32_DELAC,Outer membrane porin protein 32,Delftia acidovorans,19,confirmed,MKKSLIALAVLAASGAAMA,http://www.signalpeptide.de/index.php?sess=&m=listspdb_bacteria&s=details&id=1641&listname=
P76773,OMPL_ECOLI,Porin ompL,Escherichia coli (strain K12),20,confirmed,MKKINAIILLSSLTSASVFA,http://www.signalpeptide.de/index.php?sess=&m=listspdb_bacteria&s=details&id=1643&listname=
P14013,OSPA1_BORBU,Outer surface protein A,Borrelia burgdorferi,16,confirmed,MKKYLLGIGLILALIA,http://www.signalpeptide.de/index.php?sess=&m=listspdb_bacteria&s=details&id=1651&listname=
O68900,PET_ECOLX,Serine protease pet,Escherichia coli,52,confirmed,MNKIYSIKYSAATGGLIAVS...,http://www.signalpeptide.de/index.php?sess=&m=listspdb_bacteria&s=details&id=1700&listname=
P26509,PGLR2_PECCC,Endo-polygalacturonase,Pectobacterium carotovorum subsp. carotovorum,23,confirmed,MEYQSGKRVLSLSLGLIGLF...,http://www.signalpeptide.de/index.php?sess=&m=listspdb_bacteria&s=details&id=1704&listname=
P07603,PHFS_DESVH,Periplasmic [Fe] hydrogenase small subunit,Desulfovibrio vulgaris (strain Hildenborough / ATCC 29579 / NCIMB 8303),34,confirmed,MQIASITRRGFLKVACVTTG...,http://www.signalpeptide.de/index.php?sess=&m=listspdb_bacteria&s=details&id=1710&listname=
Q8CWC7,PIC_ECOL6,Serine protease pic,Escherichia coli O6,55,confirmed,MNKVYSLKYCPVTGGLIVVS...,http://www.signalpeptide.de/index.php?sess=&m=listspdb_bacteria&s=details&id=1714&listname=
P06546,SLAPM_BREBE,Middle cell wall protein,Brevibacillus brevis,23,confirmed,MKKVVNSVLASALALTVAPM...,http://www.signalpeptide.de/index.php?sess=&m=listspdb_bacteria&s=details&id=1807&listname=
P29722,TA17_TREPA,17 kDa lipoprotein,Treponema pallidum,21,confirmed,MKGSVRALCAFLGVGALGSA...,http://www.signalpeptide.de/index.php?sess=&m=listspdb_bacteria&s=details&id=1846&listname=
O87948,TORA_SHEMA,Trimethylamine-N-oxide reductase,Shewanella massilia,31,confirmed,MNRRDFLKGIASSSFVVLGG...,http://www.signalpeptide.de/index.php?sess=&m=listspdb_bacteria&s=details&id=1879&listname=
P0AG80,UGPB_ECOLI,sn-glycerol-3-phosphate-binding periplasmic protein ugpB,Escherichia coli (strain K12),23,confirmed,MKPLHYTASALALGLALMGN...,http://www.signalpeptide.de/index.php?sess=&m=listspdb_bacteria&s=details&id=1909&listname=
P00694,XYNA_BACPU,"Endo-1,4-beta-xylanase A",Bacillus pumilus,27,confirmed,MNLRKLRLLFVMCIGLTLIL...,http://www.signalpeptide.de/index.php?sess=&m=listspdb_bacteria&s=details&id=1953&listname=
Q03155,AIDA_ECOLX,Adhesin AIDA-I,Escherichia coli,49,confirmed,MNKAYSIIWSHSRQAWIVAS...,http://www.signalpeptide.de/index.php?sess=&m=listspdb_bacteria&s=details&id=2070&listname=
P06608,ASPG_ERWCH,L-asparaginase,Erwinia chrysanthemi,21,confirmed,MERWFKSLFVLVLFFVFTAS...,http://www.signalpeptide.de/index.php?sess=&m=listspdb_bacteria&s=details&id=2102&listname=
P81549,BFRD_BORPE,Probable tonB-dependent receptor bfrD,Bordetella pertussis,30,confirmed,MKFYSSHPMPESLAAAIAVP...,http://www.signalpeptide.de/index.php?sess=&m=listspdb_bacteria&s=details&id=2114&listname=
P00094,CYC2_RHOCA,Cytochrome c2,Rhodobacter capsulatus,21,confirmed,MKISLTAATVAALVLAAPAF...,http://www.signalpeptide.de/index.php?sess=&m=listspdb_bacteria&s=details&id=2247&listname=
P00132,CYC3_DESVM,Cytochrome c3,Desulfovibrio vulgaris (strain Miyazaki),23,confirmed,MKKMFLTGVLALAVAIAMPA...,http://www.signalpeptide.de/index.php?sess=&m=listspdb_bacteria&s=details&id=2248&listname=
P77202,DSBG_ECOLI,Thiol:disulfide interchange protein dsbG,Escherichia coli (strain K12),17,confirmed,MLKKILLLALLPAIAFA,http://www.signalpeptide.de/index.php?sess=&m=listspdb_bacteria&s=details&id=2278&listname=
P25394,FMF7_ECOLX,F107 fimbrial protein,Escherichia coli,21,confirmed,MKRLVFISFVALSMTAGSAM...,http://www.signalpeptide.de/index.php?sess=&m=listspdb_bacteria&s=details&id=2343&listname=
P07662,G7AC_PSEU7,Glutaryl-7-aminocephalosporanic-acid acylase,Pseudomonas sp. (strain SY-77),29,confirmed,MLRVLHRAASALVMATVIGL...,http://www.signalpeptide.de/index.php?sess=&m=listspdb_bacteria&s=details&id=2354&listname=
P15644,GSPD_KLEPN,General secretion pathway protein D,Klebsiella pneumoniae,27,confirmed,MIIANVIRSFSLTLLIFAAL...,http://www.signalpeptide.de/index.php?sess=&m=listspdb_bacteria&s=details&id=2400&listname=
P19250,HLY2_VIBPA,Thermostable direct hemolysin 2,Vibrio parahaemolyticus,24,confirmed,MKYRYFAKKSFLFISMLAAF...,http://www.signalpeptide.de/index.php?sess=&m=listspdb_bacteria&s=details&id=2431&listname=
Q2FV52,ISAA_STAA8,Probable transglycosylase isaA,Staphylococcus aureus (strain NCTC 8325),29,confirmed,MKKTIMASSLAVALGVTGYA...,http://www.signalpeptide.de/index.php?sess=&m=listspdb_bacteria&s=details&id=2471&listname=
P26466,LAMB_SALTY,Maltoporin,Salmonella typhimurium,25,confirmed,MMITLRKLPLAVAVAAGVMS...,http://www.signalpeptide.de/index.php?sess=&m=listspdb_bacteria&s=details&id=2502&listname=
P15917,LEF_BACAN,Lethal factor,Bacillus anthracis,33,confirmed,MNIKKEFIKVISMSCLVTAI...,http://www.signalpeptide.de/index.php?sess=&m=listspdb_bacteria&s=details&id=2512&listname=
P38577,MTCY_LEUME,Bacteriocin mesentericin Y105,Leuconostoc mesenteroides,24,confirmed,MTNMKSVEAYQQLDNQNLKK...,http://www.signalpeptide.de/index.php?sess=&m=listspdb_bacteria&s=details&id=2589&listname=
P38399,OMPA_YERPS,Outer membrane protein A,Yersinia pseudotuberculosis,21,confirmed,MKKTAIALAVALVGFATVAQ...,http://www.signalpeptide.de/index.php?sess=&m=listspdb_bacteria&s=details&id=2644&listname=
P0ADA7,OSMB_ECOLI,Osmotically-inducible lipoprotein B,Escherichia coli (strain K12),23,confirmed,MFVTSKKMTAAVLAITLAMS...,http://www.signalpeptide.de/index.php?sess=&m=listspdb_bacteria&s=details&id=2654&listname=
P13423,PAG_BACAN,Protective antigen,Bacillus anthracis,29,confirmed,MKKRKVLIPLMALSTILVSS...,http://www.signalpeptide.de/index.php?sess=&m=listspdb_bacteria&s=details&id=2677&listname=
P13720,PAPG_ECOLX,Fimbrial adhesin papG,Escherichia coli,21,confirmed,MKKWFPAFLFLSLSGGNDAL...,http://www.signalpeptide.de/index.php?sess=&m=listspdb_bacteria&s=details&id=2681&listname=
Q47474,PMEB_DICD3,Pectinesterase B,Dickeya dadantii (strain 3937),21,confirmed,MSLTHYSGLAAAVSMSLILT...,http://www.signalpeptide.de/index.php?sess=&m=listspdb_bacteria&s=details&id=2720&listname=
P21948,PPB_ESCFE,Alkaline phosphatase,Escherichia fergusonii,21,confirmed,MKQSAIALALLSCLITPVSQ...,http://www.signalpeptide.de/index.php?sess=&m=listspdb_bacteria&s=details&id=2729&listname=
P0AFM2,PROX_ECOLI,Glycine betaine-binding periplasmic protein,Escherichia coli (strain K12),21,confirmed,MRHSVLFATAFATLISTQTF...,http://www.signalpeptide.de/index.php?sess=&m=listspdb_bacteria&s=details&id=2740&listname=
P68589,PSAE_YERPS,Protein psaE,Yersinia pseudotuberculosis,24,confirmed,MSHCVVLNKLESVLIIGDSR...,http://www.signalpeptide.de/index.php?sess=&m=listspdb_bacteria&s=details&id=2747&listname=
Q8DJE2,PSBV2_THEEB,Cytochrome c-550-like protein,Thermosynechococcus elongatus (strain BP-1),34,confirmed,MYQPHFWQRSIGWLCGGLLI...,http://www.signalpeptide.de/index.php?sess=&m=listspdb_bacteria&s=details&id=2749&listname=
P23857,PSPE_ECOLI,Phage shock protein E,Escherichia coli (strain K12),19,confirmed,MFKKGLLALALVFSLPVFA,http://www.signalpeptide.de/index.php?sess=&m=listspdb_bacteria&s=details&id=2753&listname=
Q05044,SLAP_LACBR,S-layer protein,Lactobacillus brevis,30,confirmed,MQSSLKKSLYLGLAALSFAG...,http://www.signalpeptide.de/index.php?sess=&m=listspdb_bacteria&s=details&id=2808&listname=
P26648,SUFI_ECOLI,Protein sufI,Escherichia coli (strain K12),27,confirmed,MSLSRRQFIQASGIALCAGA...,http://www.signalpeptide.de/index.php?sess=&m=listspdb_bacteria&s=details&id=2834&listname=
Q01996,TBP1_NEIGO,Transferrin-binding protein 1,Neisseria gonorrhoeae,24,confirmed,MQQQHLFRLNILCLSLMTAL...,http://www.signalpeptide.de/index.php?sess=&m=listspdb_bacteria&s=details&id=2841&listname=
P18481,TEE6_STRP6,Trypsin-resistant surface T6 protein,Streptococcus pyogenes serotype M6,22,confirmed,MLACLAILAVVGLGMTRVSA...,http://www.signalpeptide.de/index.php?sess=&m=listspdb_bacteria&s=details&id=2844&listname=
P18473,TRBC_ECOLI,Periplasmic protein trbC,Escherichia coli (strain K12),21,confirmed,MKLSMKSLAALLMMLNGAVM...,http://www.signalpeptide.de/index.php?sess=&m=listspdb_bacteria&s=details&id=2882&listname=
Q47706,UIDC_ECOLI,Membrane-associated protein uidC,Escherichia coli (strain K12),23,confirmed,MRKIVAMAVICLTAASGLTS...,http://www.signalpeptide.de/index.php?sess=&m=listspdb_bacteria&s=details&id=2906&listname=
P83513,XY11A_PSEXY,Bifunctional xylanase/deacetylase,Pseudobutyrivibrio xylanivorans,14,confirmed,MSATLLVPSMTVKA,http://www.signalpeptide.de/index.php?sess=&m=listspdb_bacteria&s=details&id=2950&listname=
P0AAA9,ZRAP_ECOLI,Zinc resistance-associated protein,Escherichia coli (strain K12),26,confirmed,MKRNTKIALVMMALSAMAMG...,http://www.signalpeptide.de/index.php?sess=&m=listspdb_bacteria&s=details&id=3034&listname=
P05193,AMPC_CITFR,Beta-lactamase,Citrobacter freundii,20,confirmed,MMKKSICCALLLTASFSTFA,http://www.signalpeptide.de/index.php?sess=&m=listspdb_bacteria&s=details&id=3070&listname=
P19584,AMYB_THETU,Thermophilic beta-amylase,Thermoanaerobacter thermosulfurogenes,32,confirmed,MIGAFKRLGQKLFLTLLTAS...,http://www.signalpeptide.de/index.php?sess=&m=listspdb_bacteria&s=details&id=3072&listname=
Q50906,APA_MYCTU,Alanine and proline-rich secreted protein apa,Mycobacterium tuberculosis,39,confirmed,MHQVDPNLTRRKGRLAALAI...,http://www.signalpeptide.de/index.php?sess=&m=listspdb_bacteria&s=details&id=3085&listname=
P00807,BLAC_STAAU,Beta-lactamase,Staphylococcus aureus,24,confirmed,MKKLIFLIVIALVLSACNSN...,http://www.signalpeptide.de/index.php?sess=&m=listspdb_bacteria&s=details&id=3115&listname=
Q06110,CAGA_STRGL,Antitumor antibiotic C-1027 apoprotein,Streptomyces globisporus,33,confirmed,MSLRHMSRRASRFGVVAVAS...,http://www.signalpeptide.de/index.php?sess=&m=listspdb_bacteria&s=details&id=3131&listname=
P05618,CDGT_BACS0,Cyclomaltodextrin glucanotransferase,Bacillus sp. (strain 1011),27,confirmed,MKRFMKLTAVWTLWLSLTLG...,http://www.signalpeptide.de/index.php?sess=&m=listspdb_bacteria&s=details&id=3162&listname=
A6QIG7,CHIPS_STAAE,Chemotaxis inhibitory protein,Staphylococcus aureus (strain Newman),28,confirmed,MKKKLATTVLALSFLTAGIS...,http://www.signalpeptide.de/index.php?sess=&m=listspdb_bacteria&s=details&id=3174&listname=
Q06851,CIPA_CLOTH,Cellulosomal-scaffolding protein A,Clostridium thermocellum (strain ATCC 27405 / DSM 1237),28,confirmed,MRKVISMLLVVAMLTTIFAA...,http://www.signalpeptide.de/index.php?sess=&m=listspdb_bacteria&s=details&id=3178&listname=
P00099,CY551_PSEAE,Cytochrome c-551,Pseudomonas aeruginosa,22,confirmed,MKPYALLSLLATGTLLAQGA...,http://www.signalpeptide.de/index.php?sess=&m=listspdb_bacteria&s=details&id=3231&listname=
P01553,ENTC1_STAAU,Enterotoxin type C-1,Staphylococcus aureus,27,confirmed,MNKSRFISCVILIFALILVL...,http://www.signalpeptide.de/index.php?sess=&m=listspdb_bacteria&s=details&id=3284&listname=
O32591,ESPP_ECOLX,Serine protease espP,Escherichia coli,55,confirmed,MNKIYSLKYSHITGGLIAVS...,http://www.signalpeptide.de/index.php?sess=&m=listspdb_bacteria&s=details&id=3296&listname=
P14191,FAEG3_ECOLX,K88 fimbrial protein AD,Escherichia coli,21,confirmed,MKKTLIALAIAASAASGMAH...,http://www.signalpeptide.de/index.php?sess=&m=listspdb_bacteria&s=details&id=3311&listname=
P13036,FECA_ECOLI,Iron(III) dicitrate transport protein fecA,Escherichia coli (strain K12),33,confirmed,MTPLRVFRKTTPLVNTIRLS...,http://www.signalpeptide.de/index.php?sess=&m=listspdb_bacteria&s=details&id=3317&listname=
P05149,GALM_ACICA,Aldose 1-epimerase,Acinetobacter calcoaceticus,20,confirmed,MKKLAILGVTVYSFAQLANA,http://www.signalpeptide.de/index.php?sess=&m=listspdb_bacteria&s=details&id=3352&listname=
P17901,GUNA_CLOCE,Endoglucanase A,Clostridium cellulolyticum,26,confirmed,MKKTTAFLLCFLMIFTALLP...,http://www.signalpeptide.de/index.php?sess=&m=listspdb_bacteria&s=details&id=3402&listname=
P27033,GUNC_PSEFL,Endoglucanase C,Pseudomonas fluorescens,37,confirmed,MGHVTSPSKRYPASFKRAGS...,http://www.signalpeptide.de/index.php?sess=&m=listspdb_bacteria&s=details&id=3403&listname=
P19424,GUN_BACS6,Endoglucanase,Bacillus sp. (strain KSM-635),29,confirmed,MKIKQIKQSLSLLLIITLIM...,http://www.signalpeptide.de/index.php?sess=&m=listspdb_bacteria&s=details&id=3404&listname=
P07211,H81_NEIGO,Outer membrane protein H.8,Neisseria gonorrhoeae,17,confirmed,MKAYLALISAAVIGLAA,http://www.signalpeptide.de/index.php?sess=&m=listspdb_bacteria&s=details&id=3405&listname=
P14212,HIFA2_HAEIN,Major fimbrial subunit,Haemophilus influenzae,20,confirmed,MKKTLLGSLILLAFAGNVQA,http://www.signalpeptide.de/index.php?sess=&m=listspdb_bacteria&s=details&id=3423&listname=
P60158,ISAA_STAAU,Probable transglycosylase isaA,Staphylococcus aureus,29,confirmed,MKKTIMASSLAVALGVTGYA...,http://www.signalpeptide.de/index.php?sess=&m=listspdb_bacteria&s=details&id=3466&listname=
P81715,LIE1_STREX,Leupeptin-inactivating enzyme 1,Streptomyces exfoliatus,37,confirmed,MSLSVSRRLAAVTAFAVAGL...,http://www.signalpeptide.de/index.php?sess=&m=listspdb_bacteria&s=details&id=3514&listname=
P80604,OM24_PASMU,24 kDa outer membrane protein,Pasteurella multocida,21,confirmed,MKNKSKLLACCLMALPISSF...,http://www.signalpeptide.de/index.php?sess=&m=listspdb_bacteria&s=details&id=3642&listname=
P06111,OMPV_VIBCH,Outer membrane protein ompV,Vibrio cholerae,19,confirmed,MKKIALFITASLIAGNALA,http://www.signalpeptide.de/index.php?sess=&m=listspdb_bacteria&s=details&id=3648&listname=
P11657,PAC_STRMU,Major cell-surface adhesin PAc,Streptococcus mutans,38,confirmed,MKVKKTYGFRKSKISKTLCG...,http://www.signalpeptide.de/index.php?sess=&m=listspdb_bacteria&s=details&id=3673&listname=
P0A1Z2,SKP_SALTY,Chaperone protein skp,Salmonella typhimurium,20,confirmed,MKKWLLAAGLGLAMVTSAQA,http://www.signalpeptide.de/index.php?sess=&m=listspdb_bacteria&s=details&id=3814&listname=
P45796,XYND_PAEPO,Arabinoxylan arabinofuranohydrolase,Paenibacillus polymyxa,26,confirmed,MIRKCLVLFLSFALLLSVFP...,http://www.signalpeptide.de/index.php?sess=&m=listspdb_bacteria&s=details&id=3957&listname=
P37648,YHJJ_ECOLI,Protein yhjJ,Escherichia coli (strain K12),24,confirmed,MQGTKIRLLAGGLLMMATAG...,http://www.signalpeptide.de/index.php?sess=&m=listspdb_bacteria&s=details&id=4002&listname=
P84888,AAUB_ALCFA,Aralkylamine dehydrogenase heavy chain,Alcaligenes faecalis,25,confirmed,MKSKFKLTTAAAMLGLMVLA...,http://www.signalpeptide.de/index.php?sess=&m=listspdb_bacteria&s=details&id=4038&listname=
P39265,ALSB_ECOLI,D-allose-binding periplasmic protein,Escherichia coli (strain K12),23,confirmed,MNKYLKYFSGTLVGLMLSTS...,http://www.signalpeptide.de/index.php?sess=&m=listspdb_bacteria&s=details&id=4056&listname=
P19571,AMT6_BACS7,"Glucan 1,4-alpha-maltohexaosidase",Bacillus sp. (strain 707),33,confirmed,MKMRTGKKGFLSILLAFLLV...,http://www.signalpeptide.de/index.php?sess=&m=listspdb_bacteria&s=details&id=4061&listname=
P39824,BLAC_BACSU,Beta-lactamase,Bacillus subtilis,36,confirmed,MKLKTKASIKFGICVGLLCL...,http://www.signalpeptide.de/index.php?sess=&m=listspdb_bacteria&s=details&id=4100&listname=
P52682,BLAN_SERMA,Carbapenem-hydrolyzing beta-lactamase Sme-1,Serratia marcescens,27,confirmed,MSNKVNFKTASFLFSVCLAL...,http://www.signalpeptide.de/index.php?sess=&m=listspdb_bacteria&s=details&id=4101&listname=
P35804,BLIP_STRCL,Beta-lactamase inhibitory protein,Streptomyces clavuligerus,36,confirmed,MRTVGIGAGVRRLGRAVVMA...,http://www.signalpeptide.de/index.php?sess=&m=listspdb_bacteria&s=details&id=4103&listname=
P32823,CHIA_PSEO7,Chitinase A,Pseudoalteromonas piscicida,21,confirmed,MKLNKITSYIGFALLSGGAL...,http://www.signalpeptide.de/index.php?sess=&m=listspdb_bacteria&s=details&id=4161&listname=
P13627,CY1_PARDE,Cytochrome c1,Paracoccus denitrificans,21,confirmed,MTLRNASLTAVAALTVALAG...,http://www.signalpeptide.de/index.php?sess=&m=listspdb_bacteria&s=details&id=4218&listname=
Q55013,CY550_SYNY3,Cytochrome c-550,Synechocystis sp. (strain PCC 6803),25,confirmed,MKRFFLVAIASVLFFFNTMV...,http://www.signalpeptide.de/index.php?sess=&m=listspdb_bacteria&s=details&id=4220&listname=
P74917,CY552_THIFE,Cytochrome c-552,Thiobacillus ferrooxidans,47,confirmed,MTTYLSQDRLRNKENDTMTY...,http://www.signalpeptide.de/index.php?sess=&m=listspdb_bacteria&s=details&id=4221&listname=
P94691,CYC3B_DESAF,Basic cytochrome c3,Desulfovibrio africanus,23,confirmed,MKKLFSMLVAAALVGTMAMA...,http://www.signalpeptide.de/index.php?sess=&m=listspdb_bacteria&s=details&id=4222&listname=
Q05523,DACA_BACST,D-alanyl-D-alanine carboxypeptidase dacA,Bacillus stearothermophilus,30,confirmed,MRRRKQNWLFWLLSICLCLT...,http://www.signalpeptide.de/index.php?sess=&m=listspdb_bacteria&s=details&id=4236&listname=
P0AEE5,DGAL_ECOLI,D-galactose-binding periplasmic protein,Escherichia coli (strain K12),23,confirmed,MNKKVLTLSAVMASMLFGAA...,http://www.signalpeptide.de/index.php?sess=&m=listspdb_bacteria&s=details&id=4248&listname=
P15279,DHM1_METOR,Methanol dehydrogenase subunit 1,Methylobacterium organophilum XX,27,confirmed,MSRFVTSVSALAMLALAPAA...,http://www.signalpeptide.de/index.php?sess=&m=listspdb_bacteria&s=details&id=4250&listname=
Q06530,DHSU_CHRVI,Sulfide dehydrogenase [flavocytochrome c] flavoprotein chain,Chromatium vinosum,30,confirmed,MTLNRRDFIKTSGAAVAAVG...,http://www.signalpeptide.de/index.php?sess=&m=listspdb_bacteria&s=details&id=4252&listname=
P14756,ELAS_PSEAE,Pseudolysin,Pseudomonas aeruginosa,23,confirmed,MKKVSTLDLLFVAIMGVSPA...,http://www.signalpeptide.de/index.php?sess=&m=listspdb_bacteria&s=details&id=4281&listname=
P18956,GGT_ECOLI,Gamma-glutamyltranspeptidase,Escherichia coli (strain K12),25,confirmed,MIKPTFLRRVAIAALLSGSC...,http://www.signalpeptide.de/index.php?sess=&m=listspdb_bacteria&s=details&id=4363&listname=
Q02934,GUNI_CLOTH,Endoglucanase 1,Clostridium thermocellum (strain ATCC 27405 / DSM 1237),55,confirmed,MRLVNSLGRRKILLILAVIV...,http://www.signalpeptide.de/index.php?sess=&m=listspdb_bacteria&s=details&id=4407&listname=
P15321,HLYB_SERMA,Hemolysin transporter protein shlB,Serratia marcescens,18,confirmed,MIKKITALTLLVSTALSA,http://www.signalpeptide.de/index.php?sess=&m=listspdb_bacteria&s=details&id=4430&listname=
Q44052,IMD_ARTGO,Isomalto-dextranase,Arthrobacter globiformis,39,confirmed,MMNLSRRTLLTTGSAATLAY...,http://www.signalpeptide.de/index.php?sess=&m=listspdb_bacteria&s=details&id=4464&listname=
P04635,LIP_STAHY,Lipase,Staphylococcus hyicus,38,confirmed,MKETKHQHTFSIRKSAYGAA...,http://www.signalpeptide.de/index.php?sess=&m=listspdb_bacteria&s=details&id=4524&listname=
P0A1W6,LIVK_SALTY,Leucine-specific-binding protein,Salmonella typhimurium,23,confirmed,MKRKAKTIIAGIVALAVSQG...,http://www.signalpeptide.de/index.php?sess=&m=listspdb_bacteria&s=details&id=4527&listname=
P0ADV1,LPTA_ECOLI,Lipopolysaccharide export system protein lptA,Escherichia coli (strain K12),27,confirmed,MKFKTNKLSLNLVLASSLLA...,http://www.signalpeptide.de/index.php?sess=&m=listspdb_bacteria&s=details&id=4542&listname=
P77348,MPPA_ECOLI,Periplasmic murein peptide-binding protein,Escherichia coli (strain K12),22,confirmed,MKHSVSVTCCALLVSSISLS...,http://www.signalpeptide.de/index.php?sess=&m=listspdb_bacteria&s=details&id=4596&listname=
P39371,NANM_ECOLI,N-acetylneuraminate epimerase,Escherichia coli (strain K12),19,confirmed,MNKTITALAIMMASFAANA,http://www.signalpeptide.de/index.php?sess=&m=listspdb_bacteria&s=details&id=4607&listname=
P81186,NAPA_DESDE,Periplasmic nitrate reductase,Desulfovibrio desulfuricans,32,confirmed,MSTSRRDFLKYFAMSAAVAA...,http://www.signalpeptide.de/index.php?sess=&m=listspdb_bacteria&s=details&id=4608&listname=
Q9I596,NCASE_PSEAE,Neutral ceramidase,Pseudomonas aeruginosa,24,confirmed,MSRSAFTALLLSCVLLALSM...,http://www.signalpeptide.de/index.php?sess=&m=listspdb_bacteria&s=details&id=4614&listname=
P0A264,OMPC_SALTI,Outer membrane protein C,Salmonella typhi,21,confirmed,MKVKVLSLLVPALLVAGAAN...,http://www.signalpeptide.de/index.php?sess=&m=listspdb_bacteria&s=details&id=4652&listname=
P34210,OMPP_ECOLI,Outer membrane protease ompP,Escherichia coli (strain K12),23,confirmed,MQTKLLAIMLAAPVVFSSQE...,http://www.signalpeptide.de/index.php?sess=&m=listspdb_bacteria&s=details&id=4653&listname=
P46027,OPP25_HAEIN,Outer membrane protein P2,Haemophilus influenzae,20,confirmed,MKKTLAALIVGAFAASAANA,http://www.signalpeptide.de/index.php?sess=&m=listspdb_bacteria&s=details&id=4657&listname=
P31554,OSTA_ECOLI,LPS-assembly protein,Escherichia coli (strain K12),24,confirmed,MKKRIPTLLATMIATALYSQ...,http://www.signalpeptide.de/index.php?sess=&m=listspdb_bacteria&s=details&id=4662&listname=
P07110,PAPC_ECOLX,Outer membrane usher protein papC,Escherichia coli,24,confirmed,MKDRIPFAVNNITCVILLSL...,http://www.signalpeptide.de/index.php?sess=&m=listspdb_bacteria&s=details&id=4681&listname=
P11073,PELC_ERWCH,Pectate lyase C,Erwinia chrysanthemi,22,confirmed,MKSLITPITAGLLLALSQPL...,http://www.signalpeptide.de/index.php?sess=&m=listspdb_bacteria&s=details&id=4702&listname=
Q51718,PHAZ_PSEFL,Poly(3-hydroxyoctanoate) depolymerase,Pseudomonas fluorescens,33,confirmed,MPLRTLLCGLLLAVCLGQHA...,http://www.signalpeptide.de/index.php?sess=&m=listspdb_bacteria&s=details&id=4713&listname=
Q51485,PORB_PSEAE,Porin B,Pseudomonas aeruginosa,31,confirmed,MYKNKKTRPAARTVGCLFAL...,http://www.signalpeptide.de/index.php?sess=&m=listspdb_bacteria&s=details&id=4734&listname=
P27028,PPCE_FLAME,Prolyl endopeptidase,Flavobacterium meningosepticum,20,confirmed,MKYNKLSVAVAAFAFAAVSA,http://www.signalpeptide.de/index.php?sess=&m=listspdb_bacteria&s=details&id=4737&listname=
P31083,PSAF_SYNP6,Photosystem I reaction center subunit III,Synechococcus sp. (strain ATCC 27144 / PCC 6301 / SAUG 1402/1),23,confirmed,MRRLFAVVLAACLWLGFAPQ...,http://www.signalpeptide.de/index.php?sess=&m=listspdb_bacteria&s=details&id=4755&listname=
P05458,PTRA_ECOLI,Protease 3,Escherichia coli (strain K12),23,confirmed,MPRSTWFKALLLLVALWAPL...,http://www.signalpeptide.de/index.php?sess=&m=listspdb_bacteria&s=details&id=4768&listname=
Q08002,SHPI_STAHY,Neutral metalloprotease,Staphylococcus hyicus,26,confirmed,MINKKKLVTSLVTSSLLATF...,http://www.signalpeptide.de/index.php?sess=&m=listspdb_bacteria&s=details&id=4818&listname=
Q82S91,SMBP_NITEU,Metal-binding protein smbP,Nitrosomonas europaea,24,confirmed,MKTTLIKVIAASVTALFLSM...,http://www.signalpeptide.de/index.php?sess=&m=listspdb_bacteria&s=details&id=4828&listname=
Q7BQ98,STXB_SHIDY,Shiga toxin subunit B,Shigella dysenteriae,20,confirmed,MKKTLLIAASLSFFSASALA,http://www.signalpeptide.de/index.php?sess=&m=listspdb_bacteria&s=details&id=4855&listname=
Q9XD84,TIBA_ECOLX,Adhesin/invasin tibA,Escherichia coli,54,confirmed,MNKVYNTVWNESTGTWVVTS...,http://www.signalpeptide.de/index.php?sess=&m=listspdb_bacteria&s=details&id=4871&listname=
P17137,XYNA_CLOSA,"Endo-1,4-beta-xylanase",Clostridium saccharobutylicum,28,confirmed,MLRRKVIFTVLATLVMTSLT...,http://www.signalpeptide.de/index.php?sess=&m=listspdb_bacteria&s=details&id=4961&listname=
P80069,APA_MYCBP,Alanine and proline-rich secreted protein apa,Mycobacterium bovis (strain BCG / Pasteur 1173P2),39,confirmed,MHQVDPNLTRRKGRLAALAI...,http://www.signalpeptide.de/index.php?sess=&m=listspdb_bacteria&s=details&id=5076&listname=
P08594,AQL1_THEAQ,Aqualysin-1,Thermus aquaticus,14,confirmed,MRKTYWLMALFAVL,http://www.signalpeptide.de/index.php?sess=&m=listspdb_bacteria&s=details&id=5087&listname=
P17953,ASA1_ENTFA,Aggregation substance,Enterococcus faecalis,43,confirmed,MKQQTEVKKRFKMYKAKKHW...,http://www.signalpeptide.de/index.php?sess=&m=listspdb_bacteria&s=details&id=5091&listname=
P00282,AZUR_PSEAE,Azurin,Pseudomonas aeruginosa,20,confirmed,MLRKLAAVSLLSLLSAPLLA,http://www.signalpeptide.de/index.php?sess=&m=listspdb_bacteria&s=details&id=5101&listname=
P0AD63,BLA1_ECOLX,Beta-lactamase SHV-1,Escherichia coli,21,confirmed,MRYIRLCIISLLATLPLAVH...,http://www.signalpeptide.de/index.php?sess=&m=listspdb_bacteria&s=details&id=5110&listname=
Q44642,BP26_BRUAB,26 kDa periplasmic immunogenic protein,Brucella abortus,28,confirmed,MNTRASNFLAASFSTIMLVG...,http://www.signalpeptide.de/index.php?sess=&m=listspdb_bacteria&s=details&id=5119&listname=
P04369,C555_METCA,Cytochrome c-555,Methylococcus capsulatus,27,confirmed,MDHKKTSIRTTALAALVLGA...,http://www.signalpeptide.de/index.php?sess=&m=listspdb_bacteria&s=details&id=5130&listname=
P08306,COX2_PARDE,Cytochrome c oxidase subunit 2,Paracoccus denitrificans,29,confirmed,MMAIATKRRGVAAVMSLGVA...,http://www.signalpeptide.de/index.php?sess=&m=listspdb_bacteria&s=details&id=5207&listname=
Q00499,CY550_PARVE,Cytochrome c-550,Paracoccus versutus,20,confirmed,MKISIYATLAALSLALPAVA,http://www.signalpeptide.de/index.php?sess=&m=listspdb_bacteria&s=details&id=5243&listname=
Q3J164,CYC2_RHOS4,Cytochrome c2,Rhodobacter sphaeroides (strain ATCC 17023 / 2.4.1 / NCIB 8253 / DSM 158),21,confirmed,MKFQVKALAAIAAFAALPAL...,http://www.signalpeptide.de/index.php?sess=&m=listspdb_bacteria&s=details&id=5244&listname=
P13810,E2AA_ECOLX,"Heat-labile enterotoxin IIA, A chain",Escherichia coli,18,confirmed,MIKHVLLFFVFISFSVSA,http://www.signalpeptide.de/index.php?sess=&m=listspdb_bacteria&s=details&id=5287&listname=
P02970,FAEG1_ECOLX,K88 fimbrial protein AB,Escherichia coli,21,confirmed,MKKTLIALAIAASAASGMAH...,http://www.signalpeptide.de/index.php?sess=&m=listspdb_bacteria&s=details&id=5330&listname=
P12903,FM12_KLEPN,Fimbrial subunit type 1,Klebsiella pneumoniae,23,confirmed,MKIKTLAMIVVSALALSSTA...,http://www.signalpeptide.de/index.php?sess=&m=listspdb_bacteria&s=details&id=5360&listname=
Q05156,GUN1_STRRE,Cellulase 1,Streptomyces reticuli,29,confirmed,MKRRTTAVLTLTALLGTALT...,http://www.signalpeptide.de/index.php?sess=&m=listspdb_bacteria&s=details&id=5414&listname=
P0AET2,HDEB_ECOLI,Protein hdeB,Escherichia coli (strain K12),29,confirmed,MNISSLRKAFIFMGAVAALS...,http://www.signalpeptide.de/index.php?sess=&m=listspdb_bacteria&s=details&id=5427&listname=
P48823,HEXA_PSEO7,Beta-hexosaminidase A,Pseudoalteromonas piscicida,11,confirmed,MSFITSAHATA,http://www.signalpeptide.de/index.php?sess=&m=listspdb_bacteria&s=details&id=5437&listname=
P17323,LPPL_PSEAE,Lipopeptide,Pseudomonas aeruginosa,20,confirmed,MKRLFLSFVALALLAGSIAA,http://www.signalpeptide.de/index.php?sess=&m=listspdb_bacteria&s=details&id=5545&listname=
P16699,MANB_BACSM,"Mannan endo-1,4-beta-mannosidase A and B",Bacillus sp. (strain AM-001),26,confirmed,MKVYKKVAFVMAFIMFFSVL...,http://www.signalpeptide.de/index.php?sess=&m=listspdb_bacteria&s=details&id=5573&listname=
P39186,NAPB_RALEH,Diheme cytochrome c napB,Ralstonia eutropha (strain ATCC 17699 / H16 / DSM 428 / Stanier 337),35,confirmed,MKPSRSWASLLAVCAVLLAA...,http://www.signalpeptide.de/index.php?sess=&m=listspdb_bacteria&s=details&id=5620&listname=
P30689,OMPB4_NEIMB,Major outer membrane protein P.IB,Neisseria meningitidis serogroup B,19,confirmed,MKKSLIALTLAALPVAAMA,http://www.signalpeptide.de/index.php?sess=&m=listspdb_bacteria&s=details&id=5663&listname=
P06202,OPPA_SALTY,Periplasmic oligopeptide-binding protein,Salmonella typhimurium,26,confirmed,MSNITKKSLIAAGILTALIA...,http://www.signalpeptide.de/index.php?sess=&m=listspdb_bacteria&s=details&id=5670&listname=
P06875,PAC_ECOLX,Penicillin G acylase,Escherichia coli,26,confirmed,MKNRNRMIVNCVTASLMYYW...,http://www.signalpeptide.de/index.php?sess=&m=listspdb_bacteria&s=details&id=5692&listname=
P11889,PHL2_BACCE,Sphingomyelinase C,Bacillus cereus,27,confirmed,MKGKLLKGVLSLGVGLGALY...,http://www.signalpeptide.de/index.php?sess=&m=listspdb_bacteria&s=details&id=5731&listname=
P14262,PLC_BACCE,1-phosphatidylinositol phosphodiesterase,Bacillus cereus,31,confirmed,MSNKKLILKLFICSTIFITF...,http://www.signalpeptide.de/index.php?sess=&m=listspdb_bacteria&s=details&id=5742&listname=
P31133,POTF_ECOLI,Putrescine-binding periplasmic protein,Escherichia coli (strain K12),26,confirmed,MTALNKKWLSGLVAGALMAV...,http://www.signalpeptide.de/index.php?sess=&m=listspdb_bacteria&s=details&id=5753&listname=
P07102,PPA_ECOLI,Periplasmic appA protein,Escherichia coli (strain K12),22,confirmed,MKAILIPFLSLLIPLTPQSA...,http://www.signalpeptide.de/index.php?sess=&m=listspdb_bacteria&s=details&id=5755&listname=
P21338,RNI_ECOLI,Ribonuclease I,Escherichia coli (strain K12),23,confirmed,MKAFWRNAALLAVSLLPFSS...,http://www.signalpeptide.de/index.php?sess=&m=listspdb_bacteria&s=details&id=5804&listname=
Q8NKX2,SPEC_STRP8,Exotoxin type C,Streptococcus pyogenes serotype M18,27,confirmed,MKKINIIKIVFIITVILIST...,http://www.signalpeptide.de/index.php?sess=&m=listspdb_bacteria&s=details&id=5857&listname=
Q45071,XYND_BACSU,Arabinoxylan arabinofuranohydrolase,Bacillus subtilis,26,confirmed,MRKKCSVCLWILVLLLSCLS...,http://www.signalpeptide.de/index.php?sess=&m=listspdb_bacteria&s=details&id=5981&listname=
P36924,AMYB_BACCE,Beta-amylase,Bacillus cereus,30,confirmed,MKNQFQYCCIVILSVVMLFV...,http://www.signalpeptide.de/index.php?sess=&m=listspdb_bacteria&s=details&id=6090&listname=
P06548,BLA3_BACCE,Beta-lactamase 3,Bacillus cereus,29,confirmed,MFVLNKFFTNSHYKKIVPVV...,http://www.signalpeptide.de/index.php?sess=&m=listspdb_bacteria&s=details&id=6137&listname=
P62593,BLAT_ECOLX,Beta-lactamase TEM,Escherichia coli,23,confirmed,MSIQHFRVALIPFFAAFCLP...,http://www.signalpeptide.de/index.php?sess=&m=listspdb_bacteria&s=details&id=6139&listname=
P22391,BLO1_KLEOX,Beta-lactamase OXY-1,Klebsiella oxytoca,24,confirmed,MLKSSWRKTALMAAAAVPLL...,http://www.signalpeptide.de/index.php?sess=&m=listspdb_bacteria&s=details&id=6140&listname=
P07254,CHIA_SERMA,Chitinase A,Serratia marcescens,23,confirmed,MRKFNKPLLALLIGSTLCSA...,http://www.signalpeptide.de/index.php?sess=&m=listspdb_bacteria&s=details&id=6211&listname=
Q02760,CY1_RHOSH,Cytochrome c1,Rhodobacter sphaeroides,22,confirmed,MIRKLTLTAATALALSGGAA...,http://www.signalpeptide.de/index.php?sess=&m=listspdb_bacteria&s=details&id=6270&listname=
P0A386,CY550_THEEB,Cytochrome c-550,Thermosynechococcus elongatus (strain BP-1),26,confirmed,MLKKCVWLAVALCLCLWQFT...,http://www.signalpeptide.de/index.php?sess=&m=listspdb_bacteria&s=details&id=6272&listname=
P04032,CY553_DESVH,Cytochrome c-553,Desulfovibrio vulgaris (strain Hildenborough / ATCC 29579 / NCIMB 8303),24,confirmed,MKRVLLLSSLCAALSFGLAV...,http://www.signalpeptide.de/index.php?sess=&m=listspdb_bacteria&s=details&id=6273&listname=
P95522,CYF_PHOLA,Apocytochrome f,Phormidium laminosum,45,confirmed,MNFKVCSFPSRRQSIAAFVR...,http://www.signalpeptide.de/index.php?sess=&m=listspdb_bacteria&s=details&id=6278&listname=
P39099,DEGQ_ECOLI,Protease degQ,Escherichia coli (strain K12),27,confirmed,MKKQTQLLSALALSVGLTLS...,http://www.signalpeptide.de/index.php?sess=&m=listspdb_bacteria&s=details&id=6294&listname=
P39653,DEXT_STRDO,Dextranase,Streptococcus downei,30,confirmed,MNNRMLSFPSMLFLLAFGIV...,http://www.signalpeptide.de/index.php?sess=&m=listspdb_bacteria&s=details&id=6295&listname=
P38540,DHM2_METME,Methanol dehydrogenase subunit 2,Methylophilus methylotrophus,22,confirmed,MKHVLTLLALASVFAVSNQA...,http://www.signalpeptide.de/index.php?sess=&m=listspdb_bacteria&s=details&id=6300&listname=
P43528,E2BA_ECOLX,"Heat-labile enterotoxin IIB, A chain",Escherichia coli,20,confirmed,MAKVISFFISLFLISFPLYA,http://www.signalpeptide.de/index.php?sess=&m=listspdb_bacteria&s=details&id=6319&listname=
P36912,EBA2_FLAME,Endo-beta-N-acetylglucosaminidase F2,Flavobacterium meningosepticum,45,confirmed,MKTANFSFALCLSVVIMLFI...,http://www.signalpeptide.de/index.php?sess=&m=listspdb_bacteria&s=details&id=6320&listname=
P16869,FHUE_ECOLI,FhuE receptor,Escherichia coli (strain K12),36,confirmed,MLSTQFNRDNQYQAITKPSL...,http://www.signalpeptide.de/index.php?sess=&m=listspdb_bacteria&s=details&id=6367&listname=
P65764,FKBA_ECOL6,FKBP-type peptidyl-prolyl cis-trans isomerase fkpA,Escherichia coli O6,25,confirmed,MKSLFKVTLLATTMAVALHA...,http://www.signalpeptide.de/index.php?sess=&m=listspdb_bacteria&s=details&id=6371&listname=
P10475,GUN2_BACSU,Endoglucanase,Bacillus subtilis,29,confirmed,MKRSISIFITCLLITLLTMG...,http://www.signalpeptide.de/index.php?sess=&m=listspdb_bacteria&s=details&id=6436&listname=
Q2YK18,HDEA_BRUA2,Chaperone-like protein hdeA,Brucella abortus (strain 2308),26,confirmed,MIKALFNKNTALAAVAILAL...,http://www.signalpeptide.de/index.php?sess=&m=listspdb_bacteria&s=details&id=6447&listname=
P00260,HIP_CHRVI,High-potential iron-sulfur protein,Chromatium vinosum,37,confirmed,MSDKPISKSRRDAVKVMLGT...,http://www.signalpeptide.de/index.php?sess=&m=listspdb_bacteria&s=details&id=6459&listname=
P61317,LOLA_ECOL6,Outer-membrane lipoprotein carrier protein,Escherichia coli O6,21,confirmed,MKKIAITCALLSSLVASSVW...,http://www.signalpeptide.de/index.php?sess=&m=listspdb_bacteria&s=details&id=6558&listname=
P0A5Q4,MP64_MYCTU,Immunogenic protein MPT64,Mycobacterium tuberculosis,23,confirmed,MRIKIFMLVTAVVLLCCSGV...,http://www.signalpeptide.de/index.php?sess=&m=listspdb_bacteria&s=details&id=6617&listname=
Q07408,MSP4_ANAMA,Major surface antigen 4,Anaplasma marginale,29,confirmed,MNYRELFTGGLSAATVCACS...,http://www.signalpeptide.de/index.php?sess=&m=listspdb_bacteria&s=details&id=6623&listname=
P0A3R9,NCZS_STRCZ,Neocarzinostatin,Streptomyces carzinostaticus,34,confirmed,MVPISIIRNRVAKVAVGSAA...,http://www.signalpeptide.de/index.php?sess=&m=listspdb_bacteria&s=details&id=6633&listname=
P33590,NIKA_ECOLI,Nickel-binding periplasmic protein,Escherichia coli (strain K12),22,confirmed,MLSTLRRTLFALLACASFIV...,http://www.signalpeptide.de/index.php?sess=&m=listspdb_bacteria&s=details&id=6642&listname=
Q02937,OMLA_ACTPL,Outer membrane lipoprotein A,Actinobacillus pleuropneumoniae,19,confirmed,MNIATKLMASLVASVVLTA,http://www.signalpeptide.de/index.php?sess=&m=listspdb_bacteria&s=details&id=6672&listname=
P04845,OMPA_SERMA,Outer membrane protein A,Serratia marcescens,21,confirmed,MKKTAIALAVALAGFATVAQ...,http://www.signalpeptide.de/index.php?sess=&m=listspdb_bacteria&s=details&id=6675&listname=
Q48221,OPP28_HAEIN,Outer membrane protein P2,Haemophilus influenzae,20,confirmed,MKKTLAALIVGAFAASAANA,http://www.signalpeptide.de/index.php?sess=&m=listspdb_bacteria&s=details&id=6681&listname=
P0AFI5,PBP7_ECOLI,D-alanyl-D-alanine endopeptidase,Escherichia coli (strain K12),25,confirmed,MPKFRVSLFSLALMLAVPFA...,http://www.signalpeptide.de/index.php?sess=&m=listspdb_bacteria&s=details&id=6716&listname=
P0C1C0,PEL1_ERWCA,Pectate lyase 1,Erwinia carotovora,22,confirmed,MKYLLPSAAAGLLLLAAQPT...,http://www.signalpeptide.de/index.php?sess=&m=listspdb_bacteria&s=details&id=6725&listname=
P13063,PHSS_DESBA,Periplasmic [NiFeSe] hydrogenase small subunit,Desulfovibrio baculatus,32,confirmed,MSLSRREFVKLCSAGVAGLG...,http://www.signalpeptide.de/index.php?sess=&m=listspdb_bacteria&s=details&id=6741&listname=
P21163,PNGF_ELIMR,Peptide-N(4)-(N-acetyl-beta-D-glucosaminyl)asparagine amidase F,Elizabethkingia miricola,40,confirmed,MRKLLIFSISAYLMAGIVSC...,http://www.signalpeptide.de/index.php?sess=&m=listspdb_bacteria&s=details&id=6754&listname=
P0AFK9,POTD_ECOLI,Spermidine/putrescine-binding periplasmic protein,Escherichia coli (strain K12),23,confirmed,MKKWSRHLLAAGALALGMSA...,http://www.signalpeptide.de/index.php?sess=&m=listspdb_bacteria&s=details&id=6757&listname=
Q9F1L5,PSBU_THEEB,Photosystem II 12 kDa extrinsic protein,Thermosynechococcus elongatus (strain BP-1),30,confirmed,MQRLGRWLALAYFVGVSLLG...,http://www.signalpeptide.de/index.php?sess=&m=listspdb_bacteria&s=details&id=6774&listname=
P01006,SSI_STRAO,Subtilisin inhibitor,Streptomyces albogriseolus,31,confirmed,MRNTGAGPSPSVSRPPPSAA...,http://www.signalpeptide.de/index.php?sess=&m=listspdb_bacteria&s=details&id=6868&listname=
Q06987,TBP12_NEIMB,Transferrin-binding protein 1,Neisseria meningitidis serogroup B,24,confirmed,MQQQHLFRLNILCLSLMTAL...,http://www.signalpeptide.de/index.php?sess=&m=listspdb_bacteria&s=details&id=6879&listname=
P02930,TOLC_ECOLI,Outer membrane protein tolC,Escherichia coli (strain K12),22,confirmed,MKKLLPILIGLSLSGFSSLS...,http://www.signalpeptide.de/index.php?sess=&m=listspdb_bacteria&s=details&id=6908&listname=
P04979,TOX3_BORPE,Pertussis toxin subunit 3,Bordetella pertussis,28,confirmed,MLINNKKLLHHILPILVLAL...,http://www.signalpeptide.de/index.php?sess=&m=listspdb_bacteria&s=details&id=6911&listname=
Q48245,VACA2_HELPY,Vacuolating cytotoxin,Helicobacter pylori,33,confirmed,MEIQQTHRKINRPLVSLALV...,http://www.signalpeptide.de/index.php?sess=&m=listspdb_bacteria&s=details&id=6944&listname=
P37387,XYLF_ECOLI,D-xylose-binding periplasmic protein,Escherichia coli (strain K12),23,confirmed,MKIKNILLTLCTSLLLTNVA...,http://www.signalpeptide.de/index.php?sess=&m=listspdb_bacteria&s=details&id=6977&listname=
P0AAX8,YBIS_ECOLI,Uncharacterized protein ybiS,Escherichia coli (strain K12),24,confirmed,MNMKLKTLFAAAFAVVGFCS...,http://www.signalpeptide.de/index.php?sess=&m=listspdb_bacteria&s=details&id=7012&listname=
O31803,YNCM_BACSU,Uncharacterized protein yncM,Bacillus subtilis,47,confirmed,MAKPLSKGGILVKKVLIAGA...,http://www.signalpeptide.de/index.php?sess=&m=listspdb_bacteria&s=details&id=7031&listname=
P07883,AGAR_STRCO,Extracellular agarase,Streptomyces coelicolor,30,confirmed,MVNRRDLIKWSAVALGAGAG...,http://www.signalpeptide.de/index.php?sess=&m=listspdb_bacteria&s=details&id=7069&listname=
P06278,AMY_BACLI,Alpha-amylase,Bacillus licheniformis,29,confirmed,MKQQKRLYARLLTLLFALIF...,http://www.signalpeptide.de/index.php?sess=&m=listspdb_bacteria&s=details&id=7083&listname=
P00805,ASPG2_ECOLI,L-asparaginase 2,Escherichia coli (strain K12),22,confirmed,MEFFKKTALAALVMGFSGAA...,http://www.signalpeptide.de/index.php?sess=&m=listspdb_bacteria&s=details&id=7097&listname=
P0A3T3,BCSP_BRUAB,31 kDa immunogenic protein,Brucella abortus,28,confirmed,MKFGSKIRRLAVAAVAGAIA...,http://www.signalpeptide.de/index.php?sess=&m=listspdb_bacteria&s=details&id=7109&listname=
Q44856,BDB_BRECH,Disulfide bond formation protein,Brevibacillus choshinensis,27,confirmed,MRAKWLWMTAVGSLLITVLT...,http://www.signalpeptide.de/index.php?sess=&m=listspdb_bacteria&s=details&id=7110&listname=
P25910,BLAB_BACFR,Beta-lactamase type II,Bacteroides fragilis,17,confirmed,MKTVFILISMLFPVAVM,http://www.signalpeptide.de/index.php?sess=&m=listspdb_bacteria&s=details&id=7117&listname=
P08704,CDGT_KLEOX,Cyclomaltodextrin glucanotransferase,Klebsiella oxytoca,30,confirmed,MKRNRFFNTSAAIAISIALN...,http://www.signalpeptide.de/index.php?sess=&m=listspdb_bacteria&s=details&id=7162&listname=
P33673,CHIS_BACCI,Chitosanase,Bacillus circulans,42,confirmed,MHMSNARPSKSRTKFLLAFL...,http://www.signalpeptide.de/index.php?sess=&m=listspdb_bacteria&s=details&id=7173&listname=
P0C1D7,CSP1_CORML,Protein PS1,Corynebacterium melassecola,43,confirmed,MRDTAFRSIKAKAQAKRRSL...,http://www.signalpeptide.de/index.php?sess=&m=listspdb_bacteria&s=details&id=7212&listname=
P24059,CY552_BRAJA,Cytochrome c-552,Bradyrhizobium japonicum,23,confirmed,MHLHLRGICLVLAVASSSSS...,http://www.signalpeptide.de/index.php?sess=&m=listspdb_bacteria&s=details&id=7238&listname=
Q57366,DMSA_RHOSH,Dimethyl sulfoxide reductase,Rhodobacter sphaeroides,42,confirmed,MTKLSGQELHAELSRRAFLS...,http://www.signalpeptide.de/index.php?sess=&m=listspdb_bacteria&s=details&id=7270&listname=
P0A0L8,ETXG_STAAU,Enterotoxin type G,Staphylococcus aureus,25,confirmed,MKKLSTVIIILILEIVFHNM...,http://www.signalpeptide.de/index.php?sess=&m=listspdb_bacteria&s=details&id=7305&listname=
P20861,FANG_ECOLX,Protein fanG,Escherichia coli,21,confirmed,MKKLYKAITVICILMSNLQS...,http://www.signalpeptide.de/index.php?sess=&m=listspdb_bacteria&s=details&id=7317&listname=
P35755,FBPA_HAEIN,Iron-utilization periplasmic protein,Haemophilus influenzae,23,confirmed,MQFKHFKLATLAAALAFSAN...,http://www.signalpeptide.de/index.php?sess=&m=listspdb_bacteria&s=details&id=7321&listname=
P83674,LANA_RUMGN,Ruminococcin-A,Ruminococcus gnavus,23,confirmed,MRNDVLTLTNPMEEKELEQI...,http://www.signalpeptide.de/index.php?sess=&m=listspdb_bacteria&s=details&id=7498&listname=
P17451,MOMPE_CHLTR,"Major outer membrane porin, serovar E",Chlamydia trachomatis,22,confirmed,MKKLLKSVLVFAALSSASSL...,http://www.signalpeptide.de/index.php?sess=&m=listspdb_bacteria&s=details&id=7578&listname=
P38501,NIR_ALCFA,Copper-containing nitrite reductase,Alcaligenes faecalis,33,confirmed,MAEQMQISRRTILAGAALAG...,http://www.signalpeptide.de/index.php?sess=&m=listspdb_bacteria&s=details&id=7608&listname=
Q51922,OM25_PASMU,Outer membrane p25,Pasteurella multocida,23,confirmed,MKKAVKVTALSLALAFTSSL...,http://www.signalpeptide.de/index.php?sess=&m=listspdb_bacteria&s=details&id=7633&listname=
P12943,PHNS_DESGI,Periplasmic [NiFe] hydrogenase small subunit,Desulfovibrio gigas,23,confirmed,MKFCTAVAVAMGMGPAFAPK...,http://www.signalpeptide.de/index.php?sess=&m=listspdb_bacteria&s=details&id=7698&listname=
P28581,PHOC_MORMO,Major phosphate-irrepressible acid phosphatase,Morganella morganii,20,confirmed,MKKNIIAGCLFSLFSLSALA,http://www.signalpeptide.de/index.php?sess=&m=listspdb_bacteria&s=details&id=7699&listname=
P38538,SLAPH_BRECH,Surface layer protein,Brevibacillus choshinensis,53,confirmed,MQDSGFKKKDRSTNIPQEQF...,http://www.signalpeptide.de/index.php?sess=&m=listspdb_bacteria&s=details&id=7803&listname=
P19909,SPG2_STRSG,Immunoglobulin G-binding protein G,Streptococcus sp. group G,33,confirmed,MEKEKKVKYFLRKSAFGLAS...,http://www.signalpeptide.de/index.php?sess=&m=listspdb_bacteria&s=details&id=7817&listname=
P16055,TA15_TREPA,15 kDa lipoprotein,Treponema pallidum,17,confirmed,MVKRGRFALCLAVLLGA,http://www.signalpeptide.de/index.php?sess=&m=listspdb_bacteria&s=details&id=7842&listname=
P31830,TACY_LISSE,Seeligeriolysin,Listeria seeligeri,25,confirmed,MKIFGLVIMSLLFVSLPITQ...,http://www.signalpeptide.de/index.php?sess=&m=listspdb_bacteria&s=details&id=7844&listname=
Q9RU24,UF71_DEIRA,Probable ABC transporter-binding protein DR_1571,Deinococcus radiodurans,18,confirmed,MKKVMMLALALGASTSLA,http://www.signalpeptide.de/index.php?sess=&m=listspdb_bacteria&s=details&id=7906&listname=
P0ADU5,YGIW_ECOLI,Protein ygiW,Escherichia coli (strain K12),20,confirmed,MKKFAAVIAVMALCSAPVMA,http://www.signalpeptide.de/index.php?sess=&m=listspdb_bacteria&s=details&id=8009&listname=
P39325,YTFQ_ECOLI,ABC transporter periplasmic-binding protein ytfQ,Escherichia coli (strain K12),21,confirmed,MWKRLLIVSAVSAAMSSMAL...,http://www.signalpeptide.de/index.php?sess=&m=listspdb_bacteria&s=details&id=8026&listname=
P13734,AGAR_ALTAT,Beta-agarase,Alteromonas atlantica,23,confirmed,MLKVIPWLLVTSSLVAIPTY...,http://www.signalpeptide.de/index.php?sess=&m=listspdb_bacteria&s=details&id=8055&listname=
P02924,ARAF_ECOLI,L-arabinose-binding periplasmic protein,Escherichia coli (strain K12),23,confirmed,MHKFTKALAAIGLAAVMSQS...,http://www.signalpeptide.de/index.php?sess=&m=listspdb_bacteria&s=details&id=8088&listname=
Q47066,BLT1_ECOLX,Beta-lactamase Toho-1,Escherichia coli,29,confirmed,MMTQSIRRSMLTVMATLPLL...,http://www.signalpeptide.de/index.php?sess=&m=listspdb_bacteria&s=details&id=8108&listname=
P37028,BTUF_ECOLI,Vitamin B12-binding protein,Escherichia coli (strain K12),22,confirmed,MAKSLFRALVALSFLAPLWL...,http://www.signalpeptide.de/index.php?sess=&m=listspdb_bacteria&s=details&id=8116&listname=
P17692,CDGT_BACS8,Cyclomaltodextrin glucanotransferase,Bacillus sp. (strain B1018),27,confirmed,MKKFLKMTAAFSLGLSLAFG...,http://www.signalpeptide.de/index.php?sess=&m=listspdb_bacteria&s=details&id=8155&listname=
P20533,CHIA1_BACCI,Chitinase A1,Bacillus circulans,41,confirmed,MINLNKHTAFKKTAKFFLGL...,http://www.signalpeptide.de/index.php?sess=&m=listspdb_bacteria&s=details&id=8167&listname=
P12375,COPB1_PSESM,Copper resistance protein B,Pseudomonas syringae pv. tomato,27,confirmed,MTVLNRLHVCSLLAVSSLGM...,http://www.signalpeptide.de/index.php?sess=&m=listspdb_bacteria&s=details&id=8188&listname=
P28307,CSGA_ECOLI,Major curlin subunit,Escherichia coli (strain K12),20,confirmed,MKLLKVAAIAAIVFSGSALA,http://www.signalpeptide.de/index.php?sess=&m=listspdb_bacteria&s=details&id=8205&listname=
P13650,DHGB_ACICA,Quinoprotein glucose dehydrogenase B,Acinetobacter calcoaceticus,24,confirmed,MNKHLLAKIALLSAVQLVTL...,http://www.signalpeptide.de/index.php?sess=&m=listspdb_bacteria&s=details&id=8250&listname=
P32890,ELBP_ECOLX,Heat-labile enterotoxin B chain,Escherichia coli,21,confirmed,MNKVKCYVLFTALLSSLYAH...,http://www.signalpeptide.de/index.php?sess=&m=listspdb_bacteria&s=details&id=8272&listname=
P20723,ETXD_STAAU,Enterotoxin type D,Staphylococcus aureus,25,confirmed,MKKFNILIALLFFTSLVISP...,http://www.signalpeptide.de/index.php?sess=&m=listspdb_bacteria&s=details&id=8293&listname=
P18103,FANC_ECOLX,K99 fimbrial protein,Escherichia coli,22,confirmed,MKKTLLAIILGGMAFATTNA...,http://www.signalpeptide.de/index.php?sess=&m=listspdb_bacteria&s=details&id=8302&listname=
P54700,FLIP_SALTY,Flagellar biosynthetic protein fliP,Salmonella typhimurium,21,confirmed,MRRLLFLSLAGLWLFSPAAA...,http://www.signalpeptide.de/index.php?sess=&m=listspdb_bacteria&s=details&id=8333&listname=
P12616,FM2_ACTNA,Fimbrial subunit type 2,Actinomyces naeslundii,32,confirmed,MKYNTSTLGRRAAAAAGVLT...,http://www.signalpeptide.de/index.php?sess=&m=listspdb_bacteria&s=details&id=8334&listname=
Q9Z4P0,FRD2_SHEFN,Fumarate reductase flavoprotein subunit,Shewanella frigidimarina (strain NCIMB 400),22,confirmed,MKLKYLVSAMALVVLSSGTA...,http://www.signalpeptide.de/index.php?sess=&m=listspdb_bacteria&s=details&id=8337&listname=
P28623,GUND_CLOCL,Endoglucanase D,Clostridium cellulovorans,31,confirmed,MIKHLLSRGKLLLFVSVMAT...,http://www.signalpeptide.de/index.php?sess=&m=listspdb_bacteria&s=details&id=8397&listname=
P15704,GUN_CLOSA,Endoglucanase,Clostridium saccharobutylicum,34,confirmed,MFSKIKKINFFKKTFSFLIA...,http://www.signalpeptide.de/index.php?sess=&m=listspdb_bacteria&s=details&id=8398&listname=
P0A074,HLGA_STAAU,Gamma-hemolysin component A,Staphylococcus aureus,29,confirmed,MIKNKILTATLAVGLIAPLA...,http://www.signalpeptide.de/index.php?sess=&m=listspdb_bacteria&s=details&id=8420&listname=
P16466,HLYA_PROMI,Hemolysin,Proteus mirabilis,29,confirmed,MKSKNFKLSPSGRLAASLAI...,http://www.signalpeptide.de/index.php?sess=&m=listspdb_bacteria&s=details&id=8421&listname=
Q59634,HYSA_PROAC,Hyaluronate lyase,Propionibacterium acnes,32,confirmed,MFGTPSRRTFLTASALSAMA...,http://www.signalpeptide.de/index.php?sess=&m=listspdb_bacteria&s=details&id=8430&listname=
Q7BCK4,ICSA_SHIFL,Outer membrane protein icsA,Shigella flexneri,52,confirmed,MNQIHKFFCNMTQCSQGGAG...,http://www.signalpeptide.de/index.php?sess=&m=listspdb_bacteria&s=details&id=8436&listname=
P26876,LIP_PSEAE,Lactonizing lipase,Pseudomonas aeruginosa,26,confirmed,MKKKSLLPLGLAIGLASLAA...,http://www.signalpeptide.de/index.php?sess=&m=listspdb_bacteria&s=details&id=8516&listname=
P54421,LYTE_BACSU,Probable endopeptidase lytE,Bacillus subtilis,25,confirmed,MKKQIITATTAVVLGSTLFA...,http://www.signalpeptide.de/index.php?sess=&m=listspdb_bacteria&s=details&id=8553&listname=
P19401,M12_STRPY,"M protein, serotype 12",Streptococcus pyogenes,41,confirmed,MAKNTTNRHYSLRKLKTGTA...,http://www.signalpeptide.de/index.php?sess=&m=listspdb_bacteria&s=details&id=8556&listname=
P08089,M6B_STRP6,"M protein, serotype 6",Streptococcus pyogenes serotype M6,42,confirmed,MAKNNTNRHYSLRKLKKGTA...,http://www.signalpeptide.de/index.php?sess=&m=listspdb_bacteria&s=details&id=8559&listname=
Q70YI1,MIP_LEGPN,Outer membrane protein MIP,Legionella pneumophila,20,confirmed,MKMKLVTAAVMGLAMSTAMA,http://www.signalpeptide.de/index.php?sess=&m=listspdb_bacteria&s=details&id=8576&listname=
P23732,MOMPA_CHLTR,"Major outer membrane porin, serovar A",Chlamydia trachomatis,22,confirmed,MKKLLKSVLVFAALSSASSL...,http://www.signalpeptide.de/index.php?sess=&m=listspdb_bacteria&s=details&id=8589&listname=
Q00749,MSME_STRMU,Multiple sugar-binding protein,Streptococcus mutans,22,confirmed,MKWYKKIGLLGIVGLTSVLL...,http://www.signalpeptide.de/index.php?sess=&m=listspdb_bacteria&s=details&id=8595&listname=
P24474,NIRS_PSEAE,Nitrite reductase,Pseudomonas aeruginosa,25,confirmed,MPFGKPLVGTLLASLTLLGL...,http://www.signalpeptide.de/index.php?sess=&m=listspdb_bacteria&s=details&id=8617&listname=
Q51705,NOSZ_PARDE,Nitrous-oxide reductase,Paracoccus denitrificans,57,confirmed,MESKQEKGLSRRALLGATAG...,http://www.signalpeptide.de/index.php?sess=&m=listspdb_bacteria&s=details&id=8627&listname=
P19406,PPB4_BACSU,Alkaline phosphatase 4,Bacillus subtilis,41,confirmed,MKKMSLFQNMKSKLLPIAAV...,http://www.signalpeptide.de/index.php?sess=&m=listspdb_bacteria&s=details&id=8732&listname=
Q81HT3,QOX2_BACCR,Quinol oxidase subunit 2,Bacillus cereus (strain ATCC 14579 / DSM 31),28,confirmed,MQLKKAFWKLASLLPLSLLL...,http://www.signalpeptide.de/index.php?sess=&m=listspdb_bacteria&s=details&id=8759&listname=
P00648,RNBR_BACAM,Ribonuclease,Bacillus amyloliquefaciens,34,confirmed,MMKMEGIALKKRLSWISVCL...,http://www.signalpeptide.de/index.php?sess=&m=listspdb_bacteria&s=details&id=8770&listname=
P21130,SACB_BACAM,Levansucrase,Bacillus amyloliquefaciens,29,confirmed,MNIKKIVKQATVLTFTTALL...,http://www.signalpeptide.de/index.php?sess=&m=listspdb_bacteria&s=details&id=8781&listname=
P13430,SFAS_ECOL5,S-fimbrial adhesin protein sfaS,Escherichia coli O6:K15:H31 (strain 536 / UPEC),22,confirmed,MKLKAIILATGLINCIAFSA...,http://www.signalpeptide.de/index.php?sess=&m=listspdb_bacteria&s=details&id=8808&listname=
P37194,SLP_ECOLI,Outer membrane protein slp,Escherichia coli (strain K12),18,confirmed,MNMTKGALILSLSFLLAA,http://www.signalpeptide.de/index.php?sess=&m=listspdb_bacteria&s=details&id=8821&listname=
P0AGC3,SLT_ECOLI,Soluble lytic murein transglycosylase,Escherichia coli (strain K12),27,confirmed,MEKAKQVTWRLLAAGVCLLT...,http://www.signalpeptide.de/index.php?sess=&m=listspdb_bacteria&s=details&id=8822&listname=
Q55025,SRPA_SYNE7,Protein srpA,Synechococcus elongatus (strain PCC 7942),31,confirmed,MIRIRNRWFRWLAIALASLV...,http://www.signalpeptide.de/index.php?sess=&m=listspdb_bacteria&s=details&id=8840&listname=
P00779,STRP_STREQ,Streptokinase C,Streptococcus equisimilis,26,confirmed,MKNYLSFGMFALLFALTFGT...,http://www.signalpeptide.de/index.php?sess=&m=listspdb_bacteria&s=details&id=8846&listname=
P0C2E9,TACY_CLOPE,Perfringolysin O,Clostridium perfringens,28,confirmed,MIRFKKTKLIASIAMALCLF...,http://www.signalpeptide.de/index.php?sess=&m=listspdb_bacteria&s=details&id=8855&listname=
P29724,TMPC_TREPA,Membrane lipoprotein tmpC,Treponema pallidum,20,confirmed,MREKWVRAFAGVFCAMLLIG,http://www.signalpeptide.de/index.php?sess=&m=listspdb_bacteria&s=details&id=8877&listname=
P46923,TORZ_ECOLI,Trimethylamine-N-oxide reductase 2,Escherichia coli (strain K12),31,confirmed,MTLTRREFIKHSGIAAGALV...,http://www.signalpeptide.de/index.php?sess=&m=listspdb_bacteria&s=details&id=8887&listname=
P00775,TRYP_STRGR,Trypsin,Streptomyces griseus,32,confirmed,MKHFLRALKRCSVAVATVAI...,http://www.signalpeptide.de/index.php?sess=&m=listspdb_bacteria&s=details&id=8901&listname=
P19247,VVHA_VIBVU,Cytolysin,Vibrio vulnificus,20,confirmed,MKKMTLFTLSLLATAVQVGA,http://www.signalpeptide.de/index.php?sess=&m=listspdb_bacteria&s=details&id=8954&listname=
P54423,WPRA_BACSU,Cell wall-associated protease,Bacillus subtilis,31,confirmed,MKRRKFSSVVAAVLIFALIF...,http://www.signalpeptide.de/index.php?sess=&m=listspdb_bacteria&s=details&id=8962&listname=
P94356,YXKC_BACSU,Uncharacterized protein yxkC,Bacillus subtilis,30,confirmed,MRHKIITFILAVVVIIIIGN...,http://www.signalpeptide.de/index.php?sess=&m=listspdb_bacteria&s=details&id=9029&listname=
P09166,AERA_AERTR,Aerolysin,Aeromonas trota,21,confirmed,MKALKITGLSLIISATLAAQ...,http://www.signalpeptide.de/index.php?sess=&m=listspdb_bacteria&s=details&id=9053&listname=
P00692,AMY_BACAM,Alpha-amylase,Bacillus amyloliquefaciens,31,confirmed,MIQKRKRTVSFRLVLMCTLL...,http://www.signalpeptide.de/index.php?sess=&m=listspdb_bacteria&s=details&id=9071&listname=
P45091,ARTI_HAEIN,Arginine-binding periplasmic protein,Haemophilus influenzae,19,confirmed,MKKTLLTAILLGASVAASA,http://www.signalpeptide.de/index.php?sess=&m=listspdb_bacteria&s=details&id=9086&listname=
P01551,ATXA_STRGL,Actinoxanthin,Streptomyces globisporus,33,confirmed,MSLRHMSRRASRFGVVAVAS...,http://www.signalpeptide.de/index.php?sess=&m=listspdb_bacteria&s=details&id=9095&listname=
P00150,C556_RHOPA,Cytochrome c-556,Rhodopseudomonas palustris,20,confirmed,MLRTVIVAGALVLTASAVMA,http://www.signalpeptide.de/index.php?sess=&m=listspdb_bacteria&s=details&id=9124&listname=
P59807,CABC_PROVU,Chondroitin ABC endolyase 1,Proteus vulgaris,24,confirmed,MPIFRFTALAMTLGLLSAPY...,http://www.signalpeptide.de/index.php?sess=&m=listspdb_bacteria&s=details&id=9125&listname=
P31797,CDGT_BACST,Cyclomaltodextrin glucanotransferase,Bacillus stearothermophilus,31,confirmed,MRRWLSLVLSMSFVFSAIFI...,http://www.signalpeptide.de/index.php?sess=&m=listspdb_bacteria&s=details&id=9155&listname=
P0A1E7,CSGA_SALEN,Major curlin subunit,Salmonella enteritidis,20,confirmed,MKLLKVAAFAAIVVSGSALA,http://www.signalpeptide.de/index.php?sess=&m=listspdb_bacteria&s=details&id=9198&listname=
P07625,CY551_ROSDO,Cytochrome c-551,Roseobacter denitrificans (strain ATCC 33942 / OCh 114),20,confirmed,MTRTLAVVLAMTFSAAPVFA,http://www.signalpeptide.de/index.php?sess=&m=listspdb_bacteria&s=details&id=9224&listname=
P46445,CYC6_SYNY3,Cytochrome c6,Synechocystis sp. (strain PCC 6803),35,confirmed,MFKLFNQASRIFFGIALPCL...,http://www.signalpeptide.de/index.php?sess=&m=listspdb_bacteria&s=details&id=9225&listname=
P14774,CYCL_METEX,Cytochrome c-L,Methylobacterium extorquens,25,confirmed,MMNRVKIGTALLGLTLAGIA...,http://www.signalpeptide.de/index.php?sess=&m=listspdb_bacteria&s=details&id=9226&listname=
P00372,DHML_METEX,Methylamine dehydrogenase light chain,Methylobacterium extorquens,57,confirmed,MLGKSQFDDLFEKMSRKVAG...,http://www.signalpeptide.de/index.php?sess=&m=listspdb_bacteria&s=details&id=9256&listname=
P37921,FIMA1_SALTY,"Type-1 fimbrial protein, A chain",Salmonella typhimurium,22,confirmed,MKHKLMTSTIASLMFVAGAA...,http://www.signalpeptide.de/index.php?sess=&m=listspdb_bacteria&s=details&id=9328&listname=
P17835,FM3_BORPE,Serotype 3 fimbrial subunit,Bordetella pertussis,25,confirmed,MSKFSYPALRAALILAASPV...,http://www.signalpeptide.de/index.php?sess=&m=listspdb_bacteria&s=details&id=9345&listname=
P02971,FMC1_ECOLX,CFA/I fimbrial subunit B,Escherichia coli,23,confirmed,MKFKKTIGAMALTTMFVAVS...,http://www.signalpeptide.de/index.php?sess=&m=listspdb_bacteria&s=details&id=9346&listname=
P0C2S4,GUND_CLOTM,Endoglucanase D,Clostridium thermocellum,17,confirmed,SLTGVFPSGLIETKVSA,http://www.signalpeptide.de/index.php?sess=&m=listspdb_bacteria&s=details&id=9400&listname=
P0C1S5,ISDA_STAAU,Iron-regulated surface determinant protein A,Staphylococcus aureus,46,confirmed,MTKHYLNSKYQSEQRSSAMK...,http://www.signalpeptide.de/index.php?sess=&m=listspdb_bacteria&s=details&id=9459&listname=
Q5NGV7,KATG_FRATT,Catalase-peroxidase,Francisella tularensis subsp. tularensis,23,confirmed,MLKKIVTALGMSGMLLASSN...,http://www.signalpeptide.de/index.php?sess=&m=listspdb_bacteria&s=details&id=9470&listname=
Q03961,KPSD1_ECOLX,Polysialic acid transport protein kpsD,Escherichia coli,20,confirmed,MKLFKSILLIAACHAAQASA,http://www.signalpeptide.de/index.php?sess=&m=listspdb_bacteria&s=details&id=9477&listname=
O88038,LANSB_STRCO,Lanthionine-containing peptide sapB,Streptomyces coelicolor,21,confirmed,MNLFDLQSMETPKEEAMGDV...,http://www.signalpeptide.de/index.php?sess=&m=listspdb_bacteria&s=details&id=9487&listname=
P25275,LIP_PSES5,Lipase,Pseudomonas sp. (strain KWI-56),44,confirmed,MARTMRSRVVAGAVACAMSI...,http://www.signalpeptide.de/index.php?sess=&m=listspdb_bacteria&s=details&id=9506&listname=
P18815,MALE_ENTAE,Maltose-binding periplasmic protein,Enterobacter aerogenes,26,confirmed,MKIKTGARILALSALTTMMF...,http://www.signalpeptide.de/index.php?sess=&m=listspdb_bacteria&s=details&id=9545&listname=
P21950,MBHS_AZOVI,Uptake hydrogenase small subunit,Azotobacter vinelandii,45,confirmed,MSRLETFYDVMRRQGITRRS...,http://www.signalpeptide.de/index.php?sess=&m=listspdb_bacteria&s=details&id=9548&listname=
P45323,MODA_HAEIN,Molybdate-binding periplasmic protein,Haemophilus influenzae,24,confirmed,MKKLTKISTALLIAGLGFSF...,http://www.signalpeptide.de/index.php?sess=&m=listspdb_bacteria&s=details&id=9571&listname=
P08780,MOMPC_CHLTR,"Major outer membrane porin, serovar C",Chlamydia trachomatis,22,confirmed,MKKLLKSVLVFAALSSASSL...,http://www.signalpeptide.de/index.php?sess=&m=listspdb_bacteria&s=details&id=9572&listname=
Q9Z4P4,NRFA_SULDE,Cytochrome c-552,Sulfurospirillum deleyianum,21,confirmed,MKFKLLLAGSLVAVGAMALL...,http://www.signalpeptide.de/index.php?sess=&m=listspdb_bacteria&s=details&id=9617&listname=
P09146,OMPA_ENTAE,Outer membrane protein A,Enterobacter aerogenes,21,confirmed,MKKTAIAIAVALAGFATVAQ...,http://www.signalpeptide.de/index.php?sess=&m=listspdb_bacteria&s=details&id=9635&listname=
P0A434,OPD_BREDI,Parathion hydrolase,Brevundimonas diminuta,29,confirmed,MQTRRVVLKSAAAAGTLLGG...,http://www.signalpeptide.de/index.php?sess=&m=listspdb_bacteria&s=details&id=9639&listname=
Q53728,PLD_STRAT,Phospholipase D,Streptomyces antibioticus,47,confirmed,MTSDQRPARLPTHKGKLLAP...,http://www.signalpeptide.de/index.php?sess=&m=listspdb_bacteria&s=details&id=9697&listname=
P0A432,PSBO_SYNEN,Photosystem II manganese-stabilizing polypeptide,Synechococcus elongatus naegeli,26,confirmed,MKYRILMATLLAVCLGIFSL...,http://www.signalpeptide.de/index.php?sess=&m=listspdb_bacteria&s=details&id=9726&listname=
Q9I194,PVDQ_PSEAE,Acyl-homoserine lactone acylase pvdQ,Pseudomonas aeruginosa,23,confirmed,MGMRTVLTGLAGMLLGSMMP...,http://www.signalpeptide.de/index.php?sess=&m=listspdb_bacteria&s=details&id=9735&listname=
P05655,SACB_BACSU,Levansucrase,Bacillus subtilis,29,confirmed,MNIKKFAKQATVLTFTTALL...,http://www.signalpeptide.de/index.php?sess=&m=listspdb_bacteria&s=details&id=9758&listname=
Q9Z4N3,SILE_SALTY,Silver-binding protein silE,Salmonella typhimurium,20,confirmed,MKNIVLASLLGFGLISSAWA,http://www.signalpeptide.de/index.php?sess=&m=listspdb_bacteria&s=details&id=9787&listname=
Q8KIL1,SLDA2_GLUOX,Glycerol dehydrogenase large subunit,Gluconobacter oxydans,29,confirmed,MRRPYLLATAAGLALACSPL...,http://www.signalpeptide.de/index.php?sess=&m=listspdb_bacteria&s=details&id=9792&listname=
P0A1X0,SLYB_SALTY,Outer membrane lipoprotein slyB,Salmonella typhimurium,17,confirmed,MIKRVLAVSLMGLSLAG,http://www.signalpeptide.de/index.php?sess=&m=listspdb_bacteria&s=details&id=9796&listname=
Q2FXC4,SPLC_STAA8,Serine protease splC,Staphylococcus aureus (strain NCTC 8325),36,confirmed,MNKNIVIKSMAALAILTSVT...,http://www.signalpeptide.de/index.php?sess=&m=listspdb_bacteria&s=details&id=9812&listname=
Q2FXC8,SPLF_STAA8,Serine protease splF,Staphylococcus aureus (strain NCTC 8325),36,confirmed,MNKNIIIKSIAALTILTSIT...,http://www.signalpeptide.de/index.php?sess=&m=listspdb_bacteria&s=details&id=9813&listname=
P10519,STRP_STRS1,Streptokinase G,Streptococcus sp. (strain 19909),26,confirmed,MKNYLSFGMFALLFALTFGT...,http://www.signalpeptide.de/index.php?sess=&m=listspdb_bacteria&s=details&id=9827&listname=
P29723,TA47_TREPA,47 kDa membrane antigen,Treponema pallidum,19,confirmed,MKVKYALLSAGALQLLVVG,http://www.signalpeptide.de/index.php?sess=&m=listspdb_bacteria&s=details&id=9837&listname=
P09850,XYNA_BACCI,"Endo-1,4-beta-xylanase",Bacillus circulans,28,confirmed,MFKFKKNFLVGLSAALMSIS...,http://www.signalpeptide.de/index.php?sess=&m=listspdb_bacteria&s=details&id=9949&listname=
P31489,YADA1_YEREN,Adhesin yadA,Yersinia enterocolitica,25,confirmed,MTKDFKISVSAALISALFSS...,http://www.signalpeptide.de/index.php?sess=&m=listspdb_bacteria&s=details&id=9991&listname=
P21160,A85B_MYCKA,Antigen 85-B,Mycobacterium kansasii,40,confirmed,MTDVSGKIRAWGRRLLVGAA...,http://www.signalpeptide.de/index.php?sess=&m=listspdb_bacteria&s=details&id=10044&listname=
P11311,ADP1_MYCPN,Adhesin P1,Mycoplasma pneumoniae,59,confirmed,MHQTKKTALSKSTWILILTA...,http://www.signalpeptide.de/index.php?sess=&m=listspdb_bacteria&s=details&id=10060&listname=
P16454,AIL_YEREN,Attachment invasion locus protein,Yersinia enterocolitica,23,confirmed,MKKTLLASSLIACLSIASVN...,http://www.signalpeptide.de/index.php?sess=&m=listspdb_bacteria&s=details&id=10066&listname=
Q59478,ALYA_KLEPN,Alginate lyase,Klebsiella pneumoniae,20,confirmed,MLKSGVMVASLCLFSVPSRA,http://www.signalpeptide.de/index.php?sess=&m=listspdb_bacteria&s=details&id=10072&listname=
P04172,AMCY_METEX,Amicyanin-alpha,Methylobacterium extorquens,20,confirmed,MRALAFAAALAAFSATAALA,http://www.signalpeptide.de/index.php?sess=&m=listspdb_bacteria&s=details&id=10073&listname=
P02911,ARGT_SALTY,Lysine-arginine-ornithine-binding periplasmic protein,Salmonella typhimurium,22,confirmed,MKKTVLALSLLIGLGATAAS...,http://www.signalpeptide.de/index.php?sess=&m=listspdb_bacteria&s=details&id=10095&listname=
P0A321,AZUR_BORBR,Azurin,Bordetella bronchiseptica,21,confirmed,MFKQVLGGMALMAAFSAPVL...,http://www.signalpeptide.de/index.php?sess=&m=listspdb_bacteria&s=details&id=10110&listname=
P14532,CCPR_PSEAE,Cytochrome c551 peroxidase,Pseudomonas aeruginosa,23,confirmed,MQSSQLLPLGSLLLSFATPL...,http://www.signalpeptide.de/index.php?sess=&m=listspdb_bacteria&s=details&id=10166&listname=
P04830,CDGT1_PAEMA,Cyclomaltodextrin glucanotransferase,Paenibacillus macerans,27,confirmed,MKSRYKRLTSLALSLSMALG...,http://www.signalpeptide.de/index.php?sess=&m=listspdb_bacteria&s=details&id=10176&listname=
Q04441,COX2_BACPF,Cytochrome c oxidase subunit 2,Bacillus pseudofirmus,22,confirmed,MKLWKTASRFLPLSFLTLFL...,http://www.signalpeptide.de/index.php?sess=&m=listspdb_bacteria&s=details&id=10221&listname=
P43302,CYC4_AZOVI,Cytochrome c4,Azotobacter vinelandii,20,confirmed,MNKALVTLLLTLGITGLAHA,http://www.signalpeptide.de/index.php?sess=&m=listspdb_bacteria&s=details&id=10257&listname=
P00148,CYCP_RHOS4,Cytochrome c',Rhodobacter sphaeroides (strain ATCC 17023 / 2.4.1 / NCIB 8253 / DSM 158),19,confirmed,MRRVLLATLMAALPAAAMA,http://www.signalpeptide.de/index.php?sess=&m=listspdb_bacteria&s=details&id=10258&listname=
P08506,DACC_ECOLI,D-alanyl-D-alanine carboxypeptidase dacC,Escherichia coli (strain K12),27,confirmed,MTQYSSLLRGLAAGSAFLFL...,http://www.signalpeptide.de/index.php?sess=&m=listspdb_bacteria&s=details&id=10270&listname=
O05542,DHET_GLUOX,Alcohol dehydrogenase [acceptor],Gluconobacter oxydans,34,confirmed,MTSGLLTPIKVTKKRLLSCA...,http://www.signalpeptide.de/index.php?sess=&m=listspdb_bacteria&s=details&id=10279&listname=
P23847,DPPA_ECOLI,Periplasmic dipeptide transport protein,Escherichia coli (strain K12),28,confirmed,MRISLKKSGMLKLGLSLVAM...,http://www.signalpeptide.de/index.php?sess=&m=listspdb_bacteria&s=details&id=10287&listname=
P32557,DSBA_VIBCH,Thiol:disulfide interchange protein dsbA,Vibrio cholerae,19,confirmed,MKKLFALVATLMLSVSAYA,http://www.signalpeptide.de/index.php?sess=&m=listspdb_bacteria&s=details&id=10290&listname=
P24121,EDIN_STAAU,Epidermal cell differentiation inhibitor,Staphylococcus aureus,35,confirmed,MKNKLLFKIFLSLSLALSVY...,http://www.signalpeptide.de/index.php?sess=&m=listspdb_bacteria&s=details&id=10302&listname=
P04738,FAEC_ECOLX,K88 fimbrial protein A,Escherichia coli,21,confirmed,MKKAFLLACVFFLTGGGVSH...,http://www.signalpeptide.de/index.php?sess=&m=listspdb_bacteria&s=details&id=10334&listname=
P09808,FMFX_BORPE,Fimbrial protein fimX,Bordetella pertussis,21,confirmed,MQAKTFLLGAALAGVALAAH...,http://www.signalpeptide.de/index.php?sess=&m=listspdb_bacteria&s=details&id=10356&listname=
P37696,GUNA_ACEXY,Probable endoglucanase,Acetobacter xylinus,20,confirmed,MSVMAAMGGAQVLSSTGAFA,http://www.signalpeptide.de/index.php?sess=&m=listspdb_bacteria&s=details&id=10410&listname=
P14090,GUNC_CELFI,Endoglucanase C,Cellulomonas fimi,32,confirmed,MVSRRSSQARGALTAVVATL...,http://www.signalpeptide.de/index.php?sess=&m=listspdb_bacteria&s=details&id=10411&listname=
P07986,GUX_CELFI,Exoglucanase/xylanase,Cellulomonas fimi,41,confirmed,MPRTTPAPGHPARGARTALR...,http://www.signalpeptide.de/index.php?sess=&m=listspdb_bacteria&s=details&id=10412&listname=
O50319,HSTC_YEREN,Heat-stable enterotoxin C,Yersinia enterocolitica,19,confirmed,MKKIVFVLTLMLFSFGTLG,http://www.signalpeptide.de/index.php?sess=&m=listspdb_bacteria&s=details&id=10433&listname=
Q5HCY1,ISAA_STAAC,Probable transglycosylase isaA,Staphylococcus aureus (strain COL),29,confirmed,MKKTIMASSLAVALGVTGYA...,http://www.signalpeptide.de/index.php?sess=&m=listspdb_bacteria&s=details&id=10470&listname=
P02977,M5_STRP5,"M protein, serotype 5",Streptococcus pyogenes serotype M5,42,confirmed,MARENTNKHYWLRKLKKGTA...,http://www.signalpeptide.de/index.php?sess=&m=listspdb_bacteria&s=details&id=10551&listname=
P15698,NANH_CLOSO,Sialidase,Clostridium sordellii,27,confirmed,MKKFIKILKVLSMAIVLSAC...,http://www.signalpeptide.de/index.php?sess=&m=listspdb_bacteria&s=details&id=10597&listname=
P33937,NAPA_ECOLI,Periplasmic nitrate reductase,Escherichia coli (strain K12),36,confirmed,MKLSRRSFMKANAVAAAAAA...,http://www.signalpeptide.de/index.php?sess=&m=listspdb_bacteria&s=details&id=10600&listname=
P13717,NUCA_SERMA,Nuclease,Serratia marcescens,20,confirmed,MRFNNKMLALAALLFAAQAS,http://www.signalpeptide.de/index.php?sess=&m=listspdb_bacteria&s=details&id=10637&listname=
P09169,OMPT_ECOLI,Protease 7,Escherichia coli (strain K12),20,confirmed,MRAKLLGIVLTTPIAISSFA,http://www.signalpeptide.de/index.php?sess=&m=listspdb_bacteria&s=details&id=10648&listname=
P23843,OPPA_ECOLI,Periplasmic oligopeptide-binding protein,Escherichia coli (strain K12),26,confirmed,MTNITKRSLVAAGVLAALMA...,http://www.signalpeptide.de/index.php?sess=&m=listspdb_bacteria&s=details&id=10654&listname=
P21171,P60_LISMO,Protein p60,Listeria monocytogenes,27,confirmed,MNMKKATIAATAGIAVTAFA...,http://www.signalpeptide.de/index.php?sess=&m=listspdb_bacteria&s=details&id=10673&listname=
Q6CZT3,PEL2_ERWCT,Pectate lyase 2,Erwinia carotovora subsp. atroseptica,22,confirmed,MKYLLPTAATGLLLLAAQPA...,http://www.signalpeptide.de/index.php?sess=&m=listspdb_bacteria&s=details&id=10697&listname=
P31091,PSAF_ANAVT,Photosystem I reaction center subunit III,Anabaena variabilis (strain ATCC 29413 / PCC 7937),23,confirmed,MRRLFALILVICLSFSFAPP...,http://www.signalpeptide.de/index.php?sess=&m=listspdb_bacteria&s=details&id=10753&listname=
P0AG78,SUBI_ECOLI,Sulfate-binding protein,Escherichia coli (strain K12),19,confirmed,MNKWGVGLTFLLAATSVMA,http://www.signalpeptide.de/index.php?sess=&m=listspdb_bacteria&s=details&id=10847&listname=
Q47537,TAUA_ECOLI,Taurine-binding periplasmic protein,Escherichia coli (strain K12),22,confirmed,MAISSRNTLLAALAFIAFQA...,http://www.signalpeptide.de/index.php?sess=&m=listspdb_bacteria&s=details&id=10857&listname=
P35811,XYNC_FIBSU,"Endo-1,4-beta-xylanase C",Fibrobacter succinogenes,25,confirmed,MKTFSVTKSSVVFAMALGMA...,http://www.signalpeptide.de/index.php?sess=&m=listspdb_bacteria&s=details&id=10953&listname=
P39187,YTFJ_ECOLI,Uncharacterized protein ytfJ,Escherichia coli (strain K12),20,confirmed,MTLRKILALTCLLLPMMASA,http://www.signalpeptide.de/index.php?sess=&m=listspdb_bacteria&s=details&id=11027&listname=
P0C2T2,A85B_MYCBO,Antigen 85-B,Mycobacterium bovis,40,confirmed,MTDVSRKIRAWGRRLMIGTA...,http://www.signalpeptide.de/index.php?sess=&m=listspdb_bacteria&s=details&id=11042&listname=
Q47898,ASPG_ELIMR,N(4)-(Beta-N-acetylglucosaminyl)-L-asparaginase,Elizabethkingia miricola,45,confirmed,MRIIYKQQTMNNNRRDFIKK...,http://www.signalpeptide.de/index.php?sess=&m=listspdb_bacteria&s=details&id=11092&listname=
P00280,AZUR_ALCDE,Azurin,Alcaligenes denitrificans,20,confirmed,MLAKATLAIVLSAASLPVLA,http://www.signalpeptide.de/index.php?sess=&m=listspdb_bacteria&s=details&id=11098&listname=
P0A1V8,BLO2_SALTY,Beta-lactamase OXA-2,Salmonella typhimurium,21,confirmed,MAIRIFAILFSIFSLATFAH...,http://www.signalpeptide.de/index.php?sess=&m=listspdb_bacteria&s=details&id=11112&listname=
P43478,CGKA_ALTCA,Kappa-carrageenase,Alteromonas carrageenovora,25,confirmed,MKPISIVAFPIPAISMLLLS...,http://www.signalpeptide.de/index.php?sess=&m=listspdb_bacteria&s=details&id=11167&listname=
Q8NNK2,COX2_CORGL,Cytochrome c oxidase subunit 2,Corynebacterium glutamicum,28,confirmed,MEQQNKRGLKRKALLGGVLG...,http://www.signalpeptide.de/index.php?sess=&m=listspdb_bacteria&s=details&id=11198&listname=
P00131,CYC3_DESVH,Cytochrome c3,Desulfovibrio vulgaris (strain Hildenborough / ATCC 29579 / NCIMB 8303),22,confirmed,MRKLFFCGVLALAVAFALPV...,http://www.signalpeptide.de/index.php?sess=&m=listspdb_bacteria&s=details&id=11244&listname=
P00149,CYCP_RHOPA,Cytochrome c',Rhodopseudomonas palustris,21,confirmed,MKLRIATIAGLVVLGSGFAV...,http://www.signalpeptide.de/index.php?sess=&m=listspdb_bacteria&s=details&id=11246&listname=
P24228,DACB_ECOLI,D-alanyl-D-alanine carboxypeptidase dacB,Escherichia coli (strain K12),20,confirmed,MRFSRFIIGLTSCIAFSVQA,http://www.signalpeptide.de/index.php?sess=&m=listspdb_bacteria&s=details&id=11259&listname=
P18278,DHET_ACEAC,Alcohol dehydrogenase [acceptor],Acetobacter aceti,35,confirmed,MTRPASAKRRSLLGILAAGT...,http://www.signalpeptide.de/index.php?sess=&m=listspdb_bacteria&s=details&id=11271&listname=
Q9EZE7,ESPC_ECO27,Serine protease espC,Escherichia coli O127:H6,53,confirmed,MNKIYALKYCHATGGLIAVS...,http://www.signalpeptide.de/index.php?sess=&m=listspdb_bacteria&s=details&id=11314&listname=
P11900,FMF4_ECOLX,F41 fimbrial protein,Escherichia coli,22,confirmed,MKKTLIALAVAASAAVSGSV...,http://www.signalpeptide.de/index.php?sess=&m=listspdb_bacteria&s=details&id=11356&listname=
P17974,GUN2_RALSO,Endoglucanase,Ralstonia solanacearum,19,confirmed,MRRCMPLVAASVAALMLAG,http://www.signalpeptide.de/index.php?sess=&m=listspdb_bacteria&s=details&id=11414&listname=
P18126,GUNB_PSEFL,Endoglucanase B,Pseudomonas fluorescens,29,confirmed,MNLLSGWVRPLMLGCGLLGA...,http://www.signalpeptide.de/index.php?sess=&m=listspdb_bacteria&s=details&id=11416&listname=
P50401,GUXA_CELFI,Exoglucanase A,Cellulomonas fimi,40,confirmed,MSTLGKRAGVRRRVRAVATA...,http://www.signalpeptide.de/index.php?sess=&m=listspdb_bacteria&s=details&id=11418&listname=
P26093,HEL_HAEIN,Lipoprotein E,Haemophilus influenzae,20,confirmed,MKTTLKMTALAALSAFVLAG,http://www.signalpeptide.de/index.php?sess=&m=listspdb_bacteria&s=details&id=11426&listname=
P45356,HXUB2_HAEIN,Heme/hemopexin transporter protein huxB,Haemophilus influenzae,26,confirmed,MKMRPRYSVIASAVSLGFVL...,http://www.signalpeptide.de/index.php?sess=&m=listspdb_bacteria&s=details&id=11444&listname=
P23382,INA_BACTL,Immune inhibitor A,Bacillus thuringiensis subsp. alesti,25,confirmed,MKDAKADTKEKLNQPATGTP...,http://www.signalpeptide.de/index.php?sess=&m=listspdb_bacteria&s=details&id=11473&listname=
Q934G3,KDGM_DICD3,Oligogalacturonate-specific porin kdgM,Dickeya dadantii (strain 3937),20,confirmed,MKIKLLTLAVASLVSVNALA,http://www.signalpeptide.de/index.php?sess=&m=listspdb_bacteria&s=details&id=11499&listname=
P40601,LIP1_PHOLU,Lipase 1,Photorhabdus luminescens,24,confirmed,MKRSFIFAPGMLALSISAIS...,http://www.signalpeptide.de/index.php?sess=&m=listspdb_bacteria&s=details&id=11523&listname=
Q54727,NANB_STRPN,Sialidase B,Streptococcus pneumoniae,29,confirmed,MNKRGLYSKLGISVVGISLL...,http://www.signalpeptide.de/index.php?sess=&m=listspdb_bacteria&s=details&id=11611&listname=
P02931,OMPF_ECOLI,Outer membrane protein F,Escherichia coli (strain K12),22,confirmed,MMKRNILAVIVPALLVAGTA...,http://www.signalpeptide.de/index.php?sess=&m=listspdb_bacteria&s=details&id=11661&listname=
P0C1A8,PMEA_ERWCH,Pectinesterase A,Erwinia chrysanthemi,24,confirmed,MLKTISGTLALSLIIAASVH...,http://www.signalpeptide.de/index.php?sess=&m=listspdb_bacteria&s=details&id=11730&listname=
P38008,PMPF_CHLTR,Probable outer membrane protein pmpF,Chlamydia trachomatis,25,confirmed,MIKRTSLSFACLSFFYLSTI...,http://www.signalpeptide.de/index.php?sess=&m=listspdb_bacteria&s=details&id=11732&listname=
P00634,PPB_ECOLI,Alkaline phosphatase,Escherichia coli (strain K12),21,confirmed,MKQSTIALALLPLLFTPVTK...,http://www.signalpeptide.de/index.php?sess=&m=listspdb_bacteria&s=details&id=11739&listname=
P68588,PSAE_YERPE,Protein psaE,Yersinia pestis,24,confirmed,MSHCVVLNKLESVLIIGDSR...,http://www.signalpeptide.de/index.php?sess=&m=listspdb_bacteria&s=details&id=11755&listname=
P13907,PSBO_ANASP,Photosystem II manganese-stabilizing polypeptide,Anabaena sp. (strain PCC 7120),29,confirmed,MRYRALIVAFLAVCLGLLTA...,http://www.signalpeptide.de/index.php?sess=&m=listspdb_bacteria&s=details&id=11756&listname=
P0A3V1,SLEB_BACCE,Spore cortex-lytic enzyme,Bacillus cereus,32,confirmed,MRQKAIFKIAVLLAFIGLSL...,http://www.signalpeptide.de/index.php?sess=&m=listspdb_bacteria&s=details&id=11824&listname=
P06874,THER_BACST,Thermolysin,Bacillus stearothermophilus,25,confirmed,MNKRAMLGAIGLAFGLLAAP...,http://www.signalpeptide.de/index.php?sess=&m=listspdb_bacteria&s=details&id=11863&listname=
P45741,THI1_PANTH,Thiaminase-1,Paenibacillus thiaminolyticus,29,confirmed,MSKVKGFIYKPLMVMLALLL...,http://www.signalpeptide.de/index.php?sess=&m=listspdb_bacteria&s=details&id=11864&listname=
P0A3R5,TOX4_BORPE,Pertussis toxin subunit 4,Bordetella pertussis,42,confirmed,MLRRFPTRTTAPGQGGARRS...,http://www.signalpeptide.de/index.php?sess=&m=listspdb_bacteria&s=details&id=11888&listname=
P96116,TROA_TREPA,Periplasmic zinc-binding protein troA,Treponema pallidum,22,confirmed,MIRERICACVLALGMLTGFT...,http://www.signalpeptide.de/index.php?sess=&m=listspdb_bacteria&s=details&id=11895&listname=
P40943,XYN1_BACST,"Endo-1,4-beta-xylanase",Bacillus stearothermophilus,28,confirmed,MRNVVRKPLTIGLALTLLLP...,http://www.signalpeptide.de/index.php?sess=&m=listspdb_bacteria&s=details&id=11949&listname=
P82594,ABF2_STRCX,Alpha-N-arabinofuranosidase 2,Streptomyces chartreusis,43,confirmed,MCTREAVRMSREHDLPEIPS...,http://www.signalpeptide.de/index.php?sess=&m=listspdb_bacteria&s=details&id=12033&listname=
P39049,ALXM_PHOS4,Alginate lyase,Photobacterium sp. (strain ATCC 433367),20,confirmed,MIKSNLVISSLAIVSSMSYA,http://www.signalpeptide.de/index.php?sess=&m=listspdb_bacteria&s=details&id=12054&listname=
P80401,AZUP_PARPN,Pseudoazurin,Paracoccus pantotrophus,22,confirmed,MFHHSLAAAAAALLALAAPG...,http://www.signalpeptide.de/index.php?sess=&m=listspdb_bacteria&s=details&id=12091&listname=
P14560,BLA2_STRCI,Beta-lactamase 2,Streptomyces cacaoi,26,confirmed,MLHTRIRRATLGAVAALSLV...,http://www.signalpeptide.de/index.php?sess=&m=listspdb_bacteria&s=details&id=12104&listname=
P37321,BLE1_PSEAE,Extended-spectrum beta-lactamase PER-1,Pseudomonas aeruginosa,26,confirmed,MNVIIKAVVTASTLLMVSFS...,http://www.signalpeptide.de/index.php?sess=&m=listspdb_bacteria&s=details&id=12106&listname=
P24037,C552_PSEST,Cytochrome c-552,Pseudomonas stutzeri,23,confirmed,MKKTLMASAVGAVIAFGTHG...,http://www.signalpeptide.de/index.php?sess=&m=listspdb_bacteria&s=details&id=12120&listname=
P12374,COPA1_PSESM,Copper resistance protein A,Pseudomonas syringae pv. tomato,32,confirmed,MESRTSRRTFVKGLAAAGVL...,http://www.signalpeptide.de/index.php?sess=&m=listspdb_bacteria&s=details&id=12179&listname=
Q9ZEP5,CSEA_STRCO,Lipoprotein cseA,Streptomyces coelicolor,36,confirmed,MRGLTDGRTPRGTRRTTQAA...,http://www.signalpeptide.de/index.php?sess=&m=listspdb_bacteria&s=details&id=12198&listname=
P08501,CY1_RHOCA,Cytochrome c1,Rhodobacter capsulatus,21,confirmed,MKKLLISAVSALVLGSGAAF...,http://www.signalpeptide.de/index.php?sess=&m=listspdb_bacteria&s=details&id=12224&listname=
P00154,CYCP_CHRVI,Cytochrome c',Chromatium vinosum,23,confirmed,MKHVLASTAAGLMALGLASS...,http://www.signalpeptide.de/index.php?sess=&m=listspdb_bacteria&s=details&id=12227&listname=
P08750,DACA_BACSU,D-alanyl-D-alanine carboxypeptidase dacA,Bacillus subtilis,31,confirmed,MNIKKCKQLLMSLVVLTLAV...,http://www.signalpeptide.de/index.php?sess=&m=listspdb_bacteria&s=details&id=12237&listname=
P44883,DGAL_HAEIN,D-galactose-binding periplasmic protein,Haemophilus influenzae,24,confirmed,MKKTAVLSTVAFAIALGSAS...,http://www.signalpeptide.de/index.php?sess=&m=listspdb_bacteria&s=details&id=12250&listname=
P12293,DHM1_PARDE,Methanol dehydrogenase subunit 1,Paracoccus denitrificans,32,confirmed,MNRNTPKARGASSLAMAVAM...,http://www.signalpeptide.de/index.php?sess=&m=listspdb_bacteria&s=details&id=12253&listname=
P36911,EBA1_FLAME,Endo-beta-N-acetylglucosaminidase F1,Flavobacterium meningosepticum,50,confirmed,MKKFINQFSASLKNNILVFL...,http://www.signalpeptide.de/index.php?sess=&m=listspdb_bacteria&s=details&id=12269&listname=
P0AEM9,FLIY_ECOLI,Cystine-binding periplasmic protein,Escherichia coli (strain K12),29,confirmed,MKLAHLGRQALMGVMAVALV...,http://www.signalpeptide.de/index.php?sess=&m=listspdb_bacteria&s=details&id=12330&listname=
P14738,FNBA_STAA8,Fibronectin-binding protein A,Staphylococcus aureus (strain NCTC 8325),36,confirmed,MKNNLRYGIRKHKLGAASVF...,http://www.signalpeptide.de/index.php?sess=&m=listspdb_bacteria&s=details&id=12332&listname=
Q07982,GFO_ZYMMO,Glucose--fructose oxidoreductase,Zymomonas mobilis,52,confirmed,MTNKISSSDNLSNAVSATDD...,http://www.signalpeptide.de/index.php?sess=&m=listspdb_bacteria&s=details&id=12356&listname=
Q9LAB5,ISAB_STAAU,Immunodominant staphylococcal antigen B,Staphylococcus aureus,36,confirmed,MNKTSKVCVAATLALGTLIG...,http://www.signalpeptide.de/index.php?sess=&m=listspdb_bacteria&s=details&id=12467&listname=
Q93MW7,LIP_STRRM,Lipase,Streptomyces rimosus,34,confirmed,MRLSRRAATASALLLTPALA...,http://www.signalpeptide.de/index.php?sess=&m=listspdb_bacteria&s=details&id=12517&listname=
P61318,LOLA_ECO57,Outer-membrane lipoprotein carrier protein,Escherichia coli O157:H7,21,confirmed,MKKIAITCALLSSLVASSVW...,http://www.signalpeptide.de/index.php?sess=&m=listspdb_bacteria&s=details&id=12520&listname=
P51529,MANA_STRLI,"Mannan endo-1,4-beta-mannosidase",Streptomyces lividans,35,confirmed,MRNARSTLITTAGMAFAVLG...,http://www.signalpeptide.de/index.php?sess=&m=listspdb_bacteria&s=details&id=12556&listname=
P0A5Q2,MP63_MYCTU,Immunogenic protein MPT63,Mycobacterium tuberculosis,29,confirmed,MKLTTMIKTAVAVVAMAAIA...,http://www.signalpeptide.de/index.php?sess=&m=listspdb_bacteria&s=details&id=12586&listname=
P80603,OMP47_PASMU,47 kDa outer membrane protein,Pasteurella multocida,25,confirmed,MAKTSKFTQTLLASALAVVA...,http://www.signalpeptide.de/index.php?sess=&m=listspdb_bacteria&s=details&id=12639&listname=
Q48216,OPP26_HAEIN,Outer membrane protein P2,Haemophilus influenzae,20,confirmed,MKKTLAALIVGAFAASAANA,http://www.signalpeptide.de/index.php?sess=&m=listspdb_bacteria&s=details&id=12646&listname=
P18209,PELD_ERWCH,Pectate lyase D,Erwinia chrysanthemi,31,confirmed,MNNTRVSFRSTKSLLAAIIA...,http://www.signalpeptide.de/index.php?sess=&m=listspdb_bacteria&s=details&id=12685&listname=
P14005,PELP_PECCC,Periplasmic pectate lyase,Pectobacterium carotovorum subsp. carotovorum,19,confirmed,MKRFALSLLAGLVALQASA,http://www.signalpeptide.de/index.php?sess=&m=listspdb_bacteria&s=details&id=12686&listname=
Q01269,PHEC_PSEAE,Cyclohexadienyl dehydratase,Pseudomonas aeruginosa,25,confirmed,MPKSFRHLVQALACLALLAS...,http://www.signalpeptide.de/index.php?sess=&m=listspdb_bacteria&s=details&id=12698&listname=
P30705,PHOE_SALTY,Outer membrane pore protein E,Salmonella typhimurium,20,confirmed,MNKSTLAIVVSIIASASVHA,http://www.signalpeptide.de/index.php?sess=&m=listspdb_bacteria&s=details&id=12700&listname=
P21697,PLAS_SYNY3,Plastocyanin,Synechocystis sp. (strain PCC 6803),28,confirmed,MSKKFLTILAGLLLVVSSFF...,http://www.signalpeptide.de/index.php?sess=&m=listspdb_bacteria&s=details&id=12707&listname=
P13794,PORF_PSEAE,Outer membrane porin F,Pseudomonas aeruginosa,24,confirmed,MKLKNTLGVVIGSLVAASAM...,http://www.signalpeptide.de/index.php?sess=&m=listspdb_bacteria&s=details&id=12718&listname=
P10100,RLPA_ECOLI,Rare lipoprotein A,Escherichia coli (strain K12),17,confirmed,MRKQWLGICIAAGMLAA,http://www.signalpeptide.de/index.php?sess=&m=listspdb_bacteria&s=details&id=12760&listname=
P23030,XYNB_PSEFL,"Endo-1,4-beta-xylanase B",Pseudomonas fluorescens,37,confirmed,MTISASDYRHPGNFLKRTTA...,http://www.signalpeptide.de/index.php?sess=&m=listspdb_bacteria&s=details&id=12948&listname=
P0AAY0,YBIS_ECO57,Uncharacterized protein ybiS,Escherichia coli O157:H7,24,confirmed,MNMKLKTLFAAAFAVVGFCS...,http://www.signalpeptide.de/index.php?sess=&m=listspdb_bacteria&s=details&id=12987&listname=
P33219,YEBF_ECOLI,Protein yebF,Escherichia coli (strain K12),21,confirmed,MKKRGAFLGLLLVSACASVF...,http://www.signalpeptide.de/index.php?sess=&m=listspdb_bacteria&s=details&id=12994&listname=
P46883,AMO_ECOLI,Primary amine oxidase,Escherichia coli (strain K12),30,confirmed,MGSPSLYSARKTTLALAVAL...,http://www.signalpeptide.de/index.php?sess=&m=listspdb_bacteria&s=details&id=13054&listname=
Q05884,AMY_STRLI,Alpha-amylase,Streptomyces lividans,33,confirmed,MPATRRTARVRRVAAVTVTA...,http://www.signalpeptide.de/index.php?sess=&m=listspdb_bacteria&s=details&id=13061&listname=
P05192,BLAC_KLEPN,Beta-lactamase,Klebsiella pneumoniae,21,confirmed,MRYVRLCVISLLATLPLVVY...,http://www.signalpeptide.de/index.php?sess=&m=listspdb_bacteria&s=details&id=13104&listname=
P28585,BLC1_ECOLX,Beta-lactamase CTX-M-1,Escherichia coli,28,confirmed,MVKKSLRQFTLMATATVTLL...,http://www.signalpeptide.de/index.php?sess=&m=listspdb_bacteria&s=details&id=13105&listname=
Q57142,C554_NITEU,Cytochrome c-554,Nitrosomonas europaea,24,confirmed,MKIMIACGLVAAALFTLTSG...,http://www.signalpeptide.de/index.php?sess=&m=listspdb_bacteria&s=details&id=13124&listname=
P00733,CBPM_STRAL,Zinc D-Ala-D-Ala carboxypeptidase,Streptomyces albus G,42,confirmed,MRPRPIRLLLTALVGAGLAF...,http://www.signalpeptide.de/index.php?sess=&m=listspdb_bacteria&s=details&id=13148&listname=
P22637,CHOD_BREST,Cholesterol oxidase,Brevibacterium sterolicum,45,confirmed,MTDSRANRADATRGVASVSR...,http://www.signalpeptide.de/index.php?sess=&m=listspdb_bacteria&s=details&id=13184&listname=
Q47945,CYCA_GLUOX,Alcohol dehydrogenase cytochrome c subunit,Gluconobacter oxydans,36,confirmed,MLNALTRDRLVSEMKQGWKL...,http://www.signalpeptide.de/index.php?sess=&m=listspdb_bacteria&s=details&id=13250&listname=
P80036,EBAG_FLAST,Endo-beta-N-acetylglucosaminidase,Flavobacterium sp. (strain SK1022),47,confirmed,MQFGIVAAIADGGRTARAGG...,http://www.signalpeptide.de/index.php?sess=&m=listspdb_bacteria&s=details&id=13288&listname=
P62607,FMF2_ECOLX,F7-2 fimbrial protein,Escherichia coli,21,confirmed,MIKSVIAGAVAMAVVSFGAY...,http://www.signalpeptide.de/index.php?sess=&m=listspdb_bacteria&s=details&id=13356&listname=
P0C2S5,GUNS_CLOTM,Endoglucanase SS,Clostridium thermocellum,27,confirmed,MVKSRKISILLAVAMLVSIM...,http://www.signalpeptide.de/index.php?sess=&m=listspdb_bacteria&s=details&id=13417&listname=
P01077,IMEP_STRNI,Metalloproteinase inhibitor,Streptomyces nigrescens,29,confirmed,MVRKRALGLAGSALTLVLGA...,http://www.signalpeptide.de/index.php?sess=&m=listspdb_bacteria&s=details&id=13474&listname=
Q08429,KAPB_BACSU,Kinase-associated lipoprotein B,Bacillus subtilis,25,confirmed,MSTFETGSIVKGFYKTGVYI...,http://www.signalpeptide.de/index.php?sess=&m=listspdb_bacteria&s=details&id=13495&listname=
P61316,LOLA_ECOLI,Outer-membrane lipoprotein carrier protein,Escherichia coli (strain K12),21,confirmed,MKKIAITCALLSSLVASSVW...,http://www.signalpeptide.de/index.php?sess=&m=listspdb_bacteria&s=details&id=13527&listname=
P69741,MBHT_ECOLI,Hydrogenase-2 small chain,Escherichia coli (strain K12),37,confirmed,MTGDNTLIHSHGINRRDFMK...,http://www.signalpeptide.de/index.php?sess=&m=listspdb_bacteria&s=details&id=13562&listname=
P27455,MOMP_CHLPN,Major outer membrane porin,Chlamydia pneumoniae,23,confirmed,MKKLLKSALLSAAFAGSVGS...,http://www.signalpeptide.de/index.php?sess=&m=listspdb_bacteria&s=details&id=13583&listname=
P44544,NANM_HAEIN,N-acetylneuraminate epimerase,Haemophilus influenzae,22,confirmed,MKLTKTALCTALFATFTFSA...,http://www.signalpeptide.de/index.php?sess=&m=listspdb_bacteria&s=details&id=13594&listname=
P38368,OMP52_HAEIN,Outer membrane protein P5,Haemophilus influenzae,21,confirmed,MKKTAIALVVAGLAAASVAQ...,http://www.signalpeptide.de/index.php?sess=&m=listspdb_bacteria&s=details&id=13644&listname=
P02935,OMPA_SHIDY,Outer membrane protein A,Shigella dysenteriae,21,confirmed,MKKTAIAITVALAGFATVAQ...,http://www.signalpeptide.de/index.php?sess=&m=listspdb_bacteria&s=details&id=13645&listname=
Q04064,OMP_BORPE,Outer membrane porin protein BP0840,Bordetella pertussis,20,confirmed,MKKTLLAAALLAGFAGAAQA,http://www.signalpeptide.de/index.php?sess=&m=listspdb_bacteria&s=details&id=13647&listname=
Q48219,OPP2A_HAEIN,Outer membrane protein P2,Haemophilus influenzae,20,confirmed,MKKTLAALIVGAFAASAANA,http://www.signalpeptide.de/index.php?sess=&m=listspdb_bacteria&s=details&id=13651&listname=
P0A912,PAL_ECOLI,Peptidoglycan-associated lipoprotein,Escherichia coli (strain K12),21,confirmed,MQLNKVLKGLMIALPVMAIA...,http://www.signalpeptide.de/index.php?sess=&m=listspdb_bacteria&s=details&id=13683&listname=
P15319,PAPD_ECOLX,Chaperone protein papD,Escherichia coli,21,confirmed,MIRKKILMAAIPLFVISGAD...,http://www.signalpeptide.de/index.php?sess=&m=listspdb_bacteria&s=details&id=13684&listname=
P22751,PELX_ERWCH,Pectate disaccharide-lyase,Erwinia chrysanthemi,26,confirmed,MKYAASGLLSVALNSLLLLG...,http://www.signalpeptide.de/index.php?sess=&m=listspdb_bacteria&s=details&id=13698&listname=
Q8RJP2,RHIE_DICD3,Rhamnogalacturonate lyase,Dickeya dadantii (strain 3937),27,confirmed,MHMNKPLQAWRTPLLTLIFV...,http://www.signalpeptide.de/index.php?sess=&m=listspdb_bacteria&s=details&id=13762&listname=
P24702,SODC_ACTPL,Superoxide dismutase [Cu-Zn],Actinobacillus pleuropneumoniae,23,confirmed,MKLTNLALAFTLFGASAVAF...,http://www.signalpeptide.de/index.php?sess=&m=listspdb_bacteria&s=details&id=13818&listname=
Q06988,TBB2_NEIMB,Transferrin-binding protein 2,Neisseria meningitidis serogroup B,20,confirmed,MNNPLVNQAAMVLPVFLLSA,http://www.signalpeptide.de/index.php?sess=&m=listspdb_bacteria&s=details&id=13846&listname=
P0ADA1,TESA_ECOLI,Acyl-CoA thioesterase I,Escherichia coli (strain K12),26,confirmed,MMNFNNVFRWHLPFLFLVLL...,http://www.signalpeptide.de/index.php?sess=&m=listspdb_bacteria&s=details&id=13850&listname=
P37918,TSAT_ORITS,56 kDa type-specific antigen,Orientia tsutsugamushi,22,confirmed,MKKIMLIASAMSALSLPFSA...,http://www.signalpeptide.de/index.php?sess=&m=listspdb_bacteria&s=details&id=13887&listname=
P76172,YNFD_ECOLI,Uncharacterized protein ynfD,Escherichia coli (strain K12),21,confirmed,MKLSTCCAALLLALASPAVL...,http://www.signalpeptide.de/index.php?sess=&m=listspdb_bacteria&s=details&id=14022&listname=
P77269,YPHF_ECOLI,ABC transporter periplasmic-binding protein yphF,Escherichia coli (strain K12),26,confirmed,MPTKMRTTRNLLLMATLLGS...,http://www.signalpeptide.de/index.php?sess=&m=listspdb_bacteria&s=details&id=14030&listname=
P18895,ALGE_PSEAE,Alginate production protein algE,Pseudomonas aeruginosa,32,confirmed,MNSSRSVNPRPSFAPRALSL...,http://www.signalpeptide.de/index.php?sess=&m=listspdb_bacteria&s=details&id=14071&listname=
P21543,AMYB_PAEPO,Beta/alpha-amylase,Paenibacillus polymyxa,35,confirmed,MTLYRSLWKKGCMLLLSLVL...,http://www.signalpeptide.de/index.php?sess=&m=listspdb_bacteria&s=details&id=14079&listname=
Q8RMH6,AURA_CHLAA,Auracyanin-A,Chloroflexus aurantiacus (strain ATCC 29366 / DSM 635 / J-10-fl),22,confirmed,MKITLRMMVLAVLTAMAMVL...,http://www.signalpeptide.de/index.php?sess=&m=listspdb_bacteria&s=details&id=14107&listname=
O08498,BLAB1_FLAME,Carbapenem-hydrolyzing beta-lactamase blaB-1,Flavobacterium meningosepticum,22,confirmed,MLKKIKISLILALGLTSLQA...,http://www.signalpeptide.de/index.php?sess=&m=listspdb_bacteria&s=details&id=14118&listname=
P06129,BTUB_ECOLI,Vitamin B12 transporter btuB,Escherichia coli (strain K12),20,confirmed,MIKKASLLTACSVTAFSAWA,http://www.signalpeptide.de/index.php?sess=&m=listspdb_bacteria&s=details&id=14132&listname=
P30921,CDGT_BAC11,Cyclomaltodextrin glucanotransferase,Bacillus sp. (strain 17-1),27,confirmed,MKKISKLTTALALSLSLALS...,http://www.signalpeptide.de/index.php?sess=&m=listspdb_bacteria&s=details&id=14181&listname=
P13670,CHB_VIBHA,"N,N'-diacetylchitobiase",Vibrio harveyi,17,confirmed,MLKHSLIAASVITTLAG,http://www.signalpeptide.de/index.php?sess=&m=listspdb_bacteria&s=details&id=14188&listname=
P36649,CUEO_ECOLI,Blue copper oxidase cueO,Escherichia coli (strain K12),28,confirmed,MQRRDFLKYSVALGVASALP...,http://www.signalpeptide.de/index.php?sess=&m=listspdb_bacteria&s=details&id=14240&listname=
P77214,CUSF_ECOLI,Cation efflux system protein cusF,Escherichia coli (strain K12),21,confirmed,MKKALQVAMFSLFTVIGFNA...,http://www.signalpeptide.de/index.php?sess=&m=listspdb_bacteria&s=details&id=14241&listname=
P17201,DHAQ_ACEPO,Membrane-bound aldehyde dehydrogenase [pyrroloquinoline-quinone],Acetobacter polyoxogenes,44,confirmed,MGRLNRFRLGKDGRREQASL...,http://www.signalpeptide.de/index.php?sess=&m=listspdb_bacteria&s=details&id=14274&listname=
P36655,DSBD_ECOLI,Thiol:disulfide interchange protein dsbD,Escherichia coli (strain K12),19,confirmed,MAQRIFTLILLLCSTSVFA,http://www.signalpeptide.de/index.php?sess=&m=listspdb_bacteria&s=details&id=14284&listname=
P10384,FADL_ECOLI,Long-chain fatty acid transport protein,Escherichia coli (strain K12),25,confirmed,MSQKTLFTKSALAVAVALIS...,http://www.signalpeptide.de/index.php?sess=&m=listspdb_bacteria&s=details&id=14333&listname=
P25447,FAEF_ECOLX,K88 minor fimbrial subunit faeF,Escherichia coli,22,confirmed,MKKTMMAAALVLSALSIQSA...,http://www.signalpeptide.de/index.php?sess=&m=listspdb_bacteria&s=details&id=14334&listname=
P17259,FBP_NEIGO,Major ferric iron-binding protein,Neisseria gonorrhoeae,22,confirmed,MKTSIRYALLAAALTAATPA...,http://www.signalpeptide.de/index.php?sess=&m=listspdb_bacteria&s=details&id=14339&listname=
P15930,FLGI_SALTY,Flagellar P-ring protein,Salmonella typhimurium,19,confirmed,MFKALAGIVLALVATLAHA,http://www.signalpeptide.de/index.php?sess=&m=listspdb_bacteria&s=details&id=14361&listname=
P0A1N4,FLHE_SALTY,Flagellar protein flhE,Salmonella typhimurium,16,confirmed,MRKWLALLLFPLTVQA,http://www.signalpeptide.de/index.php?sess=&m=listspdb_bacteria&s=details&id=14363&listname=
P12266,FM11_KLEPN,Fimbrial subunit type 1,Klebsiella pneumoniae,23,confirmed,MKIKTLAIVVLSALSLSSAA...,http://www.signalpeptide.de/index.php?sess=&m=listspdb_bacteria&s=details&id=14365&listname=
Q01578,GNL_ZYMMO,Gluconolactonase,Zymomonas mobilis,35,confirmed,MTTGRMSRRECLSAAVMVPI...,http://www.signalpeptide.de/index.php?sess=&m=listspdb_bacteria&s=details&id=14406&listname=
P33682,GUN1_STRHA,Endoglucanase 1,Streptomyces halstedii,27,confirmed,MSRKLRTLMAALCALPLAFA...,http://www.signalpeptide.de/index.php?sess=&m=listspdb_bacteria&s=details&id=14425&listname=
P23549,GUN3_BACSU,Endoglucanase,Bacillus subtilis,29,confirmed,MKRSISIFITCLLITLLTMG...,http://www.signalpeptide.de/index.php?sess=&m=listspdb_bacteria&s=details&id=14426&listname=
P22541,GUNA_BUTFI,Endoglucanase A,Butyrivibrio fibrisolvens,34,confirmed,MVSKKQKFLTVILVIVLAIV...,http://www.signalpeptide.de/index.php?sess=&m=listspdb_bacteria&s=details&id=14427&listname=
P07103,GUNZ_DICD3,Endoglucanase Z,Dickeya dadantii (strain 3937),43,confirmed,MPLSYLDKNPVIDSKKHALR...,http://www.signalpeptide.de/index.php?sess=&m=listspdb_bacteria&s=details&id=14428&listname=
P28029,HLY3_VIBPA,Thermostable direct hemolysin-related,Vibrio parahaemolyticus,24,confirmed,MKYRYFAKKSFLFISMLAAF...,http://www.signalpeptide.de/index.php?sess=&m=listspdb_bacteria&s=details&id=14450&listname=
P0AD59,IVY_ECOLI,Inhibitor of vertebrate lysozyme,Escherichia coli (strain K12),28,confirmed,MGRISSGGMMFKAITTVAAL...,http://www.signalpeptide.de/index.php?sess=&m=listspdb_bacteria&s=details&id=14506&listname=
P29399,MARI_ALTSP,Marinostatin-L,Alteromonas sp. (strain B-10-31),29,confirmed,MKTTPFFANLLASQTRELTE...,http://www.signalpeptide.de/index.php?sess=&m=listspdb_bacteria&s=details&id=14586&listname=
A5F7A4,NANH_VIBC3,Sialidase,Vibrio cholerae serotype O1 (strain ATCC 39541 / Ogawa 395 / O395),24,confirmed,MRFKNVKKTALMLAMFGMAT...,http://www.signalpeptide.de/index.php?sess=&m=listspdb_bacteria&s=details&id=14619&listname=
P18194,OMPA2_NEIMC,Major outer membrane protein P.IA,Neisseria meningitidis serogroup C,19,confirmed,MRKKLTALVLSALPLAAVA,http://www.signalpeptide.de/index.php?sess=&m=listspdb_bacteria&s=details&id=14672&listname=
P30688,OMPB3_NEIMB,Major outer membrane protein P.IB,Neisseria meningitidis serogroup B,19,confirmed,MKKSLIALTLAALPVAAMA,http://www.signalpeptide.de/index.php?sess=&m=listspdb_bacteria&s=details&id=14673&listname=
P33136,OPGG_ECOLI,Glucans biosynthesis protein G,Escherichia coli (strain K12),22,confirmed,MMKMRWLSAAVMLTLYTSSS...,http://www.signalpeptide.de/index.php?sess=&m=listspdb_bacteria&s=details&id=14678&listname=
P15363,P37_MYCHR,High affinity transport system protein p37,Mycoplasma hyorhinis,23,confirmed,MLKKLKNFILFSSIFSPIAF...,http://www.signalpeptide.de/index.php?sess=&m=listspdb_bacteria&s=details&id=14695&listname=
P14283,PERT_BORPE,Pertactin,Bordetella pertussis,34,confirmed,MNMSLSRIVKAAPLRRTTLA...,http://www.signalpeptide.de/index.php?sess=&m=listspdb_bacteria&s=details&id=14729&listname=
P18192,PGLR1_PECCC,Endo-polygalacturonase,Pectobacterium carotovorum subsp. carotovorum,23,confirmed,MEYQSGKRVLSLSLGLIGLF...,http://www.signalpeptide.de/index.php?sess=&m=listspdb_bacteria&s=details&id=14734&listname=
P05695,PORP_PSEAE,Porin P,Pseudomonas aeruginosa,29,confirmed,MIRRHSCKGVGSSVAWSLLG...,http://www.signalpeptide.de/index.php?sess=&m=listspdb_bacteria&s=details&id=14757&listname=
P44737,RBSB_HAEIN,D-ribose-binding periplasmic protein,Haemophilus influenzae,23,confirmed,MKKLTALTSAVLLGLAVSSS...,http://www.signalpeptide.de/index.php?sess=&m=listspdb_bacteria&s=details&id=14792&listname=
O06871,SSI_STRVL,Subtilisin inhibitor,Streptomyces violaceus,28,confirmed,MRRTLKAVGAAAAAATCVLA...,http://www.signalpeptide.de/index.php?sess=&m=listspdb_bacteria&s=details&id=14873&listname=
P17855,STC2_STAAU,Staphylocoagulase,Staphylococcus aureus,26,confirmed,MKKQIISLGALAVASSLFTW...,http://www.signalpeptide.de/index.php?sess=&m=listspdb_bacteria&s=details&id=14877&listname=
P38683,TORT_ECOLI,Periplasmic protein torT,Escherichia coli (strain K12),18,confirmed,MRVLLFLLLSLFMLPAFS,http://www.signalpeptide.de/index.php?sess=&m=listspdb_bacteria&s=details&id=14914&listname=
P26220,XYNC_STRLI,"Endo-1,4-beta-xylanase C",Streptomyces lividans,49,confirmed,MQQDGTQQDRIKQSPAPLNG...,http://www.signalpeptide.de/index.php?sess=&m=listspdb_bacteria&s=details&id=14979&listname=
Q57449,Y362_HAEIN,Uncharacterized periplasmic iron-binding protein HI0362,Haemophilus influenzae,22,confirmed,MRNSFKIMTALALGLFAMQA...,http://www.signalpeptide.de/index.php?sess=&m=listspdb_bacteria&s=details&id=14996&listname=
P77368,YBCL_ECOLI,UPF0098 protein ybcL,Escherichia coli (strain K12),21,confirmed,MKTLIVSTVLAFITFSAQAA...,http://www.signalpeptide.de/index.php?sess=&m=listspdb_bacteria&s=details&id=15011&listname=
P76344,YODA_ECOLI,Metal-binding protein yodA,Escherichia coli (strain K12),23,confirmed,MAIRLYKLAVALGVFIVSAP...,http://www.signalpeptide.de/index.php?sess=&m=listspdb_bacteria&s=details&id=15036&listname=
P19361,28KD_MYCLE,28 kDa antigen,Mycobacterium leprae,22,confirmed,MPNRRRCKLSTAISTVATLA...,http://www.signalpeptide.de/index.php?sess=&m=listspdb_bacteria&s=details&id=15054&listname=
P09551,ARGT_ECOLI,Lysine-arginine-ornithine-binding periplasmic protein,Escherichia coli (strain K12),22,confirmed,MKKSILALSLLVGLSTAASS...,http://www.signalpeptide.de/index.php?sess=&m=listspdb_bacteria&s=details&id=15105&listname=
P29725,BMP_TREPA,Basic membrane protein,Treponema pallidum,20,confirmed,MGRYIVPALLCVAGMGFAHA,http://www.signalpeptide.de/index.php?sess=&m=listspdb_bacteria&s=details&id=15136&listname=
P55929,CCPR_NITEU,Cytochrome c551 peroxidase,Nitrosomonas europaea,26,confirmed,MIKRTLTVSLLSLSLGAMFA...,http://www.signalpeptide.de/index.php?sess=&m=listspdb_bacteria&s=details&id=15182&listname=
P30920,CDGT1_BACCI,Cyclomaltodextrin glucanotransferase,Bacillus circulans,34,confirmed,MFQMAKRAFLSTTLTLGLLA...,http://www.signalpeptide.de/index.php?sess=&m=listspdb_bacteria&s=details&id=15192&listname=
P08331,CN16_ECOLI,"2',3'-cyclic-nucleotide 2'-phosphodiesterase",Escherichia coli (strain K12),19,confirmed,MIKFSATLLATLIAASVNA,http://www.signalpeptide.de/index.php?sess=&m=listspdb_bacteria&s=details&id=15218&listname=
Q03438,COX2_BACP3,Cytochrome c oxidase subunit 2,Bacillus PS3,23,confirmed,MNKGLCNWRLFSLFGMMALL...,http://www.signalpeptide.de/index.php?sess=&m=listspdb_bacteria&s=details&id=15230&listname=
O33731,CYC3_SHEFN,Tetraheme cytochrome c-type,Shewanella frigidimarina (strain NCIMB 400),25,confirmed,MSNKLLSALFAAGFAVMMMS...,http://www.signalpeptide.de/index.php?sess=&m=listspdb_bacteria&s=details&id=15259&listname=
P00144,CYCP_RHORT,Cytochrome c',Rhodospirillum rubrum (strain ATCC 11170 / NCIB 8255),21,confirmed,MKRMMIVAALAALTTTTVAQ...,http://www.signalpeptide.de/index.php?sess=&m=listspdb_bacteria&s=details&id=15261&listname=
P39844,DACC_BACSU,D-alanyl-D-alanine carboxypeptidase dacC,Bacillus subtilis,29,confirmed,MKKSIKLYVAVLLLFVVASV...,http://www.signalpeptide.de/index.php?sess=&m=listspdb_bacteria&s=details&id=15273&listname=
Q9Z4J7,EXAA_PSEAE,Quinoprotein ethanol dehydrogenase,Pseudomonas aeruginosa,34,confirmed,MTTRTSPAPAGLLRPSLHCL...,http://www.signalpeptide.de/index.php?sess=&m=listspdb_bacteria&s=details&id=15328&listname=
P19369,FMFL_AERHY,Flexible pilin,Aeromonas hydrophila,24,confirmed,MPNFFRNGCIALVGSVAAMG...,http://www.signalpeptide.de/index.php?sess=&m=listspdb_bacteria&s=details&id=15357&listname=
P13470,GTFC_STRMU,Glucosyltransferase-SI,Streptococcus mutans,34,confirmed,MEKKVRFKLRKVKKRWVTVS...,http://www.signalpeptide.de/index.php?sess=&m=listspdb_bacteria&s=details&id=15409&listname=
P26222,GUN2_THEFU,Endoglucanase E-2,Thermomonospora fusca,31,confirmed,MSPRPLRALLGAAAAALVSA...,http://www.signalpeptide.de/index.php?sess=&m=listspdb_bacteria&s=details&id=15414&listname=
Q50925,HAO_NITEU,Hydroxylamine oxidoreductase,Nitrosomonas europaea,24,confirmed,MRIGEWMRGLLLCAGLMMCG...,http://www.signalpeptide.de/index.php?sess=&m=listspdb_bacteria&s=details&id=15418&listname=
P40710,NLPE_ECOLI,Lipoprotein nlpE,Escherichia coli (strain K12),20,confirmed,MVKKAIVTAMAVISLFTLMG,http://www.signalpeptide.de/index.php?sess=&m=listspdb_bacteria&s=details&id=15628&listname=
P18195,OMPB1_NEIGO,Major outer membrane protein P.IB,Neisseria gonorrhoeae,19,confirmed,MKKSLIALTLAALPVAATA,http://www.signalpeptide.de/index.php?sess=&m=listspdb_bacteria&s=details&id=15660&listname=
P40120,OPGD_ECOLI,Glucans biosynthesis protein D,Escherichia coli (strain K12),32,confirmed,MDRRRFIKGSMAMAAVCGTS...,http://www.signalpeptide.de/index.php?sess=&m=listspdb_bacteria&s=details&id=15665&listname=
P24141,OPPA_BACSU,Oligopeptide-binding protein oppA,Bacillus subtilis,20,confirmed,MKKRWSIVTLMLIFTLVLSA,http://www.signalpeptide.de/index.php?sess=&m=listspdb_bacteria&s=details&id=15668&listname=
P07111,PAPH_ECOLX,PAP fimbrial minor pilin protein,Escherichia coli,22,confirmed,MRLRFSVPLFFFGCVFVHGV...,http://www.signalpeptide.de/index.php?sess=&m=listspdb_bacteria&s=details&id=15699&listname=
Q51915,PEL_PSEMA,Pectate lyase,Pseudomonas marginalis,29,confirmed,MTKPSTFTACKLASAVFGAL...,http://www.signalpeptide.de/index.php?sess=&m=listspdb_bacteria&s=details&id=15716&listname=
P81238,SHP_RHOS4,Cytochrome c-type protein SHP,Rhodobacter sphaeroides (strain ATCC 17023 / 2.4.1 / NCIB 8253 / DSM 158),17,confirmed,MTRFLILSAVLAGPALA,http://www.signalpeptide.de/index.php?sess=&m=listspdb_bacteria&s=details&id=15817&listname=
P0AEU7,SKP_ECOLI,Chaperone protein skp,Escherichia coli (strain K12),20,confirmed,MKKWLLAAGLGLALATSAQA,http://www.signalpeptide.de/index.php?sess=&m=listspdb_bacteria&s=details&id=15820&listname=
P49051,SLAP1_BACAN,S-layer protein sap,Bacillus anthracis,29,confirmed,MAKTNSYKKVIAGTMTAAMV...,http://www.signalpeptide.de/index.php?sess=&m=listspdb_bacteria&s=details&id=15821&listname=
P38059,SLAP_LACHE,S-layer protein,Lactobacillus helveticus,30,confirmed,MKKNLRIVSAAAAALLAVAP...,http://www.signalpeptide.de/index.php?sess=&m=listspdb_bacteria&s=details&id=15822&listname=
P0C0J0,SPEB_STRPY,Streptopain,Streptococcus pyogenes,27,confirmed,MNKKKLGIRLLSLLALGGFV...,http://www.signalpeptide.de/index.php?sess=&m=listspdb_bacteria&s=details&id=15836&listname=
P61153,SSI_STRLI,Protease inhibitor,Streptomyces lividans,35,confirmed,MRNTARWAATLGLTATAVCG...,http://www.signalpeptide.de/index.php?sess=&m=listspdb_bacteria&s=details&id=15846&listname=
P16397,SUBF_BACSU,Bacillopeptidase F,Bacillus subtilis,30,confirmed,MRKKTKNRLISSVLSTVVIS...,http://www.signalpeptide.de/index.php?sess=&m=listspdb_bacteria&s=details&id=15850&listname=
P31550,THIB_ECOLI,Thiamine-binding periplasmic protein,Escherichia coli (strain K12),18,confirmed,MLKKCLPLLLLCTAPVFA,http://www.signalpeptide.de/index.php?sess=&m=listspdb_bacteria&s=details&id=15866&listname=
P43972,Y246_HAEIN,Uncharacterized protein HI0246,Haemophilus influenzae,20,confirmed,MNLTKLLPAFAAAVVLSACA,http://www.signalpeptide.de/index.php?sess=&m=listspdb_bacteria&s=details&id=15978&listname=
P39180,AG43_ECOLI,Antigen 43,Escherichia coli (strain K12),52,confirmed,MKRHLNTCYRLVWNHMTGAF...,http://www.signalpeptide.de/index.php?sess=&m=listspdb_bacteria&s=details&id=16055&listname=
Q59639,ALYA_PSEAL,Alginate lyase,Pseudomonas alginovora,23,confirmed,MKIISCKSIIVSSLLALSAT...,http://www.signalpeptide.de/index.php?sess=&m=listspdb_bacteria&s=details&id=16065&listname=
P22364,AMCY_PARDE,Amicyanin,Paracoccus denitrificans,26,confirmed,MISATKIRSCLAACVLAAFG...,http://www.signalpeptide.de/index.php?sess=&m=listspdb_bacteria&s=details&id=16066&listname=
P16950,APU_THETY,Amylopullulanase,Thermoanaerobacter thermohydrosulfuricus,31,confirmed,MFKRRALGFLLAFLLVFTAV...,http://www.signalpeptide.de/index.php?sess=&m=listspdb_bacteria&s=details&id=16089&listname=
P20713,ATSA_KLEAE,Arylsulfatase,Klebsiella aerogenes,20,confirmed,MNKKAMAAAVSMILAGGAHA,http://www.signalpeptide.de/index.php?sess=&m=listspdb_bacteria&s=details&id=16101&listname=
P27951,BAG_STRAG,IgA FC receptor,Streptococcus agalactiae,37,confirmed,MFKSNYERKMRYSIRKFSVG...,http://www.signalpeptide.de/index.php?sess=&m=listspdb_bacteria&s=details&id=16106&listname=
P43379,CDGT2_BACCI,Cyclomaltodextrin glucanotransferase,Bacillus circulans,27,confirmed,MKKFLKSTAALALGLSLTFG...,http://www.signalpeptide.de/index.php?sess=&m=listspdb_bacteria&s=details&id=16171&listname=
Q02113,CWBA_BACSU,Amidase enhancer,Bacillus subtilis,25,confirmed,MKSCKQLIVCSLAAILLLIP...,http://www.signalpeptide.de/index.php?sess=&m=listspdb_bacteria&s=details&id=16241&listname=
P00106,CYC4_PSEAE,Cytochrome c4,Pseudomonas aeruginosa,20,confirmed,MNKLLVSLLLTLGLTGLAHA,http://www.signalpeptide.de/index.php?sess=&m=listspdb_bacteria&s=details&id=16254&listname=
P06970,FAED_ECOLX,Outer membrane usher protein faeD,Escherichia coli,35,confirmed,MKKYVTTKSVQPVAFRLTTL...,http://www.signalpeptide.de/index.php?sess=&m=listspdb_bacteria&s=details&id=16325&listname=
Q934F5,FDHA_DESGI,Formate dehydrogenase subunit alpha,Desulfovibrio gigas,35,confirmed,MLIKRRAFLKLTAAGATLSA...,http://www.signalpeptide.de/index.php?sess=&m=listspdb_bacteria&s=details&id=16331&listname=
P16216,GUN1_RUMAL,Endoglucanase 1,Ruminococcus albus,43,confirmed,MNSKKIGAMIAAAVLSLIVM...,http://www.signalpeptide.de/index.php?sess=&m=listspdb_bacteria&s=details&id=16405&listname=
P37699,GUNC_CLOCE,Endoglucanase C,Clostridium cellulolyticum,32,confirmed,MIKGSSLKRFKSLVMAAIFS...,http://www.signalpeptide.de/index.php?sess=&m=listspdb_bacteria&s=details&id=16408&listname=
P27032,GUNY_DICD3,Minor endoglucanase Y,Dickeya dadantii (strain 3937),23,confirmed,MGKPMWRCWALMLMVWFSAS...,http://www.signalpeptide.de/index.php?sess=&m=listspdb_bacteria&s=details&id=16409&listname=
P0AES9,HDEA_ECOLI,Chaperone-like protein hdeA,Escherichia coli (strain K12),21,confirmed,MKKVLGVILGGLLLLPVVSN...,http://www.signalpeptide.de/index.php?sess=&m=listspdb_bacteria&s=details&id=16415&listname=
P22542,HSTI_ECOLX,Heat-stable enterotoxin II,Escherichia coli,23,confirmed,MKKNIAFLLASMFVFSIATN...,http://www.signalpeptide.de/index.php?sess=&m=listspdb_bacteria&s=details&id=16429&listname=
Q9Z4I3,MSPA_TREMA,Major outer membrane protein mspA,Treponema maltophilum,19,confirmed,MKKALVFFVALAMIGSVFA,http://www.signalpeptide.de/index.php?sess=&m=listspdb_bacteria&s=details&id=16591&listname=
Q02834,NANH_MICVI,Sialidase,Micromonospora viridifaciens,37,confirmed,MTANPYLRRLPRRRAVSFLL...,http://www.signalpeptide.de/index.php?sess=&m=listspdb_bacteria&s=details&id=16598&listname=
P0ABL3,NAPB_ECOLI,Diheme cytochrome c napB,Escherichia coli (strain K12),27,confirmed,MKSHDLKKALCQWTAMLALV...,http://www.signalpeptide.de/index.php?sess=&m=listspdb_bacteria&s=details&id=16603&listname=
P20148,OMPB2_NEIGO,Major outer membrane protein P.IB,Neisseria gonorrhoeae,19,confirmed,MKKSLIALTLAALPVAAMA,http://www.signalpeptide.de/index.php?sess=&m=listspdb_bacteria&s=details&id=16653&listname=
P15292,P3P_LACLS,PIII-type proteinase,Lactococcus lactis subsp. cremoris (strain SK11),33,confirmed,MQRKKKGLSILLAGTVALGA...,http://www.signalpeptide.de/index.php?sess=&m=listspdb_bacteria&s=details&id=16677&listname=
P31956,PAC_ARTVI,Penicillin G acylase,Arthrobacter viscosus,26,confirmed,MKMKWLISVIILFVFIFPQN...,http://www.signalpeptide.de/index.php?sess=&m=listspdb_bacteria&s=details&id=16686&listname=
P17543,PAPJ_ECOLX,Protein papJ,Escherichia coli,27,confirmed,MVVNKTTAVLYLIALSLSGF...,http://www.signalpeptide.de/index.php?sess=&m=listspdb_bacteria&s=details&id=16689&listname=
Q0P9X8,PEB1A_CAMJE,Major cell-binding factor,Campylobacter jejuni,26,confirmed,MVFRKSLLKLAVFALGACVA...,http://www.signalpeptide.de/index.php?sess=&m=listspdb_bacteria&s=details&id=16704&listname=
Q02940,PENA_BURM1,Beta-lactamase,Burkholderia multivorans (strain ATCC 17616 / 249),15,confirmed,MQRIGVTDYTILGTV,http://www.signalpeptide.de/index.php?sess=&m=listspdb_bacteria&s=details&id=16708&listname=
Q03035,PERT_BORBR,Pertactin,Bordetella bronchiseptica,37,confirmed,MNMSLSRIVKAAPLRRTTLA...,http://www.signalpeptide.de/index.php?sess=&m=listspdb_bacteria&s=details&id=16715&listname=
P09599,PHL1_BACCE,Sphingomyelinase C,Bacillus cereus,27,confirmed,MKGKLLKGVLSFGIGLGVLY...,http://www.signalpeptide.de/index.php?sess=&m=listspdb_bacteria&s=details&id=16724&listname=
Q0TV31,PHLC_CLOP1,Phospholipase C,Clostridium perfringens (strain ATCC 13124 / NCTC 8237 / Type A),28,confirmed,MKRKICKALICAALATSLWA...,http://www.signalpeptide.de/index.php?sess=&m=listspdb_bacteria&s=details&id=16725&listname=
P13429,SFAG_ECOL5,S-fimbrial adhesin protein sfaG,Escherichia coli O6:K15:H31 (strain 536 / UPEC),27,confirmed,MVKDIIKTVTFSCMLAGSMF...,http://www.signalpeptide.de/index.php?sess=&m=listspdb_bacteria&s=details&id=16832&listname=
P06654,SPG1_STRSG,Immunoglobulin G-binding protein G,Streptococcus sp. group G,33,confirmed,MEKEKKVKYFLRKSAFGLAS...,http://www.signalpeptide.de/index.php?sess=&m=listspdb_bacteria&s=details&id=16854&listname=
P43131,SPI_BRECH,Protease inhibitor,Brevibacillus choshinensis,24,confirmed,MKTIRTGMMTLAALAVLGTN...,http://www.signalpeptide.de/index.php?sess=&m=listspdb_bacteria&s=details&id=16857&listname=
P16952,SSP5_STRGN,Agglutinin receptor,Streptococcus gordonii,38,confirmed,MKNKKEVYGFRKSKVAKTLC...,http://www.signalpeptide.de/index.php?sess=&m=listspdb_bacteria&s=details&id=16864&listname=
P02906,SUBI_SALTY,Sulfate-binding protein,Salmonella typhimurium,19,confirmed,MKKWGVGFTLLLASTSILA,http://www.signalpeptide.de/index.php?sess=&m=listspdb_bacteria&s=details&id=16869&listname=
P04981,TOX5_BORPE,Pertussis toxin subunit 5,Bordetella pertussis,34,confirmed,MQRQAGLPLKANPMHTIASI...,http://www.signalpeptide.de/index.php?sess=&m=listspdb_bacteria&s=details&id=16917&listname=
P11000,WAPA_STRMU,Wall-associated protein,Streptococcus mutans,29,confirmed,MKMKRKLLSLVSVLTILLGA...,http://www.signalpeptide.de/index.php?sess=&m=listspdb_bacteria&s=details&id=16968&listname=
P23031,XYNC_PSEFL,Alpha-L-arabinofuranosidase C,Pseudomonas fluorescens,37,confirmed,MINHNKTPNILAKVFKRTCG...,http://www.signalpeptide.de/index.php?sess=&m=listspdb_bacteria&s=details&id=16980&listname=
P42111,YXAL_BACSU,Uncharacterized protein yxaL,Bacillus subtilis,41,confirmed,MVKSFRMKALIAGAAVAAAV...,http://www.signalpeptide.de/index.php?sess=&m=listspdb_bacteria&s=details&id=17059&listname=
P0A4V2,A85A_MYCTU,Antigen 85-A,Mycobacterium tuberculosis,42,confirmed,MQLVDRVRGAVTGMSRRLVV...,http://www.signalpeptide.de/index.php?sess=&m=listspdb_bacteria&s=details&id=17076&listname=
P19926,AGP_ECOLI,Glucose-1-phosphatase,Escherichia coli (strain K12),22,confirmed,MNKTLIAAAVAGIVLLASNA...,http://www.signalpeptide.de/index.php?sess=&m=listspdb_bacteria&s=details&id=17094&listname=
P06547,AMYB_BACCI,Beta-amylase,Bacillus circulans,36,confirmed,MLHSQKRIWKKIGLCLLSFI...,http://www.signalpeptide.de/index.php?sess=&m=listspdb_bacteria&s=details&id=17109&listname=
P08486,AMY_STRHY,Alpha-amylase,Streptomyces hygroscopicus,30,confirmed,MQQRSRVLGGTLAGIVAAAA...,http://www.signalpeptide.de/index.php?sess=&m=listspdb_bacteria&s=details&id=17112&listname=
P0AE22,APHA_ECOLI,Class B acid phosphatase,Escherichia coli (strain K12),25,confirmed,MRKITQAISAVCLLFALNSS...,http://www.signalpeptide.de/index.php?sess=&m=listspdb_bacteria&s=details&id=17120&listname=
P36560,ASR_ECOLI,Acid shock protein,Escherichia coli (strain K12),21,confirmed,MKKVLALVVAAAMGLSSAAF...,http://www.signalpeptide.de/index.php?sess=&m=listspdb_bacteria&s=details&id=17133&listname=
Q50327,ATPF_MYCPN,ATP synthase B chain,Mycoplasma pneumoniae,27,confirmed,MKLRATFVFKTTLVALSFAL...,http://www.signalpeptide.de/index.php?sess=&m=listspdb_bacteria&s=details&id=17136&listname=
P12334,AZUR1_METJ,Azurin iso-1,Methylomonas J,21,confirmed,MKSSKIVAILLASLFSGSVL...,http://www.signalpeptide.de/index.php?sess=&m=listspdb_bacteria&s=details&id=17142&listname=
P30896,BLA3_KLEPN,Beta-lactamase SHV-3,Klebsiella pneumoniae,21,confirmed,MRYIRLCIISLLATLPLAVH...,http://www.signalpeptide.de/index.php?sess=&m=listspdb_bacteria&s=details&id=17155&listname=
P22390,BLAC_CITDI,Beta-lactamase,Citrobacter diversus,27,confirmed,MFKKRGRQTVLIAAVLAFFT...,http://www.signalpeptide.de/index.php?sess=&m=listspdb_bacteria&s=details&id=17156&listname=
P96156,CHID_VIBFU,Chitodextrinase,Vibrio furnissii,30,confirmed,MRLHRAKVSKSVFTLSTLTA...,http://www.signalpeptide.de/index.php?sess=&m=listspdb_bacteria&s=details&id=17232&listname=
P0A387,CY550_THEVL,Cytochrome c-550,Thermosynechococcus vulcanus,26,confirmed,MLKKCVWLAVALCLCLWQFT...,http://www.signalpeptide.de/index.php?sess=&m=listspdb_bacteria&s=details&id=17297&listname=
P00120,CY553_DESVM,Cytochrome c-553,Desulfovibrio vulgaris (strain Miyazaki),23,confirmed,MKRILVVMSICAALAFGVSA...,http://www.signalpeptide.de/index.php?sess=&m=listspdb_bacteria&s=details&id=17298&listname=
P0AEB2,DACA_ECOLI,D-alanyl-D-alanine carboxypeptidase dacA,Escherichia coli (strain K12),29,confirmed,MNTIFSARIMKRLALTTALC...,http://www.signalpeptide.de/index.php?sess=&m=listspdb_bacteria&s=details&id=17309&listname=
P43529,E2BB_ECOLX,"Heat-labile enterotoxin IIB, B chain",Escherichia coli,23,confirmed,MSFKKIIKAFVIMAALVSVQ...,http://www.signalpeptide.de/index.php?sess=&m=listspdb_bacteria&s=details&id=17336&listname=
P36913,EBA3_FLAME,Endo-beta-N-acetylglucosaminidase F3,Flavobacterium meningosepticum,39,confirmed,MKKIFFAQCSILLLMLGSCS...,http://www.signalpeptide.de/index.php?sess=&m=listspdb_bacteria&s=details&id=17337&listname=
P22266,ESTA_STRSC,Esterase,Streptomyces scabies,39,confirmed,MSSAMRKTTNSPVVRRLTAA...,http://www.signalpeptide.de/index.php?sess=&m=listspdb_bacteria&s=details&id=17365&listname=
P08191,FIMH_ECOLI,Protein fimH,Escherichia coli (strain K12),21,confirmed,MKRVITLFAVLLMGWSVNAW...,http://www.signalpeptide.de/index.php?sess=&m=listspdb_bacteria&s=details&id=17386&listname=
P45523,FKBA_ECOLI,FKBP-type peptidyl-prolyl cis-trans isomerase fkpA,Escherichia coli (strain K12),25,confirmed,MKSLFKVTLLATTMAVALHA...,http://www.signalpeptide.de/index.php?sess=&m=listspdb_bacteria&s=details&id=17389&listname=
A3DH67,GUNS_CLOTH,Endoglucanase SS,Clostridium thermocellum (strain ATCC 27405 / DSM 1237),27,confirmed,MVKSRKISILLAVAMLVSIM...,http://www.signalpeptide.de/index.php?sess=&m=listspdb_bacteria&s=details&id=17460&listname=
P19249,HLY1_VIBPA,Thermostable direct hemolysin 1,Vibrio parahaemolyticus,24,confirmed,MKHQYFAKKSFLFISMLAAF...,http://www.signalpeptide.de/index.php?sess=&m=listspdb_bacteria&s=details&id=17480&listname=
P45354,HXUA2_HAEIN,Heme/hemopexin-binding protein,Haemophilus influenzae,21,confirmed,MYKLNVISLIILTTCSGAAY...,http://www.signalpeptide.de/index.php?sess=&m=listspdb_bacteria&s=details&id=17484&listname=
Q5N0R0,IDIA_SYNP6,Iron deficiency-induced protein A,Synechococcus sp. (strain ATCC 27144 / PCC 6301 / SAUG 1402/1),36,confirmed,MSESMFSRRDFLLGGTALAG...,http://www.signalpeptide.de/index.php?sess=&m=listspdb_bacteria&s=details&id=17492&listname=
P14789,LASA_PSEAE,Protease lasA,Pseudomonas aeruginosa,31,confirmed,MQHKRSRAMASPRSPFLFVL...,http://www.signalpeptide.de/index.php?sess=&m=listspdb_bacteria&s=details&id=17552&listname=
P31716,LUKS_STAAU,Leukocidin-S subunit,Staphylococcus aureus,29,confirmed,MLKNKILATTLSVSLLAPLA...,http://www.signalpeptide.de/index.php?sess=&m=listspdb_bacteria&s=details&id=17589&listname=
P13113,MERP_SERMA,Mercuric transport protein periplasmic component,Serratia marcescens,19,confirmed,MKKLFASLAIAAVVAPVWA,http://www.signalpeptide.de/index.php?sess=&m=listspdb_bacteria&s=details&id=17617&listname=
P52477,MEXA_PSEAE,Multidrug resistance protein mexA,Pseudomonas aeruginosa,23,confirmed,MQRTPAMRVLVPALLVAISA...,http://www.signalpeptide.de/index.php?sess=&m=listspdb_bacteria&s=details&id=17620&listname=
P16567,MOMP_CHLAB,Major outer membrane porin,Chlamydophila abortus,22,confirmed,MKKLLKSALLFAATGSALSL...,http://www.signalpeptide.de/index.php?sess=&m=listspdb_bacteria&s=details&id=17631&listname=
P0A669,MP70_MYCBO,Immunogenic protein MPB70,Mycobacterium bovis,30,confirmed,MKVKNTIAATSFAAAGLAAL...,http://www.signalpeptide.de/index.php?sess=&m=listspdb_bacteria&s=details&id=17632&listname=
P30141,MRP4_STRPY,Fibrinogen- and Ig-binding protein,Streptococcus pyogenes,41,confirmed,MSKTNPNKLYSLRKLKTGTA...,http://www.signalpeptide.de/index.php?sess=&m=listspdb_bacteria&s=details&id=17635&listname=
P39185,NAPA_RALEH,Periplasmic nitrate reductase,Ralstonia eutropha (strain ATCC 17699 / H16 / DSM 428 / Stanier 337),29,confirmed,MKISRRDFIKQTAITATASV...,http://www.signalpeptide.de/index.php?sess=&m=listspdb_bacteria&s=details&id=17644&listname=
Q06006,NIR_PSECL,Copper-containing nitrite reductase,Pseudomonas chlororaphis,24,confirmed,MSVFRSVLGACVLLGSCASS...,http://www.signalpeptide.de/index.php?sess=&m=listspdb_bacteria&s=details&id=17661&listname=
Q00971,NPRV_VIBPR,Neutral protease,Vibrio proteolyticus,24,confirmed,MNKTQRHINWLLAVSAATAL...,http://www.signalpeptide.de/index.php?sess=&m=listspdb_bacteria&s=details&id=17675&listname=
O68562,OMLA_PSEAE,Outer membrane lipoprotein omlA,Pseudomonas aeruginosa,21,confirmed,MQNAKLMLTCLAFAGLAALA...,http://www.signalpeptide.de/index.php?sess=&m=listspdb_bacteria&s=details&id=17693&listname=
Q48217,OPP29_HAEIN,Outer membrane protein P2,Haemophilus influenzae,20,confirmed,MKKTLAALIVGAFAASAANA,http://www.signalpeptide.de/index.php?sess=&m=listspdb_bacteria&s=details&id=17701&listname=
Q6CZT4,PEL1_ERWCT,Pectate lyase 1,Erwinia carotovora subsp. atroseptica,22,confirmed,MKYLLPSAAAGLLLLAAQPT...,http://www.signalpeptide.de/index.php?sess=&m=listspdb_bacteria&s=details&id=17746&listname=
P27195,PPCF_ELIMR,Prolyl endopeptidase,Elizabethkingia miricola,20,confirmed,MKYKKLSVAVAAFAFAAVSA,http://www.signalpeptide.de/index.php?sess=&m=listspdb_bacteria&s=details&id=17782&listname=
P09489,PRTS_SERMA,Extracellular serine protease,Serratia marcescens,27,confirmed,MILNKRLKLAYCVFLGCYGL...,http://www.signalpeptide.de/index.php?sess=&m=listspdb_bacteria&s=details&id=17799&listname=
P27755,PRU_MYXXA,Protein U,Myxococcus xanthus,25,confirmed,MNAIKTAVAAVTAAASLVAF...,http://www.signalpeptide.de/index.php?sess=&m=listspdb_bacteria&s=details&id=17800&listname=
P20379,SODC_CAUCR,Superoxide dismutase [Cu-Zn],Caulobacter crescentus,23,confirmed,MIRLSAAAALGLAAALAASP...,http://www.signalpeptide.de/index.php?sess=&m=listspdb_bacteria&s=details&id=17873&listname=
P62560,SPEA_STRPY,Exotoxin type A,Streptococcus pyogenes,30,confirmed,MENNKKVLKKMVFFVLVTFL...,http://www.signalpeptide.de/index.php?sess=&m=listspdb_bacteria&s=details&id=17882&listname=
Q2FXC3,SPLB_STAA8,Serine protease splB,Staphylococcus aureus (strain NCTC 8325),36,confirmed,MNKNVVIKSLAALTILTSVT...,http://www.signalpeptide.de/index.php?sess=&m=listspdb_bacteria&s=details&id=17888&listname=
P77754,SPY_ECOLI,Spheroplast protein Y,Escherichia coli (strain K12),23,confirmed,MRKLTALFVASTLALGAANL...,http://www.signalpeptide.de/index.php?sess=&m=listspdb_bacteria&s=details&id=17892&listname=
P0ABZ6,SURA_ECOLI,Chaperone surA,Escherichia coli (strain K12),20,confirmed,MKNWKTLLLGIAMIANTSFA,http://www.signalpeptide.de/index.php?sess=&m=listspdb_bacteria&s=details&id=17899&listname=
Q9RUE8,UE38_DEIRA,Probable ABC transporter-binding protein DR_1438,Deinococcus radiodurans,24,confirmed,MKKFAAVLGLTVAFAAASQA...,http://www.signalpeptide.de/index.php?sess=&m=listspdb_bacteria&s=details&id=17974&listname=
P22865,USP45_LACLM,Secreted 45 kDa protein,Lactococcus lactis subsp. cremoris (strain MG1363),27,confirmed,MKKKIISAILMSTVILSAAA...,http://www.signalpeptide.de/index.php?sess=&m=listspdb_bacteria&s=details&id=17977&listname=
P0A8X2,YCEI_ECOLI,Protein yceI,Escherichia coli (strain K12),22,confirmed,MKKSLLGLTFASLMFSAGSA...,http://www.signalpeptide.de/index.php?sess=&m=listspdb_bacteria&s=details&id=18067&listname=
O31737,YLQB_BACSU,Uncharacterized protein ylqB,Bacillus subtilis,27,confirmed,MKKIGLLFMLCLAALFTIGF...,http://www.signalpeptide.de/index.php?sess=&m=listspdb_bacteria&s=details&id=18078&listname=
P49250,AMO_KLEAE,Primary amine oxidase,Klebsiella aerogenes,30,confirmed,MANGLKFSPRKTALALAVAV...,http://www.signalpeptide.de/index.php?sess=&m=listspdb_bacteria&s=details&id=18141&listname=
O66515,AMT_AQUAE,Ammonia channel,Aquifex aeolicus,20,confirmed,MRALGFIGIILSIFSSFAYA,http://www.signalpeptide.de/index.php?sess=&m=listspdb_bacteria&s=details&id=18142&listname=
P09794,AMY_STRLM,Alpha-amylase,Streptomyces limosus,28,confirmed,MARRLATASLAVLAAAATAL...,http://www.signalpeptide.de/index.php?sess=&m=listspdb_bacteria&s=details&id=18147&listname=
Q59544,APHA_MORMO,Class B acid phosphatase,Morganella morganii,23,confirmed,MRKLTLTLSALALALSLNSV...,http://www.signalpeptide.de/index.php?sess=&m=listspdb_bacteria&s=details&id=18155&listname=
P23954,BLO2_KLEOX,Beta-lactamase OXY-2,Klebsiella oxytoca,27,confirmed,MIKSSWRKIAMLAAAVPLLL...,http://www.signalpeptide.de/index.php?sess=&m=listspdb_bacteria&s=details&id=18184&listname=
P12676,CHOD_STRS0,Cholesterol oxidase,Streptomyces sp. (strain SA-COO),42,confirmed,MTAQQHLSRRRMLGMAAFGA...,http://www.signalpeptide.de/index.php?sess=&m=listspdb_bacteria&s=details&id=18252&listname=
O25825,CY553_HELPY,Cytochrome c-553,Helicobacter pylori,19,confirmed,MKKVIMALGVLAFANALMA,http://www.signalpeptide.de/index.php?sess=&m=listspdb_bacteria&s=details&id=18316&listname=
Q9RQB9,CYCA_METME,Cytochrome c'',Methylophilus methylotrophus,20,confirmed,MKIKTIIAVFGVLFSAHALA,http://www.signalpeptide.de/index.php?sess=&m=listspdb_bacteria&s=details&id=18317&listname=
P35150,DACB_BACSU,D-alanyl-D-alanine carboxypeptidase dacB,Bacillus subtilis,27,confirmed,MRIFKKAVFVIMISFLIATV...,http://www.signalpeptide.de/index.php?sess=&m=listspdb_bacteria&s=details&id=18327&listname=
P04067,EBAG_STRPL,Endo-beta-N-acetylglucosaminidase H,Streptomyces plicatus,41,confirmed,MFTPVRRRVRTAALALSAAA...,http://www.signalpeptide.de/index.php?sess=&m=listspdb_bacteria&s=details&id=18353&listname=
Q05202,FCUA_YEREN,Ferrichrome receptor fcuA,Yersinia enterocolitica,36,confirmed,MNQTISSRAPQKRLAPRLLC...,http://www.signalpeptide.de/index.php?sess=&m=listspdb_bacteria&s=details&id=18397&listname=
P0C6P2,FIB_STAAU,Fibrinogen-binding protein,Staphylococcus aureus,29,confirmed,MKNKLIAKSLLTIAAIGITT...,http://www.signalpeptide.de/index.php?sess=&m=listspdb_bacteria&s=details&id=18407&listname=
P21982,FLAA_SPIAU,Flagellar filament outer layer protein,Spirochaeta aurantia,21,confirmed,MKRFFAILGAALFVGNSGAF...,http://www.signalpeptide.de/index.php?sess=&m=listspdb_bacteria&s=details&id=18410&listname=
P11312,FMF3_ECOLX,F17 fimbrial protein,Escherichia coli,21,confirmed,MQKIQFILGILAAASSSATL...,http://www.signalpeptide.de/index.php?sess=&m=listspdb_bacteria&s=details&id=18424&listname=
Q07WU7,FRDA_SHEFN,Fumarate reductase flavoprotein subunit,Shewanella frigidimarina (strain NCIMB 400),25,confirmed,MKKMNLAVCIATLMGTAGLM...,http://www.signalpeptide.de/index.php?sess=&m=listspdb_bacteria&s=details&id=18428&listname=
P23550,GUNB_PAELA,Endoglucanase B,Paenibacillus lautus,30,confirmed,MKKRRSSKVILSLAIVVALL...,http://www.signalpeptide.de/index.php?sess=&m=listspdb_bacteria&s=details&id=18486&listname=
P16630,GUNS_PECCC,Endoglucanase S,Pectobacterium carotovorum subsp. carotovorum,32,confirmed,MQTVNTQPHRIFRVLLPAVF...,http://www.signalpeptide.de/index.php?sess=&m=listspdb_bacteria&s=details&id=18487&listname=
P24092,HMWC_DESVH,High-molecular-weight cytochrome c,Desulfovibrio vulgaris (strain Hildenborough / ATCC 29579 / NCIMB 8303),31,confirmed,MRNGRTLLRWAGVLAATAII...,http://www.signalpeptide.de/index.php?sess=&m=listspdb_bacteria&s=details&id=18512&listname=
P09790,IGA_NEIGO,IgA-specific serine endopeptidase,Neisseria gonorrhoeae,27,confirmed,MKAKRFKINAISLSIFLAYA...,http://www.signalpeptide.de/index.php?sess=&m=listspdb_bacteria&s=details&id=18533&listname=
O33599,LYTM_STAA8,Glycyl-glycine endopeptidase lytM,Staphylococcus aureus (strain NCTC 8325),25,confirmed,MKKLTAAAIATMGFATFTMA...,http://www.signalpeptide.de/index.php?sess=&m=listspdb_bacteria&s=details&id=18633&listname=
Q53599,MAP1_STAAU,Protein map,Staphylococcus aureus,30,confirmed,MKFKSLITTTLALGVIASTG...,http://www.signalpeptide.de/index.php?sess=&m=listspdb_bacteria&s=details&id=18640&listname=
P04129,MERP_SHIFL,Mercuric transport protein periplasmic component,Shigella flexneri,19,confirmed,MKKLFASLALAAAVAPVWA,http://www.signalpeptide.de/index.php?sess=&m=listspdb_bacteria&s=details&id=18648&listname=
P45996,OMP53_HAEIN,Outer membrane protein P5,Haemophilus influenzae,21,confirmed,MKKTAIALVVAGLAAASVAQ...,http://www.signalpeptide.de/index.php?sess=&m=listspdb_bacteria&s=details&id=18722&listname=
Q01969,OMPA_THEMA,Outer membrane protein alpha,Thermotoga maritima,20,confirmed,MKRVLLTVAMLSVFFSAMFA,http://www.signalpeptide.de/index.php?sess=&m=listspdb_bacteria&s=details&id=18723&listname=
Q48220,OPP2B_HAEIN,Outer membrane protein P2,Haemophilus influenzae,20,confirmed,MKKTLAALIVGAFAASAANA,http://www.signalpeptide.de/index.php?sess=&m=listspdb_bacteria&s=details&id=18728&listname=
P10324,PAL_HAEIN,Outer membrane protein P6,Haemophilus influenzae,19,confirmed,MNKFVKSLLVAGSVAALAA,http://www.signalpeptide.de/index.php?sess=&m=listspdb_bacteria&s=details&id=18754&listname=
P39116,PEL_BACSU,Pectate lyase,Bacillus subtilis,21,confirmed,MKKVMLATALFLGLTPAGAN...,http://www.signalpeptide.de/index.php?sess=&m=listspdb_bacteria&s=details&id=18772&listname=
P27458,PRLB_ACHLY,Beta-lytic metalloendopeptidase,Achromobacter lyticus,24,confirmed,MKKISKAGLGLALVCALATI...,http://www.signalpeptide.de/index.php?sess=&m=listspdb_bacteria&s=details&id=18809&listname=
P00776,PRTA_STRGR,Streptogrisin-A,Streptomyces griseus,38,confirmed,MTFKRFSPLSSTSRYARLLA...,http://www.signalpeptide.de/index.php?sess=&m=listspdb_bacteria&s=details&id=18818&listname=
Q9S1G7,SERC_THASE,Selenate reductase subunit gamma,Thauera selenatis,28,confirmed,MRTSSMMKRMAAMSLAAAAA...,http://www.signalpeptide.de/index.php?sess=&m=listspdb_bacteria&s=details&id=18881&listname=
P0AGD1,SODC_ECOLI,Superoxide dismutase [Cu-Zn],Escherichia coli (strain K12),19,confirmed,MKRFSLAILALVVATGAQA,http://www.signalpeptide.de/index.php?sess=&m=listspdb_bacteria&s=details&id=18899&listname=
Q2FZL3,SSPB_STAA8,Staphopain B,Staphylococcus aureus (strain NCTC 8325),36,confirmed,MNSSCKSRVFNIISIIMVSM...,http://www.signalpeptide.de/index.php?sess=&m=listspdb_bacteria&s=details&id=18917&listname=
P07767,STC1_STAAU,Staphylocoagulase,Staphylococcus aureus,26,confirmed,MKKQIISLGALAVASSLFTW...,http://www.signalpeptide.de/index.php?sess=&m=listspdb_bacteria&s=details&id=18918&listname=
P22365,AMCY_PARVE,Amicyanin,Paracoccus versutus,26,confirmed,MISAKTLRPAIAAIALFAIG...,http://www.signalpeptide.de/index.php?sess=&m=listspdb_bacteria&s=details&id=19128&listname=
P10424,BLA1_BACCE,Beta-lactamase 1,Bacillus cereus,43,confirmed,MKNKKMLKIGMCVGILGLSI...,http://www.signalpeptide.de/index.php?sess=&m=listspdb_bacteria&s=details&id=19175&listname=
P0ABE7,C562_ECOLX,Soluble cytochrome b562,Escherichia coli,22,confirmed,MRKSLLAILAVSSLVFSSAS...,http://www.signalpeptide.de/index.php?sess=&m=listspdb_bacteria&s=details&id=19195&listname=
P31835,CDGT2_PAEMA,Cyclomaltodextrin glucanotransferase,Paenibacillus macerans,27,confirmed,MKKQVKWLTSVSMSVGIALG...,http://www.signalpeptide.de/index.php?sess=&m=listspdb_bacteria&s=details&id=19233&listname=
Q54468,CHB_SERMA,Chitobiase,Serratia marcescens,27,confirmed,MNAFKLSALARLTATMGFLG...,http://www.signalpeptide.de/index.php?sess=&m=listspdb_bacteria&s=details&id=19242&listname=
P11797,CHIB_SERMA,Chitinase B,Serratia marcescens,41,confirmed,MSTRKAVIGYYFIPTNQINN...,http://www.signalpeptide.de/index.php?sess=&m=listspdb_bacteria&s=details&id=19245&listname=
P0ABW7,CSOA_ECOLX,CS1 fimbrial subunit A,Escherichia coli,23,confirmed,MKLKKTIGAMALATLFATMG...,http://www.signalpeptide.de/index.php?sess=&m=listspdb_bacteria&s=details&id=19280&listname=
P00096,CY550_PARDE,Cytochrome c-550,Paracoccus denitrificans,20,confirmed,MKISIYATLAAITLALPAAA,http://www.signalpeptide.de/index.php?sess=&m=listspdb_bacteria&s=details&id=19307&listname=
Q52369,CYC4_PSEST,Cytochrome c4,Pseudomonas stutzeri,20,confirmed,MNKVLVSLLLTLGITGMAHA,http://www.signalpeptide.de/index.php?sess=&m=listspdb_bacteria&s=details&id=19309&listname=
P13626,CYF_NOSSP,Apocytochrome f,Nostoc sp. (strain PCC 7906),44,confirmed,MRNASVTARLTRSVRAIVKT...,http://www.signalpeptide.de/index.php?sess=&m=listspdb_bacteria&s=details&id=19312&listname=
P23659,GUNZ_CLOSR,Endoglucanase Z,Clostridium stercorarium,25,confirmed,MRKFYSFAIIISLLVTGLFI...,http://www.signalpeptide.de/index.php?sess=&m=listspdb_bacteria&s=details&id=19474&listname=
P18958,INH_ERWCH,Proteinase inhibitor,Erwinia chrysanthemi,19,confirmed,MKQLIIATLLSALSGGCMA,http://www.signalpeptide.de/index.php?sess=&m=listspdb_bacteria&s=details&id=19523&listname=
Q9X6B0,KATG_YERPE,Catalase-peroxidase,Yersinia pestis,23,confirmed,MLKKILPVLITLAIVHNTPT...,http://www.signalpeptide.de/index.php?sess=&m=listspdb_bacteria&s=details&id=19549&listname=
P51752,MIP_COXBU,Peptidyl-prolyl cis-trans isomerase Mip,Coxiella burnetii,21,confirmed,MKRLILPFLSVGLLLGTTAH...,http://www.signalpeptide.de/index.php?sess=&m=listspdb_bacteria&s=details&id=19628&listname=
P20910,MYCO_STRCI,Mycolysin,Streptomyces cacaoi,34,confirmed,MPMFRIRLPKPAALIAAGGI...,http://www.signalpeptide.de/index.php?sess=&m=listspdb_bacteria&s=details&id=19655&listname=
P0AFB1,NLPI_ECOLI,Lipoprotein nlpI,Escherichia coli (strain K12),18,confirmed,MKPFLRWCFVATALTLAG,http://www.signalpeptide.de/index.php?sess=&m=listspdb_bacteria&s=details&id=19674&listname=
P13415,OMPA1_NEIMC,Major outer membrane protein P.IA,Neisseria meningitidis serogroup C,19,confirmed,MRKKLTALVLSALPLAAVA,http://www.signalpeptide.de/index.php?sess=&m=listspdb_bacteria&s=details&id=19710&listname=
P30687,OMPB2_NEIMB,Major outer membrane protein P.IB,Neisseria meningitidis serogroup B,19,confirmed,MKKSLIALTLAALPVAAMA,http://www.signalpeptide.de/index.php?sess=&m=listspdb_bacteria&s=details&id=19711&listname=
P76045,OMPG_ECOLI,Outer membrane protein G,Escherichia coli (strain K12),21,confirmed,MKKLLPCTALVMCAGMACAQ...,http://www.signalpeptide.de/index.php?sess=&m=listspdb_bacteria&s=details&id=19712&listname=
P16271,P1P_LACLC,PI-type proteinase,Lactococcus lactis subsp. cremoris,33,confirmed,MQRKKKGLSILLAGTVALGA...,http://www.signalpeptide.de/index.php?sess=&m=listspdb_bacteria&s=details&id=19730&listname=
P0C1C2,PEL3_ERWCA,Pectate lyase 3,Erwinia carotovora,22,confirmed,MKYLLPSAAAGLLLLAAQPT...,http://www.signalpeptide.de/index.php?sess=&m=listspdb_bacteria&s=details&id=19764&listname=
P20626,PLD_CORPS,Phospholipase D,Corynebacterium pseudotuberculosis,24,confirmed,MREKVVLFLSIIMAIMLPVG...,http://www.signalpeptide.de/index.php?sess=&m=listspdb_bacteria&s=details&id=19789&listname=
P80672,PORA_CAMJE,Major outer membrane protein,Campylobacter jejuni,22,confirmed,MKLVKLSLVAALAAGAFSAA...,http://www.signalpeptide.de/index.php?sess=&m=listspdb_bacteria&s=details&id=19802&listname=
P00777,PRTB_STRGR,Streptogrisin-B,Streptomyces griseus,38,confirmed,MRIKRTSNRSNAARRVRTTA...,http://www.signalpeptide.de/index.php?sess=&m=listspdb_bacteria&s=details&id=19819&listname=
P02925,RBSB_ECOLI,D-ribose-binding periplasmic protein,Escherichia coli (strain K12),25,confirmed,MNMKKLATLVSAVALSATVS...,http://www.signalpeptide.de/index.php?sess=&m=listspdb_bacteria&s=details&id=19839&listname=
P22629,SAV_STRAV,Streptavidin,Streptomyces avidinii,24,confirmed,MRKIVVAAIAVSLTTVSITA...,http://www.signalpeptide.de/index.php?sess=&m=listspdb_bacteria&s=details&id=19866&listname=
P0C1S6,SSPB_STAAU,Staphopain B,Staphylococcus aureus,36,confirmed,MNSSCKTRVFNIISIIMVSM...,http://www.signalpeptide.de/index.php?sess=&m=listspdb_bacteria&s=details&id=19920&listname=
P14768,XYNA_PSEFL,"Endo-1,4-beta-xylanase A",Pseudomonas fluorescens,26,confirmed,MRTAMAKSLGAAAFLGAALF...,http://www.signalpeptide.de/index.php?sess=&m=listspdb_bacteria&s=details&id=20026&listname=
P0A940,YAET_ECOLI,Outer membrane protein assembly factor yaeT,Escherichia coli (strain K12),20,confirmed,MAMKKLLIASLLFSSATVYG,http://www.signalpeptide.de/index.php?sess=&m=listspdb_bacteria&s=details&id=20066&listname=
P23616,ALDC_BREBE,Alpha-acetolactate decarboxylase,Brevibacillus brevis,25,confirmed,MKKNIITSITSLALVAGLSL...,http://www.signalpeptide.de/index.php?sess=&m=listspdb_bacteria&s=details&id=20136&listname=
P13050,ARP4_STRPY,IgA receptor,Streptococcus pyogenes,41,confirmed,MARKDTNKQYSLRKLKTGTA...,http://www.signalpeptide.de/index.php?sess=&m=listspdb_bacteria&s=details&id=20159&listname=
P30859,ARTI_ECOLI,Arginine-binding periplasmic protein 1,Escherichia coli (strain K12),19,confirmed,MKKVLIAALIAGFSLSATA,http://www.signalpeptide.de/index.php?sess=&m=listspdb_bacteria&s=details&id=20161&listname=
P00101,CY551_PSEST,Cytochrome c-551,Pseudomonas stutzeri,22,confirmed,MKKILIPMLALGGALAMQPA...,http://www.signalpeptide.de/index.php?sess=&m=listspdb_bacteria&s=details&id=20305&listname=
P07497,CYC6_SYNP6,Cytochrome c6,Synechococcus sp. (strain ATCC 27144 / PCC 6301 / SAUG 1402/1),24,confirmed,MKRILGTAIAALVVLLAFIA...,http://www.signalpeptide.de/index.php?sess=&m=listspdb_bacteria&s=details&id=20307&listname=
Q8GPG4,DDHA_RHOSU,Dimethylsulfide dehydrogenase subunit alpha,Rhodovulum sulfidophilum,28,confirmed,MLRTTRRTLMQGASLVGAGL...,http://www.signalpeptide.de/index.php?sess=&m=listspdb_bacteria&s=details&id=20323&listname=
P18775,DMSA_ECOLI,Anaerobic dimethyl sulfoxide reductase chain A,Escherichia coli (strain K12),45,confirmed,MKTKIPDAVLAAEVSRRGLV...,http://www.signalpeptide.de/index.php?sess=&m=listspdb_bacteria&s=details&id=20341&listname=
P0A0L5,ENTC3_STAAU,Enterotoxin type C-3,Staphylococcus aureus,27,confirmed,MYKRLFISRVILIFALILVI...,http://www.signalpeptide.de/index.php?sess=&m=listspdb_bacteria&s=details&id=20366&listname=
P12993,ETXE_STAAU,Enterotoxin type E,Staphylococcus aureus,27,confirmed,MKKTAFILLLFIALTLTTSP...,http://www.signalpeptide.de/index.php?sess=&m=listspdb_bacteria&s=details&id=20380&listname=
P32520,FLAA1_TREHY,Flagellar filament outer layer protein flaA1,Treponema hyodysenteriae,19,confirmed,MKKLFVVLTSIFIAASAYG,http://www.signalpeptide.de/index.php?sess=&m=listspdb_bacteria&s=details&id=20416&listname=
P05788,FM2_BORPE,Serotype 2 fimbrial subunit,Bordetella pertussis,26,confirmed,MQIPFQRALRLCLRAALAAI...,http://www.signalpeptide.de/index.php?sess=&m=listspdb_bacteria&s=details&id=20428&listname=
P13421,FMA_SERMA,Fimbria A protein,Serratia marcescens,22,confirmed,MKLNKIMLATVLAFGVSSLA...,http://www.signalpeptide.de/index.php?sess=&m=listspdb_bacteria&s=details&id=20429&listname=
P15320,HLYA_SERMA,Hemolysin,Serratia marcescens,30,confirmed,MKNNNFRLSAAGKLAAALAI...,http://www.signalpeptide.de/index.php?sess=&m=listspdb_bacteria&s=details&id=20511&listname=
O07532,LYTF_BACSU,Endopeptidase lytF,Bacillus subtilis,26,confirmed,MKKKLAAGLTASAIVGTTLV...,http://www.signalpeptide.de/index.php?sess=&m=listspdb_bacteria&s=details&id=20638&listname=
P0AEX9,MALE_ECOLI,Maltose-binding periplasmic protein,Escherichia coli (strain K12),26,confirmed,MKIKTGARILALSALTTMMF...,http://www.signalpeptide.de/index.php?sess=&m=listspdb_bacteria&s=details&id=20644&listname=
P0A908,MIPA_ECOLI,MltA-interacting protein,Escherichia coli (strain K12),22,confirmed,MTKLKLLALGVLIATSAGVA...,http://www.signalpeptide.de/index.php?sess=&m=listspdb_bacteria&s=details&id=20659&listname=
P37329,MODA_ECOLI,Molybdate-binding periplasmic protein,Escherichia coli (strain K12),24,confirmed,MARKWLNLFAGAALSFAVAG...,http://www.signalpeptide.de/index.php?sess=&m=listspdb_bacteria&s=details&id=20670&listname=
P23421,MOMPB_CHLTR,"Major outer membrane porin, serovar B",Chlamydia trachomatis,22,confirmed,MKKLLKSVLVFAALSSASSL...,http://www.signalpeptide.de/index.php?sess=&m=listspdb_bacteria&s=details&id=20671&listname=
P16946,MX_STRP9,Virulence factor-related M protein,Streptococcus pyogenes serotype M49,41,confirmed,MARQQTKKNYSLRKLKTGTA...,http://www.signalpeptide.de/index.php?sess=&m=listspdb_bacteria&s=details&id=20681&listname=
P24040,NIRS_PSEST,Nitrite reductase,Pseudomonas stutzeri,26,confirmed,MSNVGKPILAGLIAGLSLLG...,http://www.signalpeptide.de/index.php?sess=&m=listspdb_bacteria&s=details&id=20698&listname=
P0A910,OMPA_ECOLI,Outer membrane protein A,Escherichia coli (strain K12),21,confirmed,MKKTAIAIAVALAGFATVAQ...,http://www.signalpeptide.de/index.php?sess=&m=listspdb_bacteria&s=details&id=20733&listname=
P29739,OMPH_PHOPR,Porin-like protein H,Photobacterium profundum,19,confirmed,MKKTLVALAILTAAGSANA,http://www.signalpeptide.de/index.php?sess=&m=listspdb_bacteria&s=details&id=20734&listname=
P15922,PEHX_ERWCH,Exo-poly-alpha-D-galacturonosidase,Erwinia chrysanthemi,27,confirmed,MKVITFSRRSALASIVATCL...,http://www.signalpeptide.de/index.php?sess=&m=listspdb_bacteria&s=details&id=20775&listname=
P50057,PLAS_PROHO,Plastocyanin,Prochlorothrix hollandica,34,confirmed,MKFFASLSKRFAPVLSLVVL...,http://www.signalpeptide.de/index.php?sess=&m=listspdb_bacteria&s=details&id=20795&listname=
P42251,PPBD_BACSU,Alkaline phosphatase D,Bacillus subtilis,56,confirmed,MAYDSRFDEWVQKLKEESFQ...,http://www.signalpeptide.de/index.php?sess=&m=listspdb_bacteria&s=details&id=20808&listname=
P11472,PSBO_SYNE7,Photosystem II manganese-stabilizing polypeptide,Synechococcus elongatus (strain PCC 7942),27,confirmed,MRYRAFLAAFLAVCLGVLTA...,http://www.signalpeptide.de/index.php?sess=&m=listspdb_bacteria&s=details&id=20825&listname=
P34957,QOX2_BACSU,Quinol oxidase subunit 2,Bacillus subtilis,26,confirmed,MVIFLFRALKPLLVLALLTV...,http://www.signalpeptide.de/index.php?sess=&m=listspdb_bacteria&s=details&id=20838&listname=
P31306,SARA_STRGC,Oligopeptide-binding protein sarA,Streptococcus gordonii (strain Challis / ATCC 35105 / CH1 / DL1 / V288),22,confirmed,MKKGKILALAGVALLATGVL...,http://www.signalpeptide.de/index.php?sess=&m=listspdb_bacteria&s=details&id=20870&listname=
Q9S1H0,SERA_THASE,Selenate reductase subunit alpha,Thauera selenatis,36,confirmed,MRKVMNSPDDGNGRRRFLQF...,http://www.signalpeptide.de/index.php?sess=&m=listspdb_bacteria&s=details&id=20891&listname=
P15453,SODC_BRUAB,Superoxide dismutase [Cu-Zn],Brucella abortus,19,confirmed,MKSLFIASTMVLMAFPAFA,http://www.signalpeptide.de/index.php?sess=&m=listspdb_bacteria&s=details&id=20908&listname=
P00446,SODC_PHOLE,Superoxide dismutase [Cu-Zn],Photobacterium leiognathi,22,confirmed,MNKAKTLLFTALAFGLSHQA...,http://www.signalpeptide.de/index.php?sess=&m=listspdb_bacteria&s=details&id=20909&listname=
P50470,SPH_STRP1,Immunoglobulin G-binding protein H,Streptococcus pyogenes serotype M1,41,confirmed,MTRQQTKKNYSLRKLKTGTA...,http://www.signalpeptide.de/index.php?sess=&m=listspdb_bacteria&s=details&id=20917&listname=
P10520,STRP_STRP1,Streptokinase A,Streptococcus pyogenes serotype M1,26,confirmed,MKNYLSIGVIALLFALTFGT...,http://www.signalpeptide.de/index.php?sess=&m=listspdb_bacteria&s=details&id=20937&listname=
P19478,TA34_TREPA,34 kDa membrane antigen,Treponema pallidum,19,confirmed,MKRVSLLGSAAIFALVFSA,http://www.signalpeptide.de/index.php?sess=&m=listspdb_bacteria&s=details&id=20946&listname=
P31831,TACY_LISIV,Ivanolysin,Listeria ivanovii,23,confirmed,MKKIMLLLMTLLLVSLPLAQ...,http://www.signalpeptide.de/index.php?sess=&m=listspdb_bacteria&s=details&id=20947&listname=
P33225,TORA_ECOLI,Trimethylamine-N-oxide reductase 1,Escherichia coli (strain K12),39,confirmed,MNNNDLFQASRRRFLAQLGG...,http://www.signalpeptide.de/index.php?sess=&m=listspdb_bacteria&s=details&id=20977&listname=
P36917,XYNA_THESA,"Endo-1,4-beta-xylanase A",Thermoanaerobacter saccharolyticum,33,confirmed,MMKNNVDRIVSIVTALIMIF...,http://www.signalpeptide.de/index.php?sess=&m=listspdb_bacteria&s=details&id=21063&listname=
P19531,AMYM_BACST,Maltogenic alpha-amylase,Bacillus stearothermophilus,33,confirmed,MKKKTLSLFVGLMLLIGLLF...,http://www.signalpeptide.de/index.php?sess=&m=listspdb_bacteria&s=details&id=21176&listname=
P27036,CDGT_BACOH,Cyclomaltodextrin glucanotransferase,Bacillus ohbensis,29,confirmed,MKNLTVLLKTIPLALLLFIL...,http://www.signalpeptide.de/index.php?sess=&m=listspdb_bacteria&s=details&id=21273&listname=
P07173,CYCR_RHOVI,Photosynthetic reaction center cytochrome c subunit,Rhodopseudomonas viridis,20,confirmed,MKQLIVNSVATVALASLVAG,http://www.signalpeptide.de/index.php?sess=&m=listspdb_bacteria&s=details&id=21344&listname=
P13812,E2AB_ECOLX,"Heat-labile enterotoxin IIA, B chain",Escherichia coli,19,confirmed,MSSKKIIGAFVLMTGILSG,http://www.signalpeptide.de/index.php?sess=&m=listspdb_bacteria&s=details&id=21384&listname=
Q7BSW5,ESPP_ECO57,Serine protease espP,Escherichia coli O157:H7,55,confirmed,MNKIYSLKYSHITGGLIAVS...,http://www.signalpeptide.de/index.php?sess=&m=listspdb_bacteria&s=details&id=21413&listname=
Q07792,ESTE_VIBMI,Arylesterase,Vibrio mimicus,19,confirmed,MIRLLSLVLFFCLSAASQA,http://www.signalpeptide.de/index.php?sess=&m=listspdb_bacteria&s=details&id=21415&listname=
P0A0L2,ETXA_STAAU,Enterotoxin type A,Staphylococcus aureus,24,confirmed,MKKTAFTLLLFIALTLTTSP...,http://www.signalpeptide.de/index.php?sess=&m=listspdb_bacteria&s=details&id=21416&listname=
P14190,FAEG2_ECOLX,K88 fimbrial protein AC,Escherichia coli,21,confirmed,MKKTLIALAIAASAASGMAH...,http://www.signalpeptide.de/index.php?sess=&m=listspdb_bacteria&s=details&id=21429&listname=
P12634,FLAD_CAUCR,Distal basal body ring component protein,Caulobacter crescentus,29,confirmed,MKAFLFAAAATLVITALSAP...,http://www.signalpeptide.de/index.php?sess=&m=listspdb_bacteria&s=details&id=21448&listname=
P0AEQ3,GLNH_ECOLI,Glutamine-binding periplasmic protein,Escherichia coli (strain K12),22,confirmed,MKSVLKVSLAALTLAFAVSS...,http://www.signalpeptide.de/index.php?sess=&m=listspdb_bacteria&s=details&id=21491&listname=
P0AEU0,HISJ_ECOLI,Histidine-binding periplasmic protein,Escherichia coli (strain K12),22,confirmed,MKKLVLSLSLVLAFSSATAA...,http://www.signalpeptide.de/index.php?sess=&m=listspdb_bacteria&s=details&id=21544&listname=
P09616,HLA_STAAU,Alpha-hemolysin,Staphylococcus aureus,26,confirmed,MKTRIVSSVTTTLLLGSILM...,http://www.signalpeptide.de/index.php?sess=&m=listspdb_bacteria&s=details&id=21545&listname=
P01092,IAA_STRTE,Alpha-amylase inhibitor HOE-467A,Streptomyces tendae,30,confirmed,MRVRALRLAALVGAGAALAL...,http://www.signalpeptide.de/index.php?sess=&m=listspdb_bacteria&s=details&id=21556&listname=
P31715,LUKF_STAAU,Leukocidin-F subunit,Staphylococcus aureus,25,confirmed,MKMNKLVKSSVATSMALLLL...,http://www.signalpeptide.de/index.php?sess=&m=listspdb_bacteria&s=details&id=21674&listname=
P19843,NOSD_PSEST,Copper-binding periplasmic protein,Pseudomonas stutzeri,27,confirmed,MFKAQATFSRYSAAVSLLLL...,http://www.signalpeptide.de/index.php?sess=&m=listspdb_bacteria&s=details&id=21759&listname=
P94127,NOSZ_ACHCY,Nitrous-oxide reductase,Achromobacter cycloclastes,46,confirmed,MESKEHKGLSRRALFSATAG...,http://www.signalpeptide.de/index.php?sess=&m=listspdb_bacteria&s=details&id=21760&listname=
P30691,OMPB_NEILA,Major outer membrane protein P.IB,Neisseria lactamica,19,confirmed,MKKSLIALTLAALPVAAMA,http://www.signalpeptide.de/index.php?sess=&m=listspdb_bacteria&s=details&id=21786&listname=
P07941,PAC_KLUCI,Penicillin G acylase,Kluyvera citrophila,26,confirmed,MKNRNRMIVNGIVTSLICCS...,http://www.signalpeptide.de/index.php?sess=&m=listspdb_bacteria&s=details&id=21814&listname=
P08954,PLC_BACTU,1-phosphatidylinositol phosphodiesterase,Bacillus thuringiensis,31,confirmed,MSNKKLILKLFICSTIFITF...,http://www.signalpeptide.de/index.php?sess=&m=listspdb_bacteria&s=details&id=21862&listname=
P31522,PSAA_YERPE,pH 6 antigen,Yersinia pestis,26,confirmed,MKMKCFAKNALAVTTLMIAA...,http://www.signalpeptide.de/index.php?sess=&m=listspdb_bacteria&s=details&id=21893&listname=
P0A2C5,RBSB_SALTY,D-ribose-binding periplasmic protein,Salmonella typhimurium,25,confirmed,MNMKKLATLVSAVALSATVS...,http://www.signalpeptide.de/index.php?sess=&m=listspdb_bacteria&s=details&id=21913&listname=
P07643,TMPA_TREPA,Treponemal membrane protein A,Treponema pallidum,21,confirmed,MNAHTLVYSGVALACAAMLG...,http://www.signalpeptide.de/index.php?sess=&m=listspdb_bacteria&s=details&id=22022&listname=
P11439,TOXA_PSEAE,Exotoxin A,Pseudomonas aeruginosa,25,confirmed,MHLTPHWIPLVASLGLLAGG...,http://www.signalpeptide.de/index.php?sess=&m=listspdb_bacteria&s=details&id=22036&listname=
P26514,XYNA_STRLI,"Endo-1,4-beta-xylanase A",Streptomyces lividans,41,confirmed,MGSYALPRSGVRRSIRVLLL...,http://www.signalpeptide.de/index.php?sess=&m=listspdb_bacteria&s=details&id=22109&listname=
P39172,ZNUA_ECOLI,High-affinity zinc uptake system protein znuA,Escherichia coli (strain K12),26,confirmed,MLHKKTLLFAALSAALWGGA...,http://www.signalpeptide.de/index.php?sess=&m=listspdb_bacteria&s=details&id=22193&listname=
P82593,ABF1_STRCX,Alpha-N-arabinofuranosidase 1,Streptomyces chartreusis,29,confirmed,MSRIRWRYGTAATALLVAAG...,http://www.signalpeptide.de/index.php?sess=&m=listspdb_bacteria&s=details&id=22206&listname=
P19567,AZUP_ACHCY,Pseudoazurin,Achromobacter cycloclastes,28,confirmed,MEKTMLNAIKSGFGIAIAAM...,http://www.signalpeptide.de/index.php?sess=&m=listspdb_bacteria&s=details&id=22263&listname=
P14489,BLO10_PSEAE,Beta-lactamase OXA-10,Pseudomonas aeruginosa,20,confirmed,MKTFAAYVIIACLSSTALAG,http://www.signalpeptide.de/index.php?sess=&m=listspdb_bacteria&s=details&id=22280&listname=
P42517,CHMU_ENTAG,Monofunctional chorismate mutase,Enterobacter agglomerans,20,confirmed,MTHFVAIFFSSLFMCSNVFA,http://www.signalpeptide.de/index.php?sess=&m=listspdb_bacteria&s=details&id=22345&listname=
P00091,CYC22_RHOPA,Cytochrome c2,Rhodopseudomonas palustris,25,confirmed,MVKKLLTILSIAATAGSLSI...,http://www.signalpeptide.de/index.php?sess=&m=listspdb_bacteria&s=details&id=22406&listname=
P39042,DACX_STRSK,D-alanyl-D-alanine carboxypeptidase,Streptomyces sp. (strain K15),29,confirmed,MRLRRAAATVITTGALLAAG...,http://www.signalpeptide.de/index.php?sess=&m=listspdb_bacteria&s=details&id=22416&listname=
P23827,ECOT_ECOLI,Ecotin,Escherichia coli (strain K12),20,confirmed,MKTILPAVLFAAFATTSAWA,http://www.signalpeptide.de/index.php?sess=&m=listspdb_bacteria&s=details&id=22456&listname=
P09332,ETB_STAAU,Exfoliative toxin B,Staphylococcus aureus,31,confirmed,MDKNMFKKIILAASIFTISL...,http://www.signalpeptide.de/index.php?sess=&m=listspdb_bacteria&s=details&id=22484&listname=
Q99003,F17AG_ECOLX,F17a-G fimbrial adhesin,Escherichia coli,22,confirmed,MTNFYKVFLAVFILVCCNIS...,http://www.signalpeptide.de/index.php?sess=&m=listspdb_bacteria&s=details&id=22491&listname=
P37902,GLTI_ECOLI,Glutamate/aspartate periplasmic-binding protein,Escherichia coli (strain K12),22,confirmed,MQLRKPATAILALALSAGLA...,http://www.signalpeptide.de/index.php?sess=&m=listspdb_bacteria&s=details&id=22565&listname=
P27035,GUNA_STRLI,Endoglucanase celA,Streptomyces lividans,27,confirmed,MKRLLALLATGVSIVGLTAL...,http://www.signalpeptide.de/index.php?sess=&m=listspdb_bacteria&s=details&id=22595&listname=
P17215,LIVJ_SALTY,Leu/Ile/Val/Thr-binding protein,Salmonella typhimurium,21,confirmed,MKGKTLLAGCIALSLSHMAF...,http://www.signalpeptide.de/index.php?sess=&m=listspdb_bacteria&s=details&id=22714&listname=
P69776,LPP_ECOLI,Major outer membrane lipoprotein,Escherichia coli (strain K12),20,confirmed,MKATKLVLGAVILGSTLLAG,http://www.signalpeptide.de/index.php?sess=&m=listspdb_bacteria&s=details&id=22726&listname=
P31892,MBHS_RALEH,Uptake hydrogenase small subunit,Ralstonia eutropha (strain ATCC 17699 / H16 / DSM 428 / Stanier 337),43,confirmed,MVETFYEVMRRQGISRRSFL...,http://www.signalpeptide.de/index.php?sess=&m=listspdb_bacteria&s=details&id=22749&listname=
P19542,MOMPL_CHLTR,"Major outer membrane porin, serovar L1",Chlamydia trachomatis,22,confirmed,MKKLLKSVLVFAALSSASSL...,http://www.signalpeptide.de/index.php?sess=&m=listspdb_bacteria&s=details&id=22778&listname=
P46739,NFAA_ECOLX,Non-fimbrial adhesin 1,Escherichia coli,28,confirmed,MKAKKYENQIYNENGRRCQR...,http://www.signalpeptide.de/index.php?sess=&m=listspdb_bacteria&s=details&id=22802&listname=
P0A903,NLPB_ECOLI,Lipoprotein 34,Escherichia coli (strain K12),24,confirmed,MAYSVQKSRLAKVAGVSLVL...,http://www.signalpeptide.de/index.php?sess=&m=listspdb_bacteria&s=details&id=22805&listname=
Q48473,OMPC_KLEPN,Outer membrane protein C,Klebsiella pneumoniae,21,confirmed,MKVKVLSLLVPALLVAGAAN...,http://www.signalpeptide.de/index.php?sess=&m=listspdb_bacteria&s=details&id=22832&listname=
P20149,OPP22_HAEIN,Outer membrane protein P2,Haemophilus influenzae,20,confirmed,MKKTLAALIVGAFAASAANA,http://www.signalpeptide.de/index.php?sess=&m=listspdb_bacteria&s=details&id=22837&listname=
P04959,PELB_ERWCH,Pectate lyase B,Erwinia chrysanthemi,22,confirmed,MKSLITPIAAGLLLAFSQYS...,http://www.signalpeptide.de/index.php?sess=&m=listspdb_bacteria&s=details&id=22892&listname=
P20041,PGLR2_RALSO,Polygalacturonase,Ralstonia solanacearum,21,confirmed,MNHRYTLLALAAAALSAGAH...,http://www.signalpeptide.de/index.php?sess=&m=listspdb_bacteria&s=details&id=22903&listname=
P0AFL3,PPIA_ECOLI,Peptidyl-prolyl cis-trans isomerase A,Escherichia coli (strain K12),24,confirmed,MFKSTLAAMAAVFALSALSP...,http://www.signalpeptide.de/index.php?sess=&m=listspdb_bacteria&s=details&id=22930&listname=
Q9X7I4,PSAF_PROMA,Photosystem I reaction center subunit III,Prochlorococcus marinus,23,confirmed,MRRLFSILLSAFLLLGLAPI...,http://www.signalpeptide.de/index.php?sess=&m=listspdb_bacteria&s=details&id=22946&listname=
P0ADC1,RLPB_ECOLI,LPS-assembly lipoprotein rlpB,Escherichia coli (strain K12),18,confirmed,MRYLATLLLSLAVLITAG,http://www.signalpeptide.de/index.php?sess=&m=listspdb_bacteria&s=details&id=22963&listname=
P11701,SACB_STRMU,Levansucrase,Streptococcus mutans,34,confirmed,METKVRKKMYKKGKFWVVAT...,http://www.signalpeptide.de/index.php?sess=&m=listspdb_bacteria&s=details&id=22976&listname=
Q8VSL2,SEPA_SHIFL,Serine protease sepA,Shigella flexneri,56,confirmed,MNKIYYLKYCHITKSLIAVS...,http://www.signalpeptide.de/index.php?sess=&m=listspdb_bacteria&s=details&id=22991&listname=
P35823,SLAP_AERSA,S-layer protein,Aeromonas salmonicida,21,confirmed,MFKKTLIAAAIVVGSAAPAF...,http://www.signalpeptide.de/index.php?sess=&m=listspdb_bacteria&s=details&id=23004&listname=
P0AE06,ACRA_ECOLI,Acriflavine resistance protein A,Escherichia coli (strain K12),24,confirmed,MNKNRGFTPLAVVLMLSGSL...,http://www.signalpeptide.de/index.php?sess=&m=listspdb_bacteria&s=details&id=23232&listname=
P24735,AMPC_PSEAE,Beta-lactamase,Pseudomonas aeruginosa,26,confirmed,MRDTRFPCLCGIAASTLLFA...,http://www.signalpeptide.de/index.php?sess=&m=listspdb_bacteria&s=details&id=23245&listname=
Q7M1T6,AMP_ONYPE,Antigenic membrane protein,Onion yellows phytoplasma,32,confirmed,MQNQKNQKSLVAKVLVLFAA...,http://www.signalpeptide.de/index.php?sess=&m=listspdb_bacteria&s=details&id=23246&listname=
P30860,ARTJ_ECOLI,Arginine-binding periplasmic protein 2,Escherichia coli (strain K12),19,confirmed,MKKLVLAALLASFTFGASA,http://www.signalpeptide.de/index.php?sess=&m=listspdb_bacteria&s=details&id=23263&listname=
P14488,BLAB_BACCE,Beta-lactamase 2,Bacillus cereus,29,confirmed,MKNTLLKLGVCVSLLGITPF...,http://www.signalpeptide.de/index.php?sess=&m=listspdb_bacteria&s=details&id=23286&listname=
P17315,CIRA_ECOLI,Colicin I receptor,Escherichia coli (strain K12),25,confirmed,MFRLNPFVRVGLCLSAISCA...,http://www.signalpeptide.de/index.php?sess=&m=listspdb_bacteria&s=details&id=23341&listname=
Q58AD3,COPK_RALME,Copper resistance protein K,Ralstonia metallidurans (strain CH34 / ATCC 43123 / DSM 2839),20,confirmed,MKQKLMVGAFIAAVSLSAAA,http://www.signalpeptide.de/index.php?sess=&m=listspdb_bacteria&s=details&id=23361&listname=
P14892,CWLA_BACSP,N-acetylmuramoyl-L-alanine amidase cwlA,Bacillus sp,37,confirmed,MEIKQMLVPVSRYSVLCPYE...,http://www.signalpeptide.de/index.php?sess=&m=listspdb_bacteria&s=details&id=23394&listname=
Q8GPG1,DDHC_RHOSU,Dimethylsulfide dehydrogenase subunit gamma,Rhodovulum sulfidophilum,25,confirmed,MPGFRFLLAATAAFLATSPA...,http://www.signalpeptide.de/index.php?sess=&m=listspdb_bacteria&s=details&id=23419&listname=
Q52675,DMSA_RHOCA,Dimethyl sulfoxide/trimethylamine N-oxide reductase,Rhodobacter capsulatus,42,confirmed,MTKFSGNELRAELYRRAFLS...,http://www.signalpeptide.de/index.php?sess=&m=listspdb_bacteria&s=details&id=23434&listname=
P0C6P1,EMP_STAAU,Extracellular matrix protein-binding protein emp,Staphylococcus aureus,26,confirmed,MKKKLLVLTMSTLFATQLIN...,http://www.signalpeptide.de/index.php?sess=&m=listspdb_bacteria&s=details&id=23452&listname=
P09331,ETA_STAAU,Exfoliative toxin A,Staphylococcus aureus,38,confirmed,MNNSKIISKVLLSLSLFTVG...,http://www.signalpeptide.de/index.php?sess=&m=listspdb_bacteria&s=details&id=23472&listname=
P31697,FIMC_ECOLI,Chaperone protein fimC,Escherichia coli (strain K12),36,confirmed,MSNKNVNVRKSQEITFCLLA...,http://www.signalpeptide.de/index.php?sess=&m=listspdb_bacteria&s=details&id=23504&listname=
P12267,FM3_KLEPN,Fimbrial subunit type 3,Klebsiella pneumoniae,22,confirmed,MKKVLLSAAMATAFFGMAAA...,http://www.signalpeptide.de/index.php?sess=&m=listspdb_bacteria&s=details&id=23518&listname=
P07980,GUB_BACAM,Beta-glucanase,Bacillus amyloliquefaciens,25,confirmed,MKRVLLILVTGLFMSLCGIT...,http://www.signalpeptide.de/index.php?sess=&m=listspdb_bacteria&s=details&id=23571&listname=
P26221,GUN4_THEFU,Endoglucanase E-4,Thermomonospora fusca,46,confirmed,MSVTEPPPRRRGRHSRARRF...,http://www.signalpeptide.de/index.php?sess=&m=listspdb_bacteria&s=details&id=23574&listname=
P10477,GUNE_CLOTM,Endoglucanase E,Clostridium thermocellum,34,confirmed,MKKIVSLVCVLVMLVSILGS...,http://www.signalpeptide.de/index.php?sess=&m=listspdb_bacteria&s=details&id=23576&listname=
Q9ZA21,HGPA_HAEIN,Hemoglobin and hemoglobin-haptoglobin-binding protein A,Haemophilus influenzae,24,confirmed,MTNFRLNVLAYSVMLGLTAS...,http://www.signalpeptide.de/index.php?sess=&m=listspdb_bacteria&s=details&id=23590&listname=
P09545,HLYA_VIBCH,Hemolysin,Vibrio cholerae,25,confirmed,MPKLNRCAIAIFTILSAISS...,http://www.signalpeptide.de/index.php?sess=&m=listspdb_bacteria&s=details&id=23594&listname=
P02943,LAMB_ECOLI,Maltoporin,Escherichia coli (strain K12),25,confirmed,MMITLRKLPLAVAVAAGVMS...,http://www.signalpeptide.de/index.php?sess=&m=listspdb_bacteria&s=details&id=23670&listname=
P26877,LIP_PSEU0,Lactonizing lipase,Pseudomonas sp. (strain 109),26,confirmed,MKKKSLLPLGLAIGLASLAA...,http://www.signalpeptide.de/index.php?sess=&m=listspdb_bacteria&s=details&id=23690&listname=
P0C0T5,MEPA_ECOLI,Penicillin-insensitive murein endopeptidase,Escherichia coli (strain K12),19,confirmed,MNKTAIALLALLASSASLA,http://www.signalpeptide.de/index.php?sess=&m=listspdb_bacteria&s=details&id=23738&listname=
P25006,NIR_ACHCY,Copper-containing nitrite reductase,Achromobacter cycloclastes,38,confirmed,MTEQLQMTRRTMLAGAALAG...,http://www.signalpeptide.de/index.php?sess=&m=listspdb_bacteria&s=details&id=23787&listname=
P38006,OMP2_CHLTR,Outer membrane protein B,Chlamydia trachomatis,26,confirmed,MSSKLVNYLRLTFLSFLGIA...,http://www.signalpeptide.de/index.php?sess=&m=listspdb_bacteria&s=details&id=23812&listname=
P17266,OMPW_VIBCH,Outer membrane protein W,Vibrio cholerae,21,confirmed,MKQTICGLAVLAALSSAPVF...,http://www.signalpeptide.de/index.php?sess=&m=listspdb_bacteria&s=details&id=23814&listname=
P0A433,OPD_FLAS2,Parathion hydrolase,Flavobacterium sp. (strain ATCC 27551),29,confirmed,MQTRRVVLKSAAAAGTLLGG...,http://www.signalpeptide.de/index.php?sess=&m=listspdb_bacteria&s=details&id=23817&listname=
P0AFH8,OSMY_ECOLI,Osmotically-inducible protein Y,Escherichia coli (strain K12),28,confirmed,MTMTRLKISKTLLAVMLTSA...,http://www.signalpeptide.de/index.php?sess=&m=listspdb_bacteria&s=details&id=23822&listname=
P18187,PHNS_DESFR,Periplasmic [NiFe] hydrogenase small subunit,Desulfovibrio fructosovorans,49,confirmed,MNFSVGLGRDDAEKRLVQNG...,http://www.signalpeptide.de/index.php?sess=&m=listspdb_bacteria&s=details&id=23872&listname=
P35483,PPBH_PSEAE,Alkaline phosphatase H,Pseudomonas aeruginosa,26,confirmed,MTPGYPLALSLAVSMAVLGS...,http://www.signalpeptide.de/index.php?sess=&m=listspdb_bacteria&s=details&id=23890&listname=
O31127,PSAF_MASLA,Photosystem I reaction center subunit III,Mastigocladus laminosus,23,confirmed,MQRLFALILAIFLWFHFAPP...,http://www.signalpeptide.de/index.php?sess=&m=listspdb_bacteria&s=details&id=23904&listname=
P10549,PSBO_SYNY3,Photosystem II manganese-stabilizing polypeptide,Synechocystis sp. (strain PCC 6803),28,confirmed,MRFRPSIVALLSVCFGLLTF...,http://www.signalpeptide.de/index.php?sess=&m=listspdb_bacteria&s=details&id=23905&listname=
P07811,PULA_KLEAE,Pullulanase,Klebsiella aerogenes,19,confirmed,MLRYTCHALFLGSLVLLSG,http://www.signalpeptide.de/index.php?sess=&m=listspdb_bacteria&s=details&id=23913&listname=
Q5HEA4,SCED_STAAC,Probable transglycosylase sceD,Staphylococcus aureus (strain COL),27,confirmed,MKKTLLASSLAVGLGIVAGN...,http://www.signalpeptide.de/index.php?sess=&m=listspdb_bacteria&s=details&id=23940&listname=
O52057,SGP1_CHRVI,Sulfur globule protein CV1,Chromatium vinosum,25,confirmed,MIKSNRITACALAALFAGAS...,http://www.signalpeptide.de/index.php?sess=&m=listspdb_bacteria&s=details&id=23958&listname=
Q2FXC2,SPLA_STAA8,Serine protease splA,Staphylococcus aureus (strain NCTC 8325),35,confirmed,MNKNVMVKGLTALTILTSLG...,http://www.signalpeptide.de/index.php?sess=&m=listspdb_bacteria&s=details&id=23989&listname=
P35706,SSI2_STRLO,Trypsin inhibitor STI2,Streptomyces longisporus,34,confirmed,MRNTARWAATLALTATAVCG...,http://www.signalpeptide.de/index.php?sess=&m=listspdb_bacteria&s=details&id=23997&listname=
P13128,TACY_LISMO,Listeriolysin O,Listeria monocytogenes,25,confirmed,MKKIMLVFITLILVSLPIAQ...,http://www.signalpeptide.de/index.php?sess=&m=listspdb_bacteria&s=details&id=24017&listname=
Q09057,TBB1_NEIMB,Transferrin-binding protein 2,Neisseria meningitidis serogroup B,20,confirmed,MNNPLVNQAAMVLPVFLLSA,http://www.signalpeptide.de/index.php?sess=&m=listspdb_bacteria&s=details&id=24019&listname=
P07528,XYNA_BACHD,"Endo-1,4-beta-xylanase A",Bacillus halodurans,28,confirmed,MITLFRKPFVAGLAISLLVG...,http://www.signalpeptide.de/index.php?sess=&m=listspdb_bacteria&s=details&id=24130&listname=
P44276,Y1624_HAEIN,Uncharacterized protein HI1624,Haemophilus influenzae,21,confirmed,MELKKIAVGLTALLGMSVAN...,http://www.signalpeptide.de/index.php?sess=&m=listspdb_bacteria&s=details&id=24143&listname=
P0C2W0,YADA2_YEREN,Adhesin yadA,Yersinia enterocolitica,25,confirmed,MTKDFKISVSAALISALFSS...,http://www.signalpeptide.de/index.php?sess=&m=listspdb_bacteria&s=details&id=24167&listname=
O05156,ALE1_STACP,Glycyl-glycine endopeptidase ALE-1,Staphylococcus capitis,35,confirmed,MDTNRKFTLVKSLSIGLGTF...,http://www.signalpeptide.de/index.php?sess=&m=listspdb_bacteria&s=details&id=24246&listname=
P18539,AMPC_SERMA,Beta-lactamase,Serratia marcescens,21,confirmed,MTKMNRCAALIAALILPTAH...,http://www.signalpeptide.de/index.php?sess=&m=listspdb_bacteria&s=details&id=24257&listname=
P06279,AMY_BACST,Alpha-amylase,Bacillus stearothermophilus,34,confirmed,MLTFHRIIRKGWMFLLAFLL...,http://www.signalpeptide.de/index.php?sess=&m=listspdb_bacteria&s=details&id=24263&listname=
P04190,BLA2_BACCE,Beta-lactamase 2,Bacillus cereus,30,confirmed,MKKNTLLKVGLCVGLLGTIQ...,http://www.signalpeptide.de/index.php?sess=&m=listspdb_bacteria&s=details&id=24294&listname=
Q59517,BLAF_MYCFO,Beta-lactamase,Mycobacterium fortuitum,32,confirmed,MTGLSRRNVLIGSLVAAAAV...,http://www.signalpeptide.de/index.php?sess=&m=listspdb_bacteria&s=details&id=24296&listname=
P01555,CHTA_VIBCH,Cholera enterotoxin subunit A,Vibrio cholerae,18,confirmed,MVKIIFVFFIFLSSFSYA,http://www.signalpeptide.de/index.php?sess=&m=listspdb_bacteria&s=details&id=24363&listname=
P81594,CPRA_DESHA,3-chloro-4-hydroxyphenylacetate reductive dehalogenase,Desulfitobacterium hafniense,42,confirmed,MENNQKRQQSGMSRRSFLKV...,http://www.signalpeptide.de/index.php?sess=&m=listspdb_bacteria&s=details&id=24385&listname=
Q59288,CSLA_PEDHE,Chondroitinase-AC,Pedobacter heparinus,22,confirmed,MKKLFVTCIVFFSILSPALL...,http://www.signalpeptide.de/index.php?sess=&m=listspdb_bacteria&s=details&id=24400&listname=
P09787,CY4C_PSEPU,4-cresol dehydrogenase [hydroxylating] cytochrome c subunit,Pseudomonas putida,33,confirmed,MTFPFSGAAVKRMLVTGVVL...,http://www.signalpeptide.de/index.php?sess=&m=listspdb_bacteria&s=details&id=24421&listname=
P40136,CYAA_BACAN,Calmodulin-sensitive adenylate cyclase,Bacillus anthracis,33,confirmed,MTRNKFIPNKFSIISFSVLL...,http://www.signalpeptide.de/index.php?sess=&m=listspdb_bacteria&s=details&id=24423&listname=
P37735,DCTP_RHOCA,C4-dicarboxylate-binding periplasmic protein,Rhodobacter capsulatus,26,confirmed,MLTRRILGALVGATALSLAL...,http://www.signalpeptide.de/index.php?sess=&m=listspdb_bacteria&s=details&id=24438&listname=
P22641,DHML_PARVE,Methylamine dehydrogenase light chain,Paracoccus versutus,57,confirmed,MLGNFRFDDMVEKLSRRVAG...,http://www.signalpeptide.de/index.php?sess=&m=listspdb_bacteria&s=details&id=24449&listname=
P06971,FHUA_ECOLI,Ferrichrome-iron receptor,Escherichia coli (strain K12),33,confirmed,MARSKTAQPKHSLRKIAVVV...,http://www.signalpeptide.de/index.php?sess=&m=listspdb_bacteria&s=details&id=24530&listname=
P12061,FM_SALEN,Fimbrial protein,Salmonella enteritidis,21,confirmed,MRKSASAVAVLALIACGSAH...,http://www.signalpeptide.de/index.php?sess=&m=listspdb_bacteria&s=details&id=24545&listname=
O34215,GADH2_PECCY,Gluconate 2-dehydrogenase cytochrome c subunit,Pectobacterium cypripedii,19,confirmed,MMKSILALVLGTLSFAALA,http://www.signalpeptide.de/index.php?sess=&m=listspdb_bacteria&s=details&id=24555&listname=
P04957,GUB_BACSU,Beta-glucanase,Bacillus subtilis,28,confirmed,MPYLKRVLLLLVTGLFMSLF...,http://www.signalpeptide.de/index.php?sess=&m=listspdb_bacteria&s=details&id=24592&listname=
P26224,GUNF_CLOTH,Endoglucanase F,Clostridium thermocellum (strain ATCC 27405 / DSM 1237),27,confirmed,MKKILAFLLTVALVAVVAIP...,http://www.signalpeptide.de/index.php?sess=&m=listspdb_bacteria&s=details&id=24595&listname=
P33129,HTRE_ECOLI,Outer membrane usher protein htrE,Escherichia coli (strain K12),29,confirmed,MTIEYTKNYHHLTRIATFCA...,http://www.signalpeptide.de/index.php?sess=&m=listspdb_bacteria&s=details&id=24621&listname=
P26501,ISOA_PSEUM,Isoamylase,Pseudomonas sp. (strain SMP1),26,confirmed,MKCPKILAALLGCAVLAGVP...,http://www.signalpeptide.de/index.php?sess=&m=listspdb_bacteria&s=details&id=24670&listname=
P29822,LACE_AGRRD,Lactose-binding protein,Agrobacterium radiobacter,28,confirmed,MDYSRLLKRSVSAALTAAAL...,http://www.signalpeptide.de/index.php?sess=&m=listspdb_bacteria&s=details&id=24691&listname=
P09181,LYS4_ECOLX,Lysis protein for colicin N,Escherichia coli,17,confirmed,MCGKILLILFFIMTLSA,http://www.signalpeptide.de/index.php?sess=&m=listspdb_bacteria&s=details&id=24738&listname=
P69739,MBHS_ECOLI,Hydrogenase-1 small chain,Escherichia coli (strain K12),45,confirmed,MNNEETFYQAMRRQGVTRRS...,http://www.signalpeptide.de/index.php?sess=&m=listspdb_bacteria&s=details&id=24748&listname=
P13467,MOMPH_CHLTR,"Major outer membrane porin, serovar H",Chlamydia trachomatis,22,confirmed,MKKLLKSVLVFAALSSASSL...,http://www.signalpeptide.de/index.php?sess=&m=listspdb_bacteria&s=details&id=24777&listname=
P21420,NMPC_ECOLI,Putative outer membrane porin protein nmpC,Escherichia coli (strain K12),23,confirmed,MKKLTVAISAVAASVLMAMS...,http://www.signalpeptide.de/index.php?sess=&m=listspdb_bacteria&s=details&id=24813&listname=
P23701,OMCB_CHLPS,Large cysteine-rich periplasmic protein omcB,Chlamydia psittaci,22,confirmed,MSKLIRRVVTVLALTSMASS...,http://www.signalpeptide.de/index.php?sess=&m=listspdb_bacteria&s=details&id=24833&listname=
P06996,OMPC_ECOLI,Outer membrane protein C,Escherichia coli (strain K12),21,confirmed,MKVKVLSLLVPALLVAGAAN...,http://www.signalpeptide.de/index.php?sess=&m=listspdb_bacteria&s=details&id=24835&listname=
Q52581,OMPL_PHOPR,Porin-like protein L,Photobacterium profundum,21,confirmed,MNKKLIALAVAAASISSVAT...,http://www.signalpeptide.de/index.php?sess=&m=listspdb_bacteria&s=details&id=24836&listname=
P10641,OPP12_HAEIN,Outer membrane protein P1,Haemophilus influenzae,22,confirmed,MKKFNQSLLATAMLLAAGGA...,http://www.signalpeptide.de/index.php?sess=&m=listspdb_bacteria&s=details&id=24841&listname=
Q47459,PCOE_ECOLX,Probable copper-binding protein pcoE,Escherichia coli,20,confirmed,MKKILVSFVAIMAVASSAMA,http://www.signalpeptide.de/index.php?sess=&m=listspdb_bacteria&s=details&id=24873&listname=
P10325,PCP_HAEIN,Outer membrane lipoprotein pcp,Haemophilus influenzae,18,confirmed,MKKTNMALALLVAFSVTG,http://www.signalpeptide.de/index.php?sess=&m=listspdb_bacteria&s=details&id=24874&listname=
P96740,PGDS_BACSU,Gamma-DL-glutamyl hydrolase,Bacillus subtilis,32,confirmed,MNTLANWKKFLLVAVIICFL...,http://www.signalpeptide.de/index.php?sess=&m=listspdb_bacteria&s=details&id=24894&listname=
P21853,PHNS_DESVM,Periplasmic [NiFe] hydrogenase small subunit,Desulfovibrio vulgaris (strain Miyazaki),50,confirmed,MKISIGLGKEGVEERLAERG...,http://www.signalpeptide.de/index.php?sess=&m=listspdb_bacteria&s=details&id=24904&listname=
Q01605,PHOE_CITFR,Outer membrane pore protein E,Citrobacter freundii,21,confirmed,MKKSTLALVVMGITASASVQ...,http://www.signalpeptide.de/index.php?sess=&m=listspdb_bacteria&s=details&id=24905&listname=
Q7BS42,PIC_ECOLX,Serine protease pic,Escherichia coli,55,confirmed,MNKVYSLKYCPVTGGLIAVS...,http://www.signalpeptide.de/index.php?sess=&m=listspdb_bacteria&s=details&id=24907&listname=
P32722,PORD_PSEAE,Porin D,Pseudomonas aeruginosa,23,confirmed,MKVMKWSAIALAVSAGSTQF...,http://www.signalpeptide.de/index.php?sess=&m=listspdb_bacteria&s=details&id=24922&listname=
P23598,PRTF_ERWCH,Proteases secretion protein prtF,Erwinia chrysanthemi,23,confirmed,MRRKAVLLTVVLSLSGGSAQ...,http://www.signalpeptide.de/index.php?sess=&m=listspdb_bacteria&s=details&id=24943&listname=
P09333,SLAPO_BREBE,Outer cell wall protein,Brevibacillus brevis,24,confirmed,MNKKVVLSVLSTTLVASVAA...,http://www.signalpeptide.de/index.php?sess=&m=listspdb_bacteria&s=details&id=25008&listname=
P22940,TSAG_ORITS,56 kDa type-specific antigen,Orientia tsutsugamushi,22,confirmed,MKKIMLIASAMSALSLPFSA...,http://www.signalpeptide.de/index.php?sess=&m=listspdb_bacteria&s=details&id=25094&listname=
P09167,AERA_AERHY,Aerolysin,Aeromonas hydrophila,23,confirmed,MQKIKLTGLSLIISGLLMAQ...,http://www.signalpeptide.de/index.php?sess=&m=listspdb_bacteria&s=details&id=25255&listname=
P05364,AMPC_ENTCL,Beta-lactamase,Enterobacter cloacae,20,confirmed,MMRKSLCCALLLGISCSALA,http://www.signalpeptide.de/index.php?sess=&m=listspdb_bacteria&s=details&id=25267&listname=
Q02192,BCA_STRA1,C protein alpha-antigen,Streptococcus agalactiae serotype Ia,41,confirmed,MFRRSKNNSYDTSQTKQRFS...,http://www.signalpeptide.de/index.php?sess=&m=listspdb_bacteria&s=details&id=25296&listname=
P05818,BMAE_ECOLX,M-agglutinin,Escherichia coli,24,confirmed,MNLKKIAIASSVFAGITMAL...,http://www.signalpeptide.de/index.php?sess=&m=listspdb_bacteria&s=details&id=25306&listname=
Q50940,CAH_NEIGO,Carbonic anhydrase,Neisseria gonorrhoeae,26,confirmed,MPRFPRTLPRLTAVLLLACT...,http://www.signalpeptide.de/index.php?sess=&m=listspdb_bacteria&s=details&id=25326&listname=
P09121,CDGT_BACS3,Cyclomaltodextrin glucanotransferase,Bacillus sp. (strain 38-2),27,confirmed,MKRFMKLTAVWTLWLSLTLG...,http://www.signalpeptide.de/index.php?sess=&m=listspdb_bacteria&s=details&id=25356&listname=
P00083,CYC2_RHOVI,Cytochrome c2,Rhodopseudomonas viridis,20,confirmed,MRKLVFGLFVLAASVAPAAA,http://www.signalpeptide.de/index.php?sess=&m=listspdb_bacteria&s=details&id=25430&listname=
Q06529,CYSD_CHRVI,Cytochrome subunit of sulfide dehydrogenase,Chromatium vinosum,25,confirmed,MTQSTPRLMLAASVLALGLA...,http://www.signalpeptide.de/index.php?sess=&m=listspdb_bacteria&s=details&id=25438&listname=
P01552,ETXB_STAAU,Enterotoxin type B,Staphylococcus aureus,27,confirmed,MYKRLFISHVILIFALILVI...,http://www.signalpeptide.de/index.php?sess=&m=listspdb_bacteria&s=details&id=25505&listname=
P05825,FEPA_ECOLI,Ferrienterobactin receptor,Escherichia coli (strain K12),22,confirmed,MNKKIHSLALLVNLGIYGVA...,http://www.signalpeptide.de/index.php?sess=&m=listspdb_bacteria&s=details&id=25519&listname=
P04128,FIMA1_ECOLI,"Type-1 fimbrial protein, A chain",Escherichia coli (strain K12),23,confirmed,MKIKTLAIVVLSALSLSSTA...,http://www.signalpeptide.de/index.php?sess=&m=listspdb_bacteria&s=details&id=25529&listname=
P18477,FM1_ACTVI,Fimbrial subunit type 1,Actinomyces viscosus,30,confirmed,MHSLNTRRGLGLAAAMTLAA...,http://www.signalpeptide.de/index.php?sess=&m=listspdb_bacteria&s=details&id=25545&listname=
P15488,FMS3_ECOLX,CS3 fimbrial subunit A,Escherichia coli,22,confirmed,MLKIKYLLIGLSLSAMSSYS...,http://www.signalpeptide.de/index.php?sess=&m=listspdb_bacteria&s=details&id=25546&listname=
P18336,GUN_CELUD,Endoglucanase,Cellulomonas uda,23,confirmed,MPLRALVAVIVTTAVMLVPR...,http://www.signalpeptide.de/index.php?sess=&m=listspdb_bacteria&s=details&id=25609&listname=
Q05489,LIP_BURGL,Lipase,Burkholderia glumae,39,confirmed,MVRSMRSRVAARAVAWALAV...,http://www.signalpeptide.de/index.php?sess=&m=listspdb_bacteria&s=details&id=25719&listname=
P61320,LOLB_ECOLI,Outer-membrane lipoprotein lolB,Escherichia coli (strain K12),21,confirmed,MPLPDFRLIRLLPLAALVLT...,http://www.signalpeptide.de/index.php?sess=&m=listspdb_bacteria&s=details&id=25727&listname=
P54300,LUXP_VIBHA,Autoinducer 2-binding periplasmic protein luxP,Vibrio harveyi,23,confirmed,MKKALLFSLISMVGFSPASQ...,http://www.signalpeptide.de/index.php?sess=&m=listspdb_bacteria&s=details&id=25747&listname=
P16947,M49_STRP9,"M protein, serotype 49",Streptococcus pyogenes serotype M49,41,confirmed,MARKDTNKQYSLRKLKTGTA...,http://www.signalpeptide.de/index.php?sess=&m=listspdb_bacteria&s=details&id=25758&listname=
Q5ZXE0,MIP_LEGPH,Outer membrane protein MIP,Legionella pneumophila subsp. pneumophila (strain Philadelphia 1 / ATCC 33152 / DSM 7513),20,confirmed,MKMKLVTAAVMGLAMSTAMA,http://www.signalpeptide.de/index.php?sess=&m=listspdb_bacteria&s=details&id=25778&listname=
P72181,NIRS_PARPN,Nitrite reductase,Paracoccus pantotrophus,29,confirmed,MRQRTPFARPGLLASAALAL...,http://www.signalpeptide.de/index.php?sess=&m=listspdb_bacteria&s=details&id=25819&listname=
Q51911,PAB_PEPMA,Peptostreptococcal albumin-binding protein,Peptostreptococcus magnus,26,confirmed,MKLNKKLLMAALAGAIVVGG...,http://www.signalpeptide.de/index.php?sess=&m=listspdb_bacteria&s=details&id=25879&listname=
Q51883,PLAS_PHOLA,Plastocyanin,Phormidium laminosum,34,confirmed,MKLIAQISRSLSLALFALVL...,http://www.signalpeptide.de/index.php?sess=&m=listspdb_bacteria&s=details&id=25918&listname=
P19405,PPB3_BACSU,Alkaline phosphatase 3,Bacillus subtilis,32,confirmed,MKKFPKKLLPIAVLSSIAFS...,http://www.signalpeptide.de/index.php?sess=&m=listspdb_bacteria&s=details&id=25936&listname=
P31075,PSRA_WOLSU,Polysulfide reductase chain A,Wolinella succinogenes,34,confirmed,METTMTRRDFLKSAGAAGAA...,http://www.signalpeptide.de/index.php?sess=&m=listspdb_bacteria&s=details&id=25953&listname=
Q0TUS0,TACY_CLOP1,Perfringolysin O,Clostridium perfringens (strain ATCC 13124 / NCTC 8237 / Type A),28,confirmed,MIRFKKTKLIASIAMALCLF...,http://www.signalpeptide.de/index.php?sess=&m=listspdb_bacteria&s=details&id=26055&listname=
P41069,TRAV_ECOLI,Protein traV,Escherichia coli (strain K12),18,confirmed,MKQTSFFIPLLGTLLLYG,http://www.signalpeptide.de/index.php?sess=&m=listspdb_bacteria&s=details&id=26100&listname=
P06886,TSST_STAAU,Toxic shock syndrome toxin-1,Staphylococcus aureus,40,confirmed,MNKKLLMNFFIVSPLLLATT...,http://www.signalpeptide.de/index.php?sess=&m=listspdb_bacteria&s=details&id=26114&listname=
P94421,YCLQ_BACSU,Uncharacterized ABC transporter solute-binding protein yclQ,Bacillus subtilis,29,confirmed,MKKFALLFIALVTAVVISAC...,http://www.signalpeptide.de/index.php?sess=&m=listspdb_bacteria&s=details&id=26228&listname=
P69681,AMTB_ECOLI,Ammonia channel,Escherichia coli (strain K12),22,confirmed,MKIATIKTGLASLAMLPGLV...,http://www.signalpeptide.de/index.php?sess=&m=listspdb_bacteria&s=details&id=26293&listname=
P29957,AMY_PSEHA,Alpha-amylase,Pseudoalteromonas haloplanktis,24,confirmed,MKLNKIITTAGLSLGLLLPS...,http://www.signalpeptide.de/index.php?sess=&m=listspdb_bacteria&s=details&id=26298&listname=
P27050,CHID_BACCI,Chitinase D,Bacillus circulans,30,confirmed,MNQAVRFRPVITFALAFILI...,http://www.signalpeptide.de/index.php?sess=&m=listspdb_bacteria&s=details&id=26408&listname=
P54507,COTN_BACSU,Spore coat-associated protein N,Bacillus subtilis,27,confirmed,MGMKKKLSLGVASAALGLAL...,http://www.signalpeptide.de/index.php?sess=&m=listspdb_bacteria&s=details&id=26428&listname=
Q46079,CSLB_PEDHE,Chondroitinase-B,Pedobacter heparinus,25,confirmed,MKMLNKLAGYLLPIMVLLNV...,http://www.signalpeptide.de/index.php?sess=&m=listspdb_bacteria&s=details&id=26446&listname=
P23135,CY1_RHORU,Cytochrome c1,Rhodospirillum rubrum,24,confirmed,MTTIVKRALVAAGMVLAIGG...,http://www.signalpeptide.de/index.php?sess=&m=listspdb_bacteria&s=details&id=26466&listname=
P23905,DGAL_SALTY,D-galactose-binding periplasmic protein,Salmonella typhimurium,23,confirmed,MNKKVLTLSAVMASLLFGAH...,http://www.signalpeptide.de/index.php?sess=&m=listspdb_bacteria&s=details&id=26489&listname=
P14775,DHM2_METEX,Methanol dehydrogenase subunit 2,Methylobacterium extorquens,22,confirmed,MKTTLIAAAIVALSGLAAPA...,http://www.signalpeptide.de/index.php?sess=&m=listspdb_bacteria&s=details&id=26491&listname=
P07822,FHUD_ECOLI,Ferrichrome-binding periplasmic protein,Escherichia coli (strain K12),30,confirmed,MSGLPLISRRRLLTAMALSP...,http://www.signalpeptide.de/index.php?sess=&m=listspdb_bacteria&s=details&id=26552&listname=
P65765,FKBA_ECO57,FKBP-type peptidyl-prolyl cis-trans isomerase fkpA,Escherichia coli O157:H7,25,confirmed,MKSLFKVTLLATTMAVALHA...,http://www.signalpeptide.de/index.php?sess=&m=listspdb_bacteria&s=details&id=26555&listname=
P21413,FM98_ECOLX,Fimbrial protein 987P,Escherichia coli,23,confirmed,MRMKKSALTLAVLSSLFSGY...,http://www.signalpeptide.de/index.php?sess=&m=listspdb_bacteria&s=details&id=26569&listname=
P36267,GGT_PSEUA,Gamma-glutamyltranspeptidase,Pseudomonas sp. (strain A14),24,confirmed,MKNQTFSKALLATALSCALF...,http://www.signalpeptide.de/index.php?sess=&m=listspdb_bacteria&s=details&id=26593&listname=
P07983,GUN1_BACSU,Endoglucanase,Bacillus subtilis,29,confirmed,MKRSISIFITCLLIAVLTMG...,http://www.signalpeptide.de/index.php?sess=&m=listspdb_bacteria&s=details&id=26629&listname=
P04956,GUNB_CLOTH,Endoglucanase B,Clostridium thermocellum (strain ATCC 27405 / DSM 1237),27,confirmed,MKKFLVLLIALIMIATLLVV...,http://www.signalpeptide.de/index.php?sess=&m=listspdb_bacteria&s=details&id=26630&listname=
P07965,HST3_ECOLX,Heat-stable enterotoxin A3/A4,Escherichia coli,19,confirmed,MKKSILFIFLSVLSFSPFA,http://www.signalpeptide.de/index.php?sess=&m=listspdb_bacteria&s=details&id=26660&listname=
P14542,IUTA_ECOLX,Ferric aerobactin receptor,Escherichia coli,25,confirmed,MMISKKYTLWALNPLLLTMM...,http://www.signalpeptide.de/index.php?sess=&m=listspdb_bacteria&s=details&id=26708&listname=
P31884,MBHS_WOLSU,Quinone-reactive Ni/Fe-hydrogenase small chain,Wolinella succinogenes,36,confirmed,MLEEKGIERRDFMKWAGAMT...,http://www.signalpeptide.de/index.php?sess=&m=listspdb_bacteria&s=details&id=26781&listname=
Q00087,MOMPP_CHLPS,Major outer membrane porin,Chlamydia psittaci,22,confirmed,MKKLLKSALLFAAAGSALSL...,http://www.signalpeptide.de/index.php?sess=&m=listspdb_bacteria&s=details&id=26803&listname=
P0A5Q5,MP64_MYCBO,Immunogenic protein MPB64,Mycobacterium bovis,23,confirmed,MRIKIFMLVTAVVLLCCSGV...,http://www.signalpeptide.de/index.php?sess=&m=listspdb_bacteria&s=details&id=26804&listname=
P39046,MUR2_ENTHR,Muramidase-2,Enterococcus hirae,49,confirmed,MENIARKERRRLNETKRFRK...,http://www.signalpeptide.de/index.php?sess=&m=listspdb_bacteria&s=details&id=26809&listname=
P0ADA3,NLPD_ECOLI,Lipoprotein nlpD,Escherichia coli (strain K12),25,confirmed,MSAGSPKFTVRRIAALSLVS...,http://www.signalpeptide.de/index.php?sess=&m=listspdb_bacteria&s=details&id=26826&listname=
Q48218,OPP27_HAEIN,Outer membrane protein P2,Haemophilus influenzae,20,confirmed,MKKTLAALIVGAFAASAANA,http://www.signalpeptide.de/index.php?sess=&m=listspdb_bacteria&s=details&id=26865&listname=
P17739,OSPB1_BORBU,Outer surface protein B,Borrelia burgdorferi,15,confirmed,MRLLIGFALALALIG,http://www.signalpeptide.de/index.php?sess=&m=listspdb_bacteria&s=details&id=26868&listname=
P04960,PELE1_ERWCH,Pectate lyase E,Erwinia chrysanthemi,30,confirmed,MKNTRVRSIGTKSLLAAVVT...,http://www.signalpeptide.de/index.php?sess=&m=listspdb_bacteria&s=details&id=26907&listname=
P11278,PELP_YERPS,Periplasmic pectate lyase,Yersinia pseudotuberculosis,23,confirmed,MKKRALLLSMSVLAMLYIPA...,http://www.signalpeptide.de/index.php?sess=&m=listspdb_bacteria&s=details&id=26908&listname=
P12625,PHB_BURPI,Poly(3-hydroxybutyrate) depolymerase,Burkholderia pickettii,27,confirmed,MVRRLWRRIAGWLAACVAIL...,http://www.signalpeptide.de/index.php?sess=&m=listspdb_bacteria&s=details&id=26923&listname=
P37726,PORF_PSEFL,Outer membrane porin F,Pseudomonas fluorescens,24,confirmed,MKLKNTLGFAIGSIIAATSF...,http://www.signalpeptide.de/index.php?sess=&m=listspdb_bacteria&s=details&id=26944&listname=
P21625,SPIR_SPIME,Spiralin,Spiroplasma melliferum,23,confirmed,MKKLLSILAVFGVSAVGTTS...,http://www.signalpeptide.de/index.php?sess=&m=listspdb_bacteria&s=details&id=27058&listname=
Q09056,TBP11_NEIMB,Transferrin-binding protein 1,Neisseria meningitidis serogroup B,24,confirmed,MQQQHLFRLNILCLSLMTAL...,http://www.signalpeptide.de/index.php?sess=&m=listspdb_bacteria&s=details&id=27079&listname=
P26515,XYNB_STRLI,"Endo-1,4-beta-xylanase B",Streptomyces lividans,41,confirmed,MNLLVQPRRRRRGPVTLLVR...,http://www.signalpeptide.de/index.php?sess=&m=listspdb_bacteria&s=details&id=27171&listname=
P0AAX9,YBIS_ECOL6,Uncharacterized protein ybiS,Escherichia coli O6,24,confirmed,MNMKLKTLFAAAFAVVGFCS...,http://www.signalpeptide.de/index.php?sess=&m=listspdb_bacteria&s=details&id=27212&listname=
P84887,AAUA_ALCFA,Aralkylamine dehydrogenase light chain,Alcaligenes faecalis,47,confirmed,MRWLDKFGESLSRSVAHKTS...,http://www.signalpeptide.de/index.php?sess=&m=listspdb_bacteria&s=details&id=27258&listname=
P13507,AMT4_PSEST,"Glucan 1,4-alpha-maltotetraohydrolase",Pseudomonas stutzeri,21,confirmed,MSHILRAAVLAAMLLPLPSM...,http://www.signalpeptide.de/index.php?sess=&m=listspdb_bacteria&s=details&id=27286&listname=
P00808,BLAC_BACLI,Beta-lactamase,Bacillus licheniformis,26,confirmed,MKLWFSTLKLKKAAAVLLFS...,http://www.signalpeptide.de/index.php?sess=&m=listspdb_bacteria&s=details&id=27323&listname=
P52663,BLAN_ENTCL,Imipenem-hydrolyzing beta-lactamase,Enterobacter cloacae,27,confirmed,MSLNVKQSRIAILFSSCLIS...,http://www.signalpeptide.de/index.php?sess=&m=listspdb_bacteria&s=details&id=27324&listname=
P15926,C5AP_STRPY,C5a peptidase,Streptococcus pyogenes,31,confirmed,MRKKQKLPFDKLAIALMSTS...,http://www.signalpeptide.de/index.php?sess=&m=listspdb_bacteria&s=details&id=27338&listname=
P94690,CYC3A_DESAF,Acidic cytochrome c3,Desulfovibrio africanus,24,confirmed,MFKHTLIALTLLAAATLFSL...,http://www.signalpeptide.de/index.php?sess=&m=listspdb_bacteria&s=details&id=27446&listname=
Q9RN68,CYC9_DESDE,Nine-heme cytochrome c,Desulfovibrio desulfuricans,30,confirmed,MRNGTSLLLLAAIALAGAAC...,http://www.signalpeptide.de/index.php?sess=&m=listspdb_bacteria&s=details&id=27448&listname=
P15555,DAC_STRSR,D-alanyl-D-alanine carboxypeptidase,Streptomyces sp. (strain R61),31,confirmed,MVSGTVGRGTALGAVLLALL...,http://www.signalpeptide.de/index.php?sess=&m=listspdb_bacteria&s=details&id=27457&listname=
P0AEG6,DSBC_ECOLI,Thiol:disulfide interchange protein dsbC,Escherichia coli (strain K12),20,confirmed,MKKGFMLFTLLAAFSGFAQA,http://www.signalpeptide.de/index.php?sess=&m=listspdb_bacteria&s=details&id=27481&listname=
P37957,ESTA_BACSU,Lipase,Bacillus subtilis,31,confirmed,MKFVKRRIIALVTILMLSVT...,http://www.signalpeptide.de/index.php?sess=&m=listspdb_bacteria&s=details&id=27517&listname=
Q06282,GLPQ_HAEIN,Glycerophosphoryl diester phosphodiesterase,Haemophilus influenzae,18,confirmed,MKLKTLALSLLAAGVLAG,http://www.signalpeptide.de/index.php?sess=&m=listspdb_bacteria&s=details&id=27584&listname=
P17989,GUB_FIBSU,Beta-glucanase,Fibrobacter succinogenes,27,confirmed,MNIKKTAVKSALAVAAAAAA...,http://www.signalpeptide.de/index.php?sess=&m=listspdb_bacteria&s=details&id=27605&listname=
P10474,GUNB_CALSA,Endoglucanase/exoglucanase B,Caldocellum saccharolyticum,28,confirmed,MKRNLFRIVSRVVLIAFIAS...,http://www.signalpeptide.de/index.php?sess=&m=listspdb_bacteria&s=details&id=27609&listname=
P16218,GUNH_CLOTH,Endoglucanase H,Clostridium thermocellum (strain ATCC 27405 / DSM 1237),44,confirmed,MKKRLLVSFLVLSIIVGLLS...,http://www.signalpeptide.de/index.php?sess=&m=listspdb_bacteria&s=details&id=27610&listname=
P80172,HBLA_BACCE,Hemolysin BL-binding component,Bacillus cereus,31,confirmed,MIKKIPYKLLAVSTLLTITT...,http://www.signalpeptide.de/index.php?sess=&m=listspdb_bacteria&s=details&id=27617&listname=
P12608,IRPA_SYNE7,Iron-regulated protein A,Synechococcus elongatus (strain PCC 7942),44,confirmed,MIVTGSQVRQGLNTWFVLPL...,http://www.signalpeptide.de/index.php?sess=&m=listspdb_bacteria&s=details&id=27681&listname=
P61319,LOLA_SHIFL,Outer-membrane lipoprotein carrier protein,Shigella flexneri,21,confirmed,MKKIAITCALLSSLVASSVW...,http://www.signalpeptide.de/index.php?sess=&m=listspdb_bacteria&s=details&id=27739&listname=
P15283,MBHS_RHOCA,Uptake hydrogenase small subunit,Rhodobacter capsulatus,45,confirmed,MSDIETFYDVMRRQGITRRS...,http://www.signalpeptide.de/index.php?sess=&m=listspdb_bacteria&s=details&id=27772&listname=
Q9Z4N4,MCEA_KLEPN,Microcin E492,Klebsiella pneumoniae,15,confirmed,MREISQKDLNLAFGA,http://www.signalpeptide.de/index.php?sess=&m=listspdb_bacteria&s=details&id=27774&listname=
P06597,MOMPM_CHLTR,"Major outer membrane porin, serovar L2",Chlamydia trachomatis,22,confirmed,MKKLLKSVLVFAALSSASSL...,http://www.signalpeptide.de/index.php?sess=&m=listspdb_bacteria&s=details&id=27797&listname=
Q83EK8,OMP1_COXBU,Outer membrane protein P1,Coxiella burnetii,23,confirmed,METTTKLAIGVSALCCLASA...,http://www.signalpeptide.de/index.php?sess=&m=listspdb_bacteria&s=details&id=27854&listname=
Q9S3R9,OMP41_PORGI,Outer membrane protein 41,Porphyromonas gingivalis,20,confirmed,MKVKYLMLTLVGAIALNASA,http://www.signalpeptide.de/index.php?sess=&m=listspdb_bacteria&s=details&id=27855&listname=
P77747,OMPN_ECOLI,Outer membrane protein N,Escherichia coli (strain K12),21,confirmed,MKSKVLALLIPALLAAGAAH...,http://www.signalpeptide.de/index.php?sess=&m=listspdb_bacteria&s=details&id=27857&listname=
P25253,OMPX_ENTCL,Outer membrane protein X,Enterobacter cloacae,23,confirmed,MKKIACLSALAAVLAVSAGT...,http://www.signalpeptide.de/index.php?sess=&m=listspdb_bacteria&s=details&id=27858&listname=
P46026,OPP24_HAEIN,Outer membrane protein P2,Haemophilus influenzae,20,confirmed,MKKTLAALIVGAFAASAANA,http://www.signalpeptide.de/index.php?sess=&m=listspdb_bacteria&s=details&id=27861&listname=
P0A3N6,OSPA6_BORBU,Outer surface protein A,Borrelia burgdorferi,16,confirmed,MKKYLLGIGLILALIA,http://www.signalpeptide.de/index.php?sess=&m=listspdb_bacteria&s=details&id=27863&listname=
P55020,PLAS_SYNE7,Plastocyanin,Synechococcus elongatus (strain PCC 7942),34,confirmed,MKVLASFARRLSLFAVAAVL...,http://www.signalpeptide.de/index.php?sess=&m=listspdb_bacteria&s=details&id=27928&listname=
Q04681,PMFA_PROMH,Major fimbrial subunit,Proteus mirabilis (strain HI4320),22,confirmed,MKLSKIALAAALVFGINSVA...,http://www.signalpeptide.de/index.php?sess=&m=listspdb_bacteria&s=details&id=27938&listname=
P0A402,PSAF_SYNEN,Photosystem I reaction center subunit III,Synechococcus elongatus naegeli,23,confirmed,MRRFLALLLVLTLWLGFTPL...,http://www.signalpeptide.de/index.php?sess=&m=listspdb_bacteria&s=details&id=27959&listname=
Q46444,QHED_COMTE,Quinohaemoprotein ethanol dehydrogenase type-1,Comamonas testosteroni,31,confirmed,MERLIDNSHGWPGRMVWLLA...,http://www.signalpeptide.de/index.php?sess=&m=listspdb_bacteria&s=details&id=27969&listname=
P24930,RUS2_THIFE,Rusticyanin,Thiobacillus ferrooxidans,32,confirmed,MYTQNTMKKNWYVTVGAAAA...,http://www.signalpeptide.de/index.php?sess=&m=listspdb_bacteria&s=details&id=27990&listname=
P04978,TOX2_BORPE,Pertussis toxin subunit 2,Bordetella pertussis,27,confirmed,MPIDRKTLCHLLSVLPLALL...,http://www.signalpeptide.de/index.php?sess=&m=listspdb_bacteria&s=details&id=28097&listname=
P13482,TREA_ECOLI,Periplasmic trehalase,Escherichia coli (strain K12),30,confirmed,MKSPAPSRPQKMALIPACIF...,http://www.signalpeptide.de/index.php?sess=&m=listspdb_bacteria&s=details&id=28098&listname=
P76341,YEDX_ECOLI,Transthyretin-like protein,Escherichia coli (strain K12),23,confirmed,MLKRYLVLSVATAAFSLPSL...,http://www.signalpeptide.de/index.php?sess=&m=listspdb_bacteria&s=details&id=28230&listname=
P00691,AMY_BACSU,Alpha-amylase,Bacillus subtilis,27,confirmed,MFAKRFKTSLLPLFAGFLLL...,http://www.signalpeptide.de/index.php?sess=&m=listspdb_bacteria&s=details&id=28296&listname=
P0A9Z7,BLA2_ECOLX,Beta-lactamase SHV-2,Escherichia coli,21,confirmed,MRYIRLCIISLLATLPLAVH...,http://www.signalpeptide.de/index.php?sess=&m=listspdb_bacteria&s=details&id=28328&listname=
P06621,CBPG_PSES6,Carboxypeptidase G2,Pseudomonas sp. (strain RS-16),22,confirmed,MRPSIHRTAIAAVLATAFVA...,http://www.signalpeptide.de/index.php?sess=&m=listspdb_bacteria&s=details&id=28358&listname=
P0C2S1,CELK_CLOTM,"Cellulose 1,4-beta-cellobiosidase",Clostridium thermocellum,27,confirmed,MNFRRMLCAAIVLTIVLSIM...,http://www.signalpeptide.de/index.php?sess=&m=listspdb_bacteria&s=details&id=28377&listname=
P33665,CHIS_STRSN,Chitosanase,Streptomyces sp. (strain N174),40,confirmed,MHSQHRTARIALAVVLTAIP...,http://www.signalpeptide.de/index.php?sess=&m=listspdb_bacteria&s=details&id=28384&listname=
P01556,CHTB_VIBCH,Cholera enterotoxin subunit B,Vibrio cholerae,21,confirmed,MIKLKFGVFFTVLLSSAYAH...,http://www.signalpeptide.de/index.php?sess=&m=listspdb_bacteria&s=details&id=28386&listname=
P95339,CY552_NITEU,Cytochrome c-552,Nitrosomonas europaea,22,confirmed,MKTAWLGTFAASALLVAGYA...,http://www.signalpeptide.de/index.php?sess=&m=listspdb_bacteria&s=details&id=28449&listname=
P22222,E13B_CELCE,"Glucan endo-1,3-beta-glucosidase",Cellulosimicrobium cellulans,36,confirmed,MPHDRKNSSRRAWAALCAAV...,http://www.signalpeptide.de/index.php?sess=&m=listspdb_bacteria&s=details&id=28488&listname=
P39176,ERFK_ECOLI,Protein erfK/srfK,Escherichia coli (strain K12),21,confirmed,MRRVNILCSFALLFASHTSL...,http://www.signalpeptide.de/index.php?sess=&m=listspdb_bacteria&s=details&id=28515&listname=
P30130,FIMD_ECOLI,Outer membrane usher protein fimD,Escherichia coli (strain K12),45,confirmed,MSYLNLRLYQRNTQCLHIRK...,http://www.signalpeptide.de/index.php?sess=&m=listspdb_bacteria&s=details&id=28546&listname=
O34213,GADH3_PECCY,Gluconate 2-dehydrogenase subunit 3,Pectobacterium cypripedii,42,confirmed,MSEHKNGHTRRDFLLRTITL...,http://www.signalpeptide.de/index.php?sess=&m=listspdb_bacteria&s=details&id=28570&listname=
P01559,HST1_ECOLX,Heat-stable enterotoxin ST-IA/ST-P,Escherichia coli,19,confirmed,MKKLMLAIFISVLSFPSFS,http://www.signalpeptide.de/index.php?sess=&m=listspdb_bacteria&s=details&id=28650&listname=
P0AD96,LIVJ_ECOLI,Leu/Ile/Val-binding protein,Escherichia coli (strain K12),23,confirmed,MNIKGKALLAGCIALAFSNM...,http://www.signalpeptide.de/index.php?sess=&m=listspdb_bacteria&s=details&id=28739&listname=
P19576,MALE_SALTY,Maltose-binding periplasmic protein,Salmonella typhimurium,26,confirmed,MKIKTGVGILALSALTTMMI...,http://www.signalpeptide.de/index.php?sess=&m=listspdb_bacteria&s=details&id=28768&listname=
O33405,MBHS_OLICA,Uptake hydrogenase small subunit,Oligotropha carboxidovorans,45,confirmed,MTPTETFYEVMRRQGVTRRS...,http://www.signalpeptide.de/index.php?sess=&m=listspdb_bacteria&s=details&id=28772&listname=
P04846,NLPA_ECOLI,Lipoprotein 28,Escherichia coli (strain K12),23,confirmed,MKLTTHHLRTGAALLLAGIL...,http://www.signalpeptide.de/index.php?sess=&m=listspdb_bacteria&s=details&id=28831&listname=
P23384,NPRE_BACCL,Bacillolysin,Bacillus caldolyticus,25,confirmed,MNKRAMLGAIGLAFGLMAWP...,http://www.signalpeptide.de/index.php?sess=&m=listspdb_bacteria&s=details&id=28841&listname=
Q9S1E5,NRFA_WOLSU,Cytochrome c-552,Wolinella succinogenes,22,confirmed,MTKFKLLLAGSLVAIVSMGL...,http://www.signalpeptide.de/index.php?sess=&m=listspdb_bacteria&s=details&id=28844&listname=
P05430,OMPA_NEIGO,Major outer membrane protein P.IA,Neisseria gonorrhoeae,19,confirmed,MKKSLIALTLAALPVAAMA,http://www.signalpeptide.de/index.php?sess=&m=listspdb_bacteria&s=details&id=28861&listname=
P84838,OMPC_GLUDA,Outer membrane protein,Gluconacetobacter diazotrophicus (strain ATCC 49037 / DSM 5601 / PAl5),22,confirmed,MRLRTALLATTLMAAAPVAA...,http://www.signalpeptide.de/index.php?sess=&m=listspdb_bacteria&s=details&id=28862&listname=
P02932,PHOE_ECOLI,Outer membrane pore protein E,Escherichia coli (strain K12),21,confirmed,MKKSTLALVVMGIVASASVQ...,http://www.signalpeptide.de/index.php?sess=&m=listspdb_bacteria&s=details&id=28932&listname=
P0AG82,PSTS_ECOLI,Phosphate-binding protein pstS,Escherichia coli (strain K12),25,confirmed,MKVMRTTVATVVAATLSMSA...,http://www.signalpeptide.de/index.php?sess=&m=listspdb_bacteria&s=details&id=28976&listname=
P68802,SAK_STAAU,Staphylokinase,Staphylococcus aureus,27,confirmed,MLKRSLLFLTVLLLLFSFSS...,http://www.signalpeptide.de/index.php?sess=&m=listspdb_bacteria&s=details&id=29006&listname=
O52179,SGP2_CHRVI,Sulfur globule protein CV2,Chromatium vinosum,22,confirmed,MKKLATAAAVAALLGASASA...,http://www.signalpeptide.de/index.php?sess=&m=listspdb_bacteria&s=details&id=29031&listname=
P22258,SLAP_ACEKI,Cell surface protein,Acetogenium kivui,26,confirmed,MKNLKKLIAVVSTFALVFSA...,http://www.signalpeptide.de/index.php?sess=&m=listspdb_bacteria&s=details&id=29037&listname=
P23504,SPAP_STRMU,Cell surface antigen I/II,Streptococcus mutans,38,confirmed,MKVKKTYGFRKSKISKTLCG...,http://www.signalpeptide.de/index.php?sess=&m=listspdb_bacteria&s=details&id=29051&listname=
P27477,THTR_SYNE7,Putative thiosulfate sulfurtransferase,Synechococcus elongatus (strain PCC 7942),37,confirmed,MSVRSLRWPRQKAFLAVISL...,http://www.signalpeptide.de/index.php?sess=&m=listspdb_bacteria&s=details&id=29087&listname=
P04977,TOX1_BORPE,Pertussis toxin subunit 1,Bordetella pertussis,34,confirmed,MRCTRAIRQTARTGWLTWLA...,http://www.signalpeptide.de/index.php?sess=&m=listspdb_bacteria&s=details&id=29115&listname=
P18429,XYNA_BACSU,"Endo-1,4-beta-xylanase A",Bacillus subtilis,28,confirmed,MFKFKKNFLVGLSAALMSIS...,http://www.signalpeptide.de/index.php?sess=&m=listspdb_bacteria&s=details&id=29176&listname=
P44569,5NTD_HAEIN,Probable 5'-nucleotidase,Haemophilus influenzae,25,confirmed,MLLSKKSASFALSAFAMLFT...,http://www.signalpeptide.de/index.php?sess=&m=listspdb_bacteria&s=details&id=29255&listname=
P22963,AMT4_PSESA,"Glucan 1,4-alpha-maltotetraohydrolase",Pseudomonas saccharophila,21,confirmed,MSHILRAAVLAAVLLPFPAL...,http://www.signalpeptide.de/index.php?sess=&m=listspdb_bacteria&s=details&id=29286&listname=
P04377,AZUP_ALCFA,Pseudoazurin,Alcaligenes faecalis,23,confirmed,MRNIAIKFAAAGILAMLAAP...,http://www.signalpeptide.de/index.php?sess=&m=listspdb_bacteria&s=details&id=29311&listname=
P00809,BLAC_BACCE,Beta-lactamase 1,Bacillus cereus,27,confirmed,MILKNKRMLKIGICVGILGL...,http://www.signalpeptide.de/index.php?sess=&m=listspdb_bacteria&s=details&id=29325&listname=
P12376,COPC_PSESM,Copper resistance protein C,Pseudomonas syringae pv. tomato,24,confirmed,MLLNRTSFVTLFAAGMLVSA...,http://www.signalpeptide.de/index.php?sess=&m=listspdb_bacteria&s=details&id=29401&listname=
Q5SME3,CY552_THET8,Cytochrome c-552,Thermus thermophilus (strain HB8 / ATCC 27634 / DSM 579),17,confirmed,MKRTLMAFLLLGGLALA,http://www.signalpeptide.de/index.php?sess=&m=listspdb_bacteria&s=details&id=29445&listname=
P39045,DAC_ACTSP,D-alanyl-D-alanine carboxypeptidase,Actinomadura sp. (strain R39),49,confirmed,MKQSSPEPLRPRRTGGRGGA...,http://www.signalpeptide.de/index.php?sess=&m=listspdb_bacteria&s=details&id=29456&listname=
P23925,DGAL_CITFR,D-galactose-binding periplasmic protein,Citrobacter freundii,23,confirmed,MNKKVLTLSAVMASMLFGAA...,http://www.signalpeptide.de/index.php?sess=&m=listspdb_bacteria&s=details&id=29472&listname=
P16027,DHM1_METEX,Methanol dehydrogenase subunit 1,Methylobacterium extorquens,27,confirmed,MSRFVTSVSALAMLALAPAA...,http://www.signalpeptide.de/index.php?sess=&m=listspdb_bacteria&s=details&id=29473&listname=
P0AEG4,DSBA_ECOLI,Thiol:disulfide interchange protein dsbA,Escherichia coli (strain K12),19,confirmed,MKKIWLALAGLVLAFSASA,http://www.signalpeptide.de/index.php?sess=&m=listspdb_bacteria&s=details&id=29488&listname=
P06717,ELAP_ECOLX,Heat-labile enterotoxin A chain,Escherichia coli,18,confirmed,MKNITFIFFILLASPLYA,http://www.signalpeptide.de/index.php?sess=&m=listspdb_bacteria&s=details&id=29507&listname=
P09394,GLPQ_ECOLI,Glycerophosphoryl diester phosphodiesterase,Escherichia coli (strain K12),25,confirmed,MKLTLKNLSMAIMMSTIVMG...,http://www.signalpeptide.de/index.php?sess=&m=listspdb_bacteria&s=details&id=29596&listname=
P54583,GUN1_ACIC1,Endoglucanase E1,Acidothermus cellulolyticus (strain ATCC 43068 / 11B),41,confirmed,MPRALRRVPGSRVMLRVGVV...,http://www.signalpeptide.de/index.php?sess=&m=listspdb_bacteria&s=details&id=29623&listname=
Q01786,GUN5_THEFU,Endoglucanase E-5,Thermomonospora fusca,36,confirmed,MAKSPAARKGXPPVAVAVTA...,http://www.signalpeptide.de/index.php?sess=&m=listspdb_bacteria&s=details&id=29625&listname=
P19487,GUNA_XANCP,Major extracellular endoglucanase,Xanthomonas campestris pv. campestris,25,confirmed,MSIFRTASTLALATALALAA...,http://www.signalpeptide.de/index.php?sess=&m=listspdb_bacteria&s=details&id=29626&listname=
Q05332,GUNG_CLOTH,Endoglucanase G,Clostridium thermocellum (strain ATCC 27405 / DSM 1237),30,confirmed,MKKAKAIFSLVVALMVLAIF...,http://www.signalpeptide.de/index.php?sess=&m=listspdb_bacteria&s=details&id=29627&listname=
Q05819,HEP1_PEDHE,Heparin lyase I,Pedobacter heparinus,21,confirmed,MKKQILYLIVLQQLFLCSAY...,http://www.signalpeptide.de/index.php?sess=&m=listspdb_bacteria&s=details&id=29643&listname=
P16465,HLYB_PROMI,Hemolysin transporter protein hpmB,Proteus mirabilis,17,confirmed,MKKKVVLLTLLSCFSTS,http://www.signalpeptide.de/index.php?sess=&m=listspdb_bacteria&s=details&id=29650&listname=
P50500,IRO_THIFE,Iron oxidase,Thiobacillus ferrooxidans,37,confirmed,MSEKDKMITRRDALRNIAVV...,http://www.signalpeptide.de/index.php?sess=&m=listspdb_bacteria&s=details&id=29694&listname=
P04816,LIVK_ECOLI,Leucine-specific-binding protein,Escherichia coli (strain K12),23,confirmed,MKRNAKTIIAGMIALAISHT...,http://www.signalpeptide.de/index.php?sess=&m=listspdb_bacteria&s=details&id=29747&listname=
P01549,MACM_STRMA,Macromomycin,Streptomyces macromomyceticus,32,confirmed,MLQNTSRFLARAGATVGVAA...,http://www.signalpeptide.de/index.php?sess=&m=listspdb_bacteria&s=details&id=29777&listname=
Q05811,OM3A_RHILV,Outer membrane protein IIIA,Rhizobium leguminosarum bv. viciae,22,confirmed,MNIRMVLLASAAAFAASTPV...,http://www.signalpeptide.de/index.php?sess=&m=listspdb_bacteria&s=details&id=29862&listname=
Q9S3R8,OMP40_PORGI,Outer membrane protein 40,Porphyromonas gingivalis,21,confirmed,MKAKSLLLALAGLACTFSAT...,http://www.signalpeptide.de/index.php?sess=&m=listspdb_bacteria&s=details&id=29864&listname=
P09888,OMPC_NEIGO,Outer membrane protein P.IIC,Neisseria gonorrhoeae,25,confirmed,MQPAKNLLFSSLLFSSLLFS...,http://www.signalpeptide.de/index.php?sess=&m=listspdb_bacteria&s=details&id=29866&listname=
P0A917,OMPX_ECOLI,Outer membrane protein X,Escherichia coli (strain K12),23,confirmed,MKKIACLSALAAVLAFTAGT...,http://www.signalpeptide.de/index.php?sess=&m=listspdb_bacteria&s=details&id=29868&listname=
P46025,OPP23_HAEIN,Outer membrane protein P2,Haemophilus influenzae,20,confirmed,MKKTLAALIVGAFAASAANA,http://www.signalpeptide.de/index.php?sess=&m=listspdb_bacteria&s=details&id=29871&listname=
P04127,PAPA_ECOLX,Pap fimbrial major pilin protein,Escherichia coli,22,confirmed,MIKSVIAGAVAMAVVSFGVN...,http://www.signalpeptide.de/index.php?sess=&m=listspdb_bacteria&s=details&id=29895&listname=
Q01606,PHOE_KLEOX,Outer membrane pore protein E,Klebsiella oxytoca,21,confirmed,MKKSSLALMMMGLIASSATQ...,http://www.signalpeptide.de/index.php?sess=&m=listspdb_bacteria&s=details&id=29933&listname=
P35482,PPBL_PSEAE,Alkaline phosphatase L,Pseudomonas aeruginosa,23,confirmed,MFKRSLIAASLSVAALVSAQ...,http://www.signalpeptide.de/index.php?sess=&m=listspdb_bacteria&s=details&id=29949&listname=
Q8FDW4,SAT_ECOL6,Serine protease sat,Escherichia coli O6,49,confirmed,MNKIYSLKYSAATGGLIAVS...,http://www.signalpeptide.de/index.php?sess=&m=listspdb_bacteria&s=details&id=30003&listname=
O52055,SGP3_CHRVI,Sulfur globule protein CV3,Chromatium vinosum,25,confirmed,MTMKRLLLVSTLAGASALAT...,http://www.signalpeptide.de/index.php?sess=&m=listspdb_bacteria&s=details&id=30027&listname=
P0A855,TOLB_ECOLI,Protein tolB,Escherichia coli (strain K12),21,confirmed,MKQALRVAFGFLILWASVLH...,http://www.signalpeptide.de/index.php?sess=&m=listspdb_bacteria&s=details&id=30093&listname=
Q47692,TSH_ECOLX,Temperature-sensitive hemagglutinin tsh,Escherichia coli,52,confirmed,MNRIYSLRYSAVARGFIAVS...,http://www.signalpeptide.de/index.php?sess=&m=listspdb_bacteria&s=details&id=30110&listname=
A9Q0M7,UBAA_STRUB,Bacteriocin ubericin-A,Streptococcus uberis,21,confirmed,MNTIEKFENIKLFSLKKIIG...,http://www.signalpeptide.de/index.php?sess=&m=listspdb_bacteria&s=details&id=30126&listname=
P76520,YFDX_ECOLI,Protein yfdX,Escherichia coli (strain K12),21,confirmed,MKRLIMATMVTAILASSTVW...,http://www.signalpeptide.de/index.php?sess=&m=listspdb_bacteria&s=details&id=30228&listname=
Q9AEM2,Q9AEM2_CLODI,n/a,Clostridium difficile,24,confirmed,MNKKNLAMAMAAVTVVGSAA...,http://www.signalpeptide.de/index.php?sess=&m=listspdb_bacteria&s=details&id=30671&listname=
Q5ZF24,Q5ZF24_LACSK,n/a,Lactobacillus sakei,18,confirmed,MQNTKELSVVELQQILGG,http://www.signalpeptide.de/index.php?sess=&m=listspdb_bacteria&s=details&id=30676&listname=
Q6BEL6,Q6BEL6_9GAMM,n/a,Chromohalobacter sp. 160,30,confirmed,MSSREPSSPKFRLRLLPVLI...,http://www.signalpeptide.de/index.php?sess=&m=listspdb_bacteria&s=details&id=30777&listname=
Q46023,Q46023_CORDI,n/a,Corynebacterium diphtheriae,23,confirmed,MNKTFKTLTLALATGSIALT...,http://www.signalpeptide.de/index.php?sess=&m=listspdb_bacteria&s=details&id=30933&listname=
Q53919,Q53919_STRCH,Peptidyl-prolyl cis-trans isomerase,Streptomyces chrysomallus,20,confirmed,MRRIAGLLVAPLLLLSAVAC,http://www.signalpeptide.de/index.php?sess=&m=listspdb_bacteria&s=details&id=31091&listname=
Q9Z4I2,Q9Z4I2_9ACTO,n/a,Streptomyces matensis,35,confirmed,MLRTLRRRVTAVALGLATAL...,http://www.signalpeptide.de/index.php?sess=&m=listspdb_bacteria&s=details&id=36921&listname=
Q70UQ6,Q70UQ6_STRUB,n/a,Streptococcus uberis,20,confirmed,MKKKLSLAIMAFLGLLMLGA,http://www.signalpeptide.de/index.php?sess=&m=listspdb_bacteria&s=details&id=37091&listname=
Q8RJN8,Q8RJN8_PSEHA,n/a,Pseudoalteromonas haloplanktis,21,confirmed,MKVFFKITTLLLILISYQSL...,http://www.signalpeptide.de/index.php?sess=&m=listspdb_bacteria&s=details&id=37301&listname=
Q8VLQ8,Q8VLQ8_STRSU,n/a,Streptococcus suis,37,confirmed,MGFFISQSKQHYGIRKYKVG...,http://www.signalpeptide.de/index.php?sess=&m=listspdb_bacteria&s=details&id=37996&listname=
Q9RBQ1,Q9RBQ1_STEMA,n/a,Stenotrophomonas maltophilia,21,confirmed,MLARRRFLQFSGAAVASSLA...,http://www.signalpeptide.de/index.php?sess=&m=listspdb_bacteria&s=details&id=43200&listname=
Q9EUR5,Q9EUR5_STRPN,n/a,Streptococcus pneumoniae,25,confirmed,MKKKLTSLALVGAFLGLSWY...,http://www.signalpeptide.de/index.php?sess=&m=listspdb_bacteria&s=details&id=43682&listname=
Q9Z4J8,Q9Z4J8_STRPN,n/a,Streptococcus pneumoniae,33,confirmed,MSVTFFIGEERLKIKIGLAS...,http://www.signalpeptide.de/index.php?sess=&m=listspdb_bacteria&s=details&id=43894&listname=
Q47196,Q47196_ECOLX,n/a,Escherichia coli,21,confirmed,MRKIQFILGILAAASSSATL...,http://www.signalpeptide.de/index.php?sess=&m=listspdb_bacteria&s=details&id=44115&listname=
Q9X775,Q9X775_MYCAA,n/a,Mycoplasma agalactiae,22,confirmed,MKKNKFYLFLGAAPVLSVPL...,http://www.signalpeptide.de/index.php?sess=&m=listspdb_bacteria&s=details&id=44198&listname=
Q8VLR1,Q8VLR1_9ACTO,n/a,Streptomyces sp. M23,30,confirmed,MSRSRTAMLAALTLAAGSMT...,http://www.signalpeptide.de/index.php?sess=&m=listspdb_bacteria&s=details&id=44201&listname=
Q9RBQ2,Q9RBQ2_STEMA,n/a,Stenotrophomonas maltophilia,21,confirmed,MRSTLLAFALAVALPIAHAS...,http://www.signalpeptide.de/index.php?sess=&m=listspdb_bacteria&s=details&id=49463&listname=
Q934G7,Q934G7_BRUSU,n/a,Brucella suis,21,confirmed,MKSLTLAVAMAAFAFTGMAH...,http://www.signalpeptide.de/index.php?sess=&m=listspdb_bacteria&s=details&id=49623&listname=
Q8KKG0,Q8KKG0_9FLAO,n/a,Flavobacterium sp. 92,18,confirmed,MRRSFATLFLPTWPAPLP,http://www.signalpeptide.de/index.php?sess=&m=listspdb_bacteria&s=details&id=49893&listname=
Q46334,Q46334_9BURK,n/a,Comamonas sp,26,confirmed,MRVQSWRSGVAALALWGGVN...,http://www.signalpeptide.de/index.php?sess=&m=listspdb_bacteria&s=details&id=49975&listname=
Q9Z4P5,Q9Z4P5_STAAU,n/a,Staphylococcus aureus,30,confirmed,MKFKSLITTTLALGVLASTG...,http://www.signalpeptide.de/index.php?sess=&m=listspdb_bacteria&s=details&id=50599&listname=
Q934G0,Q934G0_9PSED,n/a,Pseudomonas sp. DH2001,26,confirmed,MSANKNIWIIRLGVAFVCVA...,http://www.signalpeptide.de/index.php?sess=&m=listspdb_bacteria&s=details&id=55963&listname=
Q93L40,Q93L40_CAUCR,n/a,Caulobacter crescentus,21,confirmed,MKRLILAAAASLLALASAAH...,http://www.signalpeptide.de/index.php?sess=&m=listspdb_bacteria&s=details&id=56684&listname=
Q5W2B5,Q5W2B5_BORBU,n/a,Borrelia burgdorferi,18,confirmed,MKIKPLIQLKLMGMFLFS,http://www.signalpeptide.de/index.php?sess=&m=listspdb_bacteria&s=details&id=56686&listname=
Q5W295,Q5W295_BORAF,n/a,Borrelia afzelii,24,confirmed,MKKTKPDIIKLNILTIILTL...,http://www.signalpeptide.de/index.php?sess=&m=listspdb_bacteria&s=details&id=56783&listname=
Q59924,Q59924_STRLI,n/a,Streptomyces lividans,36,confirmed,MDPVRRRSRGRRLGSLTGAV...,http://www.signalpeptide.de/index.php?sess=&m=listspdb_bacteria&s=details&id=62098&listname=
Q5W2C0,Q5W2C0_BORBU,n/a,Borrelia burgdorferi,24,confirmed,MKKAKLNIIKINIITMILTL...,http://www.signalpeptide.de/index.php?sess=&m=listspdb_bacteria&s=details&id=62177&listname=
Q48393,Q48393_KLEOX,n/a,Klebsiella oxytoca,22,confirmed,MKRLNLIIAAVFTMLYASAV...,http://www.signalpeptide.de/index.php?sess=&m=listspdb_bacteria&s=details&id=62572&listname=
Q70GF1,Q70GF1_CAMJE,n/a,Campylobacter jejuni,20,confirmed,MKTKFSLILSACLLSSSLFA,http://www.signalpeptide.de/index.php?sess=&m=listspdb_bacteria&s=details&id=62963&listname=
Q5W291,Q5W291_BORGA,n/a,Borrelia garinii,18,confirmed,MNIKSLIPLKCIAMLMFS,http://www.signalpeptide.de/index.php?sess=&m=listspdb_bacteria&s=details&id=63050&listname=
Q44164,Q44164_ACTPL,n/a,Actinobacillus pleuropneumoniae,19,confirmed,MNIATKLIAGLVAGLVLTA,http://www.signalpeptide.de/index.php?sess=&m=listspdb_bacteria&s=details&id=68280&listname=
Q84BN2,Q84BN2_9CELL,n/a,Cellulomonas sp. GM13,44,confirmed,MGTAGPTSTASARWRDRRVA...,http://www.signalpeptide.de/index.php?sess=&m=listspdb_bacteria&s=details&id=68300&listname=
Q8GJ27,Q8GJ27_9FIRM,n/a,Dehalobacter restrictus,39,confirmed,MGEINRRNFLKASMLGAAAA...,http://www.signalpeptide.de/index.php?sess=&m=listspdb_bacteria&s=details&id=68613&listname=
Q9S1H9,Q9S1H9_STRPY,n/a,Streptococcus pyogenes,47,confirmed,MIISFESVILKHNKIITPEK...,http://www.signalpeptide.de/index.php?sess=&m=listspdb_bacteria&s=details&id=68633&listname=
Q5GN46,Q5GN46_BACSH,n/a,Bacillus sphaericus,31,confirmed,MANQPKKYKKFVATAATATL...,http://www.signalpeptide.de/index.php?sess=&m=listspdb_bacteria&s=details&id=69104&listname=
Q70GF0,Q70GF0_CAMLA,n/a,Campylobacter lari,20,confirmed,MKTKFSLILSACLLSSSLFA,http://www.signalpeptide.de/index.php?sess=&m=listspdb_bacteria&s=details&id=69105&listname=
Q9RBQ0,Q9RBQ0_STEMA,n/a,Stenotrophomonas maltophilia,21,confirmed,MLARRRVLQFSGAAVASSLA...,http://www.signalpeptide.de/index.php?sess=&m=listspdb_bacteria&s=details&id=69187&listname=
O05123,O05123_METME,n/a,Methylophilus methylotrophus,26,confirmed,MMNLKKCALHTAVAMACGLG...,http://www.signalpeptide.de/index.php?sess=&m=listspdb_bacteria&s=details&id=69337&listname=
Q44090,Q44090_ACHLA,n/a,Acholeplasma laidlawii,11,confirmed,MKKLKVMTVVG,http://www.signalpeptide.de/index.php?sess=&m=listspdb_bacteria&s=details&id=74517&listname=
Q44298,Q44298_AERSA,n/a,Aeromonas salmonicida,23,confirmed,MMKMAPSLIAIAMAAMGATA...,http://www.signalpeptide.de/index.php?sess=&m=listspdb_bacteria&s=details&id=74758&listname=
Q70GF3,Q70GF3_CAMJE,n/a,Campylobacter jejuni,20,confirmed,MKTKFSLILSACLLSSSLFA,http://www.signalpeptide.de/index.php?sess=&m=listspdb_bacteria&s=details&id=75333&listname=
Q9S3L8,Q9S3L8_9SPIO,n/a,Borrelia recurrentis,15,confirmed,MRIKGIILMMMIVVG,http://www.signalpeptide.de/index.php?sess=&m=listspdb_bacteria&s=details&id=81002&listname=
Q5W289,Q5W289_BORGA,n/a,Borrelia garinii,24,confirmed,MKKTKLNIIKLNILTTILTL...,http://www.signalpeptide.de/index.php?sess=&m=listspdb_bacteria&s=details&id=81088&listname=
Q659I5,Q659I5_CAMJE,n/a,Campylobacter jejuni,22,confirmed,MKLVKLSLVAALAAGAFSAA...,http://www.signalpeptide.de/index.php?sess=&m=listspdb_bacteria&s=details&id=81287&listname=
Q9AE74,Q9AE74_PSEFL,n/a,Pseudomonas fluorescens,25,confirmed,MKGIKTLVSATAIVACLGAA...,http://www.signalpeptide.de/index.php?sess=&m=listspdb_bacteria&s=details&id=81536&listname=
Q8VLQ6,Q8VLQ6_STRSU,n/a,Streptococcus suis,37,confirmed,MGFFISQSKQHYGIRKYKVG...,http://www.signalpeptide.de/index.php?sess=&m=listspdb_bacteria&s=details&id=86870&listname=
Q9RB42,Q9RB42_9CORY,n/a,Corynebacterium sp. ALY-1,32,confirmed,MTLTRKRGLTAALTATALLV...,http://www.signalpeptide.de/index.php?sess=&m=listspdb_bacteria&s=details&id=87407&listname=
Q47117,Q47117_ECOLX,n/a,Escherichia coli,23,confirmed,MKLNKIIGALVLSSTFVSMG...,http://www.signalpeptide.de/index.php?sess=&m=listspdb_bacteria&s=details&id=87826&listname=
Q9AEM3,Q9AEM3_CLODI,n/a,Clostridium difficile,24,confirmed,MNKKNIAIAMSGLTVLASAA...,http://www.signalpeptide.de/index.php?sess=&m=listspdb_bacteria&s=details&id=93174&listname=
Q9RM69,Q9RM69_ERWCA,n/a,Erwinia carotovora,21,confirmed,MKKTAIGLAVALAGFATVAQ...,http://www.signalpeptide.de/index.php?sess=&m=listspdb_bacteria&s=details&id=93551&listname=
Q8GC45,Q8GC45_FLAS2,n/a,Flavobacterium sp. (strain ATCC 27551),29,confirmed,MQTRRVVLKSAAAAGTLLGG...,http://www.signalpeptide.de/index.php?sess=&m=listspdb_bacteria&s=details&id=93552&listname=
Q8G9Q0,Q8G9Q0_PSEAE,n/a,Pseudomonas aeruginosa,20,confirmed,MNSPKSRALLGFMGAFCLLL,http://www.signalpeptide.de/index.php?sess=&m=listspdb_bacteria&s=details&id=99431&listname=
Q9S3L9,Q9S3L9_9SPIO,n/a,Borrelia recurrentis,25,confirmed,MKRGIKGEMINRVMIIMVLV...,http://www.signalpeptide.de/index.php?sess=&m=listspdb_bacteria&s=details&id=99742&listname=
Q9S1H8,Q9S1H8_STRPY,n/a,Streptococcus pyogenes,47,confirmed,MIISFESVILKHNKIITPEK...,http://www.signalpeptide.de/index.php?sess=&m=listspdb_bacteria&s=details&id=99893&listname=
Q4A1I5,Q4A1I5_CAMJE,n/a,Campylobacter jejuni,19,confirmed,MKKILLSVLTTFVAVVLAA,http://www.signalpeptide.de/index.php?sess=&m=listspdb_bacteria&s=details&id=100151&listname=
O30329,O30329_ACEEU,n/a,Acetobacter europaeus,44,confirmed,MGRLNRFRLGKDGRREQASL...,http://www.signalpeptide.de/index.php?sess=&m=listspdb_bacteria&s=details&id=105766&listname=
Q6ZXZ8,Q6ZXZ8_WOLSU,n/a,Wolinella succinogenes,24,confirmed,MQRLLKQSLVVTASLLALGT...,http://www.signalpeptide.de/index.php?sess=&m=listspdb_bacteria&s=details&id=106565&listname=
Q9RBQ3,Q9RBQ3_STEMA,n/a,Stenotrophomonas maltophilia,21,confirmed,MRFTLLAFALAVALPAVHAS...,http://www.signalpeptide.de/index.php?sess=&m=listspdb_bacteria&s=details&id=112166&listname=
Q4A4I7,Q4A4I7_STRLI,n/a,Streptomyces lividans,41,confirmed,MNRRALALGALAVSGALALT...,http://www.signalpeptide.de/index.php?sess=&m=listspdb_bacteria&s=details&id=112258&listname=
Q44299,Q44299_AERSA,n/a,Aeromonas salmonicida,24,confirmed,MKMKMAPALIALAIAAMGTS...,http://www.signalpeptide.de/index.php?sess=&m=listspdb_bacteria&s=details&id=113095&listname=
Q3T908,Q3T908_SPOUR,n/a,Sporosarcina ureae,31,confirmed,MANQPTKYRKFVVGAASAAL...,http://www.signalpeptide.de/index.php?sess=&m=listspdb_bacteria&s=details&id=118272&listname=
Q5YLN9,Q5YLN9_STRAG,n/a,Streptococcus agalactiae,40,confirmed,MMKKGQVNDTKQSYSLRKYK...,http://www.signalpeptide.de/index.php?sess=&m=listspdb_bacteria&s=details&id=118300&listname=
Q5W288,Q5W288_BORGA,n/a,Borrelia garinii,24,confirmed,MKKNKSDIIKLNILTIILTL...,http://www.signalpeptide.de/index.php?sess=&m=listspdb_bacteria&s=details&id=118514&listname=
Q9EV58,Q9EV58_SPICI,n/a,Spiroplasma citri,23,confirmed,MKKLLSILTISTLTASIPAP...,http://www.signalpeptide.de/index.php?sess=&m=listspdb_bacteria&s=details&id=118716&listname=
Q9R6Y9,Q9R6Y9_PSEO7,n/a,Pseudoalteromonas piscicida,13,confirmed,MFAKKQIITASLS,http://www.signalpeptide.de/index.php?sess=&m=listspdb_bacteria&s=details&id=118735&listname=
Q5W284,Q5W284_BORGA,n/a,Borrelia garinii,19,confirmed,MERSTIYKILTLFKIAMLS,http://www.signalpeptide.de/index.php?sess=&m=listspdb_bacteria&s=details&id=118736&listname=
Q8KKG4,Q8KKG4_BORGA,n/a,Borrelia garinii,16,confirmed,MNIKSLIPLKCIALLL,http://www.signalpeptide.de/index.php?sess=&m=listspdb_bacteria&s=details&id=118960&listname=
Q0JRK4,Q0JRK4_ALTCA,n/a,Alteromonas carrageenovora,25,confirmed,MKIKILSAMVASSLLIGCVI...,http://www.signalpeptide.de/index.php?sess=&m=listspdb_bacteria&s=details&id=124517&listname=
Q5W294,Q5W294_BORAF,n/a,Borrelia afzelii,24,confirmed,MTKTNLNTIKPNIVTIMLAL...,http://www.signalpeptide.de/index.php?sess=&m=listspdb_bacteria&s=details&id=124614&listname=
Q8VLP7,Q8VLP7_STRAG,n/a,Streptococcus agalactiae,40,confirmed,MMKKGQVNDTKQSYSLRKYK...,http://www.signalpeptide.de/index.php?sess=&m=listspdb_bacteria&s=details&id=125532&listname=
Q70GE9,Q70GE9_CAMLA,n/a,Campylobacter lari,20,confirmed,MKTKFSLILSACLLSSSLFA,http://www.signalpeptide.de/index.php?sess=&m=listspdb_bacteria&s=details&id=130830&listname=
O05471,O05471_STREQ,n/a,Streptococcus equisimilis,21,confirmed,MKTKQVASVISLALSLFLVT...,http://www.signalpeptide.de/index.php?sess=&m=listspdb_bacteria&s=details&id=130976&listname=
Q5W297,Q5W297_BORAF,n/a,Borrelia afzelii,20,confirmed,MKKNDLILTNIVIPILLMCS,http://www.signalpeptide.de/index.php?sess=&m=listspdb_bacteria&s=details&id=130978&listname=
Q70GF2,Q70GF2_CAMJE,n/a,Campylobacter jejuni,20,confirmed,MKTRFSLILSACLLSSSLFA,http://www.signalpeptide.de/index.php?sess=&m=listspdb_bacteria&s=details&id=130979&listname=
Q51870,Q51870_PSELE,n/a,Pseudomonas lemoignei,26,confirmed,MQLKKSLRVTIAVLLGAGVS...,http://www.signalpeptide.de/index.php?sess=&m=listspdb_bacteria&s=details&id=131900&listname=
Q5W296,Q5W296_BORAF,n/a,Borrelia afzelii,24,confirmed,MTKTKSDIIKLNIITTILAL...,http://www.signalpeptide.de/index.php?sess=&m=listspdb_bacteria&s=details&id=138064&listname=
Q00620,Q00620_PSEST,n/a,Pseudomonas stutzeri,44,confirmed,MSSITRGCGARARLSERFSI...,http://www.signalpeptide.de/index.php?sess=&m=listspdb_bacteria&s=details&id=138292&listname=
Q59644,Q59644_PROAC,n/a,Propionibacterium acnes,26,confirmed,MKINARFAVMAASVAVLMAA...,http://www.signalpeptide.de/index.php?sess=&m=listspdb_bacteria&s=details&id=138357&listname=
Q5K103,Q5K103_BACSH,n/a,Bacillus sphaericus,31,confirmed,MANQPKKYKKFVATAATATL...,http://www.signalpeptide.de/index.php?sess=&m=listspdb_bacteria&s=details&id=143370&listname=
Q9AE75,Q9AE75_PSEFL,n/a,Pseudomonas fluorescens,26,confirmed,MSISPLFTAQLFVVLVGISL...,http://www.signalpeptide.de/index.php?sess=&m=listspdb_bacteria&s=details&id=143697&listname=
O82953,O82953_BACSU,n/a,Bacillus subtilis,45,confirmed,MFEKRFKTSLLPLFAGFLLL...,http://www.signalpeptide.de/index.php?sess=&m=listspdb_bacteria&s=details&id=149643&listname=
Q51721,Q51721_PSEFL,n/a,Pseudomonas fluorescens,21,confirmed,KNTLGLAIGSLIAATSFGVL...,http://www.signalpeptide.de/index.php?sess=&m=listspdb_bacteria&s=details&id=149970&listname=
Q6ZYL6,Q6ZYL6_PSEHA,n/a,Pseudoalteromonas haloplanktis,20,confirmed,MLKKLKLSLLLLCLPFAALA,http://www.signalpeptide.de/index.php?sess=&m=listspdb_bacteria&s=details&id=150814&listname=
Q9ACN7,Q9ACN7_STROI,n/a,Streptomyces olivaceoviridis,37,confirmed,MTRHHRTTPRLTRLLGSLLL...,http://www.signalpeptide.de/index.php?sess=&m=listspdb_bacteria&s=details&id=156479&listname=
Q9RED0,Q9RED0_BACTU,n/a,Bacillus thuringiensis,29,confirmed,MAKTNSYKKVIAGTMTAAMV...,http://www.signalpeptide.de/index.php?sess=&m=listspdb_bacteria&s=details&id=156560&listname=
Q5W2B7,Q5W2B7_BORBU,n/a,Borrelia burgdorferi,25,confirmed,MHKESVLTKNKLNIIATILT...,http://www.signalpeptide.de/index.php?sess=&m=listspdb_bacteria&s=details&id=156795&listname=
Q8KKG5,Q8KKG5_BORGA,n/a,Borrelia garinii,17,confirmed,MKRIIILSILLLLLLFS,http://www.signalpeptide.de/index.php?sess=&m=listspdb_bacteria&s=details&id=156869&listname=
Q46520,Q46520_DICNO,n/a,Dichelobacter nodosus,18,confirmed,MKLSHLSLAIISAITLAA,http://www.signalpeptide.de/index.php?sess=&m=listspdb_bacteria&s=details&id=156870&listname=
Q07685,Q07685_ECOLX,n/a,Escherichia coli,40,confirmed,MAHSFYVNFGKKNIWRMSEM...,http://www.signalpeptide.de/index.php?sess=&m=listspdb_bacteria&s=details&id=157029&listname=
Q5QSD8,Q5QSD8_MARHY,n/a,Marinobacter hydrocarbonoclasticus,23,confirmed,MIKHPLAKALTLSLGVAAGS...,http://www.signalpeptide.de/index.php?sess=&m=listspdb_bacteria&s=details&id=157031&listname=
Q51871,Q51871_PSELE,n/a,Pseudomonas lemoignei,26,confirmed,MRNTLKAAFKLGVISAALLA...,http://www.signalpeptide.de/index.php?sess=&m=listspdb_bacteria&s=details&id=162873&listname=
Q8GMV7,Q8GMV7_9ACTO,"Endo-1,4-beta-xylanase",Thermopolyspora flexuosa,43,confirmed,MNEPLTITQARRRRRLGLRR...,http://www.signalpeptide.de/index.php?sess=&m=listspdb_bacteria&s=details&id=162962&listname=
Q5W286,Q5W286_BORGA,n/a,Borrelia garinii,24,confirmed,MTKTKLDIIKVNIVAIILTL...,http://www.signalpeptide.de/index.php?sess=&m=listspdb_bacteria&s=details&id=163159&listname=
Q8KKG1,Q8KKG1_CAUCR,n/a,Caulobacter crescentus,21,confirmed,MKRLILAAAASLLALASAAH...,http://www.signalpeptide.de/index.php?sess=&m=listspdb_bacteria&s=details&id=169187&listname=
B6EFG6,B6EFG6_CLODI,n/a,Clostridium difficile,27,confirmed,MKIPKKIAAMLTVTMIAGSS...,http://www.signalpeptide.de/index.php?sess=&m=listspdb_bacteria&s=details&id=175341&listname=
Q5W290,Q5W290_BORGA,n/a,Borrelia garinii,24,confirmed,MKKTKLNIIKLNILTTTLTL...,http://www.signalpeptide.de/index.php?sess=&m=listspdb_bacteria&s=details&id=175510&listname=
Q5K104,Q5K104_BACSH,n/a,Bacillus sphaericus,31,confirmed,MANQPKKYKKFVATAATATL...,http://www.signalpeptide.de/index.php?sess=&m=listspdb_bacteria&s=details&id=181847&listname=
Q9F437,Q9F437_IDEDE,n/a,Ideonella dechloratans,38,confirmed,MKVRCVSLVAAGLLTIAGSA...,http://www.signalpeptide.de/index.php?sess=&m=listspdb_bacteria&s=details&id=181917&listname=
Q8GJ76,Q8GJ76_BACCE,n/a,Bacillus cereus,27,confirmed,MSLKKKLGMGVASAALGLAL...,http://www.signalpeptide.de/index.php?sess=&m=listspdb_bacteria&s=details&id=187733&listname=
Q48391,Q48391_KLEOX,n/a,Klebsiella oxytoca,22,confirmed,MKKKLLSASIALALTAPVHS...,http://www.signalpeptide.de/index.php?sess=&m=listspdb_bacteria&s=details&id=187796&listname=
Q9X9R8,Q9X9R8_STRPY,n/a,Streptococcus pyogenes,47,confirmed,MIISFESVILKHNKIITPEK...,http://www.signalpeptide.de/index.php?sess=&m=listspdb_bacteria&s=details&id=188093&listname=
Q5W285,Q5W285_BORGA,n/a,Borrelia garinii,23,confirmed,MKNNKLNMIKLNITTILSLM...,http://www.signalpeptide.de/index.php?sess=&m=listspdb_bacteria&s=details&id=188342&listname=
B0JEU6,B0JEU6_9BACL,n/a,Paenibacillus sp. C36,36,confirmed,MFKWTKRIILSTTLSFSLLA...,http://www.signalpeptide.de/index.php?sess=&m=listspdb_bacteria&s=details&id=188377&listname=
Q47784,Q47784_ENTFC,n/a,Enterococcus faecium,18,confirmed,MKHLKILSIKETQLIYGG,http://www.signalpeptide.de/index.php?sess=&m=listspdb_bacteria&s=details&id=193600&listname=
Q54901,Q54901_STRPY,n/a,Streptococcus pyogenes,41,confirmed,MARKDTNKQYSLRKLKTGTA...,http://www.signalpeptide.de/index.php?sess=&m=listspdb_bacteria&s=details&id=193688&listname=
Q5W292,Q5W292_BORAF,n/a,Borrelia afzelii,20,confirmed,MKKNTVYKILKLFTITLLFS,http://www.signalpeptide.de/index.php?sess=&m=listspdb_bacteria&s=details&id=193689&listname=
Q8VLQ7,Q8VLQ7_STRSU,n/a,Streptococcus suis,37,confirmed,MGFFISQSKQHYGIRKYKVG...,http://www.signalpeptide.de/index.php?sess=&m=listspdb_bacteria&s=details&id=193828&listname=
Q5ZEQ7,Q5ZEQ7_9FIRM,n/a,Anaerobranca gottschalkii,34,confirmed,MINKKNSIGKAICICLSILL...,http://www.signalpeptide.de/index.php?sess=&m=listspdb_bacteria&s=details&id=193845&listname=
Q60102,Q60102_XANCA,n/a,Xanthomonas campestris,30,confirmed,MSSSCRFRPLSFLLAAALGA...,http://www.signalpeptide.de/index.php?sess=&m=listspdb_bacteria&s=details&id=194444&listname=
Q53601,Q53601_STAAU,n/a,Staphylococcus aureus,26,confirmed,MKKQIIFLGALAVASSLFTW...,http://www.signalpeptide.de/index.php?sess=&m=listspdb_bacteria&s=details&id=194728&listname=
O87169,O87169_ALCXX,n/a,Alcaligenes xylosoxydans xylosoxydans,21,confirmed,MLLKNLCAATILALASAPVL...,http://www.signalpeptide.de/index.php?sess=&m=listspdb_bacteria&s=details&id=199845&listname=
Q8KKH4,Q8KKH4_9RHIZ,n/a,Hyphomicrobium denitrificans,39,confirmed,MIFHRFGAVVGLMMAALLSV...,http://www.signalpeptide.de/index.php?sess=&m=listspdb_bacteria&s=details&id=199954&listname=
Q4VYA5,Q4VYA5_SALDU,Transthyretin,Salmonella dublin,22,confirmed,MKRHILATVIASLVAAPAMA...,http://www.signalpeptide.de/index.php?sess=&m=listspdb_bacteria&s=details&id=200447&listname=
Q5W298,Q5W298_BORAF,n/a,Borrelia afzelii,20,confirmed,MKKYKLGFIKLTAIILFMCS,http://www.signalpeptide.de/index.php?sess=&m=listspdb_bacteria&s=details&id=201096&listname=
O87343,O87343_NEIME,n/a,Neisseria meningitidis,24,confirmed,MNKKHGFQLTLTALAVAAAF...,http://www.signalpeptide.de/index.php?sess=&m=listspdb_bacteria&s=details&id=206204&listname=
Q48401,Q48401_KLEOX,n/a,Klebsiella oxytoca,30,confirmed,MKRNRFFNTSAAIAISIALN...,http://www.signalpeptide.de/index.php?sess=&m=listspdb_bacteria&s=details&id=206288&listname=
Q8KKG7,Q8KKG7_BORBU,n/a,Borrelia burgdorferi,15,confirmed,MQRISILLMLLAVFS,http://www.signalpeptide.de/index.php?sess=&m=listspdb_bacteria&s=details&id=206433&listname=
Q5W287,Q5W287_BORGA,n/a,Borrelia garinii,24,confirmed,MKKTKPDIIKFNILTTVLTL...,http://www.signalpeptide.de/index.php?sess=&m=listspdb_bacteria&s=details&id=206799&listname=
Q93MG8,Q93MG8_THIFE,n/a,Thiobacillus ferrooxidans,28,confirmed,MFKRLANAAIPFALVGMLFG...,http://www.signalpeptide.de/index.php?sess=&m=listspdb_bacteria&s=details&id=206888&listname=
Q8KKG8,Q8KKG8_BORAF,n/a,Borrelia afzelii,16,confirmed,MKIKSLIHLKFIALFL,http://www.signalpeptide.de/index.php?sess=&m=listspdb_bacteria&s=details&id=207192&listname=
Q9XAS7,Q9XAS7_STRAG,n/a,Streptococcus agalactiae,39,confirmed,MFRQYNFEKGLNFSIRKFSV...,http://www.signalpeptide.de/index.php?sess=&m=listspdb_bacteria&s=details&id=212335&listname=
Q934G2,Q934G2_MYCSM,n/a,Mycobacterium smegmatis,32,confirmed,MKAISRVLIAMISALAAAVA...,http://www.signalpeptide.de/index.php?sess=&m=listspdb_bacteria&s=details&id=212479&listname=
O50371,O50371_METME,n/a,Methylophilus methylotrophus,30,confirmed,MSTSNRRGFMKGALVGAMMA...,http://www.signalpeptide.de/index.php?sess=&m=listspdb_bacteria&s=details&id=212586&listname=
Q8KKG6,Q8KKG6_BORBU,n/a,Borrelia burgdorferi,16,confirmed,MKIKPLIQLKLLGLFL,http://www.signalpeptide.de/index.php?sess=&m=listspdb_bacteria&s=details&id=212804&listname=
Q9RLV2,Q9RLV2_9LACT,n/a,Lactococcus lactis,34,confirmed,MKFNKKRVAIATFIALIFVS...,http://www.signalpeptide.de/index.php?sess=&m=listspdb_bacteria&s=details&id=212869&listname=
Q8KKG9,Q8KKG9_BORAF,n/a,Borrelia afzelii,15,confirmed,MKGISILSLLLLAFS,http://www.signalpeptide.de/index.php?sess=&m=listspdb_bacteria&s=details&id=213011&listname=
