TaxID,Class
100673,Insthoviricetes
100834,Insthoviricetes
10245,Pokkesviricetes
10246,Pokkesviricetes
10248,Pokkesviricetes
10249,Pokkesviricetes
10250,Pokkesviricetes
10251,Pokkesviricetes
10252,Pokkesviricetes
10253,Pokkesviricetes
10254,Pokkesviricetes
10256,Pokkesviricetes
10259,Pokkesviricetes
10272,Pokkesviricetes
10273,Pokkesviricetes
10288,Pokkesviricetes
10290,Pokkesviricetes
10291,Pokkesviricetes
10296,Herviviricetes
10298,Herviviricetes
10299,Herviviricetes
10301,Herviviricetes
10303,Herviviricetes
10304,Herviviricetes
10305,Herviviricetes
10306,Herviviricetes
10307,Herviviricetes
10308,Herviviricetes
10310,Herviviricetes
10313,Herviviricetes
10314,Herviviricetes
10315,Herviviricetes
10316,Herviviricetes
10320,Herviviricetes
10323,Herviviricetes
10324,Herviviricetes
10325,Herviviricetes
10327,Herviviricetes
10328,Herviviricetes
10329,Herviviricetes
10330,Herviviricetes
10333,Herviviricetes
10334,Herviviricetes
10338,Herviviricetes
10343,Herviviricetes
10344,Herviviricetes
10345,Herviviricetes
10349,Herviviricetes
10350,Herviviricetes
10353,Herviviricetes
10359,Herviviricetes
10360,Herviviricetes
103603,Monjiviricetes
10363,Herviviricetes
10367,Herviviricetes
10369,Herviviricetes
10370,Herviviricetes
10377,Herviviricetes
10383,Herviviricetes
10384,Herviviricetes
10386,Herviviricetes
10387,Herviviricetes
10388,Herviviricetes
10389,Herviviricetes
10390,Herviviricetes
10391,Herviviricetes
103916,Revtraviricetes
103918,Revtraviricetes
103919,Revtraviricetes
10392,Herviviricetes
103920,Herviviricetes
103921,Herviviricetes
103929,Monjiviricetes
10406,Revtraviricetes
10407,Revtraviricetes
10409,Revtraviricetes
10410,Revtraviricetes
10412,Revtraviricetes
10413,Revtraviricetes
10415,Revtraviricetes
10430,Revtraviricetes
10431,Revtraviricetes
10432,Revtraviricetes
10433,Revtraviricetes
104388,Herviviricetes
10439,Revtraviricetes
10440,Revtraviricetes
10449,Naldaviricetes
10456,Naldaviricetes
10469,Naldaviricetes
10484,NA
10498,Pokkesviricetes
10499,Pokkesviricetes
10506,Megaviricetes
10515,Pharingeaviricetes
10519,Pharingeaviricetes
10522,Pharingeaviricetes
10534,Pharingeaviricetes
10553,Pharingeaviricetes
106423,Insthoviricetes
106491,Insthoviricetes
10665,Caudoviricetes
10703,Caudoviricetes
10707,Caudoviricetes
10714,Caudoviricetes
10715,Caudoviricetes
10730,Caudoviricetes
10738,Caudoviricetes
107417,Insthoviricetes
107470,Insthoviricetes
1077587,Insthoviricetes
10863,Faserviricetes
10867,Faserviricetes
10868,Faserviricetes
10869,Faserviricetes
1093324,Insthoviricetes
1093329,Insthoviricetes
1093331,Insthoviricetes
1093527,Insthoviricetes
1093533,Insthoviricetes
1093538,Insthoviricetes
11009,Chrymotiviricetes
11010,Chrymotiviricetes
110195,Pisoniviricetes
11020,Alsuviricetes
11021,Alsuviricetes
11022,Alsuviricetes
11023,Alsuviricetes
11028,Alsuviricetes
11031,Alsuviricetes
11032,Alsuviricetes
11033,Alsuviricetes
11034,Alsuviricetes
11037,Alsuviricetes
11038,Alsuviricetes
11039,Alsuviricetes
11043,Alsuviricetes
11044,Alsuviricetes
11045,Alsuviricetes
11049,Pisoniviricetes
110829,Resentoviricetes
11084,Flasuviricetes
11099,Flasuviricetes
11120,Pisoniviricetes
11121,Pisoniviricetes
11122,Pisoniviricetes
11124,Pisoniviricetes
11125,Pisoniviricetes
11126,Pisoniviricetes
11127,Pisoniviricetes
11129,Pisoniviricetes
11130,Pisoniviricetes
11131,Pisoniviricetes
11132,Pisoniviricetes
11133,Pisoniviricetes
11134,Pisoniviricetes
11135,Pisoniviricetes
11137,Pisoniviricetes
11142,Pisoniviricetes
11144,Pisoniviricetes
11145,Pisoniviricetes
11148,Pisoniviricetes
11149,Pisoniviricetes
11150,Pisoniviricetes
11151,Pisoniviricetes
11156,Pisoniviricetes
11171,Monjiviricetes
11172,Monjiviricetes
11173,Monjiviricetes
11177,Monjiviricetes
11178,Monjiviricetes
11180,Monjiviricetes
11181,Monjiviricetes
11182,Monjiviricetes
11184,Monjiviricetes
11185,Monjiviricetes
11186,Monjiviricetes
11187,Monjiviricetes
11188,Monjiviricetes
11189,Monjiviricetes
11190,Monjiviricetes
11195,Monjiviricetes
11196,Monjiviricetes
11198,Monjiviricetes
11208,Monjiviricetes
11210,Monjiviricetes
11213,Monjiviricetes
11214,Monjiviricetes
11216,Monjiviricetes
11217,Monjiviricetes
11233,Monjiviricetes
11235,Monjiviricetes
11236,Monjiviricetes
11237,Monjiviricetes
11239,Monjiviricetes
11240,Monjiviricetes
11242,Monjiviricetes
11243,Monjiviricetes
11247,Monjiviricetes
11248,Monjiviricetes
11249,Monjiviricetes
11250,Monjiviricetes
11251,Monjiviricetes
11259,Monjiviricetes
11261,Monjiviricetes
11264,Monjiviricetes
11273,Monjiviricetes
11274,Monjiviricetes
11278,Monjiviricetes
11283,Monjiviricetes
11284,Monjiviricetes
11285,Monjiviricetes
11287,Monjiviricetes
11288,Monjiviricetes
11291,Monjiviricetes
11292,Monjiviricetes
11293,Monjiviricetes
11294,Monjiviricetes
11295,Monjiviricetes
11296,Monjiviricetes
11298,Monjiviricetes
11300,Monjiviricetes
11301,Monjiviricetes
11307,Monjiviricetes
11319,Insthoviricetes
113370,Megaviricetes
11338,Insthoviricetes
11339,Insthoviricetes
11369,Insthoviricetes
11384,Insthoviricetes
11408,Insthoviricetes
11414,Insthoviricetes
11418,Insthoviricetes
11433,Insthoviricetes
1144267,Insthoviricetes
1144268,Insthoviricetes
11462,Insthoviricetes
11520,Insthoviricetes
11521,Insthoviricetes
11525,Insthoviricetes
11527,Insthoviricetes
11530,Insthoviricetes
11534,Insthoviricetes
11537,Insthoviricetes
11538,Insthoviricetes
11541,Insthoviricetes
11545,Insthoviricetes
11547,Insthoviricetes
11553,Insthoviricetes
11556,Insthoviricetes
11557,Insthoviricetes
11564,Insthoviricetes
11566,Insthoviricetes
11567,Insthoviricetes
11568,Insthoviricetes
11574,Bunyaviricetes
11577,Bunyaviricetes
11580,Bunyaviricetes
11583,Bunyaviricetes
11587,Bunyaviricetes
11588,Bunyaviricetes
11589,Bunyaviricetes
11601,Bunyaviricetes
11602,Bunyaviricetes
11610,Bunyaviricetes
11636,Revtraviricetes
11661,Revtraviricetes
11662,Revtraviricetes
11664,Revtraviricetes
11676,Revtraviricetes
11678,Revtraviricetes
11680,Revtraviricetes
11681,Revtraviricetes
11683,Revtraviricetes
11684,Revtraviricetes
11685,Revtraviricetes
11686,Revtraviricetes
11687,Revtraviricetes
11688,Revtraviricetes
11689,Revtraviricetes
11690,Revtraviricetes
11691,Revtraviricetes
11692,Revtraviricetes
11693,Revtraviricetes
11694,Revtraviricetes
11695,Revtraviricetes
11696,Revtraviricetes
11697,Revtraviricetes
11698,Revtraviricetes
11699,Revtraviricetes
11701,Revtraviricetes
11702,Revtraviricetes
11704,Revtraviricetes
11705,Revtraviricetes
11706,Revtraviricetes
11707,Revtraviricetes
11708,Revtraviricetes
11709,Revtraviricetes
11713,Revtraviricetes
11714,Revtraviricetes
11715,Revtraviricetes
11716,Revtraviricetes
11717,Revtraviricetes
11718,Revtraviricetes
11719,Revtraviricetes
11720,Revtraviricetes
11721,Revtraviricetes
11727,Revtraviricetes
11730,Revtraviricetes
11731,Revtraviricetes
11733,Revtraviricetes
11734,Revtraviricetes
11735,Revtraviricetes
11736,Revtraviricetes
11737,Revtraviricetes
11738,Revtraviricetes
11742,Revtraviricetes
11743,Revtraviricetes
11744,Revtraviricetes
11746,Revtraviricetes
11758,Revtraviricetes
11759,Revtraviricetes
11760,Revtraviricetes
11764,Revtraviricetes
11766,Revtraviricetes
11768,Revtraviricetes
11769,Revtraviricetes
11774,Revtraviricetes
11779,Revtraviricetes
11780,Revtraviricetes
11783,Revtraviricetes
11784,Revtraviricetes
11787,Revtraviricetes
11791,Revtraviricetes
11792,Revtraviricetes
11795,Revtraviricetes
11796,Revtraviricetes
11797,Revtraviricetes
11798,Revtraviricetes
11799,Revtraviricetes
11820,Revtraviricetes
11821,Revtraviricetes
11840,Revtraviricetes
11855,Revtraviricetes
11856,Revtraviricetes
11888,Revtraviricetes
11899,Revtraviricetes
11901,Revtraviricetes
11902,Revtraviricetes
11903,Revtraviricetes
11904,Revtraviricetes
11905,Revtraviricetes
11906,Revtraviricetes
11907,Revtraviricetes
11908,Revtraviricetes
11909,Revtraviricetes
11921,Revtraviricetes
11922,Revtraviricetes
11926,Revtraviricetes
11927,Revtraviricetes
11928,Revtraviricetes
11932,Revtraviricetes
11935,Revtraviricetes
11936,Revtraviricetes
11942,Revtraviricetes
11973,Revtraviricetes
12118,Pisoniviricetes
12123,Pisoniviricetes
1228673,Insthoviricetes
1228676,Insthoviricetes
1228677,Insthoviricetes
1229483,Insthoviricetes
12336,Caudoviricetes
12340,NA
12371,NA
1239800,Insthoviricetes
12450,NA
12538,Monjiviricetes
12557,Bunyaviricetes
1261987,Insthoviricetes
126794,Pokkesviricetes
126796,Insthoviricetes
12760,Pisoniviricetes
127957,Insthoviricetes
127958,Insthoviricetes
1283469,Insthoviricetes
1283631,Insthoviricetes
128947,Monjiviricetes
128948,Monjiviricetes
128949,Monjiviricetes
128951,Monjiviricetes
128952,Monjiviricetes
1289570,Caudoviricetes
128999,Monjiviricetes
129000,Monjiviricetes
129003,Monjiviricetes
129004,Monjiviricetes
130763,Insthoviricetes
132475,Pokkesviricetes
132504,Insthoviricetes
1337063,Bunyaviricetes
1342391,Insthoviricetes
1342394,Insthoviricetes
1342400,Insthoviricetes
1342412,Insthoviricetes
1346464,Insthoviricetes
1346474,Insthoviricetes
1366246,Insthoviricetes
1366254,Insthoviricetes
1366256,Insthoviricetes
137576,Insthoviricetes
138946,Caudoviricetes
139295,Insthoviricetes
1406570,Insthoviricetes
142944,Insthoviricetes
1434884,Insthoviricetes
146500,Stelpaviricetes
147747,Insthoviricetes
157642,Insthoviricetes
157898,Tokiviricetes
159201,Insthoviricetes
159217,Insthoviricetes
1598148,Insthoviricetes
160235,Pisoniviricetes
1604876,Caudoviricetes
161494,Naldaviricetes
170502,Insthoviricetes
170503,Insthoviricetes
1727172,Insthoviricetes
173715,Insthoviricetes
176674,Insthoviricetes
178265,Insthoviricetes
186460,Insthoviricetes
188539,Revtraviricetes
191090,Insthoviricetes
196426,Insthoviricetes
196430,Insthoviricetes
196434,Insthoviricetes
196455,Insthoviricetes
1977402,Faserviricetes
198311,Insthoviricetes
1985704,Monjiviricetes
199373,Insthoviricetes
199442,Insthoviricetes
200393,Insthoviricetes
200394,Insthoviricetes
200395,Insthoviricetes
200396,Insthoviricetes
200397,Insthoviricetes
200398,Insthoviricetes
200608,Insthoviricetes
200610,Insthoviricetes
200611,Insthoviricetes
200612,Insthoviricetes
2011081,Faserviricetes
203172,Pokkesviricetes
203173,Pokkesviricetes
203224,Insthoviricetes
203229,Insthoviricetes
203231,Insthoviricetes
207817,Insthoviricetes
207818,Insthoviricetes
207819,Insthoviricetes
207820,Insthoviricetes
207821,Insthoviricetes
207822,Insthoviricetes
207823,Insthoviricetes
207830,Naldaviricetes
208973,Naldaviricetes
211044,Insthoviricetes
211977,Monjiviricetes
212035,Megaviricetes
215847,Insthoviricetes
215848,Insthoviricetes
215852,Insthoviricetes
215864,Insthoviricetes
215872,Insthoviricetes
215879,Insthoviricetes
215882,Insthoviricetes
215892,Insthoviricetes
215895,Insthoviricetes
215902,Insthoviricetes
215907,Insthoviricetes
215909,Insthoviricetes
217809,Insthoviricetes
217810,Insthoviricetes
217811,Insthoviricetes
217812,Insthoviricetes
217813,Insthoviricetes
217814,Insthoviricetes
217815,Insthoviricetes
217819,Insthoviricetes
217820,Insthoviricetes
217821,Insthoviricetes
217822,Insthoviricetes
217824,Insthoviricetes
217825,Insthoviricetes
217826,Insthoviricetes
217828,Insthoviricetes
217829,Insthoviricetes
217831,Insthoviricetes
217834,Insthoviricetes
217835,Insthoviricetes
217836,Insthoviricetes
217837,Insthoviricetes
219164,NA
220501,Insthoviricetes
220959,Insthoviricetes
220960,Insthoviricetes
220961,Insthoviricetes
220962,Insthoviricetes
220963,Insthoviricetes
220964,Insthoviricetes
220967,Insthoviricetes
220968,Insthoviricetes
220969,Insthoviricetes
220970,Insthoviricetes
220972,Insthoviricetes
220973,Insthoviricetes
220974,Insthoviricetes
220975,Insthoviricetes
220977,Insthoviricetes
220978,Insthoviricetes
220979,Insthoviricetes
220983,Insthoviricetes
220984,Insthoviricetes
220997,Insthoviricetes
221004,Insthoviricetes
221113,Insthoviricetes
221934,Insthoviricetes
221935,Insthoviricetes
221936,Insthoviricetes
221937,Insthoviricetes
221938,Insthoviricetes
221939,Insthoviricetes
221940,Insthoviricetes
221941,Insthoviricetes
222142,Insthoviricetes
222719,Insthoviricetes
222730,Insthoviricetes
224399,Naldaviricetes
225086,Insthoviricetes
225088,Insthoviricetes
225089,Insthoviricetes
225090,Insthoviricetes
225091,Insthoviricetes
225093,Insthoviricetes
225097,Insthoviricetes
225098,Insthoviricetes
227507,Alsuviricetes
229032,Pisoniviricetes
229038,Insthoviricetes
229043,Insthoviricetes
229044,Insthoviricetes
230235,Pisoniviricetes
230236,Pisoniviricetes
230237,Pisoniviricetes
230285,Insthoviricetes
230286,Insthoviricetes
230471,Pisoniviricetes
231422,Pisoniviricetes
231423,Pisoniviricetes
231432,Pisoniviricetes
231992,Megaviricetes
232432,Insthoviricetes
232433,Insthoviricetes
232435,Insthoviricetes
232541,Insthoviricetes
232551,Insthoviricetes
233261,Pisoniviricetes
233262,Pisoniviricetes
233264,Pisoniviricetes
237716,Monjiviricetes
249583,Monjiviricetes
249584,Monjiviricetes
254398,Insthoviricetes
2560319,Monjiviricetes
2560525,Monjiviricetes
2560602,Monjiviricetes
258962,Insthoviricetes
260797,Megaviricetes
260808,Insthoviricetes
260810,Insthoviricetes
260815,Insthoviricetes
262177,Naldaviricetes
265120,Insthoviricetes
265121,Insthoviricetes
265122,Insthoviricetes
265871,Pokkesviricetes
265872,Pokkesviricetes
267287,Bunyaviricetes
267288,Bunyaviricetes
2681611,Caudoviricetes
2695836,Caudoviricetes
271108,Naldaviricetes
2749935,Monjiviricetes
277944,Pisoniviricetes
278189,Insthoviricetes
279395,Insthoviricetes
279794,Insthoviricetes
279803,Insthoviricetes
282149,Insthoviricetes
282156,Insthoviricetes
28282,Pharingeaviricetes
28285,Pharingeaviricetes
28288,Naldaviricetes
28290,Naldaviricetes
28300,Revtraviricetes
28322,Pokkesviricetes
284169,Insthoviricetes
284172,Insthoviricetes
284177,Insthoviricetes
284184,Insthoviricetes
284208,Insthoviricetes
284214,Insthoviricetes
284215,Insthoviricetes
2847073,Faserviricetes
285014,Insthoviricetes
285015,Insthoviricetes
285016,Insthoviricetes
285017,Insthoviricetes
285018,NA
285019,NA
285020,Insthoviricetes
285021,Insthoviricetes
285023,Insthoviricetes
286227,Insthoviricetes
286263,Insthoviricetes
286264,Insthoviricetes
286265,Insthoviricetes
286272,Insthoviricetes
290008,Monjiviricetes
291795,Insthoviricetes
291796,Insthoviricetes
291799,Insthoviricetes
291800,Insthoviricetes
291801,Insthoviricetes
291802,Insthoviricetes
291803,Insthoviricetes
291804,Insthoviricetes
291805,Insthoviricetes
291806,Insthoviricetes
292724,Insthoviricetes
292725,Insthoviricetes
293055,Insthoviricetes
2932878,Caudoviricetes
29342,Caudoviricetes
295027,Herviviricetes
296738,Monjiviricetes
2992645,Caudoviricetes
299386,Pisoniviricetes
302271,Monjiviricetes
302272,Monjiviricetes
3052225,Monjiviricetes
3052342,Monjiviricetes
3052344,Monjiviricetes
3052480,Bunyaviricetes
3052492,Bunyaviricetes
3052505,Monjiviricetes
3052561,Monjiviricetes
3052585,Bunyaviricetes
3052729,Monjiviricetes
3052767,Bunyaviricetes
310273,Herviviricetes
311175,Insthoviricetes
311579,Insthoviricetes
311580,Insthoviricetes
311581,Insthoviricetes
311582,Insthoviricetes
311583,Insthoviricetes
311584,Insthoviricetes
311585,Insthoviricetes
311586,Insthoviricetes
311587,Insthoviricetes
311588,Insthoviricetes
311589,Insthoviricetes
311590,Insthoviricetes
311591,Insthoviricetes
311592,Insthoviricetes
311593,Insthoviricetes
311594,Insthoviricetes
311595,Insthoviricetes
311596,Insthoviricetes
311597,Insthoviricetes
311598,Insthoviricetes
311599,Insthoviricetes
311600,Insthoviricetes
311601,Insthoviricetes
311602,Insthoviricetes
311603,Insthoviricetes
311604,Insthoviricetes
311605,Insthoviricetes
311606,Insthoviricetes
311607,Insthoviricetes
311608,Insthoviricetes
311609,Insthoviricetes
311610,Insthoviricetes
311611,Insthoviricetes
311612,Insthoviricetes
311613,Insthoviricetes
311614,Insthoviricetes
311615,Insthoviricetes
311616,Insthoviricetes
311617,Insthoviricetes
311618,Insthoviricetes
311619,Insthoviricetes
311620,Insthoviricetes
311621,Insthoviricetes
311622,Insthoviricetes
311623,Insthoviricetes
311624,Insthoviricetes
311625,Insthoviricetes
311626,Insthoviricetes
311627,Insthoviricetes
311628,Insthoviricetes
311629,Insthoviricetes
311630,Insthoviricetes
311631,Insthoviricetes
311632,Insthoviricetes
311633,Insthoviricetes
311634,Insthoviricetes
311636,Insthoviricetes
311637,Insthoviricetes
311638,Insthoviricetes
311639,Insthoviricetes
311640,Insthoviricetes
311641,Insthoviricetes
311642,Insthoviricetes
311643,Insthoviricetes
311644,Insthoviricetes
311645,Insthoviricetes
311646,Insthoviricetes
311647,Insthoviricetes
311648,Insthoviricetes
311649,Insthoviricetes
311650,Insthoviricetes
311651,Insthoviricetes
311652,Insthoviricetes
311654,Insthoviricetes
311655,Insthoviricetes
311656,Insthoviricetes
311657,Insthoviricetes
311658,Insthoviricetes
311659,Insthoviricetes
311660,Insthoviricetes
311661,Insthoviricetes
311662,Insthoviricetes
311663,Insthoviricetes
311664,Insthoviricetes
311665,Insthoviricetes
311666,Insthoviricetes
311667,Insthoviricetes
311668,Insthoviricetes
311669,Insthoviricetes
311670,Insthoviricetes
311671,Insthoviricetes
311672,Insthoviricetes
311673,Insthoviricetes
311674,Insthoviricetes
311675,Insthoviricetes
311676,Insthoviricetes
311677,Insthoviricetes
311678,Insthoviricetes
311679,Insthoviricetes
311680,Insthoviricetes
311681,Insthoviricetes
311682,Insthoviricetes
311683,Insthoviricetes
311684,Insthoviricetes
311685,Insthoviricetes
311686,Insthoviricetes
311687,Insthoviricetes
311688,Insthoviricetes
311689,Insthoviricetes
311690,Insthoviricetes
311691,Insthoviricetes
311692,Insthoviricetes
311693,Insthoviricetes
311694,Insthoviricetes
311695,Insthoviricetes
311696,Insthoviricetes
311697,Insthoviricetes
311698,Insthoviricetes
311699,Insthoviricetes
311700,Insthoviricetes
311701,Insthoviricetes
311702,Insthoviricetes
311703,Insthoviricetes
311704,Insthoviricetes
311705,Insthoviricetes
311706,Insthoviricetes
311707,Insthoviricetes
311708,Insthoviricetes
311709,Insthoviricetes
311710,Insthoviricetes
311711,Insthoviricetes
311712,Insthoviricetes
311714,Insthoviricetes
311716,Insthoviricetes
311717,Insthoviricetes
311718,Insthoviricetes
311719,Insthoviricetes
311720,Insthoviricetes
311721,Insthoviricetes
311722,Insthoviricetes
311723,Insthoviricetes
311724,Insthoviricetes
311725,Insthoviricetes
311726,Insthoviricetes
311728,Insthoviricetes
311729,Insthoviricetes
311730,Insthoviricetes
311731,Insthoviricetes
311732,Insthoviricetes
311733,Insthoviricetes
311734,Insthoviricetes
311735,Insthoviricetes
311736,Insthoviricetes
311737,Insthoviricetes
311738,Insthoviricetes
311739,Insthoviricetes
311740,Insthoviricetes
311741,Insthoviricetes
311742,Insthoviricetes
311743,Insthoviricetes
311744,Insthoviricetes
311745,Insthoviricetes
311746,Insthoviricetes
311747,Insthoviricetes
311748,Insthoviricetes
311749,Insthoviricetes
311750,Insthoviricetes
311751,Insthoviricetes
311752,Insthoviricetes
311753,Insthoviricetes
311754,Insthoviricetes
311755,Insthoviricetes
311756,Insthoviricetes
311757,Insthoviricetes
311758,Insthoviricetes
311759,Insthoviricetes
311760,Insthoviricetes
311761,Insthoviricetes
311762,Insthoviricetes
311763,Insthoviricetes
311765,Insthoviricetes
311766,Insthoviricetes
311767,Insthoviricetes
311768,Insthoviricetes
311769,Insthoviricetes
311770,Insthoviricetes
311771,Insthoviricetes
311772,Insthoviricetes
311773,Insthoviricetes
311774,Insthoviricetes
311775,Insthoviricetes
311776,Insthoviricetes
311777,Insthoviricetes
31506,Naldaviricetes
31510,Revtraviricetes
31514,Revtraviricetes
31520,Herviviricetes
31521,Herviviricetes
31523,Herviviricetes
31530,Pokkesviricetes
31531,Pokkesviricetes
31612,Monjiviricetes
31613,Monjiviricetes
31617,Bunyaviricetes
31620,Bunyaviricetes
31625,Pisoniviricetes
31629,Pisoniviricetes
31630,Pisoniviricetes
31631,Pisoniviricetes
31678,Revtraviricetes
31681,Revtraviricetes
31684,Revtraviricetes
31689,Revtraviricetes
31692,Revtraviricetes
31699,Alsuviricetes
31767,Alsuviricetes
31768,Alsuviricetes
31769,Alsuviricetes
319837,Insthoviricetes
319838,Insthoviricetes
319839,Insthoviricetes
319840,Insthoviricetes
319841,Insthoviricetes
319842,Insthoviricetes
319843,Insthoviricetes
319844,Insthoviricetes
319845,Insthoviricetes
319846,Insthoviricetes
319847,Insthoviricetes
319848,Insthoviricetes
319849,Insthoviricetes
319850,Insthoviricetes
319851,Insthoviricetes
319852,Insthoviricetes
319853,Insthoviricetes
319854,Insthoviricetes
319855,Insthoviricetes
319856,Insthoviricetes
319857,Insthoviricetes
319858,Insthoviricetes
319859,Insthoviricetes
319860,Insthoviricetes
319861,Insthoviricetes
319862,Insthoviricetes
319863,Insthoviricetes
319864,Insthoviricetes
319865,Insthoviricetes
319866,Insthoviricetes
319867,Insthoviricetes
319868,Insthoviricetes
319869,Insthoviricetes
319870,Insthoviricetes
319871,Insthoviricetes
319872,Insthoviricetes
319873,Insthoviricetes
319874,Insthoviricetes
319875,Insthoviricetes
319876,Insthoviricetes
319877,Insthoviricetes
319878,Insthoviricetes
319879,Insthoviricetes
319880,Insthoviricetes
319881,Insthoviricetes
319882,Insthoviricetes
319883,Insthoviricetes
319884,Insthoviricetes
319885,Insthoviricetes
319886,Insthoviricetes
319887,Insthoviricetes
319888,Insthoviricetes
319889,Insthoviricetes
319890,Insthoviricetes
319891,Insthoviricetes
319892,Insthoviricetes
319893,Insthoviricetes
319894,Insthoviricetes
319895,Insthoviricetes
319896,Insthoviricetes
319897,Insthoviricetes
319898,Insthoviricetes
319899,Insthoviricetes
319900,Insthoviricetes
319901,Insthoviricetes
319902,Insthoviricetes
319903,Insthoviricetes
319904,Insthoviricetes
319905,Insthoviricetes
319906,Insthoviricetes
319907,Insthoviricetes
319908,Insthoviricetes
319909,Insthoviricetes
319911,Insthoviricetes
319914,Insthoviricetes
319915,Insthoviricetes
319916,Insthoviricetes
319917,Insthoviricetes
327105,Revtraviricetes
327163,Insthoviricetes
327164,Insthoviricetes
327165,Insthoviricetes
327166,Insthoviricetes
327167,Insthoviricetes
327168,Insthoviricetes
327169,Insthoviricetes
327170,Insthoviricetes
327171,Insthoviricetes
327172,Insthoviricetes
327173,Insthoviricetes
327174,Insthoviricetes
327175,Insthoviricetes
327176,Insthoviricetes
327177,Insthoviricetes
327178,Insthoviricetes
327179,Insthoviricetes
327180,Insthoviricetes
327181,Insthoviricetes
327182,Insthoviricetes
327183,Insthoviricetes
327184,Insthoviricetes
327185,Insthoviricetes
327186,Insthoviricetes
327187,Insthoviricetes
327188,Insthoviricetes
327189,Insthoviricetes
327190,Insthoviricetes
327191,Insthoviricetes
327192,Insthoviricetes
327193,Insthoviricetes
327194,Insthoviricetes
327195,Insthoviricetes
327196,Insthoviricetes
327197,Insthoviricetes
327198,Insthoviricetes
327199,Insthoviricetes
327200,Insthoviricetes
327201,Insthoviricetes
327202,Insthoviricetes
327203,Insthoviricetes
327204,Insthoviricetes
327205,Insthoviricetes
327207,Insthoviricetes
328615,Megaviricetes
329182,Insthoviricetes
331392,Insthoviricetes
332720,Insthoviricetes
332727,Insthoviricetes
332733,Insthoviricetes
332738,Insthoviricetes
332741,Insthoviricetes
332743,Insthoviricetes
332746,Insthoviricetes
332747,Insthoviricetes
333181,Insthoviricetes
333238,Insthoviricetes
335298,Insthoviricetes
335299,Insthoviricetes
335300,Insthoviricetes
335301,Insthoviricetes
335302,Insthoviricetes
335303,Insthoviricetes
335304,Insthoviricetes
335305,Insthoviricetes
335306,Insthoviricetes
335307,Insthoviricetes
335308,Insthoviricetes
335309,Insthoviricetes
335310,Insthoviricetes
335311,Insthoviricetes
335312,Insthoviricetes
335313,Insthoviricetes
335314,Insthoviricetes
335315,Insthoviricetes
335316,Insthoviricetes
335317,Insthoviricetes
335318,Insthoviricetes
335319,Insthoviricetes
335320,Insthoviricetes
335321,Insthoviricetes
335322,Insthoviricetes
335323,Insthoviricetes
335324,Insthoviricetes
335325,Insthoviricetes
335326,Insthoviricetes
335327,Insthoviricetes
335328,Insthoviricetes
335329,Insthoviricetes
335330,Insthoviricetes
335331,Insthoviricetes
335332,Insthoviricetes
335333,Insthoviricetes
335334,Insthoviricetes
335335,Insthoviricetes
335336,Insthoviricetes
335337,Insthoviricetes
335338,Insthoviricetes
335339,Insthoviricetes
335340,Insthoviricetes
335341,Insthoviricetes
335342,Insthoviricetes
335343,Insthoviricetes
335344,Insthoviricetes
335345,Insthoviricetes
335346,Insthoviricetes
335348,Insthoviricetes
335349,Insthoviricetes
335350,Insthoviricetes
335351,Insthoviricetes
335352,Insthoviricetes
335353,Insthoviricetes
335354,Insthoviricetes
335355,Insthoviricetes
335356,Insthoviricetes
335357,Insthoviricetes
335358,Insthoviricetes
335359,Insthoviricetes
335360,Insthoviricetes
335361,Insthoviricetes
335362,Insthoviricetes
335363,Insthoviricetes
335364,Insthoviricetes
335365,Insthoviricetes
335366,Insthoviricetes
335367,Insthoviricetes
335368,Insthoviricetes
335369,Insthoviricetes
335370,Insthoviricetes
335371,Insthoviricetes
336795,Insthoviricetes
33703,Herviviricetes
33707,Herviviricetes
33727,Monjiviricetes
33728,Monjiviricetes
33729,Monjiviricetes
33732,Pisoniviricetes
33733,Pisoniviricetes
33734,Pisoniviricetes
33735,Pisoniviricetes
33736,Pisoniviricetes
33737,Pisoniviricetes
33738,Pisoniviricetes
33740,Pisoniviricetes
33774,Alsuviricetes
338846,Insthoviricetes
341946,Revtraviricetes
342146,Insthoviricetes
342154,Insthoviricetes
342155,Insthoviricetes
342160,Insthoviricetes
342184,Insthoviricetes
342215,Insthoviricetes
342465,Insthoviricetes
342466,Insthoviricetes
342467,Insthoviricetes
342468,Insthoviricetes
342469,Insthoviricetes
342470,Insthoviricetes
342471,Insthoviricetes
342472,Insthoviricetes
342473,Insthoviricetes
342474,Insthoviricetes
342475,Insthoviricetes
342476,Insthoviricetes
342477,Insthoviricetes
342478,Insthoviricetes
342479,Insthoviricetes
342480,Insthoviricetes
342481,Insthoviricetes
342482,Insthoviricetes
342483,Insthoviricetes
342484,Insthoviricetes
342485,Insthoviricetes
342486,Insthoviricetes
342487,Insthoviricetes
342488,Insthoviricetes
342489,Insthoviricetes
342490,Insthoviricetes
342491,Insthoviricetes
342492,Insthoviricetes
342493,Insthoviricetes
342494,Insthoviricetes
342495,Insthoviricetes
342496,Insthoviricetes
342497,Insthoviricetes
342498,Insthoviricetes
342499,Insthoviricetes
342500,Insthoviricetes
342501,Insthoviricetes
342502,Insthoviricetes
342503,Insthoviricetes
342504,Insthoviricetes
342505,Insthoviricetes
342506,Insthoviricetes
342507,Insthoviricetes
342508,Insthoviricetes
342509,Insthoviricetes
342510,Insthoviricetes
342511,Insthoviricetes
342512,Insthoviricetes
342513,Insthoviricetes
342514,Insthoviricetes
342515,Insthoviricetes
342516,Insthoviricetes
342517,Insthoviricetes
342518,Insthoviricetes
342519,Insthoviricetes
342520,Insthoviricetes
342521,Insthoviricetes
342522,Insthoviricetes
342523,Insthoviricetes
342524,Insthoviricetes
342525,Insthoviricetes
342526,Insthoviricetes
342527,Insthoviricetes
342528,Insthoviricetes
342529,Insthoviricetes
342530,Insthoviricetes
342531,Insthoviricetes
342532,Insthoviricetes
342533,Insthoviricetes
342534,Insthoviricetes
342535,Insthoviricetes
342536,Insthoviricetes
342537,Insthoviricetes
342538,Insthoviricetes
342539,Insthoviricetes
342540,Insthoviricetes
342541,Insthoviricetes
342542,Insthoviricetes
342543,Insthoviricetes
342544,Insthoviricetes
342545,Insthoviricetes
342546,Insthoviricetes
342547,Insthoviricetes
342548,Insthoviricetes
342549,Insthoviricetes
342550,Insthoviricetes
342552,Insthoviricetes
342553,Insthoviricetes
343462,Pharingeaviricetes
343463,Pharingeaviricetes
344702,Pisoniviricetes
345298,Insthoviricetes
345299,Insthoviricetes
345300,Insthoviricetes
345301,Insthoviricetes
345302,Insthoviricetes
345303,Insthoviricetes
345304,Insthoviricetes
345305,Insthoviricetes
345306,Insthoviricetes
345307,Insthoviricetes
349344,Pisoniviricetes
351032,Insthoviricetes
351033,Insthoviricetes
351034,Insthoviricetes
351035,Insthoviricetes
351036,Insthoviricetes
351037,Insthoviricetes
351246,Insthoviricetes
351247,Insthoviricetes
351248,Insthoviricetes
351250,Insthoviricetes
351251,Insthoviricetes
351252,Insthoviricetes
351253,Insthoviricetes
351254,Insthoviricetes
351255,Insthoviricetes
351256,Insthoviricetes
351257,Insthoviricetes
351258,Insthoviricetes
351259,Insthoviricetes
351260,Insthoviricetes
351261,Insthoviricetes
351262,Insthoviricetes
351263,Insthoviricetes
351264,Insthoviricetes
351265,Insthoviricetes
351266,Insthoviricetes
351267,Insthoviricetes
351268,Insthoviricetes
351269,Insthoviricetes
351270,Insthoviricetes
351271,Insthoviricetes
351272,Insthoviricetes
351273,Insthoviricetes
351274,Insthoviricetes
351275,Insthoviricetes
351277,Insthoviricetes
351279,Insthoviricetes
351280,Insthoviricetes
351281,Insthoviricetes
351786,Insthoviricetes
351790,Insthoviricetes
351808,Insthoviricetes
351872,Insthoviricetes
351873,Insthoviricetes
351875,Insthoviricetes
351879,Insthoviricetes
351891,Insthoviricetes
351900,Insthoviricetes
351906,Insthoviricetes
351907,Insthoviricetes
351909,Insthoviricetes
351918,Insthoviricetes
352000,Insthoviricetes
352034,Insthoviricetes
352045,Insthoviricetes
352046,Insthoviricetes
352348,Insthoviricetes
352349,Insthoviricetes
352350,Insthoviricetes
35243,Herviviricetes
35246,Herviviricetes
352510,Insthoviricetes
352511,Insthoviricetes
352512,Insthoviricetes
352514,Insthoviricetes
352515,Insthoviricetes
352517,Insthoviricetes
352520,Insthoviricetes
352522,Insthoviricetes
352523,Insthoviricetes
352525,Insthoviricetes
352526,Insthoviricetes
352530,Insthoviricetes
352531,Insthoviricetes
352532,Insthoviricetes
352533,Insthoviricetes
352540,Insthoviricetes
352543,Insthoviricetes
352544,Insthoviricetes
352545,Insthoviricetes
352546,Insthoviricetes
352547,Insthoviricetes
352548,Insthoviricetes
352551,Insthoviricetes
352552,Insthoviricetes
352553,Insthoviricetes
352555,Insthoviricetes
352557,Insthoviricetes
352559,Insthoviricetes
352560,Insthoviricetes
352561,Insthoviricetes
352564,Insthoviricetes
352569,Insthoviricetes
352571,Insthoviricetes
352572,Insthoviricetes
352574,Insthoviricetes
352575,Insthoviricetes
352578,Insthoviricetes
352585,Insthoviricetes
352586,Insthoviricetes
352587,Insthoviricetes
352589,Insthoviricetes
352593,Insthoviricetes
352595,Insthoviricetes
352598,Insthoviricetes
352600,Insthoviricetes
352601,Insthoviricetes
352602,Insthoviricetes
352604,Insthoviricetes
352605,Insthoviricetes
352606,Insthoviricetes
352607,Insthoviricetes
352609,Insthoviricetes
352610,Insthoviricetes
352614,Insthoviricetes
352618,Insthoviricetes
352620,Insthoviricetes
352621,Insthoviricetes
352626,Insthoviricetes
352628,Insthoviricetes
352629,Insthoviricetes
352630,Insthoviricetes
352633,Insthoviricetes
352634,Insthoviricetes
352635,Insthoviricetes
352638,Insthoviricetes
352639,Insthoviricetes
352641,Insthoviricetes
352644,Insthoviricetes
352645,Insthoviricetes
352646,Insthoviricetes
352647,Insthoviricetes
352648,Insthoviricetes
352649,Insthoviricetes
352651,Insthoviricetes
352653,Insthoviricetes
352655,Insthoviricetes
352656,Insthoviricetes
352658,Insthoviricetes
352660,Insthoviricetes
352662,Insthoviricetes
352663,Insthoviricetes
352665,Insthoviricetes
352666,Insthoviricetes
352667,Insthoviricetes
352670,Insthoviricetes
352671,Insthoviricetes
352672,Insthoviricetes
352673,Insthoviricetes
352674,Insthoviricetes
352677,Insthoviricetes
352679,Insthoviricetes
352681,Insthoviricetes
352683,Insthoviricetes
352684,Insthoviricetes
352688,Insthoviricetes
352689,Insthoviricetes
352690,Insthoviricetes
352691,Insthoviricetes
352692,Insthoviricetes
352693,Insthoviricetes
352695,Insthoviricetes
352700,Insthoviricetes
352701,Insthoviricetes
352704,Insthoviricetes
352706,Insthoviricetes
352707,Insthoviricetes
352708,Insthoviricetes
352709,Insthoviricetes
352710,Insthoviricetes
352711,Insthoviricetes
352714,Insthoviricetes
352716,Insthoviricetes
352719,Insthoviricetes
352720,Insthoviricetes
352722,Insthoviricetes
352723,Insthoviricetes
352724,Insthoviricetes
352725,Insthoviricetes
352726,Insthoviricetes
352727,Insthoviricetes
352728,Insthoviricetes
352729,Insthoviricetes
352730,Insthoviricetes
352731,Insthoviricetes
352733,Insthoviricetes
352735,Insthoviricetes
352736,Insthoviricetes
352737,Insthoviricetes
352738,Insthoviricetes
352739,Insthoviricetes
352740,Insthoviricetes
352744,Insthoviricetes
352747,Insthoviricetes
352748,Insthoviricetes
352749,Insthoviricetes
352752,Insthoviricetes
352753,Insthoviricetes
352754,Insthoviricetes
352755,Insthoviricetes
352756,Insthoviricetes
352757,Insthoviricetes
352759,Insthoviricetes
352760,Insthoviricetes
352764,Insthoviricetes
352765,Insthoviricetes
352781,Insthoviricetes
352782,Insthoviricetes
352783,Insthoviricetes
352784,Insthoviricetes
352786,Insthoviricetes
352790,Insthoviricetes
352791,Insthoviricetes
352792,Insthoviricetes
352848,Insthoviricetes
352963,Insthoviricetes
35304,Bunyaviricetes
353283,Insthoviricetes
353284,Insthoviricetes
353285,Insthoviricetes
353286,Insthoviricetes
353287,Insthoviricetes
353288,Insthoviricetes
353289,Insthoviricetes
353290,Insthoviricetes
353291,Insthoviricetes
353292,Insthoviricetes
353293,Insthoviricetes
353294,Insthoviricetes
353295,Insthoviricetes
353296,Insthoviricetes
353297,Insthoviricetes
353298,Insthoviricetes
353299,Insthoviricetes
353300,Insthoviricetes
353301,Insthoviricetes
353302,Insthoviricetes
353303,Insthoviricetes
353304,Insthoviricetes
353305,Insthoviricetes
353306,Insthoviricetes
353307,Insthoviricetes
353308,Insthoviricetes
353309,Insthoviricetes
353310,Insthoviricetes
353311,Insthoviricetes
353312,Insthoviricetes
353313,Insthoviricetes
353314,Insthoviricetes
353315,Insthoviricetes
353316,Insthoviricetes
353317,Insthoviricetes
353318,Insthoviricetes
353319,Insthoviricetes
353320,Insthoviricetes
353321,Insthoviricetes
353322,Insthoviricetes
353323,Insthoviricetes
353324,Insthoviricetes
353325,Insthoviricetes
353326,Insthoviricetes
353327,Insthoviricetes
353328,Insthoviricetes
353329,Insthoviricetes
353330,Insthoviricetes
353331,Insthoviricetes
353332,Insthoviricetes
353334,Insthoviricetes
353336,Insthoviricetes
353337,Insthoviricetes
353338,Insthoviricetes
353339,Insthoviricetes
353340,Insthoviricetes
353341,Insthoviricetes
353342,Insthoviricetes
353343,Insthoviricetes
353344,Insthoviricetes
353345,Insthoviricetes
353346,Insthoviricetes
353347,Insthoviricetes
353348,Insthoviricetes
353349,Insthoviricetes
353350,Insthoviricetes
353351,Insthoviricetes
353352,Insthoviricetes
353353,Insthoviricetes
353354,Insthoviricetes
353355,Insthoviricetes
353356,Insthoviricetes
353357,Insthoviricetes
353358,Insthoviricetes
353359,Insthoviricetes
353360,Insthoviricetes
353361,Insthoviricetes
353362,Insthoviricetes
353363,Insthoviricetes
353364,Insthoviricetes
353365,Insthoviricetes
353367,Insthoviricetes
353368,Insthoviricetes
353370,Insthoviricetes
353371,Insthoviricetes
353372,Insthoviricetes
353373,Insthoviricetes
353374,Insthoviricetes
353375,Insthoviricetes
353376,Insthoviricetes
353377,Insthoviricetes
353378,Insthoviricetes
353379,Insthoviricetes
353380,Insthoviricetes
353381,Insthoviricetes
353382,Insthoviricetes
353383,Insthoviricetes
353384,Insthoviricetes
353385,Insthoviricetes
353386,Insthoviricetes
353387,Insthoviricetes
353388,Insthoviricetes
353389,Insthoviricetes
353390,Insthoviricetes
353391,Insthoviricetes
353392,Insthoviricetes
353393,Insthoviricetes
353394,Insthoviricetes
353395,Insthoviricetes
353396,Insthoviricetes
353397,Insthoviricetes
353398,Insthoviricetes
353399,Insthoviricetes
353400,Insthoviricetes
353401,Insthoviricetes
353402,Insthoviricetes
353403,Insthoviricetes
353404,Insthoviricetes
353405,Insthoviricetes
353406,Insthoviricetes
353407,Insthoviricetes
353408,Insthoviricetes
353409,Insthoviricetes
353410,Insthoviricetes
353411,Insthoviricetes
353412,Insthoviricetes
353413,Insthoviricetes
353414,Insthoviricetes
353415,Insthoviricetes
353416,Insthoviricetes
353417,Insthoviricetes
353418,Insthoviricetes
353419,Insthoviricetes
353420,Insthoviricetes
353421,Insthoviricetes
353422,Insthoviricetes
353423,Insthoviricetes
353424,Insthoviricetes
353425,Insthoviricetes
353426,Insthoviricetes
353427,Insthoviricetes
353428,Insthoviricetes
353429,Insthoviricetes
353430,Insthoviricetes
353431,Insthoviricetes
353432,Insthoviricetes
353433,Insthoviricetes
353434,Insthoviricetes
353435,Insthoviricetes
353436,Insthoviricetes
353437,Insthoviricetes
353438,Insthoviricetes
353439,Insthoviricetes
353440,Insthoviricetes
353441,Insthoviricetes
353442,Insthoviricetes
353443,Insthoviricetes
353444,Insthoviricetes
353445,Insthoviricetes
353446,Insthoviricetes
353447,Insthoviricetes
353448,Insthoviricetes
353449,Insthoviricetes
353450,Insthoviricetes
353451,Insthoviricetes
353452,Insthoviricetes
353453,Insthoviricetes
353454,Insthoviricetes
353455,Insthoviricetes
353456,Insthoviricetes
353457,Insthoviricetes
353458,Insthoviricetes
353459,Insthoviricetes
353460,Insthoviricetes
353461,Insthoviricetes
353462,Insthoviricetes
353463,Insthoviricetes
353464,Insthoviricetes
353465,Insthoviricetes
353466,Insthoviricetes
353467,Insthoviricetes
353468,Insthoviricetes
353469,Insthoviricetes
353472,Insthoviricetes
353473,Insthoviricetes
353474,Insthoviricetes
353475,Insthoviricetes
353476,Insthoviricetes
353477,Insthoviricetes
353478,Insthoviricetes
353479,Insthoviricetes
353480,Insthoviricetes
353481,Insthoviricetes
353482,Insthoviricetes
353483,Insthoviricetes
353484,Insthoviricetes
354562,Insthoviricetes
354563,Insthoviricetes
354564,Insthoviricetes
354565,Insthoviricetes
354566,Insthoviricetes
354567,Insthoviricetes
354568,Insthoviricetes
354569,Insthoviricetes
354570,Insthoviricetes
354571,Insthoviricetes
354572,Insthoviricetes
354573,Insthoviricetes
354574,Insthoviricetes
354575,Insthoviricetes
354576,Insthoviricetes
354577,Insthoviricetes
354580,Insthoviricetes
355328,Revtraviricetes
355329,Revtraviricetes
355472,Insthoviricetes
355473,Insthoviricetes
355474,Insthoviricetes
355475,Insthoviricetes
355476,Insthoviricetes
355477,Insthoviricetes
355478,Insthoviricetes
355479,Insthoviricetes
355480,Insthoviricetes
355481,Insthoviricetes
355482,Insthoviricetes
355483,Insthoviricetes
355484,Insthoviricetes
355485,Insthoviricetes
355486,Insthoviricetes
355487,Insthoviricetes
355488,Insthoviricetes
355489,Insthoviricetes
355490,Insthoviricetes
355491,Insthoviricetes
355492,Insthoviricetes
355493,Insthoviricetes
355494,Insthoviricetes
355495,Insthoviricetes
355496,Insthoviricetes
355497,Insthoviricetes
355498,Insthoviricetes
355499,Insthoviricetes
355500,Insthoviricetes
355501,Insthoviricetes
355503,Insthoviricetes
355504,Insthoviricetes
355505,Insthoviricetes
355506,Insthoviricetes
355507,Insthoviricetes
355508,Insthoviricetes
355509,Insthoviricetes
355510,Insthoviricetes
355511,Insthoviricetes
355512,Insthoviricetes
359921,Insthoviricetes
360251,Insthoviricetes
360253,Insthoviricetes
360254,Insthoviricetes
360255,Insthoviricetes
360256,Insthoviricetes
360257,Insthoviricetes
360258,Insthoviricetes
360259,Insthoviricetes
360260,Insthoviricetes
360261,Insthoviricetes
360264,Insthoviricetes
360266,Insthoviricetes
360267,Insthoviricetes
360269,Insthoviricetes
360270,Insthoviricetes
360271,Insthoviricetes
360273,Insthoviricetes
360393,Pisoniviricetes
360394,Pisoniviricetes
360395,Pisoniviricetes
362651,Revtraviricetes
363021,Insthoviricetes
363022,Insthoviricetes
363023,Insthoviricetes
363024,Insthoviricetes
363026,Insthoviricetes
363027,Insthoviricetes
363028,Insthoviricetes
363029,Insthoviricetes
363030,Insthoviricetes
363031,Insthoviricetes
363032,Insthoviricetes
363033,Insthoviricetes
363034,Insthoviricetes
363035,Insthoviricetes
363036,Insthoviricetes
363037,Insthoviricetes
363038,Insthoviricetes
363039,Insthoviricetes
363040,Insthoviricetes
363041,Insthoviricetes
363042,Insthoviricetes
363043,Insthoviricetes
363044,Insthoviricetes
363045,Insthoviricetes
363046,Insthoviricetes
363047,Insthoviricetes
363048,Insthoviricetes
363049,Insthoviricetes
363050,Insthoviricetes
363051,Insthoviricetes
363052,Insthoviricetes
363053,Insthoviricetes
363054,Insthoviricetes
363055,Insthoviricetes
363056,Insthoviricetes
363057,Insthoviricetes
363058,Insthoviricetes
363059,Insthoviricetes
363060,Insthoviricetes
363061,Insthoviricetes
363062,Insthoviricetes
363063,Insthoviricetes
363064,Insthoviricetes
363065,Insthoviricetes
363066,Insthoviricetes
363067,Insthoviricetes
363068,Insthoviricetes
363069,Insthoviricetes
363070,Insthoviricetes
363071,Insthoviricetes
363072,Insthoviricetes
363073,Insthoviricetes
363074,Insthoviricetes
363075,Insthoviricetes
363076,Insthoviricetes
363077,Insthoviricetes
363080,Insthoviricetes
363081,Insthoviricetes
363082,Insthoviricetes
363083,Insthoviricetes
363084,Insthoviricetes
363085,Insthoviricetes
363086,Insthoviricetes
363087,Insthoviricetes
363088,Insthoviricetes
363089,Insthoviricetes
363090,Insthoviricetes
363091,Insthoviricetes
363092,Insthoviricetes
363093,Insthoviricetes
363094,Insthoviricetes
363095,Insthoviricetes
363096,Insthoviricetes
363097,Insthoviricetes
363098,Insthoviricetes
363099,Insthoviricetes
363100,Insthoviricetes
363101,Insthoviricetes
363102,Insthoviricetes
363103,Insthoviricetes
363104,Insthoviricetes
363105,Insthoviricetes
363106,Insthoviricetes
363107,Insthoviricetes
363108,Insthoviricetes
363109,Insthoviricetes
363110,Insthoviricetes
363111,Insthoviricetes
363112,Insthoviricetes
363113,Insthoviricetes
363114,Insthoviricetes
363116,Insthoviricetes
363117,Insthoviricetes
363118,Insthoviricetes
363119,Insthoviricetes
363120,Insthoviricetes
363121,Insthoviricetes
363122,Insthoviricetes
363123,Insthoviricetes
363124,Insthoviricetes
363125,Insthoviricetes
363126,Insthoviricetes
363127,Insthoviricetes
363128,Insthoviricetes
363129,Insthoviricetes
363130,Insthoviricetes
363131,Insthoviricetes
363132,Insthoviricetes
363133,Insthoviricetes
363134,Insthoviricetes
363135,Insthoviricetes
363136,Insthoviricetes
363137,Insthoviricetes
363138,Insthoviricetes
363139,Insthoviricetes
363140,Insthoviricetes
363141,Insthoviricetes
363142,Insthoviricetes
363143,Insthoviricetes
363144,Insthoviricetes
363145,Insthoviricetes
363146,Insthoviricetes
363147,Insthoviricetes
363148,Insthoviricetes
363149,Insthoviricetes
363150,Insthoviricetes
363151,Insthoviricetes
363152,Insthoviricetes
363153,Insthoviricetes
363154,Insthoviricetes
363155,Insthoviricetes
363156,Insthoviricetes
363157,Insthoviricetes
363158,Insthoviricetes
363159,Insthoviricetes
363160,Insthoviricetes
363161,Insthoviricetes
363162,Insthoviricetes
363163,Insthoviricetes
363164,Insthoviricetes
363165,Insthoviricetes
363166,Insthoviricetes
363167,Insthoviricetes
36345,Herviviricetes
36346,Herviviricetes
36348,Herviviricetes
36351,Herviviricetes
36374,Revtraviricetes
36375,Revtraviricetes
36382,Alsuviricetes
36383,Alsuviricetes
36384,Alsuviricetes
36385,Alsuviricetes
36391,Pisoniviricetes
36408,Monjiviricetes
36409,Monjiviricetes
364116,Insthoviricetes
364121,Insthoviricetes
364122,Insthoviricetes
364123,Insthoviricetes
364124,Insthoviricetes
364125,Insthoviricetes
364126,Insthoviricetes
364127,Insthoviricetes
364128,Insthoviricetes
364129,Insthoviricetes
36413,Bunyaviricetes
364130,Insthoviricetes
364131,Insthoviricetes
364132,Insthoviricetes
364133,Insthoviricetes
364134,Insthoviricetes
364135,Insthoviricetes
364136,Insthoviricetes
364137,Insthoviricetes
364138,Insthoviricetes
364139,Insthoviricetes
364140,Insthoviricetes
364415,Insthoviricetes
365089,Insthoviricetes
367120,Insthoviricetes
368704,Insthoviricetes
368710,Insthoviricetes
368711,Insthoviricetes
368714,Insthoviricetes
368715,Insthoviricetes
368716,Insthoviricetes
369763,Insthoviricetes
370120,Insthoviricetes
370123,Insthoviricetes
370124,Insthoviricetes
370126,Insthoviricetes
370128,Insthoviricetes
370132,Insthoviricetes
370133,Insthoviricetes
370134,Insthoviricetes
370135,Insthoviricetes
370136,Insthoviricetes
370137,Insthoviricetes
370138,Insthoviricetes
370139,Insthoviricetes
370141,Insthoviricetes
370142,Insthoviricetes
370143,Insthoviricetes
370144,Insthoviricetes
370145,Insthoviricetes
370146,Insthoviricetes
370147,Insthoviricetes
370148,Insthoviricetes
370150,Insthoviricetes
370151,Insthoviricetes
370152,Insthoviricetes
370153,Insthoviricetes
370154,Insthoviricetes
370155,Insthoviricetes
370156,Insthoviricetes
370158,Insthoviricetes
370159,Insthoviricetes
370161,Insthoviricetes
370162,Insthoviricetes
370164,Insthoviricetes
370165,Insthoviricetes
370166,Insthoviricetes
370167,Insthoviricetes
370169,Insthoviricetes
370170,Insthoviricetes
370174,Insthoviricetes
370175,Insthoviricetes
370176,Insthoviricetes
370177,Insthoviricetes
370178,Insthoviricetes
370179,Insthoviricetes
370182,Insthoviricetes
370186,Insthoviricetes
370189,Insthoviricetes
370191,Insthoviricetes
370194,Insthoviricetes
370195,Insthoviricetes
370196,Insthoviricetes
370197,Insthoviricetes
370198,Insthoviricetes
370199,Insthoviricetes
370200,Insthoviricetes
370202,Insthoviricetes
370203,Insthoviricetes
370204,Insthoviricetes
370207,Insthoviricetes
370208,Insthoviricetes
370210,Insthoviricetes
370213,Insthoviricetes
370214,Insthoviricetes
370215,Insthoviricetes
370216,Insthoviricetes
370217,Insthoviricetes
370218,Insthoviricetes
370220,Insthoviricetes
370222,Insthoviricetes
370223,Insthoviricetes
370224,Insthoviricetes
370226,Insthoviricetes
370227,Insthoviricetes
370229,Insthoviricetes
370230,Insthoviricetes
370231,Insthoviricetes
370235,Insthoviricetes
370236,Insthoviricetes
370237,Insthoviricetes
370475,Insthoviricetes
370476,Insthoviricetes
370477,Insthoviricetes
370478,Insthoviricetes
370479,Insthoviricetes
370480,Insthoviricetes
370481,Insthoviricetes
370482,Insthoviricetes
370483,Insthoviricetes
370484,Insthoviricetes
370485,Insthoviricetes
370486,Insthoviricetes
370487,Insthoviricetes
370488,Insthoviricetes
370489,Insthoviricetes
370490,Insthoviricetes
370491,Insthoviricetes
370492,Insthoviricetes
370493,Insthoviricetes
370494,Insthoviricetes
370495,Insthoviricetes
370496,Insthoviricetes
370497,Insthoviricetes
370498,Insthoviricetes
370499,Insthoviricetes
370500,Insthoviricetes
370501,Insthoviricetes
370502,Insthoviricetes
370503,Insthoviricetes
370504,Insthoviricetes
370505,Insthoviricetes
370506,Insthoviricetes
370507,Insthoviricetes
370508,Insthoviricetes
370509,Insthoviricetes
370510,Insthoviricetes
370511,Insthoviricetes
370512,Insthoviricetes
370513,Insthoviricetes
370514,Insthoviricetes
370515,Insthoviricetes
370516,Insthoviricetes
370517,Insthoviricetes
370518,Insthoviricetes
370519,Insthoviricetes
370520,Insthoviricetes
370521,Insthoviricetes
370522,Insthoviricetes
37108,Herviviricetes
371094,Alsuviricetes
371095,Alsuviricetes
371096,Alsuviricetes
37296,Herviviricetes
373035,Insthoviricetes
373513,Insthoviricetes
374436,Insthoviricetes
374437,Insthoviricetes
374438,Insthoviricetes
374439,Insthoviricetes
374441,Insthoviricetes
374442,Insthoviricetes
374443,Insthoviricetes
374596,Alsuviricetes
374597,Alsuviricetes
374598,Alsuviricetes
374989,Alsuviricetes
374990,Alsuviricetes
375592,Insthoviricetes
375593,Insthoviricetes
375594,Insthoviricetes
375595,Insthoviricetes
375596,Insthoviricetes
375597,NA
375598,Insthoviricetes
375599,Insthoviricetes
375600,Insthoviricetes
375601,Insthoviricetes
375602,Insthoviricetes
375603,Insthoviricetes
375604,Insthoviricetes
375605,Insthoviricetes
375606,Insthoviricetes
375607,Insthoviricetes
375608,Insthoviricetes
375609,Insthoviricetes
375610,Insthoviricetes
375611,Insthoviricetes
375612,Insthoviricetes
375613,Insthoviricetes
375614,Insthoviricetes
375615,Insthoviricetes
375616,Insthoviricetes
375617,Insthoviricetes
375618,Insthoviricetes
375619,Insthoviricetes
375620,Insthoviricetes
375621,Insthoviricetes
375622,Insthoviricetes
375623,Insthoviricetes
375624,Insthoviricetes
375625,Insthoviricetes
375626,Insthoviricetes
375627,Insthoviricetes
375628,Insthoviricetes
375629,Insthoviricetes
375630,Insthoviricetes
375631,Insthoviricetes
375632,Insthoviricetes
375633,Insthoviricetes
375634,Insthoviricetes
375635,Insthoviricetes
375636,Insthoviricetes
375637,Insthoviricetes
375638,Insthoviricetes
375639,Insthoviricetes
375640,Insthoviricetes
375641,Insthoviricetes
375642,Insthoviricetes
375733,Insthoviricetes
375734,Insthoviricetes
375735,Insthoviricetes
375737,Insthoviricetes
375738,Insthoviricetes
375740,Insthoviricetes
375741,Insthoviricetes
375742,Insthoviricetes
375744,Insthoviricetes
375753,Insthoviricetes
376262,Alsuviricetes
376263,Alsuviricetes
376264,Alsuviricetes
376265,Alsuviricetes
376266,Alsuviricetes
376267,Alsuviricetes
376709,Insthoviricetes
378123,Insthoviricetes
378124,Insthoviricetes
378125,Insthoviricetes
378126,Insthoviricetes
378127,Insthoviricetes
378128,Insthoviricetes
378129,Insthoviricetes
378130,Insthoviricetes
378131,Insthoviricetes
378132,Insthoviricetes
378133,Insthoviricetes
378134,Insthoviricetes
378135,Insthoviricetes
378136,Insthoviricetes
378137,Insthoviricetes
378138,Insthoviricetes
378139,Insthoviricetes
378141,Insthoviricetes
378142,Insthoviricetes
378143,Insthoviricetes
378144,Insthoviricetes
378145,Insthoviricetes
378146,Insthoviricetes
378147,Insthoviricetes
378148,Insthoviricetes
378149,Insthoviricetes
378150,Insthoviricetes
378151,Insthoviricetes
378154,Insthoviricetes
378155,Insthoviricetes
378157,Insthoviricetes
378158,Insthoviricetes
378159,Insthoviricetes
378160,Insthoviricetes
378161,Insthoviricetes
378809,Monjiviricetes
378830,Monjiviricetes
379740,Insthoviricetes
379741,Insthoviricetes
379756,Insthoviricetes
380212,Insthoviricetes
380213,Insthoviricetes
380218,Insthoviricetes
380219,Insthoviricetes
380285,Insthoviricetes
380301,Insthoviricetes
380330,Insthoviricetes
380331,Insthoviricetes
380332,Insthoviricetes
380337,Insthoviricetes
380339,Insthoviricetes
380340,Insthoviricetes
380341,Insthoviricetes
380342,Insthoviricetes
380343,Insthoviricetes
380344,Insthoviricetes
380347,Insthoviricetes
380348,Insthoviricetes
380349,Insthoviricetes
380350,Insthoviricetes
380351,Insthoviricetes
380352,Insthoviricetes
380917,Insthoviricetes
380949,Insthoviricetes
380960,Insthoviricetes
380964,Insthoviricetes
380981,Insthoviricetes
380984,Insthoviricetes
380985,Insthoviricetes
380986,Insthoviricetes
380988,Insthoviricetes
381512,Insthoviricetes
381515,Insthoviricetes
381516,Insthoviricetes
381517,Insthoviricetes
381518,Insthoviricetes
382781,Insthoviricetes
382783,Insthoviricetes
382784,Insthoviricetes
382812,Insthoviricetes
382814,Insthoviricetes
382818,Insthoviricetes
382820,Insthoviricetes
382825,Insthoviricetes
382828,Insthoviricetes
382835,Insthoviricetes
382838,Insthoviricetes
382845,Insthoviricetes
382855,Insthoviricetes
382856,Insthoviricetes
382994,Insthoviricetes
382995,Insthoviricetes
382996,Insthoviricetes
382997,Insthoviricetes
382998,Insthoviricetes
382999,Insthoviricetes
383000,Insthoviricetes
383001,Insthoviricetes
383002,Insthoviricetes
383003,Insthoviricetes
383004,Insthoviricetes
383005,Insthoviricetes
383006,Insthoviricetes
383007,Insthoviricetes
383008,Insthoviricetes
383009,Insthoviricetes
383010,Insthoviricetes
383011,Insthoviricetes
383012,Insthoviricetes
383013,Insthoviricetes
383014,Insthoviricetes
383015,Insthoviricetes
383016,Insthoviricetes
383017,Insthoviricetes
383018,Insthoviricetes
383019,Insthoviricetes
383020,Insthoviricetes
383021,Insthoviricetes
383022,Insthoviricetes
383023,Insthoviricetes
383024,Insthoviricetes
383025,Insthoviricetes
383026,Insthoviricetes
383027,Insthoviricetes
383028,Insthoviricetes
383029,Insthoviricetes
383030,Insthoviricetes
383031,Insthoviricetes
383032,Insthoviricetes
383033,Insthoviricetes
383034,Insthoviricetes
383035,Insthoviricetes
383036,Insthoviricetes
383037,Insthoviricetes
383038,Insthoviricetes
383039,Insthoviricetes
383040,Insthoviricetes
383041,Insthoviricetes
383042,Insthoviricetes
383043,Insthoviricetes
383044,Insthoviricetes
383045,Insthoviricetes
383046,Insthoviricetes
383047,Insthoviricetes
383048,Insthoviricetes
383049,Insthoviricetes
383050,Insthoviricetes
383051,Insthoviricetes
383052,Insthoviricetes
383053,Insthoviricetes
383054,Insthoviricetes
383055,Insthoviricetes
383056,Insthoviricetes
383057,Insthoviricetes
383058,Insthoviricetes
383059,Insthoviricetes
383060,Insthoviricetes
383061,Insthoviricetes
383062,Insthoviricetes
383063,Insthoviricetes
383064,Insthoviricetes
383065,Insthoviricetes
383066,Insthoviricetes
383067,Insthoviricetes
383068,Insthoviricetes
383069,Insthoviricetes
383070,Insthoviricetes
383071,Insthoviricetes
383072,Insthoviricetes
383073,Insthoviricetes
383074,Insthoviricetes
383075,Insthoviricetes
383076,Insthoviricetes
383077,Insthoviricetes
383078,Insthoviricetes
383079,Insthoviricetes
383080,Insthoviricetes
383081,Insthoviricetes
383082,Insthoviricetes
383083,Insthoviricetes
383084,Insthoviricetes
383085,Insthoviricetes
383086,Insthoviricetes
383087,Insthoviricetes
383088,Insthoviricetes
383089,Insthoviricetes
383090,Insthoviricetes
383091,Insthoviricetes
383092,Insthoviricetes
383093,Insthoviricetes
383094,Insthoviricetes
383095,Insthoviricetes
383096,Insthoviricetes
383097,Insthoviricetes
383098,Insthoviricetes
383099,Insthoviricetes
383100,Insthoviricetes
383101,Insthoviricetes
383103,Insthoviricetes
383104,Insthoviricetes
383105,Insthoviricetes
383106,Insthoviricetes
383108,Insthoviricetes
383110,Insthoviricetes
383111,Insthoviricetes
383112,Insthoviricetes
383113,Insthoviricetes
383114,Insthoviricetes
383115,Insthoviricetes
383116,Insthoviricetes
383117,Insthoviricetes
383118,Insthoviricetes
383119,Insthoviricetes
383120,Insthoviricetes
383121,Insthoviricetes
383122,Insthoviricetes
383123,Insthoviricetes
383124,Insthoviricetes
383125,Insthoviricetes
383126,Insthoviricetes
383127,Insthoviricetes
383128,Insthoviricetes
383129,Insthoviricetes
383131,Insthoviricetes
383132,Insthoviricetes
383133,Insthoviricetes
383134,Insthoviricetes
383135,Insthoviricetes
383136,Insthoviricetes
383137,Insthoviricetes
383138,Insthoviricetes
383139,Insthoviricetes
383140,Insthoviricetes
383141,Insthoviricetes
383142,Insthoviricetes
383143,Insthoviricetes
383144,Insthoviricetes
383145,Insthoviricetes
383147,Insthoviricetes
383148,Insthoviricetes
383149,Insthoviricetes
383150,Insthoviricetes
383152,Insthoviricetes
383153,Insthoviricetes
383154,Insthoviricetes
383155,Insthoviricetes
383156,Insthoviricetes
383157,Insthoviricetes
383158,Insthoviricetes
383159,Insthoviricetes
383160,Insthoviricetes
383161,Insthoviricetes
383162,Insthoviricetes
383163,Insthoviricetes
383164,Insthoviricetes
383165,Insthoviricetes
383166,Insthoviricetes
383167,Insthoviricetes
383168,Insthoviricetes
383169,Insthoviricetes
383170,Insthoviricetes
383172,Insthoviricetes
383173,Insthoviricetes
383174,Insthoviricetes
383175,Insthoviricetes
383176,Insthoviricetes
383177,Insthoviricetes
383178,Insthoviricetes
383179,Insthoviricetes
383180,Insthoviricetes
383181,Insthoviricetes
383182,Insthoviricetes
383183,Insthoviricetes
383184,Insthoviricetes
383185,Insthoviricetes
383186,Insthoviricetes
383187,Insthoviricetes
383189,Insthoviricetes
383190,Insthoviricetes
383191,Insthoviricetes
383192,Insthoviricetes
383193,Insthoviricetes
383194,Insthoviricetes
383195,Insthoviricetes
383196,Insthoviricetes
383197,Insthoviricetes
383198,Insthoviricetes
383199,Insthoviricetes
383200,Insthoviricetes
383201,Insthoviricetes
383202,Insthoviricetes
383203,Insthoviricetes
383204,Insthoviricetes
383205,Insthoviricetes
383206,Insthoviricetes
383207,Insthoviricetes
383208,Insthoviricetes
383209,Insthoviricetes
383210,Insthoviricetes
383211,Insthoviricetes
383212,Insthoviricetes
383213,Insthoviricetes
383214,Insthoviricetes
383215,Insthoviricetes
383216,Insthoviricetes
383217,Insthoviricetes
383218,Insthoviricetes
383219,Insthoviricetes
383220,Insthoviricetes
383221,Insthoviricetes
383222,Insthoviricetes
383223,Insthoviricetes
383224,Insthoviricetes
383226,Insthoviricetes
383227,Insthoviricetes
383228,Insthoviricetes
383230,Insthoviricetes
383231,Insthoviricetes
383232,Insthoviricetes
383233,Insthoviricetes
383234,Insthoviricetes
383235,Insthoviricetes
383238,Insthoviricetes
383239,Insthoviricetes
383240,Insthoviricetes
383241,Insthoviricetes
383242,Insthoviricetes
383244,Insthoviricetes
383245,Insthoviricetes
383246,Insthoviricetes
383247,Insthoviricetes
383248,Insthoviricetes
383250,Insthoviricetes
383251,Insthoviricetes
383252,Insthoviricetes
383253,Insthoviricetes
383256,Insthoviricetes
383257,Insthoviricetes
383258,Insthoviricetes
383259,Insthoviricetes
383260,Insthoviricetes
383261,Insthoviricetes
383262,Insthoviricetes
383263,Insthoviricetes
383264,Insthoviricetes
383265,Insthoviricetes
383266,Insthoviricetes
383267,Insthoviricetes
383268,Insthoviricetes
383269,Insthoviricetes
383270,Insthoviricetes
383271,Insthoviricetes
383272,Insthoviricetes
383273,Insthoviricetes
383274,Insthoviricetes
383275,Insthoviricetes
383277,Insthoviricetes
383278,Insthoviricetes
383279,Insthoviricetes
383280,Insthoviricetes
383281,Insthoviricetes
383282,Insthoviricetes
383283,Insthoviricetes
383284,Insthoviricetes
383285,Insthoviricetes
383286,Insthoviricetes
383287,Insthoviricetes
383288,Insthoviricetes
383289,Insthoviricetes
383290,Insthoviricetes
383291,Insthoviricetes
383292,Insthoviricetes
383293,Insthoviricetes
383294,Insthoviricetes
383295,Insthoviricetes
383296,Insthoviricetes
383297,Insthoviricetes
383299,Insthoviricetes
383300,Insthoviricetes
383301,Insthoviricetes
383302,Insthoviricetes
383303,Insthoviricetes
383304,Insthoviricetes
383305,Insthoviricetes
383306,Insthoviricetes
383307,Insthoviricetes
383308,Insthoviricetes
383309,Insthoviricetes
383310,Insthoviricetes
383313,Insthoviricetes
383314,Insthoviricetes
383315,Insthoviricetes
383317,Insthoviricetes
383318,Insthoviricetes
383319,Insthoviricetes
383320,Insthoviricetes
383321,Insthoviricetes
383533,Insthoviricetes
383534,Insthoviricetes
383538,Insthoviricetes
383539,Insthoviricetes
383543,Insthoviricetes
383547,Insthoviricetes
383550,Insthoviricetes
383553,Insthoviricetes
383555,Insthoviricetes
383573,Insthoviricetes
383574,Insthoviricetes
383577,Insthoviricetes
383578,Insthoviricetes
383579,Insthoviricetes
383580,Insthoviricetes
383581,Insthoviricetes
383583,Insthoviricetes
383586,Insthoviricetes
383588,Insthoviricetes
383596,Insthoviricetes
383598,Insthoviricetes
383603,Insthoviricetes
383604,Insthoviricetes
384480,Insthoviricetes
384486,Insthoviricetes
384487,Insthoviricetes
384493,Insthoviricetes
384495,Insthoviricetes
384498,Insthoviricetes
384499,Insthoviricetes
384501,Insthoviricetes
384502,Insthoviricetes
384505,Insthoviricetes
384509,Insthoviricetes
384510,Insthoviricetes
384518,Insthoviricetes
384519,Insthoviricetes
384525,Insthoviricetes
384527,Insthoviricetes
384528,Insthoviricetes
384529,Insthoviricetes
385580,Insthoviricetes
385582,Insthoviricetes
385583,Insthoviricetes
385585,Insthoviricetes
385586,Insthoviricetes
385587,Insthoviricetes
385590,Insthoviricetes
385592,Insthoviricetes
385593,Insthoviricetes
385594,Insthoviricetes
385595,Insthoviricetes
385597,Insthoviricetes
385599,Insthoviricetes
385603,Insthoviricetes
385605,Insthoviricetes
385612,Insthoviricetes
385620,Insthoviricetes
385624,Insthoviricetes
385632,Insthoviricetes
385636,Insthoviricetes
385638,Insthoviricetes
385640,Insthoviricetes
385644,Insthoviricetes
385645,Insthoviricetes
385646,Insthoviricetes
385688,Insthoviricetes
385689,Insthoviricetes
385692,Insthoviricetes
385693,Insthoviricetes
385694,Insthoviricetes
385695,Insthoviricetes
385696,Insthoviricetes
385697,Insthoviricetes
385698,Insthoviricetes
385699,Insthoviricetes
385700,Insthoviricetes
385701,Insthoviricetes
385702,Insthoviricetes
385703,Insthoviricetes
385704,Insthoviricetes
385705,Insthoviricetes
385706,Insthoviricetes
385707,Insthoviricetes
385708,Insthoviricetes
385709,Insthoviricetes
385710,Insthoviricetes
385711,Insthoviricetes
385712,Insthoviricetes
385713,Insthoviricetes
385714,Insthoviricetes
385715,Insthoviricetes
385716,Insthoviricetes
385717,Insthoviricetes
385718,Insthoviricetes
385719,Insthoviricetes
385720,Insthoviricetes
385721,Insthoviricetes
385722,Insthoviricetes
385723,Insthoviricetes
385724,Insthoviricetes
385725,Insthoviricetes
385726,Insthoviricetes
385727,Insthoviricetes
385728,Insthoviricetes
385729,Insthoviricetes
385730,Insthoviricetes
385731,Insthoviricetes
385732,Insthoviricetes
385733,Insthoviricetes
385734,Insthoviricetes
385735,Insthoviricetes
385736,Insthoviricetes
385737,Insthoviricetes
385738,Insthoviricetes
385739,Insthoviricetes
385740,Insthoviricetes
385741,Insthoviricetes
385742,Insthoviricetes
385743,Insthoviricetes
386032,Monjiviricetes
386033,Monjiviricetes
387139,Insthoviricetes
387141,Insthoviricetes
387142,Insthoviricetes
387145,Insthoviricetes
387146,Insthoviricetes
387149,Insthoviricetes
387151,Insthoviricetes
387152,Insthoviricetes
387153,Insthoviricetes
387154,Insthoviricetes
387156,Insthoviricetes
387159,Insthoviricetes
387165,Insthoviricetes
387169,Insthoviricetes
387171,Insthoviricetes
387172,Insthoviricetes
387173,Insthoviricetes
387174,Insthoviricetes
387175,Insthoviricetes
387177,Insthoviricetes
387180,Insthoviricetes
387183,Insthoviricetes
387184,Insthoviricetes
387185,Insthoviricetes
387187,Insthoviricetes
387194,Insthoviricetes
387205,Insthoviricetes
387207,Insthoviricetes
387208,Insthoviricetes
387211,Insthoviricetes
387212,Insthoviricetes
387213,Insthoviricetes
387214,Insthoviricetes
387217,Insthoviricetes
387219,Insthoviricetes
387222,Insthoviricetes
387229,Insthoviricetes
387234,Insthoviricetes
387243,Insthoviricetes
387250,Insthoviricetes
387253,Insthoviricetes
387254,Insthoviricetes
38766,Monjiviricetes
38767,Monjiviricetes
387904,Insthoviricetes
388110,Insthoviricetes
38827,Insthoviricetes
388796,Revtraviricetes
388812,Revtraviricetes
388813,Revtraviricetes
388814,Revtraviricetes
388815,Revtraviricetes
388816,Revtraviricetes
388818,Revtraviricetes
388819,Revtraviricetes
388821,Revtraviricetes
388822,Revtraviricetes
388823,Revtraviricetes
388825,Revtraviricetes
388826,Revtraviricetes
388888,Revtraviricetes
388904,Revtraviricetes
388905,Revtraviricetes
388906,Revtraviricetes
388907,Revtraviricetes
388910,Revtraviricetes
388911,Revtraviricetes
388912,Revtraviricetes
389167,Pisoniviricetes
389230,Pisoniviricetes
39000,Bunyaviricetes
39001,Bunyaviricetes
39002,Bunyaviricetes
39007,Monjiviricetes
39015,Revtraviricetes
39016,Revtraviricetes
390161,Insthoviricetes
390162,Insthoviricetes
390163,Insthoviricetes
390164,Insthoviricetes
390165,Insthoviricetes
390167,Insthoviricetes
390168,Insthoviricetes
390169,Insthoviricetes
390170,Insthoviricetes
390171,Insthoviricetes
390172,Insthoviricetes
390173,Insthoviricetes
390174,Insthoviricetes
390175,Insthoviricetes
390176,Insthoviricetes
390177,Insthoviricetes
390178,Insthoviricetes
390179,Insthoviricetes
390180,Insthoviricetes
390181,Insthoviricetes
390182,Insthoviricetes
390183,Insthoviricetes
390184,Insthoviricetes
390185,Insthoviricetes
390186,Insthoviricetes
390187,Insthoviricetes
390189,Insthoviricetes
390190,Insthoviricetes
390191,Insthoviricetes
390192,Insthoviricetes
390193,Insthoviricetes
390194,Insthoviricetes
390195,Insthoviricetes
390196,Insthoviricetes
390197,Insthoviricetes
390198,Insthoviricetes
390199,Insthoviricetes
390200,Insthoviricetes
390201,Insthoviricetes
390202,Insthoviricetes
390203,Insthoviricetes
390204,Insthoviricetes
390205,Insthoviricetes
390206,Insthoviricetes
390207,Insthoviricetes
390208,Insthoviricetes
390209,Insthoviricetes
390210,Insthoviricetes
390211,Insthoviricetes
390212,Insthoviricetes
390213,Insthoviricetes
390214,Insthoviricetes
390215,Insthoviricetes
390216,Insthoviricetes
390217,Insthoviricetes
390218,Insthoviricetes
390219,Insthoviricetes
390220,Insthoviricetes
390221,Insthoviricetes
390222,Insthoviricetes
390223,Insthoviricetes
390224,Insthoviricetes
390225,Insthoviricetes
390226,Insthoviricetes
390227,Insthoviricetes
390228,Insthoviricetes
390229,Insthoviricetes
390230,Insthoviricetes
390231,Insthoviricetes
390232,Insthoviricetes
39068,Revtraviricetes
39123,Insthoviricetes
39124,Insthoviricetes
39129,Insthoviricetes
392809,Insthoviricetes
392810,Insthoviricetes
393174,Insthoviricetes
393179,Insthoviricetes
393557,Insthoviricetes
393558,Insthoviricetes
393560,Insthoviricetes
393561,Insthoviricetes
393562,Insthoviricetes
393563,Insthoviricetes
393891,Insthoviricetes
393902,Insthoviricetes
394239,Revtraviricetes
394776,Insthoviricetes
394777,Insthoviricetes
394778,Insthoviricetes
394779,Insthoviricetes
394780,Insthoviricetes
394781,Insthoviricetes
394782,Insthoviricetes
394783,Insthoviricetes
394784,Insthoviricetes
394785,Insthoviricetes
394786,Insthoviricetes
394787,Insthoviricetes
394788,Insthoviricetes
394789,Insthoviricetes
394790,Insthoviricetes
394791,Insthoviricetes
394792,Insthoviricetes
394793,Insthoviricetes
394794,Insthoviricetes
394795,Insthoviricetes
394796,Insthoviricetes
39640,NA
397550,Insthoviricetes
400253,Insthoviricetes
400254,Insthoviricetes
400256,Insthoviricetes
400257,Insthoviricetes
400258,Insthoviricetes
400259,Insthoviricetes
400260,Insthoviricetes
400261,Insthoviricetes
400262,Insthoviricetes
400264,Insthoviricetes
400265,Insthoviricetes
400266,Insthoviricetes
400267,Insthoviricetes
400268,Insthoviricetes
400269,Insthoviricetes
400270,Insthoviricetes
400271,Insthoviricetes
400273,Insthoviricetes
400274,Insthoviricetes
400275,Insthoviricetes
400276,Insthoviricetes
400277,Insthoviricetes
400278,Insthoviricetes
400279,Insthoviricetes
400280,Insthoviricetes
400282,Insthoviricetes
400283,Insthoviricetes
400284,Insthoviricetes
400285,Insthoviricetes
400286,Insthoviricetes
400287,Insthoviricetes
400288,Insthoviricetes
400289,Insthoviricetes
400291,Insthoviricetes
400292,Insthoviricetes
400293,Insthoviricetes
400294,Insthoviricetes
400295,Insthoviricetes
400296,Insthoviricetes
400297,Insthoviricetes
400298,Insthoviricetes
400299,Insthoviricetes
400300,Insthoviricetes
400301,Insthoviricetes
400302,Insthoviricetes
400303,Insthoviricetes
400304,Insthoviricetes
400305,Insthoviricetes
400306,Insthoviricetes
400307,Insthoviricetes
400308,Insthoviricetes
400309,Insthoviricetes
400310,Insthoviricetes
400311,Insthoviricetes
400312,Insthoviricetes
400313,Insthoviricetes
400314,Insthoviricetes
400315,Insthoviricetes
400316,Insthoviricetes
400317,Insthoviricetes
400318,Insthoviricetes
400319,Insthoviricetes
400320,Insthoviricetes
400321,Insthoviricetes
400322,Insthoviricetes
400323,Insthoviricetes
400324,Insthoviricetes
400325,Insthoviricetes
400326,Insthoviricetes
400327,Insthoviricetes
400328,Insthoviricetes
400329,Insthoviricetes
400330,Insthoviricetes
400331,Insthoviricetes
400332,Insthoviricetes
400333,Insthoviricetes
400334,Insthoviricetes
400335,Insthoviricetes
400336,Insthoviricetes
400337,Insthoviricetes
400338,Insthoviricetes
400339,Insthoviricetes
400340,Insthoviricetes
400341,Insthoviricetes
400342,Insthoviricetes
400343,Insthoviricetes
400344,Insthoviricetes
400345,Insthoviricetes
400346,Insthoviricetes
400347,Insthoviricetes
400348,Insthoviricetes
400349,Insthoviricetes
400806,Insthoviricetes
400810,Insthoviricetes
400811,Insthoviricetes
400812,Insthoviricetes
400813,Insthoviricetes
400822,Insthoviricetes
400828,Insthoviricetes
400829,Insthoviricetes
400830,Insthoviricetes
401078,Insthoviricetes
401080,Insthoviricetes
401081,Insthoviricetes
401082,Insthoviricetes
401083,Insthoviricetes
401084,Insthoviricetes
401085,Insthoviricetes
401086,Insthoviricetes
401091,Insthoviricetes
401093,Insthoviricetes
401094,Insthoviricetes
401096,Insthoviricetes
401097,Insthoviricetes
401099,Insthoviricetes
401100,Insthoviricetes
401101,Insthoviricetes
401102,Insthoviricetes
401565,Insthoviricetes
401567,Insthoviricetes
401671,Revtraviricetes
402036,Revtraviricetes
402046,Revtraviricetes
402433,Insthoviricetes
402434,Insthoviricetes
402435,Insthoviricetes
402436,Insthoviricetes
402438,Insthoviricetes
402439,Insthoviricetes
402440,Insthoviricetes
402442,Insthoviricetes
402445,Insthoviricetes
402447,Insthoviricetes
402448,Insthoviricetes
402450,Insthoviricetes
402452,Insthoviricetes
402454,Insthoviricetes
402456,Insthoviricetes
402457,Insthoviricetes
402458,Insthoviricetes
402460,Insthoviricetes
402461,Insthoviricetes
402462,Insthoviricetes
402463,Insthoviricetes
402464,Insthoviricetes
402465,Insthoviricetes
402466,Insthoviricetes
402467,Insthoviricetes
402468,Insthoviricetes
402470,Insthoviricetes
402471,Insthoviricetes
402472,Insthoviricetes
402474,Insthoviricetes
402475,Insthoviricetes
402476,Insthoviricetes
402477,Insthoviricetes
402478,Insthoviricetes
402480,Insthoviricetes
402481,Insthoviricetes
402488,Insthoviricetes
402489,Insthoviricetes
402490,Insthoviricetes
402493,Insthoviricetes
402494,Insthoviricetes
402495,Insthoviricetes
402496,Insthoviricetes
402499,Insthoviricetes
402500,Insthoviricetes
402501,Insthoviricetes
402502,Insthoviricetes
402503,Insthoviricetes
402504,Insthoviricetes
402506,Insthoviricetes
402507,Insthoviricetes
402509,Insthoviricetes
402510,Insthoviricetes
402511,Insthoviricetes
402512,Insthoviricetes
402513,Insthoviricetes
402514,Insthoviricetes
402515,Insthoviricetes
402516,Insthoviricetes
402518,Insthoviricetes
402519,Insthoviricetes
402520,Insthoviricetes
402521,Insthoviricetes
402522,Insthoviricetes
402523,Insthoviricetes
402525,Insthoviricetes
402526,Insthoviricetes
402527,Insthoviricetes
402528,Insthoviricetes
402529,Insthoviricetes
402531,Insthoviricetes
402532,Insthoviricetes
402537,Insthoviricetes
402539,Insthoviricetes
402541,Insthoviricetes
402771,Revtraviricetes
402933,Insthoviricetes
402934,Insthoviricetes
402935,Insthoviricetes
402936,Insthoviricetes
402937,Insthoviricetes
402938,Insthoviricetes
406769,Revtraviricetes
406847,Insthoviricetes
406848,Insthoviricetes
406849,Insthoviricetes
406850,Insthoviricetes
406851,Insthoviricetes
406852,Insthoviricetes
406853,Insthoviricetes
406854,Insthoviricetes
406855,Insthoviricetes
406856,Insthoviricetes
406857,Insthoviricetes
406858,Insthoviricetes
406859,Insthoviricetes
406861,Insthoviricetes
408929,Insthoviricetes
411159,Insthoviricetes
411160,Insthoviricetes
411161,Insthoviricetes
411162,Insthoviricetes
411163,Insthoviricetes
411164,Insthoviricetes
411165,Insthoviricetes
411166,Insthoviricetes
411167,Insthoviricetes
411168,Insthoviricetes
411169,Insthoviricetes
411170,Insthoviricetes
411171,Insthoviricetes
411172,Insthoviricetes
411173,Insthoviricetes
411174,Insthoviricetes
411175,Insthoviricetes
411176,Insthoviricetes
411177,Insthoviricetes
411178,Insthoviricetes
411179,Insthoviricetes
411180,Insthoviricetes
411181,Insthoviricetes
411182,Insthoviricetes
411183,Insthoviricetes
411184,Insthoviricetes
411185,Insthoviricetes
411186,Insthoviricetes
411187,Insthoviricetes
411188,Insthoviricetes
411189,Insthoviricetes
411190,Insthoviricetes
411191,Insthoviricetes
411192,Insthoviricetes
411193,Insthoviricetes
411194,Insthoviricetes
411195,Insthoviricetes
411196,Insthoviricetes
411197,Insthoviricetes
411198,Insthoviricetes
411199,Insthoviricetes
411200,Insthoviricetes
411201,Insthoviricetes
411202,Insthoviricetes
411203,Insthoviricetes
411204,Insthoviricetes
411205,Insthoviricetes
411206,Insthoviricetes
411207,Insthoviricetes
411208,Insthoviricetes
411209,Insthoviricetes
411210,Insthoviricetes
411211,Insthoviricetes
411212,Insthoviricetes
414668,Insthoviricetes
414669,Insthoviricetes
414670,Insthoviricetes
415313,Insthoviricetes
415314,Insthoviricetes
415315,Insthoviricetes
415316,Insthoviricetes
415986,Insthoviricetes
415987,Insthoviricetes
415988,Insthoviricetes
415989,Insthoviricetes
416675,Insthoviricetes
416677,Insthoviricetes
416705,Insthoviricetes
416706,Insthoviricetes
416707,Insthoviricetes
416708,Insthoviricetes
416710,Insthoviricetes
416712,Insthoviricetes
416713,Insthoviricetes
416714,Insthoviricetes
416715,Insthoviricetes
416716,Insthoviricetes
416717,Insthoviricetes
416718,Insthoviricetes
416719,Insthoviricetes
416720,Insthoviricetes
416721,Insthoviricetes
416724,Insthoviricetes
416725,Insthoviricetes
416726,Insthoviricetes
416727,Insthoviricetes
416728,Insthoviricetes
416729,Insthoviricetes
416730,Insthoviricetes
416731,Insthoviricetes
416732,Insthoviricetes
416733,Insthoviricetes
416734,Insthoviricetes
416735,Insthoviricetes
416736,Insthoviricetes
416737,Insthoviricetes
416738,Insthoviricetes
416739,Insthoviricetes
416740,Insthoviricetes
416742,Insthoviricetes
416743,Insthoviricetes
416745,Insthoviricetes
416746,Insthoviricetes
416747,Insthoviricetes
416748,Insthoviricetes
416749,Insthoviricetes
416750,Insthoviricetes
416751,Insthoviricetes
416752,Insthoviricetes
416753,Insthoviricetes
416754,Insthoviricetes
416755,Insthoviricetes
416756,Insthoviricetes
416757,Insthoviricetes
416759,Insthoviricetes
416760,Insthoviricetes
416762,Insthoviricetes
416763,Insthoviricetes
416764,Insthoviricetes
416767,Insthoviricetes
416768,Insthoviricetes
416770,Insthoviricetes
416771,Insthoviricetes
416772,Insthoviricetes
416773,Insthoviricetes
416774,Insthoviricetes
416775,Insthoviricetes
416776,Insthoviricetes
416777,Insthoviricetes
416778,Insthoviricetes
416780,Insthoviricetes
416783,Insthoviricetes
416784,Insthoviricetes
416785,Insthoviricetes
416786,Insthoviricetes
416787,Insthoviricetes
416788,Insthoviricetes
416790,Insthoviricetes
416791,Insthoviricetes
416793,Insthoviricetes
416795,Insthoviricetes
416796,Insthoviricetes
416798,Insthoviricetes
416799,Insthoviricetes
417282,Insthoviricetes
417283,Insthoviricetes
417284,Insthoviricetes
417285,Insthoviricetes
41857,Insthoviricetes
41952,Revtraviricetes
421469,Insthoviricetes
421474,Insthoviricetes
421475,Insthoviricetes
421476,Insthoviricetes
421477,Insthoviricetes
421949,Insthoviricetes
421950,Insthoviricetes
421951,Insthoviricetes
421952,Insthoviricetes
421953,Insthoviricetes
421954,Insthoviricetes
421955,Insthoviricetes
421956,Insthoviricetes
421957,Insthoviricetes
421958,Insthoviricetes
421959,Insthoviricetes
421960,Insthoviricetes
421961,Insthoviricetes
421962,Insthoviricetes
421963,Insthoviricetes
421964,Insthoviricetes
421966,Insthoviricetes
421967,Insthoviricetes
421968,Insthoviricetes
421969,Insthoviricetes
421971,Insthoviricetes
421972,Insthoviricetes
421973,Insthoviricetes
421974,Insthoviricetes
421975,Insthoviricetes
424716,Caudoviricetes
425521,Insthoviricetes
425522,Insthoviricetes
425523,Insthoviricetes
425524,Insthoviricetes
425525,Insthoviricetes
425526,Insthoviricetes
425527,Insthoviricetes
425528,Insthoviricetes
425529,Insthoviricetes
425530,Insthoviricetes
425531,Insthoviricetes
425532,Insthoviricetes
425533,Insthoviricetes
425534,Insthoviricetes
425535,Insthoviricetes
425536,Insthoviricetes
425538,Insthoviricetes
425539,Insthoviricetes
425540,Insthoviricetes
425541,Insthoviricetes
425542,Insthoviricetes
425543,Insthoviricetes
425544,Insthoviricetes
425545,Insthoviricetes
425546,Insthoviricetes
425548,Insthoviricetes
425549,Insthoviricetes
425550,Insthoviricetes
425551,Insthoviricetes
425552,Insthoviricetes
425553,Insthoviricetes
425554,Insthoviricetes
425555,Insthoviricetes
425557,Insthoviricetes
425558,Insthoviricetes
425559,Insthoviricetes
425562,Insthoviricetes
425563,Insthoviricetes
425565,Insthoviricetes
425566,Insthoviricetes
425567,Insthoviricetes
425569,Insthoviricetes
425570,Insthoviricetes
425571,Insthoviricetes
425572,Insthoviricetes
425573,Insthoviricetes
425574,Insthoviricetes
425575,Insthoviricetes
425576,Insthoviricetes
425577,Insthoviricetes
425578,Insthoviricetes
425579,Insthoviricetes
425580,Insthoviricetes
425581,Insthoviricetes
425584,Insthoviricetes
425585,Insthoviricetes
425587,Insthoviricetes
425588,Insthoviricetes
425589,Insthoviricetes
425590,Insthoviricetes
425591,Insthoviricetes
425592,Insthoviricetes
425593,Insthoviricetes
427826,Insthoviricetes
429314,Monjiviricetes
429315,Monjiviricetes
431913,Insthoviricetes
431914,Insthoviricetes
431915,Insthoviricetes
431916,Insthoviricetes
431917,Insthoviricetes
431918,Insthoviricetes
431919,Insthoviricetes
431920,Insthoviricetes
431921,Insthoviricetes
431922,Insthoviricetes
431923,Insthoviricetes
431924,Insthoviricetes
431925,Insthoviricetes
431926,Insthoviricetes
431927,Insthoviricetes
433362,Insthoviricetes
433426,Insthoviricetes
433427,Insthoviricetes
433428,Insthoviricetes
433429,Insthoviricetes
433430,Insthoviricetes
433431,Insthoviricetes
433432,Insthoviricetes
433433,Insthoviricetes
433435,Insthoviricetes
433437,Insthoviricetes
433438,Insthoviricetes
433439,Insthoviricetes
433440,Insthoviricetes
433441,Insthoviricetes
433442,Insthoviricetes
433591,Insthoviricetes
434334,Insthoviricetes
434335,Insthoviricetes
434337,Insthoviricetes
434338,Insthoviricetes
434339,Insthoviricetes
434340,Insthoviricetes
434342,Insthoviricetes
434343,Insthoviricetes
434344,Insthoviricetes
434488,Monjiviricetes
434489,Monjiviricetes
434490,Monjiviricetes
436672,Insthoviricetes
437335,Insthoviricetes
437336,Insthoviricetes
437337,Insthoviricetes
437338,Insthoviricetes
437339,Insthoviricetes
437340,Insthoviricetes
437341,Insthoviricetes
437342,Insthoviricetes
437343,Insthoviricetes
437344,Insthoviricetes
437345,Insthoviricetes
437346,Insthoviricetes
437347,Insthoviricetes
437349,Insthoviricetes
437350,Insthoviricetes
437351,Insthoviricetes
437352,Insthoviricetes
437353,Insthoviricetes
437354,Insthoviricetes
437355,Insthoviricetes
437356,Insthoviricetes
437357,Insthoviricetes
437358,Insthoviricetes
437359,Insthoviricetes
437360,Insthoviricetes
437361,Insthoviricetes
437362,Insthoviricetes
437363,Insthoviricetes
437364,Insthoviricetes
437365,Insthoviricetes
437367,Insthoviricetes
437368,Insthoviricetes
437369,Insthoviricetes
437370,Insthoviricetes
437371,Insthoviricetes
437372,Insthoviricetes
437373,Insthoviricetes
437374,Insthoviricetes
437376,Insthoviricetes
437377,Insthoviricetes
437378,Insthoviricetes
437379,Insthoviricetes
437380,Insthoviricetes
437382,Insthoviricetes
437383,Insthoviricetes
437384,Insthoviricetes
437387,Insthoviricetes
437388,Insthoviricetes
437389,Insthoviricetes
437390,Insthoviricetes
437391,Insthoviricetes
437392,Insthoviricetes
437394,Insthoviricetes
437395,Insthoviricetes
437396,Insthoviricetes
437398,Insthoviricetes
437399,Insthoviricetes
437400,Insthoviricetes
437401,Insthoviricetes
437402,Insthoviricetes
437404,Insthoviricetes
437405,Insthoviricetes
437406,Insthoviricetes
437409,Insthoviricetes
437411,Insthoviricetes
437413,Insthoviricetes
437414,Insthoviricetes
437415,Insthoviricetes
437416,Insthoviricetes
437420,Insthoviricetes
437421,Insthoviricetes
437426,Insthoviricetes
437427,Insthoviricetes
437429,Insthoviricetes
437430,Insthoviricetes
437431,Insthoviricetes
437432,Insthoviricetes
438220,Insthoviricetes
438245,Insthoviricetes
438322,Insthoviricetes
441561,Insthoviricetes
441563,Insthoviricetes
441564,Insthoviricetes
441565,Insthoviricetes
441566,Insthoviricetes
441567,Insthoviricetes
441568,Insthoviricetes
441569,Insthoviricetes
441570,Insthoviricetes
441572,Insthoviricetes
441573,Insthoviricetes
441574,Insthoviricetes
441575,Insthoviricetes
441576,Insthoviricetes
441577,Insthoviricetes
441578,Insthoviricetes
441579,Insthoviricetes
44158,Alsuviricetes
441580,Insthoviricetes
441581,Insthoviricetes
441582,Insthoviricetes
441583,Insthoviricetes
441585,Insthoviricetes
441586,Insthoviricetes
441587,Insthoviricetes
441588,Insthoviricetes
441589,Insthoviricetes
441590,Insthoviricetes
441591,Insthoviricetes
441592,Insthoviricetes
441593,Insthoviricetes
441594,Insthoviricetes
441595,Insthoviricetes
441596,Insthoviricetes
441597,Insthoviricetes
441619,Pisoniviricetes
442493,Caudoviricetes
442736,Pisoniviricetes
443239,Pisoniviricetes
443240,Pisoniviricetes
443241,Pisoniviricetes
444782,Insthoviricetes
444783,Insthoviricetes
444784,Insthoviricetes
444785,Insthoviricetes
444786,Insthoviricetes
444787,Insthoviricetes
444788,Insthoviricetes
444789,Insthoviricetes
444790,Insthoviricetes
444791,Insthoviricetes
444792,Insthoviricetes
444793,Insthoviricetes
444794,Insthoviricetes
444796,Insthoviricetes
444798,Insthoviricetes
444799,Insthoviricetes
444800,Insthoviricetes
444801,Insthoviricetes
444802,Insthoviricetes
444803,Insthoviricetes
444804,Insthoviricetes
444805,Insthoviricetes
444806,Insthoviricetes
444807,Insthoviricetes
444808,Insthoviricetes
444809,Insthoviricetes
444810,Insthoviricetes
444811,Insthoviricetes
444812,Insthoviricetes
444813,Insthoviricetes
444814,Insthoviricetes
444815,Insthoviricetes
444816,Insthoviricetes
444817,Insthoviricetes
444818,Insthoviricetes
444819,Insthoviricetes
444821,Insthoviricetes
444823,Insthoviricetes
444824,Insthoviricetes
444825,Insthoviricetes
444826,Insthoviricetes
444827,Insthoviricetes
444828,Insthoviricetes
444829,Insthoviricetes
444830,Insthoviricetes
444833,Insthoviricetes
444834,Insthoviricetes
444835,Insthoviricetes
444836,Insthoviricetes
444837,Insthoviricetes
444838,Insthoviricetes
444839,Insthoviricetes
444840,Insthoviricetes
444841,Insthoviricetes
444842,Insthoviricetes
444843,Insthoviricetes
444844,Insthoviricetes
444845,Insthoviricetes
444846,Insthoviricetes
445366,Insthoviricetes
445368,Insthoviricetes
445369,Insthoviricetes
445370,Insthoviricetes
445371,Insthoviricetes
445373,Insthoviricetes
445375,Insthoviricetes
445376,Insthoviricetes
445377,Insthoviricetes
445378,Insthoviricetes
445379,Insthoviricetes
445380,Insthoviricetes
445381,Insthoviricetes
445382,Insthoviricetes
445383,Insthoviricetes
445384,Insthoviricetes
44561,Revtraviricetes
445790,Monjiviricetes
445791,Monjiviricetes
445792,Monjiviricetes
445793,Monjiviricetes
446561,Monjiviricetes
446562,Monjiviricetes
447172,Insthoviricetes
447173,Insthoviricetes
447174,Insthoviricetes
447176,Insthoviricetes
447179,Insthoviricetes
447182,Insthoviricetes
447183,Insthoviricetes
447185,Insthoviricetes
447187,Insthoviricetes
447188,Insthoviricetes
447189,Insthoviricetes
447190,Insthoviricetes
447191,Insthoviricetes
447192,Insthoviricetes
447193,Insthoviricetes
44755,Bunyaviricetes
450156,Insthoviricetes
450157,Insthoviricetes
450158,Insthoviricetes
450159,Insthoviricetes
450160,Insthoviricetes
450161,Insthoviricetes
450162,Insthoviricetes
451802,Insthoviricetes
452464,Insthoviricetes
453115,Monjiviricetes
453116,Monjiviricetes
453457,Monjiviricetes
453880,Insthoviricetes
453881,Insthoviricetes
453882,Insthoviricetes
453883,Insthoviricetes
453884,Insthoviricetes
453885,Insthoviricetes
453886,Insthoviricetes
453887,Insthoviricetes
453888,Insthoviricetes
453889,Insthoviricetes
453890,Insthoviricetes
453891,Insthoviricetes
453893,Insthoviricetes
453894,Insthoviricetes
45407,Herviviricetes
45410,Revtraviricetes
45413,Insthoviricetes
45417,Pokkesviricetes
45418,Monjiviricetes
454447,Insthoviricetes
454448,Insthoviricetes
454449,Insthoviricetes
454450,Insthoviricetes
454451,Insthoviricetes
454452,Insthoviricetes
454453,Insthoviricetes
454456,Insthoviricetes
454457,Insthoviricetes
454458,Insthoviricetes
454459,Insthoviricetes
454460,Insthoviricetes
455041,Insthoviricetes
455832,Insthoviricetes
455833,Insthoviricetes
455834,Insthoviricetes
455835,Insthoviricetes
455836,Insthoviricetes
455837,Insthoviricetes
455838,Insthoviricetes
455839,Insthoviricetes
455840,Insthoviricetes
455841,Insthoviricetes
455842,Insthoviricetes
455843,Insthoviricetes
455844,Insthoviricetes
455845,Insthoviricetes
455846,Insthoviricetes
455847,Insthoviricetes
455848,Insthoviricetes
455849,Insthoviricetes
455850,Insthoviricetes
455851,Insthoviricetes
455852,Insthoviricetes
455853,Insthoviricetes
455854,Insthoviricetes
455855,Insthoviricetes
455857,Insthoviricetes
455858,Insthoviricetes
455859,Insthoviricetes
455860,Insthoviricetes
455862,Insthoviricetes
455863,Insthoviricetes
455864,Insthoviricetes
455865,Insthoviricetes
455866,Insthoviricetes
455867,Insthoviricetes
455868,Insthoviricetes
455869,Insthoviricetes
455870,Insthoviricetes
455871,Insthoviricetes
455872,Insthoviricetes
455873,Insthoviricetes
455874,Insthoviricetes
455875,Insthoviricetes
455876,Insthoviricetes
455877,Insthoviricetes
455878,Insthoviricetes
455879,Insthoviricetes
455880,Insthoviricetes
455881,Insthoviricetes
455882,Insthoviricetes
455884,Insthoviricetes
455885,Insthoviricetes
455886,Insthoviricetes
455887,Insthoviricetes
455890,Insthoviricetes
455891,Insthoviricetes
455893,Insthoviricetes
455894,Insthoviricetes
455895,Insthoviricetes
455896,Insthoviricetes
455897,Insthoviricetes
455898,Insthoviricetes
455899,Insthoviricetes
455900,Insthoviricetes
455901,Insthoviricetes
455902,Insthoviricetes
455903,Insthoviricetes
455904,Insthoviricetes
455905,Insthoviricetes
455906,Insthoviricetes
455907,Insthoviricetes
455908,Insthoviricetes
455909,Insthoviricetes
455910,Insthoviricetes
455911,Insthoviricetes
455913,Insthoviricetes
455914,Insthoviricetes
455915,Insthoviricetes
455916,Insthoviricetes
455917,Insthoviricetes
455918,Insthoviricetes
455919,Insthoviricetes
455920,Insthoviricetes
455921,Insthoviricetes
455922,Insthoviricetes
455935,Insthoviricetes
455936,Insthoviricetes
455939,Insthoviricetes
455940,Insthoviricetes
455941,Insthoviricetes
455942,Insthoviricetes
455943,Insthoviricetes
455944,Insthoviricetes
455945,Insthoviricetes
455946,Insthoviricetes
455948,Insthoviricetes
455949,Insthoviricetes
455950,Insthoviricetes
455951,Insthoviricetes
455952,Insthoviricetes
455953,Insthoviricetes
455954,Insthoviricetes
455955,Insthoviricetes
455956,Insthoviricetes
455957,Insthoviricetes
455958,Insthoviricetes
455959,Insthoviricetes
455960,Insthoviricetes
455961,Insthoviricetes
455962,Insthoviricetes
455963,Insthoviricetes
455965,Insthoviricetes
455966,Insthoviricetes
455967,Insthoviricetes
455968,Insthoviricetes
455970,Insthoviricetes
455971,Insthoviricetes
455972,Insthoviricetes
455973,Insthoviricetes
455974,Insthoviricetes
455977,Insthoviricetes
455978,Insthoviricetes
455979,Insthoviricetes
455980,Insthoviricetes
455981,Insthoviricetes
455982,Insthoviricetes
455983,Insthoviricetes
455984,Insthoviricetes
455985,Insthoviricetes
455986,Insthoviricetes
455987,Insthoviricetes
455988,Insthoviricetes
455989,Insthoviricetes
455990,Insthoviricetes
455992,Insthoviricetes
455993,Insthoviricetes
455994,Insthoviricetes
455996,Insthoviricetes
455997,Insthoviricetes
456001,Insthoviricetes
456010,Insthoviricetes
456011,Insthoviricetes
456012,Insthoviricetes
456013,Insthoviricetes
456014,Insthoviricetes
456015,Insthoviricetes
456016,Insthoviricetes
456017,Insthoviricetes
456018,Insthoviricetes
456020,Insthoviricetes
456021,Insthoviricetes
456022,Insthoviricetes
456023,Insthoviricetes
456024,Insthoviricetes
456025,Insthoviricetes
456026,Insthoviricetes
456027,Insthoviricetes
456028,Insthoviricetes
456029,Insthoviricetes
456030,Insthoviricetes
456031,Insthoviricetes
456032,Insthoviricetes
456033,Insthoviricetes
456034,Insthoviricetes
456035,Insthoviricetes
456037,Insthoviricetes
456038,Insthoviricetes
456039,Insthoviricetes
456041,Insthoviricetes
456042,Insthoviricetes
456043,Insthoviricetes
456044,Insthoviricetes
456045,Insthoviricetes
456047,Insthoviricetes
456048,Insthoviricetes
456049,Insthoviricetes
456052,Insthoviricetes
456053,Insthoviricetes
456058,Insthoviricetes
456059,Insthoviricetes
456060,Insthoviricetes
456061,Insthoviricetes
456062,Insthoviricetes
456063,Insthoviricetes
456064,Insthoviricetes
456065,Insthoviricetes
456066,Insthoviricetes
456067,Insthoviricetes
456068,Insthoviricetes
456069,Insthoviricetes
456071,Insthoviricetes
456072,Insthoviricetes
456073,Insthoviricetes
456074,Insthoviricetes
456075,Insthoviricetes
456076,Insthoviricetes
456077,Insthoviricetes
456078,Insthoviricetes
456079,Insthoviricetes
456080,Insthoviricetes
456081,Insthoviricetes
456082,Insthoviricetes
456083,Insthoviricetes
456084,Insthoviricetes
456085,Insthoviricetes
456086,Insthoviricetes
456087,Insthoviricetes
456088,Insthoviricetes
456089,Insthoviricetes
456090,Insthoviricetes
456091,Insthoviricetes
456093,Insthoviricetes
456094,Insthoviricetes
456095,Insthoviricetes
456096,Insthoviricetes
456097,Insthoviricetes
456098,Insthoviricetes
456100,Insthoviricetes
456101,Insthoviricetes
456102,Insthoviricetes
456103,Insthoviricetes
456105,Insthoviricetes
456106,Insthoviricetes
456107,Insthoviricetes
456108,Insthoviricetes
456110,Insthoviricetes
456111,Insthoviricetes
456112,Insthoviricetes
456114,Insthoviricetes
456115,Insthoviricetes
456116,Insthoviricetes
456117,Insthoviricetes
456118,Insthoviricetes
456119,Insthoviricetes
456120,Insthoviricetes
456121,Insthoviricetes
456123,Insthoviricetes
456124,Insthoviricetes
456125,Insthoviricetes
456126,Insthoviricetes
456127,Insthoviricetes
456128,Insthoviricetes
456129,Insthoviricetes
456130,Insthoviricetes
456132,Insthoviricetes
456133,Insthoviricetes
456134,Insthoviricetes
456135,Insthoviricetes
456136,Insthoviricetes
456137,Insthoviricetes
456138,Insthoviricetes
456139,Insthoviricetes
456141,Insthoviricetes
456142,Insthoviricetes
456143,Insthoviricetes
456144,Insthoviricetes
456145,Insthoviricetes
456146,Insthoviricetes
456148,Insthoviricetes
456149,Insthoviricetes
456150,Insthoviricetes
456151,Insthoviricetes
456152,Insthoviricetes
456153,Insthoviricetes
456154,Insthoviricetes
456155,Insthoviricetes
456157,Insthoviricetes
456159,Insthoviricetes
456160,Insthoviricetes
456161,Insthoviricetes
456162,Insthoviricetes
456167,Insthoviricetes
456168,Insthoviricetes
456169,Insthoviricetes
456170,Insthoviricetes
456171,Insthoviricetes
456172,Insthoviricetes
456173,Insthoviricetes
456174,Insthoviricetes
456176,Insthoviricetes
456179,Insthoviricetes
456181,Insthoviricetes
456182,Insthoviricetes
456183,Insthoviricetes
456184,Insthoviricetes
456186,Insthoviricetes
456187,Insthoviricetes
456188,Insthoviricetes
456189,Insthoviricetes
456190,Insthoviricetes
456191,Insthoviricetes
456192,Insthoviricetes
456193,Insthoviricetes
456194,Insthoviricetes
456195,Insthoviricetes
456196,Insthoviricetes
456198,Insthoviricetes
456199,Insthoviricetes
456200,Insthoviricetes
456202,Insthoviricetes
456203,Insthoviricetes
456204,Insthoviricetes
456205,Insthoviricetes
456206,Insthoviricetes
456207,Insthoviricetes
456208,Insthoviricetes
456209,Insthoviricetes
456210,Insthoviricetes
456212,Insthoviricetes
456213,Insthoviricetes
456214,Insthoviricetes
456215,Insthoviricetes
456216,Insthoviricetes
456217,Insthoviricetes
456218,Insthoviricetes
456219,Insthoviricetes
456220,Insthoviricetes
456221,Insthoviricetes
456222,Insthoviricetes
456223,Insthoviricetes
456224,Insthoviricetes
456225,Insthoviricetes
456226,Insthoviricetes
456228,Insthoviricetes
456229,Insthoviricetes
456230,Insthoviricetes
456231,Insthoviricetes
456232,Insthoviricetes
456233,Insthoviricetes
456235,Insthoviricetes
456236,Insthoviricetes
456238,Insthoviricetes
45659,Pharingeaviricetes
456613,Insthoviricetes
456619,Insthoviricetes
456621,Insthoviricetes
456632,Insthoviricetes
456633,Insthoviricetes
456652,Insthoviricetes
456653,Insthoviricetes
456656,Insthoviricetes
456663,Insthoviricetes
456666,Insthoviricetes
456669,Insthoviricetes
456672,Insthoviricetes
456674,Insthoviricetes
456675,Insthoviricetes
456678,Insthoviricetes
456679,Insthoviricetes
456682,Insthoviricetes
456683,Insthoviricetes
456684,Insthoviricetes
456685,Insthoviricetes
456686,Insthoviricetes
456687,Insthoviricetes
456688,Insthoviricetes
456689,Insthoviricetes
456690,Insthoviricetes
456691,Insthoviricetes
456692,Insthoviricetes
456694,Insthoviricetes
456696,Insthoviricetes
456697,Insthoviricetes
456704,Insthoviricetes
456705,Insthoviricetes
456706,Insthoviricetes
456707,Insthoviricetes
456708,Insthoviricetes
456709,Insthoviricetes
456710,Insthoviricetes
456711,Insthoviricetes
456716,Insthoviricetes
456717,Insthoviricetes
456718,Insthoviricetes
456722,Insthoviricetes
456724,Insthoviricetes
456728,Insthoviricetes
456729,Insthoviricetes
456731,Insthoviricetes
456732,Insthoviricetes
456734,Insthoviricetes
456737,Insthoviricetes
456741,Insthoviricetes
456745,Insthoviricetes
456746,Insthoviricetes
456747,Insthoviricetes
456748,Insthoviricetes
456749,Insthoviricetes
456750,Insthoviricetes
456751,Insthoviricetes
456752,Insthoviricetes
456753,Insthoviricetes
456754,Insthoviricetes
456755,Insthoviricetes
456756,Insthoviricetes
456757,Insthoviricetes
456758,Insthoviricetes
456759,Insthoviricetes
456760,Insthoviricetes
456761,Insthoviricetes
456762,Insthoviricetes
456763,Insthoviricetes
456764,Insthoviricetes
456765,Insthoviricetes
456766,Insthoviricetes
456767,Insthoviricetes
456768,Insthoviricetes
456769,Insthoviricetes
456770,Insthoviricetes
456771,Insthoviricetes
456772,Insthoviricetes
456773,Insthoviricetes
456774,Insthoviricetes
456775,Insthoviricetes
456776,Insthoviricetes
456777,Insthoviricetes
456778,Insthoviricetes
456779,Insthoviricetes
456780,Insthoviricetes
456781,Insthoviricetes
456782,Insthoviricetes
456783,Insthoviricetes
456784,Insthoviricetes
456785,Insthoviricetes
456786,Insthoviricetes
456787,Insthoviricetes
456788,Insthoviricetes
456789,Insthoviricetes
456790,Insthoviricetes
456791,Insthoviricetes
456792,Insthoviricetes
456793,Insthoviricetes
456794,Insthoviricetes
456795,Insthoviricetes
456796,Insthoviricetes
456797,Insthoviricetes
456798,Insthoviricetes
456799,Insthoviricetes
456800,Insthoviricetes
456801,Insthoviricetes
456802,Insthoviricetes
456803,Insthoviricetes
456804,Insthoviricetes
456805,Insthoviricetes
456806,Insthoviricetes
456807,Insthoviricetes
456808,Insthoviricetes
456809,Insthoviricetes
456810,Insthoviricetes
456811,Insthoviricetes
456812,Insthoviricetes
456813,Insthoviricetes
456814,Insthoviricetes
456815,Insthoviricetes
456816,Insthoviricetes
456817,Insthoviricetes
457997,Insthoviricetes
457998,Insthoviricetes
457999,Insthoviricetes
458001,Insthoviricetes
458002,Insthoviricetes
458003,Insthoviricetes
458004,Insthoviricetes
458005,Insthoviricetes
458006,Insthoviricetes
458007,Insthoviricetes
458009,Insthoviricetes
458010,Insthoviricetes
458012,Insthoviricetes
458013,Insthoviricetes
458014,Insthoviricetes
458015,Insthoviricetes
458016,Insthoviricetes
458018,Insthoviricetes
458019,Insthoviricetes
458020,Insthoviricetes
458021,Insthoviricetes
458022,Insthoviricetes
458023,Insthoviricetes
46014,NA
46015,Naldaviricetes
461811,Insthoviricetes
46241,Chrymotiviricetes
46242,Naldaviricetes
464495,Insthoviricetes
464623,Insthoviricetes
468951,Insthoviricetes
468954,Insthoviricetes
468955,Insthoviricetes
468956,Insthoviricetes
468957,Insthoviricetes
468959,Insthoviricetes
468960,Insthoviricetes
468961,Insthoviricetes
468962,Insthoviricetes
468963,Insthoviricetes
468964,Insthoviricetes
468965,Insthoviricetes
468967,Insthoviricetes
468968,Insthoviricetes
468969,Insthoviricetes
468970,Insthoviricetes
468971,Insthoviricetes
468972,Insthoviricetes
468973,Insthoviricetes
468974,Insthoviricetes
469643,Insthoviricetes
469644,Insthoviricetes
469645,Insthoviricetes
469646,Insthoviricetes
471711,Insthoviricetes
475026,Insthoviricetes
475029,Insthoviricetes
475035,Insthoviricetes
475037,Insthoviricetes
475461,Insthoviricetes
475462,Insthoviricetes
475463,Insthoviricetes
475464,Insthoviricetes
475465,Insthoviricetes
475466,Insthoviricetes
475467,Insthoviricetes
475468,Insthoviricetes
475469,Insthoviricetes
475470,Insthoviricetes
475471,Insthoviricetes
475472,Insthoviricetes
475473,Insthoviricetes
475474,Insthoviricetes
475475,Insthoviricetes
475476,Insthoviricetes
475477,Insthoviricetes
475481,Insthoviricetes
475482,Insthoviricetes
475483,Insthoviricetes
475484,Insthoviricetes
475485,Insthoviricetes
475486,Insthoviricetes
475487,Insthoviricetes
475488,Insthoviricetes
475489,Insthoviricetes
475490,Insthoviricetes
475491,Insthoviricetes
475492,Insthoviricetes
475493,Insthoviricetes
475494,Insthoviricetes
475497,Insthoviricetes
475498,Insthoviricetes
475499,Insthoviricetes
475505,Insthoviricetes
475506,Insthoviricetes
475508,Insthoviricetes
475510,Insthoviricetes
475511,Insthoviricetes
475512,Insthoviricetes
475516,Insthoviricetes
475518,Insthoviricetes
475519,Insthoviricetes
475522,Insthoviricetes
475527,Insthoviricetes
475531,Insthoviricetes
475550,Insthoviricetes
475568,Insthoviricetes
475573,Insthoviricetes
475588,Insthoviricetes
476294,Insthoviricetes
476295,Insthoviricetes
476296,Insthoviricetes
476297,Insthoviricetes
476300,Insthoviricetes
476301,Insthoviricetes
476302,Insthoviricetes
476303,Insthoviricetes
476304,Insthoviricetes
476305,Insthoviricetes
476306,Insthoviricetes
476308,Insthoviricetes
476310,Insthoviricetes
476311,Insthoviricetes
476314,Insthoviricetes
476315,Insthoviricetes
476317,Insthoviricetes
476318,Insthoviricetes
476319,Insthoviricetes
476320,Insthoviricetes
476321,Insthoviricetes
476322,Insthoviricetes
476323,Insthoviricetes
476325,Insthoviricetes
476326,Insthoviricetes
476327,Insthoviricetes
476328,Insthoviricetes
476329,Insthoviricetes
476330,Insthoviricetes
476331,Insthoviricetes
476332,Insthoviricetes
476333,Insthoviricetes
476335,Insthoviricetes
476336,Insthoviricetes
476337,Insthoviricetes
476338,Insthoviricetes
476339,Insthoviricetes
476340,Insthoviricetes
476341,Insthoviricetes
476343,Insthoviricetes
476344,Insthoviricetes
476345,Insthoviricetes
476346,Insthoviricetes
476347,Insthoviricetes
476348,Insthoviricetes
476349,Insthoviricetes
476350,Insthoviricetes
476351,Insthoviricetes
476352,Insthoviricetes
476353,Insthoviricetes
476354,Insthoviricetes
476355,Insthoviricetes
476356,Insthoviricetes
476357,Insthoviricetes
476358,Insthoviricetes
476359,Insthoviricetes
476360,Insthoviricetes
476362,Insthoviricetes
476363,Insthoviricetes
476364,Insthoviricetes
476366,Insthoviricetes
476368,Insthoviricetes
476369,Insthoviricetes
476371,Insthoviricetes
476372,Insthoviricetes
476373,Insthoviricetes
476374,Insthoviricetes
476375,Insthoviricetes
476376,Insthoviricetes
476377,Insthoviricetes
476378,Insthoviricetes
476379,Insthoviricetes
476382,Insthoviricetes
476383,Insthoviricetes
476384,Insthoviricetes
476385,Insthoviricetes
476386,Insthoviricetes
476387,Insthoviricetes
476388,Insthoviricetes
476389,Insthoviricetes
476391,Insthoviricetes
476392,Insthoviricetes
476393,Insthoviricetes
476394,Insthoviricetes
476395,Insthoviricetes
476396,Insthoviricetes
476397,Insthoviricetes
476398,Insthoviricetes
476399,Insthoviricetes
476400,Insthoviricetes
476401,Insthoviricetes
476402,Insthoviricetes
476403,Insthoviricetes
476404,Insthoviricetes
476405,Insthoviricetes
476406,Insthoviricetes
476407,Insthoviricetes
476408,Insthoviricetes
476410,Insthoviricetes
476411,Insthoviricetes
476412,Insthoviricetes
476413,Insthoviricetes
476415,Insthoviricetes
476416,Insthoviricetes
476417,Insthoviricetes
476418,Insthoviricetes
476419,Insthoviricetes
476420,Insthoviricetes
476421,Insthoviricetes
476422,Insthoviricetes
476423,Insthoviricetes
476425,Insthoviricetes
476426,Insthoviricetes
476640,Insthoviricetes
476646,Insthoviricetes
477973,Insthoviricetes
478989,Insthoviricetes
478990,Insthoviricetes
478991,Insthoviricetes
478992,Insthoviricetes
478993,Insthoviricetes
478994,Insthoviricetes
478995,Insthoviricetes
479001,Insthoviricetes
479004,Insthoviricetes
479005,Insthoviricetes
479006,Insthoviricetes
479007,Insthoviricetes
479008,Insthoviricetes
479009,Insthoviricetes
479012,Insthoviricetes
479014,Insthoviricetes
479015,Insthoviricetes
479017,Insthoviricetes
479018,Insthoviricetes
47929,Herviviricetes
480022,Insthoviricetes
480023,Insthoviricetes
480116,Revtraviricetes
480694,Insthoviricetes
480695,Insthoviricetes
480696,Insthoviricetes
480697,Insthoviricetes
480698,Insthoviricetes
480699,Insthoviricetes
480700,Insthoviricetes
480701,Insthoviricetes
480702,Insthoviricetes
480703,Insthoviricetes
480704,Insthoviricetes
480705,Insthoviricetes
482133,Revtraviricetes
482134,Revtraviricetes
482323,Insthoviricetes
482324,Insthoviricetes
482325,Insthoviricetes
482326,Insthoviricetes
482327,Insthoviricetes
482820,Monjiviricetes
486113,Insthoviricetes
486114,Insthoviricetes
486115,Insthoviricetes
487099,Bunyaviricetes
488225,Insthoviricetes
488226,Insthoviricetes
488227,Insthoviricetes
488228,Insthoviricetes
488229,Insthoviricetes
488231,Insthoviricetes
488232,Insthoviricetes
488234,Insthoviricetes
488235,Insthoviricetes
488236,Insthoviricetes
488237,Insthoviricetes
488238,Insthoviricetes
488239,Insthoviricetes
488240,Insthoviricetes
488241,Insthoviricetes
488243,Insthoviricetes
488244,Insthoviricetes
488245,Insthoviricetes
489454,Revtraviricetes
489457,Revtraviricetes
489458,Revtraviricetes
489459,Revtraviricetes
489467,Revtraviricetes
489469,Revtraviricetes
489472,Revtraviricetes
489488,Revtraviricetes
489489,Revtraviricetes
489490,Revtraviricetes
489503,Revtraviricetes
489541,Revtraviricetes
489542,Revtraviricetes
489543,Revtraviricetes
489544,Revtraviricetes
489546,Revtraviricetes
490133,Revtraviricetes
490134,Revtraviricetes
490391,Insthoviricetes
490392,Insthoviricetes
490393,Insthoviricetes
490394,Insthoviricetes
490395,Insthoviricetes
490396,Insthoviricetes
490397,Insthoviricetes
490398,Insthoviricetes
490400,Insthoviricetes
490401,Insthoviricetes
490402,Insthoviricetes
490404,Insthoviricetes
490405,Insthoviricetes
490406,Insthoviricetes
490407,Insthoviricetes
490408,Insthoviricetes
490410,Insthoviricetes
490411,Insthoviricetes
490412,Insthoviricetes
490413,Insthoviricetes
490414,Insthoviricetes
490417,Insthoviricetes
490418,Insthoviricetes
490419,Insthoviricetes
490420,Insthoviricetes
490423,Insthoviricetes
490426,Insthoviricetes
490430,Insthoviricetes
490431,Insthoviricetes
490432,Insthoviricetes
490433,Insthoviricetes
490434,Insthoviricetes
490435,Insthoviricetes
490436,Insthoviricetes
490437,Insthoviricetes
490438,Insthoviricetes
490439,Insthoviricetes
490440,Insthoviricetes
490443,Insthoviricetes
490444,Insthoviricetes
490445,Insthoviricetes
490446,Insthoviricetes
490447,Insthoviricetes
490449,Insthoviricetes
490451,Insthoviricetes
490452,Insthoviricetes
490453,Insthoviricetes
490455,Insthoviricetes
490456,Insthoviricetes
490457,Insthoviricetes
490459,Insthoviricetes
490460,Insthoviricetes
490461,Insthoviricetes
490462,Insthoviricetes
490466,Insthoviricetes
490471,Insthoviricetes
490472,Insthoviricetes
490473,Insthoviricetes
490474,Insthoviricetes
490475,Insthoviricetes
490476,Insthoviricetes
490477,Insthoviricetes
490478,Insthoviricetes
490480,Insthoviricetes
490481,Insthoviricetes
490482,Insthoviricetes
490485,Insthoviricetes
490486,Insthoviricetes
490487,Insthoviricetes
490489,Insthoviricetes
496016,Insthoviricetes
496018,Insthoviricetes
496019,Insthoviricetes
496020,Insthoviricetes
496021,Insthoviricetes
496022,Insthoviricetes
496023,Insthoviricetes
496024,Insthoviricetes
496025,Insthoviricetes
496026,Insthoviricetes
496027,Insthoviricetes
496028,Insthoviricetes
496029,Insthoviricetes
496030,Insthoviricetes
496031,Insthoviricetes
496032,Insthoviricetes
496033,Insthoviricetes
496034,Insthoviricetes
496035,Insthoviricetes
496036,Insthoviricetes
496037,Insthoviricetes
496038,Insthoviricetes
496039,Insthoviricetes
496040,Insthoviricetes
496041,Insthoviricetes
496042,Insthoviricetes
496043,Insthoviricetes
496044,Insthoviricetes
496045,Insthoviricetes
496046,Insthoviricetes
496047,Insthoviricetes
496048,Insthoviricetes
496049,Insthoviricetes
496050,Insthoviricetes
496733,Insthoviricetes
496734,Insthoviricetes
496735,Insthoviricetes
496736,Insthoviricetes
496737,Insthoviricetes
496738,Insthoviricetes
496740,Insthoviricetes
496741,Insthoviricetes
496742,Insthoviricetes
496743,Insthoviricetes
496744,Insthoviricetes
496745,Insthoviricetes
496746,Insthoviricetes
496747,Insthoviricetes
496748,Insthoviricetes
496749,Insthoviricetes
496750,Insthoviricetes
496751,Insthoviricetes
496752,Insthoviricetes
496753,Insthoviricetes
496754,Insthoviricetes
496755,Insthoviricetes
496756,Insthoviricetes
496757,Insthoviricetes
496758,Insthoviricetes
496759,Insthoviricetes
496760,Insthoviricetes
496761,Insthoviricetes
496762,Insthoviricetes
496763,Insthoviricetes
496764,Insthoviricetes
496765,Insthoviricetes
496766,Insthoviricetes
496767,Insthoviricetes
496768,Insthoviricetes
496769,Insthoviricetes
496770,Insthoviricetes
496771,Insthoviricetes
496772,Insthoviricetes
496773,Insthoviricetes
496774,Insthoviricetes
496775,Insthoviricetes
496776,Insthoviricetes
496777,Insthoviricetes
496778,Insthoviricetes
496779,Insthoviricetes
496780,Insthoviricetes
496781,Insthoviricetes
496782,Insthoviricetes
496783,Insthoviricetes
496784,Insthoviricetes
496785,Insthoviricetes
496786,Insthoviricetes
496787,Insthoviricetes
496788,Insthoviricetes
496789,Insthoviricetes
496790,Insthoviricetes
496791,Insthoviricetes
496792,Insthoviricetes
496793,Insthoviricetes
496794,Insthoviricetes
496795,Insthoviricetes
496796,Insthoviricetes
496797,Insthoviricetes
496798,Insthoviricetes
496799,Insthoviricetes
496801,Insthoviricetes
496802,Insthoviricetes
496803,Insthoviricetes
496804,Insthoviricetes
499088,Insthoviricetes
499543,Insthoviricetes
499544,Insthoviricetes
499545,Insthoviricetes
500657,Insthoviricetes
500658,Insthoviricetes
500659,Insthoviricetes
500660,Insthoviricetes
500661,Insthoviricetes
500662,Insthoviricetes
500664,Insthoviricetes
500665,Insthoviricetes
500669,Insthoviricetes
500670,Insthoviricetes
500671,Insthoviricetes
500672,Insthoviricetes
500674,Insthoviricetes
500676,Insthoviricetes
500677,Insthoviricetes
500678,Insthoviricetes
500679,Insthoviricetes
500680,Insthoviricetes
500681,Insthoviricetes
500682,Insthoviricetes
500683,Insthoviricetes
500684,Insthoviricetes
502858,Insthoviricetes
502866,Insthoviricetes
503190,Insthoviricetes
503192,Insthoviricetes
503193,Insthoviricetes
503194,Insthoviricetes
503195,Insthoviricetes
503196,Insthoviricetes
503197,Insthoviricetes
503198,Insthoviricetes
503199,Insthoviricetes
503200,Insthoviricetes
503201,Insthoviricetes
503202,Insthoviricetes
503204,Insthoviricetes
503205,Insthoviricetes
503206,Insthoviricetes
503207,Insthoviricetes
503208,Insthoviricetes
503209,Insthoviricetes
503210,Insthoviricetes
503211,Insthoviricetes
503212,Insthoviricetes
503213,Insthoviricetes
503214,Insthoviricetes
503215,Insthoviricetes
503217,Insthoviricetes
503218,Insthoviricetes
503219,Insthoviricetes
503221,Insthoviricetes
503222,Insthoviricetes
503223,Insthoviricetes
503224,Insthoviricetes
503225,Insthoviricetes
503226,Insthoviricetes
503227,Insthoviricetes
503228,Insthoviricetes
503229,Insthoviricetes
503230,Insthoviricetes
503231,Insthoviricetes
503232,Insthoviricetes
503233,Insthoviricetes
503234,Insthoviricetes
503235,Insthoviricetes
503236,Insthoviricetes
503237,Insthoviricetes
503238,Insthoviricetes
503241,Insthoviricetes
503242,Insthoviricetes
504445,Insthoviricetes
504446,Insthoviricetes
504447,Insthoviricetes
504448,Insthoviricetes
504449,Insthoviricetes
504450,Insthoviricetes
504451,Insthoviricetes
504904,Insthoviricetes
504905,Insthoviricetes
504906,Insthoviricetes
504907,Insthoviricetes
504908,Insthoviricetes
504910,Insthoviricetes
505428,Insthoviricetes
505492,Insthoviricetes
505571,Insthoviricetes
505573,Insthoviricetes
506251,Insthoviricetes
506256,Insthoviricetes
506257,Insthoviricetes
506259,Insthoviricetes
506260,Insthoviricetes
506261,Insthoviricetes
506262,Insthoviricetes
506264,Insthoviricetes
506267,Insthoviricetes
506268,Insthoviricetes
506269,Insthoviricetes
506271,Insthoviricetes
506273,Insthoviricetes
506274,Insthoviricetes
506275,Insthoviricetes
506276,Insthoviricetes
506277,Insthoviricetes
506279,Insthoviricetes
506280,Insthoviricetes
506281,Insthoviricetes
506282,Insthoviricetes
506283,Insthoviricetes
506287,Insthoviricetes
506288,Insthoviricetes
506289,Insthoviricetes
506290,Insthoviricetes
506292,Insthoviricetes
506293,Insthoviricetes
506294,Insthoviricetes
506296,Insthoviricetes
506297,Insthoviricetes
506298,Insthoviricetes
506300,Insthoviricetes
506301,Insthoviricetes
506302,Insthoviricetes
506303,Insthoviricetes
506304,Insthoviricetes
506306,Insthoviricetes
506309,Insthoviricetes
506350,Insthoviricetes
506351,Insthoviricetes
506352,Insthoviricetes
506353,Insthoviricetes
506354,Insthoviricetes
506355,Insthoviricetes
506356,Insthoviricetes
506358,Insthoviricetes
506359,Insthoviricetes
506361,Insthoviricetes
506362,Insthoviricetes
506363,Insthoviricetes
506364,Insthoviricetes
506365,Insthoviricetes
506366,Insthoviricetes
506368,Insthoviricetes
506369,Insthoviricetes
506371,Insthoviricetes
506372,Insthoviricetes
506373,Insthoviricetes
506374,Insthoviricetes
506375,Insthoviricetes
506376,Insthoviricetes
506377,Insthoviricetes
506378,Insthoviricetes
506381,Insthoviricetes
506382,Insthoviricetes
506384,Insthoviricetes
506387,Insthoviricetes
506389,Insthoviricetes
506390,Insthoviricetes
506391,Insthoviricetes
506392,Insthoviricetes
506393,Insthoviricetes
506394,Insthoviricetes
506396,Insthoviricetes
506398,Insthoviricetes
506399,Insthoviricetes
506400,Insthoviricetes
506401,Insthoviricetes
506402,Insthoviricetes
506403,Insthoviricetes
506405,Insthoviricetes
506406,Insthoviricetes
506407,Insthoviricetes
506408,Insthoviricetes
506409,Insthoviricetes
506411,Insthoviricetes
50713,Monjiviricetes
509615,Alsuviricetes
509627,Alsuviricetes
510635,Insthoviricetes
510636,Insthoviricetes
510637,Insthoviricetes
510638,Insthoviricetes
510639,Insthoviricetes
510640,Insthoviricetes
510641,Insthoviricetes
510642,Insthoviricetes
510643,Insthoviricetes
510644,Insthoviricetes
510645,Insthoviricetes
510646,Insthoviricetes
510647,Insthoviricetes
510648,Insthoviricetes
510649,Insthoviricetes
510650,Insthoviricetes
510651,Insthoviricetes
510652,Insthoviricetes
510653,Insthoviricetes
510654,Insthoviricetes
510655,Insthoviricetes
510656,Insthoviricetes
511416,Insthoviricetes
511417,Insthoviricetes
511418,Insthoviricetes
511419,Insthoviricetes
511420,Insthoviricetes
511421,Insthoviricetes
511422,Insthoviricetes
511825,Insthoviricetes
511826,Insthoviricetes
511827,Insthoviricetes
511828,Insthoviricetes
511829,Insthoviricetes
511830,Insthoviricetes
511831,Insthoviricetes
511833,Insthoviricetes
511834,Insthoviricetes
511835,Insthoviricetes
511836,Insthoviricetes
511837,Insthoviricetes
511838,Insthoviricetes
511839,Insthoviricetes
511840,Insthoviricetes
512345,Alsuviricetes
512346,Alsuviricetes
514118,Insthoviricetes
51677,Naldaviricetes
516993,Alsuviricetes
518921,Insthoviricetes
518922,Insthoviricetes
518924,Insthoviricetes
518926,Insthoviricetes
518928,Insthoviricetes
518942,Insthoviricetes
518943,Insthoviricetes
518944,Insthoviricetes
518962,Insthoviricetes
518973,Insthoviricetes
518976,Insthoviricetes
518978,Insthoviricetes
518981,Insthoviricetes
518987,Insthoviricetes
518998,Insthoviricetes
519788,Insthoviricetes
519789,Insthoviricetes
519791,Insthoviricetes
519792,Insthoviricetes
519793,Insthoviricetes
519795,Insthoviricetes
52412,Naldaviricetes
525817,Insthoviricetes
526402,Insthoviricetes
526403,Insthoviricetes
526499,Insthoviricetes
526500,Insthoviricetes
526501,Insthoviricetes
526502,Insthoviricetes
526503,Insthoviricetes
526504,Insthoviricetes
526505,Insthoviricetes
526506,Insthoviricetes
526507,Insthoviricetes
526508,Insthoviricetes
526509,Insthoviricetes
526510,Insthoviricetes
526511,Insthoviricetes
526512,Insthoviricetes
526513,Insthoviricetes
526514,Insthoviricetes
526515,Insthoviricetes
526516,Insthoviricetes
526517,Insthoviricetes
526518,Insthoviricetes
526892,Insthoviricetes
526893,Insthoviricetes
526894,Insthoviricetes
526895,Insthoviricetes
526896,Insthoviricetes
526897,Insthoviricetes
526898,Insthoviricetes
526899,Insthoviricetes
526900,Insthoviricetes
526901,Insthoviricetes
526902,Insthoviricetes
526903,Insthoviricetes
526904,Insthoviricetes
526905,Insthoviricetes
526906,Insthoviricetes
526907,Insthoviricetes
526908,Insthoviricetes
526910,Insthoviricetes
526911,Insthoviricetes
526912,Insthoviricetes
526913,Insthoviricetes
526914,Insthoviricetes
526915,Insthoviricetes
526916,Insthoviricetes
527166,Insthoviricetes
528424,Insthoviricetes
528425,Insthoviricetes
528426,Insthoviricetes
528427,Insthoviricetes
528428,Insthoviricetes
528429,Insthoviricetes
528430,Insthoviricetes
528431,Insthoviricetes
528432,Insthoviricetes
528433,Insthoviricetes
528434,Insthoviricetes
528435,Insthoviricetes
528436,Insthoviricetes
528437,Insthoviricetes
528438,Insthoviricetes
528439,Insthoviricetes
528440,Insthoviricetes
528441,Insthoviricetes
528442,Insthoviricetes
528443,Insthoviricetes
528444,Insthoviricetes
528445,Insthoviricetes
528446,Insthoviricetes
528447,Insthoviricetes
528448,Insthoviricetes
528449,Insthoviricetes
528450,Insthoviricetes
528451,Insthoviricetes
528452,Insthoviricetes
528453,Insthoviricetes
528454,Insthoviricetes
528455,Insthoviricetes
528456,Insthoviricetes
528457,Insthoviricetes
528458,Insthoviricetes
528459,Insthoviricetes
528460,Insthoviricetes
528461,Insthoviricetes
528462,Insthoviricetes
528463,Insthoviricetes
528464,Insthoviricetes
528465,Insthoviricetes
528466,Insthoviricetes
528467,Insthoviricetes
528468,Insthoviricetes
528469,Insthoviricetes
528470,Insthoviricetes
528471,Insthoviricetes
528472,Insthoviricetes
528473,Insthoviricetes
528474,Insthoviricetes
528475,Insthoviricetes
528476,Insthoviricetes
528477,Insthoviricetes
528478,Insthoviricetes
528479,Insthoviricetes
528480,Insthoviricetes
528481,Insthoviricetes
528482,Insthoviricetes
528483,Insthoviricetes
528484,Insthoviricetes
528485,Insthoviricetes
528486,Insthoviricetes
528487,Insthoviricetes
528488,Insthoviricetes
528489,Insthoviricetes
528490,Insthoviricetes
528491,Insthoviricetes
528492,Insthoviricetes
528493,Insthoviricetes
528494,Insthoviricetes
528495,Insthoviricetes
528496,Insthoviricetes
528497,Insthoviricetes
528498,Insthoviricetes
528499,Insthoviricetes
528500,Insthoviricetes
528501,Insthoviricetes
528502,Insthoviricetes
528503,Insthoviricetes
528504,Insthoviricetes
528505,Insthoviricetes
528506,Insthoviricetes
528507,Insthoviricetes
528508,Insthoviricetes
528509,Insthoviricetes
528510,Insthoviricetes
528511,Insthoviricetes
528512,Insthoviricetes
528513,Insthoviricetes
528514,Insthoviricetes
528515,Insthoviricetes
528516,Insthoviricetes
528517,Insthoviricetes
528518,Insthoviricetes
528519,Insthoviricetes
528520,Insthoviricetes
528521,Insthoviricetes
528522,Insthoviricetes
528523,Insthoviricetes
528524,Insthoviricetes
528525,Insthoviricetes
528526,Insthoviricetes
528527,Insthoviricetes
528528,Insthoviricetes
528529,Insthoviricetes
528530,Insthoviricetes
528531,Insthoviricetes
528532,Insthoviricetes
528533,Insthoviricetes
528534,Insthoviricetes
528535,Insthoviricetes
528536,Insthoviricetes
528537,Insthoviricetes
528538,Insthoviricetes
528539,Insthoviricetes
528540,Insthoviricetes
528541,Insthoviricetes
528542,Insthoviricetes
528543,Insthoviricetes
528544,Insthoviricetes
528545,Insthoviricetes
528546,Insthoviricetes
528547,Insthoviricetes
528548,Insthoviricetes
528549,Insthoviricetes
528550,Insthoviricetes
528551,Insthoviricetes
528552,Insthoviricetes
528553,Insthoviricetes
528554,Insthoviricetes
528555,Insthoviricetes
528556,Insthoviricetes
528557,Insthoviricetes
528558,Insthoviricetes
528559,Insthoviricetes
528560,Insthoviricetes
528561,Insthoviricetes
528562,Insthoviricetes
529027,Insthoviricetes
529028,Insthoviricetes
529029,Insthoviricetes
529030,Insthoviricetes
529031,Insthoviricetes
529032,Insthoviricetes
529033,Insthoviricetes
529034,Insthoviricetes
529035,Insthoviricetes
529036,Insthoviricetes
529037,Insthoviricetes
529039,Insthoviricetes
529042,Insthoviricetes
529043,Insthoviricetes
529044,Insthoviricetes
529045,Insthoviricetes
529046,Insthoviricetes
529047,Insthoviricetes
529048,Insthoviricetes
529050,Insthoviricetes
529051,Insthoviricetes
529052,Insthoviricetes
529053,Insthoviricetes
529054,Insthoviricetes
529055,Insthoviricetes
529056,Insthoviricetes
529057,Insthoviricetes
529058,Insthoviricetes
529059,Insthoviricetes
529060,Insthoviricetes
529062,Insthoviricetes
529063,Insthoviricetes
529064,Insthoviricetes
529065,Insthoviricetes
529066,Insthoviricetes
529067,Insthoviricetes
529068,Insthoviricetes
529791,Insthoviricetes
529796,Insthoviricetes
533297,Insthoviricetes
537938,Insthoviricetes
537940,Insthoviricetes
537941,Insthoviricetes
537945,Insthoviricetes
537946,Insthoviricetes
538971,Insthoviricetes
538972,Insthoviricetes
538973,Insthoviricetes
538974,NA
538986,NA
538987,NA
538988,NA
538989,NA
538990,NA
538991,NA
538992,Insthoviricetes
538993,Insthoviricetes
538994,Insthoviricetes
538995,Insthoviricetes
53988,NA
539933,Insthoviricetes
539935,Insthoviricetes
539936,Insthoviricetes
539937,Insthoviricetes
539938,Insthoviricetes
539939,Insthoviricetes
539940,Insthoviricetes
539941,Insthoviricetes
539942,Insthoviricetes
539945,Insthoviricetes
539946,Insthoviricetes
539950,Insthoviricetes
539951,Insthoviricetes
539952,Insthoviricetes
539953,Insthoviricetes
539955,Insthoviricetes
539956,Insthoviricetes
539957,Insthoviricetes
539958,Insthoviricetes
539959,Insthoviricetes
539960,Insthoviricetes
539962,Insthoviricetes
539963,Insthoviricetes
539964,Insthoviricetes
539965,Insthoviricetes
539967,Insthoviricetes
539968,Insthoviricetes
539969,Insthoviricetes
539970,Insthoviricetes
539972,Insthoviricetes
539973,Insthoviricetes
539974,Insthoviricetes
539975,Insthoviricetes
539976,Insthoviricetes
539977,Insthoviricetes
539978,Insthoviricetes
539979,Insthoviricetes
539980,Insthoviricetes
539981,Insthoviricetes
539982,Insthoviricetes
539983,Insthoviricetes
539984,Insthoviricetes
539985,Insthoviricetes
539986,Insthoviricetes
539987,Insthoviricetes
539988,Insthoviricetes
539989,Insthoviricetes
539990,Insthoviricetes
539992,Insthoviricetes
539993,Insthoviricetes
539994,Insthoviricetes
539996,Insthoviricetes
539997,Insthoviricetes
539998,Insthoviricetes
539999,Insthoviricetes
540000,Insthoviricetes
540004,Insthoviricetes
542812,Insthoviricetes
542813,Insthoviricetes
542814,Insthoviricetes
542815,Insthoviricetes
542817,Insthoviricetes
542818,Insthoviricetes
547362,Insthoviricetes
547363,Insthoviricetes
547364,Insthoviricetes
547370,Insthoviricetes
547377,Insthoviricetes
547378,Insthoviricetes
547379,Insthoviricetes
547381,Insthoviricetes
547382,Insthoviricetes
547386,Insthoviricetes
547387,Insthoviricetes
547388,Insthoviricetes
547389,Insthoviricetes
547390,Insthoviricetes
547391,Insthoviricetes
547392,Insthoviricetes
547393,Insthoviricetes
547394,Insthoviricetes
547395,Insthoviricetes
547396,Insthoviricetes
547397,Insthoviricetes
547399,Insthoviricetes
547400,Insthoviricetes
548821,Insthoviricetes
548822,Insthoviricetes
548823,Insthoviricetes
548824,Insthoviricetes
548825,Insthoviricetes
551081,Insthoviricetes
551082,Insthoviricetes
551083,Insthoviricetes
551084,Insthoviricetes
551085,Insthoviricetes
551086,Insthoviricetes
55551,Pokkesviricetes
556339,Insthoviricetes
556340,Insthoviricetes
556341,Insthoviricetes
556342,Insthoviricetes
556343,Insthoviricetes
556344,Insthoviricetes
556345,Insthoviricetes
556346,Insthoviricetes
556347,Insthoviricetes
556348,Insthoviricetes
556349,Insthoviricetes
556350,Insthoviricetes
556351,Insthoviricetes
556352,Insthoviricetes
556353,Insthoviricetes
556354,Insthoviricetes
556355,Insthoviricetes
556356,Insthoviricetes
556357,Insthoviricetes
556358,Insthoviricetes
556359,Insthoviricetes
556360,Insthoviricetes
556361,Insthoviricetes
556362,Insthoviricetes
556363,Insthoviricetes
556364,Insthoviricetes
556365,Insthoviricetes
556366,Insthoviricetes
556367,Insthoviricetes
556368,Insthoviricetes
556369,Insthoviricetes
556370,Insthoviricetes
556371,Insthoviricetes
556372,Insthoviricetes
556373,Insthoviricetes
556374,Insthoviricetes
556375,Insthoviricetes
556376,Insthoviricetes
556377,Insthoviricetes
556378,Insthoviricetes
556379,Insthoviricetes
556380,Insthoviricetes
556381,Insthoviricetes
556382,Insthoviricetes
556383,Insthoviricetes
556384,Insthoviricetes
556385,Insthoviricetes
556386,Insthoviricetes
556387,Insthoviricetes
556388,Insthoviricetes
556389,Insthoviricetes
556390,Insthoviricetes
556391,Insthoviricetes
556392,Insthoviricetes
556393,Insthoviricetes
556394,Insthoviricetes
556395,Insthoviricetes
556396,Insthoviricetes
556397,Insthoviricetes
556398,Insthoviricetes
556399,Insthoviricetes
556400,Insthoviricetes
556401,Insthoviricetes
556402,Insthoviricetes
556403,Insthoviricetes
556404,Insthoviricetes
556405,Insthoviricetes
556406,Insthoviricetes
556407,Insthoviricetes
556408,Insthoviricetes
556409,Insthoviricetes
556410,Insthoviricetes
556411,Insthoviricetes
556412,Insthoviricetes
556413,Insthoviricetes
556414,Insthoviricetes
556415,Insthoviricetes
556416,Insthoviricetes
556417,Insthoviricetes
556418,Insthoviricetes
556419,Insthoviricetes
556420,Insthoviricetes
556421,Insthoviricetes
556422,Insthoviricetes
556423,Insthoviricetes
556424,Insthoviricetes
556425,Insthoviricetes
556426,Insthoviricetes
556427,Insthoviricetes
556428,Insthoviricetes
556429,Insthoviricetes
556430,Insthoviricetes
556431,Insthoviricetes
556432,Insthoviricetes
556433,Insthoviricetes
556434,Insthoviricetes
556435,Insthoviricetes
556436,Insthoviricetes
556437,Insthoviricetes
556438,Insthoviricetes
556439,Insthoviricetes
556440,Insthoviricetes
556441,Insthoviricetes
556442,Insthoviricetes
556443,Insthoviricetes
556444,Insthoviricetes
556445,Insthoviricetes
556446,Insthoviricetes
556447,Insthoviricetes
556448,Insthoviricetes
556449,Insthoviricetes
556450,Insthoviricetes
556750,Insthoviricetes
556751,Insthoviricetes
556752,Insthoviricetes
558385,Insthoviricetes
558386,Insthoviricetes
558387,Insthoviricetes
558388,Insthoviricetes
558389,Insthoviricetes
558390,Insthoviricetes
558391,Insthoviricetes
558392,Insthoviricetes
558393,Insthoviricetes
558394,Insthoviricetes
560374,Insthoviricetes
560375,Insthoviricetes
568918,Insthoviricetes
568919,Insthoviricetes
568920,Insthoviricetes
568921,Insthoviricetes
568922,Insthoviricetes
568923,Insthoviricetes
568924,Insthoviricetes
568925,Insthoviricetes
569196,Insthoviricetes
569199,Insthoviricetes
569231,Insthoviricetes
569233,Insthoviricetes
569237,Insthoviricetes
569239,Insthoviricetes
569240,Insthoviricetes
569241,Insthoviricetes
569242,Insthoviricetes
569243,Insthoviricetes
569245,Insthoviricetes
569246,Insthoviricetes
569248,Insthoviricetes
569250,Insthoviricetes
569251,Insthoviricetes
569252,Insthoviricetes
569253,Insthoviricetes
569254,Insthoviricetes
569256,Insthoviricetes
569257,Insthoviricetes
569258,Insthoviricetes
569259,Insthoviricetes
569261,Insthoviricetes
569262,Insthoviricetes
569264,Insthoviricetes
569265,Insthoviricetes
569266,Insthoviricetes
569267,Insthoviricetes
569268,Insthoviricetes
569270,Insthoviricetes
569271,Insthoviricetes
569277,Insthoviricetes
569278,Insthoviricetes
569279,Insthoviricetes
569280,Insthoviricetes
569281,Insthoviricetes
569283,Insthoviricetes
569284,Insthoviricetes
569285,Insthoviricetes
569287,Insthoviricetes
569288,Insthoviricetes
569289,Insthoviricetes
569290,Insthoviricetes
569291,Insthoviricetes
569292,Insthoviricetes
569293,Insthoviricetes
569294,Insthoviricetes
569295,Insthoviricetes
569296,Insthoviricetes
569297,Insthoviricetes
569298,Insthoviricetes
569299,Insthoviricetes
569300,Insthoviricetes
569301,Insthoviricetes
569302,Insthoviricetes
569303,Insthoviricetes
569304,Insthoviricetes
569305,Insthoviricetes
569306,Insthoviricetes
569307,Insthoviricetes
569309,Insthoviricetes
569310,Insthoviricetes
569311,Insthoviricetes
569312,Insthoviricetes
569313,Insthoviricetes
569315,Insthoviricetes
569316,Insthoviricetes
569317,Insthoviricetes
569319,Insthoviricetes
569320,Insthoviricetes
569321,Insthoviricetes
569322,Insthoviricetes
569323,Insthoviricetes
569324,Insthoviricetes
569325,Insthoviricetes
569327,Insthoviricetes
569328,Insthoviricetes
569329,Insthoviricetes
569330,Insthoviricetes
569331,Insthoviricetes
569332,Insthoviricetes
569333,Insthoviricetes
569334,Insthoviricetes
569335,Insthoviricetes
569336,Insthoviricetes
569337,Insthoviricetes
569338,Insthoviricetes
569339,Insthoviricetes
569340,Insthoviricetes
569341,Insthoviricetes
569342,Insthoviricetes
569343,Insthoviricetes
569344,Insthoviricetes
569345,Insthoviricetes
569346,Insthoviricetes
569347,Insthoviricetes
569348,Insthoviricetes
569349,Insthoviricetes
569350,Insthoviricetes
570902,Insthoviricetes
570903,Insthoviricetes
570904,Insthoviricetes
571283,Insthoviricetes
571284,Insthoviricetes
57278,Herviviricetes
587200,Pokkesviricetes
59300,Alsuviricetes
59303,Alsuviricetes
59380,Monjiviricetes
61856,Resentoviricetes
62432,Insthoviricetes
62488,Insthoviricetes
645449,Insthoviricetes
652674,Alsuviricetes
654904,Naldaviricetes
654905,Naldaviricetes
654925,Megaviricetes
654926,Megaviricetes
657664,Insthoviricetes
657665,Insthoviricetes
657666,Insthoviricetes
657668,Insthoviricetes
657669,Insthoviricetes
657672,Insthoviricetes
657674,Insthoviricetes
657675,Insthoviricetes
657718,Insthoviricetes
657719,Insthoviricetes
657720,Insthoviricetes
658067,Insthoviricetes
661256,Insthoviricetes
673421,Insthoviricetes
673422,Insthoviricetes
673423,Insthoviricetes
673428,Insthoviricetes
67605,Pisoniviricetes
676585,Insthoviricetes
676590,Insthoviricetes
676593,Insthoviricetes
676595,Insthoviricetes
69156,Herviviricetes
69162,Herviviricetes
69163,Herviviricetes
69164,Herviviricetes
69165,Herviviricetes
69166,Herviviricetes
69167,Herviviricetes
69168,Herviviricetes
69169,Herviviricetes
69294,Bunyaviricetes
693999,Pisoniviricetes
694006,Pisoniviricetes
694007,Pisoniviricetes
694008,Pisoniviricetes
694009,Pisoniviricetes
696863,Monjiviricetes
69932,Caudoviricetes
70146,Monjiviricetes
70147,Monjiviricetes
70148,Monjiviricetes
70149,Monjiviricetes
702531,Insthoviricetes
70600,Naldaviricetes
73483,Herviviricetes
73484,Revtraviricetes
73490,Revtraviricetes
73495,Pokkesviricetes
74320,Naldaviricetes
74660,Naldaviricetes
752150,Insthoviricetes
752151,Insthoviricetes
752152,Insthoviricetes
76583,Pisoniviricetes
766178,Herviviricetes
766194,Bunyaviricetes
78219,Naldaviricetes
78540,Alsuviricetes
79899,Alsuviricetes
80935,Bunyaviricetes
82831,Herviviricetes
82832,Herviviricetes
82834,Revtraviricetes
84589,Alsuviricetes
868565,Herviviricetes
88299,Insthoviricetes
88776,Insthoviricetes
928296,Monjiviricetes
928297,Monjiviricetes
928301,Pokkesviricetes
928303,Monjiviricetes
928304,Monjiviricetes
928305,Monjiviricetes
928306,Revtraviricetes
93838,Insthoviricetes
97348,Insthoviricetes
97349,Insthoviricetes
97350,Insthoviricetes
97352,Insthoviricetes
97353,Insthoviricetes
97356,Insthoviricetes
97358,Insthoviricetes
97389,Insthoviricetes
97390,Insthoviricetes
97395,Insthoviricetes
97396,Insthoviricetes
99352,Insthoviricetes
