Entry	Reviewed	Entry Name	Protein names	Gene Names	Organism	Length	Signal peptide	Virus hosts	PubMed ID	DOI ID
A0A0B5A886	reviewed	GP_SFTSV	Envelopment polyprotein (M polyprotein) [Cleaved into: Glycoprotein N (Gn) (Glycoprotein G1); Glycoprotein C (Gc) (Glycoprotein G2)]	GP	SFTS phlebovirus (isolate SFTSV/Human/China/HB29/2010) (Severe fever with thrombocytopenia virus)	1073	SIGNAL 1..19; /evidence="ECO:0000255"	Haemaphysalis longicornis (Bush tick) [TaxID: 44386]; Homo sapiens (Human) [TaxID: 9606]	21410387; 25552716; 27855227; 29467349	10.1056/nejmoa1010095; 10.1128/jvi.03432-14; 10.1371/journal.pone.0166013; 10.2220/biomedres.39.27
A2T3P5	reviewed	VP7_ROTSH	Outer capsid glycoprotein VP7		Rotavirus A (isolate RVA/Monkey/South Africa/SA11-H96/1958/G3P5B[2]) (RV-A) (Simian Agent 11 (isolate SI/South Africa/H96/58))	326	SIGNAL 1..50; /evidence="ECO:0000255|HAMAP-Rule:MF_04131"	Chlorocebus pygerythrus (Vervet monkey) (Cercopithecus pygerythrus) [TaxID: 60710]	17059839; 1649333; 9144247; 10590110; 15165605; 19036817	10.1016/j.virol.2006.09.024; 10.1128/jvi.65.8.4334-4340.1991; 10.1073/pnas.94.10.5389; 10.1128/jvi.74.1.228-236.2000; 10.1016/j.tim.2004.04.003; 10.1128/jvi.01855-08
A3EX94	reviewed	SPIKE_BCHK4	Spike glycoprotein (S glycoprotein) (E2) (Peplomer protein) [Cleaved into: Spike protein S1; Spike protein S2; Spike protein S2']	S 2	Bat coronavirus HKU4 (BtCoV) (BtCoV/HKU4/2004)	1352	SIGNAL 1..12; /evidence="ECO:0000255|HAMAP-Rule:MF_04099"	Tylonycteris pachypus (Lesser bamboo bat) (Vespertilio pachypus) [TaxID: 258959]	17121802	10.1128/jvi.02182-06
A3EXD0	reviewed	SPIKE_BCHK5	Spike glycoprotein (S glycoprotein) (E2) (Peplomer protein) [Cleaved into: Spike protein S1; Spike protein S2; Spike protein S2']	S 2	Bat coronavirus HKU5 (BtCoV) (BtCoV/HKU5/2004)	1352	SIGNAL 1..12; /evidence="ECO:0000255|HAMAP-Rule:MF_04099"	Pipistrellus abramus (Japanese pipistrelle) (Pipistrellus javanicus abramus) [TaxID: 105295]	17121802	10.1128/jvi.02182-06
A3EXG6	reviewed	SPIKE_BCHK9	Spike glycoprotein (S glycoprotein) (E2) (Peplomer protein) [Cleaved into: Spike protein S1; Spike protein S2; Spike protein S2']	S 2	Bat coronavirus HKU9 (BtCoV) (BtCoV/HKU9)	1274	SIGNAL 1..11; /evidence="ECO:0000255|HAMAP-Rule:MF_04099"	Rousettus leschenaultii (Leschenault's rousette) (Pteropus leschenaultii) [TaxID: 9408]	17121802	10.1128/jvi.02182-06
A6XIP3	reviewed	GP_HAZVJ	Envelopment polyprotein (M polyprotein) [Cleaved into: GP38; Glycoprotein N (Gn) (Glycoprotein G2); Non-Structural protein M (NSm); Glycoprotein C (Gc) (Glycoprotein G1)]	GP	Hazara virus (isolate JC280)	1421	SIGNAL 1..20; /evidence="ECO:0000255"	Ixodes [TaxID: 6944]	29678879	10.1074/jbc.ra118.002494
F5HB81	reviewed	GB_HHV8P	Envelope glycoprotein B (gB)	gB ORF8	Human herpesvirus 8 type P (isolate GK18) (HHV-8) (Kaposi's sarcoma-associated herpesvirus)	845	SIGNAL 1..26; /evidence="ECO:0000255|HAMAP-Rule:MF_04032"	Homo sapiens (Human) [TaxID: 9606]	10400794; 16760382; 11932406; 12584338; 18045938	10.1128/jvi.73.8.6953-6963.1999; 10.1099/vir.0.81919-0; 10.1128/jvi.76.9.4390-4400.2002; 10.1128/jvi.77.5.3131-3147.2003; 10.1128/jvi.01673-07
H2AM12	reviewed	GP_SBVBH	Envelopment polyprotein (M polyprotein) [Cleaved into: Glycoprotein N (Gn) (Glycoprotein G2); Non-structural protein M (NSm); Glycoprotein C (Gc) (Glycoprotein G1)]	GP	Bovine Schmallenberg virus (isolate Bovine/BH80/Germany/2011) (SBV)	1403	SIGNAL 1..17; /evidence="ECO:0000255"	Bos taurus (Bovine) [TaxID: 9913]; Ovis aries (Sheep) [TaxID: 9940]	22376991; 23326235; 28640745; 30787296	10.3201/eid1803.111905; 10.1371/journal.ppat.1003133; 10.1099/jgv.0.000810; 10.1038/s41467-019-08832-8
J3WAX0	reviewed	GP_HTRV	Envelopment polyprotein (M polyprotein) [Cleaved into: Glycoprotein N (Gn) (Glycoprotein G1); Glycoprotein C (Gc) (Glycoprotein G2)]	GP	Heartland virus (HTRV)	1076	SIGNAL 1..18; /evidence="ECO:0000255"	Alces americanus (American moose) [TaxID: 999462]; Amblyomma americanum (Lone star tick) [TaxID: 6943]; Canis latrans (Coyote) [TaxID: 9614]; Didelphis virginiana (North American opossum) (Didelphis marsupialis virginiana) [TaxID: 9267]; Equus caballus (Horse) [TaxID: 9796]; Homo sapiens (Human) [TaxID: 9606]; Odocoileus virginianus (White-tailed deer) [TaxID: 9874]; Procyon lotor (Raccoon) [TaxID: 9654]	33561699; 29070692	10.1016/j.virol.2020.10.006; 10.1128/jvi.01558-17
K9N5Q8	reviewed	SPIKE_MERS1	Spike glycoprotein (S glycoprotein) (E2) (Peplomer protein) [Cleaved into: Spike protein S1; Spike protein S2; Spike protein S2']	S 3	Middle East respiratory syndrome-related coronavirus (isolate United Kingdom/H123990006/2012) (MERS-CoV) (Betacoronavirus England 1)	1353	SIGNAL 1..17; /evidence="ECO:0000255|HAMAP-Rule:MF_04099"	Camelus dromedarius (Dromedary) (Arabian camel) [TaxID: 9838]; Homo sapiens (Human) [TaxID: 9606]	23078800; 23486063	10.1038/nature12005
O11457	reviewed	VGP_EBOG4	Envelope glycoprotein (GP1,2) (GP) [Cleaved into: GP1; GP2; Shed GP (GP1,2-delta)]	GP	Zaire ebolavirus (strain Gabon-94) (ZEBOV) (Zaire Ebola virus)	676	SIGNAL 1..32; /evidence="ECO:0000255"	Epomops franqueti (Franquet's epauletted fruit bat) (Epomophorus franqueti) [TaxID: 77231]; Homo sapiens (Human) [TaxID: 9606]; Myonycteris torquata (Little collared fruit bat) [TaxID: 77243]	9185597; 11752702; 17005688; 9844633	10.1006/viro.1997.8529; 10.1099/0022-1317-83-1-67; 10.1128/jvi.01157-06; 10.1016/s1097-2765(00)80159-8
O12164	reviewed	ENV_HV192	Envelope glycoprotein gp160 (Env polyprotein) [Cleaved into: Surface protein gp120 (SU) (Glycoprotein 120) (gp120); Transmembrane protein gp41 (TM) (Glycoprotein 41) (gp41)]	env	Human immunodeficiency virus type 1 group M subtype C (isolate 92BR025) (HIV-1)	856	SIGNAL 1..31; /evidence="ECO:0000255|HAMAP-Rule:MF_04083"	Homo sapiens (Human) [TaxID: 9606]	8627686; 12974773; 12873764; 15719026; 15725757; 16114975; 16437164	10.1128/jvi.70.3.1651-1667.1996; 10.1034/j.1600-0463.2003.11107803.x; 10.1016/s0005-2736(03)00161-5; 10.1038/sj.cdd.4401584; 10.1089/aid.2005.21.171; 10.2165/00003495-200565130-00002; 10.1038/sj.emboj.7600947
O36634	reviewed	FUS_HRSVB	Fusion glycoprotein F0 (Protein F) [Cleaved into: Fusion glycoprotein F2 (F2); p27 (Intervening segment) (Pep27) (Peptide 27); Fusion glycoprotein F1 (F1)]	F	Human respiratory syncytial virus B (strain B1)	574	SIGNAL 1..25; /evidence="ECO:0000255"	Homo sapiens (Human) [TaxID: 9606]	9391135; 2732224	10.1073/pnas.94.25.13961; 10.1016/s0021-9258(18)81623-4
O41803	reviewed	ENV_HV19N	Envelope glycoprotein gp160 (Env polyprotein) [Cleaved into: Surface protein gp120 (SU) (Glycoprotein 120) (gp120); Transmembrane protein gp41 (TM) (Glycoprotein 41) (gp41)]	env	Human immunodeficiency virus type 1 group M subtype G (isolate 92NG083) (HIV-1)	849	SIGNAL 1..31; /evidence="ECO:0000255|HAMAP-Rule:MF_04083"	Homo sapiens (Human) [TaxID: 9606]	9621027; 12974773; 12873764; 15719026; 15725757; 16114975; 16437164	10.1128/jvi.72.7.5680-5698.1998; 10.1034/j.1600-0463.2003.11107803.x; 10.1016/s0005-2736(03)00161-5; 10.1038/sj.cdd.4401584; 10.1089/aid.2005.21.171; 10.2165/00003495-200565130-00002; 10.1038/sj.emboj.7600947
O70902	reviewed	ENV_HV190	Envelope glycoprotein gp160 (Env polyprotein) [Cleaved into: Surface protein gp120 (SU) (Glycoprotein 120) (gp120); Transmembrane protein gp41 (TM) (Glycoprotein 41) (gp41)]	env	Human immunodeficiency virus type 1 group M subtype H (isolate 90CF056) (HIV-1)	845	SIGNAL 1..28; /evidence="ECO:0000255|HAMAP-Rule:MF_04083"	Homo sapiens (Human) [TaxID: 9606]	9621027; 12974773; 12873764; 15719026; 15725757; 16114975; 16437164	10.1128/jvi.72.7.5680-5698.1998; 10.1034/j.1600-0463.2003.11107803.x; 10.1016/s0005-2736(03)00161-5; 10.1038/sj.cdd.4401584; 10.1089/aid.2005.21.171; 10.2165/00003495-200565130-00002; 10.1038/sj.emboj.7600947
O89292	reviewed	ENV_HV193	Envelope glycoprotein gp160 (Env polyprotein) [Cleaved into: Surface protein gp120 (SU) (Glycoprotein 120) (gp120); Transmembrane protein gp41 (TM) (Glycoprotein 41) (gp41)]	env	Human immunodeficiency virus type 1 group M subtype F1 (isolate 93BR020) (HIV-1)	846	SIGNAL 1..31; /evidence="ECO:0000255|HAMAP-Rule:MF_04083"	Homo sapiens (Human) [TaxID: 9606]	9621027; 12974773; 12873764; 15719026; 15725757; 16114975; 16437164	10.1128/jvi.72.7.5680-5698.1998; 10.1034/j.1600-0463.2003.11107803.x; 10.1016/s0005-2736(03)00161-5; 10.1038/sj.cdd.4401584; 10.1089/aid.2005.21.171; 10.2165/00003495-200565130-00002; 10.1038/sj.emboj.7600947
O90304	reviewed	SPIKE_BRV1	Spike glycoprotein (S glycoprotein) (E2) (Peplomer protein)	S P	Breda virus 1 (BRV-1)	1583	SIGNAL 1..20; /evidence="ECO:0000255"	Bos taurus (Bovine) [TaxID: 9913]	9879765; 16137782	10.1016/s0168-1702(98)00104-x; 10.1016/j.virusres.2005.07.005
O91086	reviewed	ENV_HV1YF	Envelope glycoprotein gp160 (Env polyprotein) [Cleaved into: Surface protein gp120 (SU) (Glycoprotein 120) (gp120); Transmembrane protein gp41 (TM) (Glycoprotein 41) (gp41)]	env	Human immunodeficiency virus type 1 group N (isolate YBF30) (HIV-1)	842	SIGNAL 1..23; /evidence="ECO:0000255|HAMAP-Rule:MF_04083"	Homo sapiens (Human) [TaxID: 9606]	9734396; 12974773; 12873764; 15719026; 15725757; 16114975; 16437164	10.1038/2017; 10.1034/j.1600-0463.2003.11107803.x; 10.1016/s0005-2736(03)00161-5; 10.1038/sj.cdd.4401584; 10.1089/aid.2005.21.171; 10.2165/00003495-200565130-00002; 10.1038/sj.emboj.7600947
O91532	reviewed	HBEAG_HBVA7	External core antigen (HBeAg) (Precore protein) (p25)	C	Hepatitis B virus genotype A2 (isolate Japan/11D11HCCW/1998) (HBV-A)	214	SIGNAL 1..19; /evidence="ECO:0000255|HAMAP-Rule:MF_04076"	Homo sapiens (Human) [TaxID: 9606]; Pan troglodytes (Chimpanzee) [TaxID: 9598]	9930189	10.1007/s007050050463
O92446	reviewed	VP91_NPVBM	Capsid-associated protein Vp91	p95 ORF69	Bombyx mori nuclear polyhedrosis virus (BmNPV)	839	SIGNAL 1..23; /evidence="ECO:0000255"	Bombyx mori (Silk moth) [TaxID: 7091]	9573244; 10355780	10.1128/jvi.72.6.4789-4797.1998; 10.1099/0022-1317-80-5-1323
O92920	reviewed	HBEAG_HBVD7	External core antigen (HBeAg) (Precore protein) (p25)	C	Hepatitis B virus genotype D (isolate Germany/1-91/1991) (HBV-D)	212	SIGNAL 1..19; /evidence="ECO:0000255|HAMAP-Rule:MF_04076"	Homo sapiens (Human) [TaxID: 9606]; Pan troglodytes (Chimpanzee) [TaxID: 9598]	9581787	10.1006/viro.1998.9079
P00588	reviewed	DTX_CORBE	Diphtheria toxin (DT) (NAD(+)--diphthamide ADP-ribosyltransferase) (EC 2.4.2.36) [Cleaved into: Diphtheria toxin fragment A; Diphtheria toxin fragment B]		Corynephage beta	567	SIGNAL 1..32; /evidence="ECO:0000269|PubMed:221484"	Corynebacterium diphtheriae [TaxID: 1717]	6316330; 221484; 849463; 1990001; 8253774; 18276581; 19793133; 1589020; 8573568; 9012663; 9659904	10.1073/pnas.80.22.6853; 10.1016/s0021-9258(18)50488-9; 10.1016/0005-2795(77)90064-2; 10.1016/s0021-9258(18)52271-7; 10.1016/s0021-9258(19)74337-3; 10.1074/jbc.m710008200; 10.1111/j.1574-6968.2009.01777.x; 10.1038/357216a0; 10.1021/bi9520848; 10.1021/bi962214s; 10.1016/s1097-2765(00)80008-8
P01136	reviewed	VGF_VACCW	Pro-Viral epidermal growth factor (Pro-VGF) [Cleaved into: Viral epidermal growth factor (VGF) (Secreted epidermal growth factor-like)]	OPG019 VGF-1 VACWR009; VGF-2 VACWR210	Vaccinia virus (strain Western Reserve) (VACV) (Vaccinia virus (strain WR))	140	SIGNAL 1..18; /evidence="ECO:0000255"	Bos taurus (Bovine) [TaxID: 9913]	7143577; 2410141; 3339716; 2739561; 3339713; 2229050; 15025565; 20512239; 25903347; 30420785	10.1128/jvi.44.2.637-646.1982; 10.1016/s0092-8674(85)80133-1; 10.1128/jvi.62.3.866-874.1988; 10.1016/0882-4010(89)90071-5; 10.1128/jvi.62.3.1080-1083.1988; 10.1016/s0021-9258(17)30598-7; 10.1042/bj20031375; 10.1590/s0074-02762010000300005; 10.1128/jvi.00528-15; 10.1038/s41564-018-0288-2
P03153	reviewed	HBEAG_GSHV	External core antigen (HBeAg) (Precore protein) (p25)	C	Ground squirrel hepatitis virus (strain 27) (GSHV)	217	SIGNAL 1..20; /evidence="ECO:0000255|HAMAP-Rule:MF_04076"	Otospermophilus beecheyi (California ground squirrel) (Spermophilus beecheyi) [TaxID: 34862]	6086950	10.1128/jvi.51.2.367-375.1984
P03172	reviewed	GD_HHV23	Envelope glycoprotein D (gD)	gD US6	Human herpesvirus 2 (strain 333) (HHV-2) (Human herpes simplex virus 2)	393	SIGNAL 1..25; /evidence="ECO:0000255"	Homo sapiens (Human) [TaxID: 9606]	6321120; 6323270; 9652417; 17928351; 1328685; 9696799; 11602758; 25231300	10.1089/dna.1.1984.3.23; 10.1016/0378-1119(83)90203-2; 10.1086/515590; 10.1128/jvi.01528-07; 10.1128/jvi.66.11.6668-6685.1992; 10.1128/jvi.72.9.7064-7074.1998; 10.1128/jvi.75.22.11185-11195.2001; 10.1128/jvi.01906-14
P03188	reviewed	GB_EBVB9	Envelope glycoprotein B (gB)	gB BALF4	Epstein-Barr virus (strain B95-8) (HHV-4) (Human herpesvirus 4)	857	SIGNAL 1..21; /evidence="ECO:0000255|HAMAP-Rule:MF_04032"	Homo sapiens (Human) [TaxID: 9606]	6092825; 6087149; 12771413; 3027378; 15534216; 17655906; 18987135; 19218203; 19196955	10.1038/310207a0; 10.1099/vir.0.19054-0; 10.1128/jvi.61.2.499-508.1987; 10.1073/pnas.0407320101; 10.1016/j.virol.2007.06.031; 10.1128/jvi.01817-08; 10.1099/vir.0.007237-0; 10.1073/pnas.0810530106
P03231	reviewed	GH_EBVB9	Envelope glycoprotein H (gH)	gH BXLF2	Epstein-Barr virus (strain B95-8) (HHV-4) (Human herpesvirus 4)	706	SIGNAL 1..18; /evidence="ECO:0000255|HAMAP-Rule:MF_04033"	Homo sapiens (Human) [TaxID: 9606]	6087149; 6092825; 2835748; 12771413; 2831372; 9621012; 11021994; 15534216; 29292383; 29292384; 21149717; 27929061; 28939750	10.1038/310207a0; 10.1093/nar/16.7.2859; 10.1099/vir.0.19054-0; 10.1128/jvi.62.4.1101-1107.1988; 10.1128/jvi.72.7.5552-5558.1998; 10.1006/viro.2000.0531; 10.1073/pnas.0407320101; 10.1038/s41564-017-0080-8; 10.1038/s41564-017-0081-7; 10.1073/pnas.1011806108; 10.1038/ncomms13557; 10.1073/pnas.1704661114
P03375	reviewed	ENV_HV1B1	Envelope glycoprotein gp160 (Env polyprotein) [Cleaved into: Surface protein gp120 (SU) (Glycoprotein 120) (gp120); Transmembrane protein gp41 (TM) (Glycoprotein 41) (gp41)]	env	Human immunodeficiency virus type 1 group M subtype B (isolate BH10) (HIV-1)	856	SIGNAL 1..32; /evidence="ECO:0000255|HAMAP-Rule:MF_04083"	Homo sapiens (Human) [TaxID: 9606]	2578615; 2982104; 2450679; 2355006; 2214026; 11342649; 11181151; 12218052; 14592831; 15644496; 12974773; 12873764; 15719026; 15725757; 16114975; 16437164	10.1038/313277a0; 10.1038/313450a0; 10.1016/0092-8674(88)90487-4; 10.1016/s0021-9258(18)86956-3; 10.1128/jvi.64.11.5585-5593.1990; 10.4049/jimmunol.166.10.6257; 10.1086/318823; 10.1074/jbc.m205467200; 10.1182/blood-2003-05-1390; 10.1124/mol.104.008276; 10.1034/j.1600-0463.2003.11107803.x; 10.1016/s0005-2736(03)00161-5; 10.1038/sj.cdd.4401584; 10.1089/aid.2005.21.171; 10.2165/00003495-200565130-00002; 10.1038/sj.emboj.7600947
P03377	reviewed	ENV_HV1BR	Envelope glycoprotein gp160 (Env polyprotein) [Cleaved into: Surface protein gp120 (SU) (Glycoprotein 120) (gp120); Transmembrane protein gp41 (TM) (Glycoprotein 41) (gp41)]	env	Human immunodeficiency virus type 1 group M subtype B (isolate BRU/LAI) (HIV-1)	861	SIGNAL 1..32; /evidence="ECO:0000255|HAMAP-Rule:MF_04083"	Homo sapiens (Human) [TaxID: 9606]	2981635; 1518869; 11312337; 11825572; 12218051; 15371436; 15113929; 16507315; 18653472; 18264102; 12974773; 12873764; 15719026; 15725757; 16114975; 16437164; 11026535; 11853678; 15044732	10.1016/0092-8674(85)90303-4; 10.1073/pnas.89.17.8356; 10.1128/jvi.75.10.4664-4672.2001; 10.1016/s1074-7613(02)00259-5; 10.1074/jbc.m204547200; 10.1074/jbc.m403394200; 10.1128/jvi.78.10.5500-5506.2004; 10.1016/j.virol.2006.01.041; 10.1091/mbc.e07-12-1282; 10.1038/ni1566; 10.1034/j.1600-0463.2003.11107803.x; 10.1016/s0005-2736(03)00161-5; 10.1038/sj.cdd.4401584; 10.1089/aid.2005.21.171; 10.2165/00003495-200565130-00002; 10.1038/sj.emboj.7600947; 10.1016/s0968-0896(00)00155-3; 10.1016/s0005-2736(01)00443-6; 10.1110/ps.03407704
P03378	reviewed	ENV_HV1A2	Envelope glycoprotein gp160 (Env polyprotein) [Cleaved into: Surface protein gp120 (SU) (Glycoprotein 120) (gp120); Transmembrane protein gp41 (TM) (Glycoprotein 41) (gp41)]	env	Human immunodeficiency virus type 1 group M subtype B (isolate ARV2/SF2) (HIV-1)	855	SIGNAL 1..31; /evidence="ECO:0000255|HAMAP-Rule:MF_04083"	Homo sapiens (Human) [TaxID: 9606]	2578227; 12974773; 12873764; 15719026; 15725757; 16114975; 16437164	10.1126/science.2578227; 10.1034/j.1600-0463.2003.11107803.x; 10.1016/s0005-2736(03)00161-5; 10.1038/sj.cdd.4401584; 10.1089/aid.2005.21.171; 10.2165/00003495-200565130-00002; 10.1038/sj.emboj.7600947
P03383	reviewed	ENV_HTLV2	Envelope glycoprotein gp63 (Env polyprotein) [Cleaved into: Surface protein (SU) (Glycoprotein 46) (gp46); Transmembrane protein (TM) (Glycoprotein 21) (gp21)]	env	Human T-cell leukemia virus 2 (HTLV-2)	486	SIGNAL 1..18; /evidence="ECO:0000255"	Homo sapiens (Human) [TaxID: 9606]	2582407; 6204380; 12487813	10.1073/pnas.82.10.3101; 10.1126/science.6204380; 10.1089/088922202320886299
P03385	reviewed	ENV_MLVMS	Envelope glycoprotein (Pr80env) (Env polyprotein) [Cleaved into: Surface protein (SU) (Glycoprotein 70) (gp70); Transmembrane protein (TM) (Envelope protein p15E); R-peptide (p2E)]	env	Moloney murine leukemia virus (isolate Shinnick) (MoMLV)	665	SIGNAL 1..33; /evidence="ECO:0000255"	Mus musculus (Mouse) [TaxID: 10090]	6169994; 6159543; 6251454; 6947213; 2996136; 10516003; 12867658; 14685283; 18800055; 18094169; 8612078	10.1038/293543a0; 10.1038/287801a0; 10.1073/pnas.77.6.3302; 10.1073/pnas.78.10.6023; 10.1126/science.2996136; 10.1128/jvi.73.11.8975-8981.1999; 10.1099/vir.0.19126-0; 10.1038/sj.emboj.7600012; 10.1038/emboj.2008.187; 10.1128/jvi.01931-07; 10.1038/nsb0596-465
P03386	reviewed	ENV_MLVAV	Envelope glycoprotein (Env polyprotein) [Cleaved into: Surface protein (SU) (Glycoprotein 70) (gp70); Transmembrane protein (TM) (Envelope protein p15E); R-peptide (p2E)]	env	AKV murine leukemia virus (AKR (endogenous) murine leukemia virus)	669	SIGNAL 1..31; /evidence="ECO:0000255"	Mus musculus (Mouse) [TaxID: 10090]	6319746; 6294621; 6283170	10.1128/jvi.49.2.471-478.1984; 10.1093/nar/10.21.6931; 10.1128/jvi.42.2.519-529.1982
P03390	reviewed	ENV_MLVF5	Envelope glycoprotein (Env polyprotein) [Cleaved into: Surface protein (SU) (Glycoprotein 70) (gp70); Transmembrane protein (TM) (Envelope protein p15E); R-peptide (p2E)]	env	Friend murine leukemia virus (isolate 57) (FrMLV)	675	SIGNAL 1..34; /evidence="ECO:0000255"	Mus musculus (Mouse) [TaxID: 10090]	6321768; 8661417; 9287219	10.1128/jvi.49.3.828-840.1984; 10.1006/viro.1996.0355; 10.1126/science.277.5332.1662
P03391	reviewed	ENV_FSVGA	Envelope glycoprotein (Env polyprotein) [Cleaved into: Surface protein (SU) (Glycoprotein 70) (gp70); Transmembrane protein (TM) (Envelope protein p15E); R-peptide (p2E)]	env	Feline sarcoma virus (strain Gardner-Arnstein) (Ga-FeSV) (Gardner-Arnstein feline leukemia oncovirus B)	662	SIGNAL 1..34; /evidence="ECO:0000255"	Felidae (cat family) [TaxID: 9681]	6319767; 6304347; 6321156; 2823466	10.1128/jvi.49.2.629-632.1984; 10.1128/jvi.46.3.871-880.1983; 10.1002/j.1460-2075.1983.tb01729.x; 10.1016/0042-6822(87)90194-2
P03396	reviewed	ENV_RSVP	Envelope glycoprotein gp95 (Env polyprotein) [Cleaved into: Surface protein (SU) (Glycoprotein 85) (gp85); Transmembrane protein (TM) (Glycoprotein 37) (gp37)]	env	Rous sarcoma virus subgroup C (strain Prague) (RSV-Pr-C)	601	SIGNAL 1..62; /evidence="ECO:0000305|PubMed:6304351"	Gallus gallus (Chicken) [TaxID: 9031]	6299578; 2982497; 6304351; 2538803; 11689636; 16051833; 31151254	10.1016/0092-8674(83)90071-5; 10.1016/0092-8674(85)90202-8; 10.1128/jvi.46.3.920-936.1983; 10.1093/nar/17.5.2120; 10.1128/jvi.75.23.11544-11554.2001; 10.1128/jvi.79.16.10408-10419.2005; 10.3390/v11060497
P03420	reviewed	FUS_HRSVA	Fusion glycoprotein F0 [Cleaved into: Fusion glycoprotein F2 (F2); p27 (Intervening segment) (Pep27) (Peptide 27); Fusion glycoprotein F1 (F1)]	F	Human respiratory syncytial virus A (strain A2)	574	SIGNAL 1..25; /evidence="ECO:0000255"	Homo sapiens (Human) [TaxID: 9606]	6096849; 8918930; 9035372; 7747420; 9557743; 11493675; 2732224; 10438814; 10864656; 10846072; 11369882; 11418598; 12127793; 12663767; 16160180; 16723026; 18216092; 18036342; 21841784; 24362685; 23776214; 23593008; 29212939; 30723301; 32494007; 20098425; 19966279; 21613394; 21586636; 23618766; 24179220; 26333350; 26641933; 27478931; 28134915; 28194013; 28761099; 29187732; 28469033; 29396163; 31268705; 31068578; 31515478; 30730999; 31306469	10.1073/pnas.81.24.7683; 10.1006/viro.1996.0618; 10.1007/bf00366988; 10.1006/viro.1995.1178; 10.1128/jvi.72.5.4467-4471.1998; 10.1073/pnas.151098198; 10.1016/s0021-9258(18)81623-4; 10.1128/jvi.73.9.7262-7270.1999; 10.1128/jvi.74.14.6442-6447.2000; 10.1128/jvi.74.13.5911-5920.2000; 10.1099/0022-1317-82-6-1375; 10.1074/jbc.m102633200; 10.1006/viro.2002.1497; 10.1128/jvi.77.8.4609-4616.2003; 10.1128/jvi.79.19.12528-12535.2005; 10.1186/1743-422x-3-34; 10.1128/jvi.01887-07; 10.1016/j.bbrc.2007.11.042; 10.1038/nm.2444; 10.1007/978-3-642-38919-1_4; 10.1073/pnas.1309070110; 10.1371/journal.ppat.1003309; 10.1128/jvi.01323-17; 10.1038/s41579-019-0149-x; 10.1038/s41586-020-2369-7; 10.1038/nsmb.1723; 10.1073/pnas.0910108106; 10.1128/jvi.00555-11; 10.1073/pnas.1106536108; 10.1126/science.1234914; 10.1126/science.1243283; 10.1038/ncomms9143; 10.1038/nchembio.1982; 10.1038/nsmb.3267; 10.1038/nmicrobiol.2016.272; 10.1038/ncomms14158; 10.1038/s41467-017-00170-x; 10.1038/s41467-017-01858-w; 10.1126/scitranslmed.aaj1928; 10.1016/j.immuni.2018.01.005; 10.1021/jacs.9b04615; 10.1038/s41467-019-09807-5; 10.1038/s41467-019-12137-1; 10.1371/journal.pone.0210749; 10.1371/journal.ppat.1007944
P03435	reviewed	HEMA_I75A3	Hemagglutinin [Cleaved into: Hemagglutinin HA1 chain; Hemagglutinin HA2 chain]	HA	Influenza A virus (strain A/Victoria/3/1975 H3N2)	567	SIGNAL 1..16; /evidence="ECO:0000255|HAMAP-Rule:MF_04072"	Aves [TaxID: 8782]; Cetacea (whales & dolphins) [TaxID: 9721]; Homo sapiens (Human) [TaxID: 9606]; Phocidae (true seals) [TaxID: 9709]; Sus scrofa (Pig) [TaxID: 9823]	6153930; 7402351	10.1016/s0092-8674(80)80045-6; 10.1038/286771a0
P03436	reviewed	HEMA_I68A6	Hemagglutinin [Cleaved into: Hemagglutinin HA1 chain; Hemagglutinin HA2 chain]	HA	Influenza A virus (strain A/Northern Territory/60/1968 H3N2) (Influenza A virus (strain NT60)) (Influenza A virus (strain A/NT/60/1968 H3N2))	566	SIGNAL 1..16; /evidence="ECO:0000255|HAMAP-Rule:MF_04072"	Aves [TaxID: 8782]; Cetacea (whales & dolphins) [TaxID: 9721]; Homo sapiens (Human) [TaxID: 9606]; Phocidae (true seals) [TaxID: 9709]; Sus scrofa (Pig) [TaxID: 9823]	6253883; 388351; 6768586	10.1093/nar/8.12.2561; 10.1093/nar/7.4.879; 10.1016/0014-5793(80)80067-6
P03437	reviewed	HEMA_I68A0	Hemagglutinin [Cleaved into: Hemagglutinin HA1 chain; Hemagglutinin HA2 chain]	HA	Influenza A virus (strain A/Aichi/2/1968 H3N2)	566	SIGNAL 1..16; /evidence="ECO:0000255|HAMAP-Rule:MF_04072"	Aves [TaxID: 8782]; Cetacea (whales & dolphins) [TaxID: 9721]; Homo sapiens (Human) [TaxID: 9606]; Phocidae (true seals) [TaxID: 9709]; Sus scrofa (Pig) [TaxID: 9823]	7402351; 15331693; 9089405; 7464906; 3374584; 2295311; 2329580; 8072525; 9461077	10.1038/286771a0; 10.1128/jvi.78.18.9605-9611.2004; 10.1093/oxfordjournals.jbchem.a021588; 10.1038/289366a0; 10.1038/333426a0; 10.1002/j.1460-2075.1990.tb08075.x; 10.1016/0022-2836(90)90234-d; 10.1038/371037a0; 10.1038/nsb0298-119
P03451	reviewed	HEMA_I57A0	Hemagglutinin [Cleaved into: Hemagglutinin HA1 chain; Hemagglutinin HA2 chain]	HA	Influenza A virus (strain A/Japan/305/1957 H2N2)	562	SIGNAL 1..15; /evidence="ECO:0000255|HAMAP-Rule:MF_04072"	Aves [TaxID: 8782]; Homo sapiens (Human) [TaxID: 9606]	7421990; 2249653; 2271610	10.1038/287301a0; 10.1002/j.1460-2075.1990.tb07604.x; 10.1021/bi00493a027
P03452	reviewed	HEMA_I34A1	Hemagglutinin [Cleaved into: Hemagglutinin HA1 chain; Hemagglutinin HA2 chain]	HA	Influenza A virus (strain A/Puerto Rico/8/1934 H1N1)	565	SIGNAL 1..17; /evidence="ECO:0000255|HAMAP-Rule:MF_04072"	Aves [TaxID: 8782]; Homo sapiens (Human) [TaxID: 9606]; Sus scrofa (Pig) [TaxID: 9823]	7278968; 11779399; 15163504; 6186384; 29779930	10.1038/292072a0; 10.1098/rstb.2001.0979; 10.1016/j.virusres.2004.02.028; 10.1016/0092-8674(82)90135-0; 10.1016/j.chom.2018.04.015
P03454	reviewed	HEMA_I33A0	Hemagglutinin [Cleaved into: Hemagglutinin HA1 chain; Hemagglutinin HA2 chain]	HA	Influenza A virus (strain A/Wilson-Smith/1933 H1N1) (Influenza A virus (strain A/WS/1933 H1N1))	565	SIGNAL 1..17; /evidence="ECO:0000255|HAMAP-Rule:MF_04072"	Aves [TaxID: 8782]; Homo sapiens (Human) [TaxID: 9606]; Sus scrofa (Pig) [TaxID: 9823]	7233828; 10864667; 12504548	10.1016/0042-6822(81)90658-9; 10.1128/jvi.74.14.6538-6545.2000; 10.1006/viro.2002.1731
P03459	reviewed	HEMA_I34A0	Hemagglutinin [Cleaved into: Hemagglutinin HA1 chain; Hemagglutinin HA2 chain]	HA	Influenza A virus (strain A/Fowl plague virus/Rostock/8/1934 H7N1)	563	SIGNAL 1..18; /evidence="ECO:0000255|HAMAP-Rule:MF_04072"	Aves [TaxID: 8782]	503226; 3840634; 3024963	10.1038/282471a0; 10.1016/0264-410x(85)90112-4; 10.1002/j.1460-2075.1986.tb04576.x
P03517	reviewed	GP_PTPV	Envelopment polyprotein (M polyprotein) [Cleaved into: NSm-Gn protein; Glycoprotein N (Gn) (Glycoprotein G1); Glycoprotein C (Gc) (Glycoprotein G2)]	GP	Punta toro phlebovirus	1313	SIGNAL 1..17; /evidence="ECO:0000255"	Homo sapiens (Human) [TaxID: 9606]; Phlebotomus papatasi (Sandfly) [TaxID: 29031]	2998043; 21767814	10.1016/0042-6822(85)90321-6; 10.1016/j.chom.2011.06.007
P03518	reviewed	GP_RVFV	Envelopment polyprotein (M polyprotein) [Cleaved into: NSm-Gn protein; Glycoprotein N (Gn) (Glycoprotein G1); Glycoprotein C (Gc) (Glycoprotein G2)]	GP	Rift valley fever virus (RVFV)	1206	SIGNAL 1..16; /evidence="ECO:0000255"	Aedes [TaxID: 7158]; Bos taurus (Bovine) [TaxID: 9913]; Bos taurus x Bison bison (beefalo) [TaxID: 297284]; Camelus bactrianus (Bactrian camel) [TaxID: 9837]; Capra hircus (Goat) [TaxID: 9925]; Homo sapiens (Human) [TaxID: 9606]; Ovis aries (Sheep) [TaxID: 9940]; Phlebotomus papatasi (Sandfly) [TaxID: 29031]	2998042; 24551252; 19193794; 23319635; 28827346; 29097548; 30936489	10.1016/0042-6822(85)90320-4; 10.1371/journal.pntd.0002670; 10.1128/jvi.02483-08; 10.1073/pnas.1217780110; 10.1073/pnas.1705176114; 10.1126/science.aal2712; 10.1038/s41564-019-0411-z
P03522	reviewed	GLYCO_VSIVA	Glycoprotein	G	Vesicular stomatitis Indiana virus (strain San Juan) (VSIV)	511	SIGNAL 1..16	Aedes [TaxID: 7158]; Bos taurus (Bovine) [TaxID: 9913]; Culicoides [TaxID: 58271]; Equus asinus (Donkey) (Equus africanus asinus) [TaxID: 9793]; Equus caballus (Horse) [TaxID: 9796]; Homo sapiens (Human) [TaxID: 9606]; Lutzomyia [TaxID: 252607]; Musca domestica (House fly) [TaxID: 7370]; Simuliidae (black flies) [TaxID: 7190]; Sus scrofa (Pig) [TaxID: 9823]	6268840; 2168974; 6326102; 1850035; 8144707; 8195226; 11773406; 16101513; 20941355; 20921141; 22383886; 23589850; 36216930; 18843296	10.1128/jvi.39.2.519-528.1981; 10.1128/jvi.64.10.4873-4883.1990; 10.1073/pnas.81.7.2050; 10.1128/jvi.65.5.2622-2628.1991; 10.1242/jcs.1993.supplement_17.13; 10.1016/s0021-9258(17)40742-3; 10.1128/jvi.76.3.1309-1327.2002; 10.2174/1566523054546224; 10.1371/journal.ppat.1001127; 10.1083/jcb.201006116; 10.1371/journal.ppat.1002556; 10.1073/pnas.1214441110; 10.1038/s41467-022-33664-4; 10.1038/emboj.2008.208
P03533	reviewed	VP7_ROTS1	Outer capsid glycoprotein VP7		Rotavirus A (strain RVA/SA11-Both/G3P5B[2]) (RV-A) (Simian Agent 11 (strain Both))	326	SIGNAL 1..50; /evidence="ECO:0000255|HAMAP-Rule:MF_04131, ECO:0000269|PubMed:2826493"	Macaca mulatta (Rhesus macaque) [TaxID: 9544]	6304692; 6323768; 2995404; 2826493; 12941907; 15165605	10.1073/pnas.80.10.3091; 10.1128/jvi.50.2.657-661.1984; 10.1083/jcb.101.4.1270; 10.1083/jcb.105.6.2897; 10.1128/jvi.77.18.9969-9978.2003; 10.1016/j.tim.2004.04.003
P03661	reviewed	G3P_BPFD	Attachment protein G3P (Gene 3 protein) (G3P) (Minor coat protein) (pIII)	III	Enterobacteria phage fd (Bacteriophage fd)	424	SIGNAL 1..18; /evidence="ECO:0000269|PubMed:329863"	Escherichia coli [TaxID: 562]	745987; 329863; 9244308; 12054858; 21110981; 37451481; 9032075; 10329170; 18621056; 20394751	10.1093/nar/5.12.4495; 10.1021/bi00631a016; 10.1016/s0092-8674(00)80342-6; 10.1016/s0022-2836(02)00260-7; 10.1016/j.jmb.2010.11.030; 10.1016/j.jbc.2023.105048; 10.1016/s0969-2126(97)00184-6; 10.1006/jmbi.1999.2720; 10.1016/j.jmb.2008.06.073; 10.1016/j.jmb.2010.04.007
P04488	reviewed	GE_HHV11	Envelope glycoprotein E (gE) (gE-1)	gE US8	Human herpesvirus 1 (strain 17) (HHV-1) (Human herpes simplex virus 1)	550	SIGNAL 1..20; /evidence="ECO:0000255"	Homo sapiens (Human) [TaxID: 9606]	2984429; 17218138; 6310034; 2831396; 10725429; 14734541; 17035313; 16997344; 19279114; 16646632	10.1016/0022-2836(85)90320-1; 10.1016/j.micinf.2006.10.019; 10.1099/0022-1317-64-9-1943; 10.1128/jvi.62.4.1347-1354.1988; 10.1099/0022-1317-81-4-1027; 10.1074/jbc.m313281200; 10.1128/jvi.01842-06; 10.1016/j.virol.2006.08.024; 10.1128/jvi.00069-09; 10.1371/journal.pbio.0040148
P04577	reviewed	ENV_HV2RO	Envelope glycoprotein gp160 (Env polyprotein) [Cleaved into: Surface protein gp120 (SU) (Glycoprotein 120) (gp120); Transmembrane protein gp41 (TM) (Glycoprotein 41) (gp41)]	env	Human immunodeficiency virus type 2 subtype A (isolate ROD) (HIV-2)	858	SIGNAL 1..19; /evidence="ECO:0000255"	Homo sapiens (Human) [TaxID: 9606]	3031510; 11312337; 12029140	10.1038/326662a0; 10.1128/jvi.75.10.4664-4672.2001; 10.1099/0022-1317-83-6-1253
P04578	reviewed	ENV_HV1H2	Envelope glycoprotein gp160 (Env polyprotein) [Cleaved into: Surface protein gp120 (SU) (Glycoprotein 120) (gp120); Transmembrane protein gp41 (TM) (Glycoprotein 41) (gp41)]	env	Human immunodeficiency virus type 1 group M subtype B (isolate HXB2) (HIV-1)	856	SIGNAL 1..32; /evidence="ECO:0000255|HAMAP-Rule:MF_04083"	Homo sapiens (Human) [TaxID: 9606]	3040055; 2450679; 2243396; 1360148; 7986401; 7568235; 7494242; 10233963; 11257134; 12974773; 12218052; 12502850; 16160141; 12873764; 15719026; 15725757; 16114975; 16437164; 17108326; 18322034; 18378683; 19410541; 23383108; 26972002; 28667249; 31091448; 9108481; 9641677; 10677212; 10636883; 11188697; 12044159; 12417739; 12860131; 14981267; 17301785; 18191596; 18824005; 18668044; 19965434; 21124990; 21998254; 22228771; 23539181; 24075869	10.1089/aid.1987.3.57; 10.1016/0092-8674(88)90487-4; 10.1128/jvi.64.12.6314-6318.1990; 10.1038/360358a0; 10.1073/pnas.92.21.9871; 10.1128/jvi.69.12.7383-7390.1995; 10.1128/jvi.73.6.5010-5017.1999; 10.1084/jem.193.6.671; 10.1034/j.1600-0463.2003.11107803.x; 10.1074/jbc.m205467200; 10.1128/jvi.77.2.1337-1346.2003; 10.1128/jvi.79.19.12132-12147.2005; 10.1016/s0005-2736(03)00161-5; 10.1038/sj.cdd.4401584; 10.1089/aid.2005.21.171; 10.2165/00003495-200565130-00002; 10.1038/sj.emboj.7600947; 10.1091/mbc.e06-06-0535; 10.1128/mmbr.00020-07; 10.1074/jbc.m800066200; 10.1016/j.cell.2009.02.046; 10.1371/journal.pone.0055199; 10.1016/j.celrep.2016.02.058; 10.1038/s41598-017-04532-9; 10.1016/j.celrep.2019.04.063; 10.1016/s0092-8674(00)80205-6; 10.1038/31405; 10.1021/bi9921687; 10.1074/jbc.275.3.1839; 10.1016/s0969-2126(00)00547-5; 10.1021/bi025648y; 10.1073/pnas.232566599; 10.1016/s0022-2836(03)00611-9; 10.1073/pnas.0308527100; 10.1038/nature05580; 10.1016/j.immuni.2007.11.018; 10.1016/j.jmb.2008.09.024; 10.1038/nature07159; 10.1126/science.1175868; 10.1371/journal.ppat.1001195; 10.1126/science.1213256; 10.1074/jbc.m111.317883; 10.1126/science.1234150; 10.1016/j.jmb.2013.09.030
P04579	reviewed	ENV_HV1RH	Envelope glycoprotein gp160 (Env polyprotein) [Cleaved into: Surface protein gp120 (SU) (Glycoprotein 120) (gp120); Transmembrane protein gp41 (TM) (Glycoprotein 41) (gp41)]	env	Human immunodeficiency virus type 1 group M subtype B (isolate RF/HAT3) (HIV-1)	865	SIGNAL 1..31; /evidence="ECO:0000255|HAMAP-Rule:MF_04083"	Homo sapiens (Human) [TaxID: 9606]	2423250; 12974773; 12873764; 15719026; 15725757; 16114975; 16437164	10.1016/0092-8674(86)90778-6; 10.1034/j.1600-0463.2003.11107803.x; 10.1016/s0005-2736(03)00161-5; 10.1038/sj.cdd.4401584; 10.1089/aid.2005.21.171; 10.2165/00003495-200565130-00002; 10.1038/sj.emboj.7600947
P04580	reviewed	ENV_HV1Z6	Envelope glycoprotein gp160 (Env polyprotein) [Cleaved into: Surface protein gp120 (SU) (Glycoprotein 120) (gp120); Transmembrane protein gp41 (TM) (Glycoprotein 41) (gp41)]	env	Human immunodeficiency virus type 1 group M subtype D (isolate Z6) (HIV-1)	855	SIGNAL 1..31; /evidence="ECO:0000255|HAMAP-Rule:MF_04083"	Homo sapiens (Human) [TaxID: 9606]	3036660; 12974773; 12873764; 15719026; 15725757; 16114975; 16437164	10.1016/0378-1119(87)90396-9; 10.1034/j.1600-0463.2003.11107803.x; 10.1016/s0005-2736(03)00161-5; 10.1038/sj.cdd.4401584; 10.1089/aid.2005.21.171; 10.2165/00003495-200565130-00002; 10.1038/sj.emboj.7600947
P04581	reviewed	ENV_HV1EL	Envelope glycoprotein gp160 (Env polyprotein) [Cleaved into: Surface protein gp120 (SU) (Glycoprotein 120) (gp120); Transmembrane protein gp41 (TM) (Glycoprotein 41) (gp41)]	env	Human immunodeficiency virus type 1 group M subtype D (isolate ELI) (HIV-1)	853	SIGNAL 1..31; /evidence="ECO:0000255|HAMAP-Rule:MF_04083"	Homo sapiens (Human) [TaxID: 9606]	2424612; 12974773; 12873764; 15719026; 15725757; 16114975; 16437164	10.1016/0092-8674(86)90860-3; 10.1034/j.1600-0463.2003.11107803.x; 10.1016/s0005-2736(03)00161-5; 10.1038/sj.cdd.4401584; 10.1089/aid.2005.21.171; 10.2165/00003495-200565130-00002; 10.1038/sj.emboj.7600947
P04582	reviewed	ENV_HV1B8	Envelope glycoprotein gp160 (Env polyprotein) [Cleaved into: Surface protein gp120 (SU) (Glycoprotein 120) (gp120); Transmembrane protein gp41 (TM) (Glycoprotein 41) (gp41)]	env	Human immunodeficiency virus type 1 group M subtype B (isolate BH8) (HIV-1)	851	SIGNAL 1..32; /evidence="ECO:0000255|HAMAP-Rule:MF_04083"	Homo sapiens (Human) [TaxID: 9606]	2578615; 10074122; 12974773; 12873764; 15719026; 15725757; 16114975; 16437164	10.1038/313277a0; 10.1128/jvi.73.4.2752-2761.1999; 10.1034/j.1600-0463.2003.11107803.x; 10.1016/s0005-2736(03)00161-5; 10.1038/sj.cdd.4401584; 10.1089/aid.2005.21.171; 10.2165/00003495-200565130-00002; 10.1038/sj.emboj.7600947
P04583	reviewed	ENV_HV1MA	Envelope glycoprotein gp160 (Env polyprotein) [Cleaved into: Surface protein gp120 (SU) (Glycoprotein 120) (gp120); Transmembrane protein gp41 (TM) (Glycoprotein 41) (gp41)]	env	Human immunodeficiency virus type 1 group M subtype A (isolate MAL) (HIV-1)	859	SIGNAL 1..31; /evidence="ECO:0000255|HAMAP-Rule:MF_04083"	Homo sapiens (Human) [TaxID: 9606]	2424612; 12974773; 12873764; 15719026; 15725757; 16114975; 16437164	10.1016/0092-8674(86)90860-3; 10.1034/j.1600-0463.2003.11107803.x; 10.1016/s0005-2736(03)00161-5; 10.1038/sj.cdd.4401584; 10.1089/aid.2005.21.171; 10.2165/00003495-200565130-00002; 10.1038/sj.emboj.7600947
P04624	reviewed	ENV_HV1H3	Envelope glycoprotein gp160 (Env polyprotein) [Cleaved into: Surface protein gp120 (SU) (Glycoprotein 120) (gp120); Transmembrane protein gp41 (TM) (Glycoprotein 41) (gp41)]	env	Human immunodeficiency virus type 1 group M subtype B (isolate HXB3) (HIV-1)	856	SIGNAL 1..32; /evidence="ECO:0000255|HAMAP-Rule:MF_04083"	Homo sapiens (Human) [TaxID: 9606]	2988795; 12974773; 12873764; 15719026; 15725757; 16114975; 16437164	10.1016/s0092-8674(85)80078-7; 10.1034/j.1600-0463.2003.11107803.x; 10.1016/s0005-2736(03)00161-5; 10.1038/sj.cdd.4401584; 10.1089/aid.2005.21.171; 10.2165/00003495-200565130-00002; 10.1038/sj.emboj.7600947
P04855	reviewed	FUS_SENDZ	Fusion glycoprotein F0 (Protein F) [Cleaved into: Fusion glycoprotein F2; Fusion glycoprotein F1]	F	Sendai virus (strain Z) (SeV) (Sendai virus (strain HVJ))	565	SIGNAL 1..25	Cavia cutleri (Guinea pig) [TaxID: 10144]; Cricetidae sp. (Hamster) [TaxID: 36483]; Mus musculus (Mouse) [TaxID: 10090]; Rattus norvegicus (Rat) [TaxID: 10116]	2998947; 3005975; 2841801; 1651590; 1312267; 9930191; 6095182; 8151783; 6263875; 1331518; 8709235; 9398274; 9603994; 10578061; 10876159; 11040121; 12881411	10.1016/0378-1119(85)90228-8; 10.1093/nar/14.4.1545; 10.1016/0042-6822(88)90601-0; 10.1016/0042-6822(91)90839-4; 10.1016/0042-6822(92)90443-s; 10.1007/s007050050465; 10.1093/nar/12.21.7965; 10.1128/jvi.68.5.3200-3206.1994; 10.1016/s0021-9258(19)69207-0; 10.1128/jvi.66.12.7211-7216.1992; 10.1128/jvi.70.9.6112-6118.1996; 10.1021/bi971152i; 10.1093/oxfordjournals.jbchem.a022044; 10.1093/oxfordjournals.jbchem.a022554; 10.1093/oxfordjournals.jbchem.a022731; 10.1006/viro.2000.0556; 10.1093/emboj/cdg385
P05877	reviewed	ENV_HV1MN	Envelope glycoprotein gp160 (Env polyprotein) [Cleaved into: Surface protein gp120 (SU) (Glycoprotein 120) (gp120); Transmembrane protein gp41 (TM) (Glycoprotein 41) (gp41)]	env	Human immunodeficiency virus type 1 group M subtype B (isolate MN) (HIV-1)	856	SIGNAL 1..31; /evidence="ECO:0000255|HAMAP-Rule:MF_04083"	Homo sapiens (Human) [TaxID: 9606]	3369091; 10074122; 12974773; 12873764; 15719026; 15725757; 16114975; 16437164; 14668432	10.1016/0042-6822(88)90568-5; 10.1128/jvi.73.4.2752-2761.1999; 10.1034/j.1600-0463.2003.11107803.x; 10.1016/s0005-2736(03)00161-5; 10.1038/sj.cdd.4401584; 10.1089/aid.2005.21.171; 10.2165/00003495-200565130-00002; 10.1038/sj.emboj.7600947; 10.1073/pnas.2634931100
P05878	reviewed	ENV_HV1SC	Envelope glycoprotein gp160 (Env polyprotein) [Cleaved into: Surface protein gp120 (SU) (Glycoprotein 120) (gp120); Transmembrane protein gp41 (TM) (Glycoprotein 41) (gp41)]	env	Human immunodeficiency virus type 1 group M subtype B (isolate SC) (HIV-1)	856	SIGNAL 1..31; /evidence="ECO:0000255|HAMAP-Rule:MF_04083"	Homo sapiens (Human) [TaxID: 9606]	3369091; 12974773; 12873764; 15719026; 15725757; 16114975; 16437164	10.1016/0042-6822(88)90568-5; 10.1034/j.1600-0463.2003.11107803.x; 10.1016/s0005-2736(03)00161-5; 10.1038/sj.cdd.4401584; 10.1089/aid.2005.21.171; 10.2165/00003495-200565130-00002; 10.1038/sj.emboj.7600947
P05879	reviewed	ENV_HV1C4	Envelope glycoprotein gp160 (Env polyprotein) [Cleaved into: Surface protein gp120 (SU) (Glycoprotein 120) (gp120); Transmembrane protein gp41 (TM) (Glycoprotein 41) (gp41)]	env	Human immunodeficiency virus type 1 group M subtype B (isolate CDC-451) (HIV-1)	868	SIGNAL 1..33; /evidence="ECO:0000255|HAMAP-Rule:MF_04083, ECO:0000269|PubMed:2187500"	Homo sapiens (Human) [TaxID: 9606]	3490666; 2187500; 12974773; 12873764; 15719026; 15725757; 16114975; 16437164	10.1073/pnas.83.21.8380; 10.1089/aid.1990.6.371; 10.1034/j.1600-0463.2003.11107803.x; 10.1016/s0005-2736(03)00161-5; 10.1038/sj.cdd.4401584; 10.1089/aid.2005.21.171; 10.2165/00003495-200565130-00002; 10.1038/sj.emboj.7600947
P05880	reviewed	ENV_HV1W2	Envelope glycoprotein gp160 (Env polyprotein) [Cleaved into: Surface protein gp120 (SU) (Glycoprotein 120) (gp120); Transmembrane protein gp41 (TM) (Glycoprotein 41) (gp41)]	env	Human immunodeficiency virus type 1 group M subtype B (isolate WMJ22) (HIV-1)	847	SIGNAL 1..31; /evidence="ECO:0000255|HAMAP-Rule:MF_04083"	Homo sapiens (Human) [TaxID: 9606]	3012778; 12974773; 12873764; 15719026; 15725757; 16114975; 16437164	10.1126/science.3012778; 10.1034/j.1600-0463.2003.11107803.x; 10.1016/s0005-2736(03)00161-5; 10.1038/sj.cdd.4401584; 10.1089/aid.2005.21.171; 10.2165/00003495-200565130-00002; 10.1038/sj.emboj.7600947
P05881	reviewed	ENV_HV1ZH	Envelope glycoprotein gp160 (Env polyprotein) [Cleaved into: Surface protein gp120 (SU) (Glycoprotein 120) (gp120); Transmembrane protein gp41 (TM) (Glycoprotein 41) (gp41)]	env	Human immunodeficiency virus type 1 group M subtype A (isolate Z321) (HIV-1)	856	SIGNAL 1..31; /evidence="ECO:0000255|HAMAP-Rule:MF_04083"	Homo sapiens (Human) [TaxID: 9606]	2713163; 12974773; 12873764; 15719026; 15725757; 16114975; 16437164	10.1089/aid.1989.5.121; 10.1034/j.1600-0463.2003.11107803.x; 10.1016/s0005-2736(03)00161-5; 10.1038/sj.cdd.4401584; 10.1089/aid.2005.21.171; 10.2165/00003495-200565130-00002; 10.1038/sj.emboj.7600947
P05882	reviewed	ENV_HV1Z8	Envelope glycoprotein gp160 (Env polyprotein) [Cleaved into: Surface protein gp120 (SU) (Glycoprotein 120) (gp120); Transmembrane protein gp41 (TM) (Glycoprotein 41) (gp41)]	env	Human immunodeficiency virus type 1 group M subtype D (isolate Z84) (HIV-1)	863	SIGNAL 1..31; /evidence="ECO:0000255|HAMAP-Rule:MF_04083"	Homo sapiens (Human) [TaxID: 9606]	3395517; 12974773; 12873764; 15719026; 15725757; 16114975; 16437164	10.1089/aid.1988.4.165; 10.1034/j.1600-0463.2003.11107803.x; 10.1016/s0005-2736(03)00161-5; 10.1038/sj.cdd.4401584; 10.1089/aid.2005.21.171; 10.2165/00003495-200565130-00002; 10.1038/sj.emboj.7600947
P05883	reviewed	ENV_HV2NZ	Envelope glycoprotein gp160 (Env polyprotein) [Cleaved into: Surface protein gp120 (SU) (Glycoprotein 120) (gp120); Transmembrane protein gp41 (TM) (Glycoprotein 41) (gp41)]	env	Human immunodeficiency virus type 2 subtype A (isolate NIH-Z) (HIV-2)	856	SIGNAL 1..22; /evidence="ECO:0000255"	Homo sapiens (Human) [TaxID: 9606]	3261862; 12502850; 12029140	10.1073/pnas.85.16.5941; 10.1128/jvi.77.2.1337-1346.2003; 10.1099/0022-1317-83-6-1253
P05884	reviewed	ENV_SIVMK	Envelope glycoprotein gp160 (Env polyprotein) [Cleaved into: Surface protein gp120 (SU) (Glycoprotein 120) (gp120); Transmembrane protein gp41 (TM) (Glycoprotein 32) (gp32)]	env	Simian immunodeficiency virus (isolate K6W) (SIV-mac) (Simian immunodeficiency virus rhesus monkey)	881	SIGNAL 1..19; /evidence="ECO:0000255"	Cercopithecidae (Old World monkeys) [TaxID: 9527]	3497350	10.1038/328539a0
P05885	reviewed	ENV_SIVM1	Envelope glycoprotein gp160 (Env polyprotein) [Cleaved into: Surface protein gp120 (SU) (Glycoprotein 120) (gp120); Transmembrane protein gp41 (TM) (Glycoprotein 32) (gp32)]	env	Simian immunodeficiency virus (isolate Mm142-83) (SIV-mac) (Simian immunodeficiency virus rhesus monkey)	882	SIGNAL 1..22; /evidence="ECO:0000255"	Cercopithecidae (Old World monkeys) [TaxID: 9527]	3649576	10.1038/328543a0
P05886	reviewed	ENV_SIVVT	Envelope glycoprotein gp160 (Env polyprotein) [Cleaved into: Surface protein gp120 (SU) (Glycoprotein 120) (gp120); Transmembrane protein gp41 (TM) (Glycoprotein 32) (gp32)]	env	Simian immunodeficiency virus agm.vervet (isolate AGM TYO-1) (SIV-agm.ver) (Simian immunodeficiency virus African green monkey vervet)	865	SIGNAL 1..20; /evidence="ECO:0000255"	Cercopithecidae (Old World monkeys) [TaxID: 9527]	3374586	10.1038/333457a0
P06436	reviewed	GB_HHV1F	Envelope glycoprotein B (gB)	gB UL27	Human herpesvirus 1 (strain F) (HHV-1) (Human herpes simplex virus 1)	903	SIGNAL 1..29; /evidence="ECO:0000255|HAMAP-Rule:MF_04032"	Homo sapiens (Human) [TaxID: 9606]	2981343; 2457278; 17548810; 19386594; 18358807; 15210799; 18596102; 20944748; 25428876	10.1128/jvi.53.1.243-253.1985; 10.1016/0042-6822(88)90584-3; 10.1073/pnas.0703790104; 10.1074/jbc.m109.005728; 10.1016/j.cell.2008.01.043; 10.4049/jimmunol.173.1.402; 10.1128/jvi.00904-08; 10.1038/nature09420; 10.1128/jvi.03079-14
P06437	reviewed	GB_HHV1K	Envelope glycoprotein B (gB)	gB UL27	Human herpesvirus 1 (strain KOS) (HHV-1) (Human herpes simplex virus 1)	904	SIGNAL 1..30; /evidence="ECO:0000255|HAMAP-Rule:MF_04032"	Homo sapiens (Human) [TaxID: 9606]	6324454; 3024391; 8207388; 17299053; 18003913; 18358807; 18945776; 19158241; 19369321; 16840698	10.1016/0042-6822(84)90397-0; 10.1016/0042-6822(86)90196-0; 10.1099/0022-1317-75-6-1211; 10.1073/pnas.0608374104; 10.1073/pnas.0707452104; 10.1016/j.cell.2008.01.043; 10.1128/jvi.01451-08; 10.1128/jvi.01462-08; 10.1128/jvi.00301-09; 10.1126/science.1126548
P06473	reviewed	GB_HCMVA	Envelope glycoprotein B (gB)	gB UL55	Human cytomegalovirus (strain AD169) (HHV-5) (Human herpesvirus 5)	906	SIGNAL 1..31; /evidence="ECO:0000255|HAMAP-Rule:MF_04032"	Homo sapiens (Human) [TaxID: 9606]	3024973; 3029980; 3023690; 2161319; 12021340; 12433371; 12533697; 15452216; 17082626; 19193805; 20660204	10.1002/j.1460-2075.1986.tb04606.x; 10.1016/0042-6822(87)90282-0; 10.1128/jvi.61.1.125-133.1987; 10.1007/978-3-642-74980-3_6; 10.1128/jvi.76.12.6073-6082.2002; 10.1016/s1074-7613(02)00447-8; 10.1099/vir.0.18606-0; 10.1128/jvi.78.20.10960-10966.2004; 10.4049/jimmunol.177.10.7094; 10.1128/jvi.01251-08; 10.1128/jvi.00710-10
P06752	reviewed	ENV_FLVSA	Envelope glycoprotein (Env polyprotein) [Cleaved into: Surface protein (SU) (Glycoprotein 70) (gp70); Transmembrane protein (TM) (Envelope protein p15E); R-peptide (p2E)]	env	Feline leukemia virus (strain C/Sarma)	639	SIGNAL 1..34; /evidence="ECO:0000255"	Felis catus (Cat) (Felis silvestris catus) [TaxID: 9685]	3018287	10.1128/jvi.60.1.242-250.1986
P07575	reviewed	ENV_MPMV	Envelope glycoprotein (Env polyprotein) [Cleaved into: Surface protein (SU) (Glycoprotein 70) (gp70); Transmembrane protein (TM) (Glycoprotein 20) (gp20); R-peptide (p2E)]	env	Mason-Pfizer monkey virus (MPMV) (Simian Mason-Pfizer virus)	586	SIGNAL 1..22; /evidence="ECO:0000255"	Macaca mulatta (Rhesus macaque) [TaxID: 9544]	2421920; 16140733	10.1016/0092-8674(86)90323-5; 10.1128/jvi.79.18.11559-11568.2005
P07975	reviewed	HEMA_INCJH	Hemagglutinin-esterase-fusion glycoprotein (HEF) (EC 3.1.1.53) [Cleaved into: Hemagglutinin-esterase-fusion glycoprotein chain 1 (HEF1); Hemagglutinin-esterase-fusion glycoprotein chain 2 (HEF2)]	HE	Influenza C virus (strain C/Johannesburg/1/1966)	655	SIGNAL 1..14; /evidence="ECO:0000255|HAMAP-Rule:MF_04072"	Homo sapiens (Human) [TaxID: 9606]; Sus scrofa (Pig) [TaxID: 9823]	6532004; 15831958; 7595356; 9817207	10.1016/0168-1702(84)90017-0; 10.1099/vir.0.80788-0; 10.1099/0022-1317-76-10-2529; 10.1038/23974
P08359	reviewed	ENV_FLVGL	Envelope glycoprotein (Env polyprotein) [Cleaved into: Surface protein (SU) (Glycoprotein 70) (gp70); Transmembrane protein (TM) (Envelope protein p15E); R-peptide (p2E)]	env	Feline leukemia virus (strain A/Glasgow-1)	642	SIGNAL 1..34; /evidence="ECO:0000255"	Felidae (cat family) [TaxID: 9681]	3009890	10.1128/jvi.58.3.825-834.1986
P08360	reviewed	ENV_MLVCB	Envelope glycoprotein (Env polyprotein) [Cleaved into: Surface protein (SU) (Glycoprotein 70) (gp70); Transmembrane protein (TM) (Envelope protein p15E); R-peptide (p2E)]	env	Cas-Br-E murine leukemia virus	661	SIGNAL 1..33; /evidence="ECO:0000255"	Mus musculus (Mouse) [TaxID: 10090]	3023680; 1840655; 12185279	10.1128/jvi.60.3.910-919.1986; 10.1093/nar/19.7.1707; 10.1099/0022-1317-83-9-2241
P08667	reviewed	GLYCO_RABVP	Glycoprotein	G	Rabies virus (strain Pasteur vaccins / PV) (RABV)	524	SIGNAL 1..19	Homo sapiens (Human) [TaxID: 9606]; Mammalia [TaxID: 40674]	3459163; 30028877; 31666383; 37922253; 36779762; 35985336	10.1073/pnas.83.11.3914; 10.1371/journal.ppat.1007189; 10.1128/jvi.01819-19; 10.1371/journal.pone.0292833; 10.1128/jvi.01612-22; 10.1016/j.chom.2022.07.014
P08668	reviewed	GP_HANTV	Envelopment polyprotein (Glycoprotein precursor) (M polyprotein) [Cleaved into: Glycoprotein N (Gn) (Glycoprotein G1); Glycoprotein C (Gc) (Glycoprotein G2)]	GP	Hantaan virus (strain 76-118) (Korean hemorrhagic fever virus)	1135	SIGNAL 1..18; /evidence="ECO:0000255"	Apodemus agrarius (Eurasian field mouse) [TaxID: 39030]; Homo sapiens (Human) [TaxID: 9606]	3103329; 3114716; 11689045; 11886265; 24755564; 15367644; 15657120; 16310165; 18834607; 24070985; 28835498; 31091447; 31054291; 21068243; 27783711; 32937107	10.1016/0042-6822(87)90310-2; 10.1093/nar/15.15.6299; 10.1006/viro.2001.1171; 10.1006/viro.2001.1303; 10.3390/v6041801; 10.1128/jvi.78.19.10776-10782.2004; 10.1073/pnas.0406743102; 10.1016/j.bbrc.2005.11.049; 10.1016/j.virol.2008.08.035; 10.1016/j.virusres.2013.09.022; 10.1128/jvi.00378-17; 10.1016/j.celrep.2019.04.061; 10.1016/j.virusres.2019.04.009; 10.1128/jvi.01847-10; 10.1371/journal.ppat.1005813; 10.1016/j.cell.2020.08.023
P08810	reviewed	ENV_SIVM2	Envelope glycoprotein gp160 (Env polyprotein) [Cleaved into: Surface protein gp120 (SU) (Glycoprotein 120) (gp120); Transmembrane protein gp41 (TM) (Glycoprotein 32) (gp32)]	env	Simian immunodeficiency virus (isolate Mm251) (SIV-mac) (Simian immunodeficiency virus rhesus monkey)	881	SIGNAL 1..19; /evidence="ECO:0000255"	Cercopithecidae (Old World monkeys) [TaxID: 9527]	2893293; 8603913; 11312337	10.1038/331619a0; 10.1083/jcb.132.5.795; 10.1128/jvi.75.10.4664-4672.2001
P09257	reviewed	GB_VZVD	Envelope glycoprotein B (gB)	gB ORF31	Varicella-zoster virus (strain Dumas) (HHV-3) (Human herpesvirus 3)	931	SIGNAL 1..71; /evidence="ECO:0000255"	Homo sapiens (Human) [TaxID: 9606]	3018124; 12627491; 15613328	10.1099/0022-1317-67-9-1759; 10.1002/jmv.10324; 10.1128/jvi.79.2.997-1007.2005
P09259	reviewed	GE_VZVD	Envelope glycoprotein E (gE)	gE ORF68	Varicella-zoster virus (strain Dumas) (HHV-3) (Human herpesvirus 3)	623	SIGNAL 1..30; /evidence="ECO:0000255"	Homo sapiens (Human) [TaxID: 9606]	6321154; 3018124; 9094682; 15613328; 17553876	10.1002/j.1460-2075.1983.tb01724.x; 10.1099/0022-1317-67-9-1759; 10.1128/jvi.71.5.4042-4054.1997; 10.1128/jvi.79.2.997-1007.2005; 10.1128/jvi.00286-07
P09385	reviewed	STXA_BP933	Shiga-like toxin 2 subunit A (SLT-2 A subunit) (SLT-2a) (SLT-IIa) (EC 3.2.2.22) (Verocytotoxin 2 subunit A) (Verotoxin 2 subunit A) (rRNA N-glycosidase 2)	stxA2 stx2A L0103	Escherichia phage 933W (Bacteriophage 933W)	319	SIGNAL 1..22; /evidence="ECO:0000255"	Escherichia coli O157:H7 [TaxID: 83334]	1997410; 8412629; 9103976; 16232431; 10071501; 11561972; 15466582; 10074068; 8550198; 15075327	10.1128/iai.59.3.1065-1073.1991; 10.1006/mpat.1993.1058; 10.1111/j.1574-6968.1997.tb10305.x; 10.1016/s1389-1723(99)80014-0; 10.1093/jmedent/36.1.108; 10.1017/s0950268801005635; 10.1128/aem.70.10.6309-6314.2004; 10.1128/jb.181.6.1767-1778.1999; 10.1128/iai.64.2.495-502.1996; 10.1074/jbc.m401939200
P09613	reviewed	GP_UUKS	Envelopment polyprotein (M polyprotein) (p110) [Cleaved into: Glycoprotein N (Gn) (Glycoprotein G1); Glycoprotein C (Gc) (Glycoprotein G2)]	GP	Uukuniemi virus (strain S23) (UUKV)	1008	SIGNAL 1..17; /evidence="ECO:0000269|PubMed:3629974"	Homo sapiens (Human) [TaxID: 9606]; Ixodes ricinus (Common tick) (Acarus ricinus) [TaxID: 34613]	3629974; 1988460; 1602557; 7625126; 7645217; 8985341; 9151865; 9811692; 17670814; 17229712; 18272496; 20542252; 21767814; 24942574	10.1016/0042-6822(87)90060-2; 10.1083/jcb.112.2.257; 10.1128/jvi.66.7.4525-4531.1992; 10.1016/0168-1702(95)00006-c; 10.1006/viro.1995.1397; 10.1128/jvi.71.1.218-225.1997; 10.1128/jvi.71.6.4717-4727.1997; 10.1128/jvi.72.12.9585-9596.1998; 10.1128/jvi.00767-07; 10.1128/jvi.02655-06; 10.1073/pnas.0708738105; 10.1016/j.chom.2010.05.007; 10.1016/j.chom.2011.06.007; 10.1128/jvi.01662-14
P09727	reviewed	US11_HCMVA	Unique short US11 glycoprotein (Protein HXLF1) (gpUS11)	US11	Human cytomegalovirus (strain AD169) (HHV-5) (Human herpesvirus 5)	215	SIGNAL 1..17; /note="Partially cleaved"	Homo sapiens (Human) [TaxID: 9606]	3031311; 2161319; 12533697; 8625414; 8855296; 11285222; 12224515; 15823579; 19121997	10.1016/0022-2836(86)90359-1; 10.1007/978-3-642-74980-3_6; 10.1099/vir.0.18606-0; 10.1016/s0092-8674(00)81054-5; 10.1073/pnas.93.20.10990; 10.1093/emboj/20.7.1573; 10.1007/978-3-642-59421-2_3; 10.1016/j.bbrc.2005.03.112; 10.1074/jbc.m807568200
P0C0V9	reviewed	HEMA_BRV1	Hemagglutinin-esterase (HE protein) (EC 3.1.1.53) (E3 glycoprotein)	HE	Breda virus 1 (BRV-1)	416	SIGNAL 1..14; /evidence="ECO:0000255"	Bos taurus (Bovine) [TaxID: 9913]	9879765; 16137782; 15507445; 19721004	10.1016/s0168-1702(98)00104-x; 10.1016/j.virusres.2005.07.005; 10.1074/jbc.m409683200; 10.1073/pnas.0904266106
P0C2X0	reviewed	GLYCO_VSIVM	Glycoprotein G	G	Vesicular stomatitis Indiana virus (strain Mudd-Summers) (VSIV)	511	SIGNAL 1..16; /evidence="ECO:0000255"	Aedes [TaxID: 7158]; Bos taurus (Bovine) [TaxID: 9913]; Culicoides [TaxID: 58271]; Equus asinus (Donkey) (Equus africanus asinus) [TaxID: 9793]; Equus caballus (Horse) [TaxID: 9796]; Homo sapiens (Human) [TaxID: 9606]; Lutzomyia [TaxID: 252607]; Musca domestica (House fly) [TaxID: 7370]; Simuliidae (black flies) [TaxID: 7190]; Sus scrofa (Pig) [TaxID: 9823]	2168974; 16840692; 17289996; 29531262	10.1128/jvi.64.10.4873-4883.1990; 10.1126/science.1127683; 10.1126/science.1135710; 10.1038/s41467-018-03432-4
P0C573	reviewed	HBEAG_HBVD3	External core antigen (HBeAg) (Precore protein) (p25)	C	Hepatitis B virus genotype D subtype ayw (isolate France/Tiollais/1979) (HBV-D)	212	SIGNAL 1..19; /evidence="ECO:0000255|HAMAP-Rule:MF_04076"	Homo sapiens (Human) [TaxID: 9606]; Pan troglodytes (Chimpanzee) [TaxID: 9598]	399327; 3996597; 17881438	10.1038/281646a0; 10.1016/0014-5793(85)80771-7; 10.1128/jvi.00846-07
P0C625	reviewed	HBEAG_HBVA3	External core antigen (HBeAg) (Precore protein) (p25)	C	Hepatitis B virus genotype A2 subtype adw2 (strain Rutter 1979) (HBV-A)	214	SIGNAL 1..19; /evidence="ECO:0000255|HAMAP-Rule:MF_04076"	Homo sapiens (Human) [TaxID: 9606]; Pan troglodytes (Chimpanzee) [TaxID: 9598]	2657101; 2585603; 10559327	10.1128/jvi.63.6.2598-2604.1989; 10.1128/jvi.63.12.5238-5243.1989; 10.1128/jvi.73.12.10122-10128.1999
P0C692	reviewed	HBEAG_HBVA2	External core antigen (HBeAg) (Precore protein) (p25)	C	Hepatitis B virus genotype A2 subtype adw (isolate Japan/Nishioka/1983) (HBV-A)	214	SIGNAL 1..19; /evidence="ECO:0000255|HAMAP-Rule:MF_04076"	Homo sapiens (Human) [TaxID: 9606]; Pan troglodytes (Chimpanzee) [TaxID: 9598]	6300776	10.1093/nar/11.6.1747
P0C699	reviewed	HBEAG_HBVB1	External core antigen (HBeAg) (Precore protein) (p25)	C	Hepatitis B virus genotype B1 subtype adw (isolate Japan/pJDW233/1988) (HBV-B)	212	SIGNAL 1..19; /evidence="ECO:0000255|HAMAP-Rule:MF_04076"	Homo sapiens (Human) [TaxID: 9606]; Pan troglodytes (Chimpanzee) [TaxID: 9598]	3171552	10.1099/0022-1317-69-10-2575
P0C6G7	reviewed	HBEAG_HBVB2	External core antigen (HBeAg) (Precore protein) (p25)	C	Hepatitis B virus genotype B2 (isolate Indonesia/pIDW420/1988) (HBV-B)	212	SIGNAL 1..19; /evidence="ECO:0000255|HAMAP-Rule:MF_04076"	Homo sapiens (Human) [TaxID: 9606]; Pan troglodytes (Chimpanzee) [TaxID: 9598]	3171552	10.1099/0022-1317-69-10-2575
P0C6G9	reviewed	HBEAG_HBVB4	External core antigen (HBeAg) (Precore protein) (p25)	C	Hepatitis B virus genotype B/C subtype adw (isolate Okinawa/pODW282/1998) (HBV-B)	212	SIGNAL 1..19; /evidence="ECO:0000255|HAMAP-Rule:MF_04076"	Homo sapiens (Human) [TaxID: 9606]; Pan troglodytes (Chimpanzee) [TaxID: 9598]	3171552	10.1099/0022-1317-69-10-2575
P0C6H2	reviewed	HBEAG_HBVC0	External core antigen (HBeAg) (Precore protein) (p25)	C	Hepatitis B virus genotype C (isolate Vietnam/3270/2000) (HBV-C)	212	SIGNAL 1..19; /evidence="ECO:0000255|HAMAP-Rule:MF_04076"	Homo sapiens (Human) [TaxID: 9606]; Pan troglodytes (Chimpanzee) [TaxID: 9598]	10950984	10.1099/0022-1317-81-9-2267
P0C6H3	reviewed	HBEAG_HBVC1	External core antigen (HBeAg) (Precore protein) (p25)	C	Hepatitis B virus genotype C subtype adr (isolate Japan/Nishioka/1983) (HBV-C)	212	SIGNAL 1..19; /evidence="ECO:0000255|HAMAP-Rule:MF_04076"	Homo sapiens (Human) [TaxID: 9606]	6300776	10.1093/nar/11.6.1747
P0C6H5	reviewed	HBEAG_HBVC3	External core antigen (HBeAg) (Precore protein) (p25)	C	Hepatitis B virus genotype C subtype adr (strain Japan/adr4/1983) (HBV-C)	212	SIGNAL 1..19; /evidence="ECO:0000255|HAMAP-Rule:MF_04076"	Homo sapiens (Human) [TaxID: 9606]; Pan troglodytes (Chimpanzee) [TaxID: 9598]	6306594	10.1093/nar/11.13.4601
P0C6I5	reviewed	HBEAG_HBVF6	External core antigen (HBeAg) (Precore protein) (p25)	C	Hepatitis B virus genotype F2 subtype adw4q (isolate Senegal/9203) (HBV-F)	212	SIGNAL 1..19; /evidence="ECO:0000255|HAMAP-Rule:MF_04076"	Homo sapiens (Human) [TaxID: 9606]; Pan troglodytes (Chimpanzee) [TaxID: 9598]	8291231	10.1006/viro.1994.1060
P0C6J2	reviewed	HBEAG_WHV1	External core antigen (HBeAg) (Precore protein) (p25)	C	Woodchuck hepatitis B virus (isolate 1) (WHV)	218	SIGNAL 1..20; /evidence="ECO:0000255|HAMAP-Rule:MF_04076"	Marmota monax (Woodchuck) [TaxID: 9995]	7086958	10.1128/jvi.41.1.51-65.1982
P0C6J3	reviewed	HBEAG_WHV2	External core antigen (HBeAg) (Precore protein) (p25)	C	Woodchuck hepatitis B virus (isolate 2) (WHV)	217	SIGNAL 1..19; /evidence="ECO:0000255|HAMAP-Rule:MF_04076"	Marmota monax (Woodchuck) [TaxID: 9995]	3855246	10.1128/jvi.56.3.978-986.1985
P0C6J4	reviewed	HBEAG_WHV3	External core antigen (HBeAg) (Precore protein) (p25)	C	Woodchuck hepatitis B virus (isolate 59) (WHV)	218	SIGNAL 1..19; /evidence="ECO:0000255|HAMAP-Rule:MF_04076"	Marmota monax (Woodchuck) [TaxID: 9995]	3336938	10.1016/0042-6822(88)90389-3
P0C6J5	reviewed	HBEAG_WHV4	External core antigen (HBeAg) (Precore protein) (p25)	C	Woodchuck hepatitis B virus (isolate 7) (WHV)	218	SIGNAL 1..19; /evidence="ECO:0000255|HAMAP-Rule:MF_04076"	Marmota monax (Woodchuck) [TaxID: 9995]	3336938	10.1016/0042-6822(88)90389-3
P0C6J6	reviewed	HBEAG_WHV5	External core antigen (HBeAg) (Precore protein) (p25)	C	Woodchuck hepatitis B virus (isolate 8) (WHV)	218	SIGNAL 1..19; /evidence="ECO:0000255|HAMAP-Rule:MF_04076"	Marmota monax (Woodchuck) [TaxID: 9995]	2928306	10.1073/pnas.86.6.1846
P0DTC2	reviewed	SPIKE_SARS2	Spike glycoprotein (S glycoprotein) (E2) (Peplomer protein) [Cleaved into: Spike protein S1; Spike protein S2; Spike protein S2']	S 2	Severe acute respiratory syndrome coronavirus 2 (2019-nCoV) (SARS-CoV-2)	1273	SIGNAL 1..13; /evidence="ECO:0000269|PubMed:34210893"	Homo sapiens (Human) [TaxID: 9606]	32015508; 32142651; 32362314; 32366695; 32363391; 32820179; 32697968; 32817270; 32929138; 32979942; 33106671; 33082294; 33082293; 33102950; 33184236; 33417835; 33413740; 32732280; 33636719; 32730807; 32221306; 33607086; 33465165; 33229438; 32703818; 34159616; 33690265; 34142653; 34171266; 34166617; 34210893; 34504087; 34599882; 32132184; 32989130; 33888467; 34322129; 34903715; 34732583; 34561887; 35102342; 35150743; 34837059; 35108439; 36735681; 36851546; 36779763; 37421949; 32075877; 32155444; 32225176; 32225175; 32245784	10.1038/s41586-020-2008-3; 10.1016/j.cell.2020.02.052; 10.1016/j.molcel.2020.04.022; 10.1126/science.abb9983; 10.1093/glycob/cwaa042; 10.1038/s41598-020-70827-z; 10.1016/j.cell.2020.06.043; 10.1126/science.abd5223; 10.1038/s41598-020-71748-7; 10.1016/j.cell.2020.09.018; 10.1038/s41586-020-2895-3; 10.1126/science.abd3072; 10.1126/science.abd2985; 10.1016/j.jacbts.2020.10.003; 10.1126/science.abe8499; 10.1016/j.celrep.2020.108630; 10.2807/1560-7917.es.2020.26.1.2002106; 10.1126/science.abc4730; 10.1038/s41586-021-03361-1; 10.1016/j.cell.2020.07.012; 10.1038/s41467-020-15562-9; 10.1016/j.bpj.2021.02.007; 10.1371/journal.ppat.1009212; 10.1074/jbc.ra120.016175; 10.26508/lsa.202000786; 10.15252/embj.2021107821; 10.1038/s41586-021-03402-9; 10.2807/1560-7917.es.2021.26.24.2100509; 10.1016/j.chom.2021.06.006; 10.1016/j.celrep.2021.109292; 10.1126/science.abi7994; 10.1038/s41467-021-25589-1; 10.1016/j.devcel.2021.09.016; 10.1126/science.abb2762; 10.1073/pnas.2010722117; 10.1126/sciadv.abg7607; 10.3389/fimmu.2021.701501; 10.1038/s41421-021-00357-z; 10.1073/pnas.2109905118; 10.1111/1348-0421.12945; 10.1038/s41590-021-01114-w; 10.1016/j.jbc.2022.101710; 10.1038/s41422-021-00595-6; 10.1111/febs.16379; 10.1371/journal.pbio.3001959; 10.3390/v15020332; 10.1128/jvi.01611-22; 10.1016/j.cell.2023.06.005; 10.1126/science.abb2507; 10.1016/j.cell.2020.02.058; 10.1038/s41586-020-2180-5; 10.1038/s41586-020-2179-y; 10.1126/science.abb7269
P0DTC7	reviewed	NS7A_SARS2	ORF7a protein (ORF7a) (Accessory protein 7a) (Protein U122) (Protein X4)	7a	Severe acute respiratory syndrome coronavirus 2 (2019-nCoV) (SARS-CoV-2)	121	SIGNAL 1..15; /evidence="ECO:0000255"	Homo sapiens (Human) [TaxID: 9606]	32015508; 33413740; 33473190; 33930332; 35108439; 36574644; 33615195	10.1038/s41586-020-2008-3; 10.2807/1560-7917.es.2020.26.1.2002106; 10.1038/s41423-020-00603-6; 10.1016/j.molcel.2021.04.008; 10.1111/febs.16379; 10.1073/pnas.2208525120; 10.1016/j.isci.2021.102187
P0DTC8	reviewed	NS8_SARS2	ORF8 protein (ORF8) (Non-structural protein 8) (ns8)	8	Severe acute respiratory syndrome coronavirus 2 (2019-nCoV) (SARS-CoV-2)	121	SIGNAL 1..15; /evidence="ECO:0000255"	Homo sapiens (Human) [TaxID: 9606]	32015508; 31986261; 32854725; 32807944; 33060197; 33723527; 32615316; 33413740; 34177923; 34021074; 35157849; 35343786; 36689483; 33361333	10.1038/s41586-020-2008-3; 10.1016/s0140-6736(20)30154-9; 10.1186/s12985-020-01402-1; 10.1038/s41590-020-0773-7; 10.1126/science.abe9403; 10.1016/j.isci.2021.102293; 10.1016/j.meegid.2020.104445; 10.2807/1560-7917.es.2020.26.1.2002106; 10.3389/fimmu.2021.679482; 10.1073/pnas.2024202118; 10.1016/j.jbc.2022.101724; 10.1128/mbio.00402-22; 10.1371/journal.ppat.1011128; 10.1073/pnas.2021785118
P0DTJ0	reviewed	GP_BCCV	Envelopment polyprotein (Glycoprotein precursor) (M polyprotein) [Cleaved into: Glycoprotein N (Gn) (Glycoprotein G1); Glycoprotein C (Gc) (Glycoprotein G2)]	GP	Black Creek Canal orthohantavirus (BCCV) (Black Creek Canal virus)	1141	SIGNAL 1..18; /evidence="ECO:0000255"	Homo sapiens (Human) [TaxID: 9606]; Sigmodon hispidus (Hispid cotton rat) [TaxID: 42415]	7618284; 8995636; 24755564	10.1006/viro.1995.1366; 10.1128/jvi.71.2.1147-1154.1997; 10.3390/v6041801
P0DTJ1	reviewed	GP_TULV	Envelopment polyprotein (Glycoprotein precursor) (M polyprotein) [Cleaved into: Glycoprotein N (Gn) (Glycoprotein G1); Glycoprotein C (Gc) (Glycoprotein G2)]	GP	Tula orthohantavirus (TULV) (Tula virus)	1141	SIGNAL 1..19; /evidence="ECO:0000255"	Homo sapiens (Human) [TaxID: 9606]; Microtus arvalis (Common vole) (Field vole) [TaxID: 47230]; Microtus obscurus (Altai voie) [TaxID: 523745]	9000098; 16973572; 20566401; 21807393; 21367904; 24390324; 24755564; 20219926	10.1099/0022-1317-77-12-3063; 10.1128/jvi.00508-06; 10.1016/j.virusres.2010.05.008; 10.1016/j.virol.2011.06.030; 10.1128/jvi.01945-10; 10.1128/jvi.02647-13; 10.3390/v6041801; 10.1128/jvi.00057-10
P0DTM4	reviewed	ENV_ALVA	Envelope glycoprotein gp95 (Env polyprotein) [Cleaved into: Surface protein (SU) (Glycoprotein 85) (gp85); Transmembrane protein (TM) (Glycoprotein 37) (gp37)]	env	Avian leukosis virus subgroup A (isolate RSA) (ALV-A RSA)	606	SIGNAL 1..62; /evidence="ECO:0000255"		1311072; 15606759; 15731243; 18260686; 22099981; 21454567; 31151254; 24036886	10.1093/nar/20.2.367; 10.1111/j.1432-1033.2004.04436.x; 10.1128/jvi.79.6.3488-3499.2005; 10.1371/journal.ppat.0030198; 10.1186/1742-4690-8-96; 10.1074/jbc.m111.229377; 10.3390/v11060497; 10.1096/fj.13-232371
P10185	reviewed	GL_HHV11	Envelope glycoprotein L (gL)	gL UL1	Human herpesvirus 1 (strain 17) (HHV-1) (Human herpes simplex virus 1)	224	SIGNAL 1..19; /evidence="ECO:0000255|HAMAP-Rule:MF_04034"	Homo sapiens (Human) [TaxID: 9606]	2839594; 2846760; 17218138; 12767993; 18596102; 19386594; 19726507; 25746217; 26157134	10.1099/0022-1317-69-7-1531; 10.1099/0022-1317-69-11-2831; 10.1016/j.micinf.2006.10.019; 10.1128/jvi.77.12.6731-6742.2003; 10.1128/jvi.00904-08; 10.1074/jbc.m109.005728; 10.1128/jvi.01369-09; 10.3390/v7030915; 10.1073/pnas.1506846112
P10211	reviewed	GB_HHV11	Envelope glycoprotein B (gB)	gB UL27	Human herpesvirus 1 (strain 17) (HHV-1) (Human herpes simplex virus 1)	904	SIGNAL 1..30; /evidence="ECO:0000255|HAMAP-Rule:MF_04032"	Homo sapiens (Human) [TaxID: 9606]	2839594; 17218138; 15596825; 17142766; 17686835; 17670828; 29728654	10.1099/0022-1317-69-7-1531; 10.1016/j.micinf.2006.10.019; 10.1128/jvi.79.1.299-313.2005; 10.4049/jimmunol.177.12.8658; 10.1128/jvi.01364-07; 10.1128/jvi.01343-07; 10.1038/s41594-018-0060-6
P11132	reviewed	HEMA_I83A3	Hemagglutinin [Cleaved into: Hemagglutinin HA1 chain; Hemagglutinin HA2 chain]	HA	Influenza A virus (strain A/Duck/Ireland/113/1983 H5N8)	566	SIGNAL 1..16; /evidence="ECO:0000255|HAMAP-Rule:MF_04072"	Aves [TaxID: 8782]	3576972	10.1016/0042-6822(87)90256-x
P11209	reviewed	FUS_HRSVR	Fusion glycoprotein F0 [Cleaved into: Fusion glycoprotein F2 (F2); p27 (Intervening segment) (Pep27) (Peptide 27); Fusion glycoprotein F1 (F1)]	F	Human respiratory syncytial virus A (strain RSS-2)	574	SIGNAL 1..25; /evidence="ECO:0000255"	Homo sapiens (Human) [TaxID: 9606]	3681264; 11106388	10.1099/0022-1317-68-11-2789; 10.1073/pnas.260499197
P11223	reviewed	SPIKE_IBVB	Spike glycoprotein (S glycoprotein) (E2) (Peplomer protein) [Cleaved into: Spike protein S1; Spike protein S2; Spike protein S2']	S 2	Avian infectious bronchitis virus (strain Beaudette) (IBV)	1162	SIGNAL 1..18; /evidence="ECO:0000255|HAMAP-Rule:MF_04098"	Gallus gallus (Chicken) [TaxID: 9031]	2984314; 3025348; 16137658; 15140989; 16537586; 19553314; 24314633; 29035787	10.1099/0022-1317-66-4-719; 10.1099/0022-1317-67-12-2825; 10.1016/j.bbrc.2005.08.105; 10.1128/jvi.78.11.5913-5922.2004; 10.1128/jvi.80.7.3180-3188.2006; 10.1128/jvi.00613-09; 10.1016/j.virol.2013.09.018; 10.1016/j.virol.2017.10.003
P11224	reviewed	SPIKE_CVMA5	Spike glycoprotein (S glycoprotein) (E2) (Peplomer protein) [Cleaved into: Spike protein S1; Spike protein S2; Spike protein S2']	S 3	Murine coronavirus (strain A59) (MHV-A59) (Murine hepatitis virus)	1324	SIGNAL 1..13; /evidence="ECO:0000255|HAMAP-Rule:MF_04099"	Mus musculus (Mouse) [TaxID: 10090]	2825419; 9426441; 10627571; 1719235; 8380065; 8207827; 15141003; 15749126; 16014947; 15123674	10.1016/0042-6822(87)90142-5; 10.1006/viro.1997.8877; 10.1128/jvi.74.3.1566-1571.2000; 10.1128/jvi.65.12.6881-6891.1991; 10.1128/jvi.67.1.1-8.1993; 10.1128/jvi.68.7.4525-4537.1994; 10.1128/jvi.78.11.6048-6054.2004; 10.1016/j.virol.2005.01.016; 10.1128/jvi.79.15.9862-9871.2005; 10.1074/jbc.m403760200
P11225	reviewed	SPIKE_CVMJH	Spike glycoprotein (S glycoprotein) (E2) (Peplomer protein) [Cleaved into: Spike protein S1; Spike protein S2; Spike protein S2']	S 3	Murine coronavirus (strain JHM) (MHV-JHM) (Murine hepatitis virus)	1235	SIGNAL 1..13; /evidence="ECO:0000255|HAMAP-Rule:MF_04099"	Mus musculus (Mouse) [TaxID: 10090]	3027248; 8207827	10.1099/0022-1317-68-1-47; 10.1128/jvi.68.7.4525-4537.1994
P11261	reviewed	ENV_FLVLB	Envelope glycoprotein (Env polyprotein) [Cleaved into: Surface protein (SU) (Glycoprotein 70) (gp70); Transmembrane protein (TM) (Envelope protein p15E); R-peptide (p2E)]	env	Feline leukemia virus (strain B/lambda-B1)	662	SIGNAL 1..34; /evidence="ECO:0000255"	Felis catus (Cat) (Felis silvestris catus) [TaxID: 9685]	2444714	10.1128/jvi.61.11.3410-3415.1987
P11267	reviewed	ENV_SIVML	Envelope glycoprotein gp160 (Env polyprotein) [Cleaved into: Surface protein gp120 (SU) (Glycoprotein 120) (gp120); Transmembrane protein gp41 (TM) (Glycoprotein 32) (gp32)]	env	Simian immunodeficiency virus (isolate K78) (SIV-mac) (Simian immunodeficiency virus rhesus monkey)	881	SIGNAL 1..22; /evidence="ECO:0000255"	Cercopithecidae (Old World monkeys) [TaxID: 9527]	3646094	10.1016/0092-8674(87)90283-2
P11268	reviewed	ENV_MLVRD	Envelope glycoprotein (Env polyprotein) [Cleaved into: Surface protein (SU) (Glycoprotein 76) (gp76); Transmembrane protein (TM) (Envelope protein p15E); R-peptide (p2E)]	env	Radiation murine leukemia virus	665	SIGNAL 1..31; /evidence="ECO:0000255"	Mus musculus (Mouse) [TaxID: 10090]	3033897	10.1016/0042-6822(87)90241-8
P12449	reviewed	ENV_HV2SB	Envelope glycoprotein gp160 (Env polyprotein) [Cleaved into: Surface protein gp120 (SU) (Glycoprotein 120) (gp120); Transmembrane protein gp41 (TM) (Glycoprotein 41) (gp41)]	env	Human immunodeficiency virus type 2 subtype A (isolate SBLISY) (HIV-2)	846	SIGNAL 1..21; /evidence="ECO:0000255"	Homo sapiens (Human) [TaxID: 9606]	2648404; 12029140	10.1073/pnas.86.7.2433; 10.1099/0022-1317-83-6-1253
P12476	reviewed	VP7_ROTRH	Outer capsid glycoprotein VP7		Rotavirus A (strain RVA/Monkey/United States/RRV/1975/G3P5B[3]) (RV-A)	326	SIGNAL 1..50; /evidence="ECO:0000255|HAMAP-Rule:MF_04131"	Macaca mulatta (Rhesus macaque) [TaxID: 9544]	2823458; 2457279; 11080489; 15372078; 18216098; 21367894; 8035518; 10933714; 15452204; 15165605; 15596814; 21849465; 25211455; 2832610; 19487668; 19520960; 21157433	10.1016/0042-6822(87)90181-4; 10.1016/0042-6822(88)90595-8; 10.1006/viro.2000.0625; 10.1038/sj.emboj.7600408; 10.1128/jvi.02257-07; 10.1128/jvi.02691-10; 10.1128/jvi.68.8.5204-5215.1994; 10.1128/jvi.74.17.8048-8052.2000; 10.1128/jvi.78.20.10839-10847.2004; 10.1016/j.tim.2004.04.003; 10.1128/jvi.79.1.184-192.2005; 10.1128/jvi.00234-11; 10.1371/journal.ppat.1004355; 10.1016/0022-2836(88)90313-0; 10.1073/pnas.0904024106; 10.1126/science.1170481; 10.1038/emboj.2010.322
P12487	reviewed	ENV_HV1Z2	Envelope glycoprotein gp160 (Env polyprotein) [Cleaved into: Surface protein gp120 (SU) (Glycoprotein 120) (gp120); Transmembrane protein gp41 (TM) (Glycoprotein 41) (gp41)]	env	Human immunodeficiency virus type 1 group M subtype D (isolate Z2/CDC-Z34) (HIV-1)	853	SIGNAL 1..31; /evidence="ECO:0000255|HAMAP-Rule:MF_04083"	Homo sapiens (Human) [TaxID: 9606]	12974773; 12873764; 15719026; 15725757; 16114975; 16437164	10.1034/j.1600-0463.2003.11107803.x; 10.1016/s0005-2736(03)00161-5; 10.1038/sj.cdd.4401584; 10.1089/aid.2005.21.171; 10.2165/00003495-200565130-00002; 10.1038/sj.emboj.7600947
P12488	reviewed	ENV_HV1BN	Envelope glycoprotein gp160 (Env polyprotein) [Cleaved into: Surface protein gp120 (SU) (Glycoprotein 120) (gp120); Transmembrane protein gp41 (TM) (Glycoprotein 41) (gp41)]	env	Human immunodeficiency virus type 1 group M subtype B (isolate BRVA) (HIV-1)	852	SIGNAL 1..32; /evidence="ECO:0000255|HAMAP-Rule:MF_04083"	Homo sapiens (Human) [TaxID: 9606]	2789516; 12974773; 12873764; 15719026; 15725757; 16114975; 16437164	10.1016/0042-6822(89)90406-6; 10.1034/j.1600-0463.2003.11107803.x; 10.1016/s0005-2736(03)00161-5; 10.1038/sj.cdd.4401584; 10.1089/aid.2005.21.171; 10.2165/00003495-200565130-00002; 10.1038/sj.emboj.7600947
P12489	reviewed	ENV_HV1J3	Envelope glycoprotein gp160 (Env polyprotein) [Cleaved into: Surface protein gp120 (SU) (Glycoprotein 120) (gp120); Transmembrane protein gp41 (TM) (Glycoprotein 41) (gp41)]	env	Human immunodeficiency virus type 1 group M subtype B (isolate JH32) (HIV-1)	867	SIGNAL 1..31; /evidence="ECO:0000255|HAMAP-Rule:MF_04083"	Homo sapiens (Human) [TaxID: 9606]	2669897; 12974773; 12873764; 15719026; 15725757; 16114975; 16437164	10.1089/aid.1989.5.411; 10.1034/j.1600-0463.2003.11107803.x; 10.1016/s0005-2736(03)00161-5; 10.1038/sj.cdd.4401584; 10.1089/aid.2005.21.171; 10.2165/00003495-200565130-00002; 10.1038/sj.emboj.7600947
P12492	reviewed	ENV_SIVS4	Envelope glycoprotein gp160 (Env polyprotein) [Cleaved into: Surface protein gp120 (SU) (Glycoprotein 120) (gp120); Transmembrane protein gp41 (TM) (Glycoprotein 32) (gp32)]	env	Simian immunodeficiency virus (isolate F236/smH4) (SIV-sm) (Simian immunodeficiency virus sooty mangabey monkey)	885	SIGNAL 1..23; /evidence="ECO:0000255"	Cercopithecidae (Old World monkeys) [TaxID: 9527]	2786147	10.1038/339389a0
P12568	reviewed	FUS_HRSV	Fusion glycoprotein F0 [Cleaved into: Fusion glycoprotein F2 (F2); p27 (Intervening segment) (Pep27) (Peptide 27); Fusion glycoprotein F1 (F1)]	F	Human respiratory syncytial virus	574	SIGNAL 1..25; /evidence="ECO:0000255"	Homo sapiens (Human) [TaxID: 9606]	15994826; 3414184	10.1128/jvi.79.14.9315-9319.2005; 10.1016/0168-1702(88)90020-2
P12651	reviewed	SPIKE_IBVM	Spike glycoprotein (S glycoprotein) (E2) (Peplomer protein) [Cleaved into: Spike protein S1; Spike protein S2; Spike protein S2']	S 2	Avian infectious bronchitis virus (strain M41) (IBV)	1162	SIGNAL 1..18; /evidence="ECO:0000255|HAMAP-Rule:MF_04098"	Gallus gallus (Chicken) [TaxID: 9031]	2429473; 16934878	10.1016/0168-1702(86)90022-5; 10.1016/j.jviromet.2006.07.018
P13180	reviewed	GLYCO_CHAV	Glycoprotein	G	Chandipura virus (strain I653514) (CHPV)	530	SIGNAL 1..21; /evidence="ECO:0000255"	Homo sapiens (Human) [TaxID: 9606]; Phlebotominae (sandflies) [TaxID: 7198]	2741347; 15705335; 32418904; 25803715; 28188244	10.1016/0042-6822(89)90540-0; 10.3201/eid1101.040602; 10.1016/j.virusres.2020.198014; 10.1371/journal.ppat.1004756; 10.15252/embj.201694565
P13304	reviewed	ANTIH_BPT4	Antiholin (Protein rI)	rI 58.6 rIA tk.-2	Enterobacteria phage T4 (Bacteriophage T4)	97	SIGNAL 1..24; /evidence="ECO:0000255|HAMAP-Rule:MF_04105, ECO:0000269|PubMed:34456892"	Escherichia coli [TaxID: 562]	3024113; 12626685; 9560373; 16166524; 17693511; 22389108; 34456892; 32562709	10.1093/nar/14.21.8637; 10.1128/mmbr.67.1.86-156.2003; 10.1093/genetics/148.4.1539; 10.1128/jb.187.19.6631-6640.2005; 10.1128/jb.00854-07; 10.1002/pro.2042; 10.3389/fmicb.2021.712460; 10.1016/j.jmb.2020.06.013
P15073	reviewed	ENV_MCFF	Envelope glycoprotein (Env polyprotein) [Cleaved into: Surface protein (SU) (Glycoprotein 70) (gp70); Transmembrane protein (TM) (Envelope protein p15E); R-peptide (p2E)]	env	Mink cell focus-forming murine leukemia virus	636	SIGNAL 1..32; /evidence="ECO:0000255"	Mus musculus (Mouse) [TaxID: 10090]	2535909	10.1016/0042-6822(89)90407-8
P15423	reviewed	SPIKE_CVH22	Spike glycoprotein (S glycoprotein) (E2) (Peplomer protein)	S 2	Human coronavirus 229E (HCoV-229E)	1173	SIGNAL 1..15; /evidence="ECO:0000255|HAMAP-Rule:MF_04200"	Homo sapiens (Human) [TaxID: 9606]	2345367; 11369870; 9870593; 2701946; 1350662; 8970993; 12551991; 12634402; 11162792	10.1099/0022-1317-71-5-1065; 10.1099/0022-1317-82-6-1273; 10.1016/s0166-0934(98)00116-5; 10.1093/nar/17.15.6387; 10.1038/357420a0; 10.1128/jvi.70.12.8669-8674.1996; 10.1128/jvi.77.4.2530-2538.2003; 10.1128/jvi.77.7.4435-4438.2003; 10.1006/viro.2000.0757
P15658	reviewed	HEMA_I63A2	Hemagglutinin [Cleaved into: Hemagglutinin HA1 chain; Hemagglutinin HA2 chain]	HA	Influenza A virus (strain A/Equine/Miami/1/1963 H3N8)	565	SIGNAL 1..16; /evidence="ECO:0000255|HAMAP-Rule:MF_04072"	Aves [TaxID: 8782]; Equus caballus (Horse) [TaxID: 9796]	2705299; 3973560	10.1016/0042-6822(89)90153-0; 10.1099/0022-1317-66-3-457
P15776	reviewed	HEMA_CVBM	Hemagglutinin-esterase (HE protein) (EC 3.1.1.53) (E3 glycoprotein)	HE 2b	Bovine coronavirus (strain Mebus) (BCoV) (BCV)	424	SIGNAL 1..18; /evidence="ECO:0000269|PubMed:2732694"; SIGNAL 1..16; /evidence="ECO:0000255|HAMAP-Rule:MF_04207"	Bos taurus (Bovine) [TaxID: 9913]	2319653; 2103108; 2732694; 15507445; 18550812	10.1128/jvi.64.4.1834-1838.1990; 10.1007/978-1-4684-5823-7_14; 10.1099/0022-1317-70-2-345; 10.1074/jbc.m409683200; 10.1073/pnas.0800502105
P15777	reviewed	SPIKE_CVBM	Spike glycoprotein (S glycoprotein) (E2) (Peplomer protein) [Cleaved into: Spike protein S1; Spike protein S2; Spike protein S2']	S 3	Bovine coronavirus (strain Mebus) (BCoV) (BCV)	1363	SIGNAL 1..13; /evidence="ECO:0000255|HAMAP-Rule:MF_04099"	Bos taurus (Bovine) [TaxID: 9913]	2184576; 2142556	10.1016/0042-6822(90)90257-r; 10.1016/0042-6822(90)90513-q
P15831	reviewed	ENV_HV2D2	Envelope glycoprotein gp160 (Env polyprotein) [Cleaved into: Surface protein gp120 (SU) (Glycoprotein 120) (gp120); Transmembrane protein gp41 (TM) (Glycoprotein 41) (gp41)]	env	Human immunodeficiency virus type 2 subtype B (isolate D205) (HIV-2)	859	SIGNAL 1..23; /evidence="ECO:0000255"	Homo sapiens (Human) [TaxID: 9606]	2594088; 12029140	10.1038/342948a0; 10.1099/0022-1317-83-6-1253
P15879	reviewed	ARC3_CBDP	Mono-ADP-ribosyltransferase C3 (EC 2.4.2.-) (Exoenzyme C3)	C3	Clostridium botulinum D phage (Clostridium botulinum D bacteriophage)	251	SIGNAL 1..40; /evidence="ECO:0000269|PubMed:2108433"	Clostridium botulinum [TaxID: 1491]	2108433; 1910014; 1917836; 11114250; 12029083; 15272191; 16177825; 15809419	10.1093/nar/18.5.1291; 10.1128/iai.59.10.3673-3679.1991; 10.1128/jb.173.19.6025-6029.1991; 10.1006/jmbi.2000.4292; 10.1074/jbc.m201844200; 10.1107/s0907444904011680; 10.1038/sj.emboj.7600813; 10.1073/pnas.0501525102
P16493	reviewed	GP_HANTH	Envelopment polyprotein (M polyprotein) [Cleaved into: Glycoprotein N (Gn) (Glycoprotein G1); Glycoprotein C (Gc) (Glycoprotein G2)]	GP	Hantaan virus (strain Hojo) (Hojo virus) (Korean hemorrhagic fever virus)	1134	SIGNAL 1..18; /evidence="ECO:0000255"	Apodemus agrarius (Eurasian field mouse) [TaxID: 39030]; Homo sapiens (Human) [TaxID: 9606]	2900289; 24755564	10.1099/0022-1317-69-8-1949; 10.3390/v6041801
P16778	reviewed	VGLI_HCMVA	UL37 immediate early glycoprotein	UL37	Human cytomegalovirus (strain AD169) (HHV-5) (Human herpesvirus 5)	487	SIGNAL 1..22; /evidence="ECO:0000255"	Homo sapiens (Human) [TaxID: 9606]	2838954; 2161319; 12533697; 8794367; 15004026; 15148411; 15218184; 20504938; 21527675; 21907833; 27181750; 32726614; 35445031; 37306568	10.1016/0042-6822(88)90668-x; 10.1007/978-3-642-74980-3_6; 10.1099/vir.0.18606-0; 10.1128/jvi.70.10.7198-7208.1996; 10.1074/jbc.m308408200; 10.1073/pnas.0401897101; 10.1099/vir.0.80094-0; 10.1128/jvi.00885-10; 10.1126/science.1202007; 10.1016/j.mito.2011.08.008; 10.1038/srep26028; 10.1016/j.celrep.2020.107943; 10.3389/fcell.2022.871977; 10.1128/jvi.01874-22
P16853	reviewed	GP_HANTL	Envelopment polyprotein (M polyprotein) [Cleaved into: Glycoprotein N (Gn) (Glycoprotein G1); Glycoprotein C (Gc) (Glycoprotein G2)]	GP	Hantaan virus (strain Lee) (Lee virus) (Korean hemorrhagic fever virus)	1135	SIGNAL 1..18; /evidence="ECO:0000255"	Apodemus agrarius (Eurasian field mouse) [TaxID: 39030]; Homo sapiens (Human) [TaxID: 9606]	2900289; 24755564	10.1099/0022-1317-69-8-1949; 10.3390/v6041801
P16995	reviewed	HEMA_I76A8	Hemagglutinin [Cleaved into: Hemagglutinin HA1 chain; Hemagglutinin HA2 chain]	HA	Influenza A virus (strain A/Equine/Fontainebleau/1976 H3N8) (Influenza A virus (strain A/Equine/France/1/1976 H3N8))	565	SIGNAL 1..16; /evidence="ECO:0000255|HAMAP-Rule:MF_04072"	Aves [TaxID: 8782]; Equus caballus (Horse) [TaxID: 9796]	2705299; 1731092	10.1016/0042-6822(89)90153-0; 10.1128/jvi.66.2.1129-1138.1992
P17099	reviewed	HBEAG_HBVA4	External core antigen (HBeAg) (Precore protein) (p25)	C	Hepatitis B virus genotype A2 subtype adw2 (isolate Germany/991/1990) (HBV-A)	214	SIGNAL 1..19; /evidence="ECO:0000255|HAMAP-Rule:MF_04076"	Homo sapiens (Human) [TaxID: 9606]; Pan troglodytes (Chimpanzee) [TaxID: 9598]		
P17281	reviewed	ENV_SIVCZ	Envelope glycoprotein gp160 (Env polyprotein) [Cleaved into: Surface protein gp120 (SU) (Glycoprotein 120) (gp120); Transmembrane protein gp41 (TM) (Glycoprotein 41) (gp41)]	env	Simian immunodeficiency virus (isolate CPZ GAB1) (SIV-cpz) (Chimpanzee immunodeficiency virus)	854	SIGNAL 1..31; /evidence="ECO:0000255|HAMAP-Rule:MF_04083"	Pan (chimpanzees) [TaxID: 9596]	2188136	10.1038/345356a0
P17501	reviewed	FUS_NPVAC	Major envelope glycoprotein (gp64)	GP64 GP67 ORF128	Autographa californica nuclear polyhedrosis virus (AcMNPV)	512	SIGNAL 1..20; /evidence="ECO:0000255"	Lepidoptera (moths & butterflies) [TaxID: 7088]	2644449; 8030224; 2672565; 1404622; 9986796; 12743283; 20739531; 20573818; 25142609; 18776902	10.1128/jvi.63.3.1393-1399.1989; 10.1006/viro.1994.1380; 10.1016/0042-6822(89)90145-1; 10.1128/jvi.66.11.6829-6835.1992; 10.1006/viro.1998.9523; 10.1128/jvi.77.11.6265-6273.2003; 10.1128/jvi.00862-10; 10.1128/jvi.00264-10; 10.1128/jvi.01313-14; 10.1038/nsmb.1484
P17519	reviewed	P1_PLRV1	Protein P1 (69.7 kDa protein) (Genome-linked protein precursor) (Protein ORF1) [Cleaved into: Serine protease (EC 3.4.21.-); VPg/P1-C25]	ORF1	Potato leafroll virus (strain Potato/Scotland/strain 1/1984) (PLrV)	639	SIGNAL 1..20; /evidence="ECO:0000255"	Solanum tuberosum (Potato) [TaxID: 4113]	2732710; 1547775; 9268161; 9862960; 11369899; 31758809	10.1099/0022-1317-70-5-1037; 10.1002/j.1460-2075.1992.tb05151.x; 10.1006/viro.1997.8654; 10.1093/nar/27.2.421; 10.1099/0022-1317-82-6-1517; 10.1111/pce.13684
P17755	reviewed	ENV_HV2D1	Envelope glycoprotein gp160 (Env polyprotein) [Cleaved into: Surface protein gp120 (SU) (Glycoprotein 120) (gp120); Transmembrane protein gp41 (TM) (Glycoprotein 41) (gp41)]	env	Human immunodeficiency virus type 2 subtype A (isolate D194) (HIV-2)	851	SIGNAL 1..24; /evidence="ECO:0000255"	Homo sapiens (Human) [TaxID: 9606]	2235509; 2467304; 12029140	10.1093/nar/18.20.6142; 10.1073/pnas.86.7.2383; 10.1099/0022-1317-83-6-1253
P17880	reviewed	GP_SEOUS	Envelopment polyprotein (M polyprotein) [Cleaved into: Glycoprotein N (Gn) (Glycoprotein G1); Glycoprotein C (Gc) (Glycoprotein G2)]	GP	Seoul virus (strain SR-11) (Sapporo rat virus)	1133	SIGNAL 1..16; /evidence="ECO:0000269|PubMed:1970443"	Homo sapiens (Human) [TaxID: 9606]; Rattus norvegicus (Rat) [TaxID: 10116]; Rattus rattus (Black rat) [TaxID: 10117]	1970443; 24755564	10.1016/0042-6822(90)90236-k; 10.3390/v6041801
P18040	reviewed	ENV_HV2G1	Envelope glycoprotein gp160 (Env polyprotein) [Cleaved into: Surface protein gp120 (SU) (Glycoprotein 120) (gp120); Transmembrane protein gp41 (TM) (Glycoprotein 41) (gp41)]	env	Human immunodeficiency virus type 2 subtype A (isolate Ghana-1) (HIV-2)	738	SIGNAL 1..21; /evidence="ECO:0000255"	Homo sapiens (Human) [TaxID: 9606]	2611042; 12029140	10.1089/aid.1989.5.593; 10.1099/0022-1317-83-6-1253
P18094	reviewed	ENV_HV2BE	Envelope glycoprotein gp160 (Env polyprotein) [Cleaved into: Surface protein gp120 (SU) (Glycoprotein 120) (gp120); Transmembrane protein gp41 (TM) (Glycoprotein 41) (gp41)]	env	Human immunodeficiency virus type 2 subtype A (isolate BEN) (HIV-2)	860	SIGNAL 1..22; /evidence="ECO:0000255"	Homo sapiens (Human) [TaxID: 9606]	2353457; 12029140	10.1016/0042-6822(90)90484-9; 10.1099/0022-1317-83-6-1253
P18799	reviewed	ENV_HV1ND	Envelope glycoprotein gp160 (Env polyprotein) [Cleaved into: Surface protein gp120 (SU) (Glycoprotein 120) (gp120); Transmembrane protein gp41 (TM) (Glycoprotein 41) (gp41)]	env	Human immunodeficiency virus type 1 group M subtype D (isolate NDK) (HIV-1)	846	SIGNAL 1..31; /evidence="ECO:0000255|HAMAP-Rule:MF_04083"	Homo sapiens (Human) [TaxID: 9606]	2806917; 8464878; 12974773; 12873764; 15719026; 15725757; 16114975; 16437164	10.1016/0378-1119(89)90188-1; 10.1073/pnas.90.7.2700; 10.1034/j.1600-0463.2003.11107803.x; 10.1016/s0005-2736(03)00161-5; 10.1038/sj.cdd.4401584; 10.1089/aid.2005.21.171; 10.2165/00003495-200565130-00002; 10.1038/sj.emboj.7600947
P19503	reviewed	ENV_SIVSP	Envelope glycoprotein gp160 (Env polyprotein) [Cleaved into: Surface protein gp120 (SU) (Glycoprotein 120) (gp120); Transmembrane protein gp41 (TM) (Glycoprotein 32) (gp32)]	env	Simian immunodeficiency virus (isolate PBj14/BCL-3) (SIV-sm) (Simian immunodeficiency virus sooty mangabey monkey)	889	SIGNAL 1..22; /evidence="ECO:0000255"	Cercopithecidae (Old World monkeys) [TaxID: 9527]	1971917; 1503826	10.1038/345636a0; 10.1089/aid.1992.8.1179
P19549	reviewed	ENV_HV1S3	Envelope glycoprotein gp160 (Env polyprotein) [Cleaved into: Surface protein gp120 (SU) (Glycoprotein 120) (gp120); Transmembrane protein gp41 (TM) (Glycoprotein 41) (gp41)]	env	Human immunodeficiency virus type 1 group M subtype B (isolate SF33) (HIV-1)	852	SIGNAL 1..31; /evidence="ECO:0000255|HAMAP-Rule:MF_04083"	Homo sapiens (Human) [TaxID: 9606]	2370688; 12974773; 12873764; 15719026; 15725757; 16114975; 16437164	10.1128/jvi.64.8.4016-4020.1990; 10.1034/j.1600-0463.2003.11107803.x; 10.1016/s0005-2736(03)00161-5; 10.1038/sj.cdd.4401584; 10.1089/aid.2005.21.171; 10.2165/00003495-200565130-00002; 10.1038/sj.emboj.7600947
P19550	reviewed	ENV_HV1S1	Envelope glycoprotein gp160 (Env polyprotein) [Cleaved into: Surface protein gp120 (SU) (Glycoprotein 120) (gp120); Transmembrane protein gp41 (TM) (Glycoprotein 41) (gp41)]	env	Human immunodeficiency virus type 1 group M subtype B (isolate SF162) (HIV-1)	847	SIGNAL 1..31; /evidence="ECO:0000255|HAMAP-Rule:MF_04083"	Homo sapiens (Human) [TaxID: 9606]	2384920; 12974773; 12873764; 15719026; 15725757; 16114975; 16437164	10.1128/jvi.64.9.4390-4398.1990; 10.1034/j.1600-0463.2003.11107803.x; 10.1016/s0005-2736(03)00161-5; 10.1038/sj.cdd.4401584; 10.1089/aid.2005.21.171; 10.2165/00003495-200565130-00002; 10.1038/sj.emboj.7600947
P19551	reviewed	ENV_HV1MF	Envelope glycoprotein gp160 (Env polyprotein) [Cleaved into: Surface protein gp120 (SU) (Glycoprotein 120) (gp120); Transmembrane protein gp41 (TM) (Glycoprotein 41) (gp41)]	env	Human immunodeficiency virus type 1 group M subtype B (isolate MFA) (HIV-1)	853	SIGNAL 1..32; /evidence="ECO:0000255|HAMAP-Rule:MF_04083"	Homo sapiens (Human) [TaxID: 9606]	1695254; 12974773; 12873764; 15719026; 15725757; 16114975; 16437164	10.1128/jvi.64.8.3792-3803.1990; 10.1034/j.1600-0463.2003.11107803.x; 10.1016/s0005-2736(03)00161-5; 10.1038/sj.cdd.4401584; 10.1089/aid.2005.21.171; 10.2165/00003495-200565130-00002; 10.1038/sj.emboj.7600947
P19698	reviewed	HEMA_I79A7	Hemagglutinin [Cleaved into: Hemagglutinin HA1 chain; Hemagglutinin HA2 chain]	HA	Influenza A virus (strain A/Grey teal/Australia/2/1979 H4N4)	564	SIGNAL 1..16; /evidence="ECO:0000255|HAMAP-Rule:MF_04072"	Aves [TaxID: 8782]	2705304; 16439620	10.1016/0042-6822(89)90166-9; 10.1126/science.1121586
P20871	reviewed	ENV_HV1JR	Envelope glycoprotein gp160 (Env polyprotein) [Cleaved into: Surface protein gp120 (SU) (Glycoprotein 120) (gp120); Transmembrane protein gp41 (TM) (Glycoprotein 41) (gp41)]	env	Human immunodeficiency virus type 1 group M subtype B (isolate JRCSF) (HIV-1)	848	SIGNAL 1..31; /evidence="ECO:0000255|HAMAP-Rule:MF_04083"	Homo sapiens (Human) [TaxID: 9606]	12974773; 12873764; 15719026; 15725757; 16114975; 16437164	10.1034/j.1600-0463.2003.11107803.x; 10.1016/s0005-2736(03)00161-5; 10.1038/sj.cdd.4401584; 10.1089/aid.2005.21.171; 10.2165/00003495-200565130-00002; 10.1038/sj.emboj.7600947
P20872	reviewed	ENV_HV2ST	Envelope glycoprotein gp160 (Env polyprotein) [Cleaved into: Surface protein gp120 (SU) (Glycoprotein 120) (gp120); Transmembrane protein gp41 (TM) (Glycoprotein 41) (gp41)]	env	Human immunodeficiency virus type 2 subtype A (isolate ST) (HIV-2)	859	SIGNAL 1..24; /evidence="ECO:0000255"	Homo sapiens (Human) [TaxID: 9606]	2296086; 12029140	10.1128/jvi.64.2.890-901.1990; 10.1099/0022-1317-83-6-1253
P20888	reviewed	ENV_HV1OY	Envelope glycoprotein gp160 (Env polyprotein) [Cleaved into: Surface protein gp120 (SU) (Glycoprotein 120) (gp120); Transmembrane protein gp41 (TM) (Glycoprotein 41) (gp41)]	env	Human immunodeficiency virus type 1 group M subtype B (isolate OYI) (HIV-1)	855	SIGNAL 1..31; /evidence="ECO:0000255|HAMAP-Rule:MF_04083"	Homo sapiens (Human) [TaxID: 9606]	2559749; 12974773; 12873764; 15719026; 15725757; 16114975; 16437164	10.1097/00002030-198911000-00004; 10.1034/j.1600-0463.2003.11107803.x; 10.1016/s0005-2736(03)00161-5; 10.1038/sj.cdd.4401584; 10.1089/aid.2005.21.171; 10.2165/00003495-200565130-00002; 10.1038/sj.emboj.7600947
P21400	reviewed	GP_PUUMG	Envelopment polyprotein (M polyprotein) [Cleaved into: Glycoprotein N (Gn) (Glycoprotein G1); Glycoprotein C (Gc) (Glycoprotein G2)]	GP	Puumala virus (strain Bank vole/Russia/CG1820/1984)	1148	SIGNAL 1..23; /evidence="ECO:0000255"	Homo sapiens (Human) [TaxID: 9606]; Myodes glareolus (Bank vole) (Clethrionomys glareolus) [TaxID: 447135]	2508317; 1626424; 24755564	10.1016/0042-6822(89)90192-x; 10.1016/0168-1702(92)90029-9; 10.3390/v6041801
P21401	reviewed	GP_RVFVZ	Envelopment polyprotein (M polyprotein) [Cleaved into: NSm-Gn protein (p78); Glycoprotein N (Gn) (Glycoprotein G1); Glycoprotein C (Gc) (Glycoprotein G2)]	GP	Rift valley fever virus (strain ZH-548 M12) (RVFV)	1197	SIGNAL 1..16; /evidence="ECO:0000255"	Aedes [TaxID: 7158]; Bos taurus (Bovine) [TaxID: 9913]; Bos taurus x Bison bison (beefalo) [TaxID: 297284]; Camelus bactrianus (Bactrian camel) [TaxID: 9837]; Capra hircus (Goat) [TaxID: 9925]; Homo sapiens (Human) [TaxID: 9606]; Ovis aries (Sheep) [TaxID: 9940]; Phlebotomus papatasi (Sandfly) [TaxID: 29031]	2705307; 17192303; 3046119; 2728348; 12414959; 16963099; 18715915; 21445316; 21767814; 22710362; 23097454; 26038497; 24489907; 34559985; 35032865; 30590046; 29367607	10.1016/0042-6822(89)90171-2; 10.1128/jvi.02095-06; 10.1016/0042-6822(88)90174-2; 10.1016/0042-6822(89)90442-x; 10.1128/jvi.76.23.12200-12210.2002; 10.1016/j.virol.2006.08.002; 10.1128/jvi.01191-08; 10.1371/journal.pone.0018070; 10.1016/j.chom.2011.06.007; 10.1016/j.antiviral.2012.06.001; 10.1128/jvi.02192-12; 10.1038/emi.2014.71; 10.1371/journal.pone.0087385; 10.1016/j.cell.2021.09.001; 10.1016/j.virol.2021.12.010; 10.1016/j.celrep.2018.12.001; 10.1038/s41467-017-02789-2
P21415	reviewed	ENV_GALV	Envelope glycoprotein (Env polyprotein) [Cleaved into: Surface protein (SU) (Glycoprotein 70) (gp70); Transmembrane protein (TM) (Envelope protein p15E); R-peptide (p2E)]	env	Gibbon ape leukemia virus (GALV)	685	SIGNAL 1..41; /evidence="ECO:0000255"	Hylobatidae (gibbons) [TaxID: 9577]	2683360; 9811678	10.1016/0042-6822(89)90236-5; 10.1128/jvi.72.12.9453-9458.1998
P21436	reviewed	ENV_MLVHO	Envelope glycoprotein (Env polyprotein) [Cleaved into: Surface protein (SU) (Glycoprotein 76) (gp76); Transmembrane protein (TM) (Envelope protein p15E); R-peptide (p2E)]	env	Hortulanus murine leukemia virus (HoMuLV) (Mus hortulanus virus)	666	SIGNAL 1..33; /evidence="ECO:0000255"	Mus musculus (Mouse) [TaxID: 10090]	2554579	10.1016/0042-6822(89)90221-3
P21445	reviewed	ENV_FSVSM	Envelope glycoprotein (Env polyprotein) [Cleaved into: Surface protein (SU) (Glycoprotein 70) (gp70); Transmembrane protein (TM) (Envelope protein p15E); R-peptide (p2E)]	env	Feline sarcoma virus (strain SM) (Sm-FeSV)	645	SIGNAL 1..36; /evidence="ECO:0000255"	Felidae (cat family) [TaxID: 9681]	2823466	10.1016/0042-6822(87)90194-2
P22432	reviewed	SPIKE_CVM4	Spike glycoprotein (S glycoprotein) (E2) (Peplomer protein) [Cleaved into: Spike protein S1; Spike protein S2; Spike protein S2']	S 3	Murine coronavirus (strain 4) (MHV-4) (Murine hepatitis virus)	1376	SIGNAL 1..13; /evidence="ECO:0000255|HAMAP-Rule:MF_04099"	Mus musculus (Mouse) [TaxID: 10090]	2556846; 1966429; 9201212	10.1016/0042-6822(89)90579-5; 10.1007/978-1-4684-5823-7_54; 10.1006/viro.1997.8609
P23064	reviewed	ENV_HTL1M	Envelope glycoprotein gp62 (Env polyprotein) [Cleaved into: Surface protein (SU) (Glycoprotein 46) (gp46); Transmembrane protein (TM) (Glycoprotein 21) (gp21)]	env	Human T-cell leukemia virus 1 (strain Japan MT-2 subtype A) (HTLV-1)	488	SIGNAL 1..20; /evidence="ECO:0000255"	Homo sapiens (Human) [TaxID: 9606]	2353464; 14685283; 15767455; 10200260	10.1016/0042-6822(90)90498-g; 10.1038/sj.emboj.7600012; 10.1128/jvi.79.7.4533-4539.2005; 10.1073/pnas.96.8.4319
P24105	reviewed	ENV_HV2CA	Envelope glycoprotein gp160 (Env polyprotein) [Cleaved into: Surface protein gp120 (SU) (Glycoprotein 120) (gp120); Transmembrane protein gp41 (TM) (Glycoprotein 41) (gp41)]	env	Human immunodeficiency virus type 2 subtype A (isolate CAM2) (HIV-2)	859	SIGNAL 1..24; /evidence="ECO:0000255"	Homo sapiens (Human) [TaxID: 9606]	2005437; 12029140	10.1099/0022-1317-72-3-721; 10.1099/0022-1317-83-6-1253
P25190	reviewed	SPIKE_CVBF	Spike glycoprotein (S glycoprotein) (E2) (Peplomer protein) [Cleaved into: Spike protein S1; Spike protein S2; Spike protein S2']	S 3	Bovine coronavirus (strain F15) (BCoV) (BCV)	1363	SIGNAL 1..13; /evidence="ECO:0000255|HAMAP-Rule:MF_04099"	Bos taurus (Bovine) [TaxID: 9913]	2155300	10.1099/0022-1317-71-2-487
P25191	reviewed	SPIKE_CVBL9	Spike glycoprotein (S glycoprotein) (E2) (Peplomer protein) [Cleaved into: Spike protein S1; Spike protein S2; Spike protein S2']	S 3	Bovine coronavirus (strain L9) (BCoV) (BCV)	1363	SIGNAL 1..13; /evidence="ECO:0000255|HAMAP-Rule:MF_04099"	Bos taurus (Bovine) [TaxID: 9913]	2053289; 1920630	10.1016/0042-6822(91)90154-4; 10.1128/jvi.65.11.6232-6237.1991
P25192	reviewed	SPIKE_CVBLY	Spike glycoprotein (S glycoprotein) (E2) (Peplomer protein) [Cleaved into: Spike protein S1; Spike protein S2; Spike protein S2']	S 3	Bovine coronavirus (strain LY-138) (BCoV) (BCV)	1363	SIGNAL 1..13; /evidence="ECO:0000255|HAMAP-Rule:MF_04099"	Bos taurus (Bovine) [TaxID: 9913]	2053289	10.1016/0042-6822(91)90154-4
P25193	reviewed	SPIKE_CVBQ	Spike glycoprotein (S glycoprotein) (E2) (Peplomer protein) [Cleaved into: Spike protein S1; Spike protein S2; Spike protein S2']	S 3	Bovine coronavirus (strain Quebec) (BCoV) (BCV)	1363	SIGNAL 1..13; /evidence="ECO:0000255|HAMAP-Rule:MF_04099"	Bos taurus (Bovine) [TaxID: 9913]	2155283; 11774548	10.1099/0022-1317-71-2-263
P25194	reviewed	SPIKE_CVBV	Spike glycoprotein (S glycoprotein) (E2) (Peplomer protein) [Cleaved into: Spike protein S1; Spike protein S2; Spike protein S2']	S 3	Bovine coronavirus (strain vaccine) (BCoV) (BCV)	1363	SIGNAL 1..13; /evidence="ECO:0000255|HAMAP-Rule:MF_04099"	Bos taurus (Bovine) [TaxID: 9913]	2053289	10.1016/0042-6822(91)90154-4
P26803	reviewed	ENV_MLVFP	Envelope glycoprotein (Env polyprotein) [Cleaved into: Surface protein (SU) (Glycoprotein 70) (gp70); Transmembrane protein (TM) (Envelope protein p15E); R-peptide (p2E)]	env	Friend murine leukemia virus (isolate PVC-211) (FrMLV)	676	SIGNAL 1..34; /evidence="ECO:0000255"	Mus musculus (Mouse) [TaxID: 10090]	1560524; 1620621	10.1128/jvi.66.5.2798-2806.1992; 10.1093/nar/20.12.3249
P26804	reviewed	ENV_MLVFF	Envelope glycoprotein (Env polyprotein) [Cleaved into: Surface protein (SU) (Glycoprotein 70) (gp70); Transmembrane protein (TM) (Envelope protein p15E); R-peptide (p2E)]	env	Friend murine leukemia virus (isolate FB29) (FrMLV)	676	SIGNAL 1..34; /evidence="ECO:0000255"	Mus musculus (Mouse) [TaxID: 10090]	1762923	10.1093/nar/19.24.6950
P27312	reviewed	GP_PUUMS	Envelopment polyprotein (M polyprotein) [Cleaved into: Glycoprotein N (Gn) (Glycoprotein G1); Glycoprotein C (Gc) (Glycoprotein G2)]	GP	Puumala virus (strain Sotkamo/V-2969/81)	1148	SIGNAL 1..23; /evidence="ECO:0000255"	Homo sapiens (Human) [TaxID: 9606]; Myodes glareolus (Bank vole) (Clethrionomys glareolus) [TaxID: 447135]	1353107; 22798055; 20444994; 21807393; 24755564; 30679542	10.1099/0022-1317-73-4-829; 10.1007/s11262-012-0780-3; 10.1099/vir.0.021006-0; 10.1016/j.virol.2011.06.030; 10.3390/v6041801; 10.1038/s41598-018-36879-y
P27315	reviewed	GP_PHV	Envelopment polyprotein (M polyprotein) [Cleaved into: Glycoprotein N (Gn) (Glycoprotein G1); Glycoprotein C (Gc) (Glycoprotein G2)]	GP	Prospect Hill virus (PHV)	1142	SIGNAL 1..21; /evidence="ECO:0000255"	Microtus pennsylvanicus (Meadow vole) [TaxID: 10058]	1840609; 24755564; 22203819	10.1099/0022-1317-72-8-1845; 10.3390/v6041801; 10.3389/fmicb.2011.00251
P27757	reviewed	ENV_SIVV1	Envelope glycoprotein gp160 (Env polyprotein) [Cleaved into: Surface protein gp120 (SU) (Glycoprotein 120) (gp120); Transmembrane protein gp41 (TM) (Glycoprotein 32) (gp32)]	env	Simian immunodeficiency virus agm.vervet (isolate AGM155) (SIV-agm.ver) (Simian immunodeficiency virus African green monkey vervet)	768	SIGNAL 1..16; /evidence="ECO:0000255"	Cercopithecidae (Old World monkeys) [TaxID: 9527]	2304139	10.1128/jvi.64.3.1086-1092.1990
P27977	reviewed	ENV_SIVVG	Envelope glycoprotein gp160 (Env polyprotein) [Cleaved into: Surface protein gp120 (SU) (Glycoprotein 120) (gp120); Transmembrane protein gp41 (TM) (Glycoprotein 32) (gp32)]	env	Simian immunodeficiency virus agm.vervet (isolate AGM3) (SIV-agm.ver) (Simian immunodeficiency virus African green monkey vervet)	877	SIGNAL 1..19; /evidence="ECO:0000255"	Cercopithecidae (Old World monkeys) [TaxID: 9527]	2158689	10.1016/0042-6822(90)90246-n
P28728	reviewed	GP_HANTB	Envelopment polyprotein (M polyprotein) [Cleaved into: Glycoprotein N (Gn) (Glycoprotein G1); Glycoprotein C (Gc) (Glycoprotein G2)]	GP	Hantaan virus (strain B-1) (Korean hemorrhagic fever virus)	1133	SIGNAL 1..16; /evidence="ECO:0000255"	Apodemus agrarius (Eurasian field mouse) [TaxID: 39030]; Homo sapiens (Human) [TaxID: 9606]	2118626; 24755564	10.1093/nar/18.16.4936; 10.3390/v6041801
P28729	reviewed	GP_SEOUR	Envelopment polyprotein (M polyprotein) [Cleaved into: Glycoprotein N (Gn) (Glycoprotein G1); Glycoprotein C (Gc) (Glycoprotein G2)]	GP	Seoul virus (strain R22)	1134	SIGNAL 1..16; /evidence="ECO:0000255"	Homo sapiens (Human) [TaxID: 9606]; Rattus norvegicus (Rat) [TaxID: 10116]; Rattus rattus (Black rat) [TaxID: 10117]	1962503; 24755564	10.1016/0168-1702(91)90070-c; 10.3390/v6041801
P28993	reviewed	GP3_EAVBU	Glycoprotein 3 (Protein GP3)	GP3 3	Equine arteritis virus (strain Bucyrus) (EAV)	163	SIGNAL 1..26; /note="Not cleaved"; /evidence="ECO:0000255"	Equidae (horses) [TaxID: 9788]	1851863; 12368326; 12743278; 18570963; 24142700	10.1128/jvi.65.6.2910-2920.1991; 10.1128/jvi.76.21.10829-10840.2002; 10.1128/jvi.77.11.6216-6226.2003; 10.1016/j.virol.2008.04.041; 10.1074/jbc.m113.505420
P29154	reviewed	RDRP_PEMVW	Protein P1-P2 [Cleaved into: Serine protease (EC 3.4.21.-); RNA-directed RNA polymerase (EC 2.7.7.48)]	ORF1/ORF2	Pea enation mosaic virus-1 (strain WSG) (PEMV-1)	1181	SIGNAL 1..33; /evidence="ECO:0000255"	Cicer arietinum (Chickpea) (Garbanzo) [TaxID: 3827]; Lathyrus odoratus (Sweet pea) [TaxID: 3859]; Lens culinaris (Lentil) (Cicer lens) [TaxID: 3864]; Medicago arabica [TaxID: 70936]; Pisum sativum (Garden pea) (Lathyrus oleraceus) [TaxID: 3888]; Trifolium incarnatum (Crimson clover) [TaxID: 60916]; Vicia faba (Broad bean) (Faba vulgaris) [TaxID: 3906]; Vicia sativa (Spring vetch) (Tare) [TaxID: 3908]	1875194	10.1099/0022-1317-72-8-1819
P29326	reviewed	CAPSD_HEVBU	Pro-secreted protein ORF2 (Protein ORF2) (pORF2) [Cleaved into: Secreted protein ORF2 (ORF2s)]	ORF2	Hepatitis E virus genotype 1 (isolate Human/Burma) (HEV-1)	660	SIGNAL 1..19; /evidence="ECO:0000255"	Homo sapiens (Human) [TaxID: 9606]	1926770; 10603315; 14671114; 15557331	10.1016/0042-6822(91)90760-9; 10.1006/viro.1999.0005; 10.1128/jvi.78.1.320-328.2004; 10.1074/jbc.m410361200
P29791	reviewed	FUS_BRSVA	Fusion glycoprotein F0 [Cleaved into: Fusion glycoprotein F2 (F2); p27 (Intervening segment) (Pep27) (Peptide 27); Fusion glycoprotein F1 (F1)]	F	Bovine respiratory syncytial virus (strain A51908) (BRS)	572	SIGNAL 1..25; /evidence="ECO:0000255"	Bos taurus (Bovine) [TaxID: 9913]	1312130; 11724268; 11172105	10.1099/0022-1317-73-3-737; 10.1023/a:1011888019966; 10.1099/0022-1317-82-3-631
P30215	reviewed	HEMA_CVHOC	Hemagglutinin-esterase (HE protein) (EC 3.1.1.53) (E3 glycoprotein)	HE 2b	Human coronavirus OC43 (HCoV-OC43)	424	SIGNAL 1..16; /evidence="ECO:0000255|HAMAP-Rule:MF_04207"	Homo sapiens (Human) [TaxID: 9606]	1727608; 15280490; 15650185	10.1016/0042-6822(92)90089-8; 10.1128/jvi.78.16.8824-8834.2004; 10.1128/jvi.79.3.1595-1604.2005
P31614	reviewed	HEMA_CVMS	Hemagglutinin-esterase (HE protein) (EC 3.1.1.53) (E3 glycoprotein)	HE 2b	Murine coronavirus (strain S) (MHV-S) (Murine hepatitis virus)	439	SIGNAL 1..22; /evidence="ECO:0000255|HAMAP-Rule:MF_04207"	Mus musculus (Mouse) [TaxID: 10090]	15507445; 16306576; 1649505; 11807232; 22291594	10.1074/jbc.m409683200; 10.1128/jvi.79.24.15054-15063.2005; 10.1016/0042-6822(91)90994-m; 10.1099/0022-1317-83-2-395; 10.1371/journal.ppat.1002492
P31615	reviewed	HEMA_CVMA5	Hemagglutinin-esterase (HE protein) (EC 3.1.1.53) (E3 glycoprotein)	HE 2b	Murine coronavirus (strain A59) (MHV-A59) (Murine hepatitis virus)	428	SIGNAL 1..19; /evidence="ECO:0000255|HAMAP-Rule:MF_04207"	Mus musculus (Mouse) [TaxID: 10090]	2845655; 9426441	10.1016/0042-6822(88)90512-0; 10.1006/viro.1997.8877
P31794	reviewed	ENV_MLVRK	Envelope glycoprotein (Env polyprotein) [Cleaved into: Surface protein (SU) (Glycoprotein 76) (gp76); Transmembrane protein (TM) (Envelope protein p15E); R-peptide (p2E)]	env	Radiation murine leukemia virus (strain Kaplan)	665	SIGNAL 1..31; /evidence="ECO:0000255"	Mus musculus (Mouse) [TaxID: 10090]	1629969	10.1128/jvi.66.8.5141-5146.1992
P31819	reviewed	ENV_HV1KB	Envelope glycoprotein gp160 (Env polyprotein) [Cleaved into: Surface protein gp120 (SU) (Glycoprotein 120) (gp120); Transmembrane protein gp41 (TM) (Glycoprotein 41) (gp41)]	env	Human immunodeficiency virus type 1 group M subtype B (isolate KB-1/ETR) (HIV-1)	861	SIGNAL 1..37; /evidence="ECO:0000255|HAMAP-Rule:MF_04083"	Homo sapiens (Human) [TaxID: 9606]	1322587; 12974773; 12873764; 15719026; 15725757; 16114975; 16437164	10.1016/0042-6822(92)90577-c; 10.1034/j.1600-0463.2003.11107803.x; 10.1016/s0005-2736(03)00161-5; 10.1038/sj.cdd.4401584; 10.1089/aid.2005.21.171; 10.2165/00003495-200565130-00002; 10.1038/sj.emboj.7600947
P31872	reviewed	ENV_HV1W1	Envelope glycoprotein gp160 (Env polyprotein) [Cleaved into: Surface protein gp120 (SU) (Glycoprotein 120) (gp120); Transmembrane protein gp41 (TM) (Glycoprotein 41) (gp41)]	env	Human immunodeficiency virus type 1 group M subtype B (isolate WMJ1) (HIV-1)	856	SIGNAL 1..31; /evidence="ECO:0000255|HAMAP-Rule:MF_04083"	Homo sapiens (Human) [TaxID: 9606]	2423250; 12974773; 12873764; 15719026; 15725757; 16114975; 16437164	10.1016/0092-8674(86)90778-6; 10.1034/j.1600-0463.2003.11107803.x; 10.1016/s0005-2736(03)00161-5; 10.1038/sj.cdd.4401584; 10.1089/aid.2005.21.171; 10.2165/00003495-200565130-00002; 10.1038/sj.emboj.7600947
P32536	reviewed	ENV_HV2S2	Envelope glycoprotein gp160 (Env polyprotein) [Cleaved into: Surface protein gp120 (SU) (Glycoprotein 120) (gp120); Transmembrane protein gp41 (TM) (Glycoprotein 41) (gp41)]	env	Human immunodeficiency virus type 2 subtype A (isolate ST/24.1C#2) (HIV-2)	712	SIGNAL 1..24; /evidence="ECO:0000255"	Homo sapiens (Human) [TaxID: 9606]	1583738; 12029140	10.1128/jvi.66.6.3971-3975.1992; 10.1099/0022-1317-83-6-1253
P33426	reviewed	CAPSD_HEVPA	Pro-secreted protein ORF2 (Protein ORF2) (pORF2) [Cleaved into: Secreted protein ORF2 (ORF2s)]	ORF2	Hepatitis E virus genotype 1 (isolate Human/Pakistan/Sar-55) (HEV-1)	660	SIGNAL 1..19; /evidence="ECO:0000255"	Homo sapiens (Human) [TaxID: 9606]	1731327; 11742081; 18032496; 31717991; 36007070; 19662165; 21642534; 31818956	10.1073/pnas.89.2.559; 10.1073/pnas.251555098; 10.1128/jvi.01219-07; 10.3390/v11111050; 10.1371/journal.ppat.1010798; 10.1371/journal.ppat.1000537; 10.1073/pnas.1101309108; 10.1073/pnas.1916028116
P33455	reviewed	GP_SEOU8	Envelopment polyprotein (M polyprotein) [Cleaved into: Glycoprotein N (Gn) (Glycoprotein G1); Glycoprotein C (Gc) (Glycoprotein G2)]	GP	Seoul virus (strain 80-39)	1133	SIGNAL 1..17; /evidence="ECO:0000255"	Homo sapiens (Human) [TaxID: 9606]; Rattus norvegicus (Rat) [TaxID: 10116]; Rattus rattus (Black rat) [TaxID: 10117]	1867009; 24755564	10.1016/0168-1702(91)90093-b; 10.3390/v6041801
P35253	reviewed	VGP_MABVM	Envelope glycoprotein (GP1,2) (GP) (Virion spike glycoprotein) [Cleaved into: GP1; GP2]	GP	Lake Victoria marburgvirus (strain Musoke-80) (MARV) (Marburg virus (strain Kenya/Musoke/1980))	681	SIGNAL 1..18; /evidence="ECO:0000269|PubMed:8437211"	Chlorocebus aethiops (Green monkey) (Cercopithecus aethiops) [TaxID: 9534]; Homo sapiens (Human) [TaxID: 9606]; Rousettus aegyptiacus (Egyptian fruit bat) (Pteropus aegyptiacus) [TaxID: 9407]	8437211; 16379005; 2024471; 11831710; 1421752; 7844558; 10683320; 12033762; 15479853; 17005688; 16595665; 17267489	10.1128/jvi.67.3.1203-1210.1993; 10.1128/jvi.80.2.1038-1043.2006; 10.1016/0042-6822(91)90680-a; 10.1006/viro.1995.1151; 10.1093/glycob/2.4.299; 10.1099/0022-1317-76-2-393; 10.1006/viro.1999.0110; 10.1006/viro.2002.1374; 10.1128/jvi.78.21.12090-12095.2004; 10.1128/jvi.01157-06; 10.1074/jbc.m601796200; 10.1128/jvi.02263-06
P35961	reviewed	ENV_HV1Y2	Envelope glycoprotein gp160 (Env polyprotein) [Cleaved into: Surface protein gp120 (SU) (Glycoprotein 120) (gp120); Transmembrane protein gp41 (TM) (Glycoprotein 41) (gp41)]	env	Human immunodeficiency virus type 1 group M subtype B (isolate YU-2) (HIV-1)	843	SIGNAL 1..31; /evidence="ECO:0000255|HAMAP-Rule:MF_04083"	Homo sapiens (Human) [TaxID: 9606]	1404605; 9632396; 12974773; 12873764; 15719026; 15725757; 16114975; 16437164	10.1128/jvi.66.11.6587-6600.1992; 10.1126/science.280.5371.1949; 10.1034/j.1600-0463.2003.11107803.x; 10.1016/s0005-2736(03)00161-5; 10.1038/sj.cdd.4401584; 10.1089/aid.2005.21.171; 10.2165/00003495-200565130-00002; 10.1038/sj.emboj.7600947
P36291	reviewed	GP_TSWV1	Envelopment polyprotein (M polyprotein) [Cleaved into: Glycoprotein N (Gn) (Glycoprotein G2); Glycoprotein C (Gc) (Glycoprotein G1)]	GP	Tomato spotted wilt virus (strain Brazilian Br-01) (TSWV)	1135	SIGNAL 1..35; /evidence="ECO:0000255"	Frankliniella occidentalis (Western flower thrips) (Euthrips occidentalis) [TaxID: 133901]; Scirtothrips dorsalis (Chilli thrips) [TaxID: 163899]; Solanum lycopersicum (Tomato) (Lycopersicon esculentum) [TaxID: 4081]; Thrips tabaci [TaxID: 161014]	1431808; 8468562; 11134314; 15542672; 15845270; 17331557; 18632951; 19302268; 18973913; 31413126; 33672327; 33020295	10.1099/0022-1317-73-11-2795; 10.1099/0022-1317-74-4-790; 10.1128/jvi.75.2.1004-1012.2001; 10.1128/jvi.78.23.13197-13206.2004; 10.1016/j.virusres.2005.01.007; 10.1016/j.virol.2006.12.038; 10.1099/vir.0.2008/001164-0; 10.1111/j.1600-0854.2009.00900.x; 10.1016/j.virol.2008.09.028; 10.1128/jvi.00699-19; 10.3390/v13020353; 10.1073/pnas.2004657117
P36334	reviewed	SPIKE_CVHOC	Spike glycoprotein (S glycoprotein) (E2) (Peplomer protein) [Cleaved into: Spike protein S1; Spike protein S2; Spike protein S2']	S 3	Human coronavirus OC43 (HCoV-OC43)	1353	SIGNAL 1..13; /evidence="ECO:0000255|HAMAP-Rule:MF_04099"	Homo sapiens (Human) [TaxID: 9606]	8376972; 8317096; 8712929; 15280490; 15650185; 11162792	10.1099/0022-1317-74-9-1981; 10.1006/viro.1993.1360; 10.1007/bf01718615; 10.1128/jvi.78.16.8824-8834.2004; 10.1128/jvi.79.3.1595-1604.2005; 10.1006/viro.2000.0757
P41265	reviewed	GP_PUUMK	Envelopment polyprotein (M polyprotein) [Cleaved into: Glycoprotein N (Gn) (Glycoprotein G1); Glycoprotein C (Gc) (Glycoprotein G2)]	GP	Puumala virus (strain K27)	1148	SIGNAL 1..23; /evidence="ECO:0000255"	Homo sapiens (Human) [TaxID: 9606]; Myodes glareolus (Bank vole) (Clethrionomys glareolus) [TaxID: 447135]	8266723; 24755564	10.1016/0168-1702(93)90019-j; 10.3390/v6041801
P41266	reviewed	GP_PUUMP	Envelopment polyprotein (M polyprotein) [Cleaved into: Glycoprotein N (Gn) (Glycoprotein G1); Glycoprotein C (Gc) (Glycoprotein G2)]	GP	Puumala virus (strain P360)	1148	SIGNAL 1..23; /evidence="ECO:0000255"	Homo sapiens (Human) [TaxID: 9606]; Myodes glareolus (Bank vole) (Clethrionomys glareolus) [TaxID: 447135]	8266723; 24755564; 27783673	10.1016/0168-1702(93)90019-j; 10.3390/v6041801; 10.1371/journal.ppat.1005948
P51519	reviewed	ENV_BLV	Envelope glycoprotein (Env polyprotein) [Cleaved into: Surface protein (SU) (Glycoprotein 51) (gp51); Transmembrane protein (TM) (Glycoprotein 30) (gp30)]	env	Bovine leukemia virus (BLV)	515	SIGNAL 1..33; /evidence="ECO:0000255"	Bos taurus (Bovine) [TaxID: 9913]	6093363; 10684314	10.1016/0042-6822(84)90149-1; 10.1128/jvi.74.6.2930-2935.2000
P57083	reviewed	GD_HHV1P	Envelope glycoprotein D (gD)	gD US6	Human herpesvirus 1 (strain Patton) (HHV-1) (Human herpes simplex virus 1)	394	SIGNAL 1..25; /evidence="ECO:0000255"	Homo sapiens (Human) [TaxID: 9606]	6289440; 11511370; 16292345	10.1126/science.6289440; 10.1016/s1097-2765(01)00298-2; 10.1038/sj.emboj.7600875
P59594	reviewed	SPIKE_SARS	Spike glycoprotein (S glycoprotein) (E2) (Peplomer protein) [Cleaved into: Spike protein S1; Spike protein S2; Spike protein S2']	S 2	Severe acute respiratory syndrome coronavirus (SARS-CoV)	1255	SIGNAL 1..13; /evidence="ECO:0000255|HAMAP-Rule:MF_04099"	Homo sapiens (Human) [TaxID: 9606]; Paguma larvata (Masked palm civet) [TaxID: 9675]	12730500; 12730501; 12853594; 12876307; 12958366; 12781537; 12917450; 15695582; 14647384; 14670965; 15518555; 15450134; 15496474; 15313178; 15890958; 15831954; 15791205; 16081529; 15194747; 16840309; 16519916; 17134730; 17166901; 19321428; 20861307; 29056462; 31199522; 15345712; 15604146; 14511651; 16166518; 16698550	10.1126/science.1085952; 10.1126/science.1085953; 10.1056/nejm200307103490216; 10.1177/15353702-0322807-13; 10.1126/science.1087139; 10.1016/s0140-6736(03)13414-9; 10.1099/vir.0.19424-0; 10.1073/pnas.0409608102; 10.1038/nature02145; 10.1074/jbc.c300520200; 10.1021/bi049101q; 10.1038/sj.cr.7290240; 10.1073/pnas.0403812101; 10.1016/j.bbrc.2004.07.084; 10.1128/jvi.79.11.7195-7206.2005; 10.1099/vir.0.80671-0; 10.1038/sj.emboj.7600640; 10.1073/pnas.0505577102; 10.1128/jvi.78.13.6723-6734.2004; 10.1128/jvi.00414-06; 10.1016/j.virol.2006.02.003; 10.1016/j.virol.2006.10.034; 10.1128/jvi.02146-06; 10.1073/pnas.0809524106; 10.1091/mbc.e10-04-0338; 10.1016/j.jmb.2017.10.017; 10.1002/jmv.25518; 10.1074/jbc.m408782200; 10.1073/pnas.0406128102; 10.1016/j.bbrc.2003.08.122; 10.1126/science.1116480; 10.1016/j.str.2006.03.007
P59635	reviewed	NS7A_SARS	ORF7a protein (Accessory protein 7a) (Protein U122) (Protein X4)	7a	Severe acute respiratory syndrome coronavirus (SARS-CoV)	122	SIGNAL 1..15	Homo sapiens (Human) [TaxID: 9606]; Paguma larvata (Masked palm civet) [TaxID: 9675]	12730500; 12730501; 12853594; 12876307; 15642263; 15194747; 15220404; 15564512; 16840309; 17037516; 16580632; 16328780; 18020948; 20631126; 26378163	10.1126/science.1085952; 10.1126/science.1085953; 10.1056/nejm200307103490216; 10.1177/15353702-0322807-13; 10.1016/j.str.2004.10.010; 10.1128/jvi.78.13.6723-6734.2004; 10.1128/jvi.78.14.7311-7318.2004; 10.1128/jvi.78.24.14043-14047.2004; 10.1128/jvi.00414-06; 10.1007/978-0-387-33012-9_20; 10.1016/j.bbrc.2006.03.091; 10.1007/s11373-005-9043-9; 10.1515/bc.2007.157; 10.1128/jvi.00748-10; 10.1128/jvi.02274-15
P59709	reviewed	HEMA_CVBQ	Hemagglutinin-esterase (HE protein) (EC 3.1.1.53) (E3 glycoprotein)	HE 2b	Bovine coronavirus (strain Quebec) (BCoV) (BCV)	424	SIGNAL 1..16; /evidence="ECO:0000255|HAMAP-Rule:MF_04207"	Bos taurus (Bovine) [TaxID: 9913]	2732684; 7730812; 11774537; 11504427; 11376845; 11774548	10.1099/0022-1317-70-1-155; 10.1099/0022-1317-76-5-1263; 10.1007/978-1-4615-1325-4_9; 10.1007/s007050170117; 10.1016/s0168-1702(01)00243-x
P60170	reviewed	VSGP_EBOZM	Pre-small/secreted glycoprotein (pre-sGP) [Cleaved into: Small/secreted glycoprotein (sGP); Delta-peptide]	GP	Zaire ebolavirus (strain Mayinga-76) (ZEBOV) (Zaire Ebola virus)	364	SIGNAL 1..32; /evidence="ECO:0000255"	Epomops franqueti (Franquet's epauletted fruit bat) (Epomophorus franqueti) [TaxID: 77231]; Homo sapiens (Human) [TaxID: 9606]; Myonycteris torquata (Little collared fruit bat) [TaxID: 77243]	8553543; 8622982; 11062045; 9792851; 10603327; 15369806; 11152533; 12482654; 16051836; 15681442; 25609303; 28539454	10.1006/viro.1995.0052; 10.1073/pnas.93.8.3602; 10.1006/viro.2000.0572; 10.1006/viro.1998.9389; 10.1006/viro.1999.0034; 10.1016/j.bbrc.2004.08.148; 10.1128/jvi.75.3.1576-1580.2001; 10.1006/viro.2002.1715; 10.1128/jvi.79.16.10442-10450.2005; 10.1128/jvi.79.4.2413-2419.2005; 10.3390/v7010285; 10.1128/jvi.00438-17
P68331	reviewed	GK_HHV11	Envelope glycoprotein K (Syncytial protein)	gK UL53	Human herpesvirus 1 (strain 17) (HHV-1) (Human herpes simplex virus 1)	338	SIGNAL 1..30	Homo sapiens (Human) [TaxID: 9606]	2839594; 17218138; 2826807; 1310186; 7966620; 9407122; 11711633; 12477855; 15113914; 15542677; 15596825; 18434401; 18596102	10.1099/0022-1317-69-7-1531; 10.1016/j.micinf.2006.10.019; 10.1128/jvi.62.2.444-453.1988; 10.1016/0042-6822(92)90024-j; 10.1128/jvi.68.12.8277-8281.1994; 10.1074/jbc.272.52.33305; 10.1128/jvi.75.24.12431-12438.2001; 10.1128/jvi.77.1.499-510.2003; 10.1128/jvi.78.10.5347-5357.2004; 10.1128/jvi.78.23.13262-13277.2004; 10.1128/jvi.79.1.299-313.2005; 10.1128/jvi.00147-08; 10.1128/jvi.00904-08
P68978	reviewed	E3GL_ADE02	Early E3 18.5 kDa glycoprotein (E3-19K) (E3gp 19 kDa) (E19) (GP19K)		Human adenovirus C serotype 2 (HAdV-2) (Human adenovirus 2)	159	SIGNAL 1..17; /evidence="ECO:0000269|PubMed:3882694"	Homo sapiens (Human) [TaxID: 9606]	6253880; 3882694; 2120038; 8057424	10.1093/nar/8.10.2173; 10.1016/s0021-9258(18)89571-0; 10.1002/j.1460-2075.1990.tb07513.x; 10.1128/jvi.68.9.5423-5432.1994
P69168	reviewed	G3P_BPM13	Attachment protein G3P (Gene 3 protein) (G3P) (Minor coat protein) (pIII)	III	Enterobacteria phage M13 (Bacteriophage M13)	424	SIGNAL 1..18; /evidence="ECO:0000250|UniProtKB:P03661"	Escherichia coli [TaxID: 562]	6254849; 7746960; 9461080; 10404600; 37669979	10.1016/0378-1119(80)90093-1; 10.1016/0923-2508(94)90042-6; 10.1038/nsb0298-140; 10.1016/s0969-2126(99)80092-6; 10.1038/s41467-023-41151-7
P69179	reviewed	STXB_BPH19	Shiga-like toxin 1 subunit B (SLT-1 B subunit) (SLT-1b) (SLT-Ib) (Verocytotoxin 1 subunit B) (Verotoxin 1 subunit B)	stxB sltB	Enterobacteria phage H19B (Bacteriophage H19B)	89	SIGNAL 1..20	Escherichia coli [TaxID: 562]	3299365; 3040689; 8820657; 10361298; 1741063; 9164458; 9485303; 10688205	10.1073/pnas.84.13.4364; 10.1128/jb.169.9.4313-4319.1987; 10.1046/j.1365-2958.1996.427962.x; 10.1046/j.1365-2958.1999.01405.x; 10.1038/355748a0; 10.1038/nsb0397-190; 10.1021/bi971806n; 10.1038/35001095
P69539	reviewed	CAPSD_BPFD	Capsid protein G8P (Coat protein B) (Gene 8 protein) (G8P) (Major coat protein) (pVIII)	VIII	Enterobacteria phage fd (Bacteriophage fd)	73	SIGNAL 1..23; /evidence="ECO:0000269|PubMed:4449122, ECO:0000269|PubMed:5349375"	Escherichia coli [TaxID: 562]	745987; 5349375; 4449122; 2078529; 8289247; 9237913; 12750469; 12592011; 16300790; 16843489; 38114502	10.1093/nar/5.12.4495; 10.1016/0022-2836(74)90410-0; 10.1016/0141-8130(90)90064-h; 10.1016/s0022-2836(05)80032-4; 10.1006/jmbi.1997.1114; 10.1073/pnas.1132059100; 10.1110/ps.0211503; 10.1016/j.jmb.2005.10.048; 10.1016/j.jmb.2006.06.027; 10.1038/s41467-023-44160-8
P87666	reviewed	VGP_EBOZ5	Envelope glycoprotein (GP1,2) (GP) [Cleaved into: GP1; GP2; Shed GP (GP1,2-delta)]	GP	Zaire ebolavirus (strain Kikwit-95) (ZEBOV) (Zaire Ebola virus)	676	SIGNAL 1..32; /evidence="ECO:0000255"	Epomops franqueti (Franquet's epauletted fruit bat) (Epomophorus franqueti) [TaxID: 77231]; Homo sapiens (Human) [TaxID: 9606]; Myonycteris torquata (Little collared fruit bat) [TaxID: 77243]	8622982	10.1073/pnas.93.8.3602
P87671	reviewed	VGP_EBOEC	Envelope glycoprotein (GP1,2) (GP) [Cleaved into: GP1; GP2; Shed GP (GP1,2-delta)]	GP	Zaire ebolavirus (strain Eckron-76) (ZEBOV) (Zaire Ebola virus)	676	SIGNAL 1..32; /evidence="ECO:0000255"	Epomops franqueti (Franquet's epauletted fruit bat) (Epomophorus franqueti) [TaxID: 77231]; Homo sapiens (Human) [TaxID: 9606]; Myonycteris torquata (Little collared fruit bat) [TaxID: 77243]	9185597	10.1006/viro.1997.8529
P89951	reviewed	HBEAG_HBVGB	External core antigen (HBeAg) (Precore protein) (p25)	C	Gibbon hepatitis B virus subtype ayw3q (isolate Hope) (HBVgbn)	212	SIGNAL 1..19; /evidence="ECO:0000255|HAMAP-Rule:MF_04076"	Hylobatidae (gibbons) [TaxID: 9577]	8615024	10.1006/viro.1996.0181
Q00704	reviewed	OE66_NPVAC	Non-sulfated chondroitin lyase E66 (ODV-E66) (EC 4.2.2.-)	P79	Autographa californica nuclear polyhedrosis virus (AcMNPV)	704	SIGNAL 1..23; /evidence="ECO:0000255"	Lepidoptera (moths & butterflies) [TaxID: 7088]	3292791; 8091653; 8030224; 9108103; 21440017; 21715327; 24512853	10.1128/jvi.62.8.2773-2781.1988; 10.1006/viro.1994.1525; 10.1006/viro.1994.1380; 10.1073/pnas.94.8.4050; 10.1016/j.virusres.2011.03.012; 10.1074/jbc.m111.251157; 10.1016/j.febslet.2013.10.021
Q01227	reviewed	PG190_VACCW	Protein OPG190 (Plaque-size/host range protein)	OPG190 PS/HR VACWR187 B5R	Vaccinia virus (strain Western Reserve) (VACV) (Vaccinia virus (strain WR))	317	SIGNAL 1..17; /evidence="ECO:0000255"	Bos taurus (Bovine) [TaxID: 9913]	2045793; 1585649; 16912323; 16509968; 19264647; 20200189; 22238237	10.1099/0022-1317-72-6-1349; 10.1016/0042-6822(92)90535-w; 10.1128/jvi.00598-06; 10.1186/1743-422x-3-10; 10.1099/vir.0.009092-0; 10.1099/vir.0.020677-0; 10.1099/vir.0.039016-0
Q02385	reviewed	SPIKE_CVMJC	Spike glycoprotein (S glycoprotein) (E2) (Peplomer protein) [Cleaved into: Spike protein S1; Spike protein S2; Spike protein S2']	S 3	Murine coronavirus (strain JHMV / variant CL-2) (MHV) (Murine hepatitis virus)	1376	SIGNAL 1..13; /evidence="ECO:0000255|HAMAP-Rule:MF_04099"	Mus musculus (Mouse) [TaxID: 10090]	1316938	10.1099/0022-1317-73-5-1065
Q02837	reviewed	ENV_SIVG1	Envelope glycoprotein gp160 (Env polyprotein) [Cleaved into: Surface protein gp120 (SU) (Glycoprotein 120) (gp120); Transmembrane protein gp41 (TM) (Glycoprotein 32) (gp32)]	env	Simian immunodeficiency virus agm.grivet (isolate AGM gr-1) (SIV-agm.gri) (Simian immunodeficiency virus African green monkey grivet)	854	SIGNAL 1..20; /evidence="ECO:0000255"	Cercopithecidae (Old World monkeys) [TaxID: 9527]	2024476	10.1016/0042-6822(91)90689-9
Q05320	reviewed	VGP_EBOZM	Envelope glycoprotein (GP1,2) (GP) [Cleaved into: Shed GP (GP1,2-delta); GP1; GP2]	GP	Zaire ebolavirus (strain Mayinga-76) (ZEBOV) (Zaire Ebola virus)	676	SIGNAL 1..32; /evidence="ECO:0000255"	Epomops franqueti (Franquet's epauletted fruit bat) (Epomophorus franqueti) [TaxID: 77231]; Homo sapiens (Human) [TaxID: 9606]; Myonycteris torquata (Little collared fruit bat) [TaxID: 77243]	8237108; 8553543; 8622982; 11062045; 1299611; 9576958; 9614872; 9499027; 10482652; 9882347; 10932225; 11112476; 11152533; 11024148; 11461707; 12438572; 11836430; 11877482; 12050398; 14645601; 12504546; 15103332; 14990712; 16051836; 15831716; 15681442; 15596847; 16571833; 16603527; 16775318; 16595665; 20862315; 19846529; 20202662; 21866103; 22031933; 25412102; 26516900; 26092855; 27707924; 26984723; 28542576; 28878074; 29669839; 30013549; 30085081; 32040508; 10077567; 35303429	10.1016/0168-1702(93)90063-s; 10.1006/viro.1995.0052; 10.1073/pnas.93.8.3602; 10.1006/viro.2000.0572; 10.1016/0014-5793(92)80662-z; 10.1073/pnas.95.10.5762; 10.1006/viro.1998.9143; 10.1128/jvi.72.3.1775-1781.1998; 10.1128/jvi.73.10.8907-8912.1999; 10.1128/jvi.73.2.1419-1426.1999; 10.1038/78645; 10.1006/viro.2000.0601; 10.1128/jvi.75.3.1576-1580.2001; 10.1128/jvi.74.21.10194-10201.2000; 10.1016/s0092-8674(01)00418-4; 10.1128/jvi.76.24.12463-12472.2002; 10.1128/jvi.76.5.2518-2528.2002; 10.1084/jem.20011500; 10.1128/jvi.76.13.6841-6844.2002; 10.1128/jvi.77.24.13433-13438.2003; 10.1006/viro.2002.1730; 10.1038/sj.emboj.7600219; 10.1128/jvi.78.6.2943-2947.2004; 10.1128/jvi.79.16.10442-10450.2005; 10.1126/science.1110656; 10.1128/jvi.79.4.2413-2419.2005; 10.1128/jvi.79.1.547-553.2005; 10.1128/jvi.80.8.4174-4178.2006; 10.1099/vir.0.81361-0; 10.1128/jvi.02545-05; 10.1074/jbc.m601796200; 10.1371/journal.ppat.1001110; 10.1128/jvi.01462-09; 10.1016/j.virol.2010.02.015; 10.1038/nature10348; 10.1128/jvi.05708-11; 10.1371/journal.ppat.1004509; 10.3390/v7102888; 10.1093/infdis/jiv268; 10.1128/jvi.01563-16; 10.1128/jvi.00232-16; 10.1371/journal.ppat.1006397; 10.1128/jvi.01308-17; 10.1128/jvi.00403-18; 10.3389/fimmu.2018.01428; 10.1093/infdis/jiy406; 10.1371/journal.pbio.3000626; 10.1073/pnas.96.6.2662; 10.1016/j.cell.2022.02.023
Q05495	reviewed	HBEAG_HBVF1	External core antigen (HBeAg) (Precore protein) (p25)	C	Hepatitis B virus genotype F2 (isolate Brazil/w4B) (HBV-F)	212	SIGNAL 1..19; /evidence="ECO:0000255|HAMAP-Rule:MF_04076"	Homo sapiens (Human) [TaxID: 9606]; Pan troglodytes (Chimpanzee) [TaxID: 9598]	8345355	10.1099/0022-1317-74-8-1627
Q0Q475	reviewed	SPIKE_BC279	Spike glycoprotein (S glycoprotein) (E2) (Peplomer protein) [Cleaved into: Spike protein S1; Spike protein S2; Spike protein S2']	S 2	Bat coronavirus 279/2005 (BtCoV) (BtCoV/279/2005)	1241	SIGNAL 1..13; /evidence="ECO:0000255|HAMAP-Rule:MF_04099"	Rhinolophus macrotis (Big-eared horseshoe bat) [TaxID: 196889]	16840328	10.1128/jvi.00697-06
Q0Q4F2	reviewed	SPIKE_BC133	Spike glycoprotein (S glycoprotein) (E2) (Peplomer protein) [Cleaved into: Spike protein S1; Spike protein S2; Spike protein S2']	S 2	Bat coronavirus 133/2005 (BtCoV) (BtCoV/133/2005)	1350	SIGNAL 1..12; /evidence="ECO:0000255|HAMAP-Rule:MF_04099"	Tylonycteris pachypus (Lesser bamboo bat) (Vespertilio pachypus) [TaxID: 258959]	16840328	10.1128/jvi.00697-06
Q0ZME7	reviewed	SPIKE_CVHN5	Spike glycoprotein (S glycoprotein) (E2) (Peplomer protein) [Cleaved into: Spike protein S1; Spike protein S2; Spike protein S2']	S 3	Human coronavirus HKU1 (isolate N5) (HCoV-HKU1)	1351	SIGNAL 1..12; /evidence="ECO:0000255|HAMAP-Rule:MF_04099"	Homo sapiens (Human) [TaxID: 9606]	16809319	10.1128/jvi.00509-06
Q14EB0	reviewed	SPIKE_CVHN2	Spike glycoprotein (S glycoprotein) (E2) (Peplomer protein) [Cleaved into: Spike protein S1; Spike protein S2; Spike protein S2']	S 3	Human coronavirus HKU1 (isolate N2) (HCoV-HKU1)	1351	SIGNAL 1..12; /evidence="ECO:0000255|HAMAP-Rule:MF_04099"	Homo sapiens (Human) [TaxID: 9606]	16809319	10.1128/jvi.00509-06
Q1A243	reviewed	ENV_SIVEK	Envelope glycoprotein gp160 (Env polyprotein) [Cleaved into: Surface protein gp120 (SU) (Glycoprotein 120) (gp120); Transmembrane protein gp41 (TM) (Glycoprotein 41) (gp41)]	env	Simian immunodeficiency virus (isolate EK505) (SIV-cpz) (Chimpanzee immunodeficiency virus)	835	SIGNAL 1..25; /evidence="ECO:0000255|HAMAP-Rule:MF_04083"	Pan troglodytes (Chimpanzee) [TaxID: 9598]	16728595	10.1126/science.1126531
Q1A261	reviewed	ENV_SIVMB	Envelope glycoprotein gp160 (Env polyprotein) [Cleaved into: Surface protein gp120 (SU) (Glycoprotein 120) (gp120); Transmembrane protein gp41 (TM) (Glycoprotein 41) (gp41)]	env	Simian immunodeficiency virus (isolate MB66) (SIV-cpz) (Chimpanzee immunodeficiency virus)	880	SIGNAL 1..35; /evidence="ECO:0000255|HAMAP-Rule:MF_04083"	Pan troglodytes (Chimpanzee) [TaxID: 9598]	16728595	10.1126/science.1126531
Q27ID8	reviewed	ENV_XMRV6	Envelope glycoprotein (Env polyprotein) [Cleaved into: Surface protein (SU); Transmembrane protein (TM); R-peptide]	env	Xenotropic MuLV-related virus (isolate VP62) (XMRV)	645	SIGNAL 1..33; /evidence="ECO:0000255"	Homo sapiens (Human) [TaxID: 9606]	16609730; 17234809; 23028303	10.1371/journal.ppat.0020025; 10.1073/pnas.0610291104; 10.1371/annotation/7e2efc01-2e9b-4e9b-aef0-87ab0e4e4732
Q2F7I8	reviewed	ENV_XMRV4	Envelope glycoprotein (Env polyprotein) [Cleaved into: Surface protein (SU); Transmembrane protein (TM); R-peptide]	env	Xenotropic MuLV-related virus (isolate VP42) (XMRV)	645	SIGNAL 1..33; /evidence="ECO:0000255"	Homo sapiens (Human) [TaxID: 9606]	16609730; 23028303	10.1371/journal.ppat.0020025; 10.1371/annotation/7e2efc01-2e9b-4e9b-aef0-87ab0e4e4732
Q2F7J1	reviewed	ENV_XMRV3	Envelope glycoprotein (Env polyprotein) [Cleaved into: Surface protein (SU); Transmembrane protein (TM); R-peptide]	env	Xenotropic MuLV-related virus (isolate VP35) (XMRV)	645	SIGNAL 1..33; /evidence="ECO:0000255"	Homo sapiens (Human) [TaxID: 9606]	16609730; 23028303	10.1371/journal.ppat.0020025; 10.1371/annotation/7e2efc01-2e9b-4e9b-aef0-87ab0e4e4732
Q37935	reviewed	SPAN2_LAMBD	Spanin, outer lipoprotein subunit (o-spanin) (Lysis protein Rz1) (Outer membrane lipoprotein Rz1)	Rz1	Escherichia phage lambda (Bacteriophage lambda)	60	SIGNAL 1..19; /evidence="ECO:0000269|PubMed:8626053"	Escherichia coli [TaxID: 562]	6221115; 8335247; 8626053; 9158738; 10651816; 18713319; 20734329; 22904283; 23387988; 24113139; 25870259; 28040784	10.1016/0022-2836(82)90546-0; 10.1016/0378-1119(93)90689-z; 10.1016/0378-1119(95)00712-1; 10.1089/mdr.1996.2.147; 10.1046/j.1432-1327.2000.01051.x; 10.1111/j.1365-2958.2008.06408.x; 10.1002/pro.485; 10.1128/jb.01245-12; 10.1111/mmi.12167; 10.1016/j.mib.2013.08.008; 10.1073/pnas.1420588112; 10.1534/g3.116.037192
Q3I5J5	reviewed	SPIKE_BCRP3	Spike glycoprotein (S glycoprotein) (E2) (Peplomer protein) [Cleaved into: Spike protein S1; Spike protein S2; Spike protein S2']	S 2	Bat coronavirus Rp3/2004 (BtCoV/Rp3/2004) (SARS-like coronavirus Rp3)	1241	SIGNAL 1..13; /evidence="ECO:0000255|HAMAP-Rule:MF_04099"	Rhinolophus ferrumequinum (Greater horseshoe bat) [TaxID: 59479]; Rhinolophus macrotis (Big-eared horseshoe bat) [TaxID: 196889]; Rhinolophus pearsonii [TaxID: 188571]; Rhinolophus sinicus (Chinese rufous horseshoe bat) [TaxID: 89399]	16195424	10.1126/science.1118391
Q3LZX1	reviewed	SPIKE_BCHK3	Spike glycoprotein (S glycoprotein) (E2) (Peplomer protein) [Cleaved into: Spike protein S1; Spike protein S2; Spike protein S2']	S 2	Bat coronavirus HKU3 (BtCoV) (SARS-like coronavirus HKU3)	1242	SIGNAL 1..13; /evidence="ECO:0000255|HAMAP-Rule:MF_04099"	Rhinolophus sinicus (Chinese rufous horseshoe bat) [TaxID: 89399]	16169905	10.1073/pnas.0506735102
Q4JR05	reviewed	GB_VZVO	Envelope glycoprotein B (gB)	gB ORF31	Varicella-zoster virus (strain Oka vaccine) (HHV-3) (Human herpesvirus 3)	931	SIGNAL 1..71; /evidence="ECO:0000255"	Homo sapiens (Human) [TaxID: 9606]	11162813; 12388706; 18787000; 11414804; 19474103	10.1006/viro.2000.0775; 10.1128/jvi.76.22.11447-11459.2002; 10.1128/jvi.00777-08; 10.1006/viro.2001.0930; 10.1128/jvi.00400-09
Q4R1S0	reviewed	HBEAG_HBVA9	External core antigen (HBeAg) (Precore protein) (p25)	C	Hepatitis B virus genotype A3 (isolate Cameroon/CMR711/1994) (HBV-A)	214	SIGNAL 1..19; /evidence="ECO:0000255|HAMAP-Rule:MF_04076"	Homo sapiens (Human) [TaxID: 9606]; Pan troglodytes (Chimpanzee) [TaxID: 9598]	15958684	10.1099/vir.0.80922-0
Q4R1S8	reviewed	HBEAG_HBVA8	External core antigen (HBeAg) (Precore protein) (p25)	C	Hepatitis B virus genotype A3 (isolate Cameroon/CMR983/1994) (HBV-A)	214	SIGNAL 1..19; /evidence="ECO:0000255|HAMAP-Rule:MF_04076"	Homo sapiens (Human) [TaxID: 9606]; Pan troglodytes (Chimpanzee) [TaxID: 9598]	15958684	10.1099/vir.0.80922-0
Q5MQD0	reviewed	SPIKE_CVHN1	Spike glycoprotein (S glycoprotein) (E2) (Peplomer protein) [Cleaved into: Spike protein S1; Spike protein S2; Spike protein S2']	S 3	Human coronavirus HKU1 (isolate N1) (HCoV-HKU1)	1356	SIGNAL 1..12; /evidence="ECO:0000255|HAMAP-Rule:MF_04099"	Homo sapiens (Human) [TaxID: 9606]	15613317	10.1128/jvi.79.2.884-895.2005
Q64896	reviewed	HBEAG_ASHV	External core antigen (HBeAg) (Precore protein) (p25)	C	Arctic squirrel hepatitis virus (ASHV)	217	SIGNAL 1..20; /evidence="ECO:0000255|HAMAP-Rule:MF_04076"	Urocitellus parryii kennicottii [TaxID: 259022]	8676441	10.1128/jvi.70.7.4210-4219.1996
Q66798	reviewed	VGP_EBOSM	Envelope glycoprotein (GP1,2) (GP) [Cleaved into: GP1; GP2; Shed GP (GP1,2-delta)]	GP	Sudan ebolavirus (strain Maleo-79) (SEBOV) (Sudan Ebola virus)	676	SIGNAL 1..32; /evidence="ECO:0000255"	Epomops franqueti (Franquet's epauletted fruit bat) (Epomophorus franqueti) [TaxID: 77231]; Homo sapiens (Human) [TaxID: 9606]; Myonycteris torquata (Little collared fruit bat) [TaxID: 77243]	8622982	10.1073/pnas.93.8.3602
Q66799	reviewed	VGP_EBORR	Envelope glycoprotein (GP1,2) (GP) [Cleaved into: GP1; GP2; Shed GP (GP1,2-delta)]	GP	Reston ebolavirus (strain Reston-89) (REBOV) (Reston Ebola virus)	677	SIGNAL 1..33; /evidence="ECO:0000255"	Epomops franqueti (Franquet's epauletted fruit bat) (Epomophorus franqueti) [TaxID: 77231]; Homo sapiens (Human) [TaxID: 9606]; Myonycteris torquata (Little collared fruit bat) [TaxID: 77243]; Sus scrofa (Pig) [TaxID: 9823]	8622982; 12191779; 15661171; 11836430	10.1073/pnas.93.8.3602; 10.1016/s0168-1702(02)00087-4; 10.1016/j.virol.2004.11.018; 10.1128/jvi.76.5.2518-2528.2002
Q66810	reviewed	VGP_TAFVC	Envelope glycoprotein (GP1,2) (GP) [Cleaved into: GP1; GP2; GP2-delta]	GP	Tai Forest ebolavirus (strain Cote d'Ivoire-94) (TAFV) (Cote d'Ivoire Ebola virus)	676	SIGNAL 1..32; /evidence="ECO:0000255"	Epomops franqueti (Franquet's epauletted fruit bat) (Epomophorus franqueti) [TaxID: 77231]; Homo sapiens (Human) [TaxID: 9606]; Myonycteris torquata (Little collared fruit bat) [TaxID: 77243]	8622982; 14990712	10.1073/pnas.93.8.3602; 10.1128/jvi.78.6.2943-2947.2004
Q66814	reviewed	VGP_EBOSB	Envelope glycoprotein (GP1,2) (GP) [Cleaved into: GP1; GP2; Shed GP (GP1,2-delta)]	GP	Sudan ebolavirus (strain Boniface-76) (SEBOV) (Sudan Ebola virus)	676	SIGNAL 1..32; /evidence="ECO:0000255"	Epomops franqueti (Franquet's epauletted fruit bat) (Epomophorus franqueti) [TaxID: 77231]; Homo sapiens (Human) [TaxID: 9606]; Myonycteris torquata (Little collared fruit bat) [TaxID: 77243]	8622982; 14990712; 16775318	10.1073/pnas.93.8.3602; 10.1128/jvi.78.6.2943-2947.2004; 10.1128/jvi.02545-05
Q67876	reviewed	HBEAG_HBVD6	External core antigen (HBeAg) (Precore protein) (p25)	C	Hepatitis B virus genotype D subtype ayw (isolate Italy/CI/1992) (HBV-D)	212	SIGNAL 1..19; /evidence="ECO:0000255|HAMAP-Rule:MF_04076"	Homo sapiens (Human) [TaxID: 9606]; Pan troglodytes (Chimpanzee) [TaxID: 9598]		
Q68985	reviewed	CAPSD_HEVHY	Pro-secreted protein ORF2 (Protein ORF2) (pORF2) [Cleaved into: Secreted protein ORF2 (ORF2s)]	ORF2	Hepatitis E virus genotype 1 (isolate Human/India/Hyderabad) (HEV-1)	660	SIGNAL 1..19; /evidence="ECO:0000255"	Bandicota bengalensis (lesser bandicoot rat) [TaxID: 69079]; Callithrix [TaxID: 9481]; Cercopithecus hamlyni (Owl-faced monkey) (Hamlyn's monkey) [TaxID: 9536]; Chlorocebus aethiops (Green monkey) (Cercopithecus aethiops) [TaxID: 9534]; Homo sapiens (Human) [TaxID: 9606]; Macaca (macaques) [TaxID: 9539]; Mus musculus (Mouse) [TaxID: 10090]; Pan troglodytes (Chimpanzee) [TaxID: 9598]; Saimiri (squirrel monkeys) [TaxID: 9520]; Sus scrofa (Pig) [TaxID: 9823]	8567900; 10666275; 8523527; 10196303; 12488605; 11934888; 17229684	10.1128/jcm.33.10.2653-2659.1995; 10.1128/jvi.74.5.2430-2437.2000; 10.1128/jvi.70.1.207-216.1996; 10.1128/jvi.73.5.4074-4082.1999; 10.1155/s1110724301000262; 10.1074/jbc.m200185200; 10.1128/jvi.02039-06
Q69091	reviewed	GD_HHV11	Envelope glycoprotein D (gD)	gD US6	Human herpesvirus 1 (strain 17) (HHV-1) (Human herpes simplex virus 1)	394	SIGNAL 1..25; /evidence="ECO:0000255"	Homo sapiens (Human) [TaxID: 9606]	2984429; 2846760; 17218138; 1328685; 17670828; 19279114; 31921110; 22146396	10.1016/0022-2836(85)90320-1; 10.1099/0022-1317-69-11-2831; 10.1016/j.micinf.2006.10.019; 10.1128/jvi.66.11.6668-6685.1992; 10.1128/jvi.01343-07; 10.1128/jvi.00069-09; 10.3389/fimmu.2019.02810; 10.1038/ncomms1571
Q6J8F7	reviewed	CAPSD_HEVMG	Pro-secreted protein ORF2 (Protein ORF2) (pORF2) [Cleaved into: Secreted protein ORF2 (ORF2s)]	ORF2	Hepatitis E virus genotype 3 (isolate Swine/United States/swUS1) (HEV-3) (Hepatitis E virus genotype 3 (isolate Swine/United States/Meng))	660	SIGNAL 1..23; /evidence="ECO:0000255"	Bandicota bengalensis (lesser bandicoot rat) [TaxID: 69079]; Callithrix [TaxID: 9481]; Cercopithecus hamlyni (Owl-faced monkey) (Hamlyn's monkey) [TaxID: 9536]; Chlorocebus aethiops (Green monkey) (Cercopithecus aethiops) [TaxID: 9534]; Homo sapiens (Human) [TaxID: 9606]; Macaca (macaques) [TaxID: 9539]; Mus musculus (Mouse) [TaxID: 10090]; Pan troglodytes (Chimpanzee) [TaxID: 9598]; Saimiri (squirrel monkeys) [TaxID: 9520]; Sus scrofa (Pig) [TaxID: 9823]	9275216; 9811705; 15650181	10.1073/pnas.94.18.9860; 10.1128/jvi.72.12.9714-9721.1998; 10.1128/jvi.79.3.1552-1558.2005
Q6Q1S2	reviewed	SPIKE_CVHNL	Spike glycoprotein (S glycoprotein) (E2) (Peplomer protein)	S 2	Human coronavirus NL63 (HCoV-NL63)	1356	SIGNAL 1..18; /evidence="ECO:0000255|HAMAP-Rule:MF_04200"	Homo sapiens (Human) [TaxID: 9606]	15034574; 15073334; 15897467; 29142129; 17176042; 19901337; 27617430	10.1038/nm1024; 10.1073/pnas.0400762101; 10.1073/pnas.0409465102; 10.1128/jvi.01933-17; 10.1021/bi061686w; 10.1073/pnas.0908837106; 10.1038/nsmb.3293
Q6RJQ3	reviewed	UL141_HCMVM	Protein UL141	UL141	Human cytomegalovirus (strain Merlin) (HHV-5) (Human herpesvirus 5)	338	SIGNAL 1..25; /evidence="ECO:0000255"	Homo sapiens (Human) [TaxID: 9606]	15105547; 16195788; 15640804; 20410314; 23498957; 23555243	10.1099/vir.0.79888-0; 10.1007/s00705-005-0638-2; 10.1038/ni1156; 10.1099/vir.0.021931-0; 10.1016/j.chom.2013.02.003; 10.1371/journal.ppat.1003224
Q6SW67	reviewed	GH_HCMVM	Envelope glycoprotein H (gH)	gH UL75	Human cytomegalovirus (strain Merlin) (HHV-5) (Human herpesvirus 5)	742	SIGNAL 1..23; /evidence="ECO:0000255|HAMAP-Rule:MF_04033"	Homo sapiens (Human) [TaxID: 9606]	15105547; 17942555; 23853586; 23804643; 24957713; 26937030; 28403202; 30057110; 37146061; 28783665; 33626330	10.1099/vir.0.79888-0; 10.1128/jvi.01910-07; 10.1371/journal.ppat.1003463; 10.1128/jvi.01167-13; 10.4149/av_2014_02_103; 10.1128/jvi.02517-15; 10.1371/journal.ppat.1006281; 10.1016/j.cell.2018.06.028; 10.1371/journal.ppat.1011304; 10.1126/sciimmunol.aan1457; 10.1016/j.cell.2021.01.036
Q6UY66	reviewed	VGP_MABVO	Envelope glycoprotein (GP1,2) (GP) (Virion spike glycoprotein) [Cleaved into: GP1; GP2]	GP	Lake Victoria marburgvirus (strain Ozolin-75) (MARV) (Marburg virus (strain South Africa/Ozolin/1975))	681	SIGNAL 1..18; /evidence="ECO:0000250"	Chlorocebus aethiops (Green monkey) (Cercopithecus aethiops) [TaxID: 9534]; Homo sapiens (Human) [TaxID: 9606]; Rousettus aegyptiacus (Egyptian fruit bat) (Pteropus aegyptiacus) [TaxID: 9407]	9448698	10.1006/viro.1997.8902
Q70626	reviewed	ENV_HV1LW	Envelope glycoprotein gp160 (Env polyprotein) [Cleaved into: Surface protein gp120 (SU) (Glycoprotein 120) (gp120); Transmembrane protein gp41 (TM) (Glycoprotein 41) (gp41)]	env	Human immunodeficiency virus type 1 group M subtype B (isolate LW123) (HIV-1)	856	SIGNAL 1..32; /evidence="ECO:0000255|HAMAP-Rule:MF_04083"	Homo sapiens (Human) [TaxID: 9606]	7826699; 12974773; 12873764; 15719026; 15725757; 16114975; 16437164	10.1089/aid.1994.10.1143; 10.1034/j.1600-0463.2003.11107803.x; 10.1016/s0005-2736(03)00161-5; 10.1038/sj.cdd.4401584; 10.1089/aid.2005.21.171; 10.2165/00003495-200565130-00002; 10.1038/sj.emboj.7600947
Q73372	reviewed	ENV_HV1B9	Envelope glycoprotein gp160 (Env polyprotein) [Cleaved into: Surface protein gp120 (SU) (Glycoprotein 120) (gp120); Transmembrane protein gp41 (TM) (Glycoprotein 41) (gp41)]	env	Human immunodeficiency virus type 1 group M subtype B (strain 89.6) (HIV-1)	853	SIGNAL 1..31; /evidence="ECO:0000255|HAMAP-Rule:MF_04083"	Homo sapiens (Human) [TaxID: 9606]	1433527	10.1128/jvi.66.12.7517-7521.1992
Q74126	reviewed	ENV_HV2KR	Envelope glycoprotein gp160 (Env polyprotein) [Cleaved into: Surface protein gp120 (SU) (Glycoprotein 120) (gp120); Transmembrane protein gp41 (TM) (Glycoprotein 41) (gp41)]	env	Human immunodeficiency virus type 2 subtype A (isolate KR) (HIV-2)	857	SIGNAL 1..22; /evidence="ECO:0000255"	Homo sapiens (Human) [TaxID: 9606]	12029140	10.1099/0022-1317-83-6-1253
Q75008	reviewed	ENV_HV1ET	Envelope glycoprotein gp160 (Env polyprotein) [Cleaved into: Surface protein gp120 (SU) (Glycoprotein 120) (gp120); Transmembrane protein gp41 (TM) (Glycoprotein 41) (gp41)]	env	Human immunodeficiency virus type 1 group M subtype C (isolate ETH2220) (HIV-1)	851	SIGNAL 1..31; /evidence="ECO:0000255|HAMAP-Rule:MF_04083"	Homo sapiens (Human) [TaxID: 9606]	8891112; 12974773; 12873764; 15719026; 15725757; 16114975; 16437164	10.1089/aid.1996.12.1329; 10.1034/j.1600-0463.2003.11107803.x; 10.1016/s0005-2736(03)00161-5; 10.1038/sj.cdd.4401584; 10.1089/aid.2005.21.171; 10.2165/00003495-200565130-00002; 10.1038/sj.emboj.7600947
Q76638	reviewed	ENV_HV2UC	Envelope glycoprotein gp160 (Env polyprotein) [Cleaved into: Surface protein gp120 (SU) (Glycoprotein 120) (gp120); Transmembrane protein gp41 (TM) (Glycoprotein 41) (gp41)]	env	Human immunodeficiency virus type 2 subtype B (isolate UC1) (HIV-2)	857	SIGNAL 1..26; /evidence="ECO:0000255"	Homo sapiens (Human) [TaxID: 9606]	8419635; 12029140	10.1128/jvi.67.2.1006-1014.1993; 10.1099/0022-1317-83-6-1253
Q77377	reviewed	ENV_HV1AN	Envelope glycoprotein gp160 (Env polyprotein) [Cleaved into: Surface protein gp120 (SU) (Glycoprotein 120) (gp120); Transmembrane protein gp41 (TM) (Glycoprotein 41) (gp41)]	env	Human immunodeficiency virus type 1 group O (isolate ANT70) (HIV-1)	863	SIGNAL 1..32; /evidence="ECO:0000255|HAMAP-Rule:MF_04083"	Homo sapiens (Human) [TaxID: 9606]	8107220; 12974773; 12873764; 15719026; 15725757; 16114975; 16437164	10.1128/jvi.68.3.1586-1596.1994; 10.1034/j.1600-0463.2003.11107803.x; 10.1016/s0005-2736(03)00161-5; 10.1038/sj.cdd.4401584; 10.1089/aid.2005.21.171; 10.2165/00003495-200565130-00002; 10.1038/sj.emboj.7600947
Q77CE4	reviewed	GN_BHV1C	Envelope glycoprotein N	gN UL49.5	Bovine herpesvirus 1.1 (strain Cooper) (BoHV-1) (Infectious bovine rhinotracheitis virus)	96	SIGNAL 1..21; /evidence="ECO:0000255|HAMAP-Rule:MF_04037"	Bos taurus (Bovine) [TaxID: 9913]	9010999; 9525625	10.1016/s0378-1135(96)01235-7; 10.1128/jvi.72.4.3029-3036.1998
Q786F3	reviewed	FUS_MEASC	Fusion glycoprotein F0 [Cleaved into: Fusion glycoprotein F2; Fusion glycoprotein F1]	F	Measles virus (strain Ichinose-B95a) (MeV) (Subacute sclerose panencephalitis virus)	550	SIGNAL 1..23; /evidence="ECO:0000255"	Homo sapiens (Human) [TaxID: 9606]	10949953; 7707552; 22859308; 23027974; 25670774; 29298883; 33903248; 29463726; 38935733	10.1023/a:1008196729676; 10.1128/jvi.69.5.3206-3210.1995; 10.1074/jbc.m112.373308; 10.1073/pnas.1210925109; 10.1128/mbio.02528-14; 10.1128/jvi.02166-17; 10.1073/pnas.2026027118; 10.1073/pnas.1718957115; 10.1126/science.adm8693
Q79670	reviewed	ENV_HV1MV	Envelope glycoprotein gp160 (Env polyprotein) [Cleaved into: Surface protein gp120 (SU) (Glycoprotein 120) (gp120); Transmembrane protein gp41 (TM) (Glycoprotein 41) (gp41)]	env	Human immunodeficiency virus type 1 group O (isolate MVP5180) (HIV-1)	876	SIGNAL 1..33; /evidence="ECO:0000255|HAMAP-Rule:MF_04083"	Homo sapiens (Human) [TaxID: 9606]	8107219; 12974773; 12873764; 15719026; 15725757; 16114975; 16437164	10.1128/jvi.68.3.1581-1585.1994; 10.1034/j.1600-0463.2003.11107803.x; 10.1016/s0005-2736(03)00161-5; 10.1038/sj.cdd.4401584; 10.1089/aid.2005.21.171; 10.2165/00003495-200565130-00002; 10.1038/sj.emboj.7600947
Q7T9D9	reviewed	VGP_EBOSU	Envelope glycoprotein (GP1,2) (GP) [Cleaved into: GP1; GP2; Shed GP (GP1,2-delta)]	GP	Sudan ebolavirus (strain Human/Uganda/Gulu/2000) (SEBOV) (Sudan Ebola virus)	676	SIGNAL 1..32; /evidence="ECO:0000255"	Epomops franqueti (Franquet's epauletted fruit bat) (Epomophorus franqueti) [TaxID: 77231]; Homo sapiens (Human) [TaxID: 9606]; Myonycteris torquata (Little collared fruit bat) [TaxID: 77243]	15367603; 15047846; 16139097	10.1128/jvi.78.19.10370-10377.2004; 10.1128/jvi.78.8.4330-4341.2004; 10.1016/j.virusres.2005.03.028
Q806Y7	reviewed	GP_DOBV	Envelopment polyprotein (Glycoprotein precursor) (M polyprotein) [Cleaved into: Glycoprotein N (Gn) (Glycoprotein G1); Glycoprotein C (Gc) (Glycoprotein G2)]	GP	Dobrava-Belgrade orthohantavirus (DOBV) (Dobrava virus)	1135	SIGNAL 1..18; /evidence="ECO:0000255"	Apodemus agrarius (Eurasian field mouse) [TaxID: 39030]; Apodemus flavicollis (Yellow-necked field mouse) [TaxID: 54292]; Apodemus ponticus (Caucasus field mouse) [TaxID: 134909]; Homo sapiens (Human) [TaxID: 9606]	12457975; 12526053; 24755564	10.1016/s0168-1702(02)00179-x; 10.1002/jmv.10304; 10.3390/v6041801
Q81105	reviewed	HBEAG_HBVA5	External core antigen (HBeAg) (Precore protein) (p25)	C	Hepatitis B virus genotype A1 subtype adw (isolate Philippines/pFDW294/1988) (HBV-A)	214	SIGNAL 1..19; /evidence="ECO:0000255|HAMAP-Rule:MF_04076"	Homo sapiens (Human) [TaxID: 9606]; Pan troglodytes (Chimpanzee) [TaxID: 9598]		
Q81871	reviewed	CAPSD_HEVCH	Pro-secreted protein ORF2 (Protein ORF2) (pORF2) [Cleaved into: Secreted protein ORF2 (ORF2s)]	ORF2	Hepatitis E virus genotype 1 (isolate Human/China/HeBei/1987) (HEV)	660	SIGNAL 1..19; /evidence="ECO:0000255"	Homo sapiens (Human) [TaxID: 9606]	8346669; 19812150; 27155063; 27899274; 29379064; 31000788; 35055972; 35969792	10.1016/0168-1702(93)90024-h; 10.1128/jvi.00717-09; 10.1002/jmv.24570; 10.1016/j.virusres.2016.11.027; 10.1038/s41598-018-20137-2; 10.1038/s41598-019-42737-2; 10.3390/pathogens11010024; 10.1073/pnas.2202653119
Q83887	reviewed	GP_NYV	Envelopment polyprotein (M polyprotein) [Cleaved into: Glycoprotein N (Gn) (Glycoprotein G1); Glycoprotein C (Gc) (Glycoprotein G2)]	GP	New York virus (NYV)	1140	SIGNAL 1..17; /evidence="ECO:0000255"	Homo sapiens (Human) [TaxID: 9606]; Peromyscus leucopus (White-footed mouse) [TaxID: 10041]	7494337; 12502882; 15657120; 16973572; 18614628; 24390324; 24755564	10.1128/jvi.69.12.8137-8141.1995; 10.1128/jvi.77.2.1638-1643.2003; 10.1073/pnas.0406743102; 10.1128/jvi.00508-06; 10.1128/jvi.00290-08; 10.1128/jvi.02647-13; 10.3390/v6041801
Q85646	reviewed	ENV_MMTVC	Envelope glycoprotein gp70 (Env polyprotein) [Cleaved into: Surface protein (SU) (Glycoprotein 52) (gp52); Transmembrane protein (TM) (Glycoprotein 36) (gp36)]	env	Mouse mammary tumor virus (strain C3H) (MMTV)	688	SIGNAL 1..98; /evidence="ECO:0000269|PubMed:6281457"	Mus musculus (Mouse) [TaxID: 10090]	6312081; 10982330; 6281457; 6310154; 12970432	10.1128/jvi.47.3.495-504.1983; 10.1128/jvi.74.19.8876-8883.2000; 10.1128/jvi.41.2.414-422.1982; 10.1128/jvi.48.1.314-319.1983; 10.1128/jvi.77.19.10468-10478.2003
Q89501	reviewed	CD2H_ASFB7	CD2 homolog (CD2H) (5HL) (CD2v) (T-lymphocyte CD2 receptor-like protein) (CD2-like protein) (pEP402R)	Ba71V-058 EP402R	African swine fever virus (strain Badajoz 1971 Vero-adapted) (Ba71V) (ASFV)	402	SIGNAL 1..16; /evidence="ECO:0000255"	Ornithodoros (relapsing fever ticks) [TaxID: 6937]; Sus scrofa (Pig) [TaxID: 9823]	11831707; 8102411; 8615037; 19729182; 25915900; 28814514; 30185597; 32075923; 34006158	10.1006/viro.1995.1149; 10.1128/jvi.67.9.5312-5320.1993; 10.1006/viro.1996.0193; 10.1016/j.virol.2009.07.040; 10.1371/journal.pone.0123714; 10.1128/jvi.01058-17; 10.1128/jvi.01293-18; 10.1128/jvi.00119-20; 10.1080/10717544.2021.1909178
Q89607	reviewed	ENV_HV2EH	Envelope glycoprotein gp160 (Env polyprotein) [Cleaved into: Surface protein gp120 (SU) (Glycoprotein 120) (gp120); Transmembrane protein gp41 (TM) (Glycoprotein 41) (gp41)]	env	Human immunodeficiency virus type 2 subtype B (isolate EHO) (HIV-2)	852	SIGNAL 1..24; /evidence="ECO:0000255"	Homo sapiens (Human) [TaxID: 9606]	8009858; 7546916; 12029140	10.1006/viro.1994.1364; 10.1089/aid.1995.11.873; 10.1099/0022-1317-83-6-1253
Q89853	reviewed	VGP_EBORS	Envelope glycoprotein (GP1,2) (GP) [Cleaved into: GP1; GP2; Shed GP (GP1,2-delta)]	GP	Reston ebolavirus (strain Siena/Philippine-92) (REBOV) (Reston Ebola virus)	677	SIGNAL 1..33; /evidence="ECO:0000255"	Homo sapiens (Human) [TaxID: 9606]; Macaca fascicularis (Crab-eating macaque) (Cynomolgus monkey) [TaxID: 9541]; Pteropodinae [TaxID: 77225]; Sus scrofa (Pig) [TaxID: 9823]	8622982	10.1073/pnas.93.8.3602
Q89905	reviewed	GP_SINV	Envelopment polyprotein (M polyprotein) [Cleaved into: Glycoprotein N (Gn) (Glycoprotein G1); Glycoprotein C (Gc) (Glycoprotein G2)]	GP	Sin Nombre orthohantavirus (SNV) (Sin Nombre virus)	1140	SIGNAL 1..17; /evidence="ECO:0000255"	Homo sapiens (Human) [TaxID: 9606]; Peromyscus maniculatus (North American deer mouse) [TaxID: 10042]	8178455; 7494336; 24778254; 15919886; 24755564	10.1006/viro.1994.1235; 10.1128/jvi.69.12.8132-8136.1995; 10.1073/pnas.1401998111; 10.1128/jvi.79.12.7319-7326.2005; 10.3390/v6041801
Q8AIH5	reviewed	ENV_SIVTN	Envelope glycoprotein gp160 (Env polyprotein) [Cleaved into: Surface protein gp120 (SU) (Glycoprotein 120) (gp120); Transmembrane protein gp41 (TM) (Glycoprotein 32) (gp32)]		Simian immunodeficiency virus (isolate TAN1) (SIV-cpz) (Chimpanzee immunodeficiency virus)	871	SIGNAL 1..21; /evidence="ECO:0000255"	Pan troglodytes (Chimpanzee) [TaxID: 9598]	12525658	10.1128/jvi.77.3.2233-2242.2003
Q8BB25	reviewed	SPIKE_CVP67	Spike glycoprotein (S glycoprotein) (E2) (Peplomer protein) [Cleaved into: Spike protein S1; Spike protein S2; Spike protein S2']	S	Porcine hemagglutinating encephalomyelitis virus (strain 67N) (HEV-67N)	1349	SIGNAL 1..13; /evidence="ECO:0000255|HAMAP-Rule:MF_04099"	Sus scrofa (Pig) [TaxID: 9823]	12237422	10.1099/0022-1317-83-10-2411
Q8BB27	reviewed	VGLG_BDV1	Envelope glycoprotein p57 (gp84) (gp94) [Cleaved into: Envelope glycoprotein p27; Envelope glycoprotein p29]	G	Borna disease virus 1 (BoDV-1)	503	SIGNAL 1..22; /evidence="ECO:0000255"	Bos taurus (Bovine) [TaxID: 9913]; Bradypodidae (three-fingered sloths) [TaxID: 9352]; Capra hircus (Goat) [TaxID: 9925]; Cervidae (Deer) [TaxID: 9850]; Crocidura leucodon (Bicoloured white-toothed shrew) (Celebes shrew) [TaxID: 109474]; Equidae (horses) [TaxID: 9788]; Felis catus (Cat) (Felis silvestris catus) [TaxID: 9685]; Hexaprotodon liberiensis (Pygmy hippopotamus) (Choeropsis liberiensis) [TaxID: 56798]; Lama glama (Llama) [TaxID: 9844]; Oryctolagus cuniculus (Rabbit) [TaxID: 9986]; Ovis aries (Sheep) [TaxID: 9940]; Struthio camelus (Common ostrich) [TaxID: 8801]; Varecia variegata (Black-and-white ruffed lemur) (Lemur macaco variegatus) [TaxID: 9455]; Vicugna pacos (Alpaca) (Lama pacos) [TaxID: 30538]	7906311; 12208952; 9557754; 19656886; 11815287	10.1128/jvi.68.3.1382-1396.1994; 10.1128/jvi.76.19.9735-9743.2002; 10.1128/jvi.72.5.4528-4533.1998; 10.1128/jvi.00990-09; 10.2741/a789
Q8JSP8	reviewed	SPIKE_CVPIA	Spike glycoprotein (S glycoprotein) (E2) (Peplomer protein) [Cleaved into: Spike protein S1; Spike protein S2; Spike protein S2']	S	Porcine hemagglutinating encephalomyelitis virus (strain IAF-404) (HEV)	1349	SIGNAL 1..13; /evidence="ECO:0000255|HAMAP-Rule:MF_04099"	Sus scrofa (Pig) [TaxID: 9823]	12237422	10.1099/0022-1317-83-10-2411
Q8JSZ3	reviewed	GP_CCHFI	Envelopment polyprotein (M polyprotein) [Cleaved into: Mucin-like variable region; GP38; Glycoprotein N (Gn) (37 kDa protein) (Glycoprotein G2); Non-Structural protein M (NSm) (15 kDa protein); Glycoprotein C (Gc) (75 kDa protein) (Glycoprotein G1)]	GP	Crimean-Congo hemorrhagic fever virus (strain Nigeria/IbAr10200/1970) (CCHFV)	1684	SIGNAL 1..22; /evidence="ECO:0000255"	Bos taurus (Bovine) [TaxID: 9913]; Capra hircus (Goat) [TaxID: 9925]; Homo sapiens (Human) [TaxID: 9606]; Hyalomma [TaxID: 34625]; Ovis aries (Sheep) [TaxID: 9940]; Rhipicephalus microplus (Cattle tick) (Boophilus microplus) [TaxID: 6941]	12072526; 12885882; 15850490; 17898072; 17409136; 17197010; 19088291; 25933376; 33672327; 38182887; 31996434; 34793197; 35234630	10.1128/jvi.76.14.7263-7275.2002; 10.1128/jvi.77.16.8640-8649.2003; 10.1186/1743-422x-2-42; 10.1128/jvi.01647-07; 10.1128/jvi.02730-06; 10.1016/j.virol.2006.11.023; 10.1099/vir.0.006387-0; 10.1371/journal.ppat.1004879; 10.3390/v13020353; 10.1038/s41422-023-00917-w; 10.1128/jvi.02005-19; 10.1126/science.abl6502; 10.1016/j.virs.2022.01.015
Q8V436	reviewed	SPIKE_CVBLU	Spike glycoprotein (S glycoprotein) (E2) (Peplomer protein) [Cleaved into: Spike protein S1; Spike protein S2; Spike protein S2']	S 3	Bovine coronavirus (strain 98TXSF-110-LUN) (BCoV-LUN) (BCV)	1363	SIGNAL 1..13; /evidence="ECO:0000255|HAMAP-Rule:MF_04099"	Bos taurus (Bovine) [TaxID: 9913]	11714968	10.1099/0022-1317-82-12-2927
Q913A8	reviewed	HBEAG_HBVC7	External core antigen (HBeAg) (Precore protein) (p25)	C	Hepatitis B virus genotype C subtype ayw (isolate China/Tibet127/2002) (HBV-C)	212	SIGNAL 1..19; /evidence="ECO:0000255|HAMAP-Rule:MF_04076"	Homo sapiens (Human) [TaxID: 9606]; Pan troglodytes (Chimpanzee) [TaxID: 9598]	12388813	10.1099/0022-1317-83-11-2773
Q91A26	reviewed	SPIKE_CVBEN	Spike glycoprotein (S glycoprotein) (E2) (Peplomer protein) [Cleaved into: Spike protein S1; Spike protein S2; Spike protein S2']	S 3	Bovine coronavirus (strain 98TXSF-110-ENT) (BCoV-ENT) (BCV)	1363	SIGNAL 1..13; /evidence="ECO:0000255|HAMAP-Rule:MF_04099"	Bos taurus (Bovine) [TaxID: 9913]	11714968	10.1099/0022-1317-82-12-2927
Q91C37	reviewed	HBEAG_HBVA6	External core antigen (HBeAg) (Precore protein) (p25)	C	Hepatitis B virus genotype A1 subtype adw2 (isolate South Africa/84/2001) (HBV-A)	214	SIGNAL 1..19; /evidence="ECO:0000255|HAMAP-Rule:MF_04076"	Homo sapiens (Human) [TaxID: 9606]; Pan troglodytes (Chimpanzee) [TaxID: 9598]	11596083	10.1002/jmv.2062.abs
Q91DD8	reviewed	VGP_EBORE	Envelope glycoprotein (GP1,2) (GP) [Cleaved into: GP1; GP2; Shed GP (GP1,2-delta)]	GP	Reston ebolavirus (strain Philippines-96) (REBOV) (Reston Ebola virus)	677	SIGNAL 1..33; /evidence="ECO:0000255"	Homo sapiens (Human) [TaxID: 9606]; Macaca fascicularis (Crab-eating macaque) (Cynomolgus monkey) [TaxID: 9541]; Pteropodinae [TaxID: 77225]; Sus scrofa (Pig) [TaxID: 9823]	11722021; 17005688	10.1007/s007050170049; 10.1128/jvi.01157-06
Q9E006	reviewed	GP_ANDV	Envelopment polyprotein (Glycoprotein precursor) (M polyprotein) [Cleaved into: Glycoprotein N (Gn) (Glycoprotein G1); Glycoprotein C (Gc) (Glycoprotein G2)]	GP ADT63_77597gpM ADT63_77598gpM	Andes orthohantavirus (ANDV) (Andes virus)	1138	SIGNAL 1..18; /evidence="ECO:0000255"	Abrothrix longipilis (Long-haired grass mouse) (Akodon longipilis) [TaxID: 29094]; Homo sapiens (Human) [TaxID: 9606]; Loxodontomys micropus (Southern big-eared mouse) (Auliscomys micropus) [TaxID: 89122]; Oligoryzomys chacoensis (Chacoan pygmy rice rat) [TaxID: 37015]; Oligoryzomys flavescens (yellow pygmy rice rat) [TaxID: 218824]; Oligoryzomys longicaudatus (Long-tailed pygmy rice rat) [TaxID: 137207]; Oligoryzomys sp. [TaxID: 37019]	11907216; 12367756; 12185264; 16973572; 24390324; 24755564; 26310672; 27414047; 31180319; 19179334; 22203819; 32937107	10.1128/jvi.76.8.3765-3773.2002; 10.1016/s0168-1702(02)00129-6; 10.1099/0022-1317-83-9-2117; 10.1128/jvi.00508-06; 10.1128/jvi.02647-13; 10.3390/v6041801; 10.1099/jgv.0.000269; 10.1371/journal.pntd.0004799; 10.7554/elife.46028; 10.1074/jbc.m808081200; 10.3389/fmicb.2011.00251; 10.1016/j.cell.2020.08.023
Q9IDV2	reviewed	ENV_HV1YB	Envelope glycoprotein gp160 (Env polyprotein) [Cleaved into: Surface protein gp120 (SU) (Glycoprotein 120) (gp120); Transmembrane protein gp41 (TM) (Glycoprotein 41) (gp41)]	env	Human immunodeficiency virus type 1 group N (isolate YBF106) (HIV-1)	836	SIGNAL 1..21; /evidence="ECO:0000255|HAMAP-Rule:MF_04083"	Homo sapiens (Human) [TaxID: 9606]	15199313; 12974773; 12873764; 15719026; 15725757; 16114975; 16437164	10.1097/01.aids.0000125990.86904.28; 10.1034/j.1600-0463.2003.11107803.x; 10.1016/s0005-2736(03)00161-5; 10.1038/sj.cdd.4401584; 10.1089/aid.2005.21.171; 10.2165/00003495-200565130-00002; 10.1038/sj.emboj.7600947
Q9IH63	reviewed	FUS_NIPAV	Fusion glycoprotein F0 (Protein F) [Cleaved into: Fusion glycoprotein F2; Fusion glycoprotein F1]	F	Nipah virus	546	SIGNAL 1..26; /evidence="ECO:0000255"	Cynopterus brachyotis (Lesser short-nosed fruit bat) (Pachysoma brachyotis) [TaxID: 58060]; Eonycteris spelaea (Lesser dawn bat) (Macroglossus spelaeus) [TaxID: 58065]; Homo sapiens (Human) [TaxID: 9606]; Pteropus hypomelanus (Island flying fox) (Variable flying fox) [TaxID: 9405]; Pteropus vampyrus (Large flying fox) [TaxID: 132908]; Scotophilus kuhlii (Lesser asiatic yellow bat) [TaxID: 153297]; Sus scrofa (Pig) [TaxID: 9823]	10860887; 10827955; 11514724; 11880045; 15663869; 25275126; 26059400; 27654290; 28250132; 26646856; 31570878; 31767754; 33927387; 36932063; 39240113; 38214525	10.1006/viro.2000.0340; 10.1126/science.288.5470.1432; 10.1099/0022-1317-82-9-2151; 10.1016/s1286-4579(01)01522-2; 10.3201/eid1012.040452; 10.1128/jvi.01632-14; 10.1016/j.ejcb.2015.05.005; 10.1128/jvi.01469-16; 10.1128/jvi.02150-16; 10.1371/journal.ppat.1005322; 10.1038/s41594-019-0308-9; 10.1073/pnas.1912503116; 10.1038/s41594-021-00584-8; 10.1038/s41467-023-36995-y; 10.1128/jvi.00638-24; 10.1128/jvi.01372-23
Q9IKD1	reviewed	SPIKE_CVRSD	Spike glycoprotein (S glycoprotein) (E2) (Peplomer protein) [Cleaved into: Spike protein S1; Spike protein S2; Spike protein S2']	S	Rat coronavirus (strain 681) (RCV-SDAV) (Sialodacryoadenitis virus SDAV-681)	1360	SIGNAL 1..13; /evidence="ECO:0000255|HAMAP-Rule:MF_04099"	Rattus norvegicus (Rat) [TaxID: 10116]	10882653	10.1128/cdli.7.4.568-573.2000
Q9IPJ6	reviewed	GLYCO_RABVN	Glycoprotein	G	Rabies virus (strain Nishigahara RCEH) (RABV)	524	SIGNAL 1..19; /evidence="ECO:0000255"	Homo sapiens (Human) [TaxID: 9606]; Mammalia [TaxID: 40674]	11270607; 17010466	10.1111/j.1348-0421.2001.tb01274.x; 10.1016/j.virusres.2006.08.011
Q9IVZ8	reviewed	CAPSD_HEVCT	Pro-secreted protein ORF2 (Protein ORF2) (pORF2) [Cleaved into: Secreted protein ORF2 (ORF2s)]	ORF2	Hepatitis E virus genotype 4 (isolate Human/China/T1) (HEV-4) (Hepatitis E virus genotype 4 (isolate Human/China/Ct1))	658	SIGNAL 1..19; /evidence="ECO:0000255"	Bandicota bengalensis (lesser bandicoot rat) [TaxID: 69079]; Callithrix [TaxID: 9481]; Cercopithecus hamlyni (Owl-faced monkey) (Hamlyn's monkey) [TaxID: 9536]; Chlorocebus aethiops (Green monkey) (Cercopithecus aethiops) [TaxID: 9534]; Gallus gallus (Chicken) [TaxID: 9031]; Homo sapiens (Human) [TaxID: 9606]; Macaca (macaques) [TaxID: 9539]; Mus musculus (Mouse) [TaxID: 10090]; Pan troglodytes (Chimpanzee) [TaxID: 9598]; Saimiri (squirrel monkeys) [TaxID: 9520]; Sus scrofa (Pig) [TaxID: 9823]	10859372; 19622744	10.1099/0022-1317-81-7-1675; 10.1073/pnas.0904848106
Q9J3M8	reviewed	GE_VZVO	Envelope glycoprotein E (gE)	gE ORF68	Varicella-zoster virus (strain Oka vaccine) (HHV-3) (Human herpesvirus 3)	623	SIGNAL 1..30; /evidence="ECO:0000255"	Homo sapiens (Human) [TaxID: 9606]	10720545; 11162813; 12388706; 18787000; 12368341; 17055432; 18400847; 18945783	10.1086/315335; 10.1006/viro.2000.0775; 10.1128/jvi.76.22.11447-11459.2002; 10.1128/jvi.00777-08; 10.1128/jvi.76.21.10980-10993.2002; 10.1016/j.cell.2006.08.046; 10.1128/jvi.00303-08; 10.1128/jvi.00913-08
Q9Q714	reviewed	ENV_HV1V9	Envelope glycoprotein gp160 (Env polyprotein) [Cleaved into: Surface protein gp120 (SU) (Glycoprotein 120) (gp120); Transmembrane protein gp41 (TM) (Glycoprotein 41) (gp41)]	env	Human immunodeficiency virus type 1 group M subtype H (isolate VI991) (HIV-1)	859	SIGNAL 1..28; /evidence="ECO:0000255|HAMAP-Rule:MF_04083"	Homo sapiens (Human) [TaxID: 9606]	10983640; 12974773; 12873764; 15719026; 15725757; 16114975; 16437164	10.1097/00002030-200007280-00009; 10.1034/j.1600-0463.2003.11107803.x; 10.1016/s0005-2736(03)00161-5; 10.1038/sj.cdd.4401584; 10.1089/aid.2005.21.171; 10.2165/00003495-200565130-00002; 10.1038/sj.emboj.7600947
Q9QAQ8	reviewed	SPIKE_CVBOK	Spike glycoprotein (S glycoprotein) (E2) (Peplomer protein) [Cleaved into: Spike protein S1; Spike protein S2; Spike protein S2']	S 3	Bovine coronavirus (strain OK-0514) (BCoV) (BCV)	1363	SIGNAL 1..13; /evidence="ECO:0000255|HAMAP-Rule:MF_04099"	Bos taurus (Bovine) [TaxID: 9913]	9778786	10.1023/a:1008048916808
Q9QAR5	reviewed	SPIKE_CVBLS	Spike glycoprotein (S glycoprotein) (E2) (Peplomer protein) [Cleaved into: Spike protein S1; Spike protein S2; Spike protein S2']	S 3	Bovine coronavirus (strain LSU-94LSS-051) (BCoV-LSU) (BCV)	1363	SIGNAL 1..13; /evidence="ECO:0000255|HAMAP-Rule:MF_04099"	Bos taurus (Bovine) [TaxID: 9913]	9778786	10.1023/a:1008048916808
Q9QBY2	reviewed	ENV_HV196	Envelope glycoprotein gp160 (Env polyprotein) [Cleaved into: Surface protein gp120 (SU) (Glycoprotein 120) (gp120); Transmembrane protein gp41 (TM) (Glycoprotein 41) (gp41)]	env	Human immunodeficiency virus type 1 group M subtype K (isolate 96CM-MP535) (HIV-1)	842	SIGNAL 1..31; /evidence="ECO:0000255|HAMAP-Rule:MF_04083"	Homo sapiens (Human) [TaxID: 9606]	10659053; 12974773; 12873764; 15719026; 15725757; 16114975; 16437164	10.1089/088922200309485; 10.1034/j.1600-0463.2003.11107803.x; 10.1016/s0005-2736(03)00161-5; 10.1038/sj.cdd.4401584; 10.1089/aid.2005.21.171; 10.2165/00003495-200565130-00002; 10.1038/sj.emboj.7600947
Q9QBZ0	reviewed	ENV_HV1M2	Envelope glycoprotein gp160 (Env polyprotein) [Cleaved into: Surface protein gp120 (SU) (Glycoprotein 120) (gp120); Transmembrane protein gp41 (TM) (Glycoprotein 41) (gp41)]	env	Human immunodeficiency virus type 1 group M subtype F2 (isolate MP257) (HIV-1)	850	SIGNAL 1..31; /evidence="ECO:0000255|HAMAP-Rule:MF_04083"	Homo sapiens (Human) [TaxID: 9606]	10659053; 12974773; 12873764; 15719026; 15725757; 16114975; 16437164	10.1089/088922200309485; 10.1034/j.1600-0463.2003.11107803.x; 10.1016/s0005-2736(03)00161-5; 10.1038/sj.cdd.4401584; 10.1089/aid.2005.21.171; 10.2165/00003495-200565130-00002; 10.1038/sj.emboj.7600947
Q9QBZ4	reviewed	ENV_HV1MP	Envelope glycoprotein gp160 (Env polyprotein) [Cleaved into: Surface protein gp120 (SU) (Glycoprotein 120) (gp120); Transmembrane protein gp41 (TM) (Glycoprotein 41) (gp41)]	env	Human immunodeficiency virus type 1 group M subtype F2 (isolate MP255) (HIV-1)	843	SIGNAL 1..33; /evidence="ECO:0000255|HAMAP-Rule:MF_04083"	Homo sapiens (Human) [TaxID: 9606]	10659053; 12974773; 12873764; 15719026; 15725757; 16114975; 16437164	10.1089/088922200309485; 10.1034/j.1600-0463.2003.11107803.x; 10.1016/s0005-2736(03)00161-5; 10.1038/sj.cdd.4401584; 10.1089/aid.2005.21.171; 10.2165/00003495-200565130-00002; 10.1038/sj.emboj.7600947
Q9QBZ8	reviewed	ENV_HV197	Envelope glycoprotein gp160 (Env polyprotein) [Cleaved into: Surface protein gp120 (SU) (Glycoprotein 120) (gp120); Transmembrane protein gp41 (TM) (Glycoprotein 41) (gp41)]	env	Human immunodeficiency virus type 1 group M subtype K (isolate 97ZR-EQTB11) (HIV-1)	851	SIGNAL 1..31; /evidence="ECO:0000255|HAMAP-Rule:MF_04083"	Homo sapiens (Human) [TaxID: 9606]	10659053; 12974773; 12873764; 15719026; 15725757; 16114975; 16437164	10.1089/088922200309485; 10.1034/j.1600-0463.2003.11107803.x; 10.1016/s0005-2736(03)00161-5; 10.1038/sj.cdd.4401584; 10.1089/aid.2005.21.171; 10.2165/00003495-200565130-00002; 10.1038/sj.emboj.7600947
Q9QSQ7	reviewed	ENV_HV1VI	Envelope glycoprotein gp160 (Env polyprotein) [Cleaved into: Surface protein gp120 (SU) (Glycoprotein 120) (gp120); Transmembrane protein gp41 (TM) (Glycoprotein 41) (gp41)]	env	Human immunodeficiency virus type 1 group M subtype F1 (isolate VI850) (HIV-1)	832	SIGNAL 1..31; /evidence="ECO:0000255|HAMAP-Rule:MF_04083"	Homo sapiens (Human) [TaxID: 9606]	10725202; 12974773; 12873764; 15719026; 15725757; 16114975; 16437164	10.1006/viro.2000.0214; 10.1034/j.1600-0463.2003.11107803.x; 10.1016/s0005-2736(03)00161-5; 10.1038/sj.cdd.4401584; 10.1089/aid.2005.21.171; 10.2165/00003495-200565130-00002; 10.1038/sj.emboj.7600947
Q9TTC0	reviewed	ENV_KORV	Envelope glycoprotein (Env polyprotein) [Cleaved into: Surface protein (SU) (Glycoprotein 70) (gp70); Transmembrane protein (TM) (Envelope protein p15E); R-peptide (p2E)]	env	Koala retrovirus (KoRV)	659	SIGNAL 1..35; /evidence="ECO:0000255"	Phascolarctos cinereus (Koala) [TaxID: 38626]	10756041	10.1128/jvi.74.9.4264-4272.2000
Q9WC60	reviewed	ENV_HV1S2	Envelope glycoprotein gp160 (Env polyprotein) [Cleaved into: Surface protein gp120 (SU) (Glycoprotein 120) (gp120); Transmembrane protein gp41 (TM) (Glycoprotein 41) (gp41)]	env	Human immunodeficiency virus type 1 group M subtype J (isolate SE9280) (HIV-1)	848	SIGNAL 1..28; /evidence="ECO:0000255|HAMAP-Rule:MF_04083"	Homo sapiens (Human) [TaxID: 9606]	10052760; 12974773; 12873764; 15719026; 15725757; 16114975; 16437164	10.1089/088922299311475; 10.1034/j.1600-0463.2003.11107803.x; 10.1016/s0005-2736(03)00161-5; 10.1038/sj.cdd.4401584; 10.1089/aid.2005.21.171; 10.2165/00003495-200565130-00002; 10.1038/sj.emboj.7600947
Q9WC69	reviewed	ENV_HV1S9	Envelope glycoprotein gp160 (Env polyprotein) [Cleaved into: Surface protein gp120 (SU) (Glycoprotein 120) (gp120); Transmembrane protein gp41 (TM) (Glycoprotein 41) (gp41)]	env	Human immunodeficiency virus type 1 group M subtype J (isolate SE9173) (HIV-1)	850	SIGNAL 1..28; /evidence="ECO:0000255|HAMAP-Rule:MF_04083"	Homo sapiens (Human) [TaxID: 9606]	10052760; 12974773; 12873764; 15719026; 15725757; 16114975; 16437164	10.1089/088922299311475; 10.1034/j.1600-0463.2003.11107803.x; 10.1016/s0005-2736(03)00161-5; 10.1038/sj.cdd.4401584; 10.1089/aid.2005.21.171; 10.2165/00003495-200565130-00002; 10.1038/sj.emboj.7600947
Q9WJE9	reviewed	HBEAG_HBVGO	External core antigen (HBeAg) (Precore protein) (p25)	C	Gorilla hepatitis B virus (isolate Cameroon/gor97) (HBVgor)	212	SIGNAL 1..19; /evidence="ECO:0000255|HAMAP-Rule:MF_04076"	Gorilla gorilla (western gorilla) [TaxID: 9593]	10799618	10.1128/jvi.74.11.5377-5381.2000
Q9WMB7	reviewed	HBEAG_HBVC2	External core antigen (HBeAg) (Precore protein) (p25)	C	Hepatitis B virus genotype C subtype ar (isolate Japan/S-207/1988) (HBV-C)	212	SIGNAL 1..19; /evidence="ECO:0000255|HAMAP-Rule:MF_04076"	Homo sapiens (Human) [TaxID: 9606]; Pan troglodytes (Chimpanzee) [TaxID: 9598]	9930189	10.1007/s007050050463
Q9YLQ9	reviewed	CAPSD_HEVUS	Pro-secreted protein ORF2 (Protein ORF2) (pORF2) [Cleaved into: Secreted protein ORF2 (ORF2s)]	ORF2	Hepatitis E virus genotype 3 (isolate Human/United States/US2) (HEV-3)	660	SIGNAL 1..23; /evidence="ECO:0000255"	Bandicota bengalensis (lesser bandicoot rat) [TaxID: 69079]; Callithrix [TaxID: 9481]; Cercopithecus hamlyni (Owl-faced monkey) (Hamlyn's monkey) [TaxID: 9536]; Chlorocebus aethiops (Green monkey) (Cercopithecus aethiops) [TaxID: 9534]; Homo sapiens (Human) [TaxID: 9606]; Macaca (macaques) [TaxID: 9539]; Mus musculus (Mouse) [TaxID: 10090]; Pan troglodytes (Chimpanzee) [TaxID: 9598]; Saimiri (squirrel monkeys) [TaxID: 9520]; Sus scrofa (Pig) [TaxID: 9823]	10092008; 29669922; 19620712	10.1099/0022-1317-80-3-681; 10.1073/pnas.1721345115; 10.1073/pnas.0903699106
R4V2Q5	reviewed	GP_SFTS	Envelopment polyprotein (M polyprotein) [Cleaved into: Glycoprotein N (Gn) (Glycoprotein G1); Glycoprotein C (Gc) (Glycoprotein G2)]		Dabie bandavirus (Severe fever with thrombocytopenia virus) (Huaiyangshan banyangvirus)	1073	SIGNAL 1..19; /evidence="ECO:0000255"		23388721; 27325770; 28827346	10.1128/jvi.02628-12; 10.1073/pnas.1603827113; 10.1073/pnas.1705176114
A1Z0Q5	reviewed	GD_HHV1K	Envelope glycoprotein D (gD)	gD US6	Human herpesvirus 1 (strain KOS) (HHV-1) (Human herpes simplex virus 1)	394	SIGNAL 1..25; /evidence="ECO:0000255"	Homo sapiens (Human) [TaxID: 9606]	17604805; 8116256; 9696799; 10520990; 11602758; 39048823; 39048830	10.1016/j.virol.2007.05.040; 10.1006/viro.1994.1098; 10.1128/jvi.72.9.7064-7074.1998; 10.1016/s0092-8674(00)80058-6; 10.1128/jvi.75.22.11185-11195.2001; 10.1038/s41586-024-07670-z; 10.1038/s41586-024-07745-x
A3DRP0	reviewed	HEMA_I96A2	Hemagglutinin [Cleaved into: Hemagglutinin HA1 chain; Hemagglutinin HA2 chain]	HA	Influenza A virus (strain A/USA:Memphis/10/1996 H1N1)	566	SIGNAL 1..17; /evidence="ECO:0000255|HAMAP-Rule:MF_04072"	Aves [TaxID: 8782]; Homo sapiens (Human) [TaxID: 9606]; Sus scrofa (Pig) [TaxID: 9823]		
A3RM22	reviewed	GLYCO_RABVI	Glycoprotein	G	Rabies virus (strain India) (RABV)	524	SIGNAL 1..19; /evidence="ECO:0000255"	Homo sapiens (Human) [TaxID: 9606]; Mammalia [TaxID: 40674]		
A4GBX7	reviewed	HEMA_I77AA	Hemagglutinin [Cleaved into: Hemagglutinin HA1 chain; Hemagglutinin HA2 chain]	HA	Influenza A virus (strain A/Brazil/11/1978 H1N1)	566	SIGNAL 1..17; /evidence="ECO:0000255|HAMAP-Rule:MF_04072"	Aves [TaxID: 8782]; Homo sapiens (Human) [TaxID: 9606]; Sus scrofa (Pig) [TaxID: 9823]		
A4GCH5	reviewed	HEMA_I83A1	Hemagglutinin [Cleaved into: Hemagglutinin HA1 chain; Hemagglutinin HA2 chain]	HA	Influenza A virus (strain A/Chile/1/1983 H1N1)	566	SIGNAL 1..17; /evidence="ECO:0000255|HAMAP-Rule:MF_04072"	Aves [TaxID: 8782]; Homo sapiens (Human) [TaxID: 9606]; Sus scrofa (Pig) [TaxID: 9823]		
A4GCI6	reviewed	HEMA_I36A0	Hemagglutinin [Cleaved into: Hemagglutinin HA1 chain; Hemagglutinin HA2 chain]	HA	Influenza A virus (strain A/Henry/1936 H1N1)	566	SIGNAL 1..17; /evidence="ECO:0000255|HAMAP-Rule:MF_04072"	Aves [TaxID: 8782]; Homo sapiens (Human) [TaxID: 9606]; Sus scrofa (Pig) [TaxID: 9823]		
A4GCJ7	reviewed	HEMA_I80AA	Hemagglutinin [Cleaved into: Hemagglutinin HA1 chain; Hemagglutinin HA2 chain]	HA	Influenza A virus (strain A/India/6263/1980 H1N1)	566	SIGNAL 1..17; /evidence="ECO:0000255|HAMAP-Rule:MF_04072"	Aves [TaxID: 8782]; Homo sapiens (Human) [TaxID: 9606]; Sus scrofa (Pig) [TaxID: 9823]		
A4GCK8	reviewed	HEMA_I43A0	Hemagglutinin [Cleaved into: Hemagglutinin HA1 chain; Hemagglutinin HA2 chain]	HA	Influenza A virus (strain A/USA:Iowa/1943 H1N1)	565	SIGNAL 1..17; /evidence="ECO:0000255|HAMAP-Rule:MF_04072"	Aves [TaxID: 8782]; Homo sapiens (Human) [TaxID: 9606]; Sus scrofa (Pig) [TaxID: 9823]		
A4GCL9	reviewed	HEMA_I35A3	Hemagglutinin [Cleaved into: Hemagglutinin HA1 chain; Hemagglutinin HA2 chain]	HA	Influenza A virus (strain A/USA:Phila/1935 H1N1)	566	SIGNAL 1..17; /evidence="ECO:0000255|HAMAP-Rule:MF_04072"	Aves [TaxID: 8782]; Homo sapiens (Human) [TaxID: 9606]; Sus scrofa (Pig) [TaxID: 9823]		
A4K143	reviewed	HEMA_I54A2	Hemagglutinin [Cleaved into: Hemagglutinin HA1 chain; Hemagglutinin HA2 chain]	HA	Influenza A virus (strain A/Malaysia:Malaya/302/1954 H1N1)	566	SIGNAL 1..17; /evidence="ECO:0000255|HAMAP-Rule:MF_04072"	Aves [TaxID: 8782]; Homo sapiens (Human) [TaxID: 9606]; Sus scrofa (Pig) [TaxID: 9823]		
A4U6V2	reviewed	HEMA_I45A0	Hemagglutinin [Cleaved into: Hemagglutinin HA1 chain; Hemagglutinin HA2 chain]	HA	Influenza A virus (strain A/USA:Huston/AA/1945 H1N1)	566	SIGNAL 1..17; /evidence="ECO:0000255|HAMAP-Rule:MF_04072"	Aves [TaxID: 8782]; Homo sapiens (Human) [TaxID: 9606]; Sus scrofa (Pig) [TaxID: 9823]		
A4U7A6	reviewed	HEMA_I51A0	Hemagglutinin [Cleaved into: Hemagglutinin HA1 chain; Hemagglutinin HA2 chain]	HA	Influenza A virus (strain A/USA:Albany/12/1951 H1N1)	566	SIGNAL 1..17; /evidence="ECO:0000255|HAMAP-Rule:MF_04072"	Aves [TaxID: 8782]; Homo sapiens (Human) [TaxID: 9606]; Sus scrofa (Pig) [TaxID: 9823]		
A8C8J4	reviewed	HEMA_I07A0	Hemagglutinin [Cleaved into: Hemagglutinin HA1 chain; Hemagglutinin HA2 chain]	HA	Influenza A virus (strain A/USA:Texas/UR06-0195/2007 H1N1)	565	SIGNAL 1..17; /evidence="ECO:0000255|HAMAP-Rule:MF_04072"	Aves [TaxID: 8782]; Homo sapiens (Human) [TaxID: 9606]; Sus scrofa (Pig) [TaxID: 9823]		
A8C8W3	reviewed	HEMA_I67A2	Hemagglutinin [Cleaved into: Hemagglutinin HA1 chain; Hemagglutinin HA2 chain]	HA	Influenza A virus (strain A/Swine/Wisconsin/1/1967 H1N1)	566	SIGNAL 1..17; /evidence="ECO:0000255|HAMAP-Rule:MF_04072"	Aves [TaxID: 8782]; Homo sapiens (Human) [TaxID: 9606]; Sus scrofa (Pig) [TaxID: 9823]		
B4URD6	reviewed	HEMA_I06A0	Hemagglutinin [Cleaved into: Hemagglutinin HA1 chain; Hemagglutinin HA2 chain]	HA	Influenza A virus (strain A/Russia:St.Petersburg/8/2006 H1N1)	565	SIGNAL 1..17; /evidence="ECO:0000255|HAMAP-Rule:MF_04072"	Aves [TaxID: 8782]; Homo sapiens (Human) [TaxID: 9606]; Sus scrofa (Pig) [TaxID: 9823]		
B9VXD7	reviewed	US03_HCMVT	Membrane glycoprotein US3	US3	Human cytomegalovirus (strain Towne) (HHV-5) (Human herpesvirus 5)	186	SIGNAL 1..20; /evidence="ECO:0000255"	Homo sapiens (Human) [TaxID: 9606]	19553388; 15105547; 12525649	10.1099/vir.0.013250-0; 10.1099/vir.0.79888-0; 10.1128/jvi.77.3.2147-2156.2003
F5HAK9	reviewed	GH_HHV8P	Envelope glycoprotein H (gH)	gH ORF22	Human herpesvirus 8 type P (isolate GK18) (HHV-8) (Kaposi's sarcoma-associated herpesvirus)	730	SIGNAL 1..21; /evidence="ECO:0000255|HAMAP-Rule:MF_04033"	Homo sapiens (Human) [TaxID: 9606]	10400794; 16760382; 11932406; 22635007	10.1128/jvi.73.8.6953-6963.1999; 10.1099/vir.0.81919-0; 10.1128/jvi.76.9.4390-4400.2002; 10.1038/nm.2805
F5HB53	reviewed	GB_HCMVM	Envelope glycoprotein B (gB)	gB UL55	Human cytomegalovirus (strain Merlin) (HHV-5) (Human herpesvirus 5)	907	SIGNAL 1..24; /evidence="ECO:0000255|HAMAP-Rule:MF_04032"	Homo sapiens (Human) [TaxID: 9606]	15105547	10.1099/vir.0.79888-0
F5HCH8	reviewed	GL_HCMVM	Envelope glycoprotein L (gL)	gL UL115	Human cytomegalovirus (strain Merlin) (HHV-5) (Human herpesvirus 5)	278	SIGNAL 1..30; /evidence="ECO:0000255|HAMAP-Rule:MF_04036"	Homo sapiens (Human) [TaxID: 9606]	15105547; 17942555; 28403202; 30057110; 37146061; 33626330	10.1099/vir.0.79888-0; 10.1128/jvi.01910-07; 10.1371/journal.ppat.1006281; 10.1016/j.cell.2018.06.028; 10.1371/journal.ppat.1011304; 10.1016/j.cell.2021.01.036
F5HFQ0	reviewed	GN_HHV8P	Envelope glycoprotein N	gN ORF53	Human herpesvirus 8 type P (isolate GK18) (HHV-8) (Kaposi's sarcoma-associated herpesvirus)	110	SIGNAL 1..17; /evidence="ECO:0000255|HAMAP-Rule:MF_04037"	Homo sapiens (Human) [TaxID: 9606]	10400794; 16760382; 12771417	10.1128/jvi.73.8.6953-6963.1999; 10.1099/vir.0.81919-0; 10.1099/vir.0.18941-0
F5HGP1	reviewed	GO_HCMVM	Envelope glycoprotein O	UL74	Human cytomegalovirus (strain Merlin) (HHV-5) (Human herpesvirus 5)	472	SIGNAL 1..31; /evidence="ECO:0000255"	Homo sapiens (Human) [TaxID: 9606]	15105547; 28403202	10.1099/vir.0.79888-0; 10.1371/journal.ppat.1006281
L7V0S7	reviewed	GP_BHAV	Envelopment polyprotein (M polyprotein) [Cleaved into: Glycoprotein N (Gn) (Glycoprotein G1); Glycoprotein C (Gc) (Glycoprotein G2)]	GP	Bhanja virus (BHAV)	1070	SIGNAL 1..17; /evidence="ECO:0000255"	Amblyomma variegatum (Tropical bont tick) [TaxID: 34610]; Atelerix albiventris (Middle-African hedgehog) (Four-toed hedgehog) [TaxID: 9368]; Bos taurus (Bovine) [TaxID: 9913]; Capra hircus (Goat) [TaxID: 9925]; Capreolus capreolus (European roe deer) (Cervus capreolus) [TaxID: 9858]; Dermacentor marginatus (Ornate sheep tick) (Acarus marginatus) [TaxID: 49202]; Haemaphysalis intermedia [TaxID: 1027255]; Haemaphysalis punctata [TaxID: 49204]; Haemaphysalis sulcata [TaxID: 490559]; Homo sapiens (Human) [TaxID: 9606]; Hyalomma detritum [TaxID: 572043]; Hyalomma dromedarii (Camel tick) [TaxID: 34626]; Hyalomma marginatum [TaxID: 34627]; Hyalomma truncatum [TaxID: 72855]; Ixodes ricinus (Common tick) (Acarus ricinus) [TaxID: 34613]; Ixodes vespertilionis [TaxID: 59656]; Ovis aries (Sheep) [TaxID: 9940]; Rhipicephalus annulatus [TaxID: 34611]; Rhipicephalus appendiculatus (Brown ear tick) [TaxID: 34631]; Rhipicephalus bursa (Tick) [TaxID: 67831]; Rhipicephalus decoloratus (African blue tick) (Boophilus decoloratus) [TaxID: 60189]; Rhipicephalus geigyi [TaxID: 136141]; Rhipicephalus sanguineus (Brown dog tick) (Ixodes sanguineus) [TaxID: 34632]; Sus scrofa (Pig) [TaxID: 9823]; Xerus erythropus (Striped ground squirrel) [TaxID: 327507]	23325688	10.1128/jvi.02845-12
O09800	reviewed	GN_HHV11	Envelope glycoprotein N	gN UL49.5 UL49A	Human herpesvirus 1 (strain 17) (HHV-1) (Human herpes simplex virus 1)	91	SIGNAL 1..23; /evidence="ECO:0000255|HAMAP-Rule:MF_04037"	Homo sapiens (Human) [TaxID: 9606]	2839594; 17229708; 18596102; 25505065; 26999189	10.1099/0022-1317-69-7-1531; 10.1128/jvi.01463-06; 10.1128/jvi.00904-08; 10.1128/jvi.03041-14; 10.3390/v8030083
O11283	reviewed	HEMA_I89A2	Hemagglutinin [Cleaved into: Hemagglutinin HA1 chain; Hemagglutinin HA2 chain]	HA	Influenza A virus (strain A/Beijing/353/1989 H3N2)	566	SIGNAL 1..16; /evidence="ECO:0000255|HAMAP-Rule:MF_04072"	Aves [TaxID: 8782]; Cetacea (whales & dolphins) [TaxID: 9721]; Homo sapiens (Human) [TaxID: 9606]; Phocidae (true seals) [TaxID: 9709]; Sus scrofa (Pig) [TaxID: 9823]	15218094; 9223253	10.1126/science.1097211; 10.1073/pnas.94.15.7712
O36362	reviewed	GB_ALHV1	Envelope glycoprotein B (gB)	gB 8	Alcelaphine herpesvirus 1 (strain C500) (AlHV-1) (Malignant catarrhal fever virus)	854	SIGNAL 1..22; /evidence="ECO:0000255|HAMAP-Rule:MF_04032"	Connochaetes taurinus (Blue wildebeest) [TaxID: 9927]	9261371	10.1128/jvi.71.9.6517-6525.1997
O55647	reviewed	GP_TSWV	Envelopment polyprotein (M polyprotein) [Cleaved into: Glycoprotein N (Gn) (Glycoprotein G2); Glycoprotein C (Gc) (Glycoprotein G1)]	GP	Tomato spotted wilt virus (TSWV)	1135	SIGNAL 1..35; /evidence="ECO:0000255"	Frankliniella occidentalis (Western flower thrips) (Euthrips occidentalis) [TaxID: 133901]; Scirtothrips dorsalis (Chilli thrips) [TaxID: 163899]; Solanum lycopersicum (Tomato) (Lycopersicon esculentum) [TaxID: 4081]; Thrips tabaci [TaxID: 161014]		
O56140	reviewed	HEMA_I97A1	Hemagglutinin [Cleaved into: Hemagglutinin HA1 chain; Hemagglutinin HA2 chain]	HA	Influenza A virus (strain A/Hong Kong/156/1997 H5N1 genotype Gs/Gd)	568	SIGNAL 1..16; /evidence="ECO:0000255|HAMAP-Rule:MF_04072"	Aves [TaxID: 8782]; Felis catus (Cat) (Felis silvestris catus) [TaxID: 9685]; Homo sapiens (Human) [TaxID: 9606]; Panthera pardus (Leopard) (Felis pardus) [TaxID: 9691]; Panthera tigris (Tiger) [TaxID: 9694]; Sus scrofa (Pig) [TaxID: 9823]	9482438; 9658115; 9430591	10.1016/s0140-6736(97)11212-0; 10.1128/jvi.72.8.6678-6688.1998; 10.1126/science.279.5349.393
O57295	reviewed	FUS_SENDO	Fusion glycoprotein F0 (Protein F) [Cleaved into: Fusion glycoprotein F2; Fusion glycoprotein F1]	F	Sendai virus (strain Ohita) (SeV)	565	SIGNAL 1..25; /evidence="ECO:0000250"	Cavia cutleri (Guinea pig) [TaxID: 10144]; Cricetidae sp. (Hamster) [TaxID: 36483]; Mus musculus (Mouse) [TaxID: 10090]; Rattus norvegicus (Rat) [TaxID: 10116]	8151795; 9400971	10.1128/jvi.68.5.3369-3373.1994; 10.1099/0022-1317-78-12-3207
O80297	reviewed	G3P_BPIF1	Attachment protein G3P (Gene 3 protein) (G3P) (Minor coat protein) (pIII)	III	Escherichia phage If1 (Bacteriophage If1)	460	SIGNAL 1..16; /evidence="ECO:0000255"	Escherichia coli [TaxID: 562]	21110981	10.1016/j.jmb.2010.11.030
O89342	reviewed	FUS_HENDH	Fusion glycoprotein F0 (Protein F) [Cleaved into: Fusion glycoprotein F2; Fusion glycoprotein F1]	F	Hendra virus (isolate Horse/Autralia/Hendra/1994)	546	SIGNAL 1..26; /evidence="ECO:0000255"	Equus caballus (Horse) [TaxID: 9796]; Homo sapiens (Human) [TaxID: 9606]; Pteropus alecto (Black flying fox) [TaxID: 9402]; Pteropus poliocephalus (Grey-headed flying fox) [TaxID: 9403]; Pteropus scapulatus (Little red flying fox) [TaxID: 94117]	8822631; 11024125; 28468881; 16972940; 26712026	10.1016/0168-1702(96)01308-1; 10.1128/jvi.74.21.9972-9979.2000; 10.1128/jvi.00152-17; 10.1111/j.1742-4658.2006.05459.x; 10.1073/pnas.1523303113
O89746	reviewed	HEMA_I97A0	Hemagglutinin [Cleaved into: Hemagglutinin HA1 chain; Hemagglutinin HA2 chain]	HA	Influenza A virus (strain A/Chicken/Hong Kong/220/1997 H5N1 genotype Gs/Gd)	568	SIGNAL 1..16; /evidence="ECO:0000255|HAMAP-Rule:MF_04072"	Aves [TaxID: 8782]; Felis catus (Cat) (Felis silvestris catus) [TaxID: 9685]; Homo sapiens (Human) [TaxID: 9606]; Panthera pardus (Leopard) (Felis pardus) [TaxID: 9691]; Panthera tigris (Tiger) [TaxID: 9694]; Sus scrofa (Pig) [TaxID: 9823]	9658115	10.1128/jvi.72.8.6678-6688.1998
O91262	reviewed	HEMA_CVPV	Hemagglutinin-esterase (HE protein) (EC 3.1.1.53) (E3 glycoprotein)	HE	Puffinosis coronavirus (PV) (Puffinosis virus)	439	SIGNAL 1..22; /evidence="ECO:0000255|HAMAP-Rule:MF_04207"	Puffinus puffinus (Manx shearwater) [TaxID: 48688]	10196267; 11807232	10.1128/jvi.73.5.3737-3743.1999; 10.1099/0022-1317-83-2-395
O92367	reviewed	HEMA_CVMDV	Hemagglutinin-esterase (HE protein) (EC 3.1.1.53) (E3 glycoprotein)	HE 2b	Murine coronavirus (strain DVIM) (MHV-DVIM) (Murine hepatitis virus)	431	SIGNAL 1..21; /evidence="ECO:0000255|HAMAP-Rule:MF_04207"	Mus (mice) [TaxID: 10088]	15507445	10.1074/jbc.m409683200
O92955	reviewed	ENV_RSVSB	Envelope glycoprotein gp95 (Env polyprotein) [Cleaved into: Surface protein (SU) (Glycoprotein 85) (gp85); Transmembrane protein (TM) (Glycoprotein 37) (gp37)]	env	Rous sarcoma virus subgroup B (strain Schmidt-Ruppin) (RSV-SR-B)	613	SIGNAL 1..62; /evidence="ECO:0000255"	Gallus gallus (Chicken) [TaxID: 9031]	8945512; 16051833; 31151254	10.1016/s0092-8674(00)81992-3; 10.1128/jvi.79.16.10408-10419.2005; 10.3390/v11060497
P00587	reviewed	DTX_COROM	Diphtheria toxin (DT) (NAD(+)--diphthamide ADP-ribosyltransferase) (EC 2.4.2.36) [Cleaved into: Diphtheria toxin fragment A; Diphtheria toxin fragment B]		Corynephage omega	560	SIGNAL 1..25	Corynebacterium diphtheriae [TaxID: 1717]	6314249	10.1093/nar/11.19.6589
P03180	reviewed	IL10H_EBVB9	Viral interleukin-10 homolog (vIL-10) (20 kDa protein) (Protein BCRF1)	BCRF1	Epstein-Barr virus (strain B95-8) (HHV-4) (Human herpesvirus 4)	170	SIGNAL 1..23; /evidence="ECO:0000255"	Homo sapiens (Human) [TaxID: 9606]	6087149; 2998073; 12771413; 2161559; 9310490; 9159483; 15837194	10.1038/310207a0; 10.1016/0042-6822(85)90229-6; 10.1099/vir.0.19054-0; 10.1126/science.2161559; 10.1006/jmbi.1997.0990; 10.1016/j.str.2005.01.016
P03212	reviewed	GL_EBVB9	Envelope glycoprotein L (gL)	gL BKRF2	Epstein-Barr virus (strain B95-8) (HHV-4) (Human herpesvirus 4)	137	SIGNAL 1..22; /evidence="ECO:0000255|HAMAP-Rule:MF_04034"	Homo sapiens (Human) [TaxID: 9606]	6087149; 12771413; 7539502; 9621012; 11562531; 15534216; 29292383; 29292384; 21149717; 27929061; 28939750	10.1038/310207a0; 10.1099/vir.0.19054-0; 10.1128/jvi.69.7.3987-3994.1995; 10.1128/jvi.72.7.5552-5558.1998; 10.1099/0022-1317-82-10-2373; 10.1073/pnas.0407320101; 10.1038/s41564-017-0080-8; 10.1038/s41564-017-0081-7; 10.1073/pnas.1011806108; 10.1038/ncomms13557; 10.1073/pnas.1704661114
P03228	reviewed	BARF1_EBVB9	Secreted protein BARF1 (33 kDa early protein) (p33)	BARF1	Epstein-Barr virus (strain B95-8) (HHV-4) (Human herpesvirus 4)	221	SIGNAL 1..20; /evidence="ECO:0000255"	Homo sapiens (Human) [TaxID: 9606]	6087149; 12771413; 2555151; 9557689; 15064715; 15778977; 16054293; 16518412; 17872516; 18533018; 16647084	10.1038/310207a0; 10.1099/vir.0.19054-0; 10.1002/j.1460-2075.1989.tb08438.x; 10.1128/jvi.72.5.4015-4021.1998; 10.1038/sj.onc.1207607; 10.1002/jmv.20327; 10.1016/j.canlet.2005.06.023; 10.1038/sj.onc.1209458; 10.1099/vir.0.83058-0; 10.1186/1743-422x-5-70; 10.1016/j.jmb.2006.03.056
P03250	reviewed	E3RDB_ADE02	Early 3 receptor internalization and degradation beta protein (E3 RID-beta protein) (Early E3B 14.5 kDa protein) (E3-14.5k)		Human adenovirus C serotype 2 (HAdV-2) (Human adenovirus 2)	130	SIGNAL 1..19; /evidence="ECO:0000250"	Homo sapiens (Human) [TaxID: 9606]	6262722; 2309441; 1532104; 1533979; 1531370; 7983708; 12388693; 14690856; 14674598	10.1093/nar/9.5.1229; 10.1016/0042-6822(90)90182-q; 10.1016/0042-6822(92)90451-t; 10.1016/0042-6822(92)90511-m; 10.1128/jvi.66.3.1665-1673.1992; 10.1128/jvi.69.1.172-181.1995; 10.1128/jvi.76.22.11329-11342.2002; 10.1080/08830180490265556; 10.1007/978-3-662-05599-1_2
P03374	reviewed	ENV_MMTVG	Envelope glycoprotein gp70 (Env polyprotein) [Cleaved into: Surface protein (SU) (Glycoprotein 52) (gp52); Transmembrane protein (TM) (Glycoprotein 36) (gp36)]	env	Mouse mammary tumor virus (strain GR) (MMTV)	688	SIGNAL 1..98; /evidence="ECO:0000250"	Mus musculus (Mouse) [TaxID: 10090]	11894899; 6310154	10.1002/j.1460-2075.1983.tb01393.x; 10.1128/jvi.48.1.314-319.1983
P03379	reviewed	ENV_VILV	Envelope glycoprotein gp160 (Env polyprotein) [Cleaved into: Surface protein (Glycoprotein 135) (gp135); Transmembrane protein (Glycoprotein 46) (gp46)]	env	Maedi visna virus (strain 1514) (MVV) (Visna lentivirus)	982	SIGNAL 1..106; /evidence="ECO:0000255"	Ovis aries (Sheep) [TaxID: 9940]	2410140; 2824836; 11447278	10.1016/s0092-8674(85)80132-x; 10.1128/jvi.61.12.4046-4054.1987; 10.1073/pnas.151254798
P03380	reviewed	ENV_BLVJ	Envelope glycoprotein (Env polyprotein) [Cleaved into: Surface protein (SU) (Glycoprotein 51) (gp51); Transmembrane protein (TM) (Glycoprotein 30) (gp30)]	env	Bovine leukemia virus (isolate Japanese BLV-1) (BLV)	515	SIGNAL 1..33; /evidence="ECO:0000255"	Bos taurus (Bovine) [TaxID: 9913]	2983308; 6204444; 2997990	10.1073/pnas.82.3.677; 10.1016/0042-6822(84)90197-1; 10.1016/0042-6822(85)90344-7
P03381	reviewed	ENV_HTL1A	Envelope glycoprotein gp62 (Env polyprotein) [Cleaved into: Surface protein (SU) (Glycoprotein 46) (gp46); Transmembrane protein (TM) (Glycoprotein 21) (gp21)]	env	Human T-cell leukemia virus 1 (strain Japan ATK-1 subtype A) (HTLV-1)	488	SIGNAL 1..20; /evidence="ECO:0000255"	Homo sapiens (Human) [TaxID: 9606]	6304725	10.1073/pnas.80.12.3618
P03388	reviewed	ENV_MCFF3	Envelope glycoprotein (Env polyprotein) [Cleaved into: Surface protein (SU) (Glycoprotein 70) (gp70); Transmembrane protein (TM) (Envelope protein p15E); R-peptide (p2E)]	env	Mink cell focus-forming murine leukemia virus (isolate CI-3)	640	SIGNAL 1..32; /evidence="ECO:0000255"	Mus musculus (Mouse) [TaxID: 10090]	6319752	10.1128/jvi.49.2.530-539.1984
P03392	reviewed	ENV_FSVST	Envelope glycoprotein (Env polyprotein) [Cleaved into: Surface protein (SU) (Glycoprotein 70) (gp70); Transmembrane protein (TM) (Envelope protein p15E)]	env	Feline sarcoma virus (strain Snyder-Theilen)	534	SIGNAL 1..34; /evidence="ECO:0000255"	Felidae (cat family) [TaxID: 9681]	6319767	10.1128/jvi.49.2.629-632.1984
P03393	reviewed	ENV_FRSF5	Glycoprotein 55 (gp55)	env	Friend spleen focus-forming virus (isolate 502) (FSFFV)	409	SIGNAL 1..32; /evidence="ECO:0000255"	Mus musculus (Mouse) [TaxID: 10090]	6576374; 2159537; 11090047; 11483734; 12930840	10.1073/pnas.80.16.5037; 10.1128/jvi.64.6.2678-2686.1990; 10.1128/jvi.75.17.7893-7903.2001; 10.1074/jbc.m302974200
P03399	reviewed	ENV_AVIRE	Envelope glycoprotein (Env polyprotein) [Cleaved into: Surface protein (SU) (Glycoprotein 73) (gp73); Transmembrane protein (TM) (Glycoprotein 22) (gp22)]	env	Avian reticuloendotheliosis virus	582	SIGNAL 1..35; /evidence="ECO:0000255"	Galliformes [TaxID: 8976]	6090694	10.1128/jvi.52.1.172-182.1984
P03438	reviewed	HEMA_I000X	Hemagglutinin [Cleaved into: Hemagglutinin HA1 chain; Hemagglutinin HA2 chain]	HA	Influenza A virus (strain A/X-31 H3N2)	566	SIGNAL 1..16; /evidence="ECO:0000255|HAMAP-Rule:MF_04072"	Aves [TaxID: 8782]; Cetacea (whales & dolphins) [TaxID: 9721]; Homo sapiens (Human) [TaxID: 9606]; Phocidae (true seals) [TaxID: 9709]; Sus scrofa (Pig) [TaxID: 9823]	7421990; 15122347; 8263915	10.1038/287301a0; 10.1038/nsmb769; 10.1006/jmbi.1993.1663
P03439	reviewed	HEMA_I72A3	Hemagglutinin [Cleaved into: Hemagglutinin HA1 chain; Hemagglutinin HA2 chain]	HA	Influenza A virus (strain A/Memphis/102/1972 H3N2)	566	SIGNAL 1..16; /evidence="ECO:0000255|HAMAP-Rule:MF_04072"	Aves [TaxID: 8782]; Cetacea (whales & dolphins) [TaxID: 9721]; Homo sapiens (Human) [TaxID: 9606]; Phocidae (true seals) [TaxID: 9709]; Sus scrofa (Pig) [TaxID: 9823]		
P03440	reviewed	HEMA_I77A8	Hemagglutinin [Cleaved into: Hemagglutinin HA1 chain; Hemagglutinin HA2 chain]	HA	Influenza A virus (strain A/England/321/1977 H3N2)	566	SIGNAL 1..16; /evidence="ECO:0000255|HAMAP-Rule:MF_04072"	Aves [TaxID: 8782]; Homo sapiens (Human) [TaxID: 9606]; Mysticeti (baleen whales) [TaxID: 9761]; Phocidae (true seals) [TaxID: 9709]; Sus scrofa (Pig) [TaxID: 9823]	6822816	10.1099/0022-1317-64-1-215
P03442	reviewed	HEMA_I63A3	Hemagglutinin [Cleaved into: Hemagglutinin HA1 chain; Hemagglutinin HA2 chain]	HA	Influenza A virus (strain A/Duck/Ukraine/1/1963 H3N8)	566	SIGNAL 1..16; /evidence="ECO:0000255|HAMAP-Rule:MF_04072"	Aves [TaxID: 8782]; Equus caballus (Horse) [TaxID: 9796]	6169439; 12758169	10.1016/0092-8674(81)90049-0; 10.1016/s0042-6822(03)00068-0
P03443	reviewed	HEMA_I76A1	Hemagglutinin [Cleaved into: Hemagglutinin HA1 chain; Hemagglutinin HA2 chain]	HA	Influenza A virus (strain A/Duck/Alberta/28/1976 H4N6)	564	SIGNAL 1..16; /evidence="ECO:0000255|HAMAP-Rule:MF_04072"	Aves [TaxID: 8782]; Sus scrofa (Pig) [TaxID: 9823]	2705304; 6174976	10.1016/0042-6822(89)90166-9; 10.1073/pnas.78.12.7639
P03444	reviewed	HEMA_I53A0	Hemagglutinin [Cleaved into: Hemagglutinin HA1 chain]	HA	Influenza A virus (strain A/Duck/Manitoba/1/1953 H10N7)	106	SIGNAL 1..17; /evidence="ECO:0000255"	Anatidae (waterfowl) [TaxID: 8830]; Gallus gallus (Chicken) [TaxID: 9031]	6174976	10.1073/pnas.78.12.7639
P03445	reviewed	HEMA_I76AH	Hemagglutinin [Cleaved into: Hemagglutinin HA1 chain]	HA	Influenza A virus (strain A/Duck/Memphis/546/1976 H11N9)	100	SIGNAL 1..16; /evidence="ECO:0000255"	Aves [TaxID: 8782]	6174976	10.1073/pnas.78.12.7639
P03446	reviewed	HEMA_I76A2	Hemagglutinin [Cleaved into: Hemagglutinin HA1 chain; Hemagglutinin HA2 chain]	HA	Influenza A virus (strain A/Duck/Alberta/60/1976 H12N5)	564	SIGNAL 1..16; /evidence="ECO:0000255|HAMAP-Rule:MF_04072"	Aves [TaxID: 8782]; Sus scrofa (Pig) [TaxID: 9823]	2024485; 6174976	10.1016/0042-6822(91)90588-3; 10.1073/pnas.78.12.7639
P03447	reviewed	HEMA_I75A1	Hemagglutinin [Cleaved into: Hemagglutinin HA1 chain]	HA	Influenza A virus (strain A/Shearwater/Australia/1975 H5N3)	109	SIGNAL 1..16; /evidence="ECO:0000255"	Aves [TaxID: 8782]	6174976	10.1073/pnas.78.12.7639
P03448	reviewed	HEMA_I72A5	Hemagglutinin [Cleaved into: Hemagglutinin HA1 chain; Hemagglutinin HA2 chain]	HA	Influenza A virus (strain A/Shearwater/Australia/1972 H6N5)	566	SIGNAL 1..16; /evidence="ECO:0000255|HAMAP-Rule:MF_04072"	Aves [TaxID: 8782]	2024485; 6174976	10.1016/0042-6822(91)90588-3; 10.1073/pnas.78.12.7639
P03449	reviewed	HEMA_I71A1	Hemagglutinin [Cleaved into: Hemagglutinin HA1 chain; Hemagglutinin HA2 chain]	HA	Influenza A virus (strain A/Memphis/1/1971 H3N2)	566	SIGNAL 1..16; /evidence="ECO:0000255|HAMAP-Rule:MF_04072"	Aves [TaxID: 8782]; Cetacea (whales & dolphins) [TaxID: 9721]; Homo sapiens (Human) [TaxID: 9606]; Phocidae (true seals) [TaxID: 9709]; Sus scrofa (Pig) [TaxID: 9823]	6193634; 6174976	10.1016/0042-6822(83)90277-5; 10.1073/pnas.78.12.7639
P03450	reviewed	HEMA_I57A4	Hemagglutinin [Cleaved into: Hemagglutinin HA1 chain]	HA	Influenza A virus (strain A/RI/5-/1957 H2N2)	108	SIGNAL 1..15; /evidence="ECO:0000255"	Aves [TaxID: 8782]; Homo sapiens (Human) [TaxID: 9606]	6174976	10.1073/pnas.78.12.7639
P03453	reviewed	HEMA_I77AB	Hemagglutinin [Cleaved into: Hemagglutinin HA1 chain; Hemagglutinin HA2 chain]	HA	Influenza A virus (strain A/USSR/90/1977 H1N1)	566	SIGNAL 1..17; /evidence="ECO:0000255|HAMAP-Rule:MF_04072"	Aves [TaxID: 8782]; Homo sapiens (Human) [TaxID: 9606]; Sus scrofa (Pig) [TaxID: 9823]	6690716; 6196912	10.1128/jvi.49.1.276-278.1984; 10.1016/0042-6822(83)90538-x
P03455	reviewed	HEMA_I76AI	Hemagglutinin [Cleaved into: Hemagglutinin HA1 chain; Hemagglutinin HA2 chain]	HA	Influenza A virus (strain A/Swine/New Jersey/11/1976 H1N1)	566	SIGNAL 1..17; /evidence="ECO:0000255|HAMAP-Rule:MF_04072"	Aves [TaxID: 8782]; Homo sapiens (Human) [TaxID: 9606]; Sus scrofa (Pig) [TaxID: 9823]	6580621	10.1073/pnas.80.22.6996
P03456	reviewed	HEMA_I68A3	Hemagglutinin [Cleaved into: Hemagglutinin HA1 chain; Hemagglutinin HA2 chain]	HA	Influenza A virus (strain A/Turkey/Ontario/6118/1968 H8N4)	565	SIGNAL 1..15; /evidence="ECO:0000255|HAMAP-Rule:MF_04072"	Aves [TaxID: 8782]	2024485; 16439620; 6174976	10.1016/0042-6822(91)90588-3; 10.1126/science.1121586; 10.1073/pnas.78.12.7639
P03457	reviewed	HEMA_I66A1	Hemagglutinin [Cleaved into: Hemagglutinin HA1 chain; Hemagglutinin HA2 chain]	HA	Influenza A virus (strain A/Turkey/Wisconsin/1/1966 H9N2)	560	SIGNAL 1..18; /evidence="ECO:0000255|HAMAP-Rule:MF_04072"	Aves [TaxID: 8782]	2024485; 16026813; 16439620; 6174976	10.1016/0042-6822(91)90588-3; 10.1016/j.virol.2005.06.025; 10.1126/science.1121586; 10.1073/pnas.78.12.7639
P03458	reviewed	HEMA_I71A2	Hemagglutinin [Cleaved into: Hemagglutinin HA1 chain; Hemagglutinin HA2 chain]	HA	Influenza A virus (strain A/Turkey/Oregon/1971 H7N3)	560	SIGNAL 1..18; /evidence="ECO:0000255|HAMAP-Rule:MF_04072"	Aves [TaxID: 8782]	2345964; 6174976	10.1016/0042-6822(90)90023-k; 10.1073/pnas.78.12.7639
P03460	reviewed	HEMA_INBLE	Hemagglutinin [Cleaved into: Hemagglutinin HA1 chain; Hemagglutinin HA2 chain]	HA	Influenza B virus (strain B/Lee/1940)	584	SIGNAL 1..15; /evidence="ECO:0000255|HAMAP-Rule:MF_04072"	Homo sapiens (Human) [TaxID: 9606]	6192436	10.1073/pnas.80.14.4527
P03463	reviewed	HEMA_INBSI	Hemagglutinin [Cleaved into: Hemagglutinin HA1 chain; Hemagglutinin HA2 chain]	HA	Influenza B virus (strain B/Singapore/222/1979)	583	SIGNAL 1..15; /evidence="ECO:0000255|HAMAP-Rule:MF_04072"	Homo sapiens (Human) [TaxID: 9606]	6348701	10.1093/nar/11.14.4703
P03464	reviewed	HEMA_INBOR	Hemagglutinin [Cleaved into: Hemagglutinin HA1 chain; Hemagglutinin HA2 chain]	HA	Influenza B virus (strain B/Oregon/5/1980)	583	SIGNAL 1..15; /evidence="ECO:0000255|HAMAP-Rule:MF_04072"	Homo sapiens (Human) [TaxID: 9606]	6208383	10.1128/jvi.52.3.919-927.1984
P03465	reviewed	HEMA_INCCA	Hemagglutinin-esterase-fusion glycoprotein (HEF) (EC 3.1.1.53) [Cleaved into: Hemagglutinin-esterase-fusion glycoprotein chain 1 (HEF1); Hemagglutinin-esterase-fusion glycoprotein chain 2 (HEF2)]	HE	Influenza C virus (strain C/California/1978)	654	SIGNAL 1..14; /evidence="ECO:0000255|HAMAP-Rule:MF_04072"	Homo sapiens (Human) [TaxID: 9606]; Sus scrofa (Pig) [TaxID: 9823]	6699942	10.1128/jvi.50.1.118-124.1984
P03524	reviewed	GLYCO_RABVE	Glycoprotein	G	Rabies virus (strain ERA) (RABV)	524	SIGNAL 1..19	Homo sapiens (Human) [TaxID: 9606]; Mammalia [TaxID: 40674]	6272128; 6897030; 3966297; 1587845; 9451021; 15804965	10.1038/294275a0; 10.1016/0147-9571(82)90011-x; 10.1016/0042-6822(85)90440-4; 10.1016/s0021-9258(19)50073-4; 10.1093/glycob/8.2.121; 10.1080/13550280590900427
P03621	reviewed	CAPSD_BPPF1	Capsid protein G8P (Coat protein B) (Gene 8 protein) (G8P) (Major coat protein) (pVIII)	VIII	Pseudomonas phage Pf1 (Bacteriophage Pf1)	82	SIGNAL 1..28	Pseudomonas aeruginosa [TaxID: 287]	2010913; 1110754; 1925543; 8036516; 15299811; 10666593; 15288792; 15741342; 19761238; 20816058; 21082179; 32071243	10.1016/0022-2836(91)90717-k; 10.1038/253068a0; 10.1126/science.1925543; 10.1126/science.8036516; 10.1107/s0907444995003027; 10.1107/s0907444999015334; 10.1016/j.jmb.2004.06.038; 10.1110/ps.041220305; 10.1021/ja905640d; 10.1016/j.bpj.2010.06.009; 10.1007/s00249-010-0640-9; 10.1073/pnas.1917726117
P03663	reviewed	G3P_BPIKE	Attachment protein G3P (Gene 3 protein) (G3P) (Minor coat protein) (pIII)	III	Salmonella phage IKe (Bacteriophage IKe)	434	SIGNAL 1..19; /evidence="ECO:0000255"	Escherichia coli [TaxID: 562]	3981635; 22591114	10.1016/0022-2836(85)90322-5; 10.1111/j.1365-2958.2012.08079.x
P03666	reviewed	G4P_BPF1	Virion export protein (Gene 4 protein) (G4P)	IV	Enterobacteria phage f1 (Bacteriophage f1)	426	SIGNAL 1..21; /evidence="ECO:0000255"	Escherichia coli [TaxID: 562]	6282703; 6292494; 439137; 2407858; 10564514; 12498796; 34728631	10.1016/0378-1119(81)90059-7; 10.1128/jvi.44.1.32-46.1982; 10.1016/0022-2836(79)90090-1; 10.1016/0022-2836(90)90266-o; 10.1046/j.1365-2958.1999.01636.x; 10.1016/s0022-2836(02)01246-9; 10.1038/s41467-021-26610-3
P04027	reviewed	ENV_SRV1	Envelope glycoprotein (Env polyprotein) [Cleaved into: Surface protein (SU) (Glycoprotein 70) (gp70); Transmembrane protein (TM) (Glycoprotein 20) (gp20); R-peptide]	env	Simian retrovirus SRV-1	587	SIGNAL 1..22; /evidence="ECO:0000255"	Macaca mulatta (Rhesus macaque) [TaxID: 9544]	3006247	10.1126/science.3006247
P04494	reviewed	E3GL_ADE05	Early E3 18.5 kDa glycoprotein (E3-19K) (E3gp 19 kDa) (E19) (GP19K)		Human adenovirus C serotype 5 (HAdV-5) (Human adenovirus 5)	160	SIGNAL 1..17; /evidence="ECO:0000269|PubMed:3882694"	Homo sapiens (Human) [TaxID: 9606]	2981456; 3882694; 1727603; 10227971	10.1016/0042-6822(85)90443-x; 10.1016/s0021-9258(18)89571-0; 10.1016/0042-6822(92)90082-z
P04505	reviewed	GP_BUNYW	Envelopment polyprotein (M polyprotein) [Cleaved into: Glycoprotein N (Gn) (Glycoprotein G2); Non-structural protein M (NSm); Glycoprotein C (Gc) (Glycoprotein G1)]	GP	Bunyamwera virus (BUNV)	1433	SIGNAL 1..16	Aedes aegypti (Yellowfever mosquito) (Culex aegypti) [TaxID: 7159]; Homo sapiens (Human) [TaxID: 9606]	3753629; 7996137; 15367646; 16873265; 17609275	10.1016/0042-6822(86)90398-3; 10.1099/0022-1317-75-12-3441; 10.1128/jvi.78.19.10793-10802.2004; 10.1128/jvi.00579-06; 10.1128/jvi.00573-07
P04659	reviewed	HEMA_I60A1	Hemagglutinin [Cleaved into: Hemagglutinin HA1 chain]	HA	Influenza A virus (strain A/Duck/Ukraine/1/1960 H11N9)	100	SIGNAL 1..16; /evidence="ECO:0000255"	Aves [TaxID: 8782]	6174976	10.1073/pnas.78.12.7639
P04660	reviewed	HEMA_I78AE	Hemagglutinin [Cleaved into: Hemagglutinin HA1 chain]	HA	Influenza A virus (strain A/Duck/New York/12/1978 H11N6)	100	SIGNAL 1..16; /evidence="ECO:0000255"	Aves [TaxID: 8782]	6174976	10.1073/pnas.78.12.7639
P04661	reviewed	HEMA_I56A2	Hemagglutinin [Cleaved into: Hemagglutinin HA1 chain; Hemagglutinin HA2 chain]	HA	Influenza A virus (strain A/Duck/England/1/1956 H11N6)	565	SIGNAL 1..16; /evidence="ECO:0000255|HAMAP-Rule:MF_04072"	Aves [TaxID: 8782]	2024485; 16439620; 6174976	10.1016/0042-6822(91)90588-3; 10.1126/science.1121586; 10.1073/pnas.78.12.7639
P04662	reviewed	HEMA_I75A5	Hemagglutinin [Cleaved into: Hemagglutinin HA1 chain]	HA	Influenza A virus (strain A/Tern/Australia/G70C/1975 H11N9)	83	SIGNAL 1..16; /evidence="ECO:0000255"	Aves [TaxID: 8782]	6174976	10.1073/pnas.78.12.7639
P04849	reviewed	FUS_PIV5	Fusion glycoprotein F0 [Cleaved into: Fusion glycoprotein F2; Fusion glycoprotein F1]	F	Parainfluenza virus 5 (strain W3) (PIV5) (Simian virus 5)	529	SIGNAL 1..19; /evidence="ECO:0000255"	Canis lupus familiaris (Dog) (Canis familiaris) [TaxID: 9615]; Homo sapiens (Human) [TaxID: 9606]	6093114; 10198633	10.1073/pnas.81.21.6706; 10.1016/s1097-2765(00)80458-x
P04856	reviewed	FUS_SENDH	Fusion glycoprotein F0 (Protein F) [Cleaved into: Fusion glycoprotein F2; Fusion glycoprotein F1]	F	Sendai virus (strain Harris) (SeV)	565	SIGNAL 1..25; /evidence="ECO:0000250"	Cavia cutleri (Guinea pig) [TaxID: 10144]; Cricetidae sp. (Hamster) [TaxID: 36483]; Mus musculus (Mouse) [TaxID: 10090]; Rattus norvegicus (Rat) [TaxID: 10116]	2981971	10.1099/0022-1317-66-2-317
P04875	reviewed	GP_BUNSH	Envelopment polyprotein (M polyprotein) [Cleaved into: Glycoprotein N (Gn) (Glycoprotein G2); Non-structural protein M (NSm); Glycoprotein C (Gc) (Glycoprotein G1)]	GP	Bunyavirus snowshoe hare	1441	SIGNAL 1..13	Aedes [TaxID: 7158]; Bos taurus (Bovine) [TaxID: 9913]; Canis lupus familiaris (Dog) (Canis familiaris) [TaxID: 9615]; Culex [TaxID: 7174]; Culiseta [TaxID: 174825]; Equus caballus (Horse) [TaxID: 9796]; Gallus gallus (Chicken) [TaxID: 9031]; Homo sapiens (Human) [TaxID: 9606]; Lepus americanus (Snowshoe hare) [TaxID: 48086]	6091326; 7086954; 2974218	10.1016/0042-6822(84)90215-0; 10.1128/jvi.41.1.119-128.1982
P04882	reviewed	GLYCO_VSNJO	Glycoprotein	G	Vesicular stomatitis New Jersey virus (strain Ogden subtype Concan) (VSNJV)	517	SIGNAL 1..16	Aedes [TaxID: 7158]; Bos taurus (Bovine) [TaxID: 9913]; Culicoides [TaxID: 58271]; Equus asinus (Donkey) (Equus africanus asinus) [TaxID: 9793]; Equus caballus (Horse) [TaxID: 9796]; Homo sapiens (Human) [TaxID: 9606]; Lutzomyia [TaxID: 252607]; Musca domestica (House fly) [TaxID: 7370]; Simuliidae (black flies) [TaxID: 7190]; Sus scrofa (Pig) [TaxID: 9823]	6298453	10.1128/jvi.46.1.162-169.1983
P04884	reviewed	GLYCO_VSIVO	Glycoprotein	G	Vesicular stomatitis Indiana virus (strain Orsay) (VSIV)	511	SIGNAL 1..16	Aedes [TaxID: 7158]; Bos taurus (Bovine) [TaxID: 9913]; Culicoides [TaxID: 58271]; Equus asinus (Donkey) (Equus africanus asinus) [TaxID: 9793]; Equus caballus (Horse) [TaxID: 9796]; Homo sapiens (Human) [TaxID: 9606]; Lutzomyia [TaxID: 252607]; Musca domestica (House fly) [TaxID: 7370]; Simuliidae (black flies) [TaxID: 7190]; Sus scrofa (Pig) [TaxID: 9823]	2985803; 20921141	10.1128/jvi.54.2.374-382.1985; 10.1083/jcb.201006116
P05135	reviewed	SPIKE_IBV6	Spike glycoprotein (S glycoprotein) (E2) (Peplomer protein) [Cleaved into: Spike protein S1; Spike protein S2; Spike protein S2']	S 2	Avian infectious bronchitis virus (strain 6/82) (IBV)	1163	SIGNAL 1..18; /evidence="ECO:0000255|HAMAP-Rule:MF_04098"	Gallus gallus (Chicken) [TaxID: 9031]	3025348	10.1099/0022-1317-67-12-2825
P06024	reviewed	GC_SUHVF	Envelope glycoprotein C homolog (Glycoprotein GIII)	gC	Suid herpesvirus 1 (strain Indiana-Funkhauser / Becker) (SuHV-1) (Pseudorabies virus (strain Indiana-Funkhauser / Becker))	479	SIGNAL 1..22	Sus scrofa (Pig) [TaxID: 9823]	3009851; 1320797; 8627651	10.1128/jvi.58.2.339-347.1986; 10.1016/0168-1702(92)90113-n; 10.1128/jvi.70.3.1355-1364.1996
P06445	reviewed	ENV_RMCFV	Envelope glycoprotein (Env polyprotein) [Cleaved into: Surface protein (SU) (Glycoprotein 70) (gp70); Transmembrane protein (TM) (Envelope protein p15E); R-peptide (p2E)]	env	Rauscher mink cell focus-inducing virus	640	SIGNAL 1..32; /evidence="ECO:0000255"	Mus musculus (Mouse) [TaxID: 10090]	4009793	10.1128/jvi.55.1.184-192.1985
P06477	reviewed	GH_HHV11	Envelope glycoprotein H (gH)	gH UL22	Human herpesvirus 1 (strain 17) (HHV-1) (Human herpes simplex virus 1)	838	SIGNAL 1..18; /evidence="ECO:0000255|HAMAP-Rule:MF_04033"	Homo sapiens (Human) [TaxID: 9606]	3012465; 2839594; 17218138; 9621073; 12767993; 14675620; 17548810; 17670828; 18003913	10.1093/nar/14.10.4281; 10.1099/0022-1317-69-7-1531; 10.1016/j.micinf.2006.10.019; 10.1128/jvi.72.7.6092-6103.1998; 10.1128/jvi.77.12.6731-6742.2003; 10.1016/j.virol.2003.08.023; 10.1073/pnas.0703790104; 10.1128/jvi.01343-07; 10.1073/pnas.0707452104
P06487	reviewed	GI_HHV11	Envelope glycoprotein I (gI)	gI US7	Human herpesvirus 1 (strain 17) (HHV-1) (Human herpes simplex virus 1)	390	SIGNAL 1..20; /evidence="ECO:0000255"	Homo sapiens (Human) [TaxID: 9606]	2984429; 17218138; 2831396; 11134295; 14734541; 16537585; 18596102	10.1016/0022-2836(85)90320-1; 10.1016/j.micinf.2006.10.019; 10.1128/jvi.62.4.1347-1354.1988; 10.1128/jvi.75.2.821-833.2001; 10.1074/jbc.m313281200; 10.1128/jvi.80.7.3167-3179.2006; 10.1128/jvi.00904-08
P06763	reviewed	GB_HHV23	Envelope glycoprotein B (gB)	gB UL27	Human herpesvirus 2 (strain 333) (HHV-2) (Human herpes simplex virus 2)	904	SIGNAL 1..22; /evidence="ECO:0000255|HAMAP-Rule:MF_04032"	Homo sapiens (Human) [TaxID: 9606]	3027364; 2446730; 8892856	10.1128/jvi.61.2.326-335.1987; 10.1139/m87-154; 10.1128/jvi.70.11.7379-7387.1996
P06764	reviewed	GI_HHV23	Envelope glycoprotein I (gI)	gI US7	Human herpesvirus 2 (strain 333) (HHV-2) (Human herpes simplex virus 2)	372	SIGNAL 1..20; /evidence="ECO:0000255"	Homo sapiens (Human) [TaxID: 9606]	3016980	10.1016/0042-6822(86)90002-4
P07645	reviewed	GD_SUHVR	Envelope glycoprotein D (gD) (Protein gp50)		Suid herpesvirus 1 (strain Rice) (SuHV-1) (Pseudorabies virus (strain Rice))	402	SIGNAL 1..17; /evidence="ECO:0000255"	Sus scrofa (Pig) [TaxID: 9823]	3016293; 38030279; 28542478	10.1128/jvi.59.2.216-223.1986; 10.1292/jvms.23-0239; 10.1371/journal.ppat.1006314
P07946	reviewed	SPIKE_CVPPU	Spike glycoprotein (S glycoprotein) (E2) (Peplomer protein)	S 2	Porcine transmissible gastroenteritis coronavirus (strain Purdue) (TGEV)	1447	SIGNAL 1..28; /evidence="ECO:0000255|HAMAP-Rule:MF_04200"	Sus scrofa (Pig) [TaxID: 9823]	3037011; 2829461; 1326823; 10805807; 2170676; 1350661; 8970993	10.1099/0022-1317-68-7-1883; 10.1016/0168-1702(87)90008-6; 10.1016/0042-6822(92)91195-z; 10.1073/pnas.97.10.5516; 10.1128/jvi.64.11.5367-5375.1990; 10.1038/357417a0; 10.1128/jvi.70.12.8669-8674.1996
P07966	reviewed	HEMA_INCP3	Hemagglutinin-esterase-fusion glycoprotein (HEF) (EC 3.1.1.53) [Cleaved into: Hemagglutinin-esterase-fusion glycoprotein chain 1 (HEF1); Hemagglutinin-esterase-fusion glycoprotein chain 2 (HEF2)]	HE	Influenza C virus (strain C/Pig/Beijing/439/1982)	642	SIGNAL <1..1	Homo sapiens (Human) [TaxID: 9606]; Sus scrofa (Pig) [TaxID: 9823]	3855244	10.1016/0042-6822(85)90006-6
P07970	reviewed	HEMA_INCMI	Hemagglutinin-esterase-fusion glycoprotein (HEF) (EC 3.1.1.53) [Cleaved into: Hemagglutinin-esterase-fusion glycoprotein chain 1 (HEF1); Hemagglutinin-esterase-fusion glycoprotein chain 2 (HEF2)]	HE	Influenza C virus (strain C/Mississippi/1980)	641	SIGNAL <1..1	Homo sapiens (Human) [TaxID: 9606]; Sus scrofa (Pig) [TaxID: 9823]	3855244	10.1016/0042-6822(85)90006-6
P07971	reviewed	HEMA_INCGL	Hemagglutinin-esterase-fusion glycoprotein (HEF) (EC 3.1.1.53) [Cleaved into: Hemagglutinin-esterase-fusion glycoprotein chain 1 (HEF1); Hemagglutinin-esterase-fusion glycoprotein chain 2 (HEF2)]	HE	Influenza C virus (strain C/Great lakes/1167/1954)	642	SIGNAL <1..1	Homo sapiens (Human) [TaxID: 9606]; Sus scrofa (Pig) [TaxID: 9823]	3855244	10.1016/0042-6822(85)90006-6
P07973	reviewed	HEMA_INCEN	Hemagglutinin-esterase-fusion glycoprotein (HEF) (EC 3.1.1.53) [Cleaved into: Hemagglutinin-esterase-fusion glycoprotein chain 1 (HEF1); Hemagglutinin-esterase-fusion glycoprotein chain 2 (HEF2)]	HE	Influenza C virus (strain C/England/892/1983)	642	SIGNAL <1..1	Homo sapiens (Human) [TaxID: 9606]; Sus scrofa (Pig) [TaxID: 9823]	3855244	10.1016/0042-6822(85)90006-6
P07976	reviewed	HEMA_I83A5	Hemagglutinin [Cleaved into: Hemagglutinin HA1 chain; Hemagglutinin HA2 chain]	HA	Influenza A virus (strain A/Chicken/Pennsylvania/1/1983 H5N2)	564	SIGNAL 1..16; /evidence="ECO:0000255|HAMAP-Rule:MF_04072"	Aves [TaxID: 8782]	16439620; 6516214	10.1126/science.1121586; 10.1016/0042-6822(84)90376-3
P08026	reviewed	STXA_BPH19	Shiga-like toxin 1 subunit A (SLT-1 A subunit) (SLT-1a) (SLT-Ia) (EC 3.2.2.22) (Verocytotoxin 1 subunit A) (Verotoxin 1 subunit A) (rRNA N-glycosidase 1)	stxA sltA	Enterobacteria phage H19B (Bacteriophage H19B)	315	SIGNAL 1..22	Escherichia coli [TaxID: 562]	3299365; 3040689; 3357883; 8168939	10.1073/pnas.84.13.4364; 10.1128/jb.169.9.4313-4319.1987; 10.1073/pnas.85.8.2568; 10.1128/iai.62.5.1768-1775.1994
P08355	reviewed	GB_SUHVF	Envelope glycoprotein B (gB)	gB	Suid herpesvirus 1 (strain Indiana-Funkhauser / Becker) (SuHV-1) (Pseudorabies virus (strain Indiana-Funkhauser / Becker))	913	SIGNAL 1..59; /evidence="ECO:0000255"	Sus scrofa (Pig) [TaxID: 9823]	3039163; 2543777; 2157862	10.1128/jvi.61.9.2691-2701.1987; 10.1099/0022-1317-70-5-1239; 10.1128/jvi.64.5.1946-1955.1990
P08560	reviewed	UL18_HCMVA	Glycoprotein UL18	H301 UL18	Human cytomegalovirus (strain AD169) (HHV-5) (Human herpesvirus 5)	368	SIGNAL 1..18; /evidence="ECO:0000255"	Homo sapiens (Human) [TaxID: 9606]	2827039; 2161319; 12533697; 10591185; 18688275; 18632577	10.1038/331269a0; 10.1007/978-3-642-74980-3_6; 10.1099/vir.0.18606-0; 10.1016/s1074-7613(00)80135-1; 10.1371/journal.ppat.1000123; 10.1073/pnas.0804551105
P08665	reviewed	GB_HHV1P	Envelope glycoprotein B (gB)	gB UL27	Human herpesvirus 1 (strain Patton) (HHV-1) (Human herpes simplex virus 1)	904	SIGNAL 1..30; /evidence="ECO:0000255|HAMAP-Rule:MF_04032"	Homo sapiens (Human) [TaxID: 9606]	3027364	10.1128/jvi.61.2.326-335.1987
P08666	reviewed	GB_HHV2H	Envelope glycoprotein B (gB)	gB UL27	Human herpesvirus 2 (strain HG52) (HHV-2) (Human herpes simplex virus 2)	904	SIGNAL 1..22; /evidence="ECO:0000255|HAMAP-Rule:MF_04032"	Homo sapiens (Human) [TaxID: 9606]	3024391; 9499055	10.1016/0042-6822(86)90196-0; 10.1128/jvi.72.3.2010-2021.1998
P09258	reviewed	GI_VZVD	Envelope glycoprotein I (gI) (Glycoprotein IV) (GPIV)	gI ORF67	Varicella-zoster virus (strain Dumas) (HHV-3) (Human herpesvirus 3)	354	SIGNAL 1..17; /evidence="ECO:0000255"	Homo sapiens (Human) [TaxID: 9606]	3018124; 6321154; 8207795	10.1099/0022-1317-67-9-1759; 10.1002/j.1460-2075.1983.tb01724.x; 10.1128/jvi.68.7.4204-4211.1994
P09343	reviewed	HEMA_I85A3	Hemagglutinin [Cleaved into: Hemagglutinin HA1 chain; Hemagglutinin HA2 chain]	HA	Influenza A virus (strain A/Chicken/Victoria/1/1985 H7N7)	563	SIGNAL 1..18; /evidence="ECO:0000255|HAMAP-Rule:MF_04072"	Aves [TaxID: 8782]; Equus caballus (Horse) [TaxID: 9796]; Homo sapiens (Human) [TaxID: 9606]; Phocidae (true seals) [TaxID: 9709]	3660587	10.1016/0042-6822(87)90012-2
P09344	reviewed	HEMA_I85A6	Hemagglutinin [Cleaved into: Hemagglutinin HA1 chain; Hemagglutinin HA2 chain]	HA	Influenza A virus (strain A/Starling/Victoria/5156/1985 H7N7)	563	SIGNAL 1..18; /evidence="ECO:0000255|HAMAP-Rule:MF_04072"	Aves [TaxID: 8782]; Equus caballus (Horse) [TaxID: 9796]; Homo sapiens (Human) [TaxID: 9606]; Phocidae (true seals) [TaxID: 9709]	3660587	10.1016/0042-6822(87)90012-2
P09345	reviewed	HEMA_I59A0	Hemagglutinin [Cleaved into: Hemagglutinin HA1 chain; Hemagglutinin HA2 chain]	HA	Influenza A virus (strain A/Chicken/Scotland/1959 H5N1)	564	SIGNAL 1..16; /evidence="ECO:0000255|HAMAP-Rule:MF_04072"	Aves [TaxID: 8782]; Felis catus (Cat) (Felis silvestris catus) [TaxID: 9685]; Homo sapiens (Human) [TaxID: 9606]; Panthera pardus (Leopard) (Felis pardus) [TaxID: 9691]; Panthera tigris (Tiger) [TaxID: 9694]; Sus scrofa (Pig) [TaxID: 9823]	3375087; 16439620	10.1093/nar/16.9.4181; 10.1126/science.1121586
P09386	reviewed	STXB_BP933	Shiga-like toxin 2 subunit B (SLT-2 B subunit) (SLT-2b) (SLT-IIb) (Verocytotoxin 2 subunit B) (Verotoxin 2 subunit B)	stxB2 stx2B L0104	Escherichia phage 933W (Bacteriophage 933W)	89	SIGNAL 1..19; /evidence="ECO:0000255"	Escherichia coli O157:H7 [TaxID: 83334]	9103976; 10074068; 1991714; 15075327; 16820678	10.1111/j.1574-6968.1997.tb10305.x; 10.1128/jb.181.6.1767-1778.1999; 10.1128/jb.173.3.1151-1160.1991; 10.1074/jbc.m401939200; 10.1107/s1744309106021968
P09458	reviewed	FUS_MUMPR	Fusion glycoprotein F0 [Cleaved into: Fusion glycoprotein F2; Fusion glycoprotein F1]	F	Mumps virus (strain RW) (MuV)	538	SIGNAL 1..19; /evidence="ECO:0000269|PubMed:3617503"	Homo sapiens (Human) [TaxID: 9606]	3617503; 35746805	10.1016/0042-6822(87)90477-6; 10.3390/v14061335
P09506	reviewed	P1_TYYVF	Protein P1 (66.2 kDa protein) (Genome-linked protein precursor) (Protein ORF1) [Cleaved into: Serine protease (EC 3.4.21.-); VPg/P1-C25]	ORF1	Turnip yellows virus (isolate FL-1) (TuYV) (BWYV-FL1)	607	SIGNAL 1..22; /evidence="ECO:0000255"	Beta vulgaris (Sugar beet) [TaxID: 161934]; Brassica napus subsp. rapifera (rutabaga) [TaxID: 3709]; Brassica napus var. napus (canola) [TaxID: 138011]; Brassica nigra (Black mustard) (Sinapis nigra) [TaxID: 3710]; Brassica oleracea var. botrytis (Cauliflower) [TaxID: 3715]; Brassica oleracea var. capitata (Cabbage) [TaxID: 3716]; Brassica rapa subsp. rapa (Turnip) [TaxID: 51350]; Capsicum annuum (Capsicum pepper) [TaxID: 4072]; Cicer arietinum (Chickpea) (Garbanzo) [TaxID: 3827]; Citrullus lanatus (Watermelon) (Citrullus vulgaris) [TaxID: 3654]; Crambe hispanica subsp. abyssinica (Abyssinian kale) (Crambe abyssinica) [TaxID: 3721]; Cucumis sativus (Cucumber) [TaxID: 3659]; Cucurbita pepo (Vegetable marrow) (Summer squash) [TaxID: 3663]; Glycine max (Soybean) (Glycine hispida) [TaxID: 3847]; Helianthus annuus (Common sunflower) [TaxID: 4232]; Lactuca sativa (Garden lettuce) [TaxID: 4236]; Phlox drummondii (Annual phlox) [TaxID: 103529]; Pisum sativum (Garden pea) (Lathyrus oleraceus) [TaxID: 3888]; Raphanus sativus (Radish) (Raphanus raphanistrum var. sativus) [TaxID: 3726]; Solanum lycopersicum (Tomato) (Lycopersicon esculentum) [TaxID: 4081]; Spinacia oleracea (Spinach) [TaxID: 3562]; Trifolium subterraneum (Subterranean clover) [TaxID: 3900]; Vicia faba (Broad bean) (Faba vulgaris) [TaxID: 3906]	3194229	10.1093/nar/16.21.9917
P09507	reviewed	RDRP_TYYVF	Protein P1-P2 [Cleaved into: Serine protease (EC 3.4.21.-); RNA-directed RNA polymerase (EC 2.7.7.48)]	ORF1/ORF2	Turnip yellows virus (isolate FL-1) (TuYV) (BWYV-FL1)	1035	SIGNAL 1..22; /evidence="ECO:0000255"	Beta vulgaris (Sugar beet) [TaxID: 161934]; Brassica napus subsp. rapifera (rutabaga) [TaxID: 3709]; Brassica napus var. napus (canola) [TaxID: 138011]; Brassica nigra (Black mustard) (Sinapis nigra) [TaxID: 3710]; Brassica oleracea var. botrytis (Cauliflower) [TaxID: 3715]; Brassica oleracea var. capitata (Cabbage) [TaxID: 3716]; Brassica rapa subsp. rapa (Turnip) [TaxID: 51350]; Capsicum annuum (Capsicum pepper) [TaxID: 4072]; Cicer arietinum (Chickpea) (Garbanzo) [TaxID: 3827]; Citrullus lanatus (Watermelon) (Citrullus vulgaris) [TaxID: 3654]; Crambe hispanica subsp. abyssinica (Abyssinian kale) (Crambe abyssinica) [TaxID: 3721]; Cucumis sativus (Cucumber) [TaxID: 3659]; Cucurbita pepo (Vegetable marrow) (Summer squash) [TaxID: 3663]; Glycine max (Soybean) (Glycine hispida) [TaxID: 3847]; Helianthus annuus (Common sunflower) [TaxID: 4232]; Lactuca sativa (Garden lettuce) [TaxID: 4236]; Phlox drummondii (Annual phlox) [TaxID: 103529]; Pisum sativum (Garden pea) (Lathyrus oleraceus) [TaxID: 3888]; Raphanus sativus (Radish) (Raphanus raphanistrum var. sativus) [TaxID: 3726]; Solanum lycopersicum (Tomato) (Lycopersicon esculentum) [TaxID: 4081]; Spinacia oleracea (Spinach) [TaxID: 3562]; Trifolium subterraneum (Subterranean clover) [TaxID: 3900]; Vicia faba (Broad bean) (Faba vulgaris) [TaxID: 3906]	3194229	10.1093/nar/16.21.9917
P09612	reviewed	GP_BUNLC	Envelopment polyprotein (M polyprotein) [Cleaved into: Glycoprotein N (Gn) (Glycoprotein G2); Non-structural protein M (NSm); Glycoprotein C (Gc) (Glycoprotein G1)]	GP	Bunyavirus La Crosse	1441	SIGNAL 1..13; /evidence="ECO:0000255"	Cervidae (Deer) [TaxID: 9850]; Homo sapiens (Human) [TaxID: 9606]; Ochlerotatus triseriatus (Eastern treehole mosquito) (Aedes triseriatus) [TaxID: 7162]; Tamias [TaxID: 13712]	3694177; 7086954	10.1099/0022-1317-68-12-3057; 10.1128/jvi.41.1.119-128.1982
P09712	reviewed	US03_HCMVA	Membrane glycoprotein US3 (Glycoprotein E) (Protein HQLF1) (gpUS3 IE)	US3	Human cytomegalovirus (strain AD169) (HHV-5) (Human herpesvirus 5)	186	SIGNAL 1..?; /note="Not cleaved"; /evidence="ECO:0000250"	Homo sapiens (Human) [TaxID: 9606]	3031311; 2829427; 2161319; 12533697; 8876135; 8855296	10.1016/0022-2836(86)90359-1; 10.1016/0042-6822(88)90481-3; 10.1007/978-3-642-74980-3_6; 10.1099/vir.0.18606-0; 10.1073/pnas.93.21.11327; 10.1073/pnas.93.20.10990
P09713	reviewed	US02_HCMVA	Unique short US2 glycoprotein (Protein HQLF2) (gpUS2)	US2	Human cytomegalovirus (strain AD169) (HHV-5) (Human herpesvirus 5)	199	SIGNAL 1..?; /note="Not cleaved"	Homo sapiens (Human) [TaxID: 9606]	3031311; 2161319; 12533697; 8945469; 11333901; 11790769; 16098592; 19121997; 11391001	10.1016/0022-2836(86)90359-1; 10.1007/978-3-642-74980-3_6; 10.1099/vir.0.18606-0; 10.1038/384432a0; 10.1128/jvi.75.11.5197-5204.2001; 10.1074/jbc.m107904200; 10.1016/j.molimm.2005.07.005; 10.1074/jbc.m807568200; 10.1073/pnas.121172898
P09729	reviewed	US09_HCMVA	Unique short US9 glycoprotein (Protein HXLF3) (gpUS9)	US9	Human cytomegalovirus (strain AD169) (HHV-5) (Human herpesvirus 5)	247	SIGNAL 1..27; /evidence="ECO:0000255"	Homo sapiens (Human) [TaxID: 9606]	3031311; 2161319; 9621030; 12533697	10.1016/0022-2836(86)90359-1; 10.1007/978-3-642-74980-3_6; 10.1128/jvi.72.7.5717-5727.1998; 10.1099/vir.0.18606-0
P0C0W0	reviewed	HEMA_BRV2	Hemagglutinin-esterase (HE protein) (EC 3.1.1.53) (E3 glycoprotein)	HE	Breda virus 2 (BRV-2)	416	SIGNAL 1..14; /evidence="ECO:0000255"	Bos taurus (Bovine) [TaxID: 9913]	9188596; 15507445	10.1128/jvi.71.7.5277-5286.1997; 10.1074/jbc.m409683200
P0C212	reviewed	ENV_HTL1L	Envelope glycoprotein gp62 (Env polyprotein) [Cleaved into: Surface protein (SU) (Glycoprotein 46) (gp46); Transmembrane protein (TM) (Glycoprotein 21) (gp21)]	env	Human T-cell leukemia virus 1 (isolate Melanesia mel5 subtype C) (HTLV-1)	488	SIGNAL 1..20; /evidence="ECO:0000255"	Homo sapiens (Human) [TaxID: 9606]	8419636	10.1128/jvi.67.2.1015-1023.1993
P0C6I1	reviewed	HBEAG_HBVD5	External core antigen (HBeAg) (Precore protein) (p25)	C	Hepatitis B virus genotype D subtype ayw (isolate Australia/AustKW/1991) (HBV-D)	212	SIGNAL 1..19; /evidence="ECO:0000255|HAMAP-Rule:MF_04076"	Homo sapiens (Human) [TaxID: 9606]; Pan troglodytes (Chimpanzee) [TaxID: 9598]	11257194	10.1099/0022-1317-82-4-883
P0C6J0	reviewed	HBEAG_WMHBV	External core antigen (HBeAg) (Precore protein) (p25)	C	Woolly monkey hepatitis B virus (isolate Louisville) (WMHBV)	211	SIGNAL 1..19; /evidence="ECO:0000255|HAMAP-Rule:MF_04076"	Lagothrix lagotricha (Brown woolly monkey) (Humboldt's woolly monkey) [TaxID: 9519]	9576957	10.1073/pnas.95.10.5757
P0C762	reviewed	GB_EBVG	Envelope glycoprotein B (gB)	gB BALF4	Epstein-Barr virus (strain GD1) (HHV-4) (Human gammaherpesvirus 4)	857	SIGNAL 1..21; /evidence="ECO:0000255|HAMAP-Rule:MF_04032"	Homo sapiens (Human) [TaxID: 9606]	16306603	10.1128/jvi.79.24.15323-15330.2005
P0C763	reviewed	GB_EBVA8	Envelope glycoprotein B (gB)	gB BALF4	Epstein-Barr virus (strain AG876) (HHV-4) (Human herpesvirus 4)	857	SIGNAL 1..21; /evidence="ECO:0000255|HAMAP-Rule:MF_04032"	Homo sapiens (Human) [TaxID: 9606]	16490228	10.1016/j.virol.2006.01.015
P0C767	reviewed	HBEAG_HBVCJ	External core antigen (HBeAg) (Precore protein) (p25)	C	Hepatitis B virus genotype C subtype ayr (isolate Human/Japan/Okamoto/-) (HBV-C)	212	SIGNAL 1..19; /evidence="ECO:0000255|HAMAP-Rule:MF_04076"	Homo sapiens (Human) [TaxID: 9606]; Pan troglodytes (Chimpanzee) [TaxID: 9598]	3783127	10.1099/0022-1317-67-11-2305
P0C788	reviewed	OX2V_HHV8P	OX-2 membrane glycoprotein homolog (Viral OX2) (vOX2)	K14	Human herpesvirus 8 type P (isolate GK18) (HHV-8) (Kaposi's sarcoma-associated herpesvirus)	271	SIGNAL 1..24; /evidence="ECO:0000255"	Homo sapiens (Human) [TaxID: 9606]	8962146; 11504542; 11967286	10.1073/pnas.93.25.14862; 10.1006/viro.2001.1016; 10.1128/jvi.76.10.4688-4698.2002
P0C9V6	reviewed	CD2H_ASFWA	CD2 homolog (CD2H) (5HL) (CD2v) (T-lymphocyte CD2 receptor-like protein) (pEP402R)	War-068	African swine fever virus (isolate Warthog/Namibia/Wart80/1980) (ASFV)	381	SIGNAL 1..16; /evidence="ECO:0000255"	Ornithodoros (relapsing fever ticks) [TaxID: 6937]; Phacochoerus aethiopicus (Warthog) [TaxID: 85517]; Phacochoerus africanus (Warthog) [TaxID: 41426]; Potamochoerus larvatus (Bushpig) [TaxID: 273792]; Sus scrofa (Pig) [TaxID: 9823]		
P0C9V7	reviewed	CD2H_ASFK5	CD2 homolog (CD2H) (5HL) (CD2v) (T-lymphocyte CD2 receptor-like protein) (pEP402R)	Ken-070	African swine fever virus (isolate Pig/Kenya/KEN-50/1950) (ASFV)	392	SIGNAL 1..16; /evidence="ECO:0000255"	Ornithodoros (relapsing fever ticks) [TaxID: 6937]; Phacochoerus aethiopicus (Warthog) [TaxID: 85517]; Phacochoerus africanus (Warthog) [TaxID: 41426]; Potamochoerus larvatus (Bushpig) [TaxID: 273792]; Sus scrofa (Pig) [TaxID: 9823]		
P0C9V8	reviewed	CD2H_ASFP4	CD2 homolog (CD2H) (5HL) (CD2v) (T-lymphocyte CD2 receptor-like protein) (CD2-like protein) (pEP402R)	Pret-070	African swine fever virus (isolate Tick/South Africa/Pretoriuskop Pr4/1996) (ASFV)	404	SIGNAL 1..16; /evidence="ECO:0000255"	Ornithodoros (relapsing fever ticks) [TaxID: 6937]; Phacochoerus aethiopicus (Warthog) [TaxID: 85517]; Phacochoerus africanus (Warthog) [TaxID: 41426]; Potamochoerus larvatus (Bushpig) [TaxID: 273792]; Sus scrofa (Pig) [TaxID: 9823]		
P0C9V9	reviewed	CD2H_ASFM2	CD2 homolog (CD2H) (5HL) (CD2v) (T-lymphocyte CD2 receptor-like protein) (CD2-like protein) (pEP402R)	Mal-066	African swine fever virus (isolate Tick/Malawi/Lil 20-1/1983) (ASFV)	375	SIGNAL 1..16; /evidence="ECO:0000255"	Ornithodoros (relapsing fever ticks) [TaxID: 6937]; Phacochoerus aethiopicus (Warthog) [TaxID: 85517]; Phacochoerus africanus (Warthog) [TaxID: 41426]; Potamochoerus larvatus (Bushpig) [TaxID: 273792]; Sus scrofa (Pig) [TaxID: 9823]	9525608; 21248037	10.1128/jvi.72.4.2881-2889.1998; 10.1128/jvi.01994-10
P0DOE0	reviewed	GQ2_HHV6U	Glycoprotein Q2 (gQ2) (Glycoprotein Q-37k) (gQ-37k)	U100	Human herpesvirus 6A (strain Uganda-1102) (HHV-6 variant A) (Human B lymphotropic virus)	214	SIGNAL 1..19; /evidence="ECO:0000255"	Homo sapiens (Human) [TaxID: 9606]	1321205; 15254169; 24215487	10.1099/0022-1317-73-7-1649; 10.1128/jvi.78.15.7969-7983.2004; 10.1111/1348-0421.12110
P0DOE2	reviewed	AIMP_BPPHT	Protein AimP [Cleaved into: Arbitrium peptide]	aimP phi3T_90	Bacillus phage phi3T (Bacteriophage phi-3T)	43	SIGNAL 1..30; /evidence="ECO:0000255"	Bacillus subtilis [TaxID: 1423]	28099413	10.1038/nature21049
P0DSV7	reviewed	CRMB_VAR67	Cytokine response-modifying protein B (CrmB) (Viral tumor necrosis factor receptor II) (vTNFR)	OPG002 G2R G4R	Variola virus (isolate Human/India/Ind3/1967) (VARV) (Smallpox virus)	349	SIGNAL 1..22; /evidence="ECO:0000255"	Homo sapiens (Human) [TaxID: 9606]	8384129; 16581912; 17070121; 19961417; 20979600	10.1016/0014-5793(93)80041-r; 10.1073/pnas.0510462103; 10.1016/j.bbapap.2006.09.006; 10.1134/s0006297909120098; 10.1186/1756-0500-3-271
P0DSV8	reviewed	CRMB_VARV	Cytokine response-modifying protein B (CrmB) (Viral tumor necrosis factor receptor II) (vTNFR)	OPG002 G2R G4R	Variola virus	349	SIGNAL 1..22; /evidence="ECO:0000255"	Homo sapiens (Human) [TaxID: 9606]	8264798; 10639322	10.1038/366748a0; 10.1006/viro.1999.0086
P10033	reviewed	SPIKE_FIPV	Spike glycoprotein (S glycoprotein) (E2) (Peplomer protein)	S 2	Feline coronavirus (strain FIPV WSU-79/1146) (FCoV)	1452	SIGNAL 1..32; /evidence="ECO:0000255|HAMAP-Rule:MF_04200"	Felidae (cat family) [TaxID: 9681]	3312491; 16033972; 10627571; 8970993	10.1099/0022-1317-68-10-2639; 10.1099/vir.0.80985-0; 10.1128/jvi.74.3.1566-1571.2000; 10.1128/jvi.70.12.8669-8674.1996
P10149	reviewed	STXA_BPH30	Shiga-like toxin 1 subunit A (SLT-1 A subunit) (SLT-1a) (SLT-Ia) (EC 3.2.2.22) (Verocytotoxin 1 subunit A) (Verotoxin 1 subunit A) (rRNA N-glycosidase 1)	stxA	Bacteriophage H30	315	SIGNAL 1..22	Escherichia coli [TaxID: 562]	3049254	10.1016/0378-1119(88)90398-8
P10228	reviewed	GC_HHV11	Envelope glycoprotein C	gC UL44	Human herpesvirus 1 (strain 17) (HHV-1) (Human herpes simplex virus 1)	511	SIGNAL 1..24; /evidence="ECO:0000255"	Homo sapiens (Human) [TaxID: 9606]	2839594; 2849025; 8764057	10.1099/0022-1317-69-7-1531; 10.1016/0882-4010(87)90012-x; 10.1128/jvi.70.8.5455-5465.1996
P10259	reviewed	ENV_MMTVB	Envelope glycoprotein gp70 (Env polyprotein) [Cleaved into: Surface protein (SU) (Glycoprotein 52) (gp52); Transmembrane protein (TM) (Glycoprotein 36) (gp36)]	env	Mouse mammary tumor virus (strain BR6) (MMTV)	688	SIGNAL 1..98; /evidence="ECO:0000250"	Mus musculus (Mouse) [TaxID: 10090]	3027377	10.1128/jvi.61.2.480-490.1987
P10269	reviewed	ENV_BAEVM	Envelope glycoprotein (Env polyprotein) [Cleaved into: Surface protein (SU) (Glycoprotein 70) (gp70); Transmembrane protein (TM) (Glycoprotein p20E); R-peptide (p2E)]	env	Baboon endogenous virus (strain M7)	563	SIGNAL 1..18; /evidence="ECO:0000255"	Papio (baboons) [TaxID: 9554]; Theropithecus gelada (Gelada baboon) [TaxID: 9565]		
P10757	reviewed	HEMA_INBEN	Hemagglutinin [Cleaved into: Hemagglutinin HA1 chain; Hemagglutinin HA2 chain]	HA	Influenza B virus (strain B/England/222/1982)	583	SIGNAL 1..15; /evidence="ECO:0000255|HAMAP-Rule:MF_04072"	Homo sapiens (Human) [TaxID: 9606]	3318092; 3629978	10.1016/0042-6822(87)90118-8; 10.1016/0042-6822(87)90040-7
P11135	reviewed	HEMA_I83A4	Hemagglutinin [Cleaved into: Hemagglutinin HA1 chain; Hemagglutinin HA2 chain]	HA	Influenza A virus (strain A/Turkey/Ireland/1378/1983 H5N8)	566	SIGNAL 1..16; /evidence="ECO:0000255|HAMAP-Rule:MF_04072"	Aves [TaxID: 8782]	3576972; 16439620	10.1016/0042-6822(87)90256-x; 10.1126/science.1121586
P11236	reviewed	FUS_MUMPM	Fusion glycoprotein F0 [Cleaved into: Fusion glycoprotein F2; Fusion glycoprotein F1]	F	Mumps virus genotype B (strain Miyahara vaccine) (MuV)	538	SIGNAL 1..19; /evidence="ECO:0000250|UniProtKB:P09458"	Homo sapiens (Human) [TaxID: 9606]	2762156; 1585659; 32295904; 35746805; 16904649	10.1093/nar/17.14.5839; 10.1016/0042-6822(92)90555-4; 10.1128/jvi.00050-20; 10.3390/v14061335; 10.1016/j.bbrc.2006.07.168
P11622	reviewed	P1_PLRVW	Protein P1 (69.7 kDa protein) (Genome-linked protein precursor) (Protein ORF1) [Cleaved into: Serine protease (EC 3.4.21.-); VPg/P1-C25]	ORF1	Potato leafroll virus (strain Potato/Netherlands/Wageningen/1989) (PLrV)	639	SIGNAL 1..20; /evidence="ECO:0000255"	Solanum tuberosum (Potato) [TaxID: 4113]	2466700; 18573562	10.1016/0014-5793(89)80190-5; 10.1016/j.virusres.2008.05.001
P11623	reviewed	RDRP_PLRVW	Protein P1-P2 [Cleaved into: Serine protease (EC 3.4.21.-); RNA-directed RNA polymerase (EC 2.7.7.48) (69.6 kDa protein)]	ORF1/ORF2	Potato leafroll virus (strain Potato/Netherlands/Wageningen/1989) (PLrV)	1062	SIGNAL 1..20; /evidence="ECO:0000255"	Solanum tuberosum (Potato) [TaxID: 4113]	2466700	10.1016/0014-5793(89)80190-5
P12430	reviewed	GP_BUNGE	Envelopment polyprotein (M polyprotein) [Cleaved into: Glycoprotein N (Gn) (Glycoprotein G2); Non-structural protein M (NSm); Glycoprotein C (Gc) (Glycoprotein G1)]	GP	Bunyavirus germiston	1437	SIGNAL 1..21; /evidence="ECO:0000255"	Culex [TaxID: 53527]	3176688	10.1016/0168-1702(88)90068-8
P12439	reviewed	HEMA_I49A1	Hemagglutinin [Cleaved into: Hemagglutinin HA1 chain; Hemagglutinin HA2 chain]	HA	Influenza A virus (strain A/Duck/Germany/1949 H10N7)	561	SIGNAL 1..16; /evidence="ECO:0000255|HAMAP-Rule:MF_04072"	Aves [TaxID: 8782]	3407149; 16439620	10.1016/0042-6822(88)90586-7; 10.1126/science.1121586
P12440	reviewed	HEMA_INBAA	Hemagglutinin [Cleaved into: Hemagglutinin HA1 chain]	HA	Influenza B virus (strain B/Ann Arbor/1/1986)	353	SIGNAL <1..7	Homo sapiens (Human) [TaxID: 9606]	3267231	10.1016/0042-6822(88)90173-0
P12441	reviewed	HEMA_INBID	Hemagglutinin [Cleaved into: Hemagglutinin HA1 chain; Hemagglutinin HA2 chain]	HA	Influenza B virus (strain B/ID/1986)	366	SIGNAL <1..12	Homo sapiens (Human) [TaxID: 9606]	3267218	10.1016/0042-6822(88)90238-3
P12442	reviewed	HEMA_INBGL	Hemagglutinin [Cleaved into: Hemagglutinin HA1 chain; Hemagglutinin HA2 chain]	HA	Influenza B virus (strain B/GL/1954)	363	SIGNAL <1..11	Homo sapiens (Human) [TaxID: 9606]	3267218	10.1016/0042-6822(88)90238-3
P12443	reviewed	HEMA_INBSJ	Hemagglutinin [Cleaved into: Hemagglutinin HA1 chain; Hemagglutinin HA2 chain]	HA	Influenza B virus (strain B/Singapore/1964)	365	SIGNAL <1..11	Homo sapiens (Human) [TaxID: 9606]	3267218	10.1016/0042-6822(88)90238-3
P12569	reviewed	FUS_CDVO	Fusion glycoprotein F0 [Cleaved into: Fusion glycoprotein F2; Fusion glycoprotein F1]	F	Canine distemper virus (strain Onderstepoort) (CDV) (Canine morbillivirus)	662	SIGNAL 1..135; /evidence="ECO:0000255"	Ailuropoda melanoleuca (Giant panda) [TaxID: 9646]; Ailurus fulgens (Himalayan red panda) [TaxID: 9649]; Canis lupus familiaris (Dog) (Canis familiaris) [TaxID: 9615]; Mustela [TaxID: 9665]; Panthera leo (Lion) [TaxID: 9689]; Procyon lotor (Raccoon) [TaxID: 9654]; Zalophus californianus (California sealion) [TaxID: 9704]	3433924; 8470428; 11932382	10.1016/0168-1702(87)90009-8; 10.1016/0264-410x(93)90285-6; 10.1128/jvi.76.9.4172-4180.2002
P12572	reviewed	FUS_NDVA	Fusion glycoprotein F0 [Cleaved into: Fusion glycoprotein F2; Fusion glycoprotein F1]	F	Newcastle disease virus (strain Chicken/Australia-Victoria/32) (NDV)	553	SIGNAL 1..31; /evidence="ECO:0000255"	Gallus gallus (Chicken) [TaxID: 9031]	2705298; 3776349	10.1016/0042-6822(89)90152-9; 10.1016/0168-1702(86)90028-6
P12575	reviewed	FUS_SENDF	Fusion glycoprotein F0 (Protein F) [Cleaved into: Fusion glycoprotein F2; Fusion glycoprotein F1]	F	Sendai virus (strain Fushimi) (SeV)	565	SIGNAL 1..25; /evidence="ECO:0000250"	Cavia cutleri (Guinea pig) [TaxID: 10144]; Cricetidae sp. (Hamster) [TaxID: 36483]; Mus musculus (Mouse) [TaxID: 10090]; Rattus norvegicus (Rat) [TaxID: 10116]	2824671; 7625124	10.1099/0022-1317-68-11-2939; 10.1016/0168-1702(94)00102-i
P12581	reviewed	HEMA_I49A0	Hemagglutinin [Cleaved into: Hemagglutinin HA1 chain; Hemagglutinin HA2 chain]	HA	Influenza A virus (strain A/Chicken/Germany/n/1949 H10N7)	561	SIGNAL 1..16; /evidence="ECO:0000255|HAMAP-Rule:MF_04072"	Aves [TaxID: 8782]	3407149	10.1016/0042-6822(88)90586-7
P12583	reviewed	HEMA_I80A6	Hemagglutinin [Cleaved into: Hemagglutinin HA1 chain; Hemagglutinin HA2 chain]	HA	Influenza A virus (strain A/Duck/Hokkaido/8/1980 H3N8)	566	SIGNAL 1..16; /evidence="ECO:0000255|HAMAP-Rule:MF_04072"	Aves [TaxID: 8782]; Equus caballus (Horse) [TaxID: 9796]	2440178; 9882351	10.1016/0042-6822(87)90353-9; 10.1128/jvi.73.2.1453-1459.1999
P12590	reviewed	HEMA_I86A0	Hemagglutinin [Cleaved into: Hemagglutinin HA1 chain]	HA	Influenza A virus (strain A/Taiwan/1/1986 H1N1)	344	SIGNAL 1..17; /evidence="ECO:0000255"	Aves [TaxID: 8782]; Homo sapiens (Human) [TaxID: 9606]; Sus scrofa (Pig) [TaxID: 9823]	3572359	10.1099/0022-1317-68-4-1205
P12640	reviewed	GB_BHV1C	Envelope glycoprotein B (gB)	gB GI UL27	Bovine herpesvirus 1.1 (strain Cooper) (BoHV-1) (Infectious bovine rhinotracheitis virus)	932	SIGNAL 1..62; /evidence="ECO:0000255"	Bos taurus (Bovine) [TaxID: 9913]	2841484	10.1128/jvi.62.9.3319-3327.1988
P12650	reviewed	SPIKE_IBVK	Spike glycoprotein (S glycoprotein) (E2) (Peplomer protein) [Cleaved into: Spike protein S1; Spike protein S2; Spike protein S2']	S 2	Avian infectious bronchitis virus (strain KB8523) (IBV)	1162	SIGNAL 1..18; /evidence="ECO:0000255|HAMAP-Rule:MF_04098"	Gallus gallus (Chicken) [TaxID: 9031]	2841803	10.1016/0042-6822(88)90603-4
P12722	reviewed	SPIKE_IBVD2	Spike glycoprotein (S glycoprotein) (E2) (Peplomer protein) [Cleaved into: Spike protein S1; Spike protein S2; Spike protein S2']	S 2	Avian infectious bronchitis virus (strain D274) (IBV)	1154	SIGNAL 1..18; /evidence="ECO:0000255|HAMAP-Rule:MF_04098"	Gallus gallus (Chicken) [TaxID: 9031]	2550899	10.1093/nar/17.16.6726
P12824	reviewed	GH_HCMVA	Envelope glycoprotein H (gH)	gH UL75	Human cytomegalovirus (strain AD169) (HHV-5) (Human herpesvirus 5)	743	SIGNAL 1..23; /evidence="ECO:0000255"	Homo sapiens (Human) [TaxID: 9606]	2831402; 2161319; 12533697; 9733861; 15452216	10.1128/jvi.62.4.1416-1422.1988; 10.1007/978-3-642-74980-3_6; 10.1099/vir.0.18606-0; 10.1128/jvi.72.10.8191-8197.1998; 10.1128/jvi.78.20.10960-10966.2004
P13101	reviewed	HEMA_I84A4	Hemagglutinin [Cleaved into: Hemagglutinin HA1 chain; Hemagglutinin HA2 chain]	HA	Influenza A virus (strain A/Gull/Astrakhan/227/1984 H13N6)	565	SIGNAL 1..18; /evidence="ECO:0000255|HAMAP-Rule:MF_04072"	Aves [TaxID: 8782]	2773315	10.1016/0042-6822(89)90119-0
P13102	reviewed	HEMA_I84A2	Hemagglutinin [Cleaved into: Hemagglutinin HA1 chain; Hemagglutinin HA2 chain]	HA	Influenza A virus (strain A/Whale/Maine/328/1984 H13N2)	566	SIGNAL 1..18; /evidence="ECO:0000255|HAMAP-Rule:MF_04072"	Aves [TaxID: 8782]; Cetacea (whales & dolphins) [TaxID: 9721]	2773315	10.1016/0042-6822(89)90119-0
P13103	reviewed	HEMA_I77AF	Hemagglutinin [Cleaved into: Hemagglutinin HA1 chain; Hemagglutinin HA2 chain]	HA	Influenza A virus (strain A/Gull/Maryland/704/1977 H13N6)	566	SIGNAL 1..18; /evidence="ECO:0000255|HAMAP-Rule:MF_04072"	Aves [TaxID: 8782]	2024485; 2773315; 16439620	10.1016/0042-6822(91)90588-3; 10.1016/0042-6822(89)90119-0; 10.1126/science.1121586
P13201	reviewed	GB_HCMVT	Envelope glycoprotein B (gB)	gB UL55	Human cytomegalovirus (strain Towne) (HHV-5) (Human herpesvirus 5)	907	SIGNAL 1..22; /evidence="ECO:0000255|HAMAP-Rule:MF_04032"	Homo sapiens (Human) [TaxID: 9606]	2460994; 8384757; 12433371; 12879076; 18701889; 20660204; 18772881	10.1016/0042-6822(88)90071-2; 10.1006/viro.1993.1192; 10.1016/s1074-7613(02)00447-8; 10.1038/nature01818; 10.1038/nature07209; 10.1128/jvi.00710-10; 10.1038/emboj.2008.179
P13291	reviewed	GI_HHV2H	Envelope glycoprotein I (gI)	gI US7	Human herpesvirus 2 (strain HG52) (HHV-2) (Human herpes simplex virus 2)	372	SIGNAL 1..20; /evidence="ECO:0000255"	Homo sapiens (Human) [TaxID: 9606]	3027242; 9499055	10.1099/0022-1317-68-1-19; 10.1128/jvi.72.3.2010-2021.1998
P13843	reviewed	FUS_HRSV1	Fusion glycoprotein F0 [Cleaved into: Fusion glycoprotein F2 (F2); p27 (Intervening segment) (Pep27) (Peptide 27); Fusion glycoprotein F1 (F1)]	F	Human respiratory syncytial virus B (strain 18537)	574	SIGNAL 1..25; /evidence="ECO:0000255"	Homo sapiens (Human) [TaxID: 9606]	3171553	10.1099/0022-1317-69-10-2623
P14075	reviewed	ENV_HTL1C	Envelope glycoprotein gp62 (Env polyprotein) [Cleaved into: Surface protein (SU) (Glycoprotein 46) (gp46); Transmembrane protein (TM) (Glycoprotein 21) (gp21)]	env	Human T-cell leukemia virus 1 (isolate Caribbea HS-35 subtype A) (HTLV-1)	488	SIGNAL 1..20; /evidence="ECO:0000255"	Homo sapiens (Human) [TaxID: 9606]	2899128	10.1099/0022-1317-69-7-1695
P14334	reviewed	US06_HCMVA	Unique short US6 glycoprotein (Protein HXLF6) (gpUS6)	US6	Human cytomegalovirus (strain AD169) (HHV-5) (Human herpesvirus 5)	183	SIGNAL 1..19; /evidence="ECO:0000255"	Homo sapiens (Human) [TaxID: 9606]	3031311; 2161319; 12533697; 9175839; 11157746; 18688275	10.1016/0022-2836(86)90359-1; 10.1007/978-3-642-74980-3_6; 10.1099/vir.0.18606-0; 10.1016/s1074-7613(00)80349-0; 10.1093/emboj/20.3.387; 10.1371/journal.ppat.1000123
P14378	reviewed	GC_BHV1C	Envelope glycoprotein C homolog (Glycoprotein GIII)	gC GIII	Bovine herpesvirus 1.1 (strain Cooper) (BoHV-1) (Infectious bovine rhinotracheitis virus)	521	SIGNAL 1..21	Bos taurus (Bovine) [TaxID: 9913]	2554578; 8390825	10.1016/0042-6822(89)90220-1; 10.1007/bf01309666
P14623	reviewed	FUS_NDVI	Fusion glycoprotein F0 [Cleaved into: Fusion glycoprotein F2; Fusion glycoprotein F1]	F	Newcastle disease virus (strain Italien/45) (NDV)	553	SIGNAL 1..31; /evidence="ECO:0000255"	Gallus gallus (Chicken) [TaxID: 9031]	3592986; 2705298	10.1007/bf01311336; 10.1016/0042-6822(89)90152-9
P16060	reviewed	HEMA_I66A0	Hemagglutinin [Cleaved into: Hemagglutinin HA1 chain; Hemagglutinin HA2 chain]	HA	Influenza A virus (strain A/Turkey/Ontario/7732/1966 H5N9)	565	SIGNAL 1..16; /evidence="ECO:0000255|HAMAP-Rule:MF_04072"	Aves [TaxID: 8782]	2335822	10.1128/jvi.64.6.2941-2947.1990
P16288	reviewed	GLYCO_RABVS	Glycoprotein	G	Rabies virus (strain SAD B19) (RABV)	524	SIGNAL 1..19	Homo sapiens (Human) [TaxID: 9606]; Mammalia [TaxID: 40674]	2139267; 16453143	10.1016/0042-6822(90)90433-r; 10.1007/s00401-005-0006-z
P16795	reviewed	GN_HCMVA	Envelope glycoprotein N	gN UL73	Human cytomegalovirus (strain AD169) (HHV-5) (Human herpesvirus 5)	138	SIGNAL 1..21; /evidence="ECO:0000255|HAMAP-Rule:MF_04037"	Homo sapiens (Human) [TaxID: 9606]	2161319; 12533697; 15452216; 11090188; 12111433; 15681419; 17229708	10.1007/978-3-642-74980-3_6; 10.1099/vir.0.18606-0; 10.1128/jvi.78.20.10960-10966.2004; 10.1128/jvi.74.24.11881-11892.2000; 10.1007/s00705-002-0810-x; 10.1128/jvi.79.4.2160-2170.2005; 10.1128/jvi.01463-06
P16833	reviewed	UL116_HCMVA	Uncharacterized protein UL116	UL116	Human cytomegalovirus (strain AD169) (HHV-5) (Human herpesvirus 5)	314	SIGNAL 1..24; /evidence="ECO:0000255"	Homo sapiens (Human) [TaxID: 9606]	2161319; 12533697; 26937030; 33889136; 34011552	10.1007/978-3-642-74980-3_6; 10.1099/vir.0.18606-0; 10.1128/jvi.02517-15; 10.3389/fmicb.2021.630121; 10.1128/jvi.02207-20
P16845	reviewed	UL22A_HCMVA	Glycoprotein UL22A	UL22A UL20A	Human cytomegalovirus (strain AD169) (HHV-5) (Human herpesvirus 5)	103	SIGNAL 1..20; /evidence="ECO:0000255"	Homo sapiens (Human) [TaxID: 9606]	2161319; 11928987; 12533697; 15452216	10.1007/978-3-642-74980-3_6; 10.1023/a:1014033920070; 10.1099/vir.0.18606-0; 10.1128/jvi.78.20.10960-10966.2004
P16848	reviewed	UL31_HCMVA	Protein UL31	UL31	Human cytomegalovirus (strain AD169) (HHV-5) (Human herpesvirus 5)	595	SIGNAL 1..23; /evidence="ECO:0000255"	Homo sapiens (Human) [TaxID: 9606]	2161319; 12533697; 29937271	10.1007/978-3-642-74980-3_6; 10.1099/vir.0.18606-0; 10.1016/j.chom.2018.05.007
P16899	reviewed	ENV_OMVVS	Envelope glycoprotein gp160 (Env polyprotein) [Cleaved into: Surface protein (Glycoprotein 135) (gp135); Transmembrane protein (Glycoprotein 46) (gp46)]	env	Ovine maedi visna related virus (strain South Africa) (SA-OMVV) (Ovine lentivirus)	990	SIGNAL 1..107; /evidence="ECO:0000255"	Ovis aries (Sheep) [TaxID: 9940]	2158181	10.1016/0042-6822(90)90428-t
P16948	reviewed	KP6T_UMV6	KP6 killer toxin (Killer protein 6) [Cleaved into: KP6 killer toxin subunit alpha (VP10); KP6 killer toxin subunit beta (VP12.5)]		Ustilago maydis P6 virus (UmV6) (UmV-P6)	219	SIGNAL 1..19	Mycosarcoma maydis (Corn smut fungus) (Ustilago maydis) [TaxID: 5270]	2181272; 8479428; 10400668	10.1128/mcb.10.4.1373-1381.1990; 10.1007/bf00279552; 10.1074/jbc.274.29.20425
P16994	reviewed	HEMA_I72A0	Hemagglutinin [Cleaved into: Hemagglutinin HA1 chain; Hemagglutinin HA2 chain]	HA	Influenza A virus (strain A/Equine/Algiers/1972 H3N8)	565	SIGNAL 1..16; /evidence="ECO:0000255|HAMAP-Rule:MF_04072"	Aves [TaxID: 8782]; Equus caballus (Horse) [TaxID: 9796]	2705299	10.1016/0042-6822(89)90153-0
P16996	reviewed	HEMA_I87A3	Hemagglutinin [Cleaved into: Hemagglutinin HA1 chain; Hemagglutinin HA2 chain]	HA	Influenza A virus (strain A/Equine/Kentucky/1/1987 H3N8)	565	SIGNAL 1..16; /evidence="ECO:0000255|HAMAP-Rule:MF_04072"	Aves [TaxID: 8782]; Equus caballus (Horse) [TaxID: 9796]	2705299	10.1016/0042-6822(89)90153-0
P16997	reviewed	HEMA_I76AJ	Hemagglutinin [Cleaved into: Hemagglutinin HA1 chain; Hemagglutinin HA2 chain]	HA	Influenza A virus (strain A/Equine/New Market/1976 H3N8)	565	SIGNAL 1..16; /evidence="ECO:0000255|HAMAP-Rule:MF_04072"	Aves [TaxID: 8782]; Equus caballus (Horse) [TaxID: 9796]	2705299	10.1016/0042-6822(89)90153-0
P16998	reviewed	HEMA_I80AB	Hemagglutinin [Cleaved into: Hemagglutinin HA1 chain; Hemagglutinin HA2 chain]	HA	Influenza A virus (strain A/Equine/Romania/1980 H3N8)	565	SIGNAL 1..16; /evidence="ECO:0000255|HAMAP-Rule:MF_04072"	Aves [TaxID: 8782]; Equus caballus (Horse) [TaxID: 9796]	2705299	10.1016/0042-6822(89)90153-0
P16999	reviewed	HEMA_I85A5	Hemagglutinin [Cleaved into: Hemagglutinin HA1 chain; Hemagglutinin HA2 chain]	HA	Influenza A virus (strain A/Equine/Santiago/1/1985 H3N8)	565	SIGNAL 1..16; /evidence="ECO:0000255|HAMAP-Rule:MF_04072"	Aves [TaxID: 8782]; Equus caballus (Horse) [TaxID: 9796]	2705299; 15977411	10.1016/0042-6822(89)90153-0; 10.4067/s0716-97602005000100008
P17000	reviewed	HEMA_I71A3	Hemagglutinin [Cleaved into: Hemagglutinin HA1 chain; Hemagglutinin HA2 chain]	HA	Influenza A virus (strain A/Equine/Tokyo/1971 H3N2)	565	SIGNAL 1..16; /evidence="ECO:0000255|HAMAP-Rule:MF_04072"	Aves [TaxID: 8782]; Cetacea (whales & dolphins) [TaxID: 9721]; Equus caballus (Horse) [TaxID: 9796]; Homo sapiens (Human) [TaxID: 9606]; Phocidae (true seals) [TaxID: 9709]; Sus scrofa (Pig) [TaxID: 9823]	2705299	10.1016/0042-6822(89)90153-0
P17001	reviewed	HEMA_I86A3	Hemagglutinin [Cleaved into: Hemagglutinin HA1 chain; Hemagglutinin HA2 chain]	HA	Influenza A virus (strain A/Equine/Tennessee/5/1986 H3N8)	565	SIGNAL 1..16; /evidence="ECO:0000255|HAMAP-Rule:MF_04072"	Aves [TaxID: 8782]; Equus caballus (Horse) [TaxID: 9796]	2705299	10.1016/0042-6822(89)90153-0
P17002	reviewed	HEMA_I63A4	Hemagglutinin [Cleaved into: Hemagglutinin HA1 chain; Hemagglutinin HA2 chain]	HA	Influenza A virus (strain A/Equine/Uruguay/1/1963 H3N8)	565	SIGNAL 1..16; /evidence="ECO:0000255|HAMAP-Rule:MF_04072"	Aves [TaxID: 8782]; Equus caballus (Horse) [TaxID: 9796]	2705299	10.1016/0042-6822(89)90153-0
P17150	reviewed	IL10H_HCMVA	Viral interleukin-10 homolog (cmvIL-10) (vIL-10)	UL111A	Human cytomegalovirus (strain AD169) (HHV-5) (Human herpesvirus 5)	175	SIGNAL 1..19; /evidence="ECO:0000255"	Homo sapiens (Human) [TaxID: 9606]	2161319; 10677520; 12533697; 15280480; 19524994; 12093920	10.1007/978-3-642-74980-3_6; 10.1073/pnas.97.4.1695; 10.1099/vir.0.18606-0; 10.1128/jvi.78.16.8720-8731.2004; 10.1016/j.virol.2009.05.013; 10.1073/pnas.152147499
P17471	reviewed	GB_BHV1P	Envelope glycoprotein B (gB)	gB GI	Bovine herpesvirus 1.1 (strain P8-2) (BoHV-1) (Infectious bovine rhinotracheitis virus)	928	SIGNAL 1..62; /evidence="ECO:0000255"	Bos taurus (Bovine) [TaxID: 9913]	2845660	10.1016/0042-6822(88)90525-9
P17472	reviewed	GB_EHV4	Envelope glycoprotein B (gB)	gB	Equine herpesvirus 4 (strain 1942) (EHV-4) (Equine rhinopneumonitis virus)	919	SIGNAL 1..28; /evidence="ECO:0000255|HAMAP-Rule:MF_04032"	Equus caballus (Horse) [TaxID: 9796]	2915378	10.1128/jvi.63.3.1123-1133.1989
P17504	reviewed	HEMA_INBBE	Hemagglutinin [Cleaved into: Hemagglutinin HA1 chain; Hemagglutinin HA2 chain]	HA	Influenza B virus (strain B/Beijing/1/1987)	585	SIGNAL 1..15; /evidence="ECO:0000255|HAMAP-Rule:MF_04072"	Homo sapiens (Human) [TaxID: 9606]	2362812	10.1093/nar/18.12.3633
P17520	reviewed	RDRP_PLRV1	Protein P1-P2 [Cleaved into: Serine protease (EC 3.4.21.-); RNA-directed RNA polymerase (EC 2.7.7.48) (69.6 kDa protein)]	ORF1/ORF2	Potato leafroll virus (strain Potato/Scotland/strain 1/1984) (PLrV)	1062	SIGNAL 1..20; /evidence="ECO:0000255"	Solanum tuberosum (Potato) [TaxID: 4113]	2732710; 1547775	10.1099/0022-1317-70-5-1037; 10.1002/j.1460-2075.1992.tb05151.x
P17662	reviewed	SPIKE_IBVD3	Spike glycoprotein (S glycoprotein) (E2) (Peplomer protein) [Cleaved into: Spike protein S1; Spike protein S2]	S 2	Avian infectious bronchitis virus (strain D3896) (IBV)	550	SIGNAL 1..18; /evidence="ECO:0000255"	Gallus gallus (Chicken) [TaxID: 9031]	2161519	10.1093/nar/18.10.3063
P18050	reviewed	GB_EHV1	Envelope glycoprotein B (gB)	gB GP14	Equine herpesvirus 1 (strain HVS25A) (EHV-1) (Equine abortion virus)	980	SIGNAL 1..86; /evidence="ECO:0000255"	Equus caballus (Horse) [TaxID: 9796]	2543744	10.1099/0022-1317-70-2-383
P18450	reviewed	SPIKE_CVPFS	Spike glycoprotein (S glycoprotein) (E2) (Peplomer protein)	S 2	Porcine transmissible gastroenteritis coronavirus (strain FS772/70) (TGEV)	1449	SIGNAL 1..28; /evidence="ECO:0000255|HAMAP-Rule:MF_04200"	Sus scrofa (Pig) [TaxID: 9823]	1964522	10.1016/0168-1702(90)90090-x
P18538	reviewed	GB_GAHVR	Envelope glycoprotein B (gB)	gB	Gallid herpesvirus 2 (strain RB-1b) (GaHV-2) (Marek's disease herpesvirus type 1)	865	SIGNAL 1..21; /evidence="ECO:0000255|HAMAP-Rule:MF_04032"	Gallus gallus (Chicken) [TaxID: 9031]	2544666	10.1099/0022-1317-70-7-1789
P18551	reviewed	GB_EHV1A	Envelope glycoprotein B (gB)	gB GP14	Equine herpesvirus 1 (strain AB1) (EHV-1) (Equine abortion virus)	980	SIGNAL 1..86; /evidence="ECO:0000255"	Equus caballus (Horse) [TaxID: 9796]		
P18875	reviewed	HEMA_I79A4	Hemagglutinin [Cleaved into: Hemagglutinin HA1 chain; Hemagglutinin HA2 chain]	HA	Influenza A virus (strain A/Kiev/59/1979 H1N1)	566	SIGNAL 1..17; /evidence="ECO:0000255|HAMAP-Rule:MF_04072"	Aves [TaxID: 8782]; Homo sapiens (Human) [TaxID: 9606]; Sus scrofa (Pig) [TaxID: 9823]	3964310	
P18876	reviewed	HEMA_I54A0	Hemagglutinin [Cleaved into: Hemagglutinin HA1 chain; Hemagglutinin HA2 chain]	HA	Influenza A virus (strain A/Leningrad/1/1954 H1N1)	566	SIGNAL 1..17; /evidence="ECO:0000255|HAMAP-Rule:MF_04072"	Aves [TaxID: 8782]; Homo sapiens (Human) [TaxID: 9606]; Sus scrofa (Pig) [TaxID: 9823]	6098280	
P19106	reviewed	HEMA_I72A2	Hemagglutinin [Cleaved into: Hemagglutinin HA1 chain; Hemagglutinin HA2 chain]	HA	Influenza A virus (strain A/Udorn/307/1972 H3N2)	566	SIGNAL 1..16; /evidence="ECO:0000255|HAMAP-Rule:MF_04072"	Aves [TaxID: 8782]; Cetacea (whales & dolphins) [TaxID: 9721]; Homo sapiens (Human) [TaxID: 9606]; Phocidae (true seals) [TaxID: 9709]; Sus scrofa (Pig) [TaxID: 9823]	6548691	
P19694	reviewed	HEMA_I77AG	Hemagglutinin [Cleaved into: Hemagglutinin HA1 chain; Hemagglutinin HA2 chain]	HA	Influenza A virus (strain A/Budgerigar/Hokkaido/1/1977 H4N6)	564	SIGNAL 1..16; /evidence="ECO:0000255|HAMAP-Rule:MF_04072"	Aves [TaxID: 8782]; Sus scrofa (Pig) [TaxID: 9823]	2705304	10.1016/0042-6822(89)90166-9
P19695	reviewed	HEMA_I75A4	Hemagglutinin [Cleaved into: Hemagglutinin HA1 chain; Hemagglutinin HA2 chain]	HA	Influenza A virus (strain A/Chicken/Alabama/1/1975 H4N8)	564	SIGNAL 1..16; /evidence="ECO:0000255|HAMAP-Rule:MF_04072"	Aves [TaxID: 8782]	2705304	10.1016/0042-6822(89)90166-9
P19696	reviewed	HEMA_I56A1	Hemagglutinin [Cleaved into: Hemagglutinin HA1 chain; Hemagglutinin HA2 chain]	HA	Influenza A virus (strain A/Duck/Czechoslovakia/1956 H4N6)	564	SIGNAL 1..16; /evidence="ECO:0000255|HAMAP-Rule:MF_04072"	Aves [TaxID: 8782]; Sus scrofa (Pig) [TaxID: 9823]	2024485; 2705304; 10725545	10.1016/0042-6822(91)90588-3; 10.1016/0042-6822(89)90166-9; 10.1016/s0168-1702(99)00131-8
P19697	reviewed	HEMA_I76AK	Hemagglutinin [Cleaved into: Hemagglutinin HA1 chain; Hemagglutinin HA2 chain]	HA	Influenza A virus (strain A/Duck/New Zealand/31/1976 H4N6)	564	SIGNAL 1..16; /evidence="ECO:0000255|HAMAP-Rule:MF_04072"	Aves [TaxID: 8782]; Sus scrofa (Pig) [TaxID: 9823]	2705304	10.1016/0042-6822(89)90166-9
P19699	reviewed	HEMA_I86A2	Hemagglutinin [Cleaved into: Hemagglutinin HA1 chain; Hemagglutinin HA2 chain]	HA	Influenza A virus (strain A/Equine/Kentucky/2/1986 H3N8)	565	SIGNAL 1..16; /evidence="ECO:0000255|HAMAP-Rule:MF_04072"	Aves [TaxID: 8782]; Equus caballus (Horse) [TaxID: 9796]	2705299	10.1016/0042-6822(89)90153-0
P19700	reviewed	HEMA_I85A7	Hemagglutinin [Cleaved into: Hemagglutinin HA1 chain; Hemagglutinin HA2 chain]	HA	Influenza A virus (strain A/Ruddy Turnstone/New Jersey/47/1985 H4N6)	564	SIGNAL 1..16; /evidence="ECO:0000255|HAMAP-Rule:MF_04072"	Aves [TaxID: 8782]; Sus scrofa (Pig) [TaxID: 9823]	2705304	10.1016/0042-6822(89)90166-9
P19701	reviewed	HEMA_I82A3	Hemagglutinin [Cleaved into: Hemagglutinin HA1 chain; Hemagglutinin HA2 chain]	HA	Influenza A virus (strain A/Seal/Massachusetts/133/1982 H4N5)	564	SIGNAL 1..16; /evidence="ECO:0000255|HAMAP-Rule:MF_04072"	Aves [TaxID: 8782]; Phocidae (true seals) [TaxID: 9709]	2705304	10.1016/0042-6822(89)90166-9
P19702	reviewed	HEMA_I80A8	Hemagglutinin [Cleaved into: Hemagglutinin HA1 chain; Hemagglutinin HA2 chain]	HA	Influenza A virus (strain A/Turkey/Minnesota/833/1980 H4N2)	564	SIGNAL 1..16; /evidence="ECO:0000255|HAMAP-Rule:MF_04072"	Aves [TaxID: 8782]	2705304; 16439620	10.1016/0042-6822(89)90166-9; 10.1126/science.1121586
P21412	reviewed	ENV_SMRVH	Envelope glycoprotein (Env polyprotein) [Cleaved into: Surface protein (SU) (Glycoprotein 70) (gp70); Transmembrane protein (TM) (Glycoprotein 20) (gp20)]	env	Squirrel monkey retrovirus (SMRV-H) (SMRV-HLB)	575	SIGNAL 1..19; /evidence="ECO:0000255"	Mammalia [TaxID: 40674]	3201749	10.1016/s0042-6822(88)90109-2
P21443	reviewed	ENV_FLVC6	Envelope glycoprotein (Env polyprotein) [Cleaved into: Surface protein (SU) (Glycoprotein 70) (gp70); Transmembrane protein (TM) (Envelope protein p15E); R-peptide (p2E)]	env	Feline leukemia virus (isolate CFE-6)	668	SIGNAL 1..34; /evidence="ECO:0000255"	Felidae (cat family) [TaxID: 9681]	2539525	10.1128/jvi.63.5.2379-2384.1989
P22092	reviewed	HEMA_INBVK	Hemagglutinin [Cleaved into: Hemagglutinin HA1 chain; Hemagglutinin HA2 chain]	HA	Influenza B virus (strain B/Victoria/2/1987)	585	SIGNAL 1..15; /evidence="ECO:0000255|HAMAP-Rule:MF_04072"	Homo sapiens (Human) [TaxID: 9606]	2309452	10.1016/0042-6822(90)90186-u
P22167	reviewed	FUS_BRSVC	Fusion glycoprotein F0 [Cleaved into: Fusion glycoprotein F2 (F2); p27 (Intervening segment) (Pep27) (Peptide 27); Fusion glycoprotein F1 (F1)]	F	Bovine respiratory syncytial virus (strain Copenhagen) (BRS)	574	SIGNAL 1..25; /evidence="ECO:0000255"	Bos taurus (Bovine) [TaxID: 9913]	1994571	10.1016/0042-6822(91)90476-r
P22596	reviewed	GC_EHV4	Envelope glycoprotein C (Glycoprotein 13)	gC GP13	Equine herpesvirus 4 (strain 1942) (EHV-4) (Equine rhinopneumonitis virus)	485	SIGNAL 1..32	Equus caballus (Horse) [TaxID: 9796]	2171212; 20236610	10.1016/0042-6822(90)90305-b; 10.1016/j.virusres.2010.03.003
P23422	reviewed	ENV_VILV1	Envelope glycoprotein gp160 (Env polyprotein) [Cleaved into: Surface protein (Glycoprotein 135) (gp135); Transmembrane protein (Glycoprotein 46) (gp46)]	env	Maedi visna virus (strain 1514 / clone LV1-1KS1) (MVV) (Visna lentivirus)	989	SIGNAL 1..106; /evidence="ECO:0000255"	Ovis aries (Sheep) [TaxID: 9940]	1847257	10.1016/0042-6822(91)90488-w
P23423	reviewed	ENV_VILV2	Envelope glycoprotein gp160 (Env polyprotein) [Cleaved into: Surface protein (Glycoprotein 135) (gp135); Transmembrane protein (Glycoprotein 46) (gp46)]	env	Maedi visna virus (strain 1514 / clone LV1-1KS2) (MVV) (Visna lentivirus)	991	SIGNAL 1..106; /evidence="ECO:0000255"	Ovis aries (Sheep) [TaxID: 9940]	1847257	10.1016/0042-6822(91)90488-w
P23728	reviewed	FUS_BRSVR	Fusion glycoprotein F0 [Cleaved into: Fusion glycoprotein F2 (F2); p27 (Intervening segment) (Pep27) (Peptide 27); Fusion glycoprotein F1 (F1)]	F	Bovine respiratory syncytial virus (strain Rb94) (BRS)	574	SIGNAL 1..25; /evidence="ECO:0000255"	Bos taurus (Bovine) [TaxID: 9913]	1703214	10.1099/0022-1317-71-12-3009
P24413	reviewed	SPIKE_CVPRM	Spike glycoprotein (S glycoprotein) (E2) (Peplomer protein)	S	Porcine respiratory coronavirus (strain RM4) (PRCoV) (PRCV)	1225	SIGNAL 1..12; /evidence="ECO:0000255|HAMAP-Rule:MF_04200"	Sus scrofa (Pig) [TaxID: 9823]	2174956; 7911642	10.1099/0022-1317-71-11-2599; 10.1007/978-1-4615-2996-5_45
P24614	reviewed	FUS_TRTV	Fusion glycoprotein F0 [Cleaved into: Fusion glycoprotein F2; Fusion glycoprotein F1]	F	Turkey rhinotracheitis virus (TRTV)	538	SIGNAL 1..18; /evidence="ECO:0000255"	Meleagris gallopavo (Wild turkey) [TaxID: 9103]	1990068; 1629697	10.1099/0022-1317-72-1-75; 10.1099/0022-1317-73-7-1709
P24770	reviewed	PG193_VACCW	Soluble interferon gamma receptor OPG193 (B8)	OPG193 VACWR190 B8R	Vaccinia virus (strain Western Reserve) (VACV) (Vaccinia virus (strain WR))	272	SIGNAL 1..13; /evidence="ECO:0000255"	Bos taurus (Bovine) [TaxID: 9913]	2045793; 1846491; 7609027; 7747448; 12124459	10.1099/0022-1317-72-6-1349; 10.1016/0042-6822(91)90077-o; 10.1128/jvi.69.8.4633-4639.1995; 10.1006/viro.1995.1208; 10.1099/0022-1317-83-8-1953
P24904	reviewed	GB_ILTVT	Envelope glycoprotein B (gB)	gB	Infectious laryngotracheitis virus (strain Thorne V882) (ILTV) (Gallid herpesvirus 1)	883	SIGNAL 1..31; /evidence="ECO:0000255|HAMAP-Rule:MF_04032"	Gallus gallus (Chicken) [TaxID: 9031]	1847176	10.1099/0022-1317-72-2-393
P24905	reviewed	GB_SHV21	Envelope glycoprotein B (gB)	gB KCRF1 8	Saimiriine herpesvirus 2 (strain 11) (SaHV-2) (Herpesvirus saimiri)	808	SIGNAL 1..19; /evidence="ECO:0000255|HAMAP-Rule:MF_04032"	Saimiri sciureus (Common squirrel monkey) [TaxID: 9521]	2154888; 1321287	10.1016/0042-6822(90)90107-3; 10.1128/jvi.66.8.5047-5058.1992
P24994	reviewed	GB_HSV2S	Envelope glycoprotein B (gB)	gB UL27	Herpes simplex virus type 2 (strain SA8) (Simian agent 8)	885	SIGNAL 1..34; /evidence="ECO:0000255|HAMAP-Rule:MF_04032"	Homo sapiens (Human) [TaxID: 9606]	1895066	10.1099/0022-1317-72-9-2299
P25057	reviewed	ENV_BLVAU	Envelope glycoprotein (Env polyprotein) [Cleaved into: Surface protein (SU) (Glycoprotein 51) (gp51); Transmembrane protein (TM) (Glycoprotein 30) (gp30)]	env	Bovine leukemia virus (isolate Australian) (BLV)	515	SIGNAL 1..33; /evidence="ECO:0000255"	Bos taurus (Bovine) [TaxID: 9913]	2167927	10.1099/0022-1317-71-8-1737
P25213	reviewed	PG204_VACCW	Soluble interferon alpha/beta receptor OPG204 (B18)	OPG204 VACWR200 B18R	Vaccinia virus (strain Western Reserve) (VACV) (Vaccinia virus (strain WR))	351	SIGNAL 1..19; /evidence="ECO:0000255"	Bos taurus (Bovine) [TaxID: 9913]	2045793; 1826022; 7758109; 11070021; 19073732; 28877647	10.1099/0022-1317-72-6-1349; 10.1099/0022-1317-72-3-511; 10.1016/0092-8674(95)90076-4; 10.1128/jvi.74.23.11230-11239.2000; 10.1128/jvi.01617-08; 10.1089/hum.2017.121
P25218	reviewed	GB_EHV1D	Envelope glycoprotein B (gB)	gB GP14	Equine herpesvirus 1 (strain Kentucky D) (EHV-1) (Equine abortion virus)	980	SIGNAL 1..86; /evidence="ECO:0000255"	Equus caballus (Horse) [TaxID: 9796]	1692002; 2157895	10.1016/0378-1119(90)90309-f; 10.1128/jvi.64.5.2399-2406.1990
P25504	reviewed	ENV_BLVAF	Envelope glycoprotein (Env polyprotein) [Cleaved into: Surface protein (SU) (Glycoprotein 51) (gp51); Transmembrane protein (TM) (Glycoprotein 30) (gp30)]	env	Bovine leukemia virus (isolate American FLK) (BLV)	515	SIGNAL 1..33; /evidence="ECO:0000255"	Bos taurus (Bovine) [TaxID: 9913]	1696635	10.1128/jvi.64.9.4180-4188.1990
P25505	reviewed	ENV_BLVAV	Envelope glycoprotein (Env polyprotein) [Cleaved into: Surface protein (SU) (Glycoprotein 51) (gp51); Transmembrane protein (TM) (Glycoprotein 30) (gp30)]	env	Bovine leukemia virus (isolate American VDM) (BLV)	515	SIGNAL 1..33; /evidence="ECO:0000255"	Bos taurus (Bovine) [TaxID: 9913]	1696635	10.1128/jvi.64.9.4180-4188.1990
P25506	reviewed	ENV_BLVB2	Envelope glycoprotein (Env polyprotein) [Cleaved into: Surface protein (SU) (Glycoprotein 51) (gp51); Transmembrane protein (TM) (Glycoprotein 30) (gp30)]	env	Bovine leukemia virus (isolate Belgium LB285) (BLV)	515	SIGNAL 1..33; /evidence="ECO:0000255"	Bos taurus (Bovine) [TaxID: 9913]	1696635	10.1128/jvi.64.9.4180-4188.1990
P25507	reviewed	ENV_BLVB5	Envelope glycoprotein (Env polyprotein) [Cleaved into: Surface protein (SU) (Glycoprotein 51) (gp51); Transmembrane protein (TM) (Glycoprotein 30) (gp30)]	env	Bovine leukemia virus (isolate Belgium LB59) (BLV)	515	SIGNAL 1..33; /evidence="ECO:0000255"	Bos taurus (Bovine) [TaxID: 9913]	1696635	10.1128/jvi.64.9.4180-4188.1990
P25783	reviewed	CATV_NPVAC	Viral cathepsin (V-cath) (EC 3.4.22.50) (Cysteine proteinase) (CP)	VCATH ORF127	Autographa californica nuclear polyhedrosis virus (AcMNPV)	323	SIGNAL 1..16; /evidence="ECO:0000255"	Lepidoptera (moths & butterflies) [TaxID: 7088]	8030224; 1363350; 8590630; 7730794; 12069520; 21289117	10.1006/viro.1994.1380; 10.1515/bchm3.1992.373.2.1211; 10.1515/bchm3.1995.376.10.611; 10.1099/0022-1317-76-5-1091; 10.1006/viro.2002.1378; 10.1128/jvi.02165-10
P26031	reviewed	FUS_MEASI	Fusion glycoprotein F0 [Cleaved into: Fusion glycoprotein F2; Fusion glycoprotein F1]	F	Measles virus (strain IP-3-Ca) (MeV) (Subacute sclerose panencephalitis virus)	529	SIGNAL 1..26; /evidence="ECO:0000255"	Homo sapiens (Human) [TaxID: 9606]	1585658	10.1016/0042-6822(92)90552-z
P26032	reviewed	FUS_MEASY	Fusion glycoprotein F0 [Cleaved into: Fusion glycoprotein F2; Fusion glycoprotein F1]	F	Measles virus (strain Yamagata-1) (MeV) (Subacute sclerose panencephalitis virus)	534	SIGNAL 1..23; /evidence="ECO:0000255"	Homo sapiens (Human) [TaxID: 9606]	1698327	10.1007/bf00678408
P26094	reviewed	HEMA_I63A0	Hemagglutinin [Cleaved into: Hemagglutinin HA1 chain; Hemagglutinin HA2 chain]	HA	Influenza A virus (strain A/Equine/Cambridge/1/1963 H7N7)	570	SIGNAL 1..18; /evidence="ECO:0000255|HAMAP-Rule:MF_04072"	Aves [TaxID: 8782]; Equus caballus (Horse) [TaxID: 9796]; Homo sapiens (Human) [TaxID: 9606]; Phocidae (true seals) [TaxID: 9709]	1566601	10.1016/0168-1702(92)90037-a
P26095	reviewed	HEMA_I73A1	Hemagglutinin [Cleaved into: Hemagglutinin HA1 chain; Hemagglutinin HA2 chain]	HA	Influenza A virus (strain A/Equine/Cambridge/1/1973 H7N7)	570	SIGNAL 1..18; /evidence="ECO:0000255|HAMAP-Rule:MF_04072"	Aves [TaxID: 8782]; Equus caballus (Horse) [TaxID: 9796]; Homo sapiens (Human) [TaxID: 9606]; Phocidae (true seals) [TaxID: 9709]	1566601	10.1016/0168-1702(92)90037-a
P26096	reviewed	HEMA_I64A5	Hemagglutinin [Cleaved into: Hemagglutinin HA1 chain; Hemagglutinin HA2 chain]	HA	Influenza A virus (strain A/Equine/C.Detroit/1/1964 H7N7)	570	SIGNAL 1..18; /evidence="ECO:0000255|HAMAP-Rule:MF_04072"	Aves [TaxID: 8782]; Equus caballus (Horse) [TaxID: 9796]; Homo sapiens (Human) [TaxID: 9606]; Phocidae (true seals) [TaxID: 9709]	1566601	10.1016/0168-1702(92)90037-a
P26097	reviewed	HEMA_I64A6	Hemagglutinin [Cleaved into: Hemagglutinin HA1 chain; Hemagglutinin HA2 chain]	HA	Influenza A virus (strain A/Equine/Detroit/1/1964 H7N7)	570	SIGNAL 1..18; /evidence="ECO:0000255|HAMAP-Rule:MF_04072"	Aves [TaxID: 8782]; Equus caballus (Horse) [TaxID: 9796]; Homo sapiens (Human) [TaxID: 9606]; Phocidae (true seals) [TaxID: 9709]	1566601	10.1016/0168-1702(92)90037-a
P26098	reviewed	HEMA_I66A2	Hemagglutinin [Cleaved into: Hemagglutinin HA1 chain; Hemagglutinin HA2 chain]	HA	Influenza A virus (strain A/Equine/Lexington/1/1966 H7N7)	570	SIGNAL 1..18; /evidence="ECO:0000255|HAMAP-Rule:MF_04072"	Aves [TaxID: 8782]; Equus caballus (Horse) [TaxID: 9796]; Homo sapiens (Human) [TaxID: 9606]; Phocidae (true seals) [TaxID: 9709]	1566601	10.1016/0168-1702(92)90037-a
P26099	reviewed	HEMA_I73A4	Hemagglutinin [Cleaved into: Hemagglutinin HA1 chain; Hemagglutinin HA2 chain]	HA	Influenza A virus (strain A/Equine/London/1416/1973 H7N7)	570	SIGNAL 1..18; /evidence="ECO:0000255|HAMAP-Rule:MF_04072"	Aves [TaxID: 8782]; Equus caballus (Horse) [TaxID: 9796]; Homo sapiens (Human) [TaxID: 9606]; Phocidae (true seals) [TaxID: 9709]	1566601; 1871981	10.1016/0168-1702(92)90037-a; 10.1016/0042-6822(91)90872-9
P26100	reviewed	HEMA_I77A9	Hemagglutinin [Cleaved into: Hemagglutinin HA1 chain; Hemagglutinin HA2 chain]	HA	Influenza A virus (strain A/Equine/New Market/1/1977 H7N7)	570	SIGNAL 1..18; /evidence="ECO:0000255|HAMAP-Rule:MF_04072"	Aves [TaxID: 8782]; Equus caballus (Horse) [TaxID: 9796]; Homo sapiens (Human) [TaxID: 9606]; Phocidae (true seals) [TaxID: 9709]	1566601	10.1016/0168-1702(92)90037-a
P26101	reviewed	HEMA_I56A3	Hemagglutinin [Cleaved into: Hemagglutinin HA1 chain; Hemagglutinin HA2 chain]	HA	Influenza A virus (strain A/Equine/Prague/1/1956 H7N7)	570	SIGNAL 1..18; /evidence="ECO:0000255|HAMAP-Rule:MF_04072"	Aves [TaxID: 8782]; Equus caballus (Horse) [TaxID: 9796]; Homo sapiens (Human) [TaxID: 9606]; Phocidae (true seals) [TaxID: 9709]	1566601	10.1016/0168-1702(92)90037-a
P26102	reviewed	HEMA_I76AL	Hemagglutinin [Cleaved into: Hemagglutinin HA1 chain; Hemagglutinin HA2 chain]	HA	Influenza A virus (strain A/Equine/Sao Paulo/1/1976 H7N7)	570	SIGNAL 1..18; /evidence="ECO:0000255|HAMAP-Rule:MF_04072"	Aves [TaxID: 8782]; Equus caballus (Horse) [TaxID: 9796]; Homo sapiens (Human) [TaxID: 9606]; Phocidae (true seals) [TaxID: 9709]	1566601	10.1016/0168-1702(92)90037-a
P26103	reviewed	HEMA_I72A7	Hemagglutinin [Cleaved into: Hemagglutinin HA1 chain; Hemagglutinin HA2 chain]	HA	Influenza A virus (strain A/Equine/Switzerland/137/1972 H7N7)	570	SIGNAL 1..18; /evidence="ECO:0000255|HAMAP-Rule:MF_04072"	Aves [TaxID: 8782]; Equus caballus (Horse) [TaxID: 9796]; Homo sapiens (Human) [TaxID: 9606]; Phocidae (true seals) [TaxID: 9709]	1566601	10.1016/0168-1702(92)90037-a
P26134	reviewed	HEMA_I76A3	Hemagglutinin [Cleaved into: Hemagglutinin HA1 chain; Hemagglutinin HA2 chain]	HA	Influenza A virus (strain A/Duck/Alberta/78/1976 H3N8)	566	SIGNAL 1..16; /evidence="ECO:0000255|HAMAP-Rule:MF_04072"	Aves [TaxID: 8782]	1731092	10.1128/jvi.66.2.1129-1138.1992
P26135	reviewed	HEMA_I74A2	Hemagglutinin [Cleaved into: Hemagglutinin HA1 chain; Hemagglutinin HA2 chain]	HA	Influenza A virus (strain A/Duck/Memphis/928/1974 H3N8)	566	SIGNAL 1..16; /evidence="ECO:0000255|HAMAP-Rule:MF_04072"	Aves [TaxID: 8782]; Equus caballus (Horse) [TaxID: 9796]	1731092	10.1128/jvi.66.2.1129-1138.1992
P26136	reviewed	HEMA_I82A1	Hemagglutinin [Cleaved into: Hemagglutinin HA1 chain; Hemagglutinin HA2 chain]	HA	Influenza A virus (strain A/Mallard/Astrakhan/263/1982 H14N5) (Influenza A virus (strain A/Mallard/Gurjev/263/1982 H14N5))	568	SIGNAL 1..17; /evidence="ECO:0000255|HAMAP-Rule:MF_04072"	Aves [TaxID: 8782]	2238469	10.1016/0042-6822(90)90143-f
P26138	reviewed	HEMA_I78A4	Hemagglutinin [Cleaved into: Hemagglutinin HA1 chain; Hemagglutinin HA2 chain]	HA	Influenza A virus (strain A/Mallard/New York/6874/1978 H3N2)	566	SIGNAL 1..16; /evidence="ECO:0000255|HAMAP-Rule:MF_04072"	Aves [TaxID: 8782]; Cetacea (whales & dolphins) [TaxID: 9721]; Homo sapiens (Human) [TaxID: 9606]; Phocidae (true seals) [TaxID: 9709]; Sus scrofa (Pig) [TaxID: 9823]	1731092	10.1128/jvi.66.2.1129-1138.1992
P26139	reviewed	HEMA_I77A4	Hemagglutinin [Cleaved into: Hemagglutinin HA1 chain; Hemagglutinin HA2 chain]	HA	Influenza A virus (strain A/Swine/Colorado/1/1977 H3N2)	566	SIGNAL 1..16; /evidence="ECO:0000255|HAMAP-Rule:MF_04072"	Aves [TaxID: 8782]; Cetacea (whales & dolphins) [TaxID: 9721]; Homo sapiens (Human) [TaxID: 9606]; Phocidae (true seals) [TaxID: 9709]; Sus scrofa (Pig) [TaxID: 9823]	1731092	10.1128/jvi.66.2.1129-1138.1992
P26140	reviewed	HEMA_I88A6	Hemagglutinin [Cleaved into: Hemagglutinin HA1 chain; Hemagglutinin HA2 chain]	HA	Influenza A virus (strain A/Swine/Indiana/1726/1988 H1N1)	566	SIGNAL 1..17; /evidence="ECO:0000255|HAMAP-Rule:MF_04072"	Aves [TaxID: 8782]; Homo sapiens (Human) [TaxID: 9606]; Sus scrofa (Pig) [TaxID: 9823]	1731091	10.1128/jvi.66.2.1066-1073.1992
P26141	reviewed	HEMA_I84A5	Hemagglutinin [Cleaved into: Hemagglutinin HA1 chain; Hemagglutinin HA2 chain]	HA	Influenza A virus (strain A/Swine/Ukkel/1/1984 H3N2)	566	SIGNAL 1..16; /evidence="ECO:0000255|HAMAP-Rule:MF_04072"	Aves [TaxID: 8782]; Cetacea (whales & dolphins) [TaxID: 9721]; Homo sapiens (Human) [TaxID: 9606]; Phocidae (true seals) [TaxID: 9709]; Sus scrofa (Pig) [TaxID: 9823]	1731092	10.1128/jvi.66.2.1129-1138.1992
P26562	reviewed	HEMA_I76A4	Hemagglutinin [Cleaved into: Hemagglutinin HA1 chain; Hemagglutinin HA2 chain]	HA	Influenza A virus (strain A/Duck/Alberta/35/1976 H1N1)	566	SIGNAL 1..17; /evidence="ECO:0000255|HAMAP-Rule:MF_04072"	Aves [TaxID: 8782]; Homo sapiens (Human) [TaxID: 9606]; Sus scrofa (Pig) [TaxID: 9823]	2230742; 8892928	10.1099/0022-1317-71-10-2471; 10.1128/jvi.70.11.8041-8046.1996
P27171	reviewed	GB_MUHVS	Envelope glycoprotein B (gB)	gB UL55	Murid herpesvirus 1 (strain Smith) (MuHV-1) (Mouse cytomegalovirus)	928	SIGNAL 1..37; /evidence="ECO:0000255|HAMAP-Rule:MF_04032"	Mus musculus (Mouse) [TaxID: 10090]	1318410; 1329325; 8971012; 1718083	10.1128/jvi.66.7.4399-4406.1992; 10.1016/0042-6822(92)90198-x; 10.1128/jvi.70.12.8833-8849.1996; 10.1016/0042-6822(91)90765-4
P27415	reviewed	GB_ILTVS	Envelope glycoprotein B (gB)	gB	Infectious laryngotracheitis virus (strain SA-2) (ILTV) (Gallid herpesvirus 1)	883	SIGNAL 1..31; /evidence="ECO:0000255|HAMAP-Rule:MF_04032"	Gallus gallus (Chicken) [TaxID: 9031]	1840710	10.1016/0042-6822(91)90859-a
P27655	reviewed	SPIKE_CVPR8	Spike glycoprotein (S glycoprotein) (E2) (Peplomer protein)	S	Porcine respiratory coronavirus (strain 86/137004 / isolate British) (PRCoV) (PRCV)	1225	SIGNAL 1..12; /evidence="ECO:0000255|HAMAP-Rule:MF_04200"	Sus scrofa (Pig) [TaxID: 9823]	1662846	10.1016/0168-1702(91)90032-q
P27945	reviewed	I329L_ASFB7	Transmembrane protein I329L	BA71V-142 I329L	African swine fever virus (strain Badajoz 1971 Vero-adapted) (Ba71V) (ASFV)	329	SIGNAL 1..31; /evidence="ECO:0000250|UniProtKB:A9JM73"	Ornithodoros (relapsing fever ticks) [TaxID: 6937]; Sus scrofa (Pig) [TaxID: 9823]	1309282; 11831707; 21203785; 21280117; 23041356	10.1016/0042-6822(92)90059-x; 10.1006/viro.1995.1149; 10.1007/s00705-010-0894-7; 10.1002/pro.554; 10.1016/j.virusres.2012.09.014
P28730	reviewed	HEMA_I88A0	Hemagglutinin [Cleaved into: Hemagglutinin HA1 chain]	HA	Influenza A virus (strain A/Harbin/1/1988 H1N2)	344	SIGNAL 1..17; /evidence="ECO:0000255"	Aves [TaxID: 8782]; Sus scrofa (Pig) [TaxID: 9823]	1538194	10.1099/0022-1317-73-2-383
P28731	reviewed	HEMA_I89A5	Hemagglutinin [Cleaved into: Hemagglutinin HA1 chain]	HA	Influenza A virus (strain A/Xianfeng/3/1989 H1N2)	344	SIGNAL 1..17; /evidence="ECO:0000255"	Aves [TaxID: 8782]; Sus scrofa (Pig) [TaxID: 9823]	1538194	10.1099/0022-1317-73-2-383
P28864	reviewed	GB_HHV6U	Envelope glycoprotein B (gB)	gB U39	Human herpesvirus 6A (strain Uganda-1102) (HHV-6 variant A) (Human B lymphotropic virus)	830	SIGNAL 1..22; /evidence="ECO:0000255|HAMAP-Rule:MF_04032"	Homo sapiens (Human) [TaxID: 9606]	7747482; 8212582; 1651403	10.1006/viro.1995.1228; 10.1006/viro.1993.1610; 10.1128/jvi.65.9.4670-4680.1991
P28986	reviewed	GC_HHV1K	Envelope glycoprotein C	gC UL44	Human herpesvirus 1 (strain KOS) (HHV-1) (Human herpes simplex virus 1)	511	SIGNAL 1..24; /evidence="ECO:0000255"	Homo sapiens (Human) [TaxID: 9606]	6300426; 7512117; 11807221; 18480440; 18495765; 20176392	10.1128/jvi.45.2.634-647.1983; 10.1099/0022-1317-75-4-743; 10.1099/0022-1317-83-2-291; 10.1128/jvi.02599-07; 10.1128/jvi.00388-08; 10.1016/j.virol.2010.01.032
P28992	reviewed	GP2B_EAVBU	Glycoprotein 2b (Protein GP2b) (GP(S))	GP2b 2b	Equine arteritis virus (strain Bucyrus) (EAV)	227	SIGNAL 1..28; /evidence="ECO:0000255"	Equidae (horses) [TaxID: 9788]	1851863; 12743278; 14645556; 18570963	10.1128/jvi.65.6.2910-2920.1991; 10.1128/jvi.77.11.6216-6226.2003; 10.1128/jvi.77.24.12996-13004.2003; 10.1016/j.virol.2008.04.041
P28995	reviewed	GP5_EAVBU	Glycoprotein 5 (Protein GP5) (G(L))	GP5 5	Equine arteritis virus (strain Bucyrus) (EAV)	255	SIGNAL 1..18; /evidence="ECO:0000255"	Equidae (horses) [TaxID: 9788]	1851863; 12477814	10.1128/jvi.65.6.2910-2920.1991; 10.1128/jvi.77.1.97-104.2003
P30005	reviewed	GO_HHV6G	120 kDa Glycoprotein O (gO-120K) (Glycoprotein U47) [Cleaved into: 80 kDa Glycoprotein O (gO-80K)]	U47 RF3/RF4	Human herpesvirus 6A (strain GS) (HHV-6 variant A) (Human B lymphotropic virus)	651	SIGNAL 1..56; /evidence="ECO:0000255"	Homo sapiens (Human) [TaxID: 9606]	1654455; 15078943; 25694589	10.1128/jvi.65.10.5597-5604.1991; 10.1128/jvi.78.9.4609-4616.2004; 10.1128/jvi.00140-15
P31613	reviewed	HEMA_CVBLY	Hemagglutinin-esterase (HE protein) (EC 3.1.1.53) (E3 glycoprotein)	HE 2b	Bovine coronavirus (strain LY-138) (BCoV) (BCV)	424	SIGNAL 1..16; /evidence="ECO:0000255|HAMAP-Rule:MF_04207"	Bos taurus (Bovine) [TaxID: 9913]	1962455; 9778786	10.1016/0042-6822(91)90557-r; 10.1023/a:1008048916808
P31621	reviewed	ENV_JSRV	Envelope glycoprotein (Env polyprotein) [Cleaved into: Surface protein (SU) (Glycoprotein 52) (gp52); Transmembrane protein (TM) (Glycoprotein 36) (gp36)]	env	Sheep pulmonary adenomatosis virus (Jaagsiekte sheep retrovirus) (JSRV)	615	SIGNAL 1..84; /evidence="ECO:0000255"	Ovis aries (Sheep) [TaxID: 9940]	1629959; 11296287; 11991967; 12676986; 15367614; 15613321	10.1128/jvi.66.8.4930-4939.1992; 10.1073/pnas.071572898; 10.1128/jvi.76.11.5387-5394.2002; 10.1073/pnas.0837136100; 10.1128/jvi.78.19.10479-10489.2004; 10.1128/jvi.79.2.927-933.2005
P31627	reviewed	ENV_CAEVG	Envelope glycoprotein (Env polyprotein) [Cleaved into: Surface protein (Glycoprotein 135) (gp135); Transmembrane protein (Glycoprotein 38) (gp38)]	env	Caprine arthritis encephalitis virus (strain 63) (CAEV-63)	942	SIGNAL 1..80; /evidence="ECO:0000269|PubMed:1656067"	Capra hircus (Goat) [TaxID: 9925]	1656067	10.1128/jvi.65.11.5744-5750.1991
P31789	reviewed	ENV_IPMAE	Envelope glycoprotein (Env polyprotein) [Cleaved into: Surface protein (SU); Transmembrane protein (TM)]	env	Mouse intracisternal a-particle MIAE (IAP-MIAE)	584	SIGNAL 1..28; /evidence="ECO:0000255"	Mus musculus (Mouse) [TaxID: 10090]	1920613	10.1128/jvi.65.11.5702-5709.1991
P31791	reviewed	ENV_FENV1	Envelope glycoprotein (Env polyprotein) [Cleaved into: Surface protein (SU) (Glycoprotein 70) (gp70); Transmembrane protein (TM) (Envelope protein p15E); R-peptide (p2E)]	env	Feline endogenous virus ECE1	671	SIGNAL 1..22; /evidence="ECO:0000255"	Felidae (cat family) [TaxID: 9681]		
P31793	reviewed	ENV_FRSFB	Glycoprotein 42 (gp42)	env	Friend spleen focus-forming virus (strain BB6) (FSFFV)	356	SIGNAL 1..32; /evidence="ECO:0000255"	Mus musculus (Mouse) [TaxID: 10090]	1583724	10.1128/jvi.66.6.3652-3660.1992
P31796	reviewed	ENV_AVISN	Envelope glycoprotein (Env polyprotein) [Cleaved into: Surface protein (SU) (Glycoprotein 73) (gp73); Transmembrane protein (TM) (Glycoprotein 22) (gp22)]	env	Avian spleen necrosis virus	567	SIGNAL 1..35; /evidence="ECO:0000255"	Galliformes [TaxID: 8976]	1313915	10.1128/jvi.66.5.3026-3031.1992
P33468	reviewed	HEMA_CVBF	Hemagglutinin-esterase (HE protein) (EC 3.1.1.53) (E3 glycoprotein)	HE 2b	Bovine coronavirus (strain F15) (BCoV) (BCV)	421	SIGNAL 1..16; /evidence="ECO:0000255|HAMAP-Rule:MF_04207"	Bos taurus (Bovine) [TaxID: 9913]	1715665	10.1007/978-1-4684-5823-7_12
P33470	reviewed	SPIKE_CVPMI	Spike glycoprotein (S glycoprotein) (E2) (Peplomer protein)	S 2	Porcine transmissible gastroenteritis coronavirus (strain Miller) (TGEV)	1449	SIGNAL 1..28; /evidence="ECO:0000255|HAMAP-Rule:MF_04200"	Sus scrofa (Pig) [TaxID: 9823]	1966416	10.1007/978-1-4684-5823-7_41
P35254	reviewed	VGP_MABVP	Envelope glycoprotein (GP1,2) (GP) (Virion spike glycoprotein) [Cleaved into: GP1; GP2]	GP	Lake Victoria marburgvirus (strain Popp-67) (MARV) (Marburg virus (strain West Germany/Popp/1967))	681	SIGNAL 1..18; /evidence="ECO:0000250"	Chlorocebus aethiops (Green monkey) (Cercopithecus aethiops) [TaxID: 9534]; Homo sapiens (Human) [TaxID: 9606]; Rousettus aegyptiacus (Egyptian fruit bat) (Pteropus aegyptiacus) [TaxID: 9407]	8495737; 7487490	10.1016/0014-5793(93)81476-g; 10.1007/bf01322532
P35936	reviewed	FUS_NDVD	Fusion glycoprotein F0 [Cleaved into: Fusion glycoprotein F2; Fusion glycoprotein F1]	F	Newcastle disease virus (strain D26/76) (NDV)	553	SIGNAL 1..31; /evidence="ECO:0000255"	Gallus gallus (Chicken) [TaxID: 9031]	2705298; 11286892	10.1016/0042-6822(89)90152-9; 10.1016/s0969-2126(01)00581-0
P35949	reviewed	FUS_MPV15	Fusion glycoprotein F0 [Cleaved into: Fusion glycoprotein F2; Fusion glycoprotein F1]	F	Murine pneumonia virus (strain 15) (MPV)	537	SIGNAL 1..21; /evidence="ECO:0000255"	Mus musculus (Mouse) [TaxID: 10090]	1629698; 15604443	10.1099/0022-1317-73-7-1717; 10.1099/vir.0.80315-0
P35954	reviewed	ENV_VILVK	Envelope glycoprotein gp160 (Env polyprotein) [Cleaved into: Surface protein (Glycoprotein 135) (gp135); Transmembrane protein (Glycoprotein 46) (gp46)]	env	Maedi visna virus (strain KV1772) (MVV) (Visna lentivirus)	983	SIGNAL 1..106; /evidence="ECO:0000255"	Ovis aries (Sheep) [TaxID: 9940]	8382414	10.1006/viro.1993.1106
P35973	reviewed	FUS_MEASA	Fusion glycoprotein F0 [Cleaved into: Fusion glycoprotein F2; Fusion glycoprotein F1]	F	Measles virus (strain Edmonston-AIK-C vaccine) (MeV) (Subacute sclerose panencephalitis virus)	550	SIGNAL 1..23; /evidence="ECO:0000255"	Homo sapiens (Human) [TaxID: 9606]	8470368	10.1007/bf01702349
P36300	reviewed	SPIKE_CVCAI	Spike glycoprotein (S glycoprotein) (E2) (Peplomer protein)	S	Canine coronavirus (strain Insavc-1) (CCoV) (Canine enteric coronavirus)	1451	SIGNAL 1..31; /evidence="ECO:0000255|HAMAP-Rule:MF_04200"	Canis lupus familiaris (Dog) (Canis familiaris) [TaxID: 9615]	1431811; 8970993; 8985407	10.1099/0022-1317-73-11-2849; 10.1128/jvi.70.12.8669-8674.1996; 10.1128/jvi.71.1.734-737.1997
P36319	reviewed	GB_HHV6G	Envelope glycoprotein B (gB)	gB U39	Human herpesvirus 6A (strain GS) (HHV-6 variant A) (Human B lymphotropic virus)	830	SIGNAL 1..22; /evidence="ECO:0000255|HAMAP-Rule:MF_04032"	Homo sapiens (Human) [TaxID: 9606]	1329336	10.1016/0042-6822(92)90224-d
P36320	reviewed	GB_HHV6Z	Envelope glycoprotein B (gB)	gB U39	Human herpesvirus 6B (strain Z29) (HHV-6 variant B) (Human B lymphotropic virus)	830	SIGNAL 1..19; /evidence="ECO:0000255|HAMAP-Rule:MF_04032"	Homo sapiens (Human) [TaxID: 9606]	1329336; 10482553	10.1016/0042-6822(92)90224-d; 10.1128/jvi.73.10.8040-8052.1999
P36346	reviewed	HEMA_I000F	Hemagglutinin [Cleaved into: Hemagglutinin HA1 chain; Hemagglutinin HA2 chain]	HA	Influenza A virus (strain A/Chicken/Weybridge H7N7) (Influenza A virus (strain A/FPV/Weybridge H7N7))	563	SIGNAL 1..18; /evidence="ECO:0000255|HAMAP-Rule:MF_04072"	Aves [TaxID: 8782]; Equus caballus (Horse) [TaxID: 9796]; Homo sapiens (Human) [TaxID: 9606]; Phocidae (true seals) [TaxID: 9709]	1530908	10.1007/bf01321124
P41684	reviewed	CHIT_NPVAC	Chitinase (EC 3.2.1.14)	CHIA ORF126	Autographa californica nuclear polyhedrosis virus (AcMNPV)	551	SIGNAL 1..17; /evidence="ECO:0000255"	Lepidoptera (moths & butterflies) [TaxID: 7088]	8030224; 9811762; 11062048; 21897030; 23302896	10.1006/viro.1994.1380; 10.1128/jvi.72.12.10207-10212.1998; 10.1006/viro.2000.0586; 10.1271/bbb.110300; 10.1128/jvi.01937-12
P51515	reviewed	ENV_SRV2	Envelope glycoprotein (Env polyprotein) [Cleaved into: Surface protein (SU) (Glycoprotein 70) (gp70); Transmembrane protein (TM) (Glycoprotein 20) (gp20); R-peptide]	env	Simian retrovirus SRV-2	574	SIGNAL 1..22; /evidence="ECO:0000255"	Macaca mulatta (Rhesus macaque) [TaxID: 9544]	2435057	10.1016/0042-6822(87)90274-1
P51520	reviewed	ENV_SRV2R	Envelope glycoprotein (Env polyprotein) [Cleaved into: Surface protein (SU) (Glycoprotein 70) (gp70); Transmembrane protein (TM) (Glycoprotein 20) (gp20); R-peptide]	env	Simian retrovirus SRV-2 (isolate 2R-18B1)	574	SIGNAL 1..22; /evidence="ECO:0000255"	Macaca mulatta (Rhesus macaque) [TaxID: 9544]	7884914	10.1128/jvi.69.4.2621-2628.1995
P52352	reviewed	GB_HHV7J	Envelope glycoprotein B (gB)	gB U39	Human herpesvirus 7 (strain JI) (HHV-7) (Human T lymphotropic virus)	822	SIGNAL 1..22; /evidence="ECO:0000255|HAMAP-Rule:MF_04032"	Homo sapiens (Human) [TaxID: 9606]	8709220	10.1128/jvi.70.9.5975-5989.1996
P52638	reviewed	VGLG_BDVV	Envelope glycoprotein p57 (gp84) (gp94) [Cleaved into: Envelope glycoprotein p27; Envelope glycoprotein p29]	G	Borna disease virus (strain V) (BDV)	503	SIGNAL 1..22; /evidence="ECO:0000255"	Bos taurus (Bovine) [TaxID: 9913]; Bradypodidae (three-fingered sloths) [TaxID: 9352]; Capra hircus (Goat) [TaxID: 9925]; Cervidae (Deer) [TaxID: 9850]; Crocidura leucodon (Bicoloured white-toothed shrew) (Celebes shrew) [TaxID: 109474]; Equidae (horses) [TaxID: 9788]; Felis catus (Cat) (Felis silvestris catus) [TaxID: 9685]; Hexaprotodon liberiensis (Pygmy hippopotamus) (Choeropsis liberiensis) [TaxID: 56798]; Lama glama (Llama) [TaxID: 9844]; Oryctolagus cuniculus (Rabbit) [TaxID: 9986]; Ovis aries (Sheep) [TaxID: 9940]; Struthio camelus (Common ostrich) [TaxID: 8801]; Varecia variegata (Black-and-white ruffed lemur) (Lemur macaco variegatus) [TaxID: 9455]; Vicugna pacos (Alpaca) (Lama pacos) [TaxID: 30538]	8183914; 11602780; 9060684; 11815287	10.1073/pnas.91.10.4362; 10.1099/0022-1317-82-11-2681; 10.1128/jvi.71.4.3208-3218.1997; 10.2741/a789
P59710	reviewed	HEMA_CVBL9	Hemagglutinin-esterase (HE protein) (EC 3.1.1.53) (E3 glycoprotein)	HE 2b	Bovine coronavirus (strain L9) (BCoV) (BCV)	424	SIGNAL 1..16; /evidence="ECO:0000255|HAMAP-Rule:MF_04207"	Bos taurus (Bovine) [TaxID: 9913]	1962455	10.1016/0042-6822(91)90557-r
P59711	reviewed	HEMA_CVBEN	Hemagglutinin-esterase (HE protein) (EC 3.1.1.53) (E3 glycoprotein)	HE 2b	Bovine coronavirus (strain 98TXSF-110-ENT) (BCoV-ENT) (BCV)	424	SIGNAL 1..16; /evidence="ECO:0000255|HAMAP-Rule:MF_04207"	Bos taurus (Bovine) [TaxID: 9913]	11714968	10.1099/0022-1317-82-12-2927
P60171	reviewed	VSGP_EBOZ5	Pre-small/secreted glycoprotein (pre-sGP) [Cleaved into: Small/secreted glycoprotein (sGP); Delta-peptide]	GP	Zaire ebolavirus (strain Kikwit-95) (ZEBOV) (Zaire Ebola virus)	364	SIGNAL 1..32; /evidence="ECO:0000255"	Epomops franqueti (Franquet's epauletted fruit bat) (Epomophorus franqueti) [TaxID: 77231]; Homo sapiens (Human) [TaxID: 9606]; Myonycteris torquata (Little collared fruit bat) [TaxID: 77243]	8622982	10.1073/pnas.93.8.3602
P60172	reviewed	VSGP_EBOSB	Pre-small/secreted glycoprotein (pre-sGP) [Cleaved into: Small/secreted glycoprotein (sGP); Delta-peptide]	GP	Sudan ebolavirus (strain Boniface-76) (SEBOV) (Sudan Ebola virus)	372	SIGNAL 1..32; /evidence="ECO:0000255"	Epomops franqueti (Franquet's epauletted fruit bat) (Epomophorus franqueti) [TaxID: 77231]; Homo sapiens (Human) [TaxID: 9606]; Myonycteris torquata (Little collared fruit bat) [TaxID: 77243]	8622982	10.1073/pnas.93.8.3602
P60173	reviewed	VSGP_EBOSM	Pre-small/secreted glycoprotein (pre-sGP) [Cleaved into: Small/secreted glycoprotein (sGP); Delta-peptide]	GP	Sudan ebolavirus (strain Maleo-79) (SEBOV) (Sudan Ebola virus)	372	SIGNAL 1..32; /evidence="ECO:0000255"	Epomops franqueti (Franquet's epauletted fruit bat) (Epomophorus franqueti) [TaxID: 77231]; Homo sapiens (Human) [TaxID: 9606]; Myonycteris torquata (Little collared fruit bat) [TaxID: 77243]	8622982	10.1073/pnas.93.8.3602
P68638	reviewed	VCP_VACCW	Complement control protein C3 (28 kDa protein) (Secretory protein 35) (Protein C3) (VCP)	VACWR025 C3L	Vaccinia virus (strain Western Reserve) (VACV) (Vaccinia virus (strain WR))	263	SIGNAL 1..19; /evidence="ECO:0000269|PubMed:3412473"	Bos taurus (Bovine) [TaxID: 9913]	3412473; 2849238; 1731333; 18287241; 20719953; 21715594; 9299352	10.1038/335176a0; 10.1016/s0042-6822(88)90115-8; 10.1073/pnas.89.2.628; 10.1128/jvi.02426-07; 10.1128/jvi.00372-10; 10.1099/vir.0.030460-0; 10.1006/jmbi.1997.1241
P68639	reviewed	VCP_VACCC	Complement control protein C3 (28 kDa protein) (Secretory protein 35) (Protein C3) (VCP)	C3L	Vaccinia virus (strain Copenhagen) (VACV)	263	SIGNAL 1..19; /evidence="ECO:0000250"	Homo sapiens (Human) [TaxID: 9606]	2219722; 11243823	10.1016/0042-6822(90)90294-2; 10.1006/jmbi.2000.4477
P68761	reviewed	HEMA_INCYA	Hemagglutinin-esterase-fusion glycoprotein (HEF) (EC 3.1.1.53) [Cleaved into: Hemagglutinin-esterase-fusion glycoprotein chain 1 (HEF1); Hemagglutinin-esterase-fusion glycoprotein chain 2 (HEF2)]	HE	Influenza C virus (strain C/Yamagata/10/1981)	642	SIGNAL <1..1	Homo sapiens (Human) [TaxID: 9606]; Sus scrofa (Pig) [TaxID: 9823]	3855244	10.1016/0042-6822(85)90006-6
P68762	reviewed	HEMA_INCAA	Hemagglutinin-esterase-fusion glycoprotein (HEF) (EC 3.1.1.53) [Cleaved into: Hemagglutinin-esterase-fusion glycoprotein chain 1 (HEF1); Hemagglutinin-esterase-fusion glycoprotein chain 2 (HEF2)]	HE	Influenza C virus (strain C/Ann Arbor/1/1950)	655	SIGNAL 1..14; /evidence="ECO:0000255|HAMAP-Rule:MF_04072"	Homo sapiens (Human) [TaxID: 9606]; Sus scrofa (Pig) [TaxID: 9823]	15218173; 3855244	10.1099/vir.0.79937-0; 10.1016/0042-6822(85)90006-6
P69169	reviewed	G3P_BPF1	Attachment protein G3P (Gene 3 protein) (G3P) (Minor coat protein) (pIII)	III	Enterobacteria phage f1 (Bacteriophage f1)	424	SIGNAL 1..18; /evidence="ECO:0000250|UniProtKB:P03661"	Escherichia coli [TaxID: 562]	6282703; 6292494; 37169795	10.1016/0378-1119(81)90059-7; 10.1128/jvi.44.1.32-46.1982; 10.1038/s41467-023-37915-w
P69353	reviewed	FUS_MEASE	Fusion glycoprotein F0 [Cleaved into: Fusion glycoprotein F2; Fusion glycoprotein F1]	F	Measles virus (strain Edmonston) (MeV) (Subacute sclerose panencephalitis virus)	550	SIGNAL 1..23; /evidence="ECO:0000255"	Homo sapiens (Human) [TaxID: 9606]	3788062; 2596022; 1585658; 8191786; 9878618	10.1016/0042-6822(86)90212-6; 10.1016/0042-6822(89)90554-0; 10.1016/0042-6822(92)90552-z; 10.1016/0168-1702(94)90025-6; 10.1006/viro.1998.9464
P69354	reviewed	FUS_MEASF	Fusion glycoprotein F0 [Cleaved into: Fusion glycoprotein F2; Fusion glycoprotein F1]	F	Measles virus (strain Edmonston B) (MeV) (Subacute sclerose panencephalitis virus)	550	SIGNAL 1..23; /evidence="ECO:0000255"	Homo sapiens (Human) [TaxID: 9606]		
P69355	reviewed	FUS_MEASH	Fusion glycoprotein F0 [Cleaved into: Fusion glycoprotein F2; Fusion glycoprotein F1]	F	Measles virus (strain Halle) (MeV) (Subacute sclerose panencephalitis virus)	550	SIGNAL 1..23; /evidence="ECO:0000255"	Homo sapiens (Human) [TaxID: 9606]	3585281	10.1099/0022-1317-68-6-1695
P69356	reviewed	FUS_MEASL	Fusion glycoprotein F0 [Cleaved into: Fusion glycoprotein F2; Fusion glycoprotein F1]	F	Measles virus (strain Leningrad-16) (MeV) (Subacute sclerose panencephalitis virus)	550	SIGNAL 1..23; /evidence="ECO:0000255"	Homo sapiens (Human) [TaxID: 9606]	8191786	10.1016/0168-1702(94)90025-6
P69357	reviewed	FUS_MEASP	Fusion glycoprotein F0 [Cleaved into: Fusion glycoprotein F2; Fusion glycoprotein F1]	F	Measles virus (strain Philadelphia-26) (MeV) (Subacute sclerose panencephalitis virus)	550	SIGNAL 1..23; /evidence="ECO:0000255"	Homo sapiens (Human) [TaxID: 9606]	8030232	10.1006/viro.1994.1388
P69358	reviewed	FUS_MEASZ	Fusion glycoprotein F0 [Cleaved into: Fusion glycoprotein F2; Fusion glycoprotein F1]	F	Measles virus (strain Edmonston-Zagreb vaccine) (MeV) (Subacute sclerose panencephalitis virus)	550	SIGNAL 1..23; /evidence="ECO:0000255"	Homo sapiens (Human) [TaxID: 9606]	8191786	10.1016/0168-1702(94)90025-6
P87506	reviewed	HEMA_I87A1	Hemagglutinin [Cleaved into: Hemagglutinin HA1 chain; Hemagglutinin HA2 chain]	HA	Influenza A virus (strain A/Mallard/Ohio/556/1987 H5N9)	564	SIGNAL 1..16; /evidence="ECO:0000255|HAMAP-Rule:MF_04072"	Aves [TaxID: 8782]	9498610	10.1016/s0168-1702(97)00087-7
P87691	reviewed	HEMA_INCYB	Hemagglutinin-esterase-fusion glycoprotein (HEF) (EC 3.1.1.53) [Cleaved into: Hemagglutinin-esterase-fusion glycoprotein chain 1 (HEF1); Hemagglutinin-esterase-fusion glycoprotein chain 2 (HEF2)]	HE	Influenza C virus (strain C/Yamagata/4/1988)	648	SIGNAL 1..7; /evidence="ECO:0000250"	Homo sapiens (Human) [TaxID: 9606]; Sus scrofa (Pig) [TaxID: 9823]	1641987	10.1016/0042-6822(92)90597-i
P89053	reviewed	GB_RHCM6	Envelope glycoprotein B (gB)	gB UL55	Rhesus cytomegalovirus (strain 68-1) (RhCMV)	854	SIGNAL 1..30; /evidence="ECO:0000255|HAMAP-Rule:MF_04032"	Macaca mulatta (Rhesus macaque) [TaxID: 9544]	9267000	10.1099/0022-1317-78-8-1999
P89445	reviewed	GH_HHV2H	Envelope glycoprotein H (gH)	gH UL22	Human herpesvirus 2 (strain HG52) (HHV-2) (Human herpes simplex virus 2)	838	SIGNAL 1..18; /evidence="ECO:0000255|HAMAP-Rule:MF_04033"	Homo sapiens (Human) [TaxID: 9606]	9499055; 15680420; 24942591	10.1128/jvi.72.3.2010-2021.1998; 10.1016/j.virol.2004.12.006; 10.1128/jvi.00725-14
P89475	reviewed	GE_HHV2H	Envelope glycoprotein E (gE) (gE-2)	gE US8	Human herpesvirus 2 (strain HG52) (HHV-2) (Human herpes simplex virus 2)	545	SIGNAL 1..20; /evidence="ECO:0000255"	Homo sapiens (Human) [TaxID: 9606]	9499055; 3027242	10.1128/jvi.72.3.2010-2021.1998; 10.1099/0022-1317-68-1-19
Q01218	reviewed	HEMA_VACCW	Protein OPG185 (Hemagglutinin)	OPG185 HA VACWR181 A56R	Vaccinia virus (strain Western Reserve) (VACV) (Vaccinia virus (strain WR))	314	SIGNAL 1..16; /evidence="ECO:0000255"	Bos taurus (Bovine) [TaxID: 9913]	2045793; 1529542; 9636186; 16509968; 18353946; 18760436; 19036815; 20719953; 21715594	10.1099/0022-1317-72-6-1349; 10.1016/0042-6822(92)91229-n; 10.1073/pnas.95.13.7544; 10.1186/1743-422x-3-10; 10.1128/jvi.00162-08; 10.1016/j.virol.2008.07.020; 10.1128/jvi.01684-08; 10.1128/jvi.00372-10; 10.1099/vir.0.030460-0
Q01977	reviewed	SPIKE_CVPRT	Spike glycoprotein (S glycoprotein) (E2) (Peplomer protein)	S 2	Porcine transmissible gastroenteritis coronavirus (strain NEB72-rt) (TGEV)	1447	SIGNAL 1..28; /evidence="ECO:0000255|HAMAP-Rule:MF_04200"	Sus scrofa (Pig) [TaxID: 9823]	1326823	10.1016/0042-6822(92)91195-z
Q02004	reviewed	GP_DUGBA	Envelopment polyprotein (M polyprotein) [Cleaved into: Mucin-like variable region; GP38; Glycoprotein N (Gn) (Glycoprotein G2); Non-Structural protein M (NSm); Glycoprotein C (Gc) (Glycoprotein G1)]	GP	Dugbe virus (isolate ArD44313) (DUGV)	1551	SIGNAL 1..17; /evidence="ECO:0000255"	Amblyomma variegatum (Tropical bont tick) [TaxID: 34610]; Homo sapiens (Human) [TaxID: 9606]; Hyalomma rufipes (Tick) (Hyalomma marginatum rufipes) [TaxID: 72862]; Hyalomma truncatum [TaxID: 72855]; Rhipicephalus [TaxID: 34630]; Rhipicephalus annulatus [TaxID: 34611]; Rhipicephalus decoloratus (African blue tick) (Boophilus decoloratus) [TaxID: 60189]; Rhipicephalus geigyi [TaxID: 136141]	1387749	10.1016/0042-6822(92)90898-y
Q02409	reviewed	GB_ILTV6	Envelope glycoprotein B (gB)	gB	Infectious laryngotracheitis virus (strain 632) (ILTV) (Gallid herpesvirus 1)	873	SIGNAL 1..21; /evidence="ECO:0000255|HAMAP-Rule:MF_04032"	Gallus gallus (Chicken) [TaxID: 9031]	1665614	10.1007/bf00271532
Q03500	reviewed	CAPSD_HEVME	Pro-secreted protein ORF2 (Protein ORF2) (pORF2) [Cleaved into: Secreted protein ORF2 (ORF2s)]	ORF2	Hepatitis E virus genotype 2 (isolate Human/Mexico) (HEV-2)	659	SIGNAL 1..23; /evidence="ECO:0000255"	Bandicota bengalensis (lesser bandicoot rat) [TaxID: 69079]; Callithrix [TaxID: 9481]; Cercopithecus hamlyni (Owl-faced monkey) (Hamlyn's monkey) [TaxID: 9536]; Chlorocebus aethiops (Green monkey) (Cercopithecus aethiops) [TaxID: 9534]; Gallus gallus (Chicken) [TaxID: 9031]; Homo sapiens (Human) [TaxID: 9606]; Macaca (macaques) [TaxID: 9539]; Mus musculus (Mouse) [TaxID: 10090]; Pan troglodytes (Chimpanzee) [TaxID: 9598]; Saimiri (squirrel monkeys) [TaxID: 9520]; Sus scrofa (Pig) [TaxID: 9823]	1448913	10.1016/0042-6822(92)90230-m
Q03816	reviewed	ENV_HTL1N	Envelope glycoprotein gp62 (Env polyprotein) [Cleaved into: Surface protein (SU) (Glycoprotein 46) (gp46); Transmembrane protein (TM) (Glycoprotein 21) (gp21)]	env	Human T-cell leukemia virus 1 (isolate Caribbea CH subtype A) (HTLV-1)	488	SIGNAL 1..20; /evidence="ECO:0000255"	Homo sapiens (Human) [TaxID: 9606]	2024459	10.1016/0042-6822(91)90654-t
Q03817	reviewed	ENV_HTL1F	Envelope glycoprotein gp62 (Env polyprotein) [Cleaved into: Surface protein (SU) (Glycoprotein 46) (gp46); Transmembrane protein (TM) (Glycoprotein 21) (gp21)]	env	Human T-cell leukemia virus 1 (isolate Zaire EL subtype B) (HTLV-1)	488	SIGNAL 1..20; /evidence="ECO:0000255"	Homo sapiens (Human) [TaxID: 9606]	2024459	10.1016/0042-6822(91)90654-t
Q03909	reviewed	HEMA_I89A7	Hemagglutinin [Cleaved into: Hemagglutinin HA1 chain; Hemagglutinin HA2 chain]	HA	Influenza A virus (strain A/Equine/Jillin/1/1989 H3N8)	571	SIGNAL 1..21; /evidence="ECO:0000255|HAMAP-Rule:MF_04072"	Aves [TaxID: 8782]; Equus caballus (Horse) [TaxID: 9796]		
Q04463	reviewed	GB_HSVA1	Envelope glycoprotein B (gB)	gB UL27	Herpesvirus ateles type 1 (strain Lennette)	933	SIGNAL 1..36; /evidence="ECO:0000255|HAMAP-Rule:MF_04032"	Ateles [TaxID: 9506]	8385913	10.1007/bf01316893
Q04464	reviewed	GB_SHV1	Envelope glycoprotein B (gB)	gB UL27	Saimiriine herpesvirus 1 (strain MV-5-4-PSL) (SaHV-1) (Marmoset herpesvirus)	920	SIGNAL 1..39; /evidence="ECO:0000255|HAMAP-Rule:MF_04032"	Callithrix [TaxID: 9481]; Saimiri (squirrel monkeys) [TaxID: 9520]	8385913	10.1007/bf01316893
Q04569	reviewed	GP5_PRRSL	Glycoprotein 5 (Protein GP5) (G(L))	GP5 5	Porcine reproductive and respiratory syndrome virus (strain Lelystad) (PRRSV)	201	SIGNAL 1..32; /evidence="ECO:0000255"	Sus scrofa (Pig) [TaxID: 9823]	8517032; 8438574; 16571816; 10073688; 17567703; 17913250; 20084110; 29546034	10.1006/viro.1993.1008; 10.1006/viro.1993.1129; 10.1128/jvi.80.8.3994-4004.2006; 10.1099/0022-1317-80-2-297; 10.1128/jvi.00569-07; 10.1016/j.jviromet.2007.08.018; 10.1371/journal.ppat.1000730; 10.3389/fcimb.2018.00048
Q04611	reviewed	CAPSD_HEVMY	Pro-secreted protein ORF2 (Protein ORF2) (pORF2) [Cleaved into: Secreted protein ORF2 (ORF2s)]	ORF2	Hepatitis E virus genotype 1 (isolate Human/Myanmar/HEVNE8L) (HEV-1)	660	SIGNAL 1..19; /evidence="ECO:0000255"	Homo sapiens (Human) [TaxID: 9606]	8470371	10.1007/bf01702352
Q05059	reviewed	GD_HHV1F	Envelope glycoprotein D (gD)	gD US6	Human herpesvirus 1 (strain F) (HHV-1) (Human herpes simplex virus 1)	394	SIGNAL 1..25; /evidence="ECO:0000255"	Homo sapiens (Human) [TaxID: 9606]	6289440; 15123804; 17035313; 19386594; 18596102	10.1126/science.6289440; 10.1073/pnas.0401883101; 10.1128/jvi.01842-06; 10.1074/jbc.m109.005728; 10.1128/jvi.00904-08
Q07FI5	reviewed	HEMA_I96A3	Hemagglutinin [Cleaved into: Hemagglutinin HA1 chain; Hemagglutinin HA2 chain]	HA	Influenza A virus (strain A/China:Nanchang/11/1996 H1N1)	565	SIGNAL 1..17; /evidence="ECO:0000255|HAMAP-Rule:MF_04072"	Aves [TaxID: 8782]; Homo sapiens (Human) [TaxID: 9606]; Sus scrofa (Pig) [TaxID: 9823]		
Q08011	reviewed	HEMA_I89A8	Hemagglutinin [Cleaved into: Hemagglutinin HA1 chain; Hemagglutinin HA2 chain]	HA	Influenza A virus (strain A/Equine/Suffolk/1989 H3N8)	565	SIGNAL 1..16; /evidence="ECO:0000255|HAMAP-Rule:MF_04072"	Aves [TaxID: 8782]; Equus caballus (Horse) [TaxID: 9796]	8503788	10.1007/bf01318994
Q09SZ7	reviewed	ENV_HTL3P	Envelope glycoprotein gp63 (Env polyprotein) [Cleaved into: Surface protein (SU) (Glycoprotein 46) (gp46); Transmembrane protein (TM) (Glycoprotein 21) (gp21)]	env	Human T-cell leukemia virus 3 (strain Pyl43) (HTLV-3)	493	SIGNAL 1..22; /evidence="ECO:0000255"	Homo sapiens (Human) [TaxID: 9606]	16973592	10.1128/jvi.00799-06
Q0A3Y1	reviewed	HEMA_I80AD	Hemagglutinin [Cleaved into: Hemagglutinin HA1 chain; Hemagglutinin HA2 chain]	HA	Influenza A virus (strain A/Gull/Minnesota/945/1980 H13N6)	566	SIGNAL 1..18; /evidence="ECO:0000255|HAMAP-Rule:MF_04072"	Aves [TaxID: 8782]	16439620	10.1126/science.1121586
Q0HD60	reviewed	HEMA_I40A0	Hemagglutinin [Cleaved into: Hemagglutinin HA1 chain; Hemagglutinin HA2 chain]	HA	Influenza A virus (strain A/Hickox/1940 H1N1)	566	SIGNAL 1..17; /evidence="ECO:0000255|HAMAP-Rule:MF_04072"	Aves [TaxID: 8782]; Homo sapiens (Human) [TaxID: 9606]; Sus scrofa (Pig) [TaxID: 9823]		
Q0Q466	reviewed	SPIKE_BC512	Spike glycoprotein (S glycoprotein) (E2) (Peplomer protein)	S 2	Bat coronavirus 512/2005 (BtCoV) (BtCoV/512/2005)	1371	SIGNAL 1..23; /evidence="ECO:0000255|HAMAP-Rule:MF_04200"	Scotophilus kuhlii (Lesser asiatic yellow bat) [TaxID: 153297]	16840328	10.1128/jvi.00697-06
Q0R5Q9	reviewed	ENV_HTL32	Envelope glycoprotein gp63 (Env polyprotein) [Cleaved into: Surface protein (SU) (Glycoprotein 46) (gp46); Transmembrane protein (TM) (Glycoprotein 21) (gp21)]	env	Human T-cell leukemia virus 3 (strain 2026ND) (HTLV-3)	491	SIGNAL 1..20; /evidence="ECO:0000255"	Homo sapiens (Human) [TaxID: 9606]	16840323	10.1128/jvi.00690-06
Q0ZME8	reviewed	HEMA_CVHN5	Hemagglutinin-esterase (HE protein) (EC 3.1.1.53) (E3 glycoprotein)	HE 2	Human coronavirus HKU1 (isolate N5) (HCoV-HKU1)	385	SIGNAL 1..11; /evidence="ECO:0000255|HAMAP-Rule:MF_04207"	Homo sapiens (Human) [TaxID: 9606]	16809319	10.1128/jvi.00509-06
Q14EB1	reviewed	HEMA_CVHN2	Hemagglutinin-esterase (HE protein) (EC 3.1.1.53) (E3 glycoprotein)	HE 2	Human coronavirus HKU1 (isolate N2) (HCoV-HKU1)	385	SIGNAL 1..11; /evidence="ECO:0000255|HAMAP-Rule:MF_04207"	Homo sapiens (Human) [TaxID: 9606]	16809319	10.1128/jvi.00509-06
Q1PD50	reviewed	VGP_MABVA	Envelope glycoprotein (GP1,2) (GP) (Virion spike glycoprotein) [Cleaved into: GP1; GP2]	GP	Lake Victoria marburgvirus (strain Angola/2005) (MARV)	681	SIGNAL 1..18; /evidence="ECO:0000250"	Chlorocebus aethiops (Green monkey) (Cercopithecus aethiops) [TaxID: 9534]; Homo sapiens (Human) [TaxID: 9606]; Rousettus aegyptiacus (Egyptian fruit bat) (Pteropus aegyptiacus) [TaxID: 9407]	16775337	10.1128/jvi.00069-06
Q1PDC7	reviewed	VGP_MABVR	Envelope glycoprotein (GP1,2) (GP) (Virion spike glycoprotein) [Cleaved into: GP1; GP2]	GP	Lake Victoria marburgvirus (strain Ravn-87) (MARV) (Marburg virus (strain Kenya/Ravn/1987))	681	SIGNAL 1..18; /evidence="ECO:0000250"	Chlorocebus aethiops (Green monkey) (Cercopithecus aethiops) [TaxID: 9534]; Homo sapiens (Human) [TaxID: 9606]; Rousettus aegyptiacus (Egyptian fruit bat) (Pteropus aegyptiacus) [TaxID: 9407]	9448698; 16775337	10.1006/viro.1997.8902; 10.1128/jvi.00069-06
Q1PUD9	reviewed	HEMA_I73A5	Hemagglutinin [Cleaved into: Hemagglutinin HA1 chain; Hemagglutinin HA2 chain]	HA	Influenza A virus (strain A/Port Chalmers/1/1973 H3N2)	566	SIGNAL 1..16; /evidence="ECO:0000255|HAMAP-Rule:MF_04072"	Aves [TaxID: 8782]; Cetacea (whales & dolphins) [TaxID: 9721]; Homo sapiens (Human) [TaxID: 9606]; Phocidae (true seals) [TaxID: 9709]; Sus scrofa (Pig) [TaxID: 9823]	10195767	10.1016/s0264-410x(98)00392-2
Q289M7	reviewed	HEMA_I00A1	Hemagglutinin [Cleaved into: Hemagglutinin HA1 chain; Hemagglutinin HA2 chain]	HA	Influenza A virus (strain A/New Zealand:South Canterbury/35/2000 H1N1)	565	SIGNAL 1..17; /evidence="ECO:0000255|HAMAP-Rule:MF_04072"	Aves [TaxID: 8782]; Homo sapiens (Human) [TaxID: 9606]; Sus scrofa (Pig) [TaxID: 9823]		
Q2F4V2	reviewed	HEMA_I05A1	Hemagglutinin [Cleaved into: Hemagglutinin HA1 chain; Hemagglutinin HA2 chain]	HA	Influenza A virus (strain A/Goose/Guangxi/345/2005 H5N1 genotype G)	565	SIGNAL 1..16; /evidence="ECO:0000255|HAMAP-Rule:MF_04072"	Aves [TaxID: 8782]; Felis catus (Cat) (Felis silvestris catus) [TaxID: 9685]; Homo sapiens (Human) [TaxID: 9606]; Panthera pardus (Leopard) (Felis pardus) [TaxID: 9691]; Panthera tigris (Tiger) [TaxID: 9694]; Sus scrofa (Pig) [TaxID: 9823]	17075062	10.1073/pnas.0608157103
Q2ICR0	reviewed	HEMA_I72A4	Hemagglutinin [Cleaved into: Hemagglutinin HA1 chain; Hemagglutinin HA2 chain]	HA	Influenza A virus (strain A/Memphis/101/1972 H3N2)	566	SIGNAL 1..16; /evidence="ECO:0000255|HAMAP-Rule:MF_04072"	Aves [TaxID: 8782]; Cetacea (whales & dolphins) [TaxID: 9721]; Homo sapiens (Human) [TaxID: 9606]; Phocidae (true seals) [TaxID: 9709]; Sus scrofa (Pig) [TaxID: 9823]		
Q2RCH5	reviewed	HEMA_I80A4	Hemagglutinin [Cleaved into: Hemagglutinin HA1 chain; Hemagglutinin HA2 chain]	HA	Influenza A virus (strain A/Memphis/4/1980 H3N2)	566	SIGNAL 1..16; /evidence="ECO:0000255|HAMAP-Rule:MF_04072"	Aves [TaxID: 8782]; Cetacea (whales & dolphins) [TaxID: 9721]; Homo sapiens (Human) [TaxID: 9606]; Phocidae (true seals) [TaxID: 9709]; Sus scrofa (Pig) [TaxID: 9823]		
Q2RFA5	reviewed	HEMA_I76A6	Hemagglutinin [Cleaved into: Hemagglutinin HA1 chain; Hemagglutinin HA2 chain]	HA	Influenza A virus (strain A/Memphis/110/1976 H3N2)	566	SIGNAL 1..16; /evidence="ECO:0000255|HAMAP-Rule:MF_04072"	Aves [TaxID: 8782]; Cetacea (whales & dolphins) [TaxID: 9721]; Homo sapiens (Human) [TaxID: 9606]; Phocidae (true seals) [TaxID: 9709]; Sus scrofa (Pig) [TaxID: 9823]		
Q2VND2	reviewed	HEMA_I78A8	Hemagglutinin [Cleaved into: Hemagglutinin HA1 chain; Hemagglutinin HA2 chain]	HA	Influenza A virus (strain A/Memphis/18/1978 H3N2)	566	SIGNAL 1..16; /evidence="ECO:0000255|HAMAP-Rule:MF_04072"	Aves [TaxID: 8782]; Cetacea (whales & dolphins) [TaxID: 9721]; Homo sapiens (Human) [TaxID: 9606]; Phocidae (true seals) [TaxID: 9709]; Sus scrofa (Pig) [TaxID: 9823]		
Q2VNF2	reviewed	HEMA_I78A7	Hemagglutinin [Cleaved into: Hemagglutinin HA1 chain; Hemagglutinin HA2 chain]	HA	Influenza A virus (strain A/Memphis/2/1978 H3N2)	566	SIGNAL 1..16; /evidence="ECO:0000255|HAMAP-Rule:MF_04072"	Aves [TaxID: 8782]; Cetacea (whales & dolphins) [TaxID: 9721]; Homo sapiens (Human) [TaxID: 9606]; Phocidae (true seals) [TaxID: 9709]; Sus scrofa (Pig) [TaxID: 9823]		
Q2Y2M3	reviewed	FUS_AMPV1	Fusion glycoprotein F0 (Protein F) [Cleaved into: Fusion glycoprotein F2; Fusion glycoprotein F1]	F	Avian metapneumovirus (isolate Canada goose/Minnesota/15a/2001) (AMPV)	537	SIGNAL 1..18; /evidence="ECO:0000255"	Anser sp. (goose) [TaxID: 8847]; Meleagris gallopavo (Wild turkey) [TaxID: 9103]	15666873; 16282483	10.1637/7208-051804r; 10.1128/jvi.79.23.14834-14842.2005
Q30NQ1	reviewed	HEMA_I75A0	Hemagglutinin [Cleaved into: Hemagglutinin HA1 chain; Hemagglutinin HA2 chain]	HA	Influenza A virus (strain A/Beijing/39/1975 H3N2)	566	SIGNAL 1..16; /evidence="ECO:0000255|HAMAP-Rule:MF_04072"	Aves [TaxID: 8782]; Cetacea (whales & dolphins) [TaxID: 9721]; Homo sapiens (Human) [TaxID: 9606]; Phocidae (true seals) [TaxID: 9709]; Sus scrofa (Pig) [TaxID: 9823]		
Q38SQ8	reviewed	HEMA_I83A8	Hemagglutinin [Cleaved into: Hemagglutinin HA1 chain; Hemagglutinin HA2 chain]	HA	Influenza A virus (strain A/Hong Kong/5/1983 H3N2)	566	SIGNAL 1..16; /evidence="ECO:0000255|HAMAP-Rule:MF_04072"	Aves [TaxID: 8782]; Cetacea (whales & dolphins) [TaxID: 9721]; Homo sapiens (Human) [TaxID: 9606]; Phocidae (true seals) [TaxID: 9709]; Sus scrofa (Pig) [TaxID: 9823]		
Q5MQD1	reviewed	HEMA_CVHN1	Hemagglutinin-esterase (HE protein) (EC 3.1.1.53) (E3 glycoprotein)	HE 2	Human coronavirus HKU1 (isolate N1) (HCoV-HKU1)	386	SIGNAL 1..11; /evidence="ECO:0000255|HAMAP-Rule:MF_04207"	Homo sapiens (Human) [TaxID: 9606]	15613317	10.1128/jvi.79.2.884-895.2005
Q5NDM9	reviewed	RDRP_PNLV	Protein P2-P3 [Cleaved into: Serine protease (EC 3.4.21.-); RNA-directed RNA polymerase (EC 2.7.7.48)]	ORF2/ORF3	Poinsettia latent virus (isolate Euphorbia pulcherrima/Germany/Siepen/2005) (PnLV) (Poinsettia cryptic virus)	1100	SIGNAL 1..25; /evidence="ECO:0000255"	Euphorbia pulcherrima (Poinsettia) (Poinsettia pulcherrima) [TaxID: 37495]	15892965	10.1016/j.virol.2005.03.020
Q5SC53	reviewed	FUS_MUMPZ	Fusion glycoprotein F0 [Cleaved into: Fusion glycoprotein F2; Fusion glycoprotein F1]	F	Mumps virus genotype N (strain L-Zagreb vaccine) (MuV)	538	SIGNAL 1..19; /evidence="ECO:0000250|UniProtKB:P09458"	Homo sapiens (Human) [TaxID: 9606]	15826917; 30326905; 32907974	10.1016/j.virusres.2004.11.013; 10.1186/s12985-018-1073-9; 10.1128/jvi.01732-20
Q65984	reviewed	SPIKE_CVCAK	Spike glycoprotein (S glycoprotein) (E2) (Peplomer protein)	S	Canine coronavirus (strain K378) (CCoV) (Canine enteric coronavirus)	1453	SIGNAL 1..31; /evidence="ECO:0000255|HAMAP-Rule:MF_04200"	Canis lupus familiaris (Dog) (Canis familiaris) [TaxID: 9615]	8021609	10.1099/0022-1317-75-7-1789
Q66165	reviewed	HEMA_CVBG9	Hemagglutinin-esterase (HE protein) (EC 3.1.1.53) (E3 glycoprotein)	HE 2b	Bovine coronavirus (strain G95) (BCoV) (BCV)	424	SIGNAL 1..16; /evidence="ECO:0000255|HAMAP-Rule:MF_04207"	Bos taurus (Bovine) [TaxID: 9913]	1727608	10.1016/0042-6822(92)90089-8
Q66613	reviewed	GB_EHV2	Envelope glycoprotein B (gB)	gB 8	Equine herpesvirus 2 (strain 86/87) (EHV-2)	874	SIGNAL 1..25; /evidence="ECO:0000255|HAMAP-Rule:MF_04032"	Equus caballus (Horse) [TaxID: 9796]	7783207	10.1006/jmbi.1995.0314
Q66800	reviewed	VSGP_EBORR	Pre-small/secreted glycoprotein (pre-sGP) [Cleaved into: Small/secreted glycoprotein (sGP); Delta-peptide]	GP	Reston ebolavirus (strain Reston-89) (REBOV) (Reston Ebola virus)	367	SIGNAL 1..33; /evidence="ECO:0000255"	Epomops franqueti (Franquet's epauletted fruit bat) (Epomophorus franqueti) [TaxID: 77231]; Homo sapiens (Human) [TaxID: 9606]; Myonycteris torquata (Little collared fruit bat) [TaxID: 77243]; Sus scrofa (Pig) [TaxID: 9823]	8622982; 12191779; 15661171	10.1073/pnas.93.8.3602; 10.1016/s0168-1702(02)00087-4; 10.1016/j.virol.2004.11.018
Q66811	reviewed	VSGP_TAFVC	Pre-small/secreted glycoprotein (pre-sGP) [Cleaved into: Small/secreted glycoprotein (sGP); Delta-peptide]	GP	Tai Forest ebolavirus (strain Cote d'Ivoire-94) (TAFV) (Cote d'Ivoire Ebola virus)	365	SIGNAL 1..32; /evidence="ECO:0000255"	Epomops franqueti (Franquet's epauletted fruit bat) (Epomophorus franqueti) [TaxID: 77231]; Homo sapiens (Human) [TaxID: 9606]; Myonycteris torquata (Little collared fruit bat) [TaxID: 77243]	8622982	10.1073/pnas.93.8.3602
Q67018	reviewed	HEMA_I88A4	Hemagglutinin [Cleaved into: Hemagglutinin HA1 chain; Hemagglutinin HA2 chain]	HA	Influenza A virus (strain A/Herring gull/DE/677/1988 H2N8)	562	SIGNAL 1..15; /evidence="ECO:0000255|HAMAP-Rule:MF_04072"	Aves [TaxID: 8782]	7684877	10.1006/viro.1993.1319
Q67143	reviewed	HEMA_I68A5	Hemagglutinin [Cleaved into: Hemagglutinin HA1 chain; Hemagglutinin HA2 chain]	HA	Influenza A virus (strain A/Korea/426/1968 H2N2)	562	SIGNAL 1..15; /evidence="ECO:0000255|HAMAP-Rule:MF_04072"	Aves [TaxID: 8782]; Homo sapiens (Human) [TaxID: 9606]	7684877	10.1006/viro.1993.1319
Q67282	reviewed	HEMA_I78A3	Hemagglutinin [Cleaved into: Hemagglutinin HA1 chain; Hemagglutinin HA2 chain]	HA	Influenza A virus (strain A/Mallard/New York/6750/1978 H2N2)	562	SIGNAL 1..15; /evidence="ECO:0000255|HAMAP-Rule:MF_04072"	Aves [TaxID: 8782]; Homo sapiens (Human) [TaxID: 9606]	7684877	10.1006/viro.1993.1319
Q67333	reviewed	HEMA_I57A5	Hemagglutinin [Cleaved into: Hemagglutinin HA1 chain; Hemagglutinin HA2 chain]	HA	Influenza A virus (strain A/Singapore/1/1957 H2N2)	562	SIGNAL 1..15; /evidence="ECO:0000255|HAMAP-Rule:MF_04072"	Aves [TaxID: 8782]; Homo sapiens (Human) [TaxID: 9606]	7684877	10.1006/viro.1993.1319
Q67369	reviewed	HEMA_INBBK	Hemagglutinin [Cleaved into: Hemagglutinin HA1 chain]	HA	Influenza B virus (strain B/Bangkok/163/1990)	360	SIGNAL 1..15; /evidence="ECO:0000255"	Homo sapiens (Human) [TaxID: 9606]	1402807	10.1099/0022-1317-73-10-2737
Q67370	reviewed	HEMA_INBGD	Hemagglutinin [Cleaved into: Hemagglutinin HA1 chain]	HA	Influenza B virus (strain B/Guangdong/55/1989)	360	SIGNAL 1..15; /evidence="ECO:0000255"	Homo sapiens (Human) [TaxID: 9606]	1402807	10.1099/0022-1317-73-10-2737
Q67371	reviewed	HEMA_INBHM	Hemagglutinin [Cleaved into: Hemagglutinin HA1 chain]	HA	Influenza B virus (strain B/Hong Kong/22/1989)	360	SIGNAL 1..15; /evidence="ECO:0000255"	Homo sapiens (Human) [TaxID: 9606]	1402807	10.1099/0022-1317-73-10-2737
Q67372	reviewed	HEMA_INBIN	Hemagglutinin [Cleaved into: Hemagglutinin HA1 chain]	HA	Influenza B virus (strain B/India/3/1989)	362	SIGNAL 1..15; /evidence="ECO:0000255"	Homo sapiens (Human) [TaxID: 9606]	1402807	10.1099/0022-1317-73-10-2737
Q67373	reviewed	HEMA_INBHL	Hemagglutinin [Cleaved into: Hemagglutinin HA1 chain]	HA	Influenza B virus (strain B/Hong Kong/9/1989)	360	SIGNAL 1..15; /evidence="ECO:0000255"	Homo sapiens (Human) [TaxID: 9606]	1402807	10.1099/0022-1317-73-10-2737
Q67374	reviewed	HEMA_INBNY	Hemagglutinin [Cleaved into: Hemagglutinin HA1 chain]	HA	Influenza B virus (strain B/New York/3/1990)	360	SIGNAL 1..15; /evidence="ECO:0000255"	Homo sapiens (Human) [TaxID: 9606]	1402807	10.1099/0022-1317-73-10-2737
Q67375	reviewed	HEMA_INBP9	Hemagglutinin [Cleaved into: Hemagglutinin HA1 chain]	HA	Influenza B virus (strain B/Panama/45/1990)	360	SIGNAL 1..15; /evidence="ECO:0000255"	Homo sapiens (Human) [TaxID: 9606]	1402807	10.1099/0022-1317-73-10-2737
Q67376	reviewed	HEMA_INBSD	Hemagglutinin [Cleaved into: Hemagglutinin HA1 chain]	HA	Influenza B virus (strain B/South Dakota/5/1989)	360	SIGNAL 1..15; /evidence="ECO:0000255"	Homo sapiens (Human) [TaxID: 9606]	1402807	10.1099/0022-1317-73-10-2737
Q67377	reviewed	HEMA_INBP3	Hemagglutinin [Cleaved into: Hemagglutinin HA1 chain]	HA	Influenza B virus (strain B/Paris/329/1990)	362	SIGNAL 1..15; /evidence="ECO:0000255"	Homo sapiens (Human) [TaxID: 9606]	1402807	10.1099/0022-1317-73-10-2737
Q67378	reviewed	HEMA_INBTE	Hemagglutinin [Cleaved into: Hemagglutinin HA1 chain]	HA	Influenza B virus (strain B/Texas/1/1991)	360	SIGNAL 1..15; /evidence="ECO:0000255"	Homo sapiens (Human) [TaxID: 9606]	1402807	10.1099/0022-1317-73-10-2737
Q67379	reviewed	HEMA_INBTF	Hemagglutinin [Cleaved into: Hemagglutinin HA1 chain]	HA	Influenza B virus (strain B/Texas/4/1990)	360	SIGNAL 1..15; /evidence="ECO:0000255"	Homo sapiens (Human) [TaxID: 9606]	1402807	10.1099/0022-1317-73-10-2737
Q67380	reviewed	HEMA_INBVL	Hemagglutinin [Cleaved into: Hemagglutinin HA1 chain]	HA	Influenza B virus (strain B/Victoria/103/1989)	360	SIGNAL 1..15; /evidence="ECO:0000255"	Homo sapiens (Human) [TaxID: 9606]	1402807	10.1099/0022-1317-73-10-2737
Q67381	reviewed	HEMA_INBVM	Hemagglutinin [Cleaved into: Hemagglutinin HA1 chain]	HA	Influenza B virus (strain B/Victoria/19/1989)	362	SIGNAL 1..15; /evidence="ECO:0000255"	Homo sapiens (Human) [TaxID: 9606]	1402807	10.1099/0022-1317-73-10-2737
Q67387	reviewed	HEMA_INCNB	Hemagglutinin-esterase-fusion glycoprotein (HEF) (EC 3.1.1.53) [Cleaved into: Hemagglutinin-esterase-fusion glycoprotein chain 1 (HEF1); Hemagglutinin-esterase-fusion glycoprotein chain 2 (HEF2)]	HE	Influenza C virus (strain C/Nara/2/1985)	648	SIGNAL 1..7; /evidence="ECO:0000250"	Homo sapiens (Human) [TaxID: 9606]; Sus scrofa (Pig) [TaxID: 9823]	7996155	10.1099/0022-1317-75-12-3619
Q69024	reviewed	GB_GPCMV	Envelope glycoprotein B (gB)	gB UL55	Guinea pig cytomegalovirus (strain 22122) (GPCMV)	901	SIGNAL 1..34; /evidence="ECO:0000255|HAMAP-Rule:MF_04032"	Cavia porcellus (Guinea pig) [TaxID: 10141]	8009831; 19014498; 21270288; 23516193	10.1006/viro.1994.1333; 10.1186/1743-422x-5-139; 10.1099/vir.0.027789-0; 10.1128/genomea.00054-13
Q69572	reviewed	GQ1_HHV6U	Glycoprotein Q1 (gQ1) (Glycoprotein 105) (gp105) (Glycoprotein Q-80k) (gQ-80k) (HCLF1 protein)	U100	Human herpesvirus 6A (strain Uganda-1102) (HHV-6 variant A) (Human B lymphotropic virus)	656	SIGNAL 1..32; /evidence="ECO:0000255"	Homo sapiens (Human) [TaxID: 9606]	1321205; 7747482; 29301233; 7745696; 12551983; 15254169; 20863544; 21957287; 23596294; 24215487; 33298543	10.1099/0022-1317-73-7-1649; 10.1006/viro.1995.1228; 10.3390/v10010016; 10.1128/jvi.69.6.3490-3500.1995; 10.1128/jvi.77.4.2452-2458.2003; 10.1128/jvi.78.15.7969-7983.2004; 10.1016/j.virol.2010.08.018; 10.1128/jvi.05622-11; 10.1128/jvi.00611-13; 10.1111/1348-0421.12110; 10.1128/jvi.01638-20
Q6DLH8	reviewed	GB_EHV1B	Envelope glycoprotein B (gB)	gB GP14 33	Equine herpesvirus 1 (strain Ab4p) (EHV-1) (Equine abortion virus)	980	SIGNAL 1..86; /evidence="ECO:0000255"	Equus caballus (Horse) [TaxID: 9796]	1318606	10.1016/0042-6822(92)90706-u
Q6DPZ9	reviewed	HEMA_I03A1	Hemagglutinin [Cleaved into: Hemagglutinin HA1 chain; Hemagglutinin HA2 chain]	HA	Influenza A virus (strain A/Chicken/Shantou/4231/2003 H5N1 genotype V)	565	SIGNAL 1..16; /evidence="ECO:0000255|HAMAP-Rule:MF_04072"	Aves [TaxID: 8782]; Felis catus (Cat) (Felis silvestris catus) [TaxID: 9685]; Homo sapiens (Human) [TaxID: 9606]; Panthera pardus (Leopard) (Felis pardus) [TaxID: 9691]; Panthera tigris (Tiger) [TaxID: 9694]; Sus scrofa (Pig) [TaxID: 9823]	15241415	10.1038/nature02746
Q6DQ19	reviewed	HEMA_I02A4	Hemagglutinin [Cleaved into: Hemagglutinin HA1 chain; Hemagglutinin HA2 chain]	HA	Influenza A virus (strain A/Silky Chicken/Hong Kong/YU100/2002 H5N1 genotype X3)	567	SIGNAL 1..16; /evidence="ECO:0000255|HAMAP-Rule:MF_04072"	Aves [TaxID: 8782]; Felis catus (Cat) (Felis silvestris catus) [TaxID: 9685]; Homo sapiens (Human) [TaxID: 9606]; Panthera pardus (Leopard) (Felis pardus) [TaxID: 9691]; Panthera tigris (Tiger) [TaxID: 9694]; Sus scrofa (Pig) [TaxID: 9823]	15241415	10.1038/nature02746
Q6DQ20	reviewed	HEMA_I02A3	Hemagglutinin [Cleaved into: Hemagglutinin HA1 chain; Hemagglutinin HA2 chain]	HA	Influenza A virus (strain A/Chicken/Hong Kong/37.4/2002 H5N1 genotype X2)	567	SIGNAL 1..16; /evidence="ECO:0000255|HAMAP-Rule:MF_04072"	Aves [TaxID: 8782]; Felis catus (Cat) (Felis silvestris catus) [TaxID: 9685]; Homo sapiens (Human) [TaxID: 9606]; Panthera pardus (Leopard) (Felis pardus) [TaxID: 9691]; Panthera tigris (Tiger) [TaxID: 9694]; Sus scrofa (Pig) [TaxID: 9823]	15241415	10.1038/nature02746
Q6DQ21	reviewed	HEMA_I02A2	Hemagglutinin [Cleaved into: Hemagglutinin HA1 chain; Hemagglutinin HA2 chain]	HA	Influenza A virus (strain A/Chicken/Hong Kong/31.2/2002 H5N1 genotype X1)	567	SIGNAL 1..16; /evidence="ECO:0000255|HAMAP-Rule:MF_04072"	Aves [TaxID: 8782]; Felis catus (Cat) (Felis silvestris catus) [TaxID: 9685]; Homo sapiens (Human) [TaxID: 9606]; Panthera pardus (Leopard) (Felis pardus) [TaxID: 9691]; Panthera tigris (Tiger) [TaxID: 9694]; Sus scrofa (Pig) [TaxID: 9823]	15241415	10.1038/nature02746
Q6DQ22	reviewed	HEMA_I02A1	Hemagglutinin [Cleaved into: Hemagglutinin HA1 chain; Hemagglutinin HA2 chain]	HA	Influenza A virus (strain A/Guinea fowl/Hong Kong/38/2002 H5N1 genotype X0)	555	SIGNAL 1..14; /evidence="ECO:0000255|HAMAP-Rule:MF_04072"	Aves [TaxID: 8782]; Felis catus (Cat) (Felis silvestris catus) [TaxID: 9685]; Homo sapiens (Human) [TaxID: 9606]; Panthera pardus (Leopard) (Felis pardus) [TaxID: 9691]; Panthera tigris (Tiger) [TaxID: 9694]; Sus scrofa (Pig) [TaxID: 9823]	15241415	10.1038/nature02746
Q6J8E7	reviewed	HEMA_I02A5	Hemagglutinin [Cleaved into: Hemagglutinin HA1 chain; Hemagglutinin HA2 chain]	HA	Influenza A virus (strain A/Chicken/Hong Kong/96.1/2002 H5N1 genotype Y)	566	SIGNAL 1..16; /evidence="ECO:0000255|HAMAP-Rule:MF_04072"	Aves [TaxID: 8782]; Felis catus (Cat) (Felis silvestris catus) [TaxID: 9685]; Homo sapiens (Human) [TaxID: 9606]; Panthera pardus (Leopard) (Felis pardus) [TaxID: 9691]; Panthera tigris (Tiger) [TaxID: 9694]; Sus scrofa (Pig) [TaxID: 9823]	15148370	10.1073/pnas.0402443101
Q6J8F6	reviewed	HEMA_I03A0	Hemagglutinin [Cleaved into: Hemagglutinin HA1 chain; Hemagglutinin HA2 chain]	HA	Influenza A virus (strain A/Hong Kong/212/2003 H5N1 genotype Z+)	551	SIGNAL 1..16; /evidence="ECO:0000255|HAMAP-Rule:MF_04072"	Aves [TaxID: 8782]; Felis catus (Cat) (Felis silvestris catus) [TaxID: 9685]; Homo sapiens (Human) [TaxID: 9606]; Panthera pardus (Leopard) (Felis pardus) [TaxID: 9691]; Panthera tigris (Tiger) [TaxID: 9694]; Sus scrofa (Pig) [TaxID: 9823]	15148370	10.1073/pnas.0402443101
Q6LEJ4	reviewed	HEMA_I80A2	Hemagglutinin [Cleaved into: Hemagglutinin HA1 chain; Hemagglutinin HA2 chain]	HA	Influenza A virus (strain A/Seal/Massachusetts/1/1980 H7N7)	560	SIGNAL 1..18; /evidence="ECO:0000255|HAMAP-Rule:MF_04072"	Aves [TaxID: 8782]; Equus caballus (Horse) [TaxID: 9796]; Homo sapiens (Human) [TaxID: 9606]; Phocidae (true seals) [TaxID: 9709]	6688691; 16339318	10.1016/0042-6822(83)90169-1; 10.1073/pnas.0507415102
Q6S6T9	reviewed	GB_EHV1V	Envelope glycoprotein B (gB)	gB GP14 33	Equine herpesvirus 1 (strain V592) (EHV-1) (Equine abortion virus)	980	SIGNAL 1..86; /evidence="ECO:0000255"	Equus caballus (Horse) [TaxID: 9796]		
Q6SW94	reviewed	VGLI_HCMVM	UL37 immediate early glycoprotein	UL37	Human cytomegalovirus (strain Merlin) (HHV-5) (Human herpesvirus 5)	488	SIGNAL 1..22; /evidence="ECO:0000255"	Homo sapiens (Human) [TaxID: 9606]	15105547	10.1099/vir.0.79888-0
Q6SWB9	reviewed	UL11P_HCMVM	Protein UL11	UL11	Human cytomegalovirus (strain Merlin) (HHV-5) (Human herpesvirus 5)	272	SIGNAL 1..31; /evidence="ECO:0000255"	Homo sapiens (Human) [TaxID: 9606]	15105547; 22174689; 25275132	10.1099/vir.0.79888-0; 10.1371/journal.ppat.1002432; 10.1128/jvi.01691-14
Q6WB98	reviewed	FUS_HMPVC	Fusion glycoprotein F0 (Protein F) [Cleaved into: Fusion glycoprotein F2; Fusion glycoprotein F1]	F	Human metapneumovirus (strain CAN97-83) (HMPV)	539	SIGNAL 1..18; /evidence="ECO:0000255"	Homo sapiens (Human) [TaxID: 9606]	14592754; 16306583; 19164533; 22238303	10.1016/s0042-6822(03)00528-2; 10.1128/jvi.79.24.15114-15122.2005; 10.1073/pnas.0801433106; 10.1128/jvi.06706-11
Q6XQ97	reviewed	SPANU_BPT1	U-spanin (Gene product 11) (Unimolecular spanin) (gp11)	11	Escherichia phage T1 (Bacteriophage T1)	133	SIGNAL 1..21; /evidence="ECO:0000255"	Escherichia coli [TaxID: 562]	14972552; 30135120	10.1016/j.virol.2003.09.020; 10.1128/jvi.00380-18
Q703F0	reviewed	GE_HHV1F	Envelope glycoprotein E (gE) (gE-1)	gE US8	Human herpesvirus 1 (strain F) (HHV-1) (Human herpes simplex virus 1)	552	SIGNAL 1..20; /evidence="ECO:0000255"	Homo sapiens (Human) [TaxID: 9606]	15367642; 8389914; 2831396; 11134295; 16537585; 18753205; 18596102	10.1128/jvi.78.19.10755-10764.2004; 10.1128/jvi.67.7.3961-3968.1993; 10.1128/jvi.62.4.1347-1354.1988; 10.1128/jvi.75.2.821-833.2001; 10.1128/jvi.80.7.3167-3179.2006; 10.1128/jvi.01241-08; 10.1128/jvi.00904-08
Q70KP1	reviewed	HEMA_PTV10	Hemagglutinin-esterase (HE protein) (EC 3.1.1.53) (E3 glycoprotein)	HE	Porcine torovirus (strain P10) (PoTV)	430	SIGNAL 1..27; /evidence="ECO:0000255"	Sus scrofa (Pig) [TaxID: 9823]	12915570; 15507445	10.1128/jvi.77.17.9567-9577.2003; 10.1074/jbc.m409683200
Q77MS3	reviewed	GB_GAHVM	Envelope glycoprotein B (gB)	gB MDV040	Gallid herpesvirus 2 (strain Chicken/Md5/ATCC VR-987) (GaHV-2) (Marek's disease herpesvirus type 1)	865	SIGNAL 1..21; /evidence="ECO:0000255|HAMAP-Rule:MF_04032"	Gallus gallus (Chicken) [TaxID: 9031]	10933706	10.1128/jvi.74.17.7980-7988.2000
Q7T9E0	reviewed	VSGP_EBOSU	Pre-small/secreted glycoprotein (pre-sGP) [Cleaved into: Small/secreted glycoprotein (sGP); Delta-peptide]	SGP GP	Sudan ebolavirus (strain Human/Uganda/Gulu/2000) (SEBOV) (Sudan Ebola virus)	372	SIGNAL 1..32; /evidence="ECO:0000255"	Epomops franqueti (Franquet's epauletted fruit bat) (Epomophorus franqueti) [TaxID: 77231]; Homo sapiens (Human) [TaxID: 9606]; Myonycteris torquata (Little collared fruit bat) [TaxID: 77243]	15367603; 15047846; 16139097	10.1128/jvi.78.19.10370-10377.2004; 10.1128/jvi.78.8.4330-4341.2004; 10.1016/j.virusres.2005.03.028
Q80HY2	reviewed	PG038_VACCW	Early protein OPG038 (Protein M2)	OPG038 M2L VACWR031	Vaccinia virus (strain Western Reserve) (VACV) (Vaccinia virus (strain WR))	220	SIGNAL 1..17; /evidence="ECO:0000255"	Bos taurus (Bovine) [TaxID: 9913]	16912315; 18190944; 30918073; 25903347	10.1128/jvi.00935-06; 10.1016/j.virol.2007.11.034; 10.1128/jvi.00207-19; 10.1128/jvi.00528-15
Q82509	reviewed	HEMA_I61A0	Hemagglutinin [Cleaved into: Hemagglutinin HA1 chain; Hemagglutinin HA2 chain]	HA	Influenza A virus (strain A/Tern/South Africa/1961 H5N3)	568	SIGNAL 1..16; /evidence="ECO:0000255|HAMAP-Rule:MF_04072"	Aves [TaxID: 8782]	7778300	10.1006/viro.1995.1301
Q82559	reviewed	HEMA_I81A2	Hemagglutinin [Cleaved into: Hemagglutinin HA1 chain; Hemagglutinin HA2 chain]	HA	Influenza A virus (strain A/Equine/Kentucky/1/1981)	565	SIGNAL 1..16; /evidence="ECO:0000255|HAMAP-Rule:MF_04072"	Aves [TaxID: 8782]; Equus caballus (Horse) [TaxID: 9796]	9269061	10.1016/s0264-410x(96)00309-x
Q83356	reviewed	HEMA_CVMJH	Hemagglutinin-esterase (HE protein) (EC 3.1.1.53) (E3 glycoprotein)	HE 2b	Murine coronavirus (strain JHM) (MHV-JHM) (Murine hepatitis virus)	439	SIGNAL 1..22; /evidence="ECO:0000255|HAMAP-Rule:MF_04207"	Mus musculus (Mouse) [TaxID: 10090]	1646274; 2547994; 2103098; 11807232	10.1099/0022-1317-72-6-1309; 10.1128/jvi.63.9.3729-3736.1989; 10.1007/978-1-4684-5823-7_4; 10.1099/0022-1317-83-2-395
Q84710	reviewed	P1_PEMVW	Protein P1 (Genome-linked protein precursor) (ORF1 protein) [Cleaved into: Serine protease (EC 3.4.21.-); VPg; P1-C25]	ORF1	Pea enation mosaic virus-1 (strain WSG) (PEMV-1)	760	SIGNAL 1..33; /evidence="ECO:0000255"	Cicer arietinum (Chickpea) (Garbanzo) [TaxID: 3827]; Lathyrus odoratus (Sweet pea) [TaxID: 3859]; Lens culinaris (Lentil) (Cicer lens) [TaxID: 3864]; Medicago arabica [TaxID: 70936]; Pisum sativum (Garden pea) (Lathyrus oleraceus) [TaxID: 3888]; Trifolium incarnatum (Crimson clover) [TaxID: 60916]; Vicia faba (Broad bean) (Faba vulgaris) [TaxID: 3906]; Vicia sativa (Spring vetch) (Tare) [TaxID: 3908]	1875194; 9714253	10.1099/0022-1317-72-8-1819; 10.1099/0022-1317-79-8-2023
Q86515	reviewed	VP7_ROTRF	Outer capsid glycoprotein VP7		Rotavirus A (strain RVA/Cow/France/RF/1975/G6P6[1]) (RV-A)	326	SIGNAL 1..50; /evidence="ECO:0000255|HAMAP-Rule:MF_04131"	Bos taurus (Bovine) [TaxID: 9913]	11285213; 15165605	10.1093/emboj/20.7.1485; 10.1016/j.tim.2004.04.003
Q89569	reviewed	VSGP_EBORS	Pre-small/secreted glycoprotein (pre-sGP) [Cleaved into: Small/secreted glycoprotein (sGP); Delta-peptide]	GP	Reston ebolavirus (strain Siena/Philippine-92) (REBOV) (Reston Ebola virus)	367	SIGNAL 1..33; /evidence="ECO:0000255"	Homo sapiens (Human) [TaxID: 9606]; Macaca fascicularis (Crab-eating macaque) (Cynomolgus monkey) [TaxID: 9541]; Pteropodinae [TaxID: 77225]; Sus scrofa (Pig) [TaxID: 9823]	8622982	10.1073/pnas.93.8.3602
Q89730	reviewed	GC_HHV2H	Envelope glycoprotein C	gC UL44	Human herpesvirus 2 (strain HG52) (HHV-2) (Human herpes simplex virus 2)	480	SIGNAL 1..27; /evidence="ECO:0000255"	Homo sapiens (Human) [TaxID: 9606]	9499055; 2849025	10.1128/jvi.72.3.2010-2021.1998; 10.1016/0882-4010(87)90012-x
Q8B0H1	reviewed	GLYCO_VSIVC	Glycoprotein	G	Vesicular stomatitis Indiana virus (strain 94GUB Central America) (VSIV)	511	SIGNAL 1..16; /evidence="ECO:0000255"	Aedes [TaxID: 7158]; Bos taurus (Bovine) [TaxID: 9913]; Culicoides [TaxID: 58271]; Equus asinus (Donkey) (Equus africanus asinus) [TaxID: 9793]; Equus caballus (Horse) [TaxID: 9796]; Homo sapiens (Human) [TaxID: 9606]; Lutzomyia [TaxID: 252607]; Musca domestica (House fly) [TaxID: 7370]; Simuliidae (black flies) [TaxID: 7190]; Sus scrofa (Pig) [TaxID: 9823]	12237430	10.1099/0022-1317-83-10-2475
Q8B0H6	reviewed	GLYCO_VSIVS	Glycoprotein	G	Vesicular stomatitis Indiana virus (strain 85CLB South America) (VSIV)	511	SIGNAL 1..16; /evidence="ECO:0000255"	Aedes [TaxID: 7158]; Bos taurus (Bovine) [TaxID: 9913]; Culicoides [TaxID: 58271]; Equus asinus (Donkey) (Equus africanus asinus) [TaxID: 9793]; Equus caballus (Horse) [TaxID: 9796]; Homo sapiens (Human) [TaxID: 9606]; Lutzomyia [TaxID: 252607]; Musca domestica (House fly) [TaxID: 7370]; Simuliidae (black flies) [TaxID: 7190]; Sus scrofa (Pig) [TaxID: 9823]	12237430	10.1099/0022-1317-83-10-2475
Q8B0I1	reviewed	GLYCO_VSIVN	Glycoprotein	G	Vesicular stomatitis Indiana virus (strain 98COE North America) (VSIV)	511	SIGNAL 1..16; /evidence="ECO:0000255"	Aedes [TaxID: 7158]; Bos taurus (Bovine) [TaxID: 9913]; Culicoides [TaxID: 58271]; Equus asinus (Donkey) (Equus africanus asinus) [TaxID: 9793]; Equus caballus (Horse) [TaxID: 9796]; Homo sapiens (Human) [TaxID: 9606]; Lutzomyia [TaxID: 252607]; Musca domestica (House fly) [TaxID: 7370]; Simuliidae (black flies) [TaxID: 7190]; Sus scrofa (Pig) [TaxID: 9823]	12237430	10.1099/0022-1317-83-10-2475
Q8BB26	reviewed	HEMA_CVP67	Hemagglutinin-esterase (HE protein) (EC 3.1.1.53) (E3 glycoprotein)	HE	Porcine hemagglutinating encephalomyelitis virus (strain 67N) (HEV-67N)	424	SIGNAL 1..16; /evidence="ECO:0000255|HAMAP-Rule:MF_04207"	Sus scrofa (Pig) [TaxID: 9823]	12237422	10.1099/0022-1317-83-10-2411
Q8JMZ4	reviewed	HBEAG_HBVH3	External core antigen (HBeAg) (Precore protein) (p25)	C	Hepatitis B virus genotype H subtype adw4 (isolate Nicaragua/2928Nic/1997) (HBV-H)	212	SIGNAL 1..19; /evidence="ECO:0000255|HAMAP-Rule:MF_04076"	Homo sapiens (Human) [TaxID: 9606]; Pan troglodytes (Chimpanzee) [TaxID: 9598]	12124470	10.1099/0022-1317-83-8-2059
Q8JSP9	reviewed	HEMA_CVPIA	Hemagglutinin-esterase (HE protein) (EC 3.1.1.53) (E3 glycoprotein)	HE	Porcine hemagglutinating encephalomyelitis virus (strain IAF-404) (HEV)	424	SIGNAL 1..16; /evidence="ECO:0000255|HAMAP-Rule:MF_04207"	Sus scrofa (Pig) [TaxID: 9823]	12237422	10.1099/0022-1317-83-10-2411
Q8QPL1	reviewed	HEMA_I00A0	Hemagglutinin [Cleaved into: Hemagglutinin HA1 chain; Hemagglutinin HA2 chain]	HA	Influenza A virus (strain A/Duck/Hong Kong/2986.1/2000 H5N1 genotype C)	568	SIGNAL 1..16; /evidence="ECO:0000255|HAMAP-Rule:MF_04072"	Aves [TaxID: 8782]; Felis catus (Cat) (Felis silvestris catus) [TaxID: 9685]; Homo sapiens (Human) [TaxID: 9606]; Panthera pardus (Leopard) (Felis pardus) [TaxID: 9691]; Panthera tigris (Tiger) [TaxID: 9694]; Sus scrofa (Pig) [TaxID: 9823]	11878904	10.1006/viro.2001.1207
Q8V3T9	reviewed	FUS_ISAV8	Fusion glycoprotein F0 (Protein 3) (P3) [Cleaved into: Fusion glycoprotein F1; Fusion glycoprotein F2]	Segment-5	Infectious salmon anemia virus (isolate Atlantic salmon/Norway/810/9/99) (ISAV)	444	SIGNAL 1..17; /evidence="ECO:0000255"	Gadus morhua (Atlantic cod) [TaxID: 8049]; Oncorhynchus kisutch (Coho salmon) (Salmo kisutch) [TaxID: 8019]; Oncorhynchus mykiss (Rainbow trout) (Salmo gairdneri) [TaxID: 8022]; Pollachius virens (Saithe) (Gadus virens) [TaxID: 8060]; Salmo salar (Atlantic salmon) [TaxID: 8030]; Salmo trutta (Brown trout) [TaxID: 8032]	11807235; 16160182; 14990725; 20979983; 24486627; 26082488	10.1099/0022-1317-83-2-421; 10.1128/jvi.79.19.12544-12553.2005; 10.1128/jvi.78.6.3063-3071.2004; 10.1016/j.virusres.2010.10.021; 10.1099/vir.0.061648-0; 10.1074/jbc.m115.644781
Q8V3U0	reviewed	HEMA_ISAV8	Hemagglutinin-esterase (HE) (EC 3.1.1.53) (gp42)	Segment-6	Infectious salmon anemia virus (isolate Atlantic salmon/Norway/810/9/99) (ISAV)	394	SIGNAL 1..16; /evidence="ECO:0000255"	Gadus morhua (Atlantic cod) [TaxID: 8049]; Oncorhynchus kisutch (Coho salmon) (Salmo kisutch) [TaxID: 8019]; Oncorhynchus mykiss (Rainbow trout) (Salmo gairdneri) [TaxID: 8022]; Pollachius virens (Saithe) (Gadus virens) [TaxID: 8060]; Salmo salar (Atlantic salmon) [TaxID: 8030]; Salmo trutta (Brown trout) [TaxID: 8032]	11807235; 14990724; 14990725; 15824888; 20398710; 20979983; 22811536; 24486627	10.1099/0022-1317-83-2-421; 10.1128/jvi.78.6.3055-3062.2004; 10.1128/jvi.78.6.3063-3071.2004; 10.1007/s00705-005-0502-4; 10.1016/j.virusres.2010.03.020; 10.1016/j.virusres.2010.10.021; 10.1128/jvi.00047-12; 10.1099/vir.0.061648-0
Q8V437	reviewed	HEMA_CVBLU	Hemagglutinin-esterase (HE protein) (EC 3.1.1.53) (E3 glycoprotein)	HE 2b	Bovine coronavirus (strain 98TXSF-110-LUN) (BCoV-LUN) (BCV)	424	SIGNAL 1..16; /evidence="ECO:0000255|HAMAP-Rule:MF_04207"	Bos taurus (Bovine) [TaxID: 9913]	11714968	10.1099/0022-1317-82-12-2927
Q90121	reviewed	KP4T_UMV4	KP4 killer toxin (Fungal toxin KP4) (Killer protein 4)	M2A	Ustilago maydis P4 virus (UmV4) (UmV-P4)	127	SIGNAL 1..22; /evidence="ECO:0000269|PubMed:1897946, ECO:0000269|PubMed:8145639"	Mycosarcoma maydis (Corn smut fungus) (Ustilago maydis) [TaxID: 5270]	8145639; 1897946; 11532143; 7582897	10.1111/j.1365-2958.1994.tb00297.x; 10.1016/0003-9861(91)90027-g; 10.1046/j.1365-2958.2001.02554.x; 10.1016/s0969-2126(01)00215-5
Q913Y7	reviewed	CAPSD_AHEV	Pro-secreted protein ORF2 (Protein ORF2) (pORF2) [Cleaved into: Secreted protein ORF2 (ORF2s)]	ORF2	Avian hepatitis E virus (isolate Chicken/California/Meng) (AHEV)	606	SIGNAL 1..19; /evidence="ECO:0000255"	Gallus gallus (Chicken) [TaxID: 9031]	11562538; 15166445	10.1099/0022-1317-82-10-2449; 10.1099/vir.0.79841-0
Q91AV1	reviewed	SPIKE_PEDV7	Spike glycoprotein (S glycoprotein) (E2) (Peplomer protein)	S 2	Porcine epidemic diarrhea virus (strain CV777) (PEDV)	1383	SIGNAL 1..25; /evidence="ECO:0000255|HAMAP-Rule:MF_04200"	Sus scrofa (Pig) [TaxID: 9823]	8291230; 9782358; 11724265	10.1006/viro.1994.1058; 10.1007/978-1-4615-5331-1_101; 10.1023/a:1011831902219
Q91DD7	reviewed	VSGP_EBORE	Pre-small/secreted glycoprotein (pre-sGP) [Cleaved into: Small/secreted glycoprotein (sGP); Delta-peptide]	GP	Reston ebolavirus (strain Philippines-96) (REBOV) (Reston Ebola virus)	367	SIGNAL 1..33; /evidence="ECO:0000255"	Homo sapiens (Human) [TaxID: 9606]; Macaca fascicularis (Crab-eating macaque) (Cynomolgus monkey) [TaxID: 9541]; Pteropodinae [TaxID: 77225]; Sus scrofa (Pig) [TaxID: 9823]	11722021	10.1007/s007050170049
Q91MA7	reviewed	HEMA_I68A4	Hemagglutinin [Cleaved into: Hemagglutinin HA1 chain; Hemagglutinin HA2 chain]	HA	Influenza A virus (strain A/Hong Kong/1/1968 H3N2)	566	SIGNAL 1..16; /evidence="ECO:0000255|HAMAP-Rule:MF_04072"	Aves [TaxID: 8782]; Cetacea (whales & dolphins) [TaxID: 9721]; Homo sapiens (Human) [TaxID: 9606]; Phocidae (true seals) [TaxID: 9709]; Sus scrofa (Pig) [TaxID: 9823]	11371620	10.1073/pnas.111165798
Q96912	reviewed	GL_HHV1K	Envelope glycoprotein L (gL)	gL UL1	Human herpesvirus 1 (strain KOS) (HHV-1) (Human herpes simplex virus 1)	224	SIGNAL 1..22; /evidence="ECO:0000255|HAMAP-Rule:MF_04034"	Homo sapiens (Human) [TaxID: 9606]	8661409; 9621073; 18003913	10.1006/viro.1996.0347; 10.1128/jvi.72.7.6092-6103.1998; 10.1073/pnas.0707452104
Q98157	reviewed	VMI2_HHV8P	Viral macrophage inflammatory protein 2 (Viral macrophage inflammatory protein II) (vMIP-II) (vMIP-1B)	vCCL2	Human herpesvirus 8 type P (isolate GK18) (HHV-8) (Kaposi's sarcoma-associated herpesvirus)	94	SIGNAL 1..20	Homo sapiens (Human) [TaxID: 9606]	8939871; 8962146; 16760382; 9287217; 9323208; 9834206; 11500830; 27238288; 11041848; 10595530; 25612609	10.1126/science.274.5293.1739; 10.1073/pnas.93.25.14862; 10.1099/vir.0.81919-0; 10.1126/science.277.5332.1656; 10.1126/science.278.5336.290; 10.1002/1521-4141(200108)31:8<2458::aid-immu2458>3.0.co;2-l; 10.1016/j.bcp.2016.05.012; 10.1021/bi001166f; 10.1110/ps.8.11.2270; 10.1126/science.1261064
Q9DHD5	reviewed	GH_HHV1F	Envelope glycoprotein H (gH)	gH UL22	Human herpesvirus 1 (strain F) (HHV-1) (Human herpes simplex virus 1)	838	SIGNAL 1..18; /evidence="ECO:0000255|HAMAP-Rule:MF_04033"	Homo sapiens (Human) [TaxID: 9606]	18596102; 19386594	10.1128/jvi.00904-08; 10.1074/jbc.m109.005728
Q9DR81	reviewed	HEMA_CVBON	Hemagglutinin-esterase (HE protein) (EC 3.1.1.53) (E3 glycoprotein)	HE 2b	Bovine coronavirus (strain Ontario) (BCoV) (BCV)	424	SIGNAL 1..16; /evidence="ECO:0000255|HAMAP-Rule:MF_04207"	Bos taurus (Bovine) [TaxID: 9913]	11376845; 11774537	10.1016/s0168-1702(01)00243-x; 10.1007/978-1-4615-1325-4_9
Q9DUD9	reviewed	FUS_SENDA	Fusion glycoprotein F0 (Protein F) [Cleaved into: Fusion glycoprotein F2; Fusion glycoprotein F1]	F	Sendai virus (strain Hamamatsu) (SeV)	565	SIGNAL 1..25; /evidence="ECO:0000250"	Cavia cutleri (Guinea pig) [TaxID: 10144]; Cricetidae sp. (Hamster) [TaxID: 36483]; Mus musculus (Mouse) [TaxID: 10090]; Rattus norvegicus (Rat) [TaxID: 10116]	8198441; 11210938; 12163573; 12416681	10.1007/bf01309773; 10.1023/a:1008130318633; 10.1128/jvi.76.17.8540-8547.2002; 10.1023/a:1020165919672
Q9IKB5	reviewed	GP_TSWVR	Envelopment polyprotein (M polyprotein) [Cleaved into: Glycoprotein N (Gn) (Glycoprotein G2); Glycoprotein C (Gc) (Glycoprotein G1)]	GP	Tomato spotted wilt virus (strain Regular2A) (TSWV)	1135	SIGNAL 1..35; /evidence="ECO:0000255"	Frankliniella occidentalis (Western flower thrips) (Euthrips occidentalis) [TaxID: 133901]; Scirtothrips dorsalis (Chilli thrips) [TaxID: 163899]; Solanum lycopersicum (Tomato) (Lycopersicon esculentum) [TaxID: 4081]; Thrips tabaci [TaxID: 161014]	11204788	10.1094/mpmi.2001.14.2.242
Q9IKB7	reviewed	GP_TSWVD	Envelopment polyprotein (M polyprotein) [Cleaved into: Glycoprotein N (Gn) (Glycoprotein G2); Glycoprotein C (Gc) (Glycoprotein G1)]	GP	Tomato spotted wilt virus (isolate D) (TSWV)	1135	SIGNAL 1..35; /evidence="ECO:0000255"	Frankliniella occidentalis (Western flower thrips) (Euthrips occidentalis) [TaxID: 133901]; Scirtothrips dorsalis (Chilli thrips) [TaxID: 163899]; Solanum lycopersicum (Tomato) (Lycopersicon esculentum) [TaxID: 4081]; Thrips tabaci [TaxID: 161014]	11204788	10.1094/mpmi.2001.14.2.242
Q9IKD2	reviewed	HEMA_CVRSD	Hemagglutinin-esterase (HE protein) (EC 3.1.1.53) (E3 glycoprotein)	HE	Rat coronavirus (strain 681) (RCV-SDAV) (Sialodacryoadenitis virus SDAV-681)	439	SIGNAL 1..22; /evidence="ECO:0000255|HAMAP-Rule:MF_04207"	Rattus norvegicus (Rat) [TaxID: 10116]	10882653	10.1128/cdli.7.4.568-573.2000
Q9Q0U6	reviewed	HEMA_I96A0	Hemagglutinin [Cleaved into: Hemagglutinin HA1 chain; Hemagglutinin HA2 chain]	HA	Influenza A virus (strain A/Goose/Guangdong/1/1996 H5N1 genotype Gs/Gd)	568	SIGNAL 1..16; /evidence="ECO:0000255|HAMAP-Rule:MF_04072"	Aves [TaxID: 8782]; Felis catus (Cat) (Felis silvestris catus) [TaxID: 9685]; Homo sapiens (Human) [TaxID: 9606]; Panthera pardus (Leopard) (Felis pardus) [TaxID: 9691]; Panthera tigris (Tiger) [TaxID: 9694]; Sus scrofa (Pig) [TaxID: 9823]	10484749	10.1006/viro.1999.9820
Q9Q9G3	reviewed	HEMA_HUTV	Hemagglutinin-esterase (HE protein) (EC 3.1.1.53) (E3 glycoprotein)	HE	Human torovirus (HuTV)	416	SIGNAL 1..14; /evidence="ECO:0000255"	Homo sapiens (Human) [TaxID: 9606]	10518710; 11682139	10.1016/s0168-1702(99)00088-x; 10.1016/s0168-1702(01)00372-0
Q9QAQ9	reviewed	HEMA_CVBOK	Hemagglutinin-esterase (HE protein) (EC 3.1.1.53) (E3 glycoprotein)	HE 2b	Bovine coronavirus (strain OK-0514) (BCoV) (BCV)	424	SIGNAL 1..16; /evidence="ECO:0000255|HAMAP-Rule:MF_04207"	Bos taurus (Bovine) [TaxID: 9913]	9778786; 11376845	10.1023/a:1008048916808; 10.1016/s0168-1702(01)00243-x
Q9QAR6	reviewed	HEMA_CVBLS	Hemagglutinin-esterase (HE protein) (EC 3.1.1.53) (E3 glycoprotein)	HE 2b	Bovine coronavirus (strain LSU-94LSS-051) (BCoV-LSU) (BCV)	424	SIGNAL 1..16; /evidence="ECO:0000255|HAMAP-Rule:MF_04207"	Bos taurus (Bovine) [TaxID: 9913]	9778786	10.1023/a:1008048916808
Q9WCD8	reviewed	HEMA_I61A1	Hemagglutinin [Cleaved into: Hemagglutinin HA1 chain; Hemagglutinin HA2 chain]	HA	Influenza A virus (strain A/Swine/Wisconsin/1/1961 H1N1)	566	SIGNAL 1..17; /evidence="ECO:0000255|HAMAP-Rule:MF_04072"	Aves [TaxID: 8782]; Homo sapiens (Human) [TaxID: 9606]; Sus scrofa (Pig) [TaxID: 9823]	9696833	10.1128/jvi.72.9.7367-7373.1998
Q9WCD9	reviewed	HEMA_I30A0	Hemagglutinin [Cleaved into: Hemagglutinin HA1 chain; Hemagglutinin HA2 chain]	HA	Influenza A virus (strain A/Swine/Iowa/15/1930 H1N1)	566	SIGNAL 1..17; /evidence="ECO:0000255|HAMAP-Rule:MF_04072"	Aves [TaxID: 8782]; Homo sapiens (Human) [TaxID: 9606]; Sus scrofa (Pig) [TaxID: 9823]	9696833	10.1128/jvi.72.9.7367-7373.1998
Q9WCE1	reviewed	HEMA_I81A3	Hemagglutinin [Cleaved into: Hemagglutinin HA1 chain; Hemagglutinin HA2 chain]	HA	Influenza A virus (strain A/Turkey/Minnesota/1661/1981 H1N1)	566	SIGNAL 1..17; /evidence="ECO:0000255|HAMAP-Rule:MF_04072"	Aves [TaxID: 8782]; Homo sapiens (Human) [TaxID: 9606]; Sus scrofa (Pig) [TaxID: 9823]	9696833	10.1128/jvi.72.9.7367-7373.1998
Q9WCE3	reviewed	HEMA_I80A1	Hemagglutinin [Cleaved into: Hemagglutinin HA1 chain; Hemagglutinin HA2 chain]	HA	Influenza A virus (strain A/Duck/Australia/749/1980 H1N1)	566	SIGNAL 1..17; /evidence="ECO:0000255|HAMAP-Rule:MF_04072"	Aves [TaxID: 8782]; Homo sapiens (Human) [TaxID: 9606]; Sus scrofa (Pig) [TaxID: 9823]	9696833; 8892928	10.1128/jvi.72.9.7367-7373.1998; 10.1128/jvi.70.11.8041-8046.1996
Q9WCE8	reviewed	HEMA_I85A4	Hemagglutinin [Cleaved into: Hemagglutinin HA1 chain; Hemagglutinin HA2 chain]	HA	Influenza A virus (strain A/Swine/Netherlands/12/1985 H1N1)	566	SIGNAL 1..17; /evidence="ECO:0000255|HAMAP-Rule:MF_04072"	Aves [TaxID: 8782]; Homo sapiens (Human) [TaxID: 9606]; Sus scrofa (Pig) [TaxID: 9823]	9696833	10.1128/jvi.72.9.7367-7373.1998
Q9WFX3	reviewed	HEMA_I18A0	Hemagglutinin [Cleaved into: Hemagglutinin HA1 chain; Hemagglutinin HA2 chain]	HA	Influenza A virus (strain A/Brevig Mission/1/1918 H1N1) (Influenza A virus (strain A/South Carolina/1/1918 H1N1))	566	SIGNAL 1..17; /evidence="ECO:0000255|HAMAP-Rule:MF_04072"	Aves [TaxID: 8782]; Homo sapiens (Human) [TaxID: 9606]; Sus scrofa (Pig) [TaxID: 9823]	9065404; 9990079; 14764886; 14764887	10.1126/science.275.5307.1793; 10.1073/pnas.96.4.1651; 10.1126/science.1093155; 10.1126/science.1093373
Q9WRL5	reviewed	GB_TUHV2	Envelope glycoprotein B (gB)	gB	Tupaiid herpesvirus (strain 2) (TuHV-2) (Herpesvirus tupaia (strain 2))	944	SIGNAL 1..55; /evidence="ECO:0000255"	Tupaia belangeri (Common tree shrew) (Tupaia glis belangeri) [TaxID: 37347]	10392721	10.1016/s0168-1702(99)00012-x
A0A7H0DMZ6	reviewed	VGF_MONPV	Pro-Viral epidermal growth factor (Pro-VGF) [Cleaved into: Viral epidermal growth factor (VGF) (Secreted epidermal growth factor-like)]	OPG019 MPXVgp006	Monkeypox virus (MPXV)	142	SIGNAL 1..19; /evidence="ECO:0000255"	Cynomys gunnisoni (Gunnison's prairie dog) (Spermophilus gunnisoni) [TaxID: 45479]; Cynomys leucurus (White-tailed prairie dog) [TaxID: 99825]; Cynomys ludovicianus (Black-tailed prairie dog) [TaxID: 45480]; Cynomys mexicanus (Mexican prairie dog) [TaxID: 99826]; Cynomys parvidens (Utah prairie dog) [TaxID: 99827]; Gliridae (dormice) [TaxID: 30650]; Heliosciurus ruwenzorii (Ruwenzori sun squirrel) [TaxID: 226685]; Homo sapiens (Human) [TaxID: 9606]; Mus musculus (Mouse) [TaxID: 10090]	32880628	10.1093/infdis/jiaa559
A0A7H0DNG2	reviewed	PG204_MONPV	Soluble interferon alpha/beta receptor OPG204	OPG204 MPXVgp177	Monkeypox virus (MPXV)	351	SIGNAL 1..23; /evidence="ECO:0000255"	Cynomys gunnisoni (Gunnison's prairie dog) (Spermophilus gunnisoni) [TaxID: 45479]; Cynomys leucurus (White-tailed prairie dog) [TaxID: 99825]; Cynomys ludovicianus (Black-tailed prairie dog) [TaxID: 45480]; Cynomys mexicanus (Mexican prairie dog) [TaxID: 99826]; Cynomys parvidens (Utah prairie dog) [TaxID: 99827]; Gliridae (dormice) [TaxID: 30650]; Heliosciurus ruwenzorii (Ruwenzori sun squirrel) [TaxID: 226685]; Homo sapiens (Human) [TaxID: 9606]; Mus musculus (Mouse) [TaxID: 10090]	32880628	10.1093/infdis/jiaa559
A0MD30	reviewed	GP2A_PRRSS	Glycoprotein 2a (Protein GP2a) (GP2)	GP2a 2a	Porcine reproductive and respiratory syndrome virus (isolate Pig/United States/SD 01-08/2001) (PRRSV)	249	SIGNAL 1..35; /evidence="ECO:0000255"	Sus scrofa (Pig) [TaxID: 9823]	17037606; 19939927	10.1007/978-0-387-33012-9_110; 10.1128/jvi.01774-09
A0MD33	reviewed	GP4_PRRSS	Glycoprotein 4 (Protein GP4)	GP4 4	Porcine reproductive and respiratory syndrome virus (isolate Pig/United States/SD 01-08/2001) (PRRSV)	183	SIGNAL 1..22; /evidence="ECO:0000255"	Sus scrofa (Pig) [TaxID: 9823]	17037606; 19939927	10.1007/978-0-387-33012-9_110; 10.1128/jvi.01774-09
A0MD34	reviewed	GP5_PRRSS	Glycoprotein 5 (Protein GP5) (G(L))	GP5 5	Porcine reproductive and respiratory syndrome virus (isolate Pig/United States/SD 01-08/2001) (PRRSV)	201	SIGNAL 1..32; /evidence="ECO:0000255"	Sus scrofa (Pig) [TaxID: 9823]	17037606; 19939927	10.1007/978-0-387-33012-9_110; 10.1128/jvi.01774-09
A2T3M3	reviewed	VP7_ROTAP	Outer capsid glycoprotein VP7		Rotavirus A (isolate RVA/Cow/South/Africa/Offal agent/1965/G8P6[1]) (RV-A)	326	SIGNAL 1..50; /evidence="ECO:0000255|HAMAP-Rule:MF_04131"	Bos taurus (Bovine) [TaxID: 9913]	17059839	10.1016/j.virol.2006.09.024
A4KX75	reviewed	MMP_HVAVE	Putative matrix metalloproteinase (EC 3.4.24.-)	ORF20	Heliothis virescens ascovirus 3e (HvAV-3e)	474	SIGNAL 1..17; /evidence="ECO:0000255"	Noctuidae (owlet moths) [TaxID: 7100]	17374755	10.1099/vir.0.82651-0
A4UHQ6	reviewed	GLYCO_EBLV2	Glycoprotein	G	European bat lyssavirus 2 (strain Human/Scotland/RV1333/2002) (EBLV2)	524	SIGNAL 1..19; /evidence="ECO:0000255"	Mammalia [TaxID: 40674]	16051841; 17374776; 15964478	10.1128/jvi.79.16.10487-10497.2005; 10.1099/vir.0.82692-0; 10.1016/j.vaccine.2005.03.037
A7WNB3	reviewed	GLYCO_DMSVA	Glycoprotein	G	Drosophila melanogaster sigma virus (isolate Drosophila/USA/AP30/2005) (DMelSV)	561	SIGNAL 1..30; /evidence="ECO:0000255"	Drosophila melanogaster (Fruit fly) [TaxID: 7227]	17725574	10.1111/j.1365-294x.2007.03460.x
A8D8S8	reviewed	VP7_ROTBC	Outer capsid glycoprotein VP7		Rotavirus A (strain RVA/Cow/Canada/C486/1977/G6P6[1]) (RV-A)	309	SIGNAL <1..33; /evidence="ECO:0000255|HAMAP-Rule:MF_04131"	Bos taurus (Bovine) [TaxID: 9913]	15165605	10.1016/j.tim.2004.04.003
A9JM73	reviewed	I329L_ASFPP	Transmembrane protein I329L	I329L	African swine fever virus (isolate Pig/Portugal/OURT88/1988) (ASFV)	329	SIGNAL 1..31; /evidence="ECO:0000255"	Ornithodoros (relapsing fever ticks) [TaxID: 6937]; Sus scrofa (Pig) [TaxID: 9823]	18198370; 30279544	10.1099/vir.0.83343-0; 10.1038/s41598-018-32985-z
B3SRQ7	reviewed	VP7_ROTH6	Outer capsid glycoprotein VP7		Rotavirus A (strain RVA/Human/Indonesia/69M/1980/G8P4[10]) (RV-A)	326	SIGNAL 1..50; /evidence="ECO:0000255|HAMAP-Rule:MF_04131"	Homo sapiens (Human) [TaxID: 9606]	18786998	10.1128/jvi.01402-08
B3SRX9	reviewed	VP7_ROTWI	Outer capsid glycoprotein VP7		Rotavirus A (isolate RVA/Human/United States/WI61/1983/G9P1A[8]) (RV-A)	326	SIGNAL 1..50; /evidence="ECO:0000255|HAMAP-Rule:MF_04131"	Homo sapiens (Human) [TaxID: 9606]	18786998	10.1128/jvi.01402-08
C1JJY3	reviewed	ENV_HAPV1	Envelope protein (Env) (Virion protein 4) (VP4)	ORF4	Halorubrum pleomorphic virus 1 (HRPV-1)	518	SIGNAL 1..31; /evidence="ECO:0000269|PubMed:19298373"	Halorubrum sp. PV6 [TaxID: 634157]	19298373; 19864380; 22435790	10.1111/j.1365-2958.2009.06642.x; 10.1128/jvi.01347-09; 10.1111/j.1365-2958.2012.08045.x
D8V075	reviewed	GLYCO_TIBVC	Glycoprotein	G	Tibrogargan virus (strain CS132) (TIBV)	662	SIGNAL 1..16; /evidence="ECO:0000255"	Bos taurus (Bovine) [TaxID: 9913]; Culicoides brevitarsis [TaxID: 469753]	21593274	10.1099/vir.0.026120-0
F5HAM0	reviewed	UL144_HCMVM	Membrane glycoprotein UL144 (TNF alpha-like receptor UL144) (UL144 protein)	UL144 HHV5wtgp119	Human cytomegalovirus (strain Merlin) (HHV-5) (Human herpesvirus 5)	176	SIGNAL 1..20; /evidence="ECO:0000255"	Homo sapiens (Human) [TaxID: 9606]	15105547	10.1099/vir.0.79888-0
F5HAQ7	reviewed	UL135_HCMVM	Protein UL135	UL135	Human cytomegalovirus (strain Merlin) (HHV-5) (Human herpesvirus 5)	308	SIGNAL 1..22; /evidence="ECO:0000255"	Homo sapiens (Human) [TaxID: 9606]	15105547; 25121749	10.1099/vir.0.79888-0; 10.1016/j.chom.2014.07.005
F5HB52	reviewed	US08_HCMVM	Membrane glycoprotein US8	US8 HHV5wtgp139	Human cytomegalovirus (strain Merlin) (HHV-5) (Human herpesvirus 5)	227	SIGNAL 1..21; /evidence="ECO:0000255"	Homo sapiens (Human) [TaxID: 9606]	15105547	10.1099/vir.0.79888-0
F5HC33	reviewed	US09_HCMVM	Membrane glycoprotein US9	US9	Human cytomegalovirus (strain Merlin) (HHV-5) (Human herpesvirus 5)	247	SIGNAL 1..27; /evidence="ECO:0000255"	Homo sapiens (Human) [TaxID: 9606]	15105547	10.1099/vir.0.79888-0
F5HC71	reviewed	IL10H_HCMVM	Viral interleukin-10 homolog (cmvIL-10) (vIL-10)	UL111A	Human cytomegalovirus (strain Merlin) (HHV-5) (Human herpesvirus 5)	176	SIGNAL 1..25; /evidence="ECO:0000255"	Homo sapiens (Human) [TaxID: 9606]	12692276; 15105547	10.1099/vir.0.18952-0; 10.1099/vir.0.79888-0
F5HCP3	reviewed	UL130_HCMVM	Envelope glycoprotein UL130	UL130	Human cytomegalovirus (strain Merlin) (HHV-5) (Human herpesvirus 5)	214	SIGNAL 1..25; /evidence="ECO:0000255"	Homo sapiens (Human) [TaxID: 9606]	15105547; 17942555; 23853586; 23804643; 30057110; 28783665	10.1099/vir.0.79888-0; 10.1128/jvi.01910-07; 10.1371/journal.ppat.1003463; 10.1128/jvi.01167-13; 10.1016/j.cell.2018.06.028; 10.1126/sciimmunol.aan1457
F5HDB7	reviewed	GL_HHV8P	Envelope glycoprotein L (gL)	gL 47	Human herpesvirus 8 type P (isolate GK18) (HHV-8) (Kaposi's sarcoma-associated herpesvirus)	167	SIGNAL 1..20; /evidence="ECO:0000255|HAMAP-Rule:MF_04034"	Homo sapiens (Human) [TaxID: 9606]	10400794; 16760382; 11932406; 18945775; 22635007	10.1128/jvi.73.8.6953-6963.1999; 10.1099/vir.0.81919-0; 10.1128/jvi.76.9.4390-4400.2002; 10.1128/jvi.01170-08; 10.1038/nm.2805
F5HE05	reviewed	US02_HCMVM	Unique short US2 glycoprotein (Protein HQLF2) (gpUS2)	US2	Human cytomegalovirus (strain Merlin) (HHV-5) (Human herpesvirus 5)	199	SIGNAL 1..?; /note="Not cleaved"	Homo sapiens (Human) [TaxID: 9606]	15105547	10.1099/vir.0.79888-0
F5HET4	reviewed	U131A_HCMVM	Protein UL131A	UL131A	Human cytomegalovirus (strain Merlin) (HHV-5) (Human herpesvirus 5)	129	SIGNAL 1..18; /evidence="ECO:0000255"	Homo sapiens (Human) [TaxID: 9606]	15105547; 16894182; 17942555; 22031943; 23853586; 23804643; 30057110; 28783665	10.1099/vir.0.79888-0; 10.1099/vir.0.81921-0; 10.1128/jvi.01910-07; 10.1128/jvi.05354-11; 10.1371/journal.ppat.1003463; 10.1128/jvi.01167-13; 10.1016/j.cell.2018.06.028; 10.1126/sciimmunol.aan1457
F5HET8	reviewed	K6_HHV8P	Protein K6	K6	Human herpesvirus 8 type P (isolate GK18) (HHV-8) (Kaposi's sarcoma-associated herpesvirus)	95	SIGNAL 1..24; /evidence="ECO:0000255"	Homo sapiens (Human) [TaxID: 9606]	10400794; 16760382; 10377196; 18434408	10.1128/jvi.73.8.6953-6963.1999; 10.1099/vir.0.81919-0; 10.1084/jem.189.12.1993; 10.1128/jvi.02396-07
F5HEU0	reviewed	US03_HCMVM	Membrane glycoprotein US3	US3	Human cytomegalovirus (strain Merlin) (HHV-5) (Human herpesvirus 5)	186	SIGNAL 1..20; /evidence="ECO:0000255"	Homo sapiens (Human) [TaxID: 9606]	15105547	10.1099/vir.0.79888-0
F5HFJ7	reviewed	US10_HCMVM	Membrane glycoprotein US10	US10	Human cytomegalovirus (strain Merlin) (HHV-5) (Human herpesvirus 5)	185	SIGNAL 1..24; /evidence="ECO:0000255"	Homo sapiens (Human) [TaxID: 9606]	15105547	10.1099/vir.0.79888-0
F5HHH2	reviewed	UL142_HCMVM	Membrane glycoprotein UL142	UL142	Human cytomegalovirus (strain Merlin) (HHV-5) (Human herpesvirus 5)	305	SIGNAL 1..19; /evidence="ECO:0000255"	Homo sapiens (Human) [TaxID: 9606]	15105547; 16301653; 19793804; 20530255	10.1099/vir.0.79888-0; 10.4049/jimmunol.175.11.7457; 10.1128/jvi.01175-09; 10.4049/jimmunol.1000789
F5HHQ0	reviewed	GN_HCMVM	Envelope glycoprotein N	gN UL73	Human cytomegalovirus (strain Merlin) (HHV-5) (Human herpesvirus 5)	135	SIGNAL 1..19; /evidence="ECO:0000255|HAMAP-Rule:MF_04037"	Homo sapiens (Human) [TaxID: 9606]	15105547	10.1099/vir.0.79888-0
K7XWG4	reviewed	VXCL1_RCMVE	Viral Lymphotactin (Viral XCL1) (vSCL1)	vXCL1 e156.5	Rat cytomegalovirus (isolate England) (RCMV-E) (Murid herpesvirus 8)	115	SIGNAL 1..19; /evidence="ECO:0000269|PubMed:24155383"	Rattus norvegicus (Rat) [TaxID: 10116]	23166247; 26209537; 24155383	10.1128/jvi.02614-12; 10.1099/vir.0.000109; 10.1128/jvi.02330-13
O10336	reviewed	VP91_NPVOP	Capsid-associated protein Vp91	p91 ORF86	Orgyia pseudotsugata multicapsid polyhedrosis virus (OpMNPV)	819	SIGNAL 1..18; /evidence="ECO:0000255"	Orgyia pseudotsugata (Douglas-fir tussock moth) [TaxID: 33414]	9126251; 9201231	10.1006/viro.1997.8448; 10.1006/viro.1997.8599
O10363	reviewed	CHIT_NPVOP	Probable endochitinase (EC 3.2.1.14)	ORF124	Orgyia pseudotsugata multicapsid polyhedrosis virus (OpMNPV)	550	SIGNAL 1..16; /evidence="ECO:0000255"	Orgyia pseudotsugata (Douglas-fir tussock moth) [TaxID: 33414]	9126251	10.1006/viro.1997.8448
O10364	reviewed	CATV_NPVOP	Viral cathepsin (V-cath) (EC 3.4.22.50) (Cysteine proteinase) (CP)	VCATH ORF125	Orgyia pseudotsugata multicapsid polyhedrosis virus (OpMNPV)	324	SIGNAL 1..16; /evidence="ECO:0000255"	Orgyia pseudotsugata (Douglas-fir tussock moth) [TaxID: 33414]	9126251	10.1006/viro.1997.8448
O10695	reviewed	VP7_ROTD9	Outer capsid glycoprotein VP7		Rotavirus A (isolate RVA/Dog/United States/K9/1981/G3P5A[3]) (RV-A)	326	SIGNAL 1..50; /evidence="ECO:0000255|HAMAP-Rule:MF_04131"	Canis lupus familiaris (Dog) (Canis familiaris) [TaxID: 9615]		
O11458	reviewed	VSGP_EBOG4	Pre-small/secreted glycoprotein (pre-sGP) [Cleaved into: Small/secreted glycoprotein (sGP); Delta-peptide]	GP	Zaire ebolavirus (strain Gabon-94) (ZEBOV) (Zaire Ebola virus)	364	SIGNAL 1..32; /evidence="ECO:0000255"	Epomops franqueti (Franquet's epauletted fruit bat) (Epomophorus franqueti) [TaxID: 77231]; Homo sapiens (Human) [TaxID: 9606]; Myonycteris torquata (Little collared fruit bat) [TaxID: 77243]	9185597	10.1006/viro.1997.8529
O36372	reviewed	GH_ALHV1	Envelope glycoprotein H (gH)	gH 22	Alcelaphine herpesvirus 1 (strain C500) (AlHV-1) (Malignant catarrhal fever virus)	733	SIGNAL 1..14; /evidence="ECO:0000255|HAMAP-Rule:MF_04033"	Connochaetes taurinus (Blue wildebeest) [TaxID: 9927]	9261371	10.1128/jvi.71.9.6517-6525.1997
O36403	reviewed	GN_ALHV1	Envelope glycoprotein N	gN 53	Alcelaphine herpesvirus 1 (strain C500) (AlHV-1) (Malignant catarrhal fever virus)	103	SIGNAL 1..25; /evidence="ECO:0000255|HAMAP-Rule:MF_04037"	Connochaetes taurinus (Blue wildebeest) [TaxID: 9927]	9261371	10.1128/jvi.71.9.6517-6525.1997
O39731	reviewed	VP7_ROTHO	Outer capsid glycoprotein VP7		Rotavirus A (strain RVA/Human/Japan/MO/1982/G3P1A[8]) (RV-A)	326	SIGNAL 1..50; /evidence="ECO:0000255|HAMAP-Rule:MF_04131"	Homo sapiens (Human) [TaxID: 9606]	9267457	10.1007/s007050050174
O39733	reviewed	VP7_ROTYO	Outer capsid glycoprotein VP7		Rotavirus A (strain RVA/Human/Japan/YO/1977/G3P1A[8]) (RV-A)	326	SIGNAL 1..50; /evidence="ECO:0000255|HAMAP-Rule:MF_04131"	Homo sapiens (Human) [TaxID: 9606]	9267457	10.1007/s007050050174
O42044	reviewed	VP7_ROTH3	Outer capsid glycoprotein VP7		Rotavirus A (strain RVA/Human/Japan/AU-1/1982/G3P3[9]) (RV-A)	326	SIGNAL 1..50; /evidence="ECO:0000255|HAMAP-Rule:MF_04131"	Homo sapiens (Human) [TaxID: 9606]	9267457	10.1007/s007050050174
O56677	reviewed	GLYCO_COCAV	Glycoprotein	G	Cocal virus (COCV)	512	SIGNAL 1..17; /evidence="ECO:0000255"	Bos taurus (Bovine) [TaxID: 9913]; Equus caballus (Horse) [TaxID: 9796]; Insecta [TaxID: 50557]	9696127	10.1016/s0168-1702(98)00006-9
O57166	reviewed	VGF_VACCA	Pro-vaccinia growth factor (Pro-VGF) [Cleaved into: Vaccinia growth factor (VGF) (Secreted epidermal growth factor-like)]	OPG019 MVA005R ACAM3000_MVA_005	Vaccinia virus (strain Ankara) (VACV)	140	SIGNAL 1..18; /evidence="ECO:0000255"	Homo sapiens (Human) [TaxID: 9606]	9601507	10.1006/viro.1998.9123
O57222	reviewed	PG135_VACCA	Virion membrane protein OPG135	OPG135 MVA120L ACAM3000_MVA_120 A9L	Vaccinia virus (strain Ankara) (VACV)	94	SIGNAL 1..22; /evidence="ECO:0000255"	Homo sapiens (Human) [TaxID: 9606]	9601507	10.1006/viro.1998.9123
O57254	reviewed	PG190_VACCA	Protein OPG190 (Plaque-size/host range protein)	OPG190 PS/HR MVA173R ACAM3000_MVA_173	Vaccinia virus (strain Ankara) (VACV)	317	SIGNAL 1..17; /evidence="ECO:0000255"	Homo sapiens (Human) [TaxID: 9606]	9601507	10.1006/viro.1998.9123
O57261	reviewed	IL1BP_VACCA	Interleukin-1-binding protein (Protein B16)	OPG201 MVA184R ACAM3000_MVA_184	Vaccinia virus (strain Ankara) (VACV)	326	SIGNAL 1..18; /evidence="ECO:0000255"	Homo sapiens (Human) [TaxID: 9606]	9601507	10.1006/viro.1998.9123
O72737	reviewed	HEMA_CWPXG	Protein OPG185 (Hemagglutinin)	OPG185 HA A58R	Cowpox virus (strain GRI-90 / Grishak) (CPV)	314	SIGNAL 1..16; /evidence="ECO:0000255"	Bos taurus (Bovine) [TaxID: 9913]; Felis catus (Cat) (Felis silvestris catus) [TaxID: 9685]; Homo sapiens (Human) [TaxID: 9606]; Loxodonta africana (African elephant) [TaxID: 9785]; Microtus agrestis (Short-tailed field vole) [TaxID: 29092]; Mus musculus (Mouse) [TaxID: 10090]; Myodes glareolus (Bank vole) (Clethrionomys glareolus) [TaxID: 447135]		
O73559	reviewed	CRMB_CWPXG	Soluble TNF receptor II (Cytokine response-modifying protein B)	OPG002 CRMB1 D2L; CRMB2 I4R	Cowpox virus (strain GRI-90 / Grishak) (CPV)	351	SIGNAL 1..19; /evidence="ECO:0000255"	Bos taurus (Bovine) [TaxID: 9913]; Felis catus (Cat) (Felis silvestris catus) [TaxID: 9685]; Homo sapiens (Human) [TaxID: 9606]; Loxodonta africana (African elephant) [TaxID: 9785]; Microtus agrestis (Short-tailed field vole) [TaxID: 29092]; Mus musculus (Mouse) [TaxID: 10090]; Myodes glareolus (Bank vole) (Clethrionomys glareolus) [TaxID: 447135]	9568042; 8091665	10.1006/viro.1998.9039; 10.1006/viro.1994.1539
O91466	reviewed	CATV_GVCPM	Viral cathepsin (V-cath) (EC 3.4.22.50) (Cysteine proteinase) (CP)	VCATH ORF8R	Cydia pomonella granulosis virus (isolate Mexico/1963) (CpGV) (Cydia pomonella granulovirus)	333	SIGNAL 1..20; /evidence="ECO:0000255"	Cydia pomonella (Codling moth) [TaxID: 82600]	9747739; 11562546	10.1099/0022-1317-79-9-2283; 10.1099/0022-1317-82-10-2531
O92277	reviewed	GL_GPCMV	Envelope glycoprotein L (gL)	gL UL115	Guinea pig cytomegalovirus (strain 22122) (GPCMV)	258	SIGNAL 1..31; /evidence="ECO:0000255|HAMAP-Rule:MF_04036"	Cavia porcellus (Guinea pig) [TaxID: 10141]	19014498; 21270288; 23516193	10.1186/1743-422x-5-139; 10.1099/vir.0.027789-0; 10.1128/genomea.00054-13
O92284	reviewed	GLYCO_RABVC	Glycoprotein	G	Rabies virus (strain CVS-11) (RABV)	524	SIGNAL 1..19; /evidence="ECO:0000255"	Homo sapiens (Human) [TaxID: 9606]; Mammalia [TaxID: 40674]	1588319; 1871978	10.1099/0022-1317-73-5-1149; 10.1016/0042-6822(91)90866-a
P01546	reviewed	M11P_SCVM1	M1-1 protoxin (Killer toxin K1) [Cleaved into: M1-1 delta chain; M1-1 alpha chain; M1-1 gamma immunity chain; M1-1 beta chain]		Saccharomyces cerevisiae killer virus M1 (ScV-M1) (Saccharomyces cerevisiae virus M1)	316	SIGNAL 1..26	Saccharomyces cerevisiae (Baker's yeast) [TaxID: 4932]	6697395; 6368221; 9234671; 1696721; 18291112	10.1016/0092-8674(84)90354-4; 10.1002/j.1460-2075.1984.tb01769.x; 10.1002/(sici)1097-0061(199707)13:9<829::aid-yea144>3.0.co;2-r; 10.1073/pnas.87.16.6228; 10.1016/j.bbamcr.2008.01.017
P03154	reviewed	HBEAG_DHBV1	External core antigen (HBeAg) (Precore protein)	C	Duck hepatitis B virus (strain United States/DHBV-16) (DHBV)	305	SIGNAL 1..19; /evidence="ECO:0000255"	Anas (ducks) [TaxID: 8835]	6699938	10.1128/jvi.49.3.782-792.1984
P03173	reviewed	GC_HHV2G	Envelope glycoprotein C (Glycoprotein F)	gC UL44	Human herpesvirus 2 (strain G) (HHV-2) (Human herpes simplex virus 2)	479	SIGNAL 1..27; /evidence="ECO:0000255"	Homo sapiens (Human) [TaxID: 9606]	6090692	10.1128/jvi.52.1.154-163.1984
P03178	reviewed	GK_HHV1K	Envelope glycoprotein K (Syncytial protein)	gK UL53	Human herpesvirus 1 (strain KOS) (HHV-1) (Human herpes simplex virus 1)	338	SIGNAL 1..30	Homo sapiens (Human) [TaxID: 9606]	2990101; 11711633	10.1016/0042-6822(85)90199-0; 10.1128/jvi.75.24.12431-12438.2001
P03196	reviewed	GN_EBVB9	Envelope glycoprotein N	gN BLRF1	Epstein-Barr virus (strain B95-8) (HHV-4) (Human herpesvirus 4)	102	SIGNAL 1..32; /evidence="ECO:0000255|HAMAP-Rule:MF_04037"	Homo sapiens (Human) [TaxID: 9606]	6087149; 12771413; 9621013; 11070013; 15534216	10.1038/310207a0; 10.1099/vir.0.19054-0; 10.1128/jvi.72.7.5559-5564.1998; 10.1128/jvi.74.23.11162-11172.2000; 10.1073/pnas.0407320101
P03389	reviewed	ENV_RSFFV	Glycoprotein 55 (gp55)	env	Rauscher spleen focus-forming virus (RSFFV)	408	SIGNAL 1..32; /evidence="ECO:0000255"	Mus musculus (Mouse) [TaxID: 10090]	6088793	10.1128/jvi.51.3.695-705.1984
P03394	reviewed	ENV_FRSFL	Glycoprotein 55 (gp55)	env	Friend spleen focus-forming virus (strain Lilly-Steeves) (FSFFV)	409	SIGNAL 1..32; /evidence="ECO:0000255"	Mus musculus (Mouse) [TaxID: 10090]	6308646	10.1073/pnas.80.15.4718
P03532	reviewed	VP7_ROTHW	Outer capsid glycoprotein VP7		Rotavirus A (strain RVA/Human/United States/Wa/1974/G1P1A[8]) (RV-A)	326	SIGNAL 1..50; /evidence="ECO:0000255|HAMAP-Rule:MF_04131"	Homo sapiens (Human) [TaxID: 9606]	6088808; 2412362; 2823458; 15165605	10.1128/jvi.51.3.860-862.1984; 10.1016/0168-1702(85)90026-7; 10.1016/0042-6822(87)90181-4; 10.1016/j.tim.2004.04.003
P03534	reviewed	VP7_ROTBU	Outer capsid glycoprotein VP7		Rotavirus A (strain RVA/Cow/United Kingdom/UK/1975/G6P7[5]) (RV-A)	326	SIGNAL 1..50; /evidence="ECO:0000255|HAMAP-Rule:MF_04131"	Bos taurus (Bovine) [TaxID: 9913]	6308556	10.1093/nar/11.14.4689
P03619	reviewed	CAPSD_BPIF1	Capsid protein G8P (Coat protein B) (Gene 8 protein) (G8P) (Major coat protein) (pVIII)	VIII	Escherichia phage If1 (Bacteriophage If1)	74	SIGNAL 1..23; /evidence="ECO:0000269|PubMed:7240173"	Escherichia coli [TaxID: 562]	7240173; 8289247	10.1016/s0021-9258(19)69276-8; 10.1016/s0022-2836(05)80032-4
P03620	reviewed	CAPSD_BPIKE	Capsid protein G8P (Coat protein B) (Gene 8 protein) (G8P) (Major coat protein) (pVIII)	VIII	Salmonella phage IKe (Bacteriophage IKe)	82	SIGNAL 1..29; /evidence="ECO:0000269|PubMed:7240173"	Escherichia coli [TaxID: 562]	3981635; 7240173; 8289247; 30819888	10.1016/0022-2836(85)90322-5; 10.1016/s0021-9258(19)69276-8; 10.1016/s0022-2836(05)80032-4; 10.1073/pnas.1811929116
P03624	reviewed	G3P_BPPF3	Attachment protein G3P (Gene 3 protein) (G3P) (Minor coat protein) (pIII)	III	Pseudomonas phage Pf3 (Bacteriophage Pf3)	483	SIGNAL 1..20; /evidence="ECO:0000255"	Pseudomonas aeruginosa [TaxID: 287]	3928901; 16298408	10.1128/jvi.56.1.268-276.1985; 10.1016/j.virol.2005.10.020
P03665	reviewed	G4P_BPM13	Virion export protein (Gene 4 protein) (G4P)	IV	Enterobacteria phage M13 (Bacteriophage M13)	426	SIGNAL 1..21; /evidence="ECO:0000255"	Escherichia coli [TaxID: 562]	6254849; 35746635	10.1016/0378-1119(80)90093-1; 10.3390/v14061163
P03667	reviewed	G4P_BPIKE	Virion export protein (Gene 4 protein) (G4P)	IV	Salmonella phage IKe (Bacteriophage IKe)	437	SIGNAL 1..30; /evidence="ECO:0000255"	Escherichia coli [TaxID: 562]	3981635	10.1016/0022-2836(85)90322-5
P04136	reviewed	NS7_CVPPU	Non-structural protein 7 (ns7) (9 kDa hydrophobic protein) (HP) (Accessory protein 7) (AcP7) (X3 protein)	7	Porcine transmissible gastroenteritis coronavirus (strain Purdue) (TGEV)	78	SIGNAL 1..23; /evidence="ECO:0000255"	Sus scrofa (Pig) [TaxID: 9823]	2825819; 3008432; 10805807; 15240950; 1310191; 21695242; 36274340	10.1016/0300-9084(87)90178-7; 10.1016/0042-6822(86)90102-9; 10.1073/pnas.97.10.5516; 10.1292/jvms.66.717; 10.1016/0042-6822(92)90034-m; 10.1371/journal.ppat.1002090; 10.1016/j.coi.2022.102254
P04328	reviewed	VP7_ROTHA	Outer capsid glycoprotein VP7		Rotavirus A (isolate RVA/Human/Australia/Hu5/1977/G2P[X]) (RV-A) (Rotavirus A (isolate Hu/5))	326	SIGNAL 1..50; /evidence="ECO:0000255|HAMAP-Rule:MF_04131"	Homo sapiens (Human) [TaxID: 9606]	6328448; 2823458; 15165605	10.1093/nar/12.9.3973; 10.1016/0042-6822(87)90181-4; 10.1016/j.tim.2004.04.003
P04510	reviewed	VP7_ROTHS	Outer capsid glycoprotein VP7		Rotavirus A (strain RVA/Human/Japan/S2/1980/G2P1B[4]) (RV-A)	326	SIGNAL 1..50; /evidence="ECO:0000255|HAMAP-Rule:MF_04131"	Homo sapiens (Human) [TaxID: 9606]	2823458	10.1016/0042-6822(87)90181-4
P04511	reviewed	VP7_ROTBN	Outer capsid glycoprotein VP7		Rotavirus A (strain RVA/Cow/United States/NCDV-Lincoln/1969/G6P6[1]) (RV-A) (Rotavirus A (strain Nebraska calf diarrhea virus))	326	SIGNAL 1..50; /evidence="ECO:0000255|HAMAP-Rule:MF_04131"	Bos taurus (Bovine) [TaxID: 9913]	2417410	10.1016/0042-6822(85)90260-0
P04883	reviewed	GLYCO_VSIVG	Glycoprotein	G	Vesicular stomatitis Indiana virus (strain Glasgow) (VSIV)	511	SIGNAL 1..16; /evidence="ECO:0000255"	Aedes [TaxID: 7158]; Bos taurus (Bovine) [TaxID: 9913]; Culicoides [TaxID: 58271]; Equus asinus (Donkey) (Equus africanus asinus) [TaxID: 9793]; Equus caballus (Horse) [TaxID: 9796]; Homo sapiens (Human) [TaxID: 9606]; Lutzomyia [TaxID: 252607]; Musca domestica (House fly) [TaxID: 7370]; Simuliidae (black flies) [TaxID: 7190]; Sus scrofa (Pig) [TaxID: 9823]	3005478	10.1099/0022-1317-67-3-441
P05992	reviewed	NS7_CVPFS	Non-structural protein 7 (ns7) (9 kDa hydrophobic protein) (HP) (Accessory protein 7) (AcP7) (X3 protein)	7	Porcine transmissible gastroenteritis coronavirus (strain FS772/70) (TGEV)	78	SIGNAL 1..23; /evidence="ECO:0000255"	Sus scrofa (Pig) [TaxID: 9823]	2835592	10.1111/j.1365-2958.1988.tb00010.x
P06156	reviewed	FUS_NDVB	Fusion glycoprotein F0 [Cleaved into: Fusion glycoprotein F2; Fusion glycoprotein F1]	F	Newcastle disease virus (strain Beaudette C/45) (NDV)	553	SIGNAL 1..31; /evidence="ECO:0000255"	Gallus gallus (Chicken) [TaxID: 9031]	3025345; 2705298	10.1099/0022-1317-67-12-2685; 10.1016/0042-6822(89)90152-9
P06475	reviewed	GC_HHV23	Envelope glycoprotein C	gC UL44	Human herpesvirus 2 (strain 333) (HHV-2) (Human herpes simplex virus 2)	480	SIGNAL 1..27; /evidence="ECO:0000255"	Homo sapiens (Human) [TaxID: 9606]	2982036	10.1128/jvi.53.2.561-569.1985
P06476	reviewed	GD_HHV1H	Envelope glycoprotein D (gD)	gD US6	Human herpesvirus 1 (strain HZT) (HHV-1) (Human herpes simplex virus 1)	393	SIGNAL 1..25; /evidence="ECO:0000255"	Homo sapiens (Human) [TaxID: 9606]	6321120	10.1089/dna.1.1984.3.23
P06480	reviewed	GJ_HHV11	Envelope glycoprotein J	gJ US5	Human herpesvirus 1 (strain 17) (HHV-1) (Human herpes simplex virus 1)	92	SIGNAL 1..21; /evidence="ECO:0000255"	Homo sapiens (Human) [TaxID: 9606]	2984429; 2839594; 16376841; 17218138; 17959661; 18596102	10.1016/0022-2836(85)90320-1; 10.1099/0022-1317-69-7-1531; 10.1016/j.meegid.2005.01.004; 10.1016/j.micinf.2006.10.019; 10.1128/jvi.01341-07; 10.1128/jvi.00904-08
P06484	reviewed	GG_HHV11	Envelope glycoprotein G (gG) (gG-1)	gG US4	Human herpesvirus 1 (strain 17) (HHV-1) (Human herpes simplex virus 1)	238	SIGNAL 1..24; /evidence="ECO:0000255"	Homo sapiens (Human) [TaxID: 9606]	2984429; 2846760; 10548571; 16376841; 17218138; 18596102	10.1016/0022-2836(85)90320-1; 10.1099/0022-1317-69-11-2831; 10.1128/cdli.6.6.826-831.1999; 10.1016/j.meegid.2005.01.004; 10.1016/j.micinf.2006.10.019; 10.1128/jvi.00904-08
P06498	reviewed	E3B14_ADE05	Early E3B 14.6 kDa protein		Human adenovirus C serotype 5 (HAdV-5) (Human adenovirus 5)	132	SIGNAL 1..18; /evidence="ECO:0000269|PubMed:1531370"	Homo sapiens (Human) [TaxID: 9606]	2981456; 1727603; 2309441; 1531370; 1532104; 1533979	10.1016/0042-6822(85)90443-x; 10.1016/0042-6822(92)90082-z; 10.1016/0042-6822(90)90182-q; 10.1128/jvi.66.3.1665-1673.1992; 10.1016/0042-6822(92)90451-t; 10.1016/0042-6822(92)90511-m
P06828	reviewed	FUS_PI3H4	Fusion glycoprotein F0 [Cleaved into: Fusion glycoprotein F2; Fusion glycoprotein F1]	F	Human parainfluenza 3 virus (strain Wash/47885/57) (HPIV-3) (Human parainfluenza 3 virus (strain NIH 47885))	539	SIGNAL 1..18; /evidence="ECO:0000255"	Homo sapiens (Human) [TaxID: 9606]	3012869; 3033123; 2825443; 1311137	10.1016/0042-6822(86)90388-0; 10.1099/0022-1317-68-4-1003; 10.1016/0168-1702(87)90016-5; 10.1016/0168-1702(92)90089-r
P07562	reviewed	GG_SUHVR	Envelope glycoprotein G (gG)	gG 70	Suid herpesvirus 1 (strain Rice) (SuHV-1) (Pseudorabies virus (strain Rice))	498	SIGNAL 1..20; /evidence="ECO:0000255"	Sus scrofa (Pig) [TaxID: 9823]	2983115	10.1128/jvi.54.1.21-29.1985
P07646	reviewed	GI_SUHVR	Envelope glycoprotein I (Glycoprotein GP63)	gI	Suid herpesvirus 1 (strain Rice) (SuHV-1) (Pseudorabies virus (strain Rice))	350	SIGNAL 1..31; /evidence="ECO:0000255"	Sus scrofa (Pig) [TaxID: 9823]	3018284	10.1128/jvi.60.1.185-193.1986
P07923	reviewed	GLYCO_IHNVR	Glycoprotein (Spike glycoprotein)	G	Infectious hematopoietic necrosis virus (strain Round Butte) (IHNV)	508	SIGNAL 1..20	Salmo [TaxID: 8028]	3033264	10.1128/jvi.61.5.1342-1349.1987
P08072	reviewed	GRFA_MYXVL	Growth factor (Secreted epidermal growth factor-like)	MGF m010L	Myxoma virus (strain Lausanne) (MYXV)	85	SIGNAL 1..19; /evidence="ECO:0000255"	Oryctolagus cuniculus (Rabbit) [TaxID: 9986]	3029424; 10562494; 2009268	10.1128/jvi.61.4.1271-1275.1987; 10.1006/viro.1999.0001; 10.1021/bi00227a020
P08354	reviewed	GE_SUHVR	Envelope glycoprotein E (gE)	gE	Suid herpesvirus 1 (strain Rice) (SuHV-1) (Pseudorabies virus (strain Rice))	577	SIGNAL 1..20; /evidence="ECO:0000255"	Sus scrofa (Pig) [TaxID: 9823]	3018284	10.1128/jvi.60.1.185-193.1986
P08356	reviewed	GH_HHV1E	Envelope glycoprotein H (gH)	gH UL22	Human herpesvirus 1 (strain HFEM) (HHV-1) (Human herpes simplex virus 1)	838	SIGNAL 1..18; /evidence="ECO:0000255|HAMAP-Rule:MF_04033"	Homo sapiens (Human) [TaxID: 9606]	3016991	10.1016/0042-6822(86)90026-7
P08406	reviewed	VP7_ROTP5	Outer capsid glycoprotein VP7		Rotavirus A (strain RVA/Pig/United States/OSU/1977/G5P9[7]) (RV-A) (Rotavirus A (strain Ohio State University))	326	SIGNAL 1..50; /evidence="ECO:0000255|HAMAP-Rule:MF_04131"	Sus scrofa (Pig) [TaxID: 9823]	3023532	10.1099/0022-1317-67-11-2445
P08714	reviewed	HEMA_VACCI	Protein OPG185 (Hemagglutinin)	OPG185 HA A56R	Vaccinia virus (strain IHD-J) (VACV)	315	SIGNAL 1..16	Homo sapiens (Human) [TaxID: 9606]	3008418	10.1016/0042-6822(86)90309-0
P09260	reviewed	GH_VZVD	Envelope glycoprotein H (gH)	gH ORF37	Varicella-zoster virus (strain Dumas) (HHV-3) (Human herpesvirus 3)	841	SIGNAL 1..17; /evidence="ECO:0000255|HAMAP-Rule:MF_04033"	Homo sapiens (Human) [TaxID: 9606]	3018124; 15613328	10.1099/0022-1317-67-9-1759; 10.1128/jvi.79.2.997-1007.2005
P09261	reviewed	GK_VZVD	Envelope glycoprotein K (Syncytial protein)	gK ORF5	Varicella-zoster virus (strain Dumas) (HHV-3) (Human herpesvirus 3)	340	SIGNAL 1..21; /evidence="ECO:0000255"	Homo sapiens (Human) [TaxID: 9606]	3018124; 17010406; 17027059	10.1099/0022-1317-67-9-1759; 10.1016/j.virol.2006.08.021; 10.1016/j.virol.2006.08.055
P09308	reviewed	GL_VZVD	Envelope glycoprotein L (gL)	gL ORF60	Varicella-zoster virus (strain Dumas) (HHV-3) (Human herpesvirus 3)	159	SIGNAL 1..21; /evidence="ECO:0000255|HAMAP-Rule:MF_04034"	Homo sapiens (Human) [TaxID: 9606]	3018124	10.1099/0022-1317-67-9-1759
P09365	reviewed	VP7_ROTPG	Outer capsid glycoprotein VP7		Rotavirus A (strain RVA/Pig/United States/Gottfried/1983/G4P2B[6]) (RV-A)	326	SIGNAL 1..50; /evidence="ECO:0000255|HAMAP-Rule:MF_04131"	Sus scrofa (Pig) [TaxID: 9823]	2829137	10.1093/nar/16.2.775
P09728	reviewed	US10_HCMVA	Unique short US10 glycoprotein (Protein HXLF2) (gpUS10)	US10	Human cytomegalovirus (strain AD169) (HHV-5) (Human herpesvirus 5)	185	SIGNAL 1..24; /evidence="ECO:0000255"	Homo sapiens (Human) [TaxID: 9606]	3031311; 2161319; 12388737; 12533697; 20713594	10.1016/0022-2836(86)90359-1; 10.1007/978-3-642-74980-3_6; 10.1128/jvi.76.22.11753-11756.2002; 10.1099/vir.0.18606-0; 10.1084/jem.20091793
P09730	reviewed	US08_HCMVA	Unique short US8 glycoprotein (Protein HXLF4) (gpUS8)	US8	Human cytomegalovirus (strain AD169) (HHV-5) (Human herpesvirus 5)	227	SIGNAL 1..21; /evidence="ECO:0000255"	Homo sapiens (Human) [TaxID: 9606]	3031311; 2161319; 12533697; 9621030	10.1016/0022-2836(86)90359-1; 10.1007/978-3-642-74980-3_6; 10.1099/vir.0.18606-0; 10.1128/jvi.72.7.5717-5727.1998
P09731	reviewed	US07_HCMVA	Unique short US7 glycoprotein (Protein HXLF5) (gpUS7)	US7	Human cytomegalovirus (strain AD169) (HHV-5) (Human herpesvirus 5)	225	SIGNAL 1..17; /evidence="ECO:0000255"	Homo sapiens (Human) [TaxID: 9606]	3031311; 2161319; 12533697; 11992003	10.1016/0022-2836(86)90359-1; 10.1007/978-3-642-74980-3_6; 10.1099/vir.0.18606-0; 10.1128/jvi.76.11.5748-5758.2002
P09990	reviewed	FUS_PI3B	Fusion glycoprotein F0 [Cleaved into: Fusion glycoprotein F2; Fusion glycoprotein F1]	F	Bovine parainfluenza 3 virus (BPIV-3)	540	SIGNAL 1..18; /evidence="ECO:0000255"	Bos taurus (Bovine) [TaxID: 9913]	3031615	10.1093/nar/15.7.2945
P0C572	reviewed	GLYCO_MOKV	Glycoprotein	G	Mokola virus (MOKV)	522	SIGNAL 1..19; /evidence="ECO:0000255"	Canis lupus familiaris (Dog) (Canis familiaris) [TaxID: 9615]; Chodsigoa caovansunga (Van Sung's shrew) [TaxID: 269271]; Felis catus (Cat) (Felis silvestris catus) [TaxID: 9685]; Rodentia [TaxID: 9989]	9225031	10.1099/0022-1317-78-7-1571
P0C6J9	reviewed	HBEAG_DHBV3	External core antigen (HBeAg) (Precore protein)	C	Duck hepatitis B virus (strain Germany/DHBV-3) (DHBV)	305	SIGNAL 1..19; /evidence="ECO:0000255"	Anas (ducks) [TaxID: 8835]	3981148	10.1002/jmv.1890150402
P0C6N0	reviewed	BARF1_EBVA8	Secreted protein BARF1 (33 kDa early protein) (p33)	BARF1	Epstein-Barr virus (strain AG876) (HHV-4) (Human herpesvirus 4)	221	SIGNAL 1..20; /evidence="ECO:0000255"	Homo sapiens (Human) [TaxID: 9606]	16490228	10.1016/j.virol.2006.01.015
P0C6Z3	reviewed	GN_EBVA8	Envelope glycoprotein N	gN BLRF1	Epstein-Barr virus (strain AG876) (HHV-4) (Human herpesvirus 4)	102	SIGNAL 1..32; /evidence="ECO:0000255|HAMAP-Rule:MF_04037"	Homo sapiens (Human) [TaxID: 9606]	16490228	10.1016/j.virol.2006.01.015
P0C6Z4	reviewed	GN_EBVG	Envelope glycoprotein N	gN BLRF1	Epstein-Barr virus (strain GD1) (HHV-4) (Human gammaherpesvirus 4)	102	SIGNAL 1..32; /evidence="ECO:0000255|HAMAP-Rule:MF_04037"	Homo sapiens (Human) [TaxID: 9606]	16306603	10.1128/jvi.79.24.15323-15330.2005
P0C6Z6	reviewed	IL10H_EBVA8	Viral interleukin-10 homolog (vIL-10) (20 kDa protein) (Protein BCRF1)	BCRF1	Epstein-Barr virus (strain AG876) (HHV-4) (Human herpesvirus 4)	170	SIGNAL 1..23; /evidence="ECO:0000255"	Homo sapiens (Human) [TaxID: 9606]	16490228	10.1016/j.virol.2006.01.015
P0C764	reviewed	GN_VZVO	Envelope glycoprotein N	gN 9A	Varicella-zoster virus (strain Oka vaccine) (HHV-3) (Human herpesvirus 3)	87	SIGNAL 1..24; /evidence="ECO:0000255|HAMAP-Rule:MF_04037"	Homo sapiens (Human) [TaxID: 9606]	12388706; 18787000; 20106918	10.1128/jvi.76.22.11447-11459.2002; 10.1128/jvi.00777-08; 10.1128/jvi.01838-09
P0CAE4	reviewed	I329L_ASFM2	Transmembrane protein I329L	Mal-149	African swine fever virus (isolate Tick/Malawi/Lil 20-1/1983) (ASFV)	329	SIGNAL 1..31; /evidence="ECO:0000255"	Ornithodoros (relapsing fever ticks) [TaxID: 6937]; Phacochoerus aethiopicus (Warthog) [TaxID: 85517]; Phacochoerus africanus (Warthog) [TaxID: 41426]; Potamochoerus larvatus (Bushpig) [TaxID: 273792]; Sus scrofa (Pig) [TaxID: 9823]		
P0CAE5	reviewed	VF329_ASFP4	Transmembrane protein I329L	Pret-154	African swine fever virus (isolate Tick/South Africa/Pretoriuskop Pr4/1996) (ASFV)	329	SIGNAL 1..16; /evidence="ECO:0000255"	Ornithodoros (relapsing fever ticks) [TaxID: 6937]; Phacochoerus aethiopicus (Warthog) [TaxID: 85517]; Phacochoerus africanus (Warthog) [TaxID: 41426]; Potamochoerus larvatus (Bushpig) [TaxID: 273792]; Sus scrofa (Pig) [TaxID: 9823]		
P0CAE6	reviewed	I329L_ASFWA	Transmembrane protein I329L	War-152	African swine fever virus (isolate Warthog/Namibia/Wart80/1980) (ASFV)	333	SIGNAL 1..31; /evidence="ECO:0000255"	Ornithodoros (relapsing fever ticks) [TaxID: 6937]; Phacochoerus aethiopicus (Warthog) [TaxID: 85517]; Phacochoerus africanus (Warthog) [TaxID: 41426]; Potamochoerus larvatus (Bushpig) [TaxID: 273792]; Sus scrofa (Pig) [TaxID: 9823]		
P0CAP9	reviewed	IL10H_EBVG	Viral interleukin-10 homolog (vIL-10) (20 kDa protein) (Protein BCRF1)	BCRF1	Epstein-Barr virus (strain GD1) (HHV-4) (Human gammaherpesvirus 4)	170	SIGNAL 1..23; /evidence="ECO:0000255"	Homo sapiens (Human) [TaxID: 9606]	16306603	10.1128/jvi.79.24.15323-15330.2005
P0CK29	reviewed	GD_BHV1P	Envelope glycoprotein D (gD) (Glycoprotein IV)	gD gIV US6	Bovine herpesvirus 1.1 (strain P8-2) (BoHV-1) (Infectious bovine rhinotracheitis virus)	417	SIGNAL 1..18; /evidence="ECO:0000269|PubMed:2168991"	Bos taurus (Bovine) [TaxID: 9913]	2168991	10.1128/jvi.64.10.5132-5142.1990
P0CK30	reviewed	GD_BHV1C	Envelope glycoprotein D (gD) (Glycoprotein IV)	gD gIV US6	Bovine herpesvirus 1.1 (strain Cooper) (BoHV-1) (Infectious bovine rhinotracheitis virus)	417	SIGNAL 1..18; /evidence="ECO:0000250"	Bos taurus (Bovine) [TaxID: 9913]		
P0CW72	reviewed	BARF1_EBVG	Secreted protein BARF1 (33 kDa early protein) (p33)	BARF1	Epstein-Barr virus (strain GD1) (HHV-4) (Human gammaherpesvirus 4)	221	SIGNAL 1..20; /evidence="ECO:0000255"	Homo sapiens (Human) [TaxID: 9606]	16306603	10.1128/jvi.79.24.15323-15330.2005
P0DOE1	reviewed	GQ2_HHV6Z	Glycoprotein Q2 (gQ2)	U100	Human herpesvirus 6B (strain Z29) (HHV-6 variant B) (Human B lymphotropic virus)	182	SIGNAL 1..20; /evidence="ECO:0000255"	Homo sapiens (Human) [TaxID: 9606]	10482553; 23674671	10.1128/jvi.73.10.8040-8052.1999; 10.1073/pnas.1305187110
P0DOK7	reviewed	SPAN2_BPP21	Spanin, outer lipoprotein subunit (o-spanin) (Lysis protein Rz1) (Outer membrane lipoprotein Rz1)	Rz1	Enterobacteria phage P21 (Bacteriophage 21) (Bacteriophage P21)	62	SIGNAL 1..19; /evidence="ECO:0000250|UniProtKB:Q37935"	Escherichia coli [TaxID: 562]	2019562; 22904283	10.1128/jb.173.9.2897-2905.1991; 10.1128/jb.01245-12
P0DOP9	reviewed	VGF_VAR67	Pro-variola growth factor (Pro-VGF) [Cleaved into: Variola growth factor (VGF) (Secreted epidermal growth factor-like)]	OPG019 B3R B4R C11R D2L D4R	Variola virus (isolate Human/India/Ind3/1967) (VARV) (Smallpox virus)	140	SIGNAL 1..18; /evidence="ECO:0000255"	Homo sapiens (Human) [TaxID: 9606]	8384129	10.1016/0014-5793(93)80041-r
P0DOQ0	reviewed	VGF_VARV	Pro-variola growth factor (Pro-VGF) [Cleaved into: Variola growth factor (VGF) (Secreted epidermal growth factor-like)]	OPG019 B3R B4R C11R D2L D4R	Variola virus	140	SIGNAL 1..18; /evidence="ECO:0000255"	Homo sapiens (Human) [TaxID: 9606]	8264798; 8661439; 10639322	10.1038/366748a0; 10.1006/viro.1996.0378; 10.1006/viro.1999.0086
P0DST1	reviewed	PG204_VAR67	Soluble interferon alpha/beta receptor OPG204 (S antigen)	OPG204 B19R B20R	Variola virus (isolate Human/India/Ind3/1967) (VARV) (Smallpox virus)	354	SIGNAL 1..22; /evidence="ECO:0000255"	Homo sapiens (Human) [TaxID: 9606]	8384129	10.1016/0014-5793(93)80041-r
P0DST2	reviewed	PG204_VARV	Soluble interferon alpha/beta receptor OPG204 (S antigen)	OPG204 B19R B20R	Variola virus	354	SIGNAL 1..22; /evidence="ECO:0000255"	Homo sapiens (Human) [TaxID: 9606]	8264798	10.1038/366748a0
P0DTL7	reviewed	SPAN2_BPMU	Spanin, outer lipoprotein subunit (o-spanin) (gene product 23.1) (gp23.1)	Mup23.1	Escherichia phage Mu (Bacteriophage Mu)	113	SIGNAL 1..28; /evidence="ECO:0000255"	Enterobacteriaceae [TaxID: 543]	11922669; 35471081	10.1006/jmbi.2002.5437; 10.1128/mbio.00813-22
P0DTN0	reviewed	CRMB_MONPV	Soluble TNF receptor II (Cytokine response-modifying protein B) (CrmB)	OPG002 C22L J2L MPXVgp002	Monkeypox virus (MPXV)	349	SIGNAL 1..19; /evidence="ECO:0000255"	Cynomys gunnisoni (Gunnison's prairie dog) (Spermophilus gunnisoni) [TaxID: 45479]; Cynomys leucurus (White-tailed prairie dog) [TaxID: 99825]; Cynomys ludovicianus (Black-tailed prairie dog) [TaxID: 45480]; Cynomys mexicanus (Mexican prairie dog) [TaxID: 99826]; Cynomys parvidens (Utah prairie dog) [TaxID: 99827]; Gliridae (dormice) [TaxID: 30650]; Heliosciurus ruwenzorii (Ruwenzori sun squirrel) [TaxID: 226685]; Homo sapiens (Human) [TaxID: 9606]; Mus musculus (Mouse) [TaxID: 10090]	32880628	10.1093/infdis/jiaa559
P0DTN2	reviewed	PG190_MONPV	Protein OPG190 (Plaque-size/host range protein)	OPG190 PS/HR MPXVgp167	Monkeypox virus (MPXV)	317	SIGNAL 1..19; /evidence="ECO:0000255"	Cynomys gunnisoni (Gunnison's prairie dog) (Spermophilus gunnisoni) [TaxID: 45479]; Cynomys leucurus (White-tailed prairie dog) [TaxID: 99825]; Cynomys ludovicianus (Black-tailed prairie dog) [TaxID: 45480]; Cynomys mexicanus (Mexican prairie dog) [TaxID: 99826]; Cynomys parvidens (Utah prairie dog) [TaxID: 99827]; Gliridae (dormice) [TaxID: 30650]; Heliosciurus ruwenzorii (Ruwenzori sun squirrel) [TaxID: 226685]; Homo sapiens (Human) [TaxID: 9606]; Mus musculus (Mouse) [TaxID: 10090]	32880628	10.1093/infdis/jiaa559
P10501	reviewed	VP7_ROTHT	Outer capsid glycoprotein VP7		Rotavirus A (strain RVA/Human/United Kingdom/ST3/1975/G4P2A[6]) (RV-A) (Rotavirus A (strain St. Thomas 3))	326	SIGNAL 1..50; /evidence="ECO:0000255|HAMAP-Rule:MF_04131"	Homo sapiens (Human) [TaxID: 9606]	2536151; 2823458; 18786998	10.1093/nar/17.1.449; 10.1016/0042-6822(87)90181-4; 10.1128/jvi.01402-08
P10681	reviewed	GC_GAHVG	Envelope glycoprotein C homolog (A antigen) (Glycoprotein A) (GA) (Secretory glycoprotein GP57-65)	gC GA	Gallid herpesvirus 2 (strain GA) (GaHV-2) (Marek's disease herpesvirus type 1)	505	SIGNAL 1..27; /evidence="ECO:0000255"	Gallus gallus (Chicken) [TaxID: 9031]	2836620	10.1128/jvi.62.7.2373-2379.1988
P10864	reviewed	FUS_RINDL	Fusion glycoprotein F0 [Cleaved into: Fusion glycoprotein F2; Fusion glycoprotein F1]	F	Rinderpest virus (strain L) (RDV)	546	SIGNAL 1..19; /evidence="ECO:0000255"	Bos indicus (Zebu) [TaxID: 9915]; Bos taurus (Bovine) [TaxID: 9913]; Bubalus bubalis (Domestic water buffalo) [TaxID: 89462]; Capra hircus (Goat) [TaxID: 9925]; Gazella (gazelles) [TaxID: 9933]; Giraffa camelopardalis (Giraffe) [TaxID: 9894]; Hippopotamus [TaxID: 9832]; Ovis aries (Sheep) [TaxID: 9940]; Suidae (pigs) [TaxID: 9821]	3285575	10.1016/0042-6822(88)90567-3
P10865	reviewed	FUS_NDVM	Fusion glycoprotein F0 [Cleaved into: Fusion glycoprotein F2; Fusion glycoprotein F1]	F	Newcastle disease virus (strain Miyadera/51) (NDV)	553	SIGNAL 1..31; /evidence="ECO:0000255"	Gallus gallus (Chicken) [TaxID: 9031]	3576973; 2705298	10.1016/0042-6822(87)90261-3; 10.1016/0042-6822(89)90152-9
P11323	reviewed	E3GL_ADE03	Early E3 18.5 kDa glycoprotein (E3-19K) (E3gp 19 kDa) (E19) (Early E3 19.2 kDa glycoprotein) (GP19K)		Human adenovirus B serotype 3 (HAdV-3) (Human adenovirus 3)	172	SIGNAL 1..19; /evidence="ECO:0000255"	Homo sapiens (Human) [TaxID: 9606]	3582978	10.1016/0378-1119(86)90322-7
P11365	reviewed	GAG_IPMA	Intracisternal A-particle Gag-related polyprotein [Cleaved into: Phosphorylated protein; Capsid protein; Nucleocapsid protein; Protease (EC 3.4.23.-)]	gag	Mouse intracisternal a-particle MIA14 (IAP-MIA14)	827	SIGNAL 1..25; /evidence="ECO:0000255"	Mus musculus (Mouse) [TaxID: 10090]	3041022	10.1128/jvi.61.10.3020-3029.1987
P11850	reviewed	VP7_ROTHD	Outer capsid glycoprotein VP7		Rotavirus A (strain RVA/Human/United States/DS-1/1976/G2P1B[4]) (RV-A) (Rotavirus A (strain DS1))	326	SIGNAL 1..50; /evidence="ECO:0000255|HAMAP-Rule:MF_04131"	Homo sapiens (Human) [TaxID: 9606]	2823458; 18786998; 15165605	10.1016/0042-6822(87)90181-4; 10.1128/jvi.01402-08; 10.1016/j.tim.2004.04.003
P11851	reviewed	VP7_ROTHH	Outer capsid glycoprotein VP7		Rotavirus A (strain RVA/Human/Venezuela/HN126/1983/G2P[X]) (RV-A) (Rotavirus A (strain HN-126))	326	SIGNAL 1..50; /evidence="ECO:0000255|HAMAP-Rule:MF_04131"	Homo sapiens (Human) [TaxID: 9606]	2823458	10.1016/0042-6822(87)90181-4
P11852	reviewed	VP7_ROTHM	Outer capsid glycoprotein VP7		Rotavirus A (strain RVA/Human/Venezuela/M37/1982/G1P2A[6]) (RV-A)	326	SIGNAL 1..50; /evidence="ECO:0000255|HAMAP-Rule:MF_04131"	Homo sapiens (Human) [TaxID: 9606]	2823458	10.1016/0042-6822(87)90181-4
P11853	reviewed	VP7_ROTAD	Outer capsid glycoprotein VP7		Rotavirus A (strain RVA/Human/United States/D/1974/G1P1A[8]) (RV-A)	326	SIGNAL 1..50; /evidence="ECO:0000255|HAMAP-Rule:MF_04131"	Homo sapiens (Human) [TaxID: 9606]	2823458; 18786998	10.1016/0042-6822(87)90181-4; 10.1128/jvi.01402-08
P11854	reviewed	VP7_ROTHP	Outer capsid glycoprotein VP7		Rotavirus A (strain RVA/Human/United States/P/1974/G3P1A[8]) (RV-A)	326	SIGNAL 1..50; /evidence="ECO:0000255|HAMAP-Rule:MF_04131"	Homo sapiens (Human) [TaxID: 9606]	2823458; 18786998	10.1016/0042-6822(87)90181-4; 10.1128/jvi.01402-08
P11856	reviewed	VP7_ROTHV	Outer capsid glycoprotein VP7		Rotavirus A (isolate RVA/Human/Italy/VA70/1975/G4P1A[8]) (RV-A)	326	SIGNAL 1..50; /evidence="ECO:0000255|HAMAP-Rule:MF_04131"	Homo sapiens (Human) [TaxID: 9606]	2823458	10.1016/0042-6822(87)90181-4
P12570	reviewed	FUS_NDVU	Fusion glycoprotein F0 [Cleaved into: Fusion glycoprotein F2; Fusion glycoprotein F1]	F	Newcastle disease virus (strain Chicken/Northern Ireland/Ulster/67) (NDV)	553	SIGNAL 1..31; /evidence="ECO:0000255"	Gallus gallus (Chicken) [TaxID: 9031]	3351479; 2705298	10.1099/0022-1317-69-3-613; 10.1016/0042-6822(89)90152-9
P12571	reviewed	FUS_NDVTG	Fusion glycoprotein F0 [Cleaved into: Fusion glycoprotein F2; Fusion glycoprotein F1]	F	Newcastle disease virus (strain Chicken/United States(TX)/GB/48) (NDV) (Newcastle disease virus (strain Texas g.b./48))	553	SIGNAL 1..31; /evidence="ECO:0000255"	Gallus gallus (Chicken) [TaxID: 9031]	3388773; 2705298	10.1016/0042-6822(88)90686-1; 10.1016/0042-6822(89)90152-9
P12574	reviewed	FUS_RINDK	Fusion glycoprotein F0 [Cleaved into: Fusion glycoprotein F2; Fusion glycoprotein F1]	F	Rinderpest virus (strain Kabete O) (RDV)	546	SIGNAL 1..19; /evidence="ECO:0000255"	Bos indicus (Zebu) [TaxID: 9915]; Bos taurus (Bovine) [TaxID: 9913]; Bubalus bubalis (Domestic water buffalo) [TaxID: 89462]; Capra hircus (Goat) [TaxID: 9925]; Gazella (gazelles) [TaxID: 9933]; Giraffa camelopardalis (Giraffe) [TaxID: 9894]; Hippopotamus [TaxID: 9832]; Ovis aries (Sheep) [TaxID: 9940]; Suidae (pigs) [TaxID: 9821]	3413983	10.1016/0042-6822(88)90156-0
P12605	reviewed	FUS_PI1HC	Fusion glycoprotein F0 [Cleaved into: Fusion glycoprotein F2; Fusion glycoprotein F1]	F	Human parainfluenza 1 virus (strain C39) (HPIV-1)	555	SIGNAL 1..21; /evidence="ECO:0000255"	Homo sapiens (Human) [TaxID: 9606]	2847427	10.1016/0042-6822(88)90058-x
P12641	reviewed	GB_BHV2B	Envelope glycoprotein B (gB)	gB	Bovine herpesvirus 2 (strain BMV) (BoHV-2) (Bovine mammillitis virus)	917	SIGNAL 1..22; /evidence="ECO:0000255|HAMAP-Rule:MF_04032"	Bos taurus (Bovine) [TaxID: 9913]	2841793; 2457278	10.1016/0042-6822(88)90583-1; 10.1016/0042-6822(88)90584-3
P13160	reviewed	GH_FHV1	Envelope glycoprotein H (gH)	gH	Feline herpesvirus 1 (FeHV-1) (Feline viral rhinotracheitis virus)	821	SIGNAL 1..20; /evidence="ECO:0000255|HAMAP-Rule:MF_04033"	Felidae (cat family) [TaxID: 9681]	8394688; 2746729	10.1007/bf01309852; 10.1128/jvi.63.8.3240-3249.1989
P13290	reviewed	GG_HHV2H	Envelope glycoprotein G (gG) (gG-2)	gG US4	Human herpesvirus 2 (strain HG52) (HHV-2) (Human herpes simplex virus 2)	699	SIGNAL 1..22; /evidence="ECO:0000255"	Homo sapiens (Human) [TaxID: 9606]	3027242; 9499055	10.1099/0022-1317-68-1-19; 10.1128/jvi.72.3.2010-2021.1998
P13293	reviewed	GJ_HHV2H	Envelope glycoprotein J	gJ US5	Human herpesvirus 2 (strain HG52) (HHV-2) (Human herpes simplex virus 2)	92	SIGNAL 1..22; /evidence="ECO:0000255"	Homo sapiens (Human) [TaxID: 9606]	3027242; 9499055; 30248525	10.1099/0022-1317-68-1-19; 10.1128/jvi.72.3.2010-2021.1998; 10.1016/j.virol.2018.09.004
P13625	reviewed	FUS_NPVOP	Major envelope glycoprotein (gp64)	GP64 P64 ORF126	Orgyia pseudotsugata multicapsid polyhedrosis virus (OpMNPV)	509	SIGNAL 1..17	Orgyia pseudotsugata (Douglas-fir tussock moth) [TaxID: 33414]	2658304; 9126251	10.1016/0042-6822(89)90445-5; 10.1006/viro.1997.8448
P13845	reviewed	HBEAG_HHBV	External core antigen (HBeAg) (Precore protein)	C	Heron hepatitis B virus (HHBV)	305	SIGNAL 1..19; /evidence="ECO:0000255"	Ardeidae (herons) [TaxID: 8899]	3418788	10.1128/jvi.62.10.3832-3839.1988
P15199	reviewed	GLYCO_RABVA	Glycoprotein	G	Rabies virus (strain PM1503/AVO1) (RABV)	524	SIGNAL 1..19	Homo sapiens (Human) [TaxID: 9606]; Mammalia [TaxID: 40674]	3147698	10.1016/0300-9084(88)90265-9
P15415	reviewed	G3P_BPI22	Attachment protein G3P (Gene 3 protein) (G3P) (Minor coat protein) (pIII)	III	Enterobacteria phage I2-2 (Bacteriophage I2-2)	434	SIGNAL 1..19; /evidence="ECO:0000255"	Escherichia coli [TaxID: 562]	1556749	10.1007/bf00182391
P15416	reviewed	CAPSD_BPI22	Capsid protein G8P (Coat protein B) (Gene 8 protein) (G8P) (Major coat protein) (pVIII)	VIII	Enterobacteria phage I2-2 (Bacteriophage I2-2)	84	SIGNAL 1..29	Escherichia coli [TaxID: 562]	1556749	10.1007/bf00182391
P16492	reviewed	GH_SHV21	Envelope glycoprotein H (gH)	gH 22	Saimiriine herpesvirus 2 (strain 11) (SaHV-2) (Herpesvirus saimiri)	717	SIGNAL 1..18; /evidence="ECO:0000255|HAMAP-Rule:MF_04033"	Saimiri sciureus (Common squirrel monkey) [TaxID: 9521]	1321287; 2846759; 2555434	10.1128/jvi.66.8.5047-5058.1992; 10.1099/0022-1317-69-11-2819; 10.1099/0022-1317-70-11-3003
P16561	reviewed	HEMA_VACCT	Protein OPG185 (Hemagglutinin)	OPG185 HA TA66R	Vaccinia virus (strain Tian Tan) (VACV)	315	SIGNAL 1..16; /evidence="ECO:0000255"	Homo sapiens (Human) [TaxID: 9606]	2754392	10.1084/jem.170.2.571
P16721	reviewed	UL11P_HCMVA	Protein UL11	UL11	Human cytomegalovirus (strain AD169) (HHV-5) (Human herpesvirus 5)	275	SIGNAL 1..31; /evidence="ECO:0000255"	Homo sapiens (Human) [TaxID: 9606]	2161319; 9267452; 12533697	10.1007/978-3-642-74980-3_6; 10.1007/s007050050169; 10.1099/vir.0.18606-0
P16739	reviewed	UL119_HCMVA	Viral Fc-gamma receptor-like protein UL119 (gp68)	UL119/UL118	Human cytomegalovirus (strain AD169) (HHV-5) (Human herpesvirus 5)	345	SIGNAL 1..23; /evidence="ECO:0000255"	Homo sapiens (Human) [TaxID: 9606]	2161319; 12163579; 12533697; 15452216; 18216124	10.1007/978-3-642-74980-3_6; 10.1128/jvi.76.17.8596-8608.2002; 10.1099/vir.0.18606-0; 10.1128/jvi.78.20.10960-10966.2004; 10.1128/jvi.01476-07
P16750	reviewed	GO_HCMVA	Glycoprotein O (gO)	GO UL74	Human cytomegalovirus (strain AD169) (HHV-5) (Human herpesvirus 5)	466	SIGNAL 1..30; /evidence="ECO:0000255"	Homo sapiens (Human) [TaxID: 9606]	2161319; 9733861; 12533697; 15452216	10.1007/978-3-642-74980-3_6; 10.1128/jvi.72.10.8191-8197.1998; 10.1099/vir.0.18606-0; 10.1128/jvi.78.20.10960-10966.2004
P16757	reviewed	UL16P_HCMVA	Protein UL16	UL16	Human cytomegalovirus (strain AD169) (HHV-5) (Human herpesvirus 5)	230	SIGNAL 1..26; /evidence="ECO:0000255"	Homo sapiens (Human) [TaxID: 9606]	2161319; 12533697; 11239445; 12847260; 12782710; 20090832	10.1007/978-3-642-74980-3_6; 10.1099/vir.0.18606-0; 10.1016/s1074-7613(01)00095-4; 10.4049/jimmunol.171.2.902; 10.1084/jem.20022059; 10.1371/journal.ppat.1000723
P16832	reviewed	GL_HCMVA	Envelope glycoprotein L (gL)	gL UL115	Human cytomegalovirus (strain AD169) (HHV-5) (Human herpesvirus 5)	278	SIGNAL 1..30; /evidence="ECO:0000255|HAMAP-Rule:MF_04036"	Homo sapiens (Human) [TaxID: 9606]	2161319; 12368327; 12533697; 9733861; 15452216; 21880752	10.1007/978-3-642-74980-3_6; 10.1128/jvi.76.21.10841-10848.2002; 10.1099/vir.0.18606-0; 10.1128/jvi.72.10.8191-8197.1998; 10.1128/jvi.78.20.10960-10966.2004; 10.1128/jvi.05659-11
P17071	reviewed	VP7_ROTHB	Outer capsid glycoprotein VP7		Rotavirus A (strain RVA/Human/Indonesia/B37/XXXX/G8P[X]) (RV-A)	326	SIGNAL 1..50; /evidence="ECO:0000255|HAMAP-Rule:MF_04131"	Homo sapiens (Human) [TaxID: 9606]	2541556	10.1016/0042-6822(89)90351-6
P17176	reviewed	GH_HCMVT	Envelope glycoprotein H (gH)	gH UL75	Human cytomegalovirus (strain Towne) (HHV-5) (Human herpesvirus 5)	742	SIGNAL 1..29; /evidence="ECO:0000255|HAMAP-Rule:MF_04033"	Homo sapiens (Human) [TaxID: 9606]	2539698	10.1016/0042-6822(89)90167-0
P17190	reviewed	HBEAG_HPBDB	External core antigen (HBeAg) (Precore protein)	C	Duck hepatitis B virus (isolate brown Shanghai duck S5) (DHBV)	305	SIGNAL 1..19; /evidence="ECO:0000255"	Anas (ducks) [TaxID: 8835]	2596031	10.1016/0042-6822(89)90571-0
P17191	reviewed	HBEAG_HPBDW	External core antigen (HBeAg) (Precore protein)	C	Duck hepatitis B virus (isolate white Shanghai duck S31) (DHBV)	305	SIGNAL 1..19; /evidence="ECO:0000255"	Anas (ducks) [TaxID: 8835]	2596031	10.1016/0042-6822(89)90571-0
P17466	reviewed	VP7_ROTPY	Outer capsid glycoprotein VP7		Rotavirus A (strain RVA/Pig/Mexico/YM/1983/G11P9[7]) (RV-A)	326	SIGNAL 1..50; /evidence="ECO:0000255|HAMAP-Rule:MF_04131"	Sus scrofa (Pig) [TaxID: 9823]	2845146	10.1128/jvi.62.11.4331-4336.1988
P17700	reviewed	VP7_ROTBB	Outer capsid glycoprotein VP7		Rotavirus A (isolate RVA/Cow/United States/B223/1983/G10P8[11]) (RV-A)	326	SIGNAL 1..50; /evidence="ECO:0000255|HAMAP-Rule:MF_04131"	Bos taurus (Bovine) [TaxID: 9913]	1703560	10.1099/0022-1317-72-1-177
P17968	reviewed	VP7_ROTB6	Outer capsid glycoprotein VP7		Rotavirus A (isolate RVA/Cow/Thailand/61A/1988/G10P7[5]) (RV-A)	326	SIGNAL 1..50; /evidence="ECO:0000255|HAMAP-Rule:MF_04131"	Bos taurus (Bovine) [TaxID: 9913]	1697069	10.1093/nar/18.15.4613
P18384	reviewed	PG040_VACCW	Superinfection exclusion protein (Protein K2) (Serine proteinase inhibitor 3)	OPG040 K2L SPI-3 VACWR033	Vaccinia virus (strain Western Reserve) (VACV) (Vaccinia virus (strain WR))	369	SIGNAL 1..15; /evidence="ECO:0000255"	Bos taurus (Bovine) [TaxID: 9913]	3264331; 2719552; 21715594; 32132239; 25903347	10.1099/0022-1317-69-12-2995; 10.1007/bf01311113; 10.1099/vir.0.030460-0; 10.1128/jvi.00077-20; 10.1128/jvi.00528-15
P18558	reviewed	1104L_ASFB7	Protein MGF 110-4L	BA71V-011 BA71V-012 XP124L	African swine fever virus (strain Badajoz 1971 Vero-adapted) (Ba71V) (ASFV)	124	SIGNAL 1..28; /evidence="ECO:0000250|UniProtKB:A9JLI5"	Ornithodoros (relapsing fever ticks) [TaxID: 6937]; Sus scrofa (Pig) [TaxID: 9823]	2325202; 11831707; 9499098; 15016891; 32075923	10.1128/jvi.64.5.2064-2072.1990; 10.1006/viro.1995.1149; 10.1128/jvi.72.3.2373-2387.1998; 10.1128/jvi.78.7.3710-3721.2004; 10.1128/jvi.00119-20
P19063	reviewed	PG001_VACCL	Chemokine-binding protein (vCKBP) (35 kDa protein)	OPG001 B29R C23L	Vaccinia virus (strain Lister) (VACV)	258	SIGNAL 1..17; /evidence="ECO:0000255"	Homo sapiens (Human) [TaxID: 9606]	2212991; 9551896	10.1099/0022-1317-71-9-2013
P19462	reviewed	GLYCO_RABVH	Glycoprotein	G	Rabies virus (strain HEP-Flury) (RABV)	524	SIGNAL 1..19	Homo sapiens (Human) [TaxID: 9606]; Mammalia [TaxID: 40674]	2596027; 12505638	10.1016/0042-6822(89)90559-x; 10.1016/s0166-0934(02)00249-5
P19716	reviewed	FUS_MUMP1	Fusion glycoprotein F0 [Cleaved into: Fusion glycoprotein F2; Fusion glycoprotein F1]	F	Mumps virus (strain SBL-1) (MuV)	538	SIGNAL 1..19; /evidence="ECO:0000250|UniProtKB:Q786F3"	Homo sapiens (Human) [TaxID: 9606]	2732706; 35746805	10.1099/0022-1317-70-4-801; 10.3390/v14061335
P20494	reviewed	VGF_VACCC	Pro-vaccinia growth factor (Pro-VGF) [Cleaved into: Vaccinia growth factor (VGF) (Secreted epidermal growth factor-like)]	OPG019 C11R	Vaccinia virus (strain Copenhagen) (VACV)	142	SIGNAL 1..18; /evidence="ECO:0000255"	Homo sapiens (Human) [TaxID: 9606]	2219722	10.1016/0042-6822(90)90294-2
P20978	reviewed	HEMA_VACCC	Protein OPG185 (Hemagglutinin)	OPG185 HA A56R	Vaccinia virus (strain Copenhagen) (VACV)	315	SIGNAL 1..16; /evidence="ECO:0000250"	Homo sapiens (Human) [TaxID: 9606]	2219722	10.1016/0042-6822(90)90294-2
P20987	reviewed	PG135_VACCC	Virion membrane protein OPG135	OPG135 A9L	Vaccinia virus (strain Copenhagen) (VACV)	99	SIGNAL 1..22; /evidence="ECO:0000255"	Homo sapiens (Human) [TaxID: 9606]	2219722	10.1016/0042-6822(90)90294-2
P21062	reviewed	SEMA_VACCC	Semaphorin-like protein A39	A39R	Vaccinia virus (strain Copenhagen) (VACV)	403	SIGNAL 1..14; /evidence="ECO:0000255"	Homo sapiens (Human) [TaxID: 9606]	2219722; 11514717; 20727575	10.1016/0042-6822(90)90294-2; 10.1099/0022-1317-82-9-2083; 10.1016/j.cell.2010.07.040
P21077	reviewed	PG204_VACCC	Soluble interferon alpha/beta receptor OPG204	OPG204 B19R	Vaccinia virus (strain Copenhagen) (VACV)	353	SIGNAL 1..21; /evidence="ECO:0000255"	Homo sapiens (Human) [TaxID: 9606]	2219722	10.1016/0042-6822(90)90294-2
P21115	reviewed	PG190_VACCC	Protein OPG190 (Plaque-size/host range protein)	OPG190 PS/HR B5R	Vaccinia virus (strain Copenhagen) (VACV)	317	SIGNAL 1..17; /evidence="ECO:0000255"	Homo sapiens (Human) [TaxID: 9606]	2219722	10.1016/0042-6822(90)90294-2
P21285	reviewed	VP7_ROTHL	Outer capsid glycoprotein VP7		Rotavirus A (strain RVA/Human/Philippines/L26/1987/G12P1B[4]) (RV-A)	326	SIGNAL 1..50; /evidence="ECO:0000255|HAMAP-Rule:MF_04131"	Homo sapiens (Human) [TaxID: 9606]	2170690; 18786998	10.1128/jvi.64.11.5640-5644.1990; 10.1128/jvi.01402-08
P21444	reviewed	ENV_FLVC1	Envelope glycoprotein (Env polyprotein) [Cleaved into: Surface protein (SU) (Glycoprotein 70) (gp70)]	env	Feline leukemia virus (isolate CFE-16)	273	SIGNAL 1..34; /evidence="ECO:0000255"	Felidae (cat family) [TaxID: 9681]	2539525	10.1128/jvi.63.5.2379-2384.1989
P22484	reviewed	GD_EHV1K	Envelope glycoprotein D (gD) (Glycoprotein 17/18)	gD GP17/18	Equine herpesvirus 1 (strain Kentucky A) (EHV-1) (Equine abortion virus)	442	SIGNAL 1..19; /evidence="ECO:0000255"	Equus caballus (Horse) [TaxID: 9796]	1845821; 1316673	10.1016/0042-6822(91)90021-3; 10.1016/0042-6822(92)90509-n
P22485	reviewed	GK_HHV2H	Envelope glycoprotein K (Syncytial protein)	gK UL53	Human herpesvirus 2 (strain HG52) (HHV-2) (Human herpes simplex virus 2)	338	SIGNAL 1..30; /evidence="ECO:0000250"	Homo sapiens (Human) [TaxID: 9606]	2161382; 9499055; 1662697	10.1016/0378-1119(90)90043-q; 10.1128/jvi.72.3.2010-2021.1998; 10.1099/0022-1317-72-12-3057
P22650	reviewed	GC_GAHVB	Envelope glycoprotein C homolog (A antigen) (Glycoprotein A) (GA) (Secretory glycoprotein GP57-65)	gC GA	Gallid herpesvirus 2 (strain bc-1) (GaHV-2) (Marek's disease herpesvirus type 1)	501	SIGNAL 1..27; /evidence="ECO:0000255"	Gallus gallus (Chicken) [TaxID: 9031]	2559540	10.1007/bf00125125
P22651	reviewed	GC_GAHVM	Envelope glycoprotein C homolog (A antigen) (Glycoprotein A) (GA) (Secretory glycoprotein GP57-65)	gC GA	Gallid herpesvirus 2 (strain Chicken/Md5/ATCC VR-987) (GaHV-2) (Marek's disease herpesvirus type 1)	501	SIGNAL 1..27; /evidence="ECO:0000255"	Gallus gallus (Chicken) [TaxID: 9031]	2559540; 10933706	10.1007/bf00125125; 10.1128/jvi.74.17.7980-7988.2000
P23052	reviewed	SPIKE_BEV	Spike glycoprotein (S glycoprotein) (E2) (Peplomer protein)	S P	Berne virus (BEV)	1581	SIGNAL 1..20; /evidence="ECO:0000255"	Equus caballus (Horse) [TaxID: 9796]	2219698	10.1016/0042-6822(90)90332-l
P23058	reviewed	SPLR_NPVAC	Spheroidin-like protein (37 kDa glycoprotein) (Spindolin-like protein)	SLP GP37 ORF64	Autographa californica nuclear polyhedrosis virus (AcMNPV)	302	SIGNAL 1..19; /evidence="ECO:0000255"	Lepidoptera (moths & butterflies) [TaxID: 7088]	2674327; 2243377; 8030224	10.1099/0022-1317-70-9-2449; 10.1128/jvi.64.12.5804-5811.1990; 10.1006/viro.1994.1380
P23061	reviewed	SPIN_CBEPV	Spindolin (Spheroidin) (p50)	SPH	Choristoneura biennis entomopoxvirus (CbEPV)	341	SIGNAL 1..20; /evidence="ECO:0000269|PubMed:2327073"	Choristoneura fumiferana (Spruce budworm moth) (Archips fumiferana) [TaxID: 7141]	2327073; 8376960	10.1016/0042-6822(90)90427-s; 10.1099/0022-1317-74-9-1811
P23998	reviewed	PG204_VACCD	Soluble interferon alpha/beta receptor OPG204 (S antigen)	OPG204 B19R	Vaccinia virus (strain Dairen I) (VACV)	351	SIGNAL 1..19; /evidence="ECO:0000255"	Homo sapiens (Human) [TaxID: 9606]	2196742	10.1016/0042-6822(90)90524-u
P24083	reviewed	PG190_VACCL	Protein OPG190 (Plaque-size/host range protein)	OPG190 PS/HR B5R	Vaccinia virus (strain Lister) (VACV)	317	SIGNAL 1..17; /evidence="ECO:0000255"	Homo sapiens (Human) [TaxID: 9606]	1994573	10.1016/0042-6822(91)90480-y
P24084	reviewed	PG190_VACC0	Protein OPG190 (Plaque-size/host range protein)	OPG190 PS/HR B5R	Vaccinia virus (strain LC16m0) (VACV)	317	SIGNAL 1..17; /evidence="ECO:0000255"	Homo sapiens (Human) [TaxID: 9606]	1994573	10.1016/0042-6822(91)90480-y
P24358	reviewed	PG049_VACCW	Protein OPG049 (36 kDa major membrane protein F5)	OPG049 VACWR044 F5L	Vaccinia virus (strain Western Reserve) (VACV) (Vaccinia virus (strain WR))	322	SIGNAL 1..20; /evidence="ECO:0000255"	Bos taurus (Bovine) [TaxID: 9913]	2219701; 24889234; 25903347	10.1016/0042-6822(90)90338-r; 10.1016/j.virol.2014.03.020; 10.1128/jvi.00528-15
P24380	reviewed	GE_EHV1D	Envelope glycoprotein E (gE)	gE	Equine herpesvirus 1 (strain Kentucky D) (EHV-1) (Equine abortion virus)	552	SIGNAL 1..23; /evidence="ECO:0000255"	Equus caballus (Horse) [TaxID: 9796]	2177089	10.1099/0022-1317-71-12-2969
P24430	reviewed	GH_EHV4	Envelope glycoprotein H (gH)	gH	Equine herpesvirus 4 (strain 1942) (EHV-4) (Equine rhinopneumonitis virus)	855	SIGNAL 1..19; /evidence="ECO:0000255|HAMAP-Rule:MF_04033"	Equus caballus (Horse) [TaxID: 9796]	2167933	10.1099/0022-1317-71-8-1793
P24872	reviewed	GD_EHV1A	Envelope glycoprotein D (gD) (Glycoprotein 17/18)	gD GP17/18	Equine herpesvirus 1 (strain AB1) (EHV-1) (Equine abortion virus)	402	SIGNAL 1..30; /evidence="ECO:0000255"	Equus caballus (Horse) [TaxID: 9796]	1316942; 1647359	10.1099/0022-1317-73-5-1227; 10.1016/0378-1119(91)90412-5
P25129	reviewed	G3P_BPPF1	Attachment protein G3P (Gene 3 protein) (G3P) (Minor coat protein) (pIII)	III	Pseudomonas phage Pf1 (Bacteriophage Pf1)	437	SIGNAL 1..31; /evidence="ECO:0000255"	Pseudomonas aeruginosa [TaxID: 287]	2010913; 16298408	10.1016/0022-2836(91)90717-k; 10.1016/j.virol.2005.10.020
P25175	reviewed	VP7_ROTB4	Outer capsid glycoprotein VP7		Rotavirus A (strain RVA/Cow/United States/B641/XXXX/G6P7[5]) (RV-A)	326	SIGNAL 1..50; /evidence="ECO:0000255|HAMAP-Rule:MF_04131"	Bos taurus (Bovine) [TaxID: 9913]	1654450	10.1128/jvi.65.10.5535-5538.1991
P25176	reviewed	VP7_ROTEL	Outer capsid glycoprotein VP7		Rotavirus A (isolate RVA/Equine/United Kingdom/L338/1988/G13P12[18]) (RV-A)	326	SIGNAL 1..50; /evidence="ECO:0000255|HAMAP-Rule:MF_04131"	Equus caballus (Horse) [TaxID: 9796]	1851806	10.1099/0022-1317-72-5-1059
P25181	reviewed	FUS_SV41	Fusion glycoprotein F0 [Cleaved into: Fusion glycoprotein F2; Fusion glycoprotein F1]	F	Simian virus 41 (SV41)	561	SIGNAL 1..26; /evidence="ECO:0000255"	Simiiformes [TaxID: 314293]	2173260; 1651608	10.1016/0042-6822(90)90141-d; 10.1016/0042-6822(91)90825-v
P25187	reviewed	VP7_ROTH4	Outer capsid glycoprotein VP7		Rotavirus A (strain RVA/Human/Australia/RV-4/1977/G1P1A[8]) (RV-A) (Rotavirus A (strain RV4))	326	SIGNAL 1..50; /evidence="ECO:0000255|HAMAP-Rule:MF_04131"	Homo sapiens (Human) [TaxID: 9606]	1656083	10.1128/jvi.65.11.5968-5974.1991
P25212	reviewed	IL1BP_VACCW	Interleukin-1-binding protein (Protein B15)	OPG201 VACWR197 B15R	Vaccinia virus (strain Western Reserve) (VACV) (Vaccinia virus (strain WR))	326	SIGNAL 1..18; /evidence="ECO:0000255"	Bos taurus (Bovine) [TaxID: 9913]	2045793; 1826022; 1339315	10.1099/0022-1317-72-6-1349; 10.1099/0022-1317-72-3-511; 10.1016/0092-8674(92)90273-f
P25467	reviewed	FUS_PI2H	Fusion glycoprotein F0 [Cleaved into: Fusion glycoprotein F2; Fusion glycoprotein F1]	F	Human parainfluenza 2 virus (HPIV-2)	551	SIGNAL 1..23; /evidence="ECO:0000255"	Homo sapiens (Human) [TaxID: 9606]	2173268	10.1016/0042-6822(90)90168-q
P26628	reviewed	FUS_NDVT	Fusion glycoprotein F0 [Cleaved into: Fusion glycoprotein F2; Fusion glycoprotein F1]	F	Newcastle disease virus (strain Texas) (NDV)	553	SIGNAL 1..31; /evidence="ECO:0000255"	Gallus gallus (Chicken) [TaxID: 9031]	2157037	10.1128/jvi.64.4.1441-1450.1990
P26629	reviewed	FUS_PI2HT	Fusion glycoprotein F0 [Cleaved into: Fusion glycoprotein F2; Fusion glycoprotein F1]	F	Human parainfluenza 2 virus (strain Toshiba) (HPIV-2)	551	SIGNAL 1..23; /evidence="ECO:0000255"	Homo sapiens (Human) [TaxID: 9606]	2167555	10.1016/0042-6822(90)90406-h
P26671	reviewed	PG172_VACCW	Protein A43	OPG172 VACWR168 A43R	Vaccinia virus (strain Western Reserve) (VACV) (Vaccinia virus (strain WR))	194	SIGNAL 1..22; /evidence="ECO:0000255"	Bos taurus (Bovine) [TaxID: 9913]	1870190; 2045793; 19900687	10.1128/jvi.65.9.4598-4608.1991; 10.1099/0022-1317-72-6-1349; 10.1016/j.virol.2009.10.025
P27286	reviewed	FUS_PI2HG	Fusion glycoprotein F0 [Cleaved into: Fusion glycoprotein F2; Fusion glycoprotein F1]	F	Human parainfluenza 2 virus (strain Greer) (HPIV-2)	551	SIGNAL 1..23; /evidence="ECO:0000255"	Homo sapiens (Human) [TaxID: 9606]	1846648	10.1099/0022-1317-72-1-89
P27416	reviewed	GH_SUHVK	Envelope glycoprotein H (gH)	gH	Suid herpesvirus 1 (strain Kaplan) (SuHV-1) (Pseudorabies virus (strain Kaplan))	686	SIGNAL 1..24; /evidence="ECO:0000255|HAMAP-Rule:MF_04033"	Sus scrofa (Pig) [TaxID: 9823]	1850925	10.1016/0042-6822(91)90614-h
P27423	reviewed	VP7_ROTPK	Outer capsid glycoprotein VP7		Rotavirus A (strain RVA/Pig/Russia/K/1987) (RV-A)	326	SIGNAL 1..50; /evidence="ECO:0000255|HAMAP-Rule:MF_04131"	Sus scrofa (Pig) [TaxID: 9823]	1335631	10.1007/bf01703088
P27593	reviewed	GH_SUHVR	Envelope glycoprotein H (gH)	gH	Suid herpesvirus 1 (strain Rice) (SuHV-1) (Pseudorabies virus (strain Rice))	686	SIGNAL 1..24; /evidence="ECO:0000255|HAMAP-Rule:MF_04033"	Sus scrofa (Pig) [TaxID: 9823]		
P27599	reviewed	GH_BHV1C	Envelope glycoprotein H (gH)	gH UL22	Bovine herpesvirus 1.1 (strain Cooper) (BoHV-1) (Infectious bovine rhinotracheitis virus)	842	SIGNAL 1..20; /evidence="ECO:0000255|HAMAP-Rule:MF_04033"	Bos taurus (Bovine) [TaxID: 9913]	1657187	10.1016/0167-4781(91)90116-4
P27662	reviewed	GLYCO_VHSV0	Spike glycoprotein	G	Viral hemorrhagic septicemia virus (strain 07-71) (VHSV)	507	SIGNAL 1..20; /evidence="ECO:0000255"	Coregonus lavaretus (Common whitefish) (Salmo lavaretus) [TaxID: 59291]; Esox lucius (Northern pike) [TaxID: 8010]; Oncorhynchus kisutch (Coho salmon) (Salmo kisutch) [TaxID: 8019]; Oncorhynchus mykiss (Rainbow trout) (Salmo gairdneri) [TaxID: 8022]; Oncorhynchus tshawytscha (Chinook salmon) (Salmo tshawytscha) [TaxID: 74940]; Salmo trutta (Brown trout) [TaxID: 8032]; Salvelinus namaycush (Lake trout) (Salmo namaycush) [TaxID: 8040]; Thymallus thymallus (Grayling) (Salmo thymallus) [TaxID: 36185]	1954257	10.1016/0167-4781(91)90200-6
P28278	reviewed	GL_HHV2H	Envelope glycoprotein L (gL)	gL UL1	Human herpesvirus 2 (strain HG52) (HHV-2) (Human herpes simplex virus 2)	224	SIGNAL 1..16; /evidence="ECO:0000255|HAMAP-Rule:MF_04034"	Homo sapiens (Human) [TaxID: 9606]	1662697; 9499055	10.1099/0022-1317-72-12-3057; 10.1128/jvi.72.3.2010-2021.1998
P28886	reviewed	FUS_PHODV	Fusion glycoprotein F0 [Cleaved into: Fusion glycoprotein F2; Fusion glycoprotein F1]	F	Phocine distemper virus (PDV)	537	SIGNAL 1..10; /evidence="ECO:0000255"	Phocidae (true seals) [TaxID: 9709]	1765768; 1524494; 2264246	10.1099/0022-1317-72-12-2959; 10.1007/bf01309692
P28967	reviewed	GG_EHV1B	Envelope glycoprotein G (gG)	gG 70	Equine herpesvirus 1 (strain Ab4p) (EHV-1) (Equine abortion virus)	411	SIGNAL 1..19; /evidence="ECO:0000255"	Equus caballus (Horse) [TaxID: 9796]	1318606; 17785855	10.1016/0042-6822(92)90706-u; 10.4049/jimmunol.179.6.4161
P28968	reviewed	GP2_EHV1B	Glycoprotein gp2 (Glycoprotein X) (GpX)	EUs4 71	Equine herpesvirus 1 (strain Ab4p) (EHV-1) (Equine abortion virus)	797	SIGNAL 1..25; /evidence="ECO:0000255"	Equus caballus (Horse) [TaxID: 9796]	1318606; 15795295	10.1016/0042-6822(92)90706-u; 10.1128/jvi.79.8.5105-5115.2005
P28980	reviewed	GN_EHV1B	Envelope glycoprotein N	gN 10	Equine herpesvirus 1 (strain Ab4p) (EHV-1) (Equine abortion virus)	100	SIGNAL 1..27; /evidence="ECO:0000255|HAMAP-Rule:MF_04037"	Equus caballus (Horse) [TaxID: 9796]	1318606; 11861861	10.1016/0042-6822(92)90706-u; 10.1128/jvi.76.6.2952-2963.2002
P28994	reviewed	GP4_EAVBU	Glycoprotein 4 (Protein GP4)	GP4 4	Equine arteritis virus (strain Bucyrus) (EAV)	152	SIGNAL 1..21; /evidence="ECO:0000255"	Equidae (horses) [TaxID: 9788]	1851863; 12368326; 12743278; 18570963	10.1128/jvi.65.6.2910-2920.1991; 10.1128/jvi.76.21.10829-10840.2002; 10.1128/jvi.77.11.6216-6226.2003; 10.1016/j.virol.2008.04.041
P29821	reviewed	VP7_ROTCC	Outer capsid glycoprotein VP7		Rotavirus A (strain RVA/Chicken/Ireland/Ch2/1979/G7P[X]) (RV-A) (Rotavirus A (strain Ch-2))	329	SIGNAL 1..53; /evidence="ECO:0000255|HAMAP-Rule:MF_04131"	Gallus gallus (Chicken) [TaxID: 9031]	1660203	10.1016/0042-6822(91)90558-s
P30027	reviewed	HBEAG_HPBDC	External core antigen (HBeAg) (Precore protein)	C	Duck hepatitis B virus (strain China) (DHBV)	305	SIGNAL 1..19; /evidence="ECO:0000255"	Anas (ducks) [TaxID: 8835]	2235506	10.1093/nar/18.20.6139
P30210	reviewed	VP7_ROTBT	Outer capsid glycoprotein VP7		Rotavirus A (isolate RVA/Cow/Argentina/T449/1992/G1P[X]) (RV-A)	326	SIGNAL 1..50; /evidence="ECO:0000255|HAMAP-Rule:MF_04131"	Bos taurus (Bovine) [TaxID: 9913]	1322609	10.1016/0042-6822(92)90617-x
P30673	reviewed	GH_MUHVS	Envelope glycoprotein H (gH)	gH UL75	Murid herpesvirus 1 (strain Smith) (MuHV-1) (Mouse cytomegalovirus)	725	SIGNAL 1..19; /evidence="ECO:0000255|HAMAP-Rule:MF_04033"	Mus musculus (Mouse) [TaxID: 10090]	8113726; 1321219; 8971012	10.1099/0022-1317-75-1-183; 10.1099/0022-1317-73-7-1849; 10.1128/jvi.70.12.8833-8849.1996
P30816	reviewed	GE_CHV1E	Envelope glycoprotein E (gE)	gE US8	Cercopithecine herpesvirus 1 (strain E2490) (CeHV-1) (Simian herpes B virus)	539	SIGNAL 1..24; /evidence="ECO:0000255"	Macaca fascicularis (Crab-eating macaque) (Cynomolgus monkey) [TaxID: 9541]; Macaca mulatta (Rhesus macaque) [TaxID: 9544]; Macaca nemestrina (Pig-tailed macaque) [TaxID: 9545]	11773425; 12743273; 1309859	10.1128/jvi.76.3.1516-1520.2002; 10.1128/jvi.77.11.6167-6177.2003; 10.1099/0022-1317-73-1-195
P31626	reviewed	ENV_CAEVC	Envelope glycoprotein (Env polyprotein) [Cleaved into: Surface protein (Glycoprotein 135) (gp135); Transmembrane protein (Glycoprotein 38) (gp38)]	env	Caprine arthritis encephalitis virus (strain Cork) (CAEV-Co)	966	SIGNAL 1..83; /evidence="ECO:0000250"	Capra hircus (Goat) [TaxID: 9925]	1656067; 2171210	10.1128/jvi.65.11.5744-5750.1991; 10.1016/0042-6822(90)90303-9
P31632	reviewed	VP7_ROTBJ	Outer capsid glycoprotein VP7		Rotavirus A (isolate RVA/Cow/Japan/KN-4/1983/G6P8[11]) (RV-A)	326	SIGNAL 1..50; /evidence="ECO:0000255|HAMAP-Rule:MF_04131"	Bos taurus (Bovine) [TaxID: 9913]	8381812	10.1128/jcm.31.2.354-358.1993
P32515	reviewed	GP2_EHV1K	Glycoprotein gp2 (Glycoprotein X) (GpX)	US4 71	Equine herpesvirus 1 (strain Kentucky A) (EHV-1) (Equine abortion virus)	383	SIGNAL 1..25; /evidence="ECO:0000255"	Equus caballus (Horse) [TaxID: 9796]	1316673	10.1016/0042-6822(92)90509-n
P32545	reviewed	VP7_ROTP2	Outer capsid glycoprotein VP7		Rotavirus A (isolate RVA/Pig/Australia/AT/1976/G3P9[7]) (RV-A) (Rotavirus A (isolate AT/76))	326	SIGNAL 1..50; /evidence="ECO:0000255|HAMAP-Rule:MF_04131"	Sus scrofa (Pig) [TaxID: 9823]	2558633	10.1007/bf01311079
P32546	reviewed	VP7_ROTP3	Outer capsid glycoprotein VP7		Rotavirus A (isolate RVA/Pig/Australia/CRW-8/1987/G3P9[7]) (RV-A)	326	SIGNAL 1..50; /evidence="ECO:0000255|HAMAP-Rule:MF_04131"	Sus scrofa (Pig) [TaxID: 9823]	2558633	10.1007/bf01311079
P32547	reviewed	VP7_ROTP6	Outer capsid glycoprotein VP7		Rotavirus A (isolate RVA/Pig/Australia/TFR-41/1987/G5P9[7]) (RV-A)	326	SIGNAL 1..50; /evidence="ECO:0000255|HAMAP-Rule:MF_04131"	Sus scrofa (Pig) [TaxID: 9823]	2558633	10.1007/bf01311079
P32548	reviewed	VP7_ROTPB	Outer capsid glycoprotein VP7		Rotavirus A (isolate RVA/Pig/Australia/BEN144/1989/G4P2B[6]) (RV-A)	326	SIGNAL 1..50; /evidence="ECO:0000255|HAMAP-Rule:MF_04131"	Sus scrofa (Pig) [TaxID: 9823]	2558633	10.1007/bf01311079
P32549	reviewed	VP7_ROTPM	Outer capsid glycoprotein VP7		Rotavirus A (isolate RVA/Pig/Australia/BMI-1/1989/G4P9[7]) (RV-A)	326	SIGNAL 1..50; /evidence="ECO:0000255|HAMAP-Rule:MF_04131"	Sus scrofa (Pig) [TaxID: 9823]	2558633	10.1007/bf01311079
P32550	reviewed	GLYCO_RABVT	Glycoprotein	G	Rabies virus (isolate Human/Algeria/1991) (RABV)	524	SIGNAL 1..19	Homo sapiens (Human) [TaxID: 9606]; Mammalia [TaxID: 40674]	1736537	10.1016/0042-6822(92)90292-w
P33481	reviewed	FUS_MUMPS	Fusion glycoprotein F0 [Cleaved into: Fusion glycoprotein F2; Fusion glycoprotein F1]	F	Mumps virus (strain SBL) (MuV)	538	SIGNAL 1..19; /evidence="ECO:0000250|UniProtKB:P09458"	Homo sapiens (Human) [TaxID: 9606]	2718625; 35746805	10.1016/0168-1702(89)90054-3; 10.3390/v14061335
P33492	reviewed	VP7_ROTH9	Outer capsid glycoprotein VP7		Rotavirus A (isolate RVA/Human/-/RK9/XXXX/GXP[X]) (RV-A)	326	SIGNAL 1..50; /evidence="ECO:0000255|HAMAP-Rule:MF_04131"	Homo sapiens (Human) [TaxID: 9606]	1965285	
P33500	reviewed	GC_GAHVR	Envelope glycoprotein C homolog (A antigen) (Glycoprotein A) (GA) (Secretory glycoprotein GP57-65)	gC GA	Gallid herpesvirus 2 (strain RB-1b) (GaHV-2) (Marek's disease herpesvirus type 1)	501	SIGNAL 1..27; /evidence="ECO:0000255"	Gallus gallus (Chicken) [TaxID: 9031]	2543160	10.1016/0168-1702(89)90094-4
P33612	reviewed	FUS_NDVH3	Fusion glycoprotein F0 [Cleaved into: Fusion glycoprotein F2; Fusion glycoprotein F1]	F	Newcastle disease virus (strain Her/33) (NDV)	553	SIGNAL 1..31; /evidence="ECO:0000255"	Gallus gallus (Chicken) [TaxID: 9031]	2705298	10.1016/0042-6822(89)90152-9
P33613	reviewed	FUS_NDVH4	Fusion glycoprotein F0 [Cleaved into: Fusion glycoprotein F2; Fusion glycoprotein F1]	F	Newcastle disease virus (strain B1-Hitchner/47) (NDV)	553	SIGNAL 1..31; /evidence="ECO:0000255"	Gallus gallus (Chicken) [TaxID: 9031]	2705298	10.1016/0042-6822(89)90152-9
P33614	reviewed	FUS_NDVL	Fusion glycoprotein F0 [Cleaved into: Fusion glycoprotein F2; Fusion glycoprotein F1]	F	Newcastle disease virus (strain Chicken/United States/LaSota/46) (NDV)	553	SIGNAL 1..31; /evidence="ECO:0000255"	Gallus gallus (Chicken) [TaxID: 9031]	2705298	10.1016/0042-6822(89)90152-9
P33615	reviewed	FUS_NDVQ	Fusion glycoprotein F0 [Cleaved into: Fusion glycoprotein F2; Fusion glycoprotein F1]	F	Newcastle disease virus (strain Queensland/66) (NDV)	553	SIGNAL 1..31; /evidence="ECO:0000255"	Gallus gallus (Chicken) [TaxID: 9031]	2705298	10.1016/0042-6822(89)90152-9
P33807	reviewed	HEMA_VAR67	Protein OPG185 (Hemagglutinin)	OPG185 HA A56R J9R	Variola virus (isolate Human/India/Ind3/1967) (VARV) (Smallpox virus)	313	SIGNAL 1..16; /evidence="ECO:0000255"	Homo sapiens (Human) [TaxID: 9606]	1666548; 8384129	10.1016/0014-5793(93)80041-r
P33835	reviewed	PG135_VAR67	Virion membrane protein OPG135	OPG135 A9L	Variola virus (isolate Human/India/Ind3/1967) (VARV) (Smallpox virus)	95	SIGNAL 1..22; /evidence="ECO:0000255"	Homo sapiens (Human) [TaxID: 9606]	1666548; 8384129	10.1016/0014-5793(93)80041-r
P35771	reviewed	E3GL_ADE1A	Early E3 18.5 kDa glycoprotein (E3-19K) (E3gp 19 kDa) (E19) (GP19K)		Human adenovirus B serotype 11 (strain BC34) (HAdV-11) (Human adenovirus 11A (strain BC34))	166	SIGNAL 1..19; /evidence="ECO:0000255"	Homo sapiens (Human) [TaxID: 9606]	1413499	10.1016/0042-6822(92)90173-m
P36318	reviewed	GD_HHV1A	Envelope glycoprotein D (gD)	gD US6	Human herpesvirus 1 (strain Angelotti) (HHV-1) (Human herpes simplex virus 1)	394	SIGNAL 1..25; /evidence="ECO:0000255"	Homo sapiens (Human) [TaxID: 9606]	2165127	10.1084/jem.172.2.487
P36336	reviewed	GH_GAHVR	Envelope glycoprotein H (gH)	gH	Gallid herpesvirus 2 (strain RB-1b) (GaHV-2) (Marek's disease herpesvirus type 1)	813	SIGNAL 1..18; /evidence="ECO:0000255|HAMAP-Rule:MF_04033"	Gallus gallus (Chicken) [TaxID: 9031]	8389802	10.1099/0022-1317-74-6-1185
P36337	reviewed	GH_MEHV1	Envelope glycoprotein H (gH)	gH	Meleagrid herpesvirus 1 (MeHV-1) (Turkey herpesvirus)	808	SIGNAL 1..17; /evidence="ECO:0000255"	Gallus gallus (Chicken) [TaxID: 9031]; Meleagris gallopavo (Wild turkey) [TaxID: 9103]	8389802	10.1099/0022-1317-74-6-1185
P36342	reviewed	GD_CHV1	Envelope glycoprotein D (gD)	gD	Cercopithecine herpesvirus 1 (CeHV-1) (Simian herpes B virus)	395	SIGNAL 1..17; /evidence="ECO:0000255"	Homo sapiens (Human) [TaxID: 9606]; Macaca fascicularis (Crab-eating macaque) (Cynomolgus monkey) [TaxID: 9541]; Macaca leonina (Northern pig-tailed macaque) (Macaca nemestrina leonina) [TaxID: 90387]; Macaca mulatta (Rhesus macaque) [TaxID: 9544]; Macaca nemestrina (Pig-tailed macaque) [TaxID: 9545]	1331298	10.1099/0022-1317-73-11-2963
P36344	reviewed	VGLJ_CHV1	Envelope glycoprotein J	gJ	Cercopithecine herpesvirus 1 (CeHV-1) (Simian herpes B virus)	117	SIGNAL 1..26; /evidence="ECO:0000255"	Homo sapiens (Human) [TaxID: 9606]; Macaca fascicularis (Crab-eating macaque) (Cynomolgus monkey) [TaxID: 9541]; Macaca leonina (Northern pig-tailed macaque) (Macaca nemestrina leonina) [TaxID: 90387]; Macaca mulatta (Rhesus macaque) [TaxID: 9544]; Macaca nemestrina (Pig-tailed macaque) [TaxID: 9545]	1331298	10.1099/0022-1317-73-11-2963
P36357	reviewed	VP7_ROTA1	Outer capsid glycoprotein VP7		Rotavirus A (strain RVA/Turkey/Ireland/Ty-1/1978/G7P[17]) (RV-A)	329	SIGNAL 1..53; /evidence="ECO:0000255|HAMAP-Rule:MF_04131"	Aves [TaxID: 8782]	8385915	10.1007/bf01316897
P39230	reviewed	SPAC_BPT4	Protein spackle	sp 61.3	Enterobacteria phage T4 (Bacteriophage T4)	97	SIGNAL 1..22; /evidence="ECO:0000255|HAMAP-Rule:MF_04159"	Escherichia coli [TaxID: 562]	8383243; 12626685; 10417260; 4589853; 32876065; 33214665; 32987925	10.1128/jvi.67.4.2305-2316.1993; 10.1128/mmbr.67.1.86-156.2003; 10.1006/viro.1999.9829; 10.1128/jvi.13.2.312-321.1974; 10.1107/s2059798320010979; 10.1038/s42003-020-01412-3; 10.3390/v12101070
P41356	reviewed	FUS_RINDR	Fusion glycoprotein F0 [Cleaved into: Fusion glycoprotein F2; Fusion glycoprotein F1]	F	Rinderpest virus (strain RBOK) (RDV)	546	SIGNAL 1..19; /evidence="ECO:0000255"	Bos indicus (Zebu) [TaxID: 9915]; Bos taurus (Bovine) [TaxID: 9913]; Bubalus bubalis (Domestic water buffalo) [TaxID: 89462]; Capra hircus (Goat) [TaxID: 9925]; Gazella (gazelles) [TaxID: 9933]; Giraffa camelopardalis (Giraffe) [TaxID: 9894]; Hippopotamus [TaxID: 9832]; Ovis aries (Sheep) [TaxID: 9940]; Suidae (pigs) [TaxID: 9821]	7996154	10.1099/0022-1317-75-12-3611
P41360	reviewed	FUS_RINDB	Fusion glycoprotein F0 [Cleaved into: Fusion glycoprotein F2; Fusion glycoprotein F1]	F	Rinderpest virus (strain RBT1) (RDV)	546	SIGNAL 1..19; /evidence="ECO:0000255"	Bos indicus (Zebu) [TaxID: 9915]; Bos taurus (Bovine) [TaxID: 9913]; Bubalus bubalis (Domestic water buffalo) [TaxID: 89462]; Capra hircus (Goat) [TaxID: 9925]; Gazella (gazelles) [TaxID: 9933]; Giraffa camelopardalis (Giraffe) [TaxID: 9894]; Hippopotamus [TaxID: 9832]; Ovis aries (Sheep) [TaxID: 9940]; Suidae (pigs) [TaxID: 9821]	7996154	10.1099/0022-1317-75-12-3611
P41715	reviewed	CATV_NPVCF	Viral cathepsin (V-cath) (EC 3.4.22.50) (Cysteine proteinase) (CP)	Vcath Ac127 Op125	Choristoneura fumiferana nuclear polyhedrosis virus (CfMNPV)	324	SIGNAL 1..16; /evidence="ECO:0000255"	Choristoneura fumiferana (Spruce budworm moth) (Archips fumiferana) [TaxID: 7141]	8547313; 15784887	10.1016/0167-4781(95)00195-6; 10.1099/vir.0.80490-0
P41717	reviewed	FUS_NPVCF	Major envelope glycoprotein (gp67)	GP67 P67	Choristoneura fumiferana nuclear polyhedrosis virus (CfMNPV)	509	SIGNAL 1..17; /evidence="ECO:0000255"	Choristoneura fumiferana (Spruce budworm moth) (Archips fumiferana) [TaxID: 7141]	8021612	10.1099/0022-1317-75-7-1811
P41721	reviewed	CATV_NPVBM	Viral cathepsin (V-cath) (EC 3.4.22.50) (Cysteine proteinase) (CP)	VCATH	Bombyx mori nuclear polyhedrosis virus (BmNPV)	323	SIGNAL 1..16; /evidence="ECO:0000255"	Bombyx mori (Silk moth) [TaxID: 7091]	8083997; 10355780; 9339553	10.1128/jvi.68.10.6619-6625.1994; 10.1099/0022-1317-80-5-1323; 10.1271/bbb.61.1507
P52353	reviewed	GH_HHV7J	Envelope glycoprotein H (gH)	gH U48	Human herpesvirus 7 (strain JI) (HHV-7) (Human T lymphotropic virus)	690	SIGNAL 1..16; /evidence="ECO:0000255"	Homo sapiens (Human) [TaxID: 9606]	8709220; 16476971	10.1128/jvi.70.9.5975-5989.1996; 10.1099/vir.0.81374-0
P52366	reviewed	GN_HHV7J	Envelope glycoprotein N	gN U46	Human herpesvirus 7 (strain JI) (HHV-7) (Human T lymphotropic virus)	86	SIGNAL 1..29; /evidence="ECO:0000255|HAMAP-Rule:MF_04037"	Homo sapiens (Human) [TaxID: 9606]	8709220	10.1128/jvi.70.9.5975-5989.1996
P52508	reviewed	GL_HHV6U	Envelope glycoprotein L (gL)	gL EDLF3 U82	Human herpesvirus 6A (strain Uganda-1102) (HHV-6 variant A) (Human B lymphotropic virus)	250	SIGNAL 1..18; /evidence="ECO:0000255|HAMAP-Rule:MF_04036"	Homo sapiens (Human) [TaxID: 9606]	7941342; 7747482; 8397282	10.1006/viro.1994.1589; 10.1006/viro.1995.1228; 10.1099/0022-1317-74-9-1847
P52509	reviewed	GL_HHV7J	Envelope glycoprotein L (gL)	gL U82	Human herpesvirus 7 (strain JI) (HHV-7) (Human T lymphotropic virus)	246	SIGNAL 1..19; /evidence="ECO:0000255|HAMAP-Rule:MF_04036"	Homo sapiens (Human) [TaxID: 9606]	8709220	10.1128/jvi.70.9.5975-5989.1996
P52510	reviewed	GL_GAHVG	Envelope glycoprotein L (gL)	gL	Gallid herpesvirus 2 (strain GA) (GaHV-2) (Marek's disease herpesvirus type 1)	195	SIGNAL 1..25; /evidence="ECO:0000255|HAMAP-Rule:MF_04034"	Gallus gallus (Chicken) [TaxID: 9031]	8091671	10.1006/viro.1994.1546
P52511	reviewed	GL_SUHVF	Envelope glycoprotein L (gL)	gL UL1	Suid herpesvirus 1 (strain Indiana-Funkhauser / Becker) (SuHV-1) (Pseudorabies virus (strain Indiana-Funkhauser / Becker))	156	SIGNAL 1..16; /evidence="ECO:0000255|HAMAP-Rule:MF_04034"	Sus scrofa (Pig) [TaxID: 9823]	8189524; 8396663	10.1128/jvi.68.6.3868-3878.1994; 10.1128/jvi.67.10.5955-5961.1993
P52512	reviewed	GL_SUHVK	Envelope glycoprotein L (gL)	gL UL1	Suid herpesvirus 1 (strain Kaplan) (SuHV-1) (Pseudorabies virus (strain Kaplan))	156	SIGNAL 1..16; /evidence="ECO:0000255|HAMAP-Rule:MF_04034"	Sus scrofa (Pig) [TaxID: 9823]	8189524	10.1128/jvi.68.6.3868-3878.1994
P52513	reviewed	GL_MUHVK	Envelope glycoprotein L (gL)	gL UL115	Murid herpesvirus 1 (strain K181) (MuHV-1) (Mouse cytomegalovirus)	274	SIGNAL 1..21; /evidence="ECO:0000255|HAMAP-Rule:MF_04036"	Mus musculus (Mouse) [TaxID: 10090]	7964634	10.1099/0022-1317-75-11-3235
P52514	reviewed	GL_MUHVS	Envelope glycoprotein L (gL)	gL UL115	Murid herpesvirus 1 (strain Smith) (MuHV-1) (Mouse cytomegalovirus)	274	SIGNAL 1..21; /evidence="ECO:0000255|HAMAP-Rule:MF_04036"	Mus musculus (Mouse) [TaxID: 10090]	7964634; 8971012	10.1099/0022-1317-75-11-3235; 10.1128/jvi.70.12.8833-8849.1996
P52526	reviewed	GL_HHV6Z	Envelope glycoprotein L (gL)	gL CB10L U82	Human herpesvirus 6B (strain Z29) (HHV-6 variant B) (Human B lymphotropic virus)	250	SIGNAL 1..18; /evidence="ECO:0000255|HAMAP-Rule:MF_04036"	Homo sapiens (Human) [TaxID: 9606]	8634027; 10482553; 15078943	10.1007/bf01718406; 10.1128/jvi.73.10.8040-8052.1999; 10.1128/jvi.78.9.4609-4616.2004
P52543	reviewed	GH_HHV6Z	Envelope glycoprotein H (gH)	gH KA9L U48	Human herpesvirus 6B (strain Z29) (HHV-6 variant B) (Human B lymphotropic virus)	694	SIGNAL 1..16; /evidence="ECO:0000255|HAMAP-Rule:MF_04033"	Homo sapiens (Human) [TaxID: 9606]	7983761; 10482553	10.1128/jvi.69.1.589-596.1995; 10.1128/jvi.73.10.8040-8052.1999
P52547	reviewed	GN_HHV6Z	Envelope glycoprotein N	gN KA7R U46	Human herpesvirus 6B (strain Z29) (HHV-6 variant B) (Human B lymphotropic virus)	84	SIGNAL 1..26; /evidence="ECO:0000255|HAMAP-Rule:MF_04037"	Homo sapiens (Human) [TaxID: 9606]	7983761; 10482553	10.1128/jvi.69.1.589-596.1995; 10.1128/jvi.73.10.8040-8052.1999
P52549	reviewed	GO_HHV6Z	130 kDa Glycoprotein O (gO-130K) (Glycoprotein U47) [Cleaved into: 80 kDa Glycoprotein O (gO-80K)]	U47 KA8L	Human herpesvirus 6B (strain Z29) (HHV-6 variant B) (Human B lymphotropic virus)	738	SIGNAL 1..23; /evidence="ECO:0000255"	Homo sapiens (Human) [TaxID: 9606]	7983761; 10482553; 15078943	10.1128/jvi.69.1.589-596.1995; 10.1128/jvi.73.10.8040-8052.1999; 10.1128/jvi.78.9.4609-4616.2004
P52584	reviewed	VEGFH_ORFN2	Vascular endothelial growth factor homolog	A2R	Orf virus (strain NZ2) (OV NZ-2)	133	SIGNAL 1..20; /evidence="ECO:0000255"	Capra hircus (Goat) [TaxID: 9925]; Homo sapiens (Human) [TaxID: 9606]; Ovis aries (Sheep) [TaxID: 9940]	8254780	10.1128/jvi.68.1.84-92.1994
P52585	reviewed	VEGFH_ORFN7	Vascular endothelial growth factor homolog	A2R	Orf virus (strain NZ7) (OV NZ-7)	148	SIGNAL 1..25; /evidence="ECO:0000255"	Capra hircus (Goat) [TaxID: 9925]; Homo sapiens (Human) [TaxID: 9606]; Ovis aries (Sheep) [TaxID: 9940]	8254780	10.1128/jvi.68.1.84-92.1994
P60503	reviewed	US02_HCMVT	Unique short US2 glycoprotein (HQLF2) (gpUS2)	US2	Human cytomegalovirus (strain Towne) (HHV-5) (Human herpesvirus 5)	199	SIGNAL 1..?; /note="Not cleaved"; /evidence="ECO:0000250"	Homo sapiens (Human) [TaxID: 9606]	12535225	10.1034/j.1399-3089.2003.01116.x
P60528	reviewed	US06_HCMVT	Unique short US6 glycoprotein (HXLF6) (gpUS6)	US6	Human cytomegalovirus (strain Towne) (HHV-5) (Human herpesvirus 5)	183	SIGNAL 1..19; /evidence="ECO:0000255"	Homo sapiens (Human) [TaxID: 9606]	12535225	10.1034/j.1399-3089.2003.01116.x
P68323	reviewed	GH_HHV6G	Envelope glycoprotein H (gH)	gH LF2 U48	Human herpesvirus 6A (strain GS) (HHV-6 variant A) (Human B lymphotropic virus)	694	SIGNAL 1..16; /evidence="ECO:0000255|HAMAP-Rule:MF_04033"	Homo sapiens (Human) [TaxID: 9606]	1654455	10.1128/jvi.65.10.5597-5604.1991
P68324	reviewed	GH_HHV6U	Envelope glycoprotein H (gH)	gH BHLF1 U48	Human herpesvirus 6A (strain Uganda-1102) (HHV-6 variant A) (Human B lymphotropic virus)	694	SIGNAL 1..16; /evidence="ECO:0000255|HAMAP-Rule:MF_04033"	Homo sapiens (Human) [TaxID: 9606]	1333836; 8385692; 8397282; 7747482	10.3109/10425179209039693; 10.1099/0022-1317-74-4-613; 10.1099/0022-1317-74-9-1847; 10.1006/viro.1995.1228
P68325	reviewed	GC_EHV1D	Envelope glycoprotein C (gC) (Glycoprotein 13)	gC GP13	Equine herpesvirus 1 (strain Kentucky D) (EHV-1) (Equine abortion virus)	468	SIGNAL 1..30; /evidence="ECO:0000255"	Equus caballus (Horse) [TaxID: 9796]	2455821; 2550665; 8384760; 7483825	10.1128/jvi.62.8.2850-2858.1988; 10.1128/jvi.63.10.4189-4198.1989; 10.1006/viro.1993.1200; 10.1016/0168-1702(95)00027-n
P68326	reviewed	GI_EHV1A	Envelope glycoprotein I	gI	Equine herpesvirus 1 (strain AB1) (EHV-1) (Equine abortion virus)	424	SIGNAL 1..22; /evidence="ECO:0000255"	Equus caballus (Horse) [TaxID: 9796]	1647359	10.1016/0378-1119(91)90412-5
P68327	reviewed	GD_EHV1D	Envelope glycoprotein D (gD) (Glycoprotein 17/18)	gD GP17/18	Equine herpesvirus 1 (strain Kentucky D) (EHV-1) (Equine abortion virus)	452	SIGNAL 1..19; /evidence="ECO:0000255"	Equus caballus (Horse) [TaxID: 9796]	2177089	10.1099/0022-1317-71-12-2969
P68328	reviewed	GE_EHV1A	Envelope glycoprotein E (gE)	gE	Equine herpesvirus 1 (strain AB1) (EHV-1) (Equine abortion virus)	550	SIGNAL 1..23; /evidence="ECO:0000255"	Equus caballus (Horse) [TaxID: 9796]	1647359; 1656822	10.1016/0378-1119(91)90412-5
P68329	reviewed	GI_EHV1D	Envelope glycoprotein I (gI)	gI	Equine herpesvirus 1 (strain Kentucky D) (EHV-1) (Equine abortion virus)	424	SIGNAL 1..22; /evidence="ECO:0000255"	Equus caballus (Horse) [TaxID: 9796]	2177089	10.1099/0022-1317-71-12-2969
P68330	reviewed	GH_EHV1	Envelope glycoprotein H (gH)	gH	Equine herpesvirus 1 (strain HVS25A) (EHV-1) (Equine abortion virus)	848	SIGNAL 1..24; /evidence="ECO:0000255|HAMAP-Rule:MF_04033"	Equus caballus (Horse) [TaxID: 9796]	1666854; 2849761	10.3109/10425179109020779; 10.1093/nar/16.23.11303
P68332	reviewed	GK_HHV1M	Envelope glycoprotein K (Syncytial protein)	gK UL53	Human herpesvirus 1 (strain MP) (HHV-1) (Human herpes simplex virus 1)	338	SIGNAL 1..30	Homo sapiens (Human) [TaxID: 9606]	3029967	10.1016/0042-6822(87)90314-x
P68333	reviewed	GK_HHV1R	Envelope glycoprotein K (Syncytial protein)	gK UL53	Human herpesvirus 1 (strain R15) (HHV-1) (Human herpes simplex virus 1)	338	SIGNAL 1..30	Homo sapiens (Human) [TaxID: 9606]	1335675	10.1016/0168-1702(92)90150-8
P68334	reviewed	GK_EHV1K	Envelope glycoprotein K (Syncytial protein)	gK ORF6 UL4	Equine herpesvirus 1 (strain Kentucky A) (EHV-1) (Equine abortion virus)	343	SIGNAL 1..31; /evidence="ECO:0000255"	Equus caballus (Horse) [TaxID: 9796]	1323700	10.1128/jvi.66.9.5363-5372.1992
P68636	reviewed	CRMB_CAMPM	Soluble TNF receptor II (Cytokine response-modifying protein B)	OPG002 CRMB1 CMLV002; CRMB2 CMLV210	Camelpox virus (strain M-96)	349	SIGNAL 1..19; /evidence="ECO:0000255"	Camelus [TaxID: 9836]	12033760	10.1006/viro.2001.1343
P68637	reviewed	CRMB_CAMPS	Soluble TNF receptor II (Cytokine response-modifying protein B)	OPG002 CRMB1 CMP2L; CRMB2 CMP205R	Camelpox virus (strain CMS)	349	SIGNAL 1..19; /evidence="ECO:0000255"	Camelus [TaxID: 9836]	11907336	10.1099/0022-1317-83-4-855
P68802	reviewed	SAK_BPSPC	Staphylokinase (Neutral proteinase) (Protease III) (SakSTAR)	sak	Staphylococcus phage S phi-C (Bacteriophage S phi-C)	163	SIGNAL 1..27	Staphylococcus aureus [TaxID: 1280]	6359061; 9145104; 9783753; 9692953	10.1093/nar/11.22.7679; 10.1038/nsb0597-357; 10.1038/2359; 10.1021/bi980673i
P68979	reviewed	E3GL_ADE06	Early E3 18.5 kDa glycoprotein (E3-19K) (E3gp 19 kDa) (E19) (GP19K)		Human adenovirus C serotype 6 (HAdV-6) (Human adenovirus 6)	159	SIGNAL 1..17; /evidence="ECO:0000250"	Homo sapiens (Human) [TaxID: 9606]		
P68980	reviewed	E3GL_ADE1P	Early E3 18.5 kDa glycoprotein (E3-19K) (E3gp 19 kDa) (E19) (GP19K)		Human adenovirus B serotype 11 (strain Slobiski) (HAdV-11) (Human adenovirus 11P (strain Slobiski))	166	SIGNAL 1..19; /evidence="ECO:0000255"	Homo sapiens (Human) [TaxID: 9606]	1413499; 12867636	10.1016/0042-6822(92)90173-m; 10.1099/vir.0.19178-0
P68981	reviewed	E3GL_ADE35	Early E3 18.5 kDa glycoprotein (E3-19K) (E3gp 19 kDa) (E19) (GP19K)		Human adenovirus B serotype 35 (HAdV-35) (Human adenovirus 35)	166	SIGNAL 1..19; /evidence="ECO:0000255"	Homo sapiens (Human) [TaxID: 9606]	3172347; 8666254	10.1128/jvi.62.11.4431-4437.1988; 10.1016/0378-1119(95)00898-5
P69178	reviewed	STXB_BPH30	Shiga-like toxin 1 subunit B (SLT-1 B subunit) (SLT-1b) (SLT-Ib) (Verocytotoxin 1 subunit B) (Verotoxin 1 subunit B)	stxB	Bacteriophage H30	89	SIGNAL 1..20; /evidence="ECO:0000250"	Escherichia coli [TaxID: 562]	3049254	10.1016/0378-1119(88)90398-8
P69540	reviewed	CAPSD_BPF1	Capsid protein G8P (Coat protein B) (Gene 8 protein) (G8P) (Major coat protein) (pVIII)	VIII	Enterobacteria phage f1 (Bacteriophage f1)	73	SIGNAL 1..23; /evidence="ECO:0000269|PubMed:321454"	Escherichia coli [TaxID: 562]	6282703; 7373712; 6292494; 321454; 37169795	10.1016/0378-1119(81)90059-7; 10.1128/jvi.34.1.40-50.1980; 10.1128/jvi.44.1.32-46.1982; 10.1016/s0021-9258(17)40544-8; 10.1038/s41467-023-37915-w
P69541	reviewed	CAPSD_BPM13	Capsid protein G8P (Coat protein B) (Gene 8 protein) (G8P) (M13 procoat) (Major coat protein) (pVIII)	VIII	Enterobacteria phage M13 (Bacteriophage M13)	73	SIGNAL 1..23	Escherichia coli [TaxID: 562]	6254849; 3317833; 10949305; 12707259; 1606152; 7556198; 9735296; 25587134; 37669979	10.1016/0378-1119(80)90093-1; 10.1126/science.3317833; 10.1038/35020586; 10.1074/jbc.m301008200; 10.1021/bi00138a007; 10.1111/j.1432-1033.1995.490zz.x; 10.1006/jmbi.1998.1860; 10.1073/pnas.1415393112; 10.1038/s41467-023-41151-7
P81780	reviewed	GG_HHV2B	Envelope glycoprotein G (gG) (gG-2)	gG US4	Human herpesvirus 2 (strain B4327UR) (HHV-2) (Human herpes simplex virus 2)	697	SIGNAL 1..22; /evidence="ECO:0000269|PubMed:10559290"	Homo sapiens (Human) [TaxID: 9606]	11101589; 11752712; 10559290	10.1128/jcm.38.12.4517-4522.2000; 10.1099/0022-1317-83-1-157; 10.1128/jvi.73.12.9796-9802.1999
P84449	reviewed	GN_EHV1V	Envelope glycoprotein N	gN 10	Equine herpesvirus 1 (strain V592) (EHV-1) (Equine abortion virus)	100	SIGNAL 1..27; /evidence="ECO:0000255|HAMAP-Rule:MF_04037"	Equus caballus (Horse) [TaxID: 9796]		
P87670	reviewed	VSGP_EBOEC	Pre-small/secreted glycoprotein (pre-sGP) [Cleaved into: Small/secreted glycoprotein (sGP); Delta-peptide]	GP	Zaire ebolavirus (strain Eckron-76) (ZEBOV) (Zaire Ebola virus)	364	SIGNAL 1..32; /evidence="ECO:0000255"	Epomops franqueti (Franquet's epauletted fruit bat) (Epomophorus franqueti) [TaxID: 77231]; Homo sapiens (Human) [TaxID: 9606]; Myonycteris torquata (Little collared fruit bat) [TaxID: 77243]	9185597	10.1006/viro.1997.8529
P87730	reviewed	GH_GPCMV	Envelope glycoprotein H (gH)	gH UL75	Guinea pig cytomegalovirus (strain 22122) (GPCMV)	723	SIGNAL 1..23; /evidence="ECO:0000255|HAMAP-Rule:MF_04033"	Cavia porcellus (Guinea pig) [TaxID: 10141]	9526546; 19014498; 21270288; 23516193	10.1007/bf01718640; 10.1186/1743-422x-5-139; 10.1099/vir.0.027789-0; 10.1128/genomea.00054-13
Q00252	reviewed	VP7_ROTB5	Outer capsid glycoprotein VP7		Rotavirus A (isolate RVA/Cow/Thailand/A5/1988/G8P6[1]) (RV-A)	326	SIGNAL 1..50; /evidence="ECO:0000255|HAMAP-Rule:MF_04131"	Bos taurus (Bovine) [TaxID: 9913]	1662688	10.1099/0022-1317-72-12-2929
Q00253	reviewed	VP7_ROTBA	Outer capsid glycoprotein VP7		Rotavirus A (isolate RVA/Cow/Thailand/A44/1988/G10P8[11]) (RV-A)	326	SIGNAL 1..50; /evidence="ECO:0000255|HAMAP-Rule:MF_04131"	Bos taurus (Bovine) [TaxID: 9913]	1662688	10.1099/0022-1317-72-12-2929
Q00254	reviewed	VP7_ROTBK	Outer capsid glycoprotein VP7		Rotavirus A (isolate RVA/Cow/Japan/KK3/1983/G10P8[11]) (RV-A)	326	SIGNAL 1..50; /evidence="ECO:0000255|HAMAP-Rule:MF_04131"	Bos taurus (Bovine) [TaxID: 9913]	1662688	10.1099/0022-1317-72-12-2929
Q00660	reviewed	GH_SUHVN	Envelope glycoprotein H (gH)	gH	Suid herpesvirus 1 (strain NIA-3) (SuHV-1) (Pseudorabies virus (strain NIA-3))	686	SIGNAL 1..24; /evidence="ECO:0000255|HAMAP-Rule:MF_04033"	Sus scrofa (Pig) [TaxID: 9823]	1316488	10.1128/jvi.66.6.3888-3892.1992
Q00716	reviewed	HEMA_RACVI	Protein A56 (Hemagglutinin)	HA	Raccoon poxvirus (RCN)	310	SIGNAL 1..16; /evidence="ECO:0000255"	Procyon lotor (Raccoon) [TaxID: 9654]	1529542	10.1016/0042-6822(92)91229-n
Q008X4	reviewed	SPIKE_WBV24	Spike glycoprotein (S glycoprotein)	S	White bream virus (isolate Blicca bjoerkna L./Germany/DF24/00) (WBV)	1220	SIGNAL 1..15; /evidence="ECO:0000255"	Blicca bjoerkna (white bream) [TaxID: 58317]	16987966	10.1128/jvi.01758-06
Q00901	reviewed	ARC3_CBCP	Mono-ADP-ribosyltransferase C3 (EC 2.4.2.-) (Exoenzyme C3)		Clostridium botulinum C phage (Clostridium botulinum C bacteriophage)	244	SIGNAL 1..40; /evidence="ECO:0000269|PubMed:1917836, ECO:0000269|PubMed:1918048"	Clostridium botulinum C [TaxID: 36828]	1918048; 1917836	10.1016/s0021-9258(18)54999-1; 10.1128/jb.173.19.6025-6029.1991
Q01016	reviewed	CCPH_SHV21	Complement control protein homolog (CCPH)	4 CCPH	Saimiriine herpesvirus 2 (strain 11) (SaHV-2) (Herpesvirus saimiri)	360	SIGNAL 1..20; /evidence="ECO:0000255"	Saimiri sciureus (Common squirrel monkey) [TaxID: 9521]	1321287; 1316492	10.1128/jvi.66.8.5047-5058.1992; 10.1128/jvi.66.6.3937-3940.1992
Q01049	reviewed	GN_SHV21	Envelope glycoprotein N	gN 53 EDLF2	Saimiriine herpesvirus 2 (strain 11) (SaHV-2) (Herpesvirus saimiri)	90	SIGNAL 1..21; /evidence="ECO:0000255|HAMAP-Rule:MF_04037"	Saimiri sciureus (Common squirrel monkey) [TaxID: 9521]	1321287; 1314457	10.1128/jvi.66.8.5047-5058.1992; 10.1016/0042-6822(92)90759-i
Q02077	reviewed	ENV_FLVCS	Envelope glycoprotein (Env polyprotein) [Cleaved into: Surface protein (SU) (Glycoprotein 70) (gp70); Transmembrane protein (TM) (Envelope protein p15E)]		Feline leukemia virus (strain C/FS246)	436	SIGNAL <1..1; /evidence="ECO:0000250"	Felis catus (Cat) (Felis silvestris catus) [TaxID: 9685]	1326757	10.1073/pnas.89.18.8457
Q03874	reviewed	VP7_ROTE2	Outer capsid glycoprotein VP7		Rotavirus A (isolate RVA/Equine/United States/FI-23/1981/G14P4[12]) (RV-A) (Rotavirus A (strain FI23))	326	SIGNAL 1..50; /evidence="ECO:0000255|HAMAP-Rule:MF_04131"	Equus caballus (Horse) [TaxID: 9796]	1663521	10.1128/jcm.29.9.2043-2046.1991
Q04523	reviewed	IL1BP_CWPXB	Interleukin-1-binding protein (Protein B15)	OPG201 CPXV209 B15R	Cowpox virus (strain Brighton Red) (CPV)	326	SIGNAL 1..18; /evidence="ECO:0000255"	Bos taurus (Bovine) [TaxID: 9913]; Felis catus (Cat) (Felis silvestris catus) [TaxID: 9685]; Homo sapiens (Human) [TaxID: 9606]; Loxodonta africana (African elephant) [TaxID: 9785]; Microtus agrestis (Short-tailed field vole) [TaxID: 29092]; Mus musculus (Mouse) [TaxID: 10090]; Myodes glareolus (Bank vole) (Clethrionomys glareolus) [TaxID: 447135]	1339315	10.1016/0092-8674(92)90273-f
Q04547	reviewed	GI_CHV9D	Envelope glycoprotein I (Membrane glycoprotein 1)	gI US3	Cercopithecine herpesvirus 9 (strain DHV) (CeHV-9) (Simian varicella virus)	353	SIGNAL 1..20; /evidence="ECO:0000255"	Chlorocebus aethiops (Green monkey) (Cercopithecus aethiops) [TaxID: 9534]	8384754	10.1006/viro.1993.1185
Q04548	reviewed	GE_CHV9D	Envelope glycoprotein E (Membrane glycoprotein 2) (gE)	gE ORF68	Cercopithecine herpesvirus 9 (strain DHV) (CeHV-9) (Simian varicella virus)	604	SIGNAL 1..24; /evidence="ECO:0000255"	Chlorocebus aethiops (Green monkey) (Cercopithecus aethiops) [TaxID: 9534]	8384754	10.1006/viro.1993.1185
Q04566	reviewed	GP2A_PRRSL	Glycoprotein 2a (Protein GP2a) (GP2)	GP2a 2a	Porcine reproductive and respiratory syndrome virus (strain Lelystad) (PRRSV)	249	SIGNAL 1..35; /evidence="ECO:0000255"	Sus scrofa (Pig) [TaxID: 9823]	8517032; 8438574; 16160177	10.1006/viro.1993.1008; 10.1006/viro.1993.1129; 10.1128/jvi.79.19.12495-12506.2005
Q04568	reviewed	GP4_PRRSL	Glycoprotein 4 (Protein GP4)	GP4 4	Porcine reproductive and respiratory syndrome virus (strain Lelystad) (PRRSV)	183	SIGNAL 1..22; /evidence="ECO:0000255"	Sus scrofa (Pig) [TaxID: 9823]	8517032; 8438574; 16160177	10.1006/viro.1993.1008; 10.1006/viro.1993.1129; 10.1128/jvi.79.19.12495-12506.2005
Q04840	reviewed	VP7_ROTHX	Outer capsid glycoprotein VP7		Rotavirus A (isolate RVA/Human/Australia/A91a/1991/G1P[X]) (RV-A)	326	SIGNAL 1..50; /evidence="ECO:0000255|HAMAP-Rule:MF_04131"	Homo sapiens (Human) [TaxID: 9606]	8389117	10.1007/bf01318996
Q06093	reviewed	GO_HHV6U	120 kDa Glycoprotein O (gO-120K) (Glycoprotein U47) [Cleaved into: 80 kDa Glycoprotein O (gO-80K)]	U47 BHLF2	Human herpesvirus 6A (strain Uganda-1102) (HHV-6 variant A) (Human B lymphotropic virus)	651	SIGNAL 1..56; /evidence="ECO:0000255"	Homo sapiens (Human) [TaxID: 9606]	1333836; 7747482	10.3109/10425179209039693; 10.1006/viro.1995.1228
Q06094	reviewed	GN_HHV6U	Envelope glycoprotein N	gN BHRF1 U46	Human herpesvirus 6A (strain Uganda-1102) (HHV-6 variant A) (Human B lymphotropic virus)	84	SIGNAL 1..26; /evidence="ECO:0000255|HAMAP-Rule:MF_04037"	Homo sapiens (Human) [TaxID: 9606]	1333836; 7747482	10.3109/10425179209039693; 10.1006/viro.1995.1228
Q06670	reviewed	AC83_NPVAC	Capsid-associated protein AC83	p95 ORF83	Autographa californica nuclear polyhedrosis virus (AcMNPV)	847	SIGNAL 1..19; /evidence="ECO:0000255"	Lepidoptera (moths & butterflies) [TaxID: 7088]	8030224; 8126447; 23864639	10.1006/viro.1994.1380; 10.1099/0022-1317-75-3-487; 10.1128/jvi.01207-13
Q06VC5	reviewed	MMP_TNAVC	Putative matrix metalloproteinase (EC 3.4.24.-)	ORF158	Trichoplusia ni ascovirus 2c (TnAV-2c)	501	SIGNAL 1..26; /evidence="ECO:0000255"	Noctuidae (owlet moths) [TaxID: 7100]	16876847	10.1016/j.virol.2006.06.029
Q07005	reviewed	GK_HHV19	Envelope glycoprotein K (Syncytial protein)	gK UL53	Human herpesvirus 1 (strain R19) (HHV-1) (Human herpes simplex virus 1)	338	SIGNAL 1..30; /evidence="ECO:0000250"	Homo sapiens (Human) [TaxID: 9606]	1335675	10.1016/0168-1702(92)90150-8
Q07156	reviewed	VP7_ROTHU	Outer capsid glycoprotein VP7		Rotavirus A (isolate RVA/Human/India/116E/1986/G9P8[11]) (RV-A)	326	SIGNAL 1..50; /evidence="ECO:0000255|HAMAP-Rule:MF_04131"	Homo sapiens (Human) [TaxID: 9606]	8212599	10.1006/viro.1993.1570
Q07272	reviewed	VP7_ROTH7	Outer capsid glycoprotein VP7		Rotavirus A (isolate RVA/Human/United Kingdom/A64/1987/G10P11[14]) (RV-A)	326	SIGNAL 1..50; /evidence="ECO:0000255|HAMAP-Rule:MF_04131"	Homo sapiens (Human) [TaxID: 9606]	1320627; 18786998	10.1128/jcm.30.6.1432-1435.1992; 10.1128/jvi.01402-08
Q08089	reviewed	GLYCO_RABVV	Glycoprotein	G	Rabies virus (strain Vnukovo-32) (RABV)	524	SIGNAL 1..19; /evidence="ECO:0000255"	Homo sapiens (Human) [TaxID: 9606]; Mammalia [TaxID: 40674]	7979981	10.1007/bf01310030
Q08100	reviewed	GD_BHV1S	Envelope glycoprotein D (gD) (Glycoprotein IV)	gD gIV US6	Bovine herpesvirus 1.2 (strain ST) (BoHV-1) (Infectious bovine rhinotracheitis virus)	417	SIGNAL 1..18; /evidence="ECO:0000250"	Bos taurus (Bovine) [TaxID: 9913]	8122370	10.1006/viro.1994.1139
Q08101	reviewed	GE_BHV1S	Envelope glycoprotein E (gE)	gE	Bovine herpesvirus 1.2 (strain ST) (BoHV-1) (Infectious bovine rhinotracheitis virus)	575	SIGNAL 1..26; /evidence="ECO:0000255"	Bos taurus (Bovine) [TaxID: 9913]	8122370	10.1006/viro.1994.1139
Q08102	reviewed	GI_BHV1S	Envelope glycoprotein I (gI)	gI	Bovine herpesvirus 1.2 (strain ST) (BoHV-1) (Infectious bovine rhinotracheitis virus)	380	SIGNAL 1..20; /evidence="ECO:0000255"	Bos taurus (Bovine) [TaxID: 9913]	8122370	10.1006/viro.1994.1139
Q08779	reviewed	VP7_ROTHQ	Outer capsid glycoprotein VP7		Rotavirus A (isolate RVA/Human/Thailand/Mc35/1992/G10P11[14]) (RV-A)	326	SIGNAL 1..50; /evidence="ECO:0000255|HAMAP-Rule:MF_04131"	Homo sapiens (Human) [TaxID: 9606]	8393244	10.1006/viro.1993.1428
Q0E587	reviewed	MMP_SFAVA	Putative matrix metalloproteinase (EC 3.4.24.-)	ORF14	Spodoptera frugiperda ascovirus 1a (SfAV-1a)	386	SIGNAL 1..34; /evidence="ECO:0000255"	Spodoptera frugiperda (Fall armyworm) [TaxID: 7108]	16987980	10.1128/jvi.01639-06
Q0GBX6	reviewed	GLYCO_RABVD	Glycoprotein	G	Rabies virus (strain China/DRV) (RABV)	524	SIGNAL 1..19; /evidence="ECO:0000255"	Homo sapiens (Human) [TaxID: 9606]; Mammalia [TaxID: 40674]		
Q0GBY1	reviewed	GLYCO_RABVR	Glycoprotein	G	Rabies virus (strain China/MRV) (RABV)	524	SIGNAL 1..19; /evidence="ECO:0000255"	Homo sapiens (Human) [TaxID: 9606]; Mammalia [TaxID: 40674]		
Q0Q470	reviewed	NS7A_BC279	Protein 7a (Accessory protein 7a)	7a	Bat coronavirus 279/2005 (BtCoV) (BtCoV/279/2005)	122	SIGNAL 1..15; /evidence="ECO:0000250"	Rhinolophus macrotis (Big-eared horseshoe bat) [TaxID: 196889]	16840328	10.1128/jvi.00697-06
Q18LE9	reviewed	GH_ELHVK	Envelope glycoprotein H (gH)	gH	Elephantid herpesvirus 1 (isolate Asian elephant/Berlin/Kiba/1998) (EIHV-1) (Elephant endotheliotropic herpesvirus)	737	SIGNAL 1..25; /evidence="ECO:0000255|HAMAP-Rule:MF_04033"	Elephas maximus (Indian elephant) [TaxID: 9783]; Loxodonta africana (African elephant) [TaxID: 9785]; Loxodonta cyclotis (African forest elephant) [TaxID: 99490]	17507487; 11172087	10.1128/jvi.00255-07; 10.1099/0022-1317-82-3-475
Q196W5	reviewed	095L_IIV3	Probable matrix metalloproteinase 095L (EC 3.4.24.-)	IIV3-095L	Invertebrate iridescent virus 3 (IIV-3) (Mosquito iridescent virus)	363	SIGNAL 1..25; /evidence="ECO:0000255"	Aedes vexans (Inland floodwater mosquito) (Culex vexans) [TaxID: 7163]; Culex territans [TaxID: 42431]; Culiseta annulata [TaxID: 332058]; Ochlerotatus sollicitans (eastern saltmarsh mosquito) [TaxID: 310513]; Ochlerotatus taeniorhynchus (Black salt marsh mosquito) (Aedes taeniorhynchus) [TaxID: 329105]; Psorophora ferox [TaxID: 7183]	16912294	10.1128/jvi.00464-06
Q1HVD2	reviewed	GH_EBVA8	Envelope glycoprotein H (gH)	gH BXLF2	Epstein-Barr virus (strain AG876) (HHV-4) (Human herpesvirus 4)	706	SIGNAL 1..18; /evidence="ECO:0000255|HAMAP-Rule:MF_04033"	Homo sapiens (Human) [TaxID: 9606]	16490228	10.1016/j.virol.2006.01.015
Q1HVF6	reviewed	GL_EBVA8	Envelope glycoprotein L (gL)	gL BKRF2	Epstein-Barr virus (strain AG876) (HHV-4) (Human herpesvirus 4)	137	SIGNAL 1..25; /evidence="ECO:0000255|HAMAP-Rule:MF_04034"	Homo sapiens (Human) [TaxID: 9606]	16490228	10.1016/j.virol.2006.01.015
Q2HRA1	reviewed	UL92_HHV8P	Protein ORF31	ORF31	Human herpesvirus 8 type P (isolate GK18) (HHV-8) (Kaposi's sarcoma-associated herpesvirus)	194	SIGNAL 1..25; /evidence="ECO:0000255"	Homo sapiens (Human) [TaxID: 9606]	10400794; 16760382; 15163752; 25810551; 28336944	10.1128/jvi.73.8.6953-6963.1999; 10.1099/vir.0.81919-0; 10.1128/jvi.78.12.6610-6620.2004; 10.1128/jvi.00272-15; 10.1038/s41598-017-00401-7
Q2HRC7	reviewed	VIL6_HHV8P	Viral interleukin-6 homolog (vIL-6)	K2	Human herpesvirus 8 type P (isolate GK18) (HHV-8) (Kaposi's sarcoma-associated herpesvirus)	204	SIGNAL 1..22; /evidence="ECO:0000255"	Homo sapiens (Human) [TaxID: 9606]	10400794; 16760382; 11238858; 12434062; 21767154; 22521915	10.1128/jvi.73.8.6953-6963.1999; 10.1099/vir.0.81919-0; 10.1128/jvi.75.7.3325-3334.2001; 10.1126/science.1074883; 10.1089/jir.2011.0043; 10.1016/j.virol.2012.03.013
Q2HRD4	reviewed	ORF4_HHV8P	Complement control protein (KCP)	ORF4	Human herpesvirus 8 type P (isolate GK18) (HHV-8) (Kaposi's sarcoma-associated herpesvirus)	550	SIGNAL 1..19; /evidence="ECO:0000255"	Homo sapiens (Human) [TaxID: 9606]	10400794; 16760382; 12477863; 15304516; 16571823	10.1128/jvi.73.8.6953-6963.1999; 10.1099/vir.0.81919-0; 10.1128/jvi.77.1.592-599.2003; 10.1074/jbc.m407558200; 10.1128/jvi.80.8.4068-4078.2006
Q2HRD5	reviewed	K1_HHV8P	Protein K1	K1	Human herpesvirus 8 type P (isolate GK18) (HHV-8) (Kaposi's sarcoma-associated herpesvirus)	279	SIGNAL 1..18; /evidence="ECO:0000255"	Homo sapiens (Human) [TaxID: 9606]	10400794; 16760382; 9710606; 10318948; 14747556	10.1128/jvi.73.8.6953-6963.1999; 10.1099/vir.0.81919-0; 10.1128/mcb.18.9.5219; 10.1073/pnas.96.10.5704; 10.1128/jvi.78.4.1918-1927.2004
Q38162	reviewed	LLP_BPT5	Lytic conversion lipoprotein	llp T5.158 T5p154	Escherichia phage T5 (Enterobacteria phage T5)	77	SIGNAL 1..15	Escherichia coli [TaxID: 562]	8057856; 15661140; 24198424; 8045901	10.1111/j.1365-2958.1994.tb01020.x; 10.1016/j.virol.2004.10.049; 10.1128/jvi.02262-13; 10.1128/jb.176.15.4710-4717.1994
Q3I5J0	reviewed	NS7A_BCRP3	Protein 7a (Accessory protein 7a)	7a	Bat coronavirus Rp3/2004 (BtCoV/Rp3/2004) (SARS-like coronavirus Rp3)	122	SIGNAL 1..15; /evidence="ECO:0000250"	Rhinolophus ferrumequinum (Greater horseshoe bat) [TaxID: 59479]; Rhinolophus macrotis (Big-eared horseshoe bat) [TaxID: 196889]; Rhinolophus pearsonii [TaxID: 188571]; Rhinolophus sinicus (Chinese rufous horseshoe bat) [TaxID: 89399]	16195424	10.1126/science.1118391
Q3KSQ3	reviewed	GH_EBVG	Envelope glycoprotein H (gH)	gH BXLF2	Epstein-Barr virus (strain GD1) (HHV-4) (Human gammaherpesvirus 4)	706	SIGNAL 1..18; /evidence="ECO:0000255|HAMAP-Rule:MF_04033"	Homo sapiens (Human) [TaxID: 9606]	16306603	10.1128/jvi.79.24.15323-15330.2005
Q3KSS3	reviewed	GL_EBVG	Envelope glycoprotein L (gL)	gL BKRF2	Epstein-Barr virus (strain GD1) (HHV-4) (Human gammaherpesvirus 4)	137	SIGNAL 1..25; /evidence="ECO:0000255|HAMAP-Rule:MF_04034"	Homo sapiens (Human) [TaxID: 9606]	16306603	10.1128/jvi.79.24.15323-15330.2005
Q3LZX7	reviewed	NS7A_BCHK3	Protein 7a (Accessory protein 7a)	7a	Bat coronavirus HKU3 (BtCoV) (SARS-like coronavirus HKU3)	122	SIGNAL 1..15; /evidence="ECO:0000250"	Rhinolophus sinicus (Chinese rufous horseshoe bat) [TaxID: 89399]	16169905	10.1073/pnas.0506735102
Q3ZK60	reviewed	VP7_ROT41	Outer capsid glycoprotein VP7		Rotavirus A (isolate RVA/Human/Belgium/B4106/2000/G3P11[14]) (RV-A) (Rotavirus A (isolate B4106))	326	SIGNAL 1..50; /evidence="ECO:0000255|HAMAP-Rule:MF_04131"	Homo sapiens (Human) [TaxID: 9606]	16571797	10.1128/jvi.80.8.3801-3810.2006
Q4JQX0	reviewed	GK_VZVO	Envelope glycoprotein K (Syncytial protein)	gK ORF5	Varicella-zoster virus (strain Oka vaccine) (HHV-3) (Human herpesvirus 3)	340	SIGNAL 1..21; /evidence="ECO:0000255"	Homo sapiens (Human) [TaxID: 9606]	12388706; 18787000	10.1128/jvi.76.22.11447-11459.2002; 10.1128/jvi.00777-08
Q4VKV3	reviewed	GLYCO_TUPVT	Glycoprotein	G	Tupaia virus (isolate Tupaia/Thailand/-/1986) (TUPV)	531	SIGNAL 1..21; /evidence="ECO:0000255"	Tupaia [TaxID: 9394]	15890917	10.1128/jvi.79.11.6781-6790.2005
Q4ZJY8	reviewed	EG10_MDBVW	Protease inhibitor Egf1.0	O12	Microplitis demolitor bracovirus (isolate Webb) (MdBV)	233	SIGNAL 1..28; /evidence="ECO:0000255"	Microplitis demolitor (Parasitoid wasp) [TaxID: 69319]	16380146; 18032603; 18519564	10.1016/j.virol.2005.11.010; 10.1073/pnas.0708056104; 10.1074/jbc.m801593200
Q4ZJZ0	reviewed	GL18A_MDBVW	Mucin-like protein Glc1.8a	O9	Microplitis demolitor bracovirus (isolate Webb) (MdBV)	515	SIGNAL 1..20; /evidence="ECO:0000255"	Microplitis demolitor (Parasitoid wasp) [TaxID: 69319]	16380146; 11086136; 16482578	10.1016/j.virol.2005.11.010; 10.1099/0022-1317-81-12-3049; 10.1002/arch.20107
Q5K2K4	reviewed	GLYCO_ISFV	Glycoprotein	G	Isfahan virus (ISFV)	523	SIGNAL 1..20; /evidence="ECO:0000255"	Gerbillinae (gerbils) [TaxID: 10045]; Homo sapiens (Human) [TaxID: 9606]; Phlebotomus papatasi (Sandfly) [TaxID: 29031]	15614433	10.1007/s00705-004-0452-2
Q5NDN0	reviewed	P1_PNLV	Genome-linked protein precursor [Cleaved into: Serine protease (EC 3.4.21.-); VPg]	ORF2	Poinsettia latent virus (isolate Euphorbia pulcherrima/Germany/Siepen/2005) (PnLV) (Poinsettia cryptic virus)	660	SIGNAL 1..25; /evidence="ECO:0000255"	Euphorbia pulcherrima (Poinsettia) (Poinsettia pulcherrima) [TaxID: 37495]	15892965	10.1016/j.virol.2005.03.020
Q5UQG7	reviewed	YR818_MIMIV	Putative serine/threonine-protein kinase/receptor R818 (EC 2.7.11.1)	MIMI_R818	Acanthamoeba polyphaga mimivirus (APMV)	1651	SIGNAL 1..19; /evidence="ECO:0000255"	Acanthamoeba polyphaga (Amoeba) [TaxID: 5757]	15486256	10.1126/science.1101485
Q5VKN9	reviewed	GLYCO_WCBV	Glycoprotein	G	West Caucasian bat virus (WCBV)	525	SIGNAL 1..17; /evidence="ECO:0000255"	Miniopterus schreibersii (Schreibers's long-fingered bat) (Vespertilio schreibersii) [TaxID: 9433]	15896400; 18514350	10.1016/j.virusres.2005.03.008; 10.1016/j.virusres.2008.04.021
Q5VKP3	reviewed	GLYCO_IRKV	Glycoprotein	G	Irkut virus (IRKV)	524	SIGNAL 1..19; /evidence="ECO:0000255"	Murina leucogaster (Greater tube-nosed bat) [TaxID: 187017]	15896400; 18514350	10.1016/j.virusres.2005.03.008; 10.1016/j.virusres.2008.04.021
Q65ZG0	reviewed	GN_VZVD	Envelope glycoprotein N	gN 9A	Varicella-zoster virus (strain Dumas) (HHV-3) (Human herpesvirus 3)	87	SIGNAL 1..24; /evidence="ECO:0000255|HAMAP-Rule:MF_04037"	Homo sapiens (Human) [TaxID: 9606]	3018124	10.1099/0022-1317-67-9-1759
Q66625	reviewed	GH_EHV2	Envelope glycoprotein H (gH)	gH 22	Equine herpesvirus 2 (strain 86/87) (EHV-2)	763	SIGNAL 1..22; /evidence="ECO:0000255|HAMAP-Rule:MF_04033"	Equus caballus (Horse) [TaxID: 9796]	7783207	10.1006/jmbi.1995.0314
Q66655	reviewed	GN_EHV2	Envelope glycoprotein N	gN 53	Equine herpesvirus 2 (strain 86/87) (EHV-2)	89	SIGNAL 1..24; /evidence="ECO:0000255|HAMAP-Rule:MF_04037"	Equus caballus (Horse) [TaxID: 9796]	7783207	10.1006/jmbi.1995.0314
Q66T62	reviewed	GLYCO_RABVB	Glycoprotein	G	Rabies virus (strain silver-haired bat-associated) (RABV) (SHBRV)	524	SIGNAL 1..19; /evidence="ECO:0000255"	Homo sapiens (Human) [TaxID: 9606]; Mammalia [TaxID: 40674]	15520387	10.1073/pnas.0407289101
Q68396	reviewed	UL144_HCMVO	Membrane glycoprotein UL144 (TNF alpha-like receptor UL144) (UL144 protein)	UL144	Human cytomegalovirus (strain Toledo) (HHV-5) (Human herpesvirus 5)	176	SIGNAL 1..20; /evidence="ECO:0000255"	Homo sapiens (Human) [TaxID: 9606]	8523595; 16932746; 19176615	10.1128/jvi.70.1.78-83.1996; 10.1038/sj.emboj.7601287; 10.1128/jvi.02072-08
Q68666	reviewed	GL_HCMVP	Envelope glycoprotein L (gL)	gL UL115	Human cytomegalovirus (strain PT) (HHV-5) (Human herpesvirus 5)	278	SIGNAL 1..30; /evidence="ECO:0000255|HAMAP-Rule:MF_04036"	Homo sapiens (Human) [TaxID: 9606]		
Q68667	reviewed	GL_HCMV1	Envelope glycoprotein L (gL)	gL UL115	Human cytomegalovirus (strain 119) (HHV-5) (Human herpesvirus 5)	278	SIGNAL 1..32; /evidence="ECO:0000255|HAMAP-Rule:MF_04036"	Homo sapiens (Human) [TaxID: 9606]		
Q68668	reviewed	GL_HCMV2	Envelope glycoprotein L (gL)	gL UL115	Human cytomegalovirus (strain 1042) (HHV-5) (Human herpesvirus 5)	278	SIGNAL 1..30; /evidence="ECO:0000255|HAMAP-Rule:MF_04036"	Homo sapiens (Human) [TaxID: 9606]		
Q68669	reviewed	GL_HCMV3	Envelope glycoprotein L (gL)	gL UL115	Human cytomegalovirus (strain 2387) (HHV-5) (Human herpesvirus 5)	278	SIGNAL 1..30; /evidence="ECO:0000255|HAMAP-Rule:MF_04036"	Homo sapiens (Human) [TaxID: 9606]		
Q68670	reviewed	GL_HCMV4	Envelope glycoprotein L (gL)	gL UL115	Human cytomegalovirus (strain 4654) (HHV-5) (Human herpesvirus 5)	278	SIGNAL 1..30; /evidence="ECO:0000255|HAMAP-Rule:MF_04036"	Homo sapiens (Human) [TaxID: 9606]		
Q68671	reviewed	GL_HCMV5	Envelope glycoprotein L (gL)	gL UL115	Human cytomegalovirus (strain 5035) (HHV-5) (Human herpesvirus 5)	278	SIGNAL 1..30; /evidence="ECO:0000255|HAMAP-Rule:MF_04036"	Homo sapiens (Human) [TaxID: 9606]		
Q68672	reviewed	GL_HCMV6	Envelope glycoprotein L (gL)	gL UL115	Human cytomegalovirus (strain 5040) (HHV-5) (Human herpesvirus 5)	278	SIGNAL 1..30; /evidence="ECO:0000255|HAMAP-Rule:MF_04036"	Homo sapiens (Human) [TaxID: 9606]		
Q68673	reviewed	GL_HCMV7	Envelope glycoprotein L (gL)	gL UL115	Human cytomegalovirus (strain 5160) (HHV-5) (Human herpesvirus 5)	278	SIGNAL 1..30; /evidence="ECO:0000255|HAMAP-Rule:MF_04036"	Homo sapiens (Human) [TaxID: 9606]		
Q68674	reviewed	GL_HCMV8	Envelope glycoprotein L (gL)	gL UL115	Human cytomegalovirus (strain 5508) (HHV-5) (Human herpesvirus 5)	278	SIGNAL 1..30; /evidence="ECO:0000255|HAMAP-Rule:MF_04036"	Homo sapiens (Human) [TaxID: 9606]	28783665	10.1126/sciimmunol.aan1457
Q69467	reviewed	GD_HHV2H	Envelope glycoprotein D (gD)	gD US6	Human herpesvirus 2 (strain HG52) (HHV-2) (Human herpes simplex virus 2)	393	SIGNAL 1..25; /evidence="ECO:0000255"	Homo sapiens (Human) [TaxID: 9606]	3027242; 9499055	10.1099/0022-1317-68-1-19; 10.1128/jvi.72.3.2010-2021.1998
Q69555	reviewed	U20_HHV6U	Glycoprotein U20	U20 EJLF3	Human herpesvirus 6A (strain Uganda-1102) (HHV-6 variant A) (Human B lymphotropic virus)	422	SIGNAL 1..15; /evidence="ECO:0000255"	Homo sapiens (Human) [TaxID: 9606]	8289364; 7747482; 34721381	10.1128/jvi.68.2.597-610.1994; 10.1006/viro.1995.1228; 10.3389/fimmu.2021.714799
Q6DLD8	reviewed	GI_EHV1B	Envelope glycoprotein I	gI 73	Equine herpesvirus 1 (strain Ab4p) (EHV-1) (Equine abortion virus)	424	SIGNAL 1..22; /evidence="ECO:0000255"	Equus caballus (Horse) [TaxID: 9796]	1318606	10.1016/0042-6822(92)90706-u
Q6DLD9	reviewed	GD_EHV1B	Envelope glycoprotein D (gD) (Glycoprotein 17/18)	gD GP17/18 72	Equine herpesvirus 1 (strain Ab4p) (EHV-1) (Equine abortion virus)	452	SIGNAL 1..19; /evidence="ECO:0000255"	Equus caballus (Horse) [TaxID: 9796]	1318606	10.1016/0042-6822(92)90706-u
Q6DLH1	reviewed	GH_EHV1B	Envelope glycoprotein H (gH)	gH 39	Equine herpesvirus 1 (strain Ab4p) (EHV-1) (Equine abortion virus)	848	SIGNAL 1..24; /evidence="ECO:0000255|HAMAP-Rule:MF_04033"	Equus caballus (Horse) [TaxID: 9796]	1318606	10.1016/0042-6822(92)90706-u
Q6DQ15	reviewed	HEMA_I02A7	Hemagglutinin [Cleaved into: Hemagglutinin HA1 chain; Hemagglutinin HA2 chain]	HA	Influenza A virus (strain A/Teal/China/2978.1/2002 H5N1 genotype W)	545	SIGNAL 1..12; /evidence="ECO:0000255|HAMAP-Rule:MF_04072"	Aves [TaxID: 8782]; Felis catus (Cat) (Felis silvestris catus) [TaxID: 9685]; Homo sapiens (Human) [TaxID: 9606]; Panthera pardus (Leopard) (Felis pardus) [TaxID: 9691]; Panthera tigris (Tiger) [TaxID: 9694]; Sus scrofa (Pig) [TaxID: 9823]	15241415	10.1038/nature02746
Q6L5Y4	reviewed	VP7_ROTAM	Outer capsid glycoprotein VP7		Rotavirus A (strain RVA/Human/United States/M/1976/G3P[X]) (RV-A)	326	SIGNAL 1..50; /evidence="ECO:0000255|HAMAP-Rule:MF_04131"	Homo sapiens (Human) [TaxID: 9606]		
Q6Q304	reviewed	GLYC_EMARV	Envelope glycoprotein (GP) [Cleaved into: Glycoprotein G2; Glycoprotein G1]		European mountain ash ringspot-associated virus (isolate Sorbus aucuparia) (EMARAV)	646	SIGNAL 1..25; /evidence="ECO:0000255"	Eriophyes pyri (pearleaf blister mite) [TaxID: 483436]; Sorbus aucuparia (European mountain ash) (Rowan) [TaxID: 36599]	15449143; 17374780	10.1007/s00705-004-0397-5; 10.1099/vir.0.82715-0
Q6RZT5	reviewed	VGF_RABPU	Growth factor (Secreted epidermal growth factor-like)	OPG019 RPXV006	Rabbitpox virus (strain Utrecht) (RPV)	138	SIGNAL 1..19; /evidence="ECO:0000255"	Oryctolagus cuniculus (Rabbit) [TaxID: 9986]	16227218	10.1099/vir.0.81331-0
Q6S6Q5	reviewed	GC_EHV1B	Envelope glycoprotein C (gC) (Glycoprotein 13)	gC GP13 16	Equine herpesvirus 1 (strain Ab4p) (EHV-1) (Equine abortion virus)	468	SIGNAL 1..30; /evidence="ECO:0000255"	Equus caballus (Horse) [TaxID: 9796]	1318606	10.1016/0042-6822(92)90706-u
Q6S6R5	reviewed	GK_EHV1B	Envelope glycoprotein K (Syncytial protein)	gK ORF6	Equine herpesvirus 1 (strain Ab4p) (EHV-1) (Equine abortion virus)	343	SIGNAL 1..31; /evidence="ECO:0000255"	Equus caballus (Horse) [TaxID: 9796]	1318606	10.1016/0042-6822(92)90706-u
Q6S6V7	reviewed	GE_EHV1B	Envelope glycoprotein E (gE)	gE 74	Equine herpesvirus 1 (strain Ab4p) (EHV-1) (Equine abortion virus)	550	SIGNAL 1..23; /evidence="ECO:0000255"	Equus caballus (Horse) [TaxID: 9796]	1318606	10.1016/0042-6822(92)90706-u
Q6SVZ5	reviewed	US11_HCMVM	Membrane glycoprotein US11	US11	Human cytomegalovirus (strain Merlin) (HHV-5) (Human herpesvirus 5)	215	SIGNAL 1..17; /evidence="ECO:0000255"	Homo sapiens (Human) [TaxID: 9606]	15105547	10.1099/vir.0.79888-0
Q6SW00	reviewed	US06_HCMVM	Unique short US6 glycoprotein	US6	Human cytomegalovirus (strain Merlin) (HHV-5) (Human herpesvirus 5)	182	SIGNAL 1..19; /evidence="ECO:0000255"	Homo sapiens (Human) [TaxID: 9606]	15105547	10.1099/vir.0.79888-0
Q6UDF4	reviewed	GE_PSHV1	Envelope glycoprotein E (gE)	US8	Psittacid herpesvirus 1 (isolate Amazon parrot/-/97-0001/1997) (PsHV-1) (Pacheco's disease virus)	568	SIGNAL 1..20; /evidence="ECO:0000255"	Amazona oratrix (yellow-headed parrot) [TaxID: 152276]	16873243	10.1128/jvi.00134-06
Q6UDF5	reviewed	GI_PSHV1	Envelope glycoprotein I	gI US7	Psittacid herpesvirus 1 (isolate Amazon parrot/-/97-0001/1997) (PsHV-1) (Pacheco's disease virus)	408	SIGNAL 1..23; /evidence="ECO:0000255"	Amazona oratrix (yellow-headed parrot) [TaxID: 152276]	16873243	10.1128/jvi.00134-06
Q6UDF6	reviewed	GD_PSHV1	Envelope glycoprotein D (gD)	US6	Psittacid herpesvirus 1 (isolate Amazon parrot/-/97-0001/1997) (PsHV-1) (Pacheco's disease virus)	383	SIGNAL 1..30; /evidence="ECO:0000255"	Amazona oratrix (yellow-headed parrot) [TaxID: 152276]	16873243	10.1128/jvi.00134-06
Q6UDG5	reviewed	GL_PSHV1	Envelope glycoprotein L (gL)	gL UL1	Psittacid herpesvirus 1 (isolate Amazon parrot/-/97-0001/1997) (PsHV-1) (Pacheco's disease virus)	182	SIGNAL 1..39; /evidence="ECO:0000255|HAMAP-Rule:MF_04034"	Amazona oratrix (yellow-headed parrot) [TaxID: 152276]	16873243	10.1128/jvi.00134-06
Q6UDK4	reviewed	GB_PSHV1	Envelope glycoprotein B (gB)	gB UL27	Psittacid herpesvirus 1 (isolate Amazon parrot/-/97-0001/1997) (PsHV-1) (Pacheco's disease virus)	911	SIGNAL 1..30; /evidence="ECO:0000255|HAMAP-Rule:MF_04032"	Amazona oratrix (yellow-headed parrot) [TaxID: 152276]	16873243	10.1128/jvi.00134-06
Q6UDL0	reviewed	GH_PSHV1	Envelope glycoprotein H (gH)	gH UL22	Psittacid herpesvirus 1 (isolate Amazon parrot/-/97-0001/1997) (PsHV-1) (Pacheco's disease virus)	806	SIGNAL 1..40; /evidence="ECO:0000255|HAMAP-Rule:MF_04033"	Amazona oratrix (yellow-headed parrot) [TaxID: 152276]	16873243	10.1128/jvi.00134-06
Q6UDL9	reviewed	GN_PSHV1	Envelope glycoprotein N	gN UL49.5	Psittacid herpesvirus 1 (isolate Amazon parrot/-/97-0001/1997) (PsHV-1) (Pacheco's disease virus)	115	SIGNAL 1..27; /evidence="ECO:0000255|HAMAP-Rule:MF_04037"	Amazona oratrix (yellow-headed parrot) [TaxID: 152276]	16873243	10.1128/jvi.00134-06
Q6UDM3	reviewed	GK_PSHV1	Envelope glycoprotein K (Syncytial protein)	gK UL53	Psittacid herpesvirus 1 (isolate Amazon parrot/-/97-0001/1997) (PsHV-1) (Pacheco's disease virus)	358	SIGNAL 1..33; /evidence="ECO:0000255"	Amazona oratrix (yellow-headed parrot) [TaxID: 152276]	16873243	10.1128/jvi.00134-06
Q6VTL7	reviewed	CATV_NPVCD	Viral cathepsin (V-cath) (EC 3.4.22.50) (Cysteine proteinase) (CP)	Vcath Ac127 Op125	Choristoneura fumiferana defective polyhedrosis virus (Cfdef)	324	SIGNAL 1..18; /evidence="ECO:0000255"	Lepidoptera (moths & butterflies) [TaxID: 7088]	15784888	10.1099/vir.0.80489-0
Q6X1D1	reviewed	GLYCO_KHUV	Glycoprotein	G	Khujand virus (KHUV)	526	SIGNAL 1..19; /evidence="ECO:0000255"	Myotis mystacinus (Common whiskered bat) (Vespertilio mystacinus) [TaxID: 109479]	14602198; 18514350	10.1016/s0168-1702(03)00217-x; 10.1016/j.virusres.2008.04.021
Q6X1D5	reviewed	GLYCO_ARAV	Glycoprotein	G	Aravan virus (ARAV)	526	SIGNAL 1..19; /evidence="ECO:0000255"	Myotis blythii (Lesser mouse-eared bat) (Vespertilio blythii) [TaxID: 109482]	14602198; 18514350	10.1016/s0168-1702(03)00217-x; 10.1016/j.virusres.2008.04.021
Q76WK3	reviewed	VP7_ROTHK	Outer capsid glycoprotein VP7		Rotavirus A (strain RVA/Human/Japan/KU/1995/G1P1A[8]) (RV-A)	326	SIGNAL 1..50; /evidence="ECO:0000255|HAMAP-Rule:MF_04131"	Homo sapiens (Human) [TaxID: 9606]	2452893; 16415027; 15165605	10.1128/jvi.62.6.1870-1874.1988; 10.1128/jvi.80.3.1513-1523.2006; 10.1016/j.tim.2004.04.003
Q775J3	reviewed	GH_VZVO	Envelope glycoprotein H (gH)	gH ORF37	Varicella-zoster virus (strain Oka vaccine) (HHV-3) (Human herpesvirus 3)	841	SIGNAL 1..17; /evidence="ECO:0000255|HAMAP-Rule:MF_04033"	Homo sapiens (Human) [TaxID: 9606]	11162813; 12388706; 18787000	10.1006/viro.2000.0775; 10.1128/jvi.76.22.11447-11459.2002; 10.1128/jvi.00777-08
Q776B5	reviewed	VGF_CAMPS	Growth factor (Secreted epidermal growth factor-like)	OPG019 CMP11R	Camelpox virus (strain CMS)	139	SIGNAL 1..19; /evidence="ECO:0000255"	Camelus [TaxID: 9836]	11907336	10.1099/0022-1317-83-4-855
Q779K4	reviewed	STXA_BP788	Shiga toxin subunit A (EC 3.2.2.22)	stxA	Shigella phage 7888 (Shigella sonnei bacteriophage 7888)	315	SIGNAL 1..22; /evidence="ECO:0000255"	Shigella sonnei [TaxID: 624]	10232325; 11705937	10.1016/s0140-6736(99)00961-7; 10.1128/iai.69.12.7588-7595.2001
Q77JN0	reviewed	GB_ELHVK	Envelope glycoprotein B (gB)	gB	Elephantid herpesvirus 1 (isolate Asian elephant/Berlin/Kiba/1998) (EIHV-1) (Elephant endotheliotropic herpesvirus)	845	SIGNAL 1..41; /evidence="ECO:0000255"	Elephas maximus (Indian elephant) [TaxID: 9783]; Loxodonta africana (African elephant) [TaxID: 9785]; Loxodonta cyclotis (African forest elephant) [TaxID: 99490]	17507487; 11172087	10.1128/jvi.00255-07; 10.1099/0022-1317-82-3-475
Q77MR4	reviewed	GN_GAHVM	Envelope glycoprotein N	gN MDV064	Gallid herpesvirus 2 (strain Chicken/Md5/ATCC VR-987) (GaHV-2) (Marek's disease herpesvirus type 1)	95	SIGNAL 1..26; /evidence="ECO:0000255|HAMAP-Rule:MF_04037"	Gallus gallus (Chicken) [TaxID: 9031]	10933706	10.1128/jvi.74.17.7980-7988.2000
Q77MS8	reviewed	GL_GAHVM	Envelope glycoprotein L (gL)	gL MDV013	Gallid herpesvirus 2 (strain Chicken/Md5/ATCC VR-987) (GaHV-2) (Marek's disease herpesvirus type 1)	195	SIGNAL 1..25; /evidence="ECO:0000255|HAMAP-Rule:MF_04034"	Gallus gallus (Chicken) [TaxID: 9031]	10933706	10.1128/jvi.74.17.7980-7988.2000
Q77NN4	reviewed	GI_VZVO	Envelope glycoprotein I (gI) (Glycoprotein IV) (GPIV)	gI ORF67	Varicella-zoster virus (strain Oka vaccine) (HHV-3) (Human herpesvirus 3)	354	SIGNAL 1..20; /evidence="ECO:0000255"	Homo sapiens (Human) [TaxID: 9606]	10720545; 11162813; 12388706; 18787000	10.1086/315335; 10.1006/viro.2000.0775; 10.1128/jvi.76.22.11447-11459.2002; 10.1128/jvi.00777-08
Q77SK0	reviewed	GLYCO_HIRRV	Glycoprotein	G	Hirame rhabdovirus (strain Korea/CA 9703/1997) (HIRRV)	508	SIGNAL 1..20; /evidence="ECO:0000255"	Acanthopagrus schlegelii (Black porgy) [TaxID: 72011]; Paralichthys olivaceus (Bastard halibut) (Hippoglossus olivaceus) [TaxID: 8255]; Plecoglossus altivelis (Ayu sweetfish) (Salmo altivelis) [TaxID: 61084]; Sebastes inermis (Dark-banded rockfish) [TaxID: 160818]	8806175; 15312663; 15567027	10.1016/0168-1702(96)01300-7; 10.1016/j.fsi.2004.04.012; 10.1016/j.virusres.2004.06.004
Q7T6T3	reviewed	SPIKE_CVCBG	Spike glycoprotein (S glycoprotein) (E2) (Peplomer protein)	S	Canine coronavirus (strain BGF10) (CCoV) (Canine enteric coronavirus)	1453	SIGNAL 1..31; /evidence="ECO:0000255|HAMAP-Rule:MF_04200"	Canis lupus familiaris (Dog) (Canis familiaris) [TaxID: 9615]	15177889	10.1016/j.virusres.2004.02.038
Q7T6X2	reviewed	YR826_MIMIV	Putative serine/threonine-protein kinase/receptor R826 (EC 2.7.11.1)	MIMI_R826	Acanthamoeba polyphaga mimivirus (APMV)	1657	SIGNAL 1..23; /evidence="ECO:0000255"	Acanthamoeba polyphaga (Amoeba) [TaxID: 5757]	15486256	10.1126/science.1101485
Q7T6Y2	reviewed	YR831_MIMIV	Putative serine/threonine-protein kinase/receptor R831 (EC 2.7.11.1)	MIMI_R831	Acanthamoeba polyphaga mimivirus (APMV)	1624	SIGNAL 1..25; /evidence="ECO:0000255"	Acanthamoeba polyphaga (Amoeba) [TaxID: 5757]	15486256	10.1126/science.1101485
Q7TLR9	reviewed	VP91_NPVCF	Capsid-associated protein Vp91	ORF78	Choristoneura fumiferana nuclear polyhedrosis virus (CfMNPV)	833	SIGNAL 1..18; /evidence="ECO:0000255"	Choristoneura fumiferana (Spruce budworm moth) (Archips fumiferana) [TaxID: 7141]	15784887	10.1099/vir.0.80490-0
Q80IG9	reviewed	VP7_ROTB9	Outer capsid glycoprotein VP7		Rotavirus A (isolate RVA/Cow/Germany/993/1983/G18P[17]) (RV-A)	329	SIGNAL 1..53; /evidence="ECO:0000255|HAMAP-Rule:MF_04131"	Bos taurus (Bovine) [TaxID: 9913]	9237354	10.1023/a:1007921418679
Q80LP4	reviewed	CATV_NPVAH	Viral cathepsin (V-cath) (EC 3.4.22.50) (Cysteine proteinase) (CP)	VCATH 52	Adoxophyes honmai nucleopolyhedrovirus	337	SIGNAL 1..19; /evidence="ECO:0000255"	Adoxophyes honmai (Smaller tea tortrix moth) [TaxID: 85585]	14599801	10.1016/j.virol.2003.08.002
Q82683	reviewed	GLYCO_IHNVW	Glycoprotein (Spike glycoprotein)	G	Infectious hematopoietic necrosis virus (strain WRAC) (IHNV)	508	SIGNAL 1..20; /evidence="ECO:0000255"	Salmo [TaxID: 8028]	8578857	10.1016/0168-1702(95)00056-v
Q82706	reviewed	GLYCO_IHNVO	Glycoprotein (Spike glycoprotein)	G	Infectious hematopoietic necrosis virus (strain Oregon69) (IHNV)	508	SIGNAL 1..20; /evidence="ECO:0000255"	Salmo [TaxID: 8028]	8683214; 7595355	10.1099/0022-1317-77-6-1259; 10.1099/0022-1317-76-10-2519
Q83441	reviewed	VP7_ROTMB	Outer capsid glycoprotein VP7		Rotavirus A (isolate RVA/Mouse/United States/Eb/1982/G16P10[16]) (RV-A)	326	SIGNAL 1..50; /evidence="ECO:0000255|HAMAP-Rule:MF_04131"	Mus musculus musculus (eastern European house mouse) [TaxID: 39442]	8053149	10.1006/viro.1994.1482
Q83446	reviewed	VP7_ROTME	Outer capsid glycoprotein VP7		Rotavirus A (isolate RVA/Mouse/Brazil/EHP/1981/G16P[20]) (RV-A)	326	SIGNAL 1..50; /evidence="ECO:0000255|HAMAP-Rule:MF_04131"	Mus musculus musculus (eastern European house mouse) [TaxID: 39442]	8053149	10.1006/viro.1994.1482
Q85031	reviewed	VP7_ROT46	Outer capsid glycoprotein VP7		Rotavirus A (isolate RVA/Pig/Venezuela/A46/1985/G5P13[13]) (RV-A)	326	SIGNAL 1..50; /evidence="ECO:0000255|HAMAP-Rule:MF_04131"	Sus scrofa (Pig) [TaxID: 9823]	7733818	10.1007/bf01718422
Q85213	reviewed	GLYCO_PIRYV	Glycoprotein	G	Piry virus (PIRYV)	529	SIGNAL 1..18; /evidence="ECO:0000255"	Gracilinanus microtarsus (Brazilian gracile mouse opossum) [TaxID: 126289]	1454546; 8724858	10.1093/nar/20.21.5843; 10.1159/000150451
Q85230	reviewed	GK_SUHVK	Envelope glycoprotein K (Syncytial protein)	gK UL53	Suid herpesvirus 1 (strain Kaplan) (SuHV-1) (Pseudorabies virus (strain Kaplan))	312	SIGNAL 1..20; /evidence="ECO:0000255"	Sus scrofa (Pig) [TaxID: 9823]	7637001	10.1128/jvi.69.9.5560-5567.1995
Q85320	reviewed	PG135_VACCW	Virion membrane protein OPG135	OPG135 VACWR128 A9L	Vaccinia virus (strain Western Reserve) (VACV) (Vaccinia virus (strain WR))	108	SIGNAL 1..22; /evidence="ECO:0000255"	Bos taurus (Bovine) [TaxID: 9913]	3196167; 11000242; 17192302	10.1007/bf01315559; 10.1128/jvi.74.20.9701-9711.2000; 10.1128/jvi.02631-06
Q86207	reviewed	VP7_ROTHJ	Outer capsid glycoprotein VP7		Rotavirus A (strain RVA/Human/Japan/K8/1977/G1P3A[9]) (RV-A)	326	SIGNAL 1..50; /evidence="ECO:0000255|HAMAP-Rule:MF_04131"	Homo sapiens (Human) [TaxID: 9606]	2474677	10.1128/jvi.63.9.4101-4106.1989
Q86539	reviewed	GN_HHV2H	Envelope glycoprotein N	gN	Human herpesvirus 2 (strain HG52) (HHV-2) (Human herpes simplex virus 2)	87	SIGNAL 1..25; /evidence="ECO:0000255|HAMAP-Rule:MF_04037"	Homo sapiens (Human) [TaxID: 9606]	1322965; 9499055	10.1099/0022-1317-73-8-2167; 10.1128/jvi.72.3.2010-2021.1998
Q86607	reviewed	VGF_VACCP	Pro-vaccinia growth factor (Pro-VGF) [Cleaved into: Vaccinia growth factor (VGF) (Secreted epidermal growth factor-like)]	OPG019	Vaccinia virus (strain L-IVP) (VACV)	140	SIGNAL 1..18; /evidence="ECO:0000255"	Homo sapiens (Human) [TaxID: 9606]	1298881	
Q87088	reviewed	GN_SUHV	Envelope glycoprotein N	gN UL49.5	Suid herpesvirus 1 (SuHV-1) (Pseudorabies virus)	98	SIGNAL 1..24; /evidence="ECO:0000255|HAMAP-Rule:MF_04037"		8551587; 14671123; 9420258	10.1128/jvi.70.2.1237-1241.1996; 10.1128/jvi.78.1.424-440.2004; 10.1128/jvi.72.1.550-557.1998
Q88938	reviewed	ENV_WDSV	Envelope glycoprotein (Env polyprotein) [Cleaved into: Surface protein (SU); Transmembrane protein (TM)]	env	Walleye dermal sarcoma virus (WDSV)	1160	SIGNAL 1..22; /evidence="ECO:0000255"	Sander vitreus (Walleye) (Perca vitrea) [TaxID: 283036]	7636975; 17698670	10.1128/jvi.69.9.5320-5331.1995; 10.1099/vir.0.82967-0
Q89182	reviewed	HEMA_VACCA	Protein OPG185 (Hemagglutinin)	OPG185 HA MVA165R ACAM3000_MVA_165 A56R	Vaccinia virus (strain Ankara) (VACV)	315	SIGNAL 1..16; /evidence="ECO:0000250"	Homo sapiens (Human) [TaxID: 9606]	8921843; 9601507	10.1016/0378-1119(96)00267-3; 10.1006/viro.1998.9123
Q89860	reviewed	HBEAG_DHBVQ	External core antigen (HBeAg) (Precore protein)	C	Duck hepatitis B virus (isolate Shanghai/DHBVQCA34) (DHBV)	305	SIGNAL 1..19; /evidence="ECO:0000255"	Anas (ducks) [TaxID: 8835]		
Q8B9D5	reviewed	CATV_NPVR1	Viral cathepsin (V-cath) (EC 3.4.22.50) (Cysteine proteinase) (CP)	VCATH RO120	Rachiplusia ou multiple nucleopolyhedrovirus (strain R1) (RoMNPV)	323	SIGNAL 1..16; /evidence="ECO:0000255"	Helicoverpa zea (Corn earworm moth) (Heliothis zea) [TaxID: 7113]; Lepidoptera (moths & butterflies) [TaxID: 7088]; Ostrinia nubilalis (European corn borer) (Pyralis nubilalis) [TaxID: 29057]		
Q8BEJ6	reviewed	HEMA_MONPV	Protein OPG185 (Hemagglutinin)	OPG185 HA MPXVgp163	Monkeypox virus (MPXV)	313	SIGNAL 1..16; /evidence="ECO:0000255"	Cynomys gunnisoni (Gunnison's prairie dog) (Spermophilus gunnisoni) [TaxID: 45479]; Cynomys leucurus (White-tailed prairie dog) [TaxID: 99825]; Cynomys ludovicianus (Black-tailed prairie dog) [TaxID: 45480]; Cynomys mexicanus (Mexican prairie dog) [TaxID: 99826]; Cynomys parvidens (Utah prairie dog) [TaxID: 99827]; Gliridae (dormice) [TaxID: 30650]; Heliosciurus ruwenzorii (Ruwenzori sun squirrel) [TaxID: 226685]; Homo sapiens (Human) [TaxID: 9606]; Mus musculus (Mouse) [TaxID: 10090]	32880628	10.1093/infdis/jiaa559
Q8JL80	reviewed	SEMA_ECTVM	Semaphorin-like protein 139	EVM139 SEMA	Ectromelia virus (strain Moscow) (ECTV) (Mousepox virus)	399	SIGNAL 1..14; /evidence="ECO:0000255"	Mus musculus (Mouse) [TaxID: 10090]	7747448; 10725549; 9495531; 12941926; 9586637; 15611227; 15657950; 20727575	10.1006/viro.1995.1208; 10.1016/s0168-1702(99)00135-5; 10.1016/s0168-1702(97)00122-6; 10.1128/jvi.77.18.10139-10146.2003; 10.1016/s1074-7613(00)80552-x; 10.4049/jimmunol.174.1.51; 10.1002/eji.200425669; 10.1016/j.cell.2010.07.040
Q8JNB3	reviewed	VP7_ROTW3	Outer capsid glycoprotein VP7		Rotavirus A (strain RVA/Cow/United States/WC3/1981/G6P7[5]) (RV-A) (Rotavirus (strain Wistar calf 3))	326	SIGNAL 1..50; /evidence="ECO:0000255|HAMAP-Rule:MF_04131"	Bos taurus (Bovine) [TaxID: 9913]	12018701	10.1023/a:1014512314545
Q8JPR1	reviewed	GP_BUNL8	Envelopment polyprotein (M polyprotein) [Cleaved into: Glycoprotein N (Gn) (Glycoprotein G2); Non-structural protein M (NSm); Glycoprotein C (Gc) (Glycoprotein G1)]	GP	Bunyavirus La Crosse (isolate Human/United States/L78/1978)	1441	SIGNAL 1..13; /evidence="ECO:0000255"	Cervidae (Deer) [TaxID: 9850]; Homo sapiens (Human) [TaxID: 9606]; Ochlerotatus triseriatus (Eastern treehole mosquito) (Aedes triseriatus) [TaxID: 7162]; Tamias [TaxID: 13712]	17488515; 17027056	10.1186/1743-422x-4-41; 10.1016/j.virol.2006.08.050
Q8JTH0	reviewed	GLYCO_ABLVH	Glycoprotein	G	Australian bat lyssavirus (isolate Human/AUS/1998) (ABLV)	526	SIGNAL 1..19; /evidence="ECO:0000255"	Homo sapiens (Human) [TaxID: 9606]; Pteropus alecto (Black flying fox) [TaxID: 9402]; Pteropus conspicillatus (Spectacled flying fox) [TaxID: 328804]; Pteropus poliocephalus (Grey-headed flying fox) [TaxID: 9403]; Pteropus scapulatus (Little red flying fox) [TaxID: 94117]; Saccolaimus [TaxID: 446909]	12083841	10.1006/viro.2002.1417
Q8QLK1	reviewed	CATV_NPVMC	Viral cathepsin (V-cath) (EC 3.4.22.50) (Cysteine proteinase) (CP)	VCATH	Mamestra configurata nucleopolyhedrovirus (MacoNPV)	337	SIGNAL 1..16; /evidence="ECO:0000255"	Mamestra configurata (bertha armyworm) [TaxID: 174822]	11886270	10.1006/viro.2001.1313
Q8UZK5	reviewed	US11_HCMVT	Unique short US11 glycoprotein (HXLF1) (gpUS11)	US11	Human cytomegalovirus (strain Towne) (HHV-5) (Human herpesvirus 5)	215	SIGNAL 1..17; /evidence="ECO:0000250"	Homo sapiens (Human) [TaxID: 9606]		
Q8V307	reviewed	VGF_CAMPM	Growth factor (Secreted epidermal growth factor-like)	OPG019 CMLV010	Camelpox virus (strain M-96)	139	SIGNAL 1..19; /evidence="ECO:0000255"	Camelus [TaxID: 9836]	12033760	10.1006/viro.2001.1343
Q8V5U0	reviewed	CATV_NPVHZ	Viral cathepsin (V-cath) (EC 3.4.22.50) (Cysteine proteinase) (CP)	VCATH 57	Heliothis zea nuclear polyhedrosis virus (HzSNPV) (Helicoverpa zea single nucleocapsid nuclear polyhedrosis virus)	367	SIGNAL 1..25; /evidence="ECO:0000255"	Lepidoptera (moths & butterflies) [TaxID: 7088]		
Q90023	reviewed	SODC_PBCV1	Superoxide dismutase [Cu-Zn] (EC 1.15.1.1)	A245R	Paramecium bursaria Chlorella virus 1 (PBCV-1)	187	SIGNAL 1..21; /evidence="ECO:0000255"	Chlorella [TaxID: 3071]	7831789	10.1016/s0042-6822(95)80049-2
Q91BH1	reviewed	CATV_NPVST	Viral cathepsin (V-cath) (EC 3.4.22.50) (Cysteine proteinase) (CP)	VCATH 54	Spodoptera litura multicapsid nucleopolyhedrovirus (SpltMNPV)	337	SIGNAL 1..18; /evidence="ECO:0000255"	Lepidoptera (moths & butterflies) [TaxID: 7088]	11531416	10.1006/viro.2001.1056
Q91C28	reviewed	GLYCO_DUVV	Glycoprotein	G	Duvenhage virus (DUVV)	533	SIGNAL 1..19; /evidence="ECO:0000255"	Homo sapiens (Human) [TaxID: 9606]; Mammalia [TaxID: 40674]	11238853; 12417947; 16051841	10.1128/jvi.75.7.3268-3276.2001; 10.1007/s00705-002-0877-4; 10.1128/jvi.79.16.10487-10497.2005
Q91CL9	reviewed	CATV_NPVAP	Viral cathepsin (V-cath) (EC 3.4.22.50) (Cysteine proteinase) (CP)	VCATH	Antheraea pernyi nuclear polyhedrosis virus (ApNPV)	324	SIGNAL 1..16; /evidence="ECO:0000255"	Antheraea pernyi (Chinese oak silk moth) (Bombyx pernyi) [TaxID: 7119]	16233185	10.1263/jbb.93.183
Q91DS0	reviewed	GLYCO_SVCV	Glycoprotein	G	Spring viremia of carp virus (Rhabdovirus carpia)	509	SIGNAL 1..18; /evidence="ECO:0000255"	Cyprinus carpio (Common carp) [TaxID: 7962]	11900842	10.1016/s0168-1702(01)00441-5
Q91GE3	reviewed	CATV_NPVEP	Viral cathepsin (V-cath) (EC 3.4.22.50) (Cysteine proteinase) (CP)	VCATH 111	Epiphyas postvittana nucleopolyhedrovirus (EppoMNPV)	323	SIGNAL 1..18; /evidence="ECO:0000255"	Lepidoptera (moths & butterflies) [TaxID: 7088]	11907346	10.1099/0022-1317-83-4-957
Q96643	reviewed	VP7_ROTBV	Outer capsid glycoprotein VP7		Rotavirus A (isolate RVA/Cow/United States/VMRI/1988/G6P[5]) (RV-A)	326	SIGNAL 1..50; /evidence="ECO:0000255|HAMAP-Rule:MF_04131"	Bos taurus (Bovine) [TaxID: 9913]	8870187	10.1016/0378-1135(96)00050-8
Q98031	reviewed	VP7_ROTKU	Outer capsid glycoprotein VP7		Rotavirus A (strain RVA/Human/Japan/KUN/1980/G2P1B[4]) (RV-A)	326	SIGNAL 1..50; /evidence="ECO:0000255|HAMAP-Rule:MF_04131"	Homo sapiens (Human) [TaxID: 9606]	8657020	10.1111/j.1348-0421.1995.tb03277.x
Q9DLD4	reviewed	FUS_NDVB1	Fusion glycoprotein F0 [Cleaved into: Fusion glycoprotein F2; Fusion glycoprotein F1]	F	Newcastle disease virus (strain Chicken/United States/B1/48) (NDV)	553	SIGNAL 1..31; /evidence="ECO:0000255"	Gallus gallus (Chicken) [TaxID: 9031]		
Q9E6L5	reviewed	GI_GAHVM	Envelope glycoprotein I	gI MDV095	Gallid herpesvirus 2 (strain Chicken/Md5/ATCC VR-987) (GaHV-2) (Marek's disease herpesvirus type 1)	355	SIGNAL 1..18; /evidence="ECO:0000255"	Gallus gallus (Chicken) [TaxID: 9031]	10933706	10.1128/jvi.74.17.7980-7988.2000
Q9E6L6	reviewed	GD_GAHVM	Envelope glycoprotein D (gD)	MDV094	Gallid herpesvirus 2 (strain Chicken/Md5/ATCC VR-987) (GaHV-2) (Marek's disease herpesvirus type 1)	403	SIGNAL 1..34; /evidence="ECO:0000255"	Gallus gallus (Chicken) [TaxID: 9031]	10933706	10.1128/jvi.74.17.7980-7988.2000
Q9E6M3	reviewed	GK_GAHVM	Envelope glycoprotein K	gK MDV067	Gallid herpesvirus 2 (strain Chicken/Md5/ATCC VR-987) (GaHV-2) (Marek's disease herpesvirus type 1)	354	SIGNAL 1..31; /evidence="ECO:0000255"	Gallus gallus (Chicken) [TaxID: 9031]	10933706	10.1128/jvi.74.17.7980-7988.2000
Q9E6P6	reviewed	GH_GAHVM	Envelope glycoprotein H (gH)	gH MDV034	Gallid herpesvirus 2 (strain Chicken/Md5/ATCC VR-987) (GaHV-2) (Marek's disease herpesvirus type 1)	813	SIGNAL 1..18; /evidence="ECO:0000255|HAMAP-Rule:MF_04033"	Gallus gallus (Chicken) [TaxID: 9031]	10933706	10.1128/jvi.74.17.7980-7988.2000
Q9E779	reviewed	VP7_ROT18	Outer capsid glycoprotein VP7		Rotavirus A (isolate RVA/Cow/India/Hg18/2000/G15P[21]) (RV-A)	326	SIGNAL 1..50; /evidence="ECO:0000255|HAMAP-Rule:MF_04131"	Bos taurus (Bovine) [TaxID: 9913]	11021999	10.1006/viro.2000.0472
Q9IFF7	reviewed	HEMA_I60A0	Hemagglutinin [Cleaved into: Hemagglutinin HA1 chain]	HA	Influenza A virus (strain A/Ann Arbor/6/1960 H2N2)	339	SIGNAL 1..15; /evidence="ECO:0000255"	Aves [TaxID: 8782]; Homo sapiens (Human) [TaxID: 9606]	10954551	10.1128/jvi.74.18.8502-8512.2000
Q9IPD4	reviewed	VP7_ROTEO	Outer capsid glycoprotein VP7		Rotavirus A (isolate RVA/Equine/Japan/HO-5/1980/G3P[X]) (RV-A)	326	SIGNAL 1..50; /evidence="ECO:0000255|HAMAP-Rule:MF_04131"	Equus caballus (Horse) [TaxID: 9796]		
Q9J3N1	reviewed	GL_VZVO	Envelope glycoprotein L (gL)	gL ORF60	Varicella-zoster virus (strain Oka vaccine) (HHV-3) (Human herpesvirus 3)	160	SIGNAL 1..22; /evidence="ECO:0000255|HAMAP-Rule:MF_04034"	Homo sapiens (Human) [TaxID: 9606]	10720545; 11162813; 12388706; 18787000	10.1086/315335; 10.1006/viro.2000.0775; 10.1128/jvi.76.22.11447-11459.2002; 10.1128/jvi.00777-08
Q9J8B9	reviewed	CATV_NPVSE	Viral cathepsin (V-cath) (EC 3.4.22.50) (Cysteine proteinase) (CP)	VCATH 16	Spodoptera exigua nuclear polyhedrosis virus (strain US) (SeMNPV)	337	SIGNAL 1..16; /evidence="ECO:0000255"	Lepidoptera (moths & butterflies) [TaxID: 7088]	10567663	10.1099/0022-1317-80-12-3289
Q9JAE0	reviewed	FUS_MUMPK	Fusion glycoprotein F0 [Cleaved into: Fusion glycoprotein F2; Fusion glycoprotein F1]	F	Mumps virus (strain Kilham) (MuV)	538	SIGNAL 1..19; /evidence="ECO:0000305|PubMed:3840621"	Homo sapiens (Human) [TaxID: 9606]	10948992; 3840621	10.1007/s007050070119; 10.1016/0042-6822(85)90279-x
Q9JF44	reviewed	PG190_VACCT	Protein OPG190 (Plaque-size/host range protein)	OPG190 PS/HR TB5R	Vaccinia virus (strain Tian Tan) (VACV)	317	SIGNAL 1..17; /evidence="ECO:0000255"	Homo sapiens (Human) [TaxID: 9606]		
Q9JFH4	reviewed	VGF_VACCT	Pro-vaccinia growth factor (Pro-VGF) [Cleaved into: Vaccinia growth factor (VGF) (Secreted epidermal growth factor-like)]	OPG019 TC18R	Vaccinia virus (strain Tian Tan) (VACV)	140	SIGNAL 1..18; /evidence="ECO:0000255"	Homo sapiens (Human) [TaxID: 9606]		
Q9PYY5	reviewed	CATV_GVXN	Viral cathepsin (V-cath) (EC 3.4.22.50) (Cysteine proteinase) (CP)	VCATH 58	Xestia c-nigrum granulosis virus (XnGV) (Xestia c-nigrum granulovirus)	346	SIGNAL 1..28; /evidence="ECO:0000255"	Xestia [TaxID: 320016]	10502508	10.1006/viro.1999.9894
Q9QJ11	reviewed	GQ1_HHV6Z	Glycoprotein Q1 (gQ1) (Glycoprotein 105) (gp105) (Glycoprotein Q-80k) (gQ-80k) (HCLF1 protein)	U100	Human herpesvirus 6B (strain Z29) (HHV-6 variant B) (Human B lymphotropic virus)	616	SIGNAL 1..24; /evidence="ECO:0000255"	Homo sapiens (Human) [TaxID: 9606]	10482553; 21957287; 23674671	10.1128/jvi.73.10.8040-8052.1999; 10.1128/jvi.05622-11; 10.1073/pnas.1305187110
Q9QR69	reviewed	K15_HHV8P	Protein K15	K15	Human herpesvirus 8 type P (isolate GK18) (HHV-8) (Kaposi's sarcoma-associated herpesvirus)	489	SIGNAL 1..26; /evidence="ECO:0000255"	Homo sapiens (Human) [TaxID: 9606]	10400794; 16760382; 12915550; 17696407; 18985015; 20534855; 23028325; 28835496; 28938025	10.1128/jvi.73.8.6953-6963.1999; 10.1099/vir.0.81919-0; 10.1128/jvi.77.17.9346-9358.2003; 10.1021/bi700357s; 10.3858/emm.2008.40.5.565; 10.1128/jvi.01696-09; 10.1371/journal.ppat.1002927; 10.1128/jvi.01370-17; 10.1371/journal.ppat.1006639
Q9QSP1	reviewed	GLYCO_ABLVB	Glycoprotein	G	Australian bat lyssavirus (isolate Bat/AUS/1996) (ABLV)	525	SIGNAL 1..19; /evidence="ECO:0000255"	Homo sapiens (Human) [TaxID: 9606]; Pteropus alecto (Black flying fox) [TaxID: 9402]; Pteropus conspicillatus (Spectacled flying fox) [TaxID: 328804]; Pteropus poliocephalus (Grey-headed flying fox) [TaxID: 9403]; Pteropus scapulatus (Little red flying fox) [TaxID: 94117]; Saccolaimus [TaxID: 446909]	12367747	10.1016/s0168-1702(02)00056-4
Q9WGE0	reviewed	CATV_NPVHC	Viral cathepsin (V-cath) (EC 3.4.22.50) (Cysteine proteinase) (CP)	VCATH	Hyphantria cunea nuclear polyhedrosis virus (HcNPV)	324	SIGNAL 1..18; /evidence="ECO:0000255"	Lepidoptera (moths & butterflies) [TaxID: 7088]		
Q9YMJ7	reviewed	ENV_NPVLD	Envelope fusion protein	LdOrf-130	Lymantria dispar multicapsid nuclear polyhedrosis virus (LdMNPV)	676	SIGNAL 1..16; /evidence="ECO:0000255"	Lepidoptera (moths & butterflies) [TaxID: 7088]	9887315; 10846096	10.1006/viro.1998.9469; 10.1128/jvi.74.13.6126-6131.2000
Q9YMP9	reviewed	CATV_NPVLD	Viral cathepsin (V-cath) (EC 3.4.22.50) (Cysteine proteinase) (CP)	VCATH	Lymantria dispar multicapsid nuclear polyhedrosis virus (LdMNPV)	356	SIGNAL 1..40; /evidence="ECO:0000255"	Lepidoptera (moths & butterflies) [TaxID: 7088]	9887315	10.1006/viro.1998.9469
Q9YWK4	reviewed	CATV_NPVBS	Viral cathepsin (V-cath) (EC 3.4.22.50) (Cysteine proteinase) (CP)	VCATH	Buzura suppressaria nuclear polyhedrosis virus (BsNPV)	331	SIGNAL 1..21; /evidence="ECO:0000255"	Lepidoptera (moths & butterflies) [TaxID: 7088]	9820162	10.1099/0022-1317-79-11-2841
A0A7H0DMZ8	reviewed	IL18B_MONPV	Interleukin-18-binding protein (vIL-18BP)	OPG022 D6L MPXVgp009	Monkeypox virus (MPXV)	126	SIGNAL 1..16; /evidence="ECO:0000255"	Cynomys gunnisoni (Gunnison's prairie dog) (Spermophilus gunnisoni) [TaxID: 45479]; Cynomys leucurus (White-tailed prairie dog) [TaxID: 99825]; Cynomys ludovicianus (Black-tailed prairie dog) [TaxID: 45480]; Cynomys mexicanus (Mexican prairie dog) [TaxID: 99826]; Cynomys parvidens (Utah prairie dog) [TaxID: 99827]; Gliridae (dormice) [TaxID: 30650]; Heliosciurus ruwenzorii (Ruwenzori sun squirrel) [TaxID: 226685]; Homo sapiens (Human) [TaxID: 9606]; Mus musculus (Mouse) [TaxID: 10090]	32880628	10.1093/infdis/jiaa559
A0A7H0DN11	reviewed	PG038_MONPV	Early protein OPG038 (Protein M2)	OPG038 M2L MPXVgp026	Monkeypox virus (MPXV)	220	SIGNAL 1..17; /evidence="ECO:0000255"	Cynomys gunnisoni (Gunnison's prairie dog) (Spermophilus gunnisoni) [TaxID: 45479]; Cynomys leucurus (White-tailed prairie dog) [TaxID: 99825]; Cynomys ludovicianus (Black-tailed prairie dog) [TaxID: 45480]; Cynomys mexicanus (Mexican prairie dog) [TaxID: 99826]; Cynomys parvidens (Utah prairie dog) [TaxID: 99827]; Gliridae (dormice) [TaxID: 30650]; Heliosciurus ruwenzorii (Ruwenzori sun squirrel) [TaxID: 226685]; Homo sapiens (Human) [TaxID: 9606]; Mus musculus (Mouse) [TaxID: 10090]	32880628	10.1093/infdis/jiaa559
A0A7H0DN13	reviewed	PG040_MONPV	Superinfection exclusion protein	OPG040 SERP2 MPXVgp028	Monkeypox virus (MPXV)	375	SIGNAL 1..15; /evidence="ECO:0000255"	Cynomys gunnisoni (Gunnison's prairie dog) (Spermophilus gunnisoni) [TaxID: 45479]; Cynomys leucurus (White-tailed prairie dog) [TaxID: 99825]; Cynomys ludovicianus (Black-tailed prairie dog) [TaxID: 45480]; Cynomys mexicanus (Mexican prairie dog) [TaxID: 99826]; Cynomys parvidens (Utah prairie dog) [TaxID: 99827]; Gliridae (dormice) [TaxID: 30650]; Heliosciurus ruwenzorii (Ruwenzori sun squirrel) [TaxID: 226685]; Homo sapiens (Human) [TaxID: 9606]; Mus musculus (Mouse) [TaxID: 10090]	32880628	10.1093/infdis/jiaa559
A0A7H0DN22	reviewed	PG049_MONPV	Protein OPG049	OPG049 MPXVgp037	Monkeypox virus (MPXV)	318	SIGNAL 1..20; /evidence="ECO:0000255"	Cynomys gunnisoni (Gunnison's prairie dog) (Spermophilus gunnisoni) [TaxID: 45479]; Cynomys leucurus (White-tailed prairie dog) [TaxID: 99825]; Cynomys ludovicianus (Black-tailed prairie dog) [TaxID: 45480]; Cynomys mexicanus (Mexican prairie dog) [TaxID: 99826]; Cynomys parvidens (Utah prairie dog) [TaxID: 99827]; Gliridae (dormice) [TaxID: 30650]; Heliosciurus ruwenzorii (Ruwenzori sun squirrel) [TaxID: 226685]; Homo sapiens (Human) [TaxID: 9606]; Mus musculus (Mouse) [TaxID: 10090]	32880628	10.1093/infdis/jiaa559
A0A7H0DNA7	reviewed	PG135_MONPV	Virion membrane protein OPG135	OPG135 MPXVgp120	Monkeypox virus (MPXV)	100	SIGNAL 1..22; /evidence="ECO:0000255"	Cynomys gunnisoni (Gunnison's prairie dog) (Spermophilus gunnisoni) [TaxID: 45479]; Cynomys leucurus (White-tailed prairie dog) [TaxID: 99825]; Cynomys ludovicianus (Black-tailed prairie dog) [TaxID: 45480]; Cynomys mexicanus (Mexican prairie dog) [TaxID: 99826]; Cynomys parvidens (Utah prairie dog) [TaxID: 99827]; Gliridae (dormice) [TaxID: 30650]; Heliosciurus ruwenzorii (Ruwenzori sun squirrel) [TaxID: 226685]; Homo sapiens (Human) [TaxID: 9606]; Mus musculus (Mouse) [TaxID: 10090]	32880628	10.1093/infdis/jiaa559
A0A7H0DND8	reviewed	PG170_MONPV	Protein OPG170	OPG170 MPXVgp151	Monkeypox virus (MPXV)	221	SIGNAL 1..17; /evidence="ECO:0000255"	Cynomys gunnisoni (Gunnison's prairie dog) (Spermophilus gunnisoni) [TaxID: 45479]; Cynomys leucurus (White-tailed prairie dog) [TaxID: 99825]; Cynomys ludovicianus (Black-tailed prairie dog) [TaxID: 45480]; Cynomys mexicanus (Mexican prairie dog) [TaxID: 99826]; Cynomys parvidens (Utah prairie dog) [TaxID: 99827]; Gliridae (dormice) [TaxID: 30650]; Heliosciurus ruwenzorii (Ruwenzori sun squirrel) [TaxID: 226685]; Homo sapiens (Human) [TaxID: 9606]; Mus musculus (Mouse) [TaxID: 10090]	32880628	10.1093/infdis/jiaa559
A0A7H0DNE0	reviewed	PG172_MONPV	Protein OPG172	OPG172 MPXVgp153	Monkeypox virus (MPXV)	196	SIGNAL 1..21; /evidence="ECO:0000255"	Cynomys gunnisoni (Gunnison's prairie dog) (Spermophilus gunnisoni) [TaxID: 45479]; Cynomys leucurus (White-tailed prairie dog) [TaxID: 99825]; Cynomys ludovicianus (Black-tailed prairie dog) [TaxID: 45480]; Cynomys mexicanus (Mexican prairie dog) [TaxID: 99826]; Cynomys parvidens (Utah prairie dog) [TaxID: 99827]; Gliridae (dormice) [TaxID: 30650]; Heliosciurus ruwenzorii (Ruwenzori sun squirrel) [TaxID: 226685]; Homo sapiens (Human) [TaxID: 9606]; Mus musculus (Mouse) [TaxID: 10090]	32880628	10.1093/infdis/jiaa559
A0A7H0DNF5	reviewed	PG193_MONPV	Soluble interferon gamma receptor OPG193	OPG193 MPXVgp170	Monkeypox virus (MPXV)	267	SIGNAL 1..17; /evidence="ECO:0000255"	Cynomys gunnisoni (Gunnison's prairie dog) (Spermophilus gunnisoni) [TaxID: 45479]; Cynomys leucurus (White-tailed prairie dog) [TaxID: 99825]; Cynomys ludovicianus (Black-tailed prairie dog) [TaxID: 45480]; Cynomys mexicanus (Mexican prairie dog) [TaxID: 99826]; Cynomys parvidens (Utah prairie dog) [TaxID: 99827]; Gliridae (dormice) [TaxID: 30650]; Heliosciurus ruwenzorii (Ruwenzori sun squirrel) [TaxID: 226685]; Homo sapiens (Human) [TaxID: 9606]; Mus musculus (Mouse) [TaxID: 10090]	32880628	10.1093/infdis/jiaa559
A0A7H0DNG1	reviewed	IL1BP_MONPV	Interleukin-1-binding protein	OPG201 MPXVgp175	Monkeypox virus (MPXV)	180	SIGNAL 1..20; /evidence="ECO:0000255"	Cynomys gunnisoni (Gunnison's prairie dog) (Spermophilus gunnisoni) [TaxID: 45479]; Cynomys leucurus (White-tailed prairie dog) [TaxID: 99825]; Cynomys ludovicianus (Black-tailed prairie dog) [TaxID: 45480]; Cynomys mexicanus (Mexican prairie dog) [TaxID: 99826]; Cynomys parvidens (Utah prairie dog) [TaxID: 99827]; Gliridae (dormice) [TaxID: 30650]; Heliosciurus ruwenzorii (Ruwenzori sun squirrel) [TaxID: 226685]; Homo sapiens (Human) [TaxID: 9606]; Mus musculus (Mouse) [TaxID: 10090]	32880628	10.1093/infdis/jiaa559
A4UHQ1	reviewed	GLYCO_EBLV1	Glycoprotein	G	European bat lyssavirus 1 (strain Bat/Germany/RV9/1968) (EBLV1)	524	SIGNAL 1..19; /evidence="ECO:0000255"	Mammalia [TaxID: 40674]	17374776	10.1099/vir.0.82692-0
A7WNB0	reviewed	PP3_DMSVA	Protein PP3	X 3	Drosophila melanogaster sigma virus (isolate Drosophila/USA/AP30/2005) (DMelSV)	298	SIGNAL 1..25; /evidence="ECO:0000255"	Drosophila melanogaster (Fruit fly) [TaxID: 7227]	17725574; 7491755	10.1111/j.1365-294x.2007.03460.x; 10.1006/viro.1995.0003
A8CGF6	reviewed	SPAN2_BPP22	Probable spanin, outer lipoprotein subunit (o-spanin) (Rz1 protein)	Rz1	Salmonella phage P22 (Bacteriophage P22)	61	SIGNAL 1..28; /evidence="ECO:0000255"	Salmonella typhimurium [TaxID: 90371]	2998005; 2763468; 12562822; 18621868	10.1016/0042-6822(85)90115-1; 10.1016/0042-6822(89)90628-4; 10.1128/jb.185.4.1475-1477.2003; 10.1128/aem.00352-08
A9JLI2	reviewed	1101L_ASFPP	Protein MGF 110-1L	MGF 110-1L	African swine fever virus (isolate Pig/Portugal/OURT88/1988) (ASFV)	270	SIGNAL 1..26; /evidence="ECO:0000269|PubMed:30279544"	Ornithodoros (relapsing fever ticks) [TaxID: 6937]; Sus scrofa (Pig) [TaxID: 9823]	18198370; 30279544	10.1099/vir.0.83343-0; 10.1038/s41598-018-32985-z
A9JLI3	reviewed	1102L_ASFPP	Protein MGF 110-2L	MGF 110-2L	African swine fever virus (isolate Pig/Portugal/OURT88/1988) (ASFV)	104	SIGNAL 1..31; /evidence="ECO:0000269|PubMed:30279544"	Ornithodoros (relapsing fever ticks) [TaxID: 6937]; Sus scrofa (Pig) [TaxID: 9823]	18198370; 30279544	10.1099/vir.0.83343-0; 10.1038/s41598-018-32985-z
A9JLI5	reviewed	1104L_ASFPP	Protein MGF 110-4L	MGF 110-4L	African swine fever virus (isolate Pig/Portugal/OURT88/1988) (ASFV)	124	SIGNAL 1..28; /evidence="ECO:0000269|PubMed:30279544"	Ornithodoros (relapsing fever ticks) [TaxID: 6937]; Sus scrofa (Pig) [TaxID: 9823]	18198370; 30279544	10.1099/vir.0.83343-0; 10.1038/s41598-018-32985-z
A9JLI7	reviewed	1105L_ASFPP	Protein MGF 110-5L	MGF 110-5L	African swine fever virus (isolate Pig/Portugal/OURT88/1988) (ASFV)	124	SIGNAL 1..28; /evidence="ECO:0000269|PubMed:30279544"	Ornithodoros (relapsing fever ticks) [TaxID: 6937]; Sus scrofa (Pig) [TaxID: 9823]	18198370; 30279544	10.1099/vir.0.83343-0; 10.1038/s41598-018-32985-z
D0QX25	reviewed	ENV_QRFVE	Envelope glycoprotein	Segment 5	Quaranfil virus (isolate QrfV/Tick/Afghanistan/EG_T_377/1968) (QRFV)	511	SIGNAL 1..16; /evidence="ECO:0000255"	Ixodidae (hardbacked ticks) [TaxID: 6939]	19726499	10.1128/jvi.00677-09
F5H8Q3	reviewed	UL148_HCMVM	Membrane protein UL148	UL148	Human cytomegalovirus (strain Merlin) (HHV-5) (Human herpesvirus 5)	316	SIGNAL 1..20; /evidence="ECO:0000255"	Homo sapiens (Human) [TaxID: 9606]	15105547	10.1099/vir.0.79888-0
F5H8R0	reviewed	U147A_HCMVM	Uncharacterized protein UL147A	UL147A	Human cytomegalovirus (strain Merlin) (HHV-5) (Human herpesvirus 5)	75	SIGNAL 1..25; /evidence="ECO:0000255"	Homo sapiens (Human) [TaxID: 9606]	15105547; 33939764	10.1099/vir.0.79888-0; 10.1371/journal.ppat.1008807
F5H9T4	reviewed	UL09_HCMVM	Membrane glycoprotein UL9	UL9	Human cytomegalovirus (strain Merlin) (HHV-5) (Human herpesvirus 5)	233	SIGNAL 1..20; /evidence="ECO:0000255"	Homo sapiens (Human) [TaxID: 9606]	15105547	10.1099/vir.0.79888-0
F5HB98	reviewed	K81_HHV8P	Protein K8.1	K8.1	Human herpesvirus 8 type P (isolate GK18) (HHV-8) (Kaposi's sarcoma-associated herpesvirus)	228	SIGNAL 1..26; /evidence="ECO:0000255"	Homo sapiens (Human) [TaxID: 9606]	10400794; 16760382	10.1128/jvi.73.8.6953-6963.1999; 10.1099/vir.0.81919-0
F5HC14	reviewed	UL119_HCMVM	Viral Fc-gamma receptor-like protein UL119 (gp68)	UL119/UL118	Human cytomegalovirus (strain Merlin) (HHV-5) (Human herpesvirus 5)	345	SIGNAL 1..23; /evidence="ECO:0000255"	Homo sapiens (Human) [TaxID: 9606]	15105547	10.1099/vir.0.79888-0
F5HCJ2	reviewed	VCCL3_HHV8P	Protein vCCL3	K4.1	Human herpesvirus 8 type P (isolate GK18) (HHV-8) (Kaposi's sarcoma-associated herpesvirus)	114	SIGNAL 1..26; /evidence="ECO:0000255"	Homo sapiens (Human) [TaxID: 9606]	10400794; 16760382; 17403668	10.1128/jvi.73.8.6953-6963.1999; 10.1099/vir.0.81919-0; 10.1074/jbc.m702001200
F5HD27	reviewed	UL121_HCMVM	Membrane protein UL121	UL121	Human cytomegalovirus (strain Merlin) (HHV-5) (Human herpesvirus 5)	180	SIGNAL 1..27; /evidence="ECO:0000255"	Homo sapiens (Human) [TaxID: 9606]	15105547	10.1099/vir.0.79888-0
F5HDD3	reviewed	US07_HCMVM	Membrane glycoprotein US7	US7	Human cytomegalovirus (strain Merlin) (HHV-5) (Human herpesvirus 5)	225	SIGNAL 1..17; /evidence="ECO:0000255"	Homo sapiens (Human) [TaxID: 9606]	15105547	10.1099/vir.0.79888-0
F5HF90	reviewed	UL22A_HCMVM	Glycoprotein UL22A	UL22A	Human cytomegalovirus (strain Merlin) (HHV-5) (Human herpesvirus 5)	105	SIGNAL 1..20; /evidence="ECO:0000255"	Homo sapiens (Human) [TaxID: 9606]	15105547	10.1099/vir.0.79888-0
F5HFB4	reviewed	UL18_HCMVM	Membrane glycoprotein UL18	UL18	Human cytomegalovirus (strain Merlin) (HHV-5) (Human herpesvirus 5)	368	SIGNAL 1..19; /evidence="ECO:0000255"	Homo sapiens (Human) [TaxID: 9606]	15105547	10.1099/vir.0.79888-0
F5HG68	reviewed	UL16P_HCMVM	Protein UL16	UL16	Human cytomegalovirus (strain Merlin) (HHV-5) (Human herpesvirus 5)	230	SIGNAL 1..21; /evidence="ECO:0000255"	Homo sapiens (Human) [TaxID: 9606]	15105547	10.1099/vir.0.79888-0
F5HGU6	reviewed	UL132_HCMVM	Envelope glycoprotein UL132	UL132	Human cytomegalovirus (strain Merlin) (HHV-5) (Human herpesvirus 5)	270	SIGNAL 1..27; /evidence="ECO:0000255"	Homo sapiens (Human) [TaxID: 9606]	15105547	10.1099/vir.0.79888-0
F5HHS3	reviewed	UL124_HCMVM	Uncharacterized protein UL124	UL124	Human cytomegalovirus (strain Merlin) (HHV-5) (Human herpesvirus 5)	150	SIGNAL 1..20; /evidence="ECO:0000255"	Homo sapiens (Human) [TaxID: 9606]	15105547	10.1099/vir.0.79888-0
F5HI32	reviewed	IR10_HCMVM	Protein IRL10 (TRL10)	RL10	Human cytomegalovirus (strain Merlin) (HHV-5) (Human herpesvirus 5)	170	SIGNAL 1..24; /evidence="ECO:0000255"	Homo sapiens (Human) [TaxID: 9606]	15105547	10.1099/vir.0.79888-0
K9N796	reviewed	ORF3_MERS1	Non-structural protein ORF3 (ORF3)	ORF3	Middle East respiratory syndrome-related coronavirus (isolate United Kingdom/H123990006/2012) (MERS-CoV) (Betacoronavirus England 1)	103	SIGNAL 1..23; /evidence="ECO:0000255"	Camelus dromedarius (Dromedary) (Arabian camel) [TaxID: 9838]; Homo sapiens (Human) [TaxID: 9606]	23078800; 24318862	10.1007/s13238-013-3096-8
O10236	reviewed	GLYCO_RYSV	Glycoprotein	G	Rice yellow stunt virus (RYSV) (Rice transitory yellowing virus)	669	SIGNAL 1..24; /evidence="ECO:0000255"	Oryza sativa (Rice) [TaxID: 4530]	12867659	10.1099/vir.0.19195-0
O10286	reviewed	CXOL2_NPVOP	Conotoxin-like peptide 2	CTL-2 ORF30	Orgyia pseudotsugata multicapsid polyhedrosis virus (OpMNPV)	52	SIGNAL 1..18; /evidence="ECO:0000255"	Orgyia pseudotsugata (Douglas-fir tussock moth) [TaxID: 33414]	9126251	10.1006/viro.1997.8448
O10367	reviewed	CXOL1_NPVOP	Conotoxin-like peptide 1	CTL-1 ORF136	Orgyia pseudotsugata multicapsid polyhedrosis virus (OpMNPV)	53	SIGNAL 1..18; /evidence="ECO:0000255"	Orgyia pseudotsugata (Douglas-fir tussock moth) [TaxID: 33414]	9126251	10.1006/viro.1997.8448
O36396	reviewed	GL_ALHV1	Envelope glycoprotein L (gL)	gL 47	Alcelaphine herpesvirus 1 (strain C500) (AlHV-1) (Malignant catarrhal fever virus)	168	SIGNAL 1..22; /evidence="ECO:0000255|HAMAP-Rule:MF_04034"	Connochaetes taurinus (Blue wildebeest) [TaxID: 9927]	9261371	10.1128/jvi.71.9.6517-6525.1997
O40633	reviewed	IL17_SHV2C	Viral interleukin-17 (vIL-17) (Immediate early gene 13 protein)	13	Saimiriine herpesvirus 2 (strain 488) (SaHV-2) (Herpesvirus saimiri)	151	SIGNAL 1..22; /evidence="ECO:0000255"	Saimiri sciureus (Common squirrel monkey) [TaxID: 9521]	9371569	10.1128/jvi.71.12.9124-9133.1997
O55654	reviewed	E310_ADE06	Early E3B 10.4 kDa protein		Human adenovirus C serotype 6 (HAdV-6) (Human adenovirus 6)	91	SIGNAL 1..22; /evidence="ECO:0000250"	Homo sapiens (Human) [TaxID: 9606]		
O55655	reviewed	E3B14_ADE06	Early E3B 14.5 kDa protein		Human adenovirus C serotype 6 (HAdV-6) (Human adenovirus 6)	130	SIGNAL 1..19; /evidence="ECO:0000250"	Homo sapiens (Human) [TaxID: 9606]		
O64095	reviewed	AIMP_BPSPB	Protein AimP (YopL protein) [Cleaved into: Arbitrium peptide]	aimP yopL	Bacillus phage SPbeta (Bacillus phage SPBc2) (Bacteriophage SP-beta)	41	SIGNAL 1..21; /evidence="ECO:0000255"	Bacillus pumilus (Bacillus mesentericus) [TaxID: 1408]; Bacillus subtilis [TaxID: 1423]	9465078	10.1073/pnas.95.4.1692
O80300	reviewed	G4P_BPIF1	Virion export protein (Gene 4 protein) (G4P)	IV	Escherichia phage If1 (Bacteriophage If1)	429	SIGNAL 1..18; /evidence="ECO:0000255"	Escherichia coli [TaxID: 562]		
P00589	reviewed	DTXH_CORBE	Diphtheria toxin homolog CRM228 [Cleaved into: Diphtheria toxin homolog CRM228 fragment A; Diphtheria toxin homolog CRM228 fragment B]		Corynephage beta	560	SIGNAL 1..25	Corynebacterium diphtheriae [TaxID: 1717]	6348945	10.1126/science.6348945
P03218	reviewed	BILF2_EBVB9	Glycoprotein BILF2	BILF2	Epstein-Barr virus (strain B95-8) (HHV-4) (Human herpesvirus 4)	248	SIGNAL 1..17; /evidence="ECO:0000255"	Homo sapiens (Human) [TaxID: 9606]	6087149; 12771413; 2159529	10.1038/310207a0; 10.1099/vir.0.19054-0; 10.1128/jvi.64.6.2545-2552.1990
P03224	reviewed	BDLF3_EBVB9	Glycoprotein BDLF3	BDLF3	Epstein-Barr virus (strain B95-8) (HHV-4) (Human herpesvirus 4)	234	SIGNAL 1..28; /evidence="ECO:0000255"	Homo sapiens (Human) [TaxID: 9606]	6087149; 12771413; 7782767	10.1038/310207a0; 10.1099/vir.0.19054-0; 10.1099/0022-1317-76-6-1381
P03664	reviewed	G4P_BPFD	Virion export protein (Gene 4 protein) (G4P)	IV	Enterobacteria phage fd (Bacteriophage fd)	426	SIGNAL 1..21; /evidence="ECO:0000255"	Escherichia coli [TaxID: 562]	745987	10.1093/nar/5.12.4495
P03668	reviewed	VG430_BPPF3	Putative assembly protein ORF430 (ORF430)		Pseudomonas phage Pf3 (Bacteriophage Pf3)	430	SIGNAL 1..20; /evidence="ECO:0000255"	Pseudomonas aeruginosa [TaxID: 287]	3928901	10.1128/jvi.56.1.268-276.1985
P03701	reviewed	VLOM_LAMBD	Outer membrane protein lom (ORF 206A)	lom	Escherichia phage lambda (Bacteriophage lambda)	206	SIGNAL 1..?; /evidence="ECO:0000255"	Escherichia coli [TaxID: 562]	6221115; 2144037	10.1016/0022-2836(82)90546-0; 10.1038/346871a0
P03788	reviewed	SPAN2_BPT7	Spanin, outer lipoprotein subunit (o-spanin) (Gene product 18.7) (Gp18.7) (Protein 18.7)	18.7	Escherichia phage T7 (Bacteriophage T7)	83	SIGNAL 1..50; /evidence="ECO:0000255"	Escherichia coli [TaxID: 562]	6864790; 8528255; 17900620	10.1016/s0022-2836(83)80282-4; 10.1038/ng0196-72; 10.1016/j.jmb.2007.08.045
P06497	reviewed	E310_ADE05	Early E3B 10.4 kDa protein		Human adenovirus C serotype 5 (HAdV-5) (Human adenovirus 5)	91	SIGNAL 1..22; /evidence="ECO:0000250"	Homo sapiens (Human) [TaxID: 9606]	2981456; 1727603	10.1016/0042-6822(85)90443-x; 10.1016/0042-6822(92)90082-z
P07238	reviewed	PORI_BPPA2	Outer membrane porin protein LC	LC	Enterobacteria phage PA-2 (Bacteriophage PA-2)	365	SIGNAL 1..23	Escherichia coli [TaxID: 562]	3017988	10.1016/s0021-9258(18)67152-2
P08441	reviewed	GRFA_RFVKA	Growth factor (Secreted epidermal growth factor-like)	s010L	Rabbit fibroma virus (strain Kasza) (RFV) (Shope fibroma virus (strain Kasza))	80	SIGNAL 1..19; /evidence="ECO:0000255"	Oryctolagus cuniculus (Rabbit) [TaxID: 9986]	3031480; 2173269; 1660196; 10562495	10.1128/mcb.7.1.535-540.1987; 10.1016/0042-6822(90)90170-v; 10.1016/0042-6822(91)90529-k; 10.1006/viro.1999.0002
P08795	reviewed	GES_BPD10	D108-specific protein (12 kDa protein)	ges	Escherichia phage D108 (Bacteriophage D108)	148	SIGNAL 1..24; /evidence="ECO:0000255"	Escherichia coli [TaxID: 562]	2957646	10.1093/nar/15.16.6691
P0C770	reviewed	VSSGP_EBORE	Super small secreted glycoprotein (SsGP)	GP	Reston ebolavirus (strain Philippines-96) (REBOV) (Reston Ebola virus)	332	SIGNAL 1..33; /evidence="ECO:0000255"	Homo sapiens (Human) [TaxID: 9606]; Macaca fascicularis (Crab-eating macaque) (Cynomolgus monkey) [TaxID: 9541]; Pteropodinae [TaxID: 77225]; Sus scrofa (Pig) [TaxID: 9823]	11722021	10.1007/s007050170049
P0C771	reviewed	VSSGP_EBORR	Super small secreted glycoprotein (SsGP)	GP	Reston ebolavirus (strain Reston-89) (REBOV) (Reston Ebola virus)	332	SIGNAL 1..33; /evidence="ECO:0000255"	Epomops franqueti (Franquet's epauletted fruit bat) (Epomophorus franqueti) [TaxID: 77231]; Homo sapiens (Human) [TaxID: 9606]; Myonycteris torquata (Little collared fruit bat) [TaxID: 77243]; Sus scrofa (Pig) [TaxID: 9823]	8622982; 12191779; 15661171	10.1073/pnas.93.8.3602; 10.1016/s0168-1702(02)00087-4; 10.1016/j.virol.2004.11.018
P0C772	reviewed	VSSGP_EBOSU	Super small secreted glycoprotein (SsGP)	GP	Sudan ebolavirus (strain Human/Uganda/Gulu/2000) (SEBOV) (Sudan Ebola virus)	319	SIGNAL 1..32; /evidence="ECO:0000255"	Epomops franqueti (Franquet's epauletted fruit bat) (Epomophorus franqueti) [TaxID: 77231]; Homo sapiens (Human) [TaxID: 9606]; Myonycteris torquata (Little collared fruit bat) [TaxID: 77243]	15367603; 15047846; 16139097	10.1128/jvi.78.19.10370-10377.2004; 10.1128/jvi.78.8.4330-4341.2004; 10.1016/j.virusres.2005.03.028
P0C773	reviewed	VSSGP_EBOZ5	Super small secreted glycoprotein (SsGP)	GP	Zaire ebolavirus (strain Kikwit-95) (ZEBOV) (Zaire Ebola virus)	298	SIGNAL 1..32; /evidence="ECO:0000255"	Epomops franqueti (Franquet's epauletted fruit bat) (Epomophorus franqueti) [TaxID: 77231]; Homo sapiens (Human) [TaxID: 9606]; Myonycteris torquata (Little collared fruit bat) [TaxID: 77243]	8622982	10.1073/pnas.93.8.3602
P0C9G1	reviewed	1101L_ASFWA	Protein MGF 110-1L	War-006	African swine fever virus (isolate Warthog/Namibia/Wart80/1980) (ASFV)	269	SIGNAL 1..26; /evidence="ECO:0000250|UniProtKB:A9JLI2"	Ornithodoros (relapsing fever ticks) [TaxID: 6937]; Phacochoerus aethiopicus (Warthog) [TaxID: 85517]; Phacochoerus africanus (Warthog) [TaxID: 41426]; Potamochoerus larvatus (Bushpig) [TaxID: 273792]; Sus scrofa (Pig) [TaxID: 9823]		
P0C9G2	reviewed	1101L_ASFK5	Protein MGF 110-1L	Ken-007	African swine fever virus (isolate Pig/Kenya/KEN-50/1950) (ASFV)	270	SIGNAL 1..26; /evidence="ECO:0000250|UniProtKB:A9JLI2"	Ornithodoros (relapsing fever ticks) [TaxID: 6937]; Phacochoerus aethiopicus (Warthog) [TaxID: 85517]; Phacochoerus africanus (Warthog) [TaxID: 41426]; Potamochoerus larvatus (Bushpig) [TaxID: 273792]; Sus scrofa (Pig) [TaxID: 9823]		
P0C9G3	reviewed	1101L_ASFM2	Protein MGF 110-1L	Mal-005	African swine fever virus (isolate Tick/Malawi/Lil 20-1/1983) (ASFV)	269	SIGNAL 1..26; /evidence="ECO:0000250|UniProtKB:A9JLI2"	Ornithodoros (relapsing fever ticks) [TaxID: 6937]; Phacochoerus aethiopicus (Warthog) [TaxID: 85517]; Phacochoerus africanus (Warthog) [TaxID: 41426]; Potamochoerus larvatus (Bushpig) [TaxID: 273792]; Sus scrofa (Pig) [TaxID: 9823]		
P0C9H0	reviewed	1104L_ASFWA	Protein MGF 110-4L	War-009	African swine fever virus (isolate Warthog/Namibia/Wart80/1980) (ASFV)	125	SIGNAL 1..29; /evidence="ECO:0000250|UniProtKB:A9JLI7"	Ornithodoros (relapsing fever ticks) [TaxID: 6937]; Phacochoerus aethiopicus (Warthog) [TaxID: 85517]; Phacochoerus africanus (Warthog) [TaxID: 41426]; Potamochoerus larvatus (Bushpig) [TaxID: 273792]; Sus scrofa (Pig) [TaxID: 9823]		
P0C9H1	reviewed	1104L_ASFK5	Protein MGF 110-4L	Ken-011	African swine fever virus (isolate Pig/Kenya/KEN-50/1950) (ASFV)	124	SIGNAL 1..28; /evidence="ECO:0000250|UniProtKB:A9JLI5"	Ornithodoros (relapsing fever ticks) [TaxID: 6937]; Phacochoerus aethiopicus (Warthog) [TaxID: 85517]; Phacochoerus africanus (Warthog) [TaxID: 41426]; Potamochoerus larvatus (Bushpig) [TaxID: 273792]; Sus scrofa (Pig) [TaxID: 9823]		
P0C9H2	reviewed	1104L_ASFM2	Protein MGF 110-4L	Mal-008	African swine fever virus (isolate Tick/Malawi/Lil 20-1/1983) (ASFV)	124	SIGNAL 1..28; /evidence="ECO:0000250|UniProtKB:A9JLI5"	Ornithodoros (relapsing fever ticks) [TaxID: 6937]; Phacochoerus aethiopicus (Warthog) [TaxID: 85517]; Phacochoerus africanus (Warthog) [TaxID: 41426]; Potamochoerus larvatus (Bushpig) [TaxID: 273792]; Sus scrofa (Pig) [TaxID: 9823]		
P0C9H3	reviewed	1104L_ASFP4	Protein MGF 110-4L	Pret-011	African swine fever virus (isolate Tick/South Africa/Pretoriuskop Pr4/1996) (ASFV)	124	SIGNAL 1..18; /evidence="ECO:0000255"	Ornithodoros (relapsing fever ticks) [TaxID: 6937]; Phacochoerus aethiopicus (Warthog) [TaxID: 85517]; Phacochoerus africanus (Warthog) [TaxID: 41426]; Potamochoerus larvatus (Bushpig) [TaxID: 273792]; Sus scrofa (Pig) [TaxID: 9823]		
P0C9H4	reviewed	1105L_ASFWA	Protein MGF 110-5L	War-011	African swine fever virus (isolate Warthog/Namibia/Wart80/1980) (ASFV)	121	SIGNAL 1..28; /evidence="ECO:0000250|UniProtKB:A9JLI7"	Ornithodoros (relapsing fever ticks) [TaxID: 6937]; Phacochoerus aethiopicus (Warthog) [TaxID: 85517]; Phacochoerus africanus (Warthog) [TaxID: 41426]; Potamochoerus larvatus (Bushpig) [TaxID: 273792]; Sus scrofa (Pig) [TaxID: 9823]		
P0C9H5	reviewed	1105L_ASFM2	Protein MGF 110-5L	Mal-010	African swine fever virus (isolate Tick/Malawi/Lil 20-1/1983) (ASFV)	120	SIGNAL 1..28; /evidence="ECO:0000250|UniProtKB:A9JLI7"	Ornithodoros (relapsing fever ticks) [TaxID: 6937]; Phacochoerus aethiopicus (Warthog) [TaxID: 85517]; Phacochoerus africanus (Warthog) [TaxID: 41426]; Potamochoerus larvatus (Bushpig) [TaxID: 273792]; Sus scrofa (Pig) [TaxID: 9823]		
P0C9H6	reviewed	1105L_ASFP4	Protein MGF 110-5L	Pret-013	African swine fever virus (isolate Tick/South Africa/Pretoriuskop Pr4/1996) (ASFV)	121	SIGNAL 1..18; /evidence="ECO:0000255"	Ornithodoros (relapsing fever ticks) [TaxID: 6937]; Phacochoerus aethiopicus (Warthog) [TaxID: 85517]; Phacochoerus africanus (Warthog) [TaxID: 41426]; Potamochoerus larvatus (Bushpig) [TaxID: 273792]; Sus scrofa (Pig) [TaxID: 9823]		
P0C9H7	reviewed	1106L_ASFWA	Protein MGF 110-6L	War-013	African swine fever virus (isolate Warthog/Namibia/Wart80/1980) (ASFV)	118	SIGNAL 1..18; /evidence="ECO:0000255"	Ornithodoros (relapsing fever ticks) [TaxID: 6937]; Phacochoerus aethiopicus (Warthog) [TaxID: 85517]; Phacochoerus africanus (Warthog) [TaxID: 41426]; Potamochoerus larvatus (Bushpig) [TaxID: 273792]; Sus scrofa (Pig) [TaxID: 9823]		
P0C9H8	reviewed	1106L_ASFK5	Protein MGF 110-6L	Ken-013	African swine fever virus (isolate Pig/Kenya/KEN-50/1950) (ASFV)	122	SIGNAL 1..18; /evidence="ECO:0000255"	Ornithodoros (relapsing fever ticks) [TaxID: 6937]; Phacochoerus aethiopicus (Warthog) [TaxID: 85517]; Phacochoerus africanus (Warthog) [TaxID: 41426]; Potamochoerus larvatus (Bushpig) [TaxID: 273792]; Sus scrofa (Pig) [TaxID: 9823]		
P0C9H9	reviewed	1106L_ASFM2	Protein MGF 110-6L	Mal-011	African swine fever virus (isolate Tick/Malawi/Lil 20-1/1983) (ASFV)	118	SIGNAL 1..18; /evidence="ECO:0000255"	Ornithodoros (relapsing fever ticks) [TaxID: 6937]; Phacochoerus aethiopicus (Warthog) [TaxID: 85517]; Phacochoerus africanus (Warthog) [TaxID: 41426]; Potamochoerus larvatus (Bushpig) [TaxID: 273792]; Sus scrofa (Pig) [TaxID: 9823]		
P0C9I0	reviewed	1106L_ASFP4	Protein MGF 110-6L	Pret-015	African swine fever virus (isolate Tick/South Africa/Pretoriuskop Pr4/1996) (ASFV)	118	SIGNAL 1..18; /evidence="ECO:0000255"	Ornithodoros (relapsing fever ticks) [TaxID: 6937]; Phacochoerus aethiopicus (Warthog) [TaxID: 85517]; Phacochoerus africanus (Warthog) [TaxID: 41426]; Potamochoerus larvatus (Bushpig) [TaxID: 273792]; Sus scrofa (Pig) [TaxID: 9823]		
P0CAA1	reviewed	VF226_ASFK5	Late protein I226R (pI226R)	Ken-149	African swine fever virus (isolate Pig/Kenya/KEN-50/1950) (ASFV)	226	SIGNAL 1..16; /evidence="ECO:0000255"	Ornithodoros (relapsing fever ticks) [TaxID: 6937]; Phacochoerus aethiopicus (Warthog) [TaxID: 85517]; Phacochoerus africanus (Warthog) [TaxID: 41426]; Potamochoerus larvatus (Bushpig) [TaxID: 273792]; Sus scrofa (Pig) [TaxID: 9823]		
P0CAA2	reviewed	VF226_ASFP4	Late protein I226R (pI226R)	Pret-150	African swine fever virus (isolate Tick/South Africa/Pretoriuskop Pr4/1996) (ASFV)	226	SIGNAL 1..16; /evidence="ECO:0000255"	Ornithodoros (relapsing fever ticks) [TaxID: 6937]; Phacochoerus aethiopicus (Warthog) [TaxID: 85517]; Phacochoerus africanus (Warthog) [TaxID: 41426]; Potamochoerus larvatus (Bushpig) [TaxID: 273792]; Sus scrofa (Pig) [TaxID: 9823]		
P0CAA3	reviewed	VF226_ASFWA	Late protein I226R (pI226R)	War-148	African swine fever virus (isolate Warthog/Namibia/Wart80/1980) (ASFV)	226	SIGNAL 1..16; /evidence="ECO:0000255"	Ornithodoros (relapsing fever ticks) [TaxID: 6937]; Phacochoerus aethiopicus (Warthog) [TaxID: 85517]; Phacochoerus africanus (Warthog) [TaxID: 41426]; Potamochoerus larvatus (Bushpig) [TaxID: 273792]; Sus scrofa (Pig) [TaxID: 9823]		
P0CAE3	reviewed	I329L_ASFK5	Transmembrane protein I329L	Ken-153	African swine fever virus (isolate Pig/Kenya/KEN-50/1950) (ASFV)	329	SIGNAL 1..31; /evidence="ECO:0000250|UniProtKB:A9JM73"	Ornithodoros (relapsing fever ticks) [TaxID: 6937]; Phacochoerus aethiopicus (Warthog) [TaxID: 85517]; Phacochoerus africanus (Warthog) [TaxID: 41426]; Potamochoerus larvatus (Bushpig) [TaxID: 273792]; Sus scrofa (Pig) [TaxID: 9823]		
P0CAM0	reviewed	VFB66_ASFK5	Transmembrane protein B66L (pB66L)	Ken-099	African swine fever virus (isolate Pig/Kenya/KEN-50/1950) (ASFV)	66	SIGNAL 1..20; /evidence="ECO:0000255"	Ornithodoros (relapsing fever ticks) [TaxID: 6937]; Phacochoerus aethiopicus (Warthog) [TaxID: 85517]; Phacochoerus africanus (Warthog) [TaxID: 41426]; Potamochoerus larvatus (Bushpig) [TaxID: 273792]; Sus scrofa (Pig) [TaxID: 9823]		
P0CAM1	reviewed	VFB66_ASFM2	Transmembrane protein B66L (pB66L)	Mal-095	African swine fever virus (isolate Tick/Malawi/Lil 20-1/1983) (ASFV)	66	SIGNAL 1..20; /evidence="ECO:0000255"	Ornithodoros (relapsing fever ticks) [TaxID: 6937]; Phacochoerus aethiopicus (Warthog) [TaxID: 85517]; Phacochoerus africanus (Warthog) [TaxID: 41426]; Potamochoerus larvatus (Bushpig) [TaxID: 273792]; Sus scrofa (Pig) [TaxID: 9823]		
P0CAM2	reviewed	VFB66_ASFP4	Transmembrane protein B66L (pB66L)	Pret-099	African swine fever virus (isolate Tick/South Africa/Pretoriuskop Pr4/1996) (ASFV)	66	SIGNAL 1..20; /evidence="ECO:0000255"	Ornithodoros (relapsing fever ticks) [TaxID: 6937]; Phacochoerus aethiopicus (Warthog) [TaxID: 85517]; Phacochoerus africanus (Warthog) [TaxID: 41426]; Potamochoerus larvatus (Bushpig) [TaxID: 273792]; Sus scrofa (Pig) [TaxID: 9823]		
P0CAM3	reviewed	VFB66_ASFWA	Transmembrane protein B66L (pB66L)	War-097	African swine fever virus (isolate Warthog/Namibia/Wart80/1980) (ASFV)	66	SIGNAL 1..20; /evidence="ECO:0000255"	Ornithodoros (relapsing fever ticks) [TaxID: 6937]; Phacochoerus aethiopicus (Warthog) [TaxID: 85517]; Phacochoerus africanus (Warthog) [TaxID: 41426]; Potamochoerus larvatus (Bushpig) [TaxID: 273792]; Sus scrofa (Pig) [TaxID: 9823]		
P0DJY8	reviewed	SPEA_BPT12	Exotoxin type A (Erythrogenic toxin) (SPE A) (Scarlet fever toxin)	speA	Streptococcus pyogenes phage T12 (Bacteriophage T12)	251	SIGNAL 1..30; /evidence="ECO:0000255"	Streptococcus pyogenes [TaxID: 1314]	3514452	10.1128/iai.52.1.144-150.1986
P0DJZ3	reviewed	SPAN2_BPKMV	Probable spanin, outer lipoprotein subunit	46.1	Pseudomonas phage phiKMV	89	SIGNAL 1..47; /evidence="ECO:0000255"	Pseudomonas aeruginosa [TaxID: 287]	12890620; 15549178; 16522177	10.1016/s0042-6822(03)00123-5; 10.1007/s00018-004-4301-y; 10.2174/0929866054696127
P0DOL7	reviewed	PG038_VAR67	Early protein OPG038 (Protein M2)	OPG038 M2L O2L	Variola virus (isolate Human/India/Ind3/1967) (VARV) (Smallpox virus)	220	SIGNAL 1..17; /evidence="ECO:0000255"	Homo sapiens (Human) [TaxID: 9606]	8384129	10.1016/0014-5793(93)80041-r
P0DOL8	reviewed	PG038_VARV	Early protein OPG038 (Protein M2)	OPG038 M2L O2L	Variola virus	220	SIGNAL 1..17; /evidence="ECO:0000255"	Homo sapiens (Human) [TaxID: 9606]	8264798	10.1038/366748a0
P0DSY5	reviewed	PG172_VAR67	Protein A43	OPG172 A43R A46R A48R	Variola virus (isolate Human/India/Ind3/1967) (VARV) (Smallpox virus)	195	SIGNAL 1..21; /evidence="ECO:0000255"	Homo sapiens (Human) [TaxID: 9606]	8384129	10.1016/0014-5793(93)80041-r
P0DSY6	reviewed	PG172_VARV	Protein A43	OPG172 A43R A46R A48R	Variola virus	195	SIGNAL 1..21; /evidence="ECO:0000255"	Homo sapiens (Human) [TaxID: 9606]	1331292; 8264798	10.1099/0022-1317-73-11-2887; 10.1038/366748a0
P0DXM1	reviewed	U18_HHV6Z	Putative immediate early glycoprotein (Protein U18)	U18	Human herpesvirus 6B (strain Z29) (HHV-6 variant B) (Human B lymphotropic virus)	294	SIGNAL 1..21; /evidence="ECO:0000255"	Homo sapiens (Human) [TaxID: 9606]	10482553	10.1128/jvi.73.10.8040-8052.1999
P0DXM2	reviewed	U18_HHV6H	Putative immediate early glycoprotein (Protein U18)	U18	Human herpesvirus 6B (HHV-6 variant B) (Human B lymphotropic virus)	294	SIGNAL 1..21; /evidence="ECO:0000255"	Homo sapiens (Human) [TaxID: 9606]	10482554	10.1128/jvi.73.10.8053-8063.1999
P10302	reviewed	SPAN2_BPT3	Spanin, outer lipoprotein subunit (o-spanin) (Gene product 18.7) (Gp18.7) (Protein 18.7)	18.7	Enterobacteria phage T3 (Bacteriophage T3)	83	SIGNAL 1..50; /evidence="ECO:0000255"	Escherichia coli [TaxID: 562]	3010556	10.1016/0042-6822(86)90055-3
P11041	reviewed	PYHD_CPVBM	Polyhedrin (C-polyhedrin)		Bombyx mori cytoplasmic polyhedrosis virus (BmCPV)	248	SIGNAL 1..27	Bombyx mori (Silk moth) [TaxID: 7091]	3275433; 2661724	10.1128/jvi.62.1.211-217.1988; 10.1099/0022-1317-70-7-1885
P11316	reviewed	E3B14_ADE03	Early E3B 14.5 kDa protein (Early E3B 15.2 kDa glycoprotein)		Human adenovirus B serotype 3 (HAdV-3) (Human adenovirus 3)	134	SIGNAL 1..21; /evidence="ECO:0000255"	Homo sapiens (Human) [TaxID: 9606]	3582978	10.1016/0378-1119(86)90322-7
P11318	reviewed	E310_ADE03	Early E3B 10.4 kDa protein		Human adenovirus B serotype 3 (HAdV-3) (Human adenovirus 3)	91	SIGNAL 1..22; /evidence="ECO:0000250"	Homo sapiens (Human) [TaxID: 9606]	3582978; 2296083	10.1016/0378-1119(86)90322-7; 10.1128/jvi.64.2.794-801.1990
P11364	reviewed	TCB_FLV	Viral T-cell receptor beta chain-like T17T-22	V-TCR	Feline leukemia virus	321	SIGNAL 1..28	Felidae (cat family) [TaxID: 9681]	3029597	10.1038/326190a0
P12490	reviewed	ENV_HV1N5	Truncated surface protein (SU) (Glycoprotein 120) (gp120)	env	Human immunodeficiency virus type 1 group M subtype B (isolate NY5) (HIV-1)	421	SIGNAL 1..31; /evidence="ECO:0000250"	Homo sapiens (Human) [TaxID: 9606]	3014529	10.1073/pnas.83.14.5038
P12491	reviewed	ENV_HV1Z3	Truncated surface protein (SU) (Glycoprotein 120) (gp120)	env	Human immunodeficiency virus type 1 group M subtype U (isolate Z3) (HIV-1)	460	SIGNAL 1..31; /evidence="ECO:0000250"	Homo sapiens (Human) [TaxID: 9606]	3014529	10.1073/pnas.83.14.5038
P12647	reviewed	GLYCO_SIGMA	Spike glycoprotein	G	Sigma virus	526	SIGNAL 1..17; /evidence="ECO:0000255"	Drosophila melanogaster (Fruit fly) [TaxID: 7227]	2822842	10.1099/0022-1317-68-10-2625
P13374	reviewed	GC_MEHVF	Envelope glycoprotein C homolog (A antigen) (Glycoprotein A)	gC GA	Meleagrid herpesvirus 1 (strain FC126) (MeHV-1) (Turkey herpesvirus)	373	SIGNAL 1..25; /evidence="ECO:0000255"	Gallus gallus (Chicken) [TaxID: 9031]; Meleagris gallopavo (Wild turkey) [TaxID: 9103]	2792768	10.1016/0378-1119(89)90218-7
P15134	reviewed	E310_ADE07	Early E3B 10.4 kDa protein		Human adenovirus B serotype 7 (HAdV-7) (Human adenovirus 7)	91	SIGNAL 1..22; /evidence="ECO:0000250"	Homo sapiens (Human) [TaxID: 9606]	2849239	
P15136	reviewed	E3B14_ADE07	Early E3B 14.9 kDa protein		Human adenovirus B serotype 7 (HAdV-7) (Human adenovirus 7)	134	SIGNAL 1..19; /evidence="ECO:0000255"	Homo sapiens (Human) [TaxID: 9606]	2849239	
P15240	reviewed	SAK_BPP42	Staphylokinase (Sak42D)	sak	Staphylococcus phage 42D (Bacteriophage P42D)	163	SIGNAL 1..27; /evidence="ECO:0000255"	Staphylococcus aureus [TaxID: 1280]	3123893	10.1007/bf00327208
P15420	reviewed	G4P_BPI22	Virion export protein (Gene 4 protein) (G4P)	IV	Enterobacteria phage I2-2 (Bacteriophage I2-2)	428	SIGNAL 1..22; /evidence="ECO:0000255"	Escherichia coli [TaxID: 562]		
P15900	reviewed	CAPSD_SPV1R	Putative capsid protein ORF9 (Gene 9 protein)	ORF9	Spiroplasma virus SpV1-R8A2 B (SpV1) (Spiroplasma virus 1)	78	SIGNAL 1..29; /evidence="ECO:0000255"	Spiroplasma citri [TaxID: 2133]	2320423	10.1093/nar/18.5.1293
P16719	reviewed	UL01_HCMVA	Glycoprotein UL1	UL1	Human cytomegalovirus (strain AD169) (HHV-5) (Human herpesvirus 5)	224	SIGNAL 1..25; /evidence="ECO:0000255"	Homo sapiens (Human) [TaxID: 9606]	2161319; 12533697; 22345456	10.1007/978-3-642-74980-3_6; 10.1099/vir.0.18606-0; 10.1128/jvi.06291-11
P16740	reviewed	UL120_HCMVA	Uncharacterized protein UL120	UL120	Human cytomegalovirus (strain AD169) (HHV-5) (Human herpesvirus 5)	201	SIGNAL 1..25; /evidence="ECO:0000255"	Homo sapiens (Human) [TaxID: 9606]	2161319; 12533697	10.1007/978-3-642-74980-3_6; 10.1099/vir.0.18606-0
P16741	reviewed	UL121_HCMVA	Membrane protein UL121	UL121	Human cytomegalovirus (strain AD169) (HHV-5) (Human herpesvirus 5)	180	SIGNAL 1..27; /evidence="ECO:0000255"	Homo sapiens (Human) [TaxID: 9606]	2161319; 12533697	10.1007/978-3-642-74980-3_6; 10.1099/vir.0.18606-0
P16742	reviewed	UL124_HCMVA	Uncharacterized protein UL124	UL124	Human cytomegalovirus (strain AD169) (HHV-5) (Human herpesvirus 5)	152	SIGNAL 1..20; /evidence="ECO:0000255"	Homo sapiens (Human) [TaxID: 9606]	2161319; 12533697	10.1007/978-3-642-74980-3_6; 10.1099/vir.0.18606-0
P16745	reviewed	UL09_HCMVA	Uncharacterized protein UL9	UL9	Human cytomegalovirus (strain AD169) (HHV-5) (Human herpesvirus 5)	228	SIGNAL 1..19; /evidence="ECO:0000255"	Homo sapiens (Human) [TaxID: 9606]	2161319; 12533697	10.1007/978-3-642-74980-3_6; 10.1099/vir.0.18606-0
P16756	reviewed	UL14_HCMVA	Uncharacterized protein UL14	UL14	Human cytomegalovirus (strain AD169) (HHV-5) (Human herpesvirus 5)	327	SIGNAL 1..23; /evidence="ECO:0000255"	Homo sapiens (Human) [TaxID: 9606]	2161319; 12533697	10.1007/978-3-642-74980-3_6; 10.1099/vir.0.18606-0
P16758	reviewed	UL20_HCMVA	Uncharacterized protein UL20	UL20	Human cytomegalovirus (strain AD169) (HHV-5) (Human herpesvirus 5)	340	SIGNAL 1..25; /evidence="ECO:0000255"	Homo sapiens (Human) [TaxID: 9606]	2161319; 12533697; 21689255	10.1007/978-3-642-74980-3_6; 10.1099/vir.0.18606-0; 10.1111/j.1600-0854.2011.01236.x
P16808	reviewed	IR10_HCMVA	Protein IRL10 (TRL10)		Human cytomegalovirus (strain AD169) (HHV-5) (Human herpesvirus 5)	171	SIGNAL 1..25; /evidence="ECO:0000255"	Homo sapiens (Human) [TaxID: 9606]	2161319; 12533697; 15452216; 11773418	10.1007/978-3-642-74980-3_6; 10.1099/vir.0.18606-0; 10.1128/jvi.78.20.10960-10966.2004; 10.1128/jvi.76.3.1450-1460.2002
P16809	reviewed	IR11_HCMVA	Viral Fc-gamma receptor-like protein IR11 (gp34)		Human cytomegalovirus (strain AD169) (HHV-5) (Human herpesvirus 5)	234	SIGNAL 1..23; /evidence="ECO:0000255"	Homo sapiens (Human) [TaxID: 9606]	2161319; 12163579; 12533697	10.1007/978-3-642-74980-3_6; 10.1128/jvi.76.17.8596-8608.2002; 10.1099/vir.0.18606-0
P17146	reviewed	UL04_HCMVA	Early glycoprotein GP48	UL4	Human cytomegalovirus (strain AD169) (HHV-5) (Human herpesvirus 5)	152	SIGNAL 1..25; /evidence="ECO:0000255"	Homo sapiens (Human) [TaxID: 9606]	2161319; 12533697	10.1007/978-3-642-74980-3_6; 10.1099/vir.0.18606-0
P17175	reviewed	UL04_HCMVT	Early glycoprotein GP48	UL4	Human cytomegalovirus (strain Towne) (HHV-5) (Human herpesvirus 5)	148	SIGNAL 1..21; /evidence="ECO:0000255"	Homo sapiens (Human) [TaxID: 9606]	2545908	10.1128/jvi.63.8.3330-3337.1989
P17357	reviewed	IL18B_VACCW	Interleukin-18-binding protein (vIL-18BP)	OPG022 VACWR013	Vaccinia virus (strain Western Reserve) (VACV) (Vaccinia virus (strain WR))	126	SIGNAL 1..20; /evidence="ECO:0000255"	Bos taurus (Bovine) [TaxID: 9913]	2849238; 10769064	10.1016/s0042-6822(88)90115-8; 10.1099/0022-1317-81-5-1223
P18535	reviewed	GC_MEHVH	Envelope glycoprotein C homolog (A antigen) (Glycoprotein A)	gC GA	Meleagrid herpesvirus 1 (strain H2) (MeHV-1) (Turkey herpesvirus)	489	SIGNAL 1..32; /evidence="ECO:0000255"	Gallus gallus (Chicken) [TaxID: 9031]; Meleagris gallopavo (Wild turkey) [TaxID: 9103]	2558972	10.1016/0378-1119(89)90514-3
P18557	reviewed	1105L_ASFB7	Protein MGF 110-5L	BA71V-013 BA71V-014 V82L X'82	African swine fever virus (strain Badajoz 1971 Vero-adapted) (Ba71V) (ASFV)	82	SIGNAL 1..28; /evidence="ECO:0000250|UniProtKB:A9JLI7"	Ornithodoros (relapsing fever ticks) [TaxID: 6937]; Sus scrofa (Pig) [TaxID: 9823]	2325202; 32075923	10.1128/jvi.64.5.2064-2072.1990; 10.1128/jvi.00119-20
P18560	reviewed	1101L_ASFB7	Protein MGF 110-1L	BA71V-008 L270L	African swine fever virus (strain Badajoz 1971 Vero-adapted) (Ba71V) (ASFV)	270	SIGNAL 1..26; /evidence="ECO:0000250|UniProtKB:A9JLI2"	Ornithodoros (relapsing fever ticks) [TaxID: 6937]; Sus scrofa (Pig) [TaxID: 9823]	2325202; 11831707; 1404609; 32075923	10.1128/jvi.64.5.2064-2072.1990; 10.1006/viro.1995.1149; 10.1128/jvi.66.11.6655-6667.1992; 10.1128/jvi.00119-20
P18569	reviewed	EGT_NPVAC	Ecdysteroid UDP-glucosyltransferase (EC 2.4.1.-)	EGT UGT21A1	Autographa californica nuclear polyhedrosis virus (AcMNPV)	506	SIGNAL 1..18; /evidence="ECO:0000255"	Lepidoptera (moths & butterflies) [TaxID: 7088]	2505387; 2106039; 8030224; 8497062; 10073711	10.1126/science.2505387; 10.1128/jvi.64.3.1321-1328.1990; 10.1006/viro.1994.1380; 10.1128/jvi.67.6.3481-3488.1993; 10.1099/0022-1317-80-2-485
P18570	reviewed	VP7_ROTGA	Outer capsid glycoprotein VP7		Rotavirus B (isolate RVB/Human/China/ADRV/1982) (RV-B) (Rotavirus B (isolate adult diarrhea rotavirus))	249	SIGNAL 1..15; /evidence="ECO:0000255|HAMAP-Rule:MF_04130"	Homo sapiens (Human) [TaxID: 9606]	2167559	10.1016/0042-6822(90)90411-j
P19347	reviewed	VA1_BPBF2	Probable protein A1	A1	Escherichia phage Bf23 (Enterobacteria phage BF23)	37	SIGNAL 1..22; /evidence="ECO:0000305"	Escherichia coli [TaxID: 562]; Salmonella typhimurium [TaxID: 90371]	2196743	10.1016/0042-6822(90)90541-x
P19739	reviewed	NS4A_CVH22	Non-structural protein 4a (ns4a) (Accessory protein 4a)	4a	Human coronavirus 229E (HCoV-229E)	133	SIGNAL 1..21; /evidence="ECO:0000255"	Homo sapiens (Human) [TaxID: 9606]	2701946; 1373555; 11369870	10.1093/nar/17.15.6387; 10.1016/0168-1702(92)90039-c; 10.1099/0022-1317-82-6-1273
P19742	reviewed	NS7_FIPV	Non-structural protein 7a (ns7a) (11 kDa protein) (Accessory protein 7a)	7a	Feline coronavirus (strain FIPV WSU-79/1146) (FCoV)	101	SIGNAL 1..43; /evidence="ECO:0000255"	Felidae (cat family) [TaxID: 9681]	3201747; 16033972	10.1016/s0042-6822(88)90097-9; 10.1099/vir.0.80985-0
P20532	reviewed	PG040_VACCC	Superinfection exclusion protein (Protein K2) (Serine proteinase inhibitor 3)	OPG040 K2L SPI-3	Vaccinia virus (strain Copenhagen) (VACV)	369	SIGNAL 1..15; /evidence="ECO:0000255"	Homo sapiens (Human) [TaxID: 9606]	2219722; 21715594	10.1016/0042-6822(90)90294-2; 10.1099/vir.0.030460-0
P21004	reviewed	PG193_VACCC	Soluble interferon gamma receptor OPG193 (B8)	OPG193 B8R	Vaccinia virus (strain Copenhagen) (VACV)	272	SIGNAL 1..13; /evidence="ECO:0000255"	Homo sapiens (Human) [TaxID: 9606]	2219722	10.1016/0042-6822(90)90294-2
P21014	reviewed	PG049_VACCC	Protein OPG049 (36 kDa major membrane protein F5)	OPG049 F5L	Vaccinia virus (strain Copenhagen) (VACV)	321	SIGNAL 1..20; /evidence="ECO:0000255"	Homo sapiens (Human) [TaxID: 9606]	2219722	10.1016/0042-6822(90)90294-2
P21058	reviewed	PG163_VACCC	Protein OPG163	OPG163 A35R	Vaccinia virus (strain Copenhagen) (VACV)	176	SIGNAL 1..14; /evidence="ECO:0000255"	Homo sapiens (Human) [TaxID: 9606]	2219722	10.1016/0042-6822(90)90294-2
P21064	reviewed	PG170_VACCC	Protein OPG170	OPG170 A41L	Vaccinia virus (strain Copenhagen) (VACV)	219	SIGNAL 1..16; /evidence="ECO:0000255"	Homo sapiens (Human) [TaxID: 9606]	2219722	10.1016/0042-6822(90)90294-2
P21065	reviewed	PG172_VACCC	Protein A43	OPG172 A43R	Vaccinia virus (strain Copenhagen) (VACV)	194	SIGNAL 1..22; /evidence="ECO:0000255"	Homo sapiens (Human) [TaxID: 9606]	2219722	10.1016/0042-6822(90)90294-2
P21092	reviewed	PG038_VACCC	Early protein OPG038 (Protein M2)	OPG038 M2L	Vaccinia virus (strain Copenhagen) (VACV)	220	SIGNAL 1..17; /evidence="ECO:0000255"	Homo sapiens (Human) [TaxID: 9606]	2219722	10.1016/0042-6822(90)90294-2
P24284	reviewed	VB05_VACC8	Truncated plaque-size/host range protein (Protein B5)	PS/HR B5R	Vaccinia virus (strain LC16m8) (VACV)	92	SIGNAL 1..17; /evidence="ECO:0000255"	Homo sapiens (Human) [TaxID: 9606]	1994573	10.1016/0042-6822(91)90480-y
P24766	reviewed	PG170_VACCW	Protein OPG170	OPG170 VACWR166 A41L	Vaccinia virus (strain Western Reserve) (VACV) (Vaccinia virus (strain WR))	219	SIGNAL 1..16; /evidence="ECO:0000255"	Bos taurus (Bovine) [TaxID: 9913]	1846491; 2045793; 1870190; 11514718; 18208323	10.1016/0042-6822(91)90077-o; 10.1099/0022-1317-72-6-1349; 10.1128/jvi.65.9.4598-4608.1991; 10.1099/0022-1317-82-9-2095; 10.1371/journal.ppat.0040005
P24916	reviewed	IL17_SHV21	Viral interleukin-17 (vIL-17) (Immediate early gene 13 protein)	13 KCLF2	Saimiriine herpesvirus 2 (strain 11) (SaHV-2) (Herpesvirus saimiri)	151	SIGNAL 1..22; /evidence="ECO:0000255"	Saimiri sciureus (Common squirrel monkey) [TaxID: 9521]	2154888; 1321287; 1699352	10.1016/0042-6822(90)90107-3; 10.1128/jvi.66.8.5047-5058.1992; 10.1016/0042-6822(90)90288-3
P25943	reviewed	VT2_RFVKA	Tumor necrosis factor soluble receptor (Protein T2)	s002L s002R T2	Rabbit fibroma virus (strain Kasza) (RFV) (Shope fibroma virus (strain Kasza))	325	SIGNAL 1..16; /evidence="ECO:0000255"	Oryctolagus cuniculus (Rabbit) [TaxID: 9986]	2820128; 1850261; 1660196; 10562495	10.1016/0042-6822(87)90039-0; 10.1016/0006-291x(91)90929-2; 10.1016/0042-6822(91)90529-k; 10.1006/viro.1999.0002
P26707	reviewed	1104L_ASFL5	Protein MGF 110-4L	LIS124-1	African swine fever virus (isolate Portugal/Lis 57/1957) (ASFV)	124	SIGNAL 1..18; /evidence="ECO:0000255"	Ornithodoros (relapsing fever ticks) [TaxID: 6937]; Sus scrofa (Pig) [TaxID: 9823]	2219721	10.1016/0042-6822(90)90293-z
P26708	reviewed	1104B_ASFL5	Protein MGF 110-4L-B	LIS124-2	African swine fever virus (isolate Portugal/Lis 57/1957) (ASFV)	124	SIGNAL 1..18; /evidence="ECO:0000255"	Ornithodoros (relapsing fever ticks) [TaxID: 6937]; Sus scrofa (Pig) [TaxID: 9823]	2219721	10.1016/0042-6822(90)90293-z
P26710	reviewed	1109L_ASFL5	Protein MGF 110-9L	LIS290	African swine fever virus (isolate Portugal/Lis 57/1957) (ASFV)	290	SIGNAL 1..19; /evidence="ECO:0000255"	Ornithodoros (relapsing fever ticks) [TaxID: 6937]; Sus scrofa (Pig) [TaxID: 9823]	2219721	10.1016/0042-6822(90)90293-z
P26814	reviewed	BOR_LAMBD	Lipoprotein bor	bor	Escherichia phage lambda (Bacteriophage lambda)	97	SIGNAL 1..16; /evidence="ECO:0000255"	Escherichia coli [TaxID: 562]	6221115; 2144037	10.1016/0022-2836(82)90546-0; 10.1038/346871a0
P27277	reviewed	GLYCO_SYNV	Spike glycoprotein	G	Sonchus yellow net virus (SYNV)	632	SIGNAL 1..17; /evidence="ECO:0000255"	Aphis [TaxID: 80764]; Bidens pilosa (Hairy beggarticks) (Cobbler's pegs) [TaxID: 42337]; Lactuca sativa (Garden lettuce) [TaxID: 4236]; Sonchus oleraceus (Common sowthistle) [TaxID: 50207]	1926779	10.1016/0042-6822(91)90750-6
P27427	reviewed	ENV_DHVI1	Envelope glycoprotein	P4	Dhori virus (strain Indian/1313/61) (Dho)	521	SIGNAL 1..20; /evidence="ECO:0000255"	Homo sapiens (Human) [TaxID: 9606]; Ixodida (ticks) [TaxID: 6935]	2309437	10.1016/0042-6822(90)90181-p
P27944	reviewed	VF226_ASFB7	Late protein I226R (pI226R)	Ba71V-138 I226R	African swine fever virus (strain Badajoz 1971 Vero-adapted) (Ba71V) (ASFV)	226	SIGNAL 1..16; /evidence="ECO:0000255"	Ornithodoros (relapsing fever ticks) [TaxID: 6937]; Sus scrofa (Pig) [TaxID: 9823]	1309282; 11831707; 23041356; 35336982	10.1016/0042-6822(92)90059-x; 10.1006/viro.1995.1149; 10.1016/j.virusres.2012.09.014; 10.3390/v14030575
P28977	reviewed	ENV_THOGV	Envelope glycoprotein (Surface glycoprotein 75)	Segment 4	Thogoto virus (isolate SiAr 126) (Tho)	512	SIGNAL 1..15; /evidence="ECO:0000255"	Amblyomma variegatum (Tropical bont tick) [TaxID: 34610]; Cavia cutleri (Guinea pig) [TaxID: 10144]; Mungos mungo (Banded mongoose) [TaxID: 210652]; Rhipicephalus appendiculatus (Brown ear tick) [TaxID: 34631]; Rhipicephalus microplus (Cattle tick) (Boophilus microplus) [TaxID: 6941]	1733105	10.1016/0042-6822(92)90030-s
P29825	reviewed	VT2_MYXVL	Tumor necrosis factor soluble receptor (Protein T2)	m002L T2	Myxoma virus (strain Lausanne) (MYXV)	326	SIGNAL 1..16; /evidence="ECO:0000255"	Oryctolagus cuniculus (Rabbit) [TaxID: 9986]	1651597; 10562494	10.1016/0042-6822(91)90853-4; 10.1006/viro.1999.0001
P30216	reviewed	VP7_ROTHE	Outer capsid glycoprotein VP7		Rotavirus C (isolate RVC/Human/Japan/88-220/1988) (RV-C)	332	SIGNAL 1..49; /evidence="ECO:0000255"	Homo sapiens (Human) [TaxID: 9606]	1850919; 8634028	10.1016/0042-6822(91)90597-5; 10.1007/bf01718407
P30217	reviewed	VP7_ROTPC	Outer capsid glycoprotein VP7		Rotavirus C (strain RVC/Pig/United States/Cowden/1980) (RV-C)	332	SIGNAL 1..33; /evidence="ECO:0000255"	Sus scrofa (Pig) [TaxID: 9823]	1850919	10.1016/0042-6822(91)90597-5
P30237	reviewed	NS3A_IBVB	Non-structural protein 3a (ns3a) (Accessory protein 3a)	3a	Avian infectious bronchitis virus (strain Beaudette) (IBV)	57	SIGNAL 1..23; /evidence="ECO:0000255"	Gallus gallus (Chicken) [TaxID: 9031]	2829563; 1653486; 2995560; 3027249; 15661153; 16137658; 26401035	10.1007/978-1-4684-1280-2_6; 10.1016/0042-6822(91)90423-9; 10.1099/0022-1317-66-10-2253; 10.1099/0022-1317-68-1-57; 10.1016/j.virol.2004.10.045; 10.1016/j.bbrc.2005.08.105; 10.1128/jvi.01057-15
P30889	reviewed	VP7_ROTGI	Outer capsid glycoprotein VP7		Rotavirus B (isolate RVB/Rat/United States/IDIR/1984/G1P[X]) (RV-B) (Rotavirus B (isolate infectious diarrhea of infant rats))	246	SIGNAL 1..16; /evidence="ECO:0000255|HAMAP-Rule:MF_04130"	Homo sapiens (Human) [TaxID: 9606]; Rattus norvegicus (Rat) [TaxID: 10116]	1658208	10.1099/0022-1317-72-11-2801
P32514	reviewed	GG_EHV1K	Envelope glycoprotein G (gG)	gG 70	Equine herpesvirus 1 (strain Kentucky A) (EHV-1) (Equine abortion virus)	411	SIGNAL 1..19; /evidence="ECO:0000255"	Equus caballus (Horse) [TaxID: 9796]	1316673	10.1016/0042-6822(92)90509-n
P32595	reviewed	GLYCO_BEFVB	Glycoprotein	G	Bovine ephemeral fever virus (strain BB7721) (BEFV)	623	SIGNAL 1..12; /evidence="ECO:0000255"	Bos taurus (Bovine) [TaxID: 9913]; Bubalus bubalis (Domestic water buffalo) [TaxID: 89462]; Culicoides [TaxID: 58271]; Syncerus caffer (African buffalo) [TaxID: 9970]	1413521; 8046391; 11074128	10.1016/0042-6822(92)90165-l; 10.1099/0022-1317-75-8-1889; 10.1016/s0168-1702(00)00215-x
P32596	reviewed	VGLN_BEFVB	Non-structural glycoprotein GNS	GNS	Bovine ephemeral fever virus (strain BB7721) (BEFV)	586	SIGNAL 1..14; /evidence="ECO:0000255"	Bos taurus (Bovine) [TaxID: 9913]; Bubalus bubalis (Domestic water buffalo) [TaxID: 89462]; Culicoides [TaxID: 58271]; Syncerus caffer (African buffalo) [TaxID: 9970]	1413521; 8046391; 11074128	10.1016/0042-6822(92)90165-l; 10.1099/0022-1317-75-8-1889; 10.1016/s0168-1702(00)00215-x
P32650	reviewed	GG_EHV4	Envelope glycoprotein G (gG)	gG	Equine herpesvirus 4 (strain 1942) (EHV-4) (Equine rhinopneumonitis virus)	405	SIGNAL 1..19; /evidence="ECO:0000255"	Equus caballus (Horse) [TaxID: 9796]	1529525; 8380320	10.1016/0042-6822(92)91200-e; 10.1007/bf01309795
P33465	reviewed	NS7_CVFE3	Non-structural 7a protein (ns7a) (11 kDa protein) (Accessory protein 7a)	7a	Feline enteric coronavirus (strain 79-1683) (FeCoV) (FECV)	101	SIGNAL 1..23; /evidence="ECO:0000255"	Felidae (cat family) [TaxID: 9681]	1329312	10.1016/0042-6822(92)90174-n
P33831	reviewed	PG040_VAR67	Superinfection exclusion protein (Protein K2) (Serine proteinase inhibitor 3)	OPG040 C2L SPI-3	Variola virus (isolate Human/India/Ind3/1967) (VARV) (Smallpox virus)	373	SIGNAL 1..15; /evidence="ECO:0000255"	Homo sapiens (Human) [TaxID: 9606]	8384129	10.1016/0014-5793(93)80041-r
P33854	reviewed	PG170_VAR67	Protein OPG170	OPG170 A41L A46L	Variola virus (isolate Human/India/Ind3/1967) (VARV) (Smallpox virus)	218	SIGNAL 1..16; /evidence="ECO:0000255"	Homo sapiens (Human) [TaxID: 9606]	8384129	10.1016/0014-5793(93)80041-r
P33865	reviewed	PG049_VAR67	Protein OPG049 (36 kDa major membrane protein F5)	OPG049 C9L F5L	Variola virus (isolate Human/India/Ind3/1967) (VARV) (Smallpox virus)	322	SIGNAL 1..20; /evidence="ECO:0000255"	Homo sapiens (Human) [TaxID: 9606]	8109158; 8384129	10.1016/0168-1702(93)90093-3; 10.1016/0014-5793(93)80041-r
P34016	reviewed	PG001_VAR67	Chemokine-binding protein (vCKBP) (35 kDa protein)	OPG001 B29R C23L	Variola virus (isolate Human/India/Ind3/1967) (VARV) (Smallpox virus)	253	SIGNAL 1..17; /evidence="ECO:0000255"	Homo sapiens (Human) [TaxID: 9606]	1666548; 8384129	10.1016/0014-5793(93)80041-r
P36301	reviewed	NS7_CVCAI	Non-structural protein 7a (ns7a) (11 kDa protein) (Accessory protein 7a) (X3 protein)	7a	Canine coronavirus (strain Insavc-1) (CCoV) (Canine enteric coronavirus)	101	SIGNAL 1..23; /evidence="ECO:0000255"	Canis lupus familiaris (Dog) (Canis familiaris) [TaxID: 9615]	1431811	10.1099/0022-1317-73-11-2849
P36705	reviewed	E310_ADE12	Early E3B 10.4 kDa protein		Human adenovirus A serotype 12 (HAdV-12) (Human adenovirus 12)	91	SIGNAL 1..21; /evidence="ECO:0000250"	Homo sapiens (Human) [TaxID: 9606]	8254750	10.1128/jvi.68.1.379-389.1994
P36707	reviewed	E3B14_ADE12	Early E3B 12.7 kDa protein		Human adenovirus A serotype 12 (HAdV-12) (Human adenovirus 12)	110	SIGNAL 1..16; /evidence="ECO:0000255"	Homo sapiens (Human) [TaxID: 9606]	8254750	10.1128/jvi.68.1.379-389.1994
P39503	reviewed	SPAN2_BPT4	Spanin, outer lipoprotein subunit (o-spanin)	y13J pseT.2	Enterobacteria phage T4 (Bacteriophage T4)	99	SIGNAL 1..16; /evidence="ECO:0000255"	Escherichia coli [TaxID: 562]	12626685; 17900620	10.1128/mmbr.67.1.86-156.2003; 10.1016/j.jmb.2007.08.045
P40932	reviewed	ENV_MPLV	Envelope glycoprotein (Env polyprotein)	env	Myeloproliferative leukemia virus (MpLV)	100	SIGNAL 1..34; /evidence="ECO:0000255"	Mus musculus (Mouse) [TaxID: 10090]	2175677	10.1016/0092-8674(90)90410-g
P41416	reviewed	CXOL_NPVAC	Conotoxin-like peptide	CTL CTX	Autographa californica nuclear polyhedrosis virus (AcMNPV)	53	SIGNAL 1..18; /evidence="ECO:0000255"	Lepidoptera (moths & butterflies) [TaxID: 7088]	1404603; 8030224	10.1128/jvi.66.11.6563-6571.1992; 10.1006/viro.1994.1380
P41428	reviewed	AC23_NPVAC	Protein AC23 (ORF 9)		Autographa californica nuclear polyhedrosis virus (AcMNPV)	690	SIGNAL 1..37; /evidence="ECO:0000255"	Lepidoptera (moths & butterflies) [TaxID: 7088]	8030224; 1333113; 12477838; 18653446	10.1006/viro.1994.1380; 10.1016/0042-6822(92)90281-s; 10.1128/jvi.77.1.328-339.2003; 10.1128/jvi.00759-08
P41656	reviewed	PIF4_NPVAC	Per os infectivity factor 4 (PIF4)	AC96 ORF96	Autographa californica nuclear polyhedrosis virus (AcMNPV)	173	SIGNAL 1..21; /evidence="ECO:0000255"	Lepidoptera (moths & butterflies) [TaxID: 7088]	8030224; 1994581; 19759145	10.1006/viro.1994.1380; 10.1016/0042-6822(91)90500-b; 10.1128/jvi.01141-09
P41672	reviewed	PIF1_NPVAC	Per os infectivity factor 1 (PIF1)		Autographa californica nuclear polyhedrosis virus (AcMNPV)	530	SIGNAL 1..15; /evidence="ECO:0000255"	Lepidoptera (moths & butterflies) [TaxID: 7088]	8030224; 16306597; 20610731	10.1006/viro.1994.1380; 10.1128/jvi.79.24.15258-15264.2005; 10.1128/jvi.00812-10
P41713	reviewed	UDPE_NPVLD	Ecdysteroid UDP-glucosyltransferase (EC 2.4.1.-)	EGT UGT21A4 LdOrf-125	Lymantria dispar multicapsid nuclear polyhedrosis virus (LdMNPV)	506	SIGNAL 1..18; /evidence="ECO:0000255"	Lepidoptera (moths & butterflies) [TaxID: 7088]	8151299; 9887315	10.1099/0022-1317-75-4-829; 10.1006/viro.1998.9469
P52460	reviewed	CCU83_HHV6U	Putative CC-type chemokine U83	U83 EDRF3	Human herpesvirus 6A (strain Uganda-1102) (HHV-6 variant A) (Human B lymphotropic virus)	97	SIGNAL 1..?; /evidence="ECO:0000255"	Homo sapiens (Human) [TaxID: 9606]	7747482; 29301233	10.1006/viro.1995.1228; 10.3390/v10010016
P52461	reviewed	CCU83_HHV6Z	Putative CC-type chemokine U83	U83 CB11R	Human herpesvirus 6B (strain Z29) (HHV-6 variant B) (Human B lymphotropic virus)	97	SIGNAL 1..?; /evidence="ECO:0000255"	Homo sapiens (Human) [TaxID: 9606]	8634027; 10482553	10.1007/bf01718406; 10.1128/jvi.73.10.8040-8052.1999
P68444	reviewed	PG192_VACCW	Protein OPG192	OPG192 VACWR189 B7R	Vaccinia virus (strain Western Reserve) (VACV) (Vaccinia virus (strain WR))	182	SIGNAL 1..16; /evidence="ECO:0000255"	Bos taurus (Bovine) [TaxID: 9913]	2045793; 1846491; 10648184	10.1099/0022-1317-72-6-1349; 10.1016/0042-6822(91)90077-o; 10.1006/viro.1999.0116
P68570	reviewed	BDBA_BPSPB	Disulfide bond formation protein A (Disulfide oxidoreductase A) (Thiol-disulfide oxidoreductase A)	bdbA SPBc2p022	Bacillus phage SPbeta (Bacillus phage SPBc2) (Bacteriophage SP-beta)	137	SIGNAL 1..25; /evidence="ECO:0000255"	Bacillus pumilus (Bacillus mesentericus) [TaxID: 1408]; Bacillus subtilis [TaxID: 1423]	10376821	10.1099/13500872-145-5-1055
P68677	reviewed	IL10H_EHV2T	Viral interleukin-10 homolog (vIL-10)	E7	Equine herpesvirus 2 (strain T400/3) (EHV-2)	179	SIGNAL 1..18; /evidence="ECO:0000255"	Equus caballus (Horse) [TaxID: 9796]	8385838	10.1007/bf01702353
P68678	reviewed	IL10H_EHV2	Viral interleukin-10 homolog (vIL-10)	E7	Equine herpesvirus 2 (strain 86/87) (EHV-2)	179	SIGNAL 1..18; /evidence="ECO:0000255"	Equus caballus (Horse) [TaxID: 9796]	7783207	10.1006/jmbi.1995.0314
P68744	reviewed	1106L_ASFB7	Protein MGF 110-6L	BA71V-015 BA71V-016 V118 Y118L	African swine fever virus (strain Badajoz 1971 Vero-adapted) (Ba71V) (ASFV)	118	SIGNAL 1..18; /evidence="ECO:0000255"	Ornithodoros (relapsing fever ticks) [TaxID: 6937]; Sus scrofa (Pig) [TaxID: 9823]	2325202; 11831707; 15016891; 32075923	10.1128/jvi.64.5.2064-2072.1990; 10.1006/viro.1995.1149; 10.1128/jvi.78.7.3710-3721.2004; 10.1128/jvi.00119-20
P68745	reviewed	1106L_ASFL5	Protein MGF 110-6L	V118	African swine fever virus (isolate Portugal/Lis 57/1957) (ASFV)	118	SIGNAL 1..18; /evidence="ECO:0000255"	Ornithodoros (relapsing fever ticks) [TaxID: 6937]; Sus scrofa (Pig) [TaxID: 9823]	2219721	10.1016/0042-6822(90)90293-z
P69338	reviewed	UL132_HCMVA	Envelope glycoprotein UL132 (L3)	UL132	Human cytomegalovirus (strain AD169) (HHV-5) (Human herpesvirus 5)	270	SIGNAL 1..29; /evidence="ECO:0000255"	Homo sapiens (Human) [TaxID: 9606]	2161319; 12533697; 15452216	10.1007/978-3-642-74980-3_6; 10.1099/vir.0.18606-0; 10.1128/jvi.78.20.10960-10966.2004
P69339	reviewed	UL132_HCMVT	Envelope glycoprotein UL132 (L3)	UL132	Human cytomegalovirus (strain Towne) (HHV-5) (Human herpesvirus 5)	270	SIGNAL 1..29; /evidence="ECO:0000255"	Homo sapiens (Human) [TaxID: 9606]	8109157; 15105547	10.1016/0168-1702(93)90092-2; 10.1099/vir.0.79888-0
P69612	reviewed	NS7_CVPR8	Non-structural protein 7 (ns7) (9 kDa hydrophobic protein) (HP) (Accessory protein 7) (X3 protein)	7	Porcine respiratory coronavirus (strain 86/137004 / isolate British) (PRCoV) (PRCV)	78	SIGNAL 1..23; /evidence="ECO:0000255"	Sus scrofa (Pig) [TaxID: 9823]	1662846	10.1016/0168-1702(91)90032-q
P69613	reviewed	NS7_CVPRM	Non-structural protein 7 (ns7) (9 kDa hydrophobic protein) (HP) (Accessory protein 7) (X3 protein)	7	Porcine respiratory coronavirus (strain RM4) (PRCoV) (PRCV)	78	SIGNAL 1..23; /evidence="ECO:0000255"	Sus scrofa (Pig) [TaxID: 9823]	2174956	10.1099/0022-1317-71-11-2599
P84393	reviewed	GG_EHV1V	Envelope glycoprotein G (gG)	gG 70	Equine herpesvirus 1 (strain V592) (EHV-1) (Equine abortion virus)	411	SIGNAL 1..19; /evidence="ECO:0000255"	Equus caballus (Horse) [TaxID: 9796]		
Q00104	reviewed	VG46_ICHVA	Probable major glycoprotein	ORF46	Ictalurid herpesvirus 1 (strain Auburn) (IcHV-1) (Channel catfish herpesvirus)	1355	SIGNAL 1..16; /evidence="ECO:0000255"	Ictaluridae (bullhead catfishes) [TaxID: 7996]	1727613	10.1016/0042-6822(92)90056-u
Q00139	reviewed	VG47_ICHVA	Subtilisin-like protease (EC 3.4.21.-)	ORF47	Ictalurid herpesvirus 1 (strain Auburn) (IcHV-1) (Channel catfish herpesvirus)	370	SIGNAL 1..17; /evidence="ECO:0000255"	Ictaluridae (bullhead catfishes) [TaxID: 7996]	1727613	10.1016/0042-6822(92)90056-u
Q00320	reviewed	PG049_VACCP	Protein OPG049 (36 kDa major membrane protein F5)	OPG049 F13	Vaccinia virus (strain L-IVP) (VACV)	321	SIGNAL 1..20; /evidence="ECO:0000255"	Homo sapiens (Human) [TaxID: 9606]		
Q00996	reviewed	CD59_SHV21	Surface glycoprotein CD59 homolog	15	Saimiriine herpesvirus 2 (strain 11) (SaHV-2) (Herpesvirus saimiri)	121	SIGNAL 1..19; /evidence="ECO:0000255"	Saimiri sciureus (Common squirrel monkey) [TaxID: 9521]	1321287; 1382344	10.1128/jvi.66.8.5047-5058.1992; 10.1016/0042-6822(92)91247-r
Q01031	reviewed	GL_SHV21	Envelope glycoprotein L (gL)	gL 47	Saimiriine herpesvirus 2 (strain 11) (SaHV-2) (Herpesvirus saimiri)	141	SIGNAL 1..19; /evidence="ECO:0000255|HAMAP-Rule:MF_04034"	Saimiri sciureus (Common squirrel monkey) [TaxID: 9521]	1321287	10.1128/jvi.66.8.5047-5058.1992
Q01232	reviewed	PG163_VACCW	Protein OPG163	OPG163 VACWR158 A35R	Vaccinia virus (strain Western Reserve) (VACV) (Vaccinia virus (strain WR))	176	SIGNAL 1..14; /evidence="ECO:0000255"	Bos taurus (Bovine) [TaxID: 9913]	2045793; 1856205; 16352555; 19828608; 19954808	10.1099/0022-1317-72-6-1349; 10.1016/s0021-9258(18)92757-2; 10.1128/jvi.80.1.306-313.2006; 10.1128/jvi.01802-09; 10.1016/j.virol.2009.11.008
Q04703	reviewed	NS7_CVCAK	Non-structural protein 7a (ns7a) (11 kDa protein) (Accessory protein 7a) (X3 protein)	7a	Canine coronavirus (strain K378) (CCoV) (Canine enteric coronavirus)	101	SIGNAL 1..23; /evidence="ECO:0000255"	Canis lupus familiaris (Dog) (Canis familiaris) [TaxID: 9615]	1329312	10.1016/0042-6822(92)90174-n
Q05894	reviewed	SPIN_HAEPV	Spindolin (Fusolin) (p50)		Heliothis armigera entomopoxvirus (HaEPV)	351	SIGNAL 1..20; /evidence="ECO:0000269|PubMed:8376960"	Lepidoptera (moths & butterflies) [TaxID: 7088]	8376960	10.1099/0022-1317-74-9-1811
Q08103	reviewed	VGLX_BHV1S	Glycoprotein GX		Bovine herpesvirus 1.2 (strain ST) (BoHV-1) (Infectious bovine rhinotracheitis virus)	444	SIGNAL 1..24; /evidence="ECO:0000255"	Bos taurus (Bovine) [TaxID: 9913]	8122370	10.1006/viro.1994.1139
Q4ZJY7	reviewed	GL18B_MDBVW	Mucin-like protein Glc1.8b (Glc1.8b)	O16	Microplitis demolitor bracovirus (isolate Webb) (MdBV)	515	SIGNAL 1..20; /evidence="ECO:0000255"	Microplitis demolitor (Parasitoid wasp) [TaxID: 69319]	16380146	10.1016/j.virol.2005.11.010
Q4ZJZ1	reviewed	EG15B_MDBVW	Protease inhibitor Egf1.5b	O5	Microplitis demolitor bracovirus (isolate Webb) (MdBV)	346	SIGNAL 1..28; /evidence="ECO:0000255"	Microplitis demolitor (Parasitoid wasp) [TaxID: 69319]	16380146	10.1016/j.virol.2005.11.010
Q4ZJZ3	reviewed	EG15A_MDBVW	Protease inhibitor Egf1.5a	O1	Microplitis demolitor bracovirus (isolate Webb) (MdBV)	343	SIGNAL 1..28; /evidence="ECO:0000255"	Microplitis demolitor (Parasitoid wasp) [TaxID: 69319]	16380146; 20417280	10.1016/j.virol.2005.11.010; 10.1016/j.ibmb.2010.04.009
Q5GA86	reviewed	GLYCO_TAVCV	Glycoprotein	G	Taro vein chlorosis virus (TAVCV)	588	SIGNAL 1..22; /evidence="ECO:0000255"	Colocasia esculenta (Wild taro) (Arum esculentum) [TaxID: 4460]	15659770	10.1099/vir.0.80591-0
Q5MAE6	reviewed	YB1_MDBVW	Putative BEN domain-containing protein B1	B1	Microplitis demolitor bracovirus (isolate Webb) (MdBV)	248	SIGNAL 1..22; /evidence="ECO:0000255"	Microplitis demolitor (Parasitoid wasp) [TaxID: 69319]	16380146	10.1016/j.virol.2005.11.010
Q5UPE0	reviewed	YL065_MIMIV	Uncharacterized protein L65	MIMI_L65	Acanthamoeba polyphaga mimivirus (APMV)	355	SIGNAL 1..21; /evidence="ECO:0000255"	Acanthamoeba polyphaga (Amoeba) [TaxID: 5757]	15486256; 16971431	10.1126/science.1101485; 10.1128/jvi.00940-06
Q5UPK7	reviewed	YL128_MIMIV	Putative GMC-type oxidoreductase L128 (EC 1.-.-.-)	MIMI_L128	Acanthamoeba polyphaga mimivirus (APMV)	563	SIGNAL 1..21; /evidence="ECO:0000255"	Acanthamoeba polyphaga (Amoeba) [TaxID: 5757]	15486256	10.1126/science.1101485
Q5UQG0	reviewed	YR486_MIMIV	Putative PAN domain-containing protein R486	MIMI_R486	Acanthamoeba polyphaga mimivirus (APMV)	223	SIGNAL 1..23; /evidence="ECO:0000255"	Acanthamoeba polyphaga (Amoeba) [TaxID: 5757]	15486256; 16971431	10.1126/science.1101485; 10.1128/jvi.00940-06
Q5UQH9	reviewed	YR832_MIMIV	Putative truncated GMC-type inactive oxidoreductase R832	MIMI_R832	Acanthamoeba polyphaga mimivirus (APMV)	414	SIGNAL 1..20; /evidence="ECO:0000255"	Acanthamoeba polyphaga (Amoeba) [TaxID: 5757]	15486256	10.1126/science.1101485
Q5UQZ1	reviewed	YL894_MIMIV	Putative truncated GMC-type inactive oxidoreductase L894	MIMI_L894	Acanthamoeba polyphaga mimivirus (APMV)	438	SIGNAL 1..26; /evidence="ECO:0000255"	Acanthamoeba polyphaga (Amoeba) [TaxID: 5757]	15486256; 16971431	10.1126/science.1101485; 10.1128/jvi.00940-06
Q5UR02	reviewed	CHLE_MIMIV	Probable cholinesterase (EC 3.1.1.8) (Acylcholine acylhydrolase)	MIMI_L906	Acanthamoeba polyphaga mimivirus (APMV)	579	SIGNAL 1..19; /evidence="ECO:0000255"	Acanthamoeba polyphaga (Amoeba) [TaxID: 5757]	15486256	10.1126/science.1101485
Q5UR16	reviewed	YR659_MIMIV	Putative EGF-like domain-containing protein R659	MIMI_R659	Acanthamoeba polyphaga mimivirus (APMV)	525	SIGNAL 1..24; /evidence="ECO:0000255"	Acanthamoeba polyphaga (Amoeba) [TaxID: 5757]	15486256	10.1126/science.1101485
Q5UR81	reviewed	YL633_MIMIV	Putative lectin L633	MIMI_L633	Acanthamoeba polyphaga mimivirus (APMV)	199	SIGNAL 1..25; /evidence="ECO:0000255"	Acanthamoeba polyphaga (Amoeba) [TaxID: 5757]	15486256	10.1126/science.1101485
Q5URA7	reviewed	YR877_MIMIV	Putative lipocalin R877	MIMI_R877	Acanthamoeba polyphaga mimivirus (APMV)	169	SIGNAL 1..18; /evidence="ECO:0000255"	Acanthamoeba polyphaga (Amoeba) [TaxID: 5757]	15486256; 16971431	10.1126/science.1101485; 10.1128/jvi.00940-06
Q65176	reviewed	VFB66_ASFB7	Transmembrane protein B66L (pB66L)	Ba71V-087 B66L	African swine fever virus (strain Badajoz 1971 Vero-adapted) (Ba71V) (ASFV)	66	SIGNAL 1..20; /evidence="ECO:0000255"	Ornithodoros (relapsing fever ticks) [TaxID: 6937]; Sus scrofa (Pig) [TaxID: 9823]	11831707	10.1006/viro.1995.1149
Q65250	reviewed	VF226_ASFM2	Late protein I226R (pI226R)	Mal-145 k8R	African swine fever virus (isolate Tick/Malawi/Lil 20-1/1983) (ASFV)	226	SIGNAL 1..16; /evidence="ECO:0000255"	Ornithodoros (relapsing fever ticks) [TaxID: 6937]; Phacochoerus aethiopicus (Warthog) [TaxID: 85517]; Phacochoerus africanus (Warthog) [TaxID: 41426]; Potamochoerus larvatus (Bushpig) [TaxID: 273792]; Sus scrofa (Pig) [TaxID: 9823]	8021596; 23041356	10.1099/0022-1317-75-7-1655; 10.1016/j.virusres.2012.09.014
Q65328	reviewed	SPLR_NPVOP	Spheroidin-like protein (37 kDa glycoprotein) (Spindolin-like protein)	SLP GP37 ORF69	Orgyia pseudotsugata multicapsid polyhedrosis virus (OpMNPV)	321	SIGNAL 1..18; /evidence="ECO:0000255"	Orgyia pseudotsugata (Douglas-fir tussock moth) [TaxID: 33414]	8380088; 9126251	10.1128/jvi.67.1.469-475.1993; 10.1006/viro.1997.8448
Q65363	reviewed	UDPE_NPVOP	Ecdysteroid UDP-glucosyltransferase (EC 2.4.1.-)	EGT UGT21A6 ORF14	Orgyia pseudotsugata multicapsid polyhedrosis virus (OpMNPV)	489	SIGNAL 1..17; /evidence="ECO:0000255"	Orgyia pseudotsugata (Douglas-fir tussock moth) [TaxID: 33414]	9126251; 8249294	10.1006/viro.1997.8448; 10.1006/viro.1993.1647
Q65527	reviewed	VP7_ROTBS	Outer capsid glycoprotein VP7		Rotavirus C (isolate RVC/Cow/Japan/Shintoku/1991/G2P[3]) (RV-C)	332	SIGNAL 1..49; /evidence="ECO:0000255"	Bos taurus (Bovine) [TaxID: 9913]	8645106	10.1007/bf01718328
Q66262	reviewed	VP12_CTFVL	Uncharacterized protein VP12		Colorado tick fever virus (strain USA/Florio N-7180) (CTFV)	185	SIGNAL 1..24; /evidence="ECO:0000255"	Callospermophilus lateralis (Golden-mantled ground squirrel) (Spermophilus lateralis) [TaxID: 76772]; Dermacentor andersoni (Rocky mountain wood tick) [TaxID: 34620]; Erethizon dorsatum (North American porcupine) (Hystrix dorsata) [TaxID: 34844]; Homo sapiens (Human) [TaxID: 9606]; Neotoma cinerea (Bushy-tailed woodrat) (Mus cinereus) [TaxID: 105147]; Peromyscus maniculatus (North American deer mouse) [TaxID: 10042]	15269364	10.1099/vir.0.80019-0
Q66608	reviewed	VGE3_EHV2	SUSHI domain-containing protein E3	E3	Equine herpesvirus 2 (strain 86/87) (EHV-2)	174	SIGNAL 1..20; /evidence="ECO:0000255"	Equus caballus (Horse) [TaxID: 9796]	7783207	10.1006/jmbi.1995.0314
Q66649	reviewed	GL_EHV2	Envelope glycoprotein L (gL)	gL 47	Equine herpesvirus 2 (strain 86/87) (EHV-2)	164	SIGNAL 1..24; /evidence="ECO:0000255|HAMAP-Rule:MF_04034"	Equus caballus (Horse) [TaxID: 9796]	7783207	10.1006/jmbi.1995.0314
Q66653	reviewed	VG51_EHV2	Putative C-type lectin protein 51	51	Equine herpesvirus 2 (strain 86/87) (EHV-2)	223	SIGNAL 1..31; /evidence="ECO:0000255"	Equus caballus (Horse) [TaxID: 9796]	7783207	10.1006/jmbi.1995.0314
Q66676	reviewed	VGE9_EHV2	Uncharacterized gene E9 protein	E9	Equine herpesvirus 2 (strain 86/87) (EHV-2)	205	SIGNAL 1..19; /evidence="ECO:0000255"	Equus caballus (Horse) [TaxID: 9796]	7783207	10.1006/jmbi.1995.0314
Q69553	reviewed	U18_HHV6U	Putative immediate early glycoprotein (Protein U18)	U18 EJLF6	Human herpesvirus 6A (strain Uganda-1102) (HHV-6 variant A) (Human B lymphotropic virus)	293	SIGNAL 1..21; /evidence="ECO:0000255"	Homo sapiens (Human) [TaxID: 9606]	8289364; 7747482	10.1128/jvi.68.2.597-610.1994; 10.1006/viro.1995.1228
Q69557	reviewed	U22_HHV6U	Glycoprotein U22	U22 EJLF1	Human herpesvirus 6A (strain Uganda-1102) (HHV-6 variant A) (Human B lymphotropic virus)	202	SIGNAL 1..20; /evidence="ECO:0000255"	Homo sapiens (Human) [TaxID: 9606]	8289364; 7747482	10.1128/jvi.68.2.597-610.1994; 10.1006/viro.1995.1228
Q69558	reviewed	U23_HHV6U	Glycoprotein U23	U23 EqLF1	Human herpesvirus 6A (strain Uganda-1102) (HHV-6 variant A) (Human B lymphotropic virus)	236	SIGNAL 1..17; /evidence="ECO:0000255"	Homo sapiens (Human) [TaxID: 9606]	8289364; 7747482	10.1128/jvi.68.2.597-610.1994; 10.1006/viro.1995.1228
Q6E0W7	reviewed	GLYCO_MMVR	Glycoprotein	G	Maize mosaic virus (isolate Maize/United States/Reed/2005) (MMV)	591	SIGNAL 1..21; /evidence="ECO:0000255"	Rottboellia [TaxID: 300124]; Setaria [TaxID: 4554]; Sorghum bicolor (Sorghum) (Sorghum vulgare) [TaxID: 4558]; Zea mays (Maize) [TaxID: 4577]	16005085	10.1016/j.jviromet.2005.05.013
Q6R7E1	reviewed	Y088_OSHVF	Putative transmembrane protein ORF88	ORF88	Ostreid herpesvirus 1 (isolate France) (OsHV-1) (Pacific oyster herpesvirus)	748	SIGNAL 1..20; /evidence="ECO:0000255"	Magallana gigas (Pacific oyster) (Crassostrea gigas) [TaxID: 29159]; Pecten maximus (King scallop) (Pilgrim's clam) [TaxID: 6579]	15604430	10.1099/vir.0.80382-0
Q6R7G0	reviewed	Y068_OSHVF	Putative transmembrane protein ORF68	ORF68	Ostreid herpesvirus 1 (isolate France) (OsHV-1) (Pacific oyster herpesvirus)	693	SIGNAL 1..17; /evidence="ECO:0000255"	Magallana gigas (Pacific oyster) (Crassostrea gigas) [TaxID: 29159]; Pecten maximus (King scallop) (Pilgrim's clam) [TaxID: 6579]	15604430	10.1099/vir.0.80382-0
Q6R7G6	reviewed	Y059_OSHVF	Uncharacterized protein ORF59	ORF59	Ostreid herpesvirus 1 (isolate France) (OsHV-1) (Pacific oyster herpesvirus)	1080	SIGNAL 1..17; /evidence="ECO:0000255"	Magallana gigas (Pacific oyster) (Crassostrea gigas) [TaxID: 29159]; Pecten maximus (King scallop) (Pilgrim's clam) [TaxID: 6579]	15604430	10.1099/vir.0.80382-0
Q6R7H1	reviewed	Y054_OSHVF	Uncharacterized protein ORF54	ORF54	Ostreid herpesvirus 1 (isolate France) (OsHV-1) (Pacific oyster herpesvirus)	807	SIGNAL 1..18; /evidence="ECO:0000255"	Magallana gigas (Pacific oyster) (Crassostrea gigas) [TaxID: 29159]; Pecten maximus (King scallop) (Pilgrim's clam) [TaxID: 6579]	15604430	10.1099/vir.0.80382-0
Q6R7I3	reviewed	Y041_OSHVF	Uncharacterized protein ORF41	ORF41	Ostreid herpesvirus 1 (isolate France) (OsHV-1) (Pacific oyster herpesvirus)	972	SIGNAL 1..21; /evidence="ECO:0000255"	Magallana gigas (Pacific oyster) (Crassostrea gigas) [TaxID: 29159]; Pecten maximus (King scallop) (Pilgrim's clam) [TaxID: 6579]	15604430	10.1099/vir.0.80382-0
Q6R7J8	reviewed	Y025_OSHVF	Putative transmembrane protein ORF25	ORF25	Ostreid herpesvirus 1 (isolate France) (OsHV-1) (Pacific oyster herpesvirus)	221	SIGNAL 1..23; /evidence="ECO:0000255"	Magallana gigas (Pacific oyster) (Crassostrea gigas) [TaxID: 29159]; Pecten maximus (King scallop) (Pilgrim's clam) [TaxID: 6579]	15604430	10.1099/vir.0.80382-0
Q6S6W0	reviewed	GP2_EHV1V	Glycoprotein gp2 (Glycoprotein X) (GpX)	71	Equine herpesvirus 1 (strain V592) (EHV-1) (Equine abortion virus)	866	SIGNAL 1..25; /evidence="ECO:0000255"	Equus caballus (Horse) [TaxID: 9796]		
Q6SW14	reviewed	UL139_HCMVM	Membrane glycoprotein UL139	UL139	Human cytomegalovirus (strain Merlin) (HHV-5) (Human herpesvirus 5)	138	SIGNAL 1..15; /evidence="ECO:0000255"	Homo sapiens (Human) [TaxID: 9606]	15105547	10.1099/vir.0.79888-0
Q6SW31	reviewed	UL120_HCMVM	Membrane protein UL120	UL120	Human cytomegalovirus (strain Merlin) (HHV-5) (Human herpesvirus 5)	201	SIGNAL 1..25; /evidence="ECO:0000255"	Homo sapiens (Human) [TaxID: 9606]	15105547	10.1099/vir.0.79888-0
Q6SW34	reviewed	UL116_HCMVM	Uncharacterized protein UL116	UL116	Human cytomegalovirus (strain Merlin) (HHV-5) (Human herpesvirus 5)	313	SIGNAL 1..24; /evidence="ECO:0000255"	Homo sapiens (Human) [TaxID: 9606]	15105547	10.1099/vir.0.79888-0
Q6SW92	reviewed	UL40_HCMVM	Protein UL40	UL40	Human cytomegalovirus (strain Merlin) (HHV-5) (Human herpesvirus 5)	221	SIGNAL 1..35; /evidence="ECO:0000255"	Homo sapiens (Human) [TaxID: 9606]	15105547	10.1099/vir.0.79888-0
Q6SWA0	reviewed	UL31_HCMVM	Protein UL31	UL31	Human cytomegalovirus (strain Merlin) (HHV-5) (Human herpesvirus 5)	595	SIGNAL 1..40; /evidence="ECO:0000255"	Homo sapiens (Human) [TaxID: 9606]	15105547	10.1099/vir.0.79888-0
Q6SWB8	reviewed	UL13_HCMVM	Uncharacterized protein UL13	UL13	Human cytomegalovirus (strain Merlin) (HHV-5) (Human herpesvirus 5)	473	SIGNAL 1..35; /evidence="ECO:0000255"	Homo sapiens (Human) [TaxID: 9606]	15105547	10.1099/vir.0.79888-0
Q6SWC6	reviewed	UL04_HCMVM	Envelope glycoprotein UL4	UL4	Human cytomegalovirus (strain Merlin) (HHV-5) (Human herpesvirus 5)	149	SIGNAL 1..18; /evidence="ECO:0000255"	Homo sapiens (Human) [TaxID: 9606]	15105547	10.1099/vir.0.79888-0
Q6SWC8	reviewed	UL01_HCMVM	Glycoprotein UL1	UL1	Human cytomegalovirus (strain Merlin) (HHV-5) (Human herpesvirus 5)	218	SIGNAL 1..27; /evidence="ECO:0000255"	Homo sapiens (Human) [TaxID: 9606]	15105547	10.1099/vir.0.79888-0
Q6SWC9	reviewed	RL13_HCMVM	Membrane protein RL13	RL13	Human cytomegalovirus (strain Merlin) (HHV-5) (Human herpesvirus 5)	293	SIGNAL 1..19; /evidence="ECO:0000255"	Homo sapiens (Human) [TaxID: 9606]	15105547; 20679731	10.1099/vir.0.79888-0; 10.1172/jci42955
Q6SWD1	reviewed	RL11_HCMVM	Membrane glycoprotein RL11	RL11	Human cytomegalovirus (strain Merlin) (HHV-5) (Human herpesvirus 5)	234	SIGNAL 1..23; /evidence="ECO:0000255"	Homo sapiens (Human) [TaxID: 9606]	15105547	10.1099/vir.0.79888-0
Q6SWM9	reviewed	UL135_HCMVT	Protein UL135	UL135	Human cytomegalovirus (strain Towne) (HHV-5) (Human herpesvirus 5)	308	SIGNAL 1..22; /evidence="ECO:0000255"	Homo sapiens (Human) [TaxID: 9606]	19553388; 15105547	10.1099/vir.0.013250-0; 10.1099/vir.0.79888-0
Q6UDF8	reviewed	GG_PSHV1	Glycoprotein G	gG US4	Psittacid herpesvirus 1 (isolate Amazon parrot/-/97-0001/1997) (PsHV-1) (Pacheco's disease virus)	280	SIGNAL 1..24; /evidence="ECO:0000255"	Amazona oratrix (yellow-headed parrot) [TaxID: 152276]	16873243	10.1128/jvi.00134-06
Q6UDI7	reviewed	GC_PSHV1	Envelope glycoprotein C	gC UL44	Psittacid herpesvirus 1 (isolate Amazon parrot/-/97-0001/1997) (PsHV-1) (Pacheco's disease virus)	462	SIGNAL 1..23; /evidence="ECO:0000255"	Amazona oratrix (yellow-headed parrot) [TaxID: 152276]	16873243	10.1128/jvi.00134-06
Q76TT7	reviewed	CAPSD_SPV1C	Putative capsid protein ORF9	ORF9	Spiroplasma virus SpV1-C74 (SpV1)	78	SIGNAL 1..29; /evidence="ECO:0000255"	Spiroplasma melliferum [TaxID: 2134]		
Q779K3	reviewed	STXB_BP788	Shiga toxin subunit B	stxB	Shigella phage 7888 (Shigella sonnei bacteriophage 7888)	89	SIGNAL 1..20; /evidence="ECO:0000255"	Shigella sonnei [TaxID: 624]	10232325; 11705937	10.1016/s0140-6736(99)00961-7; 10.1128/iai.69.12.7588-7595.2001
Q77MQ6	reviewed	IL8H_GAHVM	Viral interleukin-8 homolog (vIL8)	MDV078 MDV003	Gallid herpesvirus 2 (strain Chicken/Md5/ATCC VR-987) (GaHV-2) (Marek's disease herpesvirus type 1)	134	SIGNAL 1..22; /evidence="ECO:0000255"	Gallus gallus (Chicken) [TaxID: 9031]	10933706; 15078957	10.1128/jvi.74.17.7980-7988.2000; 10.1128/jvi.78.9.4753-4760.2004
Q77MS9	reviewed	VLIP_GAHVM	Virulence factor MDV010 (Viral lipase homolog) (vLIP)	MDV010	Gallid herpesvirus 2 (strain Chicken/Md5/ATCC VR-987) (GaHV-2) (Marek's disease herpesvirus type 1)	756	SIGNAL 1..30; /evidence="ECO:0000255"	Gallus gallus (Chicken) [TaxID: 9031]	10933706; 15890938	10.1128/jvi.74.17.7980-7988.2000; 10.1128/jvi.79.11.6984-6996.2005
Q7T6S7	reviewed	NS7_CVCBG	Non-structural protein 7a (ns7a) (11 kDa protein) (Accessory protein 7a) (X3 protein)	7a	Canine coronavirus (strain BGF10) (CCoV) (Canine enteric coronavirus)	101	SIGNAL 1..23; /evidence="ECO:0000255"	Canis lupus familiaris (Dog) (Canis familiaris) [TaxID: 9615]	15177889	10.1016/j.virusres.2004.02.038
Q83140	reviewed	UDPE_NPVMB	Ecdysteroid UDP-glucosyltransferase (EC 2.4.1.-)	EGT UGT21A5	Mamestra brassicae nuclear polyhedrosis virus (MbNPV)	528	SIGNAL 1..32; /evidence="ECO:0000255"	Lepidoptera (moths & butterflies) [TaxID: 7088]	8922482	10.1099/0022-1317-77-11-2865
Q85339	reviewed	PG040_VACCA	Superinfection exclusion protein (Protein K2) (Serine proteinase inhibitor 3)	OPG040 MVA023L ACAM3000_MVA_023 C2L SPI-3	Vaccinia virus (strain Ankara) (VACV)	369	SIGNAL 1..15; /evidence="ECO:0000255"	Homo sapiens (Human) [TaxID: 9606]	2719552; 9601507	10.1007/bf01311113; 10.1006/viro.1998.9123
Q88168	reviewed	UDPE_NPVSL	Ecdysteroid UDP-glucosyltransferase (EC 2.4.1.-)	EGT UGT21A7	Spodoptera littoralis nuclear polyhedrosis virus (SlNPV)	515	SIGNAL 1..31; /evidence="ECO:0000255"	Lepidoptera (moths & butterflies) [TaxID: 7088]	8808334	10.1007/bf01701661
Q89669	reviewed	GLYCO_ARV	Glycoprotein	G	Adelaide River virus (ARV)	660	SIGNAL 1..22; /evidence="ECO:0000255"	Bos taurus (Bovine) [TaxID: 9913]; Bubalus bubalis (Domestic water buffalo) [TaxID: 89462]; Culicoides [TaxID: 58271]; Syncerus caffer (African buffalo) [TaxID: 9970]	8337841	10.1006/viro.1993.1423
Q89738	reviewed	OX2V_HHV6U	Putative OX-2 membrane glycoprotein homolog (Protein U85)	U85 EDLF1	Human herpesvirus 6A (strain Uganda-1102) (HHV-6 variant A) (Human B lymphotropic virus)	290	SIGNAL 1..17; /evidence="ECO:0000255"	Homo sapiens (Human) [TaxID: 9606]	7941342; 7747482	10.1006/viro.1994.1589; 10.1006/viro.1995.1228
Q89865	reviewed	VP7_ROTHC	Outer capsid glycoprotein VP7		Rotavirus C (isolate RVC/Human/United Kingdom/Bristol/1989) (RV-C)	332	SIGNAL 1..49; /evidence="ECO:0000255"	Homo sapiens (Human) [TaxID: 9606]	7852957; 8634028	10.1002/jmv.1890440209; 10.1007/bf01718407
Q89904	reviewed	VGLN_ARV	Non-structural glycoprotein	GNS	Adelaide River virus (ARV)	609	SIGNAL 1..24; /evidence="ECO:0000255"	Bos taurus (Bovine) [TaxID: 9913]; Bubalus bubalis (Domestic water buffalo) [TaxID: 89462]; Culicoides [TaxID: 58271]; Syncerus caffer (African buffalo) [TaxID: 9970]	8337841	10.1006/viro.1993.1423
Q8BDV6	reviewed	GLYCO_LBV	Glycoprotein	G	Lagos bat virus (LBV)	522	SIGNAL 1..25; /evidence="ECO:0000255"	Homo sapiens (Human) [TaxID: 9606]; Mammalia [TaxID: 40674]		
Q8LTD0	reviewed	SPAN2_BPP2	Probable spanin, outer lipoprotein subunit (Protein lysC)	lysC	Escherichia phage P2 (Bacteriophage P2)	96	SIGNAL 1..24; /evidence="ECO:0000255"	Enterobacteriaceae [TaxID: 543]		
Q8QL30	reviewed	Y510_SIRV1	Uncharacterized protein 510	510	Sulfolobus islandicus rod-shaped virus 1 (SIRV-1) (Sulfolobus virus SIRV-1)	510	SIGNAL 1..19; /evidence="ECO:0000255"	Saccharolobus islandicus (Sulfolobus islandicus) [TaxID: 43080]	11878892; 15469509	10.1006/viro.2001.1190; 10.1111/j.1365-2958.2004.04287.x
Q8SDJ8	reviewed	SAK_BPPHD	Staphylokinase	sak	Staphylococcus phage phi13 (Bacteriophage phi-13)	163	SIGNAL 1..27; /evidence="ECO:0000250"	Pseudomonas [TaxID: 286]	12036589	10.1016/s0378-1119(02)00481-x
Q90157	reviewed	UDPE_NPVCF	Ecdysteroid UDP-glucosyltransferase (EC 2.4.1.-)	EGT UGT21A2	Choristoneura fumiferana nuclear polyhedrosis virus (CfMNPV)	491	SIGNAL 1..17; /evidence="ECO:0000255"	Choristoneura fumiferana (Spruce budworm moth) (Archips fumiferana) [TaxID: 7141]	7595348	10.1099/0022-1317-76-10-2447
Q90158	reviewed	UDPE_NPVCD	Ecdysteroid UDP-glucosyltransferase (EC 2.4.1.-)	egt UGT21A3 Op14/Ac15	Choristoneura fumiferana defective polyhedrosis virus (Cfdef)	493	SIGNAL 1..17; /evidence="ECO:0000255"	Lepidoptera (moths & butterflies) [TaxID: 7088]	7595348; 15784888	10.1099/0022-1317-76-10-2447; 10.1099/vir.0.80489-0
Q91FT7	reviewed	235L_IIV6	Putative methyltransferase 235L (EC 2.1.1.-)	IIV6-235L	Invertebrate iridescent virus 6 (IIV-6) (Chilo iridescent virus)	265	SIGNAL 1..17; /evidence="ECO:0000255"	Acheta domesticus (House cricket) [TaxID: 6997]; Chilo suppressalis (Asiatic rice borer moth) [TaxID: 168631]; Gryllus bimaculatus (Two-spotted cricket) [TaxID: 6999]; Gryllus campestris [TaxID: 58607]; Spodoptera frugiperda (Fall armyworm) [TaxID: 7108]	11448171; 17239238	10.1006/viro.2001.0963; 10.1186/1743-422x-4-11
Q91GH8	reviewed	VP91_NPVEP	Capsid-associated protein Vp91	ORF75	Epiphyas postvittana nucleopolyhedrovirus (EppoMNPV)	826	SIGNAL 1..18; /evidence="ECO:0000255"	Lepidoptera (moths & butterflies) [TaxID: 7088]	11907346	10.1099/0022-1317-83-4-957
Q98166	reviewed	UDPE_GVLO	Ecdysteroid UDP-glucosyltransferase (EC 2.4.1.-)	EGT	Lacanobia oleracea granulosis virus (LoGV) (Lacanobia oleracea granulovirus)	460	SIGNAL 1..18; /evidence="ECO:0000255"	Lacanobia oleracea [TaxID: 79499]	9472627	10.1099/0022-1317-79-2-405
Q9DIC6	reviewed	GLYCO_LNYV3	Glycoprotein	G	Lettuce necrotic yellows virus (isolate 318) (LNYV)	551	SIGNAL 1..25; /evidence="ECO:0000255"	Embergeria [TaxID: 43191]; Lactuca sativa (Garden lettuce) [TaxID: 4236]; Reichardia tingitana [TaxID: 43208]; Sonchus hydrophilus [TaxID: 255580]; Sonchus oleraceus (Common sowthistle) [TaxID: 50207]	16313992	10.1016/j.virusres.2005.10.024
Q9J524	reviewed	V211_FOWPN	Probable growth factor FPV211	FPV211	Fowlpox virus (strain NVSL) (FPV)	125	SIGNAL 1..48; /evidence="ECO:0000255"	Vertebrata [TaxID: 7742]	10729156	10.1128/jvi.74.8.3815-3831.2000
Q9J560	reviewed	A9_FOWPN	Protein A9 homolog	FPV173	Fowlpox virus (strain NVSL) (FPV)	76	SIGNAL 1..21; /evidence="ECO:0000255"	Vertebrata [TaxID: 7742]	10729156	10.1128/jvi.74.8.3815-3831.2000
Q9JGT4	reviewed	GLYCO_NCMV	Glycoprotein	G	Northern cereal mosaic virus (NCMV)	483	SIGNAL 1..21; /evidence="ECO:0000255"	Hordeum vulgare (Barley) [TaxID: 4513]	10963343	10.1007/s007050070096
Q9QJ17	reviewed	OX2V_HHV6Z	Putative OX-2 membrane glycoprotein homolog (Protein U85)	U85	Human herpesvirus 6B (strain Z29) (HHV-6 variant B) (Human B lymphotropic virus)	292	SIGNAL 1..18; /evidence="ECO:0000250"	Homo sapiens (Human) [TaxID: 9606]	10482553	10.1128/jvi.73.10.8040-8052.1999
Q9QJ46	reviewed	U20_HHV6Z	Glycoprotein U20	U20	Human herpesvirus 6B (strain Z29) (HHV-6 variant B) (Human B lymphotropic virus)	434	SIGNAL 1..15; /evidence="ECO:0000255"	Homo sapiens (Human) [TaxID: 9606]	10482553; 34721381	10.1128/jvi.73.10.8040-8052.1999; 10.3389/fimmu.2021.714799
Q9QJT6	reviewed	GLYCO_SHRV	Glycoprotein	G	Snakehead rhabdovirus (SHRV)	512	SIGNAL 1..25; /evidence="ECO:0000255"	Gobiosoma bosc (Naked goby) (Gobius bosc) [TaxID: 203314]		
Q9XJJ7	reviewed	SPAN2_BP933	Spanin, outer membrane subunit (o-spanin) (Outer membrane lipoprotein Rz1)	Rz1 L109	Escherichia phage 933W (Bacteriophage 933W)	61	SIGNAL 1..19; /evidence="ECO:0000250"	Escherichia coli O157:H7 [TaxID: 83334]	10074068	10.1128/jb.181.6.1767-1778.1999
Q9YMG2	reviewed	VSSGP_EBOZM	Super small secreted glycoprotein (SsGP)	GP	Zaire ebolavirus (strain Mayinga-76) (ZEBOV) (Zaire Ebola virus)	298	SIGNAL 1..32; /evidence="ECO:0000255"	Epomops franqueti (Franquet's epauletted fruit bat) (Epomophorus franqueti) [TaxID: 77231]; Homo sapiens (Human) [TaxID: 9606]; Myonycteris torquata (Little collared fruit bat) [TaxID: 77243]	9576958; 8482365; 8553543; 9614872; 9792851; 10073695	10.1073/pnas.95.10.5762; 10.1016/0014-5793(93)81107-b; 10.1006/viro.1995.0052; 10.1006/viro.1998.9143; 10.1006/viro.1998.9389; 10.1099/0022-1317-80-2-355
A3EX95	reviewed	NS3A_BCHK4	Non-structural protein 3a (ns3a) (Accessory protein 3a)	3a	Bat coronavirus HKU4 (BtCoV) (BtCoV/HKU4/2004)	91	SIGNAL 1..19; /evidence="ECO:0000255"	Tylonycteris pachypus (Lesser bamboo bat) (Vespertilio pachypus) [TaxID: 258959]	17121802	10.1128/jvi.02182-06
A3EXD1	reviewed	NS3A_BCHK5	Non-structural protein 3a (ns3a) (Accessory protein 3a)	3a	Bat coronavirus HKU5 (BtCoV) (BtCoV/HKU5/2004)	121	SIGNAL 1..39; /evidence="ECO:0000255"	Pipistrellus abramus (Japanese pipistrelle) (Pipistrellus javanicus abramus) [TaxID: 105295]	17121802	10.1128/jvi.02182-06
A3EXH1	reviewed	NS7A_BCHK9	Non-structural protein 7a (ns7a) (Accessory protein 7a)	7a	Bat coronavirus HKU9 (BtCoV) (BtCoV/HKU9)	185	SIGNAL 1..16; /evidence="ECO:0000255"	Rousettus leschenaultii (Leschenault's rousette) (Pteropus leschenaultii) [TaxID: 9408]	17121802	10.1128/jvi.02182-06
A4KX72	reviewed	Y017_HVAVE	Uncharacterized protein ORF17	ORF17	Heliothis virescens ascovirus 3e (HvAV-3e)	376	SIGNAL 1..22; /evidence="ECO:0000255"	Noctuidae (owlet moths) [TaxID: 7100]	17374755	10.1099/vir.0.82651-0
A4ZUB1	reviewed	Y095_ABVP	Uncharacterized protein ORF95	ORF95	Acidianus bottle-shaped virus (isolate Italy/Pozzuoli) (ABV)	95	SIGNAL 1..22; /evidence="ECO:0000255"	Acidianus convivator [TaxID: 269667]	17412384	10.1016/j.virol.2007.03.005
A4ZUB9	reviewed	Y059_ABVP	Uncharacterized protein ORF59	ORF59	Acidianus bottle-shaped virus (isolate Italy/Pozzuoli) (ABV)	59	SIGNAL 1..21; /evidence="ECO:0000255"	Acidianus convivator [TaxID: 269667]	17412384	10.1016/j.virol.2007.03.005
A9CBA2	reviewed	105R_ADES1	Protein 105R		Snake adenovirus serotype 1 (SnAdV-1)	178	SIGNAL 1..18; /evidence="ECO:0000255"	Pantherophis guttatus (Corn snake) (Elaphe guttata) [TaxID: 94885]	12237421	10.1099/0022-1317-83-10-2403
C1JJY5	reviewed	ORF6_HAPV1	Uncharacterized protein 6	ORF6	Halorubrum pleomorphic virus 1 (HRPV-1)	181	SIGNAL 1..22; /evidence="ECO:0000255"	Halorubrum sp. PV6 [TaxID: 634157]	19298373	10.1111/j.1365-2958.2009.06642.x
F5HEF3	reviewed	US34_HCMVM	Protein US34	US34	Human cytomegalovirus (strain Merlin) (HHV-5) (Human herpesvirus 5)	163	SIGNAL 1..22; /evidence="ECO:0000255"	Homo sapiens (Human) [TaxID: 9606]	15105547	10.1099/vir.0.79888-0
O10282	reviewed	Y023_NPVOP	Uncharacterized 73.1 kDa protein (ORF21)	ORF21	Orgyia pseudotsugata multicapsid polyhedrosis virus (OpMNPV)	657	SIGNAL 1..17; /evidence="ECO:0000255"	Orgyia pseudotsugata (Douglas-fir tussock moth) [TaxID: 33414]	9126251	10.1006/viro.1997.8448
O10284	reviewed	FGFH_NPVOP	Fibroblast growth factor homolog	FGF ORF27	Orgyia pseudotsugata multicapsid polyhedrosis virus (OpMNPV)	205	SIGNAL 1..17; /evidence="ECO:0000255"	Orgyia pseudotsugata (Douglas-fir tussock moth) [TaxID: 33414]	9126251	10.1006/viro.1997.8448
O10337	reviewed	Y085_NPVOP	Uncharacterized 6.1 kDa protein	ORF87	Orgyia pseudotsugata multicapsid polyhedrosis virus (OpMNPV)	55	SIGNAL 1..19; /evidence="ECO:0000255"	Orgyia pseudotsugata (Douglas-fir tussock moth) [TaxID: 33414]	9126251	10.1006/viro.1997.8448
O10358	reviewed	Y119_NPVOP	Uncharacterized 59.0 kDa protein	ORF119	Orgyia pseudotsugata multicapsid polyhedrosis virus (OpMNPV)	529	SIGNAL 1..20; /evidence="ECO:0000255"	Orgyia pseudotsugata (Douglas-fir tussock moth) [TaxID: 33414]	9126251	10.1006/viro.1997.8448
O10360	reviewed	Y122_NPVOP	Uncharacterized 7.6 kDa protein	ORF121	Orgyia pseudotsugata multicapsid polyhedrosis virus (OpMNPV)	70	SIGNAL 1..16; /evidence="ECO:0000255"	Orgyia pseudotsugata (Douglas-fir tussock moth) [TaxID: 33414]	9126251	10.1006/viro.1997.8448
O55706	reviewed	062L_IIV6	Uncharacterized protein 062L	IIV6-062L	Invertebrate iridescent virus 6 (IIV-6) (Chilo iridescent virus)	179	SIGNAL 1..26; /evidence="ECO:0000255"	Acheta domesticus (House cricket) [TaxID: 6997]; Chilo suppressalis (Asiatic rice borer moth) [TaxID: 168631]; Gryllus bimaculatus (Two-spotted cricket) [TaxID: 6999]; Gryllus campestris [TaxID: 58607]; Spodoptera frugiperda (Fall armyworm) [TaxID: 7108]	11448171; 17239238	10.1006/viro.2001.0963; 10.1186/1743-422x-4-11
O55726	reviewed	110R_IIV6	Uncharacterized protein 110R	IIV6-110R	Invertebrate iridescent virus 6 (IIV-6) (Chilo iridescent virus)	68	SIGNAL 1..27; /evidence="ECO:0000255"	Acheta domesticus (House cricket) [TaxID: 6997]; Chilo suppressalis (Asiatic rice borer moth) [TaxID: 168631]; Gryllus bimaculatus (Two-spotted cricket) [TaxID: 6999]; Gryllus campestris [TaxID: 58607]; Spodoptera frugiperda (Fall armyworm) [TaxID: 7108]	11448171; 17239238	10.1006/viro.2001.0963; 10.1186/1743-422x-4-11
O55727	reviewed	111R_IIV6	Uncharacterized protein 111R	IIV6-111R	Invertebrate iridescent virus 6 (IIV-6) (Chilo iridescent virus)	175	SIGNAL 1..23; /evidence="ECO:0000255"	Acheta domesticus (House cricket) [TaxID: 6997]; Chilo suppressalis (Asiatic rice borer moth) [TaxID: 168631]; Gryllus bimaculatus (Two-spotted cricket) [TaxID: 6999]; Gryllus campestris [TaxID: 58607]; Spodoptera frugiperda (Fall armyworm) [TaxID: 7108]	11448171; 17239238	10.1006/viro.2001.0963; 10.1186/1743-422x-4-11
O55732	reviewed	VF117_IIV6	Uncharacterized protein 117L	IIV6-117L	Invertebrate iridescent virus 6 (IIV-6) (Chilo iridescent virus)	249	SIGNAL 1..20; /evidence="ECO:0000255"	Acheta domesticus (House cricket) [TaxID: 6997]; Chilo suppressalis (Asiatic rice borer moth) [TaxID: 168631]; Gryllus bimaculatus (Two-spotted cricket) [TaxID: 6999]; Gryllus campestris [TaxID: 58607]; Spodoptera frugiperda (Fall armyworm) [TaxID: 7108]	11448171; 17239238	10.1006/viro.2001.0963; 10.1186/1743-422x-4-11
O55734	reviewed	120L_IIV6	Uncharacterized protein 120L	IIV6-120L	Invertebrate iridescent virus 6 (IIV-6) (Chilo iridescent virus)	120	SIGNAL 1..16; /evidence="ECO:0000255"	Acheta domesticus (House cricket) [TaxID: 6997]; Chilo suppressalis (Asiatic rice borer moth) [TaxID: 168631]; Gryllus bimaculatus (Two-spotted cricket) [TaxID: 6999]; Gryllus campestris [TaxID: 58607]; Spodoptera frugiperda (Fall armyworm) [TaxID: 7108]	11448171; 17239238	10.1006/viro.2001.0963; 10.1186/1743-422x-4-11
O55740	reviewed	130R_IIV6	Uncharacterized protein 130R	IIV6-130R	Invertebrate iridescent virus 6 (IIV-6) (Chilo iridescent virus)	201	SIGNAL 1..19; /evidence="ECO:0000255"	Acheta domesticus (House cricket) [TaxID: 6997]; Chilo suppressalis (Asiatic rice borer moth) [TaxID: 168631]; Gryllus bimaculatus (Two-spotted cricket) [TaxID: 6999]; Gryllus campestris [TaxID: 58607]; Spodoptera frugiperda (Fall armyworm) [TaxID: 7108]	11448171; 17239238	10.1006/viro.2001.0963; 10.1186/1743-422x-4-11
O55743	reviewed	137R_IIV6	Uncharacterized protein 137R	IIV6-137R	Invertebrate iridescent virus 6 (IIV-6) (Chilo iridescent virus)	57	SIGNAL 1..22; /evidence="ECO:0000255"	Acheta domesticus (House cricket) [TaxID: 6997]; Chilo suppressalis (Asiatic rice borer moth) [TaxID: 168631]; Gryllus bimaculatus (Two-spotted cricket) [TaxID: 6999]; Gryllus campestris [TaxID: 58607]; Spodoptera frugiperda (Fall armyworm) [TaxID: 7108]	11448171; 17239238	10.1006/viro.2001.0963; 10.1186/1743-422x-4-11
O55745	reviewed	139L_IIV6	Uncharacterized protein 139L	IIV6-139L	Invertebrate iridescent virus 6 (IIV-6) (Chilo iridescent virus)	65	SIGNAL 1..22; /evidence="ECO:0000255"	Acheta domesticus (House cricket) [TaxID: 6997]; Chilo suppressalis (Asiatic rice borer moth) [TaxID: 168631]; Gryllus bimaculatus (Two-spotted cricket) [TaxID: 6999]; Gryllus campestris [TaxID: 58607]; Spodoptera frugiperda (Fall armyworm) [TaxID: 7108]	11448171; 17239238	10.1006/viro.2001.0963; 10.1186/1743-422x-4-11
O55758	reviewed	160L_IIV6	Uncharacterized protein 160L	IIV6-160L	Invertebrate iridescent virus 6 (IIV-6) (Chilo iridescent virus)	53	SIGNAL 1..23; /evidence="ECO:0000255"	Acheta domesticus (House cricket) [TaxID: 6997]; Chilo suppressalis (Asiatic rice borer moth) [TaxID: 168631]; Gryllus bimaculatus (Two-spotted cricket) [TaxID: 6999]; Gryllus campestris [TaxID: 58607]; Spodoptera frugiperda (Fall armyworm) [TaxID: 7108]	11448171; 17239238	10.1006/viro.2001.0963; 10.1186/1743-422x-4-11
O55760	reviewed	162R_IIV6	Uncharacterized protein 162R	IIV6-162R	Invertebrate iridescent virus 6 (IIV-6) (Chilo iridescent virus)	152	SIGNAL 1..24; /evidence="ECO:0000255"	Acheta domesticus (House cricket) [TaxID: 6997]; Chilo suppressalis (Asiatic rice borer moth) [TaxID: 168631]; Gryllus bimaculatus (Two-spotted cricket) [TaxID: 6999]; Gryllus campestris [TaxID: 58607]; Spodoptera frugiperda (Fall armyworm) [TaxID: 7108]	11448171; 17239238	10.1006/viro.2001.0963; 10.1186/1743-422x-4-11
O64363	reviewed	VG55_BPN15	Protein gp55	55	Escherichia phage N15 (Bacteriophage N15)	181	SIGNAL 1..26; /evidence="ECO:0000255"	Escherichia coli [TaxID: 562]	10860722	10.1006/jmbi.2000.3731
O71194	reviewed	P20A_GLRV3	Protein P20A (19.6 kDa protein)	ORF9	Grapevine leafroll-associated virus 3 (isolate United States/NY1) (GLRaV-3) (Grapevine leafroll-associated closterovirus (isolate 109))	177	SIGNAL 1..19; /evidence="ECO:0000255"	Vitis vinifera (Grape) [TaxID: 29760]	9603346	10.1099/0022-1317-79-5-1299
P03777	reviewed	Y05_BPT7	Protein 0.5 (Gene product 0.5) (Gp0.5)	0.5	Escherichia phage T7 (Bacteriophage T7)	47	SIGNAL 1..23; /evidence="ECO:0000255"	Escherichia coli [TaxID: 562]	6864790; 7310871	10.1016/s0022-2836(83)80282-4; 10.1016/0022-2836(81)90178-9
P03791	reviewed	Y14_BPT7	Protein 1.4 (Gene product 1.4) (Gp1.4)	1.4	Escherichia phage T7 (Bacteriophage T7)	51	SIGNAL 1..23; /evidence="ECO:0000255"	Escherichia coli [TaxID: 562]	6864790; 7310871; 7001354	10.1016/s0022-2836(83)80282-4; 10.1016/0022-2836(81)90178-9; 10.1093/nar/8.10.2119
P03804	reviewed	Y195_BPT7	Protein 19.5 (Gene product 19.5) (Gp19.5)	19.5	Escherichia phage T7 (Bacteriophage T7)	49	SIGNAL 1..23; /evidence="ECO:0000255"	Escherichia coli [TaxID: 562]	6864790	10.1016/s0022-2836(83)80282-4
P05137	reviewed	NS3A_IBVM	Non-structural protein 3a (ns3a) (Accessory protein 3a)	3a	Avian infectious bronchitis virus (strain M41) (IBV)	57	SIGNAL 1..22; /evidence="ECO:0000255"	Gallus gallus (Chicken) [TaxID: 9031]	1653486; 3960740; 16934878	10.1016/0042-6822(91)90423-9; 10.1093/nar/14.7.3144; 10.1016/j.jviromet.2006.07.018
P09709	reviewed	US34_HCMVA	Protein US34	US34	Human cytomegalovirus (strain AD169) (HHV-5) (Human herpesvirus 5)	163	SIGNAL 1..22; /evidence="ECO:0000255"	Homo sapiens (Human) [TaxID: 9606]	3031311; 2161319; 12533697	10.1016/0022-2836(86)90359-1; 10.1007/978-3-642-74980-3_6; 10.1099/vir.0.18606-0
P0C9G5	reviewed	1102L_ASFWA	Protein MGF 110-2L	War-007	African swine fever virus (isolate Warthog/Namibia/Wart80/1980) (ASFV)	104	SIGNAL 1..31; /evidence="ECO:0000250|UniProtKB:A9JLI3"	Ornithodoros (relapsing fever ticks) [TaxID: 6937]; Phacochoerus aethiopicus (Warthog) [TaxID: 85517]; Phacochoerus africanus (Warthog) [TaxID: 41426]; Potamochoerus larvatus (Bushpig) [TaxID: 273792]; Sus scrofa (Pig) [TaxID: 9823]		
P0C9G6	reviewed	1102L_ASFK5	Protein MGF 110-2L	Ken-008	African swine fever virus (isolate Pig/Kenya/KEN-50/1950) (ASFV)	113	SIGNAL 1..31; /evidence="ECO:0000250|UniProtKB:A9JLI3"	Ornithodoros (relapsing fever ticks) [TaxID: 6937]; Phacochoerus aethiopicus (Warthog) [TaxID: 85517]; Phacochoerus africanus (Warthog) [TaxID: 41426]; Potamochoerus larvatus (Bushpig) [TaxID: 273792]; Sus scrofa (Pig) [TaxID: 9823]		
P0C9G7	reviewed	1102L_ASFM2	Protein MGF 110-2L	Mal-006	African swine fever virus (isolate Tick/Malawi/Lil 20-1/1983) (ASFV)	116	SIGNAL 1..19; /evidence="ECO:0000255"	Ornithodoros (relapsing fever ticks) [TaxID: 6937]; Phacochoerus aethiopicus (Warthog) [TaxID: 85517]; Phacochoerus africanus (Warthog) [TaxID: 41426]; Potamochoerus larvatus (Bushpig) [TaxID: 273792]; Sus scrofa (Pig) [TaxID: 9823]		
P0C9G8	reviewed	1102L_ASFP4	Protein MGF 110-2L	Pret-009	African swine fever virus (isolate Tick/South Africa/Pretoriuskop Pr4/1996) (ASFV)	104	SIGNAL 1..19; /evidence="ECO:0000255"	Ornithodoros (relapsing fever ticks) [TaxID: 6937]; Phacochoerus aethiopicus (Warthog) [TaxID: 85517]; Phacochoerus africanus (Warthog) [TaxID: 41426]; Potamochoerus larvatus (Bushpig) [TaxID: 273792]; Sus scrofa (Pig) [TaxID: 9823]		
P0C9I1	reviewed	1107L_ASFWA	Protein MGF 110-7L	War-015	African swine fever virus (isolate Warthog/Namibia/Wart80/1980) (ASFV)	137	SIGNAL 1..20; /evidence="ECO:0000255"	Ornithodoros (relapsing fever ticks) [TaxID: 6937]; Phacochoerus aethiopicus (Warthog) [TaxID: 85517]; Phacochoerus africanus (Warthog) [TaxID: 41426]; Potamochoerus larvatus (Bushpig) [TaxID: 273792]; Sus scrofa (Pig) [TaxID: 9823]		
P0C9I2	reviewed	1107L_ASFK5	Protein MGF 110-7L	Ken-016	African swine fever virus (isolate Pig/Kenya/KEN-50/1950) (ASFV)	137	SIGNAL 1..20; /evidence="ECO:0000255"	Ornithodoros (relapsing fever ticks) [TaxID: 6937]; Phacochoerus aethiopicus (Warthog) [TaxID: 85517]; Phacochoerus africanus (Warthog) [TaxID: 41426]; Potamochoerus larvatus (Bushpig) [TaxID: 273792]; Sus scrofa (Pig) [TaxID: 9823]		
P0C9I3	reviewed	1107L_ASFM2	Protein MGF 110-7L	Mal-013	African swine fever virus (isolate Tick/Malawi/Lil 20-1/1983) (ASFV)	125	SIGNAL 1..20; /evidence="ECO:0000255"	Ornithodoros (relapsing fever ticks) [TaxID: 6937]; Phacochoerus aethiopicus (Warthog) [TaxID: 85517]; Phacochoerus africanus (Warthog) [TaxID: 41426]; Potamochoerus larvatus (Bushpig) [TaxID: 273792]; Sus scrofa (Pig) [TaxID: 9823]		
P0C9I4	reviewed	1107L_ASFP4	Protein MGF 110-7L	Pret-017	African swine fever virus (isolate Tick/South Africa/Pretoriuskop Pr4/1996) (ASFV)	137	SIGNAL 1..20; /evidence="ECO:0000255"	Ornithodoros (relapsing fever ticks) [TaxID: 6937]; Phacochoerus aethiopicus (Warthog) [TaxID: 85517]; Phacochoerus africanus (Warthog) [TaxID: 41426]; Potamochoerus larvatus (Bushpig) [TaxID: 273792]; Sus scrofa (Pig) [TaxID: 9823]		
P0C9I5	reviewed	1108L_ASFWA	Protein MGF 110-8L	War-017	African swine fever virus (isolate Warthog/Namibia/Wart80/1980) (ASFV)	124	SIGNAL 1..16; /evidence="ECO:0000255"	Ornithodoros (relapsing fever ticks) [TaxID: 6937]; Phacochoerus aethiopicus (Warthog) [TaxID: 85517]; Phacochoerus africanus (Warthog) [TaxID: 41426]; Potamochoerus larvatus (Bushpig) [TaxID: 273792]; Sus scrofa (Pig) [TaxID: 9823]		
P0C9I6	reviewed	1108L_ASFK5	Protein MGF 110-8L	Ken-017	African swine fever virus (isolate Pig/Kenya/KEN-50/1950) (ASFV)	124	SIGNAL 1..16; /evidence="ECO:0000255"	Ornithodoros (relapsing fever ticks) [TaxID: 6937]; Phacochoerus aethiopicus (Warthog) [TaxID: 85517]; Phacochoerus africanus (Warthog) [TaxID: 41426]; Potamochoerus larvatus (Bushpig) [TaxID: 273792]; Sus scrofa (Pig) [TaxID: 9823]		
P0C9I7	reviewed	1108L_ASFM2	Protein MGF 110-8L	Mal-014	African swine fever virus (isolate Tick/Malawi/Lil 20-1/1983) (ASFV)	124	SIGNAL 1..16; /evidence="ECO:0000255"	Ornithodoros (relapsing fever ticks) [TaxID: 6937]; Phacochoerus aethiopicus (Warthog) [TaxID: 85517]; Phacochoerus africanus (Warthog) [TaxID: 41426]; Potamochoerus larvatus (Bushpig) [TaxID: 273792]; Sus scrofa (Pig) [TaxID: 9823]		
P0C9I8	reviewed	1108L_ASFP4	Protein MGF 110-8L	Pret-019	African swine fever virus (isolate Tick/South Africa/Pretoriuskop Pr4/1996) (ASFV)	124	SIGNAL 1..16; /evidence="ECO:0000255"	Ornithodoros (relapsing fever ticks) [TaxID: 6937]; Phacochoerus aethiopicus (Warthog) [TaxID: 85517]; Phacochoerus africanus (Warthog) [TaxID: 41426]; Potamochoerus larvatus (Bushpig) [TaxID: 273792]; Sus scrofa (Pig) [TaxID: 9823]		
P0C9K2	reviewed	11014_ASFK5	Protein MGF 110-14L	Ken-022	African swine fever virus (isolate Pig/Kenya/KEN-50/1950) (ASFV)	120	SIGNAL 1..17; /evidence="ECO:0000255"	Ornithodoros (relapsing fever ticks) [TaxID: 6937]; Phacochoerus aethiopicus (Warthog) [TaxID: 85517]; Phacochoerus africanus (Warthog) [TaxID: 41426]; Potamochoerus larvatus (Bushpig) [TaxID: 273792]; Sus scrofa (Pig) [TaxID: 9823]		
P0C9K3	reviewed	11014_ASFM2	Protein MGF 110-14L	Mal-019	African swine fever virus (isolate Tick/Malawi/Lil 20-1/1983) (ASFV)	127	SIGNAL 1..17; /evidence="ECO:0000255"	Ornithodoros (relapsing fever ticks) [TaxID: 6937]; Phacochoerus aethiopicus (Warthog) [TaxID: 85517]; Phacochoerus africanus (Warthog) [TaxID: 41426]; Potamochoerus larvatus (Bushpig) [TaxID: 273792]; Sus scrofa (Pig) [TaxID: 9823]		
P0CA59	reviewed	VF152_ASFK5	Uncharacterized protein EP152R (pEP152R)	Ken-068	African swine fever virus (isolate Pig/Kenya/KEN-50/1950) (ASFV)	150	SIGNAL 1..23; /evidence="ECO:0000255"	Ornithodoros (relapsing fever ticks) [TaxID: 6937]; Phacochoerus aethiopicus (Warthog) [TaxID: 85517]; Phacochoerus africanus (Warthog) [TaxID: 41426]; Potamochoerus larvatus (Bushpig) [TaxID: 273792]; Sus scrofa (Pig) [TaxID: 9823]		
P0CA60	reviewed	VF152_ASFM2	Uncharacterized protein EP152R (pEP152R)	Mal-064	African swine fever virus (isolate Tick/Malawi/Lil 20-1/1983) (ASFV)	151	SIGNAL 1..24; /evidence="ECO:0000255"	Ornithodoros (relapsing fever ticks) [TaxID: 6937]; Phacochoerus aethiopicus (Warthog) [TaxID: 85517]; Phacochoerus africanus (Warthog) [TaxID: 41426]; Potamochoerus larvatus (Bushpig) [TaxID: 273792]; Sus scrofa (Pig) [TaxID: 9823]		
P0CA61	reviewed	VF152_ASFP4	Uncharacterized protein EP152R (pEP152R)	Pret-068	African swine fever virus (isolate Tick/South Africa/Pretoriuskop Pr4/1996) (ASFV)	150	SIGNAL 1..23; /evidence="ECO:0000255"	Ornithodoros (relapsing fever ticks) [TaxID: 6937]; Phacochoerus aethiopicus (Warthog) [TaxID: 85517]; Phacochoerus africanus (Warthog) [TaxID: 41426]; Potamochoerus larvatus (Bushpig) [TaxID: 273792]; Sus scrofa (Pig) [TaxID: 9823]		
P0CA62	reviewed	VF152_ASFWA	Uncharacterized protein EP152R (pEP152R)	War-066	African swine fever virus (isolate Warthog/Namibia/Wart80/1980) (ASFV)	150	SIGNAL 1..23; /evidence="ECO:0000255"	Ornithodoros (relapsing fever ticks) [TaxID: 6937]; Phacochoerus aethiopicus (Warthog) [TaxID: 85517]; Phacochoerus africanus (Warthog) [TaxID: 41426]; Potamochoerus larvatus (Bushpig) [TaxID: 273792]; Sus scrofa (Pig) [TaxID: 9823]		
P0CK26	reviewed	V2045_VACCW	Uncharacterized protein VACWR204.5	VACWR204.5	Vaccinia virus (strain Western Reserve) (VACV) (Vaccinia virus (strain WR))	37	SIGNAL 1..23; /evidence="ECO:0000255"	Bos taurus (Bovine) [TaxID: 9913]		
P17364	reviewed	C8_VACCW	Protein C8	VACWR020 C8L	Vaccinia virus (strain Western Reserve) (VACV) (Vaccinia virus (strain WR))	177	SIGNAL 1..21; /evidence="ECO:0000255"	Bos taurus (Bovine) [TaxID: 9913]	2849238	10.1016/s0042-6822(88)90115-8
P18559	reviewed	1102L_ASFB7	Protein MGF 110-2L	BA71V-009 BA71V-010 U104L	African swine fever virus (strain Badajoz 1971 Vero-adapted) (Ba71V) (ASFV)	104	SIGNAL 1..31; /evidence="ECO:0000250|UniProtKB:A9JLI3"	Ornithodoros (relapsing fever ticks) [TaxID: 6937]; Sus scrofa (Pig) [TaxID: 9823]	2325202; 11831707; 32075923	10.1128/jvi.64.5.2064-2072.1990; 10.1006/viro.1995.1149; 10.1128/jvi.00119-20
P19743	reviewed	NS7B_FIPV	Non-structural protein 7b (ns7b) (Accessory protein 7b)	7b	Feline coronavirus (strain FIPV WSU-79/1146) (FCoV)	206	SIGNAL 1..17; /evidence="ECO:0000255"	Felidae (cat family) [TaxID: 9681]	3201747; 16033972	10.1016/s0042-6822(88)90097-9; 10.1099/vir.0.80985-0
P20747	reviewed	YO10_ADEG1	Putative Ig-like domain-containing protein ORF10	10	Fowl adenovirus A serotype 1 (strain CELO / Phelps) (FAdV-1) (Avian adenovirus gal1 (strain Phelps))	283	SIGNAL 1..55; /evidence="ECO:0000255"	Galliformes [TaxID: 8976]	2160072; 8627769	10.1093/nar/18.9.2825; 10.1128/jvi.70.5.2939-2949.1996
P21005	reviewed	PG195_VACCC	Protein OPG195	OPG197 B9R	Vaccinia virus (strain Copenhagen) (VACV)	77	SIGNAL 1..17; /evidence="ECO:0000255"	Homo sapiens (Human) [TaxID: 9606]	2219722	10.1016/0042-6822(90)90294-2
P21041	reviewed	C8_VACCC	Protein C8	C8L	Vaccinia virus (strain Copenhagen) (VACV)	184	SIGNAL 1..21; /evidence="ECO:0000255"	Homo sapiens (Human) [TaxID: 9606]	2219722	10.1016/0042-6822(90)90294-2
P21116	reviewed	IL1BP_VACCC	Truncated interleukin-1-binding protein (Protein B16)	B16R	Vaccinia virus (strain Copenhagen) (VACV)	30	SIGNAL 1..18; /evidence="ECO:0000255"	Homo sapiens (Human) [TaxID: 9606]	2219722	10.1016/0042-6822(90)90294-2
P24771	reviewed	PG195_VACCW	Protein OPG195	OPG195 VACWR191 B9R	Vaccinia virus (strain Western Reserve) (VACV) (Vaccinia virus (strain WR))	77	SIGNAL 1..17; /evidence="ECO:0000255"	Bos taurus (Bovine) [TaxID: 9913]	2045793; 1846491; 11907337	10.1099/0022-1317-72-6-1349; 10.1016/0042-6822(91)90077-o; 10.1099/0022-1317-83-4-873
P25946	reviewed	VT1_RFVKA	Protein T1	s001R T1a; s001L T1b	Rabbit fibroma virus (strain Kasza) (RFV) (Shope fibroma virus (strain Kasza))	258	SIGNAL 1..17; /evidence="ECO:0000255"	Oryctolagus cuniculus (Rabbit) [TaxID: 9986]	2820128; 10562495	10.1016/0042-6822(87)90039-0; 10.1006/viro.1999.0002
P26702	reviewed	11013_ASFL5	Protein MGF 110-13L	LIS117	African swine fever virus (isolate Portugal/Lis 57/1957) (ASFV)	117	SIGNAL 1..16; /evidence="ECO:0000255"	Ornithodoros (relapsing fever ticks) [TaxID: 6937]; Sus scrofa (Pig) [TaxID: 9823]	2219721	10.1016/0042-6822(90)90293-z
P26703	reviewed	1101B_ASFL5	Protein MGF 110-13L-B	LIS119-1	African swine fever virus (isolate Portugal/Lis 57/1957) (ASFV)	119	SIGNAL 1..16; /evidence="ECO:0000255"	Ornithodoros (relapsing fever ticks) [TaxID: 6937]; Sus scrofa (Pig) [TaxID: 9823]	2219721	10.1016/0042-6822(90)90293-z
P26704	reviewed	11011_ASFL5	Protein MGF 110-11L	LIS119-2	African swine fever virus (isolate Portugal/Lis 57/1957) (ASFV)	119	SIGNAL 1..17; /evidence="ECO:0000255"	Ornithodoros (relapsing fever ticks) [TaxID: 6937]; Sus scrofa (Pig) [TaxID: 9823]	2219721	10.1016/0042-6822(90)90293-z
P26705	reviewed	1105L_ASFL5	Protein MGF 110-5L	LIS121-1	African swine fever virus (isolate Portugal/Lis 57/1957) (ASFV)	121	SIGNAL 1..20; /evidence="ECO:0000255"	Ornithodoros (relapsing fever ticks) [TaxID: 6937]; Sus scrofa (Pig) [TaxID: 9823]	2219721	10.1016/0042-6822(90)90293-z
P26706	reviewed	11014_ASFL5	Protein MGF 110-14L	LIS121-2	African swine fever virus (isolate Portugal/Lis 57/1957) (ASFV)	121	SIGNAL 1..17; /evidence="ECO:0000255"	Ornithodoros (relapsing fever ticks) [TaxID: 6937]; Sus scrofa (Pig) [TaxID: 9823]	2219721	10.1016/0042-6822(90)90293-z
P26709	reviewed	1107L_ASFL5	Protein MGF 110-7L	LIS137	African swine fever virus (isolate Portugal/Lis 57/1957) (ASFV)	137	SIGNAL 1..20; /evidence="ECO:0000255"	Ornithodoros (relapsing fever ticks) [TaxID: 6937]; Sus scrofa (Pig) [TaxID: 9823]	2219721	10.1016/0042-6822(90)90293-z
P30238	reviewed	NS3A_IBVP3	Non-structural protein 3a (ns3a) (Accessory protein 3a)	3a	Avian infectious bronchitis virus (strain Portugal/322/82) (IBV)	57	SIGNAL 1..22; /evidence="ECO:0000255"	Gallus gallus (Chicken) [TaxID: 9031]	1653486	10.1016/0042-6822(91)90423-9
P30239	reviewed	NS3A_IBVU4	Non-structural protein 3a (ns3a) (Accessory protein 3a)	3a	Avian infectious bronchitis virus (strain UK/68/84) (IBV)	57	SIGNAL 1..23; /evidence="ECO:0000255"	Gallus gallus (Chicken) [TaxID: 9031]	1653486	10.1016/0042-6822(91)90423-9
P30240	reviewed	NS3A_IBVU5	Non-structural protein 3a (ns3a) (Accessory protein 3a)	3a	Avian infectious bronchitis virus (strain UK/183/66) (IBV)	57	SIGNAL 1..23; /evidence="ECO:0000255"	Gallus gallus (Chicken) [TaxID: 9031]	1653486	10.1016/0042-6822(91)90423-9
P33467	reviewed	NS7B_CVFE3	Non-structural protein 7b (ns7b) (Accessory protein 7b)	7b	Feline enteric coronavirus (strain 79-1683) (FeCoV) (FECV)	176	SIGNAL 1..17; /evidence="ECO:0000255"	Felidae (cat family) [TaxID: 9681]	1329312	10.1016/0042-6822(92)90174-n
P36302	reviewed	NS7B_CVCAI	Non-structural protein 7b (ns7b) (Accessory protein 7b)	7b	Canine coronavirus (strain Insavc-1) (CCoV) (Canine enteric coronavirus)	213	SIGNAL 1..15; /evidence="ECO:0000255"	Canis lupus familiaris (Dog) (Canis familiaris) [TaxID: 9615]	1431811	10.1099/0022-1317-73-11-2849
P41444	reviewed	FGFH_NPVAC	Fibroblast growth factor homolog	FGF	Autographa californica nuclear polyhedrosis virus (AcMNPV)	181	SIGNAL 1..16; /evidence="ECO:0000255"	Lepidoptera (moths & butterflies) [TaxID: 7088]	8030224	10.1006/viro.1994.1380
P41475	reviewed	Y085_NPVAC	Uncharacterized 6.4 kDa protein in GP41-PNK intergenic region		Autographa californica nuclear polyhedrosis virus (AcMNPV)	53	SIGNAL 1..19; /evidence="ECO:0000255"	Lepidoptera (moths & butterflies) [TaxID: 7088]	8030224	10.1006/viro.1994.1380
P41675	reviewed	Y122_NPVAC	Uncharacterized 7.2 kDa protein in HE65-PK2 intergenic region		Autographa californica nuclear polyhedrosis virus (AcMNPV)	62	SIGNAL 1..19; /evidence="ECO:0000255"	Lepidoptera (moths & butterflies) [TaxID: 7088]	8030224	10.1006/viro.1994.1380
P42548	reviewed	YO13_BPL2	Uncharacterized 81.3 kDa protein (ORF13)		Acholeplasma phage L2 (Bacteriophage L2)	738	SIGNAL 1..27; /evidence="ECO:0000255"	Mycoplasma [TaxID: 2093]	8163159	10.1016/0378-1119(94)90120-1
P42549	reviewed	YO14_BPL2	Uncharacterized 26.1 kDa protein (ORF14)		Acholeplasma phage L2 (Bacteriophage L2)	238	SIGNAL 1..26; /evidence="ECO:0000255"	Mycoplasma [TaxID: 2093]	8163159	10.1016/0378-1119(94)90120-1
P68445	reviewed	PG192_VACCC	Protein OPG192	OPG192 B7R	Vaccinia virus (strain Copenhagen) (VACV)	182	SIGNAL 1..16; /evidence="ECO:0000255"	Homo sapiens (Human) [TaxID: 9606]	2219722	10.1016/0042-6822(90)90294-2
Q04704	reviewed	NS7B_CVCAK	Non-structural protein 7b (ns7b) (Accessory protein 7b)	7b	Canine coronavirus (strain K378) (CCoV) (Canine enteric coronavirus)	213	SIGNAL 1..15; /evidence="ECO:0000255"	Canis lupus familiaris (Dog) (Canis familiaris) [TaxID: 9615]	1329312	10.1016/0042-6822(92)90174-n
Q0E590	reviewed	Y011_SFAVA	Uncharacterized protein ORF11	ORF11	Spodoptera frugiperda ascovirus 1a (SfAV-1a)	252	SIGNAL 1..20; /evidence="ECO:0000255"	Spodoptera frugiperda (Fall armyworm) [TaxID: 7108]	16987980	10.1128/jvi.01639-06
Q0Q469	reviewed	NS8_BC279	Non-structural protein 8 (ns8) (Accessory protein 8)	8	Bat coronavirus 279/2005 (BtCoV) (BtCoV/279/2005)	121	SIGNAL 1..15; /evidence="ECO:0000255"	Rhinolophus macrotis (Big-eared horseshoe bat) [TaxID: 196889]	16840328	10.1128/jvi.00697-06
Q0Q4F1	reviewed	NS3A_BC133	Non-structural protein 3a (ns3a) (Accessory protein 3a)	3a	Bat coronavirus 133/2005 (BtCoV) (BtCoV/133/2005)	91	SIGNAL 1..19; /evidence="ECO:0000255"	Tylonycteris pachypus (Lesser bamboo bat) (Vespertilio pachypus) [TaxID: 258959]	16840328	10.1128/jvi.00697-06
Q196T8	reviewed	122R_IIV3	Uncharacterized protein 122R	IIV3-122R	Invertebrate iridescent virus 3 (IIV-3) (Mosquito iridescent virus)	67	SIGNAL 1..28; /evidence="ECO:0000255"	Aedes vexans (Inland floodwater mosquito) (Culex vexans) [TaxID: 7163]; Culex territans [TaxID: 42431]; Culiseta annulata [TaxID: 332058]; Ochlerotatus sollicitans (eastern saltmarsh mosquito) [TaxID: 310513]; Ochlerotatus taeniorhynchus (Black salt marsh mosquito) (Aedes taeniorhynchus) [TaxID: 329105]; Psorophora ferox [TaxID: 7183]	16912294	10.1128/jvi.00464-06
Q196U1	reviewed	119R_IIV3	Uncharacterized protein 119R	IIV3-119R	Invertebrate iridescent virus 3 (IIV-3) (Mosquito iridescent virus)	126	SIGNAL 1..28; /evidence="ECO:0000255"	Aedes vexans (Inland floodwater mosquito) (Culex vexans) [TaxID: 7163]; Culex territans [TaxID: 42431]; Culiseta annulata [TaxID: 332058]; Ochlerotatus sollicitans (eastern saltmarsh mosquito) [TaxID: 310513]; Ochlerotatus taeniorhynchus (Black salt marsh mosquito) (Aedes taeniorhynchus) [TaxID: 329105]; Psorophora ferox [TaxID: 7183]	16912294	10.1128/jvi.00464-06
Q196U6	reviewed	114L_IIV3	Uncharacterized protein 114L	IIV3-114L	Invertebrate iridescent virus 3 (IIV-3) (Mosquito iridescent virus)	145	SIGNAL 1..20; /evidence="ECO:0000255"	Aedes vexans (Inland floodwater mosquito) (Culex vexans) [TaxID: 7163]; Culex territans [TaxID: 42431]; Culiseta annulata [TaxID: 332058]; Ochlerotatus sollicitans (eastern saltmarsh mosquito) [TaxID: 310513]; Ochlerotatus taeniorhynchus (Black salt marsh mosquito) (Aedes taeniorhynchus) [TaxID: 329105]; Psorophora ferox [TaxID: 7183]	16912294	10.1128/jvi.00464-06
Q196V3	reviewed	VF117_IIV3	Uncharacterized protein 107R	IIV3-107R	Invertebrate iridescent virus 3 (IIV-3) (Mosquito iridescent virus)	262	SIGNAL 1..22; /evidence="ECO:0000255"	Aedes vexans (Inland floodwater mosquito) (Culex vexans) [TaxID: 7163]; Culex territans [TaxID: 42431]; Culiseta annulata [TaxID: 332058]; Ochlerotatus sollicitans (eastern saltmarsh mosquito) [TaxID: 310513]; Ochlerotatus taeniorhynchus (Black salt marsh mosquito) (Aedes taeniorhynchus) [TaxID: 329105]; Psorophora ferox [TaxID: 7183]	16912294	10.1128/jvi.00464-06
Q197A9	reviewed	VF213_IIV3	Uncharacterized protein 051L	IIV3-051L	Invertebrate iridescent virus 3 (IIV-3) (Mosquito iridescent virus)	282	SIGNAL 1..18; /evidence="ECO:0000255"	Aedes vexans (Inland floodwater mosquito) (Culex vexans) [TaxID: 7163]; Culex territans [TaxID: 42431]; Culiseta annulata [TaxID: 332058]; Ochlerotatus sollicitans (eastern saltmarsh mosquito) [TaxID: 310513]; Ochlerotatus taeniorhynchus (Black salt marsh mosquito) (Aedes taeniorhynchus) [TaxID: 329105]; Psorophora ferox [TaxID: 7183]	16912294	10.1128/jvi.00464-06
Q197B7	reviewed	VF010_IIV3	Uncharacterized protein 043R	IIV3-043R	Invertebrate iridescent virus 3 (IIV-3) (Mosquito iridescent virus)	64	SIGNAL 1..26; /evidence="ECO:0000255"	Aedes vexans (Inland floodwater mosquito) (Culex vexans) [TaxID: 7163]; Culex territans [TaxID: 42431]; Culiseta annulata [TaxID: 332058]; Ochlerotatus sollicitans (eastern saltmarsh mosquito) [TaxID: 310513]; Ochlerotatus taeniorhynchus (Black salt marsh mosquito) (Aedes taeniorhynchus) [TaxID: 329105]; Psorophora ferox [TaxID: 7183]	16912294	10.1128/jvi.00464-06
Q197D5	reviewed	025R_IIV3	Uncharacterized protein 025R	IIV3-025R	Invertebrate iridescent virus 3 (IIV-3) (Mosquito iridescent virus)	178	SIGNAL 1..23; /evidence="ECO:0000255"	Aedes vexans (Inland floodwater mosquito) (Culex vexans) [TaxID: 7163]; Culex territans [TaxID: 42431]; Culiseta annulata [TaxID: 332058]; Ochlerotatus sollicitans (eastern saltmarsh mosquito) [TaxID: 310513]; Ochlerotatus taeniorhynchus (Black salt marsh mosquito) (Aedes taeniorhynchus) [TaxID: 329105]; Psorophora ferox [TaxID: 7183]	16912294	10.1128/jvi.00464-06
Q197F5	reviewed	005L_IIV3	Uncharacterized protein 005L	IIV3-005L	Invertebrate iridescent virus 3 (IIV-3) (Mosquito iridescent virus)	217	SIGNAL 1..24; /evidence="ECO:0000255"	Aedes vexans (Inland floodwater mosquito) (Culex vexans) [TaxID: 7163]; Culex territans [TaxID: 42431]; Culiseta annulata [TaxID: 332058]; Ochlerotatus sollicitans (eastern saltmarsh mosquito) [TaxID: 310513]; Ochlerotatus taeniorhynchus (Black salt marsh mosquito) (Aedes taeniorhynchus) [TaxID: 329105]; Psorophora ferox [TaxID: 7183]	16912294	10.1128/jvi.00464-06
Q1KZ56	reviewed	P61_CILVC	Uncharacterized protein p61	p61	Citrus leprosis virus C (isolate Citrus sinesis/Brazil/Cordeiropolis/2003) (CiLV-C)	537	SIGNAL 1..15; /evidence="ECO:0000255"	Citrus sinensis (Sweet orange) (Citrus aurantium var. sinensis) [TaxID: 2711]	16894213	10.1099/vir.0.82038-0
Q25BH2	reviewed	Y023_HIS1I	Putative transmembrane protein ORF23	ORF23	His1 virus (isolate Australia/Victoria) (His1V) (Haloarcula hispanica virus 1)	148	SIGNAL 1..18; /evidence="ECO:0000255"	Haloarcula hispanica [TaxID: 51589]	16530800	10.1016/j.virol.2006.02.005
Q3I5I8	reviewed	NS8_BCRP3	Non-structural protein 8 (ns8) (Accessory protein 8)	8	Bat coronavirus Rp3/2004 (BtCoV/Rp3/2004) (SARS-like coronavirus Rp3)	121	SIGNAL 1..15; /evidence="ECO:0000255"	Rhinolophus ferrumequinum (Greater horseshoe bat) [TaxID: 59479]; Rhinolophus macrotis (Big-eared horseshoe bat) [TaxID: 196889]; Rhinolophus pearsonii [TaxID: 188571]; Rhinolophus sinicus (Chinese rufous horseshoe bat) [TaxID: 89399]	16195424	10.1126/science.1118391
Q3LZX5	reviewed	NS8_BCHK3	Non-structural protein 8 (ns8) (Accessory protein 8)	8	Bat coronavirus HKU3 (BtCoV) (SARS-like coronavirus HKU3)	121	SIGNAL 1..15; /evidence="ECO:0000255"	Rhinolophus sinicus (Chinese rufous horseshoe bat) [TaxID: 89399]	16169905	10.1073/pnas.0506735102
Q3V4Q5	reviewed	Y710_ATV	Putative transmembrane protein ORF710		Acidianus two-tailed virus (ATV)	710	SIGNAL 1..33; /evidence="ECO:0000255"	Acidianus convivator [TaxID: 269667]	16121167	10.1038/4361101a
Q3V4W1	reviewed	Y111_ATV	Uncharacterized protein ORF111		Acidianus two-tailed virus (ATV)	111	SIGNAL 1..18; /evidence="ECO:0000255"	Acidianus convivator [TaxID: 269667]	16121167	10.1038/4361101a
Q4ZJY9	reviewed	EG04B_MDBVW	Probable protease inhibitor Egf0.4b	O11	Microplitis demolitor bracovirus (isolate Webb) (MdBV)	103	SIGNAL 1..22; /evidence="ECO:0000255"	Microplitis demolitor (Parasitoid wasp) [TaxID: 69319]	16380146	10.1016/j.virol.2005.11.010
Q4ZJZ2	reviewed	EG04A_MDBVW	Probable protease inhibitor Egf0.4a	O4	Microplitis demolitor bracovirus (isolate Webb) (MdBV)	103	SIGNAL 1..22; /evidence="ECO:0000255"	Microplitis demolitor (Parasitoid wasp) [TaxID: 69319]	16380146	10.1016/j.virol.2005.11.010
Q573C6	reviewed	Y286A_AFV2P	Uncharacterized protein ORF286a	ORF286a	Acidianus filamentous virus 2 (isolate Italy/Pozzuoli) (AFV-2)	286	SIGNAL 1..19; /evidence="ECO:0000255"	Acidianus sp. F28 [TaxID: 315458]	15901711	10.1128/jb.187.11.3855-3858.2005
Q5UNX0	reviewed	YL717_MIMIV	Uncharacterized protein L717	MIMI_L717	Acanthamoeba polyphaga mimivirus (APMV)	206	SIGNAL 1..18; /evidence="ECO:0000255"	Acanthamoeba polyphaga (Amoeba) [TaxID: 5757]	15486256	10.1126/science.1101485
Q5UNY7	reviewed	YL737_MIMIV	Uncharacterized protein L737	MIMI_L737	Acanthamoeba polyphaga mimivirus (APMV)	248	SIGNAL 1..26; /evidence="ECO:0000255"	Acanthamoeba polyphaga (Amoeba) [TaxID: 5757]	15486256	10.1126/science.1101485
Q5UP33	reviewed	YR827_MIMIV	Uncharacterized protein R827	MIMI_R827	Acanthamoeba polyphaga mimivirus (APMV)	297	SIGNAL 1..23; /evidence="ECO:0000255"	Acanthamoeba polyphaga (Amoeba) [TaxID: 5757]	15486256	10.1126/science.1101485
Q5UPJ1	reviewed	YR118_MIMIV	Uncharacterized protein R118	MIMI_R118	Acanthamoeba polyphaga mimivirus (APMV)	356	SIGNAL 1..21; /evidence="ECO:0000255"	Acanthamoeba polyphaga (Amoeba) [TaxID: 5757]	15486256	10.1126/science.1101485
Q5UPR5	reviewed	YL775_MIMIV	Putative PAN domain-containing protein L775	MIMI_L775	Acanthamoeba polyphaga mimivirus (APMV)	203	SIGNAL 1..24; /evidence="ECO:0000255"	Acanthamoeba polyphaga (Amoeba) [TaxID: 5757]	15486256	10.1126/science.1101485
Q5UPU8	reviewed	YL274_MIMIV	Uncharacterized protein L274	MIMI_L274	Acanthamoeba polyphaga mimivirus (APMV)	212	SIGNAL 1..20; /evidence="ECO:0000255"	Acanthamoeba polyphaga (Amoeba) [TaxID: 5757]	15486256; 16971431	10.1126/science.1101485; 10.1128/jvi.00940-06
Q5UQ37	reviewed	YL798_MIMIV	Uncharacterized protein L798	MIMI_L798	Acanthamoeba polyphaga mimivirus (APMV)	261	SIGNAL 1..20; /evidence="ECO:0000255"	Acanthamoeba polyphaga (Amoeba) [TaxID: 5757]	15486256	10.1126/science.1101485
Q5UQE3	reviewed	YR473_MIMIV	Uncharacterized protein R473	MIMI_R473	Acanthamoeba polyphaga mimivirus (APMV)	255	SIGNAL 1..22; /evidence="ECO:0000255"	Acanthamoeba polyphaga (Amoeba) [TaxID: 5757]	15486256	10.1126/science.1101485
Q5UQF7	reviewed	YR489_MIMIV	Uncharacterized protein R489	MIMI_R489	Acanthamoeba polyphaga mimivirus (APMV)	221	SIGNAL 1..30; /evidence="ECO:0000255"	Acanthamoeba polyphaga (Amoeba) [TaxID: 5757]	15486256; 16971431	10.1126/science.1101485; 10.1128/jvi.00940-06
Q5UQR6	reviewed	YR325_MIMIV	Uncharacterized protein R325	MIMI_R325	Acanthamoeba polyphaga mimivirus (APMV)	197	SIGNAL 1..30; /evidence="ECO:0000255"	Acanthamoeba polyphaga (Amoeba) [TaxID: 5757]	15486256	10.1126/science.1101485
Q5UQX7	reviewed	YL881_MIMIV	Uncharacterized protein L881	MIMI_L881	Acanthamoeba polyphaga mimivirus (APMV)	195	SIGNAL 1..16; /evidence="ECO:0000255"	Acanthamoeba polyphaga (Amoeba) [TaxID: 5757]	15486256	10.1126/science.1101485
Q5UR11	reviewed	YL142_MIMIV	Uncharacterized protein L142	MIMI_L142	Acanthamoeba polyphaga mimivirus (APMV)	490	SIGNAL 1..19; /evidence="ECO:0000255"	Acanthamoeba polyphaga (Amoeba) [TaxID: 5757]	15486256	10.1126/science.1101485
Q5UR19	reviewed	YR656_MIMIV	Uncharacterized protein R656	MIMI_R656	Acanthamoeba polyphaga mimivirus (APMV)	492	SIGNAL 1..22; /evidence="ECO:0000255"	Acanthamoeba polyphaga (Amoeba) [TaxID: 5757]	15486256	10.1126/science.1101485
Q5UR42	reviewed	YR564_MIMIV	Uncharacterized protein R564	MIMI_R564	Acanthamoeba polyphaga mimivirus (APMV)	137	SIGNAL 1..19; /evidence="ECO:0000255"	Acanthamoeba polyphaga (Amoeba) [TaxID: 5757]	15486256	10.1126/science.1101485
Q64747	reviewed	YO3_ADEG1	Uncharacterized protein ORF3	3	Fowl adenovirus A serotype 1 (strain CELO / Phelps) (FAdV-1) (Avian adenovirus gal1 (strain Phelps))	104	SIGNAL 1..18; /evidence="ECO:0000255"	Galliformes [TaxID: 8976]	8627769	10.1128/jvi.70.5.2939-2949.1996
Q65149	reviewed	VF152_ASFB7	Uncharacterized protein EP152R (pEP152R)	Ba71V-056 EP152R	African swine fever virus (strain Badajoz 1971 Vero-adapted) (Ba71V) (ASFV)	152	SIGNAL 1..23; /evidence="ECO:0000255"	Ornithodoros (relapsing fever ticks) [TaxID: 6937]; Sus scrofa (Pig) [TaxID: 9823]	11831707; 30185597	10.1006/viro.1995.1149; 10.1128/jvi.01293-18
Q65YU5	reviewed	VP11_MYRV9	Uncharacterized protein VP11	S11	Cryphonectria parasitica mycoreovirus 1 (strain 9B21) (CpMYRV-1)	101	SIGNAL 1..23; /evidence="ECO:0000255"	Cryphonectria parasitica (Chestnut blight fungus) (Endothia parasitica) [TaxID: 5116]	15483262	10.1099/vir.0.80293-0
Q66607	reviewed	VGE2_EHV2	Uncharacterized gene E2 protein	E2	Equine herpesvirus 2 (strain 86/87) (EHV-2)	307	SIGNAL 1..18; /evidence="ECO:0000255"	Equus caballus (Horse) [TaxID: 9796]	7783207	10.1006/jmbi.1995.0314
Q66618	reviewed	VG12_EHV2	Protein E6A	12	Equine herpesvirus 2 (strain 86/87) (EHV-2)	115	SIGNAL 1..25; /evidence="ECO:0000255"	Equus caballus (Horse) [TaxID: 9796]	7783207	10.1006/jmbi.1995.0314
Q69577	reviewed	RJ1_HHV6U	Protein RJ1 (Protein LT1)	RJ1; LT1	Human herpesvirus 6A (strain Uganda-1102) (HHV-6 variant A) (Human B lymphotropic virus)	143	SIGNAL 1..26; /evidence="ECO:0000255"	Homo sapiens (Human) [TaxID: 9606]	7747482; 10482554	10.1006/viro.1995.1228; 10.1128/jvi.73.10.8053-8063.1999
Q6GZT6	reviewed	040R_FRG3G	Uncharacterized protein 040R	FV3-040R	Frog virus 3 (isolate Goorha) (FV-3)	182	SIGNAL 1..26; /evidence="ECO:0000255"	Dryophytes versicolor (chameleon treefrog) [TaxID: 30343]; Lithobates pipiens (Northern leopard frog) (Rana pipiens) [TaxID: 8404]; Lithobates sylvaticus (Wood frog) (Rana sylvatica) [TaxID: 45438]; Notophthalmus viridescens (Eastern newt) (Triturus viridescens) [TaxID: 8316]	15165820	10.1016/j.virol.2004.02.019
Q6GZV1	reviewed	024R_FRG3G	Uncharacterized protein 024R	FV3-024R	Frog virus 3 (isolate Goorha) (FV-3)	365	SIGNAL 1..21; /evidence="ECO:0000255"	Dryophytes versicolor (chameleon treefrog) [TaxID: 30343]; Lithobates pipiens (Northern leopard frog) (Rana pipiens) [TaxID: 8404]; Lithobates sylvaticus (Wood frog) (Rana sylvatica) [TaxID: 45438]; Notophthalmus viridescens (Eastern newt) (Triturus viridescens) [TaxID: 8316]	15165820	10.1016/j.virol.2004.02.019
Q6GZV7	reviewed	018L_FRG3G	Uncharacterized protein 018L	FV3-018L	Frog virus 3 (isolate Goorha) (FV-3)	78	SIGNAL 1..27; /evidence="ECO:0000255"	Dryophytes versicolor (chameleon treefrog) [TaxID: 30343]; Lithobates pipiens (Northern leopard frog) (Rana pipiens) [TaxID: 8404]; Lithobates sylvaticus (Wood frog) (Rana sylvatica) [TaxID: 45438]; Notophthalmus viridescens (Eastern newt) (Triturus viridescens) [TaxID: 8316]	15165820	10.1016/j.virol.2004.02.019
Q6GZX2	reviewed	003R_FRG3G	Uncharacterized protein 3R	FV3-003R	Frog virus 3 (isolate Goorha) (FV-3)	438	SIGNAL 1..32; /evidence="ECO:0000255"	Dryophytes versicolor (chameleon treefrog) [TaxID: 30343]; Lithobates pipiens (Northern leopard frog) (Rana pipiens) [TaxID: 8404]; Lithobates sylvaticus (Wood frog) (Rana sylvatica) [TaxID: 45438]; Notophthalmus viridescens (Eastern newt) (Triturus viridescens) [TaxID: 8316]	15165820	10.1016/j.virol.2004.02.019
Q6R799	reviewed	Y120_OSHVF	Uncharacterized protein ORF120	ORF120	Ostreid herpesvirus 1 (isolate France) (OsHV-1) (Pacific oyster herpesvirus)	76	SIGNAL 1..15; /evidence="ECO:0000255"	Magallana gigas (Pacific oyster) (Crassostrea gigas) [TaxID: 29159]; Pecten maximus (King scallop) (Pilgrim's clam) [TaxID: 6579]	15604430	10.1099/vir.0.80382-0
Q6R7E6	reviewed	Y083_OSHVF	Uncharacterized protein ORF83	ORF83	Ostreid herpesvirus 1 (isolate France) (OsHV-1) (Pacific oyster herpesvirus)	368	SIGNAL 1..19; /evidence="ECO:0000255"	Magallana gigas (Pacific oyster) (Crassostrea gigas) [TaxID: 29159]; Pecten maximus (King scallop) (Pilgrim's clam) [TaxID: 6579]	15604430	10.1099/vir.0.80382-0
Q6R7F2	reviewed	Y077_OSHVF	Uncharacterized protein ORF77	ORF77	Ostreid herpesvirus 1 (isolate France) (OsHV-1) (Pacific oyster herpesvirus)	1264	SIGNAL 1..18; /evidence="ECO:0000255"	Magallana gigas (Pacific oyster) (Crassostrea gigas) [TaxID: 29159]; Pecten maximus (King scallop) (Pilgrim's clam) [TaxID: 6579]	15604430	10.1099/vir.0.80382-0
Q6R7F5	reviewed	Y074_OSHVF	Uncharacterized protein ORF74	ORF74	Ostreid herpesvirus 1 (isolate France) (OsHV-1) (Pacific oyster herpesvirus)	118	SIGNAL 1..18; /evidence="ECO:0000255"	Magallana gigas (Pacific oyster) (Crassostrea gigas) [TaxID: 29159]; Pecten maximus (King scallop) (Pilgrim's clam) [TaxID: 6579]	15604430	10.1099/vir.0.80382-0
Q6R7I5	reviewed	Y039_OSHVF	Uncharacterized protein ORF39	ORF39	Ostreid herpesvirus 1 (isolate France) (OsHV-1) (Pacific oyster herpesvirus)	194	SIGNAL 1..20; /evidence="ECO:0000255"	Magallana gigas (Pacific oyster) (Crassostrea gigas) [TaxID: 29159]; Pecten maximus (King scallop) (Pilgrim's clam) [TaxID: 6579]	15604430	10.1099/vir.0.80382-0
Q6R7K8	reviewed	Y015_OSHVF	Uncharacterized protein ORF15	ORF15	Ostreid herpesvirus 1 (isolate France) (OsHV-1) (Pacific oyster herpesvirus)	214	SIGNAL 1..18; /evidence="ECO:0000255"	Magallana gigas (Pacific oyster) (Crassostrea gigas) [TaxID: 29159]; Pecten maximus (King scallop) (Pilgrim's clam) [TaxID: 6579]	15604430	10.1099/vir.0.80382-0
Q6R7L0	reviewed	Y013_OSHVF	Uncharacterized protein ORF13	ORF13	Ostreid herpesvirus 1 (isolate France) (OsHV-1) (Pacific oyster herpesvirus)	105	SIGNAL 1..19; /evidence="ECO:0000255"	Magallana gigas (Pacific oyster) (Crassostrea gigas) [TaxID: 29159]; Pecten maximus (King scallop) (Pilgrim's clam) [TaxID: 6579]	15604430	10.1099/vir.0.80382-0
Q6SW05	reviewed	UL150_HCMVM	Uncharacterized protein UL150	UL150	Human cytomegalovirus (strain Merlin) (HHV-5) (Human herpesvirus 5)	639	SIGNAL 1..16; /evidence="ECO:0000255"	Homo sapiens (Human) [TaxID: 9606]	15105547	10.1099/vir.0.79888-0
Q6UDF7	reviewed	ORF2_PSHV1	Uncharacterized protein sORF2	sORF2	Psittacid herpesvirus 1 (isolate Amazon parrot/-/97-0001/1997) (PsHV-1) (Pacheco's disease virus)	991	SIGNAL 1..17; /evidence="ECO:0000255"	Amazona oratrix (yellow-headed parrot) [TaxID: 152276]	16873243	10.1128/jvi.00134-06
Q77MT6	reviewed	VG01_GAHVM	Uncharacterized gene 1 protein	MDV001 MDV080	Gallid herpesvirus 2 (strain Chicken/Md5/ATCC VR-987) (GaHV-2) (Marek's disease herpesvirus type 1)	219	SIGNAL 1..26; /evidence="ECO:0000255"	Gallus gallus (Chicken) [TaxID: 9031]	10933706	10.1128/jvi.74.17.7980-7988.2000
Q7T6S6	reviewed	NS7B_CVCBG	Non-structural protein 7b (ns7b) (Accessory protein 7b)	7b	Canine coronavirus (strain BGF10) (CCoV) (Canine enteric coronavirus)	213	SIGNAL 1..15; /evidence="ECO:0000255"	Canis lupus familiaris (Dog) (Canis familiaris) [TaxID: 9615]	15177889	10.1016/j.virusres.2004.02.038
Q7TFA0	reviewed	NS8A_SARS	ORF8a protein (Accessory protein 8a) (Protein non-structural 8a) (ns8a)	8a	Severe acute respiratory syndrome coronavirus (SARS-CoV)	39	SIGNAL 1..15; /evidence="ECO:0000255"	Homo sapiens (Human) [TaxID: 9606]; Paguma larvata (Masked palm civet) [TaxID: 9675]	12730500; 12730501; 12917450	10.1126/science.1085952; 10.1126/science.1085953; 10.1099/vir.0.19424-0
Q89660	reviewed	DR3_HHV6U	Uncharacterized protein DR3	DR3L; DR3R	Human herpesvirus 6A (strain Uganda-1102) (HHV-6 variant A) (Human B lymphotropic virus)	192	SIGNAL 1..24; /evidence="ECO:0000255"	Homo sapiens (Human) [TaxID: 9606]	7747482	10.1006/viro.1995.1228
Q89863	reviewed	U78_HHV6U	Uncharacterized protein U78	U78 EDLF5	Human herpesvirus 6A (strain Uganda-1102) (HHV-6 variant A) (Human B lymphotropic virus)	109	SIGNAL 1..28; /evidence="ECO:0000255"	Homo sapiens (Human) [TaxID: 9606]	7941342	10.1006/viro.1994.1589
Q914H6	reviewed	Y056_SIFVH	Uncharacterized protein 56	SIFV0056	Sulfolobus islandicus filamentous virus (isolate Iceland/Hveragerdi) (SIFV)	591	SIGNAL 1..24; /evidence="ECO:0000255"	Saccharolobus islandicus (Sulfolobus islandicus) [TaxID: 43080]	10662621	10.1006/viro.1999.0105
Q914J3	reviewed	Y037_SIFVH	Uncharacterized protein 37	SIFV0037	Sulfolobus islandicus filamentous virus (isolate Iceland/Hveragerdi) (SIFV)	89	SIGNAL 1..19; /evidence="ECO:0000255"	Saccharolobus islandicus (Sulfolobus islandicus) [TaxID: 43080]	10662621	10.1006/viro.1999.0105
Q91F69	reviewed	457L_IIV6	Uncharacterized protein 457L	IIV6-457L	Invertebrate iridescent virus 6 (IIV-6) (Chilo iridescent virus)	294	SIGNAL 1..16; /evidence="ECO:0000255"	Acheta domesticus (House cricket) [TaxID: 6997]; Chilo suppressalis (Asiatic rice borer moth) [TaxID: 168631]; Gryllus bimaculatus (Two-spotted cricket) [TaxID: 6999]; Gryllus campestris [TaxID: 58607]; Spodoptera frugiperda (Fall armyworm) [TaxID: 7108]	11448171; 17239238	10.1006/viro.2001.0963; 10.1186/1743-422x-4-11
Q91FC5	reviewed	400R_IIV6	Uncharacterized protein 400R	IIV6-400R	Invertebrate iridescent virus 6 (IIV-6) (Chilo iridescent virus)	43	SIGNAL 1..16; /evidence="ECO:0000255"	Acheta domesticus (House cricket) [TaxID: 6997]; Chilo suppressalis (Asiatic rice borer moth) [TaxID: 168631]; Gryllus bimaculatus (Two-spotted cricket) [TaxID: 6999]; Gryllus campestris [TaxID: 58607]; Spodoptera frugiperda (Fall armyworm) [TaxID: 7108]	11448171; 17239238	10.1006/viro.2001.0963; 10.1186/1743-422x-4-11
Q91FF6	reviewed	368R_IIV6	Uncharacterized protein 368R	IIV6-368R	Invertebrate iridescent virus 6 (IIV-6) (Chilo iridescent virus)	93	SIGNAL 1..22; /evidence="ECO:0000255"	Acheta domesticus (House cricket) [TaxID: 6997]; Chilo suppressalis (Asiatic rice borer moth) [TaxID: 168631]; Gryllus bimaculatus (Two-spotted cricket) [TaxID: 6999]; Gryllus campestris [TaxID: 58607]; Spodoptera frugiperda (Fall armyworm) [TaxID: 7108]	11448171; 17239238	10.1006/viro.2001.0963; 10.1186/1743-422x-4-11
Q91FG7	reviewed	VF357_IIV6	Uncharacterized protein 357R	IIV6-357R	Invertebrate iridescent virus 6 (IIV-6) (Chilo iridescent virus)	164	SIGNAL 1..18; /evidence="ECO:0000255"	Acheta domesticus (House cricket) [TaxID: 6997]; Chilo suppressalis (Asiatic rice borer moth) [TaxID: 168631]; Gryllus bimaculatus (Two-spotted cricket) [TaxID: 6999]; Gryllus campestris [TaxID: 58607]; Spodoptera frugiperda (Fall armyworm) [TaxID: 7108]	11448171; 17239238	10.1006/viro.2001.0963; 10.1186/1743-422x-4-11
Q91FL2	reviewed	312R_IIV6	Uncharacterized protein 312R	IIV6-312R	Invertebrate iridescent virus 6 (IIV-6) (Chilo iridescent virus)	92	SIGNAL 1..23; /evidence="ECO:0000255"	Acheta domesticus (House cricket) [TaxID: 6997]; Chilo suppressalis (Asiatic rice borer moth) [TaxID: 168631]; Gryllus bimaculatus (Two-spotted cricket) [TaxID: 6999]; Gryllus campestris [TaxID: 58607]; Spodoptera frugiperda (Fall armyworm) [TaxID: 7108]	11448171; 17239238	10.1006/viro.2001.0963; 10.1186/1743-422x-4-11
Q91FL6	reviewed	308L_IIV6	Uncharacterized protein 308L	IIV6-308L	Invertebrate iridescent virus 6 (IIV-6) (Chilo iridescent virus)	73	SIGNAL 1..23; /evidence="ECO:0000255"	Acheta domesticus (House cricket) [TaxID: 6997]; Chilo suppressalis (Asiatic rice borer moth) [TaxID: 168631]; Gryllus bimaculatus (Two-spotted cricket) [TaxID: 6999]; Gryllus campestris [TaxID: 58607]; Spodoptera frugiperda (Fall armyworm) [TaxID: 7108]	11448171; 17239238	10.1006/viro.2001.0963; 10.1186/1743-422x-4-11
Q91FS3	reviewed	249R_IIV6	Uncharacterized protein 249R	IIV6-249R	Invertebrate iridescent virus 6 (IIV-6) (Chilo iridescent virus)	54	SIGNAL 1..23; /evidence="ECO:0000255"	Acheta domesticus (House cricket) [TaxID: 6997]; Chilo suppressalis (Asiatic rice borer moth) [TaxID: 168631]; Gryllus bimaculatus (Two-spotted cricket) [TaxID: 6999]; Gryllus campestris [TaxID: 58607]; Spodoptera frugiperda (Fall armyworm) [TaxID: 7108]	11448171; 17239238	10.1006/viro.2001.0963; 10.1186/1743-422x-4-11
Q91FV5	reviewed	216R_IIV6	Uncharacterized protein 216R	IIV6-216R	Invertebrate iridescent virus 6 (IIV-6) (Chilo iridescent virus)	160	SIGNAL 1..25; /evidence="ECO:0000255"	Acheta domesticus (House cricket) [TaxID: 6997]; Chilo suppressalis (Asiatic rice borer moth) [TaxID: 168631]; Gryllus bimaculatus (Two-spotted cricket) [TaxID: 6999]; Gryllus campestris [TaxID: 58607]; Spodoptera frugiperda (Fall armyworm) [TaxID: 7108]	11448171; 17239238	10.1006/viro.2001.0963; 10.1186/1743-422x-4-11
Q91G85	reviewed	009R_IIV6	Uncharacterized protein 009R	IIV6-009R	Invertebrate iridescent virus 6 (IIV-6) (Chilo iridescent virus)	85	SIGNAL 1..20; /evidence="ECO:0000255"	Acheta domesticus (House cricket) [TaxID: 6997]; Chilo suppressalis (Asiatic rice borer moth) [TaxID: 168631]; Gryllus bimaculatus (Two-spotted cricket) [TaxID: 6999]; Gryllus campestris [TaxID: 58607]; Spodoptera frugiperda (Fall armyworm) [TaxID: 7108]	11448171; 17239238	10.1006/viro.2001.0963; 10.1186/1743-422x-4-11
Q9PX32	reviewed	DR3_HHV6Z	Uncharacterized protein DR3	DR3	Human herpesvirus 6B (strain Z29) (HHV-6 variant B) (Human B lymphotropic virus)	200	SIGNAL 1..24; /evidence="ECO:0000255"	Homo sapiens (Human) [TaxID: 9606]	10482553	10.1128/jvi.73.10.8040-8052.1999
Q9QJ10	reviewed	B9_HHV6Z	Protein B9	B9	Human herpesvirus 6B (strain Z29) (HHV-6 variant B) (Human B lymphotropic virus)	106	SIGNAL 1..18; /evidence="ECO:0000255"	Homo sapiens (Human) [TaxID: 9606]	10482553	10.1128/jvi.73.10.8040-8052.1999
Q9QJ29	reviewed	VU54_HHV6Z	Protein U54	U54	Human herpesvirus 6B (strain Z29) (HHV-6 variant B) (Human B lymphotropic virus)	459	SIGNAL 1..20; /evidence="ECO:0000255"	Homo sapiens (Human) [TaxID: 9606]	10482553	10.1128/jvi.73.10.8040-8052.1999
Q9QJ43	reviewed	U23_HHV6Z	Protein U23	U23	Human herpesvirus 6B (strain Z29) (HHV-6 variant B) (Human B lymphotropic virus)	299	SIGNAL 1..27; /evidence="ECO:0000255"	Homo sapiens (Human) [TaxID: 9606]	10482553	10.1128/jvi.73.10.8040-8052.1999
Q9QJ57	reviewed	VU2_HHV6Z	Protein U2	U2	Human herpesvirus 6B (strain Z29) (HHV-6 variant B) (Human B lymphotropic virus)	363	SIGNAL 1..18; /evidence="ECO:0000255"	Homo sapiens (Human) [TaxID: 9606]	10482553	10.1128/jvi.73.10.8040-8052.1999
